zone,systematic_id,log2_ratio,sd_log2,n_samples
duodenum,YAL001C,0.6265,0.1871,4
duodenum,YAL002W,-0.228,0.2861,4
duodenum,YAL003W,-0.2318,0.3414,4
duodenum,YAL004W,-0.046,0.113,4
duodenum,YAL005C,-0.0725,0.1025,4
duodenum,YAL007C,-0.2578,0.1895,4
duodenum,YAL008W,0.5085,0.2744,4
duodenum,YAL009W,-0.0634,0.3421,4
duodenum,YAL010C,0.411,0.9317,4
duodenum,YAL011W,-0.4632,0.1932,4
duodenum,YAL012W,-0.3877,0.4336,4
duodenum,YAL013W,0.109,0.2033,4
duodenum,YAL014C,0.3397,0.2607,4
duodenum,YAL015C,0.2417,0.1183,4
duodenum,YAL016W,0.5435,0.1436,4
duodenum,YAL017W,0.4714,0.2468,4
duodenum,YAL018C,-0.4412,0.6853,4
duodenum,YAL019W,-0.2211,0.657,4
duodenum,YAL020C,-0.0177,0.2711,4
duodenum,YAL021C,-0.2349,0.1,4
duodenum,YAL022C,0.0757,0.3201,4
duodenum,YAL023C,-0.5714,0.2014,4
duodenum,YAL024C,-0.2686,0.361,4
duodenum,YAL025C,-1.8868,0.9763,4
duodenum,YAL026C,-0.2603,0.1949,4
duodenum,YAL027W,-0.1215,0.1544,4
duodenum,YAL028W,0.49,0.181,4
duodenum,YAL029C,0.2153,1.1862,4
duodenum,YAL030W,0.5903,0.1,4
duodenum,YAL031C,-0.1898,0.101,4
duodenum,YAL032C,-0.2263,0.2897,4
duodenum,YAL033W,-0.7194,0.1757,4
duodenum,YAL034C,1.4905,0.4846,4
duodenum,YAL034W-A,-1.662,0.25,4
duodenum,YAL035C-A,-0.2235,0.7304,4
duodenum,YAL035W,-1.1643,0.4813,4
duodenum,YAL036C,-1.5453,0.5312,4
duodenum,YAL037W,-0.521,0.2539,4
duodenum,YAL038W,0.249,0.1065,4
duodenum,YAL039C,0.0838,0.2535,4
duodenum,YAL040C,-0.0695,0.2289,4
duodenum,YAL041W,-0.0092,0.2007,4
duodenum,YAL042W,-0.3093,0.172,4
duodenum,YAL043C,-0.3888,0.2019,4
duodenum,YAL043C-A,-0.6025,0.2903,4
duodenum,YAL044C,1.115,0.2689,4
duodenum,YAL045C,0.0772,0.1771,4
duodenum,YAL046C,0.0563,0.2097,4
duodenum,YAL047C,-0.751,0.7688,4
duodenum,YAL048C,0.1422,0.214,4
duodenum,YAL049C,0.8695,0.1337,4
duodenum,YAL051W,-0.7245,1.3822,4
duodenum,YAL053W,0.0149,0.3369,4
duodenum,YAL054C,0.5413,0.343,4
duodenum,YAL055W,0.5065,0.1001,4
duodenum,YAL056W,0.0911,0.2,4
duodenum,YAL058C-A,0.7877,0.7295,4
duodenum,YAL058W,0.1684,0.6467,4
duodenum,YAL059W,-1.4935,0.2663,4
duodenum,YAL060W,2.5705,0.6172,4
duodenum,YAL061W,2.46,0.7462,4
duodenum,YAL062W,0.6125,0.1453,4
duodenum,YAL063C,0.1379,0.2435,4
duodenum,YAL064C-A,-0.4128,0.3988,4
duodenum,YAL064W,-0.536,0.1226,4
duodenum,YAL064W-B,0.0142,0.3182,4
duodenum,YAL065C,0.1832,0.1,4
duodenum,YAL066W,-0.6795,0.185,4
duodenum,YAL067C,-0.0062,0.5761,4
duodenum,YAL068C,-0.1207,0.1639,4
duodenum,YAL069W,-0.2407,0.2258,4
duodenum,YAR002C-A,-0.4277,0.2951,4
duodenum,YAR002W,-0.32,0.2725,4
duodenum,YAR003W,-0.406,0.1403,4
duodenum,YAR007C,0.2223,0.1639,4
duodenum,YAR008W,-0.8307,0.1918,4
duodenum,YAR009C,0.0224,0.1508,4
duodenum,YAR010C,-0.0455,0.5902,4
duodenum,YAR014C,-0.0878,0.2991,4
duodenum,YAR015W,-0.7158,0.1098,4
duodenum,YAR018C,-0.5813,0.1887,4
duodenum,YAR019C,0.0889,0.313,4
duodenum,YAR020C,-0.5215,1.1591,4
duodenum,YAR023C,0.277,0.1901,4
duodenum,YAR027W,1.0797,0.4703,4
duodenum,YAR028W,0.2228,0.2474,4
duodenum,YAR029W,-0.1547,0.3906,4
duodenum,YAR030C,-0.343,0.6976,4
duodenum,YAR031W,0.0927,0.965,4
duodenum,YAR033W,0.1665,0.1463,4
duodenum,YAR035W,-0.0776,0.261,4
duodenum,YAR037W,-0.6093,0.368,4
duodenum,YAR040C,0.3045,0.3447,4
duodenum,YAR042W,0.5677,0.4331,4
duodenum,YAR043C,0.543,0.2421,4
duodenum,YAR044W,0.0581,0.2012,4
duodenum,YAR047C,-0.0712,0.2641,4
duodenum,YAR050W,-0.2529,0.2546,4
duodenum,YAR052C,0.2455,0.1539,4
duodenum,YAR053W,-0.285,0.1387,4
duodenum,YAR060C,0.2248,0.2787,4
duodenum,YAR061W,-0.3452,0.1878,4
duodenum,YAR062W,0.0523,0.1906,4
duodenum,YAR064W,-0.5703,0.2284,4
duodenum,YAR066W,-0.5457,1.3999,4
duodenum,YAR068W,0.3815,0.4037,4
duodenum,YAR069C,-0.7458,0.2774,4
duodenum,YAR070C,-0.6447,0.3462,4
duodenum,YAR071W,-3.0903,1.4639,4
duodenum,YAR073W,-1.4752,0.7135,4
duodenum,YAR074C,-1.8687,0.767,4
duodenum,YAR075W,-2.1227,0.9835,4
duodenum,YBL001C,0.7475,0.4331,4
duodenum,YBL002W,-0.7143,0.1764,4
duodenum,YBL003C,-1.0382,0.4688,4
duodenum,YBL004W,0.1528,1.3508,4
duodenum,YBL005W,0.7583,0.3821,4
duodenum,YBL005W-A,0.248,0.2392,4
duodenum,YBL005W-B,0.4253,0.2592,4
duodenum,YBL006C,0.1677,0.1,4
duodenum,YBL007C,0.8782,0.2152,4
duodenum,YBL008W,-0.2615,0.3865,4
duodenum,YBL009W,-0.9655,0.2651,4
duodenum,YBL010C,-0.249,0.1,4
duodenum,YBL011W,0.1477,0.1547,4
duodenum,YBL012C,-0.1237,0.1261,4
duodenum,YBL013W,0.1725,0.3395,4
duodenum,YBL014C,-0.8972,0.1,4
duodenum,YBL015W,1.5455,0.6163,4
duodenum,YBL016W,-0.4435,0.1735,4
duodenum,YBL017C,-0.0854,0.134,4
duodenum,YBL018C,-1.261,0.1842,4
duodenum,YBL019W,0.585,0.2877,4
duodenum,YBL020W,-0.7372,0.1915,4
duodenum,YBL021C,0.285,0.3229,4
duodenum,YBL022C,0.8841,0.2262,4
duodenum,YBL023C,0.2018,0.1442,4
duodenum,YBL024W,-2.0343,0.8576,4
duodenum,YBL025W,0.018,0.1812,4
duodenum,YBL026W,-0.6302,0.438,4
duodenum,YBL027W,-2.2477,1.287,4
duodenum,YBL028C,-2.9707,0.916,4
duodenum,YBL029W,0.1935,0.1682,4
duodenum,YBL030C,0.9673,0.1708,4
duodenum,YBL031W,-0.228,0.1591,4
duodenum,YBL032W,-0.5842,0.2035,4
duodenum,YBL033C,-0.1816,0.1551,4
duodenum,YBL034C,-0.4507,0.3023,4
duodenum,YBL035C,-1.0112,0.3593,4
duodenum,YBL036C,-0.0785,0.1574,4
duodenum,YBL037W,0.2752,0.4389,4
duodenum,YBL038W,0.3745,0.2165,4
duodenum,YBL039C,-3.8115,0.8165,4
duodenum,YBL040C,0.7367,0.1991,4
duodenum,YBL041W,1.084,0.1352,4
duodenum,YBL042C,-1.9477,0.7853,4
duodenum,YBL043W,-0.1268,0.4046,4
duodenum,YBL044W,-0.835,0.2843,4
duodenum,YBL045C,1.4015,0.3815,4
duodenum,YBL046W,-0.2395,0.3129,4
duodenum,YBL047C,0.8835,0.1575,4
duodenum,YBL048W,-0.1467,0.1951,4
duodenum,YBL049W,0.6517,0.2389,4
duodenum,YBL050W,0.7923,0.1515,4
duodenum,YBL051C,0.2367,0.1004,4
duodenum,YBL052C,-1.0072,0.3071,4
duodenum,YBL053W,-0.6587,0.1877,4
duodenum,YBL054W,-2.8782,0.3266,4
duodenum,YBL055C,-0.474,0.3067,4
duodenum,YBL056W,0.4382,0.3947,4
duodenum,YBL057C,0.1822,0.2324,4
duodenum,YBL058W,0.6345,0.6001,4
duodenum,YBL059W,0.0882,0.3694,4
duodenum,YBL060W,-0.1925,0.488,4
duodenum,YBL061C,-0.118,0.1533,4
duodenum,YBL062W,-0.3453,0.5027,4
duodenum,YBL063W,-0.0824,0.2594,4
duodenum,YBL064C,3.7525,0.8847,4
duodenum,YBL065W,-0.3445,0.3606,4
duodenum,YBL066C,0.1775,0.2824,4
duodenum,YBL067C,-0.2515,0.207,4
duodenum,YBL068W,-1.3895,0.6946,4
duodenum,YBL069W,-0.4922,0.2472,4
duodenum,YBL070C,-0.569,0.5085,4
duodenum,YBL071C,-0.7286,0.1507,4
duodenum,YBL072C,-2.07,1.4525,4
duodenum,YBL073W,0.2755,0.1822,4
duodenum,YBL074C,0.6352,0.3081,4
duodenum,YBL075C,4.1085,1.3904,4
duodenum,YBL076C,-1.5685,0.4536,4
duodenum,YBL077W,-1.23,0.6064,4
duodenum,YBL078C,2.5888,0.5864,4
duodenum,YBL079W,-0.4075,0.1556,4
duodenum,YBL080C,0.4715,0.1164,4
duodenum,YBL081W,-0.4868,0.155,4
duodenum,YBL082C,-1.4692,0.3039,4
duodenum,YBL083C,-1.2465,0.4625,4
duodenum,YBL084C,0.1187,0.5423,4
duodenum,YBL085W,0.1858,0.2105,4
duodenum,YBL086C,1.1665,0.4142,4
duodenum,YBL087C,-2.225,1.3386,4
duodenum,YBL088C,-0.4209,0.5748,4
duodenum,YBL089W,-0.41,0.3202,4
duodenum,YBL090W,0.265,0.3902,4
duodenum,YBL091C,0.137,0.2539,4
duodenum,YBL092W,-1.9678,1.0905,4
duodenum,YBL093C,-0.807,0.4824,4
duodenum,YBL094C,0.127,0.1003,4
duodenum,YBL095W,0.4323,0.3159,4
duodenum,YBL096C,0.134,0.1,4
duodenum,YBL097W,0.111,0.3873,4
duodenum,YBL098W,-0.0302,0.1357,4
duodenum,YBL099W,0.5622,0.1319,4
duodenum,YBL100C,0.4768,0.1,4
duodenum,YBL101C,1.1262,0.4836,4
duodenum,YBL101W-A,0.5985,0.3263,4
duodenum,YBL101W-B,-0.034,0.1341,4
duodenum,YBL102W,0.8003,0.2496,4
duodenum,YBL103C,0.1562,0.1787,4
duodenum,YBL104C,-0.4445,0.1116,4
duodenum,YBL105C,0.0,0.1233,4
duodenum,YBL106C,-0.4935,0.1,4
duodenum,YBL107C,0.1028,0.3411,4
duodenum,YBL108W,-0.8117,0.3081,4
duodenum,YBL109W,0.0927,0.1191,4
duodenum,YBL110C,-0.2045,0.1498,4
duodenum,YBL111C,0.3277,0.2539,4
duodenum,YBL112C,0.2568,0.3122,4
duodenum,YBL113C,0.4768,0.1808,4
duodenum,YBR001C,1.877,0.324,4
duodenum,YBR002C,-0.4017,0.1015,4
duodenum,YBR003W,-1.234,1.3527,4
duodenum,YBR004C,-0.2185,0.1599,4
duodenum,YBR005W,0.694,0.2349,4
duodenum,YBR006W,2.3115,0.5167,4
duodenum,YBR007C,0.0843,0.3981,4
duodenum,YBR008C,-0.237,0.1659,4
duodenum,YBR009C,-0.7628,0.1842,4
duodenum,YBR010W,-0.3973,0.2473,4
duodenum,YBR011C,0.299,0.4449,4
duodenum,YBR012C,0.1795,0.5382,4
duodenum,YBR012W-A,0.6187,0.8603,4
duodenum,YBR012W-B,0.325,0.2383,4
duodenum,YBR013C,-0.0405,0.2783,4
duodenum,YBR014C,0.8877,0.1,4
duodenum,YBR015C,-0.2435,0.1287,4
duodenum,YBR016W,0.3922,0.1322,4
duodenum,YBR017C,-0.3545,0.1639,4
duodenum,YBR018C,0.8113,0.2159,4
duodenum,YBR019C,0.2815,0.2669,4
duodenum,YBR020W,-0.1355,0.2821,4
duodenum,YBR021W,-1.1955,0.6978,4
duodenum,YBR022W,0.5292,0.2278,4
duodenum,YBR023C,-0.4095,0.2574,4
duodenum,YBR024W,0.8205,0.2436,4
duodenum,YBR025C,-0.1847,0.2116,4
duodenum,YBR026C,2.278,0.4613,4
duodenum,YBR027C,-0.5895,0.5286,4
duodenum,YBR028C,-0.3915,0.3076,4
duodenum,YBR029C,-0.1613,0.2096,4
duodenum,YBR030W,-0.9517,0.3355,4
duodenum,YBR031W,-1.8723,0.7563,4
duodenum,YBR032W,-0.543,0.1875,4
duodenum,YBR033W,-0.3283,0.1413,4
duodenum,YBR034C,-2.4888,1.0282,4
duodenum,YBR035C,1.0703,0.1948,4
duodenum,YBR036C,0.83,0.1399,4
duodenum,YBR037C,0.792,0.2632,4
duodenum,YBR038W,-0.4585,0.1703,4
duodenum,YBR039W,0.699,0.1,4
duodenum,YBR040W,-0.551,0.1946,4
duodenum,YBR041W,-0.289,0.165,4
duodenum,YBR042C,0.0062,0.1269,4
duodenum,YBR043C,-0.2632,0.1,4
duodenum,YBR044C,0.4902,0.3433,4
duodenum,YBR045C,-0.587,0.2693,4
duodenum,YBR046C,1.9877,0.6269,4
duodenum,YBR047W,0.057,0.5923,4
duodenum,YBR048W,-2.0534,0.9736,4
duodenum,YBR049C,-0.0615,0.1029,4
duodenum,YBR050C,0.1383,0.1853,4
duodenum,YBR051W,-0.1693,0.4068,4
duodenum,YBR052C,2.4308,0.4125,4
duodenum,YBR053C,2.8277,0.5591,4
duodenum,YBR054W,2.7963,0.7209,4
duodenum,YBR055C,-0.1522,0.1146,4
duodenum,YBR056W,2.6928,0.4962,4
duodenum,YBR057C,0.0418,0.1,4
duodenum,YBR058C,0.2981,0.1597,4
duodenum,YBR059C,1.1587,0.4628,4
duodenum,YBR060C,-0.2393,0.2863,4
duodenum,YBR061C,-1.318,0.3918,4
duodenum,YBR062C,1.0082,0.2242,4
duodenum,YBR063C,0.362,0.2044,4
duodenum,YBR064W,0.2505,0.1,4
duodenum,YBR065C,0.4955,0.2552,4
duodenum,YBR066C,0.517,0.4255,4
duodenum,YBR067C,0.9858,0.6127,4
duodenum,YBR068C,0.665,0.3356,4
duodenum,YBR069C,-1.516,0.4262,4
duodenum,YBR070C,-0.1183,0.2962,4
duodenum,YBR071W,0.251,0.1,4
duodenum,YBR072W,3.1852,0.4818,4
duodenum,YBR073W,-0.5393,0.295,4
duodenum,YBR074W,-0.2933,0.1576,4
duodenum,YBR075W,-0.2333,0.1007,4
duodenum,YBR076W,0.182,0.1,4
duodenum,YBR077C,0.3785,0.1,4
duodenum,YBR078W,-0.489,0.2373,4
duodenum,YBR079C,-1.5682,0.7956,4
duodenum,YBR080C,0.4705,0.1156,4
duodenum,YBR081C,-0.1957,0.1,4
duodenum,YBR082C,1.4278,0.3851,4
duodenum,YBR083W,0.827,0.3463,4
duodenum,YBR084C-A,-1.9925,1.1507,4
duodenum,YBR084W,-2.8405,0.8586,4
duodenum,YBR085W,-0.6387,0.1,4
duodenum,YBR086C,-0.2851,0.1,4
duodenum,YBR087W,-0.5062,0.3086,4
duodenum,YBR088C,-1.688,0.5889,4
duodenum,YBR089C-A,0.716,0.1651,4
duodenum,YBR089W,-1.4412,0.7149,4
duodenum,YBR090C,0.7147,0.157,4
duodenum,YBR091C,-0.3167,0.1436,4
duodenum,YBR092C,-1.773,0.6217,4
duodenum,YBR093C,-1.8175,0.817,4
duodenum,YBR094W,-0.0097,0.1191,4
duodenum,YBR095C,-0.112,0.2144,4
duodenum,YBR096W,1.2443,0.2385,4
duodenum,YBR097W,-0.4293,0.5243,4
duodenum,YBR098W,-0.3391,0.2116,4
duodenum,YBR099C,0.1213,0.5092,4
duodenum,YBR100W,0.3142,0.166,4
duodenum,YBR101C,1.6775,0.633,4
duodenum,YBR102C,0.3613,0.1607,4
duodenum,YBR103W,0.2,0.2254,4
duodenum,YBR104W,-1.7595,0.4598,4
duodenum,YBR105C,1.7572,0.4639,4
duodenum,YBR106W,-1.0012,0.442,4
duodenum,YBR107C,-0.128,0.1465,4
duodenum,YBR108W,1.2352,0.426,4
duodenum,YBR109C,0.4552,0.1364,4
duodenum,YBR110W,0.153,0.301,4
duodenum,YBR111C,1.3575,0.2153,4
duodenum,YBR112C,0.4898,0.415,4
duodenum,YBR113W,-0.035,0.9807,4
duodenum,YBR114W,1.1527,0.4182,4
duodenum,YBR115C,-1.232,0.2761,4
duodenum,YBR116C,2.853,1.3266,4
duodenum,YBR117C,2.912,1.5782,4
duodenum,YBR118W,-0.0748,0.1,4
duodenum,YBR119W,0.0332,0.2383,4
duodenum,YBR120C,0.5133,0.4435,4
duodenum,YBR121C,-1.499,0.4557,4
duodenum,YBR122C,0.5992,0.4173,4
duodenum,YBR123C,-0.0586,0.1465,4
duodenum,YBR124W,-0.1648,0.2069,4
duodenum,YBR125C,0.0238,0.1921,4
duodenum,YBR126C,3.2835,0.4401,4
duodenum,YBR127C,0.1028,0.1,4
duodenum,YBR128C,0.1457,0.3317,4
duodenum,YBR129C,-0.0153,0.1808,4
duodenum,YBR130C,0.0299,0.1068,4
duodenum,YBR131W,-0.2625,0.1714,4
duodenum,YBR132C,2.798,0.343,4
duodenum,YBR133C,-0.3372,0.2071,4
duodenum,YBR134W,-0.4533,0.1,4
duodenum,YBR135W,-0.3868,0.2001,4
duodenum,YBR136W,-0.2269,0.2561,4
duodenum,YBR137W,1.38,0.704,4
duodenum,YBR138C,0.732,0.2009,4
duodenum,YBR139W,2.792,0.4714,4
duodenum,YBR140C,0.0701,0.2223,4
duodenum,YBR141C,-0.736,0.2807,4
duodenum,YBR142W,-2.3645,0.6269,4
duodenum,YBR143C,-1.606,0.9707,4
duodenum,YBR144C,-0.325,0.1,4
duodenum,YBR145W,0.7995,0.1602,4
duodenum,YBR146W,0.1785,0.1779,4
duodenum,YBR147W,1.313,0.2177,4
duodenum,YBR148W,-0.2387,0.2036,4
duodenum,YBR149W,2.3707,0.2071,4
duodenum,YBR150C,0.6465,0.3568,4
duodenum,YBR151W,0.9695,0.1747,4
duodenum,YBR152W,-0.067,0.2189,4
duodenum,YBR153W,-0.2017,0.133,4
duodenum,YBR154C,-1.1412,0.8781,4
duodenum,YBR155W,-1.7098,0.5327,4
duodenum,YBR156C,-0.6006,0.3774,4
duodenum,YBR157C,0.469,0.1,4
duodenum,YBR158W,-0.452,0.3473,4
duodenum,YBR159W,0.255,0.1,4
duodenum,YBR160W,0.5833,0.1732,4
duodenum,YBR161W,0.6972,0.3059,4
duodenum,YBR162C,-1.3393,0.5533,4
duodenum,YBR162W-A,-1.0075,0.4713,4
duodenum,YBR163W,-0.611,0.2974,4
duodenum,YBR164C,-0.4905,0.4965,4
duodenum,YBR165W,-0.042,0.2485,4
duodenum,YBR166C,-0.154,0.2477,4
duodenum,YBR167C,-0.1862,0.3404,4
duodenum,YBR168W,0.5518,0.1012,4
duodenum,YBR169C,3.953,1.07,4
duodenum,YBR170C,1.0083,0.2876,4
duodenum,YBR171W,-0.2255,0.3149,4
duodenum,YBR172C,-0.6773,0.3977,4
duodenum,YBR173C,0.5807,0.2564,4
duodenum,YBR174C,-0.19,0.1,4
duodenum,YBR175W,0.1693,0.1758,4
duodenum,YBR176W,0.3632,0.2255,4
duodenum,YBR177C,1.2876,0.3804,4
duodenum,YBR178W,1.0785,0.5819,4
duodenum,YBR179C,0.44,0.25,4
duodenum,YBR180W,-0.398,0.1497,4
duodenum,YBR181C,-2.4292,1.5079,4
duodenum,YBR182C,-0.0683,0.1418,4
duodenum,YBR183W,2.4283,0.4136,4
duodenum,YBR184W,-0.2725,0.1,4
duodenum,YBR185C,0.8445,0.2234,4
duodenum,YBR186W,-0.3275,0.3165,4
duodenum,YBR187W,-1.1333,0.3821,4
duodenum,YBR188C,-0.3678,0.2807,4
duodenum,YBR189W,-2.7607,1.8101,4
duodenum,YBR190W,-0.8262,0.6082,4
duodenum,YBR191W,-2.3035,1.5795,4
duodenum,YBR192W,-0.1542,0.3699,4
duodenum,YBR193C,0.635,0.1789,4
duodenum,YBR194W,0.1975,0.1906,4
duodenum,YBR195C,-0.0953,0.1,4
duodenum,YBR196C,0.6365,0.4101,4
duodenum,YBR197C,-0.5115,0.1319,4
duodenum,YBR198C,-0.064,0.171,4
duodenum,YBR199W,0.5671,0.1,4
duodenum,YBR200W,-0.0127,0.2431,4
duodenum,YBR201W,0.4755,0.2091,4
duodenum,YBR202W,-1.0215,0.3368,4
duodenum,YBR203W,0.9155,0.4193,4
duodenum,YBR204C,0.9367,0.2889,4
duodenum,YBR205W,-0.3212,0.1333,4
duodenum,YBR206W,-0.7935,0.1,4
duodenum,YBR207W,0.2215,0.1619,4
duodenum,YBR208C,-0.6483,1.111,4
duodenum,YBR209W,0.1393,0.371,4
duodenum,YBR210W,-0.1872,0.1863,4
duodenum,YBR211C,0.3718,0.1552,4
duodenum,YBR212W,1.3518,0.3468,4
duodenum,YBR213W,-0.3135,0.1174,4
duodenum,YBR214W,1.1578,0.7241,4
duodenum,YBR215W,-0.007,0.1987,4
duodenum,YBR216C,0.6613,0.3195,4
duodenum,YBR217W,-0.0267,0.2307,4
duodenum,YBR218C,0.2867,0.1788,4
duodenum,YBR219C,-0.568,0.2493,4
duodenum,YBR220C,-0.7437,0.1571,4
duodenum,YBR221C,0.0985,0.2454,4
duodenum,YBR222C,0.637,0.4838,4
duodenum,YBR223C,0.5945,0.1195,4
duodenum,YBR224W,-0.4834,0.3884,4
duodenum,YBR225W,0.7265,0.3197,4
duodenum,YBR226C,-0.889,1.2758,4
duodenum,YBR227C,-0.0421,0.1,4
duodenum,YBR228W,0.22,0.1991,4
duodenum,YBR229C,0.5935,0.2069,4
duodenum,YBR230C,3.165,0.5102,4
duodenum,YBR231C,0.4095,0.5892,4
duodenum,YBR232C,0.0433,0.1381,4
duodenum,YBR233W,0.2237,0.4648,4
duodenum,YBR234C,1.028,0.2521,4
duodenum,YBR235W,-0.243,0.4033,4
duodenum,YBR236C,0.3065,0.2291,4
duodenum,YBR237W,0.5973,0.9161,4
duodenum,YBR238C,-1.7313,0.6781,4
duodenum,YBR239C,-0.45,0.6363,4
duodenum,YBR240C,-0.128,0.1891,4
duodenum,YBR241C,2.3893,0.6201,4
duodenum,YBR242W,-1.0188,0.1747,4
duodenum,YBR243C,0.0695,0.1045,4
duodenum,YBR244W,-0.5708,1.216,4
duodenum,YBR245C,-0.2366,0.1356,4
duodenum,YBR246W,-0.2295,0.141,4
duodenum,YBR247C,-2.619,0.653,4
duodenum,YBR248C,-0.6442,0.327,4
duodenum,YBR249C,-1.9347,0.8838,4
duodenum,YBR250W,-0.069,0.1,4
duodenum,YBR251W,0.4168,0.1652,4
duodenum,YBR252W,-1.2073,0.405,4
duodenum,YBR253W,0.2343,0.1,4
duodenum,YBR254C,-0.5427,0.2487,4
duodenum,YBR255W,0.3027,0.2467,4
duodenum,YBR256C,0.756,0.1822,4
duodenum,YBR257W,-0.4713,0.2885,4
duodenum,YBR258C,-0.3575,0.2663,4
duodenum,YBR259W,-0.3145,0.2948,4
duodenum,YBR260C,0.179,0.1,4
duodenum,YBR261C,-0.4145,0.42,4
duodenum,YBR262C,0.0075,0.2411,4
duodenum,YBR263W,-1.1355,0.4596,4
duodenum,YBR264C,0.091,0.2631,4
duodenum,YBR265W,-0.7368,0.513,4
duodenum,YBR266C,-2.309,0.8301,4
duodenum,YBR267W,-2.3275,1.112,4
duodenum,YBR268W,-0.1795,0.5089,4
duodenum,YBR269C,1.7417,0.2191,4
duodenum,YBR270C,0.0302,0.2365,4
duodenum,YBR271W,-1.6078,0.4624,4
duodenum,YBR272C,0.4255,0.2484,4
duodenum,YBR273C,1.038,0.3767,4
duodenum,YBR274W,0.198,0.1,4
duodenum,YBR275C,-0.5995,0.284,4
duodenum,YBR276C,-0.3072,0.2188,4
duodenum,YBR277C,0.307,0.6902,4
duodenum,YBR278W,0.0698,0.1162,4
duodenum,YBR279W,0.6183,0.1,4
duodenum,YBR280C,2.2468,0.7385,4
duodenum,YBR281C,0.2805,0.1,4
duodenum,YBR282W,0.6182,0.1831,4
duodenum,YBR283C,-0.483,0.2954,4
duodenum,YBR284W,0.8952,0.3896,4
duodenum,YBR285W,2.673,0.6413,4
duodenum,YBR286W,0.6571,0.2601,4
duodenum,YBR286W-100,0.4935,0.5581,4
duodenum,YBR286W-1000,-0.7248,0.8002,4
duodenum,YBR286W-1050,-0.0802,0.3196,4
duodenum,YBR286W-1100,0.1015,0.4113,4
duodenum,YBR286W-1150,-0.6987,1.1892,4
duodenum,YBR286W-1200,-0.5647,0.315,4
duodenum,YBR286W-1250,-0.1863,2.0246,4
duodenum,YBR286W-1300,-0.3922,1.0063,4
duodenum,YBR286W-1350,-0.1363,1.0487,4
duodenum,YBR286W-1400,-0.184,0.9383,4
duodenum,YBR286W-1450,-0.784,1.0911,4
duodenum,YBR286W-150,0.5095,0.5698,4
duodenum,YBR286W-1500,-0.422,0.5316,4
duodenum,YBR286W-1550,-1.0837,0.7571,4
duodenum,YBR286W-1600,-0.026,0.3623,4
duodenum,YBR286W-1650,-0.761,0.3086,4
duodenum,YBR286W-200,0.3103,0.4818,4
duodenum,YBR286W-250,0.664,0.53,4
duodenum,YBR286W-300,0.359,0.4994,4
duodenum,YBR286W-350,0.5453,0.5363,4
duodenum,YBR286W-400,0.2587,0.4832,4
duodenum,YBR286W-450,0.3173,0.5779,4
duodenum,YBR286W-50,0.6562,0.6181,4
duodenum,YBR286W-500,-0.0047,0.4454,4
duodenum,YBR286W-550,0.2935,0.5349,4
duodenum,YBR286W-600,0.0903,0.4438,4
duodenum,YBR286W-650,0.3235,0.5881,4
duodenum,YBR286W-700,0.0543,0.4832,4
duodenum,YBR286W-750,-0.1225,0.5465,4
duodenum,YBR286W-800,-0.278,0.6272,4
duodenum,YBR286W-850,0.585,0.5238,4
duodenum,YBR286W-900,-0.217,0.6939,4
duodenum,YBR286W-950,-0.3027,0.813,4
duodenum,YBR286W-FULL,0.4352,0.403,4
duodenum,YBR287W,1.5758,0.3581,4
duodenum,YBR288C,-0.2652,0.1345,4
duodenum,YBR289W,0.0167,0.1462,4
duodenum,YBR290W,0.9183,0.361,4
duodenum,YBR291C,-0.4875,0.2104,4
duodenum,YBR292C,-0.9133,0.5452,4
duodenum,YBR293W,0.135,0.1,4
duodenum,YBR294W,-0.211,0.674,4
duodenum,YBR295W,-0.3402,0.365,4
duodenum,YBR296C,-2.0613,1.1842,4
duodenum,YBR297W,0.7442,0.3644,4
duodenum,YBR298C,0.6733,0.9607,4
duodenum,YBR299W,0.2656,0.231,4
duodenum,YBR300C,-0.9978,0.7833,4
duodenum,YBR301W,0.3035,0.235,4
duodenum,YBR302C,0.4145,0.7348,4
duodenum,YCL001W,-0.2634,0.7722,4
duodenum,YCL002C,-0.5705,0.1489,4
duodenum,YCL003W,0.224,0.3765,4
duodenum,YCL004W,0.37,0.3668,4
duodenum,YCL005W,-0.0128,0.1665,4
duodenum,YCL006C,-0.6983,0.2442,4
duodenum,YCL007C,-0.181,0.2612,4
duodenum,YCL008C,0.4378,0.1897,4
duodenum,YCL009C,-0.487,0.3166,4
duodenum,YCL010C,-0.0932,0.3124,4
duodenum,YCL011C,-0.4645,0.2975,4
duodenum,YCL012W,-0.9915,0.3594,4
duodenum,YCL013W,-0.5467,0.2384,4
duodenum,YCL014W,-0.7337,0.2118,4
duodenum,YCL016C,0.0188,0.1489,4
duodenum,YCL017C,0.0915,0.2713,4
duodenum,YCL018W,0.6895,0.1865,4
duodenum,YCL019W,0.4455,0.3852,4
duodenum,YCL020W,0.788,0.3158,4
duodenum,YCL021W,-0.1255,0.4869,4
duodenum,YCL022C,-0.4543,0.3666,4
duodenum,YCL023C,-0.7745,0.2311,4
duodenum,YCL024W,-0.3805,0.417,4
duodenum,YCL025C,0.615,0.3049,4
duodenum,YCL026C,-0.2035,0.2349,4
duodenum,YCL026C-A,-0.6945,0.1742,4
duodenum,YCL027W,-0.1815,0.2647,4
duodenum,YCL028W,0.2535,0.2048,4
duodenum,YCL029C,-0.5129,0.2678,4
duodenum,YCL030C,-0.495,0.7439,4
duodenum,YCL031C,-0.7012,0.369,4
duodenum,YCL032W,0.1633,0.1786,4
duodenum,YCL033C,0.8698,0.2793,4
duodenum,YCL034W,0.5703,0.3044,4
duodenum,YCL035C,2.477,0.6885,4
duodenum,YCL036W,-1.077,0.3026,4
duodenum,YCL037C,-2.7612,1.0741,4
duodenum,YCL038C,0.3728,0.3234,4
duodenum,YCL039W,0.0516,0.4548,4
duodenum,YCL040W,4.8108,0.6773,4
duodenum,YCL041C,0.581,0.3435,4
duodenum,YCL042W,3.5865,0.5567,4
duodenum,YCL043C,1.0278,0.2318,4
duodenum,YCL044C,1.1145,0.5637,4
duodenum,YCL045C,-0.1751,0.1505,4
duodenum,YCL046W,-0.2942,0.1,4
duodenum,YCL047C,0.5745,1.0596,4
duodenum,YCL048W,0.0393,0.132,4
duodenum,YCL049C,0.7645,0.2595,4
duodenum,YCL050C,1.3002,0.4762,4
duodenum,YCL051W,0.673,0.2131,4
duodenum,YCL052C,0.9655,0.3627,4
duodenum,YCL053C,-2.5762,1.0102,4
duodenum,YCL054W,-2.8232,1.2695,4
duodenum,YCL055W,-0.1423,0.4242,4
duodenum,YCL056C,0.1908,0.2906,4
duodenum,YCL057W,0.9688,0.1,4
duodenum,YCL058C,-0.685,0.8783,4
duodenum,YCL059C,-3.4032,0.9048,4
duodenum,YCL060C,-0.4163,0.142,4
duodenum,YCL061C,-0.8622,0.2142,4
duodenum,YCL062W,-0.6687,0.1607,4
duodenum,YCL063W,-0.774,0.3282,4
duodenum,YCL064C,1.634,0.5357,4
duodenum,YCL065W,-0.0705,0.1324,4
duodenum,YCL066W,0.005,0.2778,4
duodenum,YCL067C,0.3678,0.1,4
duodenum,YCL068C,0.2933,0.2209,4
duodenum,YCL069W,-0.351,0.1229,4
duodenum,YCL073C,1.2433,1.4307,4
duodenum,YCL074W,-0.9783,0.1,4
duodenum,YCL075W,-0.5667,0.3011,4
duodenum,YCL076W,-0.9925,0.1585,4
duodenum,YCR001W,-0.6132,0.3279,4
duodenum,YCR002C,-0.1055,0.3168,4
duodenum,YCR003W,0.2493,0.4377,4
duodenum,YCR004C,1.4038,0.3376,4
duodenum,YCR005C,2.0852,0.3873,4
duodenum,YCR006C,-0.33,0.2635,4
duodenum,YCR007C,0.2003,0.161,4
duodenum,YCR008W,0.2985,0.3377,4
duodenum,YCR009C,0.1016,0.1114,4
duodenum,YCR010C,0.4075,0.5198,4
duodenum,YCR011C,1.3722,0.4969,4
duodenum,YCR012W,1.331,0.4469,4
duodenum,YCR013C,1.494,0.4051,4
duodenum,YCR014C,-0.3265,0.101,4
duodenum,YCR015C,0.407,0.143,4
duodenum,YCR016W,-2.2183,0.7457,4
duodenum,YCR017C,-0.1908,0.1886,4
duodenum,YCR018C,-1.0206,0.3211,4
duodenum,YCR019W,0.3633,0.1,4
duodenum,YCR020C,-0.4054,0.3884,4
duodenum,YCR020C-A,0.2185,0.1173,4
duodenum,YCR021C,2.1193,2.1627,4
duodenum,YCR022C,-0.1413,0.1,4
duodenum,YCR023C,-0.014,0.1,4
duodenum,YCR024C,0.8277,0.1103,4
duodenum,YCR024C-A,-0.9222,0.561,4
duodenum,YCR025C,0.0795,0.1334,4
duodenum,YCR026C,-0.1775,0.3674,4
duodenum,YCR027C,-0.117,0.2961,4
duodenum,YCR028C,-0.8322,0.255,4
duodenum,YCR029C,0.7342,0.2104,4
duodenum,YCR029C-A,-0.1551,0.2741,4
duodenum,YCR030C,1.4455,0.3217,4
duodenum,YCR031C,-1.599,0.9233,4
duodenum,YCR032W,-0.2426,0.5497,4
duodenum,YCR033W,-0.0104,0.1338,4
duodenum,YCR034W,-1.13,0.7918,4
duodenum,YCR035C,-0.998,0.1941,4
duodenum,YCR036W,1.329,0.2394,4
duodenum,YCR037C,0.333,0.3813,4
duodenum,YCR038C,0.5633,0.1866,4
duodenum,YCR039C,0.3463,0.1373,4
duodenum,YCR040W,-0.2818,0.2242,4
duodenum,YCR041W,-0.15,0.1775,4
duodenum,YCR042C,0.1805,0.1415,4
duodenum,YCR043C,-0.843,0.1694,4
duodenum,YCR044C,0.343,0.2042,4
duodenum,YCR045C,0.1181,0.7198,4
duodenum,YCR046C,0.3977,0.1,4
duodenum,YCR047C,-2.1455,0.2254,4
duodenum,YCR048W,0.0813,0.4288,4
duodenum,YCR049C,-0.228,0.4608,4
duodenum,YCR050C,-0.0548,0.4039,4
duodenum,YCR051W,-1.4187,0.2333,4
duodenum,YCR052W,-0.386,0.2885,4
duodenum,YCR053W,-0.6833,0.2462,4
duodenum,YCR054C,-0.5528,0.2426,4
duodenum,YCR055C,-3.0953,0.9312,4
duodenum,YCR056W,-2.5015,0.503,4
duodenum,YCR057C,-2.6075,0.6429,4
duodenum,YCR058C,-2.2252,0.6089,4
duodenum,YCR059C,-1.2875,0.4234,4
duodenum,YCR060W,-0.0818,0.3015,4
duodenum,YCR061W,2.4372,0.3912,4
duodenum,YCR062W,2.0065,0.3644,4
duodenum,YCR063W,-0.897,0.3602,4
duodenum,YCR064C,-0.651,0.3239,4
duodenum,YCR065W,-0.2322,0.1,4
duodenum,YCR066W,0.1148,0.2261,4
duodenum,YCR067C,0.2907,0.4898,4
duodenum,YCR068W,0.8938,0.3949,4
duodenum,YCR069W,0.8685,0.2292,4
duodenum,YCR070W,0.7668,0.2579,4
duodenum,YCR071C,0.1805,0.1672,4
duodenum,YCR072C,-2.6865,0.7695,4
duodenum,YCR073C,-0.803,0.288,4
duodenum,YCR073W-A,1.3658,0.3997,4
duodenum,YCR074C,0.4209,0.2254,4
duodenum,YCR075C,0.4848,0.1194,4
duodenum,YCR076C,0.9358,0.2207,4
duodenum,YCR077C,-0.221,0.2016,4
duodenum,YCR079W,0.949,0.1844,4
duodenum,YCR080W,-0.087,0.1903,4
duodenum,YCR081W,-0.1792,0.1144,4
duodenum,YCR082W,0.392,0.1323,4
duodenum,YCR083W,0.7885,0.1399,4
duodenum,YCR084C,-0.268,0.1713,4
duodenum,YCR085W,-0.51,0.1235,4
duodenum,YCR086W,-0.2448,0.4707,4
duodenum,YCR087W,-1.892,0.3228,4
duodenum,YCR088W,1.048,0.3649,4
duodenum,YCR089W,-0.3247,0.1,4
duodenum,YCR090C,-0.1555,0.2531,4
duodenum,YCR091W,2.0593,0.639,4
duodenum,YCR092C,0.0192,0.2579,4
duodenum,YCR093W,-0.3096,0.114,4
duodenum,YCR094W,-0.2417,0.3062,4
duodenum,YCR095C,-0.0938,0.1,4
duodenum,YCR096C,0.4223,0.3157,4
duodenum,YCR097W,0.6042,0.1,4
duodenum,YCR097W-A,-0.224,0.1638,4
duodenum,YCR098C,0.2182,0.4074,4
duodenum,YCR099C,0.2572,0.5974,4
duodenum,YCR100C,0.5398,0.5038,4
duodenum,YCR101C,0.164,0.5297,4
duodenum,YCR102C,0.1152,0.3899,4
duodenum,YCR103C,-0.2295,0.3022,4
duodenum,YCR104W,0.2893,0.3175,4
duodenum,YCR105W,0.3312,0.5359,4
duodenum,YCR106W,-0.1827,0.5164,4
duodenum,YCR107W,-0.215,0.4222,4
duodenum,YDL001W,-0.1298,0.1268,4
duodenum,YDL002C,0.1768,0.2649,4
duodenum,YDL003W,-0.9883,0.2828,4
duodenum,YDL004W,1.048,0.2311,4
duodenum,YDL005C,-0.0462,0.1904,4
duodenum,YDL006W,0.22,0.1355,4
duodenum,YDL007W,0.5725,0.2236,4
duodenum,YDL008W,0.0693,0.3394,4
duodenum,YDL009C,0.6795,0.2517,4
duodenum,YDL010W,0.801,0.1554,4
duodenum,YDL011C,0.3455,0.2254,4
duodenum,YDL012C,-0.155,0.1749,4
duodenum,YDL013W,-0.358,0.1336,4
duodenum,YDL014W,-3.4835,1.3197,4
duodenum,YDL015C,0.3385,0.1,4
duodenum,YDL016C,-0.1357,0.1723,4
duodenum,YDL017W,0.1457,0.1337,4
duodenum,YDL018C,0.7272,0.2627,4
duodenum,YDL019C,0.825,0.3239,4
duodenum,YDL020C,1.4908,0.6889,4
duodenum,YDL021W,3.1825,0.3175,4
duodenum,YDL022W,2.8632,0.9669,4
duodenum,YDL023C,2.892,0.8358,4
duodenum,YDL024C,1.268,0.8133,4
duodenum,YDL025C,1.3948,0.4046,4
duodenum,YDL026W,0.4235,0.5104,4
duodenum,YDL027C,1.1608,0.2606,4
duodenum,YDL028C,-0.4873,0.355,4
duodenum,YDL029W,0.65,0.1784,4
duodenum,YDL030W,-0.6005,0.7677,4
duodenum,YDL031W,-2.2314,0.5462,4
duodenum,YDL032W,-0.6982,0.2125,4
duodenum,YDL033C,-0.5245,0.238,4
duodenum,YDL034W,0.1633,0.4106,4
duodenum,YDL035C,-0.3801,0.3422,4
duodenum,YDL036C,-0.8283,1.1005,4
duodenum,YDL037C,-0.4517,0.4523,4
duodenum,YDL038C,-0.7383,0.255,4
duodenum,YDL039C,-0.9995,0.4129,4
duodenum,YDL040C,-0.5865,0.2709,4
duodenum,YDL041W,-1.1825,0.3413,4
duodenum,YDL042C,-0.933,0.4963,4
duodenum,YDL043C,-0.7072,0.1692,4
duodenum,YDL044C,-0.1793,0.302,4
duodenum,YDL045C,0.227,0.4805,4
duodenum,YDL045W-A,0.2224,0.2106,4
duodenum,YDL046W,1.1445,0.2681,4
duodenum,YDL047W,-0.4115,0.1245,4
duodenum,YDL048C,-0.2725,0.4466,4
duodenum,YDL049C,-1.348,0.8437,4
duodenum,YDL050C,-2.026,0.6552,4
duodenum,YDL051W,-2.458,0.8497,4
duodenum,YDL052C,0.1693,0.2145,4
duodenum,YDL053C,0.384,0.2017,4
duodenum,YDL054C,0.4075,0.2938,4
duodenum,YDL055C,-1.2172,0.6848,4
duodenum,YDL056W,-0.1547,0.2897,4
duodenum,YDL057W,0.433,0.1948,4
duodenum,YDL058W,-0.2898,0.2354,4
duodenum,YDL059C,-0.194,0.2917,4
duodenum,YDL060W,-2.2323,0.6004,4
duodenum,YDL061C,-2.13,1.2292,4
duodenum,YDL062W,-2.449,0.5359,4
duodenum,YDL063C,-2.6265,0.3247,4
duodenum,YDL064W,-0.425,0.2804,4
duodenum,YDL065C,-0.461,0.2956,4
duodenum,YDL066W,-0.102,0.2772,4
duodenum,YDL067C,0.2208,0.1774,4
duodenum,YDL068W,-0.5013,0.2291,4
duodenum,YDL069C,-0.6075,0.3675,4
duodenum,YDL070W,0.187,0.2192,4
duodenum,YDL071C,-0.6405,0.1318,4
duodenum,YDL072C,1.7332,0.2261,4
duodenum,YDL073W,-0.9163,0.255,4
duodenum,YDL074C,-0.3861,0.2616,4
duodenum,YDL075W,-1.8873,1.2253,4
duodenum,YDL076C,0.325,0.2343,4
duodenum,YDL077C,-0.035,0.1353,4
duodenum,YDL078C,0.6302,0.1499,4
duodenum,YDL079C,0.0075,0.7806,4
duodenum,YDL080C,0.4103,0.9226,4
duodenum,YDL081C,-1.9305,1.0862,4
duodenum,YDL082W,-2.1145,1.0885,4
duodenum,YDL083C,-2.3293,1.3998,4
duodenum,YDL084W,-0.8808,0.507,4
duodenum,YDL085W,0.8972,0.2871,4
duodenum,YDL086W,0.6613,0.1718,4
duodenum,YDL087C,-0.0412,0.5569,4
duodenum,YDL088C,0.0973,0.1062,4
duodenum,YDL089W,-0.4657,1.0992,4
duodenum,YDL090C,0.1365,0.211,4
duodenum,YDL091C,0.511,0.2529,4
duodenum,YDL092W,-0.2863,0.4947,4
duodenum,YDL093W,-0.6049,0.2856,4
duodenum,YDL094C,-0.2147,0.227,4
duodenum,YDL095W,-0.4415,0.1,4
duodenum,YDL096C,-0.4022,0.2373,4
duodenum,YDL097C,0.066,0.2766,4
duodenum,YDL098C,-0.15,0.1111,4
duodenum,YDL099W,0.2193,0.174,4
duodenum,YDL100C,0.3767,0.1051,4
duodenum,YDL101C,0.2325,0.2948,4
duodenum,YDL102W,-0.3685,0.1678,4
duodenum,YDL103C,0.0597,0.2173,4
duodenum,YDL104C,-0.1125,0.3545,4
duodenum,YDL105W,-0.647,0.2588,4
duodenum,YDL106C,0.3053,0.1363,4
duodenum,YDL107W,-0.0483,0.2449,4
duodenum,YDL108W,0.017,0.1499,4
duodenum,YDL109C,-0.0803,2.0081,4
duodenum,YDL110C,2.5225,0.3856,4
duodenum,YDL111C,-1.006,0.1747,4
duodenum,YDL112W,-0.7104,0.1974,4
duodenum,YDL113C,-0.4385,0.625,4
duodenum,YDL114W,-0.5358,0.2094,4
duodenum,YDL115C,0.2127,0.4843,4
duodenum,YDL116W,-0.2338,0.3677,4
duodenum,YDL117W,-0.337,0.1594,4
duodenum,YDL118W,0.3402,0.4157,4
duodenum,YDL119C,-0.0618,0.3434,4
duodenum,YDL120W,-0.053,0.1,4
duodenum,YDL121C,-0.4207,0.3206,4
duodenum,YDL122W,-0.798,0.3561,4
duodenum,YDL123W,0.462,0.3313,4
duodenum,YDL124W,2.85,0.2244,4
duodenum,YDL125C,0.268,0.2707,4
duodenum,YDL126C,0.8015,0.2734,4
duodenum,YDL127W,-0.4987,0.3463,4
duodenum,YDL128W,0.394,0.4672,4
duodenum,YDL129W,-0.8553,0.3893,4
duodenum,YDL130W,0.6215,0.5419,4
duodenum,YDL131W,-1.4945,0.5645,4
duodenum,YDL132W,0.539,0.2245,4
duodenum,YDL133W,0.0072,0.2388,4
duodenum,YDL134C,0.4065,0.1491,4
duodenum,YDL134C-A,-0.8621,0.7614,4
duodenum,YDL135C,0.3995,0.131,4
duodenum,YDL136W,-1.5462,0.9574,4
duodenum,YDL137W,0.29,0.2582,4
duodenum,YDL138W,-0.0094,0.2465,4
duodenum,YDL139C,-0.4095,0.4608,4
duodenum,YDL140C,-0.1175,0.1323,4
duodenum,YDL141W,-0.0125,0.1109,4
duodenum,YDL142C,0.7178,0.3893,4
duodenum,YDL143W,-0.406,0.4402,4
duodenum,YDL144C,0.2314,0.1547,4
duodenum,YDL145C,-0.4642,0.4524,4
duodenum,YDL146W,1.1382,0.2959,4
duodenum,YDL147W,0.7913,0.1472,4
duodenum,YDL148C,-2.588,0.9849,4
duodenum,YDL149W,1.0285,0.3673,4
duodenum,YDL150W,-1.5965,0.6899,4
duodenum,YDL151C,-1.6752,0.8799,4
duodenum,YDL152W,-2.4185,0.6908,4
duodenum,YDL153C,-3.2017,1.1241,4
duodenum,YDL154W,0.069,0.2035,4
duodenum,YDL155W,-0.2325,0.2052,4
duodenum,YDL156W,-0.1477,0.1481,4
duodenum,YDL157C,-0.7012,0.3694,4
duodenum,YDL158C,0.0155,0.2669,4
duodenum,YDL159W,-0.0185,0.3851,4
duodenum,YDL160C,0.6485,0.253,4
duodenum,YDL161W,0.4463,0.3014,4
duodenum,YDL162C,-0.6253,0.1554,4
duodenum,YDL163W,-1.1932,0.6539,4
duodenum,YDL164C,-0.4117,0.1,4
duodenum,YDL165W,-0.6377,0.2961,4
duodenum,YDL166C,-1.263,0.7249,4
duodenum,YDL167C,-2.2675,0.6502,4
duodenum,YDL168W,0.2548,0.1456,4
duodenum,YDL169C,0.9492,1.1061,4
duodenum,YDL170W,-0.043,0.1428,4
duodenum,YDL171C,-0.9065,0.1887,4
duodenum,YDL172C,0.1953,0.1,4
duodenum,YDL173W,0.0073,0.2073,4
duodenum,YDL174C,0.606,0.2474,4
duodenum,YDL175C,-0.175,0.1784,4
duodenum,YDL176W,-0.1715,0.1268,4
duodenum,YDL177C,-0.219,0.2716,4
duodenum,YDL178W,0.2525,0.163,4
duodenum,YDL179W,-0.3417,0.2325,4
duodenum,YDL180W,0.9265,0.1782,4
duodenum,YDL181W,2.3163,0.2853,4
duodenum,YDL182W,-1.5728,0.6105,4
duodenum,YDL183C,0.0483,0.3338,4
duodenum,YDL184C,-1.0032,0.6772,4
duodenum,YDL185W,0.1325,0.2357,4
duodenum,YDL186W,0.0385,0.3224,4
duodenum,YDL187C,-0.7103,0.1706,4
duodenum,YDL188C,0.5715,0.1545,4
duodenum,YDL189W,-0.8685,0.5351,4
duodenum,YDL190C,0.662,0.1,4
duodenum,YDL191W,-1.7308,0.6674,4
duodenum,YDL192W,-0.2572,0.4334,4
duodenum,YDL193W,0.632,0.4848,4
duodenum,YDL194W,0.8595,0.4425,4
duodenum,YDL195W,0.2448,0.3669,4
duodenum,YDL196W,0.5292,0.4992,4
duodenum,YDL197C,0.5816,0.3785,4
duodenum,YDL198C,-0.3095,0.5714,4
duodenum,YDL199C,1.62,0.4709,4
duodenum,YDL200C,0.4607,0.1,4
duodenum,YDL201W,-1.8565,0.5038,4
duodenum,YDL202W,0.0743,0.3023,4
duodenum,YDL203C,-0.3003,0.1207,4
duodenum,YDL204W,4.2203,0.8475,4
duodenum,YDL205C,-0.771,0.2192,4
duodenum,YDL206W,0.402,1.1174,4
duodenum,YDL207W,-0.6887,0.3295,4
duodenum,YDL208W,-0.3535,0.8842,4
duodenum,YDL209C,-0.848,0.4568,4
duodenum,YDL210W,-0.2123,0.2528,4
duodenum,YDL211C,-1.5725,2.0188,4
duodenum,YDL212W,-0.0363,0.5866,4
duodenum,YDL213C,0.5027,0.5,4
duodenum,YDL214C,0.0333,0.7705,4
duodenum,YDL215C,0.7063,1.3271,4
duodenum,YDL216C,0.4445,0.5141,4
duodenum,YDL217C,-0.848,0.7074,4
duodenum,YDL218W,-0.026,0.161,4
duodenum,YDL219W,-0.512,0.3041,4
duodenum,YDL220C,-0.0348,0.6958,4
duodenum,YDL221W,-0.2925,0.2156,4
duodenum,YDL222C,4.4975,1.0169,4
duodenum,YDL223C,1.344,0.1559,4
duodenum,YDL224C,0.0772,0.2875,4
duodenum,YDL225W,-0.2767,0.2817,4
duodenum,YDL226C,-0.5043,0.3999,4
duodenum,YDL227C,-0.494,0.2937,4
duodenum,YDL228C,-0.3674,0.3609,4
duodenum,YDL229W,-0.3752,0.7394,4
duodenum,YDL230W,0.6105,0.1,4
duodenum,YDL231C,-0.4114,0.2924,4
duodenum,YDL232W,0.2699,0.4559,4
duodenum,YDL233W,0.8932,0.3227,4
duodenum,YDL234C,0.975,0.2945,4
duodenum,YDL235C,-0.254,0.2202,4
duodenum,YDL236W,-0.6048,0.5027,4
duodenum,YDL237W,0.7352,0.2349,4
duodenum,YDL238C,1.1643,0.3609,4
duodenum,YDL239C,-0.2291,0.7132,4
duodenum,YDL239W,-2.077,0.25,4
duodenum,YDL240W,-0.659,0.2204,4
duodenum,YDL241W,-0.9415,0.4266,4
duodenum,YDL242W,0.0302,0.4601,4
duodenum,YDL243C,-0.1904,0.2439,4
duodenum,YDL244W,0.219,0.1917,4
duodenum,YDL245C,0.2518,0.1956,4
duodenum,YDL246C,0.119,0.2175,4
duodenum,YDL247W,-0.4978,0.859,4
duodenum,YDL248W,0.6553,0.3249,4
duodenum,YDR001C,2.8807,0.7777,4
duodenum,YDR002W,0.0938,0.1534,4
duodenum,YDR003W,1.0422,0.3441,4
duodenum,YDR004W,0.3962,0.1,4
duodenum,YDR005C,0.3105,0.1572,4
duodenum,YDR006C,0.0957,0.1394,4
duodenum,YDR007W,0.2458,0.1,4
duodenum,YDR008C,0.4037,0.1583,4
duodenum,YDR009W,-0.2835,0.5602,4
duodenum,YDR010C,0.2135,0.1249,4
duodenum,YDR011W,-0.4885,0.4356,4
duodenum,YDR012W,-1.7283,0.9143,4
duodenum,YDR013W,-0.6615,0.1967,4
duodenum,YDR014W,-0.3585,0.1728,4
duodenum,YDR015C,2.1335,3.9534,4
duodenum,YDR016C,0.148,0.1687,4
duodenum,YDR017C,-0.0013,0.4343,4
duodenum,YDR018C,1.1063,0.3496,4
duodenum,YDR019C,2.0652,0.8788,4
duodenum,YDR020C,-0.9355,0.3192,4
duodenum,YDR021W,-1.7468,0.353,4
duodenum,YDR022C,0.681,0.1363,4
duodenum,YDR023W,-1.3873,0.4043,4
duodenum,YDR024W,-0.5875,0.114,4
duodenum,YDR025W,-2.2012,1.2425,4
duodenum,YDR026C,-0.2893,0.2325,4
duodenum,YDR027C,0.0635,0.291,4
duodenum,YDR028C,-0.0585,0.7977,4
duodenum,YDR029W,-0.0227,0.2392,4
duodenum,YDR030C,0.256,0.4975,4
duodenum,YDR031W,0.5625,0.27,4
duodenum,YDR032C,2.278,0.3886,4
duodenum,YDR033W,-0.0845,0.5994,4
duodenum,YDR034C,-0.2078,0.2722,4
duodenum,YDR035W,-0.3702,0.1669,4
duodenum,YDR036C,0.1715,0.1173,4
duodenum,YDR037W,-2.128,0.7273,4
duodenum,YDR038C,0.4597,0.1,4
duodenum,YDR039C,0.5849,0.2753,4
duodenum,YDR040C,0.1857,0.6301,4
duodenum,YDR041W,0.2687,0.2221,4
duodenum,YDR042C,0.0978,0.143,4
duodenum,YDR043C,0.9415,0.5966,4
duodenum,YDR044W,-0.565,0.241,4
duodenum,YDR045C,-1.0877,0.363,4
duodenum,YDR046C,-0.5368,0.4566,4
duodenum,YDR047W,-0.123,0.1607,4
duodenum,YDR048C,-0.4387,0.1682,4
duodenum,YDR049W,-0.616,0.126,4
duodenum,YDR050C,0.3925,0.2684,4
duodenum,YDR051C,-0.0718,0.1079,4
duodenum,YDR052C,-0.4105,0.1,4
duodenum,YDR053W,-0.5993,0.1489,4
duodenum,YDR054C,0.288,0.181,4
duodenum,YDR055W,1.7508,0.4363,4
duodenum,YDR056C,0.1783,0.1169,4
duodenum,YDR057W,-0.0958,0.4579,4
duodenum,YDR058C,0.8428,0.3748,4
duodenum,YDR059C,0.8917,0.2247,4
duodenum,YDR060W,-1.4504,0.1713,4
duodenum,YDR061W,0.3523,0.1663,4
duodenum,YDR062W,-0.692,0.2067,4
duodenum,YDR063W,0.7262,0.1311,4
duodenum,YDR064W,-1.9265,1.1695,4
duodenum,YDR065W,-0.1192,0.2662,4
duodenum,YDR066C,0.0425,0.1,4
duodenum,YDR067C,0.3307,0.1,4
duodenum,YDR068W,0.2338,0.3108,4
duodenum,YDR069C,0.6685,0.1,4
duodenum,YDR070C,2.0855,0.616,4
duodenum,YDR071C,0.1163,0.2825,4
duodenum,YDR072C,0.1753,0.1896,4
duodenum,YDR073W,0.4248,0.1495,4
duodenum,YDR074W,3.6435,0.7673,4
duodenum,YDR075W,-1.1695,0.4367,4
duodenum,YDR076W,0.0665,0.2386,4
duodenum,YDR077W,2.849,0.8738,4
duodenum,YDR078C,0.2035,0.3584,4
duodenum,YDR079W,0.4975,0.2255,4
duodenum,YDR080W,-0.1618,0.479,4
duodenum,YDR081C,-0.3443,0.1,4
duodenum,YDR082W,-0.0513,0.1156,4
duodenum,YDR083W,-2.7,0.6356,4
duodenum,YDR084C,0.7745,0.2722,4
duodenum,YDR085C,1.919,0.351,4
duodenum,YDR086C,-0.7423,0.5265,4
duodenum,YDR087C,-2.904,0.861,4
duodenum,YDR088C,-0.032,0.2418,4
duodenum,YDR089W,-0.0545,0.2506,4
duodenum,YDR090C,0.2573,0.2732,4
duodenum,YDR091C,-2.1648,0.8883,4
duodenum,YDR092W,0.3896,0.1895,4
duodenum,YDR093W,-0.5274,0.2704,4
duodenum,YDR094W,-0.165,0.1349,4
duodenum,YDR095C,-0.2909,0.2992,4
duodenum,YDR096W,2.156,0.6316,4
duodenum,YDR097C,-1.6075,0.4072,4
duodenum,YDR098C,0.0708,0.2756,4
duodenum,YDR099W,0.9283,0.1635,4
duodenum,YDR100W,1.3277,0.1771,4
duodenum,YDR101C,-3.0697,0.8596,4
duodenum,YDR102C,-0.3103,0.1734,4
duodenum,YDR103W,0.4782,0.2609,4
duodenum,YDR104C,0.1472,0.1176,4
duodenum,YDR105C,0.807,0.2091,4
duodenum,YDR106W,-0.2385,0.2053,4
duodenum,YDR107C,0.496,0.1323,4
duodenum,YDR108W,0.1013,0.18,4
duodenum,YDR109C,0.2542,0.3603,4
duodenum,YDR110W,-0.7385,0.2004,4
duodenum,YDR111C,-0.807,0.4259,4
duodenum,YDR112W,-0.9463,0.6261,4
duodenum,YDR113C,-0.2968,0.1943,4
duodenum,YDR114C,-0.1025,0.1,4
duodenum,YDR115W,0.386,0.3348,4
duodenum,YDR116C,0.5373,0.1098,4
duodenum,YDR117C,-0.527,0.2155,4
duodenum,YDR118W,0.202,0.2221,4
duodenum,YDR119W,-0.9378,0.2087,4
duodenum,YDR120C,-2.34,0.6022,4
duodenum,YDR121W,-1.3702,0.4943,4
duodenum,YDR122W,1.4977,0.5684,4
duodenum,YDR123C,-0.1215,0.4596,4
duodenum,YDR124W,0.6175,0.5093,4
duodenum,YDR125C,0.4782,0.2871,4
duodenum,YDR126W,-0.5825,0.3274,4
duodenum,YDR127W,-0.6376,0.1477,4
duodenum,YDR128W,-0.0686,0.2048,4
duodenum,YDR129C,1.5537,0.5746,4
duodenum,YDR130C,0.296,0.1,4
duodenum,YDR131C,0.6548,0.4163,4
duodenum,YDR132C,-0.111,0.1049,4
duodenum,YDR133C,1.7572,0.7028,4
duodenum,YDR134C,0.9995,0.2227,4
duodenum,YDR135C,-0.158,0.7483,4
duodenum,YDR136C,-0.33,0.1215,4
duodenum,YDR137W,0.1293,0.1893,4
duodenum,YDR138W,-0.2572,0.2241,4
duodenum,YDR139C,-0.1165,0.1,4
duodenum,YDR140W,0.0447,0.1793,4
duodenum,YDR141C,0.1695,0.3469,4
duodenum,YDR142C,0.334,0.1179,4
duodenum,YDR143C,-0.4138,0.1399,4
duodenum,YDR144C,-1.457,0.214,4
duodenum,YDR145W,0.0467,0.1915,4
duodenum,YDR146C,-0.0105,0.2091,4
duodenum,YDR147W,-0.2665,0.2474,4
duodenum,YDR148C,1.4527,0.2878,4
duodenum,YDR149C,-0.1802,0.3396,4
duodenum,YDR150W,-0.1751,0.5345,4
duodenum,YDR151C,0.922,0.3466,4
duodenum,YDR152W,-1.075,0.2188,4
duodenum,YDR153C,0.2767,0.1092,4
duodenum,YDR154C,0.9675,0.2828,4
duodenum,YDR155C,1.0682,0.1,4
duodenum,YDR156W,-0.8882,0.1,4
duodenum,YDR157W,-0.9147,0.2451,4
duodenum,YDR158W,0.0805,0.1627,4
duodenum,YDR159W,0.15,0.3096,4
duodenum,YDR160W,-0.062,0.2992,4
duodenum,YDR161W,-2.3672,0.5661,4
duodenum,YDR162C,-0.0315,0.2408,4
duodenum,YDR163W,0.1547,0.152,4
duodenum,YDR164C,-0.204,0.3675,4
duodenum,YDR165W,-2.277,0.8386,4
duodenum,YDR166C,-0.9712,1.0205,4
duodenum,YDR167W,-0.4855,0.3048,4
duodenum,YDR168W,0.807,0.2048,4
duodenum,YDR169C,0.9245,0.3213,4
duodenum,YDR170C,-0.6783,0.5702,4
duodenum,YDR171W,5.2015,1.3729,4
duodenum,YDR172W,-1.156,0.6079,4
duodenum,YDR173C,0.209,0.1903,4
duodenum,YDR174W,0.4235,0.3945,4
duodenum,YDR175C,0.0015,0.3308,4
duodenum,YDR176W,0.073,0.1173,4
duodenum,YDR177W,0.0783,0.3718,4
duodenum,YDR178W,2.3413,0.67,4
duodenum,YDR179C,-0.414,0.4251,4
duodenum,YDR179W-A,-0.498,0.2611,4
duodenum,YDR180W,-0.0497,0.4839,4
duodenum,YDR181C,-0.0575,0.1321,4
duodenum,YDR182W,0.5988,0.3212,4
duodenum,YDR183W,0.0315,0.147,4
duodenum,YDR184C,-2.3867,1.0981,4
duodenum,YDR185C,-0.7305,0.4773,4
duodenum,YDR186C,0.6312,0.3127,4
duodenum,YDR187C,-0.519,0.3781,4
duodenum,YDR188W,-0.1225,0.3315,4
duodenum,YDR189W,-0.0747,0.1,4
duodenum,YDR190C,-0.6535,0.516,4
duodenum,YDR191W,0.1128,0.4552,4
duodenum,YDR192C,0.5052,0.1501,4
duodenum,YDR193W,0.2065,0.1602,4
duodenum,YDR194C,-0.0277,0.3951,4
duodenum,YDR195W,-0.3202,0.3576,4
duodenum,YDR196C,0.773,0.1,4
duodenum,YDR197W,1.059,0.2,4
duodenum,YDR198C,-0.4895,0.1425,4
duodenum,YDR199W,0.261,0.2981,4
duodenum,YDR200C,0.6267,0.2228,4
duodenum,YDR201W,0.2037,0.1,4
duodenum,YDR202C,1.4327,0.3959,4
duodenum,YDR203W,0.8712,0.3794,4
duodenum,YDR204W,2.2012,0.5322,4
duodenum,YDR205W,0.136,0.1,4
duodenum,YDR206W,-0.4635,0.5674,4
duodenum,YDR207C,-0.2359,0.2646,4
duodenum,YDR208W,0.479,0.2865,4
duodenum,YDR209C,0.5897,0.3888,4
duodenum,YDR210W,0.6215,0.2879,4
duodenum,YDR211W,-0.9775,0.4265,4
duodenum,YDR212W,-0.1305,0.2745,4
duodenum,YDR213W,-0.1177,0.1406,4
duodenum,YDR214W,3.1395,0.9281,4
duodenum,YDR215C,-0.0929,0.1812,4
duodenum,YDR216W,0.7333,0.7727,4
duodenum,YDR217C,-0.7597,0.4658,4
duodenum,YDR218C,0.1733,0.4152,4
duodenum,YDR219C,0.5268,0.1442,4
duodenum,YDR220C,-0.1455,0.1121,4
duodenum,YDR221W,0.5393,0.2822,4
duodenum,YDR222W,0.0515,0.3323,4
duodenum,YDR223W,0.2893,0.2919,4
duodenum,YDR224C,-0.4995,0.2372,4
duodenum,YDR225W,-0.9772,0.2161,4
duodenum,YDR226W,-0.159,0.3016,4
duodenum,YDR227W,-0.5986,0.1322,4
duodenum,YDR228C,0.299,0.1521,4
duodenum,YDR229W,0.2995,0.3386,4
duodenum,YDR230W,1.1472,0.2448,4
duodenum,YDR231C,1.155,0.2869,4
duodenum,YDR232W,-0.6686,0.2258,4
duodenum,YDR233C,-0.2705,0.2343,4
duodenum,YDR234W,-2.3115,0.3257,4
duodenum,YDR235W,-0.05,0.2133,4
duodenum,YDR236C,0.845,0.3093,4
duodenum,YDR237W,0.5071,0.3477,4
duodenum,YDR238C,-0.3622,0.1406,4
duodenum,YDR239C,-0.048,0.1,4
duodenum,YDR240C,-1.015,1.0392,4
duodenum,YDR241W,-0.5475,0.2625,4
duodenum,YDR242W,-0.0035,0.3357,4
duodenum,YDR243C,-0.0125,0.3122,4
duodenum,YDR244W,0.7488,0.4331,4
duodenum,YDR245W,-0.7411,0.7265,4
duodenum,YDR246W,0.578,0.1416,4
duodenum,YDR247W,1.2102,0.4841,4
duodenum,YDR248C,0.972,0.2025,4
duodenum,YDR249C,-0.1913,0.1831,4
duodenum,YDR250C,-0.1235,0.4214,4
duodenum,YDR251W,0.78,0.2769,4
duodenum,YDR252W,0.095,0.1819,4
duodenum,YDR253C,-0.1525,0.1,4
duodenum,YDR254W,1.16,0.2587,4
duodenum,YDR255C,0.953,0.4491,4
duodenum,YDR256C,0.2492,0.4304,4
duodenum,YDR257C,-0.2565,0.1434,4
duodenum,YDR258C,3.8259,1.7525,4
duodenum,YDR259C,0.9808,0.2373,4
duodenum,YDR260C,0.2513,0.472,4
duodenum,YDR261C,0.4195,0.2664,4
duodenum,YDR262W,0.591,0.2628,4
duodenum,YDR263C,-0.447,0.1,4
duodenum,YDR264C,0.0329,0.3875,4
duodenum,YDR265W,0.2174,0.2749,4
duodenum,YDR266C,0.2066,0.2583,4
duodenum,YDR267C,-0.7833,0.4321,4
duodenum,YDR268W,0.1704,0.1,4
duodenum,YDR269C,-0.1467,0.2548,4
duodenum,YDR270W,0.1981,0.2187,4
duodenum,YDR271C,0.0519,0.177,4
duodenum,YDR272W,1.3698,0.1909,4
duodenum,YDR273W,0.4278,0.3431,4
duodenum,YDR274C,-0.8817,0.341,4
duodenum,YDR275W,-0.3636,0.2192,4
duodenum,YDR276C,1.1538,0.1326,4
duodenum,YDR277C,1.3582,0.5402,4
duodenum,YDR278C,-0.4263,0.6219,4
duodenum,YDR279W,-0.8317,0.2718,4
duodenum,YDR280W,-0.9238,0.4941,4
duodenum,YDR281C,-1.1033,0.5927,4
duodenum,YDR282C,0.5627,0.2335,4
duodenum,YDR283C,-0.013,0.8448,4
duodenum,YDR284C,0.7398,0.1182,4
duodenum,YDR285W,0.1885,0.2017,4
duodenum,YDR286C,0.9945,0.3034,4
duodenum,YDR287W,1.3043,0.2206,4
duodenum,YDR288W,0.4128,0.1438,4
duodenum,YDR289C,0.4477,0.1,4
duodenum,YDR290W,0.2275,0.1724,4
duodenum,YDR291W,-0.2638,0.1965,4
duodenum,YDR292C,-0.2533,0.1316,4
duodenum,YDR293C,1.0478,0.3875,4
duodenum,YDR294C,0.9705,0.2137,4
duodenum,YDR295C,-0.3628,0.425,4
duodenum,YDR296W,0.2722,0.2664,4
duodenum,YDR297W,-0.8365,0.1578,4
duodenum,YDR298C,0.3787,0.2178,4
duodenum,YDR299W,-3.477,0.9194,4
duodenum,YDR300C,-1.8798,0.6352,4
duodenum,YDR301W,-0.3075,0.3761,4
duodenum,YDR302W,-0.0915,0.1018,4
duodenum,YDR303C,0.0532,0.2259,4
duodenum,YDR304C,0.9042,0.3677,4
duodenum,YDR305C,0.0837,0.3121,4
duodenum,YDR306C,0.8347,0.212,4
duodenum,YDR307W,0.65,0.2221,4
duodenum,YDR308C,-0.0175,0.184,4
duodenum,YDR309C,-0.6293,0.2292,4
duodenum,YDR310C,-0.0175,0.1299,4
duodenum,YDR311W,-0.0025,0.2266,4
duodenum,YDR312W,-1.9653,0.7198,4
duodenum,YDR313C,0.8327,0.3909,4
duodenum,YDR314C,0.771,0.2441,4
duodenum,YDR315C,0.464,0.166,4
duodenum,YDR316W,0.5377,0.316,4
duodenum,YDR317W,-0.3855,0.3581,4
duodenum,YDR318W,0.3692,0.1042,4
duodenum,YDR319C,0.657,0.4469,4
duodenum,YDR320C,0.5295,0.2161,4
duodenum,YDR321W,-2.0492,0.6527,4
duodenum,YDR322W,0.4357,0.4379,4
duodenum,YDR323C,0.1057,0.4185,4
duodenum,YDR324C,-2.3233,1.1039,4
duodenum,YDR325W,-0.52,0.4761,4
duodenum,YDR326C,0.0715,0.1,4
duodenum,YDR327W,0.1893,0.1775,4
duodenum,YDR328C,0.5842,0.1312,4
duodenum,YDR329C,0.661,0.4663,4
duodenum,YDR330W,1.378,0.5879,4
duodenum,YDR331W,-0.5568,0.1,4
duodenum,YDR332W,0.374,0.3183,4
duodenum,YDR333C,-0.187,0.1578,4
duodenum,YDR334W,0.3372,0.5885,4
duodenum,YDR335W,0.5282,0.328,4
duodenum,YDR336W,0.1778,0.1418,4
duodenum,YDR337W,0.5132,0.2028,4
duodenum,YDR338C,0.3382,0.5218,4
duodenum,YDR339C,-1.1678,0.3183,4
duodenum,YDR340W,0.1918,0.3631,4
duodenum,YDR341C,-1.371,0.2377,4
duodenum,YDR342C,4.3287,0.9276,4
duodenum,YDR343C,4.1205,0.7549,4
duodenum,YDR344C,0.1,0.3693,4
duodenum,YDR345C,0.506,0.5077,4
duodenum,YDR346C,-1.114,0.1567,4
duodenum,YDR347W,0.5135,0.1,4
duodenum,YDR348C,-0.0085,0.1401,4
duodenum,YDR349C,-0.3332,0.1023,4
duodenum,YDR350C,0.8438,0.3082,4
duodenum,YDR351W,0.1715,0.2366,4
duodenum,YDR352W,-0.2875,0.1664,4
duodenum,YDR353W,0.425,0.1467,4
duodenum,YDR354W,0.0483,0.3058,4
duodenum,YDR355C,-0.4208,0.1525,4
duodenum,YDR356W,-0.1565,0.3969,4
duodenum,YDR357C,0.322,0.1656,4
duodenum,YDR358W,2.0042,0.5824,4
duodenum,YDR359C,0.345,0.4211,4
duodenum,YDR360W,0.1703,0.3339,4
duodenum,YDR361C,-2.9075,0.6816,4
duodenum,YDR362C,0.09,0.1041,4
duodenum,YDR363W,-0.1745,0.1,4
duodenum,YDR364C,-0.3292,0.2122,4
duodenum,YDR365C,-1.608,0.347,4
duodenum,YDR366C,0.0835,0.2152,4
duodenum,YDR367W,-0.262,0.2165,4
duodenum,YDR368W,1.1935,0.1012,4
duodenum,YDR369C,0.4248,0.1305,4
duodenum,YDR370C,-0.595,0.4674,4
duodenum,YDR371W,0.599,0.1321,4
duodenum,YDR372C,-0.3213,0.4102,4
duodenum,YDR373W,0.665,0.122,4
duodenum,YDR374C,-0.246,0.137,4
duodenum,YDR375C,0.3873,0.2517,4
duodenum,YDR376W,0.508,0.1,4
duodenum,YDR377W,0.925,0.1563,4
duodenum,YDR378C,0.1755,0.3052,4
duodenum,YDR379W,0.6085,0.3327,4
duodenum,YDR380W,4.5953,1.3259,4
duodenum,YDR381W,-0.935,0.7145,4
duodenum,YDR382W,-1.3865,0.8382,4
duodenum,YDR383C,-0.264,0.2803,4
duodenum,YDR384C,-0.3725,0.379,4
duodenum,YDR385W,-1.7115,0.7254,4
duodenum,YDR386W,0.4775,0.1894,4
duodenum,YDR387C,0.7183,0.2068,4
duodenum,YDR388W,1.2783,0.3825,4
duodenum,YDR389W,-0.165,0.1614,4
duodenum,YDR390C,-0.2943,0.1542,4
duodenum,YDR391C,1.988,0.6843,4
duodenum,YDR392W,0.5817,0.1279,4
duodenum,YDR393W,-0.1135,0.116,4
duodenum,YDR394W,0.7947,0.1656,4
duodenum,YDR395W,-1.238,0.2728,4
duodenum,YDR396W,-0.5603,0.3577,4
duodenum,YDR397C,-0.758,0.2697,4
duodenum,YDR398W,-2.9643,1.1994,4
duodenum,YDR399W,-2.7765,0.741,4
duodenum,YDR400W,-0.071,0.1321,4
duodenum,YDR401W,-0.4718,0.217,4
duodenum,YDR402C,0.0715,0.1282,4
duodenum,YDR403W,0.0308,0.3523,4
duodenum,YDR404C,0.166,0.2338,4
duodenum,YDR405W,0.3515,0.2501,4
duodenum,YDR406W,1.3924,0.6496,4
duodenum,YDR407C,0.1537,1.4512,4
duodenum,YDR408C,-0.2105,0.2648,4
duodenum,YDR409W,0.1408,0.5672,4
duodenum,YDR410C,0.0745,0.3668,4
duodenum,YDR411C,0.3812,0.1339,4
duodenum,YDR412W,-1.9725,0.8945,4
duodenum,YDR413C,-2.1532,0.5847,4
duodenum,YDR414C,-0.429,0.3413,4
duodenum,YDR415C,0.505,0.5039,4
duodenum,YDR416W,-0.084,0.2485,4
duodenum,YDR417C,-2.1195,1.1423,4
duodenum,YDR418W,-1.9518,1.5045,4
duodenum,YDR419W,-0.2115,0.2195,4
duodenum,YDR420W,0.0225,0.2064,4
duodenum,YDR421W,0.684,0.4276,4
duodenum,YDR422C,0.5495,0.1256,4
duodenum,YDR423C,0.808,0.6078,4
duodenum,YDR424C,0.4057,0.3335,4
duodenum,YDR425W,0.8912,0.4654,4
duodenum,YDR426C,0.8422,0.5564,4
duodenum,YDR427W,0.7378,0.2776,4
duodenum,YDR428C,0.0475,0.4067,4
duodenum,YDR429C,-1.7195,0.7383,4
duodenum,YDR430C,-1.0,0.25,4
duodenum,YDR431W,0.2883,0.2142,4
duodenum,YDR432W,0.2415,0.3438,4
duodenum,YDR433W,0.059,0.3145,4
duodenum,YDR434W,1.7803,1.3969,4
duodenum,YDR435C,1.327,0.5865,4
duodenum,YDR436W,1.362,0.508,4
duodenum,YDR437W,-0.0108,0.1692,4
duodenum,YDR438W,0.2828,0.1667,4
duodenum,YDR439W,0.0328,0.1869,4
duodenum,YDR440W,-0.555,0.1523,4
duodenum,YDR441C,-0.9953,0.1,4
duodenum,YDR442W,0.325,0.3006,4
duodenum,YDR443C,0.1317,0.2399,4
duodenum,YDR444W,-0.4168,0.1416,4
duodenum,YDR445C,-0.7582,0.1,4
duodenum,YDR446W,-0.3795,0.2445,4
duodenum,YDR447C,-2.3055,1.4863,4
duodenum,YDR448W,-0.2425,0.1714,4
duodenum,YDR449C,-2.3005,0.8449,4
duodenum,YDR450W,-2.004,1.3352,4
duodenum,YDR451C,-0.07,0.6142,4
duodenum,YDR452W,0.3618,0.3697,4
duodenum,YDR453C,2.7498,0.4081,4
duodenum,YDR454C,-1.2552,0.8318,4
duodenum,YDR455C,-0.1893,0.4284,4
duodenum,YDR456W,-0.0013,0.3422,4
duodenum,YDR457W,-0.6559,0.1617,4
duodenum,YDR458C,0.068,0.1552,4
duodenum,YDR459C,-0.222,0.438,4
duodenum,YDR460W,0.1697,0.1437,4
duodenum,YDR461W,-1.121,0.7344,4
duodenum,YDR462W,0.7917,0.1543,4
duodenum,YDR463W,0.0118,0.1,4
duodenum,YDR464W,-0.4231,0.2407,4
duodenum,YDR465C,-3.1995,0.6708,4
duodenum,YDR466W,0.519,0.1373,4
duodenum,YDR467C,0.3727,0.1307,4
duodenum,YDR468C,0.1138,0.3267,4
duodenum,YDR469W,-0.4625,0.3484,4
duodenum,YDR470C,0.3175,0.1096,4
duodenum,YDR471W,-2.3512,1.4692,4
duodenum,YDR472W,-0.4903,0.2424,4
duodenum,YDR473C,-0.0168,0.1,4
duodenum,YDR474C,1.5125,0.3631,4
duodenum,YDR475C,0.9658,0.3684,4
duodenum,YDR476C,0.4898,0.1756,4
duodenum,YDR477W,0.435,0.3043,4
duodenum,YDR478W,-0.257,0.1,4
duodenum,YDR479C,1.0688,0.3926,4
duodenum,YDR480W,0.2342,0.1869,4
duodenum,YDR481C,0.467,0.2343,4
duodenum,YDR482C,-0.136,0.2827,4
duodenum,YDR483W,-0.0428,0.1,4
duodenum,YDR484W,0.5883,0.1371,4
duodenum,YDR485C,0.6155,0.59,4
duodenum,YDR486C,0.3367,0.1654,4
duodenum,YDR487C,-0.3882,0.2926,4
duodenum,YDR488C,-0.2655,0.1482,4
duodenum,YDR489W,0.0853,0.1977,4
duodenum,YDR490C,1.1118,0.1287,4
duodenum,YDR491C,-2.0278,0.3761,4
duodenum,YDR492W,-2.2003,0.4566,4
duodenum,YDR493W,0.2515,0.2866,4
duodenum,YDR494W,0.601,0.1,4
duodenum,YDR495C,0.2293,0.2476,4
duodenum,YDR496C,-3.8848,1.2707,4
duodenum,YDR497C,0.9995,0.2442,4
duodenum,YDR498C,0.1737,0.2948,4
duodenum,YDR499W,-0.1067,0.3278,4
duodenum,YDR500C,-1.654,1.2246,4
duodenum,YDR501W,-0.517,0.2645,4
duodenum,YDR502C,-0.6733,0.7189,4
duodenum,YDR503C,0.7492,0.3494,4
duodenum,YDR504C,0.5913,0.1551,4
duodenum,YDR505C,1.248,0.5469,4
duodenum,YDR506C,0.6755,0.4272,4
duodenum,YDR507C,-1.3042,0.6303,4
duodenum,YDR508C,0.6715,0.2397,4
duodenum,YDR509W,-0.4566,0.7722,4
duodenum,YDR510W,0.3123,0.2563,4
duodenum,YDR511W,1.1407,0.1891,4
duodenum,YDR512C,1.361,0.1596,4
duodenum,YDR513W,2.3973,0.3964,4
duodenum,YDR514C,-0.6102,0.3189,4
duodenum,YDR515W,0.437,0.2899,4
duodenum,YDR516C,2.9312,0.4733,4
duodenum,YDR517W,0.8405,0.4578,4
duodenum,YDR518W,0.1942,0.1,4
duodenum,YDR519W,-0.1093,0.1,4
duodenum,YDR520C,-0.0205,0.1,4
duodenum,YDR521W,-0.3565,0.1112,4
duodenum,YDR522C,-0.1145,0.1689,4
duodenum,YDR523C,-1.1033,0.4511,4
duodenum,YDR524C,-0.5375,0.211,4
duodenum,YDR525W,-0.5895,0.2085,4
duodenum,YDR526C,-1.0245,0.1,4
duodenum,YDR527W,-0.5462,0.8226,4
duodenum,YDR528W,-0.5347,0.1932,4
duodenum,YDR529C,1.2737,0.427,4
duodenum,YDR530C,0.5545,0.1763,4
duodenum,YDR531W,0.0305,0.1,4
duodenum,YDR532C,0.1093,0.3154,4
duodenum,YDR533C,3.494,1.044,4
duodenum,YDR534C,-0.391,0.2747,4
duodenum,YDR535C,0.4142,0.5232,4
duodenum,YDR536W,0.2205,0.2867,4
duodenum,YDR537C,-0.0737,0.1,4
duodenum,YDR538W,-0.1388,0.1559,4
duodenum,YDR539W,0.338,0.1,4
duodenum,YDR540C,0.6873,0.5021,4
duodenum,YDR541C,0.1965,0.4263,4
duodenum,YDR542W,0.0872,0.4319,4
duodenum,YDR543C,-0.1573,0.2264,4
duodenum,YDR544C,-0.0137,0.1407,4
duodenum,YDR545W,0.0269,0.1754,4
duodenum,YEL001C,-0.7027,0.4569,4
duodenum,YEL002C,-0.1625,0.2698,4
duodenum,YEL003W,-0.6755,0.3901,4
duodenum,YEL004W,0.0253,0.2179,4
duodenum,YEL005C,-0.172,0.5182,4
duodenum,YEL006W,0.0864,0.3466,4
duodenum,YEL007W,-0.2263,0.3281,4
duodenum,YEL008W,-0.4455,0.1169,4
duodenum,YEL009C,-0.908,0.556,4
duodenum,YEL010W,0.2903,1.0648,4
duodenum,YEL011W,2.3507,0.7642,4
duodenum,YEL012W,1.0927,0.504,4
duodenum,YEL013W,0.491,0.4063,4
duodenum,YEL014C,-0.5095,0.2916,4
duodenum,YEL015W,-0.2298,0.4531,4
duodenum,YEL016C,-0.8028,0.1858,4
duodenum,YEL017C-A,-0.3945,0.2816,4
duodenum,YEL017W,0.2635,0.1,4
duodenum,YEL018W,-0.2485,0.3454,4
duodenum,YEL019C,-0.565,0.1433,4
duodenum,YEL020C,0.7135,0.2096,4
duodenum,YEL021W,-0.9102,0.4361,4
duodenum,YEL022W,-0.2708,0.4059,4
duodenum,YEL023C,0.923,0.25,4
duodenum,YEL024W,1.8137,0.1655,4
duodenum,YEL025C,-0.111,0.2008,4
duodenum,YEL026W,-2.312,1.0449,4
duodenum,YEL027W,-0.209,0.5727,4
duodenum,YEL028W,0.3087,1.3773,4
duodenum,YEL029C,-0.8033,0.3488,4
duodenum,YEL030W,0.2792,0.5964,4
duodenum,YEL031W,-0.3237,0.4259,4
duodenum,YEL032W,-0.244,1.2485,4
duodenum,YEL033W,-0.2253,0.2844,4
duodenum,YEL034W,0.1165,0.2049,4
duodenum,YEL035C,-0.684,1.2313,4
duodenum,YEL036C,-0.506,0.219,4
duodenum,YEL037C,-0.1512,0.3388,4
duodenum,YEL038W,0.7303,0.1125,4
duodenum,YEL039C,2.1662,0.2356,4
duodenum,YEL040W,-0.578,0.604,4
duodenum,YEL041W,0.4583,0.2647,4
duodenum,YEL042W,-1.4403,0.5457,4
duodenum,YEL043W,-0.3952,0.1996,4
duodenum,YEL044W,-0.689,0.5327,4
duodenum,YEL045C,-1.278,0.1607,4
duodenum,YEL046C,-1.342,0.7597,4
duodenum,YEL047C,0.3423,0.2753,4
duodenum,YEL048C,-1.181,0.3552,4
duodenum,YEL049W,-0.2465,0.6652,4
duodenum,YEL050C,0.736,0.7396,4
duodenum,YEL051W,-0.5565,0.3596,4
duodenum,YEL052W,0.3635,0.2684,4
duodenum,YEL053C,-1.1683,0.2735,4
duodenum,YEL054C,-1.9962,1.3606,4
duodenum,YEL055C,-1.7306,0.2674,4
duodenum,YEL056W,-0.1428,0.1531,4
duodenum,YEL057C,-0.2338,0.9765,4
duodenum,YEL058W,-0.0348,0.4362,4
duodenum,YEL059C-A,-4.315,0.25,4
duodenum,YEL059W,-0.2173,0.4066,4
duodenum,YEL060C,2.5557,0.3467,4
duodenum,YEL061C,-0.7681,0.3989,4
duodenum,YEL062W,0.2715,0.2421,4
duodenum,YEL063C,-0.1845,0.5271,4
duodenum,YEL064C,-0.8403,0.8544,4
duodenum,YEL065W,-1.4365,0.4117,4
duodenum,YEL066W,0.284,0.2817,4
duodenum,YEL067C,-0.816,0.5176,4
duodenum,YEL068C,-0.199,0.1225,4
duodenum,YEL069C,-0.0693,1.1592,4
duodenum,YEL070W,-0.3372,0.4942,4
duodenum,YEL071W,0.6058,0.9062,4
duodenum,YEL072W,0.1258,0.1798,4
duodenum,YEL073C,1.2372,0.5254,4
duodenum,YEL074W,-0.2445,0.3419,4
duodenum,YEL075C,-0.5477,0.2431,4
duodenum,YEL076C,-0.376,0.2825,4
duodenum,YEL076C-A,-0.2278,0.2619,4
duodenum,YEL076W-C,-0.3185,0.3415,4
duodenum,YEL077C,-0.0725,0.2978,4
duodenum,YER001W,-0.7695,1.1056,4
duodenum,YER002W,-1.2385,0.2454,4
duodenum,YER003C,-0.2535,0.3416,4
duodenum,YER004W,0.4813,0.3164,4
duodenum,YER005W,-0.2965,0.353,4
duodenum,YER006W,-2.9695,0.3604,4
duodenum,YER007C-A,-0.6338,0.4222,4
duodenum,YER007W,-0.3385,0.2099,4
duodenum,YER008C,0.0277,0.3059,4
duodenum,YER009W,-0.4148,0.1616,4
duodenum,YER010C,-0.2127,0.1662,4
duodenum,YER011W,-0.1555,0.463,4
duodenum,YER012W,0.2677,0.1102,4
duodenum,YER013W,-0.0691,0.1687,4
duodenum,YER014W,0.1907,0.3573,4
duodenum,YER015W,0.136,0.8207,4
duodenum,YER016W,-0.4708,0.1559,4
duodenum,YER017C,0.0364,0.4887,4
duodenum,YER018C,-0.0835,0.3549,4
duodenum,YER019C-A,-0.5595,0.4948,4
duodenum,YER019W,-0.0177,0.1628,4
duodenum,YER020W,1.2632,0.4208,4
duodenum,YER021W,0.6883,0.1,4
duodenum,YER022W,0.1308,0.2182,4
duodenum,YER023W,0.0077,0.1,4
duodenum,YER024W,0.5105,0.1765,4
duodenum,YER025W,-1.847,0.8343,4
duodenum,YER026C,1.3758,0.2708,4
duodenum,YER027C,0.5833,0.1,4
duodenum,YER028C,-0.1105,0.3731,4
duodenum,YER029C,-0.5703,0.3798,4
duodenum,YER030W,0.3187,0.1,4
duodenum,YER031C,-0.121,0.433,4
duodenum,YER032W,-0.531,0.3512,4
duodenum,YER033C,1.6505,0.4832,4
duodenum,YER034W,0.388,0.4849,4
duodenum,YER035W,1.8317,0.3339,4
duodenum,YER036C,-1.4527,0.5047,4
duodenum,YER037W,3.0642,0.6487,4
duodenum,YER038C,1.3322,0.5127,4
duodenum,YER039C,0.7462,0.2734,4
duodenum,YER040W,0.4392,0.1,4
duodenum,YER041W,0.4878,0.1663,4
duodenum,YER042W,-0.599,0.3528,4
duodenum,YER043C,-1.1895,0.6283,4
duodenum,YER044C,0.8332,0.3019,4
duodenum,YER044C-A,-0.4155,0.1,4
duodenum,YER045C,0.3185,0.2329,4
duodenum,YER046W,0.1058,0.2877,4
duodenum,YER047C,0.6392,0.2422,4
duodenum,YER048C,0.613,0.1203,4
duodenum,YER049W,-1.8355,0.6106,4
duodenum,YER050C,0.4115,0.3167,4
duodenum,YER051W,0.4965,0.1908,4
duodenum,YER052C,-0.5907,0.5649,4
duodenum,YER053C,2.611,0.2814,4
duodenum,YER054C,1.3473,0.7237,4
duodenum,YER055C,-1.3028,0.3689,4
duodenum,YER056C,-1.94,0.8654,4
duodenum,YER056C-A,-1.6008,1.203,4
duodenum,YER057C,0.0615,0.2647,4
duodenum,YER058W,1.416,0.3267,4
duodenum,YER059W,0.6013,0.2112,4
duodenum,YER060W,-0.8801,0.3193,4
duodenum,YER060W-A,-0.8751,0.3171,4
duodenum,YER061C,0.6055,0.4876,4
duodenum,YER062C,2.8125,0.3284,4
duodenum,YER063W,-0.164,0.2636,4
duodenum,YER064C,0.4605,0.3117,4
duodenum,YER065C,0.5195,0.8023,4
duodenum,YER066C-A,0.923,0.25,4
duodenum,YER066W,0.0125,0.8638,4
duodenum,YER067W,5.0155,1.5667,4
duodenum,YER068W,0.352,0.2839,4
duodenum,YER069W,-0.002,0.9325,4
duodenum,YER070W,-2.2035,0.7158,4
duodenum,YER071C,-0.2665,0.1743,4
duodenum,YER072W,-0.8745,0.5463,4
duodenum,YER073W,-1.877,0.429,4
duodenum,YER074W,-2.0562,1.271,4
duodenum,YER075C,-1.13,0.4791,4
duodenum,YER076C,0.4758,0.3712,4
duodenum,YER077C,-0.3962,0.7454,4
duodenum,YER078C,0.0747,0.1904,4
duodenum,YER079W,2.1597,0.8985,4
duodenum,YER080W,0.6088,0.1149,4
duodenum,YER081W,0.0678,0.7396,4
duodenum,YER082C,-2.0385,0.7047,4
duodenum,YER083C,0.1337,0.3052,4
duodenum,YER084W,0.0785,0.2408,4
duodenum,YER085C,-0.6152,0.2081,4
duodenum,YER086W,-1.5813,0.5025,4
duodenum,YER087C-A,-0.617,0.3996,4
duodenum,YER087W,0.8508,0.3812,4
duodenum,YER088C,0.7043,1.0945,4
duodenum,YER089C,-0.3299,0.2249,4
duodenum,YER090W,-0.4517,0.2803,4
duodenum,YER091C,0.299,0.3071,4
duodenum,YER092W,0.0515,0.1715,4
duodenum,YER093C,-0.0834,0.1758,4
duodenum,YER093C-A,0.6855,0.3324,4
duodenum,YER094C,0.4693,0.2581,4
duodenum,YER095W,0.9397,0.4195,4
duodenum,YER096W,0.8635,0.3095,4
duodenum,YER097W,0.3685,0.3661,4
duodenum,YER098W,0.7958,0.5603,4
duodenum,YER099C,-0.183,0.1302,4
duodenum,YER100W,-0.0488,0.1602,4
duodenum,YER101C,0.6883,0.28,4
duodenum,YER102W,-2.1963,1.2587,4
duodenum,YER103W,6.3325,1.4073,4
duodenum,YER104W,-0.1595,0.1522,4
duodenum,YER105C,-0.1015,0.2281,4
duodenum,YER106W,-0.4915,0.3102,4
duodenum,YER107C,-0.2058,0.2309,4
duodenum,YER108C,-0.2137,0.212,4
duodenum,YER109C,-0.0248,0.6885,4
duodenum,YER110C,-3.1572,0.547,4
duodenum,YER111C,-0.0129,0.6932,4
duodenum,YER112W,-0.573,0.4208,4
duodenum,YER113C,-0.143,0.2214,4
duodenum,YER114C,-0.591,0.1333,4
duodenum,YER115C,-0.161,0.5122,4
duodenum,YER116C,0.225,0.2313,4
duodenum,YER117W,-1.9968,1.2611,4
duodenum,YER118C,-1.08,0.445,4
duodenum,YER119C,2.0347,0.3473,4
duodenum,YER119C-A,-0.4555,0.5535,4
duodenum,YER120W,-0.2702,0.1859,4
duodenum,YER121W,1.064,0.2858,4
duodenum,YER122C,-0.1833,0.1629,4
duodenum,YER123W,-0.1183,0.2461,4
duodenum,YER124C,0.0248,0.1014,4
duodenum,YER125W,0.373,0.1434,4
duodenum,YER126C,-3.6008,1.2827,4
duodenum,YER127W,-2.1858,0.9589,4
duodenum,YER128W,-0.0897,0.2331,4
duodenum,YER129W,-0.2233,0.4041,4
duodenum,YER130C,0.4002,0.1974,4
duodenum,YER131W,-2.2877,1.3661,4
duodenum,YER132C,-0.6521,0.2627,4
duodenum,YER133W,0.3797,0.1746,4
duodenum,YER134C,0.1249,0.262,4
duodenum,YER135C,0.473,1.1597,4
duodenum,YER136W,0.5403,0.1,4
duodenum,YER137C,-0.5942,0.2476,4
duodenum,YER138C,0.4236,0.3128,4
duodenum,YER139C,0.4827,0.1748,4
duodenum,YER140W,-0.4592,0.1,4
duodenum,YER141W,1.7688,0.4716,4
duodenum,YER142C,1.3272,0.3047,4
duodenum,YER143W,1.6845,0.8212,4
duodenum,YER144C,0.0712,0.3632,4
duodenum,YER145C,-1.157,0.3114,4
duodenum,YER146W,-0.7007,0.3931,4
duodenum,YER147C,-0.2472,0.1,4
duodenum,YER148W,-0.9022,0.2236,4
duodenum,YER149C,-0.5237,0.1844,4
duodenum,YER150W,4.313,0.8553,4
duodenum,YER151C,0.5017,0.1471,4
duodenum,YER152C,0.261,0.4611,4
duodenum,YER153C,-0.3185,0.1106,4
duodenum,YER154W,0.0503,0.1,4
duodenum,YER155C,-0.0836,0.1424,4
duodenum,YER156C,-1.9013,0.6021,4
duodenum,YER157W,0.3058,0.1557,4
duodenum,YER158C,1.192,0.5547,4
duodenum,YER159C,-0.009,0.2635,4
duodenum,YER160C,0.2454,0.4549,4
duodenum,YER161C,-0.0298,0.1778,4
duodenum,YER162C,0.5158,0.7366,4
duodenum,YER163C,1.3033,0.4341,4
duodenum,YER164W,-0.793,0.2006,4
duodenum,YER165W,-1.8802,0.911,4
duodenum,YER166W,-0.492,0.3535,4
duodenum,YER167W,0.4057,0.1562,4
duodenum,YER168C,-0.5998,0.3114,4
duodenum,YER169W,0.523,0.4311,4
duodenum,YER170W,-0.0302,0.1,4
duodenum,YER171W,-0.7185,0.2311,4
duodenum,YER172C,-0.2115,0.2655,4
duodenum,YER173W,-0.162,0.1,4
duodenum,YER174C,-0.2562,0.2493,4
duodenum,YER175C,1.073,0.4096,4
duodenum,YER176W,-0.2572,0.1,4
duodenum,YER177W,1.423,0.3756,4
duodenum,YER178W,0.3788,0.1726,4
duodenum,YER179W,0.3972,0.3215,4
duodenum,YER180C,-0.247,0.1,4
duodenum,YER181C,-0.8535,0.9262,4
duodenum,YER182W,1.1115,0.1974,4
duodenum,YER183C,-0.6703,0.581,4
duodenum,YER184C,-0.1055,0.2014,4
duodenum,YER185W,-0.3982,0.2673,4
duodenum,YER186C,-0.7037,0.1483,4
duodenum,YER187W,-0.5077,0.1057,4
duodenum,YER188W,-0.0452,0.2174,4
duodenum,YER189W,-0.4677,0.2128,4
duodenum,YER190W,-0.0628,0.2454,4
duodenum,YFL001W,-0.7605,0.2097,4
duodenum,YFL002C,-1.6118,0.3663,4
duodenum,YFL003C,-0.1018,0.8315,4
duodenum,YFL004W,-1.1507,0.2953,4
duodenum,YFL005W,0.241,0.1834,4
duodenum,YFL006W,-0.1072,0.2969,4
duodenum,YFL007W,-0.0735,0.2454,4
duodenum,YFL008W,-0.2757,0.207,4
duodenum,YFL009W,0.4258,0.259,4
duodenum,YFL010C,0.763,0.4833,4
duodenum,YFL010W-A,0.5832,0.1438,4
duodenum,YFL011W,-0.195,0.1701,4
duodenum,YFL012W,-0.3725,0.2398,4
duodenum,YFL013C,0.2495,0.1238,4
duodenum,YFL013W-A,-1.0,0.25,4
duodenum,YFL014W,7.41,0.2488,4
duodenum,YFL015C,0.7857,0.325,4
duodenum,YFL016C,2.4625,0.6023,4
duodenum,YFL017C,-0.059,0.352,4
duodenum,YFL017W-A,0.1491,0.7291,4
duodenum,YFL018C,1.0128,0.3668,4
duodenum,YFL019C,-0.3301,0.2047,4
duodenum,YFL020C,0.3017,0.3405,4
duodenum,YFL021W,0.8542,0.1,4
duodenum,YFL022C,-1.0733,0.8248,4
duodenum,YFL023W,-1.8335,0.8084,4
duodenum,YFL024C,0.0331,0.3423,4
duodenum,YFL025C,-0.0117,0.3631,4
duodenum,YFL026W,-0.3043,0.5006,4
duodenum,YFL027C,-0.09,0.1729,4
duodenum,YFL028C,-0.0542,0.3793,4
duodenum,YFL029C,0.1298,0.116,4
duodenum,YFL030W,1.1325,0.2683,4
duodenum,YFL031W,0.273,0.3876,4
duodenum,YFL032W,0.0585,0.3625,4
duodenum,YFL033C,-0.1418,0.1103,4
duodenum,YFL034C-A,-1.7112,0.9136,4
duodenum,YFL034C-B,-0.2561,0.3101,4
duodenum,YFL034W,0.4183,0.1,4
duodenum,YFL036W,1.008,0.1395,4
duodenum,YFL037W,0.0417,0.1194,4
duodenum,YFL038C,0.6952,0.1361,4
duodenum,YFL039C,0.4093,0.1,4
duodenum,YFL040W,0.58,0.2665,4
duodenum,YFL041W,-0.1557,0.377,4
duodenum,YFL042C,1.704,0.5484,4
duodenum,YFL043C,1.1105,0.407,4
duodenum,YFL044C,1.515,0.4818,4
duodenum,YFL045C,-1.2665,0.551,4
duodenum,YFL046W,0.2605,0.1264,4
duodenum,YFL047W,0.298,0.1542,4
duodenum,YFL048C,0.765,0.1377,4
duodenum,YFL049W,0.3045,0.1,4
duodenum,YFL050C,-0.232,0.269,4
duodenum,YFL051C,0.2642,0.7979,4
duodenum,YFL052W,0.8222,0.8807,4
duodenum,YFL053W,1.0597,0.7619,4
duodenum,YFL054C,1.9813,0.6777,4
duodenum,YFL055W,0.4607,0.4019,4
duodenum,YFL056C,0.2898,0.1921,4
duodenum,YFL057C,-0.5305,0.6154,4
duodenum,YFL058W,0.5767,0.1522,4
duodenum,YFL059W,0.0535,0.3166,4
duodenum,YFL060C,0.319,0.2271,4
duodenum,YFL061W,-0.161,0.2428,4
duodenum,YFL062W,0.9375,0.244,4
duodenum,YFL063W,-0.565,0.1,4
duodenum,YFL064C,0.0238,0.5791,4
duodenum,YFL065C,-0.2555,0.2446,4
duodenum,YFL066C,0.624,0.288,4
duodenum,YFL067W,0.191,0.1618,4
duodenum,YFL068W,0.3035,0.1801,4
duodenum,YFR001W,-2.5057,0.8895,4
duodenum,YFR002W,-0.0693,0.5682,4
duodenum,YFR003C,1.0068,0.4288,4
duodenum,YFR004W,0.9407,0.3214,4
duodenum,YFR005C,-0.661,0.2117,4
duodenum,YFR006W,0.244,0.174,4
duodenum,YFR007W,0.2105,0.1833,4
duodenum,YFR008W,0.4865,0.2903,4
duodenum,YFR009W,-0.2045,0.1657,4
duodenum,YFR010W,0.832,0.3175,4
duodenum,YFR011C,0.3953,0.2221,4
duodenum,YFR012W,-0.1317,0.1799,4
duodenum,YFR013W,-0.0745,0.2664,4
duodenum,YFR014C,1.7183,0.4136,4
duodenum,YFR015C,2.364,0.6831,4
duodenum,YFR016C,0.77,0.3644,4
duodenum,YFR017C,2.7795,0.9311,4
duodenum,YFR018C,-0.53,0.3415,4
duodenum,YFR019W,0.1084,0.5368,4
duodenum,YFR020W,0.1078,0.3916,4
duodenum,YFR021W,0.6308,0.4578,4
duodenum,YFR022W,0.4493,0.4107,4
duodenum,YFR023W,0.117,0.1756,4
duodenum,YFR024C,0.9607,0.4383,4
duodenum,YFR024C-A,0.3515,0.4971,4
duodenum,YFR025C,0.471,0.2596,4
duodenum,YFR026C,0.691,1.2717,4
duodenum,YFR027W,-0.6923,1.1331,4
duodenum,YFR028C,-0.3217,0.1,4
duodenum,YFR029W,0.185,0.6094,4
duodenum,YFR030W,0.074,0.2287,4
duodenum,YFR031C,-0.1447,0.1075,4
duodenum,YFR031C-A,-2.74,1.6983,4
duodenum,YFR032C,-0.6678,0.1242,4
duodenum,YFR033C,1.1278,0.3382,4
duodenum,YFR034C,-0.535,0.4992,4
duodenum,YFR035C,-0.55,0.1841,4
duodenum,YFR036W,-0.148,0.2028,4
duodenum,YFR037C,-0.3473,0.2309,4
duodenum,YFR038W,-0.778,0.4887,4
duodenum,YFR039C,0.1328,0.3267,4
duodenum,YFR040W,0.5969,0.1,4
duodenum,YFR041C,0.4015,0.3043,4
duodenum,YFR042W,1.084,0.1075,4
duodenum,YFR043C,0.1052,0.1762,4
duodenum,YFR044C,0.5467,0.1476,4
duodenum,YFR045W,0.8815,0.1741,4
duodenum,YFR046C,0.1888,0.2927,4
duodenum,YFR047C,1.258,0.3734,4
duodenum,YFR048W,0.142,0.1001,4
duodenum,YFR049W,1.0032,0.3641,4
duodenum,YFR050C,0.6967,0.118,4
duodenum,YFR051C,0.1056,0.1721,4
duodenum,YFR052W,1.0523,0.1111,4
duodenum,YFR053C,5.3628,1.0304,4
duodenum,YFR054C,-0.4428,0.2225,4
duodenum,YFR055W,-0.7198,0.588,4
duodenum,YFR056C,-0.8932,0.2108,4
duodenum,YFR057W,-0.0117,0.33,4
duodenum,YGL001C,0.0955,0.2766,4
duodenum,YGL002W,0.301,0.265,4
duodenum,YGL003C,0.2353,0.114,4
duodenum,YGL004C,1.1367,0.5392,4
duodenum,YGL005C,0.223,0.1,4
duodenum,YGL006W,1.0585,0.1664,4
duodenum,YGL007W,-0.0257,0.1,4
duodenum,YGL008C,-0.8005,0.4317,4
duodenum,YGL009C,-0.1728,0.2615,4
duodenum,YGL010W,1.2635,0.2852,4
duodenum,YGL011C,0.7843,0.1212,4
duodenum,YGL012W,0.0033,0.2508,4
duodenum,YGL013C,0.4905,0.2424,4
duodenum,YGL014W,-0.8767,0.4598,4
duodenum,YGL015C,-0.7165,0.1495,4
duodenum,YGL016W,-0.9008,0.4011,4
duodenum,YGL017W,0.1253,0.1436,4
duodenum,YGL018C,0.4753,0.1418,4
duodenum,YGL019W,0.2,0.174,4
duodenum,YGL020C,0.063,0.2274,4
duodenum,YGL021W,-0.1497,0.2115,4
duodenum,YGL022W,0.0027,0.1047,4
duodenum,YGL023C,0.2022,0.2431,4
duodenum,YGL024W,-0.3392,0.1297,4
duodenum,YGL025C,-0.104,0.1541,4
duodenum,YGL026C,0.1065,0.155,4
duodenum,YGL027C,-0.1715,0.1459,4
duodenum,YGL028C,-0.093,0.2571,4
duodenum,YGL029W,-3.0285,1.2336,4
duodenum,YGL030W,-1.3035,1.1456,4
duodenum,YGL031C,-2.5322,1.439,4
duodenum,YGL032C,-0.5897,0.8388,4
duodenum,YGL033W,-0.543,0.2226,4
duodenum,YGL034C,-0.3509,0.2179,4
duodenum,YGL035C,0.54,0.3317,4
duodenum,YGL036W,1.3456,0.3476,4
duodenum,YGL037C,4.4882,0.5693,4
duodenum,YGL038C,0.1535,0.2176,4
duodenum,YGL039W,-0.5745,0.2833,4
duodenum,YGL040C,0.2298,0.3962,4
duodenum,YGL041C,0.0448,0.2905,4
duodenum,YGL042C,-0.1778,0.2672,4
duodenum,YGL043W,-0.2998,0.3149,4
duodenum,YGL044C,-0.0728,0.366,4
duodenum,YGL045W,0.5035,0.5866,4
duodenum,YGL046W,0.3612,0.3394,4
duodenum,YGL047W,1.3418,0.5306,4
duodenum,YGL048C,0.5535,0.3368,4
duodenum,YGL049C,0.044,0.1673,4
duodenum,YGL050W,-0.4662,0.5104,4
duodenum,YGL051W,0.175,0.1,4
duodenum,YGL052W,0.234,0.2936,4
duodenum,YGL053W,1.2037,0.3598,4
duodenum,YGL054C,0.3075,0.3322,4
duodenum,YGL055W,-2.408,0.5498,4
duodenum,YGL056C,-0.3952,0.2041,4
duodenum,YGL057C,0.1137,0.2545,4
duodenum,YGL058W,0.2233,0.4123,4
duodenum,YGL059W,1.0935,0.4246,4
duodenum,YGL060W,-0.3715,0.4161,4
duodenum,YGL061C,-0.7403,0.1148,4
duodenum,YGL062W,1.4855,1.0132,4
duodenum,YGL063W,-0.2705,0.1677,4
duodenum,YGL064C,-0.1512,0.4591,4
duodenum,YGL065C,0.143,0.2735,4
duodenum,YGL066W,-0.2642,0.9531,4
duodenum,YGL067W,-0.146,0.2125,4
duodenum,YGL068W,0.3332,0.2712,4
duodenum,YGL069C,0.641,1.0251,4
duodenum,YGL070C,-0.7195,0.1845,4
duodenum,YGL071W,0.1339,1.3476,4
duodenum,YGL072C,0.6955,0.5723,4
duodenum,YGL073W,0.8478,0.6463,4
duodenum,YGL074C,0.4582,0.4793,4
duodenum,YGL075C,-0.155,0.4095,4
duodenum,YGL076C,-2.218,0.927,4
duodenum,YGL077C,0.1573,0.2456,4
duodenum,YGL078C,-3.2477,1.0173,4
duodenum,YGL079W,-0.103,0.1849,4
duodenum,YGL080W,0.6092,0.249,4
duodenum,YGL081W,0.8905,0.175,4
duodenum,YGL082W,0.688,0.1712,4
duodenum,YGL083W,-0.216,0.1926,4
duodenum,YGL084C,0.779,0.1843,4
duodenum,YGL085W,0.1695,0.1,4
duodenum,YGL086W,-0.3384,0.2654,4
duodenum,YGL087C,1.0962,0.2227,4
duodenum,YGL088W,-0.656,0.5883,4
duodenum,YGL089C,-0.1282,0.479,4
duodenum,YGL090W,-0.1362,0.3155,4
duodenum,YGL091C,0.386,0.1375,4
duodenum,YGL092W,-0.1793,0.2467,4
duodenum,YGL093W,0.5165,0.1791,4
duodenum,YGL094C,0.046,0.1494,4
duodenum,YGL095C,0.348,0.1826,4
duodenum,YGL096W,0.74,0.3244,4
duodenum,YGL097W,-0.9515,0.3255,4
duodenum,YGL098W,0.2843,0.2698,4
duodenum,YGL099W,-2.444,0.9604,4
duodenum,YGL100W,-0.3575,0.2692,4
duodenum,YGL101W,-1.1062,0.6731,4
duodenum,YGL102C,-1.6212,0.9267,4
duodenum,YGL103W,-1.6307,1.1054,4
duodenum,YGL104C,1.809,0.2605,4
duodenum,YGL105W,-0.3327,0.2818,4
duodenum,YGL106W,0.243,0.3152,4
duodenum,YGL107C,-0.094,0.308,4
duodenum,YGL108C,0.6743,0.2857,4
duodenum,YGL109W,0.0055,0.3965,4
duodenum,YGL110C,0.825,1.0708,4
duodenum,YGL111W,-2.2723,0.7846,4
duodenum,YGL112C,0.0363,0.5041,4
duodenum,YGL113W,-0.494,0.254,4
duodenum,YGL114W,0.14,0.1,4
duodenum,YGL115W,0.4595,0.1,4
duodenum,YGL116W,-0.3463,0.2408,4
duodenum,YGL117W,-0.055,0.5417,4
duodenum,YGL118C,-0.8033,0.1918,4
duodenum,YGL119W,-0.0063,0.208,4
duodenum,YGL120C,-3.1405,1.177,4
duodenum,YGL121C,1.2717,0.5861,4
duodenum,YGL122C,-0.4914,0.1,4
duodenum,YGL123W,-2.746,1.544,4
duodenum,YGL124C,0.4778,0.2026,4
duodenum,YGL125W,0.8822,0.1,4
duodenum,YGL126W,-0.8384,0.7895,4
duodenum,YGL127C,-0.028,0.2592,4
duodenum,YGL128C,0.1762,0.1585,4
duodenum,YGL129C,0.4963,0.2205,4
duodenum,YGL130W,0.4688,0.4898,4
duodenum,YGL131C,0.6,0.3187,4
duodenum,YGL132W,0.6575,0.3474,4
duodenum,YGL133W,0.7982,0.1681,4
duodenum,YGL134W,0.402,0.1,4
duodenum,YGL135W,-2.5678,1.4577,4
duodenum,YGL136C,0.295,0.1276,4
duodenum,YGL137W,-0.0305,0.1903,4
duodenum,YGL138C,-0.4672,0.1679,4
duodenum,YGL139W,-0.5883,0.1871,4
duodenum,YGL140C,-0.731,0.8537,4
duodenum,YGL141W,-0.6293,0.2665,4
duodenum,YGL142C,0.1557,0.1,4
duodenum,YGL143C,0.2157,0.1557,4
duodenum,YGL144C,-0.7195,0.2264,4
duodenum,YGL145W,-0.4703,0.2476,4
duodenum,YGL146C,0.512,0.3222,4
duodenum,YGL147C,-3.1303,1.3597,4
duodenum,YGL148W,-1.687,0.717,4
duodenum,YGL149W,-1.014,0.5473,4
duodenum,YGL150C,0.5305,0.2356,4
duodenum,YGL151W,0.28,0.2928,4
duodenum,YGL152C,0.358,0.2749,4
duodenum,YGL153W,0.4617,0.4425,4
duodenum,YGL154C,0.343,0.2967,4
duodenum,YGL155W,-0.352,0.1,4
duodenum,YGL156W,2.834,0.7343,4
duodenum,YGL157W,1.195,0.414,4
duodenum,YGL158W,0.3053,0.2399,4
duodenum,YGL159W,0.3162,0.2337,4
duodenum,YGL160W,0.9233,0.3959,4
duodenum,YGL161C,0.8028,0.4664,4
duodenum,YGL162W,-0.065,0.1959,4
duodenum,YGL163C,0.036,0.8561,4
duodenum,YGL164C,0.1388,0.3149,4
duodenum,YGL165C,0.493,0.4546,4
duodenum,YGL166W,0.559,0.5263,4
duodenum,YGL167C,-0.3429,0.3294,4
duodenum,YGL168W,-0.4257,0.2206,4
duodenum,YGL169W,-1.7742,0.608,4
duodenum,YGL170C,-1.0402,0.3435,4
duodenum,YGL171W,-2.8465,0.8122,4
duodenum,YGL172W,0.3665,0.3752,4
duodenum,YGL173C,-0.379,0.406,4
duodenum,YGL174W,-0.103,0.3154,4
duodenum,YGL175C,0.0983,0.1071,4
duodenum,YGL176C,-0.0207,0.1139,4
duodenum,YGL177W,-0.057,0.1819,4
duodenum,YGL178W,0.2585,0.4131,4
duodenum,YGL179C,0.5693,0.1749,4
duodenum,YGL180W,1.1205,0.2019,4
duodenum,YGL181W,0.6587,0.1779,4
duodenum,YGL182C,-0.2533,0.2558,4
duodenum,YGL183C,-0.2093,0.3024,4
duodenum,YGL184C,0.1623,0.3085,4
duodenum,YGL185C,0.5217,0.1943,4
duodenum,YGL186C,0.28,0.1409,4
duodenum,YGL187C,0.4663,0.1511,4
duodenum,YGL188C,-0.2482,0.4036,4
duodenum,YGL189C,-1.4047,0.9183,4
duodenum,YGL190C,0.667,0.1143,4
duodenum,YGL191W,1.3813,0.1388,4
duodenum,YGL192W,0.128,0.9161,4
duodenum,YGL193C,0.432,0.1068,4
duodenum,YGL194C,0.3475,0.1523,4
duodenum,YGL195W,-0.5786,0.1,4
duodenum,YGL196W,0.6295,0.2156,4
duodenum,YGL197W,0.4587,0.2669,4
duodenum,YGL198W,0.9655,0.303,4
duodenum,YGL199C,0.7485,0.2891,4
duodenum,YGL200C,0.2147,0.1,4
duodenum,YGL201C,-0.2957,0.189,4
duodenum,YGL202W,0.0152,0.2974,4
duodenum,YGL203C,0.0938,0.2389,4
duodenum,YGL204C,0.3918,0.4023,4
duodenum,YGL205W,0.3725,0.3994,4
duodenum,YGL206C,-0.062,0.2279,4
duodenum,YGL207W,0.1618,0.1853,4
duodenum,YGL208W,1.5805,0.4761,4
duodenum,YGL209W,-0.2844,0.372,4
duodenum,YGL210W,0.186,0.7727,4
duodenum,YGL211W,-0.842,0.1116,4
duodenum,YGL212W,0.2888,0.1516,4
duodenum,YGL213C,-0.4705,0.1,4
duodenum,YGL214W,-0.3147,0.2498,4
duodenum,YGL215W,-0.1948,0.5149,4
duodenum,YGL216W,-0.1335,0.1163,4
duodenum,YGL217C,-0.5487,0.2505,4
duodenum,YGL218W,0.9443,0.3724,4
duodenum,YGL219C,0.7638,0.3916,4
duodenum,YGL220W,0.391,0.1114,4
duodenum,YGL221C,0.4337,0.2042,4
duodenum,YGL222C,0.667,0.2343,4
duodenum,YGL223C,0.1082,0.183,4
duodenum,YGL224C,-0.1728,0.4136,4
duodenum,YGL225W,-0.9782,0.5407,4
duodenum,YGL226C-A,0.0393,0.2756,4
duodenum,YGL226W,-0.0365,0.3976,4
duodenum,YGL227W,1.3887,0.3692,4
duodenum,YGL228W,-0.077,0.25,4
duodenum,YGL229C,0.9768,0.1675,4
duodenum,YGL230C,1.1495,1.4432,4
duodenum,YGL231C,-0.284,0.4584,4
duodenum,YGL232W,-0.0225,0.2896,4
duodenum,YGL233W,0.4091,0.1,4
duodenum,YGL234W,-1.2993,0.1792,4
duodenum,YGL235W,-0.752,0.5674,4
duodenum,YGL236C,-0.467,0.6668,4
duodenum,YGL237C,0.6332,0.3838,4
duodenum,YGL238W,0.088,0.235,4
duodenum,YGL239C,-0.2782,0.2381,4
duodenum,YGL240W,0.4645,0.1762,4
duodenum,YGL241W,-0.135,0.1695,4
duodenum,YGL242C,1.09,0.1774,4
duodenum,YGL243W,-0.095,0.1,4
duodenum,YGL244W,0.0692,0.4195,4
duodenum,YGL245W,-0.1117,0.154,4
duodenum,YGL246C,-0.728,0.5766,4
duodenum,YGL247W,-0.0108,0.2332,4
duodenum,YGL248W,1.772,0.7806,4
duodenum,YGL249W,0.1527,1.0003,4
duodenum,YGL250W,1.1273,0.5305,4
duodenum,YGL251C,-0.0635,0.3219,4
duodenum,YGL252C,0.4475,0.3271,4
duodenum,YGL253W,-0.042,0.2987,4
duodenum,YGL254W,-0.403,0.5688,4
duodenum,YGL255W,-1.3442,0.4156,4
duodenum,YGL256W,-0.2908,0.2985,4
duodenum,YGL257C,-0.7776,0.1322,4
duodenum,YGL258W,1.3642,0.4104,4
duodenum,YGL259W,1.6535,0.5295,4
duodenum,YGL260W,-0.0837,0.4859,4
duodenum,YGL261C,0.2512,0.2741,4
duodenum,YGL262W,-0.5285,0.418,4
duodenum,YGL263W,-0.7348,0.2473,4
duodenum,YGR001C,-0.0678,0.2124,4
duodenum,YGR002C,0.226,0.2115,4
duodenum,YGR003W,-0.317,0.1494,4
duodenum,YGR004W,-0.181,0.1849,4
duodenum,YGR005C,-0.075,0.1527,4
duodenum,YGR006W,0.344,0.2377,4
duodenum,YGR007W,0.2878,0.2966,4
duodenum,YGR008C,3.2325,0.6693,4
duodenum,YGR009C,0.4432,0.2146,4
duodenum,YGR010W,0.6365,0.2649,4
duodenum,YGR011W,0.2258,0.2638,4
duodenum,YGR012W,0.2355,0.3522,4
duodenum,YGR013W,0.235,0.2166,4
duodenum,YGR014W,-0.6275,0.3335,4
duodenum,YGR015C,0.0072,0.201,4
duodenum,YGR016W,-0.2257,0.1365,4
duodenum,YGR017W,-0.1638,0.4307,4
duodenum,YGR018C,-0.2702,0.1967,4
duodenum,YGR019W,2.6498,0.4544,4
duodenum,YGR020C,-0.2468,0.3999,4
duodenum,YGR021W,0.778,0.1463,4
duodenum,YGR022C,1.3415,0.7987,4
duodenum,YGR023W,1.935,0.952,4
duodenum,YGR024C,-0.2645,0.2624,4
duodenum,YGR025W,0.0697,0.2359,4
duodenum,YGR026W,0.6515,0.208,4
duodenum,YGR027C,-1.5357,0.8897,4
duodenum,YGR028W,0.8478,0.1427,4
duodenum,YGR029W,0.042,0.3327,4
duodenum,YGR030C,-1.153,0.3816,4
duodenum,YGR031W,0.1142,0.1284,4
duodenum,YGR032W,0.2095,1.0932,4
duodenum,YGR033C,0.2365,0.2436,4
duodenum,YGR034W,-2.203,1.1166,4
duodenum,YGR035C,-0.659,0.1845,4
duodenum,YGR036C,0.0417,0.151,4
duodenum,YGR037C,0.069,0.2737,4
duodenum,YGR038W,0.2043,0.1504,4
duodenum,YGR039W,0.189,0.3224,4
duodenum,YGR040W,-0.4327,0.2528,4
duodenum,YGR041W,-0.0538,0.1066,4
duodenum,YGR042W,0.4457,0.1468,4
duodenum,YGR043C,4.1107,1.1759,4
duodenum,YGR044C,0.9607,0.2068,4
duodenum,YGR045C,0.19,0.1015,4
duodenum,YGR046W,0.3885,0.2687,4
duodenum,YGR047C,-0.0298,0.1,4
duodenum,YGR048W,0.7007,0.3484,4
duodenum,YGR049W,-0.1113,0.1988,4
duodenum,YGR050C,-0.4027,0.1495,4
duodenum,YGR051C,-0.2942,0.1213,4
duodenum,YGR052W,2.0867,0.6296,4
duodenum,YGR053C,0.6265,0.2186,4
duodenum,YGR054W,-0.366,0.3442,4
duodenum,YGR055W,0.0127,0.3033,4
duodenum,YGR056W,-0.18,0.1781,4
duodenum,YGR057C,-0.1778,0.2682,4
duodenum,YGR058W,-0.2662,0.2386,4
duodenum,YGR059W,-0.1555,0.7237,4
duodenum,YGR060W,-0.1724,0.2481,4
duodenum,YGR061C,-1.537,0.3452,4
duodenum,YGR062C,-0.0776,0.4716,4
duodenum,YGR063C,-0.4657,0.675,4
duodenum,YGR064W,-0.6318,0.4616,4
duodenum,YGR065C,-0.849,1.0077,4
duodenum,YGR066C,1.8262,0.5133,4
duodenum,YGR067C,0.3528,0.2643,4
duodenum,YGR068C,0.1638,0.241,4
duodenum,YGR069W,-0.0248,0.2668,4
duodenum,YGR070W,1.1935,0.7882,4
duodenum,YGR071C,-0.25,0.9096,4
duodenum,YGR072W,-0.3495,0.2583,4
duodenum,YGR073C,-0.6512,0.2721,4
duodenum,YGR074W,-0.4765,0.3101,4
duodenum,YGR075C,-0.232,0.3474,4
duodenum,YGR076C,0.6593,0.1607,4
duodenum,YGR077C,0.788,0.1,4
duodenum,YGR078C,-0.6995,0.3716,4
duodenum,YGR079W,-2.387,0.682,4
duodenum,YGR080W,0.9152,0.2443,4
duodenum,YGR081C,-1.2065,0.5695,4
duodenum,YGR082W,-0.5673,0.3792,4
duodenum,YGR083C,-1.194,0.3241,4
duodenum,YGR084C,-0.045,0.2707,4
duodenum,YGR085C,-2.3613,1.2436,4
duodenum,YGR086C,1.464,0.4586,4
duodenum,YGR087C,-0.0083,0.3845,4
duodenum,YGR088W,4.853,1.1325,4
duodenum,YGR089W,-0.1393,0.3609,4
duodenum,YGR090W,-1.4145,0.6745,4
duodenum,YGR091W,-0.474,0.2899,4
duodenum,YGR092W,0.3613,0.3058,4
duodenum,YGR093W,-0.9305,0.3091,4
duodenum,YGR094W,-1.6368,0.5,4
duodenum,YGR095C,-1.0582,0.1541,4
duodenum,YGR096W,0.01,0.3481,4
duodenum,YGR097W,0.3561,0.6496,4
duodenum,YGR098C,-0.271,0.1699,4
duodenum,YGR099W,-0.1025,0.2865,4
duodenum,YGR100W,0.81,0.4017,4
duodenum,YGR101W,0.5893,0.2427,4
duodenum,YGR102C,0.2737,0.1,4
duodenum,YGR103W,-4.2037,0.7372,4
duodenum,YGR104C,-0.0567,0.1,4
duodenum,YGR105W,-0.6943,0.5491,4
duodenum,YGR106C,-0.4041,0.2782,4
duodenum,YGR107W,-0.5696,0.2656,4
duodenum,YGR108W,-0.4715,0.4283,4
duodenum,YGR109C,-1.7008,0.9348,4
duodenum,YGR110W,0.6485,0.1255,4
duodenum,YGR111W,1.5889,0.3764,4
duodenum,YGR112W,1.0404,0.1571,4
duodenum,YGR113W,-0.0565,0.2214,4
duodenum,YGR114C,-0.6731,0.4108,4
duodenum,YGR115C,-0.577,0.4374,4
duodenum,YGR116W,-0.4048,0.1868,4
duodenum,YGR117C,0.1016,0.2746,4
duodenum,YGR118W,-1.8829,1.2745,4
duodenum,YGR119C,-0.4575,0.2199,4
duodenum,YGR120C,-0.1204,0.2062,4
duodenum,YGR121C,0.7181,0.1351,4
duodenum,YGR122W,-0.1006,0.2834,4
duodenum,YGR123C,-3.0291,1.3506,4
duodenum,YGR124W,-0.974,0.6556,4
duodenum,YGR125W,0.495,0.2221,4
duodenum,YGR126W,-0.309,0.1,4
duodenum,YGR127W,1.751,0.4859,4
duodenum,YGR128C,-2.4336,0.7834,4
duodenum,YGR129W,0.0321,0.1,4
duodenum,YGR130C,2.2195,0.5786,4
duodenum,YGR131W,0.9265,0.2853,4
duodenum,YGR132C,0.9581,0.1,4
duodenum,YGR133W,0.2871,0.1673,4
duodenum,YGR134W,-0.1215,0.188,4
duodenum,YGR135W,0.5901,0.2789,4
duodenum,YGR136W,1.7461,0.6335,4
duodenum,YGR137W,1.7032,0.5647,4
duodenum,YGR138C,-0.2995,0.2969,4
duodenum,YGR139W,-0.107,0.3508,4
duodenum,YGR140W,-0.3639,0.2477,4
duodenum,YGR141W,1.324,0.5488,4
duodenum,YGR142W,3.8726,1.5417,4
duodenum,YGR143W,0.9589,0.2764,4
duodenum,YGR144W,0.134,0.6138,4
duodenum,YGR145W,-3.4518,0.417,4
duodenum,YGR146C,1.0776,0.7575,4
duodenum,YGR147C,-0.194,0.2186,4
duodenum,YGR148C,-2.2196,1.0741,4
duodenum,YGR149W,1.795,0.2139,4
duodenum,YGR150C,-0.5347,0.5079,4
duodenum,YGR151C,-0.9111,0.5597,4
duodenum,YGR152C,-1.0284,0.513,4
duodenum,YGR153W,0.2245,0.3021,4
duodenum,YGR154C,0.289,0.1134,4
duodenum,YGR155W,-0.6322,0.4323,4
duodenum,YGR156W,-0.3449,0.4631,4
duodenum,YGR157W,0.2324,0.4571,4
duodenum,YGR158C,-1.064,0.5528,4
duodenum,YGR159C,-2.1411,0.901,4
duodenum,YGR160W,-5.032,1.094,4
duodenum,YGR161C,1.8157,0.6102,4
duodenum,YGR162W,-2.2644,0.9859,4
duodenum,YGR163W,-0.0121,0.6098,4
duodenum,YGR164W,-0.3899,0.1388,4
duodenum,YGR165W,0.3196,0.1853,4
duodenum,YGR166W,-0.2092,0.2599,4
duodenum,YGR167W,0.7565,0.1,4
duodenum,YGR168C,0.2301,0.1149,4
duodenum,YGR169C,-0.0867,0.2875,4
duodenum,YGR170W,0.4341,0.1527,4
duodenum,YGR171C,0.3188,0.1544,4
duodenum,YGR172C,-0.5274,0.4078,4
duodenum,YGR173W,-2.0035,0.9006,4
duodenum,YGR174C,1.3255,0.1681,4
duodenum,YGR175C,-0.298,0.1512,4
duodenum,YGR176W,-1.7953,0.6397,4
duodenum,YGR177C,-1.9774,0.4891,4
duodenum,YGR178C,0.296,0.388,4
duodenum,YGR179C,-0.2111,0.4399,4
duodenum,YGR180C,-0.1001,0.5378,4
duodenum,YGR181W,0.0334,0.3762,4
duodenum,YGR182C,0.4661,0.4233,4
duodenum,YGR183C,0.9369,0.5158,4
duodenum,YGR184C,0.1281,0.3297,4
duodenum,YGR185C,-0.7101,0.2431,4
duodenum,YGR186W,0.113,0.2513,4
duodenum,YGR187C,-2.0265,0.4082,4
duodenum,YGR188C,-0.6909,0.516,4
duodenum,YGR189C,0.1364,0.4369,4
duodenum,YGR190C,-1.3667,0.1653,4
duodenum,YGR191W,-0.9715,0.2764,4
duodenum,YGR192C,0.735,0.4551,4
duodenum,YGR193C,0.5048,0.4191,4
duodenum,YGR194C,2.1557,0.808,4
duodenum,YGR195W,-0.5856,0.1865,4
duodenum,YGR196C,0.4696,1.2018,4
duodenum,YGR197C,0.6322,0.6277,4
duodenum,YGR198W,-0.4396,0.2907,4
duodenum,YGR199W,0.4126,0.4104,4
duodenum,YGR200C,-2.1061,0.4227,4
duodenum,YGR201C,1.346,0.5195,4
duodenum,YGR202C,-0.4386,0.2426,4
duodenum,YGR203W,0.0911,0.4337,4
duodenum,YGR204W,0.3227,0.1225,4
duodenum,YGR205W,1.6514,0.6443,4
duodenum,YGR206W,0.3987,0.1,4
duodenum,YGR207C,0.6056,0.1747,4
duodenum,YGR208W,-0.2358,0.1692,4
duodenum,YGR209C,1.41,0.475,4
duodenum,YGR210C,-0.3717,0.2041,4
duodenum,YGR211W,-0.1208,0.4675,4
duodenum,YGR212W,0.2387,0.1376,4
duodenum,YGR213C,0.562,0.1,4
duodenum,YGR214W,-2.7125,1.6369,4
duodenum,YGR215W,0.1976,0.3957,4
duodenum,YGR216C,-0.3483,0.302,4
duodenum,YGR217W,-0.7323,0.2012,4
duodenum,YGR218W,0.1761,0.139,4
duodenum,YGR219W,0.2164,0.1915,4
duodenum,YGR220C,0.3284,0.3435,4
duodenum,YGR221C,-0.5901,0.388,4
duodenum,YGR222W,0.4016,0.1,4
duodenum,YGR223C,0.5523,0.2543,4
duodenum,YGR224W,0.0976,0.285,4
duodenum,YGR225W,0.851,0.3933,4
duodenum,YGR226C,0.9124,0.21,4
duodenum,YGR227W,-0.0721,0.1629,4
duodenum,YGR228W,-0.839,0.6236,4
duodenum,YGR229C,-0.4135,0.4836,4
duodenum,YGR230W,0.2052,0.1608,4
duodenum,YGR231C,0.8838,0.1775,4
duodenum,YGR232W,0.641,0.1,4
duodenum,YGR233C,-0.1819,0.4144,4
duodenum,YGR234W,-2.4378,0.3617,4
duodenum,YGR235C,0.0466,0.1217,4
duodenum,YGR236C,0.1106,0.3883,4
duodenum,YGR237C,1.5451,0.4343,4
duodenum,YGR238C,0.5161,0.5793,4
duodenum,YGR239C,-0.3576,0.1,4
duodenum,YGR240C,-0.4171,0.2552,4
duodenum,YGR241C,0.7908,0.2873,4
duodenum,YGR242W,0.0016,0.7506,4
duodenum,YGR243W,2.1963,0.8118,4
duodenum,YGR244C,1.7232,0.4209,4
duodenum,YGR245C,-3.6854,0.6993,4
duodenum,YGR246C,-0.3545,0.1412,4
duodenum,YGR247W,0.0465,0.3254,4
duodenum,YGR248W,5.2793,0.8641,4
duodenum,YGR249W,0.8896,0.5433,4
duodenum,YGR250C,2.0509,1.2161,4
duodenum,YGR251W,-0.9186,0.4272,4
duodenum,YGR252W,-0.1728,0.202,4
duodenum,YGR253C,0.7511,0.2062,4
duodenum,YGR254W,1.176,0.2578,4
duodenum,YGR255C,1.3944,0.626,4
duodenum,YGR256W,2.5105,0.4895,4
duodenum,YGR257C,-0.0621,0.3937,4
duodenum,YGR258C,1.0816,0.2299,4
duodenum,YGR259C,-0.2288,0.2088,4
duodenum,YGR260W,0.0291,0.1982,4
duodenum,YGR261C,0.0701,0.1,4
duodenum,YGR262C,-0.662,0.3924,4
duodenum,YGR263C,0.4879,0.1,4
duodenum,YGR264C,-1.8861,0.5771,4
duodenum,YGR265W,-1.845,0.5743,4
duodenum,YGR266W,0.7199,0.1,4
duodenum,YGR267C,0.0325,0.122,4
duodenum,YGR268C,1.436,0.3648,4
duodenum,YGR269W,0.1866,0.3444,4
duodenum,YGR270W,0.3399,0.3076,4
duodenum,YGR271W,0.0153,0.2021,4
duodenum,YGR272C,-2.2102,0.5123,4
duodenum,YGR273C,-0.538,0.3399,4
duodenum,YGR274C,-0.2671,0.3046,4
duodenum,YGR275W,-0.3122,0.3572,4
duodenum,YGR276C,-0.4417,0.1047,4
duodenum,YGR277C,0.4529,0.5552,4
duodenum,YGR278W,0.0021,0.4542,4
duodenum,YGR279C,-0.3454,0.337,4
duodenum,YGR280C,-2.4425,0.1898,4
duodenum,YGR281W,0.9327,0.6219,4
duodenum,YGR282C,0.247,0.3407,4
duodenum,YGR283C,-1.2317,0.295,4
duodenum,YGR284C,1.0905,0.5668,4
duodenum,YGR285C,-1.1694,0.185,4
duodenum,YGR286C,-1.1224,0.2629,4
duodenum,YGR287C,1.1495,0.7278,4
duodenum,YGR288W,0.976,0.6549,4
duodenum,YGR289C,1.1235,0.8417,4
duodenum,YGR290W,0.5292,0.5847,4
duodenum,YGR291C,-0.1529,0.6012,4
duodenum,YGR292W,-0.1913,0.3865,4
duodenum,YGR293C,-0.4129,0.4754,4
duodenum,YGR294W,-0.0258,0.4997,4
duodenum,YGR295C,0.7064,0.6097,4
duodenum,YGR296W,-0.5938,0.4956,4
duodenum,YHL001W,-1.5569,1.0841,4
duodenum,YHL002W,0.4014,0.3278,4
duodenum,YHL003C,-0.2811,0.2902,4
duodenum,YHL004W,0.0625,0.3033,4
duodenum,YHL005C,-0.1437,0.224,4
duodenum,YHL006C,0.2259,0.2871,4
duodenum,YHL007C,-0.1815,0.1188,4
duodenum,YHL008C,0.7559,0.4291,4
duodenum,YHL009C,0.0194,0.1223,4
duodenum,YHL010C,0.8485,0.5082,4
duodenum,YHL011C,-2.2856,0.9607,4
duodenum,YHL012W,-1.6324,0.6108,4
duodenum,YHL013C,-1.2955,0.517,4
duodenum,YHL014C,-0.6399,0.3459,4
duodenum,YHL015W,-1.347,0.6646,4
duodenum,YHL016C,0.1865,0.1957,4
duodenum,YHL017W,0.2224,0.128,4
duodenum,YHL018W,0.1457,0.1939,4
duodenum,YHL019C,0.865,0.6042,4
duodenum,YHL020C,0.0705,0.1569,4
duodenum,YHL021C,4.6615,1.372,4
duodenum,YHL022C,0.252,0.1787,4
duodenum,YHL023C,0.1375,0.2035,4
duodenum,YHL024W,1.7997,0.5861,4
duodenum,YHL025W,0.198,0.1356,4
duodenum,YHL026C,-0.7966,0.3741,4
duodenum,YHL027W,0.6318,0.1891,4
duodenum,YHL028W,-0.0038,0.2319,4
duodenum,YHL029C,-0.228,0.3269,4
duodenum,YHL030W,0.7128,0.3185,4
duodenum,YHL031C,0.9713,0.33,4
duodenum,YHL032C,0.7754,0.2974,4
duodenum,YHL033C,-2.3719,1.3482,4
duodenum,YHL034C,0.3716,0.2046,4
duodenum,YHL035C,0.5362,0.21,4
duodenum,YHL036W,0.5,0.1956,4
duodenum,YHL037C,-0.1097,0.3662,4
duodenum,YHL038C,-0.1378,0.3085,4
duodenum,YHL039W,-1.5402,0.4079,4
duodenum,YHL040C,-1.3893,0.1595,4
duodenum,YHL041W,-0.85,0.5258,4
duodenum,YHL042W,-0.0167,0.3432,4
duodenum,YHL043W,0.2568,0.2007,4
duodenum,YHL044W,0.7712,0.2624,4
duodenum,YHL045W,-0.4713,0.2785,4
duodenum,YHL046C,0.0389,0.1207,4
duodenum,YHL047C,-1.1977,0.4289,4
duodenum,YHL048W,0.8679,0.3644,4
duodenum,YHL049C,-0.2072,0.1135,4
duodenum,YHL050C,0.2356,0.1,4
duodenum,YHR001W,0.8644,0.3678,4
duodenum,YHR001W-A,1.2136,0.4218,4
duodenum,YHR002W,0.4243,0.1,4
duodenum,YHR003C,-0.3669,0.5177,4
duodenum,YHR004C,0.8125,0.1018,4
duodenum,YHR005C,-0.7674,0.3712,4
duodenum,YHR005C-A,-0.6168,0.7507,4
duodenum,YHR006W,0.2015,0.6637,4
duodenum,YHR007C,-0.2407,0.2855,4
duodenum,YHR008C,0.2703,0.3691,4
duodenum,YHR009C,0.2232,0.2592,4
duodenum,YHR010W,-2.4508,1.5041,4
duodenum,YHR011W,0.6787,0.13,4
duodenum,YHR012W,0.4249,0.2149,4
duodenum,YHR013C,-0.5575,0.4252,4
duodenum,YHR014W,-0.7366,0.8064,4
duodenum,YHR015W,-0.3501,0.1433,4
duodenum,YHR016C,2.0119,0.644,4
duodenum,YHR017W,1.0336,0.2483,4
duodenum,YHR018C,0.8049,0.1323,4
duodenum,YHR019C,-1.6175,0.7912,4
duodenum,YHR020W,-2.8081,0.9276,4
duodenum,YHR021C,-2.098,1.2741,4
duodenum,YHR021W-A,1.6558,0.3399,4
duodenum,YHR022C,1.0252,0.378,4
duodenum,YHR023W,-0.5365,0.1042,4
duodenum,YHR024C,0.0983,0.1626,4
duodenum,YHR025W,-0.983,0.1501,4
duodenum,YHR026W,-0.7409,0.1133,4
duodenum,YHR027C,0.2896,0.354,4
duodenum,YHR028C,1.102,0.6063,4
duodenum,YHR029C,0.5884,0.5269,4
duodenum,YHR030C,1.2644,0.6218,4
duodenum,YHR031C,-0.5099,0.4142,4
duodenum,YHR032W,-0.4012,0.612,4
duodenum,YHR033W,0.8221,0.9368,4
duodenum,YHR034C,0.2684,0.4443,4
duodenum,YHR035W,-0.1972,0.5087,4
duodenum,YHR036W,-0.2353,0.3844,4
duodenum,YHR037W,0.1846,0.3302,4
duodenum,YHR038W,0.2501,0.2137,4
duodenum,YHR039C,-0.2662,0.7097,4
duodenum,YHR039C-A,-0.3755,0.3092,4
duodenum,YHR040W,-1.222,0.3153,4
duodenum,YHR041C,-0.5348,0.4219,4
duodenum,YHR042W,-1.3769,0.1809,4
duodenum,YHR043C,1.0032,0.467,4
duodenum,YHR044C,0.1189,0.5467,4
duodenum,YHR045W,-0.247,0.1312,4
duodenum,YHR046C,-0.0164,0.7529,4
duodenum,YHR047C,-0.265,0.1,4
duodenum,YHR048W,-0.447,0.1616,4
duodenum,YHR049C-A,-0.239,0.3824,4
duodenum,YHR049W,0.209,0.6537,4
duodenum,YHR050W,0.358,0.2237,4
duodenum,YHR051W,1.2121,0.2031,4
duodenum,YHR052W,-3.3384,1.2769,4
duodenum,YHR053C,0.0565,0.3046,4
duodenum,YHR054C,0.4959,0.1,4
duodenum,YHR055C,0.0636,0.2127,4
duodenum,YHR056C,0.1759,0.1,4
duodenum,YHR057C,0.5754,0.1,4
duodenum,YHR058C,-0.4881,0.1278,4
duodenum,YHR059W,-0.3058,0.2803,4
duodenum,YHR060W,-0.1046,0.5294,4
duodenum,YHR061C,-0.4705,0.1591,4
duodenum,YHR062C,-1.7686,0.5797,4
duodenum,YHR063C,-0.5001,0.2814,4
duodenum,YHR064C,-1.1641,0.3544,4
duodenum,YHR065C,-2.3741,0.9523,4
duodenum,YHR066W,-2.9413,1.0351,4
duodenum,YHR067W,0.1984,0.2502,4
duodenum,YHR068W,-1.2551,0.5836,4
duodenum,YHR069C,-1.4567,0.6925,4
duodenum,YHR070W,-1.3834,0.6268,4
duodenum,YHR071W,0.823,0.3375,4
duodenum,YHR072W,-0.996,0.4101,4
duodenum,YHR073W,0.0592,0.1535,4
duodenum,YHR074W,0.3776,0.1946,4
duodenum,YHR075C,-0.1523,0.4771,4
duodenum,YHR076W,0.1936,0.2578,4
duodenum,YHR077C,-0.7867,0.6212,4
duodenum,YHR078W,-0.2545,0.5398,4
duodenum,YHR079C,0.2144,0.5526,4
duodenum,YHR079C-A,-0.6907,0.2382,4
duodenum,YHR080C,0.8915,0.2724,4
duodenum,YHR081W,-1.2086,0.43,4
duodenum,YHR082C,1.4399,0.6523,4
duodenum,YHR083W,0.2171,0.1752,4
duodenum,YHR084W,-0.9226,0.5077,4
duodenum,YHR085W,-1.0477,0.4388,4
duodenum,YHR086W,0.4344,0.1,4
duodenum,YHR087W,5.939,0.5216,4
duodenum,YHR088W,-2.7266,0.7547,4
duodenum,YHR089C,-3.6118,1.6636,4
duodenum,YHR090C,-0.0548,0.1656,4
duodenum,YHR091C,0.6651,0.1,4
duodenum,YHR092C,0.5699,0.3085,4
duodenum,YHR093W,-0.2405,0.1784,4
duodenum,YHR094C,-1.3336,0.6168,4
duodenum,YHR095W,-0.3203,0.3713,4
duodenum,YHR096C,4.0569,1.2997,4
duodenum,YHR097C,1.6791,0.2957,4
duodenum,YHR098C,-0.3734,0.1968,4
duodenum,YHR099W,-0.0399,0.1565,4
duodenum,YHR100C,-0.9995,0.4653,4
duodenum,YHR101C,0.0541,0.1451,4
duodenum,YHR102W,0.0261,0.1,4
duodenum,YHR103W,-0.021,0.1029,4
duodenum,YHR104W,4.2387,0.6831,4
duodenum,YHR105W,0.3676,0.2007,4
duodenum,YHR106W,0.7564,0.282,4
duodenum,YHR107C,0.1013,0.1,4
duodenum,YHR108W,-0.0377,0.1624,4
duodenum,YHR109W,0.3422,0.1201,4
duodenum,YHR110W,0.7379,0.204,4
duodenum,YHR111W,-0.0011,0.1931,4
duodenum,YHR112C,1.2391,0.4448,4
duodenum,YHR113W,1.3501,0.2041,4
duodenum,YHR114W,0.7058,0.2443,4
duodenum,YHR115C,0.5529,0.1947,4
duodenum,YHR116W,0.7336,0.3604,4
duodenum,YHR117W,0.0385,0.3635,4
duodenum,YHR118C,-0.463,0.1554,4
duodenum,YHR119W,-0.2886,0.4192,4
duodenum,YHR120W,-0.4945,0.8685,4
duodenum,YHR121W,-0.0731,0.189,4
duodenum,YHR122W,-0.6489,0.245,4
duodenum,YHR123W,0.6565,0.6343,4
duodenum,YHR124W,-0.1468,0.208,4
duodenum,YHR125W,-0.379,0.6315,4
duodenum,YHR126C,-0.7123,0.5347,4
duodenum,YHR127W,-0.8529,0.3197,4
duodenum,YHR128W,-2.0133,0.6558,4
duodenum,YHR129C,-0.4791,0.443,4
duodenum,YHR130C,-0.1924,0.3373,4
duodenum,YHR131C,0.387,0.5329,4
duodenum,YHR132C,-0.1739,0.343,4
duodenum,YHR133C,-0.7986,0.2716,4
duodenum,YHR134W,-0.3312,0.2629,4
duodenum,YHR135C,-0.0139,0.4174,4
duodenum,YHR136C,-0.9526,0.4524,4
duodenum,YHR137W,3.8201,1.323,4
duodenum,YHR138C,2.6654,0.8028,4
duodenum,YHR139C,0.721,0.4975,4
duodenum,YHR139C-A,0.091,0.3201,4
duodenum,YHR140W,2.1543,0.3851,4
duodenum,YHR141C,-2.2225,1.0946,4
duodenum,YHR142W,0.0174,0.2744,4
duodenum,YHR143W,-0.5221,0.2426,4
duodenum,YHR143W-A,-1.75,0.9805,4
duodenum,YHR144C,-1.3309,0.3966,4
duodenum,YHR145C,-0.1109,0.4037,4
duodenum,YHR146W,-0.3518,0.4486,4
duodenum,YHR147C,0.4391,0.4495,4
duodenum,YHR148W,-2.5229,0.8495,4
duodenum,YHR149C,0.0856,0.4692,4
duodenum,YHR150W,0.7055,0.25,4
duodenum,YHR151C,-0.197,1.3502,4
duodenum,YHR152W,0.1499,0.3887,4
duodenum,YHR153C,-0.7632,0.2459,4
duodenum,YHR154W,-0.5507,0.6236,4
duodenum,YHR155W,0.1532,0.1772,4
duodenum,YHR156C,0.0249,0.1527,4
duodenum,YHR157W,-0.2667,0.4114,4
duodenum,YHR158C,0.3615,0.1227,4
duodenum,YHR159W,0.6119,0.2617,4
duodenum,YHR160C,0.9709,0.3088,4
duodenum,YHR161C,1.5714,0.4363,4
duodenum,YHR162W,0.22,0.5162,4
duodenum,YHR163W,0.0914,0.1552,4
duodenum,YHR164C,-0.5043,0.1606,4
duodenum,YHR165C,-0.1442,0.1,4
duodenum,YHR166C,-0.0342,0.1,4
duodenum,YHR167W,-0.6871,0.2695,4
duodenum,YHR168W,0.2794,0.1778,4
duodenum,YHR169W,-2.5678,0.6325,4
duodenum,YHR170W,-3.7237,1.1412,4
duodenum,YHR171W,1.3624,0.2724,4
duodenum,YHR172W,-0.8297,0.2791,4
duodenum,YHR173C,-0.8259,0.2457,4
duodenum,YHR174W,1.3262,0.3398,4
duodenum,YHR175W,-0.8314,0.4524,4
duodenum,YHR176W,0.2764,0.185,4
duodenum,YHR177W,-0.1072,0.7909,4
duodenum,YHR178W,0.5204,0.2279,4
duodenum,YHR179W,0.2961,0.9888,4
duodenum,YHR180W,0.3455,0.9482,4
duodenum,YHR181W,0.0166,0.2705,4
duodenum,YHR182W,0.0362,0.1188,4
duodenum,YHR183W,-0.6804,1.3244,4
duodenum,YHR184W,-0.6525,0.1,4
duodenum,YHR185C,-0.8364,0.6883,4
duodenum,YHR186C,0.1739,0.1342,4
duodenum,YHR187W,-1.2644,0.2112,4
duodenum,YHR188C,0.0541,0.229,4
duodenum,YHR189W,0.4477,0.323,4
duodenum,YHR190W,0.7168,0.2242,4
duodenum,YHR191C,-0.267,0.2104,4
duodenum,YHR192W,0.0946,0.1945,4
duodenum,YHR193C,-0.9117,0.511,4
duodenum,YHR194W,0.7438,0.189,4
duodenum,YHR195W,1.0571,0.1876,4
duodenum,YHR196W,-2.8639,1.0871,4
duodenum,YHR197W,-2.6401,1.052,4
duodenum,YHR198C,1.0813,0.2751,4
duodenum,YHR199C,0.997,0.4179,4
duodenum,YHR200W,0.286,0.1658,4
duodenum,YHR201C,-0.2567,0.4175,4
duodenum,YHR202W,0.9723,0.2189,4
duodenum,YHR203C,-2.2258,1.3343,4
duodenum,YHR204W,-0.9656,0.3331,4
duodenum,YHR205W,-0.4146,0.1732,4
duodenum,YHR206W,-0.8598,0.1408,4
duodenum,YHR207C,-0.0114,0.2607,4
duodenum,YHR208W,-1.5665,0.4281,4
duodenum,YHR209W,2.4765,0.5716,4
duodenum,YHR210C,0.6489,0.3205,4
duodenum,YHR211W,0.3572,0.3976,4
duodenum,YHR212C,-0.0481,0.4976,4
duodenum,YHR213W,-0.088,0.234,4
duodenum,YHR214C-B,0.637,0.3893,4
duodenum,YHR214W,0.3551,0.6065,4
duodenum,YHR214W-A,0.5505,0.3199,4
duodenum,YHR215W,-3.1312,1.2013,4
duodenum,YHR216W,-1.8982,0.7179,4
duodenum,YHR217C,-0.1257,0.325,4
duodenum,YHR218W,0.2354,0.3263,4
duodenum,YHR219W,0.252,0.4953,4
duodenum,YIL001W,-0.0745,0.4218,4
duodenum,YIL002C,0.2189,0.4208,4
duodenum,YIL003W,-0.7951,0.2623,4
duodenum,YIL004C,-0.7452,0.3424,4
duodenum,YIL005W,-0.049,0.2561,4
duodenum,YIL006W,0.4588,0.3988,4
duodenum,YIL007C,0.109,0.4039,4
duodenum,YIL008W,-1.4396,0.3029,4
duodenum,YIL009C-A,0.5103,0.258,4
duodenum,YIL009W,-0.6758,0.3095,4
duodenum,YIL010W,0.7639,0.4662,4
duodenum,YIL011W,-0.7859,0.1861,4
duodenum,YIL012W,-0.8227,0.3765,4
duodenum,YIL013C,-0.0283,0.6891,4
duodenum,YIL014W,-0.3804,0.2243,4
duodenum,YIL015C-A,-0.5385,0.6527,4
duodenum,YIL015W,0.0418,0.3743,4
duodenum,YIL016W,-1.1078,0.1,4
duodenum,YIL017W,1.101,0.4055,4
duodenum,YIL018W,-2.534,1.5969,4
duodenum,YIL019W,-2.5739,0.783,4
duodenum,YIL020C,-0.7779,0.4413,4
duodenum,YIL021W,-0.6876,0.4474,4
duodenum,YIL022W,0.046,0.2447,4
duodenum,YIL023C,0.8231,0.4113,4
duodenum,YIL024C,0.5336,0.2441,4
duodenum,YIL025C,-0.3788,0.5518,4
duodenum,YIL026C,-0.1745,0.1392,4
duodenum,YIL027C,-0.3585,0.3099,4
duodenum,YIL028W,-0.1315,0.3341,4
duodenum,YIL029C,0.4303,0.2356,4
duodenum,YIL030C,-0.5586,0.3776,4
duodenum,YIL031W,0.1691,0.1232,4
duodenum,YIL032C,-0.3086,0.1258,4
duodenum,YIL033C,1.3981,0.2885,4
duodenum,YIL034C,1.3613,0.3546,4
duodenum,YIL035C,-0.0644,0.1086,4
duodenum,YIL036W,0.7798,0.3944,4
duodenum,YIL037C,0.011,0.1778,4
duodenum,YIL038C,-0.4769,0.1892,4
duodenum,YIL039W,-0.5208,0.1984,4
duodenum,YIL040W,-0.2504,0.2922,4
duodenum,YIL041W,0.5901,0.4836,4
duodenum,YIL042C,0.6489,0.1652,4
duodenum,YIL043C,-0.5175,0.327,4
duodenum,YIL044C,-0.1071,0.2126,4
duodenum,YIL045W,1.1596,0.5168,4
duodenum,YIL046W,-0.2662,0.1302,4
duodenum,YIL047C,-0.7668,0.1912,4
duodenum,YIL048W,0.3237,0.1042,4
duodenum,YIL049W,0.4129,0.3541,4
duodenum,YIL050W,0.7106,0.2052,4
duodenum,YIL051C,0.7231,0.1526,4
duodenum,YIL052C,-2.0499,1.1078,4
duodenum,YIL053W,-0.0741,0.3814,4
duodenum,YIL054W,-0.9503,0.8773,4
duodenum,YIL055C,0.0672,0.4018,4
duodenum,YIL056W,0.6498,0.84,4
duodenum,YIL057C,0.1813,0.3129,4
duodenum,YIL058W,-0.6945,0.5823,4
duodenum,YIL059C,0.1212,0.1119,4
duodenum,YIL060W,-0.2886,0.7319,4
duodenum,YIL061C,-0.4057,0.1266,4
duodenum,YIL062C,1.0417,0.2126,4
duodenum,YIL063C,0.3421,0.1992,4
duodenum,YIL064W,-2.0151,0.5288,4
duodenum,YIL065C,0.3265,0.3287,4
duodenum,YIL066C,-0.5,0.25,4
duodenum,YIL067C,0.6811,0.7444,4
duodenum,YIL068C,0.361,0.7027,4
duodenum,YIL069C,0.3242,1.7628,4
duodenum,YIL070C,0.0907,0.3926,4
duodenum,YIL071C,0.6872,0.5037,4
duodenum,YIL071W,-0.3225,0.251,4
duodenum,YIL072W,-0.2188,1.3099,4
duodenum,YIL073C,-0.4046,0.4621,4
duodenum,YIL074C,-0.211,0.3705,4
duodenum,YIL074W,-0.4517,0.8529,4
duodenum,YIL075C,0.3532,0.1,4
duodenum,YIL076W,1.0865,1.7379,4
duodenum,YIL077C,0.9109,0.1808,4
duodenum,YIL078W,-1.4392,0.4365,4
duodenum,YIL079C,-1.9393,0.493,4
duodenum,YIL080W,-0.2881,0.3706,4
duodenum,YIL082W,-0.1266,0.1441,4
duodenum,YIL082W-A,0.1963,0.1711,4
duodenum,YIL083C,-0.5751,0.1055,4
duodenum,YIL084C,0.1472,0.1374,4
duodenum,YIL085C,-0.7913,0.3299,4
duodenum,YIL086C,-0.276,0.2999,4
duodenum,YIL087C,1.6023,0.4704,4
duodenum,YIL088C,0.3231,0.1531,4
duodenum,YIL089W,0.032,0.2956,4
duodenum,YIL090W,-0.6096,0.2975,4
duodenum,YIL091C,-1.0116,0.4505,4
duodenum,YIL092W,-0.5657,0.2095,4
duodenum,YIL093C,-1.2294,0.7515,4
duodenum,YIL094C,-1.19,0.3142,4
duodenum,YIL095W,0.121,0.4663,4
duodenum,YIL096C,-1.574,0.7962,4
duodenum,YIL097W,1.3545,0.7011,4
duodenum,YIL098C,0.6769,0.316,4
duodenum,YIL099W,1.7794,0.867,4
duodenum,YIL100W,-1.2171,0.5237,4
duodenum,YIL101C,3.0999,1.203,4
duodenum,YIL102C,0.1618,0.6512,4
duodenum,YIL103W,-0.9946,0.3668,4
duodenum,YIL104C,-1.1355,0.267,4
duodenum,YIL105C,0.2911,0.5676,4
duodenum,YIL106W,0.1155,0.231,4
duodenum,YIL107C,1.6854,0.5132,4
duodenum,YIL108W,0.6304,0.5767,4
duodenum,YIL109C,0.0314,0.23,4
duodenum,YIL110W,-1.0786,0.1,4
duodenum,YIL111W,2.4848,0.6101,4
duodenum,YIL112W,0.3211,0.3918,4
duodenum,YIL113W,2.108,0.6792,4
duodenum,YIL114C,-0.111,0.2456,4
duodenum,YIL115C,-0.7584,0.2559,4
duodenum,YIL116W,0.7208,0.4422,4
duodenum,YIL117C,1.8514,0.4384,4
duodenum,YIL118W,-0.2456,0.1747,4
duodenum,YIL119C,0.8656,0.3966,4
duodenum,YIL120W,0.385,0.2142,4
duodenum,YIL121W,-0.1028,0.2268,4
duodenum,YIL122W,0.5068,0.143,4
duodenum,YIL123W,-0.8486,0.5175,4
duodenum,YIL124W,1.9466,0.3649,4
duodenum,YIL125W,0.6131,0.3094,4
duodenum,YIL126W,-0.6167,0.1,4
duodenum,YIL127C,-2.1429,0.7494,4
duodenum,YIL128W,-0.2829,0.1,4
duodenum,YIL129C,-0.5195,0.2101,4
duodenum,YIL130W,-0.218,0.3412,4
duodenum,YIL131C,-1.3621,0.44,4
duodenum,YIL132C,-0.2081,0.3375,4
duodenum,YIL133C,-2.5391,1.3126,4
duodenum,YIL134W,-0.1715,0.1511,4
duodenum,YIL135C,0.4209,0.2864,4
duodenum,YIL136W,3.4266,0.8137,4
duodenum,YIL137C,0.2716,0.2348,4
duodenum,YIL138C,0.4106,0.1615,4
duodenum,YIL139C,0.117,0.1769,4
duodenum,YIL140W,-0.1085,0.564,4
duodenum,YIL141W,-0.9446,0.3093,4
duodenum,YIL142W,-0.4659,0.4079,4
duodenum,YIL143C,0.272,0.2481,4
duodenum,YIL144W,0.5061,0.1,4
duodenum,YIL145C,-0.6997,0.3384,4
duodenum,YIL146C,0.4721,0.4797,4
duodenum,YIL147C,-0.7219,0.2226,4
duodenum,YIL148W,-1.658,1.1529,4
duodenum,YIL149C,-0.6135,0.4234,4
duodenum,YIL150C,-0.4178,0.4693,4
duodenum,YIL151C,-0.9517,0.4194,4
duodenum,YIL152W,0.588,0.1607,4
duodenum,YIL153W,0.7796,0.242,4
duodenum,YIL154C,0.9659,0.3237,4
duodenum,YIL155C,0.6154,0.4374,4
duodenum,YIL156W,0.7371,0.2382,4
duodenum,YIL157C,0.767,0.1,4
duodenum,YIL158W,-0.799,0.7674,4
duodenum,YIL159W,-0.6726,0.1197,4
duodenum,YIL160C,1.3594,0.4531,4
duodenum,YIL161W,-0.2675,0.103,4
duodenum,YIL162W,0.7345,1.0291,4
duodenum,YIL163C,-0.1761,0.147,4
duodenum,YIL164C,0.3439,0.3226,4
duodenum,YIL165C,0.2724,0.1101,4
duodenum,YIL166C,0.6141,0.3505,4
duodenum,YIL167W,0.0336,0.1,4
duodenum,YIL168W,0.1736,0.1592,4
duodenum,YIL169C,0.8155,0.1222,4
duodenum,YIL170W,0.6741,0.3377,4
duodenum,YIL171W,-0.0504,0.4564,4
duodenum,YIL172C,0.6415,0.4049,4
duodenum,YIL173W,0.1263,0.1,4
duodenum,YIL174W,-0.2626,0.2536,4
duodenum,YIL175W,-0.1258,0.4122,4
duodenum,YIL176C,0.1979,0.3045,4
duodenum,YIL177C,-0.0063,0.1284,4
duodenum,YIR001C,0.1386,0.1442,4
duodenum,YIR002C,0.6575,0.4387,4
duodenum,YIR003W,0.9173,0.3743,4
duodenum,YIR004W,-0.0686,0.305,4
duodenum,YIR005W,0.089,0.2108,4
duodenum,YIR006C,0.1196,0.3257,4
duodenum,YIR007W,1.3448,0.226,4
duodenum,YIR008C,0.0386,0.1629,4
duodenum,YIR009W,-0.0184,0.574,4
duodenum,YIR010W,-0.1123,0.5061,4
duodenum,YIR011C,-0.0749,0.4684,4
duodenum,YIR012W,-1.8969,0.2865,4
duodenum,YIR013C,-0.1565,0.6758,4
duodenum,YIR014W,1.0623,0.6848,4
duodenum,YIR015W,0.244,0.7384,4
duodenum,YIR016W,1.6274,0.7685,4
duodenum,YIR017C,1.0915,0.8573,4
duodenum,YIR018W,0.1024,0.4508,4
duodenum,YIR019C,-0.2182,0.3967,4
duodenum,YIR020C,-0.1777,0.5115,4
duodenum,YIR021W,-0.3041,0.2388,4
duodenum,YIR022W,-0.0571,0.3199,4
duodenum,YIR023W,-0.2087,0.34,4
duodenum,YIR024C,0.4764,0.2297,4
duodenum,YIR025W,-0.1811,0.4739,4
duodenum,YIR026C,-2.9259,0.1828,4
duodenum,YIR027C,0.5854,0.3036,4
duodenum,YIR028W,0.1519,0.2705,4
duodenum,YIR029W,0.2035,0.3936,4
duodenum,YIR030C,-0.3441,0.1614,4
duodenum,YIR031C,0.2351,0.4019,4
duodenum,YIR032C,0.2409,0.3219,4
duodenum,YIR033W,-0.7802,0.3298,4
duodenum,YIR034C,0.426,0.1219,4
duodenum,YIR035C,-0.5919,0.2863,4
duodenum,YIR036C,1.3016,0.1092,4
duodenum,YIR037W,1.492,0.2024,4
duodenum,YIR038C,2.4179,0.2769,4
duodenum,YIR039C,2.8,0.7777,4
duodenum,YIR040C,-0.1864,0.2321,4
duodenum,YIR041W,0.4641,0.1404,4
duodenum,YIR042C,-0.1643,0.1479,4
duodenum,YIR043C,0.6014,0.2598,4
duodenum,YIR044C,0.2091,0.6788,4
duodenum,YJL001W,0.9437,0.1,4
duodenum,YJL002C,-0.5214,0.185,4
duodenum,YJL003W,0.3605,0.1772,4
duodenum,YJL004C,-0.1293,0.3679,4
duodenum,YJL005W,0.3236,0.4369,4
duodenum,YJL006C,-0.6656,0.4547,4
duodenum,YJL007C,-0.3172,0.1,4
duodenum,YJL008C,-0.986,0.4065,4
duodenum,YJL009W,-0.9294,0.3253,4
duodenum,YJL010C,-2.0698,0.4918,4
duodenum,YJL011C,-1.0653,0.2546,4
duodenum,YJL012C,-0.7111,1.6625,4
duodenum,YJL013C,0.3553,0.1571,4
duodenum,YJL014W,-0.9726,0.4746,4
duodenum,YJL015C,1.3502,0.4469,4
duodenum,YJL016W,0.1769,0.7285,4
duodenum,YJL017W,1.4639,0.4249,4
duodenum,YJL018W,-0.8087,0.2979,4
duodenum,YJL019W,-0.0209,0.974,4
duodenum,YJL020C,1.3175,0.5587,4
duodenum,YJL021C,1.8371,0.3853,4
duodenum,YJL022W,-0.325,0.6481,4
duodenum,YJL023C,0.2431,0.2132,4
duodenum,YJL024C,-0.1436,0.2673,4
duodenum,YJL025W,-0.5095,0.3434,4
duodenum,YJL026W,0.3957,0.4751,4
duodenum,YJL027C,-0.4493,0.159,4
duodenum,YJL028W,-0.6764,0.1205,4
duodenum,YJL029C,0.176,0.1784,4
duodenum,YJL030W,-0.8572,0.5667,4
duodenum,YJL031C,0.5399,0.1205,4
duodenum,YJL032W,0.1738,0.132,4
duodenum,YJL033W,-1.455,0.4617,4
duodenum,YJL034W,1.9289,0.7827,4
duodenum,YJL035C,-0.3192,0.3298,4
duodenum,YJL036W,0.4595,0.2144,4
duodenum,YJL037W,0.3293,0.2972,4
duodenum,YJL038C,-0.1923,0.343,4
duodenum,YJL039C,-0.2623,0.2875,4
duodenum,YJL041W,-0.4351,0.1,4
duodenum,YJL042W,0.7198,0.3856,4
duodenum,YJL043W,-0.2348,0.1117,4
duodenum,YJL044C,-0.0804,0.1,4
duodenum,YJL045W,0.9729,0.2232,4
duodenum,YJL046W,0.4425,0.2215,4
duodenum,YJL047C,-0.3261,0.1,4
duodenum,YJL048C,1.3231,0.5093,4
duodenum,YJL049W,-0.7242,0.4567,4
duodenum,YJL050W,-2.0403,0.5204,4
duodenum,YJL051W,-0.1654,0.2474,4
duodenum,YJL052W,1.2611,0.2879,4
duodenum,YJL053W,0.8774,0.3289,4
duodenum,YJL054W,-0.5601,0.1,4
duodenum,YJL055W,0.8535,0.1473,4
duodenum,YJL056C,-0.3169,0.188,4
duodenum,YJL057C,1.9354,0.7052,4
duodenum,YJL058C,0.0457,0.1,4
duodenum,YJL059W,0.6922,0.1,4
duodenum,YJL060W,0.2547,0.2798,4
duodenum,YJL061W,-0.4472,0.1733,4
duodenum,YJL062W,-0.1101,0.305,4
duodenum,YJL063C,0.2169,0.1,4
duodenum,YJL064W,-0.3029,0.4723,4
duodenum,YJL065C,-0.312,0.3095,4
duodenum,YJL066C,1.9485,0.685,4
duodenum,YJL067W,0.7749,0.5325,4
duodenum,YJL068C,1.6279,0.8143,4
duodenum,YJL069C,-2.3419,0.8071,4
duodenum,YJL070C,0.709,0.5488,4
duodenum,YJL071W,0.0315,0.2276,4
duodenum,YJL072C,-0.147,0.3411,4
duodenum,YJL073W,-0.2948,0.3948,4
duodenum,YJL074C,-0.9006,0.219,4
duodenum,YJL075C,-1.111,0.1327,4
duodenum,YJL076W,-0.8519,0.284,4
duodenum,YJL077C,-0.5034,0.246,4
duodenum,YJL078C,-0.5112,0.4773,4
duodenum,YJL079C,-0.1275,0.2262,4
duodenum,YJL080C,-1.3359,0.2107,4
duodenum,YJL081C,-0.3863,0.1694,4
duodenum,YJL082W,1.5509,0.8465,4
duodenum,YJL083W,0.5756,0.6315,4
duodenum,YJL084C,0.4892,0.6333,4
duodenum,YJL085W,-0.3341,0.2585,4
duodenum,YJL086C,-0.2889,0.3108,4
duodenum,YJL087C,-0.8979,0.1882,4
duodenum,YJL088W,0.9273,0.3313,4
duodenum,YJL089W,0.8795,0.7218,4
duodenum,YJL090C,-0.07,0.2161,4
duodenum,YJL091C,0.2701,0.2074,4
duodenum,YJL092W,-0.5096,0.115,4
duodenum,YJL093C,0.1771,0.1049,4
duodenum,YJL094C,-0.2589,0.297,4
duodenum,YJL095W,-0.1495,0.2563,4
duodenum,YJL096W,0.2355,0.2658,4
duodenum,YJL097W,0.0586,0.3278,4
duodenum,YJL098W,-1.5979,0.5335,4
duodenum,YJL099W,0.1481,0.8132,4
duodenum,YJL100W,0.9079,0.3028,4
duodenum,YJL101C,-0.097,0.2253,4
duodenum,YJL102W,1.1284,0.6854,4
duodenum,YJL103C,1.1133,0.3191,4
duodenum,YJL104W,-0.2615,0.2977,4
duodenum,YJL105W,-0.2682,0.2458,4
duodenum,YJL106W,0.584,0.558,4
duodenum,YJL107C,0.8885,0.2115,4
duodenum,YJL108C,0.5911,0.3685,4
duodenum,YJL109C,-2.9367,0.6679,4
duodenum,YJL110C,-0.1931,0.2012,4
duodenum,YJL111W,-1.1111,0.6695,4
duodenum,YJL112W,0.1699,0.2209,4
duodenum,YJL113W,-0.233,0.5445,4
duodenum,YJL114W,0.3909,0.1947,4
duodenum,YJL115W,-0.494,0.1216,4
duodenum,YJL116C,0.6822,0.5936,4
duodenum,YJL117W,-0.8014,0.4938,4
duodenum,YJL118W,-0.4651,0.4286,4
duodenum,YJL119C,-0.7584,0.164,4
duodenum,YJL120W,-0.6073,0.3693,4
duodenum,YJL121C,-0.7788,0.2905,4
duodenum,YJL122W,-2.2662,0.8324,4
duodenum,YJL123C,-0.1929,0.2175,4
duodenum,YJL124C,-0.4181,0.4711,4
duodenum,YJL125C,-1.8369,0.275,4
duodenum,YJL126W,0.2949,0.1,4
duodenum,YJL127C,-0.5461,0.565,4
duodenum,YJL128C,0.4376,0.1115,4
duodenum,YJL129C,-0.5829,0.1792,4
duodenum,YJL130C,-1.5036,0.284,4
duodenum,YJL131C,0.2819,0.1673,4
duodenum,YJL132W,0.9594,0.3864,4
duodenum,YJL133W,-0.6564,0.259,4
duodenum,YJL134W,-0.1333,0.1,4
duodenum,YJL135W,-0.3473,0.1644,4
duodenum,YJL136C,-1.6316,0.7135,4
duodenum,YJL137C,0.3779,0.1122,4
duodenum,YJL138C,-0.6861,1.0907,4
duodenum,YJL139C,-0.0364,0.1,4
duodenum,YJL140W,0.3273,0.4355,4
duodenum,YJL141C,1.9446,0.7829,4
duodenum,YJL142C,1.7694,0.9367,4
duodenum,YJL143W,-0.2662,0.3517,4
duodenum,YJL144W,2.5133,0.6542,4
duodenum,YJL145W,-0.9885,0.2915,4
duodenum,YJL146W,0.2739,0.1138,4
duodenum,YJL147C,0.0103,0.1023,4
duodenum,YJL148W,-2.2103,0.8213,4
duodenum,YJL149W,0.9085,0.3881,4
duodenum,YJL150W,-0.0671,0.9678,4
duodenum,YJL151C,0.9999,0.2226,4
duodenum,YJL152W,0.7877,0.2565,4
duodenum,YJL153C,1.3619,0.6948,4
duodenum,YJL154C,0.6758,0.2404,4
duodenum,YJL155C,1.1861,0.4232,4
duodenum,YJL156C,0.0026,0.189,4
duodenum,YJL157C,-1.5733,1.0619,4
duodenum,YJL158C,-0.5317,0.3658,4
duodenum,YJL159W,1.8602,0.6426,4
duodenum,YJL160C,-0.09,0.7245,4
duodenum,YJL161W,2.6171,0.4564,4
duodenum,YJL162C,-0.5109,0.5012,4
duodenum,YJL163C,1.6964,0.5922,4
duodenum,YJL164C,2.43,0.8808,4
duodenum,YJL165C,0.7645,0.5961,4
duodenum,YJL166W,1.5151,0.7882,4
duodenum,YJL167W,-0.2699,0.1321,4
duodenum,YJL168C,-0.1096,0.5382,4
duodenum,YJL169W,-0.2556,0.4395,4
duodenum,YJL170C,0.3468,0.3848,4
duodenum,YJL171C,0.5915,0.5569,4
duodenum,YJL172W,1.244,0.6834,4
duodenum,YJL173C,-0.1667,0.2206,4
duodenum,YJL174W,0.4865,0.5744,4
duodenum,YJL175W,-0.5435,0.2322,4
duodenum,YJL176C,-0.0775,0.1728,4
duodenum,YJL177W,-2.6028,1.1772,4
duodenum,YJL178C,-0.3765,0.273,4
duodenum,YJL179W,-0.7189,0.3385,4
duodenum,YJL180C,0.2866,0.3585,4
duodenum,YJL181W,-0.203,0.209,4
duodenum,YJL182C,-0.5689,0.2158,4
duodenum,YJL183W,-0.7729,0.4069,4
duodenum,YJL184W,-0.3281,0.3428,4
duodenum,YJL185C,0.8656,0.1381,4
duodenum,YJL186W,-0.5701,0.3348,4
duodenum,YJL187C,-0.7464,0.3371,4
duodenum,YJL188C,-1.7261,0.9827,4
duodenum,YJL189W,-1.8645,1.2294,4
duodenum,YJL190C,-2.5819,1.3565,4
duodenum,YJL191W,-1.0347,0.9929,4
duodenum,YJL192C,-0.2416,0.3382,4
duodenum,YJL193W,-0.3783,0.4702,4
duodenum,YJL194W,-0.2734,0.4967,4
duodenum,YJL195C,-0.5722,0.3762,4
duodenum,YJL196C,0.5064,0.3771,4
duodenum,YJL197W,-0.1915,0.2684,4
duodenum,YJL198W,-2.03,0.8596,4
duodenum,YJL199C,0.1092,0.4463,4
duodenum,YJL200C,-2.9736,1.1781,4
duodenum,YJL201W,-0.3741,0.1721,4
duodenum,YJL202C,-0.2878,0.331,4
duodenum,YJL203W,-0.5671,0.106,4
duodenum,YJL204C,0.1315,0.2714,4
duodenum,YJL205C-A,1.0187,0.1859,4
duodenum,YJL206C,0.1313,0.1476,4
duodenum,YJL207C,-0.7402,0.1543,4
duodenum,YJL208C,-1.2061,0.6344,4
duodenum,YJL209W,-0.2349,0.1339,4
duodenum,YJL210W,0.7962,0.2287,4
duodenum,YJL211C,0.3241,0.1719,4
duodenum,YJL212C,-0.9393,0.2518,4
duodenum,YJL213W,1.6073,0.8196,4
duodenum,YJL214W,0.2808,0.2286,4
duodenum,YJL215C,-0.2466,0.2457,4
duodenum,YJL216C,0.2005,0.5495,4
duodenum,YJL217W,1.4799,0.812,4
duodenum,YJL218W,0.4057,0.4357,4
duodenum,YJL219W,0.4567,0.2967,4
duodenum,YJL220W,-0.44,0.7013,4
duodenum,YJL221C,0.4144,0.9682,4
duodenum,YJL222W,0.3134,0.1592,4
duodenum,YJL223C,-0.248,0.6678,4
duodenum,YJL225C,0.2229,0.1,4
duodenum,YJR001W,-0.1118,0.2463,4
duodenum,YJR002W,-2.2913,0.7364,4
duodenum,YJR003C,-1.6334,0.2226,4
duodenum,YJR004C,-0.0205,0.1577,4
duodenum,YJR005W,0.2225,0.6217,4
duodenum,YJR006W,0.3217,0.3469,4
duodenum,YJR007W,-1.374,0.5904,4
duodenum,YJR008W,2.0176,0.9017,4
duodenum,YJR009C,0.9473,0.2785,4
duodenum,YJR010C-A,-0.2294,0.2462,4
duodenum,YJR010W,-0.161,0.2227,4
duodenum,YJR011C,-0.0321,0.5518,4
duodenum,YJR012C,-0.3045,0.2392,4
duodenum,YJR013W,-0.0374,0.1047,4
duodenum,YJR014W,-0.7601,0.3872,4
duodenum,YJR015W,-0.1583,0.2016,4
duodenum,YJR016C,-2.436,0.7026,4
duodenum,YJR017C,-0.0445,0.2295,4
duodenum,YJR018W,-0.1385,0.1591,4
duodenum,YJR019C,1.0227,0.2869,4
duodenum,YJR020W,0.7359,0.1733,4
duodenum,YJR021C,0.5705,0.1709,4
duodenum,YJR022W,0.1455,0.1511,4
duodenum,YJR023C,0.0315,0.1236,4
duodenum,YJR024C,-0.3065,0.1781,4
duodenum,YJR025C,1.1985,0.1,4
duodenum,YJR026W,0.6704,0.2801,4
duodenum,YJR027W,0.3105,0.3051,4
duodenum,YJR028W,0.6249,0.4278,4
duodenum,YJR029W,0.1951,0.6062,4
duodenum,YJR030C,-0.3898,0.2384,4
duodenum,YJR031C,-0.7873,0.455,4
duodenum,YJR032W,-0.2715,0.3919,4
duodenum,YJR033C,0.7926,0.8463,4
duodenum,YJR034W,0.359,0.1044,4
duodenum,YJR035W,0.6666,0.7462,4
duodenum,YJR036C,1.3536,0.8464,4
duodenum,YJR037W,1.0703,0.7428,4
duodenum,YJR038C,0.6993,0.6418,4
duodenum,YJR039W,0.9138,0.9361,4
duodenum,YJR040W,0.0676,0.4149,4
duodenum,YJR041C,-2.09,0.6341,4
duodenum,YJR042W,-0.6423,0.2756,4
duodenum,YJR043C,-0.8125,0.3536,4
duodenum,YJR044C,0.716,0.4168,4
duodenum,YJR045C,1.4836,0.6485,4
duodenum,YJR046W,0.9718,1.1094,4
duodenum,YJR047C,-0.3561,0.3867,4
duodenum,YJR048W,0.2149,0.5655,4
duodenum,YJR049C,0.6222,0.5759,4
duodenum,YJR050W,-0.1269,0.2653,4
duodenum,YJR051W,0.3941,0.6009,4
duodenum,YJR052W,0.5255,0.5125,4
duodenum,YJR053W,-0.1346,0.581,4
duodenum,YJR054W,-0.419,0.2148,4
duodenum,YJR055W,-1.0337,0.3269,4
duodenum,YJR056C,0.1395,0.1759,4
duodenum,YJR057W,-0.0434,0.1963,4
duodenum,YJR058C,0.3614,0.1773,4
duodenum,YJR059W,1.8042,0.5016,4
duodenum,YJR060W,0.1605,0.1271,4
duodenum,YJR061W,0.5252,0.5036,4
duodenum,YJR062C,0.7605,0.3525,4
duodenum,YJR063W,-2.1,0.7474,4
duodenum,YJR064W,-0.7969,0.4781,4
duodenum,YJR065C,1.0249,0.3308,4
duodenum,YJR066W,2.5855,0.8707,4
duodenum,YJR067C,0.1573,0.2073,4
duodenum,YJR068W,-0.5739,0.2064,4
duodenum,YJR069C,-0.777,0.4051,4
duodenum,YJR070C,-3.8702,1.0355,4
duodenum,YJR071W,-3.1596,0.7505,4
duodenum,YJR072C,-1.6465,0.5409,4
duodenum,YJR073C,2.7568,0.3669,4
duodenum,YJR074W,1.216,0.4388,4
duodenum,YJR075W,-0.3559,0.1,4
duodenum,YJR076C,-0.2363,0.2169,4
duodenum,YJR077C,0.4574,0.1256,4
duodenum,YJR078W,0.4993,0.2471,4
duodenum,YJR079W,0.7989,0.327,4
duodenum,YJR080C,0.5585,0.372,4
duodenum,YJR082C,0.1979,0.1575,4
duodenum,YJR083C,0.119,0.1267,4
duodenum,YJR084W,0.3053,0.1,4
duodenum,YJR085C,1.1346,0.1387,4
duodenum,YJR086W,0.9225,0.2384,4
duodenum,YJR087W,0.3577,0.1,4
duodenum,YJR088C,0.5677,0.1,4
duodenum,YJR089W,-0.1795,0.1,4
duodenum,YJR090C,0.5647,0.2983,4
duodenum,YJR091C,1.283,0.8552,4
duodenum,YJR092W,-0.1156,0.3101,4
duodenum,YJR093C,-0.291,0.2128,4
duodenum,YJR094C,-0.0801,0.3275,4
duodenum,YJR094W-A,-1.9928,0.9393,4
duodenum,YJR095W,-0.0366,0.497,4
duodenum,YJR096W,3.1745,0.1869,4
duodenum,YJR097W,-1.5205,0.2069,4
duodenum,YJR098C,0.3987,0.1485,4
duodenum,YJR099W,0.4776,0.1056,4
duodenum,YJR100C,0.6436,0.1,4
duodenum,YJR101W,-0.4027,0.2016,4
duodenum,YJR102C,-0.2091,0.5152,4
duodenum,YJR103W,1.1267,0.2491,4
duodenum,YJR104C,1.3666,0.5127,4
duodenum,YJR105W,-0.4349,0.2324,4
duodenum,YJR106W,0.4275,0.3481,4
duodenum,YJR107W,0.6647,0.2636,4
duodenum,YJR108W,-0.2537,0.1467,4
duodenum,YJR109C,-0.985,1.3638,4
duodenum,YJR110W,0.3831,0.2179,4
duodenum,YJR111C,-0.7885,0.2866,4
duodenum,YJR112W,-0.4893,0.349,4
duodenum,YJR113C,0.1156,0.2556,4
duodenum,YJR114W,0.3979,0.1873,4
duodenum,YJR115W,0.1263,0.6125,4
duodenum,YJR116W,-0.19,0.3666,4
duodenum,YJR117W,0.8479,0.2901,4
duodenum,YJR118C,-0.0411,0.2104,4
duodenum,YJR119C,0.1263,0.1,4
duodenum,YJR120W,-0.1167,0.1777,4
duodenum,YJR121W,0.7536,0.1539,4
duodenum,YJR122W,0.929,0.1303,4
duodenum,YJR123W,-2.6185,1.5936,4
duodenum,YJR124C,-1.3734,0.5101,4
duodenum,YJR125C,1.2229,0.2471,4
duodenum,YJR126C,0.209,0.5344,4
duodenum,YJR127C,0.9358,0.7253,4
duodenum,YJR128W,0.1135,0.6614,4
duodenum,YJR129C,-0.8621,0.4033,4
duodenum,YJR130C,0.2841,0.5974,4
duodenum,YJR131W,0.2369,0.4695,4
duodenum,YJR132W,-1.2018,0.4293,4
duodenum,YJR133W,0.1769,0.3569,4
duodenum,YJR134C,-0.004,0.4944,4
duodenum,YJR135C,-0.661,0.1714,4
duodenum,YJR136C,-0.2283,0.5161,4
duodenum,YJR137C,-0.3109,0.2968,4
duodenum,YJR138W,-0.3817,0.3573,4
duodenum,YJR139C,0.1768,0.2699,4
duodenum,YJR140C,-0.3585,0.1218,4
duodenum,YJR141W,-0.683,0.1337,4
duodenum,YJR142W,0.3686,0.3392,4
duodenum,YJR143C,-1.4266,0.3742,4
duodenum,YJR144W,-0.7581,0.3919,4
duodenum,YJR145C,-2.2691,1.0428,4
duodenum,YJR146W,-0.236,0.6593,4
duodenum,YJR147W,-0.9627,0.3182,4
duodenum,YJR148W,1.8105,0.9773,4
duodenum,YJR149W,1.1836,0.5737,4
duodenum,YJR150C,-0.1968,0.7784,4
duodenum,YJR151C,0.3862,0.2711,4
duodenum,YJR152W,0.108,0.3288,4
duodenum,YJR153W,0.1233,0.2451,4
duodenum,YJR154W,-0.1263,0.2422,4
duodenum,YJR155W,0.3156,0.1375,4
duodenum,YJR156C,0.581,0.1978,4
duodenum,YJR157W,-0.1001,0.1046,4
duodenum,YJR158W,0.5408,0.1977,4
duodenum,YJR159W,0.5356,0.3436,4
duodenum,YJR160C,-0.0282,0.1629,4
duodenum,YJR161C,0.771,0.3196,4
duodenum,YJR162C,-0.2715,0.1546,4
duodenum,YKL001C,-0.6604,0.2536,4
duodenum,YKL002W,-0.0884,0.1184,4
duodenum,YKL003C,0.3176,0.1214,4
duodenum,YKL004W,-1.5473,0.4362,4
duodenum,YKL005C,-0.009,0.3159,4
duodenum,YKL006C-A,-1.0877,0.4223,4
duodenum,YKL006W,-2.432,1.2299,4
duodenum,YKL007W,0.877,0.1994,4
duodenum,YKL008C,-0.3972,0.3088,4
duodenum,YKL009W,-3.1969,1.3889,4
duodenum,YKL010C,0.518,0.5084,4
duodenum,YKL011C,0.3016,0.2415,4
duodenum,YKL012W,0.1519,0.2571,4
duodenum,YKL013C,1.2834,0.1,4
duodenum,YKL014C,-1.6498,0.565,4
duodenum,YKL015W,0.2843,0.2147,4
duodenum,YKL016C,0.456,0.1226,4
duodenum,YKL017C,0.1255,0.13,4
duodenum,YKL018W,-0.0464,0.1,4
duodenum,YKL019W,0.2655,0.183,4
duodenum,YKL020C,0.4025,0.4549,4
duodenum,YKL021C,-1.58,0.632,4
duodenum,YKL022C,-0.1429,0.2696,4
duodenum,YKL023W,0.705,0.1512,4
duodenum,YKL024C,-1.0717,0.3941,4
duodenum,YKL025C,0.5647,0.1264,4
duodenum,YKL026C,1.5129,0.5213,4
duodenum,YKL027W,0.0044,0.4711,4
duodenum,YKL028W,-0.211,0.2281,4
duodenum,YKL029C,-1.6565,0.5448,4
duodenum,YKL030W,-1.3999,0.4752,4
duodenum,YKL031W,-0.0303,0.1597,4
duodenum,YKL032C,-0.5467,0.3178,4
duodenum,YKL033W,-0.4026,0.2282,4
duodenum,YKL034W,0.8494,0.2434,4
duodenum,YKL035W,2.1981,0.4875,4
duodenum,YKL036C,2.5755,0.5523,4
duodenum,YKL037W,1.5359,0.3211,4
duodenum,YKL038W,0.5341,0.2984,4
duodenum,YKL039W,0.574,0.2199,4
duodenum,YKL040C,-0.0273,0.1039,4
duodenum,YKL041W,0.1838,0.5154,4
duodenum,YKL042W,-0.3869,0.6113,4
duodenum,YKL043W,0.0486,0.9187,4
duodenum,YKL044W,-0.536,0.8792,4
duodenum,YKL045W,-0.56,0.3427,4
duodenum,YKL046C,-0.1509,0.1395,4
duodenum,YKL047W,-0.6074,0.3602,4
duodenum,YKL048C,-0.2044,0.1,4
duodenum,YKL049C,-0.4659,0.173,4
duodenum,YKL050C,0.0399,0.1463,4
duodenum,YKL051W,1.2232,0.1857,4
duodenum,YKL052C,0.0665,0.1,4
duodenum,YKL053W,-0.1011,0.1417,4
duodenum,YKL054C,0.008,0.4039,4
duodenum,YKL055C,-0.4321,0.2689,4
duodenum,YKL056C,-1.0654,0.4698,4
duodenum,YKL057C,-0.2926,0.2091,4
duodenum,YKL058W,-0.0092,0.2351,4
duodenum,YKL059C,-0.1461,0.5,4
duodenum,YKL060C,0.6466,0.3232,4
duodenum,YKL061W,-0.1195,0.4225,4
duodenum,YKL062W,1.2081,0.8471,4
duodenum,YKL063C,-0.0794,0.4002,4
duodenum,YKL064W,0.6281,0.4823,4
duodenum,YKL065C,1.7941,0.7206,4
duodenum,YKL066W,0.1641,0.5132,4
duodenum,YKL067W,1.5333,0.7518,4
duodenum,YKL068W,-0.9456,0.2151,4
duodenum,YKL069W,0.3184,0.5953,4
duodenum,YKL070W,-0.604,0.2119,4
duodenum,YKL071W,-0.7701,0.2527,4
duodenum,YKL072W,-0.6713,0.4308,4
duodenum,YKL073W,-0.5077,0.4057,4
duodenum,YKL074C,-0.5906,0.1363,4
duodenum,YKL075C,-0.2261,0.2807,4
duodenum,YKL076C,-0.3792,0.1983,4
duodenum,YKL077W,-0.213,0.2052,4
duodenum,YKL078W,-3.1726,0.5586,4
duodenum,YKL079W,0.4353,0.3604,4
duodenum,YKL080W,-0.4101,0.1,4
duodenum,YKL081W,-1.6936,0.3251,4
duodenum,YKL082C,-2.5869,0.8043,4
duodenum,YKL083W,-1.6184,0.6827,4
duodenum,YKL084W,-0.6713,0.2108,4
duodenum,YKL085W,2.1065,0.7997,4
duodenum,YKL086W,-0.2313,0.2123,4
duodenum,YKL087C,0.7578,0.1441,4
duodenum,YKL088W,0.1575,0.8284,4
duodenum,YKL089W,-0.261,0.2052,4
duodenum,YKL090W,0.1113,0.1707,4
duodenum,YKL091C,3.0793,0.6039,4
duodenum,YKL092C,0.0299,0.2023,4
duodenum,YKL093W,1.4575,0.6858,4
duodenum,YKL094W,1.2395,0.2789,4
duodenum,YKL095W,0.4143,0.3959,4
duodenum,YKL096W,3.6428,0.2333,4
duodenum,YKL096W-A,0.1505,0.4521,4
duodenum,YKL097C,-0.1593,0.2636,4
duodenum,YKL098W,0.0938,0.1273,4
duodenum,YKL099C,-2.684,0.9523,4
duodenum,YKL100C,1.4345,0.4611,4
duodenum,YKL101W,-0.7565,0.3245,4
duodenum,YKL102C,-0.1063,0.1496,4
duodenum,YKL103C,3.7335,0.6739,4
duodenum,YKL104C,0.5443,0.1278,4
duodenum,YKL105C,0.4243,0.2345,4
duodenum,YKL106W,-0.1283,0.1491,4
duodenum,YKL107W,0.2223,1.0966,4
duodenum,YKL108W,-0.2005,0.2247,4
duodenum,YKL109W,1.7348,1.0948,4
duodenum,YKL110C,-0.8165,0.4299,4
duodenum,YKL111C,-0.0128,0.2183,4
duodenum,YKL112W,0.4005,0.1,4
duodenum,YKL113C,-1.2966,0.555,4
duodenum,YKL114C,-0.0403,0.2576,4
duodenum,YKL115C,-0.743,0.2417,4
duodenum,YKL116C,0.2082,0.5124,4
duodenum,YKL117W,0.9057,0.1388,4
duodenum,YKL118W,-0.1155,0.204,4
duodenum,YKL119C,-0.1383,0.1885,4
duodenum,YKL120W,-0.762,0.3397,4
duodenum,YKL121W,1.1113,0.5338,4
duodenum,YKL122C,-0.6395,0.6244,4
duodenum,YKL123W,0.403,0.2248,4
duodenum,YKL124W,0.9175,0.2392,4
duodenum,YKL125W,-0.9832,0.2449,4
duodenum,YKL126W,1.164,0.2852,4
duodenum,YKL127W,-0.3488,0.1,4
duodenum,YKL128C,0.0258,0.1533,4
duodenum,YKL129C,1.241,0.4542,4
duodenum,YKL130C,1.923,0.25,4
duodenum,YKL131W,-0.8015,0.1808,4
duodenum,YKL132C,1.4535,0.186,4
duodenum,YKL133C,0.913,0.1265,4
duodenum,YKL134C,0.889,1.5178,4
duodenum,YKL135C,0.0678,0.1393,4
duodenum,YKL137W,0.1173,0.5455,4
duodenum,YKL138C,0.426,0.4988,4
duodenum,YKL139W,-0.0217,0.192,4
duodenum,YKL140W,2.239,3.1664,4
duodenum,YKL141W,1.4472,0.3529,4
duodenum,YKL142W,2.0645,0.2853,4
duodenum,YKL143W,-3.256,0.8652,4
duodenum,YKL144C,-1.2857,0.4889,4
duodenum,YKL145W,0.5998,0.3468,4
duodenum,YKL146W,0.5922,0.264,4
duodenum,YKL147C,0.5315,0.2074,4
duodenum,YKL148C,2.3085,0.5793,4
duodenum,YKL149C,0.067,0.2902,4
duodenum,YKL150W,2.6475,0.4497,4
duodenum,YKL151C,3.9192,0.8492,4
duodenum,YKL152C,1.0375,0.2528,4
duodenum,YKL153W,0.6378,0.1079,4
duodenum,YKL154W,-0.4672,0.3601,4
duodenum,YKL155C,0.1698,0.2857,4
duodenum,YKL156W,-1.8552,0.8893,4
duodenum,YKL157W,1.0987,0.3482,4
duodenum,YKL158W,-0.7497,0.3276,4
duodenum,YKL159C,0.0495,0.4664,4
duodenum,YKL160W,0.0025,0.1684,4
duodenum,YKL161C,0.79,0.2225,4
duodenum,YKL162C,0.628,0.4444,4
duodenum,YKL163W,1.5825,1.0325,4
duodenum,YKL164C,0.9237,0.6648,4
duodenum,YKL165C,-0.9395,0.1385,4
duodenum,YKL166C,-0.5355,0.3316,4
duodenum,YKL167C,0.565,0.115,4
duodenum,YKL168C,1.1227,0.7009,4
duodenum,YKL169C,-0.084,0.4755,4
duodenum,YKL170W,0.4935,0.4156,4
duodenum,YKL171W,0.6125,0.5674,4
duodenum,YKL172W,-3.2888,0.8975,4
duodenum,YKL173W,-0.4403,0.3379,4
duodenum,YKL174C,-0.6158,0.1302,4
duodenum,YKL175W,-0.4493,0.139,4
duodenum,YKL176C,-0.8132,0.2397,4
duodenum,YKL177W,-0.566,0.1,4
duodenum,YKL178C,0.0078,0.5328,4
duodenum,YKL179C,0.2893,0.2302,4
duodenum,YKL180W,-2.247,1.3001,4
duodenum,YKL181W,-2.1368,0.9664,4
duodenum,YKL182W,-1.738,0.1777,4
duodenum,YKL183W,0.881,0.4186,4
duodenum,YKL184W,-0.3568,0.1628,4
duodenum,YKL185W,0.0997,0.1,4
duodenum,YKL186C,-0.3235,0.3166,4
duodenum,YKL187C,2.3465,1.6046,4
duodenum,YKL188C,0.9168,0.4964,4
duodenum,YKL189W,0.5748,0.2327,4
duodenum,YKL190W,0.5152,0.1768,4
duodenum,YKL191W,-2.1498,0.2358,4
duodenum,YKL192C,0.811,0.2094,4
duodenum,YKL193C,1.453,0.3537,4
duodenum,YKL194C,0.8215,0.1,4
duodenum,YKL195W,1.2823,0.1802,4
duodenum,YKL196C,0.0667,0.3336,4
duodenum,YKL197C,0.4575,0.1112,4
duodenum,YKL198C,-0.0938,0.1201,4
duodenum,YKL199C,-0.7198,0.1,4
duodenum,YKL200C,0.6298,0.2011,4
duodenum,YKL201C,0.6078,0.8487,4
duodenum,YKL202W,0.852,0.3693,4
duodenum,YKL203C,0.0189,0.5368,4
duodenum,YKL204W,0.5877,0.2438,4
duodenum,YKL205W,-0.9052,0.357,4
duodenum,YKL206C,0.805,0.6229,4
duodenum,YKL207W,0.0,0.25,4
duodenum,YKL208W,0.4765,0.2832,4
duodenum,YKL209C,-0.57,0.6199,4
duodenum,YKL210W,0.952,0.1346,4
duodenum,YKL211C,-0.593,0.2857,4
duodenum,YKL212W,-0.144,0.1665,4
duodenum,YKL213C,0.5787,0.4329,4
duodenum,YKL214C,-0.2203,0.2039,4
duodenum,YKL215C,0.2923,0.2863,4
duodenum,YKL216W,-3.464,1.1398,4
duodenum,YKL217W,0.6342,1.4424,4
duodenum,YKL218C,-0.145,0.25,4
duodenum,YKL219W,1.0,0.25,4
duodenum,YKL220C,0.1595,0.3223,4
duodenum,YKL221W,-0.1132,0.7984,4
duodenum,YKL222C,0.4412,0.1,4
duodenum,YKL223W,-0.3777,0.6505,4
duodenum,YKL224C,0.3815,0.1416,4
duodenum,YKL225W,-0.8843,0.7747,4
duodenum,YKR001C,0.5418,0.1373,4
duodenum,YKR002W,0.3605,0.101,4
duodenum,YKR004C,0.2562,0.2499,4
duodenum,YKR005C,0.0,0.25,4
duodenum,YKR006C,1.254,1.7734,4
duodenum,YKR007W,0.211,0.1758,4
duodenum,YKR008W,-0.067,0.1,4
duodenum,YKR009C,1.0175,0.328,4
duodenum,YKR010C,-0.4271,0.3312,4
duodenum,YKR011C,2.6023,0.4599,4
duodenum,YKR012C,-1.1048,0.5098,4
duodenum,YKR013W,-1.2115,0.6532,4
duodenum,YKR014C,0.5535,0.1,4
duodenum,YKR015C,0.4365,0.1399,4
duodenum,YKR016W,1.1122,0.1936,4
duodenum,YKR017C,0.9965,1.4093,4
duodenum,YKR018C,0.0,0.25,4
duodenum,YKR019C,-0.1253,0.2084,4
duodenum,YKR020W,0.1383,0.1,4
duodenum,YKR021W,0.2732,0.1467,4
duodenum,YKR022C,-0.246,0.2964,4
duodenum,YKR023W,0.1537,0.1743,4
duodenum,YKR024C,-2.4357,0.8202,4
duodenum,YKR025W,-1.5143,0.3051,4
duodenum,YKR026C,-1.1178,0.4035,4
duodenum,YKR027W,-0.1885,0.4809,4
duodenum,YKR028W,-0.2933,0.2534,4
duodenum,YKR029C,0.796,0.2885,4
duodenum,YKR030W,-0.2236,0.3631,4
duodenum,YKR031C,0.154,0.3968,4
duodenum,YKR032W,-0.633,0.3582,4
duodenum,YKR033C,0.004,0.3036,4
duodenum,YKR034W,-0.5435,0.2796,4
duodenum,YKR035C,0.29,0.2412,4
duodenum,YKR036C,-0.7633,0.2061,4
duodenum,YKR037C,-0.0125,0.433,4
duodenum,YKR038C,-0.463,0.2117,4
duodenum,YKR039W,1.0852,0.6299,4
duodenum,YKR040C,-0.4484,0.2687,4
duodenum,YKR041W,0.237,1.111,4
duodenum,YKR042W,-1.0,0.25,4
duodenum,YKR043C,-1.442,0.3893,4
duodenum,YKR044W,-0.8553,0.1371,4
duodenum,YKR045C,-0.4385,0.1757,4
duodenum,YKR046C,1.2677,0.7687,4
duodenum,YKR047W,-0.0035,0.3033,4
duodenum,YKR048C,0.0268,0.314,4
duodenum,YKR049C,1.5188,0.714,4
duodenum,YKR050W,-0.11,0.1185,4
duodenum,YKR051W,0.3448,0.1042,4
duodenum,YKR052C,0.753,0.3635,4
duodenum,YKR053C,-0.5433,0.1206,4
duodenum,YKR054C,-0.5211,0.1225,4
duodenum,YKR055W,0.1182,0.1643,4
duodenum,YKR056W,-2.6965,0.8076,4
duodenum,YKR057W,-2.0745,1.0894,4
duodenum,YKR058W,1.7623,0.5696,4
duodenum,YKR059W,-1.371,0.559,4
duodenum,YKR060W,-1.837,0.7733,4
duodenum,YKR061W,-0.1555,0.1709,4
duodenum,YKR062W,-0.1388,0.4971,4
duodenum,YKR063C,-0.813,0.2597,4
duodenum,YKR064W,-0.266,0.6181,4
duodenum,YKR065C,0.4367,0.237,4
duodenum,YKR066C,1.835,1.0695,4
duodenum,YKR067W,2.2022,0.5776,4
duodenum,YKR068C,-0.0087,0.3026,4
duodenum,YKR069W,0.1945,0.1109,4
duodenum,YKR070W,0.2445,0.5318,4
duodenum,YKR071C,0.103,0.2321,4
duodenum,YKR072C,-0.3438,0.119,4
duodenum,YKR073C,-0.26,0.2735,4
duodenum,YKR074W,-0.1452,0.5711,4
duodenum,YKR075C,-0.039,0.1127,4
duodenum,YKR076W,2.33,0.747,4
duodenum,YKR077W,0.3227,0.264,4
duodenum,YKR078W,-0.2812,0.1914,4
duodenum,YKR079C,-1.3885,0.9525,4
duodenum,YKR080W,0.0995,0.2732,4
duodenum,YKR081C,-2.5785,1.2136,4
duodenum,YKR082W,-0.4697,0.3996,4
duodenum,YKR083C,-0.2993,0.3136,4
duodenum,YKR084C,0.177,0.1948,4
duodenum,YKR085C,-0.848,1.3634,4
duodenum,YKR086W,0.174,0.1,4
duodenum,YKR087C,0.3033,0.1,4
duodenum,YKR088C,0.1338,0.1094,4
duodenum,YKR089C,1.1667,0.1423,4
duodenum,YKR090W,0.0207,0.1591,4
duodenum,YKR091W,2.359,0.459,4
duodenum,YKR092C,-2.6928,0.6041,4
duodenum,YKR093W,0.2155,0.3157,4
duodenum,YKR094C,-2.2785,1.1532,4
duodenum,YKR095W,-0.6558,0.1795,4
duodenum,YKR096W,0.6835,0.3762,4
duodenum,YKR097W,0.3888,0.2707,4
duodenum,YKR098C,1.224,0.1551,4
duodenum,YKR099W,-1.5722,0.3158,4
duodenum,YKR100C,-0.0337,0.2472,4
duodenum,YKR101W,0.765,0.2959,4
duodenum,YKR102W,0.107,0.2358,4
duodenum,YKR103W,0.111,0.2024,4
duodenum,YKR104W,-0.2153,0.3069,4
duodenum,YKR105C,-0.345,0.3268,4
duodenum,YKR106W,0.4577,0.3394,4
duodenum,YLL001W,1.0155,0.2418,4
duodenum,YLL002W,-0.411,0.1193,4
duodenum,YLL003W,0.1933,0.1294,4
duodenum,YLL004W,-0.6875,0.2264,4
duodenum,YLL005C,0.2632,0.3876,4
duodenum,YLL006W,0.802,0.4502,4
duodenum,YLL007C,-0.455,0.2234,4
duodenum,YLL008W,-3.6778,1.1233,4
duodenum,YLL009C,0.9983,0.4608,4
duodenum,YLL010C,0.1195,0.1,4
duodenum,YLL011W,-2.2215,1.1382,4
duodenum,YLL012W,-0.7563,0.5109,4
duodenum,YLL013C,0.2305,0.1838,4
duodenum,YLL014W,-0.279,0.3095,4
duodenum,YLL015W,-0.4983,0.2315,4
duodenum,YLL016W,-0.2286,0.1638,4
duodenum,YLL017W,0.225,0.3616,4
duodenum,YLL018C,-0.1464,0.1399,4
duodenum,YLL019C,1.3314,0.6035,4
duodenum,YLL020C,1.5302,0.6027,4
duodenum,YLL021W,-0.8602,0.2908,4
duodenum,YLL022C,-1.2375,0.291,4
duodenum,YLL023C,1.7212,0.7514,4
duodenum,YLL024C,1.5012,0.7256,4
duodenum,YLL025W,0.5089,0.2206,4
duodenum,YLL026W,5.0315,1.7111,4
duodenum,YLL027W,0.5587,0.4456,4
duodenum,YLL028W,1.2528,0.7344,4
duodenum,YLL029W,0.8382,0.7647,4
duodenum,YLL030C,-0.9292,0.504,4
duodenum,YLL031C,-0.3732,0.3047,4
duodenum,YLL032C,-0.4088,0.3362,4
duodenum,YLL033W,-0.472,0.1493,4
duodenum,YLL034C,-2.2562,0.8095,4
duodenum,YLL035W,-1.55,0.1229,4
duodenum,YLL036C,-0.6093,0.1081,4
duodenum,YLL037W,-0.4352,0.1761,4
duodenum,YLL038C,-0.6172,0.3044,4
duodenum,YLL039C,3.8564,0.8085,4
duodenum,YLL040C,-0.1727,0.3601,4
duodenum,YLL041C,2.3157,0.6681,4
duodenum,YLL042C,-0.1988,0.1887,4
duodenum,YLL043W,0.023,0.2391,4
duodenum,YLL044W,-2.6783,1.5145,4
duodenum,YLL045C,-2.4585,1.3193,4
duodenum,YLL046C,0.038,0.3752,4
duodenum,YLL047W,-0.9292,0.7865,4
duodenum,YLL048C,-0.8793,0.1869,4
duodenum,YLL049W,-0.0348,0.2499,4
duodenum,YLL050C,0.701,0.138,4
duodenum,YLL051C,-0.4173,0.2074,4
duodenum,YLL052C,-1.193,0.3901,4
duodenum,YLL053C,-0.192,0.3998,4
duodenum,YLL054C,-0.9805,0.3376,4
duodenum,YLL055W,0.3675,0.2771,4
duodenum,YLL056C,-0.0457,0.5348,4
duodenum,YLL057C,-0.622,1.2279,4
duodenum,YLL058W,0.6565,0.5753,4
duodenum,YLL059C,-0.234,0.1408,4
duodenum,YLL060C,0.1035,0.5823,4
duodenum,YLL061W,-0.9712,0.3635,4
duodenum,YLL062C,-0.6318,0.1043,4
duodenum,YLL063C,0.2037,0.2248,4
duodenum,YLL064C,-0.0442,0.1529,4
duodenum,YLL065W,-0.123,0.1548,4
duodenum,YLL066C,0.1285,0.3699,4
duodenum,YLL067C,0.3038,0.1091,4
duodenum,YLR001C,0.9385,0.7835,4
duodenum,YLR002C,-2.473,0.9578,4
duodenum,YLR003C,-2.6107,0.8585,4
duodenum,YLR004C,0.0323,0.2335,4
duodenum,YLR005W,0.1135,0.3201,4
duodenum,YLR006C,1.2675,0.2361,4
duodenum,YLR007W,-0.5651,0.3626,4
duodenum,YLR008C,-0.683,0.7125,4
duodenum,YLR009W,-3.1655,1.1247,4
duodenum,YLR010C,-0.4017,0.2668,4
duodenum,YLR011W,-0.4235,0.1955,4
duodenum,YLR012C,-0.1592,0.4791,4
duodenum,YLR013W,-1.2443,0.4048,4
duodenum,YLR014C,-0.8745,0.1014,4
duodenum,YLR015W,-0.865,0.3011,4
duodenum,YLR016C,-0.3028,0.309,4
duodenum,YLR017W,-1.6067,0.5176,4
duodenum,YLR018C,-0.5795,0.2952,4
duodenum,YLR019W,0.264,0.1063,4
duodenum,YLR020C,-0.4483,0.2073,4
duodenum,YLR021W,-0.2193,0.2945,4
duodenum,YLR022C,-0.3235,0.2253,4
duodenum,YLR023C,0.3395,0.1829,4
duodenum,YLR024C,-0.0094,0.2601,4
duodenum,YLR025W,0.772,0.1,4
duodenum,YLR026C,-0.1795,0.2104,4
duodenum,YLR027C,0.4738,0.109,4
duodenum,YLR028C,1.0135,0.2785,4
duodenum,YLR029C,-1.75,0.6146,4
duodenum,YLR030W,0.365,0.2338,4
duodenum,YLR031W,-0.0254,0.1396,4
duodenum,YLR032W,-0.196,0.2235,4
duodenum,YLR033W,-0.099,0.2379,4
duodenum,YLR034C,0.4178,0.2149,4
duodenum,YLR035C,0.59,0.4147,4
duodenum,YLR036C,-0.0045,0.2941,4
duodenum,YLR037C,0.472,0.1465,4
duodenum,YLR038C,0.402,0.2772,4
duodenum,YLR039C,0.2098,0.1577,4
duodenum,YLR040C,-0.0722,0.4429,4
duodenum,YLR041W,-0.0993,0.3674,4
duodenum,YLR042C,-0.9323,1.0438,4
duodenum,YLR043C,-0.313,0.3372,4
duodenum,YLR044C,0.4085,0.3614,4
duodenum,YLR045C,-0.0393,0.2323,4
duodenum,YLR046C,0.2425,0.4926,4
duodenum,YLR047C,0.2085,0.4655,4
duodenum,YLR048W,-2.6915,1.2809,4
duodenum,YLR049C,0.1778,0.3154,4
duodenum,YLR050C,0.24,0.4349,4
duodenum,YLR051C,-1.836,0.5052,4
duodenum,YLR052W,-0.2388,0.3056,4
duodenum,YLR053C,-0.2802,0.3158,4
duodenum,YLR054C,0.0943,0.3366,4
duodenum,YLR055C,-0.259,0.2792,4
duodenum,YLR056W,-1.126,0.2653,4
duodenum,YLR057W,-0.5817,0.2302,4
duodenum,YLR058C,0.334,0.5812,4
duodenum,YLR059C,-0.5267,0.1977,4
duodenum,YLR060W,-0.8618,0.3242,4
duodenum,YLR061W,-2.4543,1.4069,4
duodenum,YLR062C,-2.7415,1.3747,4
duodenum,YLR063W,-1.933,0.187,4
duodenum,YLR064W,1.0745,0.6317,4
duodenum,YLR065C,-0.3135,0.1,4
duodenum,YLR066W,-0.0615,0.1,4
duodenum,YLR067C,-0.2374,0.2122,4
duodenum,YLR068W,0.0537,0.3194,4
duodenum,YLR069C,0.6797,0.1,4
duodenum,YLR070C,1.1075,0.4118,4
duodenum,YLR071C,-0.1645,0.1935,4
duodenum,YLR072W,-0.0253,0.2479,4
duodenum,YLR073C,-1.4595,0.3309,4
duodenum,YLR074C,-2.583,0.29,4
duodenum,YLR075W,-1.452,0.9019,4
duodenum,YLR076C,-1.9503,0.7069,4
duodenum,YLR077W,0.01,0.3409,4
duodenum,YLR078C,0.179,0.2045,4
duodenum,YLR079W,0.7012,0.469,4
duodenum,YLR080W,1.7142,0.5079,4
duodenum,YLR081W,0.0045,0.4927,4
duodenum,YLR082C,0.029,0.2628,4
duodenum,YLR083C,-1.774,0.3195,4
duodenum,YLR084C,-0.8938,0.3168,4
duodenum,YLR085C,0.0193,0.4326,4
duodenum,YLR086W,-0.1452,0.3224,4
duodenum,YLR087C,-0.5597,0.5581,4
duodenum,YLR088W,-0.4025,0.2722,4
duodenum,YLR089C,0.999,0.7288,4
duodenum,YLR090W,0.18,0.2008,4
duodenum,YLR091W,-0.0545,0.3796,4
duodenum,YLR092W,0.346,0.3811,4
duodenum,YLR093C,0.7238,0.1,4
duodenum,YLR094C,0.2215,0.1886,4
duodenum,YLR095C,0.1438,0.1,4
duodenum,YLR096W,-0.0045,0.131,4
duodenum,YLR097C,0.6315,0.1358,4
duodenum,YLR098C,0.0943,0.2286,4
duodenum,YLR099C,0.1928,0.1998,4
duodenum,YLR100W,-0.2115,0.1853,4
duodenum,YLR101C,-0.3073,0.2277,4
duodenum,YLR102C,0.5065,0.3611,4
duodenum,YLR103C,-0.7448,0.6538,4
duodenum,YLR104W,-0.1313,0.3176,4
duodenum,YLR105C,-0.5515,0.2655,4
duodenum,YLR106C,-1.0634,0.5235,4
duodenum,YLR107W,-0.5305,0.2745,4
duodenum,YLR108C,0.0887,0.4263,4
duodenum,YLR109W,1.3142,0.1705,4
duodenum,YLR110C,0.2123,0.3128,4
duodenum,YLR111W,0.163,0.1557,4
duodenum,YLR112W,-0.085,0.1344,4
duodenum,YLR113W,0.415,0.2537,4
duodenum,YLR114C,-0.5275,0.2594,4
duodenum,YLR115W,0.1703,0.1595,4
duodenum,YLR116W,0.0635,0.2773,4
duodenum,YLR117C,-0.2405,0.101,4
duodenum,YLR118C,1.0068,0.1925,4
duodenum,YLR119W,0.5775,0.2158,4
duodenum,YLR120C,1.2335,0.2965,4
duodenum,YLR121C,0.5062,0.1529,4
duodenum,YLR122C,-0.699,0.3305,4
duodenum,YLR123C,-0.2843,0.1,4
duodenum,YLR124W,-0.508,0.1524,4
duodenum,YLR125W,-0.0653,0.4053,4
duodenum,YLR126C,-1.0715,0.2009,4
duodenum,YLR127C,0.089,0.1659,4
duodenum,YLR128W,0.0833,0.273,4
duodenum,YLR129W,-2.6787,1.2608,4
duodenum,YLR130C,-0.4795,0.1547,4
duodenum,YLR131C,-0.5541,0.371,4
duodenum,YLR132C,0.9238,0.6932,4
duodenum,YLR133W,1.347,0.392,4
duodenum,YLR134W,0.0075,0.2941,4
duodenum,YLR135W,-0.256,0.4335,4
duodenum,YLR136C,-1.5145,1.1284,4
duodenum,YLR137W,0.4788,0.3025,4
duodenum,YLR138W,-0.4288,0.2804,4
duodenum,YLR139C,-0.5468,0.6065,4
duodenum,YLR140W,-0.0325,0.4542,4
duodenum,YLR141W,-0.8789,0.5048,4
duodenum,YLR142W,1.8288,1.0573,4
duodenum,YLR143W,-0.296,0.2483,4
duodenum,YLR144C,0.4793,0.59,4
duodenum,YLR145W,-0.5245,0.4659,4
duodenum,YLR146C,-1.3117,0.39,4
duodenum,YLR147C,-0.3865,0.2094,4
duodenum,YLR148W,0.4512,0.5277,4
duodenum,YLR149C,3.605,0.5791,4
duodenum,YLR150W,-1.685,0.4211,4
duodenum,YLR151C,0.88,0.1552,4
duodenum,YLR152C,1.5322,0.4543,4
duodenum,YLR153C,-0.1313,0.2381,4
duodenum,YLR154C,-0.4405,0.234,4
duodenum,YLR155C,0.3062,0.4254,4
duodenum,YLR156W,0.4368,0.5381,4
duodenum,YLR157C,0.1038,0.4272,4
duodenum,YLR158C,0.3275,0.1,4
duodenum,YLR159W,0.4743,0.6219,4
duodenum,YLR160C,0.4143,0.1091,4
duodenum,YLR161W,0.3025,0.5003,4
duodenum,YLR162W,-0.065,0.124,4
duodenum,YLR163C,-0.082,0.1188,4
duodenum,YLR164W,0.8113,0.5582,4
duodenum,YLR165C,0.26,0.2353,4
duodenum,YLR166C,0.2373,0.238,4
duodenum,YLR167W,-2.02,0.7678,4
duodenum,YLR168C,1.4318,0.6615,4
duodenum,YLR169W,-0.1328,0.214,4
duodenum,YLR170C,0.1655,0.1626,4
duodenum,YLR171W,0.2517,0.1335,4
duodenum,YLR172C,-1.6068,0.1,4
duodenum,YLR173W,0.6002,0.6142,4
duodenum,YLR174W,0.9228,0.5193,4
duodenum,YLR175W,-3.5882,1.4164,4
duodenum,YLR176C,0.883,0.7491,4
duodenum,YLR177W,2.3189,0.9927,4
duodenum,YLR178C,5.2838,1.0373,4
duodenum,YLR179C,-0.584,0.3511,4
duodenum,YLR180W,-3.219,0.6704,4
duodenum,YLR181C,-0.7205,0.2777,4
duodenum,YLR182W,-0.1803,0.3067,4
duodenum,YLR183C,-1.318,0.1,4
duodenum,YLR184W,0.078,0.8824,4
duodenum,YLR185W,-1.9588,0.8234,4
duodenum,YLR186W,-2.163,0.5973,4
duodenum,YLR187W,-0.0158,0.5682,4
duodenum,YLR188W,-0.5237,0.1,4
duodenum,YLR189C,0.9078,0.3412,4
duodenum,YLR190W,0.1438,0.2775,4
duodenum,YLR191W,0.1668,0.1224,4
duodenum,YLR192C,-0.5028,0.3259,4
duodenum,YLR193C,0.734,0.3074,4
duodenum,YLR194C,1.0987,0.2808,4
duodenum,YLR195C,-0.4842,0.4355,4
duodenum,YLR196W,-3.6892,1.2762,4
duodenum,YLR197W,-3.8032,1.5845,4
duodenum,YLR198C,-3.6738,1.3593,4
duodenum,YLR199C,0.043,0.151,4
duodenum,YLR200W,-0.499,0.411,4
duodenum,YLR201C,0.8993,0.1388,4
duodenum,YLR202C,0.5775,0.2316,4
duodenum,YLR203C,1.0982,0.2573,4
duodenum,YLR204W,0.715,0.3832,4
duodenum,YLR205C,1.3102,0.6527,4
duodenum,YLR206W,0.5175,0.709,4
duodenum,YLR207W,0.4992,0.3587,4
duodenum,YLR208W,-0.3892,0.4601,4
duodenum,YLR209C,0.2002,0.127,4
duodenum,YLR210W,-0.4698,0.2396,4
duodenum,YLR211C,0.3202,0.2221,4
duodenum,YLR212C,-0.6963,0.1736,4
duodenum,YLR213C,-0.2418,0.1905,4
duodenum,YLR214W,-1.7025,0.2579,4
duodenum,YLR215C,-0.7587,0.2337,4
duodenum,YLR216C,3.2875,1.0788,4
duodenum,YLR217W,3.2248,0.8127,4
duodenum,YLR218C,0.5815,0.3434,4
duodenum,YLR219W,1.0507,0.2644,4
duodenum,YLR220W,0.5823,0.4947,4
duodenum,YLR221C,-2.193,0.8191,4
duodenum,YLR222C,-3.3397,1.0817,4
duodenum,YLR223C,-0.9135,0.3756,4
duodenum,YLR224W,-0.2283,0.2235,4
duodenum,YLR225C,0.7833,0.2838,4
duodenum,YLR226W,-0.6063,0.3143,4
duodenum,YLR227C,-0.1502,0.1946,4
duodenum,YLR228C,-0.644,0.4293,4
duodenum,YLR229C,-0.3265,0.3688,4
duodenum,YLR230W,-0.7248,0.4647,4
duodenum,YLR231C,0.9832,0.3224,4
duodenum,YLR232W,0.4957,0.279,4
duodenum,YLR233C,0.1455,0.1,4
duodenum,YLR234W,-0.4915,0.5007,4
duodenum,YLR235C,-0.2193,0.1682,4
duodenum,YLR236C,-0.6148,0.8767,4
duodenum,YLR237W,-0.464,0.1588,4
duodenum,YLR238W,0.129,0.5675,4
duodenum,YLR239C,0.4595,0.1072,4
duodenum,YLR240W,0.601,0.8337,4
duodenum,YLR241W,1.29,0.3499,4
duodenum,YLR242C,-0.474,0.1628,4
duodenum,YLR243W,-1.01,0.5412,4
duodenum,YLR244C,-1.0297,0.1773,4
duodenum,YLR245C,0.5703,0.3641,4
duodenum,YLR246W,0.3508,0.1,4
duodenum,YLR247C,0.6757,0.3005,4
duodenum,YLR248W,0.7115,0.9428,4
duodenum,YLR249W,-3.4623,1.4118,4
duodenum,YLR250W,0.966,0.1,4
duodenum,YLR251W,3.0848,0.7641,4
duodenum,YLR252W,2.827,0.4377,4
duodenum,YLR253W,0.0665,0.1954,4
duodenum,YLR254C,0.29,0.1842,4
duodenum,YLR255C,0.08,0.3052,4
duodenum,YLR256W,0.234,0.311,4
duodenum,YLR257W,1.4078,0.6466,4
duodenum,YLR258W,3.843,0.9712,4
duodenum,YLR259C,2.3005,0.8768,4
duodenum,YLR260W,0.505,1.0675,4
duodenum,YLR261C,-0.9035,1.0727,4
duodenum,YLR262C,-0.2933,0.1,4
duodenum,YLR263W,0.2767,1.3042,4
duodenum,YLR264W,-1.7472,0.4895,4
duodenum,YLR265C,0.0978,0.1182,4
duodenum,YLR266C,0.2495,0.286,4
duodenum,YLR267W,1.9265,0.8011,4
duodenum,YLR268W,-0.294,0.3233,4
duodenum,YLR269C,0.9647,0.6022,4
duodenum,YLR270W,2.3087,0.628,4
duodenum,YLR271W,1.0675,0.6972,4
duodenum,YLR272C,0.1917,1.0537,4
duodenum,YLR273C,-0.077,0.25,4
duodenum,YLR274W,-0.3015,0.3244,4
duodenum,YLR275W,-0.5925,0.2265,4
duodenum,YLR276C,-3.3505,0.838,4
duodenum,YLR277C,-0.3035,0.385,4
duodenum,YLR278C,-0.1671,0.2031,4
duodenum,YLR279W,-0.4293,1.0062,4
duodenum,YLR280C,0.1795,0.4049,4
duodenum,YLR281C,0.364,0.5499,4
duodenum,YLR282C,0.2558,0.6469,4
duodenum,YLR283W,0.8178,0.5732,4
duodenum,YLR284C,2.248,0.25,4
duodenum,YLR285W,1.45,1.2233,4
duodenum,YLR286C,-0.3455,0.1809,4
duodenum,YLR287C,-0.9085,0.4598,4
duodenum,YLR287C-A,-1.3636,0.9983,4
duodenum,YLR288C,-0.1142,0.1505,4
duodenum,YLR289W,0.4328,0.2413,4
duodenum,YLR290C,1.1033,0.1,4
duodenum,YLR291C,-0.7283,0.3298,4
duodenum,YLR292C,-0.0195,0.3537,4
duodenum,YLR293C,-0.6858,0.459,4
duodenum,YLR294C,0.3357,0.275,4
duodenum,YLR295C,0.1892,0.2062,4
duodenum,YLR296W,0.923,0.25,4
duodenum,YLR297W,1.0,1.1833,4
duodenum,YLR298C,0.0795,0.1891,4
duodenum,YLR299W,1.6098,0.3564,4
duodenum,YLR300W,-0.4327,0.4467,4
duodenum,YLR301W,0.8977,0.2652,4
duodenum,YLR302C,-0.9053,0.4086,4
duodenum,YLR303W,-0.5202,0.3655,4
duodenum,YLR304C,2.6233,0.8142,4
duodenum,YLR305C,-0.6793,0.4681,4
duodenum,YLR306W,-0.2305,0.2713,4
duodenum,YLR307W,0.526,0.5629,4
duodenum,YLR308W,1.254,0.4681,4
duodenum,YLR309C,-0.077,0.25,4
duodenum,YLR310C,-0.659,0.6643,4
duodenum,YLR311C,0.2345,0.1,4
duodenum,YLR312C,1.0643,1.0468,4
duodenum,YLR312W-A,0.0251,0.1783,4
duodenum,YLR313C,-0.236,0.1,4
duodenum,YLR314C,-0.0362,0.2711,4
duodenum,YLR315W,0.1953,0.1872,4
duodenum,YLR316C,-0.2135,0.1641,4
duodenum,YLR317W,-0.043,0.1,4
duodenum,YLR318W,-0.6614,0.5147,4
duodenum,YLR319C,-0.0695,0.1412,4
duodenum,YLR321C,-0.338,0.25,4
duodenum,YLR322W,-0.4748,0.4384,4
duodenum,YLR323C,-0.447,0.607,4
duodenum,YLR324W,1.1492,0.35,4
duodenum,YLR325C,-1.911,1.3208,4
duodenum,YLR326W,0.3773,0.2705,4
duodenum,YLR327C,4.9518,0.3891,4
duodenum,YLR328W,-0.3287,0.1525,4
duodenum,YLR329W,0.159,0.7775,4
duodenum,YLR330W,0.262,0.1588,4
duodenum,YLR331C,0.2908,0.3296,4
duodenum,YLR332W,-0.5385,0.7616,4
duodenum,YLR333C,1.5793,1.5211,4
duodenum,YLR334C,-0.279,0.16,4
duodenum,YLR335W,-0.63,0.2463,4
duodenum,YLR336C,-1.5417,0.5849,4
duodenum,YLR337W,1.2855,0.3824,4
duodenum,YLR338W,1.2093,0.3636,4
duodenum,YLR339C,-1.5877,0.5687,4
duodenum,YLR340W,-1.6195,0.4875,4
duodenum,YLR341W,-0.2787,0.1955,4
duodenum,YLR342W,-1.0482,0.4711,4
duodenum,YLR343W,-0.357,0.3816,4
duodenum,YLR346C,0.4378,0.3777,4
duodenum,YLR347C,0.219,0.5362,4
duodenum,YLR348C,0.6255,0.2332,4
duodenum,YLR349W,0.3852,0.5658,4
duodenum,YLR350W,0.818,0.3484,4
duodenum,YLR351C,0.0663,0.2627,4
duodenum,YLR352W,0.6917,0.1106,4
duodenum,YLR353W,-0.4462,0.1939,4
duodenum,YLR354C,0.348,0.2001,4
duodenum,YLR355C,-1.9768,1.1168,4
duodenum,YLR356W,1.92,0.375,4
duodenum,YLR357W,-0.4685,0.2407,4
duodenum,YLR358C,-0.2145,0.1722,4
duodenum,YLR359W,-1.0088,0.3126,4
duodenum,YLR360W,0.3023,0.5623,4
duodenum,YLR361C,0.604,0.5174,4
duodenum,YLR362W,0.2878,0.5939,4
duodenum,YLR363C,0.3595,0.3163,4
duodenum,YLR364W,-1.1698,0.6219,4
duodenum,YLR365W,-0.2182,0.2667,4
duodenum,YLR366W,-1.3067,1.2404,4
duodenum,YLR367W,-1.3125,0.5761,4
duodenum,YLR368W,0.1242,0.4001,4
duodenum,YLR369W,0.4008,0.546,4
duodenum,YLR370C,1.0183,0.6085,4
duodenum,YLR371W,0.6102,0.6728,4
duodenum,YLR372W,-2.0732,0.7148,4
duodenum,YLR373C,-0.0703,0.2214,4
duodenum,YLR374C,-0.0537,0.3938,4
duodenum,YLR375W,-0.0346,0.2353,4
duodenum,YLR376C,0.0042,0.3025,4
duodenum,YLR377C,0.0046,0.4098,4
duodenum,YLR378C,-0.145,0.1704,4
duodenum,YLR379W,-0.329,0.335,4
duodenum,YLR380W,-0.3832,0.1,4
duodenum,YLR381W,-0.2189,0.6109,4
duodenum,YLR382C,0.752,0.1851,4
duodenum,YLR383W,-0.339,0.4814,4
duodenum,YLR384C,-1.44,0.1431,4
duodenum,YLR385C,-1.3902,0.3019,4
duodenum,YLR386W,-0.116,0.1,4
duodenum,YLR387C,0.2823,0.2812,4
duodenum,YLR388W,-1.9848,1.3491,4
duodenum,YLR389C,-0.373,0.2286,4
duodenum,YLR390W,0.4358,0.2674,4
duodenum,YLR390W-A,0.3573,0.3284,4
duodenum,YLR391W,0.4542,0.1,4
duodenum,YLR392C,0.6833,0.3391,4
duodenum,YLR393W,0.6018,0.3288,4
duodenum,YLR394W,0.4467,0.4332,4
duodenum,YLR395C,0.7007,0.2144,4
duodenum,YLR396C,0.1212,0.2733,4
duodenum,YLR397C,-1.1952,0.1123,4
duodenum,YLR398C,-0.2208,0.25,4
duodenum,YLR399C,0.5847,0.3261,4
duodenum,YLR400W,-2.2997,0.7939,4
duodenum,YLR401C,-2.22,0.8845,4
duodenum,YLR402W,-0.087,0.4001,4
duodenum,YLR403W,0.3017,0.1693,4
duodenum,YLR404W,-0.455,0.2079,4
duodenum,YLR405W,-0.8708,0.5279,4
duodenum,YLR406C,-0.794,0.2459,4
duodenum,YLR407W,-0.4512,0.4167,4
duodenum,YLR408C,0.5155,0.1755,4
duodenum,YLR409C,-2.8545,1.1847,4
duodenum,YLR410W,-0.369,0.3403,4
duodenum,YLR411W,0.0338,0.1926,4
duodenum,YLR412W,-0.61,0.1792,4
duodenum,YLR413W,-3.7557,0.4391,4
duodenum,YLR414C,0.3277,0.3366,4
duodenum,YLR415C,-0.197,0.2363,4
duodenum,YLR416C,-0.4525,0.1443,4
duodenum,YLR417W,0.4325,0.2248,4
duodenum,YLR418C,-0.0097,0.2035,4
duodenum,YLR419W,-0.8728,0.5718,4
duodenum,YLR420W,-1.143,0.2094,4
duodenum,YLR421C,0.3347,0.1729,4
duodenum,YLR422W,-0.009,0.1274,4
duodenum,YLR423C,0.5715,0.1,4
duodenum,YLR424W,-0.2627,0.1232,4
duodenum,YLR425W,0.2938,0.2082,4
duodenum,YLR426W,0.1962,0.1,4
duodenum,YLR427W,-0.2815,0.171,4
duodenum,YLR428C,-0.6685,0.7096,4
duodenum,YLR429W,0.046,0.1,4
duodenum,YLR430W,-1.0728,0.1,4
duodenum,YLR431C,0.092,0.2123,4
duodenum,YLR432W,-1.9592,1.0102,4
duodenum,YLR433C,-0.799,0.4056,4
duodenum,YLR434C,-1.6682,0.3901,4
duodenum,YLR435W,-2.0533,0.872,4
duodenum,YLR436C,0.982,0.2978,4
duodenum,YLR437C,0.256,0.2018,4
duodenum,YLR438W,2.6138,0.4926,4
duodenum,YLR439W,0.4155,0.1177,4
duodenum,YLR440C,-0.3217,0.4421,4
duodenum,YLR441C,-2.4333,1.3733,4
duodenum,YLR442C,-0.3832,0.5104,4
duodenum,YLR443W,0.011,0.1119,4
duodenum,YLR444C,-0.1943,0.2367,4
duodenum,YLR445W,-0.4265,0.2965,4
duodenum,YLR446W,0.8157,0.2253,4
duodenum,YLR447C,-0.5262,0.3408,4
duodenum,YLR448W,-2.4015,0.9167,4
duodenum,YLR449W,-3.0278,1.1636,4
duodenum,YLR450W,-0.099,0.377,4
duodenum,YLR451W,-0.6751,0.1551,4
duodenum,YLR452C,-0.9395,0.3689,4
duodenum,YLR453C,-0.1852,0.4537,4
duodenum,YLR454W,-0.3131,0.2605,4
duodenum,YLR455W,0.332,0.1515,4
duodenum,YLR456W,0.3982,0.2689,4
duodenum,YLR457C,-0.3288,0.4197,4
duodenum,YLR458W,-0.1475,0.6778,4
duodenum,YLR459W,0.0155,0.2972,4
duodenum,YLR460C,-0.1465,0.5931,4
duodenum,YLR461W,-0.093,0.1,4
duodenum,YLR462W,-0.3155,0.1465,4
duodenum,YLR463C,-0.3355,0.3679,4
duodenum,YLR464W,-0.4749,0.2698,4
duodenum,YLR465C,-0.3143,0.264,4
duodenum,YLR466W,0.1217,0.1248,4
duodenum,YLR467W,0.0717,0.3028,4
duodenum,YML001W,0.1598,0.168,4
duodenum,YML002W,0.57,0.2538,4
duodenum,YML003W,0.3968,0.3246,4
duodenum,YML004C,1.949,0.6468,4
duodenum,YML005W,0.2562,0.2225,4
duodenum,YML006C,-1.0622,0.8279,4
duodenum,YML007W,0.4493,0.1796,4
duodenum,YML008C,-0.7398,0.5446,4
duodenum,YML009C,0.3886,0.4698,4
duodenum,YML010C-B,-0.7302,0.4072,4
duodenum,YML010W,-0.302,0.2566,4
duodenum,YML011C,-0.007,0.5927,4
duodenum,YML012W,0.5015,0.1353,4
duodenum,YML013C-A,0.2428,0.2893,4
duodenum,YML013W,0.7548,0.3568,4
duodenum,YML014W,-0.8252,0.2756,4
duodenum,YML015C,-0.422,0.3002,4
duodenum,YML016C,0.1368,0.2973,4
duodenum,YML017W,-0.9489,1.287,4
duodenum,YML018C,-1.6343,0.8194,4
duodenum,YML019W,-0.3932,0.3226,4
duodenum,YML020W,0.1825,0.198,4
duodenum,YML021C,0.204,0.5741,4
duodenum,YML021W,-0.009,0.3701,4
duodenum,YML022W,-2.1647,1.0066,4
duodenum,YML023C,-0.425,0.3408,4
duodenum,YML024W,-2.356,1.4255,4
duodenum,YML025C,0.4352,0.3483,4
duodenum,YML026C,-2.164,1.5196,4
duodenum,YML027W,-0.5828,0.2212,4
duodenum,YML028W,1.2612,0.5221,4
duodenum,YML029W,0.7488,0.2794,4
duodenum,YML030W,0.813,0.3761,4
duodenum,YML031W,-0.5923,0.283,4
duodenum,YML032C,0.632,0.1581,4
duodenum,YML032C-A,-0.6623,0.4239,4
duodenum,YML033W,0.1975,0.2488,4
duodenum,YML034W,0.2602,0.2876,4
duodenum,YML035C,-0.0977,0.4515,4
duodenum,YML035C-A,-0.3688,0.339,4
duodenum,YML036W,-0.618,0.4012,4
duodenum,YML037C,-0.5493,0.1887,4
duodenum,YML038C,-0.6863,0.3794,4
duodenum,YML039W,0.2848,0.2801,4
duodenum,YML040W,0.8375,0.3717,4
duodenum,YML041C,0.1605,0.1659,4
duodenum,YML042W,1.0105,0.3958,4
duodenum,YML043C,-1.724,0.5533,4
duodenum,YML045W,0.7913,0.3892,4
duodenum,YML046W,-0.6095,0.3756,4
duodenum,YML047C,-0.5718,0.5043,4
duodenum,YML048W,0.3683,0.2622,4
duodenum,YML048W-A,-0.92,0.2995,4
duodenum,YML049C,-0.0097,0.4791,4
duodenum,YML050W,0.1318,0.3501,4
duodenum,YML051W,-0.0345,0.1065,4
duodenum,YML052W,-0.174,0.241,4
duodenum,YML053C,0.2535,0.2836,4
duodenum,YML054C,1.492,0.8273,4
duodenum,YML055W,-0.0415,0.4122,4
duodenum,YML056C,-2.6985,0.9507,4
duodenum,YML057W,1.1038,0.3214,4
duodenum,YML058C-A,0.7295,0.3514,4
duodenum,YML058W,0.724,0.1573,4
duodenum,YML059C,0.0782,0.2852,4
duodenum,YML060W,-1.3538,0.4328,4
duodenum,YML061C,-0.8165,0.4127,4
duodenum,YML062C,-0.1855,0.152,4
duodenum,YML063W,-2.3265,1.5226,4
duodenum,YML064C,-0.2027,0.4281,4
duodenum,YML065W,-0.2073,0.6878,4
duodenum,YML066C,-0.5866,0.1472,4
duodenum,YML067C,-0.1225,0.2443,4
duodenum,YML068W,0.3435,0.2955,4
duodenum,YML069W,-0.145,0.33,4
duodenum,YML070W,1.9658,0.8004,4
duodenum,YML071C,-0.2368,1.0324,4
duodenum,YML072C,-0.0044,0.5172,4
duodenum,YML073C,-2.301,1.516,4
duodenum,YML074C,-0.6915,0.1822,4
duodenum,YML075C,-0.6321,0.556,4
duodenum,YML076C,0.0098,0.5151,4
duodenum,YML077W,-0.2104,0.3045,4
duodenum,YML078W,0.2835,0.3242,4
duodenum,YML079W,0.291,0.3986,4
duodenum,YML080W,-1.5205,0.3986,4
duodenum,YML081W,-0.588,0.3295,4
duodenum,YML082W,-1.1615,0.3489,4
duodenum,YML083C,0.3327,0.1902,4
duodenum,YML084W,-0.6397,0.5421,4
duodenum,YML085C,-0.182,0.1,4
duodenum,YML086C,-0.0915,0.4658,4
duodenum,YML087C,-0.0679,0.3101,4
duodenum,YML088W,0.0395,0.3175,4
duodenum,YML089C,-0.0732,0.6881,4
duodenum,YML090W,0.9655,0.6929,4
duodenum,YML091C,1.11,0.7081,4
duodenum,YML092C,0.2485,0.3004,4
duodenum,YML093W,-2.825,0.7974,4
duodenum,YML094W,-1.0437,0.6404,4
duodenum,YML095C,-0.2957,0.3106,4
duodenum,YML095C-A,-0.8683,0.7709,4
duodenum,YML096W,-0.4908,0.2129,4
duodenum,YML097C,-0.4801,0.2976,4
duodenum,YML098W,-0.1905,0.1594,4
duodenum,YML099C,0.1608,0.1129,4
duodenum,YML100W,5.4313,1.7757,4
duodenum,YML100W-A,-0.328,0.1368,4
duodenum,YML101C,0.2755,0.3052,4
duodenum,YML102C-A,-0.3322,0.3124,4
duodenum,YML102W,0.6005,0.5344,4
duodenum,YML103C,-0.6491,0.1572,4
duodenum,YML106W,-1.683,0.5066,4
duodenum,YML107C,-0.1278,0.1826,4
duodenum,YML108W,-1.2103,0.3551,4
duodenum,YML109W,-0.6162,0.2082,4
duodenum,YML110C,1.233,0.1,4
duodenum,YML111W,0.1723,0.1,4
duodenum,YML112W,0.2115,0.1,4
duodenum,YML113W,-1.2445,0.3667,4
duodenum,YML114C,-0.039,0.1222,4
duodenum,YML115C,-0.1537,0.1955,4
duodenum,YML117W,-0.831,1.1752,4
duodenum,YML117W-A,0.6767,0.3361,4
duodenum,YML118W,1.2708,0.5638,4
duodenum,YML119W,-0.2985,0.2914,4
duodenum,YML120C,1.996,0.4585,4
duodenum,YML121W,0.1722,0.2497,4
duodenum,YML122C,0.1372,0.3215,4
duodenum,YML123C,-2.203,1.4794,4
duodenum,YML124C,-0.089,0.1492,4
duodenum,YML125C,-0.905,0.5146,4
duodenum,YML126C,-0.8513,0.3468,4
duodenum,YML127W,0.6903,0.2565,4
duodenum,YML128C,4.939,0.3292,4
duodenum,YML129C,0.0,0.25,4
duodenum,YML130C,0.7167,1.8196,4
duodenum,YML131W,1.6328,0.4785,4
duodenum,YML132W,0.753,0.4651,4
duodenum,YML133C,0.1502,0.4423,4
duodenum,YMR001C,-0.5843,0.6981,4
duodenum,YMR002W,0.5887,0.3221,4
duodenum,YMR003W,-0.4475,0.2921,4
duodenum,YMR004W,0.4868,0.1944,4
duodenum,YMR005W,0.0877,0.1786,4
duodenum,YMR006C,-2.1067,0.4135,4
duodenum,YMR007W,0.9828,0.224,4
duodenum,YMR008C,1.4301,0.5389,4
duodenum,YMR009W,0.4585,0.2318,4
duodenum,YMR010W,-0.0385,0.1,4
duodenum,YMR011W,0.2593,2.1309,4
duodenum,YMR012W,-0.5565,0.4213,4
duodenum,YMR013C,-0.131,0.1163,4
duodenum,YMR014W,-1.8977,0.6711,4
duodenum,YMR015C,0.643,0.2448,4
duodenum,YMR016C,-0.5689,0.4411,4
duodenum,YMR017W,0.0858,0.2529,4
duodenum,YMR018W,-0.045,0.2707,4
duodenum,YMR019W,-0.1846,0.3154,4
duodenum,YMR020W,1.2862,0.3756,4
duodenum,YMR021C,0.3255,0.161,4
duodenum,YMR022W,2.245,0.25,4
duodenum,YMR023C,0.219,0.3097,4
duodenum,YMR024W,0.417,0.2278,4
duodenum,YMR025W,0.5205,0.1216,4
duodenum,YMR026C,-0.0575,0.2388,4
duodenum,YMR027W,0.841,0.1763,4
duodenum,YMR028W,0.5855,0.154,4
duodenum,YMR029C,0.7715,0.15,4
duodenum,YMR030W,1.2352,0.2863,4
duodenum,YMR031C,1.8065,0.2248,4
duodenum,YMR031W-A,0.1243,0.3441,4
duodenum,YMR032W,-0.0215,0.3046,4
duodenum,YMR033W,-0.441,0.4972,4
duodenum,YMR034C,0.3365,0.1,4
duodenum,YMR035W,0.048,0.25,4
duodenum,YMR036C,-1.0,0.25,4
duodenum,YMR037C,0.8333,0.283,4
duodenum,YMR038C,-0.1068,0.1396,4
duodenum,YMR039C,-0.019,0.6645,4
duodenum,YMR040W,0.6887,0.6822,4
duodenum,YMR041C,1.0497,0.5532,4
duodenum,YMR042W,-0.465,0.3649,4
duodenum,YMR043W,-0.0325,0.5017,4
duodenum,YMR044W,-0.1493,0.3034,4
duodenum,YMR045C,0.195,0.2416,4
duodenum,YMR046C,0.7055,0.5464,4
duodenum,YMR047C,-0.0321,0.3189,4
duodenum,YMR048W,1.0385,0.2595,4
duodenum,YMR049C,3.087,0.25,4
duodenum,YMR050C,0.4062,0.3267,4
duodenum,YMR051C,0.8252,0.3676,4
duodenum,YMR052C-A,0.2335,0.2455,4
duodenum,YMR052W,0.2797,0.3335,4
duodenum,YMR053C,1.2637,0.791,4
duodenum,YMR054W,0.0192,0.35,4
duodenum,YMR055C,-0.169,0.2173,4
duodenum,YMR056C,0.5487,0.3011,4
duodenum,YMR057C,-0.1165,0.7554,4
duodenum,YMR058W,-1.846,0.7064,4
duodenum,YMR059W,-0.6318,0.3514,4
duodenum,YMR060C,0.1392,0.2599,4
duodenum,YMR061W,-0.7398,0.197,4
duodenum,YMR062C,-0.225,0.1,4
duodenum,YMR063W,-0.145,0.25,4
duodenum,YMR064W,1.293,2.0336,4
duodenum,YMR065W,-0.4292,0.1,4
duodenum,YMR066W,-0.03,0.2204,4
duodenum,YMR067C,0.5535,0.2444,4
duodenum,YMR068W,1.1872,0.2608,4
duodenum,YMR069W,-0.403,0.4022,4
duodenum,YMR070W,0.8992,0.3367,4
duodenum,YMR071C,0.5152,0.2104,4
duodenum,YMR072W,0.3478,0.2884,4
duodenum,YMR073C,0.0835,0.3653,4
duodenum,YMR074C,0.2595,0.3879,4
duodenum,YMR075C-A,-0.2182,0.133,4
duodenum,YMR075W,0.2667,0.2271,4
duodenum,YMR076C,-0.931,0.4038,4
duodenum,YMR077C,0.248,0.285,4
duodenum,YMR078C,-0.5355,0.3896,4
duodenum,YMR079W,-0.8887,0.3742,4
duodenum,YMR080C,-0.7737,0.1221,4
duodenum,YMR081C,1.088,0.5754,4
duodenum,YMR082C,-0.8175,0.2519,4
duodenum,YMR083W,0.9275,0.679,4
duodenum,YMR084W,1.0433,0.4765,4
duodenum,YMR085W,0.9853,0.4489,4
duodenum,YMR086C-A,-0.2585,0.4781,4
duodenum,YMR086W,0.6142,0.1842,4
duodenum,YMR087W,0.4393,0.214,4
duodenum,YMR088C,-0.2307,0.2354,4
duodenum,YMR089C,0.3302,0.2784,4
duodenum,YMR090W,3.0715,0.3875,4
duodenum,YMR091C,-0.289,0.1397,4
duodenum,YMR092C,1.318,0.2872,4
duodenum,YMR093W,-2.2372,0.8552,4
duodenum,YMR094W,-0.1605,0.4071,4
duodenum,YMR095C,-0.5208,0.6545,4
duodenum,YMR096W,0.3255,0.363,4
duodenum,YMR097C,0.6142,0.2756,4
duodenum,YMR098C,0.6765,0.2212,4
duodenum,YMR099C,0.6537,0.137,4
duodenum,YMR100W,0.4065,0.197,4
duodenum,YMR101C,0.204,1.1594,4
duodenum,YMR102C,0.3302,0.1,4
duodenum,YMR103C,1.2328,0.5007,4
duodenum,YMR104C,2.4075,0.7616,4
duodenum,YMR105C,6.1308,1.0103,4
duodenum,YMR106C,0.2325,0.5167,4
duodenum,YMR107W,1.436,1.0789,4
duodenum,YMR108W,-1.033,0.1688,4
duodenum,YMR109W,0.0945,0.3738,4
duodenum,YMR110C,2.3742,0.4198,4
duodenum,YMR111C,0.61,0.3209,4
duodenum,YMR112C,0.0377,0.2308,4
duodenum,YMR113W,0.159,0.1384,4
duodenum,YMR114C,1.208,0.389,4
duodenum,YMR115W,0.3585,0.1482,4
duodenum,YMR116C,-2.155,1.1299,4
duodenum,YMR117C,0.9827,0.4306,4
duodenum,YMR118C,0.1145,0.1361,4
duodenum,YMR119W,0.894,0.3428,4
duodenum,YMR119W-A,0.3732,0.1,4
duodenum,YMR120C,0.7786,0.608,4
duodenum,YMR121C,-1.2435,0.6751,4
duodenum,YMR122C,0.0215,0.1,4
duodenum,YMR123W,-0.6927,0.2803,4
duodenum,YMR124W,0.8905,0.265,4
duodenum,YMR125W,-0.6053,0.4437,4
duodenum,YMR126C,-0.372,0.1,4
duodenum,YMR127C,-0.6925,0.3772,4
duodenum,YMR128W,-1.9456,0.7169,4
duodenum,YMR129W,-0.6698,0.1684,4
duodenum,YMR130W,-0.3113,0.2551,4
duodenum,YMR131C,-3.6725,1.1711,4
duodenum,YMR132C,-0.5983,0.2563,4
duodenum,YMR133W,1.3127,0.2814,4
duodenum,YMR134W,0.0393,0.1,4
duodenum,YMR135C,1.0125,0.4899,4
duodenum,YMR135W-A,-0.5305,0.2219,4
duodenum,YMR136W,1.946,0.2581,4
duodenum,YMR137C,0.5615,0.2676,4
duodenum,YMR138W,-0.7238,0.2371,4
duodenum,YMR139W,1.6803,0.4087,4
duodenum,YMR140W,1.1087,0.3238,4
duodenum,YMR141C,0.9505,0.4987,4
duodenum,YMR142C,-2.4185,1.4455,4
duodenum,YMR143W,-2.2902,1.2548,4
duodenum,YMR144W,-0.5,0.527,4
duodenum,YMR145C,0.7485,0.4648,4
duodenum,YMR146C,-1.7403,0.8269,4
duodenum,YMR147W,0.1115,0.5667,4
duodenum,YMR148W,0.7147,0.2976,4
duodenum,YMR149W,-0.1455,0.2416,4
duodenum,YMR150C,0.215,0.291,4
duodenum,YMR151W,-0.1128,0.3321,4
duodenum,YMR152W,1.7692,0.3772,4
duodenum,YMR153C-A,-0.575,0.594,4
duodenum,YMR153W,-0.185,0.5362,4
duodenum,YMR154C,0.5248,0.6906,4
duodenum,YMR155W,0.6032,0.5278,4
duodenum,YMR156C,0.4845,0.2284,4
duodenum,YMR157C,0.6827,0.5126,4
duodenum,YMR158W,0.2692,0.194,4
duodenum,YMR158W-A,-0.3203,0.3437,4
duodenum,YMR159C,0.859,0.5105,4
duodenum,YMR160W,0.7977,0.6473,4
duodenum,YMR161W,0.0797,0.4972,4
duodenum,YMR162C,-0.7514,0.47,4
duodenum,YMR163C,-0.1947,0.3672,4
duodenum,YMR164C,-0.2458,0.2998,4
duodenum,YMR165C,0.0849,0.3469,4
duodenum,YMR166C,0.6028,0.1,4
duodenum,YMR167W,0.0975,0.4152,4
duodenum,YMR168C,0.1098,0.5462,4
duodenum,YMR169C,1.9106,0.4785,4
duodenum,YMR170C,4.3967,1.3416,4
duodenum,YMR171C,0.0738,0.4208,4
duodenum,YMR172C-A,-0.6322,0.3409,4
duodenum,YMR172W,-0.2215,0.2318,4
duodenum,YMR173W,2.8122,0.2693,4
duodenum,YMR173W-A,2.3337,0.1856,4
duodenum,YMR174C,1.8838,0.1601,4
duodenum,YMR175W,0.393,0.9952,4
duodenum,YMR176W,0.0464,0.1771,4
duodenum,YMR177W,-0.1862,0.339,4
duodenum,YMR178W,0.1867,0.1591,4
duodenum,YMR179W,-0.4025,0.3684,4
duodenum,YMR180C,0.5527,0.1,4
duodenum,YMR181C,1.3218,1.0385,4
duodenum,YMR182C,0.2722,0.1413,4
duodenum,YMR183C,-0.1155,0.2804,4
duodenum,YMR184W,1.0438,0.2363,4
duodenum,YMR185W,-1.5485,0.4243,4
duodenum,YMR186W,1.869,0.5035,4
duodenum,YMR187C,-0.1006,0.2151,4
duodenum,YMR188C,0.0895,0.2077,4
duodenum,YMR189W,0.8296,0.7881,4
duodenum,YMR190C,-0.4209,0.2005,4
duodenum,YMR191W,1.349,0.2527,4
duodenum,YMR192W,0.3145,0.4161,4
duodenum,YMR193C-A,-1.0908,0.1506,4
duodenum,YMR193W,0.6347,0.1188,4
duodenum,YMR194W,-1.9935,1.0226,4
duodenum,YMR195W,2.0913,0.5838,4
duodenum,YMR196W,3.149,0.9996,4
duodenum,YMR197C,1.7585,0.7161,4
duodenum,YMR198W,0.2311,0.1475,4
duodenum,YMR199W,-1.0344,0.1779,4
duodenum,YMR200W,0.902,0.1662,4
duodenum,YMR201C,0.4697,0.8353,4
duodenum,YMR202W,-0.7172,0.3797,4
duodenum,YMR203W,0.2612,0.2447,4
duodenum,YMR204C,0.1763,0.1,4
duodenum,YMR205C,0.5885,0.2703,4
duodenum,YMR206W,1.2908,0.5127,4
duodenum,YMR207C,-0.3276,0.3514,4
duodenum,YMR208W,-0.0495,0.1314,4
duodenum,YMR209C,-0.1762,0.1659,4
duodenum,YMR210W,1.0395,0.5381,4
duodenum,YMR211W,-0.2823,0.1186,4
duodenum,YMR212C,-0.7702,0.1,4
duodenum,YMR213W,0.1082,0.1,4
duodenum,YMR214W,0.2807,0.3466,4
duodenum,YMR215W,-0.7933,0.2812,4
duodenum,YMR216C,0.2622,0.23,4
duodenum,YMR217W,-2.659,0.6571,4
duodenum,YMR218C,-0.0608,0.1874,4
duodenum,YMR219W,-0.3083,0.4922,4
duodenum,YMR220W,0.2568,0.1,4
duodenum,YMR221C,-0.4952,0.1,4
duodenum,YMR222C,0.29,0.1,4
duodenum,YMR223W,-0.6098,0.2529,4
duodenum,YMR224C,-0.0078,0.1702,4
duodenum,YMR225C,0.1765,0.3509,4
duodenum,YMR226C,0.7935,0.1182,4
duodenum,YMR227C,-0.1328,0.2107,4
duodenum,YMR228W,0.062,0.1922,4
duodenum,YMR229C,-3.7847,1.0109,4
duodenum,YMR230W,-2.0545,1.0055,4
duodenum,YMR231W,0.2383,0.1197,4
duodenum,YMR232W,0.3915,0.1754,4
duodenum,YMR233W,-0.2205,0.275,4
duodenum,YMR234W,-0.661,0.4189,4
duodenum,YMR235C,-0.8045,0.4344,4
duodenum,YMR236W,0.2263,0.1,4
duodenum,YMR237W,0.8525,0.2515,4
duodenum,YMR238W,0.1137,0.2951,4
duodenum,YMR239C,-2.2382,0.7026,4
duodenum,YMR240C,-0.2718,0.2176,4
duodenum,YMR241W,-1.446,0.9674,4
duodenum,YMR242C,-2.311,1.4569,4
duodenum,YMR243C,-1.3905,0.2303,4
duodenum,YMR244C-A,-0.1883,0.3518,4
duodenum,YMR244W,-0.8902,0.2956,4
duodenum,YMR245W,-0.1197,0.3144,4
duodenum,YMR246W,-2.7088,0.427,4
duodenum,YMR247C,-0.5655,0.5756,4
duodenum,YMR250W,5.071,0.7082,4
duodenum,YMR251W,2.5384,0.1992,4
duodenum,YMR251W-A,3.4398,0.3647,4
duodenum,YMR252C,1.271,0.1921,4
duodenum,YMR253C,0.6893,0.57,4
duodenum,YMR254C,-0.4595,0.8733,4
duodenum,YMR255W,0.1382,0.2344,4
duodenum,YMR256C,1.0545,0.1558,4
duodenum,YMR257C,-0.413,0.4069,4
duodenum,YMR258C,1.1975,0.6445,4
duodenum,YMR259C,-0.4837,1.6545,4
duodenum,YMR260C,-1.6933,0.6691,4
duodenum,YMR261C,0.7044,0.5628,4
duodenum,YMR262W,1.3495,0.6224,4
duodenum,YMR263W,0.0193,0.2737,4
duodenum,YMR264W,0.184,0.336,4
duodenum,YMR265C,0.083,0.3537,4
duodenum,YMR266W,-1.129,0.2226,4
duodenum,YMR267W,0.4915,0.1164,4
duodenum,YMR268C,-0.503,0.1,4
duodenum,YMR269W,-1.9777,0.4173,4
duodenum,YMR270C,-0.1388,0.1027,4
duodenum,YMR271C,1.5213,0.4736,4
duodenum,YMR272C,0.5488,0.2622,4
duodenum,YMR273C,0.586,0.8294,4
duodenum,YMR274C,-0.2115,0.2964,4
duodenum,YMR275C,0.435,0.437,4
duodenum,YMR276W,0.1252,0.4889,4
duodenum,YMR277W,-0.29,0.2188,4
duodenum,YMR278W,1.302,0.931,4
duodenum,YMR279C,1.319,0.6085,4
duodenum,YMR280C,0.0395,0.4814,4
duodenum,YMR281W,0.4495,0.6101,4
duodenum,YMR282C,-0.0153,0.1809,4
duodenum,YMR283C,-0.266,0.1,4
duodenum,YMR284W,0.5164,0.586,4
duodenum,YMR285C,-0.5012,0.225,4
duodenum,YMR286W,0.0086,0.5551,4
duodenum,YMR287C,0.0247,0.3763,4
duodenum,YMR288W,-0.4415,0.1675,4
duodenum,YMR289W,-0.046,0.2867,4
duodenum,YMR290C,-3.0078,1.0419,4
duodenum,YMR290W-A,-0.7672,1.0792,4
duodenum,YMR291W,2.645,0.7841,4
duodenum,YMR292W,-0.749,0.3185,4
duodenum,YMR293C,0.444,0.1413,4
duodenum,YMR294W,-0.0432,0.1,4
duodenum,YMR294W-A,-0.0938,0.1334,4
duodenum,YMR295C,0.2013,0.1374,4
duodenum,YMR296C,-0.2205,0.1344,4
duodenum,YMR297W,2.0052,0.5742,4
duodenum,YMR298W,0.448,0.3764,4
duodenum,YMR299C,-0.0805,0.1329,4
duodenum,YMR300C,-0.5842,0.333,4
duodenum,YMR301C,-1.4845,0.3348,4
duodenum,YMR302C,1.1495,0.1747,4
duodenum,YMR303C,0.9095,0.267,4
duodenum,YMR304C-A,-2.0362,0.6233,4
duodenum,YMR304W,1.3225,0.2356,4
duodenum,YMR305C,-2.62,1.1904,4
duodenum,YMR306C-A,-0.8302,0.6868,4
duodenum,YMR306W,-0.4516,0.3165,4
duodenum,YMR307W,-1.3295,0.6014,4
duodenum,YMR308C,-1.2308,0.5782,4
duodenum,YMR309C,-1.9512,1.0245,4
duodenum,YMR310C,-1.951,0.6448,4
duodenum,YMR311C,0.9098,0.1507,4
duodenum,YMR312W,-0.8165,0.2855,4
duodenum,YMR313C,-0.2791,0.3886,4
duodenum,YMR314W,0.646,0.1954,4
duodenum,YMR315W,2.4688,0.5891,4
duodenum,YMR316C-A,-0.1278,0.4518,4
duodenum,YMR316C-B,0.288,0.5198,4
duodenum,YMR316W,0.4868,0.2526,4
duodenum,YMR317W,0.134,0.3161,4
duodenum,YMR318C,0.089,0.2308,4
duodenum,YMR319C,-1.5451,0.2563,4
duodenum,YMR320W,-0.6287,0.2766,4
duodenum,YMR321C,-1.7487,0.5295,4
duodenum,YMR322C,0.4152,0.3267,4
duodenum,YMR323W,0.205,0.4616,4
duodenum,YMR324C,-0.2105,0.4054,4
duodenum,YMR325C,0.5155,0.1831,4
duodenum,YMR325W,0.141,0.404,4
duodenum,YMR326C,-0.7491,0.1698,4
duodenum,YNL001W,-1.2235,0.3643,4
duodenum,YNL002C,-3.545,1.103,4
duodenum,YNL003C,0.5275,0.1284,4
duodenum,YNL004W,-0.2835,0.2006,4
duodenum,YNL005C,0.5513,0.1,4
duodenum,YNL006W,1.621,0.7467,4
duodenum,YNL007C,2.43,0.8492,4
duodenum,YNL008C,-0.0125,0.2081,4
duodenum,YNL009W,0.8675,0.4008,4
duodenum,YNL010W,-1.0917,0.7489,4
duodenum,YNL011C,1.0845,0.3051,4
duodenum,YNL012W,0.652,0.1445,4
duodenum,YNL013C,0.8528,0.3743,4
duodenum,YNL014W,-0.0813,0.5047,4
duodenum,YNL015W,2.6662,0.6057,4
duodenum,YNL016W,-0.5396,0.2833,4
duodenum,YNL017C,-0.41,0.199,4
duodenum,YNL018C,-0.0493,0.1409,4
duodenum,YNL019C,0.4008,0.16,4
duodenum,YNL020C,0.1761,0.1014,4
duodenum,YNL021W,-0.1115,0.1039,4
duodenum,YNL022C,-1.187,0.6586,4
duodenum,YNL023C,-1.1945,0.221,4
duodenum,YNL024C,-1.5955,0.8013,4
duodenum,YNL025C,0.895,0.3547,4
duodenum,YNL026W,0.659,0.1,4
duodenum,YNL027W,0.322,0.1426,4
duodenum,YNL028W,-0.5413,0.3049,4
duodenum,YNL029C,-0.2775,0.3198,4
duodenum,YNL030W,-0.6088,0.8929,4
duodenum,YNL031C,-0.171,0.4981,4
duodenum,YNL032W,-0.3982,0.2692,4
duodenum,YNL033W,-0.0435,0.368,4
duodenum,YNL034W,-0.0673,0.7766,4
duodenum,YNL035C,1.187,0.7981,4
duodenum,YNL036W,2.1062,1.3164,4
duodenum,YNL037C,2.0312,0.6713,4
duodenum,YNL038W,0.1658,0.4691,4
duodenum,YNL039W,0.8745,0.8279,4
duodenum,YNL040W,0.1775,0.4052,4
duodenum,YNL041C,0.128,0.5154,4
duodenum,YNL042W,0.042,0.3572,4
duodenum,YNL043C,-0.0917,0.3174,4
duodenum,YNL044W,-0.236,0.128,4
duodenum,YNL045W,1.6425,0.7454,4
duodenum,YNL046W,-0.1288,0.1,4
duodenum,YNL047C,0.001,0.3906,4
duodenum,YNL048W,-0.2987,0.176,4
duodenum,YNL049C,-0.152,0.4538,4
duodenum,YNL050C,-0.6633,0.1406,4
duodenum,YNL051W,0.5998,0.4346,4
duodenum,YNL052W,0.429,0.4414,4
duodenum,YNL053W,-0.4223,0.2804,4
duodenum,YNL054W,0.1054,0.1,4
duodenum,YNL055C,2.0788,0.9792,4
duodenum,YNL056W,0.5202,0.346,4
duodenum,YNL057W,0.872,0.4693,4
duodenum,YNL058C,1.0593,0.1377,4
duodenum,YNL059C,-0.1508,0.1757,4
duodenum,YNL060C,-2.984,1.0638,4
duodenum,YNL061W,-3.5617,1.2209,4
duodenum,YNL062C,-2.2517,0.9704,4
duodenum,YNL063W,-0.082,0.4972,4
duodenum,YNL064C,0.7278,0.3935,4
duodenum,YNL065W,-0.8583,0.465,4
duodenum,YNL066W,-1.1022,0.4178,4
duodenum,YNL067W,-2.5593,1.3936,4
duodenum,YNL068C,-0.5853,0.218,4
duodenum,YNL069C,-2.171,1.2442,4
duodenum,YNL070W,0.0862,0.476,4
duodenum,YNL071W,0.8066,0.2751,4
duodenum,YNL072W,-0.828,0.413,4
duodenum,YNL073W,0.6703,0.1264,4
duodenum,YNL074C,1.2155,0.3247,4
duodenum,YNL075W,-2.4885,0.8375,4
duodenum,YNL076W,0.357,0.1466,4
duodenum,YNL077W,0.9143,0.3536,4
duodenum,YNL078W,-0.1197,0.1,4
duodenum,YNL079C,0.396,0.1808,4
duodenum,YNL080C,-0.0698,0.1136,4
duodenum,YNL081C,0.5192,0.4453,4
duodenum,YNL082W,-0.4672,0.1,4
duodenum,YNL083W,0.474,0.4501,4
duodenum,YNL084C,0.5833,0.1,4
duodenum,YNL085W,-0.142,0.1,4
duodenum,YNL086W,-0.2283,0.2002,4
duodenum,YNL087W,-1.114,0.5487,4
duodenum,YNL088W,-1.0022,0.3181,4
duodenum,YNL089C,-0.072,0.2518,4
duodenum,YNL090W,-0.3965,0.144,4
duodenum,YNL091W,0.3525,0.1021,4
duodenum,YNL092W,1.4532,0.634,4
duodenum,YNL093W,1.218,0.4686,4
duodenum,YNL094W,0.23,0.1543,4
duodenum,YNL095C,-0.7107,0.1962,4
duodenum,YNL096C,-2.2538,1.0026,4
duodenum,YNL097C,0.4682,0.1285,4
duodenum,YNL098C,1.0217,0.6439,4
duodenum,YNL099C,-0.124,0.2044,4
duodenum,YNL100W,0.8785,0.1,4
duodenum,YNL101W,0.3107,0.1798,4
duodenum,YNL102W,-0.8244,0.3969,4
duodenum,YNL103W,0.0005,0.255,4
duodenum,YNL104C,0.519,0.1601,4
duodenum,YNL105W,0.2358,0.1377,4
duodenum,YNL106C,-0.0105,0.2421,4
duodenum,YNL107W,0.055,0.3454,4
duodenum,YNL108C,-0.4455,0.3171,4
duodenum,YNL109W,-0.3085,0.2945,4
duodenum,YNL110C,-3.747,1.475,4
duodenum,YNL111C,-1.0173,0.4324,4
duodenum,YNL112W,-3.6785,0.5886,4
duodenum,YNL113W,-2.1662,0.5818,4
duodenum,YNL114C,-2.6307,1.1607,4
duodenum,YNL115C,1.6843,0.2261,4
duodenum,YNL116W,0.1167,0.2889,4
duodenum,YNL117W,0.2557,0.1995,4
duodenum,YNL118C,0.3425,0.1165,4
duodenum,YNL119W,-2.186,1.0973,4
duodenum,YNL120C,-1.6195,0.5185,4
duodenum,YNL121C,-0.2695,0.3879,4
duodenum,YNL122C,0.514,0.32,4
duodenum,YNL123W,-0.7562,0.5669,4
duodenum,YNL124W,-1.54,0.3491,4
duodenum,YNL125C,1.391,0.8851,4
duodenum,YNL126W,-0.7245,0.2495,4
duodenum,YNL127W,0.5695,0.5416,4
duodenum,YNL128W,-0.0497,0.2988,4
duodenum,YNL129W,0.0342,0.4768,4
duodenum,YNL130C,0.8305,0.429,4
duodenum,YNL131W,0.1792,0.488,4
duodenum,YNL132W,-3.7283,0.8639,4
duodenum,YNL133C,0.213,0.4489,4
duodenum,YNL134C,2.86,1.2786,4
duodenum,YNL135C,0.0792,0.5936,4
duodenum,YNL136W,0.2047,0.3165,4
duodenum,YNL137C,0.2985,0.3835,4
duodenum,YNL138W,0.6322,0.6358,4
duodenum,YNL139C,-0.2167,0.2226,4
duodenum,YNL140C,-0.4572,0.2512,4
duodenum,YNL141W,-3.2413,0.2729,4
duodenum,YNL142W,-0.109,0.1541,4
duodenum,YNL143C,-0.216,0.4238,4
duodenum,YNL144C,0.6472,1.0243,4
duodenum,YNL145W,-0.674,0.4609,4
duodenum,YNL146W,-0.1117,0.3925,4
duodenum,YNL147W,-0.085,0.1662,4
duodenum,YNL148C,-0.4972,0.2572,4
duodenum,YNL149C,-0.8935,0.552,4
duodenum,YNL150W,-0.6627,0.6662,4
duodenum,YNL151C,-2.3365,0.7867,4
duodenum,YNL152W,0.091,0.3714,4
duodenum,YNL153C,-0.7082,0.4513,4
duodenum,YNL154C,0.103,0.229,4
duodenum,YNL155W,0.981,0.1346,4
duodenum,YNL156C,1.2812,0.1,4
duodenum,YNL157W,0.6368,0.1442,4
duodenum,YNL158W,-0.0055,0.1429,4
duodenum,YNL159C,1.2375,0.3923,4
duodenum,YNL160W,3.9905,0.3375,4
duodenum,YNL161W,-0.0605,0.1777,4
duodenum,YNL162W,-2.3108,1.3737,4
duodenum,YNL163C,-1.0699,0.4924,4
duodenum,YNL164C,-1.0648,0.3459,4
duodenum,YNL165W,-0.2952,0.1,4
duodenum,YNL166C,-0.6168,0.303,4
duodenum,YNL167C,0.367,0.4091,4
duodenum,YNL168C,0.5705,0.2016,4
duodenum,YNL169C,0.0225,0.1337,4
duodenum,YNL170W,0.0948,0.1,4
duodenum,YNL171C,0.029,0.1,4
duodenum,YNL172W,-0.068,0.2813,4
duodenum,YNL173C,1.4348,0.2122,4
duodenum,YNL174W,-4.222,1.3593,4
duodenum,YNL175C,-3.4385,1.4029,4
duodenum,YNL176C,0.1933,0.2271,4
duodenum,YNL177C,0.4275,0.1914,4
duodenum,YNL178W,-2.198,1.3147,4
duodenum,YNL179C,0.103,0.3646,4
duodenum,YNL180C,0.127,0.5973,4
duodenum,YNL181W,-0.032,0.3605,4
duodenum,YNL182C,-3.2735,1.342,4
duodenum,YNL183C,0.8995,0.2343,4
duodenum,YNL184C,-0.0213,0.4013,4
duodenum,YNL185C,0.4103,0.4099,4
duodenum,YNL186W,-1.348,0.7278,4
duodenum,YNL187W,0.3235,0.1493,4
duodenum,YNL188W,-0.6803,0.5188,4
duodenum,YNL189W,-0.2732,0.1987,4
duodenum,YNL190W,-0.5755,0.3274,4
duodenum,YNL191W,-0.2122,0.2061,4
duodenum,YNL192W,0.4015,0.1507,4
duodenum,YNL193W,0.6763,0.1647,4
duodenum,YNL194C,3.736,1.0569,4
duodenum,YNL195C,1.7258,0.5647,4
duodenum,YNL196C,-0.0525,0.1319,4
duodenum,YNL197C,-0.271,0.206,4
duodenum,YNL198C,-1.2675,0.9913,4
duodenum,YNL199C,-0.0442,0.1,4
duodenum,YNL200C,3.2198,0.3007,4
duodenum,YNL201C,-0.4685,0.5391,4
duodenum,YNL202W,0.7095,0.6842,4
duodenum,YNL203C,0.5988,0.4211,4
duodenum,YNL204C,-0.9115,0.7521,4
duodenum,YNL205C,-0.5485,0.3066,4
duodenum,YNL206C,-0.7768,0.5376,4
duodenum,YNL207W,-1.0135,0.5728,4
duodenum,YNL208W,1.9057,0.1395,4
duodenum,YNL209W,-3.3113,1.7014,4
duodenum,YNL210W,-0.872,0.6108,4
duodenum,YNL211C,-0.239,0.4609,4
duodenum,YNL212W,-0.0488,0.1059,4
duodenum,YNL213C,-0.301,0.4212,4
duodenum,YNL214W,0.191,0.108,4
duodenum,YNL215W,0.2877,0.3801,4
duodenum,YNL216W,-0.6458,0.2704,4
duodenum,YNL217W,-1.2973,0.2433,4
duodenum,YNL218W,-0.5832,0.4158,4
duodenum,YNL219C,-0.3153,0.3486,4
duodenum,YNL220W,0.0445,0.3197,4
duodenum,YNL221C,-0.704,0.4816,4
duodenum,YNL222W,0.2511,0.6338,4
duodenum,YNL223W,0.4657,0.3846,4
duodenum,YNL224C,-0.2218,0.421,4
duodenum,YNL225C,-0.1002,0.328,4
duodenum,YNL226W,-1.2995,0.4778,4
duodenum,YNL227C,-1.0703,0.405,4
duodenum,YNL228W,-1.413,0.3889,4
duodenum,YNL229C,0.1907,0.367,4
duodenum,YNL230C,0.1248,0.4695,4
duodenum,YNL231C,0.4855,0.2591,4
duodenum,YNL232W,-0.842,0.5157,4
duodenum,YNL233W,-0.2528,0.3586,4
duodenum,YNL234W,-0.5825,0.492,4
duodenum,YNL235C,-0.132,0.3276,4
duodenum,YNL236W,0.4162,1.1146,4
duodenum,YNL237W,1.4895,1.0553,4
duodenum,YNL238W,-0.2057,0.258,4
duodenum,YNL239W,1.062,0.6105,4
duodenum,YNL240C,-1.028,0.1952,4
duodenum,YNL241C,1.5278,0.5502,4
duodenum,YNL242W,0.3907,0.4757,4
duodenum,YNL243W,0.08,0.6681,4
duodenum,YNL244C,-0.6091,0.4018,4
duodenum,YNL245C,-0.1338,0.1345,4
duodenum,YNL246W,-0.6302,0.9525,4
duodenum,YNL247W,-1.7355,0.5859,4
duodenum,YNL248C,-3.7068,0.8797,4
duodenum,YNL249C,-0.2455,0.2732,4
duodenum,YNL250W,0.3183,0.1068,4
duodenum,YNL251C,-1.4604,0.5854,4
duodenum,YNL252C,0.282,0.2684,4
duodenum,YNL253W,0.0217,0.2104,4
duodenum,YNL254C,-0.7318,0.535,4
duodenum,YNL255C,-1.711,0.6733,4
duodenum,YNL256W,-1.5958,0.368,4
duodenum,YNL257C,-0.3383,0.2202,4
duodenum,YNL258C,-0.3267,0.1378,4
duodenum,YNL259C,-0.1525,0.664,4
duodenum,YNL260C,-0.1305,0.5066,4
duodenum,YNL261W,-0.096,0.2882,4
duodenum,YNL262W,-1.0874,0.4093,4
duodenum,YNL263C,0.2978,0.1041,4
duodenum,YNL264C,0.252,0.4927,4
duodenum,YNL265C,0.6945,0.1,4
duodenum,YNL266W,0.22,0.7852,4
duodenum,YNL267W,0.019,0.3207,4
duodenum,YNL268W,-0.6065,0.1979,4
duodenum,YNL269W,-0.483,0.2341,4
duodenum,YNL270C,-0.2935,0.1,4
duodenum,YNL271C,0.0184,0.1,4
duodenum,YNL272C,0.0368,0.2162,4
duodenum,YNL273W,-0.4432,0.3238,4
duodenum,YNL274C,3.6985,0.5698,4
duodenum,YNL275W,-0.0705,0.3279,4
duodenum,YNL276C,-0.021,0.1438,4
duodenum,YNL277W,0.431,0.2015,4
duodenum,YNL278W,-0.5475,0.2016,4
duodenum,YNL279W,0.1408,0.2683,4
duodenum,YNL280C,-0.0245,0.2838,4
duodenum,YNL281W,1.6997,0.6075,4
duodenum,YNL282W,-0.781,0.2075,4
duodenum,YNL283C,-0.362,0.1048,4
duodenum,YNL284C,0.489,0.2321,4
duodenum,YNL285W,-0.5855,0.6988,4
duodenum,YNL286W,0.1018,0.1102,4
duodenum,YNL287W,0.0832,0.1388,4
duodenum,YNL288W,0.1335,0.1,4
duodenum,YNL289W,0.0696,0.3005,4
duodenum,YNL290W,-0.0788,0.1,4
duodenum,YNL291C,-0.6673,0.1117,4
duodenum,YNL292W,-1.1795,0.5485,4
duodenum,YNL293W,1.3907,0.572,4
duodenum,YNL294C,0.8083,0.2682,4
duodenum,YNL295W,0.2295,0.1916,4
duodenum,YNL296W,-0.1242,0.1,4
duodenum,YNL297C,0.2742,0.1004,4
duodenum,YNL298W,-0.07,0.3146,4
duodenum,YNL299W,-1.6723,0.3286,4
duodenum,YNL300W,-1.9138,1.2058,4
duodenum,YNL301C,-1.8325,1.1764,4
duodenum,YNL302C,-0.9998,0.3638,4
duodenum,YNL303W,-1.4797,0.5778,4
duodenum,YNL304W,0.362,0.146,4
duodenum,YNL305C,2.2837,0.574,4
duodenum,YNL306W,0.6475,0.1258,4
duodenum,YNL307C,-0.0495,0.2223,4
duodenum,YNL308C,-2.7397,0.8727,4
duodenum,YNL309W,-0.428,0.231,4
duodenum,YNL310C,0.294,0.5717,4
duodenum,YNL311C,-0.5695,0.4542,4
duodenum,YNL312W,0.0985,0.1272,4
duodenum,YNL313C,-2.3822,0.8505,4
duodenum,YNL314W,0.1362,0.1931,4
duodenum,YNL315C,0.3417,0.3115,4
duodenum,YNL316C,-0.0993,0.115,4
duodenum,YNL317W,0.097,0.4182,4
duodenum,YNL318C,-0.3055,1.1495,4
duodenum,YNL319W,0.488,0.5882,4
duodenum,YNL320W,0.5548,0.5946,4
duodenum,YNL321W,0.528,0.5618,4
duodenum,YNL322C,0.997,0.6539,4
duodenum,YNL323W,-0.1097,0.3681,4
duodenum,YNL324W,0.1705,0.5672,4
duodenum,YNL325C,0.2305,0.3181,4
duodenum,YNL326C,-0.0915,0.4193,4
duodenum,YNL327W,-0.2105,0.3836,4
duodenum,YNL328C,-0.5465,0.4382,4
duodenum,YNL329C,0.0877,0.4846,4
duodenum,YNL330C,0.198,0.3511,4
duodenum,YNL331C,0.3693,0.5109,4
duodenum,YNL332W,0.486,0.1578,4
duodenum,YNL333W,0.3312,0.3134,4
duodenum,YNL334C,0.2413,0.3989,4
duodenum,YNL335W,0.0562,0.4347,4
duodenum,YNL336W,0.7385,0.4716,4
duodenum,YNL337W,-0.1368,0.3596,4
duodenum,YNL338W,-0.2016,0.2859,4
duodenum,YNL339C,-0.2964,0.3597,4
duodenum,YNR001C,3.2475,0.8614,4
duodenum,YNR002C,2.3163,0.8019,4
duodenum,YNR003C,-1.459,0.9125,4
duodenum,YNR004W,0.276,0.3475,4
duodenum,YNR005C,0.3365,0.112,4
duodenum,YNR006W,0.5677,0.4505,4
duodenum,YNR007C,-0.0852,0.9316,4
duodenum,YNR008W,0.4215,0.1973,4
duodenum,YNR009W,-1.4178,0.4515,4
duodenum,YNR010W,0.2293,0.2999,4
duodenum,YNR011C,-0.5052,0.5873,4
duodenum,YNR012W,-1.9103,0.4316,4
duodenum,YNR013C,0.1097,0.1425,4
duodenum,YNR014W,2.8493,0.5216,4
duodenum,YNR015W,-1.6765,0.2241,4
duodenum,YNR016C,-0.5872,0.3951,4
duodenum,YNR017W,-0.7055,0.4245,4
duodenum,YNR018W,-0.4818,0.216,4
duodenum,YNR019W,0.8618,0.8584,4
duodenum,YNR020C,-0.261,0.2569,4
duodenum,YNR021W,-1.2763,0.7013,4
duodenum,YNR022C,-0.3422,0.3298,4
duodenum,YNR023W,-0.0278,0.1717,4
duodenum,YNR024W,-1.2512,0.4429,4
duodenum,YNR025C,-1.0123,0.5733,4
duodenum,YNR026C,0.0595,0.1155,4
duodenum,YNR027W,-0.5065,0.32,4
duodenum,YNR028W,-0.006,0.3834,4
duodenum,YNR029C,-1.1175,0.5735,4
duodenum,YNR030W,0.2987,0.2318,4
duodenum,YNR031C,-0.1164,0.22,4
duodenum,YNR032W,0.3665,0.276,4
duodenum,YNR033W,0.311,0.2808,4
duodenum,YNR034W,1.7915,0.4786,4
duodenum,YNR035C,0.5617,1.1017,4
duodenum,YNR036C,0.7113,0.1895,4
duodenum,YNR037C,0.5125,0.1327,4
duodenum,YNR038W,-2.0435,0.6964,4
duodenum,YNR039C,-0.2835,0.118,4
duodenum,YNR040W,-0.4179,0.3749,4
duodenum,YNR041C,-0.0367,0.3989,4
duodenum,YNR042W,-0.105,0.511,4
duodenum,YNR043W,-1.113,0.3844,4
duodenum,YNR044W,-1.2597,0.7707,4
duodenum,YNR045W,0.2495,0.2186,4
duodenum,YNR046W,-1.4505,0.498,4
duodenum,YNR047W,0.6515,0.414,4
duodenum,YNR048W,-0.4545,0.452,4
duodenum,YNR049C,-0.2612,0.3329,4
duodenum,YNR050C,-0.9205,0.2231,4
duodenum,YNR051C,-0.749,0.503,4
duodenum,YNR052C,-0.2652,0.1,4
duodenum,YNR053C,-2.915,0.9189,4
duodenum,YNR054C,-2.4402,1.0475,4
duodenum,YNR055C,-0.1298,0.1003,4
duodenum,YNR056C,0.1487,0.2205,4
duodenum,YNR057C,-0.2863,0.2105,4
duodenum,YNR058W,-0.2435,0.1,4
duodenum,YNR059W,-0.2398,0.2682,4
duodenum,YNR060W,-0.3335,0.2889,4
duodenum,YNR061C,-0.553,0.3483,4
duodenum,YNR062C,-0.0597,0.2073,4
duodenum,YNR063W,-0.7315,0.1647,4
duodenum,YNR064C,-0.0935,0.1,4
duodenum,YNR065C,-0.177,0.4973,4
duodenum,YNR066C,-0.017,0.285,4
duodenum,YNR067C,-0.2178,0.1729,4
duodenum,YNR068C,0.901,1.0243,4
duodenum,YNR069C,1.1127,1.2679,4
duodenum,YNR070W,0.2955,0.4091,4
duodenum,YNR071C,0.3285,0.7934,4
duodenum,YNR072W,0.4958,0.1553,4
duodenum,YNR073C,-0.023,0.2808,4
duodenum,YNR074C,-0.205,0.2281,4
duodenum,YNR075W,-0.6712,0.7652,4
duodenum,YNR076W,-0.1825,0.8346,4
duodenum,YNR077C,-0.348,0.6339,4
duodenum,YOL001W,-0.1535,0.3941,4
duodenum,YOL002C,-1.694,0.5214,4
duodenum,YOL003C,-0.0505,0.3723,4
duodenum,YOL004W,-0.096,0.9012,4
duodenum,YOL005C,-0.0935,0.4176,4
duodenum,YOL006C,-0.5582,0.4305,4
duodenum,YOL007C,-1.1727,0.3041,4
duodenum,YOL008W,-0.0115,0.3105,4
duodenum,YOL009C,0.311,0.3969,4
duodenum,YOL010W,-2.4768,0.4565,4
duodenum,YOL011W,-0.055,0.3708,4
duodenum,YOL012C,-0.8135,0.1965,4
duodenum,YOL013C,0.4407,0.7114,4
duodenum,YOL014W,-0.0873,0.6893,4
duodenum,YOL015W,-0.5747,1.0811,4
duodenum,YOL016C,1.2894,0.6024,4
duodenum,YOL017W,-0.4968,0.1,4
duodenum,YOL018C,-0.2953,0.2387,4
duodenum,YOL019W,-0.432,0.4337,4
duodenum,YOL020W,-0.5368,0.298,4
duodenum,YOL021C,-1.2373,0.4433,4
duodenum,YOL022C,-1.9962,0.6313,4
duodenum,YOL023W,0.352,0.1922,4
duodenum,YOL024W,0.213,0.5653,4
duodenum,YOL025W,0.5917,0.3069,4
duodenum,YOL026C,0.1755,0.3484,4
duodenum,YOL027C,-0.627,0.2979,4
duodenum,YOL028C,-0.621,0.7364,4
duodenum,YOL029C,-0.3985,0.1976,4
duodenum,YOL030W,0.1227,0.2451,4
duodenum,YOL031C,0.4812,0.2123,4
duodenum,YOL032W,2.4252,0.5414,4
duodenum,YOL033W,0.534,0.1,4
duodenum,YOL034W,-0.2978,0.1,4
duodenum,YOL035C,0.2647,0.6844,4
duodenum,YOL036W,0.4533,0.281,4
duodenum,YOL037C,0.3415,0.4241,4
duodenum,YOL038W,0.6185,0.2107,4
duodenum,YOL039W,-1.878,0.9349,4
duodenum,YOL040C,-2.206,1.4482,4
duodenum,YOL041C,-1.5646,0.5547,4
duodenum,YOL042W,-0.3695,0.3718,4
duodenum,YOL043C,-0.066,0.2773,4
duodenum,YOL044W,-0.2223,0.1358,4
duodenum,YOL045W,-0.0393,0.2112,4
duodenum,YOL046C,-0.3918,0.321,4
duodenum,YOL047C,2.1043,0.9404,4
duodenum,YOL048C,1.7062,0.3332,4
duodenum,YOL049W,0.2975,0.2116,4
duodenum,YOL050C,0.1968,0.2748,4
duodenum,YOL051W,-0.1791,0.4567,4
duodenum,YOL052C,-0.7312,0.3883,4
duodenum,YOL052C-A,3.9465,0.245,4
duodenum,YOL053C,5.2393,0.1844,4
duodenum,YOL053W,0.8133,0.3024,4
duodenum,YOL054W,-0.5433,0.2697,4
duodenum,YOL055C,0.7703,0.1596,4
duodenum,YOL056W,-0.4278,0.126,4
duodenum,YOL057W,-0.3145,0.2224,4
duodenum,YOL058W,-0.0872,0.6312,4
duodenum,YOL059W,-0.0568,0.195,4
duodenum,YOL060C,1.0005,0.3557,4
duodenum,YOL061W,-1.1665,0.2764,4
duodenum,YOL062C,0.3018,0.1498,4
duodenum,YOL063C,0.1462,0.4217,4
duodenum,YOL064C,0.159,0.1499,4
duodenum,YOL065C,0.0672,0.4781,4
duodenum,YOL066C,0.3057,0.1,4
duodenum,YOL067C,0.0188,0.781,4
duodenum,YOL068C,0.0185,0.1754,4
duodenum,YOL069W,-0.2825,0.3021,4
duodenum,YOL070C,0.0388,0.1201,4
duodenum,YOL071W,1.7717,0.2247,4
duodenum,YOL072W,0.6435,0.7705,4
duodenum,YOL073C,0.938,0.3272,4
duodenum,YOL074C,0.0423,0.1915,4
duodenum,YOL075C,0.0248,0.3558,4
duodenum,YOL076W,-0.4975,0.1162,4
duodenum,YOL077C,-3.967,1.3599,4
duodenum,YOL078W,-0.033,0.6871,4
duodenum,YOL079W,-0.9905,0.2859,4
duodenum,YOL080C,-1.058,0.1248,4
duodenum,YOL081W,-0.6139,0.7016,4
duodenum,YOL082W,1.9025,0.346,4
duodenum,YOL083W,2.0023,0.1,4
duodenum,YOL084W,4.249,0.9928,4
duodenum,YOL085C,1.4423,0.2972,4
duodenum,YOL086C,1.1575,0.3552,4
duodenum,YOL087C,1.029,0.1773,4
duodenum,YOL088C,0.4603,0.1,4
duodenum,YOL089C,0.0985,0.104,4
duodenum,YOL090W,0.3753,0.1659,4
duodenum,YOL091W,-0.3808,0.3262,4
duodenum,YOL092W,-1.5595,0.3024,4
duodenum,YOL093W,-0.889,0.7738,4
duodenum,YOL094C,-0.2622,0.2438,4
duodenum,YOL095C,-0.224,0.2612,4
duodenum,YOL096C,1.1275,0.6039,4
duodenum,YOL097C,-1.7082,0.1365,4
duodenum,YOL098C,-0.167,0.387,4
duodenum,YOL099C,0.3672,0.6901,4
duodenum,YOL100W,0.7785,0.7179,4
duodenum,YOL101C,-1.572,1.7955,4
duodenum,YOL102C,-0.5405,0.2782,4
duodenum,YOL103W,-0.64,0.551,4
duodenum,YOL104C,0.062,0.664,4
duodenum,YOL105C,0.2185,0.4383,4
duodenum,YOL106W,-0.2327,0.735,4
duodenum,YOL107W,0.4758,0.5254,4
duodenum,YOL108C,0.3928,0.3935,4
duodenum,YOL109W,-0.4928,0.7351,4
duodenum,YOL110W,0.4331,0.7799,4
duodenum,YOL111C,0.052,0.3938,4
duodenum,YOL112W,-0.3363,0.6342,4
duodenum,YOL113W,0.599,0.6485,4
duodenum,YOL114C,0.2512,0.3901,4
duodenum,YOL115W,-0.8982,0.3913,4
duodenum,YOL116W,0.3882,0.2587,4
duodenum,YOL117W,1.1663,0.2946,4
duodenum,YOL118C,0.0708,0.2748,4
duodenum,YOL119C,0.8845,0.1228,4
duodenum,YOL120C,-1.9712,1.0604,4
duodenum,YOL121C,-2.1575,1.6097,4
duodenum,YOL122C,0.5811,0.1988,4
duodenum,YOL123W,-1.653,1.4973,4
duodenum,YOL124C,-3.2145,1.1642,4
duodenum,YOL125W,-1.736,0.8675,4
duodenum,YOL126C,1.1695,0.6913,4
duodenum,YOL127W,-2.1837,1.6373,4
duodenum,YOL128C,-0.3855,0.9596,4
duodenum,YOL129W,1.1502,0.1,4
duodenum,YOL130W,-0.9118,0.1839,4
duodenum,YOL131W,0.0943,0.1,4
duodenum,YOL132W,-0.4652,0.2517,4
duodenum,YOL133W,0.577,0.1,4
duodenum,YOL134C,0.5497,0.1112,4
duodenum,YOL135C,0.108,0.2088,4
duodenum,YOL136C,0.3278,0.157,4
duodenum,YOL137W,-0.4275,0.3869,4
duodenum,YOL138C,-0.1573,0.126,4
duodenum,YOL139C,-1.4153,0.8822,4
duodenum,YOL140W,-0.8583,0.1901,4
duodenum,YOL141W,-2.3262,0.229,4
duodenum,YOL142W,-0.8778,0.4398,4
duodenum,YOL143C,-0.2145,0.364,4
duodenum,YOL144W,-1.61,0.6441,4
duodenum,YOL145C,-0.4347,0.511,4
duodenum,YOL146W,0.044,0.1,4
duodenum,YOL147C,-0.3157,0.1146,4
duodenum,YOL148C,0.655,0.1604,4
duodenum,YOL149W,-0.9227,0.5874,4
duodenum,YOL150C,2.0875,0.2467,4
duodenum,YOL151W,2.1858,0.2577,4
duodenum,YOL152W,0.406,0.4061,4
duodenum,YOL153C,2.2153,0.9631,4
duodenum,YOL154W,0.2883,0.4221,4
duodenum,YOL155C,1.441,0.4065,4
duodenum,YOL156W,0.5767,0.2783,4
duodenum,YOL157C,0.0807,1.0352,4
duodenum,YOL158C,-0.437,0.4191,4
duodenum,YOL159C,0.559,0.1394,4
duodenum,YOL160W,-0.299,0.5082,4
duodenum,YOL161C,0.106,0.1689,4
duodenum,YOL162W,0.61,1.0721,4
duodenum,YOL163W,0.1205,0.1815,4
duodenum,YOL164W,-0.1452,0.1509,4
duodenum,YOL165C,-0.2275,0.176,4
duodenum,YOL166C,-0.505,0.2555,4
duodenum,YOR001W,-1.8538,0.6906,4
duodenum,YOR002W,0.086,0.1135,4
duodenum,YOR003W,1.3635,0.1679,4
duodenum,YOR004W,-3.001,0.5695,4
duodenum,YOR005C,0.555,0.1745,4
duodenum,YOR006C,-0.725,0.2049,4
duodenum,YOR007C,1.0255,0.1,4
duodenum,YOR008C,0.6775,0.2938,4
duodenum,YOR008C-A,-0.7901,0.3756,4
duodenum,YOR009W,-0.2233,0.4716,4
duodenum,YOR010C,-0.0787,0.1546,4
duodenum,YOR011W,-0.8313,0.1,4
duodenum,YOR012W,0.3155,0.5693,4
duodenum,YOR013W,0.2777,0.2161,4
duodenum,YOR014W,0.5887,0.1179,4
duodenum,YOR015W,0.2584,0.4315,4
duodenum,YOR016C,-0.0663,0.7421,4
duodenum,YOR017W,0.16,0.1,4
duodenum,YOR018W,1.3522,0.3088,4
duodenum,YOR019W,1.7872,0.6768,4
duodenum,YOR020C,2.3155,0.6237,4
duodenum,YOR021C,-1.8558,0.396,4
duodenum,YOR022C,0.6108,0.4986,4
duodenum,YOR023C,0.7557,0.5339,4
duodenum,YOR024W,0.115,1.2366,4
duodenum,YOR025W,-0.1315,0.2383,4
duodenum,YOR026W,-0.2687,0.3334,4
duodenum,YOR027W,2.5112,1.1888,4
duodenum,YOR028C,1.1935,1.4686,4
duodenum,YOR029W,0.0655,1.059,4
duodenum,YOR030W,-0.04,0.7354,4
duodenum,YOR031W,0.504,0.7016,4
duodenum,YOR032C,-0.279,1.0224,4
duodenum,YOR033C,-0.331,0.4287,4
duodenum,YOR034C,-0.1812,0.4269,4
duodenum,YOR035C,0.5615,0.674,4
duodenum,YOR036W,0.8773,0.5134,4
duodenum,YOR037W,0.1477,0.4399,4
duodenum,YOR038C,-0.2678,0.1983,4
duodenum,YOR039W,-0.2925,0.1973,4
duodenum,YOR040W,0.8493,0.4803,4
duodenum,YOR041C,0.2795,1.0255,4
duodenum,YOR042W,1.1233,0.5225,4
duodenum,YOR043W,-0.292,0.2007,4
duodenum,YOR044W,0.1265,0.2321,4
duodenum,YOR045W,-0.6478,0.1364,4
duodenum,YOR046C,-0.8025,0.392,4
duodenum,YOR047C,-0.423,0.5098,4
duodenum,YOR048C,-0.9574,0.1,4
duodenum,YOR049C,0.4032,0.7725,4
duodenum,YOR050C,0.5325,1.1576,4
duodenum,YOR051C,-1.6147,0.8041,4
duodenum,YOR052C,2.74,0.6382,4
duodenum,YOR053W,0.5235,0.7066,4
duodenum,YOR054C,1.3705,0.5859,4
duodenum,YOR055W,1.051,0.4534,4
duodenum,YOR056C,-2.375,0.749,4
duodenum,YOR057W,0.0237,0.1,4
duodenum,YOR058C,-0.1139,0.2193,4
duodenum,YOR059C,0.8397,0.1876,4
duodenum,YOR060C,0.4042,0.5023,4
duodenum,YOR061W,-0.7672,0.307,4
duodenum,YOR062C,0.3683,0.2314,4
duodenum,YOR063W,-1.9577,0.8581,4
duodenum,YOR064C,0.0135,0.1,4
duodenum,YOR065W,1.62,0.7013,4
duodenum,YOR066W,-0.1075,0.27,4
duodenum,YOR067C,-0.5967,0.2102,4
duodenum,YOR068C,0.079,0.2115,4
duodenum,YOR069W,0.0855,0.8451,4
duodenum,YOR070C,0.682,0.1,4
duodenum,YOR071C,0.0743,0.1426,4
duodenum,YOR072W,-0.0365,0.2977,4
duodenum,YOR073W,-0.7538,0.2251,4
duodenum,YOR074C,-0.432,0.4466,4
duodenum,YOR075W,0.1828,0.1491,4
duodenum,YOR076C,0.4555,0.1,4
duodenum,YOR077W,-0.3177,0.3006,4
duodenum,YOR078W,-1.5135,0.7257,4
duodenum,YOR079C,-0.479,0.371,4
duodenum,YOR080W,-0.2815,0.149,4
duodenum,YOR081C,0.4025,0.1404,4
duodenum,YOR082C,0.0445,0.3478,4
duodenum,YOR083W,0.284,0.3409,4
duodenum,YOR084W,0.3053,0.3505,4
duodenum,YOR085W,0.1552,0.124,4
duodenum,YOR086C,0.4098,0.3704,4
duodenum,YOR087W,0.3755,0.2231,4
duodenum,YOR088W,0.4765,0.35,4
duodenum,YOR089C,0.6863,0.1387,4
duodenum,YOR090C,0.5487,0.1085,4
duodenum,YOR091W,-1.907,0.7736,4
duodenum,YOR092W,0.6887,0.3647,4
duodenum,YOR093C,-0.4881,0.1141,4
duodenum,YOR094W,-0.5075,0.2076,4
duodenum,YOR095C,-3.5877,1.2136,4
duodenum,YOR096W,-2.5762,1.4877,4
duodenum,YOR097C,1.046,0.1,4
duodenum,YOR098C,-0.9457,0.2058,4
duodenum,YOR099W,-0.4865,0.3946,4
duodenum,YOR100C,1.478,0.287,4
duodenum,YOR101W,-1.796,0.8668,4
duodenum,YOR102W,-0.302,0.2369,4
duodenum,YOR103C,-0.3177,0.3487,4
duodenum,YOR104W,-0.1105,0.1774,4
duodenum,YOR105W,-0.0867,0.235,4
duodenum,YOR106W,-0.637,0.3054,4
duodenum,YOR107W,-0.5567,0.2516,4
duodenum,YOR108W,-1.675,0.3374,4
duodenum,YOR109W,0.2585,0.1466,4
duodenum,YOR110W,0.1705,0.5674,4
duodenum,YOR111W,0.3758,0.1178,4
duodenum,YOR112W,0.3337,0.1,4
duodenum,YOR113W,1.1205,0.371,4
duodenum,YOR114W,0.1062,0.2576,4
duodenum,YOR115C,-0.1042,0.1107,4
duodenum,YOR116C,-1.0482,0.2174,4
duodenum,YOR117W,0.55,0.3582,4
duodenum,YOR118W,-0.272,0.4785,4
duodenum,YOR119C,-1.131,0.4152,4
duodenum,YOR120W,3.2668,0.8658,4
duodenum,YOR121C,2.4705,0.8386,4
duodenum,YOR122C,0.5513,0.4619,4
duodenum,YOR123C,-0.4745,0.2321,4
duodenum,YOR124C,0.9779,0.5723,4
duodenum,YOR125C,0.307,0.3654,4
duodenum,YOR126C,0.2087,0.4903,4
duodenum,YOR127W,-0.9788,0.4265,4
duodenum,YOR128C,1.0493,0.842,4
duodenum,YOR129C,-0.6865,0.4799,4
duodenum,YOR130C,0.1953,0.3469,4
duodenum,YOR131C,0.3465,0.2592,4
duodenum,YOR132W,1.0375,0.5925,4
duodenum,YOR133W,-1.7225,0.5754,4
duodenum,YOR134W,2.357,0.8268,4
duodenum,YOR135C,2.3277,0.9251,4
duodenum,YOR136W,2.812,1.1181,4
duodenum,YOR137C,1.14,0.4616,4
duodenum,YOR138C,0.3285,0.5868,4
duodenum,YOR139C,-0.8478,0.1933,4
duodenum,YOR140W,-0.5715,0.3578,4
duodenum,YOR141C,0.111,0.4529,4
duodenum,YOR142W,0.9652,0.1487,4
duodenum,YOR143C,-0.639,0.498,4
duodenum,YOR144C,-0.411,0.1496,4
duodenum,YOR145C,-2.837,0.8798,4
duodenum,YOR146W,-2.9202,0.8928,4
duodenum,YOR147W,0.064,0.1277,4
duodenum,YOR148C,-0.1115,0.147,4
duodenum,YOR149C,-0.453,0.2833,4
duodenum,YOR150W,0.4805,0.2697,4
duodenum,YOR151C,-0.1832,0.3501,4
duodenum,YOR152C,-0.111,1.3661,4
duodenum,YOR153W,0.8185,0.2436,4
duodenum,YOR154W,-0.729,0.1472,4
duodenum,YOR155C,1.1105,0.3984,4
duodenum,YOR156C,0.4205,0.1661,4
duodenum,YOR157C,0.4335,0.3227,4
duodenum,YOR158W,0.6433,0.1567,4
duodenum,YOR159C,-0.2898,0.6834,4
duodenum,YOR160W,0.3972,0.2695,4
duodenum,YOR161C,3.3975,0.6389,4
duodenum,YOR162C,0.654,0.5744,4
duodenum,YOR163W,0.3112,0.1,4
duodenum,YOR164C,0.0162,0.1724,4
duodenum,YOR165W,-0.5577,0.3897,4
duodenum,YOR166C,-0.136,0.3611,4
duodenum,YOR167C,-1.6445,1.2319,4
duodenum,YOR168W,-1.0575,0.4533,4
duodenum,YOR169C,-1.5435,0.7489,4
duodenum,YOR170W,0.0348,0.1483,4
duodenum,YOR171C,0.1535,0.199,4
duodenum,YOR172W,0.0521,0.3166,4
duodenum,YOR173W,2.2067,0.6025,4
duodenum,YOR174W,-0.3007,0.2378,4
duodenum,YOR175C,-0.7958,0.3915,4
duodenum,YOR176W,1.075,0.4921,4
duodenum,YOR177C,0.4075,0.3626,4
duodenum,YOR178C,1.911,0.8279,4
duodenum,YOR179C,-0.1015,0.2324,4
duodenum,YOR180C,0.2787,0.2882,4
duodenum,YOR181W,0.7662,0.3346,4
duodenum,YOR182C,-1.4275,1.1421,4
duodenum,YOR183W,-0.8568,0.3637,4
duodenum,YOR184W,-0.2155,0.3057,4
duodenum,YOR185C,2.9548,0.282,4
duodenum,YOR186W,0.0893,0.1,4
duodenum,YOR187W,0.8245,0.1006,4
duodenum,YOR188W,-1.076,0.4647,4
duodenum,YOR189W,-0.3488,0.2991,4
duodenum,YOR190W,0.5207,1.1258,4
duodenum,YOR191W,0.3603,0.3565,4
duodenum,YOR192C,-0.0457,0.3855,4
duodenum,YOR193W,0.1482,0.253,4
duodenum,YOR194C,-0.0195,0.1666,4
duodenum,YOR195W,-0.5887,0.3004,4
duodenum,YOR196C,-0.3035,0.192,4
duodenum,YOR197W,0.055,0.1794,4
duodenum,YOR198C,-0.2425,0.1143,4
duodenum,YOR199W,-0.8005,0.4215,4
duodenum,YOR200W,-0.2632,0.3812,4
duodenum,YOR201C,-0.3668,0.4881,4
duodenum,YOR202W,-0.5597,0.2371,4
duodenum,YOR203W,-0.9663,0.2672,4
duodenum,YOR204W,-0.6915,0.4882,4
duodenum,YOR205C,-0.5248,0.5208,4
duodenum,YOR206W,-3.7102,1.4998,4
duodenum,YOR207C,-2.2212,0.5733,4
duodenum,YOR208W,0.9463,0.235,4
duodenum,YOR209C,-0.741,0.3046,4
duodenum,YOR210W,-1.4045,0.6769,4
duodenum,YOR211C,-0.4701,0.2606,4
duodenum,YOR212W,-1.245,0.6295,4
duodenum,YOR213C,-0.9848,0.3785,4
duodenum,YOR214C,-0.802,0.3972,4
duodenum,YOR215C,1.3465,0.319,4
duodenum,YOR216C,0.194,0.6626,4
duodenum,YOR217W,-0.4537,0.3822,4
duodenum,YOR218C,-0.4765,0.4491,4
duodenum,YOR219C,0.2035,0.5389,4
duodenum,YOR220W,2.1528,0.986,4
duodenum,YOR221C,0.3782,0.4635,4
duodenum,YOR222W,-0.87,0.585,4
duodenum,YOR223W,0.8407,0.7463,4
duodenum,YOR224C,-1.5888,0.3771,4
duodenum,YOR225W,-0.6565,0.6386,4
duodenum,YOR226C,-0.3943,0.5796,4
duodenum,YOR227W,1.0907,0.4055,4
duodenum,YOR228C,1.012,0.622,4
duodenum,YOR229W,-1.0055,0.1755,4
duodenum,YOR230W,1.6035,1.1541,4
duodenum,YOR231W,-0.158,0.1647,4
duodenum,YOR232W,-0.8513,0.3367,4
duodenum,YOR233W,-1.2083,0.1,4
duodenum,YOR234C,-1.745,0.783,4
duodenum,YOR235W,-0.4425,0.3278,4
duodenum,YOR236W,-0.7193,0.3256,4
duodenum,YOR237W,-0.7503,0.392,4
duodenum,YOR238W,0.125,0.2563,4
duodenum,YOR239W,-0.792,0.1461,4
duodenum,YOR240W,-0.5278,0.3078,4
duodenum,YOR241W,-0.3093,0.3389,4
duodenum,YOR242C,-0.888,0.6253,4
duodenum,YOR243C,-2.6677,1.5172,4
duodenum,YOR244W,0.0515,0.2428,4
duodenum,YOR245C,0.8865,0.1459,4
duodenum,YOR246C,-1.02,0.4033,4
duodenum,YOR247W,-1.1972,0.8067,4
duodenum,YOR248W,-1.3217,0.6316,4
duodenum,YOR249C,0.267,0.4535,4
duodenum,YOR250C,0.333,0.293,4
duodenum,YOR251C,-0.7057,0.3217,4
duodenum,YOR252W,-1.7792,0.5748,4
duodenum,YOR253W,-0.8265,0.4515,4
duodenum,YOR254C,-0.7238,0.283,4
duodenum,YOR255W,-0.5653,0.1026,4
duodenum,YOR256C,0.519,0.2265,4
duodenum,YOR257W,0.1517,0.1586,4
duodenum,YOR258W,0.0602,0.1911,4
duodenum,YOR259C,0.4057,0.3072,4
duodenum,YOR260W,-0.9493,0.5304,4
duodenum,YOR261C,0.4983,0.1989,4
duodenum,YOR262W,-0.6388,0.2197,4
duodenum,YOR263C,-0.2172,0.1,4
duodenum,YOR264W,0.1037,0.1968,4
duodenum,YOR265W,-0.1055,0.2398,4
duodenum,YOR266W,-0.2306,0.2321,4
duodenum,YOR267C,1.6442,0.4519,4
duodenum,YOR268C,0.03,0.2172,4
duodenum,YOR269W,-0.7675,0.1572,4
duodenum,YOR270C,-0.0655,0.1997,4
duodenum,YOR271C,-1.8315,0.6309,4
duodenum,YOR272W,-1.704,1.8438,4
duodenum,YOR273C,3.2828,1.1115,4
duodenum,YOR274W,-0.3902,0.1829,4
duodenum,YOR275C,0.515,0.8164,4
duodenum,YOR276W,-1.2555,0.7601,4
duodenum,YOR277C,-1.7153,0.4335,4
duodenum,YOR278W,0.3053,0.1844,4
duodenum,YOR279C,-0.2895,0.2269,4
duodenum,YOR280C,0.3763,0.2967,4
duodenum,YOR281C,-0.8577,0.3749,4
duodenum,YOR282W,-0.6575,0.4894,4
duodenum,YOR283W,-0.9705,0.2266,4
duodenum,YOR284W,-0.153,0.1476,4
duodenum,YOR285W,1.9365,0.494,4
duodenum,YOR286W,0.5165,0.2903,4
duodenum,YOR287C,-2.2612,0.9929,4
duodenum,YOR288C,1.818,0.6287,4
duodenum,YOR289W,2.625,0.2558,4
duodenum,YOR290C,0.1982,0.3641,4
duodenum,YOR291W,0.4154,0.1972,4
duodenum,YOR292C,1.1898,0.2543,4
duodenum,YOR293W,-2.5285,1.573,4
duodenum,YOR294W,-3.3933,1.1141,4
duodenum,YOR295W,-1.0345,0.4686,4
duodenum,YOR296W,0.1643,0.1742,4
duodenum,YOR297C,-0.3327,0.4358,4
duodenum,YOR298W,-0.4772,0.477,4
duodenum,YOR299W,0.4882,0.1764,4
duodenum,YOR300W,0.3185,0.1688,4
duodenum,YOR301W,-0.2313,0.1,4
duodenum,YOR302W,-0.6485,0.6476,4
duodenum,YOR303W,-0.0872,1.0582,4
duodenum,YOR304C-A,-0.4813,0.9671,4
duodenum,YOR304W,-0.1758,0.1329,4
duodenum,YOR305W,-0.4297,0.552,4
duodenum,YOR306C,-0.768,0.4192,4
duodenum,YOR307C,-0.154,0.1474,4
duodenum,YOR308C,-0.4713,0.2312,4
duodenum,YOR309C,-4.3177,1.4652,4
duodenum,YOR310C,-3.3127,0.9801,4
duodenum,YOR311C,-0.43,0.3233,4
duodenum,YOR312C,-2.364,1.1267,4
duodenum,YOR313C,-1.5123,0.117,4
duodenum,YOR314W,-1.0058,0.1,4
duodenum,YOR315W,-2.2105,0.227,4
duodenum,YOR316C,0.141,0.4868,4
duodenum,YOR317W,2.5602,0.8908,4
duodenum,YOR318C,-0.1065,0.5816,4
duodenum,YOR319W,-0.5958,0.4405,4
duodenum,YOR320C,-0.3333,0.4967,4
duodenum,YOR321W,-0.027,0.4054,4
duodenum,YOR322C,-0.4838,0.4718,4
duodenum,YOR323C,-0.347,0.1098,4
duodenum,YOR324C,-0.228,0.9024,4
duodenum,YOR325W,-0.7628,0.2266,4
duodenum,YOR326W,-0.054,0.4213,4
duodenum,YOR327C,0.271,0.3791,4
duodenum,YOR328W,0.058,0.5509,4
duodenum,YOR329C,0.737,0.5754,4
duodenum,YOR330C,0.0063,0.2787,4
duodenum,YOR331C,-0.1653,0.2149,4
duodenum,YOR332W,0.0563,0.2894,4
duodenum,YOR333C,-0.4705,0.2352,4
duodenum,YOR334W,-0.5226,0.1,4
duodenum,YOR335C,-1.5344,0.6292,4
duodenum,YOR336W,0.0931,0.3131,4
duodenum,YOR337W,-0.2843,0.7585,4
duodenum,YOR338W,-0.1546,0.6248,4
duodenum,YOR339C,-0.3271,0.8766,4
duodenum,YOR340C,-2.1969,0.262,4
duodenum,YOR341W,-1.6178,1.094,4
duodenum,YOR342C,-0.7704,0.8597,4
duodenum,YOR343C,-0.573,0.3618,4
duodenum,YOR344C,-0.7643,0.6451,4
duodenum,YOR345C,-0.9457,0.6909,4
duodenum,YOR346W,-0.8036,0.1367,4
duodenum,YOR347C,2.4947,0.3918,4
duodenum,YOR348C,0.2325,0.3121,4
duodenum,YOR349W,-0.3014,0.1,4
duodenum,YOR350C,0.2988,0.1321,4
duodenum,YOR351C,-0.3939,0.3712,4
duodenum,YOR352W,0.916,0.5352,4
duodenum,YOR353C,0.0025,0.3107,4
duodenum,YOR354C,-0.2657,0.4498,4
duodenum,YOR355W,-0.8407,0.5805,4
duodenum,YOR356W,-0.0567,0.3845,4
duodenum,YOR357C,0.7272,0.1271,4
duodenum,YOR358W,0.445,0.4796,4
duodenum,YOR359W,-1.1113,0.2574,4
duodenum,YOR360C,-0.0765,0.3218,4
duodenum,YOR361C,-1.6545,0.5535,4
duodenum,YOR362C,0.8327,0.1861,4
duodenum,YOR363C,0.2781,0.5461,4
duodenum,YOR364W,-0.4208,0.2113,4
duodenum,YOR365C,-0.437,1.3269,4
duodenum,YOR366W,-0.532,0.3442,4
duodenum,YOR367W,0.3073,0.2357,4
duodenum,YOR368W,-0.7615,0.4206,4
duodenum,YOR369C,-2.2092,1.1038,4
duodenum,YOR370C,-0.3681,0.1241,4
duodenum,YOR371C,-0.561,0.1188,4
duodenum,YOR372C,-0.0195,0.1159,4
duodenum,YOR373W,-0.58,0.4059,4
duodenum,YOR374W,4.5122,1.0538,4
duodenum,YOR375C,-0.3628,0.2016,4
duodenum,YOR376W,0.5907,0.2513,4
duodenum,YOR377W,-0.6388,0.6302,4
duodenum,YOR378W,0.106,0.2313,4
duodenum,YOR379C,-0.4845,0.1624,4
duodenum,YOR380W,0.265,0.3317,4
duodenum,YOR381W,-1.2208,0.5461,4
duodenum,YOR382W,0.7763,0.6029,4
duodenum,YOR383C,0.504,0.3207,4
duodenum,YOR384W,0.3706,0.2161,4
duodenum,YOR385W,0.2843,0.1678,4
duodenum,YOR386W,1.9647,0.45,4
duodenum,YOR387C,1.1078,0.1983,4
duodenum,YOR388C,-0.2258,0.2955,4
duodenum,YOR389W,-0.41,0.1306,4
duodenum,YOR390W,-0.6365,0.4465,4
duodenum,YOR391C,0.462,0.3773,4
duodenum,YOR392W,-0.0953,0.1806,4
duodenum,YOR393W,-0.0865,0.2147,4
duodenum,YOR394W,-0.1358,0.5053,4
duodenum,YPL001W,-0.143,0.1329,4
duodenum,YPL002C,0.4882,0.1973,4
duodenum,YPL003W,0.992,0.2115,4
duodenum,YPL004C,2.269,0.245,4
duodenum,YPL005W,-1.1858,0.5346,4
duodenum,YPL006W,0.1171,0.4242,4
duodenum,YPL007C,-0.3614,0.359,4
duodenum,YPL008W,-0.3389,0.2188,4
duodenum,YPL009C,-0.372,0.1743,4
duodenum,YPL010W,-0.017,0.5572,4
duodenum,YPL011C,-0.7255,0.5065,4
duodenum,YPL012W,-0.294,0.8838,4
duodenum,YPL013C,-0.331,0.2308,4
duodenum,YPL014W,1.134,0.7575,4
duodenum,YPL015C,-0.1625,0.5609,4
duodenum,YPL016W,-0.5945,0.8854,4
duodenum,YPL017C,0.5152,0.9389,4
duodenum,YPL018W,0.5803,0.5925,4
duodenum,YPL019C,-2.1195,0.5072,4
duodenum,YPL020C,-0.4538,0.4795,4
duodenum,YPL021W,-0.146,1.0976,4
duodenum,YPL022W,0.0798,0.3406,4
duodenum,YPL023C,-0.3357,0.4639,4
duodenum,YPL024W,0.3347,0.648,4
duodenum,YPL025C,-0.6538,0.3855,4
duodenum,YPL026C,-0.4815,0.4216,4
duodenum,YPL027W,-0.243,0.5788,4
duodenum,YPL028W,-0.385,0.265,4
duodenum,YPL029W,-0.2745,0.2553,4
duodenum,YPL030W,0.2983,1.1808,4
duodenum,YPL031C,0.317,0.5305,4
duodenum,YPL032C,-0.6857,0.5654,4
duodenum,YPL033C,-0.549,0.4813,4
duodenum,YPL034W,0.1512,0.3283,4
duodenum,YPL035C,0.1152,0.4035,4
duodenum,YPL036W,-0.856,0.3899,4
duodenum,YPL037C,-0.878,0.2812,4
duodenum,YPL038W,-0.5883,0.2406,4
duodenum,YPL039W,-0.6329,0.5251,4
duodenum,YPL040C,-0.2265,0.2543,4
duodenum,YPL041C,-0.1193,0.1,4
duodenum,YPL042C,0.6164,0.5802,4
duodenum,YPL043W,-3.54,0.9754,4
duodenum,YPL044C,-3.601,1.192,4
duodenum,YPL045W,0.0694,0.359,4
duodenum,YPL046C,-0.4488,0.2481,4
duodenum,YPL047W,-0.5265,0.4519,4
duodenum,YPL048W,0.3325,0.1816,4
duodenum,YPL049C,-0.0055,0.1212,4
duodenum,YPL050C,-0.8628,0.3347,4
duodenum,YPL051W,-0.377,0.3574,4
duodenum,YPL052W,-0.1437,0.7658,4
duodenum,YPL053C,-0.0395,0.2149,4
duodenum,YPL054W,1.0122,0.523,4
duodenum,YPL055C,-0.016,0.3888,4
duodenum,YPL056C,-0.5248,0.9723,4
duodenum,YPL057C,0.5002,0.8652,4
duodenum,YPL058C,-0.5321,0.3096,4
duodenum,YPL059W,0.3762,0.2831,4
duodenum,YPL060W,0.5767,0.2218,4
duodenum,YPL061W,1.444,0.3695,4
duodenum,YPL062W,-0.2883,0.23,4
duodenum,YPL063W,-0.51,0.3326,4
duodenum,YPL064C,0.0095,0.299,4
duodenum,YPL065W,0.184,0.1356,4
duodenum,YPL066W,0.2208,0.1,4
duodenum,YPL067C,0.043,0.2623,4
duodenum,YPL068C,-1.0297,0.469,4
duodenum,YPL069C,-0.5448,0.229,4
duodenum,YPL070W,0.6655,0.138,4
duodenum,YPL071C,0.0815,0.3005,4
duodenum,YPL072W,0.0835,0.1462,4
duodenum,YPL073C,-0.2749,0.1,4
duodenum,YPL074W,-0.642,0.5346,4
duodenum,YPL075W,0.1466,0.1482,4
duodenum,YPL076W,-0.229,0.2158,4
duodenum,YPL077C,0.1318,0.1401,4
duodenum,YPL078C,0.4688,0.1304,4
duodenum,YPL079W,-2.427,1.4397,4
duodenum,YPL080C,-0.922,0.437,4
duodenum,YPL081W,-2.1362,1.5836,4
duodenum,YPL082C,-0.5394,0.4525,4
duodenum,YPL083C,-0.2647,0.1624,4
duodenum,YPL084W,0.6395,0.2026,4
duodenum,YPL085W,-0.4824,0.6457,4
duodenum,YPL086C,-2.093,0.7593,4
duodenum,YPL087W,1.5192,1.3751,4
duodenum,YPL088W,0.3143,0.219,4
duodenum,YPL089C,0.4566,0.4758,4
duodenum,YPL090C,-2.698,1.4065,4
duodenum,YPL091W,0.422,0.3131,4
duodenum,YPL092W,0.09,0.1872,4
duodenum,YPL093W,-2.6705,0.6539,4
duodenum,YPL094C,-1.0375,0.3714,4
duodenum,YPL095C,0.5637,0.283,4
duodenum,YPL096W,0.4325,0.1775,4
duodenum,YPL097W,0.5973,0.101,4
duodenum,YPL098C,0.3498,0.249,4
duodenum,YPL099C,0.4773,0.1391,4
duodenum,YPL100W,-0.3679,0.4052,4
duodenum,YPL101W,-0.8045,0.3884,4
duodenum,YPL102C,-0.785,0.1102,4
duodenum,YPL103C,0.2787,0.1448,4
duodenum,YPL104W,0.6068,0.204,4
duodenum,YPL105C,-0.55,0.2213,4
duodenum,YPL106C,1.3735,0.311,4
duodenum,YPL107W,0.363,0.3721,4
duodenum,YPL108W,-1.254,0.1899,4
duodenum,YPL109C,0.616,0.8462,4
duodenum,YPL110C,0.0398,0.7629,4
duodenum,YPL111W,0.8602,0.8191,4
duodenum,YPL112C,-0.4517,1.0144,4
duodenum,YPL113C,0.3103,0.6047,4
duodenum,YPL114W,0.2047,0.8151,4
duodenum,YPL115C,-0.519,0.2999,4
duodenum,YPL116W,0.3397,0.5305,4
duodenum,YPL117C,-1.1433,0.2075,4
duodenum,YPL118W,0.4505,0.3856,4
duodenum,YPL119C,0.5677,0.928,4
duodenum,YPL120W,0.594,0.5563,4
duodenum,YPL121C,-0.7075,0.4376,4
duodenum,YPL122C,-0.395,0.7704,4
duodenum,YPL123C,1.794,0.6096,4
duodenum,YPL124W,0.1253,0.4321,4
duodenum,YPL125W,-0.805,0.1593,4
duodenum,YPL126W,-3.0002,0.234,4
duodenum,YPL127C,-0.4815,0.1282,4
duodenum,YPL128C,-0.6795,0.5732,4
duodenum,YPL129W,-0.644,0.2142,4
duodenum,YPL130W,-0.1577,0.4401,4
duodenum,YPL131W,-2.3883,1.1384,4
duodenum,YPL132W,0.0175,0.43,4
duodenum,YPL133C,-0.0767,0.1,4
duodenum,YPL134C,0.7812,0.283,4
duodenum,YPL135W,1.101,0.4764,4
duodenum,YPL136W,0.5885,0.8323,4
duodenum,YPL137C,0.1204,0.3992,4
duodenum,YPL138C,0.115,0.2896,4
duodenum,YPL139C,0.5617,1.0402,4
duodenum,YPL140C,0.1432,0.1232,4
duodenum,YPL141C,-0.3395,0.2992,4
duodenum,YPL142C,-2.27,1.3249,4
duodenum,YPL143W,-2.3405,1.7869,4
duodenum,YPL144W,-0.9449,0.5415,4
duodenum,YPL145C,-0.2465,0.18,4
duodenum,YPL146C,-2.3163,0.9911,4
duodenum,YPL147W,0.2336,0.6495,4
duodenum,YPL148C,-0.074,1.036,4
duodenum,YPL149W,-0.4805,0.2101,4
duodenum,YPL150W,0.3109,0.1137,4
duodenum,YPL151C,-0.0355,0.1,4
duodenum,YPL152W,1.0522,0.3544,4
duodenum,YPL153C,-0.4235,0.1655,4
duodenum,YPL154C,1.8357,0.4427,4
duodenum,YPL155C,0.04,0.25,4
duodenum,YPL156C,-0.405,0.4453,4
duodenum,YPL157W,-0.9218,0.4159,4
duodenum,YPL158C,0.363,0.2073,4
duodenum,YPL159C,0.7428,0.1695,4
duodenum,YPL160W,-1.625,0.8085,4
duodenum,YPL161C,-0.486,0.365,4
duodenum,YPL162C,-0.1773,0.4065,4
duodenum,YPL163C,-2.3695,1.3426,4
duodenum,YPL164C,0.8943,0.5055,4
duodenum,YPL165C,1.922,0.5838,4
duodenum,YPL166W,2.094,0.7736,4
duodenum,YPL167C,0.003,0.8334,4
duodenum,YPL168W,0.3952,0.3142,4
duodenum,YPL169C,-0.01,0.1477,4
duodenum,YPL170W,0.2323,0.258,4
duodenum,YPL171C,-0.1671,0.5204,4
duodenum,YPL172C,0.1807,0.2395,4
duodenum,YPL173W,0.1225,0.4241,4
duodenum,YPL174C,-0.5033,0.7962,4
duodenum,YPL175W,-0.6723,0.2014,4
duodenum,YPL176C,0.6895,0.3058,4
duodenum,YPL177C,0.2447,0.6582,4
duodenum,YPL178W,-0.2907,0.4276,4
duodenum,YPL179W,-0.4865,0.3569,4
duodenum,YPL180W,-0.3322,0.2759,4
duodenum,YPL181W,-0.1202,0.3534,4
duodenum,YPL182C,-0.0203,0.1,4
duodenum,YPL183C,-1.9,0.7865,4
duodenum,YPL184C,-0.0563,0.2815,4
duodenum,YPL185W,0.9725,0.4237,4
duodenum,YPL186C,2.6503,0.3014,4
duodenum,YPL187W,-0.8255,1.0012,4
duodenum,YPL188W,0.4373,0.2077,4
duodenum,YPL189W,-0.3173,0.319,4
duodenum,YPL190C,0.3763,0.1635,4
duodenum,YPL191C,0.914,0.2142,4
duodenum,YPL192C,-0.3828,0.5779,4
duodenum,YPL193W,-0.6675,0.4399,4
duodenum,YPL194W,0.3378,0.2997,4
duodenum,YPL195W,0.31,0.1,4
duodenum,YPL196W,1.698,0.4084,4
duodenum,YPL197C,-1.541,0.8048,4
duodenum,YPL198W,-2.179,1.3966,4
duodenum,YPL199C,-0.897,0.3737,4
duodenum,YPL200W,-0.2017,0.1607,4
duodenum,YPL201C,-0.9247,0.5595,4
duodenum,YPL202C,0.013,0.2792,4
duodenum,YPL203W,1.8955,0.4608,4
duodenum,YPL204W,0.0983,0.5959,4
duodenum,YPL205C,-0.1103,0.3494,4
duodenum,YPL206C,1.0135,0.9948,4
duodenum,YPL207W,-2.6418,0.5715,4
duodenum,YPL208W,0.0125,0.8482,4
duodenum,YPL209C,-0.1535,0.704,4
duodenum,YPL210C,-0.9394,0.481,4
duodenum,YPL211W,-2.4832,0.4722,4
duodenum,YPL212C,-2.1418,0.7007,4
duodenum,YPL213W,-0.3565,0.6731,4
duodenum,YPL214C,0.4552,0.6139,4
duodenum,YPL215W,-0.0834,0.3098,4
duodenum,YPL216W,0.3195,1.0034,4
duodenum,YPL217C,-2.4192,0.1,4
duodenum,YPL218W,-0.0183,0.348,4
duodenum,YPL219W,0.395,0.6454,4
duodenum,YPL220W,-2.6633,1.1587,4
duodenum,YPL221W,0.312,0.4456,4
duodenum,YPL222W,0.7388,0.4908,4
duodenum,YPL223C,1.2468,0.5372,4
duodenum,YPL224C,0.8788,0.629,4
duodenum,YPL225W,0.472,0.382,4
duodenum,YPL226W,-2.895,1.0682,4
duodenum,YPL227C,-1.0377,0.4929,4
duodenum,YPL228W,0.274,0.2018,4
duodenum,YPL229W,0.4852,0.1162,4
duodenum,YPL230W,3.5747,0.7678,4
duodenum,YPL231W,-1.3234,0.3588,4
duodenum,YPL232W,0.3003,0.1919,4
duodenum,YPL233W,-0.756,0.2395,4
duodenum,YPL234C,-0.4293,0.3953,4
duodenum,YPL235W,-0.6371,0.488,4
duodenum,YPL236C,0.3453,0.2775,4
duodenum,YPL237W,-1.4708,0.8301,4
duodenum,YPL238C,-1.6583,0.7397,4
duodenum,YPL239W,-0.2953,0.3649,4
duodenum,YPL240C,2.9473,0.7223,4
duodenum,YPL241C,-0.9055,0.505,4
duodenum,YPL242C,-0.2502,0.2105,4
duodenum,YPL243W,-0.7372,0.4152,4
duodenum,YPL244C,-0.4502,0.209,4
duodenum,YPL245W,-1.4235,0.5679,4
duodenum,YPL246C,0.0077,0.1,4
duodenum,YPL247C,2.5041,0.7102,4
duodenum,YPL248C,0.0015,0.3105,4
duodenum,YPL249C,0.0554,0.4244,4
duodenum,YPL250C,1.3742,0.4946,4
duodenum,YPL251W,-1.212,0.9228,4
duodenum,YPL252C,-0.8233,0.9458,4
duodenum,YPL253C,-0.0938,0.2519,4
duodenum,YPL254W,-0.1447,0.2134,4
duodenum,YPL255W,-1.0085,0.3003,4
duodenum,YPL256C,-1.6535,1.1007,4
duodenum,YPL257W,0.1228,0.1713,4
duodenum,YPL258C,0.7025,0.119,4
duodenum,YPL259C,0.02,0.1211,4
duodenum,YPL260W,1.1972,0.1579,4
duodenum,YPL261C,0.122,0.1075,4
duodenum,YPL262W,0.9898,0.3743,4
duodenum,YPL263C,-1.5742,0.51,4
duodenum,YPL264C,0.9347,0.3249,4
duodenum,YPL265W,1.7067,0.707,4
duodenum,YPL266W,-2.7123,1.0228,4
duodenum,YPL267W,-1.007,0.2837,4
duodenum,YPL268W,-0.11,0.1732,4
duodenum,YPL269W,-0.5483,0.3423,4
duodenum,YPL270W,0.7582,0.1714,4
duodenum,YPL271W,0.8802,0.2048,4
duodenum,YPL272C,-0.2656,0.3425,4
duodenum,YPL273W,-1.9369,0.5547,4
duodenum,YPL274W,-0.5635,0.2426,4
duodenum,YPL275W,-0.3,0.7338,4
duodenum,YPL276W,0.1845,0.1239,4
duodenum,YPL277C,0.0602,0.1549,4
duodenum,YPL278C,-0.0305,0.1299,4
duodenum,YPL279C,-0.818,0.525,4
duodenum,YPL280W,0.392,0.2154,4
duodenum,YPL281C,0.2095,0.373,4
duodenum,YPL282C,0.3145,0.1859,4
duodenum,YPL283C,-0.0409,0.6651,4
duodenum,YPR001W,0.764,0.3765,4
duodenum,YPR002W,1.851,0.4884,4
duodenum,YPR003C,0.4852,1.2297,4
duodenum,YPR004C,0.4667,0.1433,4
duodenum,YPR005C,0.9467,0.3944,4
duodenum,YPR006C,0.9205,0.4661,4
duodenum,YPR007C,-0.0432,0.5425,4
duodenum,YPR008W,0.52,0.6634,4
duodenum,YPR009W,0.0328,0.1702,4
duodenum,YPR010C,-2.8543,0.5719,4
duodenum,YPR011C,0.5627,0.1787,4
duodenum,YPR012W,-0.9308,0.608,4
duodenum,YPR013C,0.0298,0.1452,4
duodenum,YPR014C,-0.6673,0.5212,4
duodenum,YPR015C,0.2262,0.212,4
duodenum,YPR016C,-1.844,0.6076,4
duodenum,YPR017C,-1.0328,0.1565,4
duodenum,YPR018W,-0.9702,0.9509,4
duodenum,YPR019W,0.0002,0.4005,4
duodenum,YPR020W,-0.2378,0.1394,4
duodenum,YPR021C,0.3172,0.5498,4
duodenum,YPR022C,-0.6942,0.3313,4
duodenum,YPR023C,0.3045,0.5551,4
duodenum,YPR024W,0.6202,0.6697,4
duodenum,YPR025C,0.314,0.4661,4
duodenum,YPR026W,2.3505,0.8587,4
duodenum,YPR027C,0.272,0.5289,4
duodenum,YPR028W,1.0745,0.8199,4
duodenum,YPR029C,0.292,0.4866,4
duodenum,YPR030W,0.8974,0.9203,4
duodenum,YPR031W,-0.6422,0.5502,4
duodenum,YPR032W,-0.0108,0.5426,4
duodenum,YPR033C,-1.323,0.3414,4
duodenum,YPR034W,-0.6965,0.2196,4
duodenum,YPR035W,0.342,0.4354,4
duodenum,YPR036W,-0.1025,0.415,4
duodenum,YPR037C,-0.305,0.329,4
duodenum,YPR038W,-0.8562,0.3138,4
duodenum,YPR039W,0.0875,1.2108,4
duodenum,YPR040W,-0.2047,0.3926,4
duodenum,YPR041W,-1.4231,0.7418,4
duodenum,YPR042C,-0.2259,0.5178,4
duodenum,YPR043W,-1.766,1.0112,4
duodenum,YPR044C,-1.7606,1.1726,4
duodenum,YPR045C,0.9347,0.2436,4
duodenum,YPR046W,0.0017,0.3116,4
duodenum,YPR047W,1.2005,0.2018,4
duodenum,YPR048W,-1.1843,0.4674,4
duodenum,YPR049C,0.0979,0.3257,4
duodenum,YPR050C,-0.6458,0.5619,4
duodenum,YPR051W,-0.3552,0.8204,4
duodenum,YPR052C,-1.1315,0.5619,4
duodenum,YPR053C,-0.581,0.3763,4
duodenum,YPR054W,0.729,0.1791,4
duodenum,YPR055W,0.304,0.1363,4
duodenum,YPR056W,-0.7225,0.4035,4
duodenum,YPR057W,-0.0648,0.1591,4
duodenum,YPR058W,-1.2957,0.3352,4
duodenum,YPR059C,-1.1977,0.4615,4
duodenum,YPR060C,-0.7777,0.675,4
duodenum,YPR061C,0.2102,0.937,4
duodenum,YPR062W,-0.4552,0.3749,4
duodenum,YPR063C,-0.3367,0.3702,4
duodenum,YPR064W,-0.8905,0.8271,4
duodenum,YPR065W,-0.2493,0.4185,4
duodenum,YPR066W,0.1688,0.2354,4
duodenum,YPR067W,0.2632,0.8453,4
duodenum,YPR068C,-0.4083,0.2805,4
duodenum,YPR069C,-0.3396,0.1836,4
duodenum,YPR070W,-0.402,0.4285,4
duodenum,YPR071W,-0.1258,0.3392,4
duodenum,YPR072W,-0.013,0.1393,4
duodenum,YPR073C,0.6447,0.1315,4
duodenum,YPR074C,-1.0355,0.3911,4
duodenum,YPR075C,0.6043,0.2355,4
duodenum,YPR076W,-0.2427,0.7498,4
duodenum,YPR077C,-0.1977,0.2322,4
duodenum,YPR078C,0.2255,0.6215,4
duodenum,YPR079W,1.2072,0.435,4
duodenum,YPR080W,-0.4305,0.4607,4
duodenum,YPR081C,1.0785,0.185,4
duodenum,YPR082C,-0.2888,0.1693,4
duodenum,YPR083W,-0.314,0.1,4
duodenum,YPR084W,0.1217,0.2059,4
duodenum,YPR085C,-0.1022,0.2108,4
duodenum,YPR086W,-0.532,0.1638,4
duodenum,YPR087W,-0.6355,0.2098,4
duodenum,YPR088C,-0.5583,0.4471,4
duodenum,YPR089W,-0.2045,0.3184,4
duodenum,YPR090W,0.0405,0.1669,4
duodenum,YPR091C,0.8153,0.1728,4
duodenum,YPR092W,0.108,0.2051,4
duodenum,YPR093C,1.0052,0.2369,4
duodenum,YPR094W,0.2167,0.1978,4
duodenum,YPR095C,0.1175,0.2099,4
duodenum,YPR096C,-0.403,0.116,4
duodenum,YPR097W,0.037,0.1,4
duodenum,YPR098C,1.173,0.2616,4
duodenum,YPR099C,0.4497,0.4487,4
duodenum,YPR100W,0.2945,0.4432,4
duodenum,YPR101W,-0.4065,0.5295,4
duodenum,YPR102C,-2.5933,1.5867,4
duodenum,YPR103W,0.7125,0.3276,4
duodenum,YPR104C,-0.7406,0.3154,4
duodenum,YPR105C,-0.4517,0.4213,4
duodenum,YPR106W,-0.138,0.1538,4
duodenum,YPR107C,0.607,0.22,4
duodenum,YPR108W,0.8415,0.1158,4
duodenum,YPR109W,0.2335,0.1358,4
duodenum,YPR110C,-2.7295,1.1726,4
duodenum,YPR111W,0.0235,0.1375,4
duodenum,YPR112C,-2.489,0.7151,4
duodenum,YPR113W,-0.2985,0.5172,4
duodenum,YPR114W,-0.5962,0.2379,4
duodenum,YPR115W,-0.2909,0.5699,4
duodenum,YPR116W,-0.6198,0.4939,4
duodenum,YPR117W,-0.9535,0.4553,4
duodenum,YPR118W,-1.587,0.1254,4
duodenum,YPR119W,-1.0078,0.5908,4
duodenum,YPR120C,-1.2672,0.5521,4
duodenum,YPR121W,-0.1697,0.3788,4
duodenum,YPR122W,0.4205,1.2141,4
duodenum,YPR123C,0.3488,0.5943,4
duodenum,YPR124W,0.5728,0.6922,4
duodenum,YPR125W,-0.6205,0.2933,4
duodenum,YPR126C,-0.818,0.2064,4
duodenum,YPR127W,1.2335,0.7425,4
duodenum,YPR128C,-0.1312,0.2673,4
duodenum,YPR129W,-0.3355,0.3368,4
duodenum,YPR130C,-0.4363,0.2703,4
duodenum,YPR131C,-0.1962,0.1973,4
duodenum,YPR132W,-2.0673,0.7464,4
duodenum,YPR133C,0.0787,1.4915,4
duodenum,YPR134W,-0.2155,0.1638,4
duodenum,YPR135W,-0.4357,0.723,4
duodenum,YPR136C,-1.9292,0.6248,4
duodenum,YPR137W,-1.7175,0.7315,4
duodenum,YPR138C,0.4008,0.1398,4
duodenum,YPR139C,-0.2413,0.4144,4
duodenum,YPR140W,0.7308,0.4579,4
duodenum,YPR141C,-0.3895,0.1981,4
duodenum,YPR142C,-2.514,0.8808,4
duodenum,YPR143W,-2.328,1.0591,4
duodenum,YPR144C,-3.2692,0.4184,4
duodenum,YPR145W,-0.5615,0.2779,4
duodenum,YPR146C,-0.3903,0.9718,4
duodenum,YPR147C,-0.0725,0.2914,4
duodenum,YPR148C,0.3155,0.3746,4
duodenum,YPR149W,2.224,0.4809,4
duodenum,YPR150W,1.4698,0.6274,4
duodenum,YPR151C,1.5112,0.5631,4
duodenum,YPR152C,-0.2746,0.1,4
duodenum,YPR153W,-0.1798,0.2901,4
duodenum,YPR154W,2.0555,0.759,4
duodenum,YPR155C,0.9293,0.2037,4
duodenum,YPR156C,-0.3382,0.2581,4
duodenum,YPR157W,0.2532,0.1,4
duodenum,YPR158W,1.9735,0.9329,4
duodenum,YPR159W,0.0932,0.2486,4
duodenum,YPR160W,2.0774,1.101,4
duodenum,YPR161C,0.0237,0.271,4
duodenum,YPR162C,-0.0278,0.1639,4
duodenum,YPR163C,-2.6872,1.2175,4
duodenum,YPR164W,-0.9828,1.2923,4
duodenum,YPR165W,0.4985,0.2294,4
duodenum,YPR166C,-0.1323,0.7585,4
duodenum,YPR167C,0.0585,0.3919,4
duodenum,YPR168W,0.3334,0.6483,4
duodenum,YPR169W,-0.76,0.3005,4
duodenum,YPR170C,-0.5755,0.3357,4
duodenum,YPR171W,0.2607,0.109,4
duodenum,YPR172W,1.4868,0.2472,4
duodenum,YPR173C,0.0938,0.1211,4
duodenum,YPR174C,-0.1557,0.2417,4
duodenum,YPR175W,-0.484,0.1465,4
duodenum,YPR176C,0.1437,0.1059,4
duodenum,YPR177C,0.152,0.3328,4
duodenum,YPR178W,0.432,0.1,4
duodenum,YPR179C,0.1903,0.2133,4
duodenum,YPR180W,0.5395,0.1222,4
duodenum,YPR181C,-0.0072,0.1193,4
duodenum,YPR182W,-0.2288,0.1476,4
duodenum,YPR183W,-0.042,0.2112,4
duodenum,YPR184W,3.8195,0.8153,4
duodenum,YPR185W,0.881,0.1651,4
duodenum,YPR186C,-0.5727,0.4036,4
duodenum,YPR187W,-1.4872,0.8762,4
duodenum,YPR188C,0.4728,0.1,4
duodenum,YPR189W,-0.6574,1.167,4
duodenum,YPR190C,-2.0165,0.7699,4
duodenum,YPR191W,1.833,0.2643,4
duodenum,YPR192W,0.6432,0.2358,4
duodenum,YPR193C,0.7292,0.2727,4
duodenum,YPR194C,0.3225,0.1483,4
duodenum,YPR195C,0.512,0.8967,4
duodenum,YPR196W,0.126,0.1435,4
duodenum,YPR197C,0.042,0.1823,4
duodenum,YPR198W,0.338,0.1,4
duodenum,YPR199C,0.5453,0.1949,4
duodenum,YPR200C,-0.2238,0.2697,4
duodenum,YPR201W,0.8407,0.5158,4
duodenum,YPR202W,-0.229,0.268,4
duodenum,YPR203W,-0.2622,0.3785,4
duodenum,YPR204W,0.402,0.1,4
ileum,YAL001C,0.1273,1.3607,6
ileum,YAL002W,0.6084,0.9836,6
ileum,YAL003W,-0.3327,0.648,6
ileum,YAL004W,0.3774,0.6759,6
ileum,YAL005C,0.4855,0.6003,6
ileum,YAL007C,0.3562,0.749,6
ileum,YAL008W,2.3642,3.4993,6
ileum,YAL009W,0.3501,0.6164,6
ileum,YAL010C,0.8882,0.5706,6
ileum,YAL011W,1.0925,1.3763,6
ileum,YAL012W,0.334,0.4079,6
ileum,YAL013W,0.199,0.25,6
ileum,YAL014C,-0.0903,1.0279,6
ileum,YAL015C,0.6386,0.5381,6
ileum,YAL016W,0.4627,0.748,6
ileum,YAL017W,0.2827,1.5015,6
ileum,YAL018C,1.0722,1.271,6
ileum,YAL019W,-0.6222,1.6338,6
ileum,YAL020C,0.6177,1.2487,6
ileum,YAL021C,0.3416,0.4147,6
ileum,YAL022C,0.4888,0.3709,6
ileum,YAL023C,0.0428,0.2685,6
ileum,YAL024C,0.19,0.4235,6
ileum,YAL025C,-0.363,0.25,6
ileum,YAL026C,0.0388,0.4248,6
ileum,YAL027W,-0.0937,0.9452,6
ileum,YAL028W,0.466,0.6824,6
ileum,YAL029C,-0.3943,1.3398,6
ileum,YAL030W,0.2795,0.2455,6
ileum,YAL031C,0.1918,0.3591,6
ileum,YAL032C,0.4788,1.4874,6
ileum,YAL033W,-0.0491,0.1593,6
ileum,YAL034C,0.208,0.2058,6
ileum,YAL034W-A,0.6088,0.7404,6
ileum,YAL035C-A,-0.4802,0.5885,6
ileum,YAL035W,-1.0907,2.6565,6
ileum,YAL036C,-0.6195,0.7565,6
ileum,YAL037W,0.3218,0.4997,6
ileum,YAL038W,-0.586,0.8064,6
ileum,YAL039C,0.2807,0.9274,6
ileum,YAL040C,-0.6563,1.4063,6
ileum,YAL041W,-0.0633,0.1997,6
ileum,YAL042W,-0.0122,0.2327,6
ileum,YAL043C,0.0778,0.4162,6
ileum,YAL043C-A,0.2548,0.3643,6
ileum,YAL044C,0.3756,0.8591,6
ileum,YAL045C,3.1355,6.4354,6
ileum,YAL046C,-1.678,0.25,6
ileum,YAL047C,2.0735,6.8441,6
ileum,YAL048C,0.0452,0.3056,6
ileum,YAL049C,0.4426,0.4695,6
ileum,YAL051W,0.2401,0.2911,6
ileum,YAL053W,-0.8849,2.523,6
ileum,YAL054C,0.194,0.2636,6
ileum,YAL055W,-0.0034,0.4665,6
ileum,YAL056W,0.0283,0.6995,6
ileum,YAL058C-A,-0.325,1.403,6
ileum,YAL058W,0.4708,0.4868,6
ileum,YAL059W,-0.3172,0.4881,6
ileum,YAL060W,0.7705,0.7322,6
ileum,YAL061W,-0.0294,0.381,6
ileum,YAL062W,0.0684,0.6433,6
ileum,YAL063C,-0.4704,1.22,6
ileum,YAL064C-A,0.0548,0.3833,6
ileum,YAL064W,0.0646,0.5075,6
ileum,YAL064W-B,0.027,0.5858,6
ileum,YAL065C,0.324,0.3607,6
ileum,YAL066W,0.194,0.3052,6
ileum,YAL067C,-0.0515,0.8075,6
ileum,YAL068C,-0.0758,0.3395,6
ileum,YAL069W,0.1154,0.496,6
ileum,YAR002C-A,0.0658,0.2524,6
ileum,YAR002W,-0.2248,0.3855,6
ileum,YAR003W,0.417,0.1475,6
ileum,YAR007C,0.322,0.3998,6
ileum,YAR008W,-0.0646,0.4952,6
ileum,YAR009C,-1.2933,3.8961,6
ileum,YAR010C,0.3987,0.1937,6
ileum,YAR014C,-0.1286,0.3005,6
ileum,YAR015W,-0.8628,1.9045,6
ileum,YAR018C,-0.1914,0.5529,6
ileum,YAR019C,0.0783,0.4074,6
ileum,YAR020C,-0.074,0.3281,6
ileum,YAR023C,0.1888,0.3219,6
ileum,YAR027W,0.3884,0.3299,6
ileum,YAR028W,0.5906,0.6288,6
ileum,YAR029W,-0.1558,0.4008,6
ileum,YAR030C,-0.3856,0.5543,6
ileum,YAR031W,0.2226,0.2661,6
ileum,YAR033W,0.177,0.2908,6
ileum,YAR035W,-0.6823,2.0315,6
ileum,YAR037W,-0.2596,0.354,6
ileum,YAR040C,0.1778,0.389,6
ileum,YAR042W,-0.3672,0.261,6
ileum,YAR043C,0.0544,0.1027,6
ileum,YAR044W,0.2803,0.1831,6
ileum,YAR047C,0.2352,0.3594,6
ileum,YAR050W,0.4746,0.8718,6
ileum,YAR052C,-0.1826,0.4883,6
ileum,YAR053W,-0.1048,0.1918,6
ileum,YAR060C,-0.3756,1.0174,6
ileum,YAR061W,0.1372,0.3819,6
ileum,YAR062W,0.8007,0.6369,6
ileum,YAR064W,0.4345,0.5169,6
ileum,YAR066W,-0.2073,1.1987,6
ileum,YAR068W,0.5093,0.294,6
ileum,YAR069C,0.673,0.7883,6
ileum,YAR070C,0.3927,0.419,6
ileum,YAR071W,-1.6498,1.6616,6
ileum,YAR073W,-0.1912,0.4583,6
ileum,YAR074C,-0.5142,0.4176,6
ileum,YAR075W,-0.5996,0.5014,6
ileum,YBL001C,0.7282,0.5386,6
ileum,YBL002W,-1.5477,1.9121,6
ileum,YBL003C,-0.6324,0.558,6
ileum,YBL004W,0.3078,0.26,6
ileum,YBL005W,-0.48,2.8704,6
ileum,YBL005W-A,-0.022,1.5691,6
ileum,YBL005W-B,-0.3078,2.1665,6
ileum,YBL006C,-0.4623,1.5026,6
ileum,YBL007C,-0.4574,2.0859,6
ileum,YBL008W,0.0148,0.802,6
ileum,YBL009W,-0.8685,1.1587,6
ileum,YBL010C,-0.8777,2.1846,6
ileum,YBL011W,-0.1497,1.3876,6
ileum,YBL012C,-0.9392,2.9001,6
ileum,YBL013W,0.508,0.4779,6
ileum,YBL015W,0.1485,0.9842,6
ileum,YBL016W,-0.0985,1.5385,6
ileum,YBL017C,0.5237,0.7311,6
ileum,YBL018C,-0.3933,0.4306,6
ileum,YBL019W,-0.5892,1.2118,6
ileum,YBL020W,-0.5803,0.6415,6
ileum,YBL021C,0.0843,1.1635,6
ileum,YBL022C,0.2375,1.1762,6
ileum,YBL023C,-0.2692,1.0383,6
ileum,YBL024W,-1.0087,0.7306,6
ileum,YBL025W,-0.0802,0.29,6
ileum,YBL026W,-0.1225,3.4825,6
ileum,YBL027W,-1.068,1.2382,6
ileum,YBL028C,-0.8265,0.5771,6
ileum,YBL029W,-0.4783,0.8442,6
ileum,YBL030C,0.1805,0.4067,6
ileum,YBL031W,-0.7192,0.814,6
ileum,YBL032W,0.363,1.6647,6
ileum,YBL033C,1.1125,0.9552,6
ileum,YBL034C,0.2601,0.2885,6
ileum,YBL035C,-0.4018,0.48,6
ileum,YBL036C,0.2928,0.3081,6
ileum,YBL037W,-0.0392,1.1363,6
ileum,YBL038W,0.6435,0.6704,6
ileum,YBL039C,-1.8202,1.3362,6
ileum,YBL040C,0.204,0.3237,6
ileum,YBL041W,0.3164,0.2538,6
ileum,YBL042C,-1.1623,1.2183,6
ileum,YBL043W,0.3382,0.5541,6
ileum,YBL044W,-0.8698,1.2367,6
ileum,YBL045C,-0.1528,0.6321,6
ileum,YBL046W,-0.3676,0.8498,6
ileum,YBL047C,0.093,1.3464,6
ileum,YBL048W,0.3962,0.3658,6
ileum,YBL049W,0.264,0.5293,6
ileum,YBL050W,0.3648,0.3251,6
ileum,YBL051C,0.0226,0.4719,6
ileum,YBL052C,-0.1903,0.1933,6
ileum,YBL053W,-0.265,0.6008,6
ileum,YBL054W,-1.2292,1.3106,6
ileum,YBL055C,0.2162,0.5306,6
ileum,YBL056W,0.4148,0.4751,6
ileum,YBL057C,-0.55,1.0069,6
ileum,YBL058W,0.455,0.3873,6
ileum,YBL059W,0.033,0.8049,6
ileum,YBL060W,0.3898,0.2052,6
ileum,YBL061C,-0.452,0.589,6
ileum,YBL062W,-0.1582,0.2751,6
ileum,YBL063W,-0.0684,0.5586,6
ileum,YBL064C,3.4284,0.4772,6
ileum,YBL065W,0.1082,0.2654,6
ileum,YBL066C,-0.3189,0.9491,6
ileum,YBL067C,-0.054,0.4391,6
ileum,YBL068W,-0.8618,0.5327,6
ileum,YBL069W,-0.4632,1.3677,6
ileum,YBL070C,-0.2078,0.3863,6
ileum,YBL071C,-0.6726,0.9258,6
ileum,YBL072C,-1.004,0.5383,6
ileum,YBL073W,0.1692,0.3669,6
ileum,YBL074C,-0.2588,0.4704,6
ileum,YBL075C,0.5498,1.0728,6
ileum,YBL076C,-0.333,0.3005,6
ileum,YBL077W,-0.2766,0.3633,6
ileum,YBL078C,0.992,0.5744,6
ileum,YBL079W,0.3525,0.7661,6
ileum,YBL080C,-0.175,0.4337,6
ileum,YBL081W,-0.5548,0.4644,6
ileum,YBL082C,-0.4044,0.3146,6
ileum,YBL083C,-0.3932,0.3561,6
ileum,YBL084C,-0.0622,0.3108,6
ileum,YBL085W,0.2568,0.1596,6
ileum,YBL086C,0.005,0.3388,6
ileum,YBL087C,-0.3034,0.4864,6
ileum,YBL088C,0.4443,0.9618,6
ileum,YBL089W,0.3596,0.2443,6
ileum,YBL090W,0.5638,0.4218,6
ileum,YBL091C,0.1605,1.4073,6
ileum,YBL092W,-1.1857,1.1903,6
ileum,YBL093C,-0.0336,0.5672,6
ileum,YBL094C,0.229,0.982,6
ileum,YBL095W,-0.0272,0.1773,6
ileum,YBL096C,0.0955,0.8188,6
ileum,YBL097W,0.2238,0.2569,6
ileum,YBL098W,0.5492,0.5784,6
ileum,YBL099W,0.6838,0.242,6
ileum,YBL100C,1.0116,0.3428,6
ileum,YBL101C,0.6803,0.5747,6
ileum,YBL101W-A,0.654,0.2297,6
ileum,YBL101W-B,-0.165,1.6291,6
ileum,YBL102W,0.6864,0.4567,6
ileum,YBL103C,0.098,0.5848,6
ileum,YBL104C,-0.5818,1.9938,6
ileum,YBL105C,0.1818,0.4431,6
ileum,YBL106C,0.1628,0.2215,6
ileum,YBL107C,0.225,0.8995,6
ileum,YBL108W,2.0125,1.3965,6
ileum,YBL109W,0.3112,0.3563,6
ileum,YBL110C,-0.1238,0.3704,6
ileum,YBL111C,0.2503,0.2411,6
ileum,YBL112C,-0.0133,0.2434,6
ileum,YBL113C,-0.2385,1.3056,6
ileum,YBR001C,0.9577,0.4204,6
ileum,YBR002C,-0.624,1.2244,6
ileum,YBR003W,1.798,0.997,6
ileum,YBR004C,-0.317,0.774,6
ileum,YBR005W,0.6063,1.1279,6
ileum,YBR006W,1.3285,0.7747,6
ileum,YBR007C,0.5614,0.6106,6
ileum,YBR008C,2.2797,2.0018,6
ileum,YBR009C,-0.6862,0.4172,6
ileum,YBR010W,-1.1745,0.7286,6
ileum,YBR011C,0.1213,0.7191,6
ileum,YBR012C,0.6458,0.4813,6
ileum,YBR012W-A,0.364,0.6568,6
ileum,YBR012W-B,-0.1258,1.2647,6
ileum,YBR013C,0.5862,0.2732,6
ileum,YBR014C,0.6257,0.7967,6
ileum,YBR015C,0.0517,0.2404,6
ileum,YBR016W,0.136,0.8823,6
ileum,YBR017C,0.276,0.7034,6
ileum,YBR018C,0.7914,0.4561,6
ileum,YBR019C,0.3623,0.6047,6
ileum,YBR020W,-0.022,0.7962,6
ileum,YBR021W,-0.7104,1.8534,6
ileum,YBR022W,0.5008,0.4295,6
ileum,YBR023C,-0.2194,0.6058,6
ileum,YBR024W,0.32,0.4284,6
ileum,YBR025C,-0.644,0.4027,6
ileum,YBR026C,0.9556,0.545,6
ileum,YBR027C,-0.2177,0.5677,6
ileum,YBR028C,-0.311,0.4794,6
ileum,YBR029C,-0.2638,0.5469,6
ileum,YBR030W,-0.3006,0.4928,6
ileum,YBR031W,-0.5674,0.4408,6
ileum,YBR032W,-0.0488,0.4472,6
ileum,YBR033W,0.3809,0.8018,6
ileum,YBR034C,-1.6518,1.8127,6
ileum,YBR035C,0.706,0.254,6
ileum,YBR036C,-0.8016,2.2969,6
ileum,YBR037C,0.227,0.2829,6
ileum,YBR038W,-0.1449,0.5357,6
ileum,YBR039W,-0.2993,1.0991,6
ileum,YBR040W,-0.4067,1.1535,6
ileum,YBR041W,0.3893,0.1542,6
ileum,YBR042C,-0.001,0.3337,6
ileum,YBR043C,0.2244,0.1238,6
ileum,YBR044C,0.1674,0.4878,6
ileum,YBR045C,0.747,1.0907,6
ileum,YBR046C,1.5732,1.0544,6
ileum,YBR047W,2.1636,1.3947,6
ileum,YBR048W,-0.6673,0.4048,6
ileum,YBR049C,-0.388,0.193,6
ileum,YBR050C,0.8448,1.2663,6
ileum,YBR051W,-0.455,1.3434,6
ileum,YBR052C,1.3146,0.8773,6
ileum,YBR053C,1.2474,0.9014,6
ileum,YBR054W,0.6126,0.517,6
ileum,YBR055C,0.0246,0.2649,6
ileum,YBR056W,1.3374,0.5664,6
ileum,YBR057C,-0.3042,0.1589,6
ileum,YBR058C,-0.7883,1.9484,6
ileum,YBR059C,-0.0882,0.3354,6
ileum,YBR060C,-0.5156,0.2767,6
ileum,YBR061C,-0.7428,0.6079,6
ileum,YBR062C,0.9662,0.6896,6
ileum,YBR063C,0.0688,0.3297,6
ileum,YBR064W,-0.1455,0.4575,6
ileum,YBR065C,-0.0713,0.3687,6
ileum,YBR066C,0.6044,0.3968,6
ileum,YBR067C,-0.3743,0.697,6
ileum,YBR068C,0.8532,0.5756,6
ileum,YBR069C,-0.4695,0.3856,6
ileum,YBR070C,0.8255,0.7029,6
ileum,YBR071W,0.5996,1.1248,6
ileum,YBR072W,1.6766,0.8553,6
ileum,YBR073W,0.3713,0.32,6
ileum,YBR074W,-0.4127,1.0368,6
ileum,YBR075W,0.111,0.1722,6
ileum,YBR076W,0.3618,0.277,6
ileum,YBR077C,4.0247,3.7778,6
ileum,YBR078W,-0.7027,1.3767,6
ileum,YBR079C,-0.1552,0.3849,6
ileum,YBR080C,0.2575,0.9547,6
ileum,YBR081C,0.4576,0.2446,6
ileum,YBR082C,0.243,0.6534,6
ileum,YBR083W,-0.1853,0.2375,6
ileum,YBR084C-A,-0.7558,1.0463,6
ileum,YBR084W,-0.4252,0.379,6
ileum,YBR085W,-0.7678,1.4326,6
ileum,YBR086C,-0.7984,2.9435,6
ileum,YBR087W,-0.3865,1.584,6
ileum,YBR088C,0.989,1.0844,6
ileum,YBR089C-A,-0.6717,1.9261,6
ileum,YBR089W,-0.413,0.49,6
ileum,YBR090C,0.0405,0.1313,6
ileum,YBR091C,-0.4072,0.7598,6
ileum,YBR092C,-1.0987,1.4301,6
ileum,YBR093C,-0.9964,1.2887,6
ileum,YBR094W,0.0893,0.2102,6
ileum,YBR095C,-0.5035,0.3779,6
ileum,YBR096W,0.5222,0.5482,6
ileum,YBR097W,0.2396,0.4123,6
ileum,YBR098W,0.5779,0.5556,6
ileum,YBR099C,-1.0,0.25,6
ileum,YBR100W,0.0222,0.8487,6
ileum,YBR101C,0.4345,0.536,6
ileum,YBR102C,0.2293,0.5777,6
ileum,YBR103W,0.2792,0.5155,6
ileum,YBR104W,-0.7218,1.4779,6
ileum,YBR105C,0.541,0.5284,6
ileum,YBR106W,-0.1205,0.3029,6
ileum,YBR107C,0.2072,0.469,6
ileum,YBR108W,1.5222,1.7427,6
ileum,YBR109C,0.7878,0.4561,6
ileum,YBR110W,-0.63,0.25,6
ileum,YBR111C,0.263,0.25,6
ileum,YBR112C,-0.0288,0.3525,6
ileum,YBR113W,-0.008,0.3623,6
ileum,YBR114W,0.8186,0.4587,6
ileum,YBR115C,0.4896,0.4916,6
ileum,YBR116C,-0.083,0.633,6
ileum,YBR117C,-0.1087,0.309,6
ileum,YBR118W,-0.3732,0.4875,6
ileum,YBR119W,0.4002,0.3269,6
ileum,YBR120C,0.673,0.382,6
ileum,YBR121C,-0.5468,0.2885,6
ileum,YBR122C,2.115,0.25,6
ileum,YBR123C,0.0764,0.8319,6
ileum,YBR124W,-0.1842,0.9845,6
ileum,YBR125C,0.2117,0.3328,6
ileum,YBR126C,1.6837,1.088,6
ileum,YBR127C,-0.001,0.1818,6
ileum,YBR128C,0.6172,0.434,6
ileum,YBR130C,0.4548,0.4713,6
ileum,YBR131W,0.138,0.25,6
ileum,YBR132C,0.1033,2.02,6
ileum,YBR135W,0.0,0.25,6
ileum,YBR136W,0.4432,1.086,6
ileum,YBR137W,0.5262,0.3108,6
ileum,YBR138C,-0.0813,0.3926,6
ileum,YBR139W,0.9817,1.1311,6
ileum,YBR140C,0.3646,0.4441,6
ileum,YBR141C,1.248,0.25,6
ileum,YBR142W,-0.3877,1.3997,6
ileum,YBR143C,-1.2655,0.3755,6
ileum,YBR144C,-0.6983,1.7597,6
ileum,YBR145W,0.058,0.25,6
ileum,YBR146W,1.6455,1.9156,6
ileum,YBR148W,0.0958,0.4684,6
ileum,YBR149W,1.0264,0.5482,6
ileum,YBR150C,0.506,0.5766,6
ileum,YBR154C,-0.763,1.294,6
ileum,YBR156C,0.0683,0.5509,6
ileum,YBR158W,1.8827,1.8378,6
ileum,YBR159W,2.585,0.25,6
ileum,YBR160W,-0.107,1.3267,6
ileum,YBR161W,-0.1678,0.495,6
ileum,YBR162C,-0.9192,1.7144,6
ileum,YBR162W-A,-0.3468,1.3903,6
ileum,YBR163W,-0.2777,1.5026,6
ileum,YBR164C,-0.6035,2.3547,6
ileum,YBR165W,-0.0583,1.5236,6
ileum,YBR166C,0.2038,0.9696,6
ileum,YBR167C,0.5068,0.4739,6
ileum,YBR168W,2.0983,0.7629,6
ileum,YBR169C,0.775,0.25,6
ileum,YBR170C,1.7073,1.34,6
ileum,YBR171W,-0.0183,1.4003,6
ileum,YBR172C,-1.0817,1.6349,6
ileum,YBR173C,-0.2992,1.449,6
ileum,YBR174C,0.3235,0.3858,6
ileum,YBR175W,0.1272,0.2437,6
ileum,YBR176W,0.3985,0.3082,6
ileum,YBR177C,0.6175,0.2302,6
ileum,YBR178W,1.308,1.1169,6
ileum,YBR179C,0.4275,0.4398,6
ileum,YBR180W,3.9797,0.7012,6
ileum,YBR181C,1.4853,3.964,6
ileum,YBR182C,3.795,3.9527,6
ileum,YBR183W,0.688,0.4812,6
ileum,YBR184W,0.3172,1.4301,6
ileum,YBR185C,0.3265,0.6712,6
ileum,YBR186W,-0.2585,1.7595,6
ileum,YBR187W,-1.3133,1.7593,6
ileum,YBR188C,0.3073,0.887,6
ileum,YBR189W,-1.4163,1.8473,6
ileum,YBR190W,0.5712,1.3804,6
ileum,YBR191W,-1.1387,1.0668,6
ileum,YBR192W,0.5893,0.33,6
ileum,YBR193C,-0.218,1.3784,6
ileum,YBR194W,-0.907,0.25,6
ileum,YBR195C,0.4058,1.0902,6
ileum,YBR196C,-0.1797,0.4557,6
ileum,YBR197C,0.6125,0.9928,6
ileum,YBR198C,0.2093,0.5755,6
ileum,YBR199W,0.3223,0.3742,6
ileum,YBR200W,0.3473,0.3668,6
ileum,YBR201W,0.57,0.6599,6
ileum,YBR202W,-0.0027,0.2794,6
ileum,YBR203W,1.0958,0.6876,6
ileum,YBR204C,0.9725,0.538,6
ileum,YBR205W,-0.6258,1.4462,6
ileum,YBR207W,0.3854,0.1553,6
ileum,YBR208C,0.1243,1.055,6
ileum,YBR209W,0.0793,0.3072,6
ileum,YBR210W,0.3887,0.262,6
ileum,YBR211C,0.1294,0.2242,6
ileum,YBR212W,0.6232,0.3627,6
ileum,YBR213W,-0.402,0.4817,6
ileum,YBR214W,0.8574,0.412,6
ileum,YBR215W,0.0008,0.3382,6
ileum,YBR216C,0.5454,0.212,6
ileum,YBR217W,0.2252,0.3786,6
ileum,YBR218C,0.1385,0.2135,6
ileum,YBR219C,-0.5198,0.8835,6
ileum,YBR220C,-0.1832,0.433,6
ileum,YBR221C,0.3576,0.1721,6
ileum,YBR222C,0.0928,0.7727,6
ileum,YBR223C,-0.0656,1.4968,6
ileum,YBR224W,0.468,0.4778,6
ileum,YBR225W,0.164,0.6622,6
ileum,YBR226C,1.0691,1.4445,6
ileum,YBR227C,0.0731,0.4133,6
ileum,YBR228W,0.0268,0.3065,6
ileum,YBR229C,0.3284,0.3142,6
ileum,YBR230C,1.7513,0.5605,6
ileum,YBR231C,0.0228,0.2145,6
ileum,YBR232C,0.1002,0.715,6
ileum,YBR233W,0.1132,0.2631,6
ileum,YBR234C,-0.0612,0.3178,6
ileum,YBR235W,-0.0452,0.3987,6
ileum,YBR236C,-0.1218,0.2292,6
ileum,YBR237W,-0.0552,0.2939,6
ileum,YBR238C,-1.5928,1.0965,6
ileum,YBR239C,-0.23,0.5553,6
ileum,YBR240C,0.1487,0.4377,6
ileum,YBR241C,0.3136,0.4823,6
ileum,YBR242W,-0.5776,0.3379,6
ileum,YBR243C,0.2436,0.2238,6
ileum,YBR244W,3.1454,0.8331,6
ileum,YBR245C,0.4209,0.2503,6
ileum,YBR246W,-0.0292,0.4715,6
ileum,YBR247C,-1.6956,1.2667,6
ileum,YBR248C,-0.151,0.3566,6
ileum,YBR249C,-0.09,0.2014,6
ileum,YBR250W,0.0752,0.3254,6
ileum,YBR251W,-0.9802,2.1939,6
ileum,YBR252W,-0.5532,0.1978,6
ileum,YBR253W,-0.1536,0.1,6
ileum,YBR254C,-0.1487,3.1732,6
ileum,YBR255W,0.336,1.2655,6
ileum,YBR256C,0.8002,1.7906,6
ileum,YBR257W,0.6248,1.1761,6
ileum,YBR258C,0.1307,0.2644,6
ileum,YBR259W,0.2043,0.9903,6
ileum,YBR260C,0.378,0.3329,6
ileum,YBR261C,0.0216,0.2929,6
ileum,YBR262C,0.3158,0.4812,6
ileum,YBR263W,-0.7168,2.0939,6
ileum,YBR264C,-0.3552,0.3986,6
ileum,YBR265W,-0.1545,0.6591,6
ileum,YBR266C,-0.9003,0.9213,6
ileum,YBR267W,-0.2752,1.0567,6
ileum,YBR268W,0.537,0.9144,6
ileum,YBR269C,1.502,1.7498,6
ileum,YBR270C,0.5315,0.5894,6
ileum,YBR271W,-0.8043,0.6754,6
ileum,YBR272C,0.463,0.5844,6
ileum,YBR273C,0.0637,0.8117,6
ileum,YBR274W,0.0633,0.5841,6
ileum,YBR275C,0.4609,1.0341,6
ileum,YBR276C,0.285,0.2436,6
ileum,YBR277C,0.0228,0.3721,6
ileum,YBR278W,0.4345,3.4549,6
ileum,YBR279W,-0.7378,1.3696,6
ileum,YBR280C,1.013,0.9097,6
ileum,YBR281C,-0.7142,1.6244,6
ileum,YBR282W,0.4485,0.4213,6
ileum,YBR283C,-0.6627,1.3725,6
ileum,YBR284W,1.253,0.9935,6
ileum,YBR285W,0.2757,0.5646,6
ileum,YBR286W,-0.4367,1.5985,6
ileum,YBR286W-100,-0.1633,0.2846,6
ileum,YBR286W-1000,-1.0403,2.3528,6
ileum,YBR286W-1050,-0.55,1.6787,6
ileum,YBR286W-1100,0.1537,0.7136,6
ileum,YBR286W-1150,0.77,1.1374,6
ileum,YBR286W-1200,0.1394,0.5829,6
ileum,YBR286W-1250,-0.1362,0.3253,6
ileum,YBR286W-1300,-0.2954,0.2402,6
ileum,YBR286W-1350,-0.1546,0.2581,6
ileum,YBR286W-1400,-0.3216,0.2888,6
ileum,YBR286W-1450,0.0144,0.3934,6
ileum,YBR286W-150,0.056,0.3405,6
ileum,YBR286W-1500,-0.305,0.3381,6
ileum,YBR286W-1550,-0.0914,0.3594,6
ileum,YBR286W-1600,-0.1846,0.2203,6
ileum,YBR286W-1650,-0.1104,0.207,6
ileum,YBR286W-200,-0.0186,0.4912,6
ileum,YBR286W-250,-0.0524,0.3245,6
ileum,YBR286W-300,0.1494,0.403,6
ileum,YBR286W-350,-0.1464,0.4997,6
ileum,YBR286W-400,-0.0066,0.4299,6
ileum,YBR286W-450,0.1914,0.348,6
ileum,YBR286W-50,0.008,0.4404,6
ileum,YBR286W-500,0.1282,0.4614,6
ileum,YBR286W-550,0.193,0.2218,6
ileum,YBR286W-600,0.0746,0.4378,6
ileum,YBR286W-650,0.2854,0.2649,6
ileum,YBR286W-700,0.046,0.4597,6
ileum,YBR286W-750,0.893,0.25,6
ileum,YBR286W-800,-0.0966,0.3298,6
ileum,YBR286W-900,-0.112,0.2746,6
ileum,YBR286W-FULL,-0.322,0.25,6
ileum,YBR287W,0.0992,0.7322,6
ileum,YBR288C,-0.0577,0.5028,6
ileum,YBR289W,-0.8808,2.3391,6
ileum,YBR290W,0.8928,0.5317,6
ileum,YBR291C,-0.071,1.2905,6
ileum,YBR292C,0.8767,1.3618,6
ileum,YBR293W,0.5983,0.3278,6
ileum,YBR294W,1.1102,1.1772,6
ileum,YBR295W,0.9745,1.1597,6
ileum,YBR296C,-0.757,1.3165,6
ileum,YBR297W,0.9123,1.0661,6
ileum,YBR298C,1.1305,1.1301,6
ileum,YBR299W,0.6901,1.2798,6
ileum,YBR300C,0.4435,0.5245,6
ileum,YBR301W,0.5363,0.5333,6
ileum,YBR302C,0.1185,1.3734,6
ileum,YCL001W,0.3228,0.4401,6
ileum,YCL002C,-0.0198,0.326,6
ileum,YCL003W,-0.0722,0.3742,6
ileum,YCL004W,0.1244,0.6983,6
ileum,YCL005W,-0.1874,0.4569,6
ileum,YCL006C,-0.293,0.4596,6
ileum,YCL007C,-0.1818,0.4204,6
ileum,YCL008C,0.0304,0.6813,6
ileum,YCL009C,0.4044,0.3149,6
ileum,YCL010C,-0.2618,0.5786,6
ileum,YCL011C,-0.0438,0.3166,6
ileum,YCL012W,-0.6644,1.2747,6
ileum,YCL013W,0.0154,0.5622,6
ileum,YCL014W,-0.49,0.7212,6
ileum,YCL016C,1.848,0.25,6
ileum,YCL017C,0.301,0.1698,6
ileum,YCL018W,0.7052,0.5218,6
ileum,YCL019W,0.3066,0.3942,6
ileum,YCL020W,0.2982,0.4143,6
ileum,YCL021W,-0.0953,1.3,6
ileum,YCL022C,0.0266,0.4392,6
ileum,YCL023C,-0.4246,0.8311,6
ileum,YCL024W,-0.2724,0.7043,6
ileum,YCL025C,0.3408,0.2658,6
ileum,YCL026C,0.475,0.6588,6
ileum,YCL026C-A,1.7277,1.6243,6
ileum,YCL027W,-0.0232,0.3406,6
ileum,YCL028W,-0.0634,0.3937,6
ileum,YCL029C,-0.4499,0.2477,6
ileum,YCL030C,0.3216,0.5824,6
ileum,YCL031C,-0.6601,0.1536,6
ileum,YCL032W,0.0558,0.6917,6
ileum,YCL033C,-0.0868,0.4261,6
ileum,YCL034W,0.0478,0.4373,6
ileum,YCL035C,0.6292,0.6747,6
ileum,YCL036W,-0.2132,0.3783,6
ileum,YCL037C,-1.0644,0.8813,6
ileum,YCL038C,0.7124,0.9633,6
ileum,YCL039W,0.1004,0.311,6
ileum,YCL040W,2.0396,1.2091,6
ileum,YCL041C,0.1914,0.401,6
ileum,YCL042W,1.5048,0.4693,6
ileum,YCL043C,-0.0,0.3256,6
ileum,YCL044C,0.911,1.2327,6
ileum,YCL045C,0.0102,0.1693,6
ileum,YCL046W,-0.1708,0.4701,6
ileum,YCL047C,0.0726,0.2831,6
ileum,YCL048W,-0.1677,0.399,6
ileum,YCL049C,0.0504,0.6092,6
ileum,YCL050C,-0.0692,0.8949,6
ileum,YCL051W,0.1956,0.1954,6
ileum,YCL052C,0.1765,1.3446,6
ileum,YCL053C,-1.4483,0.971,6
ileum,YCL054W,-1.352,1.6612,6
ileum,YCL055W,0.1403,0.3342,6
ileum,YCL056C,0.2893,1.1228,6
ileum,YCL057W,0.2943,1.722,6
ileum,YCL058C,-0.2703,0.8876,6
ileum,YCL059C,-1.5925,1.1925,6
ileum,YCL060C,0.3488,0.3224,6
ileum,YCL061C,0.1015,0.7328,6
ileum,YCL062W,-0.3012,0.3462,6
ileum,YCL063W,-0.5158,0.8962,6
ileum,YCL064C,-1.1058,1.0865,6
ileum,YCL065W,0.2045,0.3861,6
ileum,YCL066W,-0.03,0.1636,6
ileum,YCL067C,0.406,0.8429,6
ileum,YCL068C,0.7548,1.1281,6
ileum,YCL069W,0.5322,0.4734,6
ileum,YCL073C,0.6215,2.7768,6
ileum,YCL074W,0.9402,1.8683,6
ileum,YCL075W,1.404,2.3246,6
ileum,YCL076W,1.184,2.2046,6
ileum,YCR001W,0.7578,0.2633,6
ileum,YCR002C,-0.0845,1.6904,6
ileum,YCR003W,0.0522,1.4002,6
ileum,YCR004C,0.2862,1.6911,6
ileum,YCR005C,0.7903,0.469,6
ileum,YCR006C,0.956,1.1385,6
ileum,YCR007C,1.1132,0.6813,6
ileum,YCR008W,-0.4773,1.2828,6
ileum,YCR009C,0.6443,0.9395,6
ileum,YCR010C,0.3575,0.4937,6
ileum,YCR011C,0.122,1.5532,6
ileum,YCR012W,-0.0793,0.7414,6
ileum,YCR013C,0.0492,0.3493,6
ileum,YCR014C,-0.0252,0.4,6
ileum,YCR015C,0.3862,0.3173,6
ileum,YCR016W,-0.7542,0.7478,6
ileum,YCR017C,0.0645,0.7101,6
ileum,YCR018C,0.0882,0.5754,6
ileum,YCR019W,0.2952,0.1642,6
ileum,YCR020C,0.2261,0.3502,6
ileum,YCR020C-A,0.077,0.3608,6
ileum,YCR021C,0.828,0.5535,6
ileum,YCR022C,-0.1046,0.4628,6
ileum,YCR023C,0.2956,0.3355,6
ileum,YCR024C,0.5186,0.6125,6
ileum,YCR024C-A,-0.5575,0.8886,6
ileum,YCR025C,-0.5464,1.2326,6
ileum,YCR026C,0.1477,0.3235,6
ileum,YCR027C,-0.1694,0.9537,6
ileum,YCR028C,0.4918,1.0767,6
ileum,YCR029C,0.5518,0.4086,6
ileum,YCR029C-A,0.2285,0.1721,6
ileum,YCR030C,0.3958,0.3145,6
ileum,YCR031C,-0.5948,0.3582,6
ileum,YCR032W,0.1948,0.2095,6
ileum,YCR033W,0.0196,0.2684,6
ileum,YCR034W,-0.8482,0.598,6
ileum,YCR035C,-0.566,0.1593,6
ileum,YCR036W,0.537,0.3368,6
ileum,YCR037C,-0.5624,0.4336,6
ileum,YCR038C,0.0814,0.381,6
ileum,YCR039C,0.0636,0.2931,6
ileum,YCR040W,-0.5162,1.0783,6
ileum,YCR041W,-0.2858,0.3278,6
ileum,YCR042C,-0.12,0.2413,6
ileum,YCR043C,-0.538,0.2421,6
ileum,YCR044C,-0.1648,0.2865,6
ileum,YCR045C,-0.3351,0.3454,6
ileum,YCR046C,-0.7016,0.5419,6
ileum,YCR047C,-0.377,0.3895,6
ileum,YCR048W,-0.2346,0.2708,6
ileum,YCR049C,-0.5154,0.469,6
ileum,YCR050C,-0.3368,0.6014,6
ileum,YCR051W,-0.8378,0.6344,6
ileum,YCR052W,-0.173,0.3127,6
ileum,YCR053W,-0.2938,0.2754,6
ileum,YCR054C,0.2654,0.5348,6
ileum,YCR055C,-1.1554,0.8351,6
ileum,YCR056W,-0.4282,0.728,6
ileum,YCR057C,-0.843,0.5955,6
ileum,YCR058C,0.7783,1.3246,6
ileum,YCR059C,0.095,0.82,6
ileum,YCR060W,0.7102,0.8371,6
ileum,YCR061W,1.4832,1.4406,6
ileum,YCR062W,1.342,0.5842,6
ileum,YCR063W,0.2213,0.6965,6
ileum,YCR064C,0.5997,0.8052,6
ileum,YCR065W,-0.102,0.2288,6
ileum,YCR066W,0.7762,1.0866,6
ileum,YCR067C,0.0216,1.2949,6
ileum,YCR068W,0.6228,0.3728,6
ileum,YCR069W,-0.1582,1.2443,6
ileum,YCR070W,0.2812,0.3088,6
ileum,YCR071C,0.6785,0.4408,6
ileum,YCR072C,-0.8973,0.751,6
ileum,YCR073C,-0.062,0.692,6
ileum,YCR073W-A,0.1194,0.5082,6
ileum,YCR074C,-0.6559,1.7326,6
ileum,YCR075C,0.127,0.432,6
ileum,YCR076C,0.519,1.2751,6
ileum,YCR077C,0.423,0.4977,6
ileum,YCR079W,0.5255,1.8229,6
ileum,YCR080W,0.7137,1.0163,6
ileum,YCR081W,0.6243,0.3119,6
ileum,YCR082W,0.349,1.3573,6
ileum,YCR083W,0.3448,0.3268,6
ileum,YCR084C,-0.1528,0.5367,6
ileum,YCR085W,-0.3263,0.2223,6
ileum,YCR086W,0.01,0.7797,6
ileum,YCR087W,-0.6012,0.4615,6
ileum,YCR088W,0.7865,1.5328,6
ileum,YCR089W,0.0118,0.1771,6
ileum,YCR090C,0.3958,0.4112,6
ileum,YCR091W,0.5527,0.7999,6
ileum,YCR092C,0.3927,0.4166,6
ileum,YCR093W,0.0589,0.2046,6
ileum,YCR094W,0.0825,0.2336,6
ileum,YCR095C,0.2284,0.3685,6
ileum,YCR096C,0.4848,0.5413,6
ileum,YCR097W,0.6372,0.515,6
ileum,YCR097W-A,0.49,0.4749,6
ileum,YCR098C,0.7692,0.8222,6
ileum,YCR099C,0.691,0.8732,6
ileum,YCR100C,0.8702,1.5485,6
ileum,YCR101C,0.663,0.7935,6
ileum,YCR102C,1.8128,1.5724,6
ileum,YCR103C,0.6312,0.7927,6
ileum,YCR104W,-0.924,2.9967,6
ileum,YCR105W,0.2348,0.2991,6
ileum,YCR106W,0.9246,0.4803,6
ileum,YCR107W,1.0862,0.3859,6
ileum,YDL002C,-0.3132,0.2991,6
ileum,YDL003W,-0.373,0.2809,6
ileum,YDL004W,-0.0714,0.2968,6
ileum,YDL005C,-0.2442,0.2928,6
ileum,YDL006W,-0.0462,0.2426,6
ileum,YDL007W,0.5326,0.5643,6
ileum,YDL008W,-0.1468,0.4835,6
ileum,YDL009C,0.4754,0.4134,6
ileum,YDL010W,0.0948,0.2495,6
ileum,YDL011C,-0.0982,0.2389,6
ileum,YDL012C,-0.1668,0.268,6
ileum,YDL013W,-0.7512,0.7976,6
ileum,YDL014W,0.551,1.2982,6
ileum,YDL015C,0.0272,0.1,6
ileum,YDL017W,0.55,0.1077,6
ileum,YDL018C,0.7282,0.667,6
ileum,YDL019C,0.4845,0.3193,6
ileum,YDL020C,0.6245,0.4363,6
ileum,YDL021W,1.4354,1.3221,6
ileum,YDL022W,0.905,0.3813,6
ileum,YDL023C,1.0355,0.3497,6
ileum,YDL024C,0.439,2.2076,6
ileum,YDL025C,1.461,0.6248,6
ileum,YDL026W,0.2408,2.1902,6
ileum,YDL027C,1.0008,0.8898,6
ileum,YDL028C,0.0382,0.9209,6
ileum,YDL029W,0.4927,1.2672,6
ileum,YDL030W,0.1937,0.6306,6
ileum,YDL031W,-0.0656,0.5155,6
ileum,YDL032W,0.0468,0.9299,6
ileum,YDL033C,0.906,1.5971,6
ileum,YDL034W,0.1208,1.0311,6
ileum,YDL035C,0.2644,0.2151,6
ileum,YDL036C,-0.2578,0.9057,6
ileum,YDL037C,-0.9414,1.1228,6
ileum,YDL038C,-1.3626,2.6131,6
ileum,YDL039C,-0.8903,1.199,6
ileum,YDL041W,0.507,1.2471,6
ileum,YDL042C,-0.2278,0.4015,6
ileum,YDL043C,-0.0298,0.5932,6
ileum,YDL044C,0.7277,1.0949,6
ileum,YDL045C,0.6353,0.5987,6
ileum,YDL045W-A,0.8567,0.5869,6
ileum,YDL046W,-0.059,1.6265,6
ileum,YDL047W,-0.1912,0.4097,6
ileum,YDL048C,0.098,0.9466,6
ileum,YDL049C,0.8492,1.0432,6
ileum,YDL050C,-1.8612,3.1296,6
ileum,YDL051W,-0.8648,0.6497,6
ileum,YDL052C,-0.0728,0.5087,6
ileum,YDL053C,0.1827,0.2467,6
ileum,YDL054C,0.0023,0.4945,6
ileum,YDL055C,-1.0173,1.3347,6
ileum,YDL056W,0.266,0.2996,6
ileum,YDL057W,0.5073,0.4703,6
ileum,YDL058W,-0.2362,0.195,6
ileum,YDL059C,0.62,0.7761,6
ileum,YDL060W,-0.3005,0.4371,6
ileum,YDL061C,-0.751,0.9768,6
ileum,YDL062W,-0.8427,1.3069,6
ileum,YDL063C,-0.9633,1.3602,6
ileum,YDL064W,-0.0942,0.6298,6
ileum,YDL065C,0.8627,1.8509,6
ileum,YDL066W,0.8852,0.4586,6
ileum,YDL067C,0.0923,0.3807,6
ileum,YDL068W,0.4905,0.5181,6
ileum,YDL069C,0.5207,0.9069,6
ileum,YDL070W,0.1122,0.4309,6
ileum,YDL071C,0.3843,0.9059,6
ileum,YDL072C,0.536,0.6049,6
ileum,YDL073W,0.0383,1.1373,6
ileum,YDL074C,-0.2034,0.4013,6
ileum,YDL075W,-0.906,0.6923,6
ileum,YDL076C,0.0228,0.287,6
ileum,YDL077C,0.2204,0.3527,6
ileum,YDL078C,-0.0518,0.5542,6
ileum,YDL079C,0.824,0.6885,6
ileum,YDL080C,-0.1756,0.3919,6
ileum,YDL081C,-0.5034,0.5979,6
ileum,YDL082W,-0.4908,0.5605,6
ileum,YDL083C,-0.5644,0.6459,6
ileum,YDL084W,-0.1262,0.3861,6
ileum,YDL085W,-0.0422,1.025,6
ileum,YDL086W,0.0666,0.4548,6
ileum,YDL087C,-0.0188,0.6442,6
ileum,YDL088C,0.2968,0.4206,6
ileum,YDL089W,0.325,0.6738,6
ileum,YDL090C,-0.5074,1.5294,6
ileum,YDL091C,0.2506,0.3082,6
ileum,YDL092W,-0.0408,0.3932,6
ileum,YDL093W,0.052,0.3473,6
ileum,YDL094C,-0.1004,0.3143,6
ileum,YDL095W,0.0435,0.2947,6
ileum,YDL096C,-0.2064,0.5498,6
ileum,YDL097C,0.5607,0.2377,6
ileum,YDL098C,-0.1418,0.323,6
ileum,YDL099W,0.2524,0.4415,6
ileum,YDL100C,0.3282,0.3716,6
ileum,YDL101C,0.5258,0.3984,6
ileum,YDL102W,-0.0646,0.4151,6
ileum,YDL103C,0.1976,0.1921,6
ileum,YDL104C,-0.1622,0.3094,6
ileum,YDL105W,-0.3854,0.4646,6
ileum,YDL106C,-0.1292,0.3178,6
ileum,YDL107W,0.6484,0.3494,6
ileum,YDL108W,-0.1326,0.267,6
ileum,YDL109C,-0.4765,0.9254,6
ileum,YDL110C,0.887,0.315,6
ileum,YDL111C,-0.2341,0.2048,6
ileum,YDL112W,0.403,0.2979,6
ileum,YDL113C,-0.0668,0.1445,6
ileum,YDL114W,-0.387,0.8441,6
ileum,YDL115C,-0.0946,0.3238,6
ileum,YDL116W,-0.009,0.2627,6
ileum,YDL117W,-0.2592,0.2257,6
ileum,YDL118W,-0.2416,0.9374,6
ileum,YDL119C,0.234,0.3116,6
ileum,YDL120W,-0.0848,0.5322,6
ileum,YDL121C,0.016,0.2423,6
ileum,YDL122W,-0.0615,1.1225,6
ileum,YDL123W,0.2635,0.3193,6
ileum,YDL124W,2.7585,1.6912,6
ileum,YDL125C,0.4445,0.6453,6
ileum,YDL126C,0.3303,2.1234,6
ileum,YDL127W,0.1658,0.2243,6
ileum,YDL128W,-0.098,1.5086,6
ileum,YDL129W,0.4943,0.9293,6
ileum,YDL130W,1.1602,3.1898,6
ileum,YDL131W,1.153,1.6153,6
ileum,YDL132W,0.512,1.1677,6
ileum,YDL133W,0.0785,0.4195,6
ileum,YDL134C,-0.2637,1.2135,6
ileum,YDL134C-A,-1.0211,2.8344,6
ileum,YDL135C,-0.5525,2.0816,6
ileum,YDL136W,-0.9367,0.8108,6
ileum,YDL137W,0.0775,0.7483,6
ileum,YDL138W,0.3372,0.7645,6
ileum,YDL139C,0.3922,0.422,6
ileum,YDL140C,-0.0443,0.2572,6
ileum,YDL141W,0.2627,0.335,6
ileum,YDL142C,0.4997,0.3118,6
ileum,YDL143W,-0.0273,0.5886,6
ileum,YDL144C,0.684,1.0549,6
ileum,YDL145C,0.0518,0.1969,6
ileum,YDL146W,0.2628,0.78,6
ileum,YDL147W,0.7358,0.6795,6
ileum,YDL148C,-1.3428,0.8935,6
ileum,YDL149W,-0.071,0.6691,6
ileum,YDL150W,-1.3575,0.8097,6
ileum,YDL151C,-0.7783,0.8559,6
ileum,YDL152W,-1.1915,0.7459,6
ileum,YDL153C,-1.718,1.1947,6
ileum,YDL154W,0.3063,0.3857,6
ileum,YDL155W,-1.0293,1.2899,6
ileum,YDL156W,0.2107,0.4603,6
ileum,YDL157C,-0.1212,1.0683,6
ileum,YDL158C,-0.1985,0.5796,6
ileum,YDL159W,0.384,1.1843,6
ileum,YDL160C,0.256,0.3502,6
ileum,YDL161W,0.3862,0.2895,6
ileum,YDL162C,0.5945,1.4676,6
ileum,YDL163W,0.7255,0.8153,6
ileum,YDL164C,0.0095,0.3148,6
ileum,YDL165W,0.5398,0.7671,6
ileum,YDL166C,-0.5003,0.5335,6
ileum,YDL167C,-0.5465,0.3623,6
ileum,YDL168W,0.4673,0.7623,6
ileum,YDL169C,1.9488,2.5466,6
ileum,YDL170W,-0.0892,0.368,6
ileum,YDL171C,-0.5571,0.9622,6
ileum,YDL172C,0.0386,0.3584,6
ileum,YDL173W,-0.0578,0.4419,6
ileum,YDL174C,0.135,0.3681,6
ileum,YDL175C,-0.0978,0.7811,6
ileum,YDL176W,-0.1898,0.483,6
ileum,YDL177C,-0.0086,0.3371,6
ileum,YDL178W,0.3532,0.2861,6
ileum,YDL179W,-0.6104,0.6661,6
ileum,YDL180W,0.6929,0.4478,6
ileum,YDL181W,-0.533,1.1835,6
ileum,YDL182W,1.651,0.2749,6
ileum,YDL183C,0.6333,0.2759,6
ileum,YDL184C,-0.3343,0.4416,6
ileum,YDL185W,-0.0856,0.335,6
ileum,YDL186W,-0.0504,0.3594,6
ileum,YDL187C,-0.5372,0.5039,6
ileum,YDL188C,-0.3798,0.4837,6
ileum,YDL189W,-0.9576,0.8441,6
ileum,YDL190C,0.3666,0.2579,6
ileum,YDL191W,-0.646,0.5712,6
ileum,YDL192W,-0.1562,0.4403,6
ileum,YDL193W,0.1844,0.3474,6
ileum,YDL194W,-0.3872,0.8534,6
ileum,YDL195W,-0.3362,0.1585,6
ileum,YDL196W,0.0624,0.481,6
ileum,YDL197C,0.0005,0.2272,6
ileum,YDL198C,0.5646,0.4981,6
ileum,YDL199C,0.717,0.6075,6
ileum,YDL200C,0.1552,0.302,6
ileum,YDL201W,-0.93,0.4344,6
ileum,YDL202W,-0.0242,0.4405,6
ileum,YDL203C,-0.0089,0.1792,6
ileum,YDL204W,1.6258,0.6272,6
ileum,YDL205C,-0.461,0.2504,6
ileum,YDL206W,2.1193,1.3336,6
ileum,YDL207W,3.807,0.25,6
ileum,YDL208W,1.0245,2.1531,6
ileum,YDL209C,-1.093,0.25,6
ileum,YDL211C,1.101,1.7914,6
ileum,YDL212W,1.372,0.25,6
ileum,YDL213C,1.7367,1.2312,6
ileum,YDL214C,1.631,3.2425,6
ileum,YDL215C,1.268,0.7231,6
ileum,YDL216C,2.1103,0.8922,6
ileum,YDL218W,0.6735,0.5131,6
ileum,YDL219W,0.3722,0.3653,6
ileum,YDL220C,0.4663,0.4197,6
ileum,YDL221W,0.3788,1.2028,6
ileum,YDL222C,0.9743,0.6188,6
ileum,YDL223C,0.732,1.4157,6
ileum,YDL224C,0.1878,0.4421,6
ileum,YDL225W,0.12,0.3353,6
ileum,YDL226C,0.4235,0.4603,6
ileum,YDL227C,0.6211,0.8822,6
ileum,YDL228C,0.1912,0.6487,6
ileum,YDL229W,0.3612,0.8038,6
ileum,YDL230W,0.6148,0.8848,6
ileum,YDL231C,0.2885,0.4923,6
ileum,YDL232W,0.1479,0.5025,6
ileum,YDL233W,0.8532,1.4885,6
ileum,YDL234C,0.5667,0.7007,6
ileum,YDL235C,0.6573,0.5627,6
ileum,YDL236W,-0.213,1.2023,6
ileum,YDL237W,0.7283,0.5902,6
ileum,YDL238C,1.664,2.3325,6
ileum,YDL239C,0.8746,0.6617,6
ileum,YDL240W,0.9058,1.2059,6
ileum,YDL241W,0.539,0.4129,6
ileum,YDL242W,0.4635,0.599,6
ileum,YDL243C,1.6296,0.6616,6
ileum,YDL244W,1.0876,0.7355,6
ileum,YDL245C,0.4023,0.3696,6
ileum,YDL246C,1.0288,1.3505,6
ileum,YDL247W,-0.6458,1.0784,6
ileum,YDL248W,0.4836,0.5937,6
ileum,YDR001C,1.4847,0.4794,6
ileum,YDR002W,-0.5353,0.9863,6
ileum,YDR003W,1.0683,0.5883,6
ileum,YDR004W,0.3482,0.3602,6
ileum,YDR005C,0.1033,1.0886,6
ileum,YDR006C,0.8153,1.5101,6
ileum,YDR007W,0.5368,1.3997,6
ileum,YDR008C,0.9037,0.9463,6
ileum,YDR009W,0.9888,3.1547,6
ileum,YDR010C,0.6278,1.8059,6
ileum,YDR011W,1.3223,1.8412,6
ileum,YDR012W,-0.3713,0.5904,6
ileum,YDR013W,0.8887,1.0009,6
ileum,YDR014W,0.6618,0.9503,6
ileum,YDR015C,1.547,2.2333,6
ileum,YDR016C,0.6922,0.9626,6
ileum,YDR017C,0.2516,1.2564,6
ileum,YDR018C,0.8566,0.8554,6
ileum,YDR019C,0.777,0.9731,6
ileum,YDR020C,-0.1048,0.5685,6
ileum,YDR021W,-0.7664,0.8519,6
ileum,YDR022C,0.6568,0.4715,6
ileum,YDR023W,-0.1442,0.3458,6
ileum,YDR024W,-0.7052,0.5756,6
ileum,YDR025W,-0.5566,0.5884,6
ileum,YDR026C,-0.2242,0.5392,6
ileum,YDR027C,0.2222,0.6964,6
ileum,YDR028C,-0.1769,1.3864,6
ileum,YDR029W,0.7328,0.4059,6
ileum,YDR030C,0.1795,0.7609,6
ileum,YDR031W,1.1445,0.5242,6
ileum,YDR032C,1.1704,0.5508,6
ileum,YDR033W,-0.365,0.6333,6
ileum,YDR034C,0.4654,0.1776,6
ileum,YDR035W,0.6898,0.3349,6
ileum,YDR036C,0.74,0.2483,6
ileum,YDR037W,0.1666,0.2089,6
ileum,YDR038C,0.0855,0.5025,6
ileum,YDR039C,-0.1166,1.1295,6
ileum,YDR040C,0.2752,0.3254,6
ileum,YDR041W,-1.459,0.25,6
ileum,YDR042C,0.3792,0.4544,6
ileum,YDR043C,0.5136,0.6242,6
ileum,YDR044W,-0.6298,0.3089,6
ileum,YDR045C,-0.523,0.3561,6
ileum,YDR046C,-0.0616,0.4201,6
ileum,YDR047W,-0.3124,0.4196,6
ileum,YDR048C,0.0666,0.2617,6
ileum,YDR049W,-0.3876,0.2775,6
ileum,YDR050C,-0.374,0.2956,6
ileum,YDR051C,-0.184,0.2486,6
ileum,YDR052C,-0.2536,0.2767,6
ileum,YDR053W,-0.6926,0.7501,6
ileum,YDR054C,-0.123,0.2079,6
ileum,YDR055W,-0.088,0.5309,6
ileum,YDR056C,-0.1116,0.2807,6
ileum,YDR057W,0.27,0.2839,6
ileum,YDR058C,0.8214,0.7609,6
ileum,YDR059C,0.6362,0.7403,6
ileum,YDR060W,-0.7652,0.6195,6
ileum,YDR061W,0.1692,0.2569,6
ileum,YDR062W,-0.2124,0.2005,6
ileum,YDR063W,0.4388,0.4743,6
ileum,YDR064W,-0.6118,0.228,6
ileum,YDR065W,0.1382,0.2093,6
ileum,YDR066C,-0.0867,1.5124,6
ileum,YDR067C,0.7257,0.6589,6
ileum,YDR068W,0.0552,1.7013,6
ileum,YDR069C,1.1893,0.8742,6
ileum,YDR070C,1.5155,0.8091,6
ileum,YDR071C,0.5312,0.6287,6
ileum,YDR072C,0.1303,0.6357,6
ileum,YDR073W,0.3978,0.4414,6
ileum,YDR074W,1.2485,2.3122,6
ileum,YDR075W,-0.222,0.5838,6
ileum,YDR076W,0.274,0.6852,6
ileum,YDR077W,0.3818,1.25,6
ileum,YDR078C,0.5763,0.211,6
ileum,YDR079W,0.5382,1.1333,6
ileum,YDR080W,0.4749,0.412,6
ileum,YDR081C,-0.0165,0.3365,6
ileum,YDR082W,0.1197,0.185,6
ileum,YDR083W,-1.398,0.8957,6
ileum,YDR084C,-0.0946,0.3667,6
ileum,YDR085C,1.4528,0.9724,6
ileum,YDR086C,-0.0015,0.2009,6
ileum,YDR087C,-0.6562,0.3831,6
ileum,YDR088C,0.37,0.558,6
ileum,YDR089W,0.1215,0.5692,6
ileum,YDR090C,-0.0922,0.3892,6
ileum,YDR091C,-1.1423,0.73,6
ileum,YDR092W,0.6811,0.5886,6
ileum,YDR093W,0.4023,0.9245,6
ileum,YDR094W,0.8165,1.8065,6
ileum,YDR095C,0.1291,1.1895,6
ileum,YDR096W,1.1705,0.8065,6
ileum,YDR097C,-0.3433,0.5932,6
ileum,YDR098C,0.0885,0.4108,6
ileum,YDR099W,-0.0853,0.8995,6
ileum,YDR100W,0.5038,1.0508,6
ileum,YDR101C,-1.343,1.6042,6
ileum,YDR102C,1.1563,1.9235,6
ileum,YDR103W,0.5595,0.5783,6
ileum,YDR104C,0.6953,1.0673,6
ileum,YDR105C,0.2715,0.436,6
ileum,YDR106W,0.74,1.8222,6
ileum,YDR107C,0.7735,0.6662,6
ileum,YDR108W,0.3885,0.5971,6
ileum,YDR109C,0.5768,0.5119,6
ileum,YDR110W,0.154,0.9487,6
ileum,YDR111C,-0.144,0.6623,6
ileum,YDR112W,-0.081,0.9518,6
ileum,YDR113C,-0.1012,0.2346,6
ileum,YDR114C,0.0162,0.4834,6
ileum,YDR115W,0.256,0.3031,6
ileum,YDR116C,0.4982,0.3382,6
ileum,YDR117C,0.1194,0.3697,6
ileum,YDR118W,0.1786,0.2643,6
ileum,YDR119W,-0.3678,0.4236,6
ileum,YDR120C,-1.3076,1.2039,6
ileum,YDR121W,-0.24,0.4164,6
ileum,YDR122W,0.2746,0.4594,6
ileum,YDR123C,-0.3304,0.5708,6
ileum,YDR124W,0.2944,0.3035,6
ileum,YDR125C,0.4762,0.4326,6
ileum,YDR126W,0.1178,0.6167,6
ileum,YDR127W,0.6115,0.5869,6
ileum,YDR128W,0.0951,0.3563,6
ileum,YDR129C,0.5136,0.2681,6
ileum,YDR130C,-0.0874,0.4659,6
ileum,YDR131C,0.472,0.3287,6
ileum,YDR132C,2.7308,1.6861,6
ileum,YDR133C,-0.3104,0.2507,6
ileum,YDR134C,-0.2262,0.5932,6
ileum,YDR135C,0.2669,0.1443,6
ileum,YDR136C,0.1748,0.6479,6
ileum,YDR137W,0.1744,0.3086,6
ileum,YDR138W,0.082,0.2545,6
ileum,YDR139C,-0.1588,0.3523,6
ileum,YDR140W,0.2054,0.2529,6
ileum,YDR141C,-0.1194,0.299,6
ileum,YDR142C,0.1486,0.2796,6
ileum,YDR143C,-0.6526,0.5325,6
ileum,YDR144C,-0.5508,0.3371,6
ileum,YDR145W,-0.4754,0.2696,6
ileum,YDR146C,-0.889,0.6639,6
ileum,YDR147W,-0.7516,0.467,6
ileum,YDR148C,0.3536,0.4385,6
ileum,YDR149C,-0.6672,0.3181,6
ileum,YDR150W,0.0843,0.3916,6
ileum,YDR151C,0.1296,0.2084,6
ileum,YDR152W,-0.696,0.3743,6
ileum,YDR153C,-0.1946,0.4592,6
ileum,YDR154C,0.2994,0.5532,6
ileum,YDR155C,-0.1264,0.3254,6
ileum,YDR156W,-0.9958,1.377,6
ileum,YDR157W,-0.6832,0.4795,6
ileum,YDR158W,0.3334,0.4334,6
ileum,YDR159W,-0.031,0.265,6
ileum,YDR160W,0.8505,0.8973,6
ileum,YDR161W,0.4425,1.6157,6
ileum,YDR162C,0.204,0.5976,6
ileum,YDR163W,-0.3942,0.7848,6
ileum,YDR164C,0.2335,0.7041,6
ileum,YDR165W,-0.9795,1.2752,6
ileum,YDR166C,0.3023,0.5892,6
ileum,YDR167W,-0.8667,1.4224,6
ileum,YDR168W,0.1598,1.743,6
ileum,YDR169C,0.0955,1.2367,6
ileum,YDR170C,-0.2163,1.1874,6
ileum,YDR171W,2.0815,1.1823,6
ileum,YDR172W,-0.3883,1.1764,6
ileum,YDR173C,0.703,1.3209,6
ileum,YDR174W,-0.9072,2.7103,6
ileum,YDR175C,-0.1102,1.4833,6
ileum,YDR176W,0.0476,0.266,6
ileum,YDR177W,0.6034,0.2654,6
ileum,YDR178W,0.621,0.1642,6
ileum,YDR179C,-0.1803,0.4047,6
ileum,YDR179W-A,-0.393,0.3163,6
ileum,YDR180W,0.1764,0.2433,6
ileum,YDR181C,0.157,0.2706,6
ileum,YDR182W,0.5088,0.4219,6
ileum,YDR183W,-0.567,3.1695,6
ileum,YDR184C,-0.7787,1.0316,6
ileum,YDR186C,-0.5417,2.3988,6
ileum,YDR187C,0.7823,1.691,6
ileum,YDR188W,-0.1047,0.5558,6
ileum,YDR189W,0.1157,0.359,6
ileum,YDR190C,-0.4694,0.341,6
ileum,YDR191W,0.5583,1.1489,6
ileum,YDR192C,-0.521,1.1782,6
ileum,YDR193W,0.193,0.7488,6
ileum,YDR194C,0.2754,0.4502,6
ileum,YDR195W,-0.1938,0.5752,6
ileum,YDR196C,0.7076,0.4069,6
ileum,YDR197W,3.9137,4.5346,6
ileum,YDR198C,-0.0188,0.4803,6
ileum,YDR199W,0.1335,1.2435,6
ileum,YDR200C,0.3687,0.2717,6
ileum,YDR201W,-0.2938,1.0693,6
ileum,YDR202C,0.2948,1.7521,6
ileum,YDR203W,0.4015,1.0589,6
ileum,YDR204W,0.691,0.8428,6
ileum,YDR205W,-0.1122,0.993,6
ileum,YDR206W,-0.2465,0.2713,6
ileum,YDR207C,-0.2521,0.6742,6
ileum,YDR208W,-0.3018,0.444,6
ileum,YDR209C,-1.415,0.25,6
ileum,YDR210W,-0.3646,0.6281,6
ileum,YDR211W,-0.1764,0.3292,6
ileum,YDR212W,0.1876,0.1949,6
ileum,YDR213W,-0.3708,0.4311,6
ileum,YDR214W,-0.1688,0.3083,6
ileum,YDR215C,0.2026,0.4919,6
ileum,YDR216W,-0.7262,1.6878,6
ileum,YDR217C,-0.2066,0.5952,6
ileum,YDR218C,-0.2162,0.2808,6
ileum,YDR219C,0.226,0.3309,6
ileum,YDR220C,-0.0412,0.3674,6
ileum,YDR221W,0.155,0.4146,6
ileum,YDR222W,-0.1084,0.5597,6
ileum,YDR223W,0.6858,0.2521,6
ileum,YDR224C,-0.9532,0.7201,6
ileum,YDR225W,-1.2462,0.7566,6
ileum,YDR226W,-0.1186,0.6078,6
ileum,YDR227W,-0.018,0.1417,6
ileum,YDR228C,-0.0018,0.3083,6
ileum,YDR229W,0.0107,0.3588,6
ileum,YDR230W,0.15,0.7376,6
ileum,YDR231C,1.1433,1.8213,6
ileum,YDR232W,-0.6418,0.5915,6
ileum,YDR233C,1.147,0.25,6
ileum,YDR234W,-0.558,1.2623,6
ileum,YDR235W,0.3097,0.3655,6
ileum,YDR236C,0.1678,0.588,6
ileum,YDR237W,0.1027,0.9174,6
ileum,YDR238C,0.2103,0.2516,6
ileum,YDR239C,-0.3196,0.3764,6
ileum,YDR240C,0.039,0.1483,6
ileum,YDR241W,0.1326,0.2062,6
ileum,YDR242W,0.0256,1.2914,6
ileum,YDR243C,-0.2093,0.7565,6
ileum,YDR244W,0.0613,0.7008,6
ileum,YDR245W,-1.3892,2.5461,6
ileum,YDR246W,0.3142,0.478,6
ileum,YDR247W,-0.2754,1.0345,6
ileum,YDR248C,0.4564,0.7135,6
ileum,YDR249C,-0.1924,0.2724,6
ileum,YDR250C,-0.0336,0.3147,6
ileum,YDR251W,0.529,0.4368,6
ileum,YDR252W,-0.3536,0.62,6
ileum,YDR253C,0.0226,0.2043,6
ileum,YDR254W,0.6704,0.2954,6
ileum,YDR255C,0.8084,0.5375,6
ileum,YDR256C,0.6128,0.3124,6
ileum,YDR257C,0.0694,0.3753,6
ileum,YDR258C,0.9626,0.1,6
ileum,YDR259C,0.4798,0.4462,6
ileum,YDR260C,-0.3164,0.4213,6
ileum,YDR261C,-0.5078,0.2608,6
ileum,YDR262W,0.0056,0.3721,6
ileum,YDR263C,0.8324,0.3313,6
ileum,YDR264C,0.3039,0.2016,6
ileum,YDR265W,-0.0269,0.1765,6
ileum,YDR266C,-0.542,0.3564,6
ileum,YDR267C,-0.1048,0.5098,6
ileum,YDR268W,0.6378,0.6472,6
ileum,YDR269C,0.6128,0.9693,6
ileum,YDR270W,0.4038,1.2661,6
ileum,YDR271C,0.8685,0.477,6
ileum,YDR272W,0.5033,1.1073,6
ileum,YDR273W,0.5691,0.9625,6
ileum,YDR274C,0.2225,1.2357,6
ileum,YDR275W,-0.6705,1.4292,6
ileum,YDR276C,0.5502,0.5034,6
ileum,YDR277C,0.574,0.3798,6
ileum,YDR278C,0.2204,0.2831,6
ileum,YDR279W,0.241,0.2762,6
ileum,YDR280W,-0.4414,0.2364,6
ileum,YDR281C,3.767,4.1281,6
ileum,YDR282C,0.2542,0.2102,6
ileum,YDR283C,0.7722,1.5988,6
ileum,YDR284C,0.43,0.5643,6
ileum,YDR285W,1.0983,1.9515,6
ileum,YDR286C,0.484,0.9836,6
ileum,YDR287W,1.0022,0.9819,6
ileum,YDR288W,0.3798,0.3863,6
ileum,YDR289C,0.804,1.0281,6
ileum,YDR290W,0.3688,0.3392,6
ileum,YDR291W,0.3755,0.6579,6
ileum,YDR292C,-0.0662,0.2811,6
ileum,YDR293C,0.6098,0.2985,6
ileum,YDR294C,-0.247,2.0749,6
ileum,YDR295C,0.5666,2.1843,6
ileum,YDR296W,0.3253,0.2473,6
ileum,YDR297W,-0.9677,0.4386,6
ileum,YDR298C,-0.6492,1.363,6
ileum,YDR299W,-1.3605,1.0975,6
ileum,YDR300C,-0.9695,0.8121,6
ileum,YDR301W,-0.1103,0.9693,6
ileum,YDR302W,-0.8368,1.9335,6
ileum,YDR303C,0.0312,0.1616,6
ileum,YDR304C,-0.3007,1.7762,6
ileum,YDR305C,-0.0222,0.7096,6
ileum,YDR306C,0.5614,0.3007,6
ileum,YDR307W,0.3872,0.3602,6
ileum,YDR308C,0.3126,0.2823,6
ileum,YDR309C,-0.5616,0.5135,6
ileum,YDR310C,-0.1402,0.462,6
ileum,YDR311W,0.0772,0.2751,6
ileum,YDR312W,-0.7974,0.8578,6
ileum,YDR313C,0.1444,0.763,6
ileum,YDR314C,0.0562,0.4986,6
ileum,YDR315C,0.1612,0.4743,6
ileum,YDR316W,0.3786,0.4199,6
ileum,YDR317W,0.113,0.8043,6
ileum,YDR318W,0.2648,0.2522,6
ileum,YDR319C,0.4405,0.3136,6
ileum,YDR320C,0.361,0.2106,6
ileum,YDR321W,-0.6998,0.6406,6
ileum,YDR322W,0.6,0.2161,6
ileum,YDR323C,0.1322,0.3887,6
ileum,YDR324C,-1.0882,0.9665,6
ileum,YDR325W,-0.2092,0.5277,6
ileum,YDR326C,-0.047,0.3798,6
ileum,YDR327W,-0.6178,1.5291,6
ileum,YDR328C,0.3676,0.1655,6
ileum,YDR329C,0.4064,0.1919,6
ileum,YDR330W,0.574,0.5376,6
ileum,YDR331W,-0.3348,0.4101,6
ileum,YDR332W,0.088,0.2865,6
ileum,YDR333C,-0.2132,0.2089,6
ileum,YDR334W,0.1642,0.1558,6
ileum,YDR335W,0.0228,0.2519,6
ileum,YDR336W,0.1516,0.3186,6
ileum,YDR337W,-0.052,0.154,6
ileum,YDR338C,-0.1062,0.3106,6
ileum,YDR339C,-0.5322,0.1709,6
ileum,YDR340W,0.2312,0.3338,6
ileum,YDR341C,-0.5448,0.2302,6
ileum,YDR342C,0.169,0.7877,6
ileum,YDR343C,0.3574,0.6082,6
ileum,YDR344C,0.2536,0.6294,6
ileum,YDR345C,-0.7026,1.0187,6
ileum,YDR346C,-0.5136,0.3718,6
ileum,YDR347W,-0.0348,0.5463,6
ileum,YDR348C,-1.0855,2.3361,6
ileum,YDR349C,-0.27,0.4409,6
ileum,YDR350C,0.7736,0.7305,6
ileum,YDR351W,-0.2138,0.3592,6
ileum,YDR352W,0.0732,0.2895,6
ileum,YDR354W,-0.2143,1.209,6
ileum,YDR355C,-0.1147,0.3137,6
ileum,YDR356W,-0.6973,1.5589,6
ileum,YDR357C,0.3338,1.037,6
ileum,YDR358W,0.7987,1.4613,6
ileum,YDR359C,0.1039,0.6876,6
ileum,YDR360W,-0.0908,0.7868,6
ileum,YDR361C,-0.9443,0.6168,6
ileum,YDR362C,-0.1867,1.2561,6
ileum,YDR363W,-0.1385,0.6157,6
ileum,YDR364C,-0.0262,0.789,6
ileum,YDR365C,-1.6295,1.0959,6
ileum,YDR366C,-1.1532,3.7069,6
ileum,YDR367W,0.2365,0.8016,6
ileum,YDR368W,1.109,0.5201,6
ileum,YDR369C,-0.1627,2.4959,6
ileum,YDR370C,0.1132,0.3195,6
ileum,YDR371W,0.621,0.2072,6
ileum,YDR372C,0.543,0.3284,6
ileum,YDR373W,0.6597,0.6058,6
ileum,YDR374C,0.4942,0.4734,6
ileum,YDR375C,0.1597,1.1669,6
ileum,YDR376W,0.3342,0.1755,6
ileum,YDR377W,2.858,0.25,6
ileum,YDR378C,0.2988,0.3396,6
ileum,YDR379W,0.6072,0.4757,6
ileum,YDR380W,0.4964,0.3114,6
ileum,YDR381W,-0.2017,0.1754,6
ileum,YDR382W,-0.569,0.4477,6
ileum,YDR383C,-0.399,0.2532,6
ileum,YDR384C,-0.5766,0.2231,6
ileum,YDR385W,-0.626,0.446,6
ileum,YDR386W,0.3718,0.337,6
ileum,YDR387C,0.6578,0.3329,6
ileum,YDR388W,0.443,0.4592,6
ileum,YDR389W,0.79,1.4553,6
ileum,YDR390C,0.0632,0.2778,6
ileum,YDR391C,0.75,0.7298,6
ileum,YDR392W,0.4703,1.0596,6
ileum,YDR393W,-0.0203,0.9548,6
ileum,YDR394W,0.2808,1.1825,6
ileum,YDR395W,-0.5203,0.4255,6
ileum,YDR396W,-0.3605,0.1544,6
ileum,YDR397C,-0.4563,0.7431,6
ileum,YDR398W,-1.2582,0.5453,6
ileum,YDR399W,-0.6904,0.7545,6
ileum,YDR400W,-0.044,0.8695,6
ileum,YDR401W,1.7907,2.1047,6
ileum,YDR402C,0.127,0.4747,6
ileum,YDR403W,0.4654,0.8552,6
ileum,YDR404C,-0.0174,0.5523,6
ileum,YDR405W,-0.7236,1.9284,6
ileum,YDR406W,0.0817,0.425,6
ileum,YDR407C,0.2686,0.488,6
ileum,YDR408C,-0.1092,0.558,6
ileum,YDR409W,-0.0255,0.3074,6
ileum,YDR410C,0.2142,0.4815,6
ileum,YDR411C,-0.0784,0.4911,6
ileum,YDR412W,-0.9748,0.7956,6
ileum,YDR413C,-1.0314,0.8523,6
ileum,YDR414C,-1.4035,0.8436,6
ileum,YDR415C,0.2804,0.2214,6
ileum,YDR416W,-0.1804,0.4335,6
ileum,YDR417C,-0.6912,0.5616,6
ileum,YDR418W,2.28,0.25,6
ileum,YDR419W,0.0642,0.4848,6
ileum,YDR420W,0.1154,0.3709,6
ileum,YDR421W,0.4012,0.1989,6
ileum,YDR422C,0.0784,0.9088,6
ileum,YDR423C,1.4495,1.0435,6
ileum,YDR424C,1.0,0.25,6
ileum,YDR425W,2.807,0.25,6
ileum,YDR426C,0.8458,0.2825,6
ileum,YDR427W,0.4126,0.468,6
ileum,YDR428C,0.136,0.2148,6
ileum,YDR429C,-0.704,0.272,6
ileum,YDR430C,4.322,0.25,6
ileum,YDR431W,-0.3188,0.1648,6
ileum,YDR432W,-0.2404,0.3239,6
ileum,YDR433W,-0.4214,0.3981,6
ileum,YDR434W,-0.3213,1.1755,6
ileum,YDR435C,0.2238,0.3789,6
ileum,YDR436W,-0.737,2.364,6
ileum,YDR437W,-0.547,0.5944,6
ileum,YDR438W,-0.1273,0.2569,6
ileum,YDR439W,2.078,1.3039,6
ileum,YDR440W,-0.599,0.3873,6
ileum,YDR441C,-0.0152,0.4809,6
ileum,YDR442W,-1.2416,1.1768,6
ileum,YDR443C,-0.1378,0.3149,6
ileum,YDR444W,-0.6368,0.4084,6
ileum,YDR445C,-0.7986,0.37,6
ileum,YDR446W,-0.6378,0.4178,6
ileum,YDR447C,-2.138,0.25,6
ileum,YDR448W,-0.5052,0.45,6
ileum,YDR450W,-0.9745,2.0543,6
ileum,YDR451C,-0.3642,0.4768,6
ileum,YDR452W,1.0824,0.3732,6
ileum,YDR453C,3.2442,2.5429,6
ileum,YDR454C,-0.1556,0.3968,6
ileum,YDR455C,0.6288,0.7177,6
ileum,YDR456W,0.0763,1.8004,6
ileum,YDR457W,-0.0088,1.0368,6
ileum,YDR458C,0.0653,0.8844,6
ileum,YDR459C,0.3818,0.9687,6
ileum,YDR460W,0.3947,0.2854,6
ileum,YDR461W,0.4637,0.7249,6
ileum,YDR462W,0.378,0.2759,6
ileum,YDR463W,0.197,0.3988,6
ileum,YDR464W,-0.3217,0.2839,6
ileum,YDR465C,-0.6482,0.8479,6
ileum,YDR466W,-1.1093,2.8452,6
ileum,YDR467C,0.0897,0.5698,6
ileum,YDR468C,0.0838,0.2988,6
ileum,YDR469W,-0.5285,2.2822,6
ileum,YDR470C,0.3396,0.2029,6
ileum,YDR471W,-2.144,1.8662,6
ileum,YDR472W,0.38,0.3058,6
ileum,YDR473C,-2.428,2.9515,6
ileum,YDR474C,0.4844,0.3156,6
ileum,YDR475C,0.642,1.4549,6
ileum,YDR476C,0.1952,0.4936,6
ileum,YDR477W,0.3458,0.2849,6
ileum,YDR478W,-0.0916,0.1631,6
ileum,YDR479C,-0.1535,0.2362,6
ileum,YDR480W,0.2442,0.4273,6
ileum,YDR481C,-0.1813,0.1858,6
ileum,YDR482C,0.2455,1.1625,6
ileum,YDR483W,-0.1867,0.458,6
ileum,YDR484W,0.0794,1.8783,6
ileum,YDR486C,0.322,1.5729,6
ileum,YDR487C,1.1627,0.9534,6
ileum,YDR488C,-0.1244,0.188,6
ileum,YDR489W,0.2845,0.5115,6
ileum,YDR490C,0.2962,0.2744,6
ileum,YDR491C,-0.6785,0.7093,6
ileum,YDR492W,-0.8285,0.6187,6
ileum,YDR493W,0.043,0.9531,6
ileum,YDR494W,0.8247,0.5074,6
ileum,YDR495C,0.5297,0.4825,6
ileum,YDR496C,0.5072,3.9123,6
ileum,YDR498C,-0.3812,0.6181,6
ileum,YDR499W,0.3597,0.9067,6
ileum,YDR500C,-0.4958,0.6854,6
ileum,YDR501W,0.8628,0.5963,6
ileum,YDR502C,-0.329,0.7008,6
ileum,YDR503C,0.537,0.4185,6
ileum,YDR504C,0.5424,0.2875,6
ileum,YDR505C,0.3766,1.7337,6
ileum,YDR506C,0.2226,0.3057,6
ileum,YDR507C,2.322,0.25,6
ileum,YDR508C,1.222,0.25,6
ileum,YDR509W,-0.2048,0.3936,6
ileum,YDR510W,-0.272,0.5442,6
ileum,YDR511W,0.7972,0.2133,6
ileum,YDR512C,1.504,0.5487,6
ileum,YDR513W,2.9438,1.0127,6
ileum,YDR514C,0.3786,0.3663,6
ileum,YDR515W,1.427,0.4579,6
ileum,YDR516C,1.3688,0.5641,6
ileum,YDR517W,0.1012,0.3113,6
ileum,YDR518W,-0.0977,0.3642,6
ileum,YDR519W,0.585,0.25,6
ileum,YDR520C,-0.243,2.8355,6
ileum,YDR521W,0.2075,1.7077,6
ileum,YDR522C,-0.2222,0.3126,6
ileum,YDR523C,-1.111,0.9877,6
ileum,YDR524C,-0.2474,0.377,6
ileum,YDR525W,-0.3446,0.3269,6
ileum,YDR526C,-0.9284,0.9213,6
ileum,YDR527W,-0.8768,0.4796,6
ileum,YDR528W,-0.36,0.6723,6
ileum,YDR529C,-0.1488,0.2984,6
ileum,YDR530C,0.4397,0.7087,6
ileum,YDR531W,0.2634,0.3069,6
ileum,YDR532C,-0.6375,1.5549,6
ileum,YDR533C,-1.807,0.25,6
ileum,YDR534C,0.2722,0.5675,6
ileum,YDR535C,-0.408,0.7621,6
ileum,YDR536W,-0.032,1.187,6
ileum,YDR537C,-0.6804,0.4234,6
ileum,YDR538W,-0.2026,0.553,6
ileum,YDR539W,-0.1595,0.4976,6
ileum,YDR540C,0.0598,0.1717,6
ileum,YDR541C,-0.0472,0.3559,6
ileum,YDR542W,-0.0136,0.3056,6
ileum,YDR543C,-1.0985,0.1,6
ileum,YDR544C,1.3533,1.9619,6
ileum,YDR545W,0.4538,0.5388,6
ileum,YEL001C,0.0542,1.3895,6
ileum,YEL002C,0.4744,0.4955,6
ileum,YEL003W,-0.0902,1.5099,6
ileum,YEL004W,-0.4048,2.4587,6
ileum,YEL005C,0.9566,0.4408,6
ileum,YEL006W,0.5385,0.7614,6
ileum,YEL007W,-0.1147,1.0181,6
ileum,YEL008W,-0.2107,0.1834,6
ileum,YEL009C,-0.3688,1.5236,6
ileum,YEL010W,0.1458,0.7132,6
ileum,YEL011W,1.075,0.4221,6
ileum,YEL012W,1.2263,0.8362,6
ileum,YEL013W,-0.1248,2.0992,6
ileum,YEL014C,-0.2365,0.5531,6
ileum,YEL015W,0.1625,0.3113,6
ileum,YEL016C,0.039,0.3193,6
ileum,YEL017C-A,0.1382,0.2869,6
ileum,YEL017W,-0.0714,0.2042,6
ileum,YEL018W,-0.7358,2.1024,6
ileum,YEL019C,-0.5115,0.6131,6
ileum,YEL020C,0.3373,0.6326,6
ileum,YEL021W,-1.3697,1.0574,6
ileum,YEL022W,0.5273,0.7668,6
ileum,YEL023C,0.3327,0.3449,6
ileum,YEL024W,-0.2118,0.9652,6
ileum,YEL025C,0.6068,0.7693,6
ileum,YEL026W,-1.3628,1.1124,6
ileum,YEL027W,0.2828,0.5178,6
ileum,YEL028W,-0.0702,0.6409,6
ileum,YEL029C,0.4128,0.5101,6
ileum,YEL030W,-0.2876,1.0288,6
ileum,YEL031W,-0.0726,1.2718,6
ileum,YEL032W,-0.2411,0.4799,6
ileum,YEL033W,-0.6982,0.5586,6
ileum,YEL034W,-1.3552,1.3221,6
ileum,YEL035C,-0.0522,0.5001,6
ileum,YEL036C,0.0682,0.627,6
ileum,YEL037C,2.713,5.2671,6
ileum,YEL038W,1.166,1.4856,6
ileum,YEL039C,1.3362,0.2702,6
ileum,YEL040W,-1.0855,0.7764,6
ileum,YEL041W,1.1395,1.4957,6
ileum,YEL042W,-0.4783,0.4622,6
ileum,YEL043W,0.531,1.074,6
ileum,YEL044W,0.6025,1.4036,6
ileum,YEL045C,0.0,0.7516,6
ileum,YEL046C,0.2163,0.2664,6
ileum,YEL047C,0.4577,0.6791,6
ileum,YEL048C,-0.3566,0.5681,6
ileum,YEL050C,0.038,0.4891,6
ileum,YEL051W,1.0597,1.3852,6
ileum,YEL052W,0.304,0.4426,6
ileum,YEL053C,0.424,0.2277,6
ileum,YEL054C,-0.7124,0.7486,6
ileum,YEL055C,-0.7064,0.5904,6
ileum,YEL056W,-0.1758,0.3698,6
ileum,YEL057C,0.279,1.1305,6
ileum,YEL058W,-0.0146,0.3877,6
ileum,YEL059C-A,1.3783,0.8477,6
ileum,YEL059W,2.345,2.5032,6
ileum,YEL060C,0.6524,0.6047,6
ileum,YEL061C,-0.1586,0.5672,6
ileum,YEL062W,0.247,0.4842,6
ileum,YEL063C,0.2323,0.4332,6
ileum,YEL064C,0.492,0.6051,6
ileum,YEL065W,1.0276,0.7128,6
ileum,YEL066W,-0.0992,0.7458,6
ileum,YEL067C,0.1782,0.1971,6
ileum,YEL068C,-0.1092,0.5353,6
ileum,YEL069C,0.351,0.3444,6
ileum,YEL070W,0.5546,0.497,6
ileum,YEL071W,0.2234,0.3642,6
ileum,YEL072W,0.0224,0.2785,6
ileum,YEL073C,0.3652,0.5243,6
ileum,YEL074W,-0.134,0.4759,6
ileum,YEL075C,0.124,0.2414,6
ileum,YEL076C,-0.2244,0.6487,6
ileum,YEL076C-A,0.119,0.4325,6
ileum,YEL076W-C,0.3812,0.1684,6
ileum,YEL077C,-0.1294,0.4147,6
ileum,YER001W,-0.0418,0.386,6
ileum,YER002W,-0.6362,0.5117,6
ileum,YER003C,-0.2094,0.4772,6
ileum,YER004W,0.3718,0.2946,6
ileum,YER005W,-0.274,0.4907,6
ileum,YER006W,-1.4074,1.0289,6
ileum,YER007C-A,-0.3872,0.9433,6
ileum,YER007W,0.2568,0.5533,6
ileum,YER008C,-0.0559,0.1682,6
ileum,YER009W,-0.0118,0.3872,6
ileum,YER010C,-0.1542,0.381,6
ileum,YER011W,-0.415,0.4029,6
ileum,YER012W,0.7272,0.6195,6
ileum,YER013W,-0.0262,0.9062,6
ileum,YER014W,0.1878,0.4434,6
ileum,YER015W,0.4968,0.1368,6
ileum,YER016W,-0.338,0.2495,6
ileum,YER017C,0.6776,0.4814,6
ileum,YER018C,-0.2424,0.2552,6
ileum,YER019C-A,-0.4053,1.6551,6
ileum,YER019W,-0.1542,0.3114,6
ileum,YER020W,0.6508,0.6795,6
ileum,YER021W,-0.121,3.1544,6
ileum,YER022W,-0.2545,2.0885,6
ileum,YER023W,-1.159,3.0629,6
ileum,YER024W,0.6007,0.4897,6
ileum,YER025W,-0.2736,0.3708,6
ileum,YER026C,0.3097,0.7442,6
ileum,YER027C,0.0127,1.0795,6
ileum,YER028C,0.8675,1.0375,6
ileum,YER029C,-0.8392,1.6036,6
ileum,YER030W,0.2055,0.2114,6
ileum,YER031C,-0.3145,0.4712,6
ileum,YER032W,0.19,0.6485,6
ileum,YER033C,0.6715,0.561,6
ileum,YER034W,0.1758,0.4958,6
ileum,YER035W,0.7216,0.4492,6
ileum,YER036C,-0.9595,0.8574,6
ileum,YER037W,-0.1834,2.9348,6
ileum,YER038C,0.4057,1.2917,6
ileum,YER039C,0.513,0.6539,6
ileum,YER040W,0.0223,0.7184,6
ileum,YER041W,3.804,0.25,6
ileum,YER042W,0.0842,0.6787,6
ileum,YER043C,-1.5992,1.8903,6
ileum,YER044C,-0.0328,0.1568,6
ileum,YER044C-A,0.3578,0.1969,6
ileum,YER045C,0.5067,0.5273,6
ileum,YER046W,-0.0343,0.3931,6
ileum,YER047C,0.0557,0.2901,6
ileum,YER048C,-0.491,1.0765,6
ileum,YER049W,-0.6407,0.7396,6
ileum,YER050C,0.6943,0.3791,6
ileum,YER051W,0.293,0.4773,6
ileum,YER052C,0.6257,0.58,6
ileum,YER053C,1.7527,1.2799,6
ileum,YER054C,0.7655,0.6658,6
ileum,YER055C,-0.0952,0.549,6
ileum,YER056C,-1.242,0.9976,6
ileum,YER056C-A,-0.5166,0.3688,6
ileum,YER057C,0.3276,0.3049,6
ileum,YER058W,1.0993,0.5948,6
ileum,YER059W,0.8118,0.7782,6
ileum,YER060W,-0.0152,0.1171,6
ileum,YER060W-A,0.0918,0.3052,6
ileum,YER061C,0.166,0.3009,6
ileum,YER062C,-0.0978,1.0002,6
ileum,YER063W,1.5895,2.5502,6
ileum,YER064C,0.1704,0.3397,6
ileum,YER065C,-0.655,0.215,6
ileum,YER066C-A,1.4762,3.8088,6
ileum,YER066W,0.2416,0.2319,6
ileum,YER067W,2.6898,1.8152,6
ileum,YER068W,0.0434,0.3775,6
ileum,YER069W,0.6018,0.6003,6
ileum,YER070W,0.1324,0.5131,6
ileum,YER071C,0.8718,0.6663,6
ileum,YER072W,-0.3368,0.6521,6
ileum,YER073W,0.3443,0.8255,6
ileum,YER074W,-0.9446,0.7396,6
ileum,YER075C,0.2467,0.4685,6
ileum,YER076C,-0.618,1.112,6
ileum,YER077C,0.1856,0.285,6
ileum,YER078C,0.4362,0.165,6
ileum,YER079W,1.8444,0.6847,6
ileum,YER080W,0.6478,0.3581,6
ileum,YER081W,-0.618,2.2867,6
ileum,YER082C,-1.0482,0.8085,6
ileum,YER083C,0.1375,0.6379,6
ileum,YER084W,0.0024,0.3778,6
ileum,YER085C,0.2462,0.4343,6
ileum,YER086W,0.137,0.3342,6
ileum,YER087C-A,0.1434,0.3014,6
ileum,YER087W,0.1702,0.4283,6
ileum,YER088C,-0.4962,0.116,6
ileum,YER089C,-0.032,0.5118,6
ileum,YER090W,0.7498,0.6213,6
ileum,YER091C,-0.7444,1.0106,6
ileum,YER092W,-0.1384,0.3067,6
ileum,YER093C,-0.0333,0.3869,6
ileum,YER093C-A,0.411,0.4671,6
ileum,YER094C,0.1002,0.4296,6
ileum,YER095W,-0.1962,0.8463,6
ileum,YER096W,-0.6574,0.9061,6
ileum,YER097W,0.2234,0.5857,6
ileum,YER098W,0.277,0.5042,6
ileum,YER099C,-0.5058,0.4676,6
ileum,YER100W,-0.0006,0.2557,6
ileum,YER101C,-0.3118,2.1665,6
ileum,YER102W,-0.8598,0.5313,6
ileum,YER103W,1.329,1.4819,6
ileum,YER104W,-0.5936,0.4203,6
ileum,YER105C,-0.0576,0.5768,6
ileum,YER106W,-0.5224,0.5956,6
ileum,YER107C,-0.1954,0.4704,6
ileum,YER108C,-0.3618,0.2038,6
ileum,YER109C,-0.2302,0.1846,6
ileum,YER110C,-1.1634,0.917,6
ileum,YER111C,0.4945,0.2785,6
ileum,YER112W,0.189,0.9058,6
ileum,YER113C,0.0128,0.848,6
ileum,YER114C,-0.9455,1.3557,6
ileum,YER115C,0.188,0.7513,6
ileum,YER116C,0.1627,0.9077,6
ileum,YER117W,-1.0932,1.8869,6
ileum,YER118C,-0.8815,1.2345,6
ileum,YER119C,0.6032,0.7585,6
ileum,YER119C-A,-0.1094,0.3293,6
ileum,YER120W,-0.7542,1.1941,6
ileum,YER121W,0.3168,0.8902,6
ileum,YER122C,-1.0902,2.6807,6
ileum,YER123W,-0.208,1.5096,6
ileum,YER124C,-1.1183,2.6008,6
ileum,YER125W,0.124,1.3843,6
ileum,YER126C,-0.8748,1.3478,6
ileum,YER127W,-1.2072,0.9368,6
ileum,YER128W,0.0568,0.5992,6
ileum,YER129W,-0.5327,1.0004,6
ileum,YER130C,0.0575,1.013,6
ileum,YER131W,-1.1852,1.8092,6
ileum,YER132C,-0.0484,0.6894,6
ileum,YER133W,0.0928,1.1873,6
ileum,YER134C,0.1008,1.0114,6
ileum,YER135C,0.9935,1.1954,6
ileum,YER136W,0.3375,0.7567,6
ileum,YER137C,0.107,0.1655,6
ileum,YER138C,-0.2566,1.5681,6
ileum,YER139C,0.2195,0.9727,6
ileum,YER140W,-0.2107,0.5339,6
ileum,YER141W,0.8462,0.665,6
ileum,YER142C,1.7138,0.9143,6
ileum,YER143W,0.6448,1.2406,6
ileum,YER144C,0.483,0.8137,6
ileum,YER145C,-0.48,1.5704,6
ileum,YER146W,-0.2463,0.6469,6
ileum,YER147C,0.2907,0.9105,6
ileum,YER148W,-0.0707,0.6333,6
ileum,YER149C,-0.1808,0.5375,6
ileum,YER150W,1.7413,1.2494,6
ileum,YER151C,-0.248,0.4069,6
ileum,YER152C,1.3083,2.0361,6
ileum,YER153C,0.4645,1.8288,6
ileum,YER154W,0.6633,0.7755,6
ileum,YER155C,0.3622,0.3738,6
ileum,YER156C,-1.2478,2.1215,6
ileum,YER157W,-0.436,1.2231,6
ileum,YER158C,0.6292,0.5527,6
ileum,YER159C,-0.1742,0.5477,6
ileum,YER160C,0.3846,0.1453,6
ileum,YER161C,0.18,0.2164,6
ileum,YER162C,0.1482,0.4038,6
ileum,YER163C,0.236,0.4521,6
ileum,YER164W,-0.0952,0.3452,6
ileum,YER165W,-0.3432,0.4777,6
ileum,YER166W,0.0229,0.3001,6
ileum,YER167W,-0.2376,0.4879,6
ileum,YER168C,-0.2092,0.4284,6
ileum,YER169W,-0.0862,0.4782,6
ileum,YER170W,0.3824,0.4376,6
ileum,YER171W,0.0034,0.4518,6
ileum,YER172C,-0.7831,2.4939,6
ileum,YER173W,-0.3502,0.5474,6
ileum,YER174C,0.078,0.3344,6
ileum,YER175C,1.337,0.4365,6
ileum,YER176W,-0.0534,0.2038,6
ileum,YER177W,0.0776,0.4087,6
ileum,YER178W,0.2854,0.3059,6
ileum,YER179W,0.7024,0.4775,6
ileum,YER180C,-0.2774,0.4798,6
ileum,YER181C,-0.411,0.899,6
ileum,YER182W,0.7674,0.2807,6
ileum,YER183C,0.2073,0.6526,6
ileum,YER184C,0.307,0.2326,6
ileum,YER185W,0.102,0.7559,6
ileum,YER186C,-0.33,0.4338,6
ileum,YER187W,-0.776,1.198,6
ileum,YER188W,-0.1402,0.3532,6
ileum,YER189W,0.0826,0.3575,6
ileum,YER190W,-0.122,0.2949,6
ileum,YFL001W,-0.1484,0.3255,6
ileum,YFL002C,-0.707,0.4743,6
ileum,YFL003C,-0.0974,0.4464,6
ileum,YFL004W,-0.5486,0.3616,6
ileum,YFL005W,0.0978,0.467,6
ileum,YFL006W,0.114,0.4166,6
ileum,YFL007W,0.6477,0.6569,6
ileum,YFL008W,-0.2672,0.1768,6
ileum,YFL009W,0.1818,0.408,6
ileum,YFL010C,0.092,0.3834,6
ileum,YFL010W-A,0.5308,0.2623,6
ileum,YFL011W,-0.6956,0.7736,6
ileum,YFL012W,-0.13,0.4781,6
ileum,YFL013C,-0.0498,0.1458,6
ileum,YFL013W-A,0.076,0.4552,6
ileum,YFL014W,3.6828,2.3785,6
ileum,YFL015C,0.409,0.3904,6
ileum,YFL016C,0.9753,0.8147,6
ileum,YFL017C,-0.238,0.1692,6
ileum,YFL017W-A,-0.4176,1.4128,6
ileum,YFL018C,0.2107,1.1587,6
ileum,YFL019C,0.5724,0.4642,6
ileum,YFL020C,0.6778,0.2853,6
ileum,YFL021W,0.353,0.3168,6
ileum,YFL022C,0.103,0.5101,6
ileum,YFL023W,-1.2447,0.8898,6
ileum,YFL024C,0.2574,0.7574,6
ileum,YFL025C,-0.701,1.7328,6
ileum,YFL026W,-0.5013,0.9218,6
ileum,YFL027C,-0.2285,0.6192,6
ileum,YFL028C,0.2355,0.6339,6
ileum,YFL029C,0.5342,0.3625,6
ileum,YFL030W,0.549,0.2706,6
ileum,YFL031W,0.2385,0.6083,6
ileum,YFL032W,0.073,0.4798,6
ileum,YFL033C,0.2458,0.4929,6
ileum,YFL034C-A,-0.383,0.3102,6
ileum,YFL034C-B,-1.0191,2.1546,6
ileum,YFL034W,-0.5278,1.2568,6
ileum,YFL036W,0.3992,0.5223,6
ileum,YFL038C,-0.0358,0.9334,6
ileum,YFL039C,-0.273,0.6883,6
ileum,YFL040W,0.2538,0.8861,6
ileum,YFL041W,1.0475,1.2246,6
ileum,YFL042C,0.8627,0.5824,6
ileum,YFL043C,0.86,0.5818,6
ileum,YFL044C,0.0215,1.0939,6
ileum,YFL045C,-0.8992,1.2232,6
ileum,YFL046W,0.3192,0.507,6
ileum,YFL047W,0.2118,0.4095,6
ileum,YFL048C,0.1113,0.3994,6
ileum,YFL049W,0.005,1.2623,6
ileum,YFL050C,0.6132,2.2235,6
ileum,YFL051C,1.0892,1.6185,6
ileum,YFL052W,0.5413,2.1821,6
ileum,YFL053W,1.3455,2.6325,6
ileum,YFL054C,1.4755,1.7326,6
ileum,YFL055W,0.7425,1.7128,6
ileum,YFL056C,2.3095,0.4377,6
ileum,YFL057C,1.8032,0.5737,6
ileum,YFL058W,1.2757,2.1983,6
ileum,YFL059W,0.8443,0.9091,6
ileum,YFL060C,0.9133,0.716,6
ileum,YFL061W,2.263,0.25,6
ileum,YFL062W,0.633,0.3946,6
ileum,YFL063W,0.0518,0.5148,6
ileum,YFL064C,0.2726,0.3672,6
ileum,YFL065C,0.0374,0.5436,6
ileum,YFL066C,0.0402,0.5419,6
ileum,YFL067W,0.3558,0.4889,6
ileum,YFL068W,0.1886,0.5419,6
ileum,YFR001W,-0.785,0.7724,6
ileum,YFR002W,-0.1096,0.4155,6
ileum,YFR003C,0.9998,0.5312,6
ileum,YFR004W,0.6224,0.4099,6
ileum,YFR005C,-0.0907,0.3406,6
ileum,YFR006W,0.2474,0.3449,6
ileum,YFR007W,0.2832,0.5622,6
ileum,YFR008W,0.249,0.3616,6
ileum,YFR009W,-0.1554,0.1189,6
ileum,YFR010W,1.0052,0.3651,6
ileum,YFR011C,0.5798,0.3169,6
ileum,YFR012W,0.161,0.4402,6
ileum,YFR013W,0.0287,0.199,6
ileum,YFR014C,0.6326,0.3778,6
ileum,YFR015C,0.444,0.2238,6
ileum,YFR016C,0.0187,0.362,6
ileum,YFR017C,0.2615,0.4971,6
ileum,YFR018C,-0.423,0.254,6
ileum,YFR019W,0.4959,0.8494,6
ileum,YFR020W,-0.1242,0.4888,6
ileum,YFR021W,-0.3726,0.4138,6
ileum,YFR022W,-0.3394,0.9273,6
ileum,YFR023W,-0.2094,1.2175,6
ileum,YFR024C,0.4338,0.2616,6
ileum,YFR024C-A,0.6695,1.0158,6
ileum,YFR025C,-0.158,0.152,6
ileum,YFR026C,-0.1507,1.121,6
ileum,YFR027W,-0.161,0.707,6
ileum,YFR028C,0.0,0.25,6
ileum,YFR030W,0.2456,0.2823,6
ileum,YFR031C,-0.3558,0.3751,6
ileum,YFR031C-A,-0.5732,0.4785,6
ileum,YFR032C,-0.389,0.5307,6
ileum,YFR033C,0.1684,0.2932,6
ileum,YFR034C,0.4945,1.0853,6
ileum,YFR035C,-0.115,0.5022,6
ileum,YFR036W,-0.4564,0.3526,6
ileum,YFR037C,-0.4836,0.2808,6
ileum,YFR038W,-0.4626,0.5111,6
ileum,YFR039C,0.166,0.5926,6
ileum,YFR040W,0.4168,0.3993,6
ileum,YFR041C,0.3427,1.3867,6
ileum,YFR042W,1.0458,0.6799,6
ileum,YFR043C,0.3165,0.8813,6
ileum,YFR044C,-0.7583,2.8254,6
ileum,YFR045W,0.426,0.4794,6
ileum,YFR046C,-0.0125,0.8078,6
ileum,YFR047C,0.3133,1.1994,6
ileum,YFR048W,-0.2795,0.6551,6
ileum,YFR049W,-0.1188,2.1096,6
ileum,YFR050C,-0.334,2.3471,6
ileum,YFR051C,-0.4959,1.9308,6
ileum,YFR052W,-0.1394,2.6533,6
ileum,YFR053C,0.7865,4.0501,6
ileum,YFR054C,0.3367,0.3413,6
ileum,YFR055W,-1.0678,3.0858,6
ileum,YFR056C,-0.6983,1.7944,6
ileum,YFR057W,-0.5137,2.3101,6
ileum,YGL001C,-0.3707,1.0943,6
ileum,YGL002W,0.4736,0.5347,6
ileum,YGL003C,-0.8877,2.7834,6
ileum,YGL004C,-0.688,2.8153,6
ileum,YGL005C,0.7823,0.4702,6
ileum,YGL006W,-0.3714,3.2358,6
ileum,YGL007W,-1.0485,2.4032,6
ileum,YGL008C,-0.5808,0.544,6
ileum,YGL009C,0.3775,0.5238,6
ileum,YGL010W,0.5092,0.8911,6
ileum,YGL011C,0.6377,0.3988,6
ileum,YGL012W,-0.25,1.4785,6
ileum,YGL013C,0.385,0.9599,6
ileum,YGL014W,-0.5677,0.8469,6
ileum,YGL015C,0.1337,0.5157,6
ileum,YGL016W,-0.6313,1.0799,6
ileum,YGL017W,-0.6302,1.1691,6
ileum,YGL018C,-0.5648,1.563,6
ileum,YGL019W,-0.8678,0.8258,6
ileum,YGL020C,-0.1218,0.3527,6
ileum,YGL021W,-1.1113,0.9894,6
ileum,YGL022W,-0.1282,0.5172,6
ileum,YGL023C,0.6495,2.0076,6
ileum,YGL024W,0.7133,0.4765,6
ileum,YGL025C,0.5912,0.9902,6
ileum,YGL026C,0.4787,1.4399,6
ileum,YGL027C,0.0433,0.6618,6
ileum,YGL028C,-0.9733,0.7079,6
ileum,YGL029W,-1.6097,1.0039,6
ileum,YGL030W,-1.4642,1.8516,6
ileum,YGL031C,-0.5598,0.3009,6
ileum,YGL032C,-0.4012,0.297,6
ileum,YGL033W,-0.0062,0.4085,6
ileum,YGL034C,0.604,1.0362,6
ileum,YGL035C,0.067,0.1756,6
ileum,YGL036W,0.41,0.2825,6
ileum,YGL037C,2.0548,0.5013,6
ileum,YGL038C,0.5244,0.5052,6
ileum,YGL039W,0.4842,0.2804,6
ileum,YGL040C,0.1962,0.4396,6
ileum,YGL041C,0.512,0.3382,6
ileum,YGL042C,-0.204,0.3824,6
ileum,YGL043W,0.199,0.2592,6
ileum,YGL044C,-0.1946,0.5816,6
ileum,YGL045W,0.2984,0.4936,6
ileum,YGL046W,0.1884,0.7652,6
ileum,YGL047W,0.7002,0.4133,6
ileum,YGL048C,0.7548,0.3843,6
ileum,YGL049C,-0.054,0.4253,6
ileum,YGL050W,-0.1382,0.4607,6
ileum,YGL051W,0.2862,0.4103,6
ileum,YGL052W,0.2346,0.4393,6
ileum,YGL053W,0.695,0.4683,6
ileum,YGL054C,0.1186,0.3138,6
ileum,YGL055W,-0.7932,1.76,6
ileum,YGL056C,-0.5702,0.7324,6
ileum,YGL057C,0.2122,0.4354,6
ileum,YGL058W,-0.315,0.4096,6
ileum,YGL059W,1.1822,0.7009,6
ileum,YGL060W,0.0016,0.2656,6
ileum,YGL061C,-0.489,0.2015,6
ileum,YGL062W,0.2001,0.2125,6
ileum,YGL063W,-0.6583,0.3367,6
ileum,YGL064C,-0.1006,0.4027,6
ileum,YGL065C,-0.1926,0.1989,6
ileum,YGL066W,0.054,0.1734,6
ileum,YGL067W,-0.0206,0.5069,6
ileum,YGL068W,0.1118,0.5023,6
ileum,YGL069C,-0.0124,0.1,6
ileum,YGL070C,-0.6858,0.3088,6
ileum,YGL071W,0.1083,0.3219,6
ileum,YGL072C,0.1806,0.1498,6
ileum,YGL073W,-0.0243,0.2044,6
ileum,YGL074C,0.5108,0.3081,6
ileum,YGL075C,-0.3258,0.3585,6
ileum,YGL076C,-0.8194,0.4762,6
ileum,YGL077C,-0.9816,0.8249,6
ileum,YGL078C,-2.6048,2.6992,6
ileum,YGL079W,-0.2534,0.3723,6
ileum,YGL080W,-0.0552,1.6704,6
ileum,YGL081W,0.5367,0.3581,6
ileum,YGL082W,0.0945,1.0688,6
ileum,YGL083W,-0.6483,2.3769,6
ileum,YGL084C,0.9258,0.6573,6
ileum,YGL085W,-0.008,0.9845,6
ileum,YGL086W,0.2974,0.1035,6
ileum,YGL087C,0.4362,0.3729,6
ileum,YGL088W,0.3353,2.0306,6
ileum,YGL089C,0.4135,0.3267,6
ileum,YGL090W,0.1265,1.9222,6
ileum,YGL091C,0.052,1.3829,6
ileum,YGL092W,0.0717,0.3049,6
ileum,YGL093W,0.1573,1.1585,6
ileum,YGL094C,0.0355,0.9047,6
ileum,YGL095C,0.4,1.152,6
ileum,YGL096W,0.417,1.0076,6
ileum,YGL097W,-1.3497,2.3311,6
ileum,YGL098W,0.3776,0.2482,6
ileum,YGL099W,-2.4168,4.2923,6
ileum,YGL100W,-1.2975,3.0831,6
ileum,YGL101W,-1.4045,3.402,6
ileum,YGL102C,-1.3963,1.9087,6
ileum,YGL103W,-0.4015,1.0243,6
ileum,YGL104C,0.2662,0.9924,6
ileum,YGL105W,-0.3487,1.0258,6
ileum,YGL106W,-0.517,0.2869,6
ileum,YGL107C,0.2942,0.5344,6
ileum,YGL108C,0.2113,0.8236,6
ileum,YGL109W,0.3123,0.4109,6
ileum,YGL110C,-0.5298,1.3841,6
ileum,YGL111W,-1.5353,1.4029,6
ileum,YGL112C,-0.414,1.2703,6
ileum,YGL113W,0.1243,1.3323,6
ileum,YGL114W,0.762,0.8651,6
ileum,YGL115W,0.6842,0.4452,6
ileum,YGL116W,-1.51,1.8608,6
ileum,YGL117W,1.9262,1.0952,6
ileum,YGL118C,0.99,1.6577,6
ileum,YGL119W,0.665,0.5229,6
ileum,YGL120C,-0.7602,0.6446,6
ileum,YGL121C,0.8482,0.6932,6
ileum,YGL122C,0.0716,0.7153,6
ileum,YGL123W,-0.7122,0.382,6
ileum,YGL124C,0.1987,0.5071,6
ileum,YGL125W,0.3268,0.2544,6
ileum,YGL126W,0.7085,1.3173,6
ileum,YGL127C,-0.142,0.4617,6
ileum,YGL128C,-0.0194,0.322,6
ileum,YGL129C,0.5124,0.2847,6
ileum,YGL130W,0.1142,0.2662,6
ileum,YGL131C,0.6332,0.3555,6
ileum,YGL132W,0.4682,0.36,6
ileum,YGL133W,0.2542,0.349,6
ileum,YGL134W,0.3008,0.3987,6
ileum,YGL135W,-0.692,0.6499,6
ileum,YGL136C,0.0626,0.3095,6
ileum,YGL137W,-0.0384,0.2655,6
ileum,YGL138C,-0.2096,0.5994,6
ileum,YGL139W,-0.0264,0.4931,6
ileum,YGL140C,0.028,0.1615,6
ileum,YGL141W,0.5332,0.359,6
ileum,YGL142C,0.2198,0.2966,6
ileum,YGL143C,0.3417,0.3455,6
ileum,YGL144C,-0.0706,0.489,6
ileum,YGL145W,-0.25,0.4872,6
ileum,YGL146C,-0.4755,1.1342,6
ileum,YGL147C,-0.6486,0.6481,6
ileum,YGL148W,-0.141,0.4988,6
ileum,YGL149W,0.478,0.1805,6
ileum,YGL150C,0.3506,0.2305,6
ileum,YGL151W,0.2882,0.1957,6
ileum,YGL152C,0.0896,0.2389,6
ileum,YGL153W,-0.1522,0.1969,6
ileum,YGL154C,-0.0588,0.2903,6
ileum,YGL155W,-0.3522,0.2889,6
ileum,YGL156W,1.0764,0.8569,6
ileum,YGL157W,0.391,0.5414,6
ileum,YGL158W,0.5262,0.7841,6
ileum,YGL159W,0.133,0.3432,6
ileum,YGL160W,0.6814,0.5121,6
ileum,YGL161C,-0.0668,0.263,6
ileum,YGL162W,-0.4456,0.5012,6
ileum,YGL163C,0.3748,0.3598,6
ileum,YGL164C,0.1138,0.4063,6
ileum,YGL165C,-0.1292,0.2132,6
ileum,YGL166W,-0.411,0.4491,6
ileum,YGL167C,0.0265,0.159,6
ileum,YGL168W,0.235,0.2856,6
ileum,YGL169W,-0.892,0.8264,6
ileum,YGL170C,-1.0406,0.8429,6
ileum,YGL171W,-1.5066,0.9352,6
ileum,YGL172W,-0.108,0.3774,6
ileum,YGL173C,-0.1187,0.3098,6
ileum,YGL174W,-0.2354,0.1815,6
ileum,YGL175C,-0.286,0.4445,6
ileum,YGL176C,-0.1142,0.46,6
ileum,YGL177W,0.4842,0.4738,6
ileum,YGL178W,0.4967,0.4115,6
ileum,YGL179C,0.3125,0.7821,6
ileum,YGL180W,1.3245,0.8698,6
ileum,YGL181W,0.7265,0.6841,6
ileum,YGL182C,0.2997,0.4332,6
ileum,YGL183C,0.489,0.4186,6
ileum,YGL184C,0.8617,0.5713,6
ileum,YGL185C,0.234,0.3122,6
ileum,YGL186C,0.1453,0.4195,6
ileum,YGL187C,-0.3096,1.6914,6
ileum,YGL188C,-0.6768,1.0711,6
ileum,YGL189C,-0.352,0.3746,6
ileum,YGL190C,-0.225,1.0174,6
ileum,YGL191W,-0.7852,2.4645,6
ileum,YGL192W,-0.7543,1.9108,6
ileum,YGL193C,-0.865,2.2122,6
ileum,YGL194C,-0.8942,2.5361,6
ileum,YGL195W,-0.2481,0.2943,6
ileum,YGL196W,-0.3318,1.4255,6
ileum,YGL197W,-0.7248,2.6104,6
ileum,YGL198W,-0.3768,0.9683,6
ileum,YGL199C,0.059,1.9113,6
ileum,YGL200C,-0.4382,0.9005,6
ileum,YGL201C,0.3418,0.7153,6
ileum,YGL202W,0.09,1.1941,6
ileum,YGL203C,-0.0362,0.3273,6
ileum,YGL204C,0.297,0.2871,6
ileum,YGL205W,0.4,1.5394,6
ileum,YGL206C,0.4406,0.2991,6
ileum,YGL207W,0.4028,0.2736,6
ileum,YGL208W,0.603,0.5111,6
ileum,YGL209W,-0.2759,0.742,6
ileum,YGL210W,-0.3602,0.1652,6
ileum,YGL211W,-0.216,0.6741,6
ileum,YGL212W,0.3012,0.8775,6
ileum,YGL213C,-0.5478,1.5138,6
ileum,YGL214W,-0.4654,0.9981,6
ileum,YGL215W,0.0052,0.9022,6
ileum,YGL216W,0.1247,0.2327,6
ileum,YGL217C,0.6313,1.1437,6
ileum,YGL218W,0.1555,0.5289,6
ileum,YGL219C,-0.379,1.6072,6
ileum,YGL220W,-0.0972,0.5683,6
ileum,YGL221C,-0.0707,0.8782,6
ileum,YGL222C,0.0165,0.5448,6
ileum,YGL223C,0.778,1.8512,6
ileum,YGL224C,0.3122,0.2307,6
ileum,YGL225W,-0.4658,0.2924,6
ileum,YGL226C-A,-0.962,2.5225,6
ileum,YGL226W,-0.0049,0.5605,6
ileum,YGL227W,0.743,0.3447,6
ileum,YGL228W,0.0204,0.2702,6
ileum,YGL229C,1.3064,0.4654,6
ileum,YGL230C,0.1986,0.4917,6
ileum,YGL231C,0.3742,0.3266,6
ileum,YGL232W,0.0678,0.315,6
ileum,YGL233W,0.0938,0.1338,6
ileum,YGL234W,-0.4216,1.0174,6
ileum,YGL235W,-0.3372,0.8873,6
ileum,YGL236C,-0.0456,0.5777,6
ileum,YGL237C,-0.0024,0.2458,6
ileum,YGL238W,0.2072,0.3042,6
ileum,YGL239C,0.04,0.1932,6
ileum,YGL240W,-0.0124,0.3506,6
ileum,YGL241W,0.2335,0.1,6
ileum,YGL242C,0.368,0.177,6
ileum,YGL243W,0.0332,0.341,6
ileum,YGL244W,-0.1994,0.3825,6
ileum,YGL245W,-0.1178,0.2181,6
ileum,YGL246C,-0.4487,0.1749,6
ileum,YGL247W,-0.67,0.804,6
ileum,YGL248W,0.4584,0.3664,6
ileum,YGL249W,-0.0602,0.2205,6
ileum,YGL250W,0.0762,0.6115,6
ileum,YGL251C,-0.1828,0.2417,6
ileum,YGL252C,0.3574,0.2523,6
ileum,YGL253W,-0.3798,0.1633,6
ileum,YGL254W,-0.2316,0.4424,6
ileum,YGL255W,-0.7002,0.2725,6
ileum,YGL256W,-0.8192,0.3897,6
ileum,YGL257C,-0.1566,0.3035,6
ileum,YGL258W,0.3548,0.4765,6
ileum,YGL259W,0.2442,0.5604,6
ileum,YGL260W,-0.482,1.174,6
ileum,YGL261C,0.098,0.2534,6
ileum,YGL262W,0.488,1.0512,6
ileum,YGL263W,0.0408,0.2109,6
ileum,YGR001C,0.1372,0.1628,6
ileum,YGR002C,-0.2642,0.6063,6
ileum,YGR003W,-0.1756,0.2004,6
ileum,YGR004W,-0.4534,0.4008,6
ileum,YGR005C,0.1124,0.2437,6
ileum,YGR006W,-0.1744,0.4008,6
ileum,YGR007W,0.0784,0.2139,6
ileum,YGR008C,1.088,3.2987,6
ileum,YGR009C,0.1966,0.9558,6
ileum,YGR010W,0.821,0.4915,6
ileum,YGR011W,0.9642,0.6982,6
ileum,YGR012W,-0.8058,1.7875,6
ileum,YGR013W,0.4717,0.8601,6
ileum,YGR014W,-1.425,2.0206,6
ileum,YGR015C,0.1073,0.8532,6
ileum,YGR016W,0.5812,0.4606,6
ileum,YGR017W,0.2707,0.807,6
ileum,YGR018C,0.6304,1.129,6
ileum,YGR019W,0.774,0.4963,6
ileum,YGR020C,2.3567,2.8647,6
ileum,YGR021W,-0.0708,0.5978,6
ileum,YGR022C,-0.6024,2.5061,6
ileum,YGR023W,0.0155,1.5654,6
ileum,YGR024C,0.2484,0.371,6
ileum,YGR025W,-0.317,1.6571,6
ileum,YGR026W,-0.263,0.25,6
ileum,YGR027C,-1.4792,1.6759,6
ileum,YGR028W,-0.1618,2.4374,6
ileum,YGR029W,0.218,0.1866,6
ileum,YGR030C,1.6715,3.7781,6
ileum,YGR031W,0.712,1.8514,6
ileum,YGR032W,0.1998,0.138,6
ileum,YGR033C,-0.543,1.495,6
ileum,YGR034W,-0.7542,0.3129,6
ileum,YGR035C,-0.7935,0.7158,6
ileum,YGR036C,0.6292,1.8354,6
ileum,YGR037C,-0.3122,2.0423,6
ileum,YGR038W,1.1662,1.1059,6
ileum,YGR039W,-0.0623,0.941,6
ileum,YGR040W,0.8262,0.6057,6
ileum,YGR041W,-0.098,0.3813,6
ileum,YGR042W,0.343,1.5181,6
ileum,YGR043C,0.9693,2.4484,6
ileum,YGR044C,1.322,0.25,6
ileum,YGR045C,0.6883,1.7199,6
ileum,YGR046W,0.4193,0.3479,6
ileum,YGR047C,0.3197,0.5898,6
ileum,YGR048W,1.0013,0.6229,6
ileum,YGR049W,-0.2812,0.6634,6
ileum,YGR050C,0.206,0.6807,6
ileum,YGR051C,0.9247,1.9479,6
ileum,YGR052W,1.016,0.7174,6
ileum,YGR053C,1.8822,1.2209,6
ileum,YGR054W,-0.14,0.3482,6
ileum,YGR055W,4.907,0.25,6
ileum,YGR056W,2.459,0.25,6
ileum,YGR057C,0.0498,0.2574,6
ileum,YGR058W,0.0906,0.3439,6
ileum,YGR059W,0.0052,0.527,6
ileum,YGR060W,0.2091,0.3091,6
ileum,YGR061C,-0.21,0.587,6
ileum,YGR062C,0.506,0.3046,6
ileum,YGR063C,-0.1828,0.5385,6
ileum,YGR064W,-0.0616,0.2833,6
ileum,YGR065C,0.5255,0.4251,6
ileum,YGR066C,1.0433,1.0024,6
ileum,YGR067C,0.906,2.7308,6
ileum,YGR068C,0.485,0.25,6
ileum,YGR069W,0.1452,0.3612,6
ileum,YGR070W,0.5247,0.1167,6
ileum,YGR071C,0.1128,0.273,6
ileum,YGR072W,-0.172,0.208,6
ileum,YGR073C,-0.212,0.3652,6
ileum,YGR074W,-0.2085,0.4434,6
ileum,YGR075C,-0.398,0.1777,6
ileum,YGR076C,0.7774,0.3562,6
ileum,YGR077C,0.397,0.344,6
ileum,YGR078C,-0.3537,0.1644,6
ileum,YGR079W,0.041,1.3562,6
ileum,YGR080W,2.585,2.4565,6
ileum,YGR081C,-0.7894,0.6153,6
ileum,YGR082W,-0.569,1.0649,6
ileum,YGR083C,-0.8104,0.5512,6
ileum,YGR084C,0.0096,0.4473,6
ileum,YGR085C,-0.7165,1.1749,6
ileum,YGR087C,0.83,0.25,6
ileum,YGR088W,2.238,0.6725,6
ileum,YGR089W,-1.322,0.25,6
ileum,YGR090W,-0.6412,0.3513,6
ileum,YGR091W,0.0,0.25,6
ileum,YGR093W,-0.5048,0.2504,6
ileum,YGR094W,-0.0742,0.1526,6
ileum,YGR095C,-0.3604,0.209,6
ileum,YGR096W,-0.575,0.6725,6
ileum,YGR097W,0.4041,0.6584,6
ileum,YGR098C,0.1589,0.6465,6
ileum,YGR099W,-0.7624,0.7903,6
ileum,YGR100W,0.2328,0.2197,6
ileum,YGR101W,-0.128,0.4399,6
ileum,YGR103W,1.585,0.25,6
ileum,YGR105W,-0.057,1.0033,6
ileum,YGR106C,-0.4795,1.8371,6
ileum,YGR107W,0.071,0.708,6
ileum,YGR108W,-0.9507,0.8061,6
ileum,YGR109C,-0.4578,1.5201,6
ileum,YGR110W,0.2582,0.8455,6
ileum,YGR111W,0.3062,1.4459,6
ileum,YGR112W,0.6032,0.2659,6
ileum,YGR113W,-0.4142,1.0291,6
ileum,YGR114C,0.1882,0.3146,6
ileum,YGR115C,-0.0928,0.8249,6
ileum,YGR116W,0.138,0.1,6
ileum,YGR117C,-0.0917,1.75,6
ileum,YGR118W,-0.3322,0.386,6
ileum,YGR119C,-0.2825,0.8712,6
ileum,YGR120C,0.3242,0.3274,6
ileum,YGR121C,0.0163,0.1585,6
ileum,YGR122W,0.5678,0.5409,6
ileum,YGR123C,-1.007,1.0664,6
ileum,YGR124W,0.3095,0.9805,6
ileum,YGR125W,0.224,0.5597,6
ileum,YGR126W,0.619,0.4054,6
ileum,YGR127W,0.6893,1.8924,6
ileum,YGR128C,-0.8733,0.6791,6
ileum,YGR129W,-1.514,2.8074,6
ileum,YGR130C,0.0122,1.7978,6
ileum,YGR131W,0.0032,0.355,6
ileum,YGR132C,0.0503,1.262,6
ileum,YGR133W,0.067,0.2512,6
ileum,YGR134W,-0.1274,0.3458,6
ileum,YGR135W,0.42,0.6125,6
ileum,YGR136W,0.6238,0.5111,6
ileum,YGR137W,0.21,0.4932,6
ileum,YGR138C,0.3756,0.7763,6
ileum,YGR139W,0.2332,0.703,6
ileum,YGR140W,0.51,0.535,6
ileum,YGR141W,0.228,0.6872,6
ileum,YGR142W,1.2915,1.3347,6
ileum,YGR143W,-0.2075,1.7817,6
ileum,YGR144W,0.3413,1.0972,6
ileum,YGR145W,-1.3172,0.8562,6
ileum,YGR146C,0.7115,0.5173,6
ileum,YGR147C,-0.2208,0.3052,6
ileum,YGR148C,-1.462,2.1233,6
ileum,YGR149W,0.6417,1.1492,6
ileum,YGR150C,-0.0838,0.816,6
ileum,YGR151C,-0.9913,1.9078,6
ileum,YGR152C,-0.516,0.461,6
ileum,YGR153W,0.1718,0.5421,6
ileum,YGR154C,0.4782,0.3436,6
ileum,YGR155W,-0.2034,0.4668,6
ileum,YGR156W,0.185,0.4669,6
ileum,YGR157W,0.52,0.3966,6
ileum,YGR158C,-0.667,0.7248,6
ileum,YGR159C,-1.2214,1.0544,6
ileum,YGR160W,-1.9994,1.5838,6
ileum,YGR161C,0.3034,0.3249,6
ileum,YGR162W,-0.6798,0.5561,6
ileum,YGR163W,0.2846,0.4037,6
ileum,YGR164W,-0.3342,0.4947,6
ileum,YGR165W,0.204,0.6742,6
ileum,YGR166W,0.1142,0.3559,6
ileum,YGR167W,0.4192,0.4076,6
ileum,YGR168C,0.2354,0.4111,6
ileum,YGR169C,0.146,0.2892,6
ileum,YGR170W,0.4366,0.3324,6
ileum,YGR171C,0.1646,0.4154,6
ileum,YGR172C,0.073,0.3242,6
ileum,YGR173W,-1.135,1.5969,6
ileum,YGR174C,0.5086,0.5755,6
ileum,YGR175C,-1.1752,0.8596,6
ileum,YGR176W,-0.2048,1.1381,6
ileum,YGR177C,-0.9512,0.8206,6
ileum,YGR178C,-0.1242,0.2557,6
ileum,YGR179C,-0.2258,0.3089,6
ileum,YGR180C,0.4052,0.5509,6
ileum,YGR181W,0.0094,0.5356,6
ileum,YGR182C,-0.232,0.424,6
ileum,YGR183C,0.0408,0.3463,6
ileum,YGR184C,0.1978,0.2723,6
ileum,YGR185C,-0.7052,0.6505,6
ileum,YGR186W,-0.2806,0.2505,6
ileum,YGR187C,-1.1424,0.926,6
ileum,YGR188C,-0.4092,0.218,6
ileum,YGR189C,-0.4284,0.4733,6
ileum,YGR190C,-0.2948,0.1482,6
ileum,YGR191W,-0.2028,0.1547,6
ileum,YGR192C,-0.2764,0.1508,6
ileum,YGR193C,0.2568,0.4126,6
ileum,YGR194C,0.7086,0.2962,6
ileum,YGR195W,-0.3132,0.2471,6
ileum,YGR196C,0.0728,0.4805,6
ileum,YGR197C,0.6877,0.8378,6
ileum,YGR198W,-0.0125,0.2982,6
ileum,YGR199W,0.2308,0.208,6
ileum,YGR200C,-0.8426,0.3867,6
ileum,YGR201C,0.7282,0.3194,6
ileum,YGR202C,-0.081,0.25,6
ileum,YGR203W,0.3767,0.4753,6
ileum,YGR204W,-0.4932,1.3025,6
ileum,YGR205W,0.3627,0.7613,6
ileum,YGR206W,0.3467,0.7853,6
ileum,YGR207C,0.3172,1.4572,6
ileum,YGR208W,-0.1764,0.2646,6
ileum,YGR209C,1.833,2.1655,6
ileum,YGR210C,0.2482,0.4903,6
ileum,YGR211W,0.407,1.0445,6
ileum,YGR212W,0.1197,1.1325,6
ileum,YGR213C,0.7167,0.4082,6
ileum,YGR214W,-0.7422,0.5461,6
ileum,YGR215W,0.2928,0.7709,6
ileum,YGR216C,0.0352,0.4589,6
ileum,YGR217W,0.5432,0.4017,6
ileum,YGR218W,-0.034,1.3547,6
ileum,YGR219W,0.1113,1.0044,6
ileum,YGR220C,0.3505,0.5327,6
ileum,YGR221C,-0.418,1.3632,6
ileum,YGR222W,0.5507,0.795,6
ileum,YGR223C,-0.0028,2.0607,6
ileum,YGR224W,0.9355,1.0002,6
ileum,YGR225W,0.0236,0.7343,6
ileum,YGR226C,0.5737,0.9141,6
ileum,YGR227W,0.0552,0.1473,6
ileum,YGR228W,-1.1707,2.3057,6
ileum,YGR229C,-0.378,0.3996,6
ileum,YGR230W,-0.1088,1.5633,6
ileum,YGR231C,0.9054,0.5621,6
ileum,YGR232W,-0.2035,1.9335,6
ileum,YGR233C,-0.4842,1.4435,6
ileum,YGR234W,-1.8307,3.8155,6
ileum,YGR235C,-0.759,0.7361,6
ileum,YGR236C,-0.8545,1.9904,6
ileum,YGR237C,-0.4018,2.9323,6
ileum,YGR238C,0.7848,1.3184,6
ileum,YGR239C,-0.0648,1.0728,6
ileum,YGR240C,0.0422,0.3823,6
ileum,YGR241C,0.1952,0.3304,6
ileum,YGR242W,0.4692,0.4388,6
ileum,YGR243W,0.4642,0.3993,6
ileum,YGR244C,0.9293,0.5262,6
ileum,YGR245C,-1.6566,1.2161,6
ileum,YGR246C,0.0558,0.5853,6
ileum,YGR247W,-0.0336,0.544,6
ileum,YGR248W,2.4825,1.2952,6
ileum,YGR249W,0.1616,0.5022,6
ileum,YGR250C,0.9398,0.3984,6
ileum,YGR251W,-0.6474,0.683,6
ileum,YGR252W,0.2456,0.3459,6
ileum,YGR253C,0.6134,0.2324,6
ileum,YGR254W,-0.061,0.2166,6
ileum,YGR255C,0.6794,0.2911,6
ileum,YGR256W,1.026,1.1562,6
ileum,YGR257C,0.4128,0.3193,6
ileum,YGR258C,0.8704,0.2816,6
ileum,YGR259C,-0.0128,0.294,6
ileum,YGR260W,-0.1782,0.3486,6
ileum,YGR261C,0.0124,0.494,6
ileum,YGR262C,-0.296,0.505,6
ileum,YGR263C,-0.0202,0.5559,6
ileum,YGR264C,-0.5022,0.427,6
ileum,YGR265W,-0.345,0.4182,6
ileum,YGR266W,0.5738,0.1772,6
ileum,YGR267C,0.1002,0.1552,6
ileum,YGR268C,0.3996,0.2502,6
ileum,YGR269W,0.0352,0.3109,6
ileum,YGR270W,0.196,0.2474,6
ileum,YGR271W,0.0732,0.1873,6
ileum,YGR272C,-1.1132,0.9225,6
ileum,YGR273C,-0.2014,0.4966,6
ileum,YGR274C,-0.0854,0.3074,6
ileum,YGR275W,-0.5534,0.5864,6
ileum,YGR276C,-0.0604,0.2757,6
ileum,YGR277C,0.0058,0.2468,6
ileum,YGR278W,-0.2776,0.258,6
ileum,YGR279C,-0.2044,0.6709,6
ileum,YGR280C,-1.9544,1.0629,6
ileum,YGR281W,0.4484,0.3392,6
ileum,YGR282C,-0.3834,0.3192,6
ileum,YGR283C,-1.1462,0.878,6
ileum,YGR284C,0.4531,0.4035,6
ileum,YGR285C,-0.9112,0.4381,6
ileum,YGR286C,-0.1344,0.7648,6
ileum,YGR287C,0.0193,0.2094,6
ileum,YGR288W,0.1866,0.3853,6
ileum,YGR289C,-0.6308,1.0152,6
ileum,YGR290W,-0.318,0.2506,6
ileum,YGR291C,-0.0656,0.4994,6
ileum,YGR292W,-0.4658,1.1968,6
ileum,YGR293C,-0.4936,0.4848,6
ileum,YGR294W,0.1452,0.2676,6
ileum,YGR295C,0.5324,0.5225,6
ileum,YGR296W,0.3644,0.3569,6
ileum,YHL001W,-0.6328,0.9118,6
ileum,YHL002W,0.2345,0.8714,6
ileum,YHL003C,0.1045,0.6011,6
ileum,YHL004W,-0.3808,1.4563,6
ileum,YHL005C,0.4623,0.7332,6
ileum,YHL006C,0.5377,0.9006,6
ileum,YHL007C,0.062,0.3368,6
ileum,YHL008C,-0.2587,1.0062,6
ileum,YHL009C,0.0405,0.663,6
ileum,YHL010C,0.6775,0.8042,6
ileum,YHL011C,-0.3833,0.6814,6
ileum,YHL012W,-0.2382,0.5855,6
ileum,YHL013C,-0.8085,0.8633,6
ileum,YHL014C,0.1497,0.7914,6
ileum,YHL015W,-0.9992,1.7341,6
ileum,YHL016C,0.7413,1.1561,6
ileum,YHL017W,-0.3382,1.4196,6
ileum,YHL018W,0.5212,1.2974,6
ileum,YHL019C,0.5283,0.2957,6
ileum,YHL020C,0.0363,0.2806,6
ileum,YHL021C,1.1857,1.6746,6
ileum,YHL022C,0.4165,0.3062,6
ileum,YHL023C,-0.2694,1.2744,6
ileum,YHL024W,0.9025,0.8928,6
ileum,YHL025W,-0.203,0.3924,6
ileum,YHL026C,-0.932,1.2799,6
ileum,YHL027W,0.4416,0.3455,6
ileum,YHL028W,-0.716,0.3508,6
ileum,YHL029C,-0.6113,0.8158,6
ileum,YHL030W,-0.1103,2.1593,6
ileum,YHL031C,-0.4863,1.5501,6
ileum,YHL032C,0.1312,0.3351,6
ileum,YHL033C,-1.6632,2.177,6
ileum,YHL034C,0.2103,0.989,6
ileum,YHL035C,0.9078,1.4985,6
ileum,YHL036W,0.706,1.8245,6
ileum,YHL037C,-0.2582,0.6912,6
ileum,YHL038C,0.5287,0.3417,6
ileum,YHL039W,-0.8207,1.1863,6
ileum,YHL040C,1.8285,1.5294,6
ileum,YHL041W,-0.3958,0.3269,6
ileum,YHL042W,1.1577,1.0408,6
ileum,YHL043W,-0.3973,2.2653,6
ileum,YHL044W,1.7865,0.9806,6
ileum,YHL045W,0.0782,0.3072,6
ileum,YHL046C,0.485,0.192,6
ileum,YHL047C,0.0182,3.566,6
ileum,YHL048W,0.7632,0.4417,6
ileum,YHL049C,0.0686,0.3698,6
ileum,YHL050C,0.0846,0.471,6
ileum,YHR001W,0.186,0.3505,6
ileum,YHR001W-A,0.9258,0.257,6
ileum,YHR002W,0.1042,0.323,6
ileum,YHR003C,0.1266,0.417,6
ileum,YHR004C,0.6144,0.4714,6
ileum,YHR005C,-0.4186,0.5545,6
ileum,YHR005C-A,0.3734,0.1958,6
ileum,YHR006W,0.3734,0.4526,6
ileum,YHR007C,-0.6794,0.815,6
ileum,YHR008C,1.9884,0.8789,6
ileum,YHR009C,0.6841,0.5741,6
ileum,YHR010W,-0.892,0.712,6
ileum,YHR011W,0.363,0.2933,6
ileum,YHR012W,0.2014,0.3006,6
ileum,YHR013C,-0.1168,0.2833,6
ileum,YHR014W,0.5551,0.7085,6
ileum,YHR015W,-0.0772,0.4411,6
ileum,YHR016C,0.4079,0.2987,6
ileum,YHR017W,0.5248,0.3904,6
ileum,YHR018C,1.2022,0.7244,6
ileum,YHR019C,-0.2412,0.4084,6
ileum,YHR020W,-0.3586,0.4049,6
ileum,YHR021C,-0.4786,0.4257,6
ileum,YHR021W-A,0.1512,0.5982,6
ileum,YHR022C,0.3378,0.1729,6
ileum,YHR023W,-0.3055,0.531,6
ileum,YHR024C,-0.2547,0.8264,6
ileum,YHR025W,-0.628,0.5784,6
ileum,YHR026W,-0.3906,0.1066,6
ileum,YHR027C,0.4898,0.4488,6
ileum,YHR028C,0.3488,0.3286,6
ileum,YHR029C,1.6834,0.7892,6
ileum,YHR030C,0.4804,0.3194,6
ileum,YHR031C,-0.8872,0.9168,6
ileum,YHR032W,-0.1011,0.3617,6
ileum,YHR033W,0.0375,0.4722,6
ileum,YHR034C,0.0104,0.4729,6
ileum,YHR035W,-0.0588,0.3683,6
ileum,YHR036W,0.0292,0.4716,6
ileum,YHR037W,0.2182,0.3877,6
ileum,YHR038W,0.5124,0.4451,6
ileum,YHR039C,-0.2733,0.4922,6
ileum,YHR039C-A,0.0048,0.2966,6
ileum,YHR040W,-0.6226,0.4747,6
ileum,YHR041C,-0.0086,0.2587,6
ileum,YHR042W,-0.6016,0.3649,6
ileum,YHR043C,-0.2176,0.5197,6
ileum,YHR044C,-0.1813,0.2089,6
ileum,YHR045W,-0.1968,0.4227,6
ileum,YHR046C,0.0176,0.5193,6
ileum,YHR047C,-0.287,1.0125,6
ileum,YHR048W,0.9529,1.0689,6
ileum,YHR049C-A,-0.7936,0.6185,6
ileum,YHR049W,-0.6777,0.8574,6
ileum,YHR050W,0.0978,0.5012,6
ileum,YHR051W,-0.2093,1.6115,6
ileum,YHR052W,-0.836,1.0101,6
ileum,YHR053C,-0.1508,0.5831,6
ileum,YHR054C,0.185,0.8677,6
ileum,YHR055C,-0.1298,0.6248,6
ileum,YHR056C,0.1902,0.6673,6
ileum,YHR057C,0.3748,0.2234,6
ileum,YHR058C,-0.0645,0.3791,6
ileum,YHR059W,0.8385,0.5942,6
ileum,YHR060W,-0.1775,0.8981,6
ileum,YHR061C,-0.3413,0.5471,6
ileum,YHR062C,-0.1842,0.877,6
ileum,YHR063C,0.6567,0.4341,6
ileum,YHR064C,-1.1752,2.1193,6
ileum,YHR065C,-0.6122,0.6317,6
ileum,YHR066W,-1.4902,1.663,6
ileum,YHR067W,0.3908,0.4003,6
ileum,YHR068W,-0.8677,1.6952,6
ileum,YHR069C,-0.2858,0.5899,6
ileum,YHR070W,-0.369,0.2919,6
ileum,YHR071W,0.234,0.25,6
ileum,YHR072W,-0.6,0.3821,6
ileum,YHR073W,0.3476,0.1,6
ileum,YHR074W,0.179,0.8995,6
ileum,YHR075C,0.6209,0.6744,6
ileum,YHR076W,-0.2828,0.6562,6
ileum,YHR077C,-0.0249,0.3372,6
ileum,YHR078W,0.3243,0.2343,6
ileum,YHR079C,-0.2795,0.7841,6
ileum,YHR079C-A,-0.2696,0.3873,6
ileum,YHR080C,-0.0375,1.144,6
ileum,YHR081W,-1.3897,1.8622,6
ileum,YHR082C,0.4918,0.3321,6
ileum,YHR083W,-0.0428,0.9143,6
ileum,YHR084W,-0.2928,0.3436,6
ileum,YHR085W,-0.3936,0.757,6
ileum,YHR086W,0.1948,0.6772,6
ileum,YHR087W,1.0862,1.7465,6
ileum,YHR088W,-1.0108,0.805,6
ileum,YHR089C,-2.5117,2.4166,6
ileum,YHR090C,0.6198,0.9221,6
ileum,YHR091C,0.2426,0.1968,6
ileum,YHR092C,0.0805,0.3491,6
ileum,YHR093W,0.1467,0.642,6
ileum,YHR094C,-0.4573,0.7555,6
ileum,YHR095W,-0.0444,0.516,6
ileum,YHR096C,-0.003,0.9425,6
ileum,YHR097C,1.696,0.7534,6
ileum,YHR098C,-0.0253,0.2217,6
ileum,YHR099W,0.7322,0.4349,6
ileum,YHR100C,-0.2206,0.4605,6
ileum,YHR101C,-0.0068,0.795,6
ileum,YHR102W,-0.0798,0.4802,6
ileum,YHR103W,-0.1756,0.3572,6
ileum,YHR104W,1.159,0.5664,6
ileum,YHR105W,-0.2703,0.1277,6
ileum,YHR106W,0.9553,0.1938,6
ileum,YHR107C,-0.3138,0.3829,6
ileum,YHR108W,-0.1626,0.2499,6
ileum,YHR109W,0.4628,0.3461,6
ileum,YHR110W,0.4072,0.2794,6
ileum,YHR111W,0.604,0.527,6
ileum,YHR112C,0.8774,0.354,6
ileum,YHR113W,0.6124,0.4004,6
ileum,YHR114W,0.313,0.2007,6
ileum,YHR115C,-0.0894,0.3492,6
ileum,YHR116W,0.3988,0.202,6
ileum,YHR117W,0.648,1.6391,6
ileum,YHR118C,-0.4254,0.2788,6
ileum,YHR119W,-0.668,0.4316,6
ileum,YHR120W,-0.6504,0.172,6
ileum,YHR121W,0.1646,0.2489,6
ileum,YHR122W,-0.262,0.4635,6
ileum,YHR123W,-0.0338,0.3732,6
ileum,YHR124W,0.017,0.3077,6
ileum,YHR125W,-0.1606,0.2494,6
ileum,YHR126C,-0.5434,0.3356,6
ileum,YHR127W,-0.2054,0.1973,6
ileum,YHR128W,-0.7922,0.2557,6
ileum,YHR129C,-0.3507,0.1279,6
ileum,YHR130C,-0.1798,0.1893,6
ileum,YHR131C,0.1774,0.376,6
ileum,YHR132C,-0.5462,0.4267,6
ileum,YHR133C,0.1222,0.4194,6
ileum,YHR134W,-0.3536,0.3661,6
ileum,YHR135C,-0.2832,0.2489,6
ileum,YHR136C,-0.3848,0.6198,6
ileum,YHR137W,0.7348,0.5784,6
ileum,YHR138C,1.5738,0.7755,6
ileum,YHR139C,0.3584,1.2892,6
ileum,YHR139C-A,0.2376,0.4691,6
ileum,YHR140W,0.7846,0.6044,6
ileum,YHR141C,-0.5231,0.8113,6
ileum,YHR142W,-0.2897,1.0627,6
ileum,YHR143W,-0.6596,1.0918,6
ileum,YHR143W-A,-0.2512,0.1837,6
ileum,YHR144C,-0.1867,0.4066,6
ileum,YHR145C,-0.0447,1.028,6
ileum,YHR146W,-0.1593,0.5256,6
ileum,YHR147C,0.2513,0.4808,6
ileum,YHR148W,0.4079,1.1238,6
ileum,YHR149C,-0.4076,0.8264,6
ileum,YHR150W,-0.0498,0.5606,6
ileum,YHR151C,-0.6688,0.9872,6
ileum,YHR152W,-0.8043,1.7278,6
ileum,YHR153C,-0.2828,0.4462,6
ileum,YHR154W,-0.3929,0.8571,6
ileum,YHR155W,0.2108,0.4742,6
ileum,YHR156C,0.0933,0.5303,6
ileum,YHR157W,0.5325,0.4076,6
ileum,YHR158C,0.2104,0.2457,6
ileum,YHR159W,0.6555,0.6279,6
ileum,YHR160C,0.0417,1.1383,6
ileum,YHR161C,0.8378,0.7489,6
ileum,YHR162W,-0.0813,0.3466,6
ileum,YHR163W,1.327,1.8623,6
ileum,YHR164C,-1.1705,2.8401,6
ileum,YHR165C,-0.5937,1.1104,6
ileum,YHR166C,-1.3149,2.4441,6
ileum,YHR167W,-0.898,1.082,6
ileum,YHR168W,-1.4959,3.7738,6
ileum,YHR169W,-0.7634,1.3597,6
ileum,YHR170W,-0.7636,0.6442,6
ileum,YHR171W,0.3349,0.4714,6
ileum,YHR172W,-0.3359,0.3282,6
ileum,YHR173C,-0.1977,0.3303,6
ileum,YHR174W,-2.2548,5.0838,6
ileum,YHR175W,-0.2426,0.7384,6
ileum,YHR176W,-0.068,0.5016,6
ileum,YHR177W,-1.036,1.8302,6
ileum,YHR178W,-0.0972,0.9828,6
ileum,YHR179W,0.7903,0.9828,6
ileum,YHR180W,0.6797,0.3052,6
ileum,YHR181W,0.2017,0.7913,6
ileum,YHR182W,-0.3268,0.7806,6
ileum,YHR183W,-0.1061,1.6096,6
ileum,YHR184W,-0.2525,0.8008,6
ileum,YHR185C,0.2773,0.6873,6
ileum,YHR186C,-0.7516,1.9257,6
ileum,YHR187W,-0.0834,0.1799,6
ileum,YHR188C,0.0035,0.3016,6
ileum,YHR189W,-0.0112,0.6912,6
ileum,YHR190W,0.2912,0.1753,6
ileum,YHR191C,-0.1163,0.3759,6
ileum,YHR192W,-0.027,0.2716,6
ileum,YHR193C,-0.6037,0.4858,6
ileum,YHR194W,0.215,0.329,6
ileum,YHR195W,-0.2613,0.3948,6
ileum,YHR196W,-0.9785,0.8222,6
ileum,YHR197W,-1.5471,1.3129,6
ileum,YHR198C,-0.2053,0.5517,6
ileum,YHR199C,0.9463,0.7177,6
ileum,YHR200W,-0.2221,0.3381,6
ileum,YHR201C,-0.0666,0.1927,6
ileum,YHR202W,-0.1663,0.3984,6
ileum,YHR203C,-0.6005,0.4495,6
ileum,YHR204W,-0.1744,0.2933,6
ileum,YHR205W,-0.4913,0.5291,6
ileum,YHR206W,-0.3559,0.3686,6
ileum,YHR207C,-0.9765,0.7556,6
ileum,YHR208W,-0.0756,0.3376,6
ileum,YHR209W,0.8228,0.6039,6
ileum,YHR210C,-0.1323,0.2706,6
ileum,YHR211W,-0.0289,0.8305,6
ileum,YHR212C,-0.0235,0.5743,6
ileum,YHR213W,-0.18,0.503,6
ileum,YHR214C-B,-0.8892,3.6701,6
ileum,YHR214W,-0.3245,0.499,6
ileum,YHR214W-A,0.3178,0.2472,6
ileum,YHR215W,-1.5618,0.9632,6
ileum,YHR216W,-0.6684,0.6452,6
ileum,YHR217C,-0.546,0.3843,6
ileum,YHR218W,-0.1065,0.438,6
ileum,YHR219W,-0.3792,0.4061,6
ileum,YIL001W,0.0691,0.2997,6
ileum,YIL002C,-0.2906,0.3552,6
ileum,YIL003W,0.0871,0.2652,6
ileum,YIL004C,-0.1758,0.1995,6
ileum,YIL005W,0.2191,0.3282,6
ileum,YIL006W,-0.5039,0.2747,6
ileum,YIL007C,-0.0304,0.2336,6
ileum,YIL008W,-0.33,0.3107,6
ileum,YIL009C-A,0.292,0.4611,6
ileum,YIL009W,-0.3923,0.3669,6
ileum,YIL010W,0.2243,0.5276,6
ileum,YIL011W,-0.6283,0.1406,6
ileum,YIL012W,-0.2444,0.4837,6
ileum,YIL013C,-0.1245,0.2454,6
ileum,YIL014W,-0.1446,0.367,6
ileum,YIL015C-A,0.2578,0.6528,6
ileum,YIL015W,-0.9383,0.2243,6
ileum,YIL016W,-0.4412,0.453,6
ileum,YIL017W,0.1763,0.746,6
ileum,YIL018W,-1.0189,1.0265,6
ileum,YIL019W,-0.6829,0.864,6
ileum,YIL020C,-0.948,1.5145,6
ileum,YIL021W,-0.1566,1.273,6
ileum,YIL022W,0.0581,0.6283,6
ileum,YIL023C,0.4569,0.7545,6
ileum,YIL024C,0.6355,1.0148,6
ileum,YIL025C,0.2565,0.5546,6
ileum,YIL026C,0.0279,0.7715,6
ileum,YIL027C,0.0146,0.5497,6
ileum,YIL028W,0.2388,0.6369,6
ileum,YIL029C,0.5927,0.59,6
ileum,YIL030C,0.041,1.2084,6
ileum,YIL031W,0.0288,0.7426,6
ileum,YIL032C,0.4078,0.2271,6
ileum,YIL033C,0.2671,0.4643,6
ileum,YIL034C,0.2847,1.0907,6
ileum,YIL035C,-0.0266,1.2067,6
ileum,YIL036W,0.6757,0.55,6
ileum,YIL037C,0.6148,0.349,6
ileum,YIL038C,-0.0968,0.5745,6
ileum,YIL039W,0.0387,0.3959,6
ileum,YIL040W,0.2147,0.2763,6
ileum,YIL041W,0.1454,0.2501,6
ileum,YIL042C,-0.2928,0.9414,6
ileum,YIL043C,0.1084,0.2135,6
ileum,YIL044C,0.0525,0.1372,6
ileum,YIL045W,-0.4897,2.9186,6
ileum,YIL046W,0.3113,1.1501,6
ileum,YIL047C,-0.3073,0.4408,6
ileum,YIL048W,0.3977,0.3015,6
ileum,YIL049W,-0.8089,2.5003,6
ileum,YIL050W,0.8068,1.1433,6
ileum,YIL051C,-0.2972,0.3724,6
ileum,YIL052C,-0.832,0.5875,6
ileum,YIL053W,-2.1159,2.7037,6
ileum,YIL054W,-0.3374,1.4504,6
ileum,YIL055C,-1.6057,3.8559,6
ileum,YIL056W,0.4432,0.4514,6
ileum,YIL057C,-0.3703,0.7698,6
ileum,YIL058W,-0.0693,0.5617,6
ileum,YIL059C,-0.31,0.6142,6
ileum,YIL060W,-0.7877,2.5903,6
ileum,YIL061C,-0.2554,0.3816,6
ileum,YIL062C,0.5391,0.7675,6
ileum,YIL063C,-0.0809,0.166,6
ileum,YIL064W,-0.2094,1.0286,6
ileum,YIL065C,0.1951,0.4427,6
ileum,YIL066C,0.1913,0.6935,6
ileum,YIL067C,-0.1143,0.4878,6
ileum,YIL068C,0.1583,0.2327,6
ileum,YIL069C,-0.9995,0.723,6
ileum,YIL070C,0.6885,0.4914,6
ileum,YIL071C,0.2505,0.2712,6
ileum,YIL071W,-0.026,0.3379,6
ileum,YIL072W,0.3255,0.5656,6
ileum,YIL073C,0.0104,0.331,6
ileum,YIL074C,0.326,0.274,6
ileum,YIL074W,0.2466,0.2101,6
ileum,YIL075C,0.6999,0.318,6
ileum,YIL076W,0.0612,0.2709,6
ileum,YIL077C,0.2799,0.2473,6
ileum,YIL078W,-0.1513,0.328,6
ileum,YIL079C,-0.5652,0.4909,6
ileum,YIL080W,0.1633,0.1674,6
ileum,YIL082W,-0.2149,0.4352,6
ileum,YIL082W-A,-0.3238,2.0532,6
ileum,YIL083C,-0.2087,0.3441,6
ileum,YIL084C,0.0751,0.3344,6
ileum,YIL085C,-0.1183,0.2408,6
ileum,YIL086C,0.0447,0.4377,6
ileum,YIL087C,0.1842,0.3764,6
ileum,YIL088C,0.1935,0.2594,6
ileum,YIL089W,0.2031,0.2725,6
ileum,YIL090W,-0.2644,0.4032,6
ileum,YIL091C,-0.4301,0.2345,6
ileum,YIL092W,-0.3762,0.4248,6
ileum,YIL093C,-0.2144,0.2105,6
ileum,YIL094C,0.0103,0.9365,6
ileum,YIL095W,0.0429,0.3617,6
ileum,YIL096C,-0.5042,0.7717,6
ileum,YIL097W,0.8539,0.6023,6
ileum,YIL098C,0.1817,0.4864,6
ileum,YIL099W,0.237,0.3939,6
ileum,YIL100W,-0.0191,0.2138,6
ileum,YIL101C,0.8878,0.6099,6
ileum,YIL102C,-0.5412,0.1,6
ileum,YIL103W,-0.3323,0.1781,6
ileum,YIL104C,-0.7203,0.2577,6
ileum,YIL105C,0.0179,0.2677,6
ileum,YIL106W,-0.3705,0.2768,6
ileum,YIL107C,0.6615,0.3758,6
ileum,YIL108W,-0.2306,0.3364,6
ileum,YIL109C,-0.1574,0.2014,6
ileum,YIL110W,-0.7937,0.3964,6
ileum,YIL111W,0.1872,0.4691,6
ileum,YIL112W,-0.3252,0.1715,6
ileum,YIL113W,0.5571,0.3924,6
ileum,YIL114C,0.2468,0.4797,6
ileum,YIL115C,0.1307,0.2348,6
ileum,YIL116W,0.481,0.9622,6
ileum,YIL117C,0.8208,0.6618,6
ileum,YIL118W,-0.2683,1.2533,6
ileum,YIL119C,-0.0221,0.5646,6
ileum,YIL120W,0.0791,1.066,6
ileum,YIL121W,0.3573,0.3585,6
ileum,YIL122W,0.2188,0.7595,6
ileum,YIL123W,-0.3911,0.3329,6
ileum,YIL124W,0.3302,1.0253,6
ileum,YIL125W,0.0383,0.8491,6
ileum,YIL126W,0.5547,1.077,6
ileum,YIL127C,-0.6971,0.4321,6
ileum,YIL128W,0.3597,0.2337,6
ileum,YIL129C,-0.0405,0.3192,6
ileum,YIL130W,-0.4714,1.0774,6
ileum,YIL131C,-0.313,0.4117,6
ileum,YIL132C,-0.3333,0.3187,6
ileum,YIL133C,-1.0532,1.4489,6
ileum,YIL134W,-0.1239,0.2551,6
ileum,YIL135C,0.1416,0.1067,6
ileum,YIL136W,1.3057,0.566,6
ileum,YIL137C,-0.0765,1.0355,6
ileum,YIL138C,0.2612,0.2878,6
ileum,YIL139C,-0.1217,0.7767,6
ileum,YIL140W,-1.203,2.9813,6
ileum,YIL141W,-0.4075,1.3261,6
ileum,YIL142W,-0.0173,0.2656,6
ileum,YIL143C,0.4302,0.8386,6
ileum,YIL144W,-0.014,0.1826,6
ileum,YIL145C,-0.1364,0.6994,6
ileum,YIL146C,0.2178,0.1477,6
ileum,YIL147C,-0.2152,0.5323,6
ileum,YIL148W,-0.4521,0.2516,6
ileum,YIL149C,-0.0693,0.2136,6
ileum,YIL150C,-0.272,0.393,6
ileum,YIL151C,0.1633,0.2005,6
ileum,YIL152W,0.1766,0.4919,6
ileum,YIL153W,-0.2821,0.8494,6
ileum,YIL154C,0.2536,0.2795,6
ileum,YIL155C,0.7473,0.6979,6
ileum,YIL156W,0.5317,0.3934,6
ileum,YIL157C,-0.798,1.4154,6
ileum,YIL158W,-0.7244,0.615,6
ileum,YIL159W,0.4857,0.5169,6
ileum,YIL160C,-0.6755,0.5843,6
ileum,YIL161W,-0.2197,2.3814,6
ileum,YIL162W,0.1209,0.3199,6
ileum,YIL163C,0.122,0.2658,6
ileum,YIL164C,0.32,0.3774,6
ileum,YIL165C,0.5378,0.5293,6
ileum,YIL166C,0.431,0.2632,6
ileum,YIL167W,1.4109,0.7714,6
ileum,YIL168W,0.4706,0.3531,6
ileum,YIL169C,0.2022,0.3151,6
ileum,YIL170W,0.4426,0.5399,6
ileum,YIL171W,0.0401,0.4937,6
ileum,YIL172C,0.2686,0.2498,6
ileum,YIL173W,-0.1335,0.2292,6
ileum,YIL174W,0.1561,0.2159,6
ileum,YIL175W,-0.1012,0.5006,6
ileum,YIL176C,0.4799,0.5597,6
ileum,YIL177C,0.0423,0.3732,6
ileum,YIR001C,-0.0911,0.2039,6
ileum,YIR002C,0.0021,0.3773,6
ileum,YIR003W,-0.0175,0.2858,6
ileum,YIR004W,-0.086,0.3715,6
ileum,YIR005W,0.5889,0.3924,6
ileum,YIR006C,-0.0026,0.2138,6
ileum,YIR007W,0.1566,0.1826,6
ileum,YIR008C,0.0152,0.2371,6
ileum,YIR009W,0.1943,0.2025,6
ileum,YIR010W,-0.5048,0.2408,6
ileum,YIR011C,0.1039,0.2491,6
ileum,YIR012W,-0.9289,0.4621,6
ileum,YIR013C,-0.1571,0.3417,6
ileum,YIR014W,-0.0711,0.2383,6
ileum,YIR015W,-0.0911,0.3241,6
ileum,YIR016W,0.1313,0.3788,6
ileum,YIR017C,0.3091,0.5514,6
ileum,YIR018W,-0.1982,0.435,6
ileum,YIR019C,-0.0869,0.3,6
ileum,YIR020C,-0.2578,0.3235,6
ileum,YIR021W,-0.3992,0.1902,6
ileum,YIR022W,-0.2161,0.3782,6
ileum,YIR023W,-0.2473,0.1306,6
ileum,YIR024C,0.4771,0.4434,6
ileum,YIR025W,-0.5967,0.3036,6
ileum,YIR026C,-0.217,0.371,6
ileum,YIR027C,-0.3884,0.4933,6
ileum,YIR028W,-0.0502,0.2175,6
ileum,YIR029W,-0.4504,0.3184,6
ileum,YIR030C,0.2276,0.1922,6
ileum,YIR031C,-0.0535,0.2541,6
ileum,YIR032C,-0.0973,0.3535,6
ileum,YIR033W,0.2284,0.7049,6
ileum,YIR034C,0.7173,0.4699,6
ileum,YIR035C,0.3404,0.3818,6
ileum,YIR036C,0.6487,0.7017,6
ileum,YIR037W,0.7557,1.2667,6
ileum,YIR038C,1.6466,0.8404,6
ileum,YIR039C,0.6642,0.8905,6
ileum,YIR040C,1.0384,0.4399,6
ileum,YIR041W,0.2122,0.7627,6
ileum,YIR042C,0.4038,0.5512,6
ileum,YIR043C,0.4456,1.0948,6
ileum,YIR044C,0.8742,0.3541,6
ileum,YJL001W,0.2787,1.6073,6
ileum,YJL002C,-0.1989,1.3866,6
ileum,YJL003W,0.6154,0.6398,6
ileum,YJL004C,0.345,0.6994,6
ileum,YJL005W,0.6121,0.4899,6
ileum,YJL006C,-0.2477,0.7174,6
ileum,YJL007C,-0.1016,0.8607,6
ileum,YJL008C,0.1681,0.7982,6
ileum,YJL009W,-0.3764,1.3353,6
ileum,YJL010C,-0.19,0.209,6
ileum,YJL011C,-1.045,1.4951,6
ileum,YJL012C,-0.2172,1.2375,6
ileum,YJL013C,-0.1986,0.1488,6
ileum,YJL014W,-0.1522,0.6403,6
ileum,YJL015C,0.7677,0.49,6
ileum,YJL016W,0.5008,0.7094,6
ileum,YJL017W,0.9689,0.6445,6
ileum,YJL018W,-0.394,0.8381,6
ileum,YJL019W,-0.8419,3.0343,6
ileum,YJL020C,0.7385,0.5574,6
ileum,YJL021C,0.8404,0.3009,6
ileum,YJL022W,0.8062,0.9961,6
ileum,YJL023C,0.4724,0.1774,6
ileum,YJL024C,0.0014,0.5793,6
ileum,YJL025W,-0.6999,0.6343,6
ileum,YJL026W,0.4899,2.0655,6
ileum,YJL027C,-0.1726,0.3089,6
ileum,YJL028W,-0.1467,1.7721,6
ileum,YJL029C,-0.0539,0.2387,6
ileum,YJL030W,0.158,0.4158,6
ileum,YJL031C,-0.1378,3.111,6
ileum,YJL032W,0.7253,0.939,6
ileum,YJL033W,0.1164,0.266,6
ileum,YJL034W,0.3612,0.5207,6
ileum,YJL035C,0.3512,0.2544,6
ileum,YJL036W,-0.0091,2.4161,6
ileum,YJL037W,0.464,0.5539,6
ileum,YJL038C,0.1561,0.3675,6
ileum,YJL039C,-0.4333,1.604,6
ileum,YJL041W,-0.0098,0.2847,6
ileum,YJL042W,0.3772,0.2911,6
ileum,YJL043W,-0.1339,0.3153,6
ileum,YJL044C,-0.0834,0.22,6
ileum,YJL045W,0.1315,0.5088,6
ileum,YJL046W,0.6632,0.369,6
ileum,YJL047C,-0.01,0.1909,6
ileum,YJL048C,0.6996,0.452,6
ileum,YJL049W,0.2943,0.2373,6
ileum,YJL050W,-0.3642,0.7334,6
ileum,YJL051W,-0.3967,0.3615,6
ileum,YJL052W,0.2868,0.2635,6
ileum,YJL053W,0.3803,0.2539,6
ileum,YJL054W,-0.1795,0.4496,6
ileum,YJL055W,0.0355,0.2661,6
ileum,YJL056C,-0.1223,0.2711,6
ileum,YJL057C,0.9203,0.321,6
ileum,YJL058C,-0.1506,0.2967,6
ileum,YJL059W,0.3466,0.1869,6
ileum,YJL060W,0.4536,0.1268,6
ileum,YJL061W,-0.5024,1.4851,6
ileum,YJL062W,-0.1951,0.2312,6
ileum,YJL063C,-0.2265,0.3169,6
ileum,YJL064W,-0.1087,0.2346,6
ileum,YJL065C,-0.4217,0.282,6
ileum,YJL066C,0.459,0.2419,6
ileum,YJL067W,-0.0085,0.2036,6
ileum,YJL068C,0.3253,0.244,6
ileum,YJL069C,-1.1849,0.7463,6
ileum,YJL070C,0.6922,0.5788,6
ileum,YJL071W,0.0723,0.1,6
ileum,YJL072C,0.1836,0.1694,6
ileum,YJL073W,-0.1127,0.2224,6
ileum,YJL074C,-0.0159,0.1448,6
ileum,YJL075C,-0.3345,0.2498,6
ileum,YJL076W,-0.2606,0.1995,6
ileum,YJL077C,0.3145,0.2691,6
ileum,YJL078C,-0.2236,0.34,6
ileum,YJL079C,0.0971,0.3972,6
ileum,YJL080C,-0.1683,0.1924,6
ileum,YJL081C,-0.2091,0.2743,6
ileum,YJL082W,0.2429,0.1,6
ileum,YJL083W,-0.1681,0.1576,6
ileum,YJL084C,0.1245,0.2367,6
ileum,YJL085W,0.2499,0.1407,6
ileum,YJL086C,0.004,1.1469,6
ileum,YJL087C,0.1143,0.3959,6
ileum,YJL088W,1.1427,0.9444,6
ileum,YJL089W,1.7067,0.7802,6
ileum,YJL090C,0.5684,0.6631,6
ileum,YJL091C,0.0683,0.4467,6
ileum,YJL092W,-0.2932,1.3798,6
ileum,YJL093C,0.1447,0.7952,6
ileum,YJL094C,0.218,1.0625,6
ileum,YJL095W,0.012,1.4266,6
ileum,YJL096W,0.3677,0.8594,6
ileum,YJL098W,0.774,1.909,6
ileum,YJL099W,0.8098,0.4587,6
ileum,YJL100W,0.9155,0.5376,6
ileum,YJL101C,2.2483,0.7741,6
ileum,YJL102W,0.7052,0.8616,6
ileum,YJL103C,0.5873,1.5061,6
ileum,YJL104W,0.1243,0.5071,6
ileum,YJL105W,-0.403,0.9366,6
ileum,YJL106W,1.0353,0.6612,6
ileum,YJL107C,0.2654,1.0995,6
ileum,YJL108C,-0.4,1.288,6
ileum,YJL109C,-0.7304,0.7714,6
ileum,YJL110C,-1.37,3.0638,6
ileum,YJL111W,-0.4257,1.004,6
ileum,YJL112W,-1.6247,3.9718,6
ileum,YJL113W,0.2544,0.1927,6
ileum,YJL114W,0.098,0.3777,6
ileum,YJL115W,0.2264,0.2128,6
ileum,YJL116C,0.3194,0.345,6
ileum,YJL117W,-0.049,0.1411,6
ileum,YJL118W,-1.3936,2.4196,6
ileum,YJL119C,0.0708,0.2642,6
ileum,YJL120W,-0.3132,1.1291,6
ileum,YJL121C,-0.4418,0.3347,6
ileum,YJL122W,-2.6688,3.184,6
ileum,YJL123C,-0.8222,2.3169,6
ileum,YJL124C,-1.7237,3.4583,6
ileum,YJL125C,-0.5368,0.2729,6
ileum,YJL126W,0.0398,0.1353,6
ileum,YJL127C,-0.5748,1.2078,6
ileum,YJL128C,0.098,0.1877,6
ileum,YJL129C,-0.6873,0.8441,6
ileum,YJL130C,-0.2299,0.2705,6
ileum,YJL131C,0.6145,0.403,6
ileum,YJL132W,-0.6628,3.0787,6
ileum,YJL133W,-1.527,3.5837,6
ileum,YJL134W,-0.2376,0.434,6
ileum,YJL135W,-0.4314,0.432,6
ileum,YJL136C,-0.9323,0.6016,6
ileum,YJL137C,-0.397,0.5202,6
ileum,YJL138C,-0.5084,0.6218,6
ileum,YJL139C,-0.079,0.3114,6
ileum,YJL140W,0.1582,0.3171,6
ileum,YJL141C,0.2262,0.3424,6
ileum,YJL142C,0.3408,0.1151,6
ileum,YJL143W,-0.0045,0.4138,6
ileum,YJL144W,0.4798,0.4288,6
ileum,YJL145W,0.3966,0.4696,6
ileum,YJL146W,0.2335,0.3898,6
ileum,YJL147C,-0.0224,0.367,6
ileum,YJL148W,-1.2558,0.8903,6
ileum,YJL149W,-0.9872,2.5167,6
ileum,YJL150W,-2.087,0.25,6
ileum,YJL151C,0.4054,0.3443,6
ileum,YJL152W,-0.092,0.472,6
ileum,YJL153C,-0.553,1.5115,6
ileum,YJL154C,0.0962,0.2027,6
ileum,YJL155C,1.348,0.5154,6
ileum,YJL156C,-0.1663,0.1,6
ileum,YJL157C,-1.053,0.1689,6
ileum,YJL158C,-0.368,0.5056,6
ileum,YJL159W,-0.1936,0.4046,6
ileum,YJL160C,0.724,0.25,6
ileum,YJL161W,1.398,1.1421,6
ileum,YJL162C,-0.3663,0.1088,6
ileum,YJL163C,0.3924,0.3535,6
ileum,YJL164C,1.4806,0.8906,6
ileum,YJL165C,0.033,0.2622,6
ileum,YJL166W,0.172,0.3774,6
ileum,YJL167W,-0.1254,0.2565,6
ileum,YJL168C,0.3135,0.723,6
ileum,YJL169W,-0.3116,0.3812,6
ileum,YJL170C,0.336,1.2584,6
ileum,YJL171C,0.4145,0.2307,6
ileum,YJL172W,0.2664,0.3706,6
ileum,YJL173C,0.3874,0.2894,6
ileum,YJL174W,-0.0552,0.2545,6
ileum,YJL175W,-0.2972,0.442,6
ileum,YJL176C,-0.1048,0.2871,6
ileum,YJL177W,-0.8134,0.4724,6
ileum,YJL178C,-0.2636,0.3069,6
ileum,YJL179W,-0.0732,0.1982,6
ileum,YJL180C,0.6062,0.6549,6
ileum,YJL181W,0.2158,0.2201,6
ileum,YJL182C,-0.4665,1.8055,6
ileum,YJL183W,-0.0924,0.1619,6
ileum,YJL184W,-0.8652,2.3063,6
ileum,YJL185C,0.4728,0.2923,6
ileum,YJL186W,0.035,0.26,6
ileum,YJL187C,0.187,0.2399,6
ileum,YJL188C,0.1342,0.8036,6
ileum,YJL189W,-0.1642,0.3592,6
ileum,YJL190C,-0.3834,0.3619,6
ileum,YJL191W,-1.1117,1.5105,6
ileum,YJL192C,-0.3918,1.6675,6
ileum,YJL193W,-0.0042,0.2834,6
ileum,YJL194W,-0.2292,0.3958,6
ileum,YJL195C,0.0062,0.4212,6
ileum,YJL196C,0.834,0.2618,6
ileum,YJL197W,0.2948,0.3106,6
ileum,YJL198W,-0.7263,0.5497,6
ileum,YJL199C,0.5593,0.2998,6
ileum,YJL200C,0.2992,0.577,6
ileum,YJL201W,-0.1192,1.1358,6
ileum,YJL202C,0.0312,0.6585,6
ileum,YJL203W,-0.1705,1.0262,6
ileum,YJL204C,0.0895,0.2844,6
ileum,YJL205C-A,-0.5732,2.8805,6
ileum,YJL206C,0.6823,0.8485,6
ileum,YJL207C,-1.022,2.0145,6
ileum,YJL208C,-0.6782,0.4481,6
ileum,YJL209W,-0.5553,1.4353,6
ileum,YJL210W,-0.353,1.6193,6
ileum,YJL211C,0.5178,1.0741,6
ileum,YJL212C,0.2388,0.9293,6
ileum,YJL213W,0.0198,0.9856,6
ileum,YJL214W,-0.0152,0.5733,6
ileum,YJL215C,0.2538,1.1751,6
ileum,YJL216C,0.2652,0.5364,6
ileum,YJL217W,-0.7788,1.5382,6
ileum,YJL218W,-0.8388,1.595,6
ileum,YJL219W,-0.4056,1.1697,6
ileum,YJL220W,-0.1929,0.447,6
ileum,YJL221C,-1.0438,2.399,6
ileum,YJL222W,-0.688,2.276,6
ileum,YJL223C,0.2026,0.5045,6
ileum,YJL225C,-0.6718,1.8078,6
ileum,YJR001W,-1.0675,3.5856,6
ileum,YJR002W,-1.7915,2.0723,6
ileum,YJR003C,-1.8523,3.36,6
ileum,YJR004C,-0.6767,1.9702,6
ileum,YJR005W,0.5038,0.767,6
ileum,YJR006W,0.0308,0.3307,6
ileum,YJR007W,-0.0092,0.2815,6
ileum,YJR008W,0.3238,0.8749,6
ileum,YJR009C,-0.09,0.4024,6
ileum,YJR010C-A,-0.0566,0.313,6
ileum,YJR010W,0.2684,0.2254,6
ileum,YJR011C,0.3944,0.4187,6
ileum,YJR012C,-0.1096,0.3281,6
ileum,YJR013W,0.2054,0.3901,6
ileum,YJR014W,-0.0358,0.2139,6
ileum,YJR015W,-0.0514,0.2202,6
ileum,YJR016C,-0.3494,0.4913,6
ileum,YJR017C,-0.0936,0.3489,6
ileum,YJR018W,-0.2372,0.5536,6
ileum,YJR019C,-0.0176,0.2862,6
ileum,YJR020W,-0.0788,0.4745,6
ileum,YJR021C,0.043,0.5782,6
ileum,YJR022W,0.2258,0.2009,6
ileum,YJR023C,-0.0638,0.1101,6
ileum,YJR024C,0.0334,0.3886,6
ileum,YJR025C,1.6002,0.5214,6
ileum,YJR026W,0.3546,0.33,6
ileum,YJR027W,0.2568,0.3084,6
ileum,YJR028W,0.3496,0.3629,6
ileum,YJR029W,0.2452,0.3181,6
ileum,YJR030C,-0.5674,0.2618,6
ileum,YJR031C,-0.5082,0.4766,6
ileum,YJR032W,-0.572,0.2261,6
ileum,YJR033C,0.0302,0.1917,6
ileum,YJR034W,0.0724,0.4765,6
ileum,YJR035W,0.314,0.2774,6
ileum,YJR036C,0.4854,0.4558,6
ileum,YJR037W,0.2044,0.2501,6
ileum,YJR038C,-0.3034,0.2651,6
ileum,YJR039W,0.489,0.5768,6
ileum,YJR040W,-0.3398,0.3824,6
ileum,YJR041C,-0.8932,0.762,6
ileum,YJR042W,0.0121,0.1298,6
ileum,YJR043C,-0.2496,0.3551,6
ileum,YJR044C,0.7936,0.6229,6
ileum,YJR045C,0.5794,0.6711,6
ileum,YJR046W,-0.2046,0.3735,6
ileum,YJR047C,-0.8478,0.3226,6
ileum,YJR048W,2.0586,0.3268,6
ileum,YJR049C,-0.07,0.1507,6
ileum,YJR050W,-0.0064,0.2365,6
ileum,YJR051W,0.194,0.4998,6
ileum,YJR052W,0.3086,0.4858,6
ileum,YJR053W,-0.9175,2.4211,6
ileum,YJR054W,0.071,0.1883,6
ileum,YJR055W,0.3432,0.6265,6
ileum,YJR056C,-0.4696,0.4579,6
ileum,YJR057W,-0.3903,2.6521,6
ileum,YJR058C,0.1816,0.3129,6
ileum,YJR059W,0.522,1.2226,6
ileum,YJR060W,-0.3168,0.2126,6
ileum,YJR061W,0.4452,0.5803,6
ileum,YJR062C,0.0715,1.3842,6
ileum,YJR063W,-0.5952,0.6859,6
ileum,YJR064W,-0.2508,1.0201,6
ileum,YJR065C,0.323,0.563,6
ileum,YJR066W,-0.1308,0.9698,6
ileum,YJR067C,0.6352,0.2341,6
ileum,YJR068W,-0.0836,0.2293,6
ileum,YJR069C,-0.1557,0.246,6
ileum,YJR070C,-0.7737,0.9184,6
ileum,YJR071W,-0.2107,0.9837,6
ileum,YJR072C,0.0428,0.3506,6
ileum,YJR073C,0.4843,0.2805,6
ileum,YJR074W,0.4002,0.582,6
ileum,YJR075W,-0.5083,1.6473,6
ileum,YJR076C,-0.247,0.7379,6
ileum,YJR077C,-0.4818,0.545,6
ileum,YJR078W,0.1222,0.3969,6
ileum,YJR079W,-0.5625,2.2615,6
ileum,YJR080C,-0.0638,1.1336,6
ileum,YJR082C,-0.7822,1.8437,6
ileum,YJR083C,-0.2775,0.5826,6
ileum,YJR084W,-0.1428,0.2217,6
ileum,YJR085C,-0.2017,2.1318,6
ileum,YJR086W,-1.587,4.7125,6
ileum,YJR087W,0.3128,0.3376,6
ileum,YJR088C,0.1924,0.2561,6
ileum,YJR089W,-0.7633,2.4454,6
ileum,YJR090C,-0.6979,2.554,6
ileum,YJR091C,0.4228,0.9542,6
ileum,YJR092W,-1.6615,2.4553,6
ileum,YJR093C,-0.1458,0.5894,6
ileum,YJR094C,-1.0163,2.1825,6
ileum,YJR094W-A,-0.7158,0.6241,6
ileum,YJR095W,0.864,0.5837,6
ileum,YJR096W,0.3768,2.8086,6
ileum,YJR097W,-0.5708,0.7501,6
ileum,YJR098C,-0.6765,1.6881,6
ileum,YJR099W,-0.9333,3.3472,6
ileum,YJR100C,0.3568,0.2808,6
ileum,YJR101W,-0.9051,2.2107,6
ileum,YJR102C,0.6276,0.3842,6
ileum,YJR103W,-0.2984,0.5444,6
ileum,YJR104C,2.0274,0.4736,6
ileum,YJR105W,0.2306,0.4558,6
ileum,YJR106W,0.962,0.4503,6
ileum,YJR107W,0.4366,0.4533,6
ileum,YJR108W,0.4962,0.2199,6
ileum,YJR109C,1.3642,0.6762,6
ileum,YJR110W,0.7684,0.2893,6
ileum,YJR111C,-0.4734,1.7839,6
ileum,YJR112W,-0.2824,0.8202,6
ileum,YJR113C,-0.0036,0.6348,6
ileum,YJR114W,-0.2624,0.574,6
ileum,YJR115W,0.11,0.4771,6
ileum,YJR116W,-0.4376,0.4643,6
ileum,YJR117W,0.258,0.2751,6
ileum,YJR118C,0.174,0.314,6
ileum,YJR119C,0.2284,0.4429,6
ileum,YJR120W,0.2263,0.2565,6
ileum,YJR121W,0.063,0.9782,6
ileum,YJR122W,0.8108,0.3619,6
ileum,YJR123W,-0.7354,0.5622,6
ileum,YJR124C,-0.373,0.3591,6
ileum,YJR125C,0.2194,0.2301,6
ileum,YJR126C,0.1234,0.2763,6
ileum,YJR127C,0.1005,0.2881,6
ileum,YJR128W,-0.3785,0.5422,6
ileum,YJR129C,-0.5964,0.3008,6
ileum,YJR130C,0.8696,0.3763,6
ileum,YJR131W,-0.403,0.1045,6
ileum,YJR132W,-0.3254,0.3277,6
ileum,YJR133W,-0.1362,0.5432,6
ileum,YJR134C,0.198,0.294,6
ileum,YJR135C,-0.3086,0.3422,6
ileum,YJR136C,-0.0597,0.313,6
ileum,YJR137C,-0.2696,0.2177,6
ileum,YJR138W,0.2573,0.5042,6
ileum,YJR139C,0.255,0.3654,6
ileum,YJR140C,0.196,1.1092,6
ileum,YJR141W,-0.2582,0.1738,6
ileum,YJR142W,0.5,0.6111,6
ileum,YJR143C,-0.348,0.1576,6
ileum,YJR144W,-0.5,0.6756,6
ileum,YJR145C,-0.8166,0.4253,6
ileum,YJR146W,0.0674,0.5336,6
ileum,YJR147W,-0.7806,0.544,6
ileum,YJR148W,0.2506,0.1242,6
ileum,YJR149W,0.2952,0.4121,6
ileum,YJR150C,-0.1442,0.7078,6
ileum,YJR151C,-0.4854,1.4048,6
ileum,YJR152W,-0.4527,2.0583,6
ileum,YJR153W,0.3392,0.1864,6
ileum,YJR154W,0.4752,0.2636,6
ileum,YJR155W,0.9878,1.2151,6
ileum,YJR156C,0.4554,0.7365,6
ileum,YJR157W,0.7192,0.4606,6
ileum,YJR158W,0.503,0.1619,6
ileum,YJR159W,0.6924,0.39,6
ileum,YJR160C,0.0031,0.5403,6
ileum,YJR161C,-0.5312,3.5552,6
ileum,YJR162C,0.3595,0.316,6
ileum,YKL001C,0.4915,0.5814,6
ileum,YKL002W,0.1017,0.9233,6
ileum,YKL003C,-0.2082,3.2879,6
ileum,YKL004W,-1.42,2.8352,6
ileum,YKL005C,-0.2043,0.8616,6
ileum,YKL006C-A,0.303,0.5121,6
ileum,YKL006W,-0.847,1.0749,6
ileum,YKL007W,0.6812,0.5493,6
ileum,YKL008C,-1.2017,2.3513,6
ileum,YKL009W,-1.1577,0.7989,6
ileum,YKL010C,0.0523,1.2591,6
ileum,YKL011C,-1.054,3.4064,6
ileum,YKL012W,0.2568,0.1356,6
ileum,YKL013C,-0.8402,3.1129,6
ileum,YKL014C,-0.7193,1.4852,6
ileum,YKL015W,-1.212,4.4128,6
ileum,YKL016C,-0.9895,3.1576,6
ileum,YKL017C,-0.8042,2.2705,6
ileum,YKL018W,-0.1022,0.4732,6
ileum,YKL019W,-0.0464,0.3289,6
ileum,YKL020C,0.1158,0.5003,6
ileum,YKL021C,-0.7622,0.3661,6
ileum,YKL022C,-0.842,3.0177,6
ileum,YKL023W,0.896,0.5938,6
ileum,YKL024C,0.0122,0.4927,6
ileum,YKL025C,0.6036,0.5987,6
ileum,YKL026C,1.4888,1.5687,6
ileum,YKL027W,-1.936,3.706,6
ileum,YKL028W,-1.0087,2.8231,6
ileum,YKL029C,-1.4047,1.4935,6
ileum,YKL030W,-1.7175,2.5841,6
ileum,YKL031W,0.0307,1.1562,6
ileum,YKL032C,-0.541,1.7377,6
ileum,YKL033W,-0.3767,1.7326,6
ileum,YKL034W,0.719,0.6692,6
ileum,YKL035W,1.3538,1.0045,6
ileum,YKL036C,0.4668,0.3812,6
ileum,YKL037W,0.791,0.645,6
ileum,YKL038W,0.0556,0.4683,6
ileum,YKL039W,0.6106,0.2655,6
ileum,YKL040C,0.2292,0.3911,6
ileum,YKL041W,0.0982,0.3596,6
ileum,YKL042W,-0.5166,0.7829,6
ileum,YKL043W,-0.6392,0.7883,6
ileum,YKL044W,-0.4524,0.7203,6
ileum,YKL045W,-0.1506,0.4671,6
ileum,YKL046C,-0.183,0.5093,6
ileum,YKL047W,-0.12,0.291,6
ileum,YKL048C,-0.3196,0.2947,6
ileum,YKL049C,-0.1208,0.3249,6
ileum,YKL050C,-0.2038,0.9055,6
ileum,YKL051W,0.679,0.7807,6
ileum,YKL052C,0.1154,0.3746,6
ileum,YKL053W,0.0558,0.3053,6
ileum,YKL054C,0.0924,0.2047,6
ileum,YKL055C,-0.6645,0.8548,6
ileum,YKL056C,-0.824,0.5265,6
ileum,YKL057C,-0.1286,0.2081,6
ileum,YKL058W,0.1162,0.2359,6
ileum,YKL059C,0.22,0.3072,6
ileum,YKL060C,-0.3932,0.1942,6
ileum,YKL061W,0.4186,0.4691,6
ileum,YKL062W,0.4072,0.6099,6
ileum,YKL063C,0.1518,0.267,6
ileum,YKL064W,0.6316,0.5231,6
ileum,YKL065C,1.156,0.811,6
ileum,YKL066W,0.4953,0.3718,6
ileum,YKL067W,1.0103,0.3254,6
ileum,YKL068W,-0.3626,0.1979,6
ileum,YKL069W,-0.0878,0.1515,6
ileum,YKL070W,0.5036,0.2226,6
ileum,YKL071W,3.263,1.941,6
ileum,YKL072W,-0.4482,0.2224,6
ileum,YKL073W,0.1452,0.246,6
ileum,YKL074C,-0.337,0.2663,6
ileum,YKL075C,0.0536,0.2614,6
ileum,YKL076C,-0.2322,0.3189,6
ileum,YKL077W,0.1602,0.3476,6
ileum,YKL078W,-1.6214,1.4091,6
ileum,YKL079W,0.4062,0.4296,6
ileum,YKL080W,-0.008,0.1359,6
ileum,YKL081W,-0.8242,0.4547,6
ileum,YKL082C,-1.6288,0.9848,6
ileum,YKL083W,-0.5849,0.3675,6
ileum,YKL084W,0.2576,0.3502,6
ileum,YKL085W,0.4878,0.795,6
ileum,YKL086W,0.6322,0.8695,6
ileum,YKL087C,1.2367,0.5357,6
ileum,YKL088W,0.687,0.9325,6
ileum,YKL089W,-0.056,0.5967,6
ileum,YKL090W,0.5975,0.3652,6
ileum,YKL091C,1.092,1.2567,6
ileum,YKL092C,0.4011,0.5162,6
ileum,YKL093W,0.7807,0.5321,6
ileum,YKL094W,0.6921,0.5569,6
ileum,YKL095W,0.3834,0.1812,6
ileum,YKL096W,0.9834,1.168,6
ileum,YKL096W-A,-1.3577,2.7925,6
ileum,YKL097C,0.3983,0.2811,6
ileum,YKL098W,-0.7267,2.112,6
ileum,YKL099C,-0.7468,0.8593,6
ileum,YKL100C,-0.0035,3.3781,6
ileum,YKL101W,0.897,0.9106,6
ileum,YKL102C,0.6918,0.6552,6
ileum,YKL103C,3.2645,1.5504,6
ileum,YKL104C,-1.3085,4.3721,6
ileum,YKL105C,1.1203,1.0154,6
ileum,YKL106W,0.084,1.6906,6
ileum,YKL107W,0.0028,0.7088,6
ileum,YKL108W,-1.0507,2.8287,6
ileum,YKL109W,-0.9142,1.9834,6
ileum,YKL110C,-1.8833,2.8465,6
ileum,YKL111C,-0.327,0.3084,6
ileum,YKL112W,-1.2195,2.8738,6
ileum,YKL113C,-0.6784,1.6333,6
ileum,YKL114C,-1.2118,3.703,6
ileum,YKL115C,-0.4387,1.8752,6
ileum,YKL116C,-1.2025,2.426,6
ileum,YKL117W,-0.3292,2.6165,6
ileum,YKL118W,0.745,1.4264,6
ileum,YKL119C,-1.1025,3.6068,6
ileum,YKL120W,0.3893,0.6239,6
ileum,YKL121W,1.0162,0.3955,6
ileum,YKL122C,-0.09,0.3121,6
ileum,YKL123W,0.0264,0.5962,6
ileum,YKL124W,0.873,1.3239,6
ileum,YKL125W,-1.483,2.5634,6
ileum,YKL126W,0.7278,0.7296,6
ileum,YKL127W,-1.606,4.0357,6
ileum,YKL128C,0.7325,1.0952,6
ileum,YKL129C,-0.2067,2.2572,6
ileum,YKL130C,-0.1136,0.3968,6
ileum,YKL131W,-0.4763,0.4936,6
ileum,YKL132C,-0.6623,0.927,6
ileum,YKL133C,1.4838,1.227,6
ileum,YKL134C,0.2656,0.3647,6
ileum,YKL135C,0.3584,0.2578,6
ileum,YKL136W,0.5038,0.1,6
ileum,YKL137W,0.4962,0.3334,6
ileum,YKL138C,0.8816,0.252,6
ileum,YKL139W,0.322,0.2582,6
ileum,YKL140W,0.5144,0.1466,6
ileum,YKL141W,0.3102,0.3424,6
ileum,YKL142W,1.5878,0.6749,6
ileum,YKL143W,-1.875,1.9502,6
ileum,YKL144C,-0.502,0.7867,6
ileum,YKL145W,0.5448,0.3328,6
ileum,YKL146W,0.442,0.2364,6
ileum,YKL147C,0.4734,0.2455,6
ileum,YKL148C,0.33,0.6794,6
ileum,YKL149C,-0.1538,0.3227,6
ileum,YKL150W,1.2222,0.6655,6
ileum,YKL151C,0.2762,0.8386,6
ileum,YKL152C,-0.0276,0.2382,6
ileum,YKL153W,-0.1294,0.4146,6
ileum,YKL154W,-0.4172,0.3169,6
ileum,YKL155C,-0.0002,0.3659,6
ileum,YKL156W,-0.6234,0.4589,6
ileum,YKL157W,0.442,0.5131,6
ileum,YKL158W,0.1606,0.3195,6
ileum,YKL159C,0.3954,0.2888,6
ileum,YKL160W,0.173,0.3495,6
ileum,YKL161C,0.619,0.5178,6
ileum,YKL162C,0.9222,0.248,6
ileum,YKL163W,-0.622,0.471,6
ileum,YKL164C,-0.4326,0.5957,6
ileum,YKL165C,0.0676,0.1504,6
ileum,YKL166C,0.0784,0.1001,6
ileum,YKL167C,0.8518,0.5631,6
ileum,YKL168C,0.5518,0.4067,6
ileum,YKL169C,0.198,0.2662,6
ileum,YKL170W,0.7096,0.2765,6
ileum,YKL171W,0.03,0.4255,6
ileum,YKL172W,-1.1924,0.7402,6
ileum,YKL173W,-0.1318,0.4153,6
ileum,YKL174C,0.0316,0.58,6
ileum,YKL175W,-0.1944,0.4204,6
ileum,YKL176C,0.244,0.2687,6
ileum,YKL177W,0.1978,0.4658,6
ileum,YKL178C,0.8588,0.511,6
ileum,YKL179C,-0.4042,1.5775,6
ileum,YKL180W,-0.6365,1.3838,6
ileum,YKL181W,-0.4937,0.4119,6
ileum,YKL182W,0.2286,0.5317,6
ileum,YKL183W,0.4358,1.7523,6
ileum,YKL184W,0.1295,1.0376,6
ileum,YKL185W,-0.8608,0.4924,6
ileum,YKL186C,-0.1798,0.1757,6
ileum,YKL187C,0.8532,1.0724,6
ileum,YKL188C,1.067,0.7237,6
ileum,YKL189W,0.8462,0.5577,6
ileum,YKL190W,-0.0997,1.5779,6
ileum,YKL191W,-0.663,0.6759,6
ileum,YKL192C,0.2745,1.2551,6
ileum,YKL193C,0.826,1.8213,6
ileum,YKL194C,0.1567,1.438,6
ileum,YKL195W,1.3945,1.0416,6
ileum,YKL196C,0.5128,0.2503,6
ileum,YKL197C,0.5633,0.2682,6
ileum,YKL198C,0.132,0.3301,6
ileum,YKL199C,1.8657,2.5122,6
ileum,YKL200C,0.4082,0.6234,6
ileum,YKL201C,0.2025,0.3887,6
ileum,YKL202W,-1.0407,3.2094,6
ileum,YKL203C,-0.2039,1.4472,6
ileum,YKL204W,-1.042,3.6127,6
ileum,YKL205W,-0.7668,1.897,6
ileum,YKL206C,-1.1728,2.8439,6
ileum,YKL207W,-0.0926,0.3427,6
ileum,YKL208W,-0.7347,2.4192,6
ileum,YKL209C,0.0664,0.2689,6
ileum,YKL210W,0.7762,0.5508,6
ileum,YKL211C,0.652,0.5642,6
ileum,YKL212W,-1.659,3.9386,6
ileum,YKL213C,0.584,0.4295,6
ileum,YKL214C,0.5648,1.6861,6
ileum,YKL215C,0.0127,1.1161,6
ileum,YKL216W,-1.0612,0.9097,6
ileum,YKL217W,-0.4663,1.4374,6
ileum,YKL218C,1.721,1.6629,6
ileum,YKL219W,-0.5062,2.1748,6
ileum,YKL220C,1.0815,1.9387,6
ileum,YKL221W,-0.2867,1.3511,6
ileum,YKL222C,0.9267,1.365,6
ileum,YKL223W,0.0217,2.1747,6
ileum,YKL224C,1.1023,1.7513,6
ileum,YKL225W,-0.4728,2.211,6
ileum,YKR001C,0.3254,0.313,6
ileum,YKR002W,0.387,0.2343,6
ileum,YKR003W,0.775,0.4221,6
ileum,YKR004C,0.1196,0.1946,6
ileum,YKR005C,0.806,0.4137,6
ileum,YKR006C,0.2854,0.3165,6
ileum,YKR007W,0.1624,0.3057,6
ileum,YKR008W,-0.1286,0.2245,6
ileum,YKR009C,1.2232,0.7514,6
ileum,YKR010C,-0.3777,0.4397,6
ileum,YKR011C,2.061,1.0441,6
ileum,YKR012C,-0.0266,0.399,6
ileum,YKR013W,-0.7158,0.3638,6
ileum,YKR014C,0.711,0.1878,6
ileum,YKR015C,0.5504,0.4716,6
ileum,YKR016W,0.5344,0.1939,6
ileum,YKR017C,0.1036,0.3107,6
ileum,YKR018C,0.6366,0.4945,6
ileum,YKR019C,-0.248,0.4326,6
ileum,YKR020W,0.2268,0.2057,6
ileum,YKR021W,-0.0478,0.381,6
ileum,YKR022C,-0.0204,0.3393,6
ileum,YKR023W,0.2844,0.2352,6
ileum,YKR024C,-1.2362,1.0216,6
ileum,YKR025W,-0.6342,0.6134,6
ileum,YKR026C,-0.4914,0.3942,6
ileum,YKR027W,0.1912,0.2125,6
ileum,YKR028W,0.0384,0.4181,6
ileum,YKR029C,0.0862,0.2383,6
ileum,YKR030W,0.3191,0.1393,6
ileum,YKR031C,0.5865,0.2164,6
ileum,YKR032W,-0.2213,0.2749,6
ileum,YKR033C,0.1342,0.5782,6
ileum,YKR034W,-0.3602,1.0855,6
ileum,YKR035C,0.2544,0.3282,6
ileum,YKR036C,-0.1812,0.1206,6
ileum,YKR037C,-0.3594,0.2494,6
ileum,YKR038C,-0.7688,0.3879,6
ileum,YKR039W,0.9485,0.6919,6
ileum,YKR040C,0.0291,0.2167,6
ileum,YKR041W,-0.187,0.5012,6
ileum,YKR042W,-0.2364,0.3365,6
ileum,YKR043C,-0.6134,0.4885,6
ileum,YKR044W,-0.8706,0.6025,6
ileum,YKR045C,-0.1654,0.2307,6
ileum,YKR046C,0.4052,0.5528,6
ileum,YKR047W,-0.57,0.4247,6
ileum,YKR048C,-0.3742,0.4671,6
ileum,YKR049C,1.2167,0.8053,6
ileum,YKR050W,1.4436,2.8026,6
ileum,YKR051W,0.411,0.6193,6
ileum,YKR052C,1.6053,1.0847,6
ileum,YKR053C,0.7818,0.6697,6
ileum,YKR054C,1.6066,3.3802,6
ileum,YKR055W,-0.0328,1.1821,6
ileum,YKR056W,-0.9395,0.7896,6
ileum,YKR057W,-0.8978,0.9385,6
ileum,YKR058W,1.3405,1.2301,6
ileum,YKR059W,-0.4173,1.3888,6
ileum,YKR060W,-0.495,0.4098,6
ileum,YKR061W,0.8388,0.611,6
ileum,YKR062W,0.3008,0.2437,6
ileum,YKR063C,-1.007,2.741,6
ileum,YKR064W,0.4733,0.2155,6
ileum,YKR065C,-0.1593,1.6267,6
ileum,YKR066C,3.4308,0.7429,6
ileum,YKR067W,0.5372,4.4878,6
ileum,YKR068C,0.745,0.8679,6
ileum,YKR069W,0.4162,0.9669,6
ileum,YKR070W,0.8445,0.5112,6
ileum,YKR071C,0.3327,2.5283,6
ileum,YKR072C,0.361,0.7533,6
ileum,YKR073C,0.1108,0.2792,6
ileum,YKR074W,0.5268,0.412,6
ileum,YKR075C,-0.6632,1.5261,6
ileum,YKR076W,2.0898,2.8708,6
ileum,YKR077W,-1.1263,3.1613,6
ileum,YKR078W,-1.7172,3.8716,6
ileum,YKR079C,-0.3702,0.3373,6
ileum,YKR080W,-1.4548,2.9332,6
ileum,YKR081C,-1.2824,0.9463,6
ileum,YKR082W,-0.1222,0.2345,6
ileum,YKR083C,-0.9057,2.4549,6
ileum,YKR084C,0.3955,0.4868,6
ileum,YKR085C,0.8112,1.0271,6
ileum,YKR086W,-0.4711,2.2485,6
ileum,YKR087C,0.1388,0.7458,6
ileum,YKR088C,-0.6283,2.8266,6
ileum,YKR089C,0.2465,1.1809,6
ileum,YKR090W,-0.9925,2.7651,6
ileum,YKR091W,1.7157,1.5691,6
ileum,YKR092C,-2.3467,2.571,6
ileum,YKR093W,0.7603,1.6491,6
ileum,YKR094C,-1.4783,2.9119,6
ileum,YKR095W,1.3542,2.6861,6
ileum,YKR096W,-0.6673,3.1142,6
ileum,YKR097W,0.65,0.3162,6
ileum,YKR098C,1.1148,0.362,6
ileum,YKR099W,-0.4462,0.8776,6
ileum,YKR100C,0.1518,0.4838,6
ileum,YKR101W,0.4538,0.1212,6
ileum,YKR102W,-0.171,0.573,6
ileum,YKR103W,0.5012,0.4105,6
ileum,YKR104W,0.4702,0.6072,6
ileum,YKR105C,0.0228,0.436,6
ileum,YKR106W,1.0234,0.6788,6
ileum,YLL001W,1.018,0.6026,6
ileum,YLL002W,0.1876,0.2065,6
ileum,YLL003W,-0.0236,0.3571,6
ileum,YLL004W,0.0594,0.2627,6
ileum,YLL005C,0.33,0.584,6
ileum,YLL006W,0.505,0.4085,6
ileum,YLL007C,0.1047,0.5342,6
ileum,YLL008W,-1.536,1.328,6
ileum,YLL009C,0.6524,0.3878,6
ileum,YLL010C,0.3252,0.3007,6
ileum,YLL011W,-0.9052,0.5888,6
ileum,YLL012W,0.255,0.4384,6
ileum,YLL013C,-0.1242,0.3419,6
ileum,YLL014W,0.0032,0.1554,6
ileum,YLL015W,0.1972,0.3428,6
ileum,YLL016W,0.1079,0.2463,6
ileum,YLL017W,-0.5695,0.3998,6
ileum,YLL018C,-0.619,2.0657,6
ileum,YLL019C,0.632,0.2634,6
ileum,YLL020C,0.4228,0.3093,6
ileum,YLL021W,-0.4016,0.4672,6
ileum,YLL022C,-0.039,0.4098,6
ileum,YLL023C,0.6426,0.3384,6
ileum,YLL024C,-0.1966,0.6447,6
ileum,YLL025W,0.3168,0.3502,6
ileum,YLL026W,1.4826,0.523,6
ileum,YLL027W,-0.428,0.5168,6
ileum,YLL028W,-0.1006,0.4036,6
ileum,YLL029W,0.0272,0.2321,6
ileum,YLL030C,-0.418,0.3535,6
ileum,YLL031C,-0.1434,0.371,6
ileum,YLL032C,0.2333,0.1282,6
ileum,YLL033W,0.2424,0.3217,6
ileum,YLL034C,-0.739,0.676,6
ileum,YLL035W,-0.9355,0.7231,6
ileum,YLL036C,-0.3316,0.4798,6
ileum,YLL037W,-0.4434,0.2881,6
ileum,YLL038C,-0.1966,0.2796,6
ileum,YLL039C,0.3414,1.2406,6
ileum,YLL040C,0.6112,0.5047,6
ileum,YLL041C,-0.076,1.1326,6
ileum,YLL042C,0.9745,1.6902,6
ileum,YLL043W,-0.0257,0.7455,6
ileum,YLL044W,-0.7925,1.0252,6
ileum,YLL045C,-1.1817,2.0222,6
ileum,YLL046C,0.408,0.6609,6
ileum,YLL047W,-0.0697,0.4334,6
ileum,YLL048C,0.5317,0.5012,6
ileum,YLL049W,0.1518,0.8481,6
ileum,YLL050C,0.521,0.9021,6
ileum,YLL051C,0.2202,1.0921,6
ileum,YLL052C,0.8732,0.9927,6
ileum,YLL053C,0.037,0.8608,6
ileum,YLL054C,0.406,0.9564,6
ileum,YLL055W,0.989,1.5878,6
ileum,YLL056C,0.9623,0.5792,6
ileum,YLL057C,-0.2973,0.9442,6
ileum,YLL058W,1.1508,0.7293,6
ileum,YLL059C,0.2363,1.0471,6
ileum,YLL060C,2.5238,0.9222,6
ileum,YLL061W,-0.6092,1.7225,6
ileum,YLL062C,0.4027,0.2084,6
ileum,YLL063C,0.0172,0.4086,6
ileum,YLL064C,0.3607,0.3695,6
ileum,YLL065W,-0.5128,1.6949,6
ileum,YLL066C,0.0938,0.2885,6
ileum,YLL067C,-0.678,2.2364,6
ileum,YLR001C,-0.8187,3.7543,6
ileum,YLR002C,-2.1007,2.998,6
ileum,YLR003C,-0.7774,0.6455,6
ileum,YLR004C,-1.3052,3.226,6
ileum,YLR005W,-0.0556,0.1537,6
ileum,YLR006C,-0.4087,2.296,6
ileum,YLR007W,0.1712,0.3664,6
ileum,YLR008C,0.9193,1.2874,6
ileum,YLR009W,-2.2683,2.9818,6
ileum,YLR010C,1.407,2.4364,6
ileum,YLR011W,-0.2228,1.4652,6
ileum,YLR012C,1.6205,3.775,6
ileum,YLR013W,-0.8102,0.6645,6
ileum,YLR014C,0.3387,2.094,6
ileum,YLR015W,-1.0048,2.0125,6
ileum,YLR016C,0.3885,1.7526,6
ileum,YLR017W,-1.5218,3.0421,6
ileum,YLR018C,0.49,2.2475,6
ileum,YLR019W,-1.5148,3.8581,6
ileum,YLR020C,-0.1356,0.3722,6
ileum,YLR021W,-0.3266,0.5246,6
ileum,YLR022C,0.0509,0.434,6
ileum,YLR023C,0.6952,0.3052,6
ileum,YLR024C,0.4966,0.3244,6
ileum,YLR025W,0.1138,0.3304,6
ileum,YLR026C,0.2362,0.186,6
ileum,YLR027C,0.3902,0.3073,6
ileum,YLR028C,0.1224,0.4962,6
ileum,YLR029C,-0.5264,0.659,6
ileum,YLR030W,0.271,0.3909,6
ileum,YLR031W,1.0325,0.9722,6
ileum,YLR032W,0.0056,0.6155,6
ileum,YLR033W,0.0592,0.1153,6
ileum,YLR034C,0.3392,0.5461,6
ileum,YLR035C,0.2678,0.1498,6
ileum,YLR036C,0.1704,0.4813,6
ileum,YLR037C,0.0466,0.3967,6
ileum,YLR038C,0.1678,0.2846,6
ileum,YLR039C,0.4938,0.2257,6
ileum,YLR040C,0.0835,0.3026,6
ileum,YLR041W,0.1982,0.2237,6
ileum,YLR042C,-0.0786,0.8196,6
ileum,YLR043C,0.5556,0.3025,6
ileum,YLR044C,-0.36,0.5444,6
ileum,YLR045C,-0.5698,0.4376,6
ileum,YLR046C,0.5646,0.4789,6
ileum,YLR047C,0.5468,0.6098,6
ileum,YLR048W,-0.8304,0.5897,6
ileum,YLR049C,-0.3968,0.3135,6
ileum,YLR050C,0.4024,0.2313,6
ileum,YLR051C,-0.9294,0.4871,6
ileum,YLR052W,-0.3546,0.2769,6
ileum,YLR053C,-0.1764,0.3591,6
ileum,YLR054C,0.5248,1.1885,6
ileum,YLR055C,-0.0254,0.1778,6
ileum,YLR056W,-0.7242,0.7256,6
ileum,YLR057W,-0.4752,0.6025,6
ileum,YLR058C,-0.6922,1.1372,6
ileum,YLR059C,-0.514,0.2105,6
ileum,YLR060W,-0.331,0.2077,6
ileum,YLR061W,-0.8808,0.4267,6
ileum,YLR062C,-0.736,0.3557,6
ileum,YLR063W,-0.775,0.7666,6
ileum,YLR064W,-0.0942,0.4217,6
ileum,YLR065C,-0.2956,0.2706,6
ileum,YLR066W,0.2692,0.412,6
ileum,YLR067C,-0.6785,1.4824,6
ileum,YLR068W,-1.2942,1.8571,6
ileum,YLR069C,0.6316,0.2417,6
ileum,YLR070C,0.4697,0.1998,6
ileum,YLR071C,0.1385,0.1814,6
ileum,YLR072W,0.6033,0.4099,6
ileum,YLR073C,-0.358,0.34,6
ileum,YLR074C,-0.0998,0.6232,6
ileum,YLR075W,-0.49,0.5148,6
ileum,YLR076C,0.368,1.5248,6
ileum,YLR077W,-0.075,1.5783,6
ileum,YLR078C,0.2392,0.2949,6
ileum,YLR079W,-0.633,1.5594,6
ileum,YLR080W,1.1657,0.9411,6
ileum,YLR081W,0.0082,1.254,6
ileum,YLR082C,0.0937,0.4358,6
ileum,YLR083C,-1.2448,2.7445,6
ileum,YLR084C,-0.4963,0.7688,6
ileum,YLR085C,0.4308,0.3727,6
ileum,YLR086W,-0.2708,0.7953,6
ileum,YLR087C,1.2907,1.6049,6
ileum,YLR088W,-0.3943,0.7886,6
ileum,YLR089C,0.1863,0.6865,6
ileum,YLR090W,0.1447,0.3465,6
ileum,YLR091W,0.5302,0.8424,6
ileum,YLR092W,0.7284,1.9871,6
ileum,YLR093C,0.7048,0.693,6
ileum,YLR094C,0.3555,1.4374,6
ileum,YLR095C,0.2555,1.009,6
ileum,YLR096W,0.5633,1.4757,6
ileum,YLR097C,1.0747,0.9853,6
ileum,YLR098C,0.4062,1.1701,6
ileum,YLR099C,1.0782,2.5005,6
ileum,YLR100W,0.3177,0.5707,6
ileum,YLR101C,0.1228,0.1587,6
ileum,YLR102C,0.9107,1.4946,6
ileum,YLR103C,0.956,1.91,6
ileum,YLR104W,0.1514,0.1908,6
ileum,YLR105C,0.8017,1.7994,6
ileum,YLR106C,0.3038,0.3258,6
ileum,YLR107W,1.045,1.0104,6
ileum,YLR108C,2.1083,1.6763,6
ileum,YLR109W,2.543,0.5451,6
ileum,YLR110C,-0.6933,1.4778,6
ileum,YLR111W,1.9698,2.3944,6
ileum,YLR112W,0.6587,0.6339,6
ileum,YLR113W,0.921,1.5255,6
ileum,YLR114C,0.0347,0.6484,6
ileum,YLR115W,0.9512,1.3871,6
ileum,YLR116W,0.0066,0.3629,6
ileum,YLR117C,0.0142,0.5312,6
ileum,YLR118C,0.5206,0.3652,6
ileum,YLR119W,0.392,0.4982,6
ileum,YLR120C,0.2914,0.2449,6
ileum,YLR121C,-0.0793,0.2738,6
ileum,YLR122C,0.0278,0.5699,6
ileum,YLR123C,0.2768,0.5712,6
ileum,YLR124W,0.2176,0.4731,6
ileum,YLR125W,-0.3336,0.4915,6
ileum,YLR126C,0.302,0.3566,6
ileum,YLR127C,0.3252,0.2638,6
ileum,YLR128W,0.3638,0.3455,6
ileum,YLR129W,-1.1512,1.1527,6
ileum,YLR130C,-0.7042,0.4055,6
ileum,YLR131C,0.0608,0.2913,6
ileum,YLR132C,0.3618,0.4037,6
ileum,YLR133W,0.4068,0.5084,6
ileum,YLR134W,-0.4078,0.6047,6
ileum,YLR135W,-0.018,0.3842,6
ileum,YLR136C,1.4228,0.6661,6
ileum,YLR137W,0.1262,0.4997,6
ileum,YLR138W,-0.1134,0.3105,6
ileum,YLR139C,-0.1,0.4978,6
ileum,YLR140W,0.1538,0.2468,6
ileum,YLR141W,-0.0102,0.9362,6
ileum,YLR142W,0.2986,0.518,6
ileum,YLR143W,-0.306,0.1985,6
ileum,YLR144C,0.4504,0.1652,6
ileum,YLR145W,-0.3266,0.2529,6
ileum,YLR146C,-0.2426,0.4006,6
ileum,YLR147C,-0.3812,0.3606,6
ileum,YLR148W,0.1334,0.198,6
ileum,YLR149C,1.3752,1.0022,6
ileum,YLR150W,-0.7202,0.7288,6
ileum,YLR151C,-0.2834,0.737,6
ileum,YLR152C,1.2466,0.4503,6
ileum,YLR153C,-0.2852,0.3149,6
ileum,YLR154C,-0.1912,0.3033,6
ileum,YLR155C,0.1514,0.2443,6
ileum,YLR156W,0.9368,1.1736,6
ileum,YLR157C,0.1602,0.1968,6
ileum,YLR158C,0.1974,0.3814,6
ileum,YLR159W,0.4946,0.4503,6
ileum,YLR160C,0.2414,0.4076,6
ileum,YLR161W,0.5118,0.5378,6
ileum,YLR162W,-0.8448,1.0692,6
ileum,YLR163C,0.9242,0.3982,6
ileum,YLR164W,0.645,0.5346,6
ileum,YLR165C,0.531,0.2663,6
ileum,YLR166C,0.0108,1.2545,6
ileum,YLR167W,-0.375,0.5181,6
ileum,YLR168C,0.7705,1.7721,6
ileum,YLR169W,0.2606,0.4333,6
ileum,YLR170C,-0.0223,1.744,6
ileum,YLR171W,0.5718,0.3679,6
ileum,YLR172C,-0.2108,0.4012,6
ileum,YLR173W,0.8027,1.529,6
ileum,YLR174W,0.3068,0.4184,6
ileum,YLR175W,-1.7542,2.5621,6
ileum,YLR176C,0.9352,0.2672,6
ileum,YLR177W,0.6205,0.3235,6
ileum,YLR178C,2.862,1.2961,6
ileum,YLR179C,-0.0077,0.4085,6
ileum,YLR180W,-0.384,0.6279,6
ileum,YLR181C,0.0075,0.2737,6
ileum,YLR182W,-0.4455,0.7921,6
ileum,YLR183C,-0.1015,0.3212,6
ileum,YLR184W,0.548,0.92,6
ileum,YLR185W,-0.2327,1.0135,6
ileum,YLR186W,-1.0908,1.2927,6
ileum,YLR187W,0.4078,0.1723,6
ileum,YLR188W,0.6753,1.2879,6
ileum,YLR189C,0.9682,1.4539,6
ileum,YLR190W,0.1962,1.6904,6
ileum,YLR191W,1.0125,1.93,6
ileum,YLR192C,0.6232,0.6544,6
ileum,YLR193C,1.0938,1.4984,6
ileum,YLR194C,0.6397,2.1447,6
ileum,YLR195C,0.429,0.9759,6
ileum,YLR196W,-1.1047,1.3675,6
ileum,YLR197W,-0.7308,0.6383,6
ileum,YLR198C,-0.7785,0.5583,6
ileum,YLR199C,0.6827,0.8953,6
ileum,YLR200W,-0.5257,1.712,6
ileum,YLR201C,0.9483,0.8983,6
ileum,YLR202C,0.426,0.5949,6
ileum,YLR203C,1.2207,1.3767,6
ileum,YLR204W,0.484,0.7218,6
ileum,YLR205C,1.741,1.353,6
ileum,YLR206W,0.595,0.2403,6
ileum,YLR207W,0.574,0.9832,6
ileum,YLR208W,-0.6077,1.7698,6
ileum,YLR209C,0.2848,0.7635,6
ileum,YLR210W,-0.5528,0.8454,6
ileum,YLR211C,1.0412,0.7826,6
ileum,YLR212C,0.3222,0.6128,6
ileum,YLR213C,0.135,0.4895,6
ileum,YLR214W,2.0242,0.7719,6
ileum,YLR215C,0.5552,0.4831,6
ileum,YLR216C,0.6346,0.4873,6
ileum,YLR217W,0.5966,0.6183,6
ileum,YLR218C,0.8702,0.3616,6
ileum,YLR219W,0.217,0.4511,6
ileum,YLR220W,0.4256,0.4943,6
ileum,YLR221C,-1.0674,0.9539,6
ileum,YLR222C,-0.9594,0.9009,6
ileum,YLR223C,-0.7022,0.9623,6
ileum,YLR224W,0.379,0.2964,6
ileum,YLR225C,0.4804,0.2788,6
ileum,YLR226W,0.1612,0.1603,6
ileum,YLR227C,0.1666,0.2089,6
ileum,YLR228C,-0.6312,0.3757,6
ileum,YLR229C,-0.247,0.418,6
ileum,YLR230W,-0.2636,0.2754,6
ileum,YLR231C,0.4098,0.4657,6
ileum,YLR232W,0.4014,0.2564,6
ileum,YLR233C,0.3014,0.1977,6
ileum,YLR234W,0.231,0.5542,6
ileum,YLR235C,1.1573,2.3467,6
ileum,YLR236C,0.087,0.5473,6
ileum,YLR237W,-0.3468,0.3987,6
ileum,YLR238W,0.1832,0.2746,6
ileum,YLR239C,0.0326,0.1718,6
ileum,YLR240W,0.2578,0.2521,6
ileum,YLR241W,0.546,0.2581,6
ileum,YLR242C,0.196,0.3103,6
ileum,YLR243W,-0.6926,0.366,6
ileum,YLR244C,-0.624,0.4832,6
ileum,YLR245C,-0.4528,0.1895,6
ileum,YLR246W,0.1298,0.365,6
ileum,YLR247C,0.4278,0.3001,6
ileum,YLR248W,0.3148,0.4879,6
ileum,YLR249W,-1.034,0.7287,6
ileum,YLR250W,0.7402,0.3072,6
ileum,YLR251W,1.5918,1.2904,6
ileum,YLR252W,1.684,0.9964,6
ileum,YLR253W,0.0344,0.5139,6
ileum,YLR254C,-0.1622,0.4484,6
ileum,YLR255C,-0.4752,0.4034,6
ileum,YLR256W,0.3031,0.2405,6
ileum,YLR257W,0.7478,1.0139,6
ileum,YLR258W,2.8072,1.1879,6
ileum,YLR259C,0.5,0.4379,6
ileum,YLR260W,0.7656,0.2993,6
ileum,YLR261C,0.506,0.367,6
ileum,YLR262C,0.3778,0.6696,6
ileum,YLR263W,0.0777,0.2441,6
ileum,YLR264W,-0.0322,1.0693,6
ileum,YLR265C,-0.1048,1.5761,6
ileum,YLR266C,0.5542,0.3697,6
ileum,YLR267W,1.2343,1.5123,6
ileum,YLR268W,0.2846,0.3161,6
ileum,YLR269C,0.3993,0.6141,6
ileum,YLR270W,1.9698,0.9393,6
ileum,YLR271W,0.7068,1.102,6
ileum,YLR272C,0.0998,0.2905,6
ileum,YLR273C,1.599,0.7571,6
ileum,YLR274W,0.2733,0.3587,6
ileum,YLR275W,0.0208,0.8822,6
ileum,YLR276C,-0.7508,0.8311,6
ileum,YLR277C,0.2407,0.4849,6
ileum,YLR278C,0.1325,0.7171,6
ileum,YLR279W,0.4723,0.5617,6
ileum,YLR280C,0.7555,1.2804,6
ileum,YLR281C,0.3483,0.2059,6
ileum,YLR282C,0.724,0.6623,6
ileum,YLR283W,0.6018,0.4976,6
ileum,YLR284C,0.5577,1.8349,6
ileum,YLR285W,0.266,0.7391,6
ileum,YLR286C,-0.1877,0.4785,6
ileum,YLR287C,0.5877,1.2007,6
ileum,YLR287C-A,-0.8744,2.0036,6
ileum,YLR288C,0.4843,1.4753,6
ileum,YLR289W,1.1638,1.1395,6
ileum,YLR290C,1.1627,0.8189,6
ileum,YLR291C,0.2143,0.6105,6
ileum,YLR292C,0.2805,0.9755,6
ileum,YLR293C,-0.16,0.2553,6
ileum,YLR294C,0.1183,0.4007,6
ileum,YLR295C,0.212,0.5369,6
ileum,YLR296W,0.3896,0.865,6
ileum,YLR297W,1.4642,0.6083,6
ileum,YLR298C,-0.443,1.9085,6
ileum,YLR299W,2.2198,1.4701,6
ileum,YLR300W,-0.6973,0.8592,6
ileum,YLR301W,0.5315,0.2174,6
ileum,YLR302C,0.419,0.5143,6
ileum,YLR303W,1.1275,0.4384,6
ileum,YLR304C,-0.2402,1.141,6
ileum,YLR305C,0.8238,1.5327,6
ileum,YLR306W,0.1073,0.4579,6
ileum,YLR307W,1.276,2.6233,6
ileum,YLR308W,0.323,0.689,6
ileum,YLR309C,0.2654,0.2044,6
ileum,YLR310C,0.3946,0.6595,6
ileum,YLR311C,1.2212,0.3129,6
ileum,YLR312C,2.4068,0.9841,6
ileum,YLR312W-A,0.2626,0.2756,6
ileum,YLR313C,0.0798,0.5694,6
ileum,YLR314C,0.1226,0.2711,6
ileum,YLR315W,-0.5704,1.0058,6
ileum,YLR316C,-0.3882,0.9517,6
ileum,YLR317W,-0.408,0.6891,6
ileum,YLR318W,0.2468,0.484,6
ileum,YLR319C,-0.0264,0.6121,6
ileum,YLR320W,-0.1168,0.4288,6
ileum,YLR321C,-0.297,0.2964,6
ileum,YLR322W,-0.986,1.7004,6
ileum,YLR323C,-0.1,0.4028,6
ileum,YLR324W,-0.027,0.3572,6
ileum,YLR325C,-0.5268,0.4122,6
ileum,YLR326W,0.4316,0.496,6
ileum,YLR327C,2.1994,0.6173,6
ileum,YLR328W,0.0572,0.2441,6
ileum,YLR329W,0.1612,0.8431,6
ileum,YLR330W,0.2292,0.3757,6
ileum,YLR331C,0.1366,0.2721,6
ileum,YLR332W,-0.0384,0.3359,6
ileum,YLR333C,-0.6424,0.3356,6
ileum,YLR334C,0.1178,0.3785,6
ileum,YLR335W,-0.2866,0.2444,6
ileum,YLR336C,-0.7994,0.6705,6
ileum,YLR337W,0.5132,0.2418,6
ileum,YLR338W,0.405,0.1964,6
ileum,YLR339C,-0.5516,0.3902,6
ileum,YLR340W,-0.6448,0.6598,6
ileum,YLR341W,-0.0788,0.2658,6
ileum,YLR342W,-0.1483,0.5109,6
ileum,YLR343W,-0.1324,0.5367,6
ileum,YLR344W,-0.7178,0.2917,6
ileum,YLR345W,1.3448,0.6168,6
ileum,YLR346C,1.6958,0.9582,6
ileum,YLR347C,-0.0511,0.3253,6
ileum,YLR348C,0.2772,0.8905,6
ileum,YLR349W,-0.1002,0.2542,6
ileum,YLR350W,-0.0166,0.4159,6
ileum,YLR351C,-0.0696,0.1868,6
ileum,YLR352W,0.4388,0.8514,6
ileum,YLR353W,-0.3472,0.3676,6
ileum,YLR354C,0.596,0.5075,6
ileum,YLR355C,-0.674,0.5715,6
ileum,YLR356W,1.6168,1.6518,6
ileum,YLR357W,-0.0183,0.2165,6
ileum,YLR358C,0.0532,1.2556,6
ileum,YLR359W,-0.1338,0.6087,6
ileum,YLR360W,0.5182,0.4286,6
ileum,YLR361C,0.0808,1.2526,6
ileum,YLR362W,0.6268,0.4443,6
ileum,YLR363C,0.0028,1.3394,6
ileum,YLR364W,-0.7237,2.323,6
ileum,YLR365W,0.863,1.4063,6
ileum,YLR366W,-0.2582,0.8228,6
ileum,YLR367W,0.0048,0.3827,6
ileum,YLR368W,0.6112,0.3303,6
ileum,YLR369W,-0.3178,2.7942,6
ileum,YLR370C,0.6573,0.574,6
ileum,YLR371W,0.9318,0.2407,6
ileum,YLR372W,-0.894,0.8026,6
ileum,YLR373C,0.2313,0.1407,6
ileum,YLR374C,0.6142,1.243,6
ileum,YLR375W,0.9577,1.3021,6
ileum,YLR376C,0.582,0.9176,6
ileum,YLR377C,0.7386,0.7534,6
ileum,YLR378C,-0.3493,0.8756,6
ileum,YLR379W,-0.1397,0.4653,6
ileum,YLR380W,0.4853,1.6434,6
ileum,YLR381W,1.3174,3.0253,6
ileum,YLR382C,0.897,0.8032,6
ileum,YLR383W,0.395,1.6432,6
ileum,YLR384C,0.5672,1.8693,6
ileum,YLR385C,0.761,1.7917,6
ileum,YLR386W,0.5843,0.6995,6
ileum,YLR387C,1.121,0.5296,6
ileum,YLR388W,0.0272,1.0185,6
ileum,YLR389C,0.4347,0.3994,6
ileum,YLR390W,0.6482,0.7652,6
ileum,YLR390W-A,-0.1152,0.2744,6
ileum,YLR391W,0.02,0.246,6
ileum,YLR392C,0.6355,0.6944,6
ileum,YLR393W,0.438,1.8951,6
ileum,YLR394W,0.1963,0.9186,6
ileum,YLR395C,0.5652,0.2493,6
ileum,YLR396C,0.0132,0.7823,6
ileum,YLR397C,-0.2822,0.7242,6
ileum,YLR398C,-0.2485,0.3704,6
ileum,YLR399C,0.1495,0.6175,6
ileum,YLR400W,-0.4817,1.2835,6
ileum,YLR401C,-0.196,2.2447,6
ileum,YLR402W,0.173,0.3563,6
ileum,YLR403W,0.6205,0.6847,6
ileum,YLR404W,-0.0778,0.5617,6
ileum,YLR405W,-0.751,0.5438,6
ileum,YLR406C,-0.4734,0.6308,6
ileum,YLR407W,-0.5124,0.6946,6
ileum,YLR408C,0.7828,0.5957,6
ileum,YLR409C,-1.4346,1.5333,6
ileum,YLR410W,0.0908,0.2929,6
ileum,YLR411W,0.2274,0.5217,6
ileum,YLR412W,-0.1064,0.312,6
ileum,YLR413W,-1.1902,1.6039,6
ileum,YLR414C,0.219,0.2775,6
ileum,YLR415C,0.3606,0.7275,6
ileum,YLR416C,-0.2848,0.9941,6
ileum,YLR417W,-0.0714,0.3196,6
ileum,YLR418C,-0.0786,0.2098,6
ileum,YLR419W,-0.4206,0.9312,6
ileum,YLR420W,-0.3952,0.4626,6
ileum,YLR421C,0.213,0.3484,6
ileum,YLR422W,-0.021,0.1842,6
ileum,YLR423C,0.65,0.1671,6
ileum,YLR424W,0.2404,0.8842,6
ileum,YLR425W,0.1684,0.2801,6
ileum,YLR426W,-0.4668,0.8824,6
ileum,YLR427W,-0.0186,0.4335,6
ileum,YLR428C,0.1838,0.3631,6
ileum,YLR429W,-0.1156,0.3742,6
ileum,YLR430W,-0.1387,0.2416,6
ileum,YLR431C,-0.1728,0.7454,6
ileum,YLR432W,-0.7628,0.596,6
ileum,YLR433C,-0.6668,0.3129,6
ileum,YLR434C,-0.5637,0.4106,6
ileum,YLR435W,-1.158,0.5539,6
ileum,YLR436C,0.0952,0.4311,6
ileum,YLR437C,-0.058,0.2034,6
ileum,YLR438W,-0.081,0.4447,6
ileum,YLR439W,-0.0378,0.2174,6
ileum,YLR440C,-0.4608,0.2174,6
ileum,YLR441C,-0.6856,0.283,6
ileum,YLR442C,-0.1756,0.9973,6
ileum,YLR443W,-0.397,0.3415,6
ileum,YLR444C,-0.18,0.2238,6
ileum,YLR445W,-0.6808,0.3665,6
ileum,YLR446W,-0.2124,0.3388,6
ileum,YLR447C,-0.0882,0.3332,6
ileum,YLR448W,-1.0776,0.4352,6
ileum,YLR449W,-1.4352,1.0032,6
ileum,YLR450W,0.0607,0.1574,6
ileum,YLR451W,-0.4104,0.3735,6
ileum,YLR452C,-1.0312,3.2022,6
ileum,YLR453C,0.081,0.306,6
ileum,YLR454W,0.3042,0.4362,6
ileum,YLR455W,-0.024,0.3141,6
ileum,YLR456W,0.4155,0.8912,6
ileum,YLR457C,0.0238,0.3659,6
ileum,YLR458W,0.4053,0.3587,6
ileum,YLR459W,0.3485,0.2827,6
ileum,YLR460C,1.5043,1.1134,6
ileum,YLR461W,-0.0125,0.922,6
ileum,YLR462W,0.3505,0.6949,6
ileum,YLR463C,0.2062,0.5203,6
ileum,YLR464W,-0.0172,0.5888,6
ileum,YLR465C,0.088,0.3224,6
ileum,YLR466W,-0.0888,0.9702,6
ileum,YLR467W,0.3696,0.2841,6
ileum,YML001W,-0.3865,2.0172,6
ileum,YML002W,1.2258,1.0773,6
ileum,YML003W,0.533,0.6252,6
ileum,YML004C,0.9862,1.3326,6
ileum,YML005W,0.5442,0.4136,6
ileum,YML006C,0.6305,0.456,6
ileum,YML007W,0.5585,3.1081,6
ileum,YML008C,-0.248,1.5174,6
ileum,YML009C,0.1309,0.7881,6
ileum,YML010C-B,-0.2932,0.3747,6
ileum,YML010W,-0.755,1.4739,6
ileum,YML011C,0.1358,0.5009,6
ileum,YML012W,-0.9927,2.1484,6
ileum,YML013C-A,0.1572,0.2306,6
ileum,YML013W,0.247,0.3627,6
ileum,YML014W,-0.8732,0.8318,6
ileum,YML015C,-0.2355,0.4786,6
ileum,YML016C,0.3162,0.2274,6
ileum,YML017W,0.0621,0.3689,6
ileum,YML018C,-1.1787,0.6447,6
ileum,YML019W,-0.8815,1.7138,6
ileum,YML020W,0.0267,0.5113,6
ileum,YML021C,-0.419,0.2715,6
ileum,YML021W,-1.0027,1.5242,6
ileum,YML022W,-1.5128,2.3208,6
ileum,YML023C,-0.0112,0.7716,6
ileum,YML024W,-0.4648,0.477,6
ileum,YML025C,0.2784,0.2598,6
ileum,YML026C,-0.5396,0.4643,6
ileum,YML027W,-0.608,0.4292,6
ileum,YML028W,1.0232,1.7578,6
ileum,YML029W,0.9637,0.6754,6
ileum,YML030W,0.788,0.7861,6
ileum,YML031W,-0.8943,2.0094,6
ileum,YML032C,0.9102,0.8876,6
ileum,YML032C-A,0.3244,0.266,6
ileum,YML033W,-0.0403,1.2923,6
ileum,YML034W,0.3245,0.5253,6
ileum,YML035C,0.2585,0.3189,6
ileum,YML035C-A,0.3876,0.3294,6
ileum,YML036W,0.1,0.1134,6
ileum,YML037C,0.1527,0.7148,6
ileum,YML038C,0.096,0.7929,6
ileum,YML039W,0.4334,0.4149,6
ileum,YML040W,0.4812,0.3419,6
ileum,YML041C,0.065,0.3885,6
ileum,YML042W,0.6428,0.5443,6
ileum,YML043C,-0.8514,0.9996,6
ileum,YML045W,0.4212,0.2624,6
ileum,YML046W,-0.162,0.2592,6
ileum,YML047C,-0.0914,0.5455,6
ileum,YML048W,0.0944,0.1897,6
ileum,YML048W-A,0.2658,0.5062,6
ileum,YML049C,0.3103,0.4262,6
ileum,YML050W,0.4477,0.198,6
ileum,YML051W,0.331,0.1889,6
ileum,YML052W,-0.1621,0.9422,6
ileum,YML053C,0.0214,0.2354,6
ileum,YML054C,0.3887,0.4816,6
ileum,YML055W,0.3032,0.1048,6
ileum,YML056C,-0.3986,0.6028,6
ileum,YML057W,0.3114,0.4133,6
ileum,YML058C-A,0.1532,0.78,6
ileum,YML058W,-0.4686,0.5249,6
ileum,YML059C,-0.2967,0.8443,6
ileum,YML060W,-0.457,0.6679,6
ileum,YML061C,0.0934,0.3482,6
ileum,YML062C,-0.3522,0.2755,6
ileum,YML063W,-0.5316,0.4028,6
ileum,YML064C,-0.2502,0.5599,6
ileum,YML065W,-0.281,0.7642,6
ileum,YML066C,-0.108,0.3473,6
ileum,YML067C,0.48,0.5636,6
ileum,YML068W,0.2446,0.4889,6
ileum,YML069W,0.2528,0.35,6
ileum,YML070W,0.9774,0.5318,6
ileum,YML071C,-0.4218,0.2379,6
ileum,YML072C,0.0321,0.1718,6
ileum,YML073C,-0.8444,0.4788,6
ileum,YML074C,-0.2626,0.193,6
ileum,YML075C,-0.1859,0.4919,6
ileum,YML076C,-0.0098,0.3672,6
ileum,YML077W,0.0096,0.1903,6
ileum,YML078W,0.2684,0.375,6
ileum,YML079W,0.2926,0.2015,6
ileum,YML080W,-0.9718,0.8916,6
ileum,YML081W,-0.1718,1.3652,6
ileum,YML082W,-0.5458,0.3357,6
ileum,YML083C,1.2756,2.014,6
ileum,YML084W,-0.1078,0.3977,6
ileum,YML085C,0.1074,0.2561,6
ileum,YML086C,0.1684,1.623,6
ileum,YML087C,0.2916,0.3689,6
ileum,YML088W,-0.0058,0.1989,6
ileum,YML089C,0.1725,1.1838,6
ileum,YML090W,1.4632,0.9185,6
ileum,YML091C,1.6006,0.8278,6
ileum,YML092C,0.4278,0.561,6
ileum,YML093W,-1.2934,0.924,6
ileum,YML094W,0.048,0.3894,6
ileum,YML095C,-0.5455,0.4207,6
ileum,YML095C-A,0.186,0.3489,6
ileum,YML096W,-0.1735,0.9021,6
ileum,YML097C,0.0502,0.2835,6
ileum,YML098W,-0.1725,0.642,6
ileum,YML099C,0.7855,1.0498,6
ileum,YML100W,2.2575,2.1038,6
ileum,YML100W-A,0.4166,0.5638,6
ileum,YML101C,0.7615,1.5424,6
ileum,YML102C-A,0.1396,0.3691,6
ileum,YML102W,0.2122,0.3538,6
ileum,YML103C,0.2688,0.4327,6
ileum,YML104C,-0.756,1.7149,6
ileum,YML105C,0.3607,0.4899,6
ileum,YML106W,-1.7865,2.752,6
ileum,YML107C,-0.1823,0.5519,6
ileum,YML108W,-0.4294,0.6769,6
ileum,YML109W,0.4595,0.4465,6
ileum,YML110C,-0.2897,2.9923,6
ileum,YML111W,-0.5147,2.1353,6
ileum,YML112W,-0.8417,2.6836,6
ileum,YML113W,-0.1437,0.614,6
ileum,YML114C,-0.6248,1.2121,6
ileum,YML115C,0.0995,0.6396,6
ileum,YML116W,1.2903,2.9789,6
ileum,YML117W,0.8958,0.433,6
ileum,YML117W-A,0.194,0.5561,6
ileum,YML118W,0.0692,1.6439,6
ileum,YML119W,-0.418,0.6799,6
ileum,YML120C,0.142,0.5566,6
ileum,YML121W,-0.6718,2.9789,6
ileum,YML122C,0.193,0.7264,6
ileum,YML123C,-1.1072,1.8889,6
ileum,YML124C,-0.0642,0.2033,6
ileum,YML125C,-0.5518,1.4998,6
ileum,YML126C,-0.2862,1.5145,6
ileum,YML127W,-0.3035,1.0249,6
ileum,YML128C,1.7878,1.5869,6
ileum,YML129C,0.2423,1.0015,6
ileum,YML130C,0.3374,1.0106,6
ileum,YML131W,1.9648,2.3342,6
ileum,YML132W,-0.036,1.6509,6
ileum,YML133C,0.1682,0.2197,6
ileum,YMR001C,-0.7287,0.6552,6
ileum,YMR002W,0.716,0.7712,6
ileum,YMR003W,-0.2573,0.4215,6
ileum,YMR004W,0.4522,0.7211,6
ileum,YMR005W,-0.0253,0.2551,6
ileum,YMR006C,-0.6528,0.5429,6
ileum,YMR007W,-0.4578,1.4786,6
ileum,YMR008C,0.0324,0.5183,6
ileum,YMR009W,0.2037,0.8798,6
ileum,YMR010W,0.0318,0.771,6
ileum,YMR011W,-1.5168,0.9917,6
ileum,YMR012W,0.5572,0.8097,6
ileum,YMR013C,-1.1315,3.5083,6
ileum,YMR014W,-1.2294,0.8826,6
ileum,YMR015C,-0.1754,0.4811,6
ileum,YMR016C,0.3535,0.3189,6
ileum,YMR017W,-0.351,0.925,6
ileum,YMR018W,0.4486,0.5241,6
ileum,YMR019W,0.3375,0.3701,6
ileum,YMR020W,0.578,0.3147,6
ileum,YMR021C,0.2468,0.2076,6
ileum,YMR022W,0.418,0.498,6
ileum,YMR023C,0.4536,0.3862,6
ileum,YMR024W,0.5488,0.6464,6
ileum,YMR025W,0.509,0.2474,6
ileum,YMR026C,-0.0884,0.3843,6
ileum,YMR027W,0.4732,0.336,6
ileum,YMR028W,0.3896,0.2401,6
ileum,YMR029C,0.3822,0.259,6
ileum,YMR030W,0.2895,0.1869,6
ileum,YMR031C,0.458,0.1511,6
ileum,YMR031W-A,0.1568,0.9236,6
ileum,YMR032W,-0.3773,0.9187,6
ileum,YMR033W,0.2704,0.4954,6
ileum,YMR034C,0.185,0.2172,6
ileum,YMR035W,0.1146,0.4783,6
ileum,YMR036C,-0.1086,0.61,6
ileum,YMR037C,0.3426,0.2729,6
ileum,YMR038C,0.3032,0.5884,6
ileum,YMR039C,-0.043,0.2765,6
ileum,YMR040W,0.4312,0.2548,6
ileum,YMR041C,0.9302,0.3096,6
ileum,YMR042W,-0.4788,0.5946,6
ileum,YMR043W,-0.2074,0.3546,6
ileum,YMR044W,-0.3228,0.185,6
ileum,YMR045C,-0.3508,2.0042,6
ileum,YMR046C,0.3166,0.3532,6
ileum,YMR047C,0.0257,0.1255,6
ileum,YMR048W,-0.4744,0.66,6
ileum,YMR049C,-1.5534,1.0983,6
ileum,YMR050C,0.4972,0.4076,6
ileum,YMR051C,0.2742,0.2944,6
ileum,YMR052C-A,0.3154,0.7019,6
ileum,YMR052W,0.3508,0.4216,6
ileum,YMR053C,0.5992,0.2585,6
ileum,YMR054W,0.0432,0.3743,6
ileum,YMR055C,-0.218,0.4436,6
ileum,YMR056C,0.2532,0.5238,6
ileum,YMR057C,-0.9038,0.8992,6
ileum,YMR058W,0.388,0.7372,6
ileum,YMR059W,-0.315,0.4958,6
ileum,YMR060C,0.5304,0.5421,6
ileum,YMR061W,0.0376,0.3379,6
ileum,YMR062C,1.1724,0.7598,6
ileum,YMR063W,-0.0292,0.878,6
ileum,YMR064W,0.3172,0.3207,6
ileum,YMR065W,-0.0544,0.342,6
ileum,YMR066W,0.4822,0.2769,6
ileum,YMR067C,-1.1502,4.2248,6
ileum,YMR068W,0.8833,1.5594,6
ileum,YMR069W,-0.3792,0.4197,6
ileum,YMR070W,0.1023,0.1348,6
ileum,YMR071C,0.1073,1.5729,6
ileum,YMR072W,0.0452,1.7391,6
ileum,YMR073C,0.2418,0.8604,6
ileum,YMR074C,0.223,0.6269,6
ileum,YMR075C-A,0.2264,0.3319,6
ileum,YMR075W,-0.2022,1.4006,6
ileum,YMR076C,0.0797,0.4598,6
ileum,YMR077C,0.2378,0.7147,6
ileum,YMR078C,-0.0072,0.3285,6
ileum,YMR079W,-0.1246,0.1803,6
ileum,YMR080C,-0.7292,1.8289,6
ileum,YMR081C,0.4442,0.3328,6
ileum,YMR082C,-0.562,0.8528,6
ileum,YMR083W,0.3355,0.1108,6
ileum,YMR084W,0.2904,0.3899,6
ileum,YMR085W,0.3652,0.2409,6
ileum,YMR086C-A,0.7614,0.5559,6
ileum,YMR086W,0.2265,1.859,6
ileum,YMR087W,0.7773,0.2818,6
ileum,YMR088C,-0.0767,0.6655,6
ileum,YMR089C,1.0523,0.4685,6
ileum,YMR090W,2.7448,2.2812,6
ileum,YMR091C,0.3585,0.4528,6
ileum,YMR092C,-0.0207,1.8992,6
ileum,YMR093W,-0.1795,0.77,6
ileum,YMR094W,0.2682,1.0365,6
ileum,YMR095C,0.695,0.7239,6
ileum,YMR096W,0.3492,0.5969,6
ileum,YMR097C,0.4043,0.8756,6
ileum,YMR098C,0.055,0.9293,6
ileum,YMR099C,-0.1522,1.0204,6
ileum,YMR100W,-0.138,1.3332,6
ileum,YMR101C,-0.2656,0.7023,6
ileum,YMR102C,0.3283,0.3883,6
ileum,YMR103C,1.7374,2.2671,6
ileum,YMR104C,0.1757,0.6833,6
ileum,YMR105C,2.0992,2.1958,6
ileum,YMR106C,0.4225,0.325,6
ileum,YMR107W,0.7242,0.6382,6
ileum,YMR108W,-0.2573,0.3386,6
ileum,YMR109W,0.0702,0.2346,6
ileum,YMR110C,1.1132,1.0311,6
ileum,YMR111C,0.6987,0.4818,6
ileum,YMR112C,0.0533,0.2763,6
ileum,YMR113W,0.3724,0.3705,6
ileum,YMR114C,0.5567,0.3595,6
ileum,YMR115W,0.1205,1.1863,6
ileum,YMR116C,-0.6988,0.4107,6
ileum,YMR117C,-0.1762,0.1933,6
ileum,YMR118C,0.4484,0.8419,6
ileum,YMR119W,-0.026,1.8818,6
ileum,YMR119W-A,0.6156,0.575,6
ileum,YMR120C,-0.4805,1.6676,6
ileum,YMR121C,-0.4346,0.4392,6
ileum,YMR122C,0.5278,0.7818,6
ileum,YMR123W,-0.4546,0.4892,6
ileum,YMR124W,0.329,0.3221,6
ileum,YMR125W,0.0928,0.3166,6
ileum,YMR126C,0.058,0.1495,6
ileum,YMR127C,-0.3574,0.356,6
ileum,YMR128W,-1.1533,1.0725,6
ileum,YMR129W,-0.0768,0.3663,6
ileum,YMR130W,0.2756,0.3688,6
ileum,YMR131C,-1.0638,0.8453,6
ileum,YMR132C,-0.1456,0.4554,6
ileum,YMR133W,0.5746,0.4375,6
ileum,YMR134W,0.0774,0.2607,6
ileum,YMR135C,0.0504,0.3869,6
ileum,YMR135W-A,0.391,0.25,6
ileum,YMR136W,0.167,0.4495,6
ileum,YMR137C,0.369,0.3576,6
ileum,YMR138W,-0.5222,0.7255,6
ileum,YMR139W,0.8352,0.3706,6
ileum,YMR140W,0.513,0.1845,6
ileum,YMR141C,1.0058,0.5249,6
ileum,YMR142C,-0.5458,0.668,6
ileum,YMR143W,0.653,1.136,6
ileum,YMR144W,0.1922,0.4747,6
ileum,YMR145C,0.455,0.2957,6
ileum,YMR146C,-0.3124,0.3985,6
ileum,YMR147W,-0.1624,0.481,6
ileum,YMR148W,0.135,0.2409,6
ileum,YMR149W,-0.1142,0.3071,6
ileum,YMR150C,-0.0428,0.1772,6
ileum,YMR151W,0.1812,0.2157,6
ileum,YMR152W,0.6164,0.4872,6
ileum,YMR153C-A,-0.0268,0.3705,6
ileum,YMR153W,-0.1252,0.2268,6
ileum,YMR154C,0.0066,0.1959,6
ileum,YMR155W,0.443,0.5087,6
ileum,YMR156C,0.2306,0.3623,6
ileum,YMR157C,0.5864,0.3294,6
ileum,YMR158W,0.7314,0.6197,6
ileum,YMR158W-A,0.3574,0.3618,6
ileum,YMR159C,0.6342,0.6554,6
ileum,YMR160W,0.3624,0.3292,6
ileum,YMR161W,0.0255,0.9304,6
ileum,YMR162C,1.0789,0.9287,6
ileum,YMR163C,0.0402,0.2741,6
ileum,YMR164C,0.0817,0.1994,6
ileum,YMR165C,0.1678,0.1476,6
ileum,YMR166C,0.059,0.5147,6
ileum,YMR167W,-0.021,0.2388,6
ileum,YMR168C,0.1836,0.3853,6
ileum,YMR169C,0.7041,0.5846,6
ileum,YMR170C,1.0896,1.0702,6
ileum,YMR171C,-0.0848,0.1399,6
ileum,YMR172C-A,-0.0318,0.4554,6
ileum,YMR172W,-0.0976,0.4978,6
ileum,YMR173W,2.2438,2.8019,6
ileum,YMR173W-A,3.5774,0.8596,6
ileum,YMR174C,1.2576,0.4316,6
ileum,YMR175W,1.2371,1.267,6
ileum,YMR176W,1.1138,1.4148,6
ileum,YMR177W,0.451,0.8278,6
ileum,YMR178W,0.632,0.2003,6
ileum,YMR179W,0.0453,1.009,6
ileum,YMR180C,0.0513,1.0299,6
ileum,YMR181C,1.0252,1.5229,6
ileum,YMR182C,-0.2688,0.4128,6
ileum,YMR183C,0.0532,0.4658,6
ileum,YMR184W,0.6065,0.223,6
ileum,YMR185W,-0.3875,0.9049,6
ileum,YMR186W,0.2518,0.9723,6
ileum,YMR187C,-0.4472,1.3059,6
ileum,YMR188C,0.7175,1.0732,6
ileum,YMR189W,0.6643,0.686,6
ileum,YMR190C,0.9093,1.6564,6
ileum,YMR191W,0.2935,1.435,6
ileum,YMR192W,0.8912,0.5008,6
ileum,YMR193C-A,-0.2768,0.5212,6
ileum,YMR193W,0.116,1.7191,6
ileum,YMR194W,-0.8086,0.5129,6
ileum,YMR195W,1.2225,0.6159,6
ileum,YMR196W,1.1417,0.7049,6
ileum,YMR197C,0.5807,1.001,6
ileum,YMR198W,-0.3919,0.6155,6
ileum,YMR199W,-0.4083,0.3415,6
ileum,YMR200W,-0.1632,1.3991,6
ileum,YMR201C,0.2144,0.1949,6
ileum,YMR202W,-0.7792,1.6445,6
ileum,YMR203W,-0.3377,1.7503,6
ileum,YMR204C,0.3807,0.3085,6
ileum,YMR205C,-0.5837,1.5616,6
ileum,YMR206W,0.2103,0.676,6
ileum,YMR207C,0.2188,0.4379,6
ileum,YMR208W,-0.2222,1.0645,6
ileum,YMR209C,-0.6613,0.8579,6
ileum,YMR210W,-0.2948,1.2639,6
ileum,YMR211W,-0.9312,1.3213,6
ileum,YMR212C,-0.2318,1.0701,6
ileum,YMR213W,-0.0063,0.5198,6
ileum,YMR214W,0.1668,0.2002,6
ileum,YMR215W,-0.9923,0.6641,6
ileum,YMR216C,-0.3107,0.269,6
ileum,YMR217W,-1.257,1.0398,6
ileum,YMR218C,0.0258,0.6642,6
ileum,YMR219W,0.4493,1.1647,6
ileum,YMR220W,-0.3985,1.7636,6
ileum,YMR221C,-0.1907,0.2628,6
ileum,YMR222C,-0.42,0.4646,6
ileum,YMR223W,-0.0593,0.1363,6
ileum,YMR224C,-0.2303,1.1254,6
ileum,YMR225C,0.7086,0.4961,6
ileum,YMR226C,0.4946,0.2431,6
ileum,YMR227C,-0.2722,0.4417,6
ileum,YMR228W,-0.4068,1.3084,6
ileum,YMR229C,-1.0279,0.7955,6
ileum,YMR230W,-0.7922,0.5211,6
ileum,YMR231W,0.4186,0.3119,6
ileum,YMR232W,0.2886,0.387,6
ileum,YMR233W,0.0056,0.2406,6
ileum,YMR234W,-0.2584,0.2707,6
ileum,YMR235C,-0.3714,0.309,6
ileum,YMR236W,0.1088,1.0066,6
ileum,YMR237W,0.2808,0.2666,6
ileum,YMR238W,0.2096,0.442,6
ileum,YMR239C,-1.1882,0.8496,6
ileum,YMR240C,-0.2074,0.5163,6
ileum,YMR241W,-0.6766,0.6067,6
ileum,YMR242C,-0.5846,0.4807,6
ileum,YMR243C,-0.5704,0.4068,6
ileum,YMR244C-A,0.2202,0.3572,6
ileum,YMR244W,0.331,0.4434,6
ileum,YMR245W,0.282,0.4459,6
ileum,YMR246W,-0.2964,0.5192,6
ileum,YMR247C,0.0209,0.2321,6
ileum,YMR250W,3.1626,1.1237,6
ileum,YMR251W,1.0446,0.3538,6
ileum,YMR251W-A,1.5604,0.5494,6
ileum,YMR252C,0.3864,0.3871,6
ileum,YMR253C,0.936,0.4739,6
ileum,YMR254C,0.595,0.2644,6
ileum,YMR255W,0.319,0.4678,6
ileum,YMR256C,0.3018,0.2017,6
ileum,YMR257C,0.4607,0.2856,6
ileum,YMR258C,0.9206,0.7195,6
ileum,YMR259C,-0.6228,0.4957,6
ileum,YMR260C,-0.7618,0.2859,6
ileum,YMR261C,0.0583,0.2271,6
ileum,YMR262W,-0.4296,0.5355,6
ileum,YMR263W,-0.3492,0.2331,6
ileum,YMR264W,-0.3046,0.2761,6
ileum,YMR265C,-0.3206,0.3027,6
ileum,YMR266W,-0.2018,0.3475,6
ileum,YMR267W,0.3064,0.7454,6
ileum,YMR268C,-0.2035,0.1714,6
ileum,YMR269W,-1.023,0.5297,6
ileum,YMR270C,-0.5544,0.2048,6
ileum,YMR271C,0.325,0.66,6
ileum,YMR272C,-0.3796,0.4495,6
ileum,YMR273C,0.4892,0.1689,6
ileum,YMR274C,-0.2968,0.4077,6
ileum,YMR275C,0.704,0.4464,6
ileum,YMR276W,0.1474,1.068,6
ileum,YMR277W,-0.765,0.3841,6
ileum,YMR278W,0.2674,0.5336,6
ileum,YMR279C,-0.1412,0.5311,6
ileum,YMR280C,-0.9863,2.1201,6
ileum,YMR281W,0.4074,0.2683,6
ileum,YMR282C,-0.237,2.3244,6
ileum,YMR283C,-0.064,0.2555,6
ileum,YMR284W,-0.4379,2.7106,6
ileum,YMR285C,-0.7163,2.1881,6
ileum,YMR286W,0.2782,0.1821,6
ileum,YMR287C,-0.1302,2.1851,6
ileum,YMR288W,0.1865,0.3164,6
ileum,YMR289W,-0.4582,3.1892,6
ileum,YMR290C,-1.558,1.7692,6
ileum,YMR290W-A,0.0306,0.546,6
ileum,YMR291W,-0.4093,3.1394,6
ileum,YMR292W,-0.2652,0.3838,6
ileum,YMR293C,0.0933,0.7962,6
ileum,YMR294W,-1.0805,1.7816,6
ileum,YMR294W-A,-0.5522,0.3932,6
ileum,YMR295C,-0.219,0.1858,6
ileum,YMR296C,-0.1464,0.2313,6
ileum,YMR297W,1.0534,0.4361,6
ileum,YMR298W,0.4154,0.3085,6
ileum,YMR299C,0.19,0.6559,6
ileum,YMR300C,0.1582,0.441,6
ileum,YMR301C,-0.2213,0.6343,6
ileum,YMR302C,1.0412,0.2751,6
ileum,YMR303C,-0.4567,0.4177,6
ileum,YMR304C-A,-0.686,0.3614,6
ileum,YMR304W,1.2918,0.3592,6
ileum,YMR305C,-1.085,1.566,6
ileum,YMR306C-A,0.164,0.3115,6
ileum,YMR306W,-0.2784,0.9355,6
ileum,YMR307W,-0.6713,1.3921,6
ileum,YMR308C,-0.8348,1.534,6
ileum,YMR309C,-0.583,0.2843,6
ileum,YMR310C,-1.632,1.4697,6
ileum,YMR311C,0.5217,0.3862,6
ileum,YMR312W,-1.0259,1.4449,6
ileum,YMR313C,0.7165,0.8483,6
ileum,YMR314W,0.0643,0.9845,6
ileum,YMR315W,2.3313,1.1813,6
ileum,YMR316C-A,0.0414,0.316,6
ileum,YMR316C-B,0.2326,0.1994,6
ileum,YMR316W,-0.6922,1.9481,6
ileum,YMR317W,0.381,0.9268,6
ileum,YMR318C,1.2106,0.656,6
ileum,YMR319C,0.391,1.2022,6
ileum,YMR320W,-0.4682,1.0285,6
ileum,YMR321C,-0.0513,0.5677,6
ileum,YMR322C,-0.496,0.2512,6
ileum,YMR323W,0.7465,1.6862,6
ileum,YMR324C,0.1905,0.6542,6
ileum,YMR325C,0.5434,0.2042,6
ileum,YMR325W,0.1612,0.2442,6
ileum,YMR326C,0.1727,0.5986,6
ileum,YNL001W,-0.0164,0.1778,6
ileum,YNL002C,-1.342,0.8658,6
ileum,YNL003C,0.1054,0.1603,6
ileum,YNL004W,-0.247,0.7496,6
ileum,YNL005C,0.515,0.3205,6
ileum,YNL006W,0.1408,0.5271,6
ileum,YNL007C,0.7094,0.689,6
ileum,YNL008C,0.2091,0.2227,6
ileum,YNL009W,0.5526,0.1082,6
ileum,YNL010W,-0.659,0.3206,6
ileum,YNL011C,0.8488,0.4981,6
ileum,YNL012W,0.6898,0.3225,6
ileum,YNL013C,-0.0986,0.461,6
ileum,YNL014W,0.1698,0.5271,6
ileum,YNL015W,1.5388,0.6825,6
ileum,YNL016W,0.0043,0.2612,6
ileum,YNL017C,-0.822,1.2408,6
ileum,YNL018C,-0.686,0.7449,6
ileum,YNL019C,-0.0538,0.1592,6
ileum,YNL020C,-0.0737,0.2332,6
ileum,YNL021W,-0.2278,0.3278,6
ileum,YNL022C,-0.9846,0.8104,6
ileum,YNL023C,-0.2528,0.3803,6
ileum,YNL024C,-0.519,0.6413,6
ileum,YNL025C,0.478,0.4409,6
ileum,YNL026W,0.3332,0.384,6
ileum,YNL027W,0.1406,0.225,6
ileum,YNL028W,-0.5036,0.7684,6
ileum,YNL029C,-0.6272,0.7226,6
ileum,YNL030W,-1.0024,0.361,6
ileum,YNL031C,-0.9036,0.641,6
ileum,YNL032W,-0.5816,0.3331,6
ileum,YNL033W,-0.2406,0.3219,6
ileum,YNL034W,-0.5557,0.2768,6
ileum,YNL035C,-0.2492,0.4188,6
ileum,YNL036W,1.2804,0.2168,6
ileum,YNL037C,0.2022,0.3175,6
ileum,YNL038W,-0.3122,0.2742,6
ileum,YNL039W,0.0042,0.2743,6
ileum,YNL040W,-0.2228,0.4515,6
ileum,YNL041C,0.2744,0.2863,6
ileum,YNL042W,0.0778,0.2777,6
ileum,YNL043C,-0.2524,0.3889,6
ileum,YNL044W,-0.3478,0.2629,6
ileum,YNL045W,0.568,0.4529,6
ileum,YNL046W,-0.4808,0.2349,6
ileum,YNL047C,-0.3288,0.2278,6
ileum,YNL048W,0.2238,0.3167,6
ileum,YNL049C,0.099,0.1817,6
ileum,YNL050C,-0.4609,0.6641,6
ileum,YNL051W,0.5758,0.4913,6
ileum,YNL052W,-0.5675,0.5726,6
ileum,YNL053W,-1.4645,3.5899,6
ileum,YNL054W,-0.7288,2.0065,6
ileum,YNL055C,1.0782,0.1191,6
ileum,YNL056W,-0.777,2.1215,6
ileum,YNL057W,0.1228,0.3177,6
ileum,YNL058C,-0.3298,0.7923,6
ileum,YNL059C,0.284,0.3303,6
ileum,YNL060C,-1.1627,0.8606,6
ileum,YNL061W,-0.588,1.5368,6
ileum,YNL062C,-0.798,0.7983,6
ileum,YNL063W,-1.7275,3.2336,6
ileum,YNL064C,-0.2248,0.2161,6
ileum,YNL065W,-0.566,1.023,6
ileum,YNL066W,-0.5712,0.2754,6
ileum,YNL067W,-0.11,0.3214,6
ileum,YNL068C,-0.1096,0.3849,6
ileum,YNL069C,-0.405,0.4315,6
ileum,YNL070W,0.7075,0.3098,6
ileum,YNL071W,0.4875,0.232,6
ileum,YNL072W,1.0707,2.2564,6
ileum,YNL073W,0.4898,0.1846,6
ileum,YNL074C,0.1032,1.3475,6
ileum,YNL075W,-0.3358,0.2799,6
ileum,YNL076W,-0.4082,1.7478,6
ileum,YNL077W,-0.3537,0.5102,6
ileum,YNL078W,-0.1833,0.916,6
ileum,YNL079C,-0.7327,2.2153,6
ileum,YNL080C,-0.1213,0.2581,6
ileum,YNL081C,-0.2732,2.0289,6
ileum,YNL082W,0.7055,0.3977,6
ileum,YNL083W,-0.3487,1.9296,6
ileum,YNL084C,0.4412,0.5486,6
ileum,YNL085W,-0.743,2.2104,6
ileum,YNL086W,0.4825,0.8329,6
ileum,YNL087W,-0.9857,2.3061,6
ileum,YNL088W,0.3908,0.7838,6
ileum,YNL089C,-0.2024,0.3631,6
ileum,YNL090W,-0.5577,0.5411,6
ileum,YNL091W,-0.0658,0.1761,6
ileum,YNL092W,0.6787,0.9428,6
ileum,YNL093W,0.7682,1.1375,6
ileum,YNL094W,0.1018,0.8729,6
ileum,YNL095C,-0.3834,0.4838,6
ileum,YNL096C,-1.0525,1.051,6
ileum,YNL097C,-0.07,0.637,6
ileum,YNL098C,-0.0677,0.4332,6
ileum,YNL099C,-0.1176,0.2375,6
ileum,YNL100W,0.2263,0.693,6
ileum,YNL101W,0.3102,0.3231,6
ileum,YNL102W,-0.248,0.2292,6
ileum,YNL103W,0.3032,0.2573,6
ileum,YNL104C,0.9068,0.6006,6
ileum,YNL105W,0.2202,0.4149,6
ileum,YNL106C,0.023,0.1517,6
ileum,YNL107W,-0.0842,0.5456,6
ileum,YNL108C,-0.7254,1.1417,6
ileum,YNL109W,-0.2734,0.5716,6
ileum,YNL110C,-1.3054,0.9266,6
ileum,YNL111C,-0.4308,0.7165,6
ileum,YNL112W,-0.815,0.5858,6
ileum,YNL113W,-1.2438,1.2499,6
ileum,YNL114C,-0.9492,0.865,6
ileum,YNL115C,0.7052,0.2458,6
ileum,YNL116W,-0.0868,0.6451,6
ileum,YNL117W,-0.3126,0.6076,6
ileum,YNL118C,0.2398,0.1724,6
ileum,YNL119W,-0.6728,0.4823,6
ileum,YNL120C,-0.8282,0.8715,6
ileum,YNL121C,0.4527,0.2779,6
ileum,YNL122C,0.7314,0.4077,6
ileum,YNL123W,-0.0652,0.5106,6
ileum,YNL124W,-0.5004,0.6596,6
ileum,YNL125C,-0.0294,0.4022,6
ileum,YNL126W,-0.5618,0.2588,6
ileum,YNL127W,0.5222,0.2855,6
ileum,YNL128W,-0.064,0.2822,6
ileum,YNL129W,0.275,0.3682,6
ileum,YNL130C,0.298,0.3999,6
ileum,YNL131W,0.5722,0.2256,6
ileum,YNL132W,-0.9712,0.7537,6
ileum,YNL133C,0.2878,0.2256,6
ileum,YNL134C,3.0248,0.6576,6
ileum,YNL135C,-0.2094,0.4751,6
ileum,YNL136W,-0.035,0.2537,6
ileum,YNL137C,0.3804,0.4119,6
ileum,YNL138W,0.6172,0.3924,6
ileum,YNL139C,-0.0386,0.3534,6
ileum,YNL140C,-0.1646,0.2475,6
ileum,YNL141W,-1.8512,1.9945,6
ileum,YNL142W,-0.4374,0.7491,6
ileum,YNL143C,-1.7056,2.0599,6
ileum,YNL144C,-0.213,0.4321,6
ileum,YNL145W,-0.3056,0.1902,6
ileum,YNL146W,0.7862,0.3834,6
ileum,YNL147W,0.4014,0.367,6
ileum,YNL148C,-0.2286,0.3513,6
ileum,YNL149C,0.2408,0.3256,6
ileum,YNL150W,-0.2623,1.2295,6
ileum,YNL151C,-1.3827,3.3997,6
ileum,YNL152W,-0.1028,0.2368,6
ileum,YNL153C,-1.4195,3.0803,6
ileum,YNL154C,0.5125,0.2939,6
ileum,YNL155W,-0.0917,2.7061,6
ileum,YNL156C,0.7743,0.9189,6
ileum,YNL157W,-0.5118,2.5083,6
ileum,YNL158W,-0.4297,2.2224,6
ileum,YNL159C,-0.69,3.4168,6
ileum,YNL160W,1.9077,2.3439,6
ileum,YNL161W,0.1504,0.2615,6
ileum,YNL162W,-0.3158,0.2847,6
ileum,YNL163C,-0.275,0.4909,6
ileum,YNL164C,-0.0342,0.4236,6
ileum,YNL165W,0.2384,0.2071,6
ileum,YNL166C,0.3298,0.8349,6
ileum,YNL167C,0.5304,0.1936,6
ileum,YNL168C,0.6427,0.4721,6
ileum,YNL169C,0.3182,0.2427,6
ileum,YNL170W,0.9813,1.3398,6
ileum,YNL171C,0.549,0.3727,6
ileum,YNL172W,1.2055,1.9685,6
ileum,YNL173C,0.0842,1.5406,6
ileum,YNL174W,-1.3298,0.9218,6
ileum,YNL175C,-1.9595,1.9337,6
ileum,YNL176C,0.5843,0.5447,6
ileum,YNL177C,-0.4543,2.4889,6
ileum,YNL178W,-1.2912,0.7353,6
ileum,YNL179C,-0.2618,1.6276,6
ileum,YNL180C,0.1303,0.4859,6
ileum,YNL181W,-0.3507,2.3168,6
ileum,YNL182C,-0.9023,1.0907,6
ileum,YNL183C,0.2525,2.1616,6
ileum,YNL184C,0.8362,2.0464,6
ileum,YNL185C,0.191,0.5259,6
ileum,YNL186W,-0.7872,0.7577,6
ileum,YNL187W,-0.0252,0.1302,6
ileum,YNL188W,-0.7915,0.6024,6
ileum,YNL189W,-0.035,0.2789,6
ileum,YNL190W,-0.6033,1.1033,6
ileum,YNL191W,-0.4238,0.366,6
ileum,YNL192W,0.0925,0.9738,6
ileum,YNL193W,0.6042,0.2443,6
ileum,YNL194C,0.4538,1.1979,6
ileum,YNL195C,1.4322,1.7999,6
ileum,YNL196C,0.7493,0.8933,6
ileum,YNL197C,-0.37,0.5352,6
ileum,YNL198C,-1.0568,1.057,6
ileum,YNL199C,-0.3788,0.5666,6
ileum,YNL200C,0.3438,0.8316,6
ileum,YNL201C,0.3352,0.3322,6
ileum,YNL202W,-0.3248,0.8266,6
ileum,YNL203C,0.853,0.3437,6
ileum,YNL204C,-0.402,0.1,6
ileum,YNL205C,-0.209,0.635,6
ileum,YNL206C,-0.3048,0.4398,6
ileum,YNL207W,0.2176,0.2524,6
ileum,YNL208W,1.769,0.5651,6
ileum,YNL209W,-0.7046,0.5099,6
ileum,YNL210W,0.2348,0.114,6
ileum,YNL211C,0.1896,0.2151,6
ileum,YNL212W,0.8814,0.4314,6
ileum,YNL213C,0.3826,0.3458,6
ileum,YNL214W,0.6906,0.363,6
ileum,YNL215W,-0.017,0.3227,6
ileum,YNL216W,-0.3688,0.5347,6
ileum,YNL217W,-0.6918,0.4011,6
ileum,YNL218W,-0.3028,0.973,6
ileum,YNL219C,-0.1186,0.2483,6
ileum,YNL220W,0.054,0.5162,6
ileum,YNL221C,-0.2045,0.6693,6
ileum,YNL222W,0.3666,0.2354,6
ileum,YNL223W,0.165,0.3608,6
ileum,YNL224C,-0.0094,0.2335,6
ileum,YNL225C,0.3772,0.3196,6
ileum,YNL226W,-0.462,0.339,6
ileum,YNL227C,-0.6478,0.5803,6
ileum,YNL228W,-0.771,0.3386,6
ileum,YNL229C,0.0494,0.2452,6
ileum,YNL230C,0.0152,0.1907,6
ileum,YNL231C,0.3655,0.9449,6
ileum,YNL232W,-0.2759,0.291,6
ileum,YNL233W,-0.1566,0.2238,6
ileum,YNL234W,0.385,0.6006,6
ileum,YNL235C,0.3748,0.4717,6
ileum,YNL236W,0.1776,0.2217,6
ileum,YNL237W,0.9985,0.9323,6
ileum,YNL238W,0.0074,0.2911,6
ileum,YNL239W,0.9996,0.5143,6
ileum,YNL240C,0.0606,0.2896,6
ileum,YNL241C,1.9198,0.9697,6
ileum,YNL242W,0.5774,0.6263,6
ileum,YNL243W,0.3648,0.3298,6
ileum,YNL244C,-0.395,0.3089,6
ileum,YNL245C,-0.5547,1.7374,6
ileum,YNL246W,0.1667,0.2672,6
ileum,YNL247W,-1.1267,2.8966,6
ileum,YNL248C,-1.0728,1.1597,6
ileum,YNL249C,0.5376,0.6978,6
ileum,YNL250W,0.5173,0.9046,6
ileum,YNL251C,-1.1917,3.1966,6
ileum,YNL252C,0.514,0.7924,6
ileum,YNL253W,0.2687,1.4186,6
ileum,YNL254C,-0.223,0.3851,6
ileum,YNL255C,-1.5828,2.2709,6
ileum,YNL256W,-0.9613,1.284,6
ileum,YNL257C,-0.4138,2.5187,6
ileum,YNL258C,0.4492,0.2921,6
ileum,YNL259C,-0.465,3.6333,6
ileum,YNL260C,1.593,1.2657,6
ileum,YNL261W,1.01,0.6679,6
ileum,YNL262W,1.1219,1.8288,6
ileum,YNL263C,0.2698,0.1641,6
ileum,YNL264C,-0.2063,1.3294,6
ileum,YNL265C,0.2012,1.8492,6
ileum,YNL266W,0.4943,1.2405,6
ileum,YNL267W,0.2242,0.259,6
ileum,YNL268W,-0.1285,1.1509,6
ileum,YNL269W,0.21,0.7426,6
ileum,YNL270C,0.7545,1.895,6
ileum,YNL271C,-0.2302,1.2972,6
ileum,YNL272C,0.0272,0.1996,6
ileum,YNL273W,-0.163,1.7443,6
ileum,YNL274C,2.0693,0.8435,6
ileum,YNL275W,-0.014,1.479,6
ileum,YNL276C,0.6848,1.0968,6
ileum,YNL277W,-0.5485,0.9647,6
ileum,YNL278W,0.3533,0.9868,6
ileum,YNL279W,-0.7552,1.2564,6
ileum,YNL280C,-0.229,0.5809,6
ileum,YNL281W,-0.3608,0.2082,6
ileum,YNL282W,-0.5912,0.3872,6
ileum,YNL283C,-0.2234,0.3533,6
ileum,YNL284C,0.2757,0.4924,6
ileum,YNL285W,0.6974,0.4145,6
ileum,YNL286W,0.1332,0.269,6
ileum,YNL287W,0.4458,0.3092,6
ileum,YNL288W,-0.2022,0.5577,6
ileum,YNL289W,0.3953,0.2822,6
ileum,YNL290W,-0.5607,0.1146,6
ileum,YNL291C,-0.233,0.3088,6
ileum,YNL292W,-0.7988,0.4382,6
ileum,YNL293W,0.5344,0.447,6
ileum,YNL294C,0.1918,0.1589,6
ileum,YNL295W,0.4548,0.6358,6
ileum,YNL296W,-0.2278,0.5456,6
ileum,YNL297C,0.6636,0.2735,6
ileum,YNL298W,-0.1493,0.5527,6
ileum,YNL299W,-0.9356,0.8395,6
ileum,YNL300W,-0.4928,0.427,6
ileum,YNL301C,-0.784,0.6014,6
ileum,YNL302C,-0.5498,0.6586,6
ileum,YNL303W,-1.359,0.6229,6
ileum,YNL304W,-0.3312,0.4902,6
ileum,YNL305C,1.0852,0.467,6
ileum,YNL306W,0.4816,0.3543,6
ileum,YNL307C,0.0628,0.1983,6
ileum,YNL308C,-1.3064,1.0798,6
ileum,YNL309W,-0.2908,0.4677,6
ileum,YNL310C,-0.0308,0.3752,6
ileum,YNL311C,0.3888,0.3141,6
ileum,YNL312W,0.5486,0.5623,6
ileum,YNL313C,-0.5954,0.5259,6
ileum,YNL314W,-0.028,0.6808,6
ileum,YNL315C,0.507,0.2613,6
ileum,YNL316C,0.05,0.2376,6
ileum,YNL317W,-0.185,0.4784,6
ileum,YNL318C,-0.1452,0.3455,6
ileum,YNL319W,-0.0086,0.2071,6
ileum,YNL320W,0.2324,0.3418,6
ileum,YNL321W,-0.215,0.371,6
ileum,YNL322C,-0.2766,0.3478,6
ileum,YNL323W,-0.3218,0.4044,6
ileum,YNL324W,0.0344,0.2104,6
ileum,YNL325C,0.2222,0.4189,6
ileum,YNL326C,0.0364,0.5111,6
ileum,YNL327W,-0.97,0.4831,6
ileum,YNL328C,-0.2998,0.2003,6
ileum,YNL329C,0.0714,0.3336,6
ileum,YNL330C,-0.5238,0.4552,6
ileum,YNL331C,1.9256,0.5298,6
ileum,YNL332W,-0.072,0.8542,6
ileum,YNL333W,0.3104,0.5201,6
ileum,YNL334C,-0.0982,0.4718,6
ileum,YNL335W,-0.3544,0.707,6
ileum,YNL336W,0.41,0.3414,6
ileum,YNL337W,-0.1438,0.2121,6
ileum,YNL338W,-0.0873,0.2501,6
ileum,YNL339C,0.2533,0.6318,6
ileum,YNR001C,1.0066,0.6728,6
ileum,YNR002C,0.6718,0.3934,6
ileum,YNR003C,-0.3372,0.4819,6
ileum,YNR004W,0.475,0.2484,6
ileum,YNR005C,-0.2398,3.3027,6
ileum,YNR006W,0.7742,0.6765,6
ileum,YNR007C,0.2565,2.0907,6
ileum,YNR008W,0.3644,0.3607,6
ileum,YNR009W,-0.3047,0.8596,6
ileum,YNR010W,0.7716,0.4812,6
ileum,YNR011C,0.0592,0.2299,6
ileum,YNR012W,-0.5168,1.1973,6
ileum,YNR013C,0.3852,0.1403,6
ileum,YNR014W,-0.1852,1.3553,6
ileum,YNR015W,-0.7048,1.5102,6
ileum,YNR016C,-0.469,2.8346,6
ileum,YNR017W,-0.6708,1.1847,6
ileum,YNR018W,-0.688,1.2614,6
ileum,YNR019W,0.3978,0.3951,6
ileum,YNR020C,-0.079,1.2714,6
ileum,YNR021W,-0.0369,0.656,6
ileum,YNR022C,-0.6422,2.7456,6
ileum,YNR023W,0.2722,0.1563,6
ileum,YNR024W,-1.4345,2.1155,6
ileum,YNR025C,-0.2074,0.2574,6
ileum,YNR026C,-0.0744,0.2701,6
ileum,YNR027W,-0.4376,0.5713,6
ileum,YNR028W,-0.211,0.2619,6
ileum,YNR029C,-0.0162,0.6754,6
ileum,YNR030W,0.0178,0.5686,6
ileum,YNR031C,0.174,0.2166,6
ileum,YNR032W,0.2378,0.3707,6
ileum,YNR033W,0.6532,0.5752,6
ileum,YNR034W,0.4288,0.3247,6
ileum,YNR035C,0.2976,0.3138,6
ileum,YNR036C,0.1032,0.4152,6
ileum,YNR037C,0.7652,0.6265,6
ileum,YNR038W,-0.6696,0.5174,6
ileum,YNR039C,0.23,0.3448,6
ileum,YNR040W,0.1303,0.3825,6
ileum,YNR041C,-0.133,0.4346,6
ileum,YNR042W,0.4778,0.8132,6
ileum,YNR043W,-0.175,0.1618,6
ileum,YNR044W,-0.1908,0.2419,6
ileum,YNR045W,0.1916,0.3795,6
ileum,YNR046W,-0.9384,0.7582,6
ileum,YNR047W,0.6588,0.305,6
ileum,YNR048W,0.3512,0.4861,6
ileum,YNR049C,0.2314,0.3921,6
ileum,YNR050C,0.7526,0.918,6
ileum,YNR051C,-0.277,0.2516,6
ileum,YNR052C,0.0362,0.3366,6
ileum,YNR053C,-0.6694,0.5006,6
ileum,YNR054C,-0.6252,0.6028,6
ileum,YNR055C,-0.1812,0.3397,6
ileum,YNR056C,0.342,0.4684,6
ileum,YNR057C,0.0378,0.6488,6
ileum,YNR058W,0.372,0.4362,6
ileum,YNR059W,0.0788,0.1813,6
ileum,YNR060W,0.3364,0.4521,6
ileum,YNR061C,-0.3368,0.5628,6
ileum,YNR062C,-0.1726,0.3254,6
ileum,YNR063W,-0.352,0.7071,6
ileum,YNR064C,-0.5588,1.3562,6
ileum,YNR065C,-0.6086,1.2658,6
ileum,YNR066C,0.2974,0.4558,6
ileum,YNR067C,-0.174,0.613,6
ileum,YNR068C,1.3247,1.0188,6
ileum,YNR069C,0.4833,0.4821,6
ileum,YNR070W,0.1052,0.278,6
ileum,YNR071C,-0.3422,1.243,6
ileum,YNR072W,0.4908,0.4661,6
ileum,YNR073C,-0.4998,0.2689,6
ileum,YNR074C,1.7716,0.5975,6
ileum,YNR075W,-0.0032,0.4336,6
ileum,YNR076W,0.2682,0.3669,6
ileum,YNR077C,-0.5536,0.5449,6
ileum,YOL001W,0.44,0.3095,6
ileum,YOL002C,-0.0814,0.2889,6
ileum,YOL003C,0.0886,0.3497,6
ileum,YOL004W,-0.2043,0.1693,6
ileum,YOL005C,-0.0708,0.4967,6
ileum,YOL006C,-0.7018,0.6342,6
ileum,YOL007C,-0.4464,0.4367,6
ileum,YOL008W,-0.2712,0.2946,6
ileum,YOL009C,-0.1348,1.241,6
ileum,YOL010W,-1.1888,0.9285,6
ileum,YOL011W,-0.2038,0.6224,6
ileum,YOL012C,-0.7652,0.3154,6
ileum,YOL013C,0.6766,0.4193,6
ileum,YOL014W,-0.6514,0.3495,6
ileum,YOL015W,0.5252,0.7103,6
ileum,YOL016C,0.2747,0.3997,6
ileum,YOL017W,0.5698,0.1883,6
ileum,YOL018C,0.5282,0.5191,6
ileum,YOL019W,-0.4748,0.2905,6
ileum,YOL020W,-0.253,0.3409,6
ileum,YOL021C,-0.0862,0.4195,6
ileum,YOL022C,-0.4618,0.4604,6
ileum,YOL023W,0.5162,0.2714,6
ileum,YOL024W,0.4826,0.2626,6
ileum,YOL025W,0.3884,0.4966,6
ileum,YOL026C,-0.3542,1.6328,6
ileum,YOL027C,0.4414,0.2908,6
ileum,YOL028C,0.2608,1.0078,6
ileum,YOL029C,-0.656,2.591,6
ileum,YOL030W,0.3602,0.1414,6
ileum,YOL031C,-1.1796,2.9493,6
ileum,YOL032W,0.3658,1.1907,6
ileum,YOL033W,-0.3388,2.2136,6
ileum,YOL034W,0.305,0.1719,6
ileum,YOL035C,0.2702,0.2861,6
ileum,YOL036W,-0.0636,0.2643,6
ileum,YOL037C,0.3542,0.108,6
ileum,YOL038W,-0.9755,3.9284,6
ileum,YOL039W,-0.5222,0.5647,6
ileum,YOL040C,-0.2428,0.353,6
ileum,YOL041C,-0.6702,0.4074,6
ileum,YOL042W,0.6072,0.4249,6
ileum,YOL043C,0.3082,0.2182,6
ileum,YOL044W,0.6144,0.2655,6
ileum,YOL045W,0.0976,0.1687,6
ileum,YOL046C,0.4444,0.2932,6
ileum,YOL047C,0.937,0.8912,6
ileum,YOL048C,1.7736,1.1093,6
ileum,YOL049W,1.0582,0.56,6
ileum,YOL050C,0.1968,0.1274,6
ileum,YOL051W,0.1985,0.1798,6
ileum,YOL052C,0.0142,0.397,6
ileum,YOL052C-A,1.7848,0.613,6
ileum,YOL053C,2.8432,0.8798,6
ileum,YOL053W,0.4622,0.5408,6
ileum,YOL054W,-0.274,0.3967,6
ileum,YOL055C,0.0664,0.35,6
ileum,YOL056W,-0.04,0.3288,6
ileum,YOL057W,0.5422,0.4556,6
ileum,YOL058W,1.095,1.0996,6
ileum,YOL059W,-0.1042,0.2264,6
ileum,YOL060C,0.7608,0.4554,6
ileum,YOL061W,-0.246,0.3067,6
ileum,YOL062C,0.3422,0.5997,6
ileum,YOL063C,0.4042,0.4132,6
ileum,YOL064C,0.6224,0.6564,6
ileum,YOL065C,0.2654,0.2772,6
ileum,YOL066C,-0.138,0.3086,6
ileum,YOL067C,0.2372,0.1715,6
ileum,YOL068C,0.1558,0.3182,6
ileum,YOL069W,-0.1342,0.3083,6
ileum,YOL070C,-0.288,0.4338,6
ileum,YOL071W,0.8752,0.3225,6
ileum,YOL072W,0.0354,0.3439,6
ileum,YOL073C,-0.2876,0.7386,6
ileum,YOL074C,-0.0952,0.5465,6
ileum,YOL075C,0.1312,0.5542,6
ileum,YOL076W,-0.3174,0.4726,6
ileum,YOL077C,-1.6292,1.1583,6
ileum,YOL078W,-0.1372,0.4546,6
ileum,YOL079W,-1.2056,1.0476,6
ileum,YOL080C,-0.6844,0.4493,6
ileum,YOL081W,-0.1155,0.6021,6
ileum,YOL082W,1.0903,0.698,6
ileum,YOL083W,2.0126,0.9338,6
ileum,YOL084W,-0.2888,1.1801,6
ileum,YOL085C,-0.0748,0.4938,6
ileum,YOL086C,-0.767,0.4797,6
ileum,YOL087C,0.4102,0.4486,6
ileum,YOL088C,0.1788,0.3628,6
ileum,YOL089C,0.357,0.2077,6
ileum,YOL090W,0.232,0.2622,6
ileum,YOL091W,0.205,0.1697,6
ileum,YOL092W,-0.6058,0.6051,6
ileum,YOL093W,-0.7116,0.3656,6
ileum,YOL094C,-0.053,0.1937,6
ileum,YOL095C,0.2,0.38,6
ileum,YOL096C,0.3742,0.3946,6
ileum,YOL097C,-0.9836,0.4483,6
ileum,YOL098C,0.4698,0.167,6
ileum,YOL099C,0.6158,0.5215,6
ileum,YOL100W,0.6836,0.4524,6
ileum,YOL101C,0.1258,1.0798,6
ileum,YOL102C,0.1338,0.2527,6
ileum,YOL103W,0.1398,0.2623,6
ileum,YOL104C,0.1322,0.9836,6
ileum,YOL105C,-0.234,0.2077,6
ileum,YOL106W,0.2812,0.3172,6
ileum,YOL107W,0.3446,0.3777,6
ileum,YOL108C,0.3802,0.2619,6
ileum,YOL109W,-0.8896,0.6105,6
ileum,YOL110W,-0.0562,0.7917,6
ileum,YOL111C,-0.1798,0.2633,6
ileum,YOL112W,-0.052,0.5047,6
ileum,YOL113W,0.1226,0.3228,6
ileum,YOL114C,0.1256,0.2844,6
ileum,YOL115W,-0.5356,0.384,6
ileum,YOL116W,0.2168,0.2572,6
ileum,YOL117W,1.0082,0.4059,6
ileum,YOL118C,1.5474,0.9215,6
ileum,YOL119C,1.0947,2.3217,6
ileum,YOL120C,-0.3598,0.6286,6
ileum,YOL121C,-1.0147,1.4433,6
ileum,YOL122C,-0.6975,3.0815,6
ileum,YOL123W,-0.5413,2.2126,6
ileum,YOL124C,-1.0102,1.3884,6
ileum,YOL125W,-0.4238,0.5204,6
ileum,YOL126C,-0.701,0.4026,6
ileum,YOL127W,-1.2327,2.1633,6
ileum,YOL128C,-0.8255,2.1556,6
ileum,YOL129W,0.902,0.4757,6
ileum,YOL130W,-0.9098,1.8658,6
ileum,YOL131W,0.2512,0.9896,6
ileum,YOL132W,0.2888,0.9912,6
ileum,YOL133W,0.864,0.5098,6
ileum,YOL134C,-0.5658,3.2525,6
ileum,YOL135C,0.3916,0.1815,6
ileum,YOL136C,0.1786,0.5628,6
ileum,YOL137W,0.385,0.1647,6
ileum,YOL138C,0.42,0.124,6
ileum,YOL139C,0.2016,0.128,6
ileum,YOL140W,0.078,0.2388,6
ileum,YOL141W,-0.8112,0.6395,6
ileum,YOL142W,-0.5034,0.3573,6
ileum,YOL143C,-0.2458,0.3553,6
ileum,YOL144W,-0.8706,0.2625,6
ileum,YOL145C,-0.1026,0.3082,6
ileum,YOL146W,-0.4412,0.3348,6
ileum,YOL147C,-0.0164,0.5819,6
ileum,YOL148C,0.08,0.1849,6
ileum,YOL149W,-0.3536,0.2006,6
ileum,YOL150C,3.2206,0.8622,6
ileum,YOL151W,3.3924,0.7944,6
ileum,YOL152W,1.0242,0.7096,6
ileum,YOL153C,1.0574,0.2867,6
ileum,YOL154W,0.1155,0.5872,6
ileum,YOL155C,0.5446,0.343,6
ileum,YOL156W,0.4555,0.3373,6
ileum,YOL157C,0.438,0.5351,6
ileum,YOL158C,1.2298,1.1014,6
ileum,YOL159C,0.817,0.3579,6
ileum,YOL160W,-0.3788,0.4402,6
ileum,YOL161C,0.331,0.1906,6
ileum,YOL162W,1.6292,1.1533,6
ileum,YOL163W,0.1262,0.5947,6
ileum,YOL164W,-0.099,0.3555,6
ileum,YOL165C,1.7964,0.5504,6
ileum,YOL166C,0.603,0.9868,6
ileum,YOR001W,-1.4604,1.651,6
ileum,YOR002W,0.4646,0.2077,6
ileum,YOR003W,0.1452,0.6308,6
ileum,YOR004W,-2.2544,1.0855,6
ileum,YOR005C,0.4396,0.4194,6
ileum,YOR006C,-0.4416,0.446,6
ileum,YOR007C,0.4472,0.2915,6
ileum,YOR008C,0.208,0.3645,6
ileum,YOR008C-A,-0.0104,0.3931,6
ileum,YOR009W,-0.5874,0.498,6
ileum,YOR010C,-0.926,0.9305,6
ileum,YOR011W,-0.0738,0.4985,6
ileum,YOR012W,-0.3865,0.645,6
ileum,YOR013W,-0.2986,0.4315,6
ileum,YOR014W,0.5768,0.3128,6
ileum,YOR015W,0.204,0.1946,6
ileum,YOR016C,0.0388,0.496,6
ileum,YOR017W,0.3884,0.1754,6
ileum,YOR018W,1.1258,0.3229,6
ileum,YOR019W,1.2272,0.4799,6
ileum,YOR020C,0.7212,0.4375,6
ileum,YOR021C,-0.5372,0.4878,6
ileum,YOR022C,1.0026,0.4703,6
ileum,YOR023C,0.499,0.4661,6
ileum,YOR024W,-0.1538,0.3122,6
ileum,YOR025W,-0.8456,0.6489,6
ileum,YOR026W,-0.332,0.5793,6
ileum,YOR027W,0.1566,0.7287,6
ileum,YOR028C,0.533,3.0039,6
ileum,YOR029W,0.1854,0.6791,6
ileum,YOR030W,0.323,0.3585,6
ileum,YOR031W,0.1696,0.324,6
ileum,YOR032C,-0.248,0.6831,6
ileum,YOR033C,-0.0828,0.345,6
ileum,YOR034C,-0.3016,0.2076,6
ileum,YOR035C,0.649,0.4436,6
ileum,YOR036W,0.4314,0.4644,6
ileum,YOR037W,0.3066,0.3135,6
ileum,YOR038C,-0.1544,0.51,6
ileum,YOR039W,-0.0948,0.2445,6
ileum,YOR040W,0.4845,0.4649,6
ileum,YOR041C,0.3974,0.4269,6
ileum,YOR042W,0.4035,0.2218,6
ileum,YOR043W,0.3776,0.402,6
ileum,YOR044W,0.4742,0.3777,6
ileum,YOR045W,-0.0332,0.4808,6
ileum,YOR046C,-1.8627,4.8509,6
ileum,YOR047C,-0.7087,0.8495,6
ileum,YOR048C,-0.0479,0.3754,6
ileum,YOR049C,-0.1065,1.0574,6
ileum,YOR050C,0.0217,0.2683,6
ileum,YOR051C,-1.3197,2.2715,6
ileum,YOR052C,1.5626,1.135,6
ileum,YOR053W,0.5268,0.3315,6
ileum,YOR054C,-0.8822,3.1053,6
ileum,YOR055W,0.7103,0.9794,6
ileum,YOR056C,-0.7562,0.7222,6
ileum,YOR057W,-0.251,2.4459,6
ileum,YOR058C,0.6982,0.6599,6
ileum,YOR059C,-0.27,3.2776,6
ileum,YOR060C,-1.1803,3.235,6
ileum,YOR061W,-0.1516,0.6396,6
ileum,YOR062C,0.2252,0.3121,6
ileum,YOR063W,-1.2782,3.0984,6
ileum,YOR064C,-1.628,3.1693,6
ileum,YOR065W,0.7738,0.2179,6
ileum,YOR066W,-0.7675,1.1611,6
ileum,YOR067C,0.4414,0.2265,6
ileum,YOR068C,0.3432,0.3923,6
ileum,YOR069W,0.816,0.3462,6
ileum,YOR070C,0.296,0.3371,6
ileum,YOR071C,0.3758,0.1,6
ileum,YOR072W,0.2748,0.5501,6
ileum,YOR073W,-0.4542,0.2877,6
ileum,YOR074C,0.025,0.3468,6
ileum,YOR075W,0.45,0.3417,6
ileum,YOR076C,0.3498,0.4063,6
ileum,YOR077W,-0.231,0.3196,6
ileum,YOR078W,-0.9334,0.6002,6
ileum,YOR079C,0.3718,0.5438,6
ileum,YOR080W,0.3664,0.3128,6
ileum,YOR081C,-0.0932,0.2632,6
ileum,YOR082C,-0.1078,0.9826,6
ileum,YOR083W,-0.4012,0.3206,6
ileum,YOR084W,-0.285,0.5579,6
ileum,YOR085W,-0.1188,0.2893,6
ileum,YOR086C,0.5275,0.4913,6
ileum,YOR087W,0.605,0.6132,6
ileum,YOR088W,0.389,0.6332,6
ileum,YOR089C,-0.153,0.2211,6
ileum,YOR090C,0.4706,0.3651,6
ileum,YOR091W,-1.024,0.7709,6
ileum,YOR092W,-0.0662,0.5807,6
ileum,YOR093C,0.0993,0.1721,6
ileum,YOR094W,-0.5176,0.6271,6
ileum,YOR095C,-1.24,0.7806,6
ileum,YOR096W,-0.5088,0.4879,6
ileum,YOR097C,-0.0424,0.4399,6
ileum,YOR098C,-0.5358,0.6511,6
ileum,YOR099W,-0.3138,0.2946,6
ileum,YOR100C,-0.0542,1.0459,6
ileum,YOR101W,-0.424,0.5341,6
ileum,YOR102W,-0.0066,0.314,6
ileum,YOR103C,-0.0104,0.2265,6
ileum,YOR104W,0.3396,0.3455,6
ileum,YOR105W,0.1568,0.3965,6
ileum,YOR106W,-0.1782,0.412,6
ileum,YOR107W,-0.1288,0.5168,6
ileum,YOR108W,-0.301,0.487,6
ileum,YOR109W,0.0784,0.2457,6
ileum,YOR110W,-0.1794,0.6184,6
ileum,YOR111W,0.432,0.6098,6
ileum,YOR112W,0.0162,0.2291,6
ileum,YOR113W,0.563,0.2264,6
ileum,YOR114W,0.5256,0.1869,6
ileum,YOR115C,0.264,0.2017,6
ileum,YOR116C,-0.3281,0.2721,6
ileum,YOR117W,0.5292,0.3289,6
ileum,YOR118W,-0.3918,0.3209,6
ileum,YOR119C,-0.9482,0.5015,6
ileum,YOR120W,1.491,0.8685,6
ileum,YOR121C,0.6968,0.7203,6
ileum,YOR122C,0.313,0.304,6
ileum,YOR123C,-0.4936,0.2479,6
ileum,YOR124C,1.0187,0.6077,6
ileum,YOR125C,-0.4798,0.1721,6
ileum,YOR126C,0.1772,0.2784,6
ileum,YOR127W,0.1286,0.3585,6
ileum,YOR128C,0.4572,0.3773,6
ileum,YOR129C,-0.2264,0.3119,6
ileum,YOR130C,0.5402,0.3708,6
ileum,YOR131C,0.328,0.3488,6
ileum,YOR132W,0.5144,0.2393,6
ileum,YOR133W,-0.6462,0.3714,6
ileum,YOR134W,0.6474,0.704,6
ileum,YOR135C,0.7076,0.5375,6
ileum,YOR136W,0.9248,0.5452,6
ileum,YOR137C,0.4862,0.3047,6
ileum,YOR138C,-0.019,0.3606,6
ileum,YOR139C,-0.9532,0.6707,6
ileum,YOR140W,-0.341,0.289,6
ileum,YOR141C,-0.136,0.2802,6
ileum,YOR142W,0.7886,0.3758,6
ileum,YOR143C,-1.2668,3.4797,6
ileum,YOR144C,-0.0255,0.332,6
ileum,YOR145C,-0.9514,0.8076,6
ileum,YOR146W,-0.9827,1.9106,6
ileum,YOR147W,-0.312,2.1679,6
ileum,YOR148C,-0.898,2.7488,6
ileum,YOR149C,0.669,0.3664,6
ileum,YOR150W,0.621,0.2871,6
ileum,YOR151C,0.6768,0.3413,6
ileum,YOR152C,0.3117,1.9384,6
ileum,YOR153W,0.8508,0.5526,6
ileum,YOR154W,-0.2476,0.2844,6
ileum,YOR155C,1.089,0.5372,6
ileum,YOR156C,0.1978,0.9445,6
ileum,YOR157C,-0.5735,2.859,6
ileum,YOR158W,0.2327,1.1265,6
ileum,YOR159C,0.158,0.1161,6
ileum,YOR160W,-0.0318,0.5667,6
ileum,YOR161C,1.5256,0.7478,6
ileum,YOR162C,0.4235,2.2041,6
ileum,YOR163W,0.1538,0.1664,6
ileum,YOR164C,-0.3392,1.763,6
ileum,YOR165W,0.1832,0.1,6
ileum,YOR166C,-0.3208,0.4355,6
ileum,YOR167C,-0.4882,0.3222,6
ileum,YOR168W,-0.4024,0.3246,6
ileum,YOR169C,-0.0142,0.195,6
ileum,YOR170W,0.3354,0.2307,6
ileum,YOR171C,0.5414,0.3075,6
ileum,YOR172W,-0.038,0.1439,6
ileum,YOR173W,1.0711,0.7932,6
ileum,YOR174W,-0.0648,0.1031,6
ileum,YOR175C,0.2754,0.4189,6
ileum,YOR176W,-0.11,0.306,6
ileum,YOR177C,0.6294,0.1655,6
ileum,YOR178C,-0.0666,0.7781,6
ileum,YOR179C,-0.0076,0.2212,6
ileum,YOR180C,-0.277,0.3598,6
ileum,YOR181W,0.5368,0.4851,6
ileum,YOR182C,-0.3012,0.2436,6
ileum,YOR183W,0.0202,0.4088,6
ileum,YOR184W,0.1816,0.2236,6
ileum,YOR185C,1.2762,0.6118,6
ileum,YOR186W,-0.2442,0.4153,6
ileum,YOR187W,0.6956,0.4025,6
ileum,YOR188W,-0.4794,0.3537,6
ileum,YOR189W,-0.0806,0.3451,6
ileum,YOR190W,0.1284,0.924,6
ileum,YOR191W,-0.251,0.3979,6
ileum,YOR192C,0.0696,0.4361,6
ileum,YOR193W,0.3294,0.3221,6
ileum,YOR194C,0.061,0.3248,6
ileum,YOR195W,-0.6172,0.3266,6
ileum,YOR196C,-0.2422,0.4176,6
ileum,YOR197W,0.08,0.1765,6
ileum,YOR198C,0.3112,0.2374,6
ileum,YOR199W,-0.092,0.347,6
ileum,YOR200W,0.183,0.3682,6
ileum,YOR201C,-0.0964,0.4308,6
ileum,YOR202W,0.4658,0.4764,6
ileum,YOR203W,0.2386,0.6496,6
ileum,YOR204W,-0.2476,0.3282,6
ileum,YOR205C,-0.2357,0.4663,6
ileum,YOR206W,-1.4152,1.2066,6
ileum,YOR207C,-0.2306,0.8943,6
ileum,YOR208W,0.8112,0.3548,6
ileum,YOR209C,-0.1238,0.4316,6
ileum,YOR210W,-0.5282,0.5393,6
ileum,YOR211C,-0.0743,0.67,6
ileum,YOR212W,-0.3682,0.3717,6
ileum,YOR213C,-0.4378,0.5732,6
ileum,YOR214C,0.0216,0.496,6
ileum,YOR215C,0.7488,0.6751,6
ileum,YOR216C,-0.3088,0.3073,6
ileum,YOR217W,-0.2998,0.3047,6
ileum,YOR218C,-0.0432,0.2973,6
ileum,YOR219C,0.2782,0.3928,6
ileum,YOR220W,1.4218,0.8924,6
ileum,YOR221C,0.4148,0.4328,6
ileum,YOR222W,0.3906,0.3432,6
ileum,YOR223W,0.3448,0.4549,6
ileum,YOR224C,-1.1904,0.8217,6
ileum,YOR225W,1.8524,0.6873,6
ileum,YOR226C,2.2062,0.6752,6
ileum,YOR227W,0.9488,0.4609,6
ileum,YOR228C,0.5216,0.3638,6
ileum,YOR229W,-0.3386,0.2359,6
ileum,YOR230W,0.1328,0.1243,6
ileum,YOR231W,0.05,0.4123,6
ileum,YOR232W,0.3896,0.4042,6
ileum,YOR233W,-0.8242,0.6861,6
ileum,YOR234C,-0.734,0.3248,6
ileum,YOR235W,0.1532,0.5297,6
ileum,YOR236W,-0.2746,0.3288,6
ileum,YOR237W,-0.7194,0.6922,6
ileum,YOR238W,0.4924,0.3864,6
ileum,YOR239W,0.1322,0.1,6
ileum,YOR240W,0.0702,0.2431,6
ileum,YOR241W,0.2526,0.1751,6
ileum,YOR242C,0.057,0.4188,6
ileum,YOR243C,-0.6418,0.6453,6
ileum,YOR244W,0.462,0.3862,6
ileum,YOR245C,0.7482,0.2486,6
ileum,YOR246C,-0.6567,1.594,6
ileum,YOR247W,-0.56,0.2982,6
ileum,YOR248W,-1.5298,2.5091,6
ileum,YOR249C,0.6396,0.3838,6
ileum,YOR250C,-0.7795,2.3019,6
ileum,YOR251C,0.2922,0.1502,6
ileum,YOR252W,-1.7637,2.1766,6
ileum,YOR253W,0.1328,0.173,6
ileum,YOR254C,0.06,0.1658,6
ileum,YOR255W,0.0424,0.66,6
ileum,YOR256C,0.782,0.2381,6
ileum,YOR257W,1.005,0.6976,6
ileum,YOR258W,0.5434,0.2925,6
ileum,YOR259C,0.7236,0.3765,6
ileum,YOR260W,0.2618,0.209,6
ileum,YOR261C,1.2144,0.7716,6
ileum,YOR262W,-0.1306,0.1686,6
ileum,YOR263C,-0.4606,0.4712,6
ileum,YOR264W,-0.7756,0.1913,6
ileum,YOR265W,0.3722,0.2656,6
ileum,YOR266W,0.3733,0.1927,6
ileum,YOR267C,0.7758,0.4258,6
ileum,YOR268C,-0.0237,0.4349,6
ileum,YOR269W,-0.0053,0.3582,6
ileum,YOR270C,0.091,0.1,6
ileum,YOR271C,-0.4064,0.31,6
ileum,YOR272W,-1.7302,1.6722,6
ileum,YOR273C,0.6771,0.4981,6
ileum,YOR274W,0.266,0.2784,6
ileum,YOR275C,0.688,0.3545,6
ileum,YOR276W,-0.4138,0.2729,6
ileum,YOR277C,-0.4916,0.2228,6
ileum,YOR278W,0.5762,0.5507,6
ileum,YOR279C,-0.252,0.5499,6
ileum,YOR280C,0.2884,0.4201,6
ileum,YOR281C,0.0862,0.2923,6
ileum,YOR282W,-0.1646,0.5808,6
ileum,YOR283W,-0.181,0.2299,6
ileum,YOR284W,0.4756,0.2737,6
ileum,YOR285W,1.3252,0.6335,6
ileum,YOR286W,0.3566,0.1821,6
ileum,YOR287C,-1.3266,1.0531,6
ileum,YOR288C,0.6016,0.289,6
ileum,YOR289W,1.4304,1.0539,6
ileum,YOR290C,0.117,0.3295,6
ileum,YOR291W,0.122,0.3325,6
ileum,YOR292C,0.7208,0.4778,6
ileum,YOR293W,-0.7414,0.5056,6
ileum,YOR294W,-1.0842,1.001,6
ileum,YOR295W,-0.038,0.2068,6
ileum,YOR296W,0.4194,0.383,6
ileum,YOR297C,0.001,0.2565,6
ileum,YOR298W,-0.4794,0.3103,6
ileum,YOR299W,-0.0954,0.4645,6
ileum,YOR300W,0.0326,0.2994,6
ileum,YOR301W,-0.0938,0.403,6
ileum,YOR302W,0.3296,0.4305,6
ileum,YOR303W,1.3304,1.2199,6
ileum,YOR304C-A,0.1983,0.5136,6
ileum,YOR304W,-0.0208,0.1789,6
ileum,YOR305W,-0.32,0.4113,6
ileum,YOR306C,-0.612,0.6772,6
ileum,YOR307C,-0.2704,0.3953,6
ileum,YOR308C,-0.269,0.3992,6
ileum,YOR309C,-0.9936,1.0138,6
ileum,YOR310C,-1.1208,0.98,6
ileum,YOR311C,-0.2936,0.1534,6
ileum,YOR312C,-0.6548,0.548,6
ileum,YOR313C,-1.4288,0.9176,6
ileum,YOR314W,-0.9149,1.2688,6
ileum,YOR315W,-2.1402,0.7905,6
ileum,YOR316C,0.4184,0.2945,6
ileum,YOR317W,0.2108,0.3833,6
ileum,YOR318C,-0.2442,0.2763,6
ileum,YOR319W,-0.0422,0.1292,6
ileum,YOR320C,0.1484,0.2971,6
ileum,YOR321W,0.1102,0.2774,6
ileum,YOR322C,-0.0658,0.3242,6
ileum,YOR323C,0.2456,0.524,6
ileum,YOR324C,-0.003,0.4403,6
ileum,YOR325W,-0.0912,0.2899,6
ileum,YOR326W,-0.173,0.4275,6
ileum,YOR327C,-0.062,0.4068,6
ileum,YOR328W,-0.0422,0.3939,6
ileum,YOR329C,0.3594,0.4554,6
ileum,YOR330C,-0.4902,0.3867,6
ileum,YOR331C,-0.0848,0.3585,6
ileum,YOR332W,-0.1144,0.136,6
ileum,YOR333C,-0.1614,0.4868,6
ileum,YOR334W,-0.8019,1.6525,6
ileum,YOR335C,-0.0655,1.2058,6
ileum,YOR336W,0.3297,0.164,6
ileum,YOR337W,-0.3372,0.3364,6
ileum,YOR338W,0.6024,0.5686,6
ileum,YOR339C,-0.2376,0.6908,6
ileum,YOR340C,-0.408,0.4354,6
ileum,YOR341W,0.2693,0.9819,6
ileum,YOR342C,-0.3915,0.3144,6
ileum,YOR343C,0.2882,0.7033,6
ileum,YOR344C,-0.2944,0.3867,6
ileum,YOR345C,-1.4342,3.4343,6
ileum,YOR346W,0.0498,0.1898,6
ileum,YOR347C,0.9036,0.3113,6
ileum,YOR348C,0.425,0.275,6
ileum,YOR349W,0.1046,1.1675,6
ileum,YOR350C,-0.298,2.4295,6
ileum,YOR351C,-0.0156,0.5186,6
ileum,YOR352W,0.0637,2.5736,6
ileum,YOR353C,0.7935,0.6555,6
ileum,YOR354C,1.001,0.3243,6
ileum,YOR355W,-0.2887,0.488,6
ileum,YOR356W,-0.5864,2.0179,6
ileum,YOR357C,-0.9418,3.1661,6
ileum,YOR358W,0.192,0.4214,6
ileum,YOR359W,-0.1471,0.2426,6
ileum,YOR360C,0.1044,0.1505,6
ileum,YOR361C,-0.1989,0.1447,6
ileum,YOR362C,0.6854,0.5435,6
ileum,YOR363C,-0.1432,0.2339,6
ileum,YOR364W,-0.2616,1.0393,6
ileum,YOR365C,0.3896,0.7482,6
ileum,YOR366W,0.5282,0.544,6
ileum,YOR367W,0.2364,0.1093,6
ileum,YOR368W,0.1736,0.4139,6
ileum,YOR369C,-0.7824,0.455,6
ileum,YOR370C,-0.267,0.2401,6
ileum,YOR371C,0.7894,0.8194,6
ileum,YOR372C,-0.2382,0.3136,6
ileum,YOR373W,-0.5684,1.6146,6
ileum,YOR374W,1.3484,0.67,6
ileum,YOR375C,-0.1432,0.3288,6
ileum,YOR376W,-0.754,0.9295,6
ileum,YOR377W,0.044,0.1323,6
ileum,YOR378W,-1.0168,1.6625,6
ileum,YOR379C,0.1442,0.6928,6
ileum,YOR380W,0.4298,0.4969,6
ileum,YOR381W,0.2431,0.3063,6
ileum,YOR382W,2.5392,1.4887,6
ileum,YOR383C,0.1322,3.1644,6
ileum,YOR384W,0.2384,0.3222,6
ileum,YOR385W,0.1528,0.6657,6
ileum,YOR386W,1.2062,0.8857,6
ileum,YOR387C,-0.3078,1.9706,6
ileum,YOR388C,-0.0656,1.3074,6
ileum,YOR389W,1.286,2.3063,6
ileum,YOR390W,0.0502,0.4411,6
ileum,YOR391C,0.1247,1.2074,6
ileum,YOR392W,0.336,0.8587,6
ileum,YOR393W,-0.185,0.1626,6
ileum,YOR394W,1.8974,1.284,6
ileum,YPL001W,0.0814,0.2714,6
ileum,YPL002C,0.2384,0.6901,6
ileum,YPL003W,-0.0514,0.8146,6
ileum,YPL004C,1.2534,0.3758,6
ileum,YPL005W,0.3125,0.506,6
ileum,YPL006W,0.2148,0.175,6
ileum,YPL007C,-0.3438,1.6411,6
ileum,YPL008W,0.1797,0.5917,6
ileum,YPL009C,-0.7588,3.1588,6
ileum,YPL010W,0.3672,0.3648,6
ileum,YPL011C,0.0468,0.329,6
ileum,YPL012W,0.4457,1.1925,6
ileum,YPL013C,0.1668,0.3477,6
ileum,YPL014W,0.4768,0.6118,6
ileum,YPL015C,0.4312,0.3726,6
ileum,YPL016W,-0.2086,1.2199,6
ileum,YPL017C,-0.13,0.2577,6
ileum,YPL018W,0.4048,1.2145,6
ileum,YPL019C,-0.406,0.1851,6
ileum,YPL020C,0.305,0.1104,6
ileum,YPL021W,0.0062,0.9008,6
ileum,YPL022W,-0.1896,1.1706,6
ileum,YPL023C,0.166,0.3686,6
ileum,YPL024W,0.623,1.142,6
ileum,YPL025C,0.3474,0.8761,6
ileum,YPL026C,0.2134,0.553,6
ileum,YPL027W,0.2274,1.6096,6
ileum,YPL028W,0.5842,0.6885,6
ileum,YPL029W,0.1923,0.1271,6
ileum,YPL030W,0.459,1.018,6
ileum,YPL031C,0.032,0.2185,6
ileum,YPL032C,-0.8022,1.1981,6
ileum,YPL033C,0.685,0.3576,6
ileum,YPL034W,0.6676,0.3963,6
ileum,YPL035C,0.3806,0.3136,6
ileum,YPL036W,-0.1032,0.3396,6
ileum,YPL037C,-0.395,0.3075,6
ileum,YPL038W,-0.2354,0.4756,6
ileum,YPL039W,0.6123,0.7299,6
ileum,YPL040C,0.4147,0.2353,6
ileum,YPL041C,-0.8494,2.7623,6
ileum,YPL042C,0.5234,1.0686,6
ileum,YPL043W,-3.076,4.0071,6
ileum,YPL044C,-0.517,1.3074,6
ileum,YPL045W,0.3349,0.6754,6
ileum,YPL046C,-0.1744,0.2157,6
ileum,YPL047W,0.2748,0.2598,6
ileum,YPL048W,0.4784,0.3001,6
ileum,YPL049C,-0.2488,1.7087,6
ileum,YPL050C,-1.4893,3.402,6
ileum,YPL051W,-0.3288,1.8843,6
ileum,YPL052W,0.7478,0.4163,6
ileum,YPL053C,-0.6927,2.895,6
ileum,YPL054W,1.2968,0.7948,6
ileum,YPL055C,0.6284,0.4493,6
ileum,YPL056C,0.3154,0.5183,6
ileum,YPL057C,0.5537,0.1396,6
ileum,YPL058C,0.4221,1.177,6
ileum,YPL059W,0.9536,0.5282,6
ileum,YPL060W,0.6272,0.5566,6
ileum,YPL061W,-0.0292,0.2668,6
ileum,YPL062W,-0.0932,0.1562,6
ileum,YPL063W,0.2246,0.2329,6
ileum,YPL064C,-0.2434,0.1869,6
ileum,YPL065W,0.3438,0.4928,6
ileum,YPL066W,0.1088,0.3552,6
ileum,YPL067C,-0.0604,0.1949,6
ileum,YPL068C,-0.1104,0.1983,6
ileum,YPL069C,0.371,0.3538,6
ileum,YPL070W,0.79,0.5566,6
ileum,YPL071C,0.583,0.3795,6
ileum,YPL072W,0.211,0.3434,6
ileum,YPL073C,0.3095,0.8459,6
ileum,YPL074W,-0.1118,0.7422,6
ileum,YPL075W,-0.0668,0.382,6
ileum,YPL076W,-0.1938,0.2965,6
ileum,YPL077C,0.547,0.7723,6
ileum,YPL078C,0.176,0.3305,6
ileum,YPL079W,-0.5942,0.3519,6
ileum,YPL080C,-0.1446,0.2757,6
ileum,YPL081W,-0.5538,0.3484,6
ileum,YPL082C,0.1879,0.6221,6
ileum,YPL083C,0.0542,0.1313,6
ileum,YPL084W,0.4468,0.3517,6
ileum,YPL085W,0.3746,0.2322,6
ileum,YPL086C,-1.1532,1.2989,6
ileum,YPL087W,1.203,0.7532,6
ileum,YPL088W,0.2182,0.7245,6
ileum,YPL089C,0.1958,0.4441,6
ileum,YPL090C,-0.7362,0.7239,6
ileum,YPL091W,1.002,0.5631,6
ileum,YPL092W,0.1504,0.2708,6
ileum,YPL093W,-0.7643,1.0384,6
ileum,YPL094C,-0.2924,0.281,6
ileum,YPL095C,-0.186,0.7427,6
ileum,YPL096W,-0.255,0.4416,6
ileum,YPL097W,0.5712,0.3927,6
ileum,YPL098C,0.0753,0.3608,6
ileum,YPL099C,0.7132,0.5181,6
ileum,YPL100W,0.4508,1.2213,6
ileum,YPL101W,-0.6776,0.7866,6
ileum,YPL102C,0.5403,1.3663,6
ileum,YPL103C,-0.0208,0.3195,6
ileum,YPL104W,0.444,0.4684,6
ileum,YPL105C,-0.094,0.2066,6
ileum,YPL106C,-0.0884,0.1614,6
ileum,YPL107W,0.134,0.5389,6
ileum,YPL108W,-0.4432,0.4128,6
ileum,YPL109C,0.6186,0.4882,6
ileum,YPL110C,0.294,0.3931,6
ileum,YPL111W,-0.3864,0.3655,6
ileum,YPL112C,0.0983,0.3643,6
ileum,YPL113C,-0.1944,0.4306,6
ileum,YPL114W,-0.1738,0.4719,6
ileum,YPL115C,0.0288,0.1566,6
ileum,YPL116W,0.0605,0.2071,6
ileum,YPL117C,0.278,0.3153,6
ileum,YPL118W,0.658,0.2998,6
ileum,YPL119C,-0.3442,0.9042,6
ileum,YPL120W,0.409,0.3572,6
ileum,YPL121C,0.0833,0.2275,6
ileum,YPL122C,-0.016,0.1477,6
ileum,YPL123C,0.759,0.4131,6
ileum,YPL124W,0.3024,0.2766,6
ileum,YPL125W,-0.0334,0.3323,6
ileum,YPL126W,-0.7435,0.7118,6
ileum,YPL127C,0.0075,0.144,6
ileum,YPL128C,-0.185,0.2686,6
ileum,YPL129W,-0.1498,0.1599,6
ileum,YPL130W,0.6156,0.931,6
ileum,YPL131W,-0.7768,0.5123,6
ileum,YPL132W,0.5837,0.297,6
ileum,YPL133C,-0.775,1.4058,6
ileum,YPL134C,0.819,1.0034,6
ileum,YPL135W,0.5577,1.4669,6
ileum,YPL136W,0.3867,0.2844,6
ileum,YPL137C,0.2105,0.7715,6
ileum,YPL138C,-0.0077,1.0005,6
ileum,YPL139C,0.4514,0.3448,6
ileum,YPL140C,0.1122,0.702,6
ileum,YPL141C,-0.427,0.4615,6
ileum,YPL142C,-0.9862,1.5655,6
ileum,YPL143W,-1.6892,3.0382,6
ileum,YPL144W,0.312,0.8663,6
ileum,YPL145C,-0.1488,0.5198,6
ileum,YPL146C,-1.0847,0.6852,6
ileum,YPL147W,0.5223,0.4635,6
ileum,YPL148C,0.9038,0.5078,6
ileum,YPL149W,-0.7765,3.6387,6
ileum,YPL150W,0.1471,1.2097,6
ileum,YPL151C,0.3724,0.1126,6
ileum,YPL152W,1.0263,0.9129,6
ileum,YPL153C,0.2075,1.1241,6
ileum,YPL154C,1.0532,1.5884,6
ileum,YPL155C,0.0948,0.2534,6
ileum,YPL156C,-0.0974,0.4001,6
ileum,YPL157W,-0.5102,0.7781,6
ileum,YPL158C,-0.3746,0.3379,6
ileum,YPL159C,0.7146,0.3276,6
ileum,YPL160W,-0.0083,0.2677,6
ileum,YPL161C,0.3402,0.2681,6
ileum,YPL162C,-0.0736,0.4352,6
ileum,YPL163C,-0.59,0.2996,6
ileum,YPL164C,0.3416,0.5582,6
ileum,YPL165C,1.2886,0.7839,6
ileum,YPL166W,0.7444,0.6742,6
ileum,YPL167C,0.5366,0.5448,6
ileum,YPL168W,0.309,0.1648,6
ileum,YPL169C,0.1982,0.2187,6
ileum,YPL170W,0.2992,0.2511,6
ileum,YPL171C,0.9584,0.6728,6
ileum,YPL172C,0.4732,0.9421,6
ileum,YPL173W,0.5754,0.2961,6
ileum,YPL174C,-0.2277,0.8298,6
ileum,YPL175W,-0.1284,0.2624,6
ileum,YPL176C,0.3154,0.2782,6
ileum,YPL177C,0.1706,0.522,6
ileum,YPL178W,-0.1576,0.2068,6
ileum,YPL179W,0.3476,0.2883,6
ileum,YPL180W,-0.5334,1.6458,6
ileum,YPL181W,0.4462,0.4087,6
ileum,YPL182C,0.1292,0.4735,6
ileum,YPL183C,-0.7578,0.4124,6
ileum,YPL184C,0.0246,0.3371,6
ileum,YPL185W,-0.1102,0.5295,6
ileum,YPL186C,0.5982,0.5301,6
ileum,YPL187W,0.0188,0.2165,6
ileum,YPL188W,0.4246,0.3427,6
ileum,YPL189W,0.0652,0.5236,6
ileum,YPL190C,0.0528,0.4523,6
ileum,YPL191C,0.4502,0.1783,6
ileum,YPL192C,-0.2778,0.2972,6
ileum,YPL193W,-0.6798,0.6506,6
ileum,YPL194W,0.1686,0.199,6
ileum,YPL195W,0.1642,0.2877,6
ileum,YPL196W,0.5192,0.467,6
ileum,YPL197C,-0.4259,0.5095,6
ileum,YPL198W,-0.8042,0.6647,6
ileum,YPL199C,-0.239,0.3208,6
ileum,YPL200W,0.106,0.6179,6
ileum,YPL201C,0.0086,0.5706,6
ileum,YPL202C,1.0674,0.5829,6
ileum,YPL203W,0.754,0.2696,6
ileum,YPL204W,-0.0254,0.3291,6
ileum,YPL205C,0.3152,0.4274,6
ileum,YPL206C,0.1808,0.2978,6
ileum,YPL207W,-0.6752,0.4222,6
ileum,YPL208W,0.3052,0.2533,6
ileum,YPL209C,-0.2274,0.33,6
ileum,YPL210C,-0.5805,1.3401,6
ileum,YPL211W,-0.83,0.3968,6
ileum,YPL212C,-0.395,0.5806,6
ileum,YPL213W,-0.2314,0.1288,6
ileum,YPL214C,0.2894,0.2217,6
ileum,YPL215W,0.39,0.3573,6
ileum,YPL216W,0.4314,0.4366,6
ileum,YPL217C,-0.5506,0.5803,6
ileum,YPL218W,0.1462,0.2113,6
ileum,YPL219W,-0.066,0.2764,6
ileum,YPL220W,-0.6824,0.4663,6
ileum,YPL221W,0.1608,0.3561,6
ileum,YPL222W,0.5507,0.9,6
ileum,YPL223C,0.316,0.5144,6
ileum,YPL224C,1.1052,2.1409,6
ileum,YPL225W,0.442,0.4496,6
ileum,YPL226W,-0.5835,0.632,6
ileum,YPL227C,-0.0744,0.1906,6
ileum,YPL228W,0.6026,0.5386,6
ileum,YPL229W,-0.9023,3.2267,6
ileum,YPL230W,1.5772,1.0537,6
ileum,YPL231W,-1.0408,1.7743,6
ileum,YPL232W,0.3902,0.4442,6
ileum,YPL233W,-0.4123,1.1496,6
ileum,YPL234C,0.0498,0.2736,6
ileum,YPL235W,-1.3543,2.6507,6
ileum,YPL236C,-1.477,3.8657,6
ileum,YPL237W,-1.7803,4.2322,6
ileum,YPL238C,-1.5582,3.635,6
ileum,YPL239W,-0.6048,0.6337,6
ileum,YPL240C,-0.8703,3.9671,6
ileum,YPL241C,0.401,0.2147,6
ileum,YPL242C,-0.2451,0.9751,6
ileum,YPL243W,0.287,0.2753,6
ileum,YPL244C,-1.5948,3.921,6
ileum,YPL245W,-1.843,3.6061,6
ileum,YPL246C,-0.4468,1.4739,6
ileum,YPL247C,0.52,0.448,6
ileum,YPL248C,0.5477,0.5197,6
ileum,YPL249C,0.3766,0.2254,6
ileum,YPL250C,-0.4188,2.6768,6
ileum,YPL251W,0.215,0.3167,6
ileum,YPL252C,0.1018,0.1903,6
ileum,YPL253C,-0.2492,0.2469,6
ileum,YPL254W,-0.0442,0.1868,6
ileum,YPL255W,-0.3606,0.3861,6
ileum,YPL256C,-0.8646,0.6254,6
ileum,YPL257W,0.5536,0.4601,6
ileum,YPL258C,0.0036,0.3457,6
ileum,YPL259C,0.3446,0.1746,6
ileum,YPL260W,0.5316,0.4461,6
ileum,YPL261C,0.5632,0.7153,6
ileum,YPL262W,0.0776,0.7751,6
ileum,YPL263C,-0.9089,0.7061,6
ileum,YPL264C,-0.2498,0.4582,6
ileum,YPL265W,-0.0096,0.1854,6
ileum,YPL266W,-1.0738,0.9309,6
ileum,YPL267W,0.0008,0.3606,6
ileum,YPL268W,-0.124,0.1919,6
ileum,YPL269W,-0.398,0.2712,6
ileum,YPL270W,0.0553,0.1816,6
ileum,YPL271W,0.3204,0.3105,6
ileum,YPL272C,0.4818,0.5514,6
ileum,YPL273W,0.1762,0.2515,6
ileum,YPL274W,0.3694,0.7053,6
ileum,YPL275W,0.7258,1.1842,6
ileum,YPL276W,-0.8546,1.4471,6
ileum,YPL277C,-0.1248,0.6214,6
ileum,YPL278C,0.124,0.8476,6
ileum,YPL279C,-0.5704,0.3417,6
ileum,YPL280W,0.3282,0.6444,6
ileum,YPL281C,-1.0613,1.3145,6
ileum,YPL282C,0.3976,0.3097,6
ileum,YPL283C,0.2119,0.3348,6
ileum,YPR001W,0.0258,0.6795,6
ileum,YPR002W,-0.3656,0.8453,6
ileum,YPR003C,0.4572,0.3837,6
ileum,YPR004C,-0.1022,0.5077,6
ileum,YPR005C,0.2538,0.2835,6
ileum,YPR006C,-0.3814,1.0876,6
ileum,YPR007C,0.6247,0.7322,6
ileum,YPR008W,0.2486,0.1859,6
ileum,YPR009W,-0.3296,0.3869,6
ileum,YPR010C,-0.0431,0.3978,6
ileum,YPR011C,0.304,0.6973,6
ileum,YPR012W,-0.0516,0.2773,6
ileum,YPR013C,-0.7198,0.6726,6
ileum,YPR014C,0.016,0.3058,6
ileum,YPR015C,0.157,0.7141,6
ileum,YPR016C,-0.2464,0.2134,6
ileum,YPR017C,-0.0894,0.3644,6
ileum,YPR018W,-0.0966,0.1159,6
ileum,YPR019W,0.0082,0.3395,6
ileum,YPR020W,-0.0654,0.1209,6
ileum,YPR021C,0.2972,0.2651,6
ileum,YPR022C,0.031,0.2375,6
ileum,YPR023C,0.3834,0.2819,6
ileum,YPR024W,0.2642,0.3472,6
ileum,YPR025C,0.047,0.332,6
ileum,YPR026W,0.3968,0.4217,6
ileum,YPR027C,-0.1114,0.483,6
ileum,YPR028W,0.447,0.572,6
ileum,YPR029C,0.2394,0.2273,6
ileum,YPR030W,0.2066,0.3128,6
ileum,YPR031W,-0.6744,1.2006,6
ileum,YPR032W,-0.0392,0.2783,6
ileum,YPR033C,-0.2002,0.3277,6
ileum,YPR034W,-0.5718,0.7181,6
ileum,YPR035W,-0.4664,0.5024,6
ileum,YPR036W,-0.273,0.1078,6
ileum,YPR037C,-0.1304,0.4541,6
ileum,YPR038W,-0.2682,0.2829,6
ileum,YPR039W,-0.1378,0.8093,6
ileum,YPR040W,0.0436,0.5071,6
ileum,YPR041W,-1.3754,3.1418,6
ileum,YPR042C,0.5989,0.824,6
ileum,YPR043W,-0.777,0.925,6
ileum,YPR044C,-0.4667,0.4158,6
ileum,YPR045C,-0.0562,1.3159,6
ileum,YPR046W,-0.0758,1.537,6
ileum,YPR047W,0.302,1.3975,6
ileum,YPR048W,0.8468,0.6223,6
ileum,YPR049C,0.574,0.2361,6
ileum,YPR050C,0.0728,0.3142,6
ileum,YPR051W,-0.6088,1.2316,6
ileum,YPR052C,-0.3249,0.4273,6
ileum,YPR053C,-0.42,0.2931,6
ileum,YPR054W,0.2108,0.2779,6
ileum,YPR055W,0.5462,0.3482,6
ileum,YPR056W,-1.0787,3.2258,6
ileum,YPR057W,-1.2223,2.7559,6
ileum,YPR058W,0.1176,0.2927,6
ileum,YPR059C,0.219,0.2658,6
ileum,YPR060C,-0.101,0.1628,6
ileum,YPR061C,0.741,0.4212,6
ileum,YPR062W,-1.5256,3.3265,6
ileum,YPR063C,-0.007,0.1956,6
ileum,YPR064W,-0.0222,1.6952,6
ileum,YPR065W,0.6426,0.1209,6
ileum,YPR066W,0.4674,0.4625,6
ileum,YPR067W,1.3748,1.0719,6
ileum,YPR068C,0.4702,0.388,6
ileum,YPR069C,0.2673,0.313,6
ileum,YPR070W,0.1526,0.1994,6
ileum,YPR071W,0.5617,0.1,6
ileum,YPR072W,0.3168,0.3987,6
ileum,YPR073C,0.4676,0.3545,6
ileum,YPR074C,-0.1944,0.3871,6
ileum,YPR075C,0.2822,0.3068,6
ileum,YPR076W,0.2092,0.6993,6
ileum,YPR077C,-0.0138,0.197,6
ileum,YPR078C,1.5436,0.6799,6
ileum,YPR079W,0.702,0.4671,6
ileum,YPR080W,-0.4048,0.2501,6
ileum,YPR081C,0.5914,0.4347,6
ileum,YPR082C,0.2024,0.2325,6
ileum,YPR083W,-0.0831,0.1823,6
ileum,YPR084W,0.211,0.2465,6
ileum,YPR085C,-0.131,0.5434,6
ileum,YPR086W,0.0692,0.3942,6
ileum,YPR087W,-0.3976,0.5482,6
ileum,YPR088C,-0.0956,0.137,6
ileum,YPR089W,0.38,0.5121,6
ileum,YPR090W,0.071,0.2899,6
ileum,YPR091C,0.7906,0.3776,6
ileum,YPR092W,0.2927,0.7596,6
ileum,YPR093C,0.4108,0.3914,6
ileum,YPR094W,0.4576,0.4851,6
ileum,YPR095C,0.2091,0.648,6
ileum,YPR096C,-0.2894,0.4347,6
ileum,YPR097W,0.3644,0.2398,6
ileum,YPR098C,0.7614,0.394,6
ileum,YPR099C,0.0166,0.8277,6
ileum,YPR100W,0.1014,0.6535,6
ileum,YPR101W,0.2732,0.5619,6
ileum,YPR102C,-0.6622,0.6097,6
ileum,YPR103W,0.7118,0.4716,6
ileum,YPR104C,-0.3908,0.3097,6
ileum,YPR105C,0.4964,0.3854,6
ileum,YPR106W,0.2308,0.3711,6
ileum,YPR107C,0.7674,0.6748,6
ileum,YPR108W,0.8368,0.6198,6
ileum,YPR109W,0.0476,0.1834,6
ileum,YPR110C,-0.9666,0.7078,6
ileum,YPR111W,-0.2896,0.8495,6
ileum,YPR112C,-0.6975,0.9026,6
ileum,YPR113W,-0.2004,0.3954,6
ileum,YPR114W,-0.3188,0.3039,6
ileum,YPR115W,-0.0969,0.3078,6
ileum,YPR116W,-0.342,0.3982,6
ileum,YPR117W,0.1282,0.4378,6
ileum,YPR118W,0.0118,0.2467,6
ileum,YPR119W,-0.6918,0.7061,6
ileum,YPR120C,-0.2216,0.3474,6
ileum,YPR121W,0.1872,0.3502,6
ileum,YPR122W,0.2482,0.3718,6
ileum,YPR123C,0.509,0.2719,6
ileum,YPR124W,0.2334,0.1892,6
ileum,YPR125W,0.2086,0.3197,6
ileum,YPR126C,-0.0998,0.2424,6
ileum,YPR127W,0.1938,0.6562,6
ileum,YPR128C,0.069,0.3741,6
ileum,YPR129W,-0.247,0.2084,6
ileum,YPR130C,-0.0942,0.2285,6
ileum,YPR131C,-0.1365,0.3705,6
ileum,YPR132W,-0.6028,0.3962,6
ileum,YPR133C,-0.2987,0.3385,6
ileum,YPR134W,0.2887,0.2574,6
ileum,YPR135W,0.2014,0.2553,6
ileum,YPR136C,-0.3772,0.3326,6
ileum,YPR137W,-1.2512,2.2061,6
ileum,YPR138C,-0.0922,0.2477,6
ileum,YPR139C,-1.2315,3.3551,6
ileum,YPR140W,0.6474,0.1983,6
ileum,YPR141C,-0.1,0.4236,6
ileum,YPR142C,-0.849,0.5175,6
ileum,YPR143W,-1.4775,1.7493,6
ileum,YPR144C,-1.5078,2.7885,6
ileum,YPR145W,-0.9527,3.1448,6
ileum,YPR146C,0.6346,0.357,6
ileum,YPR147C,0.254,0.9551,6
ileum,YPR148C,0.564,0.2711,6
ileum,YPR149W,0.1178,2.506,6
ileum,YPR150W,0.6313,1.5626,6
ileum,YPR151C,1.1516,1.1889,6
ileum,YPR152C,-0.3369,0.6217,6
ileum,YPR153W,-0.9205,2.3722,6
ileum,YPR154W,0.6802,0.323,6
ileum,YPR155C,0.6252,0.3832,6
ileum,YPR156C,-1.4302,4.4749,6
ileum,YPR157W,-0.7382,1.9264,6
ileum,YPR158W,1.3482,0.9982,6
ileum,YPR159W,-0.9693,3.1517,6
ileum,YPR160W,1.2239,0.6476,6
ileum,YPR161C,-0.0798,0.1271,6
ileum,YPR162C,-0.016,0.4379,6
ileum,YPR163C,-0.8444,0.4352,6
ileum,YPR164W,0.2947,0.3456,6
ileum,YPR165W,0.1036,0.219,6
ileum,YPR166C,0.6242,0.4785,6
ileum,YPR167C,1.2306,0.7112,6
ileum,YPR168W,-0.0629,0.2691,6
ileum,YPR169W,-0.3296,0.1959,6
ileum,YPR170C,0.134,0.2914,6
ileum,YPR171W,-0.0838,0.2088,6
ileum,YPR172W,0.5138,0.298,6
ileum,YPR173C,-0.3688,0.3048,6
ileum,YPR174C,-0.3346,0.2736,6
ileum,YPR175W,-0.0992,0.3378,6
ileum,YPR176C,0.3532,0.2828,6
ileum,YPR177C,-0.0652,0.3926,6
ileum,YPR178W,0.0874,0.41,6
ileum,YPR179C,0.3304,0.3044,6
ileum,YPR180W,0.2826,0.2623,6
ileum,YPR181C,0.2094,0.3662,6
ileum,YPR182W,-0.2862,0.7734,6
ileum,YPR183W,0.0838,0.3839,6
ileum,YPR184W,0.758,0.4034,6
ileum,YPR185W,0.193,0.1673,6
ileum,YPR186C,-0.3564,0.4502,6
ileum,YPR187W,-0.8786,0.6123,6
ileum,YPR188C,-0.2774,0.3273,6
ileum,YPR189W,1.115,2.0413,6
ileum,YPR190C,-1.1354,0.8412,6
ileum,YPR191W,0.236,0.4688,6
ileum,YPR192W,-0.1862,0.3117,6
ileum,YPR193C,0.1214,0.5595,6
ileum,YPR194C,-0.0658,0.3959,6
ileum,YPR195C,-0.1891,0.528,6
ileum,YPR196W,0.0636,0.3888,6
ileum,YPR197C,-0.225,0.4892,6
ileum,YPR198W,0.1014,0.3177,6
ileum,YPR199C,0.2376,0.7162,6
ileum,YPR200C,0.7802,0.8962,6
ileum,YPR201W,0.7118,0.7487,6
ileum,YPR202W,0.1288,0.1858,6
ileum,YPR203W,-0.0606,0.2872,6
ileum,YPR204W,0.0488,0.3995,6
colon,YAL001C,0.0995,0.1,5
colon,YAL002W,0.0025,0.1,5
colon,YAL003W,-0.6455,0.6513,5
colon,YAL004W,-0.1833,0.1778,5
colon,YAL005C,0.0486,0.3314,5
colon,YAL007C,-0.2326,0.2227,5
colon,YAL008W,0.1036,0.1,5
colon,YAL009W,-0.0597,0.122,5
colon,YAL010C,0.1266,0.2411,5
colon,YAL011W,-0.1282,0.1,5
colon,YAL012W,-0.1605,0.3639,5
colon,YAL013W,-0.2658,0.1295,5
colon,YAL014C,-0.0179,0.1058,5
colon,YAL015C,-0.0477,0.1169,5
colon,YAL016W,0.25,0.2123,5
colon,YAL017W,0.0623,0.1,5
colon,YAL018C,-0.0519,0.2009,5
colon,YAL019W,-0.2225,0.1041,5
colon,YAL020C,0.0363,0.1,5
colon,YAL021C,-0.1637,0.1,5
colon,YAL022C,-0.0126,0.1221,5
colon,YAL023C,-0.2021,0.1294,5
colon,YAL024C,0.0247,0.1,5
colon,YAL025C,-0.6187,0.709,5
colon,YAL026C,0.0403,0.1246,5
colon,YAL027W,-0.0187,0.2237,5
colon,YAL028W,-0.1422,0.2031,5
colon,YAL029C,-0.0619,0.1,5
colon,YAL030W,-0.0778,0.1608,5
colon,YAL031C,0.0815,0.1273,5
colon,YAL032C,-0.1747,0.1406,5
colon,YAL033W,-0.0216,0.1,5
colon,YAL034C,0.1445,0.3043,5
colon,YAL034W-A,-0.2804,0.1494,5
colon,YAL035C-A,-0.2492,0.2302,5
colon,YAL035W,-0.5051,0.4113,5
colon,YAL036C,-0.4472,0.412,5
colon,YAL037W,-0.0951,0.2443,5
colon,YAL038W,-0.3644,0.3559,5
colon,YAL039C,-0.3003,0.1067,5
colon,YAL040C,0.1207,0.17,5
colon,YAL041W,-0.1309,0.1591,5
colon,YAL042W,-0.1492,0.2143,5
colon,YAL043C,-0.187,0.1515,5
colon,YAL043C-A,-0.2176,0.1567,5
colon,YAL044C,-0.2123,0.1723,5
colon,YAL045C,-0.2079,0.1275,5
colon,YAL046C,-0.232,0.2095,5
colon,YAL047C,-0.1149,0.1423,5
colon,YAL048C,0.0815,0.1229,5
colon,YAL049C,-0.0634,0.2181,5
colon,YAL051W,-0.0773,0.1198,5
colon,YAL053W,-0.1219,0.1818,5
colon,YAL054C,-0.0019,0.1,5
colon,YAL055W,-0.2166,0.1961,5
colon,YAL056W,-0.0058,0.1264,5
colon,YAL058W,-0.2046,0.1,5
colon,YAL059W,-0.2413,0.2907,5
colon,YAL060W,-0.046,0.2158,5
colon,YAL061W,0.2628,0.5491,5
colon,YAL062W,-0.1223,0.3209,5
colon,YAL063C,-0.0939,0.1781,5
colon,YAL064C-A,-0.1588,0.1947,5
colon,YAL064W,-0.224,0.1828,5
colon,YAL064W-B,0.0198,0.1348,5
colon,YAL065C,-0.0771,0.1847,5
colon,YAL066W,-0.1961,0.1,5
colon,YAL067C,-0.0507,0.105,5
colon,YAL068C,-0.1934,0.2125,5
colon,YAL069W,-0.017,0.1605,5
colon,YAR002C-A,-0.3424,0.3341,5
colon,YAR002W,-0.1575,0.1,5
colon,YAR003W,-0.0382,0.1,5
colon,YAR007C,-0.1138,0.1409,5
colon,YAR008W,-0.2319,0.2038,5
colon,YAR009C,0.0,0.1,5
colon,YAR010C,0.0309,0.2303,5
colon,YAR014C,0.0324,0.1079,5
colon,YAR015W,-0.1478,0.2711,5
colon,YAR018C,0.017,0.1001,5
colon,YAR019C,-0.0856,0.1509,5
colon,YAR020C,-0.0153,0.1,5
colon,YAR023C,0.0211,0.3414,5
colon,YAR027W,0.3446,0.4812,5
colon,YAR028W,0.1155,0.2952,5
colon,YAR029W,0.0797,0.1053,5
colon,YAR030C,-0.0807,0.2384,5
colon,YAR031W,0.2395,0.3928,5
colon,YAR033W,0.0969,0.2451,5
colon,YAR035W,-0.0786,0.1963,5
colon,YAR037W,-0.053,0.1331,5
colon,YAR040C,-0.0932,0.2209,5
colon,YAR042W,-0.084,0.1469,5
colon,YAR043C,-0.3898,0.8534,5
colon,YAR044W,-0.1603,0.1636,5
colon,YAR047C,-0.2901,0.3923,5
colon,YAR050W,0.0193,0.2197,5
colon,YAR052C,-0.0893,0.1,5
colon,YAR053W,-0.3212,0.4073,5
colon,YAR060C,-0.1039,0.175,5
colon,YAR061W,-0.0848,0.1,5
colon,YAR062W,0.2686,0.1954,5
colon,YAR064W,-0.2219,0.1516,5
colon,YAR066W,-0.396,0.3051,5
colon,YAR068W,0.1631,0.1258,5
colon,YAR069C,-0.2265,0.1767,5
colon,YAR070C,0.0398,0.1,5
colon,YAR071W,-0.7401,0.5736,5
colon,YAR073W,-0.1829,0.3939,5
colon,YAR074C,-0.3283,0.2776,5
colon,YAR075W,-0.5684,0.4378,5
colon,YBL001C,0.0374,0.1,5
colon,YBL002W,-0.229,0.3243,5
colon,YBL003C,-0.2757,0.3692,5
colon,YBL004W,-0.2959,0.2016,5
colon,YBL005W,0.6001,0.1661,5
colon,YBL005W-A,0.1715,0.317,5
colon,YBL005W-B,0.2368,0.1139,5
colon,YBL006C,-0.0508,0.1,5
colon,YBL007C,-0.0616,0.1,5
colon,YBL008W,-0.1085,0.1,5
colon,YBL009W,-0.3274,0.4876,5
colon,YBL010C,-0.047,0.1,5
colon,YBL011W,-0.0608,0.1,5
colon,YBL012C,-0.1349,0.146,5
colon,YBL013W,0.0132,0.114,5
colon,YBL014C,-0.016,0.1,5
colon,YBL015W,0.152,0.2259,5
colon,YBL016W,-0.1896,0.1397,5
colon,YBL017C,-0.0115,0.1406,5
colon,YBL018C,-0.4082,0.461,5
colon,YBL019W,0.1465,0.151,5
colon,YBL020W,-0.0564,0.1472,5
colon,YBL021C,0.0663,0.1769,5
colon,YBL022C,-0.1901,0.1716,5
colon,YBL023C,0.1057,0.1911,5
colon,YBL024W,-0.3772,0.5193,5
colon,YBL025W,0.1997,0.1601,5
colon,YBL026W,-0.2306,0.2629,5
colon,YBL027W,-0.4142,0.6994,5
colon,YBL028C,-0.735,0.901,5
colon,YBL029W,-0.5444,0.3259,5
colon,YBL030C,-0.0551,0.2908,5
colon,YBL031W,-0.0728,0.2393,5
colon,YBL032W,-0.177,0.1524,5
colon,YBL033C,-0.21,0.1631,5
colon,YBL034C,-0.1771,0.1,5
colon,YBL035C,-0.3187,0.4122,5
colon,YBL036C,-0.0026,0.1853,5
colon,YBL037W,-0.0343,0.1,5
colon,YBL038W,-0.1111,0.1303,5
colon,YBL039C,-1.0782,1.2652,5
colon,YBL040C,-0.1641,0.2171,5
colon,YBL041W,0.1558,0.2232,5
colon,YBL042C,-0.4766,0.694,5
colon,YBL043W,0.1369,0.1,5
colon,YBL044W,-0.0258,0.174,5
colon,YBL045C,0.1674,0.2511,5
colon,YBL046W,-0.2024,0.2167,5
colon,YBL047C,-0.0386,0.1405,5
colon,YBL048W,0.0366,0.2548,5
colon,YBL049W,0.2305,0.2288,5
colon,YBL050W,0.3427,0.3783,5
colon,YBL051C,0.1109,0.2008,5
colon,YBL052C,-0.4618,0.324,5
colon,YBL053W,-0.2705,0.461,5
colon,YBL054W,-0.243,0.2768,5
colon,YBL055C,0.0392,0.2389,5
colon,YBL056W,0.1117,0.2434,5
colon,YBL057C,0.0954,0.2403,5
colon,YBL058W,-0.0714,0.303,5
colon,YBL059W,0.1731,0.2316,5
colon,YBL060W,-0.0378,0.1318,5
colon,YBL061C,-0.4005,0.4343,5
colon,YBL062W,-0.5303,0.2461,5
colon,YBL063W,-0.0906,0.1503,5
colon,YBL064C,1.3525,1.4169,5
colon,YBL065W,0.0708,0.1183,5
colon,YBL066C,0.0139,0.166,5
colon,YBL067C,-0.142,0.1916,5
colon,YBL068W,-0.5162,0.8776,5
colon,YBL069W,0.037,0.1145,5
colon,YBL070C,-0.1112,0.3693,5
colon,YBL071C,-0.0301,0.1651,5
colon,YBL072C,-0.2741,0.8358,5
colon,YBL073W,0.059,0.1,5
colon,YBL074C,0.1315,0.2368,5
colon,YBL075C,0.7232,0.7896,5
colon,YBL076C,-0.1678,0.4351,5
colon,YBL077W,-0.4511,0.5765,5
colon,YBL078C,0.5642,1.1539,5
colon,YBL079W,-0.1867,0.1226,5
colon,YBL080C,0.2093,0.131,5
colon,YBL081W,-0.0221,0.1,5
colon,YBL082C,0.1988,0.2953,5
colon,YBL083C,-0.2128,0.1755,5
colon,YBL084C,-0.026,0.1,5
colon,YBL085W,-0.0655,0.1347,5
colon,YBL086C,0.3967,0.5592,5
colon,YBL087C,-0.2756,0.5158,5
colon,YBL088C,-0.1786,0.1,5
colon,YBL089W,0.0054,0.1438,5
colon,YBL090W,0.0049,0.2119,5
colon,YBL091C,0.1054,0.124,5
colon,YBL092W,-0.3423,0.4908,5
colon,YBL093C,-0.1305,0.1,5
colon,YBL094C,-0.1481,0.1,5
colon,YBL095W,0.1476,0.1,5
colon,YBL096C,-0.1811,0.1825,5
colon,YBL097W,-0.0204,0.1347,5
colon,YBL098W,0.2195,0.2228,5
colon,YBL099W,0.1322,0.1709,5
colon,YBL100C,-0.0269,0.1657,5
colon,YBL101C,0.0167,0.1,5
colon,YBL101W-A,0.1053,0.2903,5
colon,YBL101W-B,0.0484,0.126,5
colon,YBL102W,0.0659,0.2935,5
colon,YBL103C,0.1894,0.2108,5
colon,YBL104C,-0.1467,0.1,5
colon,YBL105C,-0.1338,0.1838,5
colon,YBL106C,-0.0617,0.1,5
colon,YBL107C,-0.1893,0.2904,5
colon,YBL108W,-0.1506,0.1,5
colon,YBL109W,0.1969,0.1656,5
colon,YBL110C,-0.1069,0.1542,5
colon,YBL111C,-0.0002,0.2569,5
colon,YBL112C,-0.5309,0.3446,5
colon,YBL113C,-0.1813,0.2561,5
colon,YBR001C,0.3019,0.3219,5
colon,YBR002C,0.1957,0.214,5
colon,YBR003W,0.1101,0.4238,5
colon,YBR004C,-0.1189,0.1566,5
colon,YBR005W,-0.0083,0.1,5
colon,YBR006W,0.7605,0.5541,5
colon,YBR007C,-0.0397,0.1045,5
colon,YBR008C,0.0454,0.1392,5
colon,YBR009C,-0.5601,0.2686,5
colon,YBR010W,-0.4108,0.2951,5
colon,YBR011C,0.3168,0.1409,5
colon,YBR012C,0.0608,0.1,5
colon,YBR012W-A,0.2819,0.3529,5
colon,YBR012W-B,0.1078,0.2151,5
colon,YBR013C,0.0153,0.1825,5
colon,YBR014C,0.5304,0.505,5
colon,YBR015C,-0.2731,0.3142,5
colon,YBR016W,-0.2784,0.3223,5
colon,YBR017C,-0.1281,0.1904,5
colon,YBR018C,0.5822,0.7077,5
colon,YBR019C,0.075,0.1436,5
colon,YBR020W,0.2299,0.2449,5
colon,YBR021W,0.1294,0.3912,5
colon,YBR022W,-0.0716,0.1604,5
colon,YBR023C,-0.2916,0.1222,5
colon,YBR024W,0.2484,0.402,5
colon,YBR025C,-0.2615,0.4276,5
colon,YBR026C,0.2418,0.397,5
colon,YBR027C,-0.3462,0.1977,5
colon,YBR028C,-0.1355,0.2947,5
colon,YBR029C,-0.0892,0.1847,5
colon,YBR030W,-0.1432,0.1546,5
colon,YBR031W,-0.5796,0.4964,5
colon,YBR032W,-0.0243,0.1798,5
colon,YBR033W,0.0898,0.1,5
colon,YBR034C,-0.6618,0.7466,5
colon,YBR035C,0.0391,0.1598,5
colon,YBR036C,-0.05,0.163,5
colon,YBR037C,-0.063,0.1117,5
colon,YBR038W,-0.0764,0.1179,5
colon,YBR039W,0.076,0.1894,5
colon,YBR040W,-0.1263,0.2802,5
colon,YBR041W,-0.0566,0.1235,5
colon,YBR042C,-0.1345,0.1,5
colon,YBR043C,-0.0048,0.1,5
colon,YBR044C,0.0876,0.3,5
colon,YBR045C,0.0689,0.1,5
colon,YBR046C,0.3494,0.5193,5
colon,YBR047W,0.8251,0.8121,5
colon,YBR048W,-0.2369,0.4779,5
colon,YBR049C,-0.133,0.1203,5
colon,YBR050C,0.829,0.6704,5
colon,YBR051W,0.4418,0.3993,5
colon,YBR052C,0.6005,0.6225,5
colon,YBR053C,0.8302,0.9711,5
colon,YBR054W,0.2913,0.3672,5
colon,YBR055C,-0.3094,0.6758,5
colon,YBR056W,0.8777,0.9327,5
colon,YBR057C,0.0363,0.1421,5
colon,YBR058C,0.0299,0.1193,5
colon,YBR059C,0.0383,0.1,5
colon,YBR060C,-0.1045,0.1369,5
colon,YBR061C,-0.0427,0.2395,5
colon,YBR062C,0.1759,0.3177,5
colon,YBR063C,0.212,0.1961,5
colon,YBR064W,0.2276,0.3117,5
colon,YBR065C,0.0683,0.1775,5
colon,YBR066C,0.4141,0.4926,5
colon,YBR067C,-0.5137,0.3376,5
colon,YBR068C,0.2298,0.2249,5
colon,YBR069C,-0.2442,0.3439,5
colon,YBR070C,-0.0257,0.3583,5
colon,YBR071W,-0.0921,0.2092,5
colon,YBR072W,0.3444,0.2958,5
colon,YBR073W,-0.1775,0.2353,5
colon,YBR074W,-0.1044,0.3493,5
colon,YBR075W,-0.0642,0.2909,5
colon,YBR076W,0.15,0.2759,5
colon,YBR077C,0.2865,0.1489,5
colon,YBR078W,-0.4673,0.7735,5
colon,YBR079C,-0.4845,0.4515,5
colon,YBR080C,0.1692,0.249,5
colon,YBR081C,-0.0667,0.1,5
colon,YBR082C,-0.0395,0.3412,5
colon,YBR083W,-0.5405,0.3876,5
colon,YBR084C-A,-0.2448,0.5415,5
colon,YBR084W,-0.6598,0.6461,5
colon,YBR085W,-0.1818,0.2757,5
colon,YBR086C,-0.2441,0.2229,5
colon,YBR087W,-0.1137,0.2466,5
colon,YBR088C,-0.5853,0.6429,5
colon,YBR089C-A,0.0356,0.1693,5
colon,YBR089W,-0.3886,0.5166,5
colon,YBR090C,-0.4612,0.2908,5
colon,YBR091C,-0.183,0.27,5
colon,YBR092C,-0.8716,0.6268,5
colon,YBR093C,-0.7961,0.5606,5
colon,YBR094W,-0.1183,0.1,5
colon,YBR095C,-0.1015,0.2152,5
colon,YBR096W,0.1318,0.1554,5
colon,YBR097W,-0.1443,0.1,5
colon,YBR098W,-0.0479,0.1113,5
colon,YBR099C,0.1081,0.3855,5
colon,YBR100W,0.1434,0.288,5
colon,YBR101C,-0.0819,0.4657,5
colon,YBR102C,0.0983,0.1278,5
colon,YBR103W,-0.0597,0.2118,5
colon,YBR104W,-0.6481,0.6583,5
colon,YBR105C,0.2679,0.3346,5
colon,YBR106W,-0.3546,0.4714,5
colon,YBR107C,0.139,0.1377,5
colon,YBR108W,-0.076,0.1544,5
colon,YBR109C,0.1486,0.233,5
colon,YBR110W,0.0216,0.1851,5
colon,YBR111C,0.0154,0.2243,5
colon,YBR112C,-0.0545,0.3876,5
colon,YBR113W,-0.0378,0.2024,5
colon,YBR114W,0.4813,0.3194,5
colon,YBR115C,-0.2068,0.4156,5
colon,YBR116C,1.0886,1.163,5
colon,YBR117C,0.6112,0.7662,5
colon,YBR118W,-0.2781,0.4525,5
colon,YBR119W,0.2957,0.3926,5
colon,YBR120C,-0.0279,0.1943,5
colon,YBR121C,-0.4579,0.4669,5
colon,YBR122C,0.1067,0.2523,5
colon,YBR123C,0.1003,0.1823,5
colon,YBR124W,-0.0651,0.2823,5
colon,YBR125C,0.2349,0.1,5
colon,YBR126C,0.5201,0.7095,5
colon,YBR127C,-0.1025,0.2018,5
colon,YBR128C,0.1476,0.2353,5
colon,YBR129C,0.291,0.1792,5
colon,YBR130C,-0.0123,0.18,5
colon,YBR131W,0.1106,0.1,5
colon,YBR132C,0.4139,0.5275,5
colon,YBR133C,-0.0487,0.1,5
colon,YBR134W,-0.1484,0.1574,5
colon,YBR135W,-0.152,0.1566,5
colon,YBR136W,-0.0505,0.1,5
colon,YBR137W,0.1206,0.2954,5
colon,YBR138C,0.1228,0.2378,5
colon,YBR139W,0.6231,0.6845,5
colon,YBR140C,-0.1528,0.1536,5
colon,YBR141C,-0.0029,0.2169,5
colon,YBR142W,-0.5289,0.7238,5
colon,YBR143C,-0.282,0.55,5
colon,YBR144C,0.022,0.118,5
colon,YBR145W,-0.0566,0.2427,5
colon,YBR146W,-0.121,0.1657,5
colon,YBR147W,0.6509,0.5605,5
colon,YBR148W,0.0995,0.33,5
colon,YBR149W,0.3292,0.6258,5
colon,YBR150C,0.2235,0.3945,5
colon,YBR151W,0.2043,0.6077,5
colon,YBR152W,-0.0228,0.1849,5
colon,YBR153W,0.0663,0.1044,5
colon,YBR154C,-0.3593,0.5504,5
colon,YBR155W,-0.0923,0.1401,5
colon,YBR156C,-0.1909,0.2966,5
colon,YBR157C,0.3383,0.3018,5
colon,YBR158W,-0.6649,0.4619,5
colon,YBR159W,0.0338,0.1,5
colon,YBR160W,0.6997,0.2565,5
colon,YBR161W,0.6177,0.7247,5
colon,YBR162C,-0.1982,0.625,5
colon,YBR162W-A,-0.0421,0.3221,5
colon,YBR163W,0.3326,0.2278,5
colon,YBR164C,0.2683,0.2164,5
colon,YBR165W,0.4435,0.4157,5
colon,YBR166C,0.0996,0.2412,5
colon,YBR167C,0.1248,0.1,5
colon,YBR168W,0.3699,0.3431,5
colon,YBR169C,1.0702,0.8572,5
colon,YBR170C,0.2428,0.3171,5
colon,YBR171W,0.037,0.1232,5
colon,YBR172C,-0.1271,0.2592,5
colon,YBR173C,-0.1632,0.212,5
colon,YBR174C,-0.0686,0.1,5
colon,YBR175W,0.2046,0.1,5
colon,YBR176W,0.1631,0.3186,5
colon,YBR177C,0.2691,0.3271,5
colon,YBR178W,0.1452,0.2553,5
colon,YBR179C,0.3251,0.2596,5
colon,YBR180W,0.189,0.1,5
colon,YBR181C,-0.3337,0.8159,5
colon,YBR182C,-0.1884,0.5471,5
colon,YBR183W,1.0764,0.9235,5
colon,YBR184W,-0.191,0.4963,5
colon,YBR185C,0.0732,0.2599,5
colon,YBR186W,-0.3038,0.2235,5
colon,YBR187W,-0.1785,0.2959,5
colon,YBR188C,-0.2008,0.1987,5
colon,YBR189W,-0.2531,0.5915,5
colon,YBR190W,-0.252,0.3035,5
colon,YBR191W,-0.3016,0.5733,5
colon,YBR192W,0.0351,0.2355,5
colon,YBR193C,0.2253,0.428,5
colon,YBR194W,-0.0263,0.1,5
colon,YBR195C,0.1163,0.129,5
colon,YBR196C,-0.0361,0.1737,5
colon,YBR197C,-0.0038,0.1,5
colon,YBR198C,-0.094,0.1794,5
colon,YBR199W,0.2334,0.2533,5
colon,YBR200W,-0.1243,0.2143,5
colon,YBR201W,-0.2932,0.103,5
colon,YBR202W,-0.1633,0.169,5
colon,YBR203W,0.3447,0.4455,5
colon,YBR204C,0.1506,0.4933,5
colon,YBR205W,-0.2776,0.2707,5
colon,YBR206W,-0.4545,0.1634,5
colon,YBR207W,0.03,0.1368,5
colon,YBR208C,-0.2013,0.2725,5
colon,YBR209W,0.1879,0.1937,5
colon,YBR210W,-0.1439,0.1392,5
colon,YBR211C,0.1885,0.4178,5
colon,YBR212W,0.2602,0.4677,5
colon,YBR213W,0.0961,0.1833,5
colon,YBR214W,0.2311,0.1593,5
colon,YBR215W,-0.0378,0.123,5
colon,YBR216C,-0.0385,0.225,5
colon,YBR217W,0.0499,0.1785,5
colon,YBR218C,-0.1499,0.2047,5
colon,YBR219C,-0.2153,0.1693,5
colon,YBR220C,-0.1335,0.1933,5
colon,YBR221C,-0.0931,0.1789,5
colon,YBR222C,0.1773,0.3545,5
colon,YBR223C,0.0364,0.1211,5
colon,YBR224W,-0.1783,0.1395,5
colon,YBR225W,0.1274,0.44,5
colon,YBR226C,-0.2122,0.1785,5
colon,YBR227C,-0.1581,0.1093,5
colon,YBR228W,-0.0415,0.104,5
colon,YBR229C,0.011,0.1356,5
colon,YBR230C,0.7221,0.6416,5
colon,YBR231C,0.2475,0.1017,5
colon,YBR232C,-0.176,0.4177,5
colon,YBR233W,0.2084,0.1445,5
colon,YBR234C,0.1747,0.219,5
colon,YBR235W,0.0643,0.169,5
colon,YBR236C,0.0907,0.2831,5
colon,YBR237W,0.3239,0.3615,5
colon,YBR238C,-0.5632,0.9201,5
colon,YBR239C,0.0008,0.3408,5
colon,YBR240C,-0.0097,0.3437,5
colon,YBR241C,0.2387,0.2197,5
colon,YBR242W,-0.2236,0.2734,5
colon,YBR243C,0.0961,0.2492,5
colon,YBR244W,0.192,0.4596,5
colon,YBR245C,-0.0663,0.1655,5
colon,YBR246W,-0.0871,0.1213,5
colon,YBR247C,-0.5902,0.9015,5
colon,YBR248C,-0.0886,0.1452,5
colon,YBR249C,-0.1847,0.6079,5
colon,YBR250W,0.0035,0.1994,5
colon,YBR251W,0.0516,0.1879,5
colon,YBR252W,-0.1433,0.2004,5
colon,YBR253W,0.1647,0.2758,5
colon,YBR254C,-0.0379,0.1033,5
colon,YBR255W,0.2215,0.2321,5
colon,YBR256C,0.2323,0.1459,5
colon,YBR257W,0.1351,0.1,5
colon,YBR258C,-0.0854,0.1878,5
colon,YBR259W,0.1271,0.1217,5
colon,YBR260C,0.2125,0.2607,5
colon,YBR261C,0.0808,0.1708,5
colon,YBR262C,-0.3943,0.1709,5
colon,YBR263W,0.0701,0.3035,5
colon,YBR264C,-0.3649,0.3375,5
colon,YBR265W,0.134,0.2156,5
colon,YBR266C,-0.6278,0.5976,5
colon,YBR267W,-0.1562,0.2565,5
colon,YBR268W,-0.2338,0.2066,5
colon,YBR269C,0.0795,0.1,5
colon,YBR270C,0.2262,0.219,5
colon,YBR271W,0.0021,0.286,5
colon,YBR272C,-0.0296,0.2908,5
colon,YBR273C,0.0615,0.1,5
colon,YBR274W,0.055,0.18,5
colon,YBR275C,-0.1765,0.1,5
colon,YBR276C,-0.0307,0.1965,5
colon,YBR277C,0.015,0.1088,5
colon,YBR278W,0.0111,0.1,5
colon,YBR279W,0.1491,0.2269,5
colon,YBR280C,0.1196,0.2151,5
colon,YBR281C,0.071,0.1534,5
colon,YBR282W,-0.0583,0.1091,5
colon,YBR283C,-0.0825,0.1514,5
colon,YBR284W,0.1849,0.2756,5
colon,YBR285W,0.7581,0.8083,5
colon,YBR286W,0.0841,0.1533,5
colon,YBR286W-100,0.1012,0.1828,5
colon,YBR286W-1000,0.1158,0.1,5
colon,YBR286W-1050,0.067,0.2177,5
colon,YBR286W-1100,0.0878,0.1,5
colon,YBR286W-1150,-0.2206,0.4842,5
colon,YBR286W-1200,-0.0942,0.2613,5
colon,YBR286W-1250,-0.237,0.1,5
colon,YBR286W-1300,-0.0914,0.2091,5
colon,YBR286W-1350,-0.2432,0.2468,5
colon,YBR286W-1400,0.1557,0.3602,5
colon,YBR286W-1450,-0.2052,0.171,5
colon,YBR286W-150,0.192,0.1167,5
colon,YBR286W-1500,-0.002,0.2325,5
colon,YBR286W-1550,-0.1814,0.1917,5
colon,YBR286W-1600,0.0178,0.1603,5
colon,YBR286W-1650,-0.1548,0.1549,5
colon,YBR286W-200,-0.0494,0.3631,5
colon,YBR286W-250,0.2592,0.1,5
colon,YBR286W-300,0.1496,0.1313,5
colon,YBR286W-350,0.1658,0.1022,5
colon,YBR286W-400,-0.0326,0.2043,5
colon,YBR286W-450,0.1174,0.1601,5
colon,YBR286W-50,0.247,0.1313,5
colon,YBR286W-500,-1.001,1.5163,5
colon,YBR286W-550,-0.01,0.141,5
colon,YBR286W-600,-0.1552,0.1466,5
colon,YBR286W-650,-0.034,0.1959,5
colon,YBR286W-700,0.0018,0.1,5
colon,YBR286W-750,-0.1214,0.2209,5
colon,YBR286W-800,0.0702,0.1663,5
colon,YBR286W-850,-0.1268,0.1574,5
colon,YBR286W-900,0.1456,0.1,5
colon,YBR286W-950,0.042,0.1,5
colon,YBR286W-FULL,0.0152,0.11,5
colon,YBR287W,0.1046,0.4385,5
colon,YBR288C,-0.1883,0.1,5
colon,YBR289W,-0.0727,0.1175,5
colon,YBR290W,-0.0717,0.3292,5
colon,YBR291C,0.1948,0.3328,5
colon,YBR292C,-0.2502,0.1,5
colon,YBR293W,0.3724,0.3753,5
colon,YBR294W,0.2049,0.189,5
colon,YBR295W,0.0255,0.1253,5
colon,YBR296C,0.0898,0.1,5
colon,YBR297W,0.2513,0.4649,5
colon,YBR298C,0.1443,0.3823,5
colon,YBR299W,0.0003,0.2038,5
colon,YBR300C,-0.1316,0.1359,5
colon,YBR301W,-0.0928,0.1644,5
colon,YBR302C,-0.0017,0.2099,5
colon,YCL001W,0.0572,0.2427,5
colon,YCL002C,-0.2057,0.1587,5
colon,YCL003W,0.0674,0.2392,5
colon,YCL004W,-0.0017,0.3229,5
colon,YCL005W,0.1445,0.1904,5
colon,YCL006C,-0.0598,0.2317,5
colon,YCL007C,-0.195,0.2057,5
colon,YCL008C,-0.0365,0.1094,5
colon,YCL009C,-0.3171,0.4195,5
colon,YCL010C,-0.2301,0.2188,5
colon,YCL011C,-0.0917,0.1125,5
colon,YCL012W,-0.1226,0.2188,5
colon,YCL013W,0.0913,0.4665,5
colon,YCL014W,-0.0455,0.3604,5
colon,YCL016C,0.1375,0.2347,5
colon,YCL017C,-0.0947,0.1297,5
colon,YCL018W,0.0599,0.1047,5
colon,YCL019W,0.1994,0.1855,5
colon,YCL020W,0.0901,0.1,5
colon,YCL021W,0.1805,0.1733,5
colon,YCL022C,-0.388,0.5238,5
colon,YCL023C,-0.1171,0.1086,5
colon,YCL024W,-0.25,0.4407,5
colon,YCL025C,0.0095,0.3361,5
colon,YCL026C,0.1007,0.1571,5
colon,YCL026C-A,0.0059,0.128,5
colon,YCL027W,0.4652,0.4515,5
colon,YCL028W,-0.2332,0.1698,5
colon,YCL029C,-0.3547,0.2219,5
colon,YCL030C,-0.1633,0.3368,5
colon,YCL031C,-0.0383,0.2122,5
colon,YCL032W,0.1017,0.1,5
colon,YCL033C,-0.04,0.1945,5
colon,YCL034W,0.2677,0.2287,5
colon,YCL035C,0.4798,0.7354,5
colon,YCL036W,0.2197,0.1045,5
colon,YCL037C,-0.1712,0.3135,5
colon,YCL038C,0.2882,0.2144,5
colon,YCL039W,-0.3198,0.5112,5
colon,YCL040W,1.1141,0.9486,5
colon,YCL041C,0.3975,0.6679,5
colon,YCL042W,0.5032,0.5065,5
colon,YCL043C,0.0512,0.1876,5
colon,YCL044C,0.2618,0.2093,5
colon,YCL045C,-0.0247,0.1,5
colon,YCL046W,-0.2292,0.1653,5
colon,YCL047C,0.2822,0.37,5
colon,YCL048W,0.1706,0.2489,5
colon,YCL049C,0.2698,0.1426,5
colon,YCL050C,0.0081,0.1,5
colon,YCL051W,-0.05,0.2192,5
colon,YCL052C,0.168,0.3378,5
colon,YCL053C,-0.7324,0.6539,5
colon,YCL054W,-0.7778,1.0472,5
colon,YCL055W,0.1197,0.1895,5
colon,YCL056C,0.1116,0.1125,5
colon,YCL057W,0.1949,0.3691,5
colon,YCL058C,-0.1539,0.1934,5
colon,YCL059C,-0.9243,0.9149,5
colon,YCL060C,-0.1876,0.2364,5
colon,YCL061C,-0.234,0.1838,5
colon,YCL062W,0.0397,0.2458,5
colon,YCL063W,-0.0253,0.1437,5
colon,YCL064C,0.1063,0.7667,5
colon,YCL065W,-0.1483,0.1,5
colon,YCL066W,0.0923,0.2143,5
colon,YCL067C,0.2761,0.2936,5
colon,YCL068C,-0.031,0.1128,5
colon,YCL069W,-0.0337,0.2289,5
colon,YCL073C,-0.092,0.1194,5
colon,YCL074W,0.0835,0.1609,5
colon,YCL075W,-0.0099,0.1486,5
colon,YCL076W,-0.0684,0.1024,5
colon,YCR001W,-0.1248,0.2557,5
colon,YCR002C,0.0868,0.2107,5
colon,YCR003W,-0.0437,0.2075,5
colon,YCR004C,-0.0507,0.2919,5
colon,YCR005C,0.4467,0.7822,5
colon,YCR006C,-0.036,0.1,5
colon,YCR007C,0.2819,0.2751,5
colon,YCR008W,0.2082,0.2702,5
colon,YCR009C,-0.1178,0.1143,5
colon,YCR010C,0.2755,0.1977,5
colon,YCR011C,0.2713,0.3095,5
colon,YCR012W,-0.2355,0.3784,5
colon,YCR013C,-0.1748,0.3203,5
colon,YCR014C,0.0202,0.1807,5
colon,YCR015C,-0.0372,0.1,5
colon,YCR016W,-0.6498,0.5494,5
colon,YCR017C,-0.0467,0.1,5
colon,YCR018C,-0.2353,0.1558,5
colon,YCR019W,0.2641,0.1598,5
colon,YCR020C,-0.1515,0.1325,5
colon,YCR020C-A,0.155,0.1723,5
colon,YCR021C,-0.3636,0.2495,5
colon,YCR022C,0.0436,0.1292,5
colon,YCR023C,0.266,0.4941,5
colon,YCR024C,0.3356,0.2722,5
colon,YCR024C-A,-0.2885,0.2238,5
colon,YCR025C,-0.0122,0.1416,5
colon,YCR026C,-0.2023,0.1812,5
colon,YCR027C,0.0107,0.1532,5
colon,YCR028C,-0.0914,0.1,5
colon,YCR029C,-0.0788,0.3717,5
colon,YCR029C-A,-0.1131,0.2289,5
colon,YCR030C,0.2538,0.3233,5
colon,YCR031C,-0.3427,0.4028,5
colon,YCR032W,-0.0969,0.1671,5
colon,YCR033W,-0.0848,0.1,5
colon,YCR034W,-0.2829,0.5611,5
colon,YCR035C,-0.3664,0.4034,5
colon,YCR036W,0.342,0.4762,5
colon,YCR037C,-0.0367,0.366,5
colon,YCR038C,0.2674,0.2453,5
colon,YCR039C,0.3481,0.3948,5
colon,YCR040W,0.1797,0.138,5
colon,YCR041W,0.0163,0.1795,5
colon,YCR042C,0.078,0.1412,5
colon,YCR043C,-0.3094,0.5107,5
colon,YCR044C,0.0928,0.2333,5
colon,YCR045C,0.0856,0.3742,5
colon,YCR046C,-0.2274,0.1459,5
colon,YCR047C,0.0107,0.1822,5
colon,YCR048W,0.0882,0.1848,5
colon,YCR049C,0.0222,0.2133,5
colon,YCR050C,-0.0631,0.1678,5
colon,YCR051W,-0.0086,0.2265,5
colon,YCR052W,-0.5367,0.4276,5
colon,YCR053W,-0.5117,0.4468,5
colon,YCR054C,-0.2819,0.1261,5
colon,YCR055C,0.1889,0.5034,5
colon,YCR056W,-0.1345,0.2692,5
colon,YCR057C,0.1019,0.4045,5
colon,YCR058C,-0.0469,0.1538,5
colon,YCR059C,-0.1801,0.2635,5
colon,YCR060W,-0.0083,0.1,5
colon,YCR061W,0.3348,0.2151,5
colon,YCR062W,0.3357,0.2309,5
colon,YCR063W,-0.0382,0.1522,5
colon,YCR064C,0.0907,0.1689,5
colon,YCR065W,-0.0008,0.1,5
colon,YCR066W,0.1879,0.2459,5
colon,YCR067C,-0.1992,0.1,5
colon,YCR068W,0.3461,0.2249,5
colon,YCR069W,0.0076,0.1,5
colon,YCR070W,0.2431,0.2864,5
colon,YCR071C,-0.1025,0.1031,5
colon,YCR072C,-0.3512,0.3586,5
colon,YCR073C,-0.1645,0.1,5
colon,YCR073W-A,-0.0548,0.2419,5
colon,YCR074C,-0.1666,0.1562,5
colon,YCR075C,-0.0003,0.1,5
colon,YCR076C,0.1027,0.1,5
colon,YCR077C,-0.2521,0.4218,5
colon,YCR079W,0.2347,0.222,5
colon,YCR080W,-0.0894,0.1,5
colon,YCR081W,0.0173,0.2042,5
colon,YCR082W,0.1038,0.2945,5
colon,YCR083W,0.1422,0.1545,5
colon,YCR084C,-0.1093,0.2056,5
colon,YCR085W,0.0157,0.136,5
colon,YCR086W,-0.2701,0.2059,5
colon,YCR087W,-0.247,0.2974,5
colon,YCR088W,-0.1835,0.2649,5
colon,YCR089W,-0.0874,0.1,5
colon,YCR090C,-0.2553,0.1838,5
colon,YCR091W,0.4004,0.3,5
colon,YCR092C,-0.0458,0.1924,5
colon,YCR093W,-0.1886,0.1475,5
colon,YCR094W,-0.1491,0.1579,5
colon,YCR095C,-0.2558,0.1231,5
colon,YCR096C,0.1861,0.3796,5
colon,YCR097W,0.0182,0.2439,5
colon,YCR097W-A,-0.1147,0.1,5
colon,YCR098C,0.0641,0.1,5
colon,YCR099C,-0.1076,0.1335,5
colon,YCR100C,-0.121,0.1552,5
colon,YCR101C,-0.1781,0.1,5
colon,YCR102C,-0.1533,0.2303,5
colon,YCR103C,-0.1155,0.168,5
colon,YCR104W,-0.0105,0.1359,5
colon,YCR105W,0.1204,0.283,5
colon,YCR106W,0.0139,0.1844,5
colon,YCR107W,-0.1179,0.1,5
colon,YDL001W,0.0424,0.135,5
colon,YDL002C,0.2154,0.3731,5
colon,YDL003W,-0.4581,0.5963,5
colon,YDL004W,0.0953,0.1879,5
colon,YDL005C,0.0791,0.1,5
colon,YDL006W,0.19,0.2987,5
colon,YDL007W,0.0409,0.3677,5
colon,YDL008W,0.0038,0.1055,5
colon,YDL009C,0.1226,0.421,5
colon,YDL010W,0.3631,0.3272,5
colon,YDL011C,0.2399,0.2773,5
colon,YDL012C,-0.1215,0.1475,5
colon,YDL013W,0.0423,0.1693,5
colon,YDL014W,-0.6039,0.4853,5
colon,YDL015C,0.2504,0.327,5
colon,YDL016C,-0.2446,0.1574,5
colon,YDL017W,0.3241,0.4577,5
colon,YDL018C,-0.0706,0.1,5
colon,YDL019C,-0.0292,0.1282,5
colon,YDL020C,0.7736,1.0479,5
colon,YDL021W,0.0671,1.202,5
colon,YDL022W,2.0612,1.4416,5
colon,YDL023C,0.4175,0.8568,5
colon,YDL024C,2.0436,1.6527,5
colon,YDL025C,-0.2363,0.1389,5
colon,YDL026W,-0.1285,1.082,5
colon,YDL027C,0.1824,0.5329,5
colon,YDL028C,0.1472,0.1976,5
colon,YDL029W,0.263,0.3145,5
colon,YDL030W,0.1254,0.1463,5
colon,YDL031W,-0.3505,0.4319,5
colon,YDL032W,0.2016,0.2809,5
colon,YDL033C,-0.1204,0.1608,5
colon,YDL034W,0.1054,0.103,5
colon,YDL035C,-0.0673,0.1412,5
colon,YDL036C,1.675,1.5019,5
colon,YDL037C,-0.0135,0.6106,5
colon,YDL038C,-0.2188,0.2907,5
colon,YDL039C,-0.373,0.5499,5
colon,YDL040C,-0.0008,0.1533,5
colon,YDL041W,-0.1296,0.1022,5
colon,YDL042C,-0.128,0.167,5
colon,YDL043C,-0.4538,0.1541,5
colon,YDL044C,0.1212,0.1705,5
colon,YDL045C,-0.0088,0.289,5
colon,YDL045W-A,0.0728,0.1927,5
colon,YDL046W,0.5056,0.5044,5
colon,YDL047W,-0.1918,0.1638,5
colon,YDL048C,-0.1348,0.1907,5
colon,YDL049C,0.025,0.1135,5
colon,YDL050C,-0.1746,0.4482,5
colon,YDL051W,-0.3266,0.485,5
colon,YDL052C,0.0146,0.1179,5
colon,YDL053C,-0.4806,0.4052,5
colon,YDL054C,0.2246,0.2401,5
colon,YDL055C,-0.5158,0.8714,5
colon,YDL056W,0.125,0.1233,5
colon,YDL057W,-0.1006,0.2013,5
colon,YDL058W,-0.0838,0.1128,5
colon,YDL059C,-0.1638,0.2185,5
colon,YDL060W,-0.108,0.2354,5
colon,YDL061C,-0.3028,0.3873,5
colon,YDL062W,-0.7826,0.7027,5
colon,YDL063C,-0.968,1.1663,5
colon,YDL064W,-0.2892,0.1973,5
colon,YDL065C,-0.0804,0.1034,5
colon,YDL066W,0.033,0.1674,5
colon,YDL067C,-0.2222,0.1004,5
colon,YDL068W,-0.0596,0.2939,5
colon,YDL069C,-0.131,0.1623,5
colon,YDL070W,-0.3446,0.4313,5
colon,YDL071C,-0.2112,0.1413,5
colon,YDL072C,0.1396,0.2378,5
colon,YDL073W,-0.0648,0.1064,5
colon,YDL074C,-0.1311,0.1,5
colon,YDL075W,-0.3964,0.5059,5
colon,YDL076C,0.276,0.3744,5
colon,YDL077C,-0.0147,0.1379,5
colon,YDL078C,-0.028,0.1,5
colon,YDL079C,0.126,0.4706,5
colon,YDL080C,0.05,0.1,5
colon,YDL081C,-0.5854,0.5985,5
colon,YDL082W,-0.3228,0.5139,5
colon,YDL083C,-0.4252,0.4779,5
colon,YDL084W,-0.1284,0.2007,5
colon,YDL085W,0.0164,0.1482,5
colon,YDL086W,-0.0822,0.3511,5
colon,YDL087C,-0.039,0.1,5
colon,YDL088C,-0.0008,0.1969,5
colon,YDL089W,0.1192,0.2417,5
colon,YDL090C,0.1965,0.1945,5
colon,YDL091C,0.2268,0.4721,5
colon,YDL092W,-0.2005,0.1704,5
colon,YDL093W,-0.1643,0.1677,5
colon,YDL094C,-0.329,0.2856,5
colon,YDL095W,0.015,0.4266,5
colon,YDL096C,-0.1263,0.2686,5
colon,YDL097C,0.0582,0.3358,5
colon,YDL098C,0.2372,0.2435,5
colon,YDL099W,-0.1234,0.2963,5
colon,YDL100C,-0.0068,0.1203,5
colon,YDL101C,-0.1932,0.2249,5
colon,YDL102W,-0.0606,0.2668,5
colon,YDL103C,0.165,0.3949,5
colon,YDL104C,-0.0376,0.1,5
colon,YDL105W,-0.3164,0.1628,5
colon,YDL106C,0.0192,0.263,5
colon,YDL107W,-0.0612,0.247,5
colon,YDL108W,0.1008,0.2494,5
colon,YDL109C,-0.2642,0.5715,5
colon,YDL110C,0.2407,0.2589,5
colon,YDL111C,-0.3612,0.363,5
colon,YDL112W,-0.2353,0.3026,5
colon,YDL113C,-0.0815,0.1185,5
colon,YDL114W,0.1018,0.2803,5
colon,YDL115C,-0.1624,0.5467,5
colon,YDL116W,0.0176,0.1357,5
colon,YDL117W,0.1342,0.4143,5
colon,YDL118W,0.1114,0.205,5
colon,YDL119C,0.0472,0.3413,5
colon,YDL120W,-0.0335,0.2729,5
colon,YDL121C,-0.1246,0.1832,5
colon,YDL122W,-0.0166,0.1,5
colon,YDL123W,0.0386,0.2133,5
colon,YDL124W,1.634,1.097,5
colon,YDL125C,0.278,0.1303,5
colon,YDL126C,0.353,0.4262,5
colon,YDL127W,0.186,0.3126,5
colon,YDL128W,0.5302,0.2686,5
colon,YDL129W,0.0908,0.2378,5
colon,YDL131W,0.1978,0.4544,5
colon,YDL132W,0.4434,0.2932,5
colon,YDL133W,0.241,0.261,5
colon,YDL134C,0.248,0.138,5
colon,YDL134C-A,-0.0811,0.3286,5
colon,YDL135C,-0.005,0.3234,5
colon,YDL136W,-0.1874,0.4226,5
colon,YDL137W,0.0798,0.267,5
colon,YDL138W,-0.0617,0.1036,5
colon,YDL139C,0.0836,0.1244,5
colon,YDL140C,-0.0252,0.1237,5
colon,YDL141W,0.0106,0.2555,5
colon,YDL142C,0.183,0.4291,5
colon,YDL143W,-0.2666,0.3403,5
colon,YDL144C,0.0402,0.1029,5
colon,YDL145C,-0.2075,0.1252,5
colon,YDL146W,0.2036,0.413,5
colon,YDL147W,0.1156,0.6131,5
colon,YDL148C,-0.7124,1.0099,5
colon,YDL149W,0.0302,0.2337,5
colon,YDL150W,-0.7516,0.5169,5
colon,YDL151C,-0.3282,0.1007,5
colon,YDL152W,-0.2968,0.5419,5
colon,YDL153C,-0.7414,0.9899,5
colon,YDL154W,0.1896,0.2004,5
colon,YDL155W,-0.021,0.1391,5
colon,YDL156W,0.1172,0.2069,5
colon,YDL157C,-0.1236,0.2506,5
colon,YDL158C,-0.1458,0.2062,5
colon,YDL159W,-0.0348,0.1815,5
colon,YDL160C,0.3552,0.1649,5
colon,YDL161W,0.0466,0.4087,5
colon,YDL162C,0.1862,0.2408,5
colon,YDL163W,0.003,0.1302,5
colon,YDL164C,-0.0562,0.2502,5
colon,YDL165W,-0.071,0.1869,5
colon,YDL166C,-0.1958,0.4069,5
colon,YDL167C,-0.649,0.9086,5
colon,YDL168W,0.1494,0.1823,5
colon,YDL169C,0.2534,0.1808,5
colon,YDL170W,0.1006,0.3487,5
colon,YDL171C,-0.1909,0.1998,5
colon,YDL172C,-0.2884,0.1526,5
colon,YDL173W,-0.2406,0.259,5
colon,YDL174C,0.0276,0.104,5
colon,YDL175C,0.1662,0.158,5
colon,YDL176W,0.1538,0.2299,5
colon,YDL177C,0.0256,0.1083,5
colon,YDL178W,0.111,0.1277,5
colon,YDL179W,-0.337,0.5128,5
colon,YDL180W,0.1338,0.2354,5
colon,YDL181W,0.042,0.1,5
colon,YDL182W,-0.1442,0.4245,5
colon,YDL183C,0.383,0.2568,5
colon,YDL184C,-0.0166,0.298,5
colon,YDL185W,0.0064,0.1927,5
colon,YDL186W,-0.046,0.2226,5
colon,YDL187C,-0.1174,0.1,5
colon,YDL188C,0.134,0.2333,5
colon,YDL189W,-0.0594,0.1,5
colon,YDL190C,0.0554,0.2985,5
colon,YDL191W,-0.3276,0.454,5
colon,YDL192W,-0.1188,0.3118,5
colon,YDL193W,0.1432,0.39,5
colon,YDL194W,0.277,0.2537,5
colon,YDL195W,0.0252,0.2107,5
colon,YDL196W,0.0584,0.1068,5
colon,YDL197C,0.0114,0.1649,5
colon,YDL198C,-0.1036,0.2503,5
colon,YDL199C,0.7122,0.9811,5
colon,YDL200C,0.278,0.2623,5
colon,YDL201W,-0.4252,0.5175,5
colon,YDL202W,-0.0212,0.1689,5
colon,YDL203C,0.0313,0.1613,5
colon,YDL204W,1.4708,1.301,5
colon,YDL205C,-0.2298,0.2742,5
colon,YDL206W,1.585,0.25,5
colon,YDL207W,1.0643,2.0102,5
colon,YDL208W,0.585,0.25,5
colon,YDL209C,0.5277,0.5769,5
colon,YDL210W,0.289,1.2016,5
colon,YDL211C,0.607,1.0473,5
colon,YDL212W,1.3395,1.6178,5
colon,YDL213C,0.3233,0.773,5
colon,YDL214C,1.4633,1.571,5
colon,YDL215C,0.3,0.389,5
colon,YDL216C,0.2993,0.9557,5
colon,YDL217C,0.1537,0.1,5
colon,YDL218W,0.2562,0.177,5
colon,YDL219W,-0.1734,0.1835,5
colon,YDL220C,-0.0544,0.1925,5
colon,YDL221W,-0.0906,0.1279,5
colon,YDL222C,0.6204,0.6288,5
colon,YDL223C,-0.0302,0.1009,5
colon,YDL224C,0.2306,0.1621,5
colon,YDL225W,-0.0146,0.1833,5
colon,YDL226C,-0.053,0.1395,5
colon,YDL227C,-0.0671,0.1,5
colon,YDL228C,-0.0562,0.1,5
colon,YDL229W,-0.0456,0.1,5
colon,YDL230W,0.0996,0.1946,5
colon,YDL231C,-0.2131,0.1,5
colon,YDL232W,-0.1213,0.1,5
colon,YDL233W,-0.1076,0.1,5
colon,YDL234C,0.0642,0.1665,5
colon,YDL235C,-0.194,0.1,5
colon,YDL236W,0.0188,0.1,5
colon,YDL237W,-0.0532,0.2212,5
colon,YDL238C,0.0278,0.1412,5
colon,YDL239C,-0.1339,0.1656,5
colon,YDL240W,-0.0798,0.1,5
colon,YDL241W,-0.452,0.2152,5
colon,YDL242W,0.015,0.1,5
colon,YDL243C,-0.0172,0.1232,5
colon,YDL244W,0.1786,0.1,5
colon,YDL245C,-0.1376,0.278,5
colon,YDL246C,0.0036,0.142,5
colon,YDL247W,-0.1082,0.1295,5
colon,YDL248W,0.0122,0.1026,5
colon,YDR001C,0.359,0.5373,5
colon,YDR002W,-0.3394,0.4098,5
colon,YDR003W,0.057,0.2696,5
colon,YDR004W,0.2228,0.1235,5
colon,YDR005C,0.0228,0.2425,5
colon,YDR006C,0.1398,0.26,5
colon,YDR007W,-0.0162,0.1394,5
colon,YDR008C,-0.0818,0.1,5
colon,YDR009W,-0.1102,0.147,5
colon,YDR010C,-0.0252,0.1,5
colon,YDR011W,-0.0804,0.1,5
colon,YDR012W,-0.6056,0.5132,5
colon,YDR013W,-0.2722,0.1,5
colon,YDR014W,-0.1386,0.1,5
colon,YDR015C,-0.1258,0.649,5
colon,YDR016C,-0.2424,0.1,5
colon,YDR017C,-0.1384,0.1255,5
colon,YDR018C,0.5454,0.5491,5
colon,YDR019C,0.1786,0.5823,5
colon,YDR020C,0.0194,0.1,5
colon,YDR021W,-0.4932,0.4843,5
colon,YDR022C,-0.0502,0.1839,5
colon,YDR023W,-0.3532,0.3508,5
colon,YDR024W,-0.489,0.3269,5
colon,YDR025W,-0.4487,0.5671,5
colon,YDR026C,-0.1012,0.1564,5
colon,YDR027C,0.0918,0.2714,5
colon,YDR028C,-0.0127,0.1,5
colon,YDR029W,0.067,0.1435,5
colon,YDR030C,-0.0966,0.1025,5
colon,YDR031W,0.272,0.4836,5
colon,YDR032C,0.0928,0.2848,5
colon,YDR033W,-0.2648,0.5638,5
colon,YDR034C,-0.0795,0.1292,5
colon,YDR035W,-0.168,0.203,5
colon,YDR036C,0.2382,0.1589,5
colon,YDR037W,-0.413,0.3181,5
colon,YDR038C,0.3788,0.221,5
colon,YDR039C,0.2383,0.3608,5
colon,YDR040C,0.0326,0.1459,5
colon,YDR041W,0.069,0.2171,5
colon,YDR042C,0.299,0.4153,5
colon,YDR043C,0.4216,1.0995,5
colon,YDR044W,-0.0886,0.1487,5
colon,YDR045C,-0.2008,0.3992,5
colon,YDR046C,0.0498,0.1,5
colon,YDR047W,0.0702,0.4302,5
colon,YDR048C,0.1832,0.1267,5
colon,YDR049W,-0.0384,0.3202,5
colon,YDR050C,-0.1426,0.1875,5
colon,YDR051C,0.229,0.4952,5
colon,YDR052C,-0.015,0.1916,5
colon,YDR053W,-0.0904,0.2658,5
colon,YDR054C,-0.211,0.1,5
colon,YDR055W,0.174,0.3055,5
colon,YDR056C,-0.275,0.1885,5
colon,YDR057W,0.1208,0.1,5
colon,YDR058C,0.4392,0.4847,5
colon,YDR059C,0.279,0.5896,5
colon,YDR060W,-0.3629,0.2913,5
colon,YDR061W,-0.1594,0.3339,5
colon,YDR062W,-0.1268,0.1,5
colon,YDR063W,-0.2184,0.7089,5
colon,YDR064W,-0.3724,0.4555,5
colon,YDR065W,-0.194,0.3645,5
colon,YDR066C,0.171,0.2821,5
colon,YDR067C,-0.0014,0.2606,5
colon,YDR068W,0.1572,0.1584,5
colon,YDR069C,0.2812,0.7566,5
colon,YDR070C,1.2912,1.2596,5
colon,YDR071C,0.1416,0.1964,5
colon,YDR072C,0.3418,0.5425,5
colon,YDR073W,-0.1762,0.2048,5
colon,YDR074W,2.599,1.9254,5
colon,YDR075W,-0.3044,0.4462,5
colon,YDR076W,0.6974,0.5281,5
colon,YDR077W,0.986,0.262,5
colon,YDR078C,0.3512,0.3293,5
colon,YDR079W,-0.015,0.3274,5
colon,YDR080W,-0.031,0.1132,5
colon,YDR081C,-0.1934,0.2318,5
colon,YDR082W,0.1814,0.2489,5
colon,YDR083W,-0.7972,0.9879,5
colon,YDR084C,-0.1452,0.1113,5
colon,YDR085C,1.2104,1.0805,5
colon,YDR086C,-0.2592,0.3763,5
colon,YDR087C,-0.0886,0.3785,5
colon,YDR088C,0.3016,0.2607,5
colon,YDR089W,-0.101,0.2345,5
colon,YDR090C,0.17,0.3154,5
colon,YDR091C,-0.5416,0.7101,5
colon,YDR092W,0.3315,0.2346,5
colon,YDR093W,-0.1033,0.1,5
colon,YDR094W,-0.05,0.1249,5
colon,YDR095C,-0.3034,0.3269,5
colon,YDR096W,0.4354,0.6153,5
colon,YDR097C,-0.5242,0.6985,5
colon,YDR098C,0.0084,0.1,5
colon,YDR099W,0.2726,0.3706,5
colon,YDR100W,0.1356,0.3726,5
colon,YDR101C,-0.4854,0.6028,5
colon,YDR102C,0.137,0.1525,5
colon,YDR103W,-0.0152,0.2577,5
colon,YDR104C,0.2016,0.3015,5
colon,YDR105C,0.2734,0.2792,5
colon,YDR106W,0.0064,0.2727,5
colon,YDR107C,0.0224,0.1445,5
colon,YDR108W,-0.0772,0.1754,5
colon,YDR109C,0.2258,0.2524,5
colon,YDR110W,-0.1082,0.2218,5
colon,YDR111C,0.1222,0.1735,5
colon,YDR112W,0.0956,0.2855,5
colon,YDR113C,0.1658,0.2905,5
colon,YDR114C,-0.0862,0.1404,5
colon,YDR115W,-0.0022,0.1452,5
colon,YDR116C,-0.0882,0.1723,5
colon,YDR117C,0.0928,0.2359,5
colon,YDR118W,0.097,0.1364,5
colon,YDR119W,-0.2314,0.1767,5
colon,YDR120C,-0.655,0.9685,5
colon,YDR121W,-0.1302,0.2108,5
colon,YDR122W,0.2112,0.2567,5
colon,YDR123C,0.0358,0.1,5
colon,YDR124W,0.3778,0.3271,5
colon,YDR125C,0.3362,0.3168,5
colon,YDR126W,0.2072,0.5394,5
colon,YDR127W,-0.1443,0.2166,5
colon,YDR128W,-0.112,0.2214,5
colon,YDR129C,0.1646,0.3679,5
colon,YDR130C,0.1542,0.3684,5
colon,YDR131C,0.2412,0.3287,5
colon,YDR132C,-0.146,0.176,5
colon,YDR133C,-0.2444,0.4307,5
colon,YDR134C,-0.3356,0.3624,5
colon,YDR135C,-0.1914,0.3016,5
colon,YDR136C,-0.037,0.1248,5
colon,YDR137W,0.0708,0.1764,5
colon,YDR138W,-1.948,0.25,5
colon,YDR139C,0.2933,0.8227,5
colon,YDR140W,0.0066,0.1,5
colon,YDR141C,-0.0074,0.1967,5
colon,YDR142C,0.2208,0.4386,5
colon,YDR143C,-0.0946,0.1746,5
colon,YDR144C,-0.2023,0.3518,5
colon,YDR145W,-0.095,0.4484,5
colon,YDR146C,-0.2585,0.3885,5
colon,YDR147W,0.2038,0.1456,5
colon,YDR148C,0.1602,0.2297,5
colon,YDR149C,0.2773,1.0335,5
colon,YDR150W,0.0869,0.1841,5
colon,YDR151C,-0.0146,0.3487,5
colon,YDR152W,-0.2752,0.2694,5
colon,YDR153C,0.2598,0.3143,5
colon,YDR154C,-0.0006,0.4923,5
colon,YDR155C,0.112,0.4507,5
colon,YDR156W,-0.0708,0.1784,5
colon,YDR157W,-0.0562,1.1187,5
colon,YDR158W,0.0046,0.3905,5
colon,YDR159W,1.2274,1.6815,5
colon,YDR160W,0.2824,0.2656,5
colon,YDR161W,-0.0273,0.2619,5
colon,YDR162C,0.2932,0.1,5
colon,YDR163W,-0.1896,0.149,5
colon,YDR164C,0.0318,0.2007,5
colon,YDR165W,-0.6546,0.7339,5
colon,YDR166C,-0.0741,0.1,5
colon,YDR167W,0.0228,0.1755,5
colon,YDR168W,0.2744,0.291,5
colon,YDR169C,0.4358,0.4362,5
colon,YDR170C,-0.0083,0.3677,5
colon,YDR171W,0.9484,1.4833,5
colon,YDR172W,-0.2864,0.3329,5
colon,YDR173C,0.3092,0.3367,5
colon,YDR174W,-0.0116,0.4537,5
colon,YDR175C,0.1472,0.3057,5
colon,YDR176W,0.1118,0.2769,5
colon,YDR177W,0.3394,0.2913,5
colon,YDR178W,0.254,0.1757,5
colon,YDR179C,-0.1478,0.3393,5
colon,YDR179W-A,-0.161,0.165,5
colon,YDR180W,-0.0284,0.1142,5
colon,YDR181C,-0.2008,0.2546,5
colon,YDR182W,0.0984,0.1841,5
colon,YDR183W,-0.0872,0.2136,5
colon,YDR184C,-0.5096,0.6571,5
colon,YDR185C,-0.9285,1.6172,5
colon,YDR186C,0.0784,0.2672,5
colon,YDR187C,-0.0618,0.1783,5
colon,YDR188W,-0.093,0.1887,5
colon,YDR189W,0.0114,0.1,5
colon,YDR190C,-0.206,0.2306,5
colon,YDR191W,0.2944,0.2938,5
colon,YDR192C,0.4216,0.4601,5
colon,YDR193W,0.0186,0.1104,5
colon,YDR194C,-0.2884,0.2059,5
colon,YDR195W,0.2208,0.2407,5
colon,YDR196C,0.272,0.4082,5
colon,YDR197W,-0.005,0.3771,5
colon,YDR198C,-0.1052,0.1387,5
colon,YDR199W,0.1162,0.3007,5
colon,YDR200C,0.2578,0.3188,5
colon,YDR201W,0.037,0.1905,5
colon,YDR202C,0.4216,0.5959,5
colon,YDR203W,0.175,0.5049,5
colon,YDR204W,0.2157,0.1403,5
colon,YDR205W,0.216,0.148,5
colon,YDR206W,-0.1328,0.2624,5
colon,YDR207C,0.0303,0.1907,5
colon,YDR208W,0.0418,0.1796,5
colon,YDR209C,-0.1694,0.1996,5
colon,YDR210W,-0.0676,0.1591,5
colon,YDR211W,-0.1444,0.4966,5
colon,YDR212W,-0.2344,0.4149,5
colon,YDR213W,-0.0346,0.1447,5
colon,YDR214W,-0.0062,0.1811,5
colon,YDR215C,0.0397,0.187,5
colon,YDR216W,-0.0193,0.1781,5
colon,YDR217C,-0.2298,0.176,5
colon,YDR218C,0.263,0.2469,5
colon,YDR219C,0.1154,0.2699,5
colon,YDR220C,0.0746,0.1443,5
colon,YDR221W,-0.0104,0.1996,5
colon,YDR222W,0.165,0.3442,5
colon,YDR223W,0.5986,0.5884,5
colon,YDR224C,-0.2018,0.2455,5
colon,YDR225W,-0.3684,0.254,5
colon,YDR226W,0.1252,0.1964,5
colon,YDR227W,-0.0123,0.1,5
colon,YDR228C,0.4102,0.3207,5
colon,YDR229W,0.0012,0.1355,5
colon,YDR230W,0.1132,0.2132,5
colon,YDR231C,0.0808,0.1018,5
colon,YDR232W,-0.0348,0.1182,5
colon,YDR233C,-0.0546,0.2676,5
colon,YDR234W,-0.1066,0.3724,5
colon,YDR235W,-0.0175,0.209,5
colon,YDR236C,0.0348,0.1586,5
colon,YDR237W,0.0134,0.155,5
colon,YDR238C,-0.182,0.1355,5
colon,YDR239C,-0.014,0.1507,5
colon,YDR240C,-0.0979,0.1098,5
colon,YDR241W,-0.2353,0.1,5
colon,YDR242W,0.0401,0.1324,5
colon,YDR243C,-0.2124,0.1371,5
colon,YDR244W,-0.0846,0.1667,5
colon,YDR245W,-0.2879,0.2531,5
colon,YDR246W,-0.1698,0.176,5
colon,YDR247W,0.4448,0.6966,5
colon,YDR248C,0.1158,0.3685,5
colon,YDR249C,0.254,0.462,5
colon,YDR250C,-0.2098,0.61,5
colon,YDR251W,0.334,0.3504,5
colon,YDR252W,0.2402,0.2942,5
colon,YDR253C,-0.069,0.1931,5
colon,YDR254W,0.4046,0.4377,5
colon,YDR255C,0.1844,0.4285,5
colon,YDR256C,0.1442,0.1394,5
colon,YDR257C,-0.1376,0.1721,5
colon,YDR258C,0.35,0.7692,5
colon,YDR259C,0.1987,0.5124,5
colon,YDR260C,0.064,0.2467,5
colon,YDR261C,-0.0582,0.4026,5
colon,YDR262W,0.4403,0.3045,5
colon,YDR263C,0.2038,0.2435,5
colon,YDR264C,-0.0113,0.1,5
colon,YDR265W,0.224,0.2067,5
colon,YDR266C,-0.0072,0.1,5
colon,YDR267C,0.1758,0.2129,5
colon,YDR268W,0.1506,0.2582,5
colon,YDR269C,0.1276,0.1127,5
colon,YDR270W,0.2914,0.3446,5
colon,YDR271C,0.1106,0.2546,5
colon,YDR272W,0.616,0.5674,5
colon,YDR273W,0.6145,0.3657,5
colon,YDR274C,-0.0509,0.1223,5
colon,YDR275W,0.3232,0.3522,5
colon,YDR276C,-0.0286,0.1,5
colon,YDR277C,0.3542,0.7256,5
colon,YDR278C,-0.0334,0.1706,5
colon,YDR279W,-0.3994,0.4289,5
colon,YDR280W,-0.25,0.2541,5
colon,YDR281C,-0.0002,0.2793,5
colon,YDR282C,0.225,0.245,5
colon,YDR283C,-0.186,0.1357,5
colon,YDR284C,0.4294,0.3768,5
colon,YDR285W,0.2993,0.4079,5
colon,YDR286C,0.2768,0.2866,5
colon,YDR287W,0.146,0.139,5
colon,YDR288W,0.359,0.3471,5
colon,YDR289C,0.0746,0.2964,5
colon,YDR290W,0.1448,0.1337,5
colon,YDR291W,-0.2288,0.1275,5
colon,YDR292C,-0.3026,0.3085,5
colon,YDR293C,0.2252,0.3788,5
colon,YDR294C,-0.0618,0.1,5
colon,YDR295C,0.0663,0.2014,5
colon,YDR296W,0.3003,0.3189,5
colon,YDR297W,-0.2748,0.4219,5
colon,YDR298C,-0.0186,0.1546,5
colon,YDR299W,-0.644,1.0394,5
colon,YDR300C,-0.2242,0.3404,5
colon,YDR301W,0.0853,0.2617,5
colon,YDR302W,-0.3602,0.3474,5
colon,YDR303C,-0.0834,0.1,5
colon,YDR304C,0.072,0.11,5
colon,YDR305C,0.2658,0.4157,5
colon,YDR306C,0.3794,0.5927,5
colon,YDR307W,0.0564,0.1634,5
colon,YDR308C,-0.2376,0.1582,5
colon,YDR309C,0.0844,0.3366,5
colon,YDR310C,-0.2152,0.1,5
colon,YDR311W,0.2236,0.2492,5
colon,YDR312W,-0.532,1.1214,5
colon,YDR313C,0.1044,0.1381,5
colon,YDR314C,-0.066,0.1382,5
colon,YDR315C,0.0254,0.2767,5
colon,YDR316W,-0.2312,0.1836,5
colon,YDR317W,0.3284,0.2693,5
colon,YDR318W,0.0524,0.1386,5
colon,YDR319C,0.0502,0.2908,5
colon,YDR320C,0.2802,0.3256,5
colon,YDR321W,-0.3606,0.4614,5
colon,YDR322W,0.0076,0.3068,5
colon,YDR323C,0.2908,0.2585,5
colon,YDR324C,-0.792,0.7887,5
colon,YDR325W,-0.2824,0.3333,5
colon,YDR326C,-0.1504,0.128,5
colon,YDR327W,-0.244,0.1542,5
colon,YDR328C,-0.188,0.2643,5
colon,YDR329C,0.0016,0.3037,5
colon,YDR330W,0.3206,0.4739,5
colon,YDR331W,-0.0176,0.4116,5
colon,YDR332W,0.2154,0.3865,5
colon,YDR333C,0.2846,0.2794,5
colon,YDR334W,0.181,0.1688,5
colon,YDR335W,0.1052,0.2899,5
colon,YDR336W,0.0536,0.2702,5
colon,YDR337W,-0.1376,0.2665,5
colon,YDR338C,0.3576,0.2946,5
colon,YDR339C,0.0184,0.2718,5
colon,YDR340W,0.2662,0.1,5
colon,YDR341C,-0.4196,0.5745,5
colon,YDR342C,0.131,0.7255,5
colon,YDR343C,-0.2919,0.4062,5
colon,YDR344C,0.1912,0.2673,5
colon,YDR345C,-0.221,0.6408,5
colon,YDR346C,-0.51,0.5472,5
colon,YDR347W,-0.1805,0.3777,5
colon,YDR348C,-0.2862,0.2466,5
colon,YDR349C,0.2715,0.2352,5
colon,YDR350C,0.3488,0.4483,5
colon,YDR351W,0.0642,0.1944,5
colon,YDR352W,-0.0658,0.2511,5
colon,YDR353W,-0.2412,1.436,5
colon,YDR354W,0.1398,0.2067,5
colon,YDR355C,-0.1706,0.2768,5
colon,YDR356W,-0.0169,0.2112,5
colon,YDR357C,-0.216,0.1921,5
colon,YDR358W,0.8388,0.5101,5
colon,YDR359C,0.2187,0.1983,5
colon,YDR360W,0.1088,0.1678,5
colon,YDR361C,-0.2428,0.5103,5
colon,YDR362C,0.2668,0.1188,5
colon,YDR363W,-0.0956,0.2889,5
colon,YDR364C,0.1532,0.1444,5
colon,YDR365C,-0.351,0.4693,5
colon,YDR366C,0.2318,0.2515,5
colon,YDR367W,-0.0484,0.1712,5
colon,YDR368W,0.9432,0.674,5
colon,YDR369C,0.139,0.1911,5
colon,YDR370C,0.126,0.1981,5
colon,YDR371W,0.157,0.1906,5
colon,YDR372C,0.1458,0.1941,5
colon,YDR373W,0.0674,0.2557,5
colon,YDR374C,0.5692,0.5902,5
colon,YDR375C,0.1956,0.1565,5
colon,YDR376W,0.1604,0.1724,5
colon,YDR377W,0.0596,0.227,5
colon,YDR378C,0.0664,0.1,5
colon,YDR379W,0.3988,0.4936,5
colon,YDR380W,0.766,0.8417,5
colon,YDR381W,-0.3662,0.1293,5
colon,YDR382W,-0.1982,0.6443,5
colon,YDR383C,0.1784,0.1996,5
colon,YDR384C,-0.2476,0.2217,5
colon,YDR385W,-0.381,0.3734,5
colon,YDR386W,0.0474,0.2048,5
colon,YDR387C,0.2182,0.2523,5
colon,YDR388W,0.0858,0.3905,5
colon,YDR389W,-0.0448,0.1,5
colon,YDR390C,-0.184,0.1411,5
colon,YDR391C,0.8648,1.0831,5
colon,YDR392W,0.2576,0.3142,5
colon,YDR393W,0.1462,0.2507,5
colon,YDR394W,0.244,0.2889,5
colon,YDR395W,-0.4946,0.6029,5
colon,YDR396W,-0.453,0.3782,5
colon,YDR397C,-0.4704,0.4657,5
colon,YDR398W,-0.4344,0.6694,5
colon,YDR399W,-0.9842,1.1944,5
colon,YDR400W,0.1386,0.1473,5
colon,YDR401W,0.0938,0.1,5
colon,YDR402C,0.2925,0.2567,5
colon,YDR403W,0.5436,0.2678,5
colon,YDR404C,0.0342,0.1199,5
colon,YDR405W,0.0144,0.1249,5
colon,YDR406W,-0.0766,0.1,5
colon,YDR407C,0.0814,0.1,5
colon,YDR408C,-0.1034,0.1,5
colon,YDR409W,-0.0052,0.1,5
colon,YDR410C,0.052,0.1445,5
colon,YDR411C,0.0992,0.1,5
colon,YDR412W,-0.3522,0.4807,5
colon,YDR413C,-0.322,0.5278,5
colon,YDR414C,0.0116,0.1921,5
colon,YDR415C,0.0992,0.1289,5
colon,YDR416W,-0.0038,0.1,5
colon,YDR417C,-0.2206,0.5452,5
colon,YDR418W,-0.4278,0.6565,5
colon,YDR419W,0.3454,0.3533,5
colon,YDR420W,-0.1951,0.3005,5
colon,YDR421W,0.1374,0.2583,5
colon,YDR422C,0.2256,0.3396,5
colon,YDR423C,0.0972,0.2493,5
colon,YDR424C,-0.1284,0.2214,5
colon,YDR425W,0.325,0.6245,5
colon,YDR426C,0.2876,0.3786,5
colon,YDR427W,0.3844,0.5599,5
colon,YDR428C,-0.0892,0.3135,5
colon,YDR429C,-0.5164,0.7961,5
colon,YDR430C,-0.3807,1.8047,5
colon,YDR431W,0.0302,0.1228,5
colon,YDR432W,-0.2512,0.429,5
colon,YDR433W,-0.2824,0.3308,5
colon,YDR434W,0.662,1.6094,5
colon,YDR435C,0.331,0.4241,5
colon,YDR436W,0.4708,0.8424,5
colon,YDR437W,0.116,0.2706,5
colon,YDR438W,0.3676,0.3157,5
colon,YDR439W,-0.1268,0.215,5
colon,YDR440W,-0.175,0.4392,5
colon,YDR441C,0.0232,0.2261,5
colon,YDR442W,0.0778,0.3337,5
colon,YDR443C,0.2117,0.3239,5
colon,YDR444W,-0.1266,0.261,5
colon,YDR445C,-0.1354,0.2414,5
colon,YDR446W,-0.0784,0.2911,5
colon,YDR447C,-0.1006,0.413,5
colon,YDR448W,-0.1028,0.2559,5
colon,YDR449C,-0.1154,0.1587,5
colon,YDR450W,-0.161,0.53,5
colon,YDR451C,-0.0618,0.495,5
colon,YDR452W,0.6552,0.2819,5
colon,YDR453C,0.7444,0.6626,5
colon,YDR454C,-0.0874,0.3954,5
colon,YDR455C,0.135,0.1,5
colon,YDR456W,0.358,0.246,5
colon,YDR457W,-0.1064,0.1572,5
colon,YDR458C,0.0752,0.3003,5
colon,YDR459C,0.2542,0.2316,5
colon,YDR460W,0.494,0.3469,5
colon,YDR461W,-0.4186,0.3769,5
colon,YDR462W,0.008,0.1005,5
colon,YDR463W,0.0226,0.3192,5
colon,YDR464W,-0.1196,0.1155,5
colon,YDR465C,-0.4478,0.4695,5
colon,YDR466W,0.235,0.3022,5
colon,YDR467C,-0.116,0.3327,5
colon,YDR468C,0.205,0.2758,5
colon,YDR469W,-0.2646,0.3498,5
colon,YDR470C,0.087,0.1389,5
colon,YDR471W,-0.3188,0.7696,5
colon,YDR472W,0.1194,0.1,5
colon,YDR473C,0.0404,0.1543,5
colon,YDR474C,0.4006,0.1344,5
colon,YDR475C,0.0806,0.1093,5
colon,YDR476C,0.2518,0.2136,5
colon,YDR477W,0.1768,0.2327,5
colon,YDR478W,-0.1954,0.1741,5
colon,YDR479C,-0.075,0.1,5
colon,YDR480W,0.507,0.4005,5
colon,YDR481C,0.1068,0.1988,5
colon,YDR482C,0.1358,0.1,5
colon,YDR483W,-0.1936,0.2185,5
colon,YDR484W,0.1968,0.3594,5
colon,YDR485C,-0.0214,0.1477,5
colon,YDR486C,0.0598,0.1,5
colon,YDR487C,-0.104,0.2151,5
colon,YDR488C,0.1364,0.3289,5
colon,YDR489W,0.0626,0.1545,5
colon,YDR490C,0.2026,0.3276,5
colon,YDR491C,-0.551,0.4707,5
colon,YDR492W,-0.8772,0.5831,5
colon,YDR493W,0.0444,0.2066,5
colon,YDR494W,0.0876,0.3356,5
colon,YDR495C,-0.0792,0.2931,5
colon,YDR496C,-0.6616,0.8006,5
colon,YDR497C,-0.112,0.4709,5
colon,YDR498C,0.3138,0.1227,5
colon,YDR499W,-0.053,0.1779,5
colon,YDR500C,-0.2602,0.5251,5
colon,YDR501W,0.4952,0.7585,5
colon,YDR502C,-0.0265,0.7346,5
colon,YDR503C,0.1108,0.3157,5
colon,YDR504C,-0.0158,0.1766,5
colon,YDR505C,0.3932,0.4846,5
colon,YDR506C,0.3012,0.1173,5
colon,YDR507C,-0.2368,0.2103,5
colon,YDR508C,0.3176,0.4305,5
colon,YDR509W,0.0474,0.2527,5
colon,YDR510W,0.1904,0.1365,5
colon,YDR511W,-0.0496,0.2008,5
colon,YDR512C,0.1834,0.3667,5
colon,YDR513W,1.076,0.8111,5
colon,YDR514C,0.0578,0.525,5
colon,YDR515W,0.0996,0.5691,5
colon,YDR516C,0.6548,0.951,5
colon,YDR517W,-0.1927,0.4843,5
colon,YDR518W,-0.113,0.2841,5
colon,YDR519W,0.0668,0.1484,5
colon,YDR520C,-0.049,0.1,5
colon,YDR521W,-0.0584,0.1,5
colon,YDR522C,-0.0128,0.4984,5
colon,YDR523C,0.2528,0.8878,5
colon,YDR524C,-0.001,0.1771,5
colon,YDR525W,-0.132,0.2099,5
colon,YDR526C,-0.0118,0.2012,5
colon,YDR527W,-0.149,0.2811,5
colon,YDR528W,0.0276,0.2826,5
colon,YDR529C,0.1122,0.182,5
colon,YDR530C,0.3508,0.2035,5
colon,YDR531W,0.3364,0.3975,5
colon,YDR532C,0.0932,0.3585,5
colon,YDR533C,1.3665,1.4022,5
colon,YDR534C,0.288,0.3887,5
colon,YDR535C,0.3732,0.2951,5
colon,YDR536W,2.1402,2.297,5
colon,YDR537C,0.3874,0.4166,5
colon,YDR538W,0.2042,0.1947,5
colon,YDR539W,0.341,0.2365,5
colon,YDR540C,0.003,0.3494,5
colon,YDR541C,-0.0334,0.5844,5
colon,YDR542W,0.0293,0.1193,5
colon,YDR543C,0.0872,0.1362,5
colon,YDR544C,0.1784,0.1442,5
colon,YDR545W,-0.32,0.2945,5
colon,YEL001C,0.18,0.1446,5
colon,YEL002C,-0.288,0.1574,5
colon,YEL003W,-0.0864,0.1666,5
colon,YEL004W,0.0006,0.1082,5
colon,YEL005C,0.414,0.4513,5
colon,YEL006W,-0.063,0.1019,5
colon,YEL007W,-0.3245,0.2986,5
colon,YEL008W,-0.1437,0.1216,5
colon,YEL009C,-0.3214,0.5923,5
colon,YEL010W,-0.0184,0.1493,5
colon,YEL011W,0.5694,0.637,5
colon,YEL012W,0.5458,0.583,5
colon,YEL013W,0.048,0.1909,5
colon,YEL014C,-0.225,0.1,5
colon,YEL015W,0.0274,0.1,5
colon,YEL016C,-0.0848,0.1,5
colon,YEL017C-A,-0.2444,0.1095,5
colon,YEL017W,-0.205,0.1336,5
colon,YEL018W,-0.027,0.1106,5
colon,YEL019C,0.0302,0.1382,5
colon,YEL020C,0.0954,0.1,5
colon,YEL021W,-0.363,0.2918,5
colon,YEL022W,-0.1028,0.1286,5
colon,YEL023C,0.0926,0.2389,5
colon,YEL024W,0.4696,0.4384,5
colon,YEL025C,-0.1542,0.1057,5
colon,YEL026W,-0.1468,0.4034,5
colon,YEL027W,-0.1884,0.2147,5
colon,YEL028W,0.1384,0.1995,5
colon,YEL029C,-0.2748,0.1419,5
colon,YEL030W,0.0806,0.1827,5
colon,YEL031W,-0.2175,0.2477,5
colon,YEL032W,-0.0906,0.1,5
colon,YEL033W,-0.4316,0.2681,5
colon,YEL034W,-0.0114,0.3513,5
colon,YEL035C,-0.128,0.1429,5
colon,YEL036C,-0.0886,0.1509,5
colon,YEL037C,-0.1536,0.1024,5
colon,YEL038W,0.0118,0.1,5
colon,YEL039C,0.5708,0.6533,5
colon,YEL040W,-0.741,0.2579,5
colon,YEL041W,0.0045,0.1214,5
colon,YEL042W,-0.4402,0.6026,5
colon,YEL043W,-0.053,0.1,5
colon,YEL044W,-0.1786,0.3175,5
colon,YEL045C,-0.2222,0.1,5
colon,YEL046C,-0.2498,0.346,5
colon,YEL047C,0.0062,0.1,5
colon,YEL048C,-0.1268,0.2328,5
colon,YEL049W,1.17,0.7258,5
colon,YEL050C,-0.1468,0.1161,5
colon,YEL051W,-0.1446,0.1475,5
colon,YEL052W,-0.0996,0.1,5
colon,YEL053C,-0.0978,0.1674,5
colon,YEL054C,-0.4196,0.6361,5
colon,YEL055C,-0.4192,0.5256,5
colon,YEL056W,-0.2294,0.1429,5
colon,YEL057C,0.1082,0.3224,5
colon,YEL058W,-0.1868,0.1388,5
colon,YEL059C-A,-0.203,0.1429,5
colon,YEL059W,0.0426,0.1,5
colon,YEL060C,0.2664,0.1632,5
colon,YEL061C,-0.2375,0.1751,5
colon,YEL062W,0.2272,0.1812,5
colon,YEL063C,0.055,0.2741,5
colon,YEL064C,-0.2095,0.1345,5
colon,YEL065W,-0.006,0.4581,5
colon,YEL066W,-0.0578,0.1526,5
colon,YEL067C,0.0172,0.1,5
colon,YEL068C,0.024,0.314,5
colon,YEL069C,0.0374,0.1256,5
colon,YEL070W,0.1336,0.1972,5
colon,YEL071W,-0.0134,0.6301,5
colon,YEL072W,0.1604,0.4574,5
colon,YEL073C,0.1246,0.2146,5
colon,YEL074W,0.1888,0.1197,5
colon,YEL075C,-0.0754,0.1874,5
colon,YEL076C,-0.0892,0.1983,5
colon,YEL076C-A,0.0315,0.151,5
colon,YEL076W-C,-0.536,1.4835,5
colon,YEL077C,-0.1992,0.3074,5
colon,YER001W,-0.35,0.6597,5
colon,YER002W,-0.1471,0.2954,5
colon,YER003C,0.0684,0.3211,5
colon,YER004W,-0.0067,0.1364,5
colon,YER005W,0.3318,0.1234,5
colon,YER006W,-0.5334,0.7921,5
colon,YER007C-A,-0.1826,0.2369,5
colon,YER007W,-0.148,0.1,5
colon,YER008C,-0.0422,0.1904,5
colon,YER009W,-0.0564,0.297,5
colon,YER010C,0.4886,0.5321,5
colon,YER011W,-0.1456,0.3147,5
colon,YER012W,0.1528,0.48,5
colon,YER013W,0.1404,0.1487,5
colon,YER014W,0.0148,0.1418,5
colon,YER015W,0.0866,0.2461,5
colon,YER016W,-0.0972,0.2223,5
colon,YER017C,-0.0398,0.1,5
colon,YER018C,-0.067,0.1888,5
colon,YER019C-A,-0.1542,0.3482,5
colon,YER019W,0.0036,0.1857,5
colon,YER020W,0.4996,0.4723,5
colon,YER021W,0.2634,0.5261,5
colon,YER022W,0.1652,0.3,5
colon,YER023W,-0.281,0.1461,5
colon,YER024W,0.3598,0.3008,5
colon,YER025W,-0.267,0.4196,5
colon,YER026C,0.749,0.4222,5
colon,YER027C,0.0606,0.1022,5
colon,YER028C,0.519,0.2596,5
colon,YER029C,-0.1884,0.1721,5
colon,YER030W,-0.135,0.279,5
colon,YER031C,-0.299,0.2873,5
colon,YER032W,-0.0948,0.4215,5
colon,YER033C,0.232,0.2845,5
colon,YER034W,0.3684,0.2883,5
colon,YER035W,0.261,0.4284,5
colon,YER036C,-0.224,0.3321,5
colon,YER037W,0.7446,0.7403,5
colon,YER038C,0.7214,0.7317,5
colon,YER039C,0.165,0.16,5
colon,YER040W,0.234,0.3142,5
colon,YER041W,0.0582,0.1505,5
colon,YER042W,-0.0958,0.6046,5
colon,YER043C,-0.4784,0.4144,5
colon,YER044C,-0.2158,0.3241,5
colon,YER044C-A,-0.0402,0.1368,5
colon,YER045C,0.1754,0.1649,5
colon,YER046W,0.1476,0.2338,5
colon,YER047C,0.1968,0.1929,5
colon,YER048C,-0.23,0.3678,5
colon,YER049W,-0.2936,0.4257,5
colon,YER050C,0.0868,0.2171,5
colon,YER051W,0.3428,0.3987,5
colon,YER052C,-0.369,0.2527,5
colon,YER053C,0.9904,1.3387,5
colon,YER054C,0.2482,0.2103,5
colon,YER055C,-0.1608,0.4276,5
colon,YER056C,-0.4832,0.8364,5
colon,YER056C-A,-0.3957,0.584,5
colon,YER057C,0.3104,0.1286,5
colon,YER058W,0.1478,0.1855,5
colon,YER059W,0.046,0.3616,5
colon,YER060W,-0.0693,0.2522,5
colon,YER060W-A,-0.0666,0.2608,5
colon,YER061C,0.2068,0.3035,5
colon,YER062C,1.8416,1.0793,5
colon,YER063W,0.0134,0.4699,5
colon,YER064C,0.3858,0.2983,5
colon,YER065C,0.0988,0.3892,5
colon,YER066W,0.3878,0.4897,5
colon,YER067W,1.323,1.4353,5
colon,YER068W,0.2188,0.1626,5
colon,YER069W,-0.0484,0.2682,5
colon,YER070W,-0.5064,1.0667,5
colon,YER071C,0.1264,0.2062,5
colon,YER072W,0.0632,0.2014,5
colon,YER073W,-0.2818,0.4637,5
colon,YER074W,-0.3482,0.615,5
colon,YER075C,0.5258,0.2729,5
colon,YER076C,0.2954,0.2804,5
colon,YER077C,0.1236,0.1147,5
colon,YER078C,0.332,0.4138,5
colon,YER079W,1.2726,1.2465,5
colon,YER080W,0.152,0.2634,5
colon,YER081W,0.452,0.596,5
colon,YER082C,-0.4586,0.5806,5
colon,YER083C,0.0524,0.1712,5
colon,YER084W,-0.01,0.1269,5
colon,YER085C,0.0306,0.238,5
colon,YER086W,-0.3724,0.5249,5
colon,YER087C-A,-0.0998,0.1162,5
colon,YER087W,0.3724,0.3662,5
colon,YER088C,-0.1072,0.528,5
colon,YER089C,0.0337,0.158,5
colon,YER090W,0.0818,0.2163,5
colon,YER091C,-0.5396,1.2626,5
colon,YER092W,0.1,0.3525,5
colon,YER093C,-0.0438,0.2536,5
colon,YER093C-A,0.1462,0.2126,5
colon,YER094C,-0.1438,0.2257,5
colon,YER095W,0.3028,0.3558,5
colon,YER096W,0.172,0.3369,5
colon,YER097W,0.2426,0.1456,5
colon,YER098W,0.2976,0.137,5
colon,YER099C,-0.0928,0.1862,5
colon,YER100W,0.4772,0.2716,5
colon,YER101C,0.462,0.2734,5
colon,YER102W,-0.0926,0.4582,5
colon,YER103W,1.104,1.4528,5
colon,YER104W,0.0958,0.1317,5
colon,YER105C,-0.2002,0.1165,5
colon,YER106W,0.0242,0.228,5
colon,YER107C,0.0702,0.2223,5
colon,YER108C,0.065,0.1659,5
colon,YER109C,-0.0448,0.1349,5
colon,YER110C,-0.5144,0.7526,5
colon,YER111C,-0.1047,0.2399,5
colon,YER112W,-0.1072,0.3348,5
colon,YER113C,0.0422,0.3092,5
colon,YER114C,-0.0284,0.2727,5
colon,YER115C,0.155,0.112,5
colon,YER116C,0.0756,0.1025,5
colon,YER117W,-0.263,0.6398,5
colon,YER118C,-0.289,0.385,5
colon,YER119C,0.3326,0.1,5
colon,YER119C-A,-0.213,0.1998,5
colon,YER120W,-0.3774,0.2817,5
colon,YER121W,0.253,0.3516,5
colon,YER122C,0.1524,0.1,5
colon,YER123W,0.4138,0.2366,5
colon,YER124C,-0.2688,0.1052,5
colon,YER125W,0.4154,0.1993,5
colon,YER126C,-0.2958,0.7755,5
colon,YER127W,-0.3662,0.742,5
colon,YER128W,-0.061,0.2422,5
colon,YER129W,-0.014,0.2424,5
colon,YER130C,-0.1164,0.5705,5
colon,YER131W,-0.0724,0.4918,5
colon,YER132C,-0.0874,0.1575,5
colon,YER133W,0.1128,0.1959,5
colon,YER134C,-0.0117,0.1202,5
colon,YER135C,0.1542,0.1671,5
colon,YER136W,0.3224,0.2491,5
colon,YER137C,0.0063,0.1112,5
colon,YER138C,0.218,0.1978,5
colon,YER139C,0.3946,0.3302,5
colon,YER140W,0.0168,0.2424,5
colon,YER141W,0.31,0.2634,5
colon,YER142C,0.3636,0.7802,5
colon,YER143W,0.345,0.3475,5
colon,YER144C,0.0076,0.1891,5
colon,YER145C,-0.1694,0.3249,5
colon,YER146W,-0.5166,0.3581,5
colon,YER147C,0.2456,0.1676,5
colon,YER148W,-0.1452,0.244,5
colon,YER149C,0.0192,0.2727,5
colon,YER150W,1.6802,1.0404,5
colon,YER151C,-0.0572,0.1,5
colon,YER152C,0.0528,0.2367,5
colon,YER153C,-0.1064,0.1329,5
colon,YER154W,-0.321,0.2734,5
colon,YER155C,-0.2178,0.102,5
colon,YER156C,-0.406,0.5005,5
colon,YER157W,-0.0328,0.1503,5
colon,YER158C,0.1512,0.4786,5
colon,YER159C,-0.5262,0.3359,5
colon,YER160C,0.1382,0.2607,5
colon,YER161C,0.1184,0.1257,5
colon,YER162C,0.2462,0.3687,5
colon,YER163C,0.1914,0.1,5
colon,YER164W,-0.192,0.1976,5
colon,YER165W,-0.3578,0.5922,5
colon,YER166W,-0.2423,0.1888,5
colon,YER167W,0.0778,0.2697,5
colon,YER168C,0.2966,0.3219,5
colon,YER169W,-0.0478,0.2371,5
colon,YER170W,0.2098,0.1946,5
colon,YER171W,0.0406,0.2988,5
colon,YER172C,-0.0236,0.1308,5
colon,YER173W,0.0784,0.1901,5
colon,YER174C,0.2444,0.2602,5
colon,YER175C,0.2756,0.1908,5
colon,YER176W,-0.0932,0.1502,5
colon,YER177W,-0.0512,0.2806,5
colon,YER178W,0.3534,0.252,5
colon,YER179W,0.1468,0.5591,5
colon,YER180C,0.0098,0.1006,5
colon,YER181C,-0.0376,0.1021,5
colon,YER182W,0.3178,0.6006,5
colon,YER183C,-0.0888,0.1,5
colon,YER184C,0.1514,0.247,5
colon,YER185W,0.4846,0.4313,5
colon,YER186C,-0.086,0.3139,5
colon,YER187W,0.0972,0.2553,5
colon,YER188W,0.1516,0.3899,5
colon,YER189W,0.1487,0.1689,5
colon,YER190W,-0.1026,0.4289,5
colon,YFL001W,-0.1471,0.1856,5
colon,YFL002C,-0.4024,0.5836,5
colon,YFL003C,0.2676,0.3331,5
colon,YFL004W,0.0284,0.2649,5
colon,YFL005W,0.148,0.2144,5
colon,YFL006W,0.1164,0.2966,5
colon,YFL007W,-0.0403,0.1,5
colon,YFL008W,-0.0526,0.1854,5
colon,YFL009W,0.2022,0.2718,5
colon,YFL010C,-0.2054,0.246,5
colon,YFL010W-A,-0.3296,0.168,5
colon,YFL011W,-0.4812,0.5609,5
colon,YFL012W,-0.0334,0.2891,5
colon,YFL013C,-0.655,1.2368,5
colon,YFL013W-A,-0.8985,0.929,5
colon,YFL014W,3.347,1.4357,5
colon,YFL015C,0.191,0.1944,5
colon,YFL016C,0.3066,0.7364,5
colon,YFL017C,-0.1264,0.1093,5
colon,YFL017W-A,-0.1825,0.1,5
colon,YFL018C,0.2422,0.2468,5
colon,YFL019C,-0.0405,0.1,5
colon,YFL020C,0.1276,0.1684,5
colon,YFL021W,0.2628,0.242,5
colon,YFL022C,-0.178,0.3535,5
colon,YFL023W,-0.1512,0.4601,5
colon,YFL024C,-0.0134,0.1,5
colon,YFL025C,-0.1548,0.1358,5
colon,YFL026W,-0.048,0.5755,5
colon,YFL027C,0.0178,0.2882,5
colon,YFL028C,0.177,0.2044,5
colon,YFL029C,0.0034,0.208,5
colon,YFL030W,0.5032,0.2925,5
colon,YFL031W,0.2096,0.1,5
colon,YFL032W,0.0954,0.2245,5
colon,YFL033C,-0.1505,0.1121,5
colon,YFL034C-A,-0.3746,0.4823,5
colon,YFL034C-B,0.0792,0.1757,5
colon,YFL034W,0.1686,0.1021,5
colon,YFL036W,0.1368,0.218,5
colon,YFL037W,-0.1842,0.4375,5
colon,YFL038C,0.0426,0.1,5
colon,YFL039C,-0.0536,0.2876,5
colon,YFL040W,0.3898,0.3706,5
colon,YFL041W,0.1398,0.2108,5
colon,YFL042C,0.4014,0.2718,5
colon,YFL043C,0.0686,0.1669,5
colon,YFL044C,0.1702,0.1752,5
colon,YFL045C,-0.3182,0.4531,5
colon,YFL046W,0.024,0.1015,5
colon,YFL047W,0.154,0.2304,5
colon,YFL048C,0.2016,0.2066,5
colon,YFL049W,-0.0168,0.1783,5
colon,YFL050C,-0.0493,0.1779,5
colon,YFL051C,0.0736,0.1,5
colon,YFL052W,0.3862,0.4255,5
colon,YFL053W,0.1847,0.1855,5
colon,YFL054C,0.205,0.2117,5
colon,YFL055W,0.23,0.1911,5
colon,YFL056C,0.1152,0.1737,5
colon,YFL057C,-0.1487,0.1472,5
colon,YFL058W,0.2326,0.2047,5
colon,YFL059W,0.1682,0.226,5
colon,YFL060C,0.0502,0.1843,5
colon,YFL061W,0.0694,0.2005,5
colon,YFL062W,0.1916,0.1595,5
colon,YFL063W,0.2774,0.1938,5
colon,YFL064C,0.0354,0.1408,5
colon,YFL065C,-0.0302,0.1,5
colon,YFL066C,-0.3184,0.3016,5
colon,YFL067W,0.011,0.1375,5
colon,YFL068W,-0.2914,0.229,5
colon,YFR001W,-0.5194,0.6504,5
colon,YFR002W,-0.024,0.1,5
colon,YFR003C,0.3768,0.3913,5
colon,YFR004W,0.1212,0.4137,5
colon,YFR005C,0.037,0.1927,5
colon,YFR006W,0.1578,0.216,5
colon,YFR007W,0.2078,0.4257,5
colon,YFR008W,0.0692,0.4271,5
colon,YFR009W,-0.039,0.1419,5
colon,YFR010W,0.3758,0.4985,5
colon,YFR011C,0.0574,0.3609,5
colon,YFR012W,0.1256,0.1831,5
colon,YFR013W,0.0836,0.2373,5
colon,YFR014C,0.3476,0.4114,5
colon,YFR015C,0.1654,0.1703,5
colon,YFR016C,0.2632,0.124,5
colon,YFR017C,0.3212,0.2671,5
colon,YFR018C,0.0424,0.2636,5
colon,YFR019W,-0.0128,0.1555,5
colon,YFR020W,0.125,0.197,5
colon,YFR021W,0.0762,0.2943,5
colon,YFR022W,0.2804,0.2657,5
colon,YFR023W,0.1908,0.4263,5
colon,YFR024C,-0.0386,0.1093,5
colon,YFR024C-A,-0.0074,0.235,5
colon,YFR025C,0.2968,0.2593,5
colon,YFR026C,0.1256,0.1334,5
colon,YFR027W,0.2088,0.3339,5
colon,YFR028C,-0.0594,0.1852,5
colon,YFR029W,0.5356,0.448,5
colon,YFR030W,0.3316,0.5741,5
colon,YFR031C,-0.2418,0.3924,5
colon,YFR031C-A,-0.7738,0.7411,5
colon,YFR032C,0.14,0.1567,5
colon,YFR033C,-0.048,0.2279,5
colon,YFR034C,0.0637,0.2244,5
colon,YFR035C,0.0564,0.2576,5
colon,YFR036W,0.0608,0.1384,5
colon,YFR037C,-0.3402,0.2767,5
colon,YFR038W,0.1324,0.2875,5
colon,YFR039C,0.6246,0.3419,5
colon,YFR040W,0.0468,0.1627,5
colon,YFR041C,-0.0778,0.1492,5
colon,YFR042W,0.0606,0.2244,5
colon,YFR043C,0.159,0.22,5
colon,YFR044C,0.3142,0.1318,5
colon,YFR045W,0.3136,0.1517,5
colon,YFR046C,0.2742,0.1612,5
colon,YFR047C,0.3126,0.1181,5
colon,YFR048W,0.0888,0.2099,5
colon,YFR049W,0.4206,0.5585,5
colon,YFR050C,0.2666,0.4495,5
colon,YFR051C,0.2078,0.1376,5
colon,YFR052W,0.1298,0.5303,5
colon,YFR053C,1.2408,1.0134,5
colon,YFR054C,-0.0258,0.1249,5
colon,YFR055W,-0.0086,0.5323,5
colon,YFR056C,-0.0996,0.2538,5
colon,YFR057W,-0.1134,0.2966,5
colon,YGL001C,0.24,0.1,5
colon,YGL002W,0.3276,0.1875,5
colon,YGL003C,0.235,0.1571,5
colon,YGL004C,0.3917,0.1485,5
colon,YGL005C,0.1028,0.1871,5
colon,YGL006W,0.3204,0.3633,5
colon,YGL007W,-0.0622,0.1,5
colon,YGL008C,-0.2104,0.5708,5
colon,YGL009C,0.1124,0.2333,5
colon,YGL010W,0.576,0.6085,5
colon,YGL011C,0.0646,0.3524,5
colon,YGL012W,0.0992,0.1465,5
colon,YGL013C,0.1614,0.4572,5
colon,YGL014W,0.0056,0.3794,5
colon,YGL015C,-0.14,0.1418,5
colon,YGL016W,-0.1874,0.3591,5
colon,YGL017W,0.1127,0.1956,5
colon,YGL018C,0.3144,0.1961,5
colon,YGL019W,-0.2256,0.1,5
colon,YGL020C,-0.2714,0.323,5
colon,YGL021W,-0.3238,0.6026,5
colon,YGL022W,0.0472,0.3318,5
colon,YGL023C,0.1914,0.2275,5
colon,YGL024W,0.01,0.1814,5
colon,YGL025C,0.0028,0.1,5
colon,YGL026C,0.2524,0.2562,5
colon,YGL027C,-0.019,0.3779,5
colon,YGL028C,-0.4542,0.5324,5
colon,YGL029W,-0.7938,1.0031,5
colon,YGL030W,-0.3588,0.4851,5
colon,YGL031C,-0.4438,0.625,5
colon,YGL032C,-0.7192,0.5607,5
colon,YGL033W,0.1296,0.144,5
colon,YGL034C,-0.1679,0.2379,5
colon,YGL035C,0.0578,0.3242,5
colon,YGL036W,0.9214,0.8224,5
colon,YGL037C,1.3076,1.1725,5
colon,YGL038C,0.3654,0.4016,5
colon,YGL039W,-0.087,0.1779,5
colon,YGL040C,0.1916,0.1106,5
colon,YGL041C,0.0246,0.1958,5
colon,YGL042C,0.0378,0.3255,5
colon,YGL043W,-0.1934,0.1737,5
colon,YGL044C,0.0636,0.2433,5
colon,YGL045W,0.3372,0.3774,5
colon,YGL046W,0.2184,0.1072,5
colon,YGL047W,0.0353,0.3551,5
colon,YGL048C,0.3332,0.4588,5
colon,YGL049C,0.0076,0.1,5
colon,YGL050W,0.034,0.2146,5
colon,YGL051W,0.1832,0.2644,5
colon,YGL052W,0.1994,0.3561,5
colon,YGL053W,0.4748,0.6212,5
colon,YGL054C,0.0644,0.1515,5
colon,YGL055W,-0.5042,0.9248,5
colon,YGL056C,0.178,0.2356,5
colon,YGL057C,0.24,0.4063,5
colon,YGL058W,0.2538,0.1417,5
colon,YGL059W,0.3166,0.6641,5
colon,YGL060W,-0.084,0.1,5
colon,YGL061C,-0.0126,0.212,5
colon,YGL062W,0.3256,0.3672,5
colon,YGL063W,0.0342,0.3214,5
colon,YGL064C,0.2092,0.1533,5
colon,YGL065C,-0.0198,0.1317,5
colon,YGL066W,0.0572,0.2137,5
colon,YGL067W,-0.0074,0.1893,5
colon,YGL068W,-0.094,0.1571,5
colon,YGL069C,-0.1234,0.175,5
colon,YGL070C,-0.0134,0.1,5
colon,YGL071W,0.0193,0.2353,5
colon,YGL072C,0.006,0.1,5
colon,YGL073W,-0.1358,0.1781,5
colon,YGL074C,-0.0184,0.1,5
colon,YGL075C,0.1356,0.1649,5
colon,YGL076C,-0.3566,0.5321,5
colon,YGL077C,0.3156,0.1828,5
colon,YGL078C,-0.961,1.3345,5
colon,YGL079W,0.018,0.1277,5
colon,YGL080W,0.1936,0.2171,5
colon,YGL081W,0.7714,0.5487,5
colon,YGL082W,0.4204,0.2786,5
colon,YGL083W,0.1066,0.1208,5
colon,YGL084C,0.282,0.2738,5
colon,YGL085W,0.1562,0.2843,5
colon,YGL086W,-0.0161,0.1,5
colon,YGL087C,0.211,0.2496,5
colon,YGL088W,0.0928,0.1241,5
colon,YGL089C,-0.079,0.1012,5
colon,YGL090W,0.3068,0.1735,5
colon,YGL091C,0.1746,0.2407,5
colon,YGL092W,-0.0588,0.1462,5
colon,YGL093W,-0.1784,0.2432,5
colon,YGL094C,-0.4356,0.4845,5
colon,YGL095C,0.005,0.3531,5
colon,YGL096W,0.3558,0.3779,5
colon,YGL097W,-0.527,0.4624,5
colon,YGL098W,0.453,0.4765,5
colon,YGL099W,-0.301,0.6074,5
colon,YGL100W,0.1618,0.1607,5
colon,YGL101W,-0.302,0.3188,5
colon,YGL102C,-0.405,0.5167,5
colon,YGL103W,-0.515,0.5888,5
colon,YGL104C,0.7994,0.4094,5
colon,YGL105W,-0.3462,0.1583,5
colon,YGL106W,-0.1366,0.2619,5
colon,YGL107C,0.2002,0.2198,5
colon,YGL108C,0.0598,0.2012,5
colon,YGL109W,-0.2462,0.1491,5
colon,YGL110C,0.2034,0.2325,5
colon,YGL111W,-0.3944,0.6556,5
colon,YGL112C,0.0596,0.1,5
colon,YGL113W,-0.1368,0.1307,5
colon,YGL114W,0.322,0.2287,5
colon,YGL115W,-0.029,0.2226,5
colon,YGL116W,0.0597,0.4834,5
colon,YGL117W,0.1346,0.153,5
colon,YGL118C,0.103,0.2703,5
colon,YGL119W,0.3832,0.3095,5
colon,YGL120C,-0.3478,0.4995,5
colon,YGL121C,0.6672,0.6374,5
colon,YGL122C,-0.1265,0.1487,5
colon,YGL123W,-0.5976,0.5566,5
colon,YGL124C,0.3242,0.253,5
colon,YGL125W,0.3336,0.6333,5
colon,YGL126W,-0.1529,0.1378,5
colon,YGL127C,0.01,0.1453,5
colon,YGL128C,0.273,0.4148,5
colon,YGL129C,-0.004,0.2029,5
colon,YGL130W,0.157,0.1124,5
colon,YGL131C,-0.1236,0.2628,5
colon,YGL132W,0.0272,0.1,5
colon,YGL133W,0.289,0.2707,5
colon,YGL134W,0.4098,0.3533,5
colon,YGL135W,-0.2406,0.5169,5
colon,YGL136C,-0.1608,0.1209,5
colon,YGL137W,-0.1482,0.2115,5
colon,YGL138C,0.391,0.2245,5
colon,YGL139W,-0.1932,0.1777,5
colon,YGL140C,-0.0122,0.1,5
colon,YGL141W,-0.1323,0.1,5
colon,YGL142C,-0.0136,0.1872,5
colon,YGL143C,0.1542,0.198,5
colon,YGL144C,0.099,0.2646,5
colon,YGL145W,0.2252,0.2119,5
colon,YGL146C,0.0962,0.3518,5
colon,YGL147C,-0.2874,0.6661,5
colon,YGL148W,-0.8008,0.7928,5
colon,YGL149W,0.1803,0.5269,5
colon,YGL150C,-0.0512,0.1315,5
colon,YGL151W,0.3263,0.1,5
colon,YGL152C,0.0344,0.3425,5
colon,YGL153W,0.0364,0.3839,5
colon,YGL154C,0.0612,0.1772,5
colon,YGL155W,0.071,0.2358,5
colon,YGL156W,0.4246,0.3481,5
colon,YGL157W,0.9784,0.9411,5
colon,YGL158W,0.8054,0.7975,5
colon,YGL159W,0.1122,0.2117,5
colon,YGL160W,0.3844,0.4276,5
colon,YGL161C,0.2526,0.1157,5
colon,YGL162W,0.0524,0.2496,5
colon,YGL163C,0.0558,0.1,5
colon,YGL164C,-0.1628,0.2199,5
colon,YGL165C,0.0046,0.1415,5
colon,YGL166W,0.1726,0.1672,5
colon,YGL167C,-0.0459,0.2415,5
colon,YGL168W,0.0406,0.1482,5
colon,YGL169W,0.105,0.1007,5
colon,YGL170C,-0.3084,0.4066,5
colon,YGL171W,-0.0204,0.6939,5
colon,YGL172W,0.0594,0.1738,5
colon,YGL173C,-0.0466,0.1862,5
colon,YGL174W,0.0244,0.2138,5
colon,YGL175C,-0.147,0.1503,5
colon,YGL176C,0.0946,0.2602,5
colon,YGL177W,-0.1416,0.3017,5
colon,YGL178W,0.4404,0.3591,5
colon,YGL179C,0.5886,0.6055,5
colon,YGL180W,0.5206,0.3991,5
colon,YGL181W,0.1124,0.2131,5
colon,YGL182C,0.2208,0.2109,5
colon,YGL183C,0.3646,0.2557,5
colon,YGL184C,0.642,0.5687,5
colon,YGL185C,0.1456,0.2904,5
colon,YGL186C,0.3786,0.1972,5
colon,YGL187C,-0.0194,0.3027,5
colon,YGL188C,-0.2206,0.1201,5
colon,YGL189C,-0.067,0.25,5
colon,YGL190C,0.173,0.2949,5
colon,YGL191W,0.241,0.1313,5
colon,YGL192W,0.3958,0.5638,5
colon,YGL193C,0.0908,0.2584,5
colon,YGL194C,-0.0876,0.2099,5
colon,YGL195W,-0.3096,0.1875,5
colon,YGL196W,0.216,0.4423,5
colon,YGL197W,-0.0894,0.1,5
colon,YGL198W,-0.0046,0.1,5
colon,YGL199C,-0.0452,0.1165,5
colon,YGL200C,0.0766,0.2912,5
colon,YGL201C,-0.1172,0.269,5
colon,YGL202W,0.114,0.4104,5
colon,YGL203C,-0.109,0.1662,5
colon,YGL204C,-0.0206,0.1557,5
colon,YGL205W,0.1034,0.2012,5
colon,YGL206C,0.0699,0.1,5
colon,YGL207W,-0.1364,0.2512,5
colon,YGL208W,0.3224,0.1524,5
colon,YGL209W,-0.0768,0.193,5
colon,YGL210W,0.1422,0.1221,5
colon,YGL211W,-0.072,0.1271,5
colon,YGL212W,0.1078,0.2175,5
colon,YGL213C,-0.0468,0.1944,5
colon,YGL214W,-0.0516,0.1,5
colon,YGL215W,0.1703,0.1245,5
colon,YGL216W,-0.0865,0.2113,5
colon,YGL217C,0.0094,0.1,5
colon,YGL218W,0.1412,0.2909,5
colon,YGL219C,0.0322,0.1,5
colon,YGL220W,0.148,0.2257,5
colon,YGL221C,-0.1178,0.1778,5
colon,YGL222C,-0.1088,0.3731,5
colon,YGL223C,0.2006,0.24,5
colon,YGL224C,0.218,0.2382,5
colon,YGL225W,-0.2416,0.3453,5
colon,YGL226C-A,-0.0858,0.1839,5
colon,YGL226W,-0.0405,0.1135,5
colon,YGL227W,0.0926,0.317,5
colon,YGL228W,0.1083,0.1454,5
colon,YGL229C,0.626,0.8844,5
colon,YGL230C,0.2025,0.2592,5
colon,YGL231C,0.028,0.1767,5
colon,YGL232W,-0.1568,0.147,5
colon,YGL233W,0.0048,0.187,5
colon,YGL234W,0.0076,0.4419,5
colon,YGL235W,0.0316,0.1271,5
colon,YGL236C,0.1294,0.2655,5
colon,YGL237C,-0.107,0.1911,5
colon,YGL238W,-0.0238,0.1441,5
colon,YGL239C,-0.1187,0.1,5
colon,YGL240W,0.058,0.3739,5
colon,YGL241W,-0.0374,0.2855,5
colon,YGL242C,0.1248,0.4329,5
colon,YGL243W,0.1066,0.1858,5
colon,YGL244W,-0.2854,0.1557,5
colon,YGL245W,-0.1626,0.3161,5
colon,YGL246C,-0.248,0.1837,5
colon,YGL247W,0.053,0.1,5
colon,YGL248W,0.5276,0.4547,5
colon,YGL249W,0.3404,0.4253,5
colon,YGL250W,0.5516,0.4684,5
colon,YGL251C,0.163,0.2451,5
colon,YGL252C,0.342,0.2441,5
colon,YGL253W,-0.0368,0.2968,5
colon,YGL254W,0.4923,0.752,5
colon,YGL255W,0.162,0.2031,5
colon,YGL256W,0.07,0.1034,5
colon,YGL257C,-0.2673,0.3589,5
colon,YGL258W,0.4502,0.3818,5
colon,YGL259W,0.324,0.4788,5
colon,YGL260W,0.0054,0.1683,5
colon,YGL261C,-0.2428,0.3155,5
colon,YGL262W,0.1264,0.1748,5
colon,YGL263W,0.208,0.2182,5
colon,YGR001C,-0.0976,0.2296,5
colon,YGR002C,-0.0628,0.2156,5
colon,YGR003W,0.3012,0.3643,5
colon,YGR004W,-0.0436,0.3201,5
colon,YGR005C,-0.041,0.1505,5
colon,YGR006W,0.0338,0.1026,5
colon,YGR007W,0.2232,0.2185,5
colon,YGR008C,0.5024,0.9008,5
colon,YGR009C,0.395,0.1877,5
colon,YGR010W,0.2474,0.1598,5
colon,YGR011W,0.2854,0.1762,5
colon,YGR012W,0.1886,0.1893,5
colon,YGR013W,0.372,0.3505,5
colon,YGR014W,0.0038,0.3797,5
colon,YGR015C,0.3794,0.3117,5
colon,YGR016W,0.2056,0.1889,5
colon,YGR017W,0.0261,0.1,5
colon,YGR018C,-0.1358,0.1,5
colon,YGR019W,0.6218,0.5807,5
colon,YGR020C,-0.1078,0.1845,5
colon,YGR021W,0.1148,0.2587,5
colon,YGR022C,-0.17,0.25,5
colon,YGR023W,0.6322,0.534,5
colon,YGR024C,0.0764,0.1457,5
colon,YGR025W,0.0394,0.1483,5
colon,YGR026W,0.178,0.2048,5
colon,YGR027C,-0.1412,0.4395,5
colon,YGR028W,0.2238,0.1655,5
colon,YGR029W,0.028,0.1144,5
colon,YGR030C,-0.2848,0.3811,5
colon,YGR031W,0.2348,0.214,5
colon,YGR032W,-0.0841,0.3047,5
colon,YGR033C,0.039,0.2533,5
colon,YGR034W,-0.351,0.57,5
colon,YGR035C,0.1488,0.5684,5
colon,YGR036C,-0.0998,0.1,5
colon,YGR037C,0.2014,0.186,5
colon,YGR038W,0.0266,0.2895,5
colon,YGR039W,0.257,0.3281,5
colon,YGR040W,0.0584,0.1,5
colon,YGR041W,-0.0884,0.2192,5
colon,YGR042W,1.031,0.6606,5
colon,YGR043C,2.809,1.57,5
colon,YGR044C,0.1324,0.3991,5
colon,YGR045C,0.1304,0.2307,5
colon,YGR046W,0.4974,0.4481,5
colon,YGR047C,0.1808,0.1981,5
colon,YGR048W,0.2672,0.7418,5
colon,YGR049W,0.5694,0.8492,5
colon,YGR050C,-0.0396,0.2169,5
colon,YGR051C,0.026,0.2802,5
colon,YGR052W,2.1868,2.2451,5
colon,YGR053C,0.4942,0.6209,5
colon,YGR054W,-0.2258,0.2799,5
colon,YGR055W,0.1628,0.491,5
colon,YGR056W,-0.062,0.1364,5
colon,YGR057C,0.049,0.1245,5
colon,YGR058W,0.2472,0.3741,5
colon,YGR059W,0.5784,0.292,5
colon,YGR060W,-0.0433,0.2016,5
colon,YGR061C,-0.324,0.3312,5
colon,YGR062C,0.0195,0.1011,5
colon,YGR063C,-0.2956,0.1627,5
colon,YGR064W,-0.076,0.1431,5
colon,YGR065C,0.237,0.4724,5
colon,YGR066C,1.2988,1.3425,5
colon,YGR067C,0.5656,0.7153,5
colon,YGR068C,0.2664,0.353,5
colon,YGR069W,-0.1294,0.2994,5
colon,YGR070W,0.0199,0.8326,5
colon,YGR071C,-0.1177,0.1478,5
colon,YGR072W,-0.1284,0.1,5
colon,YGR073C,0.0682,0.2025,5
colon,YGR074W,0.227,0.1945,5
colon,YGR075C,0.0166,0.1,5
colon,YGR076C,-0.1838,0.1941,5
colon,YGR077C,0.3624,0.1887,5
colon,YGR078C,-0.2066,0.2225,5
colon,YGR079W,-0.1538,0.3572,5
colon,YGR080W,0.3726,0.3172,5
colon,YGR081C,-0.3328,0.4484,5
colon,YGR082W,-0.0254,0.3199,5
colon,YGR083C,-0.0604,0.2089,5
colon,YGR084C,0.1518,0.1457,5
colon,YGR085C,-0.1442,0.4727,5
colon,YGR086C,0.5688,0.7799,5
colon,YGR087C,0.2334,0.2886,5
colon,YGR088W,2.0662,2.171,5
colon,YGR089W,0.0534,0.1113,5
colon,YGR090W,-0.0868,0.5171,5
colon,YGR091W,0.15,0.1287,5
colon,YGR092W,0.2504,0.2862,5
colon,YGR093W,0.005,0.3105,5
colon,YGR094W,-0.4958,0.8219,5
colon,YGR095C,-0.045,0.2068,5
colon,YGR096W,0.169,0.1494,5
colon,YGR097W,-0.0345,0.1,5
colon,YGR098C,-0.3358,0.2347,5
colon,YGR099W,-0.0604,0.2297,5
colon,YGR100W,0.0994,0.2267,5
colon,YGR101W,-0.0348,0.2548,5
colon,YGR102C,-0.0842,0.335,5
colon,YGR103W,-1.2532,1.4312,5
colon,YGR104C,0.1094,0.3461,5
colon,YGR105W,0.0222,0.1902,5
colon,YGR106C,-0.0058,0.2353,5
colon,YGR107W,0.231,0.1446,5
colon,YGR108W,-0.2872,0.7834,5
colon,YGR109C,-0.0832,0.7524,5
colon,YGR110W,0.547,0.6456,5
colon,YGR111W,0.6334,0.4996,5
colon,YGR112W,0.2214,0.2425,5
colon,YGR113W,0.2622,0.1841,5
colon,YGR114C,-0.1186,0.198,5
colon,YGR115C,0.033,0.2335,5
colon,YGR116W,-0.104,0.1,5
colon,YGR117C,0.4478,0.1609,5
colon,YGR118W,-0.254,0.5602,5
colon,YGR119C,0.0252,0.1185,5
colon,YGR120C,0.099,0.1924,5
colon,YGR121C,0.2034,0.4516,5
colon,YGR122W,0.4234,0.4725,5
colon,YGR123C,-0.3734,0.5267,5
colon,YGR124W,-0.4498,0.4297,5
colon,YGR125W,0.2004,0.2291,5
colon,YGR126W,-0.0558,0.1963,5
colon,YGR127W,0.548,0.6676,5
colon,YGR128C,-0.7032,0.9508,5
colon,YGR129W,0.0684,0.1118,5
colon,YGR130C,0.3966,0.677,5
colon,YGR131W,0.4412,0.3061,5
colon,YGR132C,0.3888,0.4079,5
colon,YGR133W,0.3022,0.2302,5
colon,YGR134W,-0.0076,0.2017,5
colon,YGR135W,0.2844,0.367,5
colon,YGR136W,-0.1256,0.2227,5
colon,YGR137W,-0.02,0.1,5
colon,YGR138C,-0.2452,0.6537,5
colon,YGR139W,-0.0894,0.2618,5
colon,YGR140W,-0.2528,0.1451,5
colon,YGR141W,0.1978,0.1,5
colon,YGR142W,0.469,1.8693,5
colon,YGR143W,0.3436,0.2581,5
colon,YGR144W,0.1228,0.2233,5
colon,YGR145W,-0.976,1.0088,5
colon,YGR146C,0.1326,0.235,5
colon,YGR147C,0.0808,0.168,5
colon,YGR148C,-0.565,0.631,5
colon,YGR149W,0.738,0.5822,5
colon,YGR150C,-0.1507,0.1219,5
colon,YGR151C,-0.3056,0.1751,5
colon,YGR152C,-0.236,0.169,5
colon,YGR153W,0.0234,0.1669,5
colon,YGR154C,0.164,0.2148,5
colon,YGR155W,-0.2178,0.4947,5
colon,YGR156W,-0.0984,0.1886,5
colon,YGR157W,0.0716,0.5362,5
colon,YGR158C,-0.364,0.3459,5
colon,YGR159C,-0.5319,0.7064,5
colon,YGR160W,-1.2592,1.216,5
colon,YGR161C,0.5416,0.8391,5
colon,YGR162W,-0.4192,0.3814,5
colon,YGR163W,0.025,0.1868,5
colon,YGR164W,-0.1506,0.2148,5
colon,YGR165W,0.1072,0.2217,5
colon,YGR166W,-0.037,0.191,5
colon,YGR167W,0.3218,0.2314,5
colon,YGR168C,0.1344,0.3825,5
colon,YGR169C,0.1402,0.1543,5
colon,YGR170W,0.4034,0.2737,5
colon,YGR171C,0.0994,0.2102,5
colon,YGR172C,0.011,0.1858,5
colon,YGR173W,-0.1682,0.1599,5
colon,YGR174C,0.0698,0.2327,5
colon,YGR175C,0.159,0.1593,5
colon,YGR176W,-0.1178,0.1904,5
colon,YGR177C,-0.0574,0.3461,5
colon,YGR178C,-0.0466,0.348,5
colon,YGR179C,0.2046,0.1096,5
colon,YGR180C,-0.1254,0.4325,5
colon,YGR181W,0.2092,0.1459,5
colon,YGR182C,0.045,0.1396,5
colon,YGR183C,0.3628,0.296,5
colon,YGR184C,-0.1099,0.1516,5
colon,YGR185C,-0.1052,0.3544,5
colon,YGR186W,-0.0282,0.269,5
colon,YGR187C,-0.4836,0.6074,5
colon,YGR188C,-0.1372,0.3021,5
colon,YGR189C,-0.0132,0.3234,5
colon,YGR190C,-0.1806,0.2178,5
colon,YGR191W,-0.1542,0.2751,5
colon,YGR192C,-0.1036,0.1886,5
colon,YGR193C,-0.0294,0.1489,5
colon,YGR194C,0.2202,0.4416,5
colon,YGR195W,-0.0242,0.1,5
colon,YGR196C,0.4422,0.3144,5
colon,YGR197C,0.1516,0.1,5
colon,YGR198W,-0.1642,0.1118,5
colon,YGR199W,0.115,0.1628,5
colon,YGR200C,-0.3712,0.3103,5
colon,YGR201C,0.5074,0.2151,5
colon,YGR202C,0.0676,0.1,5
colon,YGR203W,0.1768,0.1,5
colon,YGR204W,-0.1644,0.1127,5
colon,YGR205W,0.1452,0.3234,5
colon,YGR206W,0.0568,0.1804,5
colon,YGR207C,0.2902,0.3785,5
colon,YGR208W,-0.225,0.2411,5
colon,YGR209C,0.4268,0.1789,5
colon,YGR210C,-0.0572,0.2097,5
colon,YGR211W,0.119,0.2478,5
colon,YGR212W,-0.1102,0.2485,5
colon,YGR213C,0.181,0.1464,5
colon,YGR214W,-0.518,0.7174,5
colon,YGR215W,0.086,0.3976,5
colon,YGR216C,-0.1138,0.2577,5
colon,YGR217W,-0.0681,0.1086,5
colon,YGR218W,0.1644,0.1592,5
colon,YGR219W,0.1374,0.1958,5
colon,YGR220C,0.142,0.1898,5
colon,YGR221C,-0.1286,0.2764,5
colon,YGR222W,0.1984,0.3178,5
colon,YGR223C,0.2682,0.3763,5
colon,YGR224W,0.0016,0.1773,5
colon,YGR225W,0.6046,0.5308,5
colon,YGR226C,0.1808,0.3071,5
colon,YGR227W,-0.0224,0.1465,5
colon,YGR228W,-0.4012,0.3507,5
colon,YGR229C,-0.2144,0.3287,5
colon,YGR230W,0.1514,0.2525,5
colon,YGR231C,0.0214,0.3114,5
colon,YGR232W,0.1022,0.1863,5
colon,YGR233C,-0.016,0.1917,5
colon,YGR234W,-0.755,0.8316,5
colon,YGR235C,-0.0298,0.1886,5
colon,YGR236C,0.0296,0.1614,5
colon,YGR237C,0.55,0.5701,5
colon,YGR238C,0.2324,0.4027,5
colon,YGR239C,0.009,0.212,5
colon,YGR240C,-0.107,0.151,5
colon,YGR241C,0.3407,0.5333,5
colon,YGR242W,0.0108,0.1386,5
colon,YGR243W,0.989,1.1193,5
colon,YGR244C,0.1702,0.2562,5
colon,YGR245C,-0.8348,0.9154,5
colon,YGR246C,0.038,0.2064,5
colon,YGR247W,-0.0726,0.1542,5
colon,YGR248W,1.0702,1.1307,5
colon,YGR249W,0.5522,0.4585,5
colon,YGR250C,0.4208,0.5799,5
colon,YGR251W,-0.1045,0.1913,5
colon,YGR252W,-0.2425,0.2959,5
colon,YGR253C,-0.056,0.4205,5
colon,YGR254W,-0.1563,0.2122,5
colon,YGR255C,0.3182,0.4026,5
colon,YGR256W,0.7302,0.8019,5
colon,YGR257C,0.2256,0.276,5
colon,YGR258C,0.1562,0.3828,5
colon,YGR259C,-0.123,0.1414,5
colon,YGR260W,-0.2098,0.1,5
colon,YGR261C,0.11,0.1206,5
colon,YGR262C,0.0606,0.1764,5
colon,YGR263C,0.1484,0.1738,5
colon,YGR264C,-0.5416,0.6098,5
colon,YGR265W,-0.3058,0.4383,5
colon,YGR266W,0.2388,0.4346,5
colon,YGR267C,-0.1544,0.1192,5
colon,YGR268C,0.0498,0.1594,5
colon,YGR269W,-0.0142,0.2627,5
colon,YGR270W,-0.1502,0.2565,5
colon,YGR271W,-0.1628,0.1431,5
colon,YGR272C,-0.7518,0.967,5
colon,YGR273C,0.2204,0.2884,5
colon,YGR274C,-0.285,0.2121,5
colon,YGR275W,-0.1576,0.2762,5
colon,YGR276C,-0.1102,0.3438,5
colon,YGR277C,-0.017,0.1511,5
colon,YGR278W,0.1458,0.3136,5
colon,YGR279C,0.0644,0.6797,5
colon,YGR280C,-0.9824,1.1336,5
colon,YGR281W,0.0676,0.1508,5
colon,YGR282C,-0.084,0.2015,5
colon,YGR283C,-0.492,0.7502,5
colon,YGR284C,0.1198,0.1171,5
colon,YGR285C,-0.8638,0.9087,5
colon,YGR286C,-0.07,0.4086,5
colon,YGR287C,0.3417,0.3,5
colon,YGR288W,0.2214,0.1245,5
colon,YGR289C,0.24,0.1961,5
colon,YGR290W,-0.143,0.2032,5
colon,YGR291C,0.1043,0.2962,5
colon,YGR292W,-0.2383,0.46,5
colon,YGR293C,0.069,0.5385,5
colon,YGR294W,-0.197,0.1956,5
colon,YGR295C,0.1604,0.1163,5
colon,YGR296W,-0.0968,0.1914,5
colon,YHL001W,-0.2504,0.6238,5
colon,YHL002W,0.335,0.4137,5
colon,YHL003C,-0.0136,0.1419,5
colon,YHL004W,0.0174,0.1278,5
colon,YHL005C,-0.004,0.2398,5
colon,YHL006C,0.0176,0.1425,5
colon,YHL007C,0.0812,0.1795,5
colon,YHL008C,0.1492,0.1149,5
colon,YHL009C,0.1712,0.2522,5
colon,YHL010C,0.0788,0.3163,5
colon,YHL011C,-0.4188,0.5528,5
colon,YHL012W,0.0664,0.2492,5
colon,YHL013C,-0.2012,0.2882,5
colon,YHL014C,-0.125,0.1875,5
colon,YHL015W,-0.1096,0.4864,5
colon,YHL016C,0.1744,0.1,5
colon,YHL017W,0.1178,0.2119,5
colon,YHL018W,-0.1334,0.1,5
colon,YHL019C,0.2482,0.2826,5
colon,YHL020C,-0.076,0.1745,5
colon,YHL021C,1.3032,1.7631,5
colon,YHL022C,0.338,0.3261,5
colon,YHL023C,-0.0126,0.1,5
colon,YHL024W,0.0574,0.1,5
colon,YHL025W,0.0594,0.1384,5
colon,YHL026C,0.0814,0.2429,5
colon,YHL027W,0.0322,0.2534,5
colon,YHL028W,-0.2714,0.2665,5
colon,YHL029C,0.2158,0.2574,5
colon,YHL030W,0.0217,0.483,5
colon,YHL031C,0.0688,0.1356,5
colon,YHL032C,0.224,0.141,5
colon,YHL033C,-0.544,0.6787,5
colon,YHL034C,-0.2292,0.1682,5
colon,YHL035C,0.0354,0.3546,5
colon,YHL036W,0.3812,0.4835,5
colon,YHL037C,0.0958,0.1,5
colon,YHL038C,-0.0154,0.1723,5
colon,YHL039W,-0.5116,0.4476,5
colon,YHL040C,0.0366,0.2856,5
colon,YHL041W,0.0284,0.2314,5
colon,YHL042W,0.1146,0.1687,5
colon,YHL043W,0.0716,0.1874,5
colon,YHL044W,0.5456,0.5391,5
colon,YHL045W,-0.0314,0.1529,5
colon,YHL046C,-0.0102,0.1,5
colon,YHL047C,0.179,0.1851,5
colon,YHL048W,0.2762,0.1566,5
colon,YHL049C,0.1876,0.1956,5
colon,YHL050C,-0.3,0.3887,5
colon,YHR001W,0.2878,0.1004,5
colon,YHR001W-A,0.5648,0.6032,5
colon,YHR002W,0.229,0.236,5
colon,YHR003C,0.0952,0.1,5
colon,YHR004C,0.5514,0.5258,5
colon,YHR005C,-0.117,0.3554,5
colon,YHR005C-A,-0.419,0.3169,5
colon,YHR006W,0.0657,0.1967,5
colon,YHR007C,-0.3749,0.262,5
colon,YHR008C,0.0819,0.1782,5
colon,YHR009C,0.1276,0.123,5
colon,YHR010W,-0.2784,0.4696,5
colon,YHR011W,0.2632,0.157,5
colon,YHR012W,-0.0232,0.2296,5
colon,YHR013C,-0.0584,0.2868,5
colon,YHR014W,-0.1735,0.2182,5
colon,YHR015W,-0.2339,0.2845,5
colon,YHR016C,0.1438,0.1051,5
colon,YHR017W,0.3318,0.3858,5
colon,YHR018C,0.1488,0.3594,5
colon,YHR019C,-0.3192,0.4517,5
colon,YHR020W,-0.3888,0.2473,5
colon,YHR021C,-0.1746,0.3801,5
colon,YHR021W-A,0.9223,1.0117,5
colon,YHR022C,1.1058,0.9042,5
colon,YHR023W,-0.0699,0.201,5
colon,YHR024C,0.078,0.1373,5
colon,YHR025W,-0.454,0.4329,5
colon,YHR026W,0.0258,0.1,5
colon,YHR027C,-0.1432,0.3481,5
colon,YHR028C,0.1482,0.2412,5
colon,YHR029C,0.6068,0.2354,5
colon,YHR030C,0.1217,0.2697,5
colon,YHR031C,0.4848,0.637,5
colon,YHR032W,-0.0663,0.1569,5
colon,YHR033W,0.5688,0.3094,5
colon,YHR034C,0.3666,0.4876,5
colon,YHR035W,-0.0011,0.1917,5
colon,YHR036W,-0.0599,0.1,5
colon,YHR037W,0.2077,0.3054,5
colon,YHR038W,-0.2148,0.3204,5
colon,YHR039C,0.0275,0.1961,5
colon,YHR039C-A,0.0348,0.1317,5
colon,YHR040W,-0.2348,0.261,5
colon,YHR041C,-0.0828,0.1565,5
colon,YHR042W,-0.3698,0.3798,5
colon,YHR043C,0.2208,0.3083,5
colon,YHR044C,0.0648,0.217,5
colon,YHR045W,0.13,0.5486,5
colon,YHR046C,0.3738,0.1902,5
colon,YHR047C,-0.0796,0.1386,5
colon,YHR048W,0.0646,0.2741,5
colon,YHR049C-A,-0.1914,0.1665,5
colon,YHR049W,0.682,0.4557,5
colon,YHR050W,0.2238,0.2528,5
colon,YHR051W,0.0588,0.1763,5
colon,YHR052W,-0.7846,0.9915,5
colon,YHR053C,-0.3832,0.2524,5
colon,YHR054C,0.5608,0.2311,5
colon,YHR055C,-0.415,0.2238,5
colon,YHR056C,0.3028,0.1475,5
colon,YHR057C,0.0644,0.182,5
colon,YHR058C,0.1742,0.2222,5
colon,YHR059W,-0.1166,0.1,5
colon,YHR060W,-0.2062,0.2617,5
colon,YHR061C,0.1876,0.2554,5
colon,YHR062C,-0.1362,0.275,5
colon,YHR063C,-0.225,0.3218,5
colon,YHR064C,-0.362,0.5341,5
colon,YHR065C,-0.4592,0.7707,5
colon,YHR066W,-0.5984,1.235,5
colon,YHR067W,0.0726,0.3062,5
colon,YHR068W,-0.0972,0.462,5
colon,YHR069C,-0.1444,0.2204,5
colon,YHR070W,0.1364,0.2249,5
colon,YHR071W,0.7202,0.3561,5
colon,YHR072W,0.1864,0.1861,5
colon,YHR073W,0.0356,0.1998,5
colon,YHR074W,0.208,0.1995,5
colon,YHR075C,0.188,0.2594,5
colon,YHR076W,-0.1347,0.1518,5
colon,YHR077C,-0.1236,0.1,5
colon,YHR078W,-0.0235,0.1032,5
colon,YHR079C,0.0234,0.1296,5
colon,YHR079C-A,-0.1268,0.146,5
colon,YHR080C,0.2842,0.4637,5
colon,YHR081W,-0.4308,0.3827,5
colon,YHR082C,0.286,0.3736,5
colon,YHR083W,0.241,0.2046,5
colon,YHR084W,0.015,0.2832,5
colon,YHR085W,0.0585,0.2735,5
colon,YHR086W,0.3276,0.2692,5
colon,YHR087W,1.2928,1.1892,5
colon,YHR088W,-0.3556,0.6142,5
colon,YHR089C,-1.26,0.8312,5
colon,YHR090C,0.0282,0.3138,5
colon,YHR091C,0.1346,0.1378,5
colon,YHR092C,0.0063,0.3443,5
colon,YHR093W,0.1384,0.199,5
colon,YHR094C,1.2302,0.7461,5
colon,YHR095W,0.1372,0.1539,5
colon,YHR096C,1.116,0.9042,5
colon,YHR097C,0.5322,0.8014,5
colon,YHR098C,-0.1828,0.1,5
colon,YHR099W,-0.0831,0.1,5
colon,YHR100C,-0.1386,0.3066,5
colon,YHR101C,0.1978,0.2017,5
colon,YHR102W,-0.0462,0.1265,5
colon,YHR103W,-0.2864,0.1609,5
colon,YHR104W,1.456,1.7169,5
colon,YHR105W,0.0816,0.168,5
colon,YHR106W,0.0268,0.192,5
colon,YHR107C,-0.2254,0.287,5
colon,YHR108W,-0.2654,0.1364,5
colon,YHR109W,-0.0856,0.3133,5
colon,YHR110W,0.0624,0.1011,5
colon,YHR111W,0.0058,0.1104,5
colon,YHR112C,0.386,0.4927,5
colon,YHR113W,0.1538,0.189,5
colon,YHR114W,0.052,0.1907,5
colon,YHR115C,0.2134,0.1182,5
colon,YHR116W,-0.0762,0.112,5
colon,YHR117W,0.0128,0.1984,5
colon,YHR118C,-0.1038,0.1906,5
colon,YHR119W,-0.1722,0.1935,5
colon,YHR120W,-0.3106,0.276,5
colon,YHR121W,-0.1198,0.2229,5
colon,YHR122W,0.3912,0.5884,5
colon,YHR123W,0.0804,0.2413,5
colon,YHR124W,0.5442,0.9237,5
colon,YHR125W,0.0954,0.1186,5
colon,YHR126C,-0.211,0.4059,5
colon,YHR127W,-0.1454,0.1509,5
colon,YHR128W,-0.2988,0.5147,5
colon,YHR129C,-0.0952,0.1,5
colon,YHR130C,-0.2024,0.4203,5
colon,YHR131C,0.1896,0.2099,5
colon,YHR132C,0.0288,0.1,5
colon,YHR133C,-0.1314,0.18,5
colon,YHR134W,-0.032,0.2245,5
colon,YHR135C,-0.0562,0.1122,5
colon,YHR136C,-0.1512,0.142,5
colon,YHR137W,1.488,1.1832,5
colon,YHR138C,0.332,0.9957,5
colon,YHR139C,1.4786,1.124,5
colon,YHR139C-A,-0.0496,0.1205,5
colon,YHR140W,0.4378,0.7519,5
colon,YHR141C,-0.2946,0.4752,5
colon,YHR142W,-0.1328,0.162,5
colon,YHR143W,-0.3922,0.12,5
colon,YHR143W-A,-0.2042,0.3868,5
colon,YHR144C,0.1312,0.1852,5
colon,YHR145C,0.0714,0.1165,5
colon,YHR146W,0.169,0.2422,5
colon,YHR147C,-0.27,0.333,5
colon,YHR148W,-0.3206,0.5184,5
colon,YHR149C,-0.2,0.25,5
colon,YHR150W,0.1098,0.1805,5
colon,YHR151C,-0.1204,0.2003,5
colon,YHR152W,0.2694,0.2479,5
colon,YHR153C,-0.2084,0.4714,5
colon,YHR154W,-0.2396,0.1968,5
colon,YHR155W,0.1276,0.2727,5
colon,YHR156C,0.081,0.1,5
colon,YHR157W,0.1462,0.2586,5
colon,YHR158C,-0.0696,0.1385,5
colon,YHR159W,0.2712,0.1803,5
colon,YHR160C,0.6432,0.4158,5
colon,YHR161C,0.2252,0.1746,5
colon,YHR162W,0.1994,0.1587,5
colon,YHR163W,-0.295,0.1,5
colon,YHR164C,0.0553,0.1541,5
colon,YHR165C,-0.0618,0.2385,5
colon,YHR166C,0.24,0.2279,5
colon,YHR167W,0.083,0.222,5
colon,YHR168W,0.318,0.18,5
colon,YHR169W,-0.4288,0.4069,5
colon,YHR170W,-0.3277,0.7434,5
colon,YHR171W,0.4236,0.6794,5
colon,YHR172W,-0.0741,0.1773,5
colon,YHR173C,-0.1616,0.3302,5
colon,YHR174W,-0.0352,0.1941,5
colon,YHR175W,0.0794,0.263,5
colon,YHR176W,0.3628,0.2304,5
colon,YHR177W,-0.0998,0.5685,5
colon,YHR178W,0.2447,0.1572,5
colon,YHR179W,-0.5474,0.3087,5
colon,YHR180W,0.3106,0.106,5
colon,YHR181W,-0.012,0.189,5
colon,YHR182W,0.0512,0.2492,5
colon,YHR183W,-0.4092,0.1935,5
colon,YHR184W,0.1474,0.2446,5
colon,YHR185C,-0.0118,0.1159,5
colon,YHR186C,-0.0886,0.2835,5
colon,YHR187W,0.0896,0.1317,5
colon,YHR188C,-0.0038,0.1174,5
colon,YHR189W,-0.0704,0.1159,5
colon,YHR190W,0.201,0.5048,5
colon,YHR191C,-0.2166,0.2419,5
colon,YHR192W,0.034,0.1542,5
colon,YHR193C,-0.5002,0.3928,5
colon,YHR194W,0.4362,0.2765,5
colon,YHR195W,0.159,0.1829,5
colon,YHR196W,-0.5416,0.9187,5
colon,YHR197W,-0.5314,0.6187,5
colon,YHR198C,0.2696,0.4453,5
colon,YHR199C,0.3182,0.3192,5
colon,YHR200W,-0.2288,0.2878,5
colon,YHR201C,-0.2658,0.4397,5
colon,YHR202W,0.3938,0.3481,5
colon,YHR203C,-0.2698,0.6287,5
colon,YHR204W,0.0446,0.265,5
colon,YHR205W,-0.0942,0.1812,5
colon,YHR206W,0.05,0.1743,5
colon,YHR207C,0.016,0.1,5
colon,YHR208W,-0.4392,0.4878,5
colon,YHR209W,0.3326,0.3305,5
colon,YHR210C,0.1022,0.1336,5
colon,YHR211W,-0.0374,0.1456,5
colon,YHR212C,0.0384,0.1141,5
colon,YHR213W,-0.2698,0.2489,5
colon,YHR214C-B,0.4116,0.3036,5
colon,YHR214W,-0.036,0.1346,5
colon,YHR214W-A,-0.0852,0.1707,5
colon,YHR215W,-0.4188,0.8824,5
colon,YHR216W,-0.281,0.4114,5
colon,YHR217C,0.0798,0.2279,5
colon,YHR218W,-0.0326,0.2044,5
colon,YHR219W,-0.3174,0.2942,5
colon,YIL001W,0.5042,0.3876,5
colon,YIL002C,0.201,0.2773,5
colon,YIL003W,0.2166,0.2229,5
colon,YIL004C,-0.0386,0.1,5
colon,YIL005W,0.0612,0.2795,5
colon,YIL006W,-0.0442,0.4727,5
colon,YIL007C,-0.0522,0.3634,5
colon,YIL008W,-0.1966,0.4325,5
colon,YIL009C-A,-0.1814,0.124,5
colon,YIL009W,-0.3238,0.2995,5
colon,YIL010W,0.5068,0.6555,5
colon,YIL011W,-0.1014,0.2873,5
colon,YIL012W,0.122,0.3952,5
colon,YIL013C,-0.1165,0.1586,5
colon,YIL014W,0.001,0.2557,5
colon,YIL015C-A,-0.408,0.7653,5
colon,YIL015W,-0.1752,0.2868,5
colon,YIL016W,-0.2078,0.6034,5
colon,YIL017W,0.3742,0.3052,5
colon,YIL018W,-0.6996,0.6991,5
colon,YIL019W,0.0214,0.5397,5
colon,YIL020C,-0.028,0.1355,5
colon,YIL021W,0.017,0.3289,5
colon,YIL022W,-0.0272,0.1442,5
colon,YIL023C,0.1522,0.1,5
colon,YIL024C,0.0302,0.1854,5
colon,YIL025C,-0.0084,0.2146,5
colon,YIL026C,-0.2758,0.4583,5
colon,YIL027C,-0.1436,0.1482,5
colon,YIL028W,0.0338,0.1,5
colon,YIL029C,0.3238,0.2098,5
colon,YIL030C,-0.071,0.2223,5
colon,YIL031W,0.4472,0.3898,5
colon,YIL032C,-0.045,0.1405,5
colon,YIL033C,0.242,0.3065,5
colon,YIL034C,0.2056,0.366,5
colon,YIL035C,0.1328,0.2048,5
colon,YIL036W,0.1562,0.2315,5
colon,YIL037C,0.4708,0.3289,5
colon,YIL038C,-0.0134,0.1672,5
colon,YIL039W,-0.0214,0.1963,5
colon,YIL040W,-0.1774,0.1339,5
colon,YIL041W,0.0872,0.1082,5
colon,YIL042C,0.241,0.1528,5
colon,YIL043C,0.068,0.1364,5
colon,YIL044C,0.2252,0.299,5
colon,YIL045W,0.9626,1.1358,5
colon,YIL046W,0.081,0.1846,5
colon,YIL047C,0.1934,0.36,5
colon,YIL048W,0.2432,0.4947,5
colon,YIL049W,0.3078,0.5329,5
colon,YIL050W,0.098,0.3225,5
colon,YIL051C,-0.3424,0.2278,5
colon,YIL052C,-0.259,0.4847,5
colon,YIL053W,1.085,0.7892,5
colon,YIL054W,-0.1176,0.1,5
colon,YIL055C,0.4775,0.529,5
colon,YIL056W,0.595,0.9109,5
colon,YIL057C,0.1145,0.1175,5
colon,YIL058W,-0.0726,0.1,5
colon,YIL059C,0.0528,0.1953,5
colon,YIL060W,0.1304,0.2063,5
colon,YIL061C,0.1096,0.2575,5
colon,YIL062C,-0.011,0.2132,5
colon,YIL063C,0.0165,0.1264,5
colon,YIL064W,-0.203,0.2098,5
colon,YIL065C,-0.1214,0.1732,5
colon,YIL066C,-0.5277,1.7831,5
colon,YIL067C,-0.58,0.25,5
colon,YIL068C,-0.0648,0.1414,5
colon,YIL069C,-0.671,0.25,5
colon,YIL070C,1.036,0.25,5
colon,YIL071C,0.276,0.5407,5
colon,YIL071W,-0.692,0.25,5
colon,YIL072W,0.7897,0.5564,5
colon,YIL073C,0.1618,0.1983,5
colon,YIL074C,0.1136,0.2663,5
colon,YIL074W,-0.182,0.25,5
colon,YIL075C,-0.132,0.25,5
colon,YIL076W,-0.03,0.25,5
colon,YIL077C,0.1805,0.2956,5
colon,YIL078W,-0.3182,0.5035,5
colon,YIL079C,-0.016,0.35,5
colon,YIL080W,0.1618,0.208,5
colon,YIL082W,0.2454,0.2442,5
colon,YIL082W-A,0.2694,0.3341,5
colon,YIL083C,0.109,0.1747,5
colon,YIL084C,-0.0416,0.2355,5
colon,YIL085C,-0.193,0.1811,5
colon,YIL086C,0.3345,0.8794,5
colon,YIL087C,-0.0218,0.136,5
colon,YIL088C,0.183,0.3865,5
colon,YIL089W,0.1384,0.1264,5
colon,YIL090W,0.0678,0.1042,5
colon,YIL091C,-0.2711,0.2787,5
colon,YIL092W,0.0018,0.231,5
colon,YIL093C,-0.2588,0.4007,5
colon,YIL094C,-0.1552,0.6371,5
colon,YIL095W,-0.0666,0.1,5
colon,YIL096C,-0.27,0.4772,5
colon,YIL097W,0.3432,0.651,5
colon,YIL098C,0.1736,0.1214,5
colon,YIL099W,0.5932,0.4551,5
colon,YIL100W,0.0179,0.1704,5
colon,YIL101C,0.8006,0.6575,5
colon,YIL102C,-0.0388,0.1414,5
colon,YIL103W,-0.1348,0.2975,5
colon,YIL104C,-0.041,0.2937,5
colon,YIL105C,0.0925,0.1637,5
colon,YIL106W,0.4098,0.4821,5
colon,YIL107C,0.374,0.5244,5
colon,YIL108W,0.2542,0.2738,5
colon,YIL109C,-0.1217,0.3607,5
colon,YIL110W,-0.5028,0.4054,5
colon,YIL111W,0.341,0.4254,5
colon,YIL112W,0.164,0.2373,5
colon,YIL113W,0.0936,0.2661,5
colon,YIL114C,0.2814,0.2288,5
colon,YIL115C,0.0037,0.1103,5
colon,YIL116W,0.4656,0.1107,5
colon,YIL117C,0.0314,0.7204,5
colon,YIL118W,-0.0872,0.1,5
colon,YIL119C,0.2574,0.4758,5
colon,YIL120W,0.3904,0.2074,5
colon,YIL121W,0.1428,0.2208,5
colon,YIL122W,0.103,0.1695,5
colon,YIL123W,-0.256,0.3393,5
colon,YIL124W,0.4336,0.4412,5
colon,YIL125W,0.2273,0.3201,5
colon,YIL126W,-0.1221,0.1941,5
colon,YIL127C,-0.5754,0.7963,5
colon,YIL128W,-0.144,0.1878,5
colon,YIL129C,-0.1081,0.2317,5
colon,YIL130W,-0.1066,0.1779,5
colon,YIL131C,-0.1512,0.2434,5
colon,YIL132C,-0.075,0.1339,5
colon,YIL133C,-0.461,0.8458,5
colon,YIL134W,0.1288,0.2159,5
colon,YIL135C,-0.1045,0.1,5
colon,YIL136W,1.021,0.767,5
colon,YIL137C,-0.1628,0.1,5
colon,YIL138C,0.356,0.1,5
colon,YIL139C,0.119,0.1,5
colon,YIL140W,0.1216,0.2126,5
colon,YIL141W,-0.0754,0.1375,5
colon,YIL142W,-0.2536,0.2496,5
colon,YIL143C,0.0778,0.1,5
colon,YIL144W,0.407,0.3369,5
colon,YIL145C,0.2504,0.1519,5
colon,YIL146C,0.5604,0.3038,5
colon,YIL147C,-0.1204,0.318,5
colon,YIL148W,-0.2652,0.3845,5
colon,YIL149C,-0.1454,0.1946,5
colon,YIL150C,-0.192,0.2879,5
colon,YIL151C,0.0063,0.1125,5
colon,YIL152W,-0.0688,0.1462,5
colon,YIL153W,0.1118,0.1698,5
colon,YIL154C,-0.0025,0.1,5
colon,YIL155C,0.5055,0.4574,5
colon,YIL156W,0.0212,0.1352,5
colon,YIL157C,0.025,0.1,5
colon,YIL158W,-0.5863,0.5067,5
colon,YIL159W,-0.1278,0.1502,5
colon,YIL160C,0.1432,0.2048,5
colon,YIL161W,-0.1436,0.2335,5
colon,YIL162W,0.3074,0.4513,5
colon,YIL163C,-0.059,0.1,5
colon,YIL164C,0.0344,0.1508,5
colon,YIL165C,-0.0754,0.1,5
colon,YIL166C,0.4204,0.288,5
colon,YIL167W,-0.0784,0.1,5
colon,YIL168W,-0.0198,0.1344,5
colon,YIL169C,-0.18,0.32,5
colon,YIL170W,-0.3394,1.8103,5
colon,YIL171W,-0.105,0.129,5
colon,YIL172C,0.1535,0.2781,5
colon,YIL173W,-0.1626,0.2048,5
colon,YIL174W,-0.1095,0.2345,5
colon,YIL175W,-0.0834,0.1637,5
colon,YIL176C,-0.0538,0.2579,5
colon,YIL177C,-0.2654,0.2021,5
colon,YIR001C,-0.1048,0.1498,5
colon,YIR002C,0.251,0.2226,5
colon,YIR003W,0.0398,0.1351,5
colon,YIR004W,-0.305,0.304,5
colon,YIR005W,0.1636,0.1617,5
colon,YIR006C,-0.0448,0.1,5
colon,YIR007W,0.3466,0.3828,5
colon,YIR008C,0.0466,0.1431,5
colon,YIR009W,0.1102,0.2867,5
colon,YIR010W,0.1,0.1934,5
colon,YIR011C,0.0232,0.2181,5
colon,YIR012W,-0.2406,0.4743,5
colon,YIR013C,0.1162,0.161,5
colon,YIR014W,0.335,0.3972,5
colon,YIR015W,0.0,0.2032,5
colon,YIR016W,0.1364,0.2388,5
colon,YIR017C,0.2072,0.2214,5
colon,YIR018W,0.1318,0.2568,5
colon,YIR019C,-0.0769,0.157,5
colon,YIR020C,0.3282,0.3636,5
colon,YIR021W,0.015,0.209,5
colon,YIR022W,0.0082,0.1763,5
colon,YIR023W,-0.0044,0.1117,5
colon,YIR024C,-0.0618,0.3989,5
colon,YIR025W,-0.1068,0.2781,5
colon,YIR026C,-0.075,0.2888,5
colon,YIR027C,0.3336,0.2215,5
colon,YIR028W,0.234,0.2524,5
colon,YIR029W,0.1636,0.2883,5
colon,YIR030C,0.4222,0.3172,5
colon,YIR031C,0.3004,0.1918,5
colon,YIR032C,-0.043,0.1624,5
colon,YIR033W,0.1284,0.1597,5
colon,YIR034C,-0.0274,0.2374,5
colon,YIR035C,0.0928,0.1,5
colon,YIR036C,-0.021,0.1,5
colon,YIR037W,0.3972,0.2539,5
colon,YIR038C,0.7712,0.6628,5
colon,YIR039C,0.5056,0.3061,5
colon,YIR040C,-0.0752,0.145,5
colon,YIR041W,0.2202,0.1152,5
colon,YIR042C,0.006,0.1007,5
colon,YIR043C,0.2636,0.1444,5
colon,YIR044C,0.062,0.1119,5
colon,YJL001W,0.3344,0.6223,5
colon,YJL002C,-0.1148,0.1736,5
colon,YJL003W,0.1376,0.2086,5
colon,YJL004C,-0.0448,0.1,5
colon,YJL005W,-0.1089,0.1,5
colon,YJL006C,0.049,0.1,5
colon,YJL007C,0.0036,0.1,5
colon,YJL008C,-0.208,0.331,5
colon,YJL009W,-0.168,0.1,5
colon,YJL010C,-0.6148,0.5536,5
colon,YJL011C,-0.2038,0.1441,5
colon,YJL013C,0.0664,0.1,5
colon,YJL014W,-0.0482,0.2727,5
colon,YJL015C,0.3716,0.4737,5
colon,YJL016W,0.0892,0.301,5
colon,YJL017W,0.5106,0.4197,5
colon,YJL018W,-0.1776,0.1,5
colon,YJL019W,0.1106,0.1834,5
colon,YJL020C,-0.0136,0.1531,5
colon,YJL021C,0.3474,0.3073,5
colon,YJL022W,0.0136,0.2688,5
colon,YJL023C,0.1458,0.2208,5
colon,YJL024C,-0.1216,0.1661,5
colon,YJL025W,-0.2303,0.2714,5
colon,YJL026W,0.046,0.2259,5
colon,YJL027C,-0.117,0.1907,5
colon,YJL028W,-0.1514,0.1,5
colon,YJL029C,-0.182,0.1,5
colon,YJL030W,-0.0864,0.1108,5
colon,YJL031C,0.0638,0.3216,5
colon,YJL032W,-0.017,0.3202,5
colon,YJL033W,-0.6502,0.6694,5
colon,YJL034W,-0.2432,0.2186,5
colon,YJL035C,0.0175,0.1278,5
colon,YJL036W,0.0765,0.3959,5
colon,YJL037W,0.0136,0.1,5
colon,YJL038C,0.1552,0.1357,5
colon,YJL039C,-0.252,0.1343,5
colon,YJL041W,-0.1922,0.1939,5
colon,YJL042W,0.4179,0.467,5
colon,YJL043W,-0.0406,0.1017,5
colon,YJL044C,0.2058,0.1732,5
colon,YJL045W,0.0214,0.1848,5
colon,YJL046W,-0.0484,0.3352,5
colon,YJL047C,-0.165,0.1,5
colon,YJL048C,0.373,0.1766,5
colon,YJL049W,0.0369,0.1,5
colon,YJL050W,-0.2423,0.2793,5
colon,YJL051W,-0.1386,0.3702,5
colon,YJL052W,-0.1574,0.2394,5
colon,YJL053W,0.3498,0.2923,5
colon,YJL054W,-0.1295,0.1556,5
colon,YJL055W,0.0936,0.2779,5
colon,YJL056C,-0.0056,0.2214,5
colon,YJL057C,0.6996,0.8248,5
colon,YJL058C,0.0476,0.1412,5
colon,YJL059W,0.0196,0.2334,5
colon,YJL060W,0.1174,0.2004,5
colon,YJL061W,-0.1268,0.1,5
colon,YJL062W,-0.1248,0.1289,5
colon,YJL063C,-0.0768,0.2501,5
colon,YJL064W,-0.1072,0.1201,5
colon,YJL065C,-0.2908,0.2889,5
colon,YJL066C,0.0042,0.2545,5
colon,YJL067W,-0.0156,0.1304,5
colon,YJL068C,0.0852,0.1,5
colon,YJL069C,-0.6136,0.9391,5
colon,YJL070C,-0.0386,0.1,5
colon,YJL071W,-0.0398,0.1381,5
colon,YJL072C,-0.092,0.1822,5
colon,YJL073W,-0.1272,0.2229,5
colon,YJL074C,-0.268,0.3915,5
colon,YJL075C,0.0186,0.1518,5
colon,YJL076W,-0.194,0.1382,5
colon,YJL077C,-0.0286,0.1559,5
colon,YJL078C,-0.2007,0.1613,5
colon,YJL079C,0.2712,0.3061,5
colon,YJL080C,-0.1928,0.2812,5
colon,YJL081C,-0.0428,0.1709,5
colon,YJL082W,0.0946,0.1001,5
colon,YJL083W,0.7172,0.8506,5
colon,YJL084C,0.1412,0.1828,5
colon,YJL085W,0.396,0.6311,5
colon,YJL086C,0.1216,0.1,5
colon,YJL087C,-0.2328,0.4297,5
colon,YJL088W,0.699,0.3766,5
colon,YJL089W,0.7782,0.8408,5
colon,YJL090C,0.1982,0.2259,5
colon,YJL091C,-0.3844,0.296,5
colon,YJL092W,-0.0088,0.1732,5
colon,YJL093C,0.4018,0.5025,5
colon,YJL094C,-0.0346,0.1794,5
colon,YJL095W,-0.1668,0.173,5
colon,YJL096W,-0.1274,0.2721,5
colon,YJL097W,-0.5016,0.4034,5
colon,YJL098W,-0.3246,0.419,5
colon,YJL099W,-0.2062,0.1437,5
colon,YJL100W,0.189,0.1823,5
colon,YJL101C,-0.0316,0.2502,5
colon,YJL102W,0.1752,0.5074,5
colon,YJL103C,0.3472,0.5434,5
colon,YJL104W,0.0498,0.2662,5
colon,YJL105W,-0.036,0.13,5
colon,YJL106W,0.6026,0.8809,5
colon,YJL107C,1.346,1.1357,5
colon,YJL108C,1.8332,1.3386,5
colon,YJL109C,-0.5754,0.6203,5
colon,YJL110C,0.2206,0.3033,5
colon,YJL111W,-0.2588,0.1806,5
colon,YJL112W,0.1616,0.309,5
colon,YJL113W,-0.1994,0.1934,5
colon,YJL114W,0.0224,0.2077,5
colon,YJL115W,-0.5192,0.5101,5
colon,YJL116C,0.2698,0.1324,5
colon,YJL117W,-0.1434,0.3207,5
colon,YJL118W,-0.0464,0.2197,5
colon,YJL119C,-0.1355,0.1858,5
colon,YJL120W,0.0113,0.1806,5
colon,YJL121C,-0.324,0.286,5
colon,YJL122W,-0.689,0.7606,5
colon,YJL123C,-0.1854,0.4482,5
colon,YJL124C,-0.1355,0.1332,5
colon,YJL125C,-0.1822,0.3933,5
colon,YJL126W,0.0648,0.1879,5
colon,YJL127C,-0.1024,0.1777,5
colon,YJL128C,0.0212,0.1272,5
colon,YJL129C,-0.1098,0.2495,5
colon,YJL130C,-0.2583,0.4169,5
colon,YJL131C,-0.1978,0.4207,5
colon,YJL132W,0.3462,0.45,5
colon,YJL133W,-0.201,0.1033,5
colon,YJL134W,-0.0198,0.1758,5
colon,YJL135W,-0.2584,0.2312,5
colon,YJL136C,-0.2125,0.5215,5
colon,YJL137C,0.1806,0.2881,5
colon,YJL138C,-0.1902,0.4239,5
colon,YJL139C,0.174,0.3628,5
colon,YJL140W,0.2148,0.2321,5
colon,YJL141C,0.2044,0.3605,5
colon,YJL142C,0.1134,0.3476,5
colon,YJL143W,-0.295,0.2449,5
colon,YJL144W,0.1942,0.2518,5
colon,YJL145W,-0.2022,0.2999,5
colon,YJL146W,0.2522,0.3293,5
colon,YJL147C,0.0402,0.1,5
colon,YJL148W,-0.7286,0.9717,5
colon,YJL149W,0.5004,0.39,5
colon,YJL150W,-0.2417,2.1994,5
colon,YJL151C,-0.0858,0.1114,5
colon,YJL152W,-0.2632,0.2268,5
colon,YJL153C,0.2762,0.1806,5
colon,YJL154C,0.1514,0.279,5
colon,YJL155C,0.4836,0.533,5
colon,YJL156C,0.1328,0.2306,5
colon,YJL157C,-0.2778,0.5325,5
colon,YJL158C,-0.1237,0.6247,5
colon,YJL159W,-0.3926,0.3321,5
colon,YJL160C,0.2028,0.1985,5
colon,YJL161W,0.9352,1.1563,5
colon,YJL162C,0.2386,0.1299,5
colon,YJL163C,0.4896,0.7923,5
colon,YJL164C,0.8442,0.7487,5
colon,YJL165C,0.1208,0.2585,5
colon,YJL166W,0.4798,0.4464,5
colon,YJL167W,0.199,0.1533,5
colon,YJL168C,0.1816,0.1223,5
colon,YJL169W,-0.0412,0.1,5
colon,YJL170C,0.0332,0.4499,5
colon,YJL171C,0.0484,0.1,5
colon,YJL172W,0.0064,0.2662,5
colon,YJL173C,-0.2506,0.3154,5
colon,YJL174W,0.3538,0.1281,5
colon,YJL175W,0.1252,0.2633,5
colon,YJL176C,0.1588,0.1265,5
colon,YJL177W,-0.092,0.4169,5
colon,YJL178C,-0.1652,0.199,5
colon,YJL179W,-0.1476,0.1446,5
colon,YJL180C,0.0566,0.324,5
colon,YJL181W,-0.011,0.2973,5
colon,YJL182C,0.0738,0.1964,5
colon,YJL183W,-0.1214,0.4213,5
colon,YJL184W,0.104,0.1774,5
colon,YJL185C,0.2634,0.3198,5
colon,YJL186W,-0.032,0.1984,5
colon,YJL187C,0.1008,0.2091,5
colon,YJL188C,-0.2768,0.4136,5
colon,YJL189W,-0.3464,0.3294,5
colon,YJL190C,-0.362,0.6288,5
colon,YJL191W,-0.3244,0.4122,5
colon,YJL192C,0.0662,0.1248,5
colon,YJL193W,-0.0586,0.1512,5
colon,YJL194W,-0.487,0.25,5
colon,YJL195C,-0.0252,0.1854,5
colon,YJL196C,0.2736,0.3412,5
colon,YJL197W,-0.235,0.1506,5
colon,YJL198W,-0.2512,0.309,5
colon,YJL199C,0.0548,0.1424,5
colon,YJL200C,-0.3034,0.7717,5
colon,YJL201W,0.0942,0.1748,5
colon,YJL202C,-0.2324,0.1742,5
colon,YJL203W,-0.1384,0.193,5
colon,YJL204C,-0.0286,0.1944,5
colon,YJL205C-A,0.1641,0.1404,5
colon,YJL206C,-0.0734,0.1342,5
colon,YJL207C,-0.1676,0.1489,5
colon,YJL208C,-0.5938,0.6539,5
colon,YJL209W,-0.0482,0.159,5
colon,YJL210W,0.294,0.6122,5
colon,YJL211C,-0.0462,0.1576,5
colon,YJL212C,0.0842,0.2641,5
colon,YJL213W,0.231,0.4181,5
colon,YJL214W,0.4852,0.3737,5
colon,YJL215C,-0.0952,0.1,5
colon,YJL216C,0.2058,0.2532,5
colon,YJL217W,-0.367,0.5824,5
colon,YJL218W,-0.245,0.3787,5
colon,YJL219W,0.1224,0.2443,5
colon,YJL220W,-0.0234,0.1822,5
colon,YJL221C,0.2365,0.1595,5
colon,YJL222W,-0.2662,0.2232,5
colon,YJL223C,-0.139,0.1,5
colon,YJL225C,-0.2304,0.3072,5
colon,YJR001W,0.0628,0.1,5
colon,YJR002W,-0.4718,0.5397,5
colon,YJR003C,-0.471,0.2263,5
colon,YJR004C,0.2304,0.1437,5
colon,YJR005W,-0.2158,0.3874,5
colon,YJR006W,0.3114,0.1557,5
colon,YJR007W,-0.267,0.3298,5
colon,YJR008W,1.059,1.012,5
colon,YJR009C,-0.215,0.2759,5
colon,YJR010C-A,-0.1824,0.2438,5
colon,YJR010W,0.1104,0.2199,5
colon,YJR011C,0.2724,0.2858,5
colon,YJR012C,0.1936,0.2268,5
colon,YJR013W,0.1366,0.213,5
colon,YJR014W,-0.237,0.4522,5
colon,YJR015W,0.023,0.1141,5
colon,YJR016C,-0.2488,0.4588,5
colon,YJR017C,-0.142,0.4187,5
colon,YJR018W,-0.1964,0.1856,5
colon,YJR019C,0.0266,0.3852,5
colon,YJR020W,-0.0434,0.1089,5
colon,YJR021C,0.015,0.1447,5
colon,YJR022W,-0.0148,0.1579,5
colon,YJR023C,-0.164,0.2922,5
colon,YJR024C,-0.0504,0.1515,5
colon,YJR025C,0.4264,0.427,5
colon,YJR026W,0.3486,0.3307,5
colon,YJR027W,0.183,0.2797,5
colon,YJR028W,0.2956,0.3261,5
colon,YJR029W,0.2631,0.2157,5
colon,YJR030C,-0.1368,0.2429,5
colon,YJR031C,-0.2312,0.416,5
colon,YJR032W,-0.227,0.4943,5
colon,YJR033C,0.0608,0.2105,5
colon,YJR034W,-0.0148,0.2114,5
colon,YJR035W,0.1284,0.1978,5
colon,YJR036C,0.4076,0.3423,5
colon,YJR037W,-0.0142,0.2099,5
colon,YJR038C,0.0998,0.3667,5
colon,YJR039W,0.289,0.3389,5
colon,YJR040W,0.1918,0.4066,5
colon,YJR041C,-0.6636,0.6718,5
colon,YJR042W,-0.1827,0.1579,5
colon,YJR043C,-0.0976,0.2188,5
colon,YJR044C,0.4592,0.5131,5
colon,YJR045C,-0.0522,0.3088,5
colon,YJR046W,0.6988,1.0377,5
colon,YJR047C,-0.1226,0.3938,5
colon,YJR048W,-0.0588,0.1819,5
colon,YJR049C,-0.052,0.1,5
colon,YJR050W,0.294,0.5158,5
colon,YJR051W,0.0143,0.2144,5
colon,YJR052W,0.3376,0.4361,5
colon,YJR053W,-0.0774,0.3583,5
colon,YJR054W,-0.192,0.2994,5
colon,YJR055W,0.0256,0.1668,5
colon,YJR056C,-0.0088,0.192,5
colon,YJR057W,0.0688,0.1,5
colon,YJR058C,-0.0384,0.1137,5
colon,YJR059W,0.821,0.677,5
colon,YJR060W,-0.1448,0.1,5
colon,YJR061W,0.2724,0.3698,5
colon,YJR062C,0.0406,0.3699,5
colon,YJR063W,-0.382,0.4968,5
colon,YJR064W,-0.3562,0.4164,5
colon,YJR065C,0.2644,0.3352,5
colon,YJR066W,0.0621,0.2188,5
colon,YJR067C,-0.1226,0.177,5
colon,YJR068W,-0.1786,0.2736,5
colon,YJR069C,-0.196,0.2076,5
colon,YJR070C,-0.5922,0.6134,5
colon,YJR071W,-0.491,0.4264,5
colon,YJR072C,-0.3252,0.5318,5
colon,YJR073C,0.531,0.5304,5
colon,YJR074W,0.1246,0.2153,5
colon,YJR075W,-0.2588,0.2703,5
colon,YJR076C,-0.0552,0.3727,5
colon,YJR077C,0.0066,0.2011,5
colon,YJR078W,-0.0338,0.2288,5
colon,YJR079W,0.119,0.338,5
colon,YJR080C,0.0394,0.2849,5
colon,YJR082C,0.2498,0.14,5
colon,YJR083C,0.21,0.2102,5
colon,YJR084W,0.0846,0.1296,5
colon,YJR085C,0.0462,0.2723,5
colon,YJR086W,0.0742,0.2498,5
colon,YJR087W,0.0226,0.2955,5
colon,YJR088C,0.1788,0.1766,5
colon,YJR089W,0.2948,0.1583,5
colon,YJR090C,-0.1007,0.2358,5
colon,YJR091C,0.3406,0.5429,5
colon,YJR092W,-0.1372,0.3641,5
colon,YJR093C,0.135,0.235,5
colon,YJR094C,0.1034,0.2671,5
colon,YJR094W-A,-0.3392,0.5395,5
colon,YJR095W,0.3874,0.2303,5
colon,YJR096W,1.0116,1.0251,5
colon,YJR097W,-0.171,0.6066,5
colon,YJR098C,0.2168,0.2255,5
colon,YJR099W,0.0972,0.2191,5
colon,YJR100C,0.1582,0.2841,5
colon,YJR101W,-0.146,0.2227,5
colon,YJR102C,0.3072,0.3855,5
colon,YJR103W,-0.2878,0.3663,5
colon,YJR104C,0.1112,0.2653,5
colon,YJR105W,-0.3958,0.4056,5
colon,YJR106W,-0.0226,0.1,5
colon,YJR107W,0.071,0.223,5
colon,YJR108W,-0.0528,0.1755,5
colon,YJR109C,-0.1168,0.4943,5
colon,YJR110W,0.2884,0.5371,5
colon,YJR111C,-0.042,0.1415,5
colon,YJR112W,-0.2304,0.246,5
colon,YJR113C,-0.1258,0.1695,5
colon,YJR114W,0.0192,0.2462,5
colon,YJR115W,-0.1432,0.2594,5
colon,YJR116W,-0.13,0.2452,5
colon,YJR117W,0.0312,0.1224,5
colon,YJR118C,-0.1796,0.1,5
colon,YJR119C,0.6246,0.1424,5
colon,YJR120W,-0.0461,0.157,5
colon,YJR121W,0.0379,0.1149,5
colon,YJR122W,0.3514,0.2074,5
colon,YJR123W,-0.2268,0.699,5
colon,YJR124C,-0.3736,0.4794,5
colon,YJR125C,-0.1408,0.32,5
colon,YJR126C,0.0454,0.2266,5
colon,YJR127C,0.1532,0.1153,5
colon,YJR128W,0.1108,0.2748,5
colon,YJR129C,-0.165,0.3334,5
colon,YJR130C,0.361,0.2718,5
colon,YJR131W,0.3506,0.5136,5
colon,YJR132W,0.0592,0.3733,5
colon,YJR133W,0.1328,0.2249,5
colon,YJR134C,0.1484,0.17,5
colon,YJR135C,-0.062,0.2759,5
colon,YJR136C,-0.0422,0.195,5
colon,YJR137C,-0.3598,0.4639,5
colon,YJR138W,0.1446,0.1878,5
colon,YJR139C,-0.1132,0.1853,5
colon,YJR140C,-0.2825,0.1609,5
colon,YJR141W,-0.206,0.297,5
colon,YJR142W,-0.0166,0.2448,5
colon,YJR143C,-0.0422,0.2864,5
colon,YJR144W,-0.0528,0.6141,5
colon,YJR145C,0.3078,0.5468,5
colon,YJR146W,-0.1336,0.1718,5
colon,YJR147W,-0.0686,0.3643,5
colon,YJR148W,0.0468,0.1877,5
colon,YJR149W,0.3038,0.3438,5
colon,YJR150C,0.3846,0.3113,5
colon,YJR151C,-0.1432,0.1,5
colon,YJR152W,0.14,0.2308,5
colon,YJR153W,0.1288,0.1231,5
colon,YJR154W,0.3994,0.2691,5
colon,YJR155W,0.0738,0.1,5
colon,YJR156C,0.4266,0.2549,5
colon,YJR157W,-0.147,0.1582,5
colon,YJR158W,0.3422,0.3444,5
colon,YJR159W,0.0788,0.136,5
colon,YJR160C,0.0128,0.146,5
colon,YJR161C,0.2562,0.1495,5
colon,YJR162C,0.2136,0.178,5
colon,YKL001C,0.0371,0.5408,5
colon,YKL002W,0.1684,0.2831,5
colon,YKL003C,0.0406,0.173,5
colon,YKL004W,-0.2686,0.538,5
colon,YKL005C,0.2864,0.2009,5
colon,YKL006C-A,-0.189,0.1158,5
colon,YKL006W,-0.4428,0.779,5
colon,YKL007W,0.3884,0.3581,5
colon,YKL008C,-0.1436,0.3649,5
colon,YKL009W,-0.8214,1.1665,5
colon,YKL010C,-0.0352,0.2936,5
colon,YKL011C,0.1278,0.2749,5
colon,YKL012W,0.062,0.2544,5
colon,YKL013C,0.2444,0.2033,5
colon,YKL014C,-0.285,0.1749,5
colon,YKL015W,0.0386,0.2035,5
colon,YKL016C,-0.0386,0.2223,5
colon,YKL017C,0.1568,0.1485,5
colon,YKL018W,0.0808,0.1257,5
colon,YKL019W,-0.0794,0.1778,5
colon,YKL020C,0.0842,0.1759,5
colon,YKL021C,-0.3004,0.3776,5
colon,YKL022C,0.3538,0.2638,5
colon,YKL023W,0.1574,0.1959,5
colon,YKL024C,0.1136,0.1,5
colon,YKL025C,0.3728,0.4299,5
colon,YKL026C,0.4978,0.6201,5
colon,YKL027W,-0.0097,0.2352,5
colon,YKL028W,0.0202,0.2206,5
colon,YKL029C,-0.4478,0.4108,5
colon,YKL030W,-0.9644,0.6907,5
colon,YKL031W,-0.0742,0.2185,5
colon,YKL032C,-0.1467,0.1982,5
colon,YKL033W,0.0155,0.1,5
colon,YKL034W,0.488,0.39,5
colon,YKL035W,1.269,0.9708,5
colon,YKL036C,0.2474,0.4654,5
colon,YKL037W,-0.0168,0.301,5
colon,YKL038W,0.0872,0.1812,5
colon,YKL039W,0.208,0.1577,5
colon,YKL040C,0.0334,0.1944,5
colon,YKL041W,0.1126,0.1178,5
colon,YKL042W,-0.2774,0.2824,5
colon,YKL043W,-0.3106,0.3613,5
colon,YKL044W,-0.1068,0.1978,5
colon,YKL045W,0.0388,0.4526,5
colon,YKL046C,-0.0962,0.1648,5
colon,YKL047W,0.1978,0.3197,5
colon,YKL048C,0.0484,0.14,5
colon,YKL049C,-0.2574,0.1448,5
colon,YKL050C,0.1036,0.3085,5
colon,YKL051W,0.1578,0.3281,5
colon,YKL052C,0.0798,0.2029,5
colon,YKL053W,-0.144,0.155,5
colon,YKL054C,-0.1738,0.1771,5
colon,YKL055C,0.1708,0.2646,5
colon,YKL056C,-0.3374,0.4778,5
colon,YKL057C,0.0182,0.4589,5
colon,YKL058W,0.139,0.1527,5
colon,YKL059C,0.2374,0.2042,5
colon,YKL060C,-0.0352,0.2859,5
colon,YKL061W,0.103,0.1397,5
colon,YKL062W,0.251,0.1744,5
colon,YKL063C,0.08,0.1242,5
colon,YKL064W,0.3016,0.281,5
colon,YKL065C,0.8542,0.5966,5
colon,YKL066W,0.0322,0.3451,5
colon,YKL067W,0.71,0.3956,5
colon,YKL068W,-0.1962,0.299,5
colon,YKL069W,-0.1306,0.4972,5
colon,YKL070W,0.0238,0.2795,5
colon,YKL071W,0.37,0.4217,5
colon,YKL072W,-0.2318,0.2524,5
colon,YKL073W,-0.1586,0.2704,5
colon,YKL074C,0.0094,0.3801,5
colon,YKL075C,0.1462,0.1408,5
colon,YKL076C,-0.0792,0.213,5
colon,YKL077W,0.0496,0.4032,5
colon,YKL078W,-0.2496,0.5025,5
colon,YKL079W,0.3278,0.5907,5
colon,YKL080W,0.2178,0.1755,5
colon,YKL081W,-0.3136,0.6625,5
colon,YKL082C,-0.0398,0.1849,5
colon,YKL083W,-0.253,0.3773,5
colon,YKL084W,-0.2612,0.2791,5
colon,YKL085W,0.3268,0.4118,5
colon,YKL086W,-0.2017,0.1354,5
colon,YKL087C,0.212,0.1,5
colon,YKL088W,-0.084,0.256,5
colon,YKL089W,0.3126,0.2464,5
colon,YKL090W,0.311,0.222,5
colon,YKL091C,1.2132,1.1872,5
colon,YKL092C,-0.0862,0.3124,5
colon,YKL093W,0.9438,0.7959,5
colon,YKL094W,0.0457,0.2088,5
colon,YKL095W,0.085,0.2551,5
colon,YKL096W,1.3108,0.5954,5
colon,YKL096W-A,-0.2454,0.6449,5
colon,YKL097C,0.0304,0.2177,5
colon,YKL098W,0.2134,0.1667,5
colon,YKL099C,-0.5472,0.8425,5
colon,YKL100C,0.2442,0.4307,5
colon,YKL101W,-0.2404,0.1955,5
colon,YKL102C,-0.1034,0.2482,5
colon,YKL103C,0.72,0.7653,5
colon,YKL104C,0.1782,0.1142,5
colon,YKL106W,-0.0842,0.3323,5
colon,YKL107W,0.2128,0.2453,5
colon,YKL108W,0.2274,0.2065,5
colon,YKL109W,-0.8312,0.3575,5
colon,YKL110C,-0.312,0.4072,5
colon,YKL111C,-0.168,0.2224,5
colon,YKL112W,0.036,0.1151,5
colon,YKL113C,-0.3764,0.3097,5
colon,YKL114C,0.1934,0.1264,5
colon,YKL115C,-0.1098,0.1285,5
colon,YKL116C,0.3103,0.2882,5
colon,YKL117W,-0.0406,0.2865,5
colon,YKL118W,-0.0322,0.1252,5
colon,YKL119C,-0.1564,0.1653,5
colon,YKL120W,-0.2085,0.1621,5
colon,YKL121W,0.3502,0.6058,5
colon,YKL122C,0.001,0.1,5
colon,YKL123W,0.1952,0.4903,5
colon,YKL124W,0.6366,0.5792,5
colon,YKL125W,-0.241,0.1739,5
colon,YKL126W,0.385,0.3253,5
colon,YKL127W,0.0368,0.5072,5
colon,YKL128C,0.0808,0.2391,5
colon,YKL129C,0.2868,0.472,5
colon,YKL130C,0.0144,0.1417,5
colon,YKL131W,-0.1686,0.3326,5
colon,YKL132C,0.0778,0.3361,5
colon,YKL133C,0.4728,0.7501,5
colon,YKL134C,0.4698,0.499,5
colon,YKL135C,0.0874,0.2273,5
colon,YKL136W,-0.0158,0.2946,5
colon,YKL137W,-0.0984,0.1787,5
colon,YKL138C,-0.0002,0.2043,5
colon,YKL139W,0.013,0.1,5
colon,YKL140W,0.1516,0.2564,5
colon,YKL141W,0.2518,0.3806,5
colon,YKL142W,0.828,0.8545,5
colon,YKL143W,-0.8304,0.9629,5
colon,YKL144C,-0.4178,0.4491,5
colon,YKL145W,0.054,0.5211,5
colon,YKL146W,0.2454,0.1648,5
colon,YKL147C,0.079,0.1016,5
colon,YKL148C,0.2942,0.1967,5
colon,YKL149C,0.0748,0.1,5
colon,YKL150W,0.9956,0.8625,5
colon,YKL151C,0.078,0.3164,5
colon,YKL152C,-0.2668,0.2031,5
colon,YKL153W,-0.2612,0.3922,5
colon,YKL154W,-0.1278,0.2337,5
colon,YKL155C,0.223,0.1604,5
colon,YKL156W,-0.284,0.5772,5
colon,YKL157W,0.348,0.4495,5
colon,YKL158W,0.1408,0.1057,5
colon,YKL159C,0.0528,0.262,5
colon,YKL160W,0.0362,0.2185,5
colon,YKL161C,0.426,0.2627,5
colon,YKL162C,0.5482,0.4987,5
colon,YKL163W,0.0632,0.1754,5
colon,YKL164C,-0.0802,0.2553,5
colon,YKL165C,-0.3448,0.295,5
colon,YKL166C,0.1527,0.1435,5
colon,YKL167C,0.3738,0.5295,5
colon,YKL168C,0.2888,0.3656,5
colon,YKL169C,-0.1252,0.1846,5
colon,YKL170W,0.0474,0.155,5
colon,YKL171W,-0.0766,0.1176,5
colon,YKL172W,-0.6444,1.1172,5
colon,YKL173W,-0.204,0.4034,5
colon,YKL174C,-0.2198,0.2612,5
colon,YKL175W,-0.0368,0.4203,5
colon,YKL176C,0.1096,0.1162,5
colon,YKL177W,0.0596,0.1859,5
colon,YKL178C,0.544,0.1921,5
colon,YKL179C,0.0238,0.3085,5
colon,YKL180W,-0.0716,0.582,5
colon,YKL181W,-0.4134,0.4058,5
colon,YKL182W,-0.2567,0.3132,5
colon,YKL183W,0.0354,0.1785,5
colon,YKL184W,0.7268,0.2989,5
colon,YKL185W,-0.5628,0.6229,5
colon,YKL186C,-0.0664,0.1802,5
colon,YKL187C,0.107,0.1944,5
colon,YKL188C,0.5108,0.5372,5
colon,YKL189W,0.1758,0.4597,5
colon,YKL190W,0.5168,0.2764,5
colon,YKL191W,-0.1732,0.3658,5
colon,YKL192C,0.1624,0.2642,5
colon,YKL193C,0.5186,0.5944,5
colon,YKL194C,0.1202,0.3449,5
colon,YKL195W,-0.1308,0.4964,5
colon,YKL196C,0.212,0.2336,5
colon,YKL197C,0.0466,0.1246,5
colon,YKL198C,0.4214,0.3408,5
colon,YKL199C,-0.2005,0.1,5
colon,YKL200C,0.5986,0.3821,5
colon,YKL201C,0.6478,0.2635,5
colon,YKL202W,0.7428,0.4162,5
colon,YKL203C,-0.0352,0.1929,5
colon,YKL204W,0.2316,0.3559,5
colon,YKL205W,-0.4562,0.3651,5
colon,YKL206C,0.1992,0.3071,5
colon,YKL207W,0.2628,0.8247,5
colon,YKL208W,0.3738,0.2184,5
colon,YKL209C,-0.343,0.235,5
colon,YKL210W,0.2396,0.4538,5
colon,YKL211C,-0.0732,0.1917,5
colon,YKL212W,-0.1536,0.2687,5
colon,YKL213C,-0.0234,0.4052,5
colon,YKL214C,-0.1046,0.1462,5
colon,YKL215C,-0.2379,0.2446,5
colon,YKL216W,-0.5218,0.7895,5
colon,YKL217W,-0.0112,0.1015,5
colon,YKL218C,0.1682,0.172,5
colon,YKL219W,0.046,0.2268,5
colon,YKL220C,0.1726,0.2882,5
colon,YKL221W,0.0606,0.1236,5
colon,YKL222C,-0.2345,0.1412,5
colon,YKL223W,-0.1104,0.1619,5
colon,YKL224C,-0.1588,0.1636,5
colon,YKL225W,-0.0936,0.2516,5
colon,YKR001C,0.1482,0.1366,5
colon,YKR002W,0.3746,0.1751,5
colon,YKR003W,0.156,0.3527,5
colon,YKR004C,0.2012,0.1812,5
colon,YKR005C,0.2772,0.3149,5
colon,YKR006C,-0.1686,0.1309,5
colon,YKR007W,-0.1144,0.1595,5
colon,YKR008W,0.0348,0.137,5
colon,YKR009C,0.4548,0.2398,5
colon,YKR010C,-0.0484,0.2235,5
colon,YKR011C,1.1722,1.2626,5
colon,YKR012C,-0.0845,0.1596,5
colon,YKR013W,-0.1382,0.4275,5
colon,YKR014C,0.128,0.2314,5
colon,YKR015C,0.1378,0.2882,5
colon,YKR016W,0.1004,0.2823,5
colon,YKR017C,0.0864,0.2146,5
colon,YKR018C,-0.1088,0.1478,5
colon,YKR019C,0.0978,0.1248,5
colon,YKR020W,-0.1028,0.2017,5
colon,YKR021W,-0.0046,0.2492,5
colon,YKR022C,0.0874,0.2358,5
colon,YKR023W,0.1922,0.2387,5
colon,YKR024C,-0.3718,0.5233,5
colon,YKR025W,-0.3322,0.2907,5
colon,YKR026C,-0.1246,0.4949,5
colon,YKR027W,0.366,0.3923,5
colon,YKR028W,-0.0442,0.3426,5
colon,YKR029C,0.253,0.2154,5
colon,YKR030W,0.0361,0.1782,5
colon,YKR031C,0.176,0.1861,5
colon,YKR032W,-0.12,0.1803,5
colon,YKR033C,0.1746,0.246,5
colon,YKR034W,0.0696,0.2003,5
colon,YKR035C,-0.0114,0.2977,5
colon,YKR036C,-0.2108,0.1871,5
colon,YKR037C,-0.0148,0.1436,5
colon,YKR038C,0.0466,0.1,5
colon,YKR039W,0.0176,0.2649,5
colon,YKR040C,-0.0217,0.121,5
colon,YKR041W,0.138,0.1084,5
colon,YKR042W,-0.1302,0.223,5
colon,YKR043C,-0.4256,0.3039,5
colon,YKR044W,-0.1532,0.1086,5
colon,YKR045C,-0.0914,0.1394,5
colon,YKR046C,0.131,0.349,5
colon,YKR047W,-0.5638,0.1926,5
colon,YKR048C,-0.0368,0.1911,5
colon,YKR049C,0.1674,0.1806,5
colon,YKR050W,0.004,0.1,5
colon,YKR051W,0.3478,0.2713,5
colon,YKR052C,-0.0372,0.1043,5
colon,YKR053C,0.4104,0.2037,5
colon,YKR054C,-0.2017,0.1,5
colon,YKR055W,0.2234,0.1876,5
colon,YKR056W,-0.9396,1.175,5
colon,YKR057W,-0.213,0.5267,5
colon,YKR058W,0.1584,0.2049,5
colon,YKR059W,-0.1246,0.4755,5
colon,YKR060W,-0.327,0.3435,5
colon,YKR061W,0.105,0.328,5
colon,YKR062W,0.1842,0.3068,5
colon,YKR063C,-0.0014,0.2055,5
colon,YKR064W,0.017,0.1873,5
colon,YKR065C,0.0206,0.1956,5
colon,YKR066C,0.3278,0.1395,5
colon,YKR067W,0.1252,0.4215,5
colon,YKR068C,0.1556,0.1545,5
colon,YKR069W,0.0658,0.1845,5
colon,YKR070W,-0.0966,0.2514,5
colon,YKR071C,0.0586,0.125,5
colon,YKR072C,-0.2294,0.1596,5
colon,YKR073C,-0.058,0.1475,5
colon,YKR074W,-0.2144,0.1945,5
colon,YKR075C,0.2358,0.442,5
colon,YKR076W,0.5498,0.4116,5
colon,YKR077W,0.1496,0.1416,5
colon,YKR078W,-0.0438,0.1523,5
colon,YKR079C,-0.124,0.2684,5
colon,YKR080W,0.1182,0.6805,5
colon,YKR081C,-0.6528,1.0438,5
colon,YKR082W,-0.2514,0.1321,5
colon,YKR083C,-0.1582,0.1933,5
colon,YKR084C,0.2146,0.2624,5
colon,YKR085C,-0.3308,0.139,5
colon,YKR086W,0.1706,0.273,5
colon,YKR087C,-0.11,0.2512,5
colon,YKR088C,-0.129,0.1884,5
colon,YKR089C,0.0564,0.3649,5
colon,YKR090W,-0.2778,0.1894,5
colon,YKR091W,-0.0884,0.1371,5
colon,YKR092C,-0.7242,0.5727,5
colon,YKR093W,-0.0991,0.2775,5
colon,YKR094C,-0.3238,0.4445,5
colon,YKR095W,-0.1807,0.1,5
colon,YKR096W,0.0188,0.2472,5
colon,YKR097W,0.1418,0.1518,5
colon,YKR098C,0.5448,0.4977,5
colon,YKR099W,-0.2046,0.34,5
colon,YKR100C,-0.038,0.1,5
colon,YKR101W,0.1004,0.239,5
colon,YKR102W,-0.0055,0.1321,5
colon,YKR103W,-0.1374,0.1338,5
colon,YKR104W,-0.0033,0.1448,5
colon,YKR105C,0.0408,0.1794,5
colon,YKR106W,0.3635,0.3263,5
colon,YLL001W,0.3774,0.3145,5
colon,YLL002W,0.049,0.2228,5
colon,YLL003W,-0.0152,0.1431,5
colon,YLL004W,-0.3036,0.2517,5
colon,YLL005C,0.0032,0.1871,5
colon,YLL006W,-0.1698,0.2337,5
colon,YLL007C,-0.06,0.2312,5
colon,YLL008W,-0.653,0.7575,5
colon,YLL009C,0.0016,0.1285,5
colon,YLL010C,-0.0782,0.1,5
colon,YLL011W,-0.4452,0.6057,5
colon,YLL012W,0.002,0.1234,5
colon,YLL013C,-0.1246,0.2288,5
colon,YLL014W,-0.169,0.1691,5
colon,YLL015W,-0.0238,0.1834,5
colon,YLL016W,0.1252,0.2209,5
colon,YLL017W,0.1928,0.1957,5
colon,YLL018C,-0.0665,0.2315,5
colon,YLL019C,0.2107,0.2616,5
colon,YLL020C,0.2204,0.303,5
colon,YLL021W,0.0528,0.6674,5
colon,YLL022C,-0.035,0.2387,5
colon,YLL023C,0.8766,0.8428,5
colon,YLL024C,-0.2788,0.3192,5
colon,YLL025W,0.1506,0.1507,5
colon,YLL026W,0.8794,1.3265,5
colon,YLL027W,-0.0368,0.2093,5
colon,YLL028W,-0.0576,0.2203,5
colon,YLL029W,0.108,0.1475,5
colon,YLL030C,-0.2078,0.2401,5
colon,YLL031C,-0.0914,0.1267,5
colon,YLL032C,-0.2291,0.1993,5
colon,YLL033W,0.057,0.1,5
colon,YLL034C,-0.3913,0.4841,5
colon,YLL035W,-0.3962,0.3734,5
colon,YLL036C,-0.1686,0.2616,5
colon,YLL037W,-0.3252,0.1466,5
colon,YLL038C,0.166,0.4985,5
colon,YLL039C,0.5315,0.4193,5
colon,YLL040C,-0.1473,0.1,5
colon,YLL041C,0.1902,0.2023,5
colon,YLL042C,-0.1688,0.1,5
colon,YLL043W,0.0136,0.1605,5
colon,YLL044W,-0.5826,0.6149,5
colon,YLL045C,-0.4944,0.7897,5
colon,YLL046C,0.2368,0.2143,5
colon,YLL047W,0.176,0.1,5
colon,YLL048C,-0.2647,0.2633,5
colon,YLL049W,0.063,0.1385,5
colon,YLL050C,0.109,0.1454,5
colon,YLL051C,-0.0406,0.2063,5
colon,YLL052C,-0.1248,0.2239,5
colon,YLL053C,-0.0426,0.2855,5
colon,YLL054C,-0.2924,0.3971,5
colon,YLL055W,0.1178,0.2896,5
colon,YLL056C,-0.0368,0.2557,5
colon,YLL057C,-0.007,0.2651,5
colon,YLL058W,0.423,0.2736,5
colon,YLL059C,-0.1066,0.2333,5
colon,YLL060C,-0.0134,0.2516,5
colon,YLL061W,0.1464,0.3488,5
colon,YLL062C,-0.0474,0.6877,5
colon,YLL063C,0.3052,0.3484,5
colon,YLL064C,-0.0496,0.1308,5
colon,YLL065W,0.2412,0.3101,5
colon,YLL066C,-0.2628,0.174,5
colon,YLL067C,-0.2332,0.1894,5
colon,YLR001C,0.3152,0.2928,5
colon,YLR002C,-0.4206,0.7652,5
colon,YLR003C,-0.707,0.8101,5
colon,YLR004C,0.1834,0.1345,5
colon,YLR005W,0.3102,0.3398,5
colon,YLR006C,0.312,0.4808,5
colon,YLR007W,-0.0533,0.234,5
colon,YLR008C,-0.363,0.1308,5
colon,YLR009W,-0.8572,0.9076,5
colon,YLR010C,-0.3128,0.1594,5
colon,YLR011W,-0.0666,0.1534,5
colon,YLR012C,-0.1076,0.1327,5
colon,YLR013W,-0.0758,0.1831,5
colon,YLR014C,-0.0764,0.2364,5
colon,YLR015W,-0.2606,0.4439,5
colon,YLR016C,-0.1996,0.2282,5
colon,YLR017W,-0.2488,0.4062,5
colon,YLR018C,-0.1958,0.1949,5
colon,YLR019W,-0.1806,0.1686,5
colon,YLR020C,-0.0966,0.1942,5
colon,YLR021W,-0.3514,0.1892,5
colon,YLR022C,-0.2764,0.1067,5
colon,YLR023C,0.3742,0.4362,5
colon,YLR024C,-0.1325,0.1646,5
colon,YLR025W,-0.0266,0.4671,5
colon,YLR026C,-0.0246,0.1705,5
colon,YLR027C,-0.2728,0.4069,5
colon,YLR028C,0.0524,0.3951,5
colon,YLR029C,-0.497,0.6641,5
colon,YLR030W,0.3886,0.207,5
colon,YLR031W,0.4275,0.5264,5
colon,YLR032W,-0.157,0.1756,5
colon,YLR033W,-0.1302,0.1,5
colon,YLR034C,-0.007,0.3056,5
colon,YLR035C,0.2326,0.2784,5
colon,YLR036C,-0.2066,0.1,5
colon,YLR037C,-0.0508,0.1465,5
colon,YLR038C,0.0114,0.1852,5
colon,YLR039C,-0.0678,0.2426,5
colon,YLR040C,0.2888,0.2211,5
colon,YLR041W,0.12,0.2067,5
colon,YLR042C,1.2304,0.979,5
colon,YLR043C,0.1208,0.1,5
colon,YLR044C,-0.0194,0.5528,5
colon,YLR045C,-0.2248,0.3632,5
colon,YLR046C,0.4438,0.2806,5
colon,YLR047C,0.172,0.2373,5
colon,YLR048W,-0.3912,0.6951,5
colon,YLR049C,-0.0266,0.4491,5
colon,YLR050C,-0.1202,0.1698,5
colon,YLR051C,-0.414,0.8596,5
colon,YLR052W,0.098,0.1,5
colon,YLR053C,0.063,0.2242,5
colon,YLR054C,0.4456,0.3921,5
colon,YLR055C,0.08,0.2767,5
colon,YLR056W,-0.6394,0.5634,5
colon,YLR057W,0.0452,0.1971,5
colon,YLR058C,-0.25,0.8485,5
colon,YLR059C,-0.1238,0.135,5
colon,YLR060W,-0.4148,0.3862,5
colon,YLR061W,0.072,0.2129,5
colon,YLR062C,-0.2798,0.5769,5
colon,YLR063W,-0.2528,0.3764,5
colon,YLR064W,-0.179,0.1837,5
colon,YLR065C,0.1308,0.2489,5
colon,YLR066W,-0.2498,0.2031,5
colon,YLR067C,-0.5635,0.5216,5
colon,YLR068W,-0.405,0.5231,5
colon,YLR069C,-0.055,0.2704,5
colon,YLR070C,0.3036,0.2563,5
colon,YLR071C,-0.1094,0.2209,5
colon,YLR072W,0.0302,0.1326,5
colon,YLR073C,-0.105,0.2889,5
colon,YLR074C,-0.1676,0.2995,5
colon,YLR075W,-0.2018,0.4081,5
colon,YLR076C,-0.1922,0.2969,5
colon,YLR077W,-0.0632,0.1631,5
colon,YLR078C,0.017,0.1,5
colon,YLR079W,-0.0808,0.1422,5
colon,YLR080W,0.4752,0.5502,5
colon,YLR081W,0.2844,0.4813,5
colon,YLR082C,0.1608,0.2528,5
colon,YLR083C,-0.531,0.5762,5
colon,YLR084C,-1.487,0.25,5
colon,YLR085C,-0.0092,0.1,5
colon,YLR086W,-0.0364,0.52,5
colon,YLR087C,-0.1768,0.1516,5
colon,YLR088W,-0.0242,0.2364,5
colon,YLR089C,0.6794,0.3965,5
colon,YLR090W,0.252,0.288,5
colon,YLR091W,-0.1788,0.1324,5
colon,YLR092W,0.0938,0.3089,5
colon,YLR093C,0.1956,0.389,5
colon,YLR094C,0.2634,0.312,5
colon,YLR095C,-0.0984,0.1232,5
colon,YLR096W,0.1186,0.1261,5
colon,YLR097C,0.0876,0.3633,5
colon,YLR098C,0.0752,0.236,5
colon,YLR099C,-0.0294,0.1865,5
colon,YLR100W,0.33,0.1584,5
colon,YLR101C,-0.0814,0.1204,5
colon,YLR102C,0.2008,0.16,5
colon,YLR103C,-0.2226,0.2553,5
colon,YLR104W,0.056,0.1,5
colon,YLR105C,-0.0548,0.1169,5
colon,YLR106C,-0.1841,0.1,5
colon,YLR107W,0.1776,0.4993,5
colon,YLR108C,0.7776,0.6981,5
colon,YLR109W,0.185,0.2784,5
colon,YLR110C,-0.3744,0.4655,5
colon,YLR111W,-0.1624,0.2554,5
colon,YLR112W,-0.1802,0.1585,5
colon,YLR113W,-0.0874,0.1491,5
colon,YLR114C,-0.1159,0.1,5
colon,YLR115W,-0.0932,0.3068,5
colon,YLR116W,0.2564,0.2879,5
colon,YLR117C,0.1224,0.2358,5
colon,YLR118C,0.2024,0.3052,5
colon,YLR119W,-0.025,0.2493,5
colon,YLR120C,0.5052,0.5476,5
colon,YLR121C,0.0837,0.1094,5
colon,YLR122C,-0.027,0.2014,5
colon,YLR123C,-0.1262,0.1006,5
colon,YLR124W,0.0636,0.115,5
colon,YLR125W,-0.1302,0.1681,5
colon,YLR126C,-0.0312,0.2078,5
colon,YLR127C,-0.173,0.1788,5
colon,YLR128W,0.2116,0.3056,5
colon,YLR129W,-0.5414,0.665,5
colon,YLR130C,-0.1634,0.1856,5
colon,YLR131C,-0.1123,0.1938,5
colon,YLR132C,0.3024,0.2332,5
colon,YLR133W,-0.0654,0.1266,5
colon,YLR134W,-0.0769,0.4562,5
colon,YLR135W,-0.0698,0.1,5
colon,YLR136C,0.0734,0.1329,5
colon,YLR137W,-0.196,0.1756,5
colon,YLR138W,-0.1468,0.2339,5
colon,YLR139C,-0.0828,0.1157,5
colon,YLR140W,0.0788,0.1275,5
colon,YLR141W,-0.1588,0.194,5
colon,YLR142W,0.2254,0.1538,5
colon,YLR143W,-0.2576,0.386,5
colon,YLR144C,0.3042,0.2673,5
colon,YLR145W,-0.1604,0.2787,5
colon,YLR146C,-0.0384,0.2654,5
colon,YLR147C,-0.0458,0.3585,5
colon,YLR148W,0.0326,0.2557,5
colon,YLR149C,1.1058,1.3071,5
colon,YLR150W,-0.3742,0.4119,5
colon,YLR151C,0.0456,0.5017,5
colon,YLR152C,0.4942,0.352,5
colon,YLR153C,-0.0842,0.4705,5
colon,YLR154C,-0.0542,0.3761,5
colon,YLR155C,-0.0558,0.1696,5
colon,YLR156W,-0.0272,0.292,5
colon,YLR157C,-0.0318,0.2602,5
colon,YLR158C,-0.0648,0.1858,5
colon,YLR159W,-0.086,0.1546,5
colon,YLR160C,-0.067,0.1216,5
colon,YLR161W,-0.0028,0.1324,5
colon,YLR162W,-0.167,0.2554,5
colon,YLR163C,0.1034,0.1822,5
colon,YLR164W,0.3338,0.1612,5
colon,YLR165C,0.3596,0.4643,5
colon,YLR166C,0.2808,0.1159,5
colon,YLR167W,-0.0752,0.381,5
colon,YLR168C,0.4364,0.4078,5
colon,YLR169W,-0.052,0.2287,5
colon,YLR170C,0.1588,0.3514,5
colon,YLR171W,0.0304,0.4254,5
colon,YLR172C,-0.151,0.4069,5
colon,YLR173W,0.3656,0.1911,5
colon,YLR174W,0.281,0.2883,5
colon,YLR175W,-0.7772,1.0367,5
colon,YLR176C,0.4688,0.2773,5
colon,YLR177W,0.372,0.4043,5
colon,YLR178C,0.6824,0.5354,5
colon,YLR179C,-0.3512,0.3213,5
colon,YLR180W,-0.302,0.763,5
colon,YLR181C,-0.1454,0.3154,5
colon,YLR182W,-0.2104,0.3105,5
colon,YLR183C,-0.5322,0.6942,5
colon,YLR184W,-0.0862,0.1596,5
colon,YLR185W,-0.385,0.5719,5
colon,YLR186W,-0.2052,0.5028,5
colon,YLR187W,0.078,0.1077,5
colon,YLR188W,0.172,0.3292,5
colon,YLR189C,0.079,0.2156,5
colon,YLR190W,0.009,0.2584,5
colon,YLR191W,0.0086,0.1746,5
colon,YLR192C,-0.1394,0.2375,5
colon,YLR193C,0.1882,0.2927,5
colon,YLR194C,0.0672,0.2297,5
colon,YLR195C,0.2634,0.187,5
colon,YLR196W,-0.7034,1.1227,5
colon,YLR197W,-0.4864,0.8404,5
colon,YLR198C,-0.324,0.76,5
colon,YLR199C,-0.1216,0.2002,5
colon,YLR200W,-0.0116,0.1,5
colon,YLR201C,0.3004,0.374,5
colon,YLR202C,-0.054,0.1828,5
colon,YLR203C,0.077,0.2676,5
colon,YLR204W,-0.0866,0.1,5
colon,YLR205C,0.0666,0.1328,5
colon,YLR206W,0.0344,0.1,5
colon,YLR207W,-0.0864,0.1213,5
colon,YLR208W,-0.2582,0.2468,5
colon,YLR209C,-0.0692,0.1025,5
colon,YLR210W,-0.2066,0.2089,5
colon,YLR211C,0.0218,0.3509,5
colon,YLR212C,0.2368,0.281,5
colon,YLR213C,0.1492,0.1797,5
colon,YLR214W,-0.708,0.9852,5
colon,YLR215C,0.032,0.1583,5
colon,YLR216C,0.024,0.5309,5
colon,YLR217W,-0.1236,0.403,5
colon,YLR218C,-0.1554,0.2761,5
colon,YLR219W,0.1478,0.2586,5
colon,YLR220W,0.0316,0.1613,5
colon,YLR221C,-0.6538,0.8448,5
colon,YLR222C,-0.69,0.9183,5
colon,YLR223C,-0.1702,0.1825,5
colon,YLR224W,0.3972,0.2984,5
colon,YLR225C,0.6166,0.8255,5
colon,YLR226W,0.157,0.2564,5
colon,YLR227C,0.0962,0.2229,5
colon,YLR228C,-0.0474,0.4294,5
colon,YLR229C,-0.0362,0.2043,5
colon,YLR230W,-0.064,0.1762,5
colon,YLR231C,0.2092,0.1925,5
colon,YLR232W,0.0034,0.2554,5
colon,YLR233C,-0.111,0.1543,5
colon,YLR234W,0.2192,0.3464,5
colon,YLR235C,-0.0618,0.1711,5
colon,YLR236C,0.0948,0.1231,5
colon,YLR237W,-0.0218,0.4162,5
colon,YLR238W,0.0838,0.3192,5
colon,YLR239C,0.168,0.2303,5
colon,YLR240W,0.1178,0.3329,5
colon,YLR241W,0.006,0.7622,5
colon,YLR242C,0.052,0.1479,5
colon,YLR243W,-0.1868,0.3916,5
colon,YLR244C,-0.0298,0.1302,5
colon,YLR245C,-0.0188,0.2188,5
colon,YLR246W,0.3798,0.1917,5
colon,YLR247C,0.0704,0.2558,5
colon,YLR248W,0.1264,0.2116,5
colon,YLR249W,-0.0738,0.479,5
colon,YLR250W,0.568,0.3165,5
colon,YLR251W,0.4564,0.9814,5
colon,YLR252W,1.1668,1.1704,5
colon,YLR253W,0.0764,0.2773,5
colon,YLR254C,0.0498,0.3969,5
colon,YLR255C,-0.0368,0.1835,5
colon,YLR256W,0.2039,0.1094,5
colon,YLR257W,0.0038,0.2538,5
colon,YLR258W,1.6752,1.1148,5
colon,YLR259C,-0.3682,0.1295,5
colon,YLR260W,0.6846,0.3552,5
colon,YLR261C,0.0656,0.1579,5
colon,YLR262C,0.3066,0.1868,5
colon,YLR263W,-0.0618,0.1277,5
colon,YLR264W,-0.2172,0.4919,5
colon,YLR265C,-0.067,0.2637,5
colon,YLR266C,0.4694,0.2378,5
colon,YLR267W,0.9448,0.9845,5
colon,YLR268W,0.1562,0.167,5
colon,YLR269C,0.2256,0.3503,5
colon,YLR270W,1.609,1.2987,5
colon,YLR271W,0.1978,0.5476,5
colon,YLR272C,-0.2294,0.3319,5
colon,YLR273C,0.266,0.2492,5
colon,YLR274W,-0.11,0.2664,5
colon,YLR275W,-0.131,0.1957,5
colon,YLR276C,-1.0492,1.1566,5
colon,YLR277C,-0.0053,0.1,5
colon,YLR278C,-0.2278,0.2309,5
colon,YLR279W,-0.2953,0.5177,5
colon,YLR280C,-0.0143,0.1614,5
colon,YLR281C,-0.1564,0.156,5
colon,YLR282C,0.086,0.1,5
colon,YLR283W,0.2926,0.1623,5
colon,YLR284C,0.5812,0.6769,5
colon,YLR285W,-0.2378,0.2379,5
colon,YLR286C,-0.0432,0.2768,5
colon,YLR287C,-0.333,0.558,5
colon,YLR287C-A,-0.1034,0.3283,5
colon,YLR288C,0.2936,0.138,5
colon,YLR289W,0.2316,0.2953,5
colon,YLR290C,0.3468,0.411,5
colon,YLR291C,-0.2052,0.2615,5
colon,YLR292C,0.1026,0.219,5
colon,YLR293C,-0.0796,0.4185,5
colon,YLR294C,-0.268,0.2838,5
colon,YLR295C,-0.1464,0.2536,5
colon,YLR296W,-0.0484,0.1747,5
colon,YLR297W,-0.2352,0.3682,5
colon,YLR298C,-0.0504,0.1063,5
colon,YLR299W,0.1328,0.1911,5
colon,YLR300W,0.0172,1.0507,5
colon,YLR301W,-0.0088,0.1964,5
colon,YLR302C,-0.1078,0.3793,5
colon,YLR303W,-0.3242,1.0334,5
colon,YLR304C,0.0566,0.4978,5
colon,YLR305C,-0.1561,0.2081,5
colon,YLR306W,-0.157,0.1,5
colon,YLR307W,-0.0583,0.1,5
colon,YLR308W,-0.136,0.1643,5
colon,YLR309C,-0.0268,0.3558,5
colon,YLR310C,0.1988,0.6552,5
colon,YLR311C,0.3022,0.273,5
colon,YLR312C,1.0014,0.6692,5
colon,YLR312W-A,-0.1525,0.1768,5
colon,YLR313C,-0.0144,0.2513,5
colon,YLR314C,-0.2006,0.2109,5
colon,YLR315W,-0.2087,0.1,5
colon,YLR316C,-0.1016,0.1547,5
colon,YLR317W,-0.078,0.239,5
colon,YLR318W,-0.1121,0.1198,5
colon,YLR319C,-0.1496,0.1857,5
colon,YLR320W,-0.154,0.2055,5
colon,YLR321C,-0.2036,0.1411,5
colon,YLR322W,-0.2242,0.2157,5
colon,YLR323C,0.0018,0.248,5
colon,YLR324W,-0.0792,0.1204,5
colon,YLR325C,-0.2802,0.5492,5
colon,YLR326W,0.067,0.1397,5
colon,YLR327C,0.329,0.4571,5
colon,YLR328W,0.1078,0.102,5
colon,YLR329W,0.09,0.2609,5
colon,YLR330W,0.0008,0.2778,5
colon,YLR331C,0.0562,0.1611,5
colon,YLR332W,0.3262,0.2155,5
colon,YLR333C,-0.1506,0.402,5
colon,YLR334C,0.179,0.1,5
colon,YLR335W,-0.4398,0.5982,5
colon,YLR336C,-0.2954,0.5169,5
colon,YLR337W,0.014,0.2175,5
colon,YLR338W,0.2514,0.1035,5
colon,YLR339C,-0.4054,0.4701,5
colon,YLR340W,-0.2872,0.5924,5
colon,YLR341W,0.0096,0.2797,5
colon,YLR342W,-0.1036,0.344,5
colon,YLR343W,0.5352,0.5968,5
colon,YLR344W,-0.2428,0.5125,5
colon,YLR345W,0.3186,0.6284,5
colon,YLR346C,0.1996,0.3128,5
colon,YLR347C,0.1526,0.1466,5
colon,YLR348C,0.0002,0.1141,5
colon,YLR349W,-0.0806,0.1419,5
colon,YLR350W,0.137,0.4787,5
colon,YLR351C,-0.2952,0.5222,5
colon,YLR352W,0.5508,0.3989,5
colon,YLR353W,-0.1458,0.2464,5
colon,YLR354C,0.1508,0.1833,5
colon,YLR355C,-0.207,0.1367,5
colon,YLR356W,0.4108,0.2746,5
colon,YLR357W,-0.1935,0.1,5
colon,YLR358C,-0.0884,0.2337,5
colon,YLR359W,0.028,0.7527,5
colon,YLR360W,0.1414,0.2069,5
colon,YLR361C,-0.0174,0.1652,5
colon,YLR362W,0.5268,0.3364,5
colon,YLR363C,0.3968,0.3832,5
colon,YLR364W,0.0336,0.2365,5
colon,YLR365W,-0.0494,0.1,5
colon,YLR366W,0.0812,0.2177,5
colon,YLR367W,-0.3724,0.6729,5
colon,YLR368W,0.2886,0.3237,5
colon,YLR369W,0.0452,0.3343,5
colon,YLR370C,0.325,0.4342,5
colon,YLR371W,0.107,0.2603,5
colon,YLR372W,-0.8914,0.892,5
colon,YLR373C,0.0167,0.1,5
colon,YLR374C,-0.0068,0.1787,5
colon,YLR375W,-0.0166,0.3217,5
colon,YLR376C,0.3198,0.3027,5
colon,YLR377C,-0.0721,0.3119,5
colon,YLR378C,-0.101,0.3834,5
colon,YLR379W,-0.232,0.292,5
colon,YLR380W,0.0776,0.2154,5
colon,YLR381W,0.0427,0.1,5
colon,YLR382C,0.0396,0.238,5
colon,YLR383W,-0.2146,0.3099,5
colon,YLR384C,-0.1684,0.1526,5
colon,YLR385C,-0.1078,0.1398,5
colon,YLR386W,0.1958,0.1,5
colon,YLR387C,0.1348,0.4362,5
colon,YLR388W,-0.2344,0.4889,5
colon,YLR389C,0.1944,0.2706,5
colon,YLR390W,0.0042,0.1675,5
colon,YLR390W-A,-0.1828,0.3159,5
colon,YLR391W,-0.0702,0.2338,5
colon,YLR392C,0.3438,0.486,5
colon,YLR393W,0.1002,0.1546,5
colon,YLR394W,0.02,0.1562,5
colon,YLR395C,-0.0378,0.1298,5
colon,YLR396C,0.2004,0.3177,5
colon,YLR397C,-0.352,0.3186,5
colon,YLR398C,-0.1382,0.1491,5
colon,YLR399C,-0.2697,0.2571,5
colon,YLR400W,-0.35,0.3469,5
colon,YLR401C,-0.3288,0.5668,5
colon,YLR402W,-0.0006,0.1965,5
colon,YLR403W,0.1616,0.2317,5
colon,YLR404W,0.1644,0.1906,5
colon,YLR405W,-0.2488,0.4801,5
colon,YLR406C,-0.2938,0.353,5
colon,YLR407W,-0.0262,0.1264,5
colon,YLR408C,0.2534,0.3072,5
colon,YLR409C,-0.4376,0.6487,5
colon,YLR410W,0.0004,0.1504,5
colon,YLR411W,0.0228,0.1394,5
colon,YLR412W,-0.0864,0.131,5
colon,YLR413W,-0.8868,0.7752,5
colon,YLR414C,0.2084,0.3773,5
colon,YLR415C,-0.0422,0.1151,5
colon,YLR416C,-0.0904,0.2544,5
colon,YLR417W,0.2384,0.5139,5
colon,YLR418C,0.0002,0.3072,5
colon,YLR419W,0.0919,0.6874,5
colon,YLR420W,-0.3533,0.3676,5
colon,YLR421C,-0.033,0.2468,5
colon,YLR422W,-0.0522,0.1518,5
colon,YLR423C,0.1192,0.4238,5
colon,YLR424W,-0.0114,0.1,5
colon,YLR425W,0.0158,0.2555,5
colon,YLR426W,0.0198,0.1515,5
colon,YLR427W,-0.0638,0.2535,5
colon,YLR428C,-0.0054,0.1733,5
colon,YLR429W,-0.1346,0.2843,5
colon,YLR430W,-0.1685,0.1397,5
colon,YLR431C,0.0974,0.3646,5
colon,YLR432W,-0.2228,0.4498,5
colon,YLR433C,-0.0762,0.221,5
colon,YLR434C,0.0162,0.292,5
colon,YLR435W,-0.5796,0.8192,5
colon,YLR436C,0.4034,0.3111,5
colon,YLR437C,-0.0426,0.2223,5
colon,YLR438W,0.3624,0.326,5
colon,YLR439W,-0.0506,0.2222,5
colon,YLR440C,-0.1694,0.1776,5
colon,YLR441C,-0.21,0.5054,5
colon,YLR442C,-0.1984,0.1129,5
colon,YLR443W,-0.048,0.6077,5
colon,YLR444C,-0.0826,0.1,5
colon,YLR445W,-0.1746,0.3623,5
colon,YLR446W,0.238,0.5058,5
colon,YLR447C,-0.0402,0.4462,5
colon,YLR448W,-0.1714,0.6084,5
colon,YLR449W,-0.2528,0.3629,5
colon,YLR450W,-0.1289,0.126,5
colon,YLR451W,-0.1161,0.297,5
colon,YLR452C,-0.279,0.2736,5
colon,YLR453C,-0.031,0.2385,5
colon,YLR454W,-0.0738,0.1399,5
colon,YLR455W,-0.024,0.2392,5
colon,YLR456W,0.0914,0.1617,5
colon,YLR457C,0.1104,0.1508,5
colon,YLR458W,0.103,0.106,5
colon,YLR459W,-0.0402,0.121,5
colon,YLR460C,0.0852,0.1751,5
colon,YLR461W,-0.1366,0.1623,5
colon,YLR462W,0.1496,0.1448,5
colon,YLR463C,-0.1136,0.1526,5
colon,YLR464W,-0.173,0.1861,5
colon,YLR465C,-0.2004,0.1379,5
colon,YLR466W,-0.1434,0.3126,5
colon,YLR467W,-0.3388,0.1826,5
colon,YML001W,0.041,0.1566,5
colon,YML002W,0.2772,0.5564,5
colon,YML003W,0.0079,0.217,5
colon,YML004C,1.1998,1.3524,5
colon,YML005W,0.359,0.4967,5
colon,YML006C,-0.1264,0.1274,5
colon,YML007W,0.1176,0.5562,5
colon,YML008C,-0.1532,0.2262,5
colon,YML009C,-0.1418,0.1332,5
colon,YML010C-B,-0.1336,0.1,5
colon,YML010W,-0.0658,0.161,5
colon,YML011C,-0.078,0.1047,5
colon,YML012W,0.0982,0.2767,5
colon,YML013C-A,0.011,0.1152,5
colon,YML013W,-0.1224,0.1619,5
colon,YML014W,-0.117,0.1192,5
colon,YML015C,-0.1594,0.2662,5
colon,YML016C,0.2762,0.2333,5
colon,YML017W,-0.1427,0.237,5
colon,YML018C,-0.381,0.3937,5
colon,YML019W,0.0432,0.1819,5
colon,YML020W,-0.0368,0.1049,5
colon,YML021C,0.031,0.1,5
colon,YML021W,0.213,0.1195,5
colon,YML022W,-0.3616,0.2607,5
colon,YML023C,-0.0334,0.1121,5
colon,YML024W,-0.4808,0.4847,5
colon,YML025C,0.1064,0.1613,5
colon,YML026C,-0.471,0.5718,5
colon,YML027W,-0.0622,0.1532,5
colon,YML028W,-0.323,0.3742,5
colon,YML029W,-0.0196,0.1691,5
colon,YML030W,0.0214,0.1629,5
colon,YML031W,-0.2982,0.1884,5
colon,YML032C,-0.0524,0.1,5
colon,YML032C-A,0.0548,0.1469,5
colon,YML033W,-0.1894,0.1,5
colon,YML034W,0.1138,0.1,5
colon,YML035C,-0.1104,0.242,5
colon,YML035C-A,-0.2492,0.2085,5
colon,YML036W,-0.3422,0.1,5
colon,YML037C,-0.0252,0.116,5
colon,YML038C,-0.2408,0.2088,5
colon,YML039W,0.3266,0.1647,5
colon,YML040W,0.414,0.2803,5
colon,YML041C,0.3295,0.3529,5
colon,YML042W,0.475,0.3422,5
colon,YML043C,-0.63,0.6395,5
colon,YML045W,0.4534,0.2674,5
colon,YML046W,-0.0602,0.1,5
colon,YML047C,0.0064,0.1252,5
colon,YML048W,0.0244,0.1141,5
colon,YML048W-A,-0.2664,0.1923,5
colon,YML049C,-0.1009,0.1,5
colon,YML050W,-0.0114,0.2036,5
colon,YML051W,-0.0658,0.1416,5
colon,YML052W,-0.1447,0.2913,5
colon,YML053C,0.3422,0.5986,5
colon,YML054C,0.3392,0.3002,5
colon,YML055W,-0.2598,0.239,5
colon,YML056C,-0.443,0.3387,5
colon,YML057W,0.228,0.1,5
colon,YML058C-A,-0.0348,0.1887,5
colon,YML058W,-0.243,0.1566,5
colon,YML059C,-0.0262,0.1,5
colon,YML060W,-0.1812,0.4228,5
colon,YML061C,-0.1388,0.2946,5
colon,YML062C,-0.2638,0.1438,5
colon,YML063W,-0.399,0.6027,5
colon,YML064C,-0.2092,0.2545,5
colon,YML065W,-0.1792,0.2663,5
colon,YML066C,0.0233,0.1195,5
colon,YML067C,-0.3064,0.1,5
colon,YML068W,0.1788,0.3144,5
colon,YML069W,0.116,0.4466,5
colon,YML070W,1.385,0.9357,5
colon,YML071C,-0.3744,0.4793,5
colon,YML072C,-0.0073,0.1186,5
colon,YML073C,-0.4122,0.4904,5
colon,YML074C,-0.0774,0.1492,5
colon,YML075C,-0.1144,0.1261,5
colon,YML076C,0.0005,0.2528,5
colon,YML077W,-0.016,0.1016,5
colon,YML078W,0.4422,0.7228,5
colon,YML079W,0.1126,0.1232,5
colon,YML080W,-0.1308,0.4254,5
colon,YML081W,-0.1182,0.1945,5
colon,YML082W,-0.1966,0.3871,5
colon,YML083C,0.3974,0.337,5
colon,YML084W,-0.1022,0.2344,5
colon,YML085C,-0.1894,0.3288,5
colon,YML086C,-0.1468,0.1694,5
colon,YML087C,0.1857,0.2069,5
colon,YML088W,-0.1588,0.1938,5
colon,YML089C,0.0726,0.3033,5
colon,YML090W,-0.1408,0.3005,5
colon,YML091C,-0.1198,0.4573,5
colon,YML092C,-0.0302,0.1089,5
colon,YML093W,-0.6132,0.961,5
colon,YML094W,-0.3126,0.3364,5
colon,YML095C,0.1152,0.1977,5
colon,YML095C-A,-0.0872,0.2725,5
colon,YML096W,0.1756,0.2438,5
colon,YML097C,-0.2125,0.2649,5
colon,YML098W,-0.0738,0.156,5
colon,YML099C,-0.0234,0.1,5
colon,YML100W,1.9502,1.3607,5
colon,YML100W-A,-0.2198,0.3507,5
colon,YML101C,-0.234,0.2272,5
colon,YML102C-A,-0.2042,0.2675,5
colon,YML102W,0.1696,0.1984,5
colon,YML103C,-0.3015,0.1185,5
colon,YML104C,-0.1384,0.3423,5
colon,YML105C,-0.2182,0.2453,5
colon,YML106W,-0.1886,0.5106,5
colon,YML107C,-0.1118,0.1799,5
colon,YML108W,-0.091,0.2429,5
colon,YML109W,-0.0362,0.2393,5
colon,YML110C,0.2872,0.3252,5
colon,YML111W,-0.1354,0.1562,5
colon,YML112W,0.0606,0.2198,5
colon,YML113W,-0.0596,0.1922,5
colon,YML114C,0.0578,0.1713,5
colon,YML115C,0.0516,0.303,5
colon,YML116W,0.3498,0.2121,5
colon,YML117W,-0.1326,0.1365,5
colon,YML117W-A,-0.2174,0.193,5
colon,YML118W,0.26,0.1237,5
colon,YML119W,0.0488,0.1598,5
colon,YML120C,0.4105,0.3735,5
colon,YML121W,0.1752,0.2356,5
colon,YML122C,0.039,0.2698,5
colon,YML123C,-0.8318,1.2583,5
colon,YML124C,-0.1316,0.2029,5
colon,YML125C,0.0176,0.2709,5
colon,YML126C,-0.1776,0.242,5
colon,YML127W,0.3142,0.4596,5
colon,YML128C,1.8124,1.9575,5
colon,YML129C,-0.1046,0.1801,5
colon,YML130C,0.2089,0.4282,5
colon,YML131W,1.6164,1.2376,5
colon,YML132W,0.2148,0.2598,5
colon,YML133C,-0.3096,0.243,5
colon,YMR001C,-0.3274,0.5425,5
colon,YMR002W,-0.1926,0.2946,5
colon,YMR003W,-0.0062,0.3376,5
colon,YMR004W,0.1278,0.5567,5
colon,YMR005W,0.0878,0.1,5
colon,YMR006C,-0.4102,0.621,5
colon,YMR007W,-0.2082,0.1,5
colon,YMR008C,0.0992,0.2035,5
colon,YMR009W,0.118,0.2753,5
colon,YMR010W,0.0132,0.1748,5
colon,YMR011W,-0.6536,0.885,5
colon,YMR012W,-0.4944,0.2978,5
colon,YMR013C,0.0322,0.1222,5
colon,YMR014W,-0.6544,1.0294,5
colon,YMR015C,-0.3158,0.2554,5
colon,YMR016C,-0.4067,0.2694,5
colon,YMR017W,0.1706,0.1849,5
colon,YMR018W,0.1978,0.156,5
colon,YMR019W,-0.1122,0.1,5
colon,YMR020W,0.3236,0.1458,5
colon,YMR021C,0.3186,0.1658,5
colon,YMR022W,0.1658,0.263,5
colon,YMR023C,0.33,0.2972,5
colon,YMR024W,0.1654,0.2145,5
colon,YMR025W,0.05,0.2164,5
colon,YMR026C,0.2822,0.2559,5
colon,YMR027W,0.2288,0.1575,5
colon,YMR028W,-0.1174,0.3189,5
colon,YMR029C,0.1336,0.2336,5
colon,YMR030W,0.3838,0.276,5
colon,YMR031C,0.512,0.3735,5
colon,YMR031W-A,-0.1298,0.1392,5
colon,YMR032W,-0.0126,0.3519,5
colon,YMR033W,-0.1454,0.16,5
colon,YMR034C,0.34,0.4463,5
colon,YMR035W,-0.045,0.1629,5
colon,YMR036C,-0.0204,0.1405,5
colon,YMR037C,0.4018,0.4455,5
colon,YMR038C,-0.0956,0.1676,5
colon,YMR039C,0.5634,0.4886,5
colon,YMR040W,0.3488,0.6694,5
colon,YMR041C,0.7238,0.422,5
colon,YMR042W,-0.1168,0.2397,5
colon,YMR043W,-0.0056,0.134,5
colon,YMR044W,-0.092,0.1184,5
colon,YMR045C,0.1968,0.1789,5
colon,YMR046C,0.4608,0.2919,5
colon,YMR047C,-0.1105,0.1859,5
colon,YMR048W,0.0986,0.2552,5
colon,YMR049C,-0.6044,0.9829,5
colon,YMR050C,0.2382,0.2794,5
colon,YMR051C,0.4348,0.2697,5
colon,YMR052C-A,-0.1214,0.1648,5
colon,YMR052W,0.0406,0.2789,5
colon,YMR053C,0.3596,0.3907,5
colon,YMR054W,-0.49,1.0269,5
colon,YMR055C,0.0582,0.1,5
colon,YMR056C,1.1338,1.4712,5
colon,YMR057C,-0.0108,0.208,5
colon,YMR058W,0.1936,0.4339,5
colon,YMR059W,-0.1738,0.1206,5
colon,YMR060C,0.0325,0.3681,5
colon,YMR061W,-0.082,0.1017,5
colon,YMR062C,0.125,0.1041,5
colon,YMR063W,-0.092,0.1087,5
colon,YMR064W,-0.0128,0.1967,5
colon,YMR065W,0.0468,0.2054,5
colon,YMR066W,-0.0308,0.2125,5
colon,YMR067C,0.2688,0.4581,5
colon,YMR068W,0.2098,0.1702,5
colon,YMR069W,0.0294,0.1061,5
colon,YMR070W,0.1984,0.259,5
colon,YMR071C,-0.0408,0.1672,5
colon,YMR072W,0.03,0.1371,5
colon,YMR073C,0.1508,0.1227,5
colon,YMR074C,-0.124,0.1,5
colon,YMR075C-A,-0.1572,0.1875,5
colon,YMR075W,0.1048,0.1685,5
colon,YMR076C,-0.3972,0.4996,5
colon,YMR077C,0.0896,0.1476,5
colon,YMR078C,-0.1366,0.3959,5
colon,YMR079W,-0.1083,0.3473,5
colon,YMR080C,-0.0966,0.2038,5
colon,YMR081C,0.3828,0.3809,5
colon,YMR082C,-0.0616,0.1702,5
colon,YMR083W,-0.4444,0.3714,5
colon,YMR084W,-0.067,0.2039,5
colon,YMR085W,-0.0576,0.1373,5
colon,YMR086C-A,-0.2285,0.161,5
colon,YMR086W,-0.029,0.1725,5
colon,YMR087W,0.055,0.2965,5
colon,YMR088C,-0.134,0.1846,5
colon,YMR089C,-0.2378,0.3559,5
colon,YMR090W,1.7316,1.0708,5
colon,YMR091C,0.0838,0.2982,5
colon,YMR092C,0.3208,0.5402,5
colon,YMR093W,-0.5026,0.7698,5
colon,YMR094W,0.0212,0.2287,5
colon,YMR095C,0.007,0.1229,5
colon,YMR096W,0.0454,0.1,5
colon,YMR097C,0.056,0.3558,5
colon,YMR098C,0.0228,0.1718,5
colon,YMR099C,-0.0014,0.139,5
colon,YMR100W,0.1418,0.3267,5
colon,YMR101C,0.0141,0.1122,5
colon,YMR102C,0.003,0.1,5
colon,YMR103C,-0.1494,0.1816,5
colon,YMR104C,0.1994,0.2584,5
colon,YMR105C,1.4228,1.4143,5
colon,YMR106C,-0.0416,0.2837,5
colon,YMR107W,-0.0104,0.2677,5
colon,YMR108W,-0.4102,0.285,5
colon,YMR109W,-0.1864,0.1,5
colon,YMR110C,0.5598,0.8532,5
colon,YMR111C,0.0968,0.1152,5
colon,YMR112C,-0.079,0.1861,5
colon,YMR113W,0.0766,0.1549,5
colon,YMR114C,0.0656,0.102,5
colon,YMR115W,-0.0794,0.2957,5
colon,YMR116C,-0.5574,0.6349,5
colon,YMR117C,0.6185,0.1237,5
colon,YMR118C,0.0538,0.1587,5
colon,YMR119W,-0.1658,0.3506,5
colon,YMR119W-A,-0.2812,0.1453,5
colon,YMR120C,0.1667,1.2471,5
colon,YMR121C,-0.4448,0.771,5
colon,YMR122C,-0.1126,0.1419,5
colon,YMR123W,-0.258,0.3495,5
colon,YMR124W,0.0046,0.2382,5
colon,YMR125W,-0.3964,0.6923,5
colon,YMR126C,-0.194,0.1,5
colon,YMR127C,-0.1824,0.1968,5
colon,YMR128W,-0.4426,0.3349,5
colon,YMR129W,-0.1234,0.1574,5
colon,YMR130W,-0.1708,0.3005,5
colon,YMR131C,-0.4892,0.6677,5
colon,YMR132C,-0.2498,0.106,5
colon,YMR133W,0.4604,0.4232,5
colon,YMR134W,-0.1377,0.166,5
colon,YMR135C,0.0538,0.1542,5
colon,YMR135W-A,-0.2252,0.2722,5
colon,YMR136W,-0.1528,0.1565,5
colon,YMR137C,0.1718,0.2063,5
colon,YMR138W,-0.0958,0.1889,5
colon,YMR139W,0.3008,0.411,5
colon,YMR140W,0.0984,0.301,5
colon,YMR141C,0.1164,0.4462,5
colon,YMR142C,-0.3902,0.5028,5
colon,YMR143W,-0.3606,0.539,5
colon,YMR144W,-0.2402,0.4304,5
colon,YMR145C,-0.4206,0.4204,5
colon,YMR146C,-0.399,0.548,5
colon,YMR147W,0.2612,0.1405,5
colon,YMR148W,0.2836,0.225,5
colon,YMR149W,0.218,0.1253,5
colon,YMR150C,-0.1416,0.265,5
colon,YMR151W,0.1254,0.1887,5
colon,YMR152W,0.4478,0.6021,5
colon,YMR153C-A,-0.0286,0.1,5
colon,YMR153W,0.0982,0.1,5
colon,YMR154C,0.0992,0.17,5
colon,YMR155W,0.3264,0.2955,5
colon,YMR156C,0.2556,0.2512,5
colon,YMR157C,-0.0322,0.2046,5
colon,YMR158W,0.0304,0.4787,5
colon,YMR158W-A,-0.099,0.2588,5
colon,YMR159C,0.1552,0.2301,5
colon,YMR160W,0.797,0.8607,5
colon,YMR161W,-0.0914,0.2255,5
colon,YMR162C,0.1352,0.155,5
colon,YMR163C,-0.124,0.1851,5
colon,YMR164C,-0.0398,0.1,5
colon,YMR165C,0.0386,0.1283,5
colon,YMR166C,-0.0818,0.1871,5
colon,YMR167W,0.036,0.1365,5
colon,YMR168C,0.0116,0.1235,5
colon,YMR169C,0.8483,0.8127,5
colon,YMR170C,1.1178,1.7028,5
colon,YMR171C,0.212,0.3478,5
colon,YMR172C-A,-0.0064,0.1168,5
colon,YMR172W,-0.4072,0.6587,5
colon,YMR173W,1.9404,0.8803,5
colon,YMR173W-A,1.2382,1.2407,5
colon,YMR174C,0.5511,0.5263,5
colon,YMR175W,0.0003,0.1815,5
colon,YMR176W,-0.128,0.1,5
colon,YMR177W,-0.2788,0.3725,5
colon,YMR178W,0.0726,0.2657,5
colon,YMR179W,-0.1968,0.3614,5
colon,YMR180C,0.2966,0.335,5
colon,YMR181C,0.764,0.6716,5
colon,YMR182C,-0.1168,0.1491,5
colon,YMR183C,-0.1564,0.3619,5
colon,YMR184W,-0.108,0.1,5
colon,YMR185W,-0.3278,0.6459,5
colon,YMR186W,0.0222,0.7025,5
colon,YMR187C,-0.0629,0.1,5
colon,YMR188C,0.0188,0.1929,5
colon,YMR189W,0.2299,0.2934,5
colon,YMR190C,-0.1154,0.1,5
colon,YMR191W,0.0,0.25,5
colon,YMR192W,0.0038,0.2968,5
colon,YMR193C-A,-0.2484,0.4416,5
colon,YMR193W,0.1408,0.338,5
colon,YMR194W,-0.419,0.3432,5
colon,YMR195W,0.496,0.275,5
colon,YMR196W,0.401,0.6016,5
colon,YMR197C,0.4762,0.5068,5
colon,YMR198W,0.0961,0.2343,5
colon,YMR199W,-0.2003,0.301,5
colon,YMR200W,0.4928,0.2369,5
colon,YMR201C,0.058,0.2191,5
colon,YMR202W,-0.2886,0.2782,5
colon,YMR203W,0.1526,0.1,5
colon,YMR204C,0.1784,0.1974,5
colon,YMR205C,0.186,0.2406,5
colon,YMR206W,0.2248,0.1255,5
colon,YMR207C,-0.0532,0.2881,5
colon,YMR208W,-0.26,0.2471,5
colon,YMR209C,0.006,0.2179,5
colon,YMR210W,0.0736,0.2383,5
colon,YMR211W,-0.307,0.2746,5
colon,YMR212C,-0.476,0.3002,5
colon,YMR213W,-0.0508,0.1169,5
colon,YMR214W,-0.2812,0.2985,5
colon,YMR215W,-0.5424,0.9844,5
colon,YMR216C,-0.0806,0.2952,5
colon,YMR217W,-0.7612,0.8998,5
colon,YMR218C,-0.3226,0.3707,5
colon,YMR219W,-0.1281,0.1836,5
colon,YMR220W,0.094,0.299,5
colon,YMR221C,0.064,0.3594,5
colon,YMR222C,0.0056,0.1616,5
colon,YMR223W,0.2044,0.2379,5
colon,YMR224C,0.011,0.1881,5
colon,YMR225C,-0.2665,0.1859,5
colon,YMR226C,0.5303,0.2881,5
colon,YMR227C,-0.0882,0.2599,5
colon,YMR228W,-0.014,0.2117,5
colon,YMR229C,-0.5261,0.5007,5
colon,YMR230W,-0.4596,0.4392,5
colon,YMR231W,0.2084,0.2336,5
colon,YMR232W,0.2118,0.186,5
colon,YMR233W,-0.2904,0.2208,5
colon,YMR234W,-0.0582,0.1152,5
colon,YMR235C,0.1514,0.2681,5
colon,YMR236W,-0.1824,0.1,5
colon,YMR237W,0.2718,0.3337,5
colon,YMR238W,-0.119,0.1349,5
colon,YMR239C,-0.649,0.5945,5
colon,YMR240C,-0.0354,0.1076,5
colon,YMR241W,-0.2888,0.42,5
colon,YMR242C,-0.3072,0.6531,5
colon,YMR243C,0.283,0.1,5
colon,YMR244C-A,-0.0894,0.1111,5
colon,YMR244W,0.0646,0.1415,5
colon,YMR245W,-0.0836,0.1852,5
colon,YMR246W,-0.4252,0.5216,5
colon,YMR247C,0.0429,0.1,5
colon,YMR250W,1.9754,1.3707,5
colon,YMR251W,0.7489,0.5784,5
colon,YMR251W-A,0.6678,0.6788,5
colon,YMR252C,0.2644,0.3073,5
colon,YMR253C,0.1894,0.1727,5
colon,YMR254C,0.0084,0.3678,5
colon,YMR255W,0.0068,0.292,5
colon,YMR256C,-0.1875,0.1,5
colon,YMR257C,0.246,0.2478,5
colon,YMR258C,0.1056,0.2815,5
colon,YMR259C,-0.4914,0.5944,5
colon,YMR260C,-0.2658,0.4953,5
colon,YMR261C,0.0087,0.1199,5
colon,YMR262W,-0.056,0.5501,5
colon,YMR263W,-0.0072,0.1559,5
colon,YMR264W,-0.3882,0.4066,5
colon,YMR265C,0.2264,0.1509,5
colon,YMR266W,-0.1413,0.2541,5
colon,YMR267W,-0.1358,0.2101,5
colon,YMR268C,-0.3409,0.2811,5
colon,YMR269W,-0.5948,0.4466,5
colon,YMR270C,0.0614,0.1919,5
colon,YMR271C,0.8324,0.7245,5
colon,YMR272C,0.4016,0.2715,5
colon,YMR273C,-0.128,0.1448,5
colon,YMR274C,-0.1344,0.3065,5
colon,YMR275C,0.3326,0.2741,5
colon,YMR276W,-0.2326,0.1713,5
colon,YMR277W,-0.4512,0.7708,5
colon,YMR278W,-0.0976,0.2643,5
colon,YMR279C,-0.0002,0.3134,5
colon,YMR280C,-0.0478,0.1006,5
colon,YMR281W,0.2436,0.3057,5
colon,YMR282C,0.0212,0.3589,5
colon,YMR283C,-0.0256,0.2043,5
colon,YMR284W,0.1453,0.4762,5
colon,YMR285C,-0.0474,0.1,5
colon,YMR286W,-0.2223,0.1,5
colon,YMR287C,0.0102,0.1202,5
colon,YMR288W,-0.2124,0.1506,5
colon,YMR289W,-0.1562,0.1191,5
colon,YMR290C,-0.711,0.7072,5
colon,YMR290W-A,0.0403,0.2513,5
colon,YMR291W,1.1096,0.8539,5
colon,YMR292W,-0.3218,0.3026,5
colon,YMR293C,0.1356,0.2566,5
colon,YMR294W,0.1144,0.1099,5
colon,YMR294W-A,-0.353,0.3486,5
colon,YMR295C,-0.3484,0.4301,5
colon,YMR296C,0.2354,0.48,5
colon,YMR297W,0.3208,0.3017,5
colon,YMR298W,0.287,0.1,5
colon,YMR299C,0.0584,0.2094,5
colon,YMR300C,0.2942,0.6359,5
colon,YMR301C,-0.2042,0.2208,5
colon,YMR302C,0.4586,0.4876,5
colon,YMR303C,-0.2678,0.2804,5
colon,YMR304C-A,-0.5514,0.2632,5
colon,YMR304W,0.4306,0.4758,5
colon,YMR305C,-0.4306,0.5927,5
colon,YMR306C-A,-0.1874,0.2947,5
colon,YMR306W,-0.0829,0.1236,5
colon,YMR307W,-0.494,1.0836,5
colon,YMR308C,-0.2178,0.4175,5
colon,YMR309C,-0.5774,0.57,5
colon,YMR310C,-0.2462,0.4382,5
colon,YMR311C,-0.0758,0.5005,5
colon,YMR312W,-0.1628,0.2274,5
colon,YMR313C,-0.1121,0.148,5
colon,YMR314W,-0.017,0.2271,5
colon,YMR315W,0.8076,0.8869,5
colon,YMR316C-A,-0.2002,0.2755,5
colon,YMR316C-B,0.0456,0.2045,5
colon,YMR316W,0.425,0.945,5
colon,YMR317W,-0.0892,0.102,5
colon,YMR318C,0.1654,0.1035,5
colon,YMR319C,-0.1987,0.3084,5
colon,YMR320W,0.1104,0.3484,5
colon,YMR321C,-0.3042,0.2745,5
colon,YMR322C,0.1216,0.1184,5
colon,YMR323W,0.1574,0.1621,5
colon,YMR324C,-0.0316,0.1842,5
colon,YMR325C,-0.0308,0.1,5
colon,YMR325W,-0.264,0.1,5
colon,YMR326C,-0.0576,0.1147,5
colon,YNL001W,-0.1732,0.2244,5
colon,YNL002C,-0.9258,1.1471,5
colon,YNL003C,0.0504,0.1637,5
colon,YNL004W,-0.1896,0.1,5
colon,YNL005C,0.0668,0.2141,5
colon,YNL006W,0.1124,0.1808,5
colon,YNL007C,0.1304,0.8561,5
colon,YNL008C,0.2413,0.4224,5
colon,YNL009W,0.391,0.5007,5
colon,YNL010W,-0.4286,0.4807,5
colon,YNL011C,0.4976,0.7091,5
colon,YNL012W,0.4666,0.7496,5
colon,YNL013C,-0.342,0.6093,5
colon,YNL014W,-0.2036,0.1949,5
colon,YNL015W,0.4616,0.2902,5
colon,YNL016W,-0.2767,0.2631,5
colon,YNL017C,0.0104,0.1592,5
colon,YNL018C,-0.1108,0.1842,5
colon,YNL019C,0.1716,0.1916,5
colon,YNL020C,0.0656,0.2083,5
colon,YNL021W,-0.0504,0.1476,5
colon,YNL022C,-0.3256,0.519,5
colon,YNL023C,-0.1834,0.1865,5
colon,YNL024C,-0.1557,0.1,5
colon,YNL025C,0.194,0.4495,5
colon,YNL026W,-0.1732,0.2756,5
colon,YNL027W,0.1487,0.1639,5
colon,YNL028W,-0.1518,0.1,5
colon,YNL029C,0.1086,0.2298,5
colon,YNL030W,-0.4248,0.4618,5
colon,YNL031C,-0.175,0.2836,5
colon,YNL032W,-0.068,0.1,5
colon,YNL033W,0.2238,0.1161,5
colon,YNL034W,0.0736,0.5109,5
colon,YNL035C,0.2164,0.3473,5
colon,YNL036W,0.6792,0.8872,5
colon,YNL037C,0.0424,0.19,5
colon,YNL038W,-0.0894,0.2939,5
colon,YNL039W,0.1612,0.2203,5
colon,YNL040W,-0.1826,0.2011,5
colon,YNL041C,0.2968,0.3212,5
colon,YNL042W,-0.0144,0.2463,5
colon,YNL043C,-0.2536,0.1865,5
colon,YNL044W,-0.178,0.1641,5
colon,YNL045W,0.5666,0.5953,5
colon,YNL046W,0.04,0.1975,5
colon,YNL047C,0.151,0.1993,5
colon,YNL048W,0.2238,0.244,5
colon,YNL049C,0.0832,0.1,5
colon,YNL050C,-0.1705,0.1766,5
colon,YNL051W,-0.015,0.2713,5
colon,YNL052W,-0.002,0.1576,5
colon,YNL053W,0.2122,0.2041,5
colon,YNL054W,0.0014,0.1,5
colon,YNL055C,0.3732,0.207,5
colon,YNL056W,0.0548,0.1079,5
colon,YNL057W,-0.252,0.2978,5
colon,YNL058C,-0.5114,0.4554,5
colon,YNL059C,0.2862,0.2435,5
colon,YNL060C,-0.554,0.5015,5
colon,YNL061W,-0.5368,0.6885,5
colon,YNL062C,-0.4932,0.5214,5
colon,YNL063W,-0.006,0.2285,5
colon,YNL064C,-0.6686,0.4398,5
colon,YNL065W,-0.0296,0.5144,5
colon,YNL066W,-0.5762,0.414,5
colon,YNL067W,-0.1308,0.7797,5
colon,YNL068C,-0.301,0.304,5
colon,YNL069C,-0.1694,0.4733,5
colon,YNL070W,-0.2532,0.1304,5
colon,YNL071W,-0.0609,0.1163,5
colon,YNL072W,-0.0894,0.255,5
colon,YNL073W,0.2016,0.2393,5
colon,YNL074C,0.1548,0.2128,5
colon,YNL075W,-0.5724,0.6451,5
colon,YNL076W,0.2096,0.1004,5
colon,YNL077W,0.2311,0.2139,5
colon,YNL078W,-0.4202,0.251,5
colon,YNL079C,-0.0932,0.1,5
colon,YNL080C,-0.0128,0.1614,5
colon,YNL081C,0.1645,0.2591,5
colon,YNL082W,-0.2458,0.2149,5
colon,YNL083W,0.3432,0.3172,5
colon,YNL084C,0.0484,0.3446,5
colon,YNL085W,0.0676,0.1061,5
colon,YNL086W,-0.0996,0.1082,5
colon,YNL087W,-0.5,0.5594,5
colon,YNL088W,-0.1601,0.2316,5
colon,YNL089C,-0.0874,0.1655,5
colon,YNL090W,-0.068,0.1216,5
colon,YNL091W,0.1758,0.1923,5
colon,YNL092W,0.1094,0.1088,5
colon,YNL093W,0.427,0.3873,5
colon,YNL094W,0.2954,0.3219,5
colon,YNL095C,0.0814,0.1746,5
colon,YNL096C,-0.4056,0.6193,5
colon,YNL097C,0.0646,0.2151,5
colon,YNL098C,-0.073,0.3813,5
colon,YNL099C,-0.2088,0.1,5
colon,YNL100W,0.0648,0.5192,5
colon,YNL101W,0.2,0.2616,5
colon,YNL102W,-0.3253,0.3845,5
colon,YNL103W,0.148,0.1447,5
colon,YNL104C,-0.09,0.2278,5
colon,YNL105W,0.0674,0.3263,5
colon,YNL106C,0.065,0.1428,5
colon,YNL107W,0.123,0.2862,5
colon,YNL108C,0.3298,0.2726,5
colon,YNL109W,0.1432,0.1438,5
colon,YNL110C,-1.0474,1.2827,5
colon,YNL111C,-0.41,0.3028,5
colon,YNL112W,-0.3442,0.3724,5
colon,YNL113W,-0.4882,0.5189,5
colon,YNL114C,-0.3066,0.6554,5
colon,YNL115C,0.321,0.2704,5
colon,YNL116W,0.1388,0.1477,5
colon,YNL117W,0.1966,0.2521,5
colon,YNL118C,-0.1322,0.1,5
colon,YNL119W,-0.6804,0.5893,5
colon,YNL120C,-0.3602,0.418,5
colon,YNL121C,-0.3013,0.2583,5
colon,YNL122C,-0.1854,0.2241,5
colon,YNL123W,-0.3028,0.5006,5
colon,YNL124W,-0.1154,0.2242,5
colon,YNL125C,0.3546,0.3501,5
colon,YNL126W,-0.1826,0.8126,5
colon,YNL127W,0.1488,0.1534,5
colon,YNL128W,0.062,0.2046,5
colon,YNL129W,0.0424,0.1302,5
colon,YNL130C,0.0996,0.1442,5
colon,YNL131W,-0.0276,0.1986,5
colon,YNL132W,-0.7492,1.1765,5
colon,YNL133C,0.1684,0.1975,5
colon,YNL134C,0.1246,0.7825,5
colon,YNL135C,-0.1042,0.2396,5
colon,YNL136W,0.0524,0.2168,5
colon,YNL137C,-0.004,0.1932,5
colon,YNL138W,0.0398,0.3025,5
colon,YNL139C,-0.354,0.2664,5
colon,YNL140C,-0.0652,0.1277,5
colon,YNL141W,-0.7976,0.9815,5
colon,YNL142W,-0.154,0.3522,5
colon,YNL143C,-0.0998,0.3461,5
colon,YNL144C,-0.001,0.236,5
colon,YNL145W,-0.5464,0.8862,5
colon,YNL146W,0.1448,0.2392,5
colon,YNL147W,-0.2332,0.3783,5
colon,YNL148C,0.0586,0.2862,5
colon,YNL149C,-0.0954,0.1272,5
colon,YNL150W,-0.3948,0.3638,5
colon,YNL151C,-0.502,0.5071,5
colon,YNL152W,0.0636,0.1911,5
colon,YNL153C,-0.0708,0.1801,5
colon,YNL154C,-0.1164,0.1,5
colon,YNL155W,0.3776,0.8123,5
colon,YNL156C,0.0146,0.1698,5
colon,YNL157W,0.0798,0.2478,5
colon,YNL158W,-0.218,0.2031,5
colon,YNL159C,0.0088,0.1994,5
colon,YNL160W,1.5636,0.7466,5
colon,YNL161W,-0.072,0.1681,5
colon,YNL162W,-0.441,0.4517,5
colon,YNL163C,-0.1858,0.354,5
colon,YNL164C,-0.0874,0.2975,5
colon,YNL165W,-0.0326,0.1903,5
colon,YNL166C,-0.1664,0.2778,5
colon,YNL167C,-0.1484,0.1671,5
colon,YNL168C,-0.1946,0.182,5
colon,YNL169C,0.0528,0.2038,5
colon,YNL170W,0.0314,0.1383,5
colon,YNL171C,-0.0154,0.1417,5
colon,YNL172W,-0.1372,0.1,5
colon,YNL173C,-0.1864,0.2437,5
colon,YNL174W,-0.585,0.9253,5
colon,YNL175C,-0.5024,0.8651,5
colon,YNL176C,-0.4888,0.229,5
colon,YNL177C,-0.0428,0.1803,5
colon,YNL178W,-0.5186,0.7722,5
colon,YNL179C,-0.0402,0.17,5
colon,YNL180C,-0.2352,0.1138,5
colon,YNL181W,-0.0274,0.1612,5
colon,YNL182C,-0.976,0.9009,5
colon,YNL183C,0.4064,0.5173,5
colon,YNL184C,-0.2232,0.106,5
colon,YNL185C,-0.3674,0.1556,5
colon,YNL186W,-0.405,0.5152,5
colon,YNL187W,-0.069,0.1888,5
colon,YNL188W,-0.624,0.3563,5
colon,YNL189W,-0.1782,0.1681,5
colon,YNL190W,-0.2026,0.259,5
colon,YNL191W,-0.0204,0.3135,5
colon,YNL192W,0.4034,0.4904,5
colon,YNL193W,0.3286,0.4417,5
colon,YNL194C,0.1824,0.2084,5
colon,YNL195C,0.01,0.2416,5
colon,YNL196C,0.3304,0.3926,5
colon,YNL197C,-0.2308,0.1736,5
colon,YNL198C,-0.166,0.1415,5
colon,YNL199C,-0.0396,0.1,5
colon,YNL200C,0.0386,0.1753,5
colon,YNL201C,-0.1148,0.1,5
colon,YNL202W,-0.0892,0.1667,5
colon,YNL203C,-0.1642,0.1,5
colon,YNL204C,0.0224,0.1526,5
colon,YNL205C,0.044,0.1437,5
colon,YNL206C,-0.242,0.2063,5
colon,YNL207W,-0.15,0.1456,5
colon,YNL208W,0.1636,0.2155,5
colon,YNL209W,-0.5014,0.7164,5
colon,YNL210W,-0.0336,0.185,5
colon,YNL211C,-0.0452,0.14,5
colon,YNL212W,-0.0886,0.2089,5
colon,YNL213C,0.009,0.2547,5
colon,YNL214W,0.001,0.3402,5
colon,YNL215W,-0.0652,0.1855,5
colon,YNL216W,-0.2472,0.2098,5
colon,YNL217W,-0.4062,0.4833,5
colon,YNL218W,-0.1066,0.1149,5
colon,YNL219C,-0.1786,0.1646,5
colon,YNL220W,-0.118,0.519,5
colon,YNL221C,-0.1068,0.162,5
colon,YNL222W,-0.0092,0.1544,5
colon,YNL223W,0.2922,0.3517,5
colon,YNL224C,0.0482,0.1727,5
colon,YNL225C,0.0894,0.1838,5
colon,YNL226W,-0.31,0.5993,5
colon,YNL227C,-0.1674,0.474,5
colon,YNL228W,-0.3348,0.4703,5
colon,YNL229C,-0.1444,0.1862,5
colon,YNL230C,0.267,0.3912,5
colon,YNL231C,-0.0456,0.2301,5
colon,YNL232W,-0.1969,0.2375,5
colon,YNL233W,-0.1502,0.2962,5
colon,YNL234W,0.5308,0.5927,5
colon,YNL235C,-0.1776,0.1693,5
colon,YNL236W,-0.0514,0.1135,5
colon,YNL237W,0.2094,0.221,5
colon,YNL238W,0.0336,0.2669,5
colon,YNL239W,0.1356,0.1,5
colon,YNL240C,0.0904,0.4407,5
colon,YNL241C,0.4006,0.1953,5
colon,YNL242W,0.8642,1.7245,5
colon,YNL243W,-0.0329,0.1,5
colon,YNL244C,-0.0346,0.2763,5
colon,YNL245C,-0.1184,0.2103,5
colon,YNL246W,-0.2932,0.2126,5
colon,YNL247W,-0.4964,0.5568,5
colon,YNL248C,-0.8414,0.9701,5
colon,YNL249C,-0.0074,0.2431,5
colon,YNL250W,-0.156,0.225,5
colon,YNL251C,-0.0645,0.3434,5
colon,YNL252C,-0.1834,0.1569,5
colon,YNL253W,0.3756,0.3749,5
colon,YNL254C,0.0864,0.1938,5
colon,YNL255C,-0.0428,0.3596,5
colon,YNL256W,-0.3658,0.4637,5
colon,YNL257C,-0.1076,0.1658,5
colon,YNL258C,-0.1526,0.1431,5
colon,YNL259C,0.0498,0.1432,5
colon,YNL260C,0.0146,0.2136,5
colon,YNL261W,-0.0694,0.2259,5
colon,YNL262W,-0.1691,0.2144,5
colon,YNL263C,0.0984,0.1,5
colon,YNL264C,0.1904,0.4092,5
colon,YNL265C,-0.0628,0.4246,5
colon,YNL266W,-0.1276,0.415,5
colon,YNL267W,-0.164,0.338,5
colon,YNL268W,-0.3092,0.4701,5
colon,YNL269W,0.187,0.2635,5
colon,YNL270C,0.0886,0.2884,5
colon,YNL271C,-0.1104,0.1883,5
colon,YNL272C,-0.1924,0.2631,5
colon,YNL273W,-0.0748,0.2961,5
colon,YNL274C,0.577,0.7525,5
colon,YNL275W,0.1228,0.1428,5
colon,YNL276C,-0.1298,0.2361,5
colon,YNL277W,0.1682,0.2533,5
colon,YNL278W,-0.1758,0.1,5
colon,YNL279W,0.2758,0.2816,5
colon,YNL280C,-0.4482,0.1251,5
colon,YNL281W,-0.3618,0.2129,5
colon,YNL282W,-0.1528,0.1983,5
colon,YNL283C,-0.105,0.3155,5
colon,YNL284C,-0.0724,0.2821,5
colon,YNL285W,-0.041,0.1376,5
colon,YNL286W,0.023,0.1,5
colon,YNL287W,-0.0076,0.1285,5
colon,YNL288W,0.1102,0.1556,5
colon,YNL289W,-0.1271,0.1167,5
colon,YNL290W,-0.1038,0.2457,5
colon,YNL291C,0.1495,0.3094,5
colon,YNL292W,-0.1408,0.233,5
colon,YNL293W,0.2612,0.1032,5
colon,YNL294C,-0.08,0.1585,5
colon,YNL295W,0.0696,0.111,5
colon,YNL296W,-0.1624,0.2178,5
colon,YNL297C,-0.0948,0.1,5
colon,YNL298W,0.063,0.1,5
colon,YNL299W,-0.2792,0.3201,5
colon,YNL300W,-0.189,0.2119,5
colon,YNL301C,-0.3374,0.6543,5
colon,YNL302C,-0.2674,0.2483,5
colon,YNL303W,-0.66,0.3324,5
colon,YNL304W,0.0054,0.1,5
colon,YNL305C,0.253,0.2153,5
colon,YNL306W,-0.0278,0.1812,5
colon,YNL307C,0.0022,0.1051,5
colon,YNL308C,-0.5438,1.0468,5
colon,YNL309W,0.0688,0.2403,5
colon,YNL310C,-0.063,0.1803,5
colon,YNL311C,-0.0442,0.1535,5
colon,YNL312W,0.1478,0.2557,5
colon,YNL313C,-0.3914,0.7134,5
colon,YNL314W,0.13,0.1549,5
colon,YNL315C,0.034,0.1587,5
colon,YNL316C,-0.0736,0.1728,5
colon,YNL317W,0.1142,0.1623,5
colon,YNL318C,-0.0396,0.3097,5
colon,YNL319W,-0.0354,0.1157,5
colon,YNL320W,0.0166,0.3657,5
colon,YNL321W,0.1616,0.254,5
colon,YNL322C,-0.142,0.2197,5
colon,YNL323W,0.0584,0.1102,5
colon,YNL324W,-0.0556,0.2174,5
colon,YNL325C,0.0674,0.1,5
colon,YNL326C,-0.125,0.1609,5
colon,YNL327W,-0.7734,0.6621,5
colon,YNL328C,0.0118,0.2678,5
colon,YNL329C,0.094,0.1401,5
colon,YNL330C,0.021,0.2136,5
colon,YNL331C,0.1446,0.2241,5
colon,YNL332W,0.1226,0.3321,5
colon,YNL333W,0.3502,0.3639,5
colon,YNL334C,0.3716,0.143,5
colon,YNL335W,0.207,0.3233,5
colon,YNL336W,0.264,0.2656,5
colon,YNL337W,0.1066,0.352,5
colon,YNL338W,-0.1182,0.176,5
colon,YNL339C,-0.0562,0.1497,5
colon,YNR001C,0.3154,0.9632,5
colon,YNR002C,0.237,0.1,5
colon,YNR003C,-0.253,0.4206,5
colon,YNR004W,0.2544,0.19,5
colon,YNR005C,-0.0826,0.2344,5
colon,YNR006W,0.1922,0.2624,5
colon,YNR007C,-0.1144,0.1419,5
colon,YNR008W,0.1068,0.1532,5
colon,YNR009W,-0.3184,0.4517,5
colon,YNR010W,0.0288,0.1326,5
colon,YNR011C,-0.1094,0.1,5
colon,YNR012W,-0.1776,0.4517,5
colon,YNR013C,-0.061,0.1,5
colon,YNR014W,0.0894,0.2476,5
colon,YNR015W,-0.2886,0.2468,5
colon,YNR016C,-0.19,0.2013,5
colon,YNR017W,-0.487,0.2071,5
colon,YNR018W,-0.391,0.3209,5
colon,YNR019W,-0.306,0.1,5
colon,YNR020C,-0.1278,0.1295,5
colon,YNR021W,-0.1954,0.202,5
colon,YNR022C,-0.2894,0.1716,5
colon,YNR023W,-0.0364,0.1069,5
colon,YNR024W,-0.1372,0.2211,5
colon,YNR025C,-0.2952,0.2845,5
colon,YNR026C,0.109,0.2011,5
colon,YNR027W,-0.3002,0.1881,5
colon,YNR028W,-0.0406,0.2461,5
colon,YNR029C,-0.2824,0.1158,5
colon,YNR030W,-0.0694,0.1997,5
colon,YNR031C,-0.1497,0.1,5
colon,YNR032W,0.1726,0.1,5
colon,YNR033W,-0.077,0.1,5
colon,YNR034W,0.3936,0.3773,5
colon,YNR035C,-0.1374,0.3041,5
colon,YNR036C,-0.0098,0.1204,5
colon,YNR037C,-0.2286,0.1256,5
colon,YNR038W,-0.1826,0.1454,5
colon,YNR039C,0.0132,0.2998,5
colon,YNR040W,-0.1303,0.2044,5
colon,YNR041C,-0.2038,0.1345,5
colon,YNR042W,-0.1576,0.1729,5
colon,YNR043W,-0.369,0.1044,5
colon,YNR044W,-0.3952,0.1962,5
colon,YNR045W,-0.169,0.2387,5
colon,YNR046W,-0.2626,0.2621,5
colon,YNR047W,-0.014,0.2931,5
colon,YNR048W,-0.1374,0.1706,5
colon,YNR049C,-0.134,0.154,5
colon,YNR050C,0.3652,0.5411,5
colon,YNR051C,-0.0486,0.1206,5
colon,YNR052C,0.0726,0.1564,5
colon,YNR053C,-0.3604,0.3473,5
colon,YNR054C,-0.5472,0.5212,5
colon,YNR055C,-0.1002,0.2574,5
colon,YNR056C,0.0698,0.2561,5
colon,YNR057C,-0.1996,0.2388,5
colon,YNR058W,-0.0222,0.1456,5
colon,YNR059W,0.1012,0.3687,5
colon,YNR060W,0.3534,0.6453,5
colon,YNR061C,0.1804,0.1693,5
colon,YNR062C,0.1194,0.1464,5
colon,YNR063W,-0.2156,0.3104,5
colon,YNR064C,0.0664,0.1961,5
colon,YNR065C,-0.33,0.2288,5
colon,YNR066C,-0.2248,0.1825,5
colon,YNR067C,-0.4573,0.2682,5
colon,YNR068C,0.1847,0.2297,5
colon,YNR069C,0.1793,0.1614,5
colon,YNR070W,-0.0559,0.1731,5
colon,YNR071C,-0.1134,0.1689,5
colon,YNR072W,0.1644,0.1812,5
colon,YNR073C,-0.1042,0.1062,5
colon,YNR074C,0.1344,0.1021,5
colon,YNR075W,-0.4656,0.3892,5
colon,YNR076W,0.1218,0.1288,5
colon,YNR077C,0.1008,0.2565,5
colon,YOL001W,0.2242,0.1875,5
colon,YOL002C,-0.4096,0.3111,5
colon,YOL003C,0.2686,0.1591,5
colon,YOL004W,0.1774,0.4986,5
colon,YOL005C,0.0016,0.2346,5
colon,YOL006C,-0.086,0.2852,5
colon,YOL007C,0.033,0.3501,5
colon,YOL008W,0.048,0.2219,5
colon,YOL009C,0.274,0.2064,5
colon,YOL010W,0.2114,0.3643,5
colon,YOL011W,0.3152,0.175,5
colon,YOL012C,-0.1908,0.2715,5
colon,YOL013C,0.37,0.5887,5
colon,YOL014W,0.0126,0.5301,5
colon,YOL015W,0.0224,0.3436,5
colon,YOL016C,0.0684,0.5436,5
colon,YOL017W,-0.038,0.2649,5
colon,YOL018C,-0.0372,0.1,5
colon,YOL019W,-0.1622,0.1928,5
colon,YOL020W,-0.1098,0.1366,5
colon,YOL021C,0.0552,0.1464,5
colon,YOL022C,-0.5008,0.5941,5
colon,YOL023W,0.1702,0.2543,5
colon,YOL024W,-0.0392,0.2003,5
colon,YOL025W,0.3014,0.2729,5
colon,YOL026C,-0.1992,0.1212,5
colon,YOL027C,0.1316,0.2007,5
colon,YOL028C,-0.196,0.1623,5
colon,YOL029C,-0.1136,0.1915,5
colon,YOL030W,-0.1664,0.2399,5
colon,YOL031C,0.2474,0.2221,5
colon,YOL032W,0.2844,0.3951,5
colon,YOL033W,0.0968,0.318,5
colon,YOL034W,-0.0322,0.1256,5
colon,YOL035C,0.0234,0.1343,5
colon,YOL036W,-0.0742,0.1194,5
colon,YOL037C,-0.0016,0.113,5
colon,YOL038W,-0.1228,0.399,5
colon,YOL039W,-0.1916,0.4936,5
colon,YOL040C,-0.2394,0.6204,5
colon,YOL041C,-0.345,0.5992,5
colon,YOL042W,0.0388,0.2551,5
colon,YOL043C,0.1052,0.1412,5
colon,YOL044W,-0.1142,0.2037,5
colon,YOL045W,0.0865,0.1768,5
colon,YOL046C,-0.165,0.1375,5
colon,YOL047C,0.291,0.4855,5
colon,YOL048C,0.196,0.4826,5
colon,YOL049W,0.0815,0.2154,5
colon,YOL050C,-0.1008,0.154,5
colon,YOL051W,0.015,0.1455,5
colon,YOL052C,-0.1882,0.14,5
colon,YOL052C-A,0.2808,0.3673,5
colon,YOL053C,0.7053,0.5416,5
colon,YOL053W,-0.1146,0.132,5
colon,YOL054W,0.1018,0.106,5
colon,YOL055C,0.3454,0.3079,5
colon,YOL056W,0.0504,0.109,5
colon,YOL057W,0.0622,0.3134,5
colon,YOL058W,-0.0726,0.5431,5
colon,YOL059W,0.0826,0.3004,5
colon,YOL060C,0.176,0.2753,5
colon,YOL061W,-0.2416,0.1728,5
colon,YOL062C,0.1788,0.2289,5
colon,YOL063C,-0.1046,0.1577,5
colon,YOL064C,0.0306,0.3171,5
colon,YOL065C,0.0374,0.4571,5
colon,YOL066C,-0.0206,0.1756,5
colon,YOL067C,-0.0878,0.1,5
colon,YOL068C,-0.0858,0.2645,5
colon,YOL069W,-0.1102,0.1548,5
colon,YOL070C,-0.0576,0.1602,5
colon,YOL071W,0.1316,0.1462,5
colon,YOL072W,0.1185,0.2912,5
colon,YOL073C,-0.1168,0.2275,5
colon,YOL074C,-0.031,0.2041,5
colon,YOL075C,0.1266,0.2541,5
colon,YOL076W,-0.1366,0.2238,5
colon,YOL077C,-1.005,1.1857,5
colon,YOL078W,-0.2111,0.1745,5
colon,YOL079W,-0.5728,0.4023,5
colon,YOL080C,-0.5694,0.4211,5
colon,YOL081W,-0.2255,0.2502,5
colon,YOL082W,0.6232,0.6156,5
colon,YOL083W,0.6012,0.8539,5
colon,YOL084W,0.699,0.6095,5
colon,YOL085C,-0.1432,0.1289,5
colon,YOL086C,-0.3288,0.4171,5
colon,YOL087C,0.3238,0.3735,5
colon,YOL088C,-0.0072,0.1014,5
colon,YOL089C,0.4254,0.3964,5
colon,YOL090W,-0.0606,0.1105,5
colon,YOL091W,0.0556,0.1432,5
colon,YOL092W,-0.2204,0.3768,5
colon,YOL093W,-0.215,0.3827,5
colon,YOL094C,0.0582,0.1869,5
colon,YOL095C,0.0628,0.276,5
colon,YOL096C,0.252,0.2141,5
colon,YOL097C,-0.564,0.5677,5
colon,YOL098C,-0.042,0.269,5
colon,YOL099C,-0.0384,0.5837,5
colon,YOL100W,0.4782,0.3784,5
colon,YOL101C,-0.3226,0.7809,5
colon,YOL102C,-0.1502,0.1222,5
colon,YOL103W,-0.0882,0.298,5
colon,YOL104C,-0.1434,0.1957,5
colon,YOL105C,0.0306,0.1361,5
colon,YOL106W,0.1144,0.1433,5
colon,YOL107W,-0.0382,0.2513,5
colon,YOL108C,0.2722,0.1987,5
colon,YOL109W,-0.5426,0.8623,5
colon,YOL110W,-0.0443,0.276,5
colon,YOL111C,0.1374,0.484,5
colon,YOL112W,0.0018,0.2497,5
colon,YOL113W,0.0298,0.1177,5
colon,YOL114C,0.1418,0.1249,5
colon,YOL115W,-0.1982,0.2642,5
colon,YOL116W,0.2638,0.2549,5
colon,YOL117W,0.0382,0.3885,5
colon,YOL118C,0.0768,0.1696,5
colon,YOL119C,0.5756,0.4329,5
colon,YOL120C,-0.144,0.6433,5
colon,YOL121C,-0.267,0.5819,5
colon,YOL122C,0.0154,0.1657,5
colon,YOL123W,-0.2304,0.4074,5
colon,YOL124C,-0.2344,0.782,5
colon,YOL125W,-0.0906,0.3633,5
colon,YOL126C,0.1814,0.3117,5
colon,YOL127W,-0.2234,0.5107,5
colon,YOL128C,0.182,0.2309,5
colon,YOL129W,0.2214,0.4248,5
colon,YOL130W,-0.032,0.2282,5
colon,YOL131W,-0.0666,0.1,5
colon,YOL132W,0.2912,0.1,5
colon,YOL133W,0.224,0.26,5
colon,YOL134C,0.2836,0.2013,5
colon,YOL135C,0.0344,0.1009,5
colon,YOL136C,0.3768,0.4482,5
colon,YOL137W,-0.195,0.3322,5
colon,YOL138C,0.1106,0.1336,5
colon,YOL139C,-0.2818,0.5359,5
colon,YOL140W,0.3526,0.3336,5
colon,YOL141W,-0.1526,0.3804,5
colon,YOL142W,0.4336,0.3018,5
colon,YOL143C,0.5686,0.2148,5
colon,YOL144W,-0.0552,0.1638,5
colon,YOL145C,-0.3522,0.3093,5
colon,YOL146W,-0.086,0.1526,5
colon,YOL147C,-0.0808,0.2553,5
colon,YOL148C,0.0858,0.16,5
colon,YOL149W,-0.3752,0.4761,5
colon,YOL150C,1.7324,1.3302,5
colon,YOL151W,2.4286,1.5792,5
colon,YOL152W,0.2352,0.5625,5
colon,YOL153C,0.5092,0.3616,5
colon,YOL154W,0.098,0.1237,5
colon,YOL155C,-0.3462,0.1459,5
colon,YOL156W,0.268,0.3368,5
colon,YOL157C,0.2362,0.1,5
colon,YOL158C,-0.2464,0.119,5
colon,YOL159C,-0.158,0.1848,5
colon,YOL160W,-0.1262,0.1329,5
colon,YOL161C,-0.0964,0.1196,5
colon,YOL162W,-0.051,0.1,5
colon,YOL163W,-0.017,0.1,5
colon,YOL164W,0.268,0.2708,5
colon,YOL165C,-0.112,0.1,5
colon,YOL166C,-0.0424,0.1441,5
colon,YOR001W,-0.5366,0.509,5
colon,YOR002W,0.1302,0.1547,5
colon,YOR003W,0.1796,0.3111,5
colon,YOR004W,-0.7436,0.945,5
colon,YOR005C,0.2472,0.3426,5
colon,YOR006C,-0.1608,0.2822,5
colon,YOR007C,-0.0806,0.2468,5
colon,YOR008C,0.0056,0.4331,5
colon,YOR008C-A,-0.0619,0.1174,5
colon,YOR009W,-0.0636,0.2323,5
colon,YOR010C,0.0248,0.4237,5
colon,YOR011W,-0.2304,0.1375,5
colon,YOR012W,-0.0391,0.1603,5
colon,YOR013W,-0.1556,0.1245,5
colon,YOR014W,-0.0294,0.3208,5
colon,YOR015W,-0.1099,0.2356,5
colon,YOR016C,0.112,0.2025,5
colon,YOR017W,-0.0344,0.2679,5
colon,YOR018W,0.343,0.4674,5
colon,YOR019W,0.6792,1.0185,5
colon,YOR020C,-0.094,0.296,5
colon,YOR021C,-0.3492,0.4373,5
colon,YOR022C,0.4222,0.409,5
colon,YOR023C,0.1126,0.4253,5
colon,YOR024W,0.1092,0.2112,5
colon,YOR025W,-0.0836,0.2816,5
colon,YOR026W,0.2652,0.5707,5
colon,YOR027W,-0.1622,0.5091,5
colon,YOR028C,0.8584,1.2068,5
colon,YOR029W,-0.1524,0.1008,5
colon,YOR030W,0.0456,0.2509,5
colon,YOR031W,-0.0392,0.4099,5
colon,YOR032C,0.084,0.2141,5
colon,YOR033C,-0.28,0.1633,5
colon,YOR034C,0.0938,0.1489,5
colon,YOR035C,0.0516,0.2202,5
colon,YOR036W,0.642,0.8641,5
colon,YOR037W,-0.017,0.177,5
colon,YOR038C,-0.0184,0.1571,5
colon,YOR039W,-0.0058,0.2126,5
colon,YOR040W,0.2538,0.1658,5
colon,YOR041C,0.0786,0.1395,5
colon,YOR042W,0.1506,0.125,5
colon,YOR043W,0.0794,0.1464,5
colon,YOR044W,0.2426,0.1778,5
colon,YOR045W,-0.1294,0.4443,5
colon,YOR046C,-0.0034,0.1759,5
colon,YOR047C,-0.4106,0.1036,5
colon,YOR048C,-0.0778,0.1396,5
colon,YOR049C,0.0798,0.1383,5
colon,YOR050C,-0.0498,0.3094,5
colon,YOR051C,-0.3312,0.4562,5
colon,YOR052C,0.6524,1.0121,5
colon,YOR053W,-0.0862,0.3242,5
colon,YOR054C,0.3774,0.4315,5
colon,YOR055W,-0.1712,0.1,5
colon,YOR056C,-0.453,0.6158,5
colon,YOR057W,0.2004,0.266,5
colon,YOR058C,0.1606,0.2501,5
colon,YOR059C,0.2038,0.5675,5
colon,YOR060C,-0.239,0.185,5
colon,YOR061W,0.1081,0.4192,5
colon,YOR062C,0.3054,0.3363,5
colon,YOR063W,-0.6986,0.7168,5
colon,YOR064C,0.1246,0.2542,5
colon,YOR065W,0.048,0.3059,5
colon,YOR066W,-0.153,0.3291,5
colon,YOR067C,-0.3964,0.3387,5
colon,YOR068C,-0.14,0.1819,5
colon,YOR069W,0.0184,0.2695,5
colon,YOR070C,0.038,0.2673,5
colon,YOR071C,0.233,0.2355,5
colon,YOR072W,-0.0062,0.1185,5
colon,YOR073W,-0.0532,0.3946,5
colon,YOR074C,-0.1022,0.3005,5
colon,YOR075W,0.1048,0.2781,5
colon,YOR076C,0.2766,0.3552,5
colon,YOR077W,-0.1176,0.1432,5
colon,YOR078W,-0.5682,0.4125,5
colon,YOR079C,-0.2292,0.1466,5
colon,YOR080W,0.0748,0.1473,5
colon,YOR081C,0.0322,0.1696,5
colon,YOR082C,-0.2434,0.1251,5
colon,YOR083W,-0.0124,0.1351,5
colon,YOR084W,-0.0694,0.2588,5
colon,YOR085W,-0.0376,0.3176,5
colon,YOR086C,0.1731,0.2761,5
colon,YOR087W,0.0078,0.2192,5
colon,YOR088W,0.0434,0.2985,5
colon,YOR089C,-0.0616,0.18,5
colon,YOR090C,0.0394,0.128,5
colon,YOR091W,-0.379,0.4563,5
colon,YOR092W,0.437,0.328,5
colon,YOR093C,-0.1367,0.1104,5
colon,YOR094W,-0.224,0.2345,5
colon,YOR095C,-0.694,0.8016,5
colon,YOR096W,-0.2274,0.6011,5
colon,YOR097C,-0.0404,0.301,5
colon,YOR098C,-0.0932,0.2405,5
colon,YOR099W,-0.1168,0.1844,5
colon,YOR100C,0.2214,0.2102,5
colon,YOR101W,-0.356,0.5215,5
colon,YOR102W,-0.2408,0.232,5
colon,YOR103C,-0.2648,0.2816,5
colon,YOR104W,-0.0122,0.1562,5
colon,YOR105W,-0.1564,0.1813,5
colon,YOR106W,0.0628,0.1019,5
colon,YOR107W,0.2176,0.3742,5
colon,YOR108W,-0.334,0.5828,5
colon,YOR109W,-0.1708,0.2023,5
colon,YOR110W,-0.0137,0.1423,5
colon,YOR111W,-0.1868,0.2586,5
colon,YOR112W,-0.1662,0.1344,5
colon,YOR113W,0.1548,0.3987,5
colon,YOR114W,-0.1604,0.3349,5
colon,YOR115C,-0.1798,0.27,5
colon,YOR116C,-0.0967,0.2349,5
colon,YOR117W,0.0588,0.4584,5
colon,YOR118W,-0.1882,0.2853,5
colon,YOR119C,-0.3536,0.5546,5
colon,YOR120W,1.0626,1.0389,5
colon,YOR121C,0.195,0.6612,5
colon,YOR122C,0.478,0.1352,5
colon,YOR123C,-0.2436,0.3179,5
colon,YOR124C,0.2699,0.4498,5
colon,YOR125C,-0.0302,0.1542,5
colon,YOR126C,0.201,0.1022,5
colon,YOR127W,-0.165,0.1754,5
colon,YOR128C,0.2766,0.4409,5
colon,YOR129C,-0.0468,0.186,5
colon,YOR130C,0.2258,0.133,5
colon,YOR131C,-0.1606,0.2644,5
colon,YOR132W,0.2192,0.3074,5
colon,YOR133W,-0.1796,0.3014,5
colon,YOR134W,0.713,0.5488,5
colon,YOR135C,0.0838,0.5843,5
colon,YOR136W,0.3008,0.5598,5
colon,YOR137C,0.4134,0.3977,5
colon,YOR138C,0.0986,0.325,5
colon,YOR139C,0.0506,0.1105,5
colon,YOR140W,0.1914,0.2661,5
colon,YOR141C,0.586,0.7147,5
colon,YOR142W,0.2364,0.1165,5
colon,YOR143C,-0.281,0.4299,5
colon,YOR144C,-0.1052,0.2243,5
colon,YOR145C,-0.5374,0.6273,5
colon,YOR146W,-0.0302,0.1181,5
colon,YOR147W,-0.0186,0.3309,5
colon,YOR148C,0.26,0.1,5
colon,YOR149C,0.0068,0.2241,5
colon,YOR150W,0.111,0.1986,5
colon,YOR151C,-0.1674,0.2515,5
colon,YOR152C,0.5754,0.4314,5
colon,YOR153W,-0.1944,0.1678,5
colon,YOR154W,-0.023,0.1309,5
colon,YOR155C,0.075,0.1648,5
colon,YOR156C,0.1932,0.1927,5
colon,YOR157C,-0.0602,0.223,5
colon,YOR158W,0.1908,0.4272,5
colon,YOR159C,-0.2122,0.1003,5
colon,YOR160W,0.1608,0.2537,5
colon,YOR161C,1.407,0.8923,5
colon,YOR162C,0.2908,0.2198,5
colon,YOR163W,-0.2458,0.1616,5
colon,YOR164C,0.1932,0.1231,5
colon,YOR165W,-0.1612,0.2208,5
colon,YOR166C,0.2006,0.2084,5
colon,YOR167C,-0.4274,0.325,5
colon,YOR168W,-0.1644,0.1729,5
colon,YOR169C,-0.297,0.1769,5
colon,YOR170W,0.206,0.203,5
colon,YOR171C,0.0124,0.312,5
colon,YOR172W,0.0366,0.1067,5
colon,YOR173W,0.5519,0.558,5
colon,YOR174W,0.0648,0.1,5
colon,YOR175C,-0.2754,0.213,5
colon,YOR176W,0.3458,0.113,5
colon,YOR177C,0.3928,0.3679,5
colon,YOR178C,0.3496,0.246,5
colon,YOR179C,-0.1794,0.3554,5
colon,YOR180C,0.2372,0.2166,5
colon,YOR181W,0.362,0.662,5
colon,YOR182C,-0.406,0.3616,5
colon,YOR183W,-0.2172,0.1794,5
colon,YOR184W,0.0998,0.283,5
colon,YOR185C,0.1814,0.2515,5
colon,YOR186W,0.0626,0.1548,5
colon,YOR187W,-0.3208,0.2527,5
colon,YOR188W,-0.4572,0.4444,5
colon,YOR189W,-0.053,0.1517,5
colon,YOR190W,0.3418,0.2741,5
colon,YOR191W,-0.1674,0.1389,5
colon,YOR192C,0.2528,0.255,5
colon,YOR193W,0.1422,0.2702,5
colon,YOR194C,0.0014,0.1859,5
colon,YOR195W,-0.4482,0.3397,5
colon,YOR196C,0.0192,0.1132,5
colon,YOR197W,0.0196,0.1288,5
colon,YOR198C,-0.0226,0.2652,5
colon,YOR199W,-0.2906,0.3814,5
colon,YOR200W,-0.174,0.1508,5
colon,YOR201C,-0.0436,0.2416,5
colon,YOR202W,0.0606,0.2171,5
colon,YOR203W,-0.504,0.2113,5
colon,YOR204W,-0.1426,0.2773,5
colon,YOR205C,0.0498,0.3017,5
colon,YOR206W,-0.9306,1.1943,5
colon,YOR207C,-0.4242,0.4365,5
colon,YOR208W,0.5388,0.5933,5
colon,YOR209C,-0.0728,0.1212,5
colon,YOR210W,-0.3434,0.4118,5
colon,YOR211C,-0.1803,0.1,5
colon,YOR212W,-0.1954,0.2252,5
colon,YOR213C,0.0558,0.1,5
colon,YOR214C,0.4308,0.3531,5
colon,YOR215C,0.25,0.5629,5
colon,YOR216C,0.0212,0.2479,5
colon,YOR217W,-0.1606,0.4751,5
colon,YOR218C,0.0794,0.1138,5
colon,YOR219C,0.2286,0.476,5
colon,YOR220W,0.8966,1.2054,5
colon,YOR221C,0.0955,0.4554,5
colon,YOR222W,-0.3254,0.2093,5
colon,YOR223W,0.1138,0.2225,5
colon,YOR224C,-0.4538,0.6231,5
colon,YOR225W,0.1692,0.5184,5
colon,YOR226C,0.1706,0.1419,5
colon,YOR227W,-0.3388,0.5939,5
colon,YOR228C,0.491,0.3461,5
colon,YOR229W,-0.1144,0.2783,5
colon,YOR230W,0.038,0.234,5
colon,YOR231W,0.0954,0.1363,5
colon,YOR232W,-0.2152,0.3109,5
colon,YOR233W,0.0846,0.4293,5
colon,YOR234C,-0.281,0.522,5
colon,YOR235W,-0.0192,0.1,5
colon,YOR236W,0.0648,0.3603,5
colon,YOR237W,0.0166,0.2318,5
colon,YOR238W,0.2874,0.2341,5
colon,YOR239W,-0.1268,0.2971,5
colon,YOR240W,-0.0492,0.1942,5
colon,YOR241W,-0.2924,0.339,5
colon,YOR242C,-0.053,0.1518,5
colon,YOR243C,-0.4258,0.5668,5
colon,YOR244W,0.1564,0.2629,5
colon,YOR245C,0.4152,0.4325,5
colon,YOR246C,0.197,0.2153,5
colon,YOR247W,-0.3288,0.289,5
colon,YOR248W,-0.2172,0.3355,5
colon,YOR249C,-0.1082,0.2211,5
colon,YOR250C,0.3476,0.222,5
colon,YOR251C,0.0242,0.1095,5
colon,YOR252W,-0.411,0.4934,5
colon,YOR253W,-0.347,0.1631,5
colon,YOR254C,-0.3504,0.4666,5
colon,YOR255W,-0.025,0.1739,5
colon,YOR256C,0.159,0.167,5
colon,YOR257W,-0.1762,0.1556,5
colon,YOR258W,0.0626,0.1574,5
colon,YOR259C,-0.022,0.544,5
colon,YOR260W,-0.1316,0.1579,5
colon,YOR261C,0.1348,0.6191,5
colon,YOR262W,0.2254,0.1531,5
colon,YOR263C,-0.4322,0.2876,5
colon,YOR264W,-0.324,0.3422,5
colon,YOR265W,0.1146,0.2269,5
colon,YOR266W,-0.0426,0.1,5
colon,YOR267C,0.2022,0.5836,5
colon,YOR268C,-0.043,0.1614,5
colon,YOR269W,0.0577,0.4264,5
colon,YOR270C,-0.0958,0.1319,5
colon,YOR271C,-0.42,0.2757,5
colon,YOR272W,-0.3165,0.7255,5
colon,YOR273C,0.1903,0.4256,5
colon,YOR274W,0.1678,0.1724,5
colon,YOR275C,0.2694,0.5242,5
colon,YOR276W,-0.3254,0.3205,5
colon,YOR277C,-0.433,0.2215,5
colon,YOR278W,0.2134,0.1738,5
colon,YOR279C,-0.0674,0.1,5
colon,YOR280C,0.2262,0.2462,5
colon,YOR281C,-0.1024,0.1742,5
colon,YOR282W,-0.2458,0.1499,5
colon,YOR283W,-0.1022,0.1331,5
colon,YOR284W,-0.0236,0.2179,5
colon,YOR285W,0.4864,0.7231,5
colon,YOR286W,-0.1036,0.1,5
colon,YOR287C,-0.4808,0.5119,5
colon,YOR288C,0.3706,0.4575,5
colon,YOR289W,0.9058,0.9164,5
colon,YOR290C,-0.0126,0.1,5
colon,YOR291W,-0.0353,0.1866,5
colon,YOR292C,0.3658,0.5101,5
colon,YOR293W,-0.4382,0.4452,5
colon,YOR294W,-0.443,0.3497,5
colon,YOR295W,0.044,0.1,5
colon,YOR296W,-0.0854,0.1043,5
colon,YOR297C,-0.0866,0.1485,5
colon,YOR298W,0.3622,0.7163,5
colon,YOR299W,-0.0274,0.1639,5
colon,YOR300W,-0.0698,0.3173,5
colon,YOR301W,-0.048,0.1906,5
colon,YOR302W,-0.249,0.2314,5
colon,YOR303W,-0.107,0.1907,5
colon,YOR304C-A,0.381,1.3294,5
colon,YOR304W,-0.1134,0.1195,5
colon,YOR305W,-0.2132,0.1298,5
colon,YOR306C,-0.3,0.2022,5
colon,YOR307C,-0.0844,0.1937,5
colon,YOR308C,0.04,0.1651,5
colon,YOR309C,-0.6588,0.8899,5
colon,YOR310C,-0.461,0.9769,5
colon,YOR311C,-0.0202,0.1235,5
colon,YOR312C,-0.2758,0.6785,5
colon,YOR313C,-0.5036,0.8528,5
colon,YOR314W,-0.1052,0.1883,5
colon,YOR315W,-1.0032,1.1755,5
colon,YOR316C,0.3098,0.1288,5
colon,YOR317W,0.5542,0.5232,5
colon,YOR318C,0.164,0.181,5
colon,YOR319W,-0.1106,0.154,5
colon,YOR320C,-0.23,0.2792,5
colon,YOR321W,-0.0594,0.1065,5
colon,YOR322C,-0.0516,0.1407,5
colon,YOR323C,0.0752,0.1935,5
colon,YOR324C,0.0968,0.2037,5
colon,YOR325W,-0.035,0.1908,5
colon,YOR326W,-0.0108,0.1888,5
colon,YOR327C,-0.9952,1.0295,5
colon,YOR328W,0.0344,0.12,5
colon,YOR329C,-0.0182,0.2267,5
colon,YOR330C,0.1082,0.1175,5
colon,YOR331C,0.0978,0.4769,5
colon,YOR332W,-0.1322,0.2762,5
colon,YOR333C,-0.2058,0.1591,5
colon,YOR334W,-0.0484,0.1266,5
colon,YOR335C,-0.2801,0.4865,5
colon,YOR336W,-0.0391,0.1,5
colon,YOR337W,-0.2125,0.3713,5
colon,YOR338W,0.2401,0.2659,5
colon,YOR339C,-0.2423,0.253,5
colon,YOR340C,-0.5314,0.6245,5
colon,YOR341W,-0.1832,0.3139,5
colon,YOR342C,-0.36,0.3717,5
colon,YOR343C,-0.162,0.1204,5
colon,YOR344C,-0.0032,0.2454,5
colon,YOR345C,-0.1928,0.189,5
colon,YOR346W,-0.1327,0.1908,5
colon,YOR347C,-0.0166,0.1789,5
colon,YOR348C,0.09,0.227,5
colon,YOR349W,-0.0668,0.1,5
colon,YOR350C,-0.0092,0.1945,5
colon,YOR351C,0.1313,0.1356,5
colon,YOR352W,0.035,0.2607,5
colon,YOR353C,-0.1562,0.2005,5
colon,YOR354C,-0.1416,0.1434,5
colon,YOR355W,0.045,0.3957,5
colon,YOR356W,-0.0874,0.1405,5
colon,YOR357C,-0.0804,0.2847,5
colon,YOR358W,-0.0225,0.16,5
colon,YOR359W,-0.2995,0.1127,5
colon,YOR360C,0.3342,0.3507,5
colon,YOR361C,-0.1149,0.1889,5
colon,YOR362C,-0.1684,0.3885,5
colon,YOR363C,-0.0862,0.1742,5
colon,YOR364W,-0.0362,0.1,5
colon,YOR365C,-0.0234,0.1696,5
colon,YOR366W,-0.001,0.1299,5
colon,YOR367W,0.0474,0.1999,5
colon,YOR368W,0.0098,0.1503,5
colon,YOR369C,-0.5528,0.64,5
colon,YOR370C,-0.295,0.1531,5
colon,YOR371C,-0.0986,0.124,5
colon,YOR372C,-0.0998,0.284,5
colon,YOR373W,-0.0809,0.1234,5
colon,YOR374W,0.5534,1.1068,5
colon,YOR375C,-0.3542,0.3536,5
colon,YOR376W,-0.3414,0.2432,5
colon,YOR377W,-0.208,0.2944,5
colon,YOR378W,-0.1624,0.1729,5
colon,YOR379C,-0.237,0.1417,5
colon,YOR380W,-0.1193,0.1122,5
colon,YOR381W,-0.1482,0.1661,5
colon,YOR382W,0.0562,0.1607,5
colon,YOR383C,-0.1017,0.1663,5
colon,YOR384W,-0.032,0.1651,5
colon,YOR385W,-0.3054,0.2908,5
colon,YOR386W,0.0648,0.4168,5
colon,YOR387C,0.051,0.224,5
colon,YOR388C,-0.1806,0.1979,5
colon,YOR389W,-0.045,0.1626,5
colon,YOR390W,-0.0088,0.1619,5
colon,YOR391C,-0.0856,0.1941,5
colon,YOR392W,-0.061,0.1591,5
colon,YOR393W,-0.0808,0.108,5
colon,YOR394W,-0.1412,0.1831,5
colon,YPL001W,0.2606,0.2232,5
colon,YPL002C,0.1936,0.4227,5
colon,YPL003W,0.273,0.4766,5
colon,YPL004C,0.353,0.533,5
colon,YPL005W,-0.1459,0.1017,5
colon,YPL006W,-0.029,0.12,5
colon,YPL007C,-0.0732,0.1,5
colon,YPL008W,-0.1669,0.1002,5
colon,YPL009C,0.004,0.1386,5
colon,YPL010W,-0.2062,0.2735,5
colon,YPL011C,-0.1542,0.1665,5
colon,YPL012W,-0.3769,0.4539,5
colon,YPL013C,-0.4244,0.7738,5
colon,YPL014W,-0.309,0.3796,5
colon,YPL015C,0.19,0.3437,5
colon,YPL016W,0.0585,0.158,5
colon,YPL017C,0.1702,0.3957,5
colon,YPL018W,0.3018,0.185,5
colon,YPL019C,-0.3212,0.6469,5
colon,YPL020C,-0.1632,0.2002,5
colon,YPL021W,-0.0738,0.12,5
colon,YPL022W,-0.0619,0.1,5
colon,YPL023C,-0.1606,0.1891,5
colon,YPL024W,-0.1172,0.2107,5
colon,YPL025C,0.1066,0.3899,5
colon,YPL026C,0.1276,0.1204,5
colon,YPL027W,0.0926,0.3156,5
colon,YPL028W,-0.125,0.1792,5
colon,YPL029W,-0.2094,0.1328,5
colon,YPL030W,-0.1709,0.101,5
colon,YPL031C,-0.1318,0.2698,5
colon,YPL032C,-0.1088,0.4375,5
colon,YPL033C,-0.0966,0.1762,5
colon,YPL034W,0.0394,0.2793,5
colon,YPL035C,-0.0562,0.2795,5
colon,YPL036W,-0.2695,0.1268,5
colon,YPL037C,-0.4762,0.3983,5
colon,YPL038W,-0.2012,0.2197,5
colon,YPL039W,-0.0825,0.1,5
colon,YPL040C,-0.1656,0.1,5
colon,YPL041C,-0.0196,0.205,5
colon,YPL042C,-0.1031,0.2005,5
colon,YPL043W,-0.7712,0.5919,5
colon,YPL044C,-0.3814,0.34,5
colon,YPL045W,-0.1637,0.1298,5
colon,YPL046C,-0.1376,0.1,5
colon,YPL047W,-0.1777,0.1353,5
colon,YPL048W,-0.1996,0.4413,5
colon,YPL049C,-0.0568,0.3122,5
colon,YPL050C,-0.3596,0.3241,5
colon,YPL051W,-0.1674,0.2562,5
colon,YPL052W,0.1006,0.1433,5
colon,YPL053C,-0.0226,0.1865,5
colon,YPL054W,0.712,0.7968,5
colon,YPL055C,-0.1448,0.2014,5
colon,YPL056C,-0.129,0.1887,5
colon,YPL057C,0.4288,0.6627,5
colon,YPL058C,-0.1306,0.1433,5
colon,YPL059W,0.1196,0.2461,5
colon,YPL060W,0.7104,0.6238,5
colon,YPL061W,0.2358,1.1544,5
colon,YPL062W,-0.0772,0.1331,5
colon,YPL063W,-0.1338,0.1615,5
colon,YPL064C,0.211,0.5828,5
colon,YPL065W,0.0194,0.3452,5
colon,YPL066W,0.0622,0.3971,5
colon,YPL067C,-0.1768,0.1968,5
colon,YPL068C,0.0386,0.1614,5
colon,YPL069C,0.008,0.3014,5
colon,YPL070W,0.1608,0.3897,5
colon,YPL071C,-0.0542,0.1403,5
colon,YPL072W,-0.0886,0.3026,5
colon,YPL073C,-0.2353,0.1221,5
colon,YPL074W,-0.1031,0.13,5
colon,YPL075W,-0.3737,0.2498,5
colon,YPL076W,-0.134,0.2513,5
colon,YPL077C,-0.0872,0.1,5
colon,YPL078C,-0.0484,0.1738,5
colon,YPL079W,-0.2678,0.6405,5
colon,YPL080C,-0.562,0.1997,5
colon,YPL081W,-0.3686,0.534,5
colon,YPL082C,-0.2578,0.1617,5
colon,YPL083C,-0.252,0.2699,5
colon,YPL084W,0.0416,0.1632,5
colon,YPL085W,-0.1917,0.1057,5
colon,YPL086C,-0.243,0.4857,5
colon,YPL087W,0.1696,0.4155,5
colon,YPL088W,0.0998,0.1555,5
colon,YPL089C,-0.11,0.1,5
colon,YPL090C,-0.5476,0.7246,5
colon,YPL091W,0.0802,0.2738,5
colon,YPL092W,-0.2792,0.2989,5
colon,YPL093W,-0.4813,0.516,5
colon,YPL094C,-0.5454,0.4261,5
colon,YPL095C,-0.0852,0.1505,5
colon,YPL096W,0.0054,0.1902,5
colon,YPL097W,-0.099,0.1,5
colon,YPL098C,-0.1604,0.1804,5
colon,YPL099C,-0.0206,0.2686,5
colon,YPL100W,0.0576,0.1,5
colon,YPL101W,0.485,0.25,5
colon,YPL102C,-0.206,0.1,5
colon,YPL103C,-0.1516,0.1,5
colon,YPL104W,0.2332,0.2092,5
colon,YPL105C,-0.2048,0.1552,5
colon,YPL106C,-0.0616,0.3872,5
colon,YPL107W,0.0888,0.2543,5
colon,YPL108W,-0.0778,0.1401,5
colon,YPL109C,0.0934,0.3925,5
colon,YPL110C,0.0786,0.1231,5
colon,YPL111W,-0.0038,0.3694,5
colon,YPL112C,-0.1062,0.144,5
colon,YPL113C,-0.0994,0.1568,5
colon,YPL114W,-0.0354,0.2237,5
colon,YPL115C,-0.2454,0.113,5
colon,YPL116W,0.0988,0.2071,5
colon,YPL117C,-0.4214,0.2584,5
colon,YPL118W,-0.0506,0.1681,5
colon,YPL119C,-0.1316,0.1119,5
colon,YPL120W,-0.0256,0.1134,5
colon,YPL121C,-0.0496,0.2597,5
colon,YPL122C,0.0232,0.1,5
colon,YPL123C,-0.044,0.6846,5
colon,YPL124W,-0.2818,0.2187,5
colon,YPL125W,-0.0054,0.3078,5
colon,YPL126W,-0.9122,0.8984,5
colon,YPL127C,-0.2191,0.3738,5
colon,YPL128C,-0.1372,0.4341,5
colon,YPL129W,-0.0998,0.1298,5
colon,YPL130W,0.0052,0.363,5
colon,YPL131W,-0.0618,0.398,5
colon,YPL132W,0.1142,0.2514,5
colon,YPL133C,0.0554,0.2791,5
colon,YPL134C,0.2916,0.1,5
colon,YPL135W,-0.0178,0.2321,5
colon,YPL136W,0.1156,0.1,5
colon,YPL137C,-0.0213,0.2118,5
colon,YPL138C,0.3052,0.1064,5
colon,YPL139C,-0.0536,0.3099,5
colon,YPL140C,0.2552,0.1268,5
colon,YPL141C,-0.1604,0.3875,5
colon,YPL142C,-0.3074,0.4648,5
colon,YPL143W,-0.286,0.5167,5
colon,YPL144W,-0.236,0.1,5
colon,YPL145C,-0.0978,0.1824,5
colon,YPL146C,-0.4514,0.7089,5
colon,YPL147W,0.126,0.3921,5
colon,YPL148C,0.306,0.2652,5
colon,YPL149W,0.0132,0.1445,5
colon,YPL150W,0.0103,0.2644,5
colon,YPL151C,0.0988,0.1958,5
colon,YPL152W,0.3898,0.3201,5
colon,YPL153C,-0.1612,0.1593,5
colon,YPL154C,0.7596,0.5988,5
colon,YPL155C,0.054,0.2094,5
colon,YPL156C,-0.1234,0.3138,5
colon,YPL157W,-0.2676,0.2308,5
colon,YPL158C,-0.3132,0.5284,5
colon,YPL159C,0.4818,0.4739,5
colon,YPL160W,-0.3383,0.4599,5
colon,YPL161C,-0.1054,0.2218,5
colon,YPL162C,0.1386,0.1,5
colon,YPL163C,-0.1188,0.6402,5
colon,YPL164C,0.3074,0.3398,5
colon,YPL165C,0.2262,0.797,5
colon,YPL166W,0.3826,0.5289,5
colon,YPL167C,-0.4982,0.9295,5
colon,YPL168W,0.057,0.2254,5
colon,YPL169C,0.042,0.2924,5
colon,YPL170W,-0.1054,0.1904,5
colon,YPL171C,-0.1498,0.1018,5
colon,YPL172C,-0.1582,0.1044,5
colon,YPL173W,-0.1026,0.1243,5
colon,YPL174C,-0.1958,0.109,5
colon,YPL175W,-0.1306,0.1106,5
colon,YPL176C,0.0968,0.1,5
colon,YPL177C,0.045,0.1,5
colon,YPL178W,-0.0218,0.1637,5
colon,YPL179W,0.1266,0.1,5
colon,YPL180W,0.1012,0.1,5
colon,YPL181W,-0.1586,0.1,5
colon,YPL182C,0.0352,0.1,5
colon,YPL183C,-0.539,0.6269,5
colon,YPL184C,0.0628,0.1519,5
colon,YPL185W,0.0124,0.1731,5
colon,YPL186C,0.1792,0.1295,5
colon,YPL187W,-0.1082,0.1858,5
colon,YPL188W,-0.1272,0.1,5
colon,YPL189W,0.0524,0.2889,5
colon,YPL190C,0.0138,0.1722,5
colon,YPL191C,0.2067,0.2871,5
colon,YPL192C,-0.0626,0.1266,5
colon,YPL193W,-0.1358,0.306,5
colon,YPL194W,0.0258,0.1487,5
colon,YPL195W,-0.0418,0.1986,5
colon,YPL196W,0.4094,0.4943,5
colon,YPL197C,-0.2543,0.3109,5
colon,YPL198W,-0.421,0.5611,5
colon,YPL199C,-0.1214,0.2286,5
colon,YPL200W,-0.1808,0.1608,5
colon,YPL201C,-0.0554,0.1226,5
colon,YPL202C,-0.1206,0.1171,5
colon,YPL203W,0.3156,0.5982,5
colon,YPL204W,0.0914,0.1,5
colon,YPL205C,0.1466,0.1658,5
colon,YPL206C,0.4148,0.3392,5
colon,YPL207W,-0.3452,0.5191,5
colon,YPL208W,0.0434,0.2188,5
colon,YPL209C,-0.0264,0.2738,5
colon,YPL210C,-0.2624,0.2224,5
colon,YPL211W,-0.2532,0.5681,5
colon,YPL212C,-0.412,0.4921,5
colon,YPL213W,-0.1048,0.3022,5
colon,YPL214C,0.18,0.2238,5
colon,YPL215W,0.1176,0.4445,5
colon,YPL216W,0.108,0.1537,5
colon,YPL217C,-0.1142,0.4509,5
colon,YPL218W,-0.1806,0.2786,5
colon,YPL219W,0.0644,0.1306,5
colon,YPL220W,-0.1418,0.54,5
colon,YPL221W,0.066,0.2081,5
colon,YPL222W,0.0039,0.1773,5
colon,YPL223C,-0.1254,0.495,5
colon,YPL224C,0.3886,0.3263,5
colon,YPL225W,0.3166,0.3122,5
colon,YPL226W,-0.5122,0.6089,5
colon,YPL227C,0.1632,0.5394,5
colon,YPL228W,0.2544,0.2887,5
colon,YPL229W,0.1284,0.1966,5
colon,YPL230W,0.7076,0.7119,5
colon,YPL231W,-0.3465,0.2641,5
colon,YPL232W,-0.0088,0.1,5
colon,YPL233W,-0.1788,0.2567,5
colon,YPL234C,-0.1222,0.2259,5
colon,YPL235W,-0.2924,0.1439,5
colon,YPL236C,0.1135,0.3762,5
colon,YPL237W,-0.1034,0.3395,5
colon,YPL238C,-0.1772,0.3359,5
colon,YPL239W,-0.3644,0.2649,5
colon,YPL240C,0.177,0.9845,5
colon,YPL241C,-0.3494,0.4362,5
colon,YPL242C,-0.1776,0.2774,5
colon,YPL243W,-0.1366,0.1885,5
colon,YPL244C,-0.2272,0.2116,5
colon,YPL245W,-0.262,0.1547,5
colon,YPL246C,-0.1998,0.1607,5
colon,YPL247C,-0.043,0.2013,5
colon,YPL248C,-0.1487,0.1785,5
colon,YPL249C,0.0628,0.1663,5
colon,YPL250C,-0.0102,0.2549,5
colon,YPL251W,-0.2618,0.1799,5
colon,YPL252C,-0.0504,0.1763,5
colon,YPL253C,-0.2456,0.2482,5
colon,YPL254W,-0.0214,0.2336,5
colon,YPL255W,-0.089,0.1998,5
colon,YPL256C,-0.0506,0.4936,5
colon,YPL257W,-0.0378,0.3104,5
colon,YPL258C,0.3355,0.3702,5
colon,YPL259C,0.1332,0.4217,5
colon,YPL260W,0.2903,0.5266,5
colon,YPL261C,-0.0894,0.1919,5
colon,YPL262W,-0.0247,0.1,5
colon,YPL263C,-0.4211,0.4206,5
colon,YPL264C,-0.008,0.1903,5
colon,YPL265W,-0.1644,0.8668,5
colon,YPL266W,-0.3076,0.5561,5
colon,YPL267W,-0.4696,0.4848,5
colon,YPL268W,-0.2458,0.1,5
colon,YPL269W,-0.1168,0.168,5
colon,YPL270W,0.0728,0.1773,5
colon,YPL271W,-0.202,0.1503,5
colon,YPL272C,0.4243,0.4675,5
colon,YPL273W,-0.244,0.3222,5
colon,YPL274W,-0.509,0.6555,5
colon,YPL275W,-0.0202,0.1,5
colon,YPL276W,0.018,0.1889,5
colon,YPL277C,0.0616,0.3795,5
colon,YPL278C,-0.129,0.1051,5
colon,YPL279C,-0.117,0.2598,5
colon,YPL280W,-0.0168,0.1,5
colon,YPL281C,0.0743,0.2661,5
colon,YPL282C,-0.11,0.1309,5
colon,YPL283C,-0.2804,0.1902,5
colon,YPR001W,0.1538,0.213,5
colon,YPR002W,0.0952,0.437,5
colon,YPR003C,0.287,0.2828,5
colon,YPR004C,-0.0672,0.2348,5
colon,YPR005C,0.3862,0.5294,5
colon,YPR006C,-0.065,0.1697,5
colon,YPR007C,0.1846,0.3548,5
colon,YPR008W,-0.011,0.2509,5
colon,YPR009W,-0.4162,0.442,5
colon,YPR010C,-0.6372,0.5218,5
colon,YPR011C,0.105,0.271,5
colon,YPR012W,-0.0426,0.1383,5
colon,YPR013C,-0.0946,0.1537,5
colon,YPR014C,-0.189,0.1933,5
colon,YPR015C,0.25,0.5506,5
colon,YPR016C,-0.0485,0.2016,5
colon,YPR017C,0.1128,0.1,5
colon,YPR018W,-0.2694,0.2931,5
colon,YPR019W,-0.054,0.3807,5
colon,YPR020W,-0.2318,0.532,5
colon,YPR021C,0.0164,0.1505,5
colon,YPR022C,-0.4474,0.6837,5
colon,YPR023C,0.0316,0.1326,5
colon,YPR024W,0.14,0.2682,5
colon,YPR025C,0.3744,0.4107,5
colon,YPR026W,0.2834,0.5047,5
colon,YPR027C,0.0766,0.2769,5
colon,YPR028W,0.0318,0.1224,5
colon,YPR029C,0.1076,0.1998,5
colon,YPR030W,-0.1039,0.1396,5
colon,YPR031W,-0.167,0.294,5
colon,YPR032W,-0.0122,0.1,5
colon,YPR033C,-0.2858,0.5266,5
colon,YPR034W,-0.244,0.2461,5
colon,YPR035W,-0.5188,0.5635,5
colon,YPR036W,-0.2182,0.1246,5
colon,YPR037C,-0.046,0.209,5
colon,YPR038W,-0.155,0.2205,5
colon,YPR039W,-0.0028,0.2112,5
colon,YPR040W,-0.108,0.1973,5
colon,YPR041W,-0.1742,0.1353,5
colon,YPR042C,-0.1349,0.1799,5
colon,YPR043W,-0.3288,0.3937,5
colon,YPR044C,-0.4001,0.359,5
colon,YPR045C,0.2172,0.1748,5
colon,YPR046W,0.1846,0.1869,5
colon,YPR047W,0.2534,0.1,5
colon,YPR048W,-0.1522,0.1401,5
colon,YPR049C,0.1871,0.2107,5
colon,YPR050C,-0.188,0.1366,5
colon,YPR051W,-0.1468,0.1796,5
colon,YPR052C,-0.2944,0.1899,5
colon,YPR053C,-0.3264,0.3198,5
colon,YPR054W,-0.003,0.2154,5
colon,YPR055W,0.1108,0.1568,5
colon,YPR056W,-0.2322,0.1679,5
colon,YPR057W,0.113,0.1495,5
colon,YPR058W,-0.195,0.2083,5
colon,YPR059C,-0.2282,0.1835,5
colon,YPR060C,-0.1928,0.1625,5
colon,YPR061C,0.2036,0.4337,5
colon,YPR062W,-0.3346,0.1665,5
colon,YPR063C,-0.0328,0.1513,5
colon,YPR064W,-0.075,0.1368,5
colon,YPR065W,-0.0247,0.132,5
colon,YPR066W,0.018,0.1,5
colon,YPR067W,0.2164,0.2859,5
colon,YPR068C,0.1034,0.2063,5
colon,YPR069C,-0.1293,0.2083,5
colon,YPR070W,-0.0418,0.1185,5
colon,YPR071W,0.0795,0.2706,5
colon,YPR072W,-0.1302,0.1327,5
colon,YPR073C,-0.0056,0.1,5
colon,YPR074C,-0.431,0.289,5
colon,YPR075C,0.0694,0.1242,5
colon,YPR076W,-0.152,0.1,5
colon,YPR077C,-0.0584,0.1447,5
colon,YPR078C,0.2292,0.3042,5
colon,YPR079W,0.0906,0.1353,5
colon,YPR080W,-0.2478,0.385,5
colon,YPR081C,0.0902,0.415,5
colon,YPR082C,-0.1792,0.1296,5
colon,YPR083W,-0.1529,0.1788,5
colon,YPR084W,0.0572,0.2134,5
colon,YPR085C,0.0654,0.29,5
colon,YPR086W,-0.0108,0.1728,5
colon,YPR087W,-0.5684,0.432,5
colon,YPR088C,-0.1656,0.2059,5
colon,YPR089W,-0.0774,0.1248,5
colon,YPR090W,0.0712,0.1389,5
colon,YPR091C,0.033,0.2252,5
colon,YPR092W,-0.1806,0.3651,5
colon,YPR093C,-0.0038,0.1527,5
colon,YPR094W,-0.0948,0.2079,5
colon,YPR095C,-0.1662,0.1067,5
colon,YPR096C,-0.0554,0.182,5
colon,YPR097W,-0.2792,0.1,5
colon,YPR098C,0.3032,0.2808,5
colon,YPR099C,0.0758,0.1386,5
colon,YPR100W,0.0534,0.3235,5
colon,YPR101W,0.0344,0.2516,5
colon,YPR102C,-0.2568,0.5234,5
colon,YPR103W,0.069,0.2403,5
colon,YPR104C,-0.2585,0.1906,5
colon,YPR105C,0.0132,0.2062,5
colon,YPR106W,0.1744,0.2798,5
colon,YPR107C,0.284,0.2609,5
colon,YPR108W,0.1848,0.6767,5
colon,YPR109W,-0.0868,0.1709,5
colon,YPR110C,-0.6996,0.7167,5
colon,YPR111W,0.0482,0.1,5
colon,YPR112C,-0.5236,0.4424,5
colon,YPR113W,0.022,0.2956,5
colon,YPR114W,-0.1424,0.4402,5
colon,YPR115W,0.0445,0.1337,5
colon,YPR116W,-0.2742,0.3876,5
colon,YPR117W,-0.0898,0.1661,5
colon,YPR118W,-0.1528,0.3277,5
colon,YPR119W,-0.197,0.6023,5
colon,YPR120C,-0.2238,0.3362,5
colon,YPR121W,0.3992,0.2981,5
colon,YPR122W,-0.2295,0.2179,5
colon,YPR123C,-0.14,0.171,5
colon,YPR124W,-0.357,0.7335,5
colon,YPR125W,-0.0874,0.2023,5
colon,YPR126C,-0.0404,0.2423,5
colon,YPR127W,0.0768,0.1943,5
colon,YPR128C,0.0864,0.1802,5
colon,YPR129W,-0.5046,0.4074,5
colon,YPR130C,-0.2272,0.162,5
colon,YPR131C,0.139,0.1044,5
colon,YPR132W,-0.1216,0.2866,5
colon,YPR133C,0.071,0.2268,5
colon,YPR134W,0.0299,0.1141,5
colon,YPR135W,-0.0713,0.1807,5
colon,YPR136C,-0.168,0.1574,5
colon,YPR137W,-0.145,0.4382,5
colon,YPR138C,-0.0966,0.1469,5
colon,YPR139C,-0.1106,0.1768,5
colon,YPR140W,0.1592,0.1275,5
colon,YPR141C,-0.1464,0.3798,5
colon,YPR142C,-0.5856,0.605,5
colon,YPR143W,-0.549,0.6051,5
colon,YPR144C,-0.261,0.6013,5
colon,YPR145W,-0.5904,0.743,5
colon,YPR146C,-0.1388,0.1995,5
colon,YPR147C,0.0071,0.1075,5
colon,YPR148C,0.1922,0.3507,5
colon,YPR149W,1.065,0.7892,5
colon,YPR150W,0.3184,0.4033,5
colon,YPR151C,0.1878,0.1,5
colon,YPR152C,-0.0849,0.1397,5
colon,YPR153W,-0.0658,0.1421,5
colon,YPR154W,0.0306,0.1,5
colon,YPR155C,0.3588,0.4065,5
colon,YPR156C,-0.2156,0.8369,5
colon,YPR157W,-0.1972,0.1,5
colon,YPR158W,0.5294,1.1017,5
colon,YPR159W,0.2366,0.2969,5
colon,YPR160W,-0.0713,0.1986,5
colon,YPR161C,0.038,0.1,5
colon,YPR162C,-0.222,0.1344,5
colon,YPR163C,-0.5726,0.6408,5
colon,YPR164W,-0.1709,0.1413,5
colon,YPR165W,0.067,0.1079,5
colon,YPR166C,-0.3146,0.1497,5
colon,YPR167C,0.2192,0.3159,5
colon,YPR168W,-0.095,0.1162,5
colon,YPR169W,-0.0202,0.3125,5
colon,YPR170C,-0.012,0.2547,5
colon,YPR171W,0.12,0.1567,5
colon,YPR172W,0.1906,0.3799,5
colon,YPR173C,-0.515,0.2542,5
colon,YPR174C,-0.1424,0.2132,5
colon,YPR175W,-0.0468,0.2031,5
colon,YPR176C,0.2992,0.2357,5
colon,YPR177C,-0.1672,0.1154,5
colon,YPR178W,-0.0,0.1,5
colon,YPR179C,0.0544,0.3005,5
colon,YPR180W,0.116,0.2703,5
colon,YPR181C,-0.0112,0.1,5
colon,YPR182W,-0.1788,0.1518,5
colon,YPR183W,-0.4008,0.3343,5
colon,YPR184W,0.2928,0.3868,5
colon,YPR185W,0.0562,0.169,5
colon,YPR186C,0.0744,0.1,5
colon,YPR187W,-0.4644,0.4628,5
colon,YPR188C,-0.149,0.1834,5
colon,YPR189W,-0.192,0.1479,5
colon,YPR190C,-0.2916,0.3614,5
colon,YPR191W,-0.056,0.211,5
colon,YPR192W,0.115,0.1144,5
colon,YPR193C,-0.0942,0.1,5
colon,YPR194C,-0.0876,0.1,5
colon,YPR195C,-0.0657,0.1516,5
colon,YPR196W,0.1386,0.1,5
colon,YPR197C,-0.021,0.1453,5
colon,YPR198W,0.043,0.1556,5
colon,YPR199C,0.4606,0.4244,5
colon,YPR200C,0.1344,0.2885,5
colon,YPR201W,0.181,0.2954,5
colon,YPR202W,0.0972,0.118,5
colon,YPR203W,-0.1444,0.3098,5
colon,YPR204W,-0.2412,0.305,5
