CDF87166.1	NC_001136.10	79.255	376	381	3	378	159616	160743	0.0	636
CDF87166.1	NC_001136.10	26.873	387	381	9	378	9747	8698	1.43e-16	80.5
CDF87166.1	NC_001134.8	28.852	305	381	1	302	533762	534589	2.71e-24	103
CDF87166.1	NC_001145.3	27.187	320	381	3	319	874340	873471	6.01e-21	94.0
CDF87166.1	NC_001145.3	28.996	269	381	2	267	434863	435585	6.77e-21	93.6
CDF87166.1	NC_001147.6	27.832	309	381	3	305	160597	159767	4.52e-20	91.3
CDF87166.1	NC_001144.5	26.684	386	381	8	378	275202	274156	4.29e-19	88.2
CDF87167.1	NC_001140.6	58.900	691	683	2	683	190549	192615	0.0	826
CDF87167.1	NC_001138.5	29.558	362	683	283	637	215304	216275	3.32e-29	123
CDF87168.1	NC_001142.9	60.596	302	296	1	296	313921	313019	2.46e-127	398
CDF87169.1	NC_001145.3	42.996	514	556	69	553	167059	165542	4.72e-116	377
CDF87169.1	NC_001146.8	33.981	103	556	79	180	417281	416979	2.08e-12	68.9
CDF87170.1	NC_001147.6	41.039	558	567	9	557	988602	986935	3.14e-135	433
CDF87170.1	NC_001147.6	30.926	540	567	44	565	286379	287926	3.39e-65	230
CDF87170.1	NC_001148.4	35.539	529	567	35	556	41238	42794	2.27e-96	321
CDF87170.1	NC_001148.4	28.777	556	567	14	562	23049	24653	1.19e-52	193
CDF87170.1	NC_001146.8	34.160	524	567	47	563	138853	140370	5.26e-90	302
CDF87170.1	NC_001146.8	33.099	568	567	9	566	137586	135946	1.27e-79	272
CDF87170.1	NC_001137.3	31.053	570	567	6	566	33337	31700	8.50e-84	284
CDF87170.1	NC_001134.8	30.571	543	567	29	553	501271	499670	3.92e-75	259
CDF87170.1	NC_001134.8	29.603	554	567	19	554	375516	373900	1.79e-72	251
CDF87170.1	NC_001134.8	28.767	584	567	2	562	378337	376682	1.75e-62	222
CDF87172.1	NC_001144.5	25.285	439	476	40	464	1012618	1013766	1.22e-28	119
CDF87172.1	NC_001147.6	25.901	444	476	29	463	58864	60012	6.46e-28	116
CDF87172.1	NC_001146.8	20.763	472	476	24	472	734390	735730	7.00e-19	89.0
CDF87174.1	NC_001143.9	75.796	314	314	1	314	25215	26156	9.72e-165	506
CDF87175.1	NC_001140.6	64.993	737	743	1	734	74244	72073	0.0	993
CDF87178.1	NC_001139.9	48.485	198	203	1	196	411561	412154	1.57e-60	202
CDF87179.1	NC_001139.9	91.852	405	405	1	405	411286	410072	0.0	782
CDF87179.1	NC_001139.9	38.462	247	405	146	386	1028600	1029331	6.28e-52	186
CDF87179.1	NC_001139.9	33.913	230	405	146	372	542467	543138	5.62e-34	133
CDF87179.1	NC_001136.10	47.892	332	405	72	403	438362	439357	2.74e-103	334
CDF87179.1	NC_001136.10	42.670	382	405	7	385	1261783	1262910	1.51e-87	289
CDF87179.1	NC_001136.10	38.745	271	405	104	373	238142	237357	6.18e-61	212
CDF87179.1	NC_001136.10	35.241	332	405	64	384	237440	236463	2.21e-56	199
CDF87179.1	NC_001136.10	33.333	150	405	168	314	1225801	1225385	1.39e-13	71.6
CDF87179.1	NC_001143.9	51.133	309	405	83	391	174642	175568	5.39e-100	325
CDF87179.1	NC_001143.9	38.667	225	405	150	365	71771	71106	2.24e-41	155
CDF87179.1	NC_001147.6	45.938	357	405	33	389	813492	812443	3.90e-98	319
CDF87179.1	NC_001147.6	49.310	290	405	107	396	545446	546315	1.01e-90	298
CDF87179.1	NC_001144.5	34.817	382	405	23	398	913680	912631	1.05e-57	202
CDF87179.1	NC_001144.5	39.827	231	405	146	371	914166	913483	1.64e-50	181
CDF87179.1	NC_001144.5	38.272	243	405	142	380	71568	70852	2.51e-48	175
CDF87179.1	NC_001144.5	38.034	234	405	143	371	72549	71857	5.12e-43	160
CDF87180.1	NC_001139.9	49.716	1056	1095	43	1088	824137	826893	0.0	871
CDF87180.1	NC_001139.9	52.632	760	1095	376	1095	409103	406863	0.0	718
CDF87180.1	NC_001139.9	32.819	259	1095	55	309	409490	408831	8.14e-19	91.7
CDF87181.1	NC_001139.9	60.262	229	236	1	228	405776	406462	6.41e-82	265
CDF87182.1	NC_001139.9	85.976	328	329	8	328	827570	828544	0.0	583
CDF87182.1	NC_001145.3	31.016	187	329	9	188	26942	27490	4.28e-13	68.9
CDF87183.1	NC_001143.9	67.781	658	822	80	717	608020	606077	0.0	923
CDF87183.1	NC_001147.6	60.558	573	822	52	608	479248	477539	0.0	713
CDF87183.1	NC_001145.3	28.535	389	822	104	467	901118	899988	4.73e-32	134
CDF87184.1	NC_001147.6	33.834	733	693	8	689	474642	476786	3.20e-107	357
CDF87185.1	NC_001147.6	32.734	278	284	12	232	474383	473550	2.20e-34	130
CDF87186.1	NC_001147.6	39.645	169	173	13	172	472872	473363	5.58e-25	99.4
CDF87187.1	NC_001143.9	27.715	267	282	14	265	457063	456362	6.51e-18	82.4
CDF87187.1	NC_001146.8	27.881	269	282	23	278	259635	260378	1.35e-17	81.6
CDF87187.1	NC_001141.2	29.018	224	282	30	248	126231	126845	6.68e-12	64.3
CDF87187.1	NC_001141.2	29.767	215	282	29	228	422862	422278	3.63e-11	62.4
CDF87188.1	NC_001143.9	54.397	307	333	16	322	605322	604432	1.57e-108	346
CDF87189.1	NC_001147.6	49.189	185	246	2	185	471896	472429	7.51e-47	165
CDF87190.1	NC_001143.9	52.887	1091	1087	10	1087	599899	603066	0.0	1101
CDF87190.1	NC_001143.9	37.481	667	1087	360	992	289061	290998	1.97e-122	414
CDF87190.1	NC_001137.3	48.810	672	1087	328	999	180182	182140	0.0	681
CDF87190.1	NC_001139.9	46.386	664	1087	356	1004	283697	281742	0.0	593
CDF87190.1	NC_001146.8	44.091	660	1087	361	993	646305	644377	1.20e-162	533
CDF87190.1	NC_001144.5	31.261	595	1087	364	902	960225	961961	1.04e-75	274
CDF87191.1	NC_001143.9	50.588	170	205	36	205	599594	599097	8.53e-47	163
CDF87193.1	NC_001143.9	50.082	611	592	8	592	598878	597067	0.0	593
CDF87193.1	NC_001148.4	36.228	334	592	153	476	700594	701568	2.67e-60	216
CDF87193.1	NC_001134.8	36.228	334	592	153	476	477671	478645	3.07e-60	216
CDF87193.1	NC_001136.10	32.589	448	592	157	592	809095	810369	9.12e-59	212
CDF87193.1	NC_001147.6	26.491	570	592	93	590	471014	469389	6.37e-36	143
CDF87193.1	NC_001147.6	27.829	327	592	153	478	684153	685034	1.59e-28	120
CDF87194.1	NC_001147.6	45.455	352	333	1	333	468215	469249	2.73e-90	293
CDF87195.1	NC_001147.6	79.195	298	305	12	305	467571	466678	7.38e-164	503
CDF87196.1	NC_001147.6	36.508	630	589	22	580	464819	466537	2.63e-85	290
CDF87197.1	NC_001143.9	47.656	128	116	6	113	596813	596433	1.03e-30	113
CDF87198.1	NC_001143.9	43.787	1167	1141	8	1139	592846	596295	0.0	916
CDF87199.1	NC_001143.9	74.000	350	351	1	350	592540	591509	1.63e-169	522
CDF87200.1	NC_001143.9	75.157	318	325	6	322	590395	591348	5.27e-166	511
CDF87200.1	NC_001134.8	26.908	249	325	83	312	411387	412004	6.34e-13	68.6
CDF87200.1	NC_001139.9	24.242	297	325	52	320	906069	906848	7.62e-11	62.0
CDF87201.1	NC_001147.6	61.725	661	610	1	609	457820	455913	0.0	794
CDF87202.1	NC_001143.9	57.266	812	811	1	801	589305	586879	0.0	971
CDF87203.1	NC_001147.6	48.276	696	653	1	653	453768	455792	0.0	593
CDF87203.1	NC_001143.9	27.083	432	653	291	648	585396	586682	1.70e-32	133
CDF87204.1	NC_001147.6	70.775	568	563	1	563	453435	451732	0.0	848
CDF87204.1	NC_001147.6	30.634	284	563	53	317	329621	330415	6.61e-27	115
CDF87205.1	NC_001147.6	40.000	325	610	6	293	449454	450380	5.93e-46	174
CDF87205.1	NC_001147.6	39.858	281	610	393	610	450516	451322	1.04e-43	167
CDF87206.1	NC_001143.9	67.297	370	369	1	367	582283	583392	4.07e-170	525
CDF87206.1	NC_001145.3	57.967	364	369	6	366	772933	774009	5.34e-142	444
CDF87206.1	NC_001139.9	53.803	355	369	19	367	797856	796801	8.33e-123	389
CDF87207.1	NC_001147.6	82.971	276	290	10	285	447523	448350	2.44e-164	504
CDF87208.1	NC_001148.4	96.354	192	212	1	192	875368	875943	1.01e-123	384
CDF87208.1	NC_001141.2	48.731	197	212	9	184	139794	140384	3.06e-60	202
CDF87208.1	NC_001146.8	56.111	180	212	8	187	456577	457107	1.33e-58	197
CDF87208.1	NC_001146.8	39.462	223	212	12	193	300637	299969	5.70e-45	158
CDF87208.1	NC_001146.8	30.233	172	212	12	178	449907	450389	1.23e-17	79.7
CDF87208.1	NC_001146.8	29.814	161	212	23	181	440504	440064	4.32e-13	66.2
CDF87208.1	NC_001144.5	47.761	201	212	12	212	604775	604215	6.83e-57	192
CDF87208.1	NC_001144.5	29.730	185	212	1	182	668891	668376	3.71e-19	84.0
CDF87208.1	NC_001144.5	28.161	174	212	12	181	721391	720927	2.97e-15	72.4
CDF87208.1	NC_001143.9	47.126	174	212	12	184	548435	548932	3.13e-49	170
CDF87208.1	NC_001143.9	29.787	188	212	9	177	466068	465511	1.08e-17	79.7
CDF87209.1	NC_001148.4	30.579	1210	1392	63	1192	870943	874527	3.02e-153	514
CDF87210.1	NC_001144.5	42.251	2639	2620	10	2582	1044034	1051875	0.0	2135
CDF87210.1	NC_001148.4	22.957	1738	2620	968	2566	762545	767272	6.19e-112	400
CDF87211.1	NC_001148.4	53.812	446	435	1	426	869955	868669	7.44e-120	383
CDF87212.1	NC_001148.4	61.992	492	582	100	582	868184	866718	0.0	613
CDF87213.1	NC_001148.4	55.338	665	638	11	638	866389	864452	0.0	680
CDF87213.1	NC_001148.4	33.234	337	638	58	376	492917	492039	1.02e-46	177
CDF87213.1	NC_001148.4	34.194	310	638	101	381	474101	473298	1.45e-38	152
CDF87213.1	NC_001148.4	29.330	358	638	56	396	666385	667365	1.20e-32	134
CDF87213.1	NC_001148.4	26.100	341	638	61	382	263592	262771	1.70e-17	85.9
CDF87213.1	NC_001148.4	26.522	230	638	55	281	268299	268853	9.23e-14	73.6
CDF87213.1	NC_001143.9	36.471	340	638	63	397	183519	184433	9.26e-63	225
CDF87213.1	NC_001143.9	27.108	332	638	57	374	150624	149734	5.08e-26	113
CDF87213.1	NC_001134.8	36.503	326	638	56	376	560093	560968	3.00e-53	196
CDF87213.1	NC_001134.8	31.157	337	638	44	375	192454	193380	9.94e-38	149
CDF87213.1	NC_001136.10	34.954	329	638	58	382	267797	268672	2.80e-51	191
CDF87213.1	NC_001136.10	27.554	323	638	58	376	313967	313110	1.19e-23	105
CDF87213.1	NC_001136.10	24.286	350	638	56	398	1412529	1413374	1.35e-16	82.8
CDF87213.1	NC_001136.10	27.778	324	638	58	375	1486987	1486220	5.97e-15	77.8
CDF87213.1	NC_001136.10	33.871	124	638	164	285	1027664	1027293	1.35e-14	76.6
CDF87213.1	NC_001136.10	26.667	345	638	54	376	281263	280403	6.79e-13	70.9
CDF87213.1	NC_001136.10	28.934	197	638	186	376	1433575	1433090	1.75e-12	69.7
CDF87213.1	NC_001136.10	24.521	261	638	58	297	1395157	1395828	1.03e-11	67.0
CDF87213.1	NC_001144.5	30.030	333	638	47	371	371650	372516	8.29e-34	137
CDF87213.1	NC_001144.5	23.662	355	638	64	374	851126	852001	1.40e-14	76.3
CDF87214.1	NC_001144.5	45.228	723	693	9	690	1041345	1039294	0.0	592
CDF87215.1	NC_001137.3	89.434	530	531	1	530	205251	206828	0.0	934
CDF87215.1	NC_001147.6	30.037	273	531	105	359	684174	684878	6.12e-19	89.7
CDF87216.1	NC_001144.5	60.616	876	842	18	842	1036132	1038750	0.0	1033
CDF87217.1	NC_001142.9	66.743	439	428	6	428	654217	652901	0.0	575
CDF87218.1	NC_001137.3	52.478	928	894	9	890	202222	204948	0.0	949
CDF87218.1	NC_001133.9	26.882	744	894	20	727	190199	192136	2.68e-53	201
CDF87219.1	NC_001142.9	89.238	223	231	9	231	651907	652575	2.82e-135	418
CDF87220.1	NC_001142.9	85.600	500	505	1	494	647607	649106	0.0	863
CDF87220.1	NC_001134.8	25.822	426	505	40	443	492732	491485	1.18e-29	122
CDF87220.1	NC_001134.8	25.495	404	505	100	479	37416	38600	6.87e-23	102
CDF87220.1	NC_001136.10	26.996	263	505	223	468	129046	129801	1.22e-15	79.0
CDF87221.1	NC_001137.3	58.478	289	287	1	287	201076	201930	7.62e-103	327
CDF87222.1	NC_001142.9	45.050	808	789	1	786	646490	644310	0.0	698
CDF87222.1	NC_001137.3	34.252	254	789	350	602	523870	524508	3.20e-31	130
CDF87222.1	NC_001136.10	37.162	148	789	410	557	637667	638068	8.94e-21	97.1
CDF87223.1	NC_001142.9	61.146	157	194	3	159	644092	643622	3.45e-62	206
CDF87224.1	NC_001137.3	51.471	680	652	13	651	198851	200866	0.0	603
CDF87225.1	NC_001137.3	65.698	516	505	6	505	196969	198516	0.0	673
CDF87226.1	NC_001142.9	68.233	447	459	11	457	642028	643359	0.0	621
CDF87227.1	NC_001142.9	52.874	261	275	8	268	640864	641643	4.82e-88	285
CDF87227.1	NC_001148.4	31.667	240	275	53	275	753565	754242	4.72e-16	76.6
CDF87228.1	NC_001142.9	71.856	334	386	52	384	623593	624594	7.90e-163	504
CDF87229.1	NC_001142.9	43.132	728	662	1	660	624838	627003	1.79e-158	504
CDF87230.1	NC_001142.9	54.688	320	370	51	370	627376	628323	3.21e-115	367
CDF87231.1	NC_001137.3	57.987	457	428	1	428	195168	196511	1.38e-166	517
CDF87231.1	NC_001140.6	45.106	235	428	196	428	114197	113502	7.06e-60	209
CDF87231.1	NC_001140.6	47.297	74	428	94	167	114797	114576	7.28e-14	72.8
CDF87232.1	NC_001143.9	69.375	160	195	36	195	565772	565302	5.50e-77	249
CDF87233.1	NC_001142.9	47.656	128	122	4	122	136731	136390	1.05e-16	73.2
CDF87234.1	NC_001142.9	61.785	594	582	13	563	137517	139298	0.0	746
CDF87234.1	NC_001136.10	25.085	586	582	11	553	718484	716832	1.29e-34	139
CDF87235.1	NC_001143.9	39.516	868	823	7	823	562556	565135	0.0	602
CDF87236.1	NC_001143.9	42.857	504	451	1	451	562297	560792	1.78e-98	322
CDF87237.1	NC_001142.9	41.379	174	201	22	183	140503	141018	3.56e-31	118
CDF87238.1	NC_001143.9	71.341	328	310	1	310	559666	560649	8.48e-146	452
CDF87239.1	NC_001142.9	36.856	388	354	1	354	142567	141422	5.81e-74	248
CDF87240.1	NC_001142.9	35.654	474	402	1	399	143292	144692	1.08e-75	254
CDF87241.1	NC_001142.9	60.884	294	290	1	290	145160	146041	3.00e-119	375
CDF87242.1	NC_001139.9	75.444	338	370	20	357	1064835	1063822	0.0	578
CDF87244.1	NC_001144.5	68.265	438	414	1	414	301989	300676	0.0	621
CDF87244.1	NC_001138.5	25.604	414	414	1	399	54381	53290	4.56e-26	110
CDF87244.1	NC_001136.10	25.485	361	414	6	351	399481	400428	7.75e-21	94.0
CDF87244.1	NC_001140.6	21.823	362	414	3	350	364120	363170	4.43e-15	76.3
CDF87244.1	NC_001142.9	23.765	324	414	41	350	558873	558037	1.46e-11	65.1
CDF87246.1	NC_001144.5	48.359	3017	2985	1	2981	315731	306873	0.0	2931
CDF87247.1	NC_001144.5	59.675	615	568	1	567	316107	317948	0.0	756
CDF87248.1	NC_001136.10	40.153	391	620	27	414	676213	677373	2.71e-91	308
CDF87249.1	NC_001144.5	69.656	524	534	21	534	319811	318240	0.0	776
CDF87249.1	NC_001136.10	63.762	505	534	38	534	679758	678244	0.0	683
CDF87250.1	NC_001147.6	65.341	176	182	8	181	642771	643298	3.60e-81	260
CDF87251.1	NC_001147.6	66.447	304	307	2	303	644314	643403	1.60e-141	439
CDF87252.1	NC_001147.6	61.019	785	793	10	789	644569	646893	0.0	959
CDF87254.1	NC_001145.3	42.759	145	98	1	96	721403	720969	2.44e-33	119
CDF87255.1	NC_001147.6	58.333	300	296	1	295	851839	850949	2.19e-102	327
CDF87256.1	NC_001147.6	57.664	137	146	7	143	850304	850714	1.51e-50	171
CDF87256.1	NC_001147.6	45.217	115	146	29	143	849701	850045	1.10e-32	120
CDF87257.1	NC_001147.6	50.467	107	148	12	118	849707	850027	1.20e-32	120
CDF87257.1	NC_001147.6	42.478	113	148	6	118	850358	850696	2.20e-26	102
CDF87258.1	NC_001147.6	47.945	219	227	1	213	847453	848109	5.93e-62	207
CDF87258.1	NC_001143.9	31.008	129	227	14	141	164379	164035	3.25e-11	61.2
CDF87259.1	NC_001145.3	62.606	706	662	1	662	720653	718578	0.0	879
CDF87260.1	NC_001147.6	69.565	276	290	1	275	847129	846329	2.01e-111	352
CDF87261.1	NC_001145.3	63.966	469	467	4	467	716724	718127	0.0	639
CDF87261.1	NC_001145.3	26.667	330	467	135	454	875593	876477	5.29e-24	104
CDF87261.1	NC_001136.10	28.455	369	467	138	461	586033	584960	2.10e-28	118
CDF87261.1	NC_001146.8	24.874	398	467	137	462	290581	291690	5.67e-27	114
CDF87261.1	NC_001137.3	27.926	376	467	134	461	458897	457821	8.72e-26	110
CDF87261.1	NC_001137.3	29.880	251	467	235	467	356759	357475	1.86e-21	97.1
CDF87261.1	NC_001134.8	30.738	244	467	237	461	94589	93888	1.34e-23	103
CDF87262.1	NC_001145.3	58.744	223	222	1	218	716309	715644	3.09e-86	277
CDF87262.1	NC_001147.6	47.556	225	222	3	218	845780	845109	1.25e-61	206
CDF87262.1	NC_001140.6	27.039	233	222	4	215	206480	207163	7.06e-19	83.6
CDF87263.1	NC_001147.6	52.574	272	279	3	271	845798	845004	8.17e-88	284
CDF87263.1	NC_001145.3	48.498	233	279	9	239	716303	715644	8.01e-65	218
CDF87263.1	NC_001140.6	29.412	255	279	10	245	206480	207190	1.46e-23	99.0
CDF87264.1	NC_001145.3	57.988	507	516	1	504	715445	713958	0.0	587
CDF87265.1	NC_001145.3	51.116	448	455	2	443	712301	713641	3.78e-142	448
CDF87266.1	NC_001145.3	33.333	162	1527	10	130	707166	707624	2.20e-13	74.3
CDF87267.1	NC_001145.3	43.534	1098	1090	9	1089	706863	703585	0.0	896
CDF87268.1	NC_001147.6	52.874	261	254	3	246	842838	843620	6.39e-78	254
CDF87269.1	NC_001145.3	90.019	521	523	3	523	701802	703364	0.0	979
CDF87270.1	NC_001145.3	71.371	248	730	486	730	699557	698814	2.39e-114	379
CDF87270.1	NC_001144.5	45.714	70	730	523	592	106474	106268	3.63e-13	72.0
CDF87270.1	NC_001144.5	30.526	190	730	533	718	372088	372603	8.78e-13	70.9
CDF87270.1	NC_001144.5	28.636	220	730	174	380	106969	106346	1.12e-12	70.5
CDF87270.1	NC_001142.9	27.152	151	730	175	325	149289	148867	4.63e-12	68.6
CDF87270.1	NC_001142.9	34.343	99	730	533	631	148860	148582	5.17e-12	68.6
CDF87272.1	NC_001145.3	63.687	358	371	16	371	695410	696480	1.35e-141	443
CDF87272.1	NC_001145.3	37.857	140	371	18	135	577778	578182	1.81e-13	70.9
CDF87272.1	NC_001146.8	34.483	377	371	11	368	507103	506057	3.66e-45	165
CDF87272.1	NC_001146.8	25.806	434	371	6	364	481352	482644	3.09e-29	118
CDF87272.1	NC_001146.8	45.455	77	371	12	88	619568	619347	7.29e-15	75.1
CDF87272.1	NC_001146.8	40.426	94	371	5	97	222461	222180	6.15e-13	68.9
CDF87272.1	NC_001144.5	29.443	377	371	20	357	320731	321831	1.78e-30	122
CDF87272.1	NC_001138.5	27.000	400	371	17	366	106059	104914	1.25e-14	74.3
CDF87272.1	NC_001137.3	39.474	114	371	13	125	248157	247867	1.72e-14	73.9
CDF87273.1	NC_001147.6	72.727	154	155	1	149	841333	841794	9.63e-67	218
CDF87274.1	NC_001140.6	77.835	388	392	12	391	327991	326828	0.0	612
CDF87274.1	NC_001139.9	35.322	419	392	11	390	607830	609026	8.64e-70	237
CDF87274.1	NC_001144.5	34.559	408	392	11	389	763840	762647	4.36e-66	226
CDF87274.1	NC_001135.5	40.333	300	392	7	304	118324	117449	4.38e-59	206
CDF87274.1	NC_001142.9	38.889	288	392	28	308	576544	575702	7.82e-54	191
CDF87275.1	NC_001136.10	85.266	319	347	29	347	1183299	1184255	0.0	581
CDF87275.1	NC_001140.6	78.779	344	347	4	347	325595	326623	0.0	570
CDF87276.1	NC_001140.6	48.299	147	166	24	163	324964	325398	4.94e-47	162
CDF87277.1	NC_001140.6	71.254	327	327	1	326	323409	324386	2.70e-160	494
CDF87277.1	NC_001147.6	34.416	308	327	2	307	551138	551992	1.40e-49	176
CDF87277.1	NC_001136.10	32.797	311	327	2	307	1213928	1214782	9.43e-44	159
CDF87277.1	NC_001136.10	27.760	317	327	6	305	240283	241119	4.54e-20	90.1
CDF87277.1	NC_001142.9	33.779	299	327	7	300	611216	611983	3.35e-42	154
CDF87277.1	NC_001134.8	29.114	316	327	6	313	540062	540952	9.16e-36	136
CDF87278.1	NC_001136.10	54.140	314	307	1	300	1181801	1182724	7.93e-104	331
CDF87278.1	NC_001134.8	25.862	290	307	11	265	536611	537423	2.54e-18	84.3
CDF87278.1	NC_001147.6	29.151	271	307	29	260	144294	145082	9.21e-18	82.8
CDF87279.1	NC_001140.6	44.795	855	825	13	825	320540	322969	0.0	690
CDF87279.1	NC_001136.10	41.974	841	825	36	825	1178882	1181254	0.0	606
CDF87280.1	NC_001144.5	62.602	123	124	1	123	28305	27937	2.47e-49	166
CDF87281.1	NC_001140.6	54.984	933	952	10	856	316593	319322	0.0	905
CDF87281.1	NC_001140.6	41.887	265	952	17	280	96104	95319	8.25e-56	210
CDF87281.1	NC_001140.6	30.000	260	952	25	271	510596	511342	8.91e-29	124
CDF87281.1	NC_001140.6	24.889	225	952	11	222	170320	169646	2.61e-15	79.7
CDF87281.1	NC_001140.6	30.882	136	952	98	222	271080	270682	2.34e-14	76.6
CDF87281.1	NC_001140.6	51.515	66	952	885	949	319611	319808	8.09e-13	71.6
CDF87281.1	NC_001136.10	46.457	254	952	30	279	1486972	1486220	3.24e-63	233
CDF87281.1	NC_001136.10	29.326	341	952	8	321	173012	174013	2.27e-28	122
CDF87281.1	NC_001136.10	27.609	297	952	25	293	401974	401102	2.68e-23	105
CDF87281.1	NC_001136.10	27.228	202	952	25	224	1412535	1413134	5.78e-23	104
CDF87281.1	NC_001136.10	27.523	218	952	68	281	1465555	1464911	1.30e-21	100
CDF87281.1	NC_001136.10	23.050	282	952	25	278	695057	695893	2.91e-21	99.4
CDF87281.1	NC_001136.10	26.374	273	952	25	281	1433896	1433105	5.68e-21	98.2
CDF87281.1	NC_001136.10	27.727	220	952	31	224	281233	280580	2.36e-19	93.2
CDF87281.1	NC_001136.10	25.424	236	952	24	235	1395154	1395849	5.48e-18	88.6
CDF87281.1	NC_001136.10	27.184	206	952	93	278	1027712	1027107	1.23e-17	87.4
CDF87281.1	NC_001136.10	27.228	202	952	30	222	75450	74854	2.61e-14	76.6
CDF87281.1	NC_001136.10	27.179	195	952	31	220	267815	268387	2.66e-13	73.2
CDF87281.1	NC_001136.10	22.393	326	952	28	274	956055	956996	4.49e-12	69.3
CDF87281.1	NC_001136.10	24.257	202	952	94	278	406069	405482	1.59e-11	67.4
CDF87281.1	NC_001146.8	36.093	302	952	5	278	70490	71389	1.83e-44	174
CDF87281.1	NC_001146.8	28.239	301	952	20	280	681653	680754	7.47e-26	114
CDF87281.1	NC_001146.8	29.911	224	952	25	222	710008	710673	3.75e-23	105
CDF87281.1	NC_001146.8	30.566	265	952	25	223	333650	334432	2.11e-22	103
CDF87281.1	NC_001146.8	28.390	236	952	16	240	57498	56800	1.22e-15	80.9
CDF87281.1	NC_001146.8	30.806	211	952	89	280	597239	596640	5.97e-14	75.5
CDF87281.1	NC_001146.8	25.287	174	952	45	210	294138	293623	2.21e-12	70.1
CDF87281.1	NC_001133.9	39.844	256	952	29	278	175051	174320	2.13e-41	164
CDF87281.1	NC_001133.9	28.249	354	952	29	310	171619	170588	5.72e-19	91.7
CDF87281.1	NC_001133.9	24.138	232	952	11	228	123471	124154	1.22e-13	74.3
CDF87281.1	NC_001147.6	33.684	285	952	25	278	105403	106242	2.71e-39	157
CDF87281.1	NC_001147.6	36.900	271	952	30	279	773276	774067	1.97e-38	155
CDF87281.1	NC_001147.6	28.761	226	952	25	236	129771	130445	1.34e-27	120
CDF87281.1	NC_001147.6	27.303	304	952	24	316	295979	295092	1.57e-22	103
CDF87281.1	NC_001147.6	28.000	225	952	30	222	996013	995357	3.61e-19	92.4
CDF87281.1	NC_001147.6	23.333	270	952	31	282	775999	776796	5.12e-18	88.6
CDF87281.1	NC_001147.6	28.846	156	952	125	279	246356	246796	6.89e-14	75.1
CDF87281.1	NC_001147.6	33.898	118	952	98	210	823991	823641	2.94e-13	73.2
CDF87281.1	NC_001147.6	28.571	196	952	31	222	441699	442262	5.18e-13	72.4
CDF87281.1	NC_001147.6	35.200	125	952	100	222	79077	78733	1.38e-12	70.9
CDF87282.1	NC_001136.10	38.339	566	679	100	650	1177910	1176213	2.25e-132	429
CDF87283.1	NC_001140.6	40.373	322	317	6	289	315962	315000	2.07e-67	227
CDF87284.1	NC_001140.6	63.934	183	185	1	183	314673	314125	8.89e-81	259
CDF87285.1	NC_001140.6	73.886	3749	3728	1	3728	302761	313992	0.0	5821
CDF87285.1	NC_001143.9	23.118	372	3728	3303	3662	57215	56238	2.29e-13	75.9
CDF87285.1	NC_001142.9	23.249	357	3728	3318	3662	565593	566525	2.75e-13	75.5
CDF87286.1	NC_001136.10	42.214	533	655	88	615	1174080	1172533	1.75e-123	403
CDF87286.1	NC_001136.10	25.234	428	655	106	498	745876	744692	4.06e-13	71.6
CDF87286.1	NC_001144.5	27.891	294	655	218	499	389844	389080	3.54e-18	88.2
CDF87286.1	NC_001144.5	27.640	322	655	223	540	387533	386667	5.93e-16	80.9
CDF87286.1	NC_001141.2	26.486	370	655	157	519	431682	430768	1.85e-11	66.2
CDF87287.1	NC_001140.6	61.457	947	936	6	936	301916	299148	0.0	1177
CDF87287.1	NC_001146.8	24.161	745	936	148	834	537659	535539	1.36e-37	152
CDF87287.1	NC_001141.2	22.805	706	936	169	848	159631	157598	5.53e-35	144
CDF87288.1	NC_001140.6	50.725	276	469	205	469	298137	297391	5.08e-72	246
CDF87288.1	NC_001136.10	43.768	345	469	157	469	1171294	1170335	5.78e-69	238
CDF87289.1	NC_001136.10	51.266	316	306	1	300	1169178	1170116	5.10e-95	306
CDF87290.1	NC_001139.9	50.758	132	132	6	130	905261	905653	1.67e-38	135
CDF87290.1	NC_001148.4	28.462	130	132	3	121	939677	939321	1.07e-11	59.3
CDF87291.1	NC_001136.10	56.653	496	459	1	459	1168659	1167217	0.0	560
CDF87291.1	NC_001136.10	26.030	461	459	24	446	910201	911298	1.12e-31	127
CDF87291.1	NC_001144.5	27.314	443	459	50	446	588744	587698	4.42e-28	117
CDF87292.1	NC_001140.6	72.931	580	580	2	580	296387	294675	0.0	818
CDF87292.1	NC_001140.6	70.537	577	580	11	580	292625	290916	0.0	780
CDF87292.1	NC_001140.6	65.582	584	580	7	580	288805	287084	0.0	730
CDF87292.1	NC_001136.10	70.984	579	580	2	580	1164645	1162960	0.0	791
CDF87292.1	NC_001136.10	66.667	579	580	2	580	1161329	1159611	0.0	768
CDF87292.1	NC_001136.10	66.667	579	580	2	580	1155937	1154219	0.0	768
CDF87292.1	NC_001136.10	51.630	552	580	23	563	13360	11711	0.0	591
CDF87292.1	NC_001136.10	30.319	564	580	12	561	111685	113325	3.17e-77	266
CDF87292.1	NC_001136.10	31.299	508	580	67	564	213630	215108	3.02e-71	248
CDF87292.1	NC_001136.10	26.453	499	580	66	551	1508077	1509522	4.56e-47	176
CDF87292.1	NC_001136.10	27.289	546	580	19	540	1445398	1443821	6.37e-43	164
CDF87292.1	NC_001136.10	24.871	583	580	30	541	1249839	1248187	4.58e-37	146
CDF87292.1	NC_001136.10	23.201	556	580	4	541	6060	7676	1.85e-20	95.1
CDF87292.1	NC_001144.5	61.364	572	580	7	576	290221	291927	0.0	731
CDF87292.1	NC_001142.9	63.036	560	580	25	575	19509	21185	0.0	719
CDF87292.1	NC_001142.9	60.449	579	580	3	577	26866	28593	0.0	693
CDF87292.1	NC_001142.9	51.449	552	580	23	563	732440	734089	0.0	588
CDF87292.1	NC_001142.9	23.201	556	580	4	541	739741	738125	1.77e-20	95.1
CDF87292.1	NC_001147.6	63.036	560	580	25	575	25285	26961	0.0	717
CDF87292.1	NC_001147.6	30.000	490	580	71	540	124322	125716	2.11e-45	171
CDF87293.1	NC_001136.10	74.211	570	569	5	568	1161329	1159623	0.0	864
CDF87293.1	NC_001136.10	74.035	570	569	5	568	1155937	1154231	0.0	862
CDF87293.1	NC_001136.10	72.420	562	569	7	568	1164630	1162972	0.0	791
CDF87293.1	NC_001136.10	54.973	553	569	2	551	13351	11726	0.0	620
CDF87293.1	NC_001136.10	31.606	579	569	9	566	111691	113337	4.60e-80	273
CDF87293.1	NC_001136.10	30.565	566	569	3	558	213474	215093	2.69e-71	248
CDF87293.1	NC_001136.10	26.044	503	569	79	567	1508125	1509594	1.63e-51	189
CDF87293.1	NC_001136.10	28.330	533	569	36	532	1445335	1443824	7.16e-46	172
CDF87293.1	NC_001136.10	23.951	572	569	28	530	1249821	1248199	3.27e-35	140
CDF87293.1	NC_001136.10	22.852	547	569	5	529	6084	7661	1.41e-19	92.0
CDF87293.1	NC_001142.9	72.809	559	569	10	567	19509	21185	0.0	832
CDF87293.1	NC_001142.9	65.849	571	569	1	568	26887	28590	0.0	761
CDF87293.1	NC_001142.9	54.792	553	569	2	551	732449	734074	0.0	616
CDF87293.1	NC_001142.9	22.852	547	569	5	529	739717	738140	1.47e-19	92.0
CDF87293.1	NC_001140.6	73.509	570	569	5	568	288802	287096	0.0	828
CDF87293.1	NC_001140.6	73.112	543	569	28	568	292541	290928	0.0	777
CDF87293.1	NC_001140.6	69.435	566	569	3	568	296366	294687	0.0	772
CDF87293.1	NC_001147.6	72.857	560	569	10	567	25285	26961	0.0	827
CDF87293.1	NC_001147.6	30.200	500	569	74	559	124349	125785	2.25e-48	180
CDF87293.1	NC_001144.5	68.917	563	569	9	569	290248	291930	0.0	806
CDF87294.1	NC_001136.10	76.744	645	646	4	646	1153701	1151806	0.0	1037
CDF87294.1	NC_001140.6	56.731	624	646	34	646	286704	284842	0.0	745
CDF87295.1	NC_001136.10	88.889	189	189	1	189	1150520	1149954	7.51e-114	354
CDF87296.1	NC_001140.6	52.174	299	295	1	294	284625	283783	3.10e-86	280
CDF87296.1	NC_001147.6	62.069	58	295	227	283	446291	446127	4.90e-20	89.0
CDF87296.1	NC_001146.8	54.000	50	295	236	285	441518	441369	1.45e-18	84.7
CDF87297.1	NC_001136.10	71.652	702	689	2	689	1149466	1147388	0.0	987
CDF87297.1	NC_001140.6	46.212	396	689	206	593	173785	174972	7.03e-109	362
CDF87298.1	NC_001146.8	34.234	222	492	91	311	117478	118095	6.00e-33	132
CDF87299.1	NC_001136.10	62.759	290	290	1	288	1146319	1147188	1.99e-122	384
CDF87300.1	NC_001140.6	84.906	106	200	25	130	283226	282909	7.87e-58	194
CDF87301.1	NC_001136.10	43.750	320	330	1	318	1145092	1146027	2.79e-84	276
CDF87302.1	NC_001136.10	75.758	1221	1224	1	1221	1141168	1144830	0.0	1967
CDF87303.1	NC_001140.6	76.897	290	293	5	293	281510	282379	7.63e-150	462
CDF87303.1	NC_001146.8	29.362	235	293	65	293	485778	486476	4.28e-28	112
CDF87304.1	NC_001140.6	67.677	99	102	1	98	280820	281116	1.30e-38	134
CDF87305.1	NC_001136.10	58.731	1529	1491	19	1490	1135989	1140473	0.0	1680
CDF87305.1	NC_001139.9	42.775	346	1491	653	974	223515	222520	4.62e-80	292
CDF87305.1	NC_001139.9	49.432	176	1491	1196	1371	221754	221230	2.05e-46	183
CDF87305.1	NC_001139.9	28.289	304	1491	692	973	195410	194541	8.30e-27	118
CDF87305.1	NC_001139.9	38.816	152	1491	1240	1389	194384	193932	2.15e-26	117
CDF87305.1	NC_001147.6	42.006	319	1491	664	974	857978	857061	2.13e-71	264
CDF87305.1	NC_001147.6	42.675	314	1491	664	974	885045	885926	2.50e-66	248
CDF87305.1	NC_001147.6	47.468	158	1491	1217	1373	885966	886439	3.36e-40	162
CDF87305.1	NC_001147.6	49.359	156	1491	1221	1375	857003	856536	2.73e-39	159
CDF87305.1	NC_001147.6	25.117	426	1491	598	972	695112	696314	2.24e-23	107
CDF87305.1	NC_001147.6	27.922	154	1491	1223	1373	696804	697265	1.23e-17	88.6
CDF87305.1	NC_001141.2	41.846	325	1491	658	974	119363	120301	1.87e-68	255
CDF87305.1	NC_001141.2	48.447	161	1491	1216	1375	120344	120826	1.46e-38	157
CDF87305.1	NC_001134.8	40.952	315	1491	663	974	710975	710091	4.37e-63	237
CDF87305.1	NC_001134.8	49.275	138	1491	1236	1372	709994	709581	5.06e-37	152
CDF87305.1	NC_001134.8	24.318	440	1491	625	1002	383829	385115	6.50e-27	119
CDF87305.1	NC_001134.8	34.286	175	1491	1222	1389	385101	385625	1.99e-26	117
CDF87305.1	NC_001134.8	26.836	354	1491	673	972	467806	468804	1.42e-23	107
CDF87305.1	NC_001134.8	34.437	151	1491	1222	1360	469084	469536	1.28e-17	88.2
CDF87306.1	NC_001140.6	53.229	511	520	47	520	278309	279721	3.05e-143	454
CDF87306.1	NC_001134.8	31.944	432	520	42	362	647967	649253	8.68e-47	174
CDF87306.1	NC_001146.8	34.254	181	520	50	228	603135	603629	4.70e-16	80.5
CDF87306.1	NC_001139.9	27.000	200	520	149	342	807152	806631	6.46e-14	73.6
CDF87307.1	NC_001139.9	65.217	368	396	27	393	235826	234723	1.32e-152	476
CDF87308.1	NC_001136.10	84.899	298	300	3	300	267797	268690	8.51e-178	543
CDF87308.1	NC_001136.10	29.667	300	300	1	289	313973	313107	1.61e-34	131
CDF87308.1	NC_001136.10	26.644	289	300	3	287	1412535	1413293	3.71e-26	107
CDF87308.1	NC_001136.10	27.273	308	300	9	299	1465714	1464881	1.13e-20	91.3
CDF87308.1	NC_001136.10	26.349	315	300	2	288	281254	280403	1.20e-18	85.1
CDF87308.1	NC_001136.10	25.532	235	300	2	211	1395148	1395840	3.75e-16	77.8
CDF87308.1	NC_001136.10	34.167	120	300	105	208	1027613	1027260	5.29e-15	74.3
CDF87308.1	NC_001136.10	29.530	149	300	57	200	406117	405677	1.29e-14	73.2
CDF87308.1	NC_001136.10	28.571	224	300	7	206	1433884	1433243	3.09e-14	72.0
CDF87308.1	NC_001136.10	27.157	313	300	2	287	401977	401141	5.93e-14	70.9
CDF87308.1	NC_001136.10	24.437	311	300	9	296	75447	74533	7.28e-13	67.8
CDF87308.1	NC_001136.10	27.064	218	300	8	206	173066	173707	7.35e-13	67.8
CDF87308.1	NC_001136.10	24.022	179	300	53	214	956346	956876	2.22e-12	66.2
CDF87308.1	NC_001136.10	26.875	160	300	44	200	695261	695731	7.37e-12	64.7
CDF87308.1	NC_001136.10	21.782	202	300	3	201	1486987	1486388	1.64e-11	63.5
CDF87308.1	NC_001148.4	37.374	297	300	3	288	492917	492039	1.19e-64	218
CDF87308.1	NC_001148.4	36.364	319	300	2	294	866248	865301	3.38e-59	202
CDF87308.1	NC_001148.4	35.862	290	300	30	292	474167	473301	9.85e-50	175
CDF87308.1	NC_001148.4	30.492	305	300	9	294	666409	667314	1.24e-37	140
CDF87308.1	NC_001148.4	25.763	295	300	9	287	285923	285120	1.42e-18	84.7
CDF87308.1	NC_001148.4	24.911	281	300	7	287	268320	269051	1.29e-17	82.0
CDF87308.1	NC_001148.4	26.636	214	300	9	206	263583	262951	9.70e-16	76.3
CDF87308.1	NC_001148.4	25.389	193	300	7	195	166475	167032	7.95e-14	70.5
CDF87308.1	NC_001148.4	25.000	200	300	9	200	288377	287790	4.35e-12	65.5
CDF87308.1	NC_001148.4	26.816	179	300	49	209	501862	501332	1.81e-11	63.5
CDF87308.1	NC_001148.4	31.690	142	300	8	147	747825	748247	2.77e-11	62.8
CDF87308.1	NC_001148.4	28.108	185	300	17	199	157242	156697	3.29e-11	62.8
CDF87308.1	NC_001134.8	37.919	298	300	3	291	560099	560977	2.17e-59	203
CDF87308.1	NC_001134.8	33.113	302	300	9	294	192505	193401	2.24e-45	163
CDF87308.1	NC_001134.8	24.399	291	300	7	287	15215	14445	4.68e-16	77.4
CDF87308.1	NC_001134.8	28.571	203	300	9	200	749654	750259	3.83e-12	65.5
CDF87308.1	NC_001143.9	33.110	299	300	3	295	183504	184388	2.97e-54	188
CDF87308.1	NC_001143.9	29.966	297	300	8	286	150606	149734	3.73e-32	124
CDF87308.1	NC_001143.9	33.548	155	300	49	200	249406	249864	5.84e-16	77.0
CDF87308.1	NC_001143.9	26.804	194	300	7	199	206757	207335	1.61e-14	72.8
CDF87308.1	NC_001143.9	25.789	190	300	7	195	135432	134875	1.13e-13	70.1
CDF87308.1	NC_001143.9	31.724	145	300	61	196	131980	131546	1.16e-13	70.1
CDF87308.1	NC_001145.3	33.673	294	300	9	288	546257	547096	1.97e-44	160
CDF87308.1	NC_001145.3	23.203	306	300	2	298	270896	270090	2.39e-18	84.3
CDF87308.1	NC_001145.3	25.258	194	300	7	199	474412	473834	4.19e-14	71.6
CDF87310.1	NC_001136.10	39.879	331	376	23	342	268972	269952	9.27e-80	265
CDF87311.1	NC_001139.9	50.690	580	553	21	553	238047	236308	0.0	564
CDF87312.1	NC_001139.9	47.192	926	916	1	916	238353	241082	0.0	832
CDF87312.1	NC_001136.10	34.626	361	916	566	910	1378529	1379572	1.25e-47	184
CDF87312.1	NC_001137.3	29.235	366	916	561	913	411545	412606	7.78e-38	153
CDF87312.1	NC_001143.9	26.879	439	916	515	911	422734	421445	2.64e-25	112
CDF87312.1	NC_001142.9	27.941	340	916	598	908	501738	500740	7.52e-22	101
CDF87313.1	NC_001145.3	55.273	512	557	57	530	605403	603895	1.76e-170	534
CDF87313.1	NC_001143.9	33.047	233	557	123	340	210929	211555	1.27e-28	120
CDF87314.1	NC_001136.10	45.781	557	479	2	479	271892	270225	5.87e-128	409
CDF87315.1	NC_001145.3	48.269	491	503	17	500	603028	601577	1.21e-141	449
CDF87315.1	NC_001145.3	46.843	491	503	17	500	600818	599367	6.67e-137	435
CDF87315.1	NC_001145.3	28.049	328	503	182	497	491527	490598	2.00e-21	97.4
CDF87315.1	NC_001137.3	44.177	498	503	7	502	304123	305580	6.37e-124	398
CDF87315.1	NC_001147.6	40.040	497	503	7	500	1039936	1041390	2.45e-118	382
CDF87315.1	NC_001148.4	37.876	499	503	6	500	432624	434087	1.27e-106	348
CDF87315.1	NC_001134.8	33.534	498	503	14	498	247022	248479	3.61e-73	251
CDF87316.1	NC_001145.3	64.072	501	500	1	500	603073	601571	0.0	679
CDF87316.1	NC_001145.3	62.076	501	500	1	500	600863	599361	0.0	651
CDF87316.1	NC_001145.3	28.667	450	500	54	474	491953	490661	4.78e-27	114
CDF87316.1	NC_001147.6	45.565	496	500	1	495	1039924	1041381	3.75e-134	427
CDF87316.1	NC_001137.3	45.547	494	500	5	498	304123	305574	2.31e-133	425
CDF87316.1	NC_001148.4	41.616	495	500	5	498	432627	434087	2.83e-116	376
CDF87316.1	NC_001134.8	33.054	478	500	21	493	247073	248470	2.34e-71	246
CDF87317.1	NC_001145.3	46.358	604	600	7	600	599134	597335	0.0	569
CDF87318.1	NC_001145.3	56.499	777	737	1	737	594886	597192	0.0	840
CDF87318.1	NC_001146.8	27.528	356	737	13	335	473424	474461	2.55e-34	140
CDF87318.1	NC_001144.5	26.111	360	737	5	330	214450	213398	2.55e-22	102
CDF87318.1	NC_001148.4	26.007	273	737	1	245	241497	240688	4.64e-22	101
CDF87319.1	NC_001136.10	54.062	357	377	34	377	272524	273594	2.52e-118	376
CDF87320.1	NC_001136.10	61.170	376	380	15	379	274792	273665	3.14e-155	482
CDF87320.1	NC_001143.9	27.492	331	380	45	358	513006	512062	2.33e-23	101
CDF87321.1	NC_001145.3	63.388	366	359	2	354	594464	593373	6.78e-150	466
CDF87321.1	NC_001148.4	29.630	297	359	52	342	601782	600934	7.10e-33	128
CDF87321.1	NC_001148.4	30.729	192	359	138	325	584003	583452	1.02e-14	74.3
CDF87321.1	NC_001148.4	24.759	311	359	52	341	299476	298622	1.15e-13	71.2
CDF87321.1	NC_001148.4	26.074	326	359	36	348	673760	674668	1.76e-13	70.5
CDF87321.1	NC_001146.8	29.167	312	359	57	358	625808	624984	6.55e-32	125
CDF87321.1	NC_001146.8	29.412	153	359	96	237	472557	472997	3.68e-11	57.0
CDF87321.1	NC_001146.8	48.148	27	359	59	85	472433	472513	3.68e-11	27.3
CDF87321.1	NC_001142.9	28.289	304	359	37	328	160673	161491	1.93e-26	109
CDF87321.1	NC_001142.9	28.155	309	359	57	351	609812	610693	4.21e-24	102
CDF87321.1	NC_001143.9	28.716	296	359	43	328	533428	532622	2.90e-26	109
CDF87321.1	NC_001143.9	25.888	197	359	147	341	217410	217979	1.07e-12	68.2
CDF87322.1	NC_001145.3	57.541	789	814	1	729	592628	590376	0.0	803
CDF87323.1	NC_001145.3	40.196	102	162	31	113	589424	589119	2.69e-16	73.9
CDF87324.1	NC_001145.3	28.846	676	710	61	708	586184	584286	3.70e-61	222
CDF87325.1	NC_001136.10	67.872	470	472	6	472	276563	275154	0.0	659
CDF87326.1	NC_001145.3	48.804	1547	1499	7	1490	583903	579287	0.0	1463
CDF87326.1	NC_001133.9	31.274	518	1499	956	1458	97492	95963	3.32e-72	267
CDF87326.1	NC_001133.9	31.448	442	1499	123	560	99106	97949	2.34e-56	215
CDF87326.1	NC_001133.9	35.294	119	1499	675	793	97822	97499	4.46e-11	66.6
CDF87326.1	NC_001137.3	31.283	569	1499	937	1458	515324	516997	6.76e-70	259
CDF87326.1	NC_001137.3	29.981	537	1499	270	792	513935	515389	6.45e-56	214
CDF87326.1	NC_001136.10	30.458	568	1499	938	1459	634000	635667	1.84e-67	251
CDF87326.1	NC_001136.10	29.401	534	1499	270	791	632608	634059	7.26e-54	207
CDF87326.1	NC_001141.2	31.771	384	1499	951	1332	263450	264565	2.27e-48	189
CDF87326.1	NC_001141.2	25.519	482	1499	86	563	261854	263023	2.53e-29	127
CDF87327.1	NC_001145.3	50.000	242	230	3	229	577721	578386	3.23e-61	205
CDF87327.1	NC_001145.3	42.029	69	230	21	88	695413	695619	3.09e-12	64.3
CDF87327.1	NC_001146.8	56.716	67	230	22	88	507082	506882	4.76e-18	81.3
CDF87327.1	NC_001146.8	50.000	66	230	20	83	222428	222231	2.38e-12	64.7
CDF87327.1	NC_001146.8	47.692	65	230	23	86	481409	481603	7.52e-12	63.2
CDF87327.1	NC_001146.8	43.243	74	230	14	86	619574	619362	1.56e-11	62.0
CDF87327.1	NC_001141.2	50.746	67	230	22	87	363236	363436	6.13e-15	72.4
CDF87328.1	NC_001136.10	79.020	1082	1090	10	1090	276917	280162	0.0	1849
CDF87328.1	NC_001148.4	27.368	760	1090	369	1083	234884	232641	1.41e-72	264
CDF87328.1	NC_001146.8	30.676	414	1090	579	966	432610	433773	9.11e-36	147
CDF87329.1	NC_001136.10	64.981	514	503	1	501	281854	280316	0.0	694
CDF87329.1	NC_001136.10	34.266	286	503	191	472	1412535	1413293	6.05e-39	150
CDF87329.1	NC_001136.10	29.693	293	503	197	473	1465714	1464914	1.23e-31	128
CDF87329.1	NC_001136.10	27.812	320	503	197	488	695075	695947	8.68e-27	114
CDF87329.1	NC_001136.10	30.126	239	503	180	413	1487017	1486385	3.58e-22	99.8
CDF87329.1	NC_001136.10	27.365	296	503	195	475	1433884	1433084	6.55e-22	99.0
CDF87329.1	NC_001136.10	26.888	331	503	180	477	1395121	1396017	9.68e-22	98.2
CDF87329.1	NC_001136.10	28.025	314	503	191	473	267797	268654	1.26e-21	97.8
CDF87329.1	NC_001136.10	28.704	216	503	257	453	1027742	1027164	1.01e-14	76.3
CDF87329.1	NC_001136.10	26.337	243	503	184	410	406327	405680	5.07e-14	73.9
CDF87329.1	NC_001136.10	27.468	233	503	196	410	173066	173689	6.03e-14	73.6
CDF87329.1	NC_001136.10	28.634	227	503	197	417	313949	313347	3.12e-13	71.2
CDF87329.1	NC_001148.4	30.942	446	503	55	474	264000	262786	4.19e-45	169
CDF87329.1	NC_001148.4	30.693	303	503	177	473	166421	167233	6.37e-35	138
CDF87329.1	NC_001148.4	29.114	316	503	187	484	285953	285087	2.30e-29	121
CDF87329.1	NC_001148.4	26.054	261	503	210	470	157227	156532	1.29e-23	103
CDF87329.1	NC_001148.4	27.640	322	503	186	471	492932	492045	2.49e-22	100
CDF87329.1	NC_001148.4	27.124	306	503	171	472	268248	269051	2.96e-21	96.7
CDF87329.1	NC_001148.4	26.071	280	503	177	415	747780	748535	3.85e-19	90.1
CDF87329.1	NC_001148.4	25.574	305	503	197	482	288377	287559	4.69e-14	73.9
CDF87329.1	NC_001148.4	26.012	346	503	186	473	866263	865319	5.25e-14	73.9
CDF87329.1	NC_001148.4	29.565	230	503	186	402	666376	666999	7.11e-14	73.2
CDF87329.1	NC_001138.5	32.288	319	503	158	470	173874	172984	1.17e-44	167
CDF87329.1	NC_001138.5	26.829	205	503	158	361	72144	71605	1.64e-11	65.9
CDF87329.1	NC_001147.6	30.351	313	503	179	484	296024	295155	2.19e-40	155
CDF87329.1	NC_001147.6	28.105	459	503	45	473	996406	995174	1.03e-38	150
CDF87329.1	NC_001147.6	29.787	329	503	183	494	775957	776862	5.60e-29	120
CDF87329.1	NC_001147.6	27.740	292	503	197	475	129789	130577	7.85e-24	104
CDF87329.1	NC_001147.6	28.358	335	503	152	472	245915	246796	4.13e-22	99.4
CDF87329.1	NC_001147.6	27.854	219	503	205	412	105496	106071	6.80e-16	79.7
CDF87329.1	NC_001147.6	25.914	301	503	197	482	773279	774097	1.71e-15	78.6
CDF87329.1	NC_001147.6	27.111	225	503	193	406	824219	823626	1.24e-14	75.9
CDF87329.1	NC_001147.6	23.810	315	503	191	472	441681	442538	3.91e-14	74.3
CDF87329.1	NC_001143.9	28.409	352	503	158	473	249067	250032	4.71e-36	142
CDF87329.1	NC_001143.9	29.225	284	503	191	473	135444	134674	2.17e-30	124
CDF87329.1	NC_001143.9	29.739	306	503	181	482	206718	207545	1.06e-27	116
CDF87329.1	NC_001143.9	28.169	355	503	152	473	183405	184370	1.02e-20	95.1
CDF87329.1	NC_001143.9	24.348	345	503	188	484	222345	221341	9.38e-16	79.3
CDF87329.1	NC_001143.9	26.644	289	503	187	412	348887	348075	3.75e-14	74.3
CDF87329.1	NC_001143.9	25.781	256	503	248	471	150444	149734	2.94e-12	68.2
CDF87330.1	NC_001145.3	46.038	795	760	10	759	575171	577510	0.0	702
CDF87331.1	NC_001145.3	45.669	127	126	1	125	574859	574491	7.15e-26	99.8
CDF87332.1	NC_001136.10	87.606	355	353	1	353	283176	282115	0.0	622
CDF87333.1	NC_001136.10	37.572	346	297	1	297	283419	284441	1.17e-39	146
CDF87334.1	NC_001145.3	78.065	155	155	1	155	572248	572712	1.62e-80	257
CDF87335.1	NC_001145.3	51.691	207	235	36	232	571909	571289	1.77e-58	198
CDF87336.1	NC_001136.10	45.960	198	190	1	189	285165	284587	3.04e-48	166
CDF87337.1	NC_001145.3	48.954	239	205	1	203	571016	570309	2.38e-63	210
CDF87338.1	NC_001136.10	77.752	427	424	3	424	286674	285394	0.0	687
CDF87339.1	NC_001136.10	65.526	760	761	3	761	287056	289335	0.0	1097
CDF87339.1	NC_001136.10	52.473	728	761	17	744	289936	292119	0.0	853
CDF87339.1	NC_001136.10	23.647	499	761	26	501	1075883	1077280	1.27e-29	125
CDF87339.1	NC_001133.9	33.524	701	761	54	733	108347	106290	2.97e-101	342
CDF87339.1	NC_001147.6	31.760	699	761	35	708	916147	918204	9.72e-99	335
CDF87339.1	NC_001139.9	32.455	721	761	35	733	897652	899775	3.97e-98	333
CDF87339.1	NC_001142.9	30.856	713	761	49	713	700470	698398	3.63e-82	286
CDF87340.1	NC_001145.3	41.569	599	633	10	608	568605	570188	2.21e-140	451
CDF87341.1	NC_001147.6	67.234	235	204	1	204	44938	45630	1.88e-95	302
CDF87342.1	NC_001147.6	63.200	500	576	80	564	47301	45835	0.0	572
CDF87343.1	NC_001147.6	53.191	235	230	1	227	48643	47939	2.30e-87	280
CDF87344.1	NC_001147.6	59.278	194	184	1	183	48864	49442	4.04e-72	234
CDF87345.1	NC_001147.6	61.033	1065	1070	8	1063	52764	49621	0.0	1274
CDF87346.1	NC_001147.6	42.204	481	411	2	409	53107	54549	2.83e-106	343
CDF87347.1	NC_001147.6	73.964	169	169	1	169	55104	54598	8.35e-86	273
CDF87348.1	NC_001146.8	90.762	433	433	1	433	19302	18004	0.0	829
CDF87348.1	NC_001146.8	26.448	397	433	20	388	593419	594540	5.72e-31	125
CDF87348.1	NC_001139.9	47.971	419	433	20	430	141648	140392	5.31e-136	429
CDF87348.1	NC_001148.4	36.626	243	433	91	323	683903	683187	3.01e-43	161
CDF87349.1	NC_001146.8	51.448	1036	1031	2	1028	22633	19550	0.0	1022
CDF87349.1	NC_001136.10	32.609	552	1031	481	1020	237896	236334	1.20e-71	260
CDF87349.1	NC_001136.10	46.186	236	1031	729	963	238034	237351	1.14e-50	194
CDF87349.1	NC_001136.10	39.695	262	1031	721	974	1262161	1262937	2.83e-42	167
CDF87349.1	NC_001136.10	36.996	273	1031	689	955	438455	439258	2.60e-40	161
CDF87349.1	NC_001136.10	31.515	165	1031	740	900	1225837	1225376	3.92e-11	66.2
CDF87349.1	NC_001144.5	31.545	615	1031	474	1027	72423	70678	7.40e-64	236
CDF87349.1	NC_001144.5	31.481	540	1031	441	955	914190	912685	1.39e-57	216
CDF87349.1	NC_001144.5	39.662	237	1031	727	958	72549	71851	1.20e-42	169
CDF87349.1	NC_001143.9	33.941	439	1031	611	1017	72071	70839	1.17e-63	236
CDF87349.1	NC_001143.9	36.090	266	1031	727	981	174822	175610	4.80e-42	167
CDF87349.1	NC_001139.9	38.000	300	1031	728	1011	1028594	1029397	1.93e-46	181
CDF87349.1	NC_001139.9	40.171	234	1031	725	955	410866	410177	3.76e-41	164
CDF87349.1	NC_001139.9	36.250	240	1031	720	954	542437	543129	7.25e-32	134
CDF87350.1	NC_001146.8	58.904	146	145	1	144	23274	22840	2.60e-52	176
CDF87350.1	NC_001144.5	59.091	66	145	73	138	165783	165595	3.38e-19	81.6
CDF87351.1	NC_001146.8	34.262	359	1296	1	347	24057	25115	5.86e-52	200
CDF87352.1	NC_001146.8	55.452	321	322	1	321	28335	27376	9.06e-123	386
CDF87352.1	NC_001144.5	26.638	229	322	44	260	627469	628083	2.56e-17	81.6
CDF87352.1	NC_001147.6	26.860	242	322	28	258	322898	322284	7.25e-16	77.4
CDF87353.1	NC_001147.6	60.669	239	237	1	236	55558	56274	1.66e-98	313
CDF87354.1	NC_001146.8	68.957	844	877	13	843	31360	28832	0.0	1190
CDF87354.1	NC_001146.8	29.398	415	877	180	581	423973	422828	3.38e-40	160
CDF87354.1	NC_001143.9	28.685	502	877	94	583	34666	36057	1.64e-42	167
CDF87354.1	NC_001147.6	26.679	521	877	105	588	525434	526891	1.03e-35	145
CDF87354.1	NC_001141.2	20.283	424	877	111	501	353221	352070	2.19e-11	66.6
CDF87355.1	NC_001147.6	44.122	689	646	8	641	56494	58521	1.46e-159	507
CDF87355.1	NC_001136.10	26.259	278	646	61	322	1333783	1332992	9.63e-15	77.0
CDF87356.1	NC_001146.8	64.819	415	420	1	411	31944	33179	0.0	581
CDF87356.1	NC_001146.8	40.761	368	420	46	413	711690	712754	4.75e-82	273
CDF87356.1	NC_001135.5	42.857	364	420	47	410	286819	287868	1.22e-93	307
CDF87357.1	NC_001147.6	72.637	402	419	16	417	58819	60024	0.0	628
CDF87357.1	NC_001144.5	30.594	438	419	1	416	1012501	1013772	1.90e-54	194
CDF87357.1	NC_001139.9	25.064	391	419	12	356	525340	526449	3.66e-22	98.2
CDF87357.1	NC_001146.8	26.331	357	419	21	327	734369	735427	3.50e-21	95.1
CDF87358.1	NC_001146.8	47.445	137	437	305	437	33680	33297	3.94e-19	89.4
CDF87359.1	NC_001146.8	54.600	1000	1007	2	995	34723	37407	0.0	1021
CDF87359.1	NC_001136.10	22.803	421	1007	583	1003	232823	233872	7.61e-19	91.7
CDF87360.1	NC_001147.6	81.690	213	209	1	209	61024	60386	1.65e-112	351
CDF87361.1	NC_001146.8	69.231	286	286	1	286	37700	38551	2.94e-136	423
CDF87362.1	NC_001147.6	43.965	1367	1268	5	1262	65299	61346	0.0	992
CDF87363.1	NC_001146.8	47.834	531	516	12	515	40287	38710	1.87e-157	495
CDF87363.1	NC_001146.8	39.535	473	516	51	513	772831	774222	2.43e-108	353
CDF87363.1	NC_001145.3	39.394	495	516	26	512	288175	289635	2.52e-112	365
CDF87363.1	NC_001140.6	39.592	490	516	32	513	296243	294798	5.38e-111	361
CDF87363.1	NC_001140.6	39.286	532	516	5	513	288772	287207	2.86e-109	356
CDF87363.1	NC_001140.6	37.476	515	516	16	512	292562	291042	3.96e-106	347
CDF87363.1	NC_001144.5	39.096	509	516	16	513	290350	291816	7.26e-111	361
CDF87363.1	NC_001136.10	37.266	534	516	1	513	13360	11786	1.69e-110	360
CDF87363.1	NC_001136.10	38.760	516	516	6	513	1161239	1159734	2.55e-110	359
CDF87363.1	NC_001136.10	38.760	516	516	6	513	1155847	1154342	2.55e-110	359
CDF87363.1	NC_001136.10	39.535	473	516	51	512	1164471	1163086	5.43e-105	344
CDF87363.1	NC_001136.10	29.498	478	516	45	512	111856	113247	2.82e-61	217
CDF87363.1	NC_001136.10	29.684	475	516	50	513	213648	215030	1.05e-57	206
CDF87363.1	NC_001136.10	24.512	461	516	62	516	1508125	1509480	2.08e-34	137
CDF87363.1	NC_001136.10	26.248	541	516	18	513	1445335	1443827	1.42e-28	119
CDF87363.1	NC_001136.10	28.293	205	516	310	513	1248792	1248196	4.32e-19	90.1
CDF87363.1	NC_001136.10	30.222	225	516	35	256	1249755	1249132	2.84e-15	77.8
CDF87363.1	NC_001136.10	23.507	536	516	10	513	6174	7667	3.61e-14	74.3
CDF87363.1	NC_001136.10	23.028	469	516	64	510	102951	101653	1.50e-12	69.3
CDF87364.1	NC_001147.6	54.737	475	472	11	472	65687	67111	3.53e-150	472
CDF87365.1	NC_001146.8	74.330	448	448	8	448	40679	42013	0.0	701
CDF87365.1	NC_001135.5	26.667	240	448	155	366	261174	260476	9.25e-18	85.1
CDF87365.1	NC_001135.5	23.746	299	448	83	372	222442	221696	1.47e-14	75.1
CDF87365.1	NC_001135.5	23.411	299	448	94	364	241881	241066	1.85e-14	74.7
CDF87365.1	NC_001135.5	25.333	225	448	83	287	261117	260449	4.97e-12	67.0
CDF87365.1	NC_001135.5	25.773	194	448	162	346	241932	241366	1.51e-11	65.5
CDF87365.1	NC_001148.4	28.472	144	448	135	278	267079	266651	8.71e-16	79.0
CDF87365.1	NC_001136.10	23.077	234	448	136	364	198104	197469	2.89e-14	74.3
CDF87365.1	NC_001136.10	26.667	150	448	85	234	198131	197682	1.13e-13	72.4
CDF87365.1	NC_001136.10	27.485	171	448	120	276	1003337	1002825	2.44e-11	64.7
CDF87365.1	NC_001144.5	22.712	295	448	87	364	400965	401708	4.74e-13	70.5
CDF87365.1	NC_001144.5	23.026	152	448	83	233	580292	579840	3.76e-11	64.3
CDF87365.1	NC_001144.5	26.923	130	448	115	244	580322	579933	7.26e-11	63.2
CDF87366.1	NC_001147.6	40.506	395	382	1	378	68754	67573	2.50e-95	310
CDF87366.1	NC_001141.2	32.178	202	382	80	278	165218	164664	9.24e-18	84.3
CDF87366.1	NC_001142.9	27.805	205	382	79	278	130613	130062	8.44e-13	68.9
CDF87367.1	NC_001147.6	68.116	207	215	1	195	70044	69424	2.91e-71	233
CDF87368.1	NC_001147.6	81.416	113	115	3	115	70364	70687	4.33e-58	191
CDF87369.1	NC_001146.8	52.599	327	318	2	317	43060	42080	4.46e-111	353
CDF87370.1	NC_001146.8	58.044	317	322	9	321	44271	43330	3.64e-127	399
CDF87371.1	NC_001137.3	50.671	298	296	1	294	540363	539473	6.83e-95	305
CDF87371.1	NC_001140.6	27.273	297	296	2	294	519446	520300	1.41e-31	122
CDF87373.1	NC_001137.3	50.133	1131	1055	4	1055	541696	545052	0.0	1068
CDF87373.1	NC_001145.3	32.196	469	1055	588	1050	428403	427120	4.70e-58	218
CDF87373.1	NC_001143.9	26.923	494	1055	576	1029	406656	405280	5.31e-36	147
CDF87373.1	NC_001144.5	27.768	569	1055	588	1055	997436	999013	1.69e-34	142
CDF87374.1	NC_001137.3	91.045	268	268	1	268	545611	546411	1.91e-157	483
CDF87374.1	NC_001136.10	95.082	244	268	1	244	653607	654338	8.15e-156	478
CDF87375.1	NC_001136.10	54.198	131	141	3	133	655016	655408	1.44e-42	148
CDF87376.1	NC_001136.10	68.804	577	566	1	564	657467	655740	0.0	804
CDF87377.1	NC_001137.3	72.076	419	401	1	400	546817	548073	0.0	626
CDF87378.1	NC_001136.10	40.137	877	891	1	816	658353	660839	7.91e-170	546
CDF87379.1	NC_001136.10	41.251	863	1248	411	1245	663758	661215	0.0	682
CDF87379.1	NC_001136.10	48.515	101	1248	8	108	664901	664599	2.52e-19	93.6
CDF87380.1	NC_001137.3	90.690	290	332	43	332	548645	549514	0.0	556
CDF87380.1	NC_001137.3	46.012	326	332	7	332	350196	351170	1.60e-92	300
CDF87380.1	NC_001136.10	32.258	186	332	94	272	455498	456055	3.22e-19	87.4
CDF87381.1	NC_001136.10	72.059	476	476	1	476	666770	665352	0.0	722
CDF87382.1	NC_001137.3	36.293	259	274	26	274	550452	549733	2.31e-35	133
CDF87383.1	NC_001137.3	58.108	74	111	38	111	551083	550868	6.83e-14	64.7
CDF87384.1	NC_001144.5	76.074	652	651	14	651	296043	294094	0.0	992
CDF87384.1	NC_001136.10	69.881	674	651	1	651	671034	669019	0.0	975
CDF87384.1	NC_001137.3	25.465	699	651	13	645	389932	387953	1.19e-52	195
CDF87385.1	NC_001136.10	63.309	695	692	1	677	671269	673329	0.0	882
CDF87386.1	NC_001144.5	42.822	1219	1216	9	1215	300215	296604	0.0	932
CDF87387.1	NC_001136.10	58.453	698	738	33	728	675553	673538	0.0	846
CDF87387.1	NC_001146.8	27.684	531	738	35	551	180998	179598	1.06e-46	179
CDF87388.1	NC_001142.9	92.453	159	159	1	159	147101	147574	4.79e-97	305
CDF87390.1	NC_001142.9	77.828	221	207	1	207	150961	151623	1.73e-102	323
CDF87391.1	NC_001143.9	61.882	425	424	1	423	557677	558948	0.0	563
CDF87391.1	NC_001142.9	63.882	407	424	23	424	152945	151725	4.86e-177	547
CDF87391.1	NC_001147.6	51.140	307	424	90	396	512032	512916	2.75e-105	341
CDF87391.1	NC_001134.8	46.104	308	424	89	396	633871	634758	1.42e-98	322
CDF87391.1	NC_001134.8	38.356	292	424	90	379	619302	620165	3.65e-68	233
CDF87391.1	NC_001136.10	46.602	309	424	90	396	1421514	1422395	8.05e-93	305
CDF87392.1	NC_001143.9	61.446	249	256	5	253	556539	557285	9.45e-109	343
CDF87393.1	NC_001143.9	92.658	395	395	1	395	554987	556171	0.0	728
CDF87393.1	NC_001143.9	31.633	196	395	42	208	486883	486299	2.04e-14	73.9
CDF87393.1	NC_001142.9	92.658	395	395	1	395	154691	153507	0.0	727
CDF87393.1	NC_001142.9	29.534	386	395	17	384	383933	385081	9.07e-46	167
CDF87393.1	NC_001136.10	58.575	379	395	19	393	486861	487997	5.62e-147	459
CDF87393.1	NC_001136.10	44.022	368	395	24	390	171789	170692	1.16e-94	309
CDF87393.1	NC_001136.10	36.828	372	395	24	387	305426	306538	5.39e-74	249
CDF87393.1	NC_001136.10	29.897	388	395	24	378	949765	948617	9.98e-46	167
CDF87393.1	NC_001136.10	25.874	429	395	15	383	394595	395881	6.97e-45	165
CDF87393.1	NC_001136.10	28.974	390	395	29	376	847610	846471	4.22e-36	139
CDF87393.1	NC_001147.6	38.520	392	395	2	379	415703	414540	1.44e-81	271
CDF87393.1	NC_001147.6	32.425	367	395	42	388	723394	724491	9.17e-55	194
CDF87393.1	NC_001140.6	32.172	373	395	14	383	228821	227706	2.60e-60	209
CDF87393.1	NC_001140.6	33.073	384	395	24	385	442190	443317	1.21e-51	184
CDF87394.1	NC_001143.9	48.829	299	444	1	282	552770	553660	1.09e-87	291
CDF87394.1	NC_001142.9	47.351	302	444	1	279	156127	155246	1.69e-81	273
CDF87395.1	NC_001142.9	92.405	79	87	9	87	156789	156553	8.24e-46	154
CDF87395.1	NC_001143.9	91.139	79	87	9	87	552003	552239	1.29e-45	154
CDF87396.1	NC_001143.9	69.730	555	587	39	587	549703	551364	0.0	804
CDF87397.1	NC_001143.9	55.439	285	277	14	277	548237	549088	4.22e-102	325
CDF87397.1	NC_001143.9	24.731	186	277	73	232	466065	465514	2.83e-12	65.5
CDF87397.1	NC_001148.4	46.591	176	277	75	240	875401	875919	1.79e-46	165
CDF87397.1	NC_001144.5	46.893	177	277	74	241	604778	604254	4.56e-44	158
CDF87397.1	NC_001144.5	30.675	163	277	72	232	668867	668394	9.59e-16	75.9
CDF87397.1	NC_001144.5	27.500	160	277	74	232	721394	720942	1.17e-12	66.6
CDF87397.1	NC_001146.8	45.614	171	277	75	240	456589	457098	7.23e-42	152
CDF87397.1	NC_001146.8	36.073	219	277	74	242	300640	299990	2.91e-38	141
CDF87397.1	NC_001146.8	29.474	190	277	74	251	449904	450425	8.85e-19	84.7
CDF87397.1	NC_001141.2	36.410	195	277	75	240	139803	140384	4.95e-37	138
CDF87398.1	NC_001143.9	40.092	4118	4050	11	4047	547895	535656	0.0	3089
CDF87399.1	NC_001142.9	55.641	390	403	12	395	158242	159411	1.34e-142	447
CDF87399.1	NC_001143.9	53.704	378	403	19	395	535203	534073	1.00e-131	416
CDF87400.1	NC_001143.9	74.503	302	301	1	300	533464	532559	4.19e-155	478
CDF87400.1	NC_001142.9	75.172	290	301	13	300	160685	161554	4.40e-150	464
CDF87400.1	NC_001142.9	26.756	299	301	27	299	609812	610684	2.72e-24	101
CDF87400.1	NC_001142.9	28.111	217	301	28	231	578127	577477	7.98e-19	85.5
CDF87400.1	NC_001146.8	27.835	291	301	23	299	625820	625014	2.17e-26	107
CDF87400.1	NC_001145.3	23.567	314	301	21	300	594323	593415	3.93e-24	101
CDF87400.1	NC_001148.4	27.619	315	301	2	299	601821	600916	3.14e-23	98.6
CDF87400.1	NC_001148.4	26.421	299	301	27	293	583967	583092	2.12e-21	93.2
CDF87400.1	NC_001148.4	24.667	300	301	22	299	299476	298601	3.13e-17	80.9
CDF87401.1	NC_001143.9	51.319	417	414	3	414	530949	532196	3.09e-133	421
CDF87402.1	NC_001142.9	39.125	754	731	1	731	161914	164163	1.73e-176	559
CDF87403.1	NC_001142.9	45.983	361	360	1	354	165348	164296	8.59e-93	302
CDF87404.1	NC_001142.9	82.613	2220	2216	1	2216	172367	165726	0.0	3857
CDF87404.1	NC_001142.9	55.307	1074	2216	438	1481	632851	629690	0.0	1147
CDF87404.1	NC_001142.9	30.000	390	2216	977	1348	632857	631694	9.39e-42	168
CDF87404.1	NC_001147.6	45.588	408	2216	14	415	882899	884041	1.15e-96	349
CDF87405.1	NC_001142.9	46.667	1275	1294	4	1163	177294	173650	0.0	988
CDF87405.1	NC_001143.9	53.422	599	1294	577	1159	528712	530454	0.0	614
CDF87405.1	NC_001143.9	35.072	345	1294	4	336	527830	528750	2.76e-53	204
CDF87406.1	NC_001142.9	67.395	641	628	35	628	179986	178100	0.0	804
CDF87406.1	NC_001142.9	28.710	310	628	324	614	250789	251682	5.62e-25	109
CDF87406.1	NC_001142.9	26.570	207	628	326	518	77915	77322	1.56e-16	82.8
CDF87406.1	NC_001142.9	26.335	281	628	312	583	110925	110137	3.80e-16	81.3
CDF87406.1	NC_001142.9	27.966	236	628	326	545	149268	148621	3.65e-12	68.6
CDF87406.1	NC_001136.10	37.584	298	628	308	586	173021	173887	1.40e-48	182
CDF87406.1	NC_001136.10	32.759	290	628	322	603	1486981	1486145	7.37e-31	128
CDF87406.1	NC_001136.10	26.645	304	628	314	585	695039	695899	3.73e-20	94.4
CDF87406.1	NC_001136.10	28.761	226	628	366	589	1465546	1464902	2.80e-19	91.7
CDF87406.1	NC_001136.10	28.395	243	628	319	539	1395148	1395855	1.95e-18	89.0
CDF87406.1	NC_001136.10	26.512	215	628	326	537	1412553	1413167	1.36e-15	79.7
CDF87406.1	NC_001136.10	25.084	299	628	317	583	281260	280409	2.29e-12	69.3
CDF87406.1	NC_001136.10	23.129	294	628	314	583	1433914	1433096	2.38e-12	68.9
CDF87406.1	NC_001136.10	27.451	204	628	324	521	313955	313371	1.61e-11	66.2
CDF87406.1	NC_001136.10	24.749	299	628	315	583	401995	401144	2.44e-11	65.9
CDF87406.1	NC_001147.6	39.073	302	628	309	597	773228	774106	1.43e-44	170
CDF87406.1	NC_001147.6	31.518	257	628	339	583	105511	106242	5.90e-24	106
CDF87406.1	NC_001147.6	26.667	270	628	322	583	295976	295194	1.18e-17	86.3
CDF87406.1	NC_001147.6	26.263	297	628	317	588	129762	130586	2.02e-16	82.4
CDF87406.1	NC_001147.6	25.753	299	628	324	607	79347	78508	1.60e-12	69.7
CDF87406.1	NC_001147.6	26.403	303	628	317	586	996040	995171	2.02e-11	66.2
CDF87406.1	NC_001148.4	36.424	302	628	318	605	288401	287526	1.71e-43	167
CDF87406.1	NC_001148.4	32.482	274	628	324	583	263589	262795	2.96e-28	120
CDF87406.1	NC_001148.4	29.964	277	628	315	587	157299	156517	1.34e-21	99.0
CDF87406.1	NC_001148.4	28.374	289	628	309	589	268257	269066	2.44e-21	98.2
CDF87406.1	NC_001148.4	28.754	313	628	312	586	492941	492036	1.95e-20	95.1
CDF87406.1	NC_001148.4	30.396	227	628	314	533	166445	167089	6.54e-18	87.0
CDF87406.1	NC_001135.5	30.435	299	628	326	594	243466	242621	4.13e-31	129
CDF87406.1	NC_001135.5	29.352	293	628	326	585	275391	276215	1.91e-20	95.1
CDF87406.1	NC_001135.5	26.259	278	628	324	589	79234	80034	5.53e-17	84.0
CDF87407.1	NC_001142.9	67.308	52	52	1	52	181709	181554	5.32e-19	76.3
CDF87408.1	NC_001142.9	57.983	595	526	1	521	184217	182436	0.0	672
CDF87409.1	NC_001142.9	63.366	303	304	1	295	184501	185403	1.31e-129	405
CDF87409.1	NC_001144.5	32.787	305	304	4	301	830331	829507	7.83e-43	155
CDF87410.1	NC_001142.9	69.061	362	373	13	369	186655	185573	1.56e-175	540
CDF87411.1	NC_001142.9	81.879	149	170	22	170	187575	187129	1.17e-80	258
CDF87412.1	NC_001143.9	42.742	124	120	1	120	527231	526860	1.71e-28	107
CDF87413.1	NC_001142.9	49.698	497	461	8	461	189413	188007	1.82e-125	400
CDF87414.1	NC_001142.9	53.143	175	149	1	149	189716	190240	1.87e-53	179
CDF87415.1	NC_001142.9	87.342	237	238	1	237	191090	190380	1.58e-141	436
CDF87416.1	NC_001143.9	60.746	456	450	1	450	526640	525390	2.19e-151	474
CDF87417.1	NC_001143.9	45.276	254	299	29	271	525020	524271	1.04e-62	213
CDF87418.1	NC_001143.9	40.102	197	265	1	195	523969	523430	2.36e-12	65.5
CDF87419.1	NC_001142.9	41.196	301	305	3	303	192567	193460	4.55e-79	260
CDF87420.1	NC_001143.9	46.798	406	440	42	440	522159	523343	1.04e-114	369
CDF87421.1	NC_001143.9	64.453	256	267	10	264	521700	520939	1.19e-112	355
CDF87422.1	NC_001143.9	72.137	262	383	125	383	519842	520621	5.47e-125	395
CDF87422.1	NC_001142.9	62.887	291	383	96	383	194729	193863	8.22e-124	392
CDF87422.1	NC_001141.2	60.902	266	383	122	383	128787	129575	2.19e-103	333
CDF87422.1	NC_001146.8	49.741	386	383	21	383	501623	502771	3.58e-100	324
CDF87422.1	NC_001145.3	37.981	208	383	156	349	757457	758044	9.37e-25	105
CDF87423.1	NC_001142.9	92.899	169	269	1	169	196287	196793	1.29e-105	335
CDF87425.1	NC_001143.9	70.861	604	605	2	605	515078	516868	0.0	844
CDF87425.1	NC_001139.9	54.789	522	605	86	605	880666	882228	2.39e-177	556
CDF87425.1	NC_001135.5	45.061	577	605	35	605	77742	76021	9.86e-171	537
CDF87425.1	NC_001136.10	42.857	644	605	3	605	1468354	1466456	1.89e-165	522
CDF87425.1	NC_001136.10	40.436	596	605	20	605	550549	548765	7.98e-152	483
CDF87425.1	NC_001136.10	27.826	575	605	74	576	776937	778640	7.17e-63	224
CDF87425.1	NC_001147.6	48.746	558	605	56	605	286346	287947	3.38e-159	504
CDF87425.1	NC_001147.6	33.729	590	605	20	588	988671	986947	1.84e-97	325
CDF87426.1	NC_001143.9	83.161	386	386	1	386	513159	512002	0.0	687
CDF87426.1	NC_001136.10	25.854	410	386	9	385	274801	273668	2.96e-23	100
CDF87427.1	NC_001143.9	45.085	295	288	1	284	511797	510913	4.82e-79	259
CDF87428.1	NC_001142.9	43.388	726	705	1	705	205305	207446	0.0	581
CDF87428.1	NC_001143.9	35.969	645	705	81	705	510414	508705	8.31e-115	380
CDF87428.1	NC_001134.8	25.899	278	705	398	624	617113	616352	2.53e-17	85.5
CDF87428.1	NC_001141.2	41.237	97	705	569	664	269593	269883	3.89e-16	81.6
CDF87428.1	NC_001141.2	22.705	207	705	428	632	269530	270027	8.84e-13	70.9
CDF87428.1	NC_001141.2	21.037	328	705	390	666	269545	270399	6.02e-12	68.2
CDF87428.1	NC_001141.2	28.387	155	705	471	623	269479	269877	8.28e-11	64.3
CDF87428.1	NC_001138.5	22.699	326	705	391	656	117402	118346	6.45e-15	77.8
CDF87429.1	NC_001142.9	90.182	550	549	1	548	207877	209526	0.0	1026
CDF87429.1	NC_001142.9	30.524	534	549	6	525	407561	409141	4.50e-82	278
CDF87429.1	NC_001142.9	31.380	529	549	8	524	555995	557578	3.11e-71	247
CDF87429.1	NC_001142.9	27.807	561	549	6	541	421645	419978	1.58e-55	201
CDF87429.1	NC_001141.2	34.731	501	549	27	524	83359	84846	6.52e-79	270
CDF87429.1	NC_001136.10	33.019	530	549	29	531	887316	888887	6.79e-79	269
CDF87429.1	NC_001136.10	31.055	512	549	28	522	200062	201564	5.15e-63	223
CDF87429.1	NC_001136.10	27.290	513	549	29	518	836484	838007	7.70e-52	190
CDF87430.1	NC_001143.9	80.882	204	201	1	201	507939	508550	1.73e-105	331
CDF87431.1	NC_001142.9	49.640	139	332	38	165	211190	210774	1.70e-31	124
CDF87431.1	NC_001142.9	37.584	149	332	211	329	210383	209955	1.92e-16	79.3
CDF87431.1	NC_001143.9	64.286	70	332	16	85	506925	507128	9.43e-23	98.2
CDF87431.1	NC_001143.9	47.945	73	332	260	327	507450	507668	1.45e-13	70.5
CDF87431.1	NC_001138.5	44.737	114	332	17	130	96827	97150	3.98e-20	90.1
CDF87431.1	NC_001137.3	68.750	48	332	39	86	230710	230853	4.58e-16	78.2
CDF87432.1	NC_001148.4	48.139	403	742	350	737	414184	415347	2.12e-100	339
CDF87432.1	NC_001148.4	46.978	364	742	25	359	412954	414039	1.07e-89	307
CDF87433.1	NC_001148.4	48.105	765	703	1	703	415763	418024	0.0	617
CDF87433.1	NC_001148.4	51.899	237	703	419	655	887450	886767	2.75e-71	252
CDF87433.1	NC_001148.4	33.878	245	703	410	646	611285	611968	5.06e-32	132
CDF87433.1	NC_001137.3	63.665	322	703	388	698	244790	243828	1.34e-122	402
CDF87433.1	NC_001137.3	35.968	253	703	416	650	190945	190235	6.25e-28	119
CDF87433.1	NC_001139.9	38.947	285	703	406	676	542422	543246	4.05e-48	182
CDF87433.1	NC_001139.9	38.934	244	703	415	650	1028585	1029286	1.20e-39	156
CDF87433.1	NC_001139.9	31.667	300	703	389	681	410938	410078	1.28e-35	144
CDF87433.1	NC_001136.10	41.200	250	703	418	664	238037	237324	4.58e-44	170
CDF87433.1	NC_001136.10	33.438	320	703	409	695	237245	236322	2.43e-41	162
CDF87433.1	NC_001136.10	34.043	235	703	421	651	438587	439264	1.42e-32	134
CDF87433.1	NC_001136.10	32.692	260	703	418	670	1262182	1262928	2.14e-32	134
CDF87433.1	NC_001144.5	33.243	370	703	360	701	71721	70669	5.64e-43	167
CDF87433.1	NC_001144.5	33.962	318	703	382	695	913455	912574	1.26e-42	166
CDF87433.1	NC_001144.5	38.545	275	703	417	682	914175	913390	2.93e-41	161
CDF87433.1	NC_001144.5	39.224	232	703	424	650	72528	71857	6.25e-36	145
CDF87434.1	NC_001134.8	54.915	468	468	5	468	618918	620300	8.03e-177	548
CDF87434.1	NC_001134.8	40.000	315	468	132	443	633868	634767	5.56e-71	243
CDF87434.1	NC_001136.10	34.852	439	468	1	438	1421157	1422389	5.95e-79	266
CDF87434.1	NC_001147.6	40.984	305	468	141	443	512041	512925	8.96e-71	243
CDF87434.1	NC_001142.9	37.908	306	468	140	434	152726	151815	2.02e-60	213
CDF87434.1	NC_001143.9	38.047	297	468	135	424	557935	558819	2.05e-59	210
CDF87435.1	NC_001148.4	35.248	383	795	214	576	418812	419951	1.30e-59	219
CDF87435.1	NC_001148.4	33.058	121	795	3	119	418470	418820	1.41e-12	70.5
CDF87435.1	NC_001148.4	49.123	57	795	737	793	419835	420005	6.95e-11	64.7
CDF87436.1	NC_001134.8	60.759	553	542	1	541	620872	622521	0.0	656
CDF87437.1	NC_001148.4	36.184	152	141	10	141	420470	420051	9.39e-21	85.9
CDF87438.1	NC_001148.4	50.571	613	544	7	543	420951	422780	4.75e-172	538
CDF87439.1	NC_001148.4	50.980	306	322	4	301	423880	422966	1.79e-95	308
CDF87440.1	NC_001134.8	56.373	204	210	1	204	623576	624187	2.18e-87	280
CDF87442.1	NC_001148.4	36.458	192	185	4	183	425796	425257	3.88e-27	105
CDF87443.1	NC_001148.4	52.268	882	890	11	890	926934	924307	0.0	970
CDF87443.1	NC_001142.9	32.325	727	890	152	859	36000	33934	4.34e-103	352
CDF87444.1	NC_001139.9	80.634	284	283	2	283	756443	755592	2.69e-153	472
CDF87444.1	NC_001139.9	56.432	241	283	23	263	953321	952602	9.09e-87	281
CDF87445.1	NC_001139.9	47.799	159	154	1	154	756950	757426	9.24e-44	152
CDF87445.1	NC_001139.9	34.868	152	154	3	153	394007	394426	1.09e-20	86.3
CDF87445.1	NC_001137.3	38.211	123	154	32	153	131970	132329	3.35e-20	84.7
CDF87445.1	NC_001136.10	38.636	132	154	27	154	630210	630596	4.42e-19	81.6
CDF87445.1	NC_001136.10	37.190	121	154	33	153	569596	569246	2.12e-17	76.6
CDF87445.1	NC_001136.10	32.576	132	154	1	132	816878	817258	2.48e-16	73.6
CDF87445.1	NC_001136.10	32.075	106	154	22	126	337669	337980	1.17e-11	60.1
CDF87445.1	NC_001147.6	37.594	133	154	6	138	958799	958419	7.33e-18	78.2
CDF87445.1	NC_001134.8	38.017	121	154	33	153	406990	406640	6.56e-17	75.1
CDF87446.1	NC_001137.3	39.000	100	132	29	126	271042	270743	3.60e-13	63.5
CDF87446.1	NC_001141.2	40.000	75	132	50	123	258082	257858	7.28e-11	57.0
CDF87447.1	NC_001148.4	59.854	137	169	24	154	831513	831103	1.22e-53	181
CDF87448.1	NC_001139.9	44.115	1181	1175	1	1163	757767	761102	0.0	949
CDF87449.1	NC_001148.4	37.284	464	461	5	457	833446	832133	9.10e-69	237
CDF87450.1	NC_001139.9	90.244	246	256	1	245	761392	762129	1.09e-148	457
CDF87450.1	NC_001139.9	35.458	251	256	6	250	999119	998373	9.19e-39	142
CDF87450.1	NC_001139.9	33.333	177	256	6	181	475214	474687	4.55e-27	108
CDF87450.1	NC_001147.6	35.294	204	256	6	205	255346	255957	1.09e-40	147
CDF87450.1	NC_001147.6	37.209	172	256	6	177	1018725	1018216	7.41e-32	122
CDF87450.1	NC_001145.3	37.089	213	256	5	216	86730	86098	1.69e-40	147
CDF87450.1	NC_001145.3	32.432	222	256	1	218	901709	902362	1.38e-27	110
CDF87451.1	NC_001148.4	59.286	140	139	1	139	833823	834242	1.88e-53	179
CDF87453.1	NC_001148.4	52.727	220	206	1	206	834565	835209	1.83e-57	193
CDF87453.1	NC_001139.9	40.664	241	206	1	206	762428	763150	8.13e-43	151
CDF87454.1	NC_001148.4	42.661	511	495	58	495	837095	835572	7.20e-125	400
CDF87455.1	NC_001139.9	83.434	332	332	1	332	883810	882815	0.0	586
CDF87455.1	NC_001142.9	83.891	329	332	1	329	454681	453695	0.0	585
CDF87455.1	NC_001142.9	81.928	332	332	1	332	338271	339266	0.0	577
CDF87456.1	NC_001142.9	77.495	511	509	1	509	456239	457771	0.0	838
CDF87457.1	NC_001139.9	41.542	402	403	22	402	885672	884515	5.32e-82	273
CDF87457.1	NC_001146.8	35.498	231	403	4	217	491526	492158	3.75e-23	100
CDF87458.1	NC_001139.9	63.465	583	580	8	578	887812	886076	0.0	779
CDF87459.1	NC_001142.9	63.953	86	92	1	86	458361	458104	9.00e-34	120
CDF87460.1	NC_001147.6	27.456	397	470	68	453	96079	94904	1.43e-32	130
CDF87460.1	NC_001147.6	23.202	431	470	68	470	891120	889855	1.25e-23	103
CDF87460.1	NC_001143.9	24.775	444	470	33	470	6122	7429	3.36e-30	123
CDF87460.1	NC_001146.8	25.962	416	470	67	469	391540	390335	1.43e-26	112
CDF87461.1	NC_001142.9	40.076	262	257	3	257	459408	458644	1.67e-49	173
CDF87462.1	NC_001148.4	33.677	291	298	14	294	673826	674671	1.46e-37	140
CDF87462.1	NC_001148.4	26.027	292	298	11	288	601776	600931	6.28e-23	97.8
CDF87462.1	NC_001148.4	26.333	300	298	14	290	299470	298610	8.16e-20	88.6
CDF87462.1	NC_001134.8	33.110	299	298	19	296	449784	450653	3.00e-34	130
CDF87462.1	NC_001134.8	25.260	289	298	17	290	784527	783688	1.02e-12	67.4
CDF87462.1	NC_001134.8	21.942	278	298	15	275	416022	416834	1.96e-11	63.2
CDF87462.1	NC_001134.8	22.549	306	298	33	291	607865	608773	4.02e-11	62.4
CDF87462.1	NC_001147.6	31.119	286	298	14	287	570768	569947	2.97e-31	122
CDF87462.1	NC_001147.6	29.210	291	298	14	286	758366	759208	2.72e-27	110
CDF87462.1	NC_001147.6	29.097	299	298	7	288	514194	513328	7.80e-26	106
CDF87462.1	NC_001141.2	23.239	284	298	18	288	344305	345141	3.28e-19	86.7
CDF87462.1	NC_001137.3	21.951	287	298	18	288	144453	145301	5.47e-17	80.1
CDF87463.1	NC_001142.9	33.673	98	104	5	98	460175	459906	3.52e-13	62.4
CDF87464.1	NC_001142.9	61.772	395	399	3	385	460385	461551	4.76e-149	466
CDF87465.1	NC_001139.9	82.231	242	244	1	242	888882	889607	1.37e-137	425
CDF87466.1	NC_001139.9	38.856	507	773	315	772	891064	889691	6.94e-86	297
CDF87466.1	NC_001139.9	37.968	187	773	2	185	892180	891689	8.95e-16	80.9
CDF87467.1	NC_001142.9	79.891	184	196	1	182	461829	462380	7.76e-97	306
CDF87468.1	NC_001139.9	42.822	815	759	1	759	894726	897143	0.0	604
CDF87469.1	NC_001139.9	78.846	312	325	13	324	780438	781373	1.47e-168	518
CDF87470.1	NC_001146.8	31.984	247	294	29	271	24138	24875	1.41e-42	154
CDF87471.1	NC_001139.9	66.620	722	726	5	726	897628	899775	0.0	1028
CDF87471.1	NC_001133.9	48.446	708	726	29	726	108374	106290	0.0	697
CDF87471.1	NC_001147.6	45.881	704	726	31	725	916192	918267	0.0	658
CDF87471.1	NC_001136.10	34.621	699	726	46	724	287242	289242	2.77e-100	338
CDF87471.1	NC_001136.10	29.539	694	726	47	724	290083	292080	2.24e-77	271
CDF87471.1	NC_001142.9	30.148	743	726	3	706	700521	698398	7.24e-81	281
CDF87472.1	NC_001139.9	62.675	785	783	7	783	902249	899916	0.0	1022
CDF87473.1	NC_001139.9	66.667	372	405	8	369	904721	903639	3.01e-156	486
CDF87473.1	NC_001139.9	33.577	137	405	105	239	506987	507397	1.29e-18	87.0
CDF87474.1	NC_001139.9	49.324	148	142	1	141	905237	905677	1.46e-44	154
CDF87474.1	NC_001148.4	37.143	105	142	29	130	939611	939303	2.01e-13	64.7
CDF87475.1	NC_001142.9	71.341	164	161	2	161	467015	466524	3.46e-75	242
CDF87476.1	NC_001139.9	67.820	954	948	1	948	905934	908771	0.0	1271
CDF87476.1	NC_001134.8	62.051	946	948	4	948	411159	413978	0.0	1148
CDF87476.1	NC_001143.9	24.615	325	948	12	292	590434	591330	9.28e-14	74.7
CDF87477.1	NC_001139.9	55.749	287	284	7	284	909234	910082	1.71e-94	303
CDF87479.1	NC_001142.9	46.296	108	102	1	102	469784	470107	2.00e-27	102
CDF87480.1	NC_001142.9	69.456	239	245	3	241	470967	470251	4.55e-112	352
CDF87481.1	NC_001142.9	73.295	176	176	1	176	471671	471147	1.94e-88	281
CDF87482.1	NC_001139.9	44.792	96	99	5	99	910441	910728	5.22e-26	98.6
CDF87483.1	NC_001139.9	70.270	259	257	2	257	911622	910846	2.38e-117	368
CDF87485.1	NC_001139.9	87.500	368	370	3	370	843854	844957	0.0	672
CDF87485.1	NC_001133.9	52.055	365	370	6	368	76140	75052	1.36e-119	379
CDF87485.1	NC_001140.6	34.579	107	370	66	170	441394	441711	4.82e-11	63.2
CDF87486.1	NC_001144.5	41.606	137	138	1	135	786905	787315	4.39e-28	106
CDF87487.1	NC_001139.9	36.842	190	181	1	181	522261	522830	2.17e-27	106
CDF87488.1	NC_001139.9	45.679	324	316	1	316	522076	521111	2.01e-95	308
CDF87488.1	NC_001139.9	26.897	290	316	36	314	546660	547451	1.84e-19	87.8
CDF87490.1	NC_001139.9	37.220	626	595	1	592	514554	516401	1.81e-100	334
CDF87491.1	NC_001139.9	72.751	378	382	8	381	513198	514331	3.33e-179	551
CDF87491.1	NC_001139.9	35.608	337	382	40	364	798573	799526	2.75e-46	168
CDF87492.1	NC_001144.5	44.304	79	110	24	102	170266	170030	6.89e-18	76.3
CDF87493.1	NC_001144.5	70.588	442	443	1	442	784913	786112	0.0	618
CDF87493.1	NC_001139.9	68.100	442	443	1	442	511545	512726	0.0	604
CDF87494.1	NC_001144.5	72.619	84	90	1	84	783387	783136	2.67e-39	136
CDF87494.1	NC_001139.9	74.390	82	90	1	82	508364	508119	3.00e-39	135
CDF87495.1	NC_001139.9	52.160	324	320	5	320	506984	507934	6.61e-105	335
CDF87495.1	NC_001139.9	29.496	139	320	8	146	904436	904038	1.65e-15	76.3
CDF87496.1	NC_001144.5	54.922	193	299	1	193	782174	782752	7.05e-74	245
CDF87497.1	NC_001139.9	44.922	256	280	1	253	506070	506786	2.14e-56	194
CDF87498.1	NC_001139.9	85.250	400	384	1	384	505859	504660	0.0	664
CDF87499.1	NC_001144.5	87.179	78	78	1	78	781379	781146	4.84e-40	137
CDF87500.1	NC_001144.5	55.662	521	509	1	507	779215	780744	0.0	574
CDF87500.1	NC_001139.9	48.729	472	509	1	464	502938	504284	8.93e-143	452
CDF87500.1	NC_001134.8	23.501	417	509	57	392	572458	573594	4.40e-15	77.4
CDF87501.1	NC_001144.5	43.893	262	240	1	233	778952	778182	3.50e-58	197
CDF87502.1	NC_001139.9	42.175	754	743	1	743	500132	502363	3.01e-178	565
CDF87502.1	NC_001136.10	26.700	397	743	381	743	225603	226748	2.65e-22	102
CDF87503.1	NC_001139.9	63.617	481	474	1	474	499906	498479	0.0	602
CDF87504.1	NC_001144.5	33.874	1479	1355	1	1337	771940	776280	0.0	729
CDF87505.1	NC_001144.5	45.949	827	843	29	839	771624	769333	0.0	659
CDF87506.1	NC_001144.5	44.253	870	862	1	850	766542	769148	0.0	717
CDF87507.1	NC_001144.5	48.014	277	331	55	331	766072	765269	1.07e-78	260
CDF87509.1	NC_001144.5	53.066	424	397	3	397	777855	776587	1.96e-129	409
CDF87509.1	NC_001134.8	30.070	143	397	174	305	781035	781463	2.51e-11	64.3
CDF87510.1	NC_001133.9	69.022	184	205	23	205	142606	143157	9.96e-64	211
CDF87511.1	NC_001133.9	39.103	1271	1268	8	1268	143725	147510	0.0	922
CDF87512.1	NC_001133.9	50.502	1196	1160	4	1157	151160	147612	0.0	1183
CDF87513.1	NC_001139.9	58.271	266	238	9	238	497936	497139	1.87e-103	327
CDF87514.1	NC_001139.9	77.810	347	349	1	347	496502	495462	0.0	577
CDF87515.1	NC_001133.9	39.663	416	512	15	403	152302	153462	1.11e-59	212
CDF87516.1	NC_001133.9	61.836	207	218	14	218	154688	154068	7.94e-86	275
CDF87516.1	NC_001139.9	54.338	219	218	2	218	494517	495164	1.58e-77	251
CDF87516.1	NC_001140.6	42.584	209	218	12	218	332315	332917	1.11e-44	157
CDF87517.1	NC_001133.9	62.415	439	434	1	433	155002	156294	0.0	571
CDF87518.1	NC_001139.9	72.469	563	558	7	558	494159	492477	0.0	839
CDF87518.1	NC_001139.9	37.975	316	558	235	538	290529	291476	2.05e-62	221
CDF87518.1	NC_001139.9	31.361	169	558	382	542	946420	946926	3.70e-18	87.4
CDF87518.1	NC_001135.5	22.143	280	558	307	534	241884	241066	6.41e-15	77.0
CDF87518.1	NC_001135.5	22.997	287	558	298	534	241656	240814	3.94e-12	68.2
CDF87520.1	NC_001133.9	76.480	625	612	1	612	158619	156757	0.0	1014
CDF87521.1	NC_001139.9	46.731	413	391	1	390	491956	490718	4.44e-116	370
CDF87522.1	NC_001139.9	47.744	266	275	9	269	490520	489729	3.16e-69	230
CDF87523.1	NC_001139.9	59.012	1154	1137	7	1129	486014	489433	0.0	1320
CDF87523.1	NC_001139.9	27.112	959	1137	40	994	190324	187877	1.01e-85	305
CDF87523.1	NC_001139.9	23.280	378	1137	621	994	481193	480234	4.89e-15	79.3
CDF87523.1	NC_001139.9	24.917	301	1137	125	423	482249	481497	4.97e-15	79.3
CDF87523.1	NC_001136.10	25.168	894	1137	125	950	530430	527983	1.15e-61	231
CDF87523.1	NC_001136.10	25.280	894	1137	125	950	534315	531868	1.88e-61	230
CDF87523.1	NC_001136.10	25.056	894	1137	125	950	538200	535753	6.61e-61	228
CDF87523.1	NC_001141.2	23.314	519	1137	367	843	262799	264178	9.74e-21	98.2
CDF87523.1	NC_001148.4	24.803	254	1137	621	871	484403	485029	1.63e-14	77.4
CDF87523.1	NC_001147.6	24.606	317	1137	688	948	864220	865155	9.78e-14	75.1
CDF87524.1	NC_001133.9	38.462	273	260	10	260	158972	159790	1.05e-54	188
CDF87525.1	NC_001145.3	46.361	371	377	3	372	912143	911070	8.59e-101	326
CDF87525.1	NC_001145.3	24.791	359	377	21	365	874280	873306	3.23e-19	88.6
CDF87525.1	NC_001145.3	27.309	249	377	6	252	434878	435564	8.27e-16	78.2
CDF87525.1	NC_001135.5	45.946	370	377	5	372	309076	310146	6.00e-100	323
CDF87525.1	NC_001134.8	25.405	370	377	12	365	533804	534802	6.08e-20	90.9
CDF87525.1	NC_001147.6	24.047	341	377	36	365	160501	159563	3.10e-17	82.4
CDF87525.1	NC_001137.3	45.161	62	377	125	186	569479	569300	8.77e-14	62.4
CDF87525.1	NC_001137.3	44.444	36	377	202	237	569259	569152	8.77e-14	31.2
CDF87526.1	NC_001139.9	88.774	873	924	53	924	482531	479913	0.0	1602
CDF87526.1	NC_001139.9	25.780	737	924	84	736	190327	188135	1.54e-60	224
CDF87526.1	NC_001139.9	26.316	304	924	450	706	487742	488644	1.69e-18	90.1
CDF87526.1	NC_001139.9	24.551	334	924	146	423	486377	487360	1.59e-17	87.0
CDF87526.1	NC_001148.4	86.431	877	924	53	924	483059	485683	0.0	1542
CDF87526.1	NC_001136.10	30.618	356	924	84	394	538389	537331	2.09e-35	145
CDF87526.1	NC_001136.10	29.775	356	924	84	394	530619	529561	4.27e-33	137
CDF87526.1	NC_001136.10	29.775	356	924	84	394	534504	533446	4.90e-33	137
CDF87526.1	NC_001136.10	28.808	302	924	451	712	529104	528208	1.08e-23	107
CDF87526.1	NC_001136.10	22.378	572	924	170	704	1006860	1008410	1.11e-23	107
CDF87526.1	NC_001136.10	28.808	302	924	451	712	532989	532093	1.24e-23	107
CDF87526.1	NC_001136.10	28.477	302	924	451	712	536874	535978	3.39e-23	105
CDF87527.1	NC_001139.9	46.467	934	872	1	872	466141	468801	0.0	696
CDF87527.1	NC_001139.9	34.069	317	872	556	836	168643	169587	2.86e-48	186
CDF87527.1	NC_001144.5	30.619	307	872	546	840	123109	122192	2.58e-45	176
CDF87527.1	NC_001144.5	23.431	239	872	624	861	123091	122402	1.44e-13	73.9
CDF87527.1	NC_001142.9	23.629	237	872	591	823	596467	595811	8.58e-14	74.7
CDF87527.1	NC_001148.4	24.020	204	872	591	791	651916	651314	1.02e-11	67.8
CDF87528.1	NC_001139.9	38.641	1074	1035	3	1013	472205	469098	0.0	689
CDF87528.1	NC_001134.8	34.971	1038	1035	5	1009	217473	220376	1.57e-173	563
CDF87528.1	NC_001137.3	22.777	461	1035	160	617	558431	557268	1.46e-24	110
CDF87530.1	NC_001139.9	78.879	464	466	4	466	472882	474273	0.0	755
CDF87530.1	NC_001146.8	28.726	463	466	24	466	110399	109098	5.76e-46	170
CDF87531.1	NC_001134.8	45.109	184	186	4	182	217132	216596	1.12e-43	153
CDF87532.1	NC_001139.9	82.573	241	252	12	252	475214	474492	6.48e-132	409
CDF87532.1	NC_001139.9	31.461	178	252	12	188	761407	761937	3.44e-26	105
CDF87532.1	NC_001139.9	27.717	184	252	12	189	999119	998571	1.34e-18	83.6
CDF87532.1	NC_001147.6	35.263	190	252	2	191	1018755	1018192	1.68e-28	112
CDF87532.1	NC_001147.6	29.388	245	252	10	248	255340	256044	5.39e-21	90.5
CDF87532.1	NC_001145.3	30.876	217	252	12	227	86727	86101	8.56e-22	92.8
CDF87532.1	NC_001145.3	24.229	227	252	12	236	901724	902380	5.76e-12	63.9
CDF87533.1	NC_001139.9	50.588	170	186	14	183	475542	476051	3.46e-41	146
CDF87534.1	NC_001134.8	44.916	1485	1451	1	1451	216366	212635	0.0	1000
CDF87535.1	NC_001139.9	76.463	786	780	1	780	478652	476316	0.0	1226
CDF87535.1	NC_001136.10	25.152	660	780	38	674	931291	932979	2.25e-43	169
CDF87535.1	NC_001144.5	25.952	578	780	111	668	737074	735449	5.43e-32	133
CDF87535.1	NC_001142.9	24.535	591	780	99	668	58363	56699	1.63e-27	119
CDF87536.1	NC_001134.8	61.157	847	819	1	818	209653	212172	0.0	1033
CDF87536.1	NC_001145.3	25.707	389	819	31	371	68378	69493	4.24e-22	101
CDF87536.1	NC_001147.6	23.490	298	819	138	416	405022	404189	1.50e-13	73.6
CDF87537.1	NC_001139.9	54.009	1085	1072	3	1070	461675	464896	0.0	1165
CDF87538.1	NC_001139.9	48.000	500	492	1	491	459854	461347	6.70e-155	486
CDF87539.1	NC_001139.9	55.729	192	192	1	192	459664	459113	5.71e-69	226
CDF87540.1	NC_001139.9	78.417	278	269	1	264	458156	458989	4.41e-144	445
CDF87540.1	NC_001147.6	42.381	210	269	23	232	405873	406445	3.08e-47	167
CDF87541.1	NC_001139.9	40.271	221	247	6	215	457864	457211	1.10e-48	170
CDF87542.1	NC_001139.9	35.969	784	719	1	718	454860	457058	5.02e-89	305
CDF87542.1	NC_001134.8	39.542	612	719	163	719	207461	209206	3.28e-85	293
CDF87543.1	NC_001134.8	49.425	261	370	123	370	206889	206110	2.72e-57	200
CDF87544.1	NC_001139.9	77.684	708	733	28	733	452440	454557	0.0	1136
CDF87547.1	NC_001147.6	49.300	357	360	25	360	1076844	1077908	8.13e-109	348
CDF87547.1	NC_001148.4	49.580	357	360	25	360	14295	13231	1.11e-108	348
CDF87549.1	NC_001134.8	50.400	375	384	36	384	202143	203258	2.67e-109	350
CDF87551.1	NC_001139.9	31.313	297	461	5	292	449960	449106	4.14e-26	110
CDF87552.1	NC_001139.9	84.583	707	708	1	707	448535	446415	0.0	1270
CDF87553.1	NC_001134.8	35.370	933	902	1	902	201748	199067	2.17e-150	490
CDF87554.1	NC_001139.9	59.611	822	815	6	814	446101	443648	0.0	1027
CDF87555.1	NC_001139.9	71.206	257	461	200	456	442069	441299	7.66e-122	390
CDF87555.1	NC_001139.9	37.109	256	461	203	456	1049553	1048813	1.79e-46	171
CDF87555.1	NC_001139.9	48.077	104	461	1	97	442909	442601	8.06e-18	85.5
CDF87555.1	NC_001145.3	39.062	256	461	203	456	879818	879078	2.13e-52	189
CDF87557.1	NC_001136.10	60.922	412	393	1	393	1394574	1393339	8.77e-169	522
CDF87558.1	NC_001140.6	74.783	230	226	1	225	123590	122901	6.13e-118	368
CDF87559.1	NC_001136.10	60.638	376	843	1	334	1395121	1396248	1.31e-146	477
CDF87559.1	NC_001136.10	40.803	299	843	4	290	1433917	1433030	1.26e-64	235
CDF87559.1	NC_001136.10	37.500	272	843	542	767	1396330	1397136	2.83e-47	182
CDF87559.1	NC_001136.10	30.769	273	843	2	269	1412502	1413293	5.42e-29	124
CDF87559.1	NC_001136.10	31.274	259	843	15	256	1465720	1464956	1.95e-25	112
CDF87559.1	NC_001136.10	25.510	294	843	5	268	695039	695893	4.47e-24	108
CDF87559.1	NC_001136.10	27.891	294	843	11	271	281251	280400	5.64e-22	101
CDF87559.1	NC_001136.10	26.378	254	843	17	258	1486969	1486253	1.31e-19	93.6
CDF87559.1	NC_001136.10	28.395	243	843	17	220	401956	401303	4.69e-18	88.6
CDF87559.1	NC_001136.10	27.184	206	843	88	268	1027700	1027107	1.75e-15	80.1
CDF87559.1	NC_001136.10	24.468	282	843	15	271	406291	405473	5.48e-15	78.6
CDF87559.1	NC_001136.10	25.893	224	843	72	276	173222	173815	8.36e-15	77.8
CDF87559.1	NC_001136.10	22.483	298	843	17	272	75447	74575	2.88e-12	69.7
CDF87559.1	NC_001136.10	26.667	225	843	17	229	313949	313317	4.44e-12	68.9
CDF87559.1	NC_001136.10	23.963	217	843	11	224	267797	268423	1.33e-11	67.4
CDF87559.1	NC_001147.6	38.047	297	843	4	290	129750	130631	1.67e-63	232
CDF87559.1	NC_001147.6	30.370	270	843	10	270	295985	295188	5.31e-31	130
CDF87559.1	NC_001147.6	30.769	273	843	11	269	775981	776787	8.79e-28	120
CDF87559.1	NC_001147.6	27.407	270	843	10	268	246014	246793	3.18e-24	108
CDF87559.1	NC_001147.6	27.778	216	843	31	236	105499	106116	7.49e-20	94.4
CDF87559.1	NC_001147.6	29.688	192	843	54	217	995920	995348	1.05e-17	87.4
CDF87559.1	NC_001147.6	32.667	150	843	75	217	773438	773875	1.19e-16	84.0
CDF87559.1	NC_001147.6	25.322	233	843	15	229	79347	78688	2.16e-12	70.1
CDF87559.1	NC_001140.6	35.018	277	843	8	274	510587	511393	7.13e-43	168
CDF87559.1	NC_001140.6	25.843	267	843	16	278	96065	95295	4.33e-25	111
CDF87559.1	NC_001140.6	26.147	218	843	11	227	316638	317270	8.87e-20	94.0
CDF87559.1	NC_001140.6	35.345	116	843	118	229	169948	169601	1.01e-15	80.9
CDF87559.1	NC_001140.6	26.562	192	843	89	256	271080	270544	7.34e-14	74.7
CDF87559.1	NC_001145.3	34.767	279	843	7	282	474436	473621	1.69e-41	164
CDF87559.1	NC_001145.3	30.515	272	843	2	268	270920	270126	2.91e-34	140
CDF87559.1	NC_001145.3	24.116	311	843	17	264	852762	853670	6.81e-18	87.8
CDF87559.1	NC_001145.3	24.000	225	843	17	229	546257	546889	6.46e-13	71.6
CDF87559.1	NC_001143.9	34.767	279	843	7	282	206733	207548	5.04e-41	162
CDF87559.1	NC_001143.9	31.359	287	843	2	283	135471	134641	1.19e-38	155
CDF87559.1	NC_001143.9	31.034	203	843	72	272	249436	250038	2.06e-24	109
CDF87559.1	NC_001143.9	27.632	228	843	5	229	183486	184145	4.84e-19	91.7
CDF87559.1	NC_001143.9	25.994	327	843	10	272	69647	68700	2.05e-17	86.3
CDF87559.1	NC_001143.9	31.138	167	843	114	259	348434	347940	2.14e-16	83.2
CDF87559.1	NC_001143.9	29.600	125	843	109	229	150318	149944	1.69e-14	77.0
CDF87559.1	NC_001143.9	24.675	231	843	73	272	131983	131315	1.07e-13	74.3
CDF87559.1	NC_001143.9	28.966	145	843	90	214	221988	221566	1.21e-12	70.9
CDF87560.1	NC_001136.10	50.000	220	208	3	208	1398688	1398029	7.35e-57	192
CDF87561.1	NC_001136.10	68.852	61	78	11	69	1399315	1399497	8.84e-22	85.5
CDF87563.1	NC_001140.6	90.476	126	136	11	136	127112	127489	3.60e-74	238
CDF87563.1	NC_001136.10	89.764	127	136	10	136	1402181	1402561	6.51e-74	237
CDF87564.1	NC_001140.6	58.465	443	444	3	443	127789	129117	1.41e-180	558
CDF87564.1	NC_001136.10	27.189	434	444	40	439	489535	490818	5.72e-39	149
CDF87565.1	NC_001140.6	58.363	281	290	17	289	129648	130445	6.26e-98	313
CDF87566.1	NC_001140.6	76.549	226	216	1	213	131446	130772	1.55e-109	343
CDF87566.1	NC_001148.4	27.119	177	216	12	184	794468	794025	1.92e-11	61.6
CDF87567.1	NC_001136.10	60.777	283	280	1	279	1403322	1404170	8.35e-110	347
CDF87569.1	NC_001147.6	36.887	591	562	52	556	377625	376024	6.22e-90	302
CDF87570.1	NC_001147.6	46.087	690	629	27	625	375776	373740	2.59e-179	563
CDF87571.1	NC_001147.6	63.446	621	681	18	625	216056	214233	0.0	738
CDF87572.1	NC_001147.6	67.206	494	454	1	454	212250	213731	0.0	669
CDF87572.1	NC_001140.6	45.492	244	454	209	452	81277	80666	1.19e-60	213
CDF87572.1	NC_001140.6	44.211	95	454	4	97	81601	81317	4.10e-18	86.3
CDF87572.1	NC_001134.8	46.122	245	454	209	453	92780	93385	2.90e-58	206
CDF87572.1	NC_001134.8	52.083	96	454	4	97	92453	92740	1.08e-23	103
CDF87572.1	NC_001137.3	45.306	245	454	209	453	358719	358114	9.02e-56	199
CDF87572.1	NC_001137.3	53.125	96	454	4	97	359046	358759	6.50e-25	107
CDF87572.1	NC_001143.9	53.608	97	454	1	97	107316	107606	3.42e-26	111
CDF87572.1	NC_001143.9	57.471	87	454	209	295	107646	107906	8.34e-26	110
CDF87572.1	NC_001143.9	47.863	117	454	338	451	108237	108581	1.96e-21	96.7
CDF87573.1	NC_001147.6	66.802	491	474	1	474	211995	210523	0.0	665
CDF87573.1	NC_001148.4	27.451	510	474	1	473	52671	51253	6.41e-52	188
CDF87574.1	NC_001136.10	29.070	344	377	63	374	404699	403701	5.90e-41	153
CDF87575.1	NC_001147.6	33.984	512	885	6	492	210238	208733	9.34e-79	279
CDF87575.1	NC_001147.6	49.309	217	885	676	882	208066	207419	1.34e-54	205
CDF87576.1	NC_001136.10	51.026	780	768	27	768	403228	401000	0.0	711
CDF87576.1	NC_001136.10	28.477	302	768	439	723	1433878	1433087	9.62e-24	106
CDF87576.1	NC_001136.10	28.571	294	768	448	721	1465720	1464917	1.65e-21	99.4
CDF87576.1	NC_001136.10	25.887	282	768	450	726	1486969	1486205	1.62e-17	86.7
CDF87576.1	NC_001136.10	25.965	285	768	444	721	1412535	1413293	4.27e-17	85.1
CDF87576.1	NC_001136.10	29.339	242	768	448	667	1395163	1395828	3.88e-16	82.0
CDF87576.1	NC_001136.10	28.947	304	768	450	721	267815	268651	1.11e-13	73.9
CDF87576.1	NC_001136.10	26.154	195	768	549	723	280921	280400	5.47e-13	71.6
CDF87576.1	NC_001140.6	27.797	295	768	444	734	316638	317444	3.88e-25	111
CDF87576.1	NC_001140.6	27.206	272	768	490	720	170131	169391	1.70e-15	79.7
CDF87576.1	NC_001140.6	24.497	298	768	443	737	96083	95274	4.47e-15	78.6
CDF87576.1	NC_001140.6	26.786	280	768	442	708	510590	511327	2.15e-12	69.7
CDF87576.1	NC_001147.6	25.356	351	768	428	749	129756	130691	6.93e-22	100
CDF87576.1	NC_001147.6	26.333	300	768	443	721	246014	246796	1.22e-17	87.0
CDF87576.1	NC_001147.6	25.000	356	768	403	720	105247	106242	3.29e-15	79.0
CDF87576.1	NC_001147.6	29.379	177	768	550	720	295661	295194	1.16e-11	67.4
CDF87576.1	NC_001147.6	30.201	149	768	517	660	79119	78727	1.20e-11	67.4
CDF87576.1	NC_001148.4	29.958	237	768	444	672	492917	492267	7.28e-21	97.4
CDF87576.1	NC_001148.4	26.148	283	768	448	721	263589	262792	2.56e-17	85.9
CDF87576.1	NC_001148.4	25.200	250	768	444	671	666391	667068	4.32e-15	78.6
CDF87576.1	NC_001148.4	30.769	169	768	555	722	268620	269054	2.73e-11	66.2
CDF87576.1	NC_001148.4	22.924	301	768	437	722	285929	285117	5.71e-11	65.1
CDF87576.1	NC_001146.8	24.860	358	768	394	723	709870	710862	2.28e-20	95.9
CDF87576.1	NC_001146.8	23.547	327	768	444	728	681638	680736	3.22e-17	85.5
CDF87576.1	NC_001146.8	30.872	149	768	511	658	70841	71218	1.26e-11	67.4
CDF87576.1	NC_001146.8	27.306	271	768	442	686	57468	56758	5.76e-11	65.1
CDF87577.1	NC_001136.10	92.526	388	391	4	391	399472	400635	0.0	751
CDF87577.1	NC_001138.5	45.623	377	391	7	383	54366	53284	1.04e-110	355
CDF87577.1	NC_001140.6	33.598	378	391	4	379	364120	363032	2.05e-71	242
CDF87577.1	NC_001142.9	32.960	446	391	4	388	559146	557830	8.84e-56	196
CDF87577.1	NC_001142.9	26.106	226	391	7	232	285223	284585	3.36e-19	88.6
CDF87577.1	NC_001144.5	23.711	388	391	6	322	301977	300865	9.69e-16	78.2
CDF87578.1	NC_001136.10	46.182	537	504	1	504	397537	399126	5.16e-147	464
CDF87580.1	NC_001136.10	62.740	416	406	1	406	393912	392677	6.47e-174	537
CDF87581.1	NC_001147.6	68.169	355	356	1	354	207176	206112	1.40e-165	511
CDF87582.1	NC_001136.10	58.647	266	919	31	296	391982	391194	2.12e-103	353
CDF87582.1	NC_001136.10	40.617	389	919	531	915	390272	389184	4.38e-87	305
CDF87583.1	NC_001147.6	37.931	377	371	8	358	205870	204773	4.03e-69	234
CDF87583.1	NC_001147.6	27.682	289	371	31	306	527024	527833	3.84e-16	79.0
CDF87583.1	NC_001146.8	27.931	290	371	30	306	422677	421865	1.62e-16	80.1
CDF87583.1	NC_001141.2	29.305	331	371	14	322	351835	350918	1.17e-15	77.4
CDF87584.1	NC_001147.6	63.826	575	600	28	600	204441	202717	0.0	794
CDF87584.1	NC_001136.10	62.387	444	600	11	449	388841	387522	0.0	583
CDF87584.1	NC_001139.9	35.732	403	600	88	447	835882	834710	4.17e-62	222
CDF87585.1	NC_001136.10	59.334	841	841	17	841	381384	378877	0.0	1013
CDF87586.1	NC_001147.6	65.693	137	200	17	153	202467	202072	1.49e-53	182
CDF87587.1	NC_001136.10	64.930	499	511	20	510	378271	376775	0.0	653
CDF87587.1	NC_001136.10	28.283	297	511	210	473	842601	843446	9.08e-17	82.8
CDF87587.1	NC_001147.6	70.548	438	511	77	504	201708	200404	0.0	647
CDF87587.1	NC_001147.6	32.237	304	511	209	473	378360	379238	3.22e-32	130
CDF87587.1	NC_001148.4	32.517	286	511	215	479	526808	526035	9.31e-33	132
CDF87588.1	NC_001136.10	53.282	259	256	1	255	376480	375713	4.31e-79	258
CDF87589.1	NC_001147.6	53.499	443	441	4	438	198957	200285	1.27e-140	443
CDF87591.1	NC_001147.6	42.623	549	517	10	517	198695	197223	1.44e-88	296
CDF87592.1	NC_001136.10	31.163	430	398	10	398	375256	373979	1.07e-63	219
CDF87593.1	NC_001136.10	58.553	304	293	6	292	373602	372694	8.13e-103	328
CDF87594.1	NC_001136.10	82.105	95	95	1	95	372248	372532	7.36e-50	166
CDF87595.1	NC_001147.6	63.571	140	159	22	159	196573	196992	6.31e-55	184
CDF87596.1	NC_001136.10	70.588	136	175	34	169	371345	371752	9.20e-63	207
CDF87597.1	NC_001136.10	94.534	311	311	1	311	369771	370703	0.0	626
CDF87597.1	NC_001136.10	54.754	305	311	7	311	220561	219665	2.55e-117	370
CDF87597.1	NC_001136.10	57.914	278	311	7	284	124764	123937	7.75e-117	369
CDF87597.1	NC_001136.10	54.902	306	311	7	311	597168	598079	4.48e-115	363
CDF87597.1	NC_001136.10	41.176	289	311	19	306	1336078	1336935	1.68e-71	238
CDF87597.1	NC_001146.8	53.333	300	311	7	293	686019	686912	4.10e-104	332
CDF87597.1	NC_001145.3	42.414	290	311	19	307	240384	239539	2.01e-72	241
CDF87597.1	NC_001145.3	34.365	323	311	11	294	160483	161436	4.13e-54	188
CDF87597.1	NC_001148.4	42.481	266	311	23	287	208967	209755	9.66e-70	233
CDF87597.1	NC_001137.3	45.560	259	311	51	308	433200	433943	3.27e-68	229
CDF87598.1	NC_001147.6	49.458	461	460	7	456	194985	196334	2.34e-134	426
CDF87599.1	NC_001139.9	35.507	276	354	60	328	634556	635344	3.12e-38	144
CDF87601.1	NC_001139.9	68.493	146	140	1	140	635712	636149	2.40e-59	196
CDF87602.1	NC_001139.9	49.289	211	214	3	205	636866	636234	1.78e-60	202
CDF87603.1	NC_001139.9	61.146	157	154	1	154	637577	637107	6.80e-58	192
CDF87604.1	NC_001139.9	30.198	606	571	1	569	639516	637756	7.38e-71	246
CDF87605.1	NC_001147.6	45.031	322	292	1	292	194800	193835	5.09e-81	265
CDF87606.1	NC_001139.9	65.327	199	189	1	189	640371	639775	1.02e-84	271
CDF87607.1	NC_001134.8	50.543	184	184	1	184	513050	513580	1.75e-52	178
CDF87608.1	NC_001134.8	40.461	477	450	34	442	515201	513801	9.58e-93	306
CDF87609.1	NC_001147.6	43.625	800	789	1	789	187024	189411	0.0	664
CDF87610.1	NC_001147.6	83.849	291	286	1	285	186723	185851	4.30e-167	512
CDF87611.1	NC_001147.6	50.000	66	67	1	66	185438	185635	5.98e-15	65.9
CDF87612.1	NC_001134.8	66.265	498	488	1	483	515664	517157	0.0	695
CDF87612.1	NC_001145.3	54.483	435	488	51	479	862207	863505	2.81e-155	488
CDF87612.1	NC_001139.9	31.724	435	488	86	480	114475	113192	3.11e-41	157
CDF87613.1	NC_001147.6	45.781	1197	1133	1	1133	181682	185209	0.0	853
CDF87614.1	NC_001147.6	53.521	284	267	1	261	181427	180576	3.66e-90	290
CDF87614.1	NC_001139.9	32.903	155	267	100	251	1044802	1044359	2.15e-16	77.4
CDF87614.1	NC_001139.9	30.270	185	267	95	253	331759	331220	1.16e-15	75.5
CDF87614.1	NC_001144.5	31.410	156	267	99	247	364845	365273	7.00e-12	63.9
CDF87615.1	NC_001147.6	48.508	2581	2997	438	2994	172663	180297	0.0	2457
CDF87615.1	NC_001134.8	47.875	2565	2997	479	2994	524981	517359	0.0	2407
CDF87615.1	NC_001134.8	40.328	305	2997	7	307	526580	525681	1.62e-64	244
CDF87616.1	NC_001134.8	43.182	352	334	1	333	528038	527007	1.93e-74	248
CDF87617.1	NC_001134.8	55.960	797	798	38	795	528341	530629	0.0	806
CDF87617.1	NC_001134.8	27.830	424	798	231	630	692737	693876	1.59e-37	151
CDF87617.1	NC_001140.6	34.406	404	798	250	642	228737	227685	9.30e-49	186
CDF87617.1	NC_001140.6	32.546	381	798	245	617	442229	443236	2.86e-40	159
CDF87617.1	NC_001144.5	32.741	394	798	237	623	132440	133477	1.35e-47	182
CDF87617.1	NC_001144.5	27.655	452	798	241	630	696749	695529	4.73e-31	130
CDF87617.1	NC_001136.10	31.842	380	798	241	620	171762	170779	1.33e-42	167
CDF87617.1	NC_001136.10	30.394	431	798	228	639	949774	948614	7.59e-40	158
CDF87617.1	NC_001136.10	30.250	400	798	244	626	847589	846495	1.77e-36	147
CDF87617.1	NC_001136.10	27.637	474	798	188	627	394502	395836	2.48e-36	147
CDF87617.1	NC_001136.10	28.744	414	798	241	642	486903	487964	1.33e-32	135
CDF87617.1	NC_001136.10	28.109	402	798	249	645	305477	306532	5.27e-24	107
CDF87617.1	NC_001142.9	29.440	411	798	236	635	383975	385063	2.72e-42	166
CDF87617.1	NC_001142.9	28.678	401	798	241	640	154595	153552	1.43e-27	119
CDF87618.1	NC_001134.8	84.562	434	440	5	438	532179	530878	0.0	763
CDF87621.1	NC_001147.6	86.416	346	350	5	350	160588	159551	0.0	621
CDF87621.1	NC_001145.3	84.104	346	350	5	350	874331	873294	0.0	607
CDF87621.1	NC_001145.3	77.746	346	350	5	350	434875	435912	0.0	562
CDF87621.1	NC_001145.3	27.844	334	350	31	346	912062	911091	4.33e-22	96.7
CDF87621.1	NC_001134.8	74.499	349	350	2	350	533768	534814	5.56e-179	549
CDF87621.1	NC_001134.8	28.772	285	350	1	278	331511	330753	6.94e-20	90.1
CDF87621.1	NC_001135.5	28.455	369	350	4	350	309073	310140	1.15e-22	98.2
CDF87621.1	NC_001136.10	25.815	368	350	13	341	159649	160731	5.47e-18	84.3
CDF87621.1	NC_001136.10	27.515	338	350	13	337	9732	8749	4.02e-14	72.4
CDF87622.1	NC_001134.8	72.065	247	288	42	288	535353	536093	4.53e-115	363
CDF87623.1	NC_001147.6	47.778	90	95	3	91	159164	159433	2.16e-22	88.2
CDF87624.1	NC_001147.6	43.972	1128	1015	1	1011	158637	155335	0.0	835
CDF87625.1	NC_001134.8	91.163	215	215	1	215	549009	548365	4.86e-137	422
CDF87626.1	NC_001134.8	58.506	241	235	1	230	547460	548182	7.71e-93	296
CDF87627.1	NC_001134.8	26.768	198	224	57	224	546655	547248	4.46e-15	72.4
CDF87629.1	NC_001147.6	35.039	254	267	1	241	154745	153984	2.06e-47	167
CDF87631.1	NC_001134.8	65.231	325	328	4	328	540029	541003	8.56e-148	458
CDF87631.1	NC_001147.6	38.065	310	328	14	315	551147	552031	2.03e-56	196
CDF87631.1	NC_001136.10	37.898	314	328	8	317	1213919	1214827	2.43e-55	192
CDF87631.1	NC_001136.10	32.764	351	328	1	328	240241	241194	5.25e-32	125
CDF87631.1	NC_001140.6	30.149	335	328	15	314	323424	324377	2.47e-37	140
CDF87631.1	NC_001142.9	29.470	302	328	14	306	611210	612013	5.04e-30	119
CDF87632.1	NC_001147.6	72.228	947	956	1	941	147382	150222	0.0	1427
CDF87632.1	NC_001135.5	27.520	625	956	294	885	278569	276854	1.68e-54	206
CDF87632.1	NC_001140.6	29.223	592	956	328	867	350720	352438	1.08e-51	197
CDF87632.1	NC_001136.10	34.629	283	956	601	874	641155	640337	1.39e-43	171
CDF87632.1	NC_001136.10	34.156	243	956	648	867	180125	180850	1.03e-30	130
CDF87632.1	NC_001138.5	25.267	562	956	332	862	136296	134743	1.18e-26	117
CDF87634.1	NC_001147.6	65.686	306	304	1	295	144204	145115	1.40e-114	362
CDF87634.1	NC_001134.8	58.824	306	304	1	292	536575	537432	3.83e-112	355
CDF87634.1	NC_001136.10	28.873	284	304	11	288	1181825	1182628	5.47e-26	107
CDF87635.1	NC_001147.6	61.566	281	282	1	274	142815	143657	1.27e-114	361
CDF87636.1	NC_001136.10	52.730	641	588	1	584	1422763	1424685	0.0	641
CDF87637.1	NC_001136.10	41.212	825	773	12	773	1427165	1424823	1.61e-140	457
CDF87638.1	NC_001147.6	59.790	286	302	19	302	138967	138110	7.81e-116	365
CDF87639.1	NC_001147.6	80.094	427	433	1	426	137825	136548	0.0	722
CDF87640.1	NC_001136.10	72.727	209	214	5	212	1428983	1428357	1.96e-101	320
CDF87641.1	NC_001136.10	31.095	566	586	1	521	1430789	1429206	8.97e-51	188
CDF87642.1	NC_001136.10	58.389	298	287	1	287	1431012	1431893	5.35e-104	331
CDF87643.1	NC_001147.6	61.395	1018	1028	1	1012	135838	132788	0.0	1361
CDF87643.1	NC_001136.10	26.129	310	1028	14	303	1328362	1327481	7.06e-16	81.6
CDF87644.1	NC_001136.10	59.039	437	1091	128	540	1434043	1432754	8.93e-157	516
CDF87644.1	NC_001136.10	41.214	313	1091	176	461	1395148	1396071	9.82e-69	252
CDF87644.1	NC_001136.10	27.181	298	1091	171	442	695039	695893	9.41e-32	134
CDF87644.1	NC_001136.10	29.520	271	1091	174	443	1412526	1413293	2.12e-29	126
CDF87644.1	NC_001136.10	28.125	288	1091	174	443	1465741	1464917	3.40e-29	125
CDF87644.1	NC_001136.10	28.000	300	1091	177	444	281251	280403	6.93e-25	111
CDF87644.1	NC_001136.10	25.166	302	1091	180	462	406294	405452	4.24e-21	99.0
CDF87644.1	NC_001136.10	26.280	293	1091	121	393	172916	173707	2.69e-16	83.2
CDF87644.1	NC_001136.10	31.383	188	1091	225	402	1027778	1027242	4.50e-16	82.4
CDF87644.1	NC_001136.10	25.000	244	1091	225	443	401836	401141	6.92e-16	82.0
CDF87644.1	NC_001136.10	26.818	220	1091	181	388	313955	313362	1.55e-15	80.9
CDF87644.1	NC_001136.10	27.419	248	1091	182	421	75450	74770	1.98e-15	80.5
CDF87644.1	NC_001136.10	25.455	275	1091	175	444	1486993	1486217	6.73e-15	78.6
CDF87644.1	NC_001136.10	25.664	226	1091	231	438	956352	956996	8.38e-11	65.1
CDF87644.1	NC_001147.6	32.524	412	1091	661	1049	131289	132431	5.71e-49	189
CDF87644.1	NC_001147.6	29.474	285	1091	177	443	775981	776787	5.29e-31	131
CDF87644.1	NC_001147.6	28.431	306	1091	157	443	245960	246796	2.78e-22	102
CDF87644.1	NC_001147.6	30.137	219	1091	176	390	295985	295368	9.59e-22	101
CDF87644.1	NC_001147.6	30.460	174	1091	227	388	105586	106071	7.39e-20	95.1
CDF87644.1	NC_001147.6	31.799	239	1091	182	388	996013	995357	1.75e-19	94.0
CDF87644.1	NC_001147.6	30.137	219	1091	174	388	441672	442262	4.76e-19	92.4
CDF87644.1	NC_001147.6	28.241	216	1091	183	387	773279	773863	4.83e-18	89.0
CDF87644.1	NC_001147.6	28.889	225	1091	178	390	824222	823599	3.21e-16	83.2
CDF87644.1	NC_001147.6	28.571	259	1091	153	390	79410	78727	1.94e-14	77.4
CDF87644.1	NC_001142.9	32.404	287	1091	174	455	110910	110116	2.93e-43	171
CDF87644.1	NC_001142.9	28.251	223	1091	175	388	250765	251394	1.18e-22	104
CDF87644.1	NC_001142.9	25.086	291	1091	171	442	179044	178235	1.50e-15	80.9
CDF87644.1	NC_001142.9	26.267	217	1091	182	384	77918	77316	2.68e-14	76.6
CDF87644.1	NC_001142.9	25.820	244	1091	181	412	149274	148624	3.17e-14	76.6
CDF87644.1	NC_001143.9	31.034	261	1091	171	431	135462	134728	2.06e-39	159
CDF87644.1	NC_001143.9	30.935	278	1091	174	448	206736	207530	1.18e-34	143
CDF87644.1	NC_001143.9	27.419	310	1091	171	443	249142	250029	1.22e-29	127
CDF87644.1	NC_001143.9	27.245	323	1091	171	436	348893	347931	6.45e-21	98.6
CDF87644.1	NC_001143.9	27.624	181	1091	238	407	131977	131459	4.29e-14	76.3
CDF87644.1	NC_001143.9	25.296	253	1091	163	403	183429	184145	1.25e-13	74.7
CDF87644.1	NC_001143.9	29.870	154	1091	253	388	221988	221566	5.52e-12	69.3
CDF87644.1	NC_001148.4	29.392	296	1091	167	454	166424	167245	1.11e-38	156
CDF87644.1	NC_001148.4	29.433	282	1091	173	454	157296	156505	3.77e-32	135
CDF87644.1	NC_001148.4	29.052	327	1091	164	448	747756	748730	8.50e-32	134
CDF87644.1	NC_001148.4	31.855	248	1091	174	405	263613	262918	1.69e-31	133
CDF87644.1	NC_001148.4	28.289	304	1091	164	443	285986	285120	8.97e-28	120
CDF87644.1	NC_001148.4	29.181	281	1091	174	443	268299	269051	1.07e-24	110
CDF87644.1	NC_001148.4	28.311	219	1091	183	390	288377	287784	1.20e-19	94.4
CDF87644.1	NC_001148.4	29.464	224	1091	177	393	492917	492294	4.92e-18	89.0
CDF87644.1	NC_001148.4	29.185	233	1091	183	403	666409	667074	8.00e-14	75.1
CDF87644.1	NC_001148.4	29.661	236	1091	177	386	866245	865580	3.89e-13	72.8
CDF87646.1	NC_001136.10	57.233	318	314	3	312	1434927	1435877	4.51e-122	384
CDF87646.1	NC_001147.6	41.967	305	314	3	307	324337	323432	1.06e-77	256
CDF87646.1	NC_001147.6	28.049	328	314	1	310	127920	127006	3.80e-30	119
CDF87647.1	NC_001136.10	63.025	119	119	1	111	1436217	1436573	5.80e-43	148
CDF87648.1	NC_001147.6	51.327	226	228	2	225	126668	126006	1.89e-64	214
CDF87649.1	NC_001136.10	33.333	366	313	1	313	1436942	1438012	6.67e-42	153
CDF87650.1	NC_001136.10	37.775	953	973	22	959	1440976	1438163	0.0	651
CDF87651.1	NC_001136.10	66.517	666	651	1	647	1443403	1441436	0.0	877
CDF87652.1	NC_001147.6	68.522	575	581	22	578	124103	125824	0.0	771
CDF87652.1	NC_001147.6	27.273	561	581	31	562	25273	26904	6.35e-46	173
CDF87652.1	NC_001136.10	66.840	576	581	6	579	1445416	1443719	0.0	744
CDF87652.1	NC_001136.10	30.496	564	581	62	551	1249815	1248178	7.88e-76	261
CDF87652.1	NC_001136.10	28.699	561	581	24	560	111724	113280	2.79e-46	174
CDF87652.1	NC_001136.10	27.289	557	581	56	578	13282	11678	1.33e-44	169
CDF87652.1	NC_001136.10	27.257	587	581	12	562	1164690	1163032	2.59e-44	168
CDF87652.1	NC_001136.10	30.707	495	581	92	566	213669	215093	4.21e-43	165
CDF87652.1	NC_001136.10	26.392	485	581	90	548	1508101	1509480	1.78e-39	154
CDF87652.1	NC_001136.10	27.080	565	581	21	562	1161314	1159683	2.04e-39	154
CDF87652.1	NC_001136.10	27.080	565	581	21	562	1155922	1154291	2.04e-39	154
CDF87652.1	NC_001136.10	22.847	569	581	31	555	6087	7697	9.10e-11	63.9
CDF87652.1	NC_001146.8	26.825	548	581	56	575	772726	774312	4.89e-48	179
CDF87652.1	NC_001146.8	24.630	540	581	55	545	40254	38716	1.70e-30	126
CDF87652.1	NC_001137.3	26.825	548	581	56	575	23162	21576	5.12e-48	179
CDF87652.1	NC_001142.9	27.226	584	581	28	581	19488	21167	2.47e-47	177
CDF87652.1	NC_001142.9	27.289	557	581	56	578	732518	734122	4.29e-44	167
CDF87652.1	NC_001142.9	28.201	578	581	20	575	26911	28569	6.80e-42	161
CDF87652.1	NC_001142.9	22.847	569	581	31	555	739714	738104	9.25e-11	63.9
CDF87653.1	NC_001136.10	45.201	323	353	41	353	1446781	1445846	3.07e-74	248
CDF87654.1	NC_001147.6	32.886	298	323	51	322	117280	116408	1.79e-33	129
CDF87655.1	NC_001146.8	70.115	435	436	2	436	110402	109098	0.0	663
CDF87655.1	NC_001139.9	28.059	474	436	3	436	472945	474273	5.48e-43	160
CDF87656.1	NC_001146.8	45.695	151	144	1	140	108470	108919	3.24e-38	135
CDF87656.1	NC_001136.10	37.419	155	144	1	140	892875	893336	1.82e-23	93.6
CDF87657.1	NC_001146.8	42.857	196	212	2	194	107696	108250	1.94e-42	150
CDF87658.1	NC_001147.6	40.928	237	610	358	574	114866	114177	9.70e-36	143
CDF87658.1	NC_001147.6	43.860	114	610	7	108	115748	115413	1.38e-20	95.5
CDF87658.1	NC_001146.8	40.984	183	610	8	183	106665	106147	3.31e-13	71.6
CDF87659.1	NC_001146.8	67.050	261	294	22	282	103946	103173	7.40e-109	345
CDF87660.1	NC_001147.6	46.491	114	134	29	128	111775	111434	3.08e-28	106
CDF87661.1	NC_001146.8	37.453	267	263	14	261	95295	96077	1.95e-48	170
CDF87662.1	NC_001146.8	76.338	934	934	1	934	91994	94795	0.0	1464
CDF87663.1	NC_001146.8	94.526	274	356	82	355	90591	91412	3.31e-175	538
CDF87664.1	NC_001146.8	57.770	296	297	1	285	87897	88712	3.18e-101	323
CDF87664.1	NC_001136.10	48.276	174	297	1	172	138291	138791	8.18e-45	161
CDF87664.1	NC_001136.10	44.970	169	297	5	171	234936	235424	7.27e-42	152
CDF87665.1	NC_001146.8	79.341	334	385	50	382	86227	87228	0.0	573
CDF87665.1	NC_001146.8	25.498	251	385	54	271	238619	239338	4.93e-11	63.2
CDF87665.1	NC_001147.6	35.987	314	385	59	370	142531	141614	8.74e-58	202
CDF87665.1	NC_001147.6	25.862	290	385	57	309	750180	751025	5.15e-15	75.9
CDF87665.1	NC_001142.9	44.643	224	385	51	261	567691	568356	2.24e-55	195
CDF87665.1	NC_001134.8	28.870	239	385	61	260	423774	424481	3.61e-22	97.4
CDF87666.1	NC_001146.8	57.377	488	545	56	536	85653	84202	0.0	568
CDF87667.1	NC_001146.8	76.203	374	406	1	372	82806	83927	0.0	579
CDF87669.1	NC_001147.6	45.894	207	192	2	192	108881	108261	8.69e-48	165
CDF87670.1	NC_001146.8	59.609	614	602	25	601	80709	82526	0.0	695
CDF87670.1	NC_001147.6	53.810	420	602	119	521	106914	108143	5.93e-150	477
CDF87670.1	NC_001139.9	28.125	256	602	190	445	690953	691603	4.15e-29	122
CDF87670.1	NC_001148.4	26.103	272	602	177	447	78063	77395	1.55e-14	76.3
CDF87671.1	NC_001146.8	41.968	498	499	7	496	80251	78776	2.41e-119	384
CDF87672.1	NC_001146.8	42.512	414	451	49	449	77270	78511	1.37e-109	354
CDF87673.1	NC_001146.8	50.061	1650	1617	1	1614	76583	71679	0.0	1567
CDF87674.1	NC_001146.8	59.868	907	873	1	873	68915	71440	0.0	972
CDF87674.1	NC_001146.8	28.467	274	873	619	851	681569	680775	8.32e-23	103
CDF87674.1	NC_001146.8	26.556	241	873	580	799	710008	710673	6.02e-18	88.2
CDF87674.1	NC_001146.8	26.286	175	873	630	799	294081	293587	1.62e-13	73.6
CDF87674.1	NC_001146.8	29.379	177	873	641	812	57336	56815	1.55e-11	67.4
CDF87674.1	NC_001146.8	24.155	207	873	614	799	597407	596802	2.19e-11	66.6
CDF87674.1	NC_001147.6	60.227	352	873	527	871	105241	106287	6.98e-128	424
CDF87674.1	NC_001147.6	60.891	202	873	51	252	104293	104880	7.35e-73	261
CDF87674.1	NC_001147.6	30.357	280	873	587	853	773282	774055	1.10e-25	113
CDF87674.1	NC_001147.6	30.435	230	873	650	857	995854	995177	2.88e-23	105
CDF87674.1	NC_001147.6	30.159	252	873	617	856	776059	776784	2.76e-22	102
CDF87674.1	NC_001147.6	24.221	289	873	587	856	129792	130565	1.54e-20	96.7
CDF87674.1	NC_001147.6	25.087	287	873	576	851	296009	295209	7.24e-20	94.4
CDF87674.1	NC_001147.6	26.460	291	873	578	858	246011	246799	2.98e-16	82.8
CDF87674.1	NC_001147.6	23.551	276	873	546	799	824345	823605	4.82e-13	72.0
CDF87674.1	NC_001147.6	27.368	190	873	623	799	79266	78733	6.45e-12	68.6
CDF87674.1	NC_001140.6	53.651	315	873	562	873	96134	95271	4.13e-101	345
CDF87674.1	NC_001140.6	36.237	287	873	573	856	316617	317399	8.34e-43	168
CDF87674.1	NC_001140.6	28.772	285	873	580	857	510596	511378	2.69e-24	108
CDF87674.1	NC_001140.6	28.708	209	873	643	840	271140	270556	6.17e-17	85.1
CDF87674.1	NC_001140.6	26.923	260	873	580	825	170278	169565	7.01e-17	84.7
CDF87674.1	NC_001136.10	35.714	294	873	565	855	1487032	1486226	1.45e-39	158
CDF87674.1	NC_001136.10	31.707	287	873	585	856	173066	173878	4.38e-28	121
CDF87674.1	NC_001136.10	31.878	229	873	638	864	1465555	1464896	3.08e-27	118
CDF87674.1	NC_001136.10	27.835	291	873	580	856	695057	695893	2.00e-25	112
CDF87674.1	NC_001136.10	29.720	286	873	580	858	1412535	1413296	2.16e-22	102
CDF87674.1	NC_001136.10	26.875	320	873	573	856	281281	280409	4.67e-22	101
CDF87674.1	NC_001136.10	25.000	296	873	580	856	1433896	1433096	1.40e-20	96.7
CDF87674.1	NC_001136.10	23.432	303	873	580	857	1395151	1396002	2.55e-20	95.9
CDF87674.1	NC_001136.10	28.700	223	873	585	799	406288	405677	4.59e-16	82.0
CDF87674.1	NC_001136.10	27.753	227	873	645	851	956349	956993	9.85e-14	74.3
CDF87674.1	NC_001136.10	30.675	163	873	649	793	1027751	1027293	1.90e-13	73.6
CDF87674.1	NC_001136.10	25.000	232	873	579	799	75468	74854	5.47e-13	72.0
CDF87674.1	NC_001136.10	27.381	252	873	572	799	401998	401330	5.49e-12	68.6
CDF87674.1	NC_001136.10	24.091	220	873	584	800	267809	268393	4.35e-11	65.9
CDF87674.1	NC_001144.5	36.145	249	873	608	853	851300	851992	1.97e-39	157
CDF87674.1	NC_001144.5	26.736	288	873	580	853	332884	333711	1.13e-22	103
CDF87674.1	NC_001144.5	28.750	240	873	580	811	371686	372306	3.34e-21	99.0
CDF87674.1	NC_001144.5	26.087	184	873	653	802	634999	635520	1.14e-11	67.8
CDF87676.1	NC_001147.6	56.849	146	168	19	164	103772	103335	1.48e-51	175
CDF87677.1	NC_001147.6	65.669	501	574	56	543	101745	103223	0.0	649
CDF87677.1	NC_001146.8	55.108	646	574	1	572	66586	68442	0.0	649
CDF87678.1	NC_001136.10	77.982	218	225	6	222	916492	917145	5.82e-114	356
CDF87678.1	NC_001137.3	41.969	193	225	16	204	526034	526612	6.18e-45	158
CDF87678.1	NC_001143.9	25.701	214	225	7	217	393101	392553	1.96e-19	85.1
CDF87679.1	NC_001147.6	65.714	105	263	159	263	100640	100954	2.19e-49	173
CDF87679.1	NC_001145.3	40.404	99	263	157	252	607823	608116	5.35e-15	73.2
CDF87680.1	NC_001143.9	28.323	632	684	4	614	5581	3701	2.14e-73	258
CDF87680.1	NC_001147.6	24.810	657	684	1	611	654261	656222	3.41e-55	203
CDF87680.1	NC_001147.6	25.561	669	684	5	613	641860	639884	4.25e-45	173
CDF87680.1	NC_001144.5	24.618	654	684	4	611	677664	675811	8.26e-35	141
CDF87681.1	NC_001143.9	41.156	294	293	13	293	166580	167449	4.08e-66	222
CDF87681.1	NC_001141.2	33.790	219	293	48	260	274809	274159	4.94e-30	118
CDF87681.1	NC_001145.3	33.023	215	293	47	259	21489	20851	1.35e-29	117
CDF87681.1	NC_001145.3	31.679	262	293	12	268	95246	94485	2.44e-29	116
CDF87687.1	NC_001147.6	29.412	680	583	1	581	97551	99482	4.98e-59	212
CDF87688.1	NC_001144.5	42.748	131	181	53	179	368922	369308	2.37e-20	86.3
CDF87689.1	NC_001147.6	60.962	520	524	1	520	96361	94868	0.0	653
CDF87689.1	NC_001147.6	38.376	542	524	18	519	891495	889882	1.13e-111	363
CDF87689.1	NC_001146.8	21.902	347	524	112	456	391549	390521	5.15e-16	80.5
CDF87689.1	NC_001143.9	25.461	271	524	210	479	6506	7285	6.22e-11	63.9
CDF87690.1	NC_001147.6	84.459	148	186	39	186	93841	93398	2.62e-72	235
CDF87690.1	NC_001147.6	65.455	55	186	1	55	94402	94238	1.80e-15	72.4
CDF87690.1	NC_001146.8	84.459	148	186	39	186	64016	63573	3.54e-72	234
CDF87690.1	NC_001146.8	86.842	38	186	1	38	64562	64449	1.83e-15	72.4
CDF87691.1	NC_001146.8	91.429	140	144	5	144	62380	61961	1.23e-84	268
CDF87691.1	NC_001147.6	90.780	141	144	4	144	92451	92029	9.28e-84	266
CDF87692.1	NC_001147.6	69.403	536	536	25	535	91302	89695	0.0	781
CDF87692.1	NC_001140.6	49.405	504	536	58	532	207816	209285	1.99e-146	464
CDF87692.1	NC_001144.5	48.049	487	536	48	525	211939	210545	1.41e-137	439
CDF87693.1	NC_001147.6	55.248	505	519	1	461	87844	89268	7.52e-140	444
CDF87693.1	NC_001137.3	30.939	181	519	155	324	510754	511278	9.77e-17	82.8
CDF87693.1	NC_001137.3	26.220	164	519	155	298	511033	511518	3.21e-12	68.2
CDF87693.1	NC_001146.8	27.907	172	519	155	315	603135	603629	2.92e-11	65.1
CDF87693.1	NC_001139.9	23.464	179	519	155	314	807149	806616	5.95e-11	63.9
CDF87694.1	NC_001147.6	73.893	429	435	2	429	86760	85474	0.0	647
CDF87695.1	NC_001146.8	37.059	340	350	46	350	60555	61547	4.87e-67	227
CDF87695.1	NC_001137.3	40.000	110	350	124	233	214639	214328	1.52e-17	82.8
CDF87695.1	NC_001138.5	29.508	183	350	50	232	55962	55585	2.10e-16	79.3
CDF87695.1	NC_001138.5	42.157	102	350	132	233	130487	130771	7.53e-14	71.6
CDF87695.1	NC_001139.9	36.937	111	350	123	233	93897	94211	2.52e-16	79.3
CDF87695.1	NC_001144.5	23.256	215	350	36	250	668903	668427	1.18e-13	70.9
CDF87696.1	NC_001147.6	42.391	460	406	3	403	83891	85261	3.11e-107	345
CDF87697.1	NC_001147.6	57.182	369	356	1	356	82920	81814	4.68e-128	403
CDF87697.1	NC_001143.9	44.201	319	356	10	322	279177	280019	8.00e-64	218
CDF87697.1	NC_001136.10	41.243	354	356	9	356	316385	315381	1.49e-63	218
CDF87698.1	NC_001146.8	50.916	273	263	11	263	59722	58904	7.01e-82	266
CDF87699.1	NC_001147.6	80.952	126	142	17	142	80810	81187	1.79e-64	210
CDF87700.1	NC_001146.8	57.921	202	207	16	207	58215	58805	1.29e-69	228
CDF87701.1	NC_001146.8	80.533	375	382	1	371	57573	56452	0.0	645
CDF87701.1	NC_001146.8	26.236	263	382	18	233	681671	680943	7.66e-16	78.2
CDF87701.1	NC_001146.8	34.259	108	382	143	249	70940	71257	9.03e-12	65.5
CDF87701.1	NC_001147.6	45.082	366	382	11	369	79419	78355	6.20e-97	315
CDF87701.1	NC_001147.6	29.355	310	382	34	323	441690	442535	2.43e-25	107
CDF87701.1	NC_001147.6	28.616	318	382	31	326	129762	130574	1.59e-19	89.7
CDF87701.1	NC_001147.6	29.469	207	382	31	233	773261	773857	4.03e-14	72.8
CDF87701.1	NC_001147.6	26.772	254	382	35	251	996016	995303	4.96e-13	69.7
CDF87701.1	NC_001147.6	29.412	153	382	105	254	105676	106125	1.66e-12	67.8
CDF87701.1	NC_001147.6	28.079	203	382	37	226	246035	246613	1.60e-11	64.7
CDF87701.1	NC_001147.6	25.287	261	382	75	333	776140	776805	6.92e-11	62.8
CDF87701.1	NC_001136.10	41.356	295	382	37	328	313949	313101	2.78e-69	235
CDF87701.1	NC_001136.10	26.136	352	382	35	376	267809	268765	7.38e-25	105
CDF87701.1	NC_001136.10	29.461	241	382	17	240	173003	173704	2.72e-18	85.9
CDF87701.1	NC_001136.10	26.705	352	382	8	330	1433974	1433075	3.12e-18	85.5
CDF87701.1	NC_001136.10	24.765	319	382	36	326	1395166	1396008	5.84e-17	81.6
CDF87701.1	NC_001136.10	25.658	304	382	35	334	1412547	1413320	1.03e-15	77.8
CDF87701.1	NC_001136.10	27.660	282	382	43	323	1465603	1464920	1.15e-15	77.8
CDF87701.1	NC_001136.10	27.698	278	382	76	329	281107	280391	3.21e-13	70.1
CDF87701.1	NC_001136.10	35.922	103	382	143	230	1027598	1027293	9.78e-12	65.5
CDF87701.1	NC_001136.10	30.345	145	382	132	268	1486702	1486298	4.30e-11	63.5
CDF87701.1	NC_001145.3	39.661	295	382	37	330	546257	547111	1.19e-65	224
CDF87701.1	NC_001145.3	28.095	210	382	37	240	270875	270282	2.25e-15	76.6
CDF87701.1	NC_001145.3	24.332	337	382	34	359	474415	473546	4.03e-14	72.8
CDF87701.1	NC_001144.5	32.915	319	382	11	322	371632	372522	4.46e-39	147
CDF87701.1	NC_001144.5	32.105	190	382	140	324	851540	852004	6.34e-16	78.6
CDF87701.1	NC_001144.5	25.556	270	382	28	255	106966	106211	1.66e-15	77.4
CDF87701.1	NC_001144.5	24.889	225	382	136	360	333259	333813	1.42e-12	68.2
CDF87702.1	NC_001147.6	77.717	184	183	1	183	77560	78111	1.22e-92	293
CDF87703.1	NC_001146.8	53.214	560	538	1	514	55897	54251	4.63e-139	443
CDF87704.1	NC_001147.6	68.847	642	697	84	697	75123	76976	0.0	842
CDF87704.1	NC_001138.5	58.924	706	697	21	697	35299	33275	0.0	785
CDF87704.1	NC_001143.9	42.077	183	697	436	618	320200	320646	1.14e-40	159
CDF87704.1	NC_001143.9	64.198	81	697	346	426	319747	319989	1.23e-27	119
CDF87704.1	NC_001143.9	60.714	56	697	285	340	319252	319419	7.74e-18	87.4
CDF87705.1	NC_001146.8	32.768	177	248	73	179	53190	53699	9.16e-12	63.2
CDF87706.1	NC_001146.8	54.487	156	167	8	161	52377	51925	5.71e-46	159
CDF87707.1	NC_001146.8	50.787	762	674	1	669	51688	49406	0.0	715
CDF87708.1	NC_001147.6	61.184	456	486	12	465	71321	72655	2.07e-180	560
CDF87708.1	NC_001147.6	44.348	345	486	3	345	268181	269188	2.13e-88	295
CDF87708.1	NC_001145.3	46.218	357	486	15	352	696817	697881	4.43e-95	314
CDF87708.1	NC_001145.3	42.532	308	486	30	332	887075	887962	5.07e-69	238
CDF87708.1	NC_001144.5	39.828	349	486	6	339	816115	817116	8.29e-71	243
CDF87709.1	NC_001146.8	68.498	273	274	4	274	48404	49213	4.13e-124	388
CDF87710.1	NC_001146.8	61.319	910	893	1	893	48022	45311	0.0	1127
CDF87711.1	NC_001146.8	32.075	265	270	11	267	44471	45190	3.52e-26	106
CDF87714.1	NC_001145.3	70.571	350	350	1	350	902800	903846	1.48e-170	525
CDF87715.1	NC_001143.9	71.262	1284	1282	1	1280	30687	26839	0.0	1895
CDF87717.1	NC_001136.10	73.391	233	247	1	230	812110	812784	2.94e-108	341
CDF87718.1	NC_001136.10	60.797	301	299	6	299	814095	813196	3.77e-118	372
CDF87719.1	NC_001136.10	65.051	495	609	132	600	815058	816539	0.0	622
CDF87719.1	NC_001136.10	46.847	111	609	2	108	814464	814778	2.50e-17	85.1
CDF87720.1	NC_001136.10	83.796	216	216	1	216	816878	817522	1.22e-120	375
CDF87720.1	NC_001136.10	48.889	135	216	15	149	569638	569240	2.78e-37	136
CDF87720.1	NC_001136.10	40.000	140	216	10	149	630174	630587	9.97e-31	117
CDF87720.1	NC_001136.10	38.017	121	216	31	149	337705	338064	2.76e-20	87.4
CDF87720.1	NC_001136.10	32.110	109	216	47	143	562165	561842	2.95e-15	72.8
CDF87720.1	NC_001134.8	45.865	133	216	17	149	407026	406634	2.67e-34	127
CDF87720.1	NC_001147.6	38.235	136	216	4	139	958805	958401	6.06e-25	100
CDF87720.1	NC_001139.9	34.074	135	216	5	139	394004	394402	2.39e-22	93.2
CDF87720.1	NC_001139.9	35.036	137	216	5	128	756953	757363	1.62e-18	82.4
CDF87720.1	NC_001137.3	35.156	128	216	24	150	131958	132338	4.66e-22	92.4
CDF87721.1	NC_001144.5	79.614	466	467	1	466	493254	491872	0.0	777
CDF87721.1	NC_001134.8	28.322	459	467	9	450	135498	134206	3.38e-45	168
CDF87721.1	NC_001140.6	28.029	421	467	32	431	159135	157933	4.32e-37	144
CDF87722.1	NC_001144.5	57.576	165	170	5	167	493892	494386	4.18e-57	191
CDF87722.1	NC_001136.10	53.293	167	170	1	166	817977	818477	3.65e-56	188
CDF87722.1	NC_001147.6	33.333	171	170	5	163	875279	874767	1.32e-22	92.4
CDF87723.1	NC_001136.10	42.105	152	152	4	152	819178	818723	1.45e-32	120
CDF87724.1	NC_001136.10	33.766	462	415	2	415	819439	820815	8.22e-75	253
CDF87725.1	NC_001144.5	43.083	253	252	9	251	495240	494500	6.02e-56	191
CDF87726.1	NC_001136.10	45.972	1477	1469	3	1448	821298	825704	0.0	1238
CDF87727.1	NC_001136.10	42.735	351	368	6	317	827310	826270	3.23e-68	231
CDF87728.1	NC_001136.10	53.753	493	481	1	481	827582	829054	3.33e-174	541
CDF87729.1	NC_001144.5	54.420	871	828	1	825	498044	495432	0.0	928
CDF87732.1	NC_001144.5	70.526	190	205	1	190	500270	499701	4.32e-92	293
CDF87732.1	NC_001144.5	27.108	166	205	3	168	540527	540042	1.87e-13	67.0
CDF87732.1	NC_001136.10	54.749	179	205	1	179	832473	831937	5.13e-66	218
CDF87733.1	NC_001144.5	56.461	356	365	7	361	627133	628185	3.44e-137	430
CDF87733.1	NC_001136.10	57.407	54	365	180	233	703639	703800	2.42e-16	79.3
CDF87733.1	NC_001146.8	25.888	197	365	142	327	28122	27559	1.45e-14	73.9
CDF87733.1	NC_001147.6	30.345	145	365	155	287	322832	322398	5.00e-14	72.4
CDF87734.1	NC_001136.10	47.222	324	707	9	310	835444	834476	6.33e-77	269
CDF87734.1	NC_001136.10	38.987	395	707	378	707	833992	832862	2.57e-43	168
CDF87735.1	NC_001144.5	49.315	146	149	3	146	626954	626517	1.47e-44	154
CDF87736.1	NC_001144.5	79.076	368	370	6	370	626271	625171	0.0	636
CDF87737.1	NC_001136.10	82.505	543	546	1	543	836421	838049	0.0	936
CDF87737.1	NC_001136.10	26.880	532	546	22	535	887316	888851	1.57e-53	195
CDF87737.1	NC_001136.10	26.577	523	546	20	533	200059	201567	4.41e-49	182
CDF87737.1	NC_001142.9	27.205	533	546	22	538	407627	409150	3.55e-55	200
CDF87737.1	NC_001142.9	28.879	464	546	18	471	556049	557401	1.05e-54	198
CDF87737.1	NC_001142.9	25.977	512	546	22	529	207961	209430	9.90e-50	184
CDF87737.1	NC_001142.9	24.816	544	546	29	546	421552	419984	1.93e-35	140
CDF87737.1	NC_001141.2	27.593	540	546	1	536	83302	84852	2.37e-50	186
CDF87738.1	NC_001136.10	74.074	648	649	10	646	838422	840365	0.0	995
CDF87738.1	NC_001136.10	21.480	689	649	4	644	784224	782299	2.31e-11	65.9
CDF87738.1	NC_001139.9	24.619	394	649	25	413	330583	329501	2.32e-14	75.9
CDF87739.1	NC_001136.10	87.257	463	463	1	463	841995	840607	0.0	826
CDF87739.1	NC_001148.4	41.892	444	463	25	463	103292	104575	4.38e-105	342
CDF87740.1	NC_001136.10	53.421	380	376	8	376	842316	843446	1.69e-137	431
CDF87740.1	NC_001136.10	26.452	310	376	92	375	377695	376889	4.01e-20	91.3
CDF87740.1	NC_001147.6	35.577	312	376	75	369	378309	379217	2.82e-42	156
CDF87740.1	NC_001147.6	25.329	304	376	86	375	201309	200500	1.32e-18	86.7
CDF87740.1	NC_001148.4	25.200	250	376	97	335	526808	526158	9.28e-13	68.6
CDF87741.1	NC_001144.5	80.515	272	271	1	270	624203	625018	2.70e-151	466
CDF87741.1	NC_001147.6	35.521	259	271	7	253	817307	818074	5.36e-47	166
CDF87741.1	NC_001142.9	31.016	187	271	1	185	572124	571570	5.86e-22	94.0
CDF87742.1	NC_001141.2	37.391	230	598	205	408	147332	146739	1.07e-16	83.2
CDF87742.1	NC_001141.2	37.387	222	598	246	447	147452	146805	3.62e-12	68.6
CDF87742.1	NC_001141.2	34.762	210	598	174	350	147290	146808	7.67e-11	63.9
CDF87742.1	NC_001136.10	31.486	451	598	180	597	844756	843575	7.36e-11	64.3
CDF87743.1	NC_001144.5	51.987	302	290	1	285	623883	622978	1.01e-77	255
CDF87744.1	NC_001144.5	70.286	875	870	1	870	617533	620157	0.0	1271
CDF87744.1	NC_001144.5	28.481	316	870	573	864	739105	738182	1.81e-29	125
CDF87744.1	NC_001146.8	29.286	280	870	615	866	143251	144063	2.44e-26	115
CDF87744.1	NC_001134.8	28.063	253	870	601	807	52044	51298	8.33e-18	87.8
CDF87744.1	NC_001142.9	25.623	281	870	576	804	565659	566483	1.57e-11	67.0
CDF87745.1	NC_001136.10	53.938	584	624	43	620	847742	846039	0.0	599
CDF87745.1	NC_001136.10	30.660	424	624	84	457	394646	395848	2.93e-42	163
CDF87745.1	NC_001136.10	28.900	391	624	92	467	949720	948593	3.03e-40	157
CDF87745.1	NC_001136.10	29.167	384	624	87	468	486900	487967	1.41e-36	145
CDF87745.1	NC_001136.10	28.533	368	624	78	445	171774	170782	2.43e-27	117
CDF87745.1	NC_001136.10	26.485	404	624	83	469	305438	306523	1.86e-26	114
CDF87745.1	NC_001145.3	33.199	497	624	44	528	851570	850158	2.84e-57	208
CDF87745.1	NC_001144.5	32.011	378	624	84	452	132440	133486	3.37e-47	178
CDF87745.1	NC_001144.5	31.707	205	624	90	285	696743	696165	6.60e-19	90.5
CDF87745.1	NC_001138.5	31.735	438	624	95	505	146862	145627	1.87e-45	172
CDF87745.1	NC_001142.9	30.716	433	624	96	516	384014	385249	7.48e-44	168
CDF87745.1	NC_001142.9	29.600	375	624	96	470	154571	153537	7.30e-25	109
CDF87746.1	NC_001136.10	50.811	185	463	1	184	848599	849153	1.49e-52	189
CDF87746.1	NC_001136.10	52.850	193	463	277	463	849628	850191	1.42e-51	187
CDF87747.1	NC_001136.10	64.758	227	238	1	227	850999	850319	1.08e-101	322
CDF87748.1	NC_001136.10	36.598	388	371	4	370	851240	852394	1.11e-66	227
CDF87749.1	NC_001136.10	48.101	474	454	1	449	853972	852551	1.09e-143	452
CDF87750.1	NC_001144.5	59.076	303	330	31	330	617252	616344	5.91e-119	376
CDF87751.1	NC_001136.10	48.366	459	518	78	513	855637	854294	4.67e-121	390
CDF87751.1	NC_001144.5	46.652	448	518	75	516	614944	616182	2.14e-113	368
CDF87752.1	NC_001136.10	53.237	139	157	1	127	856317	856733	4.21e-33	121
CDF87753.1	NC_001136.10	48.680	341	339	1	337	857953	856931	1.70e-111	355
CDF87754.1	NC_001136.10	65.806	310	332	20	327	858188	859117	1.56e-140	438
CDF87755.1	NC_001144.5	73.309	547	657	56	602	612346	613986	0.0	834
CDF87755.1	NC_001147.6	66.156	588	657	64	651	461273	459546	0.0	807
CDF87755.1	NC_001147.6	65.662	597	657	64	656	700564	698810	0.0	804
CDF87755.1	NC_001141.2	30.943	488	657	87	566	408753	410210	1.39e-65	234
CDF87755.1	NC_001134.8	26.866	536	657	87	608	281722	283323	8.98e-59	213
CDF87755.1	NC_001134.8	28.881	554	657	29	567	140116	138482	1.98e-58	213
CDF87756.1	NC_001136.10	48.087	732	683	1	671	859346	861466	1.40e-161	514
CDF87756.1	NC_001145.3	40.625	128	683	352	477	756142	755759	1.70e-18	89.4
CDF87756.1	NC_001147.6	36.290	124	683	352	474	907528	907157	3.53e-15	78.6
CDF87757.1	NC_001144.5	74.543	656	646	1	645	609783	611750	0.0	1045
CDF87757.1	NC_001147.6	31.132	212	646	263	457	463228	462611	4.55e-19	90.9
CDF87758.1	NC_001136.10	39.628	699	798	5	673	862060	864105	2.52e-153	495
CDF87758.1	NC_001144.5	34.862	545	798	36	572	609416	607821	9.92e-99	336
CDF87759.1	NC_001136.10	78.788	66	639	560	625	865239	865042	1.35e-31	130
CDF87759.1	NC_001136.10	46.927	179	639	335	497	866085	865570	8.60e-30	125
CDF87760.1	NC_001144.5	59.477	459	443	1	440	607119	605761	0.0	561
CDF87761.1	NC_001136.10	56.684	778	746	25	746	868389	870560	0.0	780
CDF87763.1	NC_001136.10	65.629	707	718	1	699	884727	886838	0.0	973
CDF87764.1	NC_001144.5	96.335	191	191	1	191	604787	604215	1.67e-124	385
CDF87764.1	NC_001144.5	29.762	168	191	5	169	668858	668394	1.46e-14	69.7
CDF87764.1	NC_001144.5	26.471	136	191	3	137	721397	720993	5.01e-13	65.5
CDF87764.1	NC_001148.4	51.445	173	191	5	177	875401	875919	6.71e-57	191
CDF87764.1	NC_001146.8	45.249	221	191	1	180	300649	299987	1.65e-55	187
CDF87764.1	NC_001146.8	41.618	173	191	5	177	456589	457098	2.32e-38	138
CDF87764.1	NC_001146.8	31.250	112	191	16	125	440504	440172	1.44e-12	63.9
CDF87764.1	NC_001146.8	28.070	171	191	3	169	449901	450383	4.14e-12	62.8
CDF87764.1	NC_001143.9	45.143	175	191	4	177	548432	548932	6.48e-45	157
CDF87764.1	NC_001141.2	36.916	214	191	5	191	139803	140444	2.91e-39	140
CDF87765.1	NC_001136.10	90.519	559	559	1	559	887232	888908	0.0	1041
CDF87765.1	NC_001136.10	30.203	543	559	10	542	200014	201561	1.75e-63	224
CDF87765.1	NC_001136.10	27.955	533	559	29	540	836484	838025	2.15e-53	195
CDF87765.1	NC_001142.9	32.443	524	559	29	546	207961	209451	1.30e-79	272
CDF87765.1	NC_001142.9	32.037	540	559	22	545	556040	557578	4.38e-71	247
CDF87765.1	NC_001142.9	31.540	539	559	18	546	407594	409141	2.41e-70	245
CDF87765.1	NC_001142.9	27.083	528	559	42	558	421534	419990	7.32e-43	163
CDF87765.1	NC_001141.2	32.523	535	559	22	549	83344	84858	2.05e-71	248
CDF87766.1	NC_001136.10	62.544	566	818	293	817	890810	892483	0.0	679
CDF87766.1	NC_001144.5	57.195	549	818	337	818	601626	600022	0.0	577
CDF87767.1	NC_001136.10	60.795	352	342	1	342	892875	893924	1.56e-140	438
CDF87767.1	NC_001146.8	37.888	161	342	1	150	108467	108925	1.45e-22	97.8
CDF87768.1	NC_001143.9	34.625	413	560	111	518	573529	574650	9.03e-61	217
CDF87769.1	NC_001136.10	39.033	848	1223	383	1170	896571	898985	2.29e-163	540
CDF87769.1	NC_001136.10	51.456	206	1223	1	201	895257	895853	2.35e-45	179
CDF87769.1	NC_001142.9	60.317	63	1223	24	86	662627	662439	2.05e-19	94.0
CDF87769.1	NC_001145.3	60.345	58	1223	26	83	104945	105118	7.43e-19	92.0
CDF87769.1	NC_001137.3	48.750	80	1223	17	90	421330	421094	1.06e-11	68.6
CDF87769.1	NC_001139.9	48.077	52	1223	30	81	624765	624610	7.13e-11	65.9
CDF87770.1	NC_001136.10	33.629	1240	1131	83	1131	903210	899569	3.13e-169	553
CDF87771.1	NC_001144.5	28.279	488	468	17	457	592004	590610	3.80e-42	159
CDF87772.1	NC_001136.10	45.113	399	386	6	370	904998	903802	4.47e-100	324
CDF87772.1	NC_001136.10	31.429	350	386	7	310	52478	53488	3.06e-49	177
CDF87772.1	NC_001142.9	37.748	302	386	4	299	576580	575714	2.05e-58	204
CDF87772.1	NC_001135.5	30.952	294	386	15	307	118264	117425	4.82e-39	147
CDF87772.1	NC_001139.9	27.483	302	386	1	302	607845	608660	2.04e-33	131
CDF87772.1	NC_001140.6	29.248	359	386	21	369	327928	326942	4.15e-33	130
CDF87773.1	NC_001144.5	62.640	356	378	13	362	589429	590496	3.95e-159	493
CDF87774.1	NC_001136.10	32.661	248	347	132	347	906228	905536	8.80e-17	80.5
CDF87775.1	NC_001136.10	35.503	676	653	22	650	907390	909414	1.70e-124	406
CDF87776.1	NC_001144.5	49.015	406	402	6	401	588900	587698	5.39e-131	414
CDF87776.1	NC_001136.10	47.887	426	402	1	401	910054	911298	3.34e-118	377
CDF87777.1	NC_001144.5	30.133	375	347	3	345	586485	587564	2.77e-43	158
CDF87778.1	NC_001144.5	48.114	981	1076	176	1076	585001	582236	0.0	673
CDF87778.1	NC_001136.10	43.200	125	1076	642	764	912972	913322	7.72e-19	91.7
CDF87779.1	NC_001144.5	69.109	819	805	1	804	581771	579321	0.0	1181
CDF87779.1	NC_001144.5	24.759	622	805	106	673	400032	401822	1.83e-27	119
CDF87779.1	NC_001134.8	23.214	224	805	480	700	616957	616319	6.76e-19	91.3
CDF87779.1	NC_001134.8	25.926	216	805	421	635	616957	616361	1.96e-15	79.7
CDF87779.1	NC_001134.8	33.333	126	805	480	604	582564	582938	3.17e-11	65.9
CDF87779.1	NC_001146.8	27.027	259	805	367	617	620259	620963	2.10e-17	86.3
CDF87779.1	NC_001146.8	26.190	126	805	479	604	41012	41389	3.12e-12	69.3
CDF87779.1	NC_001146.8	24.028	283	805	376	646	620154	620930	6.67e-11	65.1
CDF87779.1	NC_001143.9	30.303	198	805	441	636	33909	33367	4.28e-17	85.1
CDF87779.1	NC_001139.9	30.622	209	805	419	620	250345	250914	3.17e-16	82.4
CDF87780.1	NC_001144.5	37.162	148	201	58	201	578784	578377	5.52e-21	89.0
CDF87781.1	NC_001144.5	68.944	322	314	1	314	576825	577790	1.97e-120	379
CDF87782.1	NC_001136.10	94.697	132	132	1	132	914712	914320	4.47e-76	243
CDF87782.1	NC_001134.8	92.424	132	132	1	132	236492	236884	1.50e-74	239
CDF87783.1	NC_001134.8	97.727	132	132	1	132	235792	235397	1.32e-80	256
CDF87783.1	NC_001136.10	97.727	132	132	1	132	915530	915925	2.18e-80	255
CDF87783.1	NC_001147.6	61.600	125	132	1	118	303983	303612	1.15e-33	122
CDF87784.1	NC_001144.5	31.536	371	1132	7	289	574169	575221	1.57e-20	97.4
CDF87785.1	NC_001136.10	48.352	91	761	407	497	919971	920243	7.51e-25	110
CDF87787.1	NC_001136.10	63.133	632	612	1	611	923806	921932	0.0	747
CDF87788.1	NC_001136.10	82.667	300	301	1	300	104551	103652	8.37e-173	529
CDF87788.1	NC_001142.9	28.344	314	301	1	286	609773	610660	7.72e-18	82.8
CDF87788.1	NC_001142.9	24.723	271	301	18	277	578130	577348	2.91e-11	62.8
CDF87788.1	NC_001147.6	25.939	293	301	3	278	758342	759181	1.28e-15	76.3
CDF87789.1	NC_001136.10	32.839	472	677	98	549	1508068	1509468	8.69e-72	253
CDF87789.1	NC_001136.10	26.510	596	677	43	605	103140	101407	8.77e-63	226
CDF87789.1	NC_001136.10	27.669	459	677	109	549	111883	113247	2.50e-47	179
CDF87789.1	NC_001136.10	25.789	570	677	55	591	13324	11666	1.18e-41	162
CDF87789.1	NC_001136.10	27.237	503	677	82	559	213579	215054	6.00e-41	160
CDF87789.1	NC_001136.10	26.336	524	677	61	551	1161269	1159731	2.93e-37	149
CDF87789.1	NC_001136.10	26.336	524	677	61	551	1155877	1154339	2.93e-37	149
CDF87789.1	NC_001136.10	24.517	518	677	63	551	1164603	1163080	2.34e-34	139
CDF87789.1	NC_001136.10	26.652	469	677	112	551	1445188	1443824	1.34e-30	128
CDF87789.1	NC_001136.10	32.159	227	677	102	321	1249722	1249057	3.10e-17	85.1
CDF87789.1	NC_001137.3	25.607	535	677	49	553	23216	21657	6.96e-43	166
CDF87789.1	NC_001146.8	25.912	521	677	63	553	772693	774231	1.35e-42	165
CDF87789.1	NC_001146.8	23.810	483	677	111	549	40131	38719	5.54e-29	122
CDF87789.1	NC_001142.9	25.614	570	677	55	591	732476	734134	3.13e-41	161
CDF87789.1	NC_001142.9	23.134	536	677	59	554	19527	21089	1.38e-35	143
CDF87789.1	NC_001142.9	24.306	576	677	52	595	26932	28578	2.65e-34	139
CDF87789.1	NC_001144.5	26.327	471	677	111	551	290443	291819	5.63e-39	154
CDF87790.1	NC_001136.10	40.984	183	188	1	178	101067	100534	5.14e-34	125
CDF87791.1	NC_001136.10	80.769	286	282	1	282	99561	100418	7.36e-162	496
CDF87792.1	NC_001136.10	59.701	201	246	45	245	98577	99179	3.87e-79	258
CDF87793.1	NC_001136.10	51.253	359	378	9	338	924875	925951	3.36e-106	341
CDF87794.1	NC_001136.10	50.244	205	197	1	197	926910	926296	2.17e-65	216
CDF87795.1	NC_001136.10	64.428	402	677	275	673	97305	96100	1.67e-176	557
CDF87795.1	NC_001134.8	29.900	301	677	367	661	106623	105820	1.32e-24	108
CDF87796.1	NC_001136.10	78.969	485	556	77	555	927638	929092	0.0	815
CDF87796.1	NC_001136.10	29.134	381	556	134	497	576957	578045	6.05e-35	139
CDF87796.1	NC_001145.3	24.825	286	556	134	404	860438	859644	2.33e-21	97.8
CDF87797.1	NC_001136.10	52.510	259	406	37	288	930309	929557	3.74e-86	285
CDF87797.1	NC_001136.10	33.610	241	406	16	253	94626	95330	8.83e-43	159
CDF87798.1	NC_001136.10	72.961	699	696	1	691	931129	933207	0.0	1011
CDF87798.1	NC_001139.9	26.504	698	696	11	615	478643	476646	1.92e-44	171
CDF87798.1	NC_001144.5	27.815	453	696	32	457	737332	736043	6.68e-37	148
CDF87798.1	NC_001142.9	27.602	442	696	42	455	58561	57299	1.61e-33	137
CDF87799.1	NC_001136.10	67.601	321	329	5	325	93730	92768	6.27e-150	464
CDF87800.1	NC_001136.10	52.984	553	557	1	553	933504	935123	0.0	618
CDF87801.1	NC_001136.10	37.859	766	692	6	691	90191	92452	1.21e-132	431
CDF87802.1	NC_001136.10	63.736	182	188	7	187	935784	935239	3.79e-74	240
CDF87803.1	NC_001136.10	52.113	568	537	1	536	88248	89858	1.72e-167	525
CDF87804.1	NC_001136.10	74.315	292	294	1	291	936615	937490	5.24e-150	463
CDF87805.1	NC_001139.9	74.227	97	108	1	97	922175	922465	7.90e-47	158
CDF87806.1	NC_001139.9	47.273	605	618	4	606	924456	922648	4.84e-171	539
CDF87807.1	NC_001139.9	59.060	2042	2001	1	1999	924696	930731	0.0	2432
CDF87808.1	NC_001136.10	75.131	571	578	8	577	84279	85976	0.0	853
CDF87808.1	NC_001139.9	28.008	507	578	76	573	363760	362303	3.44e-41	159
CDF87809.1	NC_001139.9	83.088	1088	1089	1	1088	932541	935792	0.0	1908
CDF87810.1	NC_001139.9	70.916	251	273	17	267	936832	936080	5.11e-124	387
CDF87811.1	NC_001140.6	63.902	205	214	1	205	393283	392669	7.77e-86	275
CDF87812.1	NC_001140.6	89.071	183	183	1	183	393534	394082	2.73e-111	347
CDF87813.1	NC_001140.6	55.615	187	718	545	717	395015	394461	1.93e-47	181
CDF87813.1	NC_001139.9	48.649	185	718	542	717	937705	937151	2.47e-41	162
CDF87814.1	NC_001142.9	82.705	584	583	1	582	466208	464457	0.0	1021
CDF87815.1	NC_001139.9	36.567	268	261	3	251	939932	940717	1.23e-44	159
CDF87816.1	NC_001139.9	56.616	461	445	1	445	942215	940872	1.19e-165	515
CDF87816.1	NC_001138.5	25.065	387	445	16	344	194827	195921	3.81e-23	101
CDF87817.1	NC_001139.9	50.962	624	616	35	616	945229	947016	0.0	597
CDF87817.1	NC_001139.9	26.862	376	616	210	581	493457	492537	2.35e-33	135
CDF87817.1	NC_001139.9	27.390	387	616	219	595	290553	291512	2.38e-32	132
CDF87818.1	NC_001140.6	36.806	576	532	7	524	397287	398984	1.22e-120	390
CDF87818.1	NC_001136.10	22.286	350	532	119	454	1416655	1415699	2.51e-14	75.1
CDF87819.1	NC_001140.6	40.121	496	513	29	513	400728	399271	5.19e-124	399
CDF87820.1	NC_001139.9	63.048	525	521	1	521	947420	948994	0.0	716
CDF87821.1	NC_001139.9	61.732	358	561	1	351	950899	949856	5.57e-151	478
CDF87822.1	NC_001139.9	48.684	76	77	3	70	952038	952259	1.19e-12	59.7
CDF87823.1	NC_001139.9	84.262	305	307	1	304	953480	952569	2.13e-161	496
CDF87823.1	NC_001139.9	56.432	241	307	54	293	756380	755658	5.98e-88	286
CDF87824.1	NC_001139.9	61.504	226	226	2	225	953966	954643	5.15e-91	291
CDF87824.1	NC_001136.10	28.634	227	226	6	223	998092	997433	2.63e-14	70.1
CDF87824.1	NC_001141.2	32.857	140	226	66	205	152567	152890	3.21e-12	63.9
CDF87825.1	NC_001139.9	50.978	920	1089	235	1089	957397	954677	0.0	847
CDF87825.1	NC_001139.9	64.000	200	1089	1	198	958210	957611	8.60e-70	255
CDF87825.1	NC_001148.4	25.459	381	1089	381	726	343491	342394	8.83e-12	68.6
CDF87826.1	NC_001136.10	69.542	568	577	10	574	84285	85979	0.0	800
CDF87826.1	NC_001139.9	26.036	507	577	71	574	363760	362288	1.12e-40	157
CDF87827.1	NC_001140.6	37.006	481	1128	5	447	402975	404411	4.57e-91	322
CDF87827.1	NC_001140.6	37.469	403	1128	732	1125	405087	406160	1.94e-60	226
CDF87828.1	NC_001139.9	64.662	399	396	1	396	959904	961100	3.27e-164	509
CDF87829.1	NC_001139.9	40.435	230	228	6	228	962052	961363	1.38e-59	201
CDF87831.1	NC_001139.9	41.481	675	681	4	583	965643	963640	1.86e-139	450
CDF87833.1	NC_001140.6	57.812	576	1233	1	567	417179	415581	0.0	672
CDF87833.1	NC_001140.6	35.842	505	1233	759	1230	415142	413736	8.10e-74	270
CDF87833.1	NC_001139.9	67.368	380	1233	108	482	968570	967431	8.75e-176	576
CDF87833.1	NC_001139.9	26.431	367	1233	872	1230	967061	966054	5.07e-23	105
CDF87834.1	NC_001140.6	34.719	409	356	1	322	417549	418742	4.78e-45	164
CDF87835.1	NC_001139.9	30.263	304	267	2	261	970047	969214	3.11e-21	91.7
CDF87837.1	NC_001139.9	77.291	982	985	4	980	973728	970786	0.0	1582
CDF87837.1	NC_001145.3	52.308	845	985	145	972	674376	671893	0.0	886
CDF87838.1	NC_001144.5	87.719	399	401	4	401	839256	838069	0.0	705
CDF87839.1	NC_001144.5	42.105	209	204	1	202	840321	840899	6.38e-40	143
CDF87839.1	NC_001139.9	40.299	201	204	1	197	591314	591859	7.42e-34	125
CDF87840.1	NC_001139.9	35.740	277	228	15	224	595831	595001	1.77e-47	166
CDF87841.1	NC_001139.9	65.077	650	634	1	631	596693	598618	0.0	844
CDF87842.1	NC_001139.9	69.495	554	577	10	557	599450	601108	0.0	820
CDF87842.1	NC_001140.6	28.489	523	577	22	530	26346	27866	8.89e-57	205
CDF87844.1	NC_001144.5	56.733	906	885	9	875	841379	843970	0.0	941
CDF87844.1	NC_001139.9	52.246	846	885	9	824	601685	604174	0.0	881
CDF87845.1	NC_001144.5	87.344	482	482	1	482	844282	845727	0.0	891
CDF87846.1	NC_001139.9	60.251	239	238	1	236	605501	604794	2.57e-95	303
CDF87847.1	NC_001144.5	35.938	448	425	1	423	846103	847434	1.75e-67	231
CDF87848.1	NC_001144.5	51.027	584	577	1	571	849115	847409	8.57e-169	530
CDF87848.1	NC_001147.6	26.648	349	577	237	566	582769	581837	5.15e-24	106
CDF87850.1	NC_001144.5	64.892	695	670	5	670	849935	852016	0.0	899
CDF87850.1	NC_001144.5	29.123	285	670	383	666	332902	333723	1.82e-26	114
CDF87850.1	NC_001144.5	27.129	317	670	383	664	371704	372522	4.21e-18	87.8
CDF87850.1	NC_001144.5	24.465	327	670	382	667	634753	635691	1.62e-15	79.7
CDF87850.1	NC_001142.9	42.177	294	670	377	664	250777	251571	3.84e-66	236
CDF87850.1	NC_001142.9	26.389	288	670	383	665	110883	110137	1.03e-25	112
CDF87850.1	NC_001142.9	31.739	230	670	457	665	178888	178235	1.14e-22	102
CDF87850.1	NC_001142.9	25.191	262	670	383	640	149268	148594	7.12e-13	70.9
CDF87850.1	NC_001146.8	30.973	339	670	364	665	681680	680760	5.31e-44	169
CDF87850.1	NC_001146.8	33.333	291	670	382	662	70565	71380	5.84e-38	150
CDF87850.1	NC_001146.8	23.875	289	670	383	610	333668	334429	1.67e-14	76.3
CDF87850.1	NC_001146.8	34.337	166	670	457	610	57336	56854	5.78e-14	74.7
CDF87850.1	NC_001146.8	29.944	177	670	439	609	294096	293578	9.75e-13	70.5
CDF87850.1	NC_001135.5	30.744	309	670	377	665	243484	242654	1.35e-43	168
CDF87850.1	NC_001135.5	27.273	330	670	342	665	79123	80016	3.66e-26	114
CDF87850.1	NC_001135.5	29.612	206	670	416	608	129445	130050	6.83e-18	87.4
CDF87850.1	NC_001135.5	23.938	259	670	374	610	275364	276029	8.35e-13	70.9
CDF87850.1	NC_001133.9	31.818	286	670	383	667	175045	174314	3.99e-39	154
CDF87851.1	NC_001139.9	55.901	322	312	1	312	606205	607140	5.02e-106	338
CDF87852.1	NC_001139.9	47.952	415	731	297	707	607821	609044	1.18e-130	427
CDF87852.1	NC_001140.6	33.489	427	731	301	699	327991	326837	2.28e-62	226
CDF87852.1	NC_001135.5	37.847	288	731	300	576	118312	117458	2.86e-48	183
CDF87852.1	NC_001144.5	35.556	315	731	295	579	763852	762911	1.81e-46	178
CDF87852.1	NC_001142.9	34.768	302	731	302	579	576589	575714	2.26e-42	165
CDF87853.1	NC_001144.5	55.046	218	217	4	217	853151	852498	9.12e-79	255
CDF87854.1	NC_001139.9	79.221	308	307	1	307	610564	611487	2.31e-172	528
CDF87854.1	NC_001136.10	24.315	292	307	51	306	1056686	1057537	6.48e-11	62.0
CDF87855.1	NC_001139.9	73.781	1354	1353	1	1349	615965	611904	0.0	2127
CDF87856.1	NC_001144.5	74.118	85	90	1	85	853461	853715	6.49e-31	112
CDF87857.1	NC_001139.9	57.143	287	299	13	299	617191	616331	2.80e-105	335
CDF87858.1	NC_001144.5	66.667	108	108	1	108	854062	854385	1.00e-48	164
CDF87859.1	NC_001139.9	69.687	607	611	4	610	619840	618086	0.0	901
CDF87859.1	NC_001139.9	22.653	490	611	128	592	1012710	1014038	4.56e-12	68.2
CDF87859.1	NC_001133.9	41.239	565	611	35	593	8950	7277	2.12e-137	441
CDF87859.1	NC_001135.5	31.206	423	611	137	545	172349	171123	3.07e-46	175
CDF87859.1	NC_001141.2	21.856	485	611	137	601	32359	30974	7.79e-12	67.4
CDF87860.1	NC_001142.9	91.538	130	130	1	130	75302	74913	8.64e-80	254
CDF87860.1	NC_001144.5	96.512	86	130	45	130	857057	857314	2.16e-53	178
CDF87860.1	NC_001144.5	76.000	50	130	1	50	856442	856591	4.77e-19	80.5
CDF87862.1	NC_001140.6	39.091	440	483	83	435	51534	52844	7.44e-74	252
CDF87863.1	NC_001144.5	73.923	836	832	1	819	73146	70657	0.0	1244
CDF87863.1	NC_001144.5	36.885	610	832	172	777	914241	912601	1.52e-116	389
CDF87863.1	NC_001144.5	35.621	306	832	519	812	914169	913309	1.84e-46	179
CDF87863.1	NC_001144.5	37.589	282	832	195	474	913362	912577	1.46e-44	173
CDF87863.1	NC_001136.10	39.234	627	832	200	812	238025	236313	9.15e-132	434
CDF87863.1	NC_001136.10	39.068	279	832	518	796	238037	237249	6.31e-52	196
CDF87863.1	NC_001136.10	37.102	283	832	196	476	237218	236385	9.42e-49	186
CDF87863.1	NC_001136.10	38.431	255	832	517	767	1262179	1262913	2.92e-48	185
CDF87863.1	NC_001136.10	39.485	233	832	517	746	438575	439261	1.09e-45	177
CDF87863.1	NC_001136.10	34.167	240	832	189	425	438560	439261	3.20e-34	140
CDF87863.1	NC_001136.10	34.322	236	832	195	426	1262179	1262871	1.20e-32	135
CDF87863.1	NC_001136.10	27.835	194	832	180	370	1225906	1225379	5.97e-11	65.1
CDF87863.1	NC_001146.8	30.037	546	832	293	808	21013	19565	4.29e-59	218
CDF87863.1	NC_001146.8	33.229	319	832	195	510	20455	19592	7.48e-48	184
CDF87863.1	NC_001143.9	34.085	355	832	495	812	71861	70809	3.32e-57	213
CDF87863.1	NC_001143.9	36.806	288	832	468	746	174657	175508	2.03e-46	179
CDF87863.1	NC_001143.9	33.829	269	832	196	453	71789	70998	8.44e-40	158
CDF87863.1	NC_001143.9	35.193	233	832	195	425	174822	175508	1.70e-39	157
CDF87863.1	NC_001139.9	31.942	479	832	196	650	1028594	1029949	8.79e-52	196
CDF87863.1	NC_001139.9	36.268	284	832	518	796	1028594	1029397	2.19e-48	185
CDF87863.1	NC_001139.9	41.026	234	832	516	746	410863	410174	4.08e-47	181
CDF87863.1	NC_001139.9	36.765	272	832	485	746	542335	543135	2.24e-42	166
CDF87863.1	NC_001139.9	37.607	234	832	195	425	410860	410174	6.92e-39	155
CDF87863.1	NC_001139.9	36.638	232	832	196	425	542461	543135	5.78e-32	133
CDF87864.1	NC_001140.6	38.079	302	273	8	270	54124	53228	2.59e-54	187
CDF87865.1	NC_001139.9	32.839	472	695	239	695	336233	337636	7.50e-68	241
CDF87865.1	NC_001139.9	33.511	188	695	29	158	335039	335602	4.97e-13	71.6
CDF87867.1	NC_001139.9	84.858	317	325	8	324	343012	342062	0.0	563
CDF87867.1	NC_001141.2	45.185	270	325	58	319	349143	349937	3.61e-72	241
CDF87868.1	NC_001139.9	35.971	278	311	3	256	343337	344167	1.41e-51	181
CDF87869.1	NC_001148.4	75.385	455	576	122	576	197287	195953	0.0	693
CDF87869.1	NC_001145.3	39.407	236	576	368	571	36124	36825	1.30e-44	169
CDF87869.1	NC_001145.3	27.982	218	576	155	340	36199	36831	1.06e-18	89.4
CDF87870.1	NC_001148.4	42.748	131	203	1	118	195426	195034	2.27e-23	95.9
CDF87872.1	NC_001148.4	68.873	408	422	3	410	191424	192635	0.0	601
CDF87872.1	NC_001142.9	45.327	214	422	138	341	527864	527241	5.22e-48	175
CDF87872.1	NC_001137.3	41.284	218	422	138	343	76493	77122	2.15e-46	170
CDF87873.1	NC_001139.9	87.313	134	138	5	138	346807	346409	3.01e-78	249
CDF87874.1	NC_001139.9	54.430	711	652	3	648	347221	349347	0.0	682
CDF87875.1	NC_001139.9	55.970	268	275	13	275	349637	350437	1.46e-98	315
CDF87876.1	NC_001139.9	59.413	579	618	40	618	352265	350619	0.0	709
CDF87876.1	NC_001148.4	49.837	614	618	10	618	189187	190980	0.0	608
CDF87877.1	NC_001139.9	52.868	802	780	1	780	353061	355418	0.0	826
CDF87878.1	NC_001148.4	69.767	43	65	1	43	188513	188385	3.93e-17	71.6
CDF87880.1	NC_001139.9	53.533	368	369	1	364	355827	356873	1.36e-116	371
CDF87880.1	NC_001148.4	41.623	382	369	1	369	184679	183600	6.71e-85	280
CDF87881.1	NC_001139.9	36.184	152	372	1	149	357377	357829	4.13e-20	91.3
CDF87883.1	NC_001139.9	72.727	121	127	1	121	358636	358998	2.52e-59	195
CDF87884.1	NC_001148.4	46.677	617	556	1	556	179277	181112	8.25e-178	555
CDF87885.1	NC_001148.4	60.501	919	946	1	905	176223	178907	0.0	1066
CDF87886.1	NC_001139.9	50.485	206	189	12	189	359492	360088	2.41e-57	192
CDF87887.1	NC_001148.4	68.670	233	257	34	257	175163	175861	2.12e-102	325
CDF87888.1	NC_001139.9	81.696	448	543	96	543	361631	360291	0.0	775
CDF87888.1	NC_001139.9	35.000	380	543	151	522	182813	183934	4.81e-54	196
CDF87888.1	NC_001139.9	23.410	393	543	175	498	382719	381547	5.56e-19	90.1
CDF87888.1	NC_001147.6	42.895	380	543	147	510	723382	724500	2.26e-83	282
CDF87888.1	NC_001147.6	32.151	451	543	60	486	415847	414579	1.97e-44	168
CDF87888.1	NC_001148.4	41.058	397	543	131	509	325811	324642	5.87e-82	278
CDF87888.1	NC_001146.8	40.896	357	543	96	445	413870	414916	2.05e-74	256
CDF87888.1	NC_001146.8	25.937	347	543	170	483	696279	697310	2.81e-27	115
CDF87888.1	NC_001146.8	52.174	69	543	444	512	415913	416119	4.83e-16	80.5
CDF87888.1	NC_001140.6	36.011	361	543	134	490	228794	227742	6.49e-67	234
CDF87888.1	NC_001140.6	34.286	350	543	150	487	442241	443266	4.96e-47	176
CDF87889.1	NC_001139.9	69.573	562	563	2	560	363892	362228	0.0	756
CDF87889.1	NC_001146.8	35.636	550	563	15	501	733273	731657	3.00e-94	315
CDF87889.1	NC_001136.10	27.579	475	563	47	502	84462	85850	2.00e-39	153
CDF87889.1	NC_001143.9	26.306	555	563	33	561	122140	120497	6.28e-39	152
CDF87890.1	NC_001139.9	83.254	209	244	36	244	364964	364338	1.66e-117	367
CDF87890.1	NC_001148.4	82.775	209	244	36	244	174073	174699	4.58e-117	366
CDF87890.1	NC_001146.8	42.262	168	244	78	237	626737	626234	3.55e-35	131
CDF87891.1	NC_001148.4	62.658	158	265	16	173	172707	172234	2.07e-63	213
CDF87892.1	NC_001139.9	28.831	385	342	11	339	368064	366928	2.66e-35	135
CDF87893.1	NC_001139.9	48.756	402	538	11	314	368822	370024	6.11e-106	347
CDF87893.1	NC_001140.6	33.333	144	538	104	240	512990	513403	2.77e-16	81.3
CDF87893.1	NC_001147.6	42.157	102	538	80	181	587131	587403	3.12e-14	74.7
CDF87896.1	NC_001139.9	94.262	122	122	1	122	374827	374462	4.08e-76	243
CDF87897.1	NC_001139.9	56.250	192	176	2	176	375093	375668	1.52e-51	175
CDF87898.1	NC_001148.4	88.146	329	359	31	359	166409	167395	0.0	622
CDF87898.1	NC_001148.4	35.316	269	359	45	309	157296	156505	1.97e-44	162
CDF87898.1	NC_001148.4	28.691	359	359	25	332	747750	748781	4.47e-44	161
CDF87898.1	NC_001148.4	28.475	295	359	31	303	263640	262795	1.18e-35	137
CDF87898.1	NC_001148.4	31.502	273	359	54	303	285926	285123	1.94e-35	136
CDF87898.1	NC_001148.4	33.462	260	359	48	303	268305	269048	2.91e-34	132
CDF87898.1	NC_001148.4	32.039	206	359	48	244	288398	287790	2.80e-26	109
CDF87898.1	NC_001148.4	24.290	317	359	45	305	492929	492039	6.50e-17	81.3
CDF87898.1	NC_001148.4	23.952	334	359	35	306	666346	667299	7.58e-15	74.7
CDF87898.1	NC_001148.4	22.455	334	359	55	321	866227	865280	9.86e-12	65.1
CDF87898.1	NC_001148.4	26.705	176	359	87	243	501886	501362	2.06e-11	64.3
CDF87898.1	NC_001142.9	71.429	350	359	10	359	111012	109969	2.59e-176	542
CDF87898.1	NC_001142.9	32.800	250	359	40	278	250750	251490	1.38e-33	130
CDF87898.1	NC_001142.9	29.412	306	359	37	311	179062	178181	6.19e-21	93.2
CDF87898.1	NC_001142.9	28.511	235	359	47	271	149292	148603	6.88e-20	90.1
CDF87898.1	NC_001142.9	26.214	206	359	49	240	77933	77316	1.40e-14	73.9
CDF87898.1	NC_001142.9	23.256	258	359	53	268	546561	547298	1.51e-12	67.8
CDF87898.1	NC_001142.9	25.185	270	359	49	258	221501	222286	7.69e-12	65.5
CDF87898.1	NC_001142.9	28.313	166	359	107	240	107661	107167	1.58e-11	64.7
CDF87898.1	NC_001143.9	75.938	320	359	40	359	135471	134512	3.84e-172	530
CDF87898.1	NC_001143.9	44.898	294	359	45	335	206733	207605	1.10e-76	256
CDF87898.1	NC_001143.9	29.642	307	359	36	303	249121	250026	4.39e-41	152
CDF87898.1	NC_001143.9	24.621	264	359	12	258	183420	184142	8.85e-18	84.0
CDF87898.1	NC_001143.9	25.100	251	359	52	244	222318	221566	2.44e-16	79.3
CDF87898.1	NC_001143.9	24.444	225	359	55	241	132211	131540	1.37e-14	73.9
CDF87898.1	NC_001143.9	25.957	235	359	99	288	348599	347943	2.26e-13	70.1
CDF87898.1	NC_001143.9	22.884	319	359	39	304	150603	149731	4.27e-13	69.3
CDF87898.1	NC_001143.9	24.380	242	359	53	252	69623	68928	8.11e-12	65.5
CDF87898.1	NC_001145.3	41.141	333	359	40	358	474454	473465	8.80e-75	250
CDF87898.1	NC_001145.3	31.034	261	359	9	264	270998	270234	8.36e-35	134
CDF87898.1	NC_001145.3	28.013	307	359	12	256	852642	853541	6.78e-22	96.3
CDF87898.1	NC_001145.3	27.184	206	359	49	240	546239	546832	2.08e-11	64.3
CDF87898.1	NC_001140.6	43.854	301	359	41	335	510572	511468	1.82e-72	243
CDF87898.1	NC_001140.6	30.337	267	359	9	265	316530	317285	1.22e-30	122
CDF87898.1	NC_001140.6	30.049	203	359	52	251	96071	95475	2.04e-26	109
CDF87898.1	NC_001140.6	21.849	238	359	47	258	170284	169604	5.63e-15	75.1
CDF87898.1	NC_001140.6	27.612	134	359	123	244	271080	270682	7.38e-11	62.4
CDF87899.1	NC_001148.4	76.096	502	481	1	481	164276	165757	0.0	738
CDF87899.1	NC_001146.8	53.925	293	481	5	293	345063	344191	4.53e-97	320
CDF87899.1	NC_001140.6	53.242	293	481	5	293	374118	373246	2.18e-96	317
CDF87899.1	NC_001137.3	47.853	326	481	5	293	404840	405817	1.07e-87	292
CDF87899.1	NC_001142.9	25.792	221	481	12	219	250786	251412	8.06e-13	69.7
CDF87901.1	NC_001139.9	55.319	376	379	4	373	376101	377222	2.21e-139	437
CDF87902.1	NC_001148.4	60.125	321	315	1	315	163597	162635	1.37e-133	417
CDF87903.1	NC_001139.9	48.343	664	580	7	580	377627	379579	2.54e-141	451
CDF87904.1	NC_001139.9	60.819	513	538	20	531	381322	379793	0.0	641
CDF87906.1	NC_001148.4	63.728	794	834	50	799	159921	162278	0.0	1032
CDF87907.1	NC_001148.4	42.393	585	574	4	572	157854	159587	5.38e-145	462
CDF87907.1	NC_001140.6	28.571	532	574	11	511	21819	23303	4.42e-40	155
CDF87909.1	NC_001134.8	38.339	313	279	4	245	369648	368719	2.42e-56	194
CDF87911.1	NC_001136.10	78.797	316	314	5	312	546675	547622	2.77e-175	536
CDF87912.1	NC_001136.10	86.364	110	110	1	110	548310	547981	2.09e-65	211
CDF87913.1	NC_001139.9	41.270	567	484	1	484	830515	832194	1.37e-118	382
CDF87914.1	NC_001139.9	65.217	115	125	11	125	832813	833154	1.14e-43	150
CDF87916.1	NC_001142.9	43.820	267	1165	907	1165	399740	398940	5.97e-70	257
CDF87917.1	NC_001139.9	52.618	401	400	3	394	835885	834710	4.04e-138	434
CDF87917.1	NC_001136.10	34.737	380	400	11	378	388589	387597	6.60e-58	203
CDF87917.1	NC_001147.6	32.668	401	400	4	395	204261	203179	9.74e-54	191
CDF87918.1	NC_001142.9	33.077	260	329	78	314	398143	397364	1.23e-42	156
CDF87919.1	NC_001139.9	51.852	81	91	1	81	836665	836423	1.75e-16	71.2
CDF87920.1	NC_001136.10	50.998	551	506	1	506	1059627	1061228	1.90e-146	463
CDF87921.1	NC_001140.6	39.833	359	330	2	330	177993	176968	2.03e-61	210
CDF87922.1	NC_001136.10	76.960	421	416	2	415	1062773	1061511	0.0	685
CDF87922.1	NC_001140.6	65.403	422	416	1	416	175548	176813	0.0	580
CDF87923.1	NC_001136.10	62.125	1365	1339	1	1338	1063352	1067413	0.0	1800
CDF87924.1	NC_001136.10	67.157	204	215	15	215	1067776	1068387	9.74e-88	281
CDF87926.1	NC_001136.10	44.740	903	810	3	810	1071389	1068732	0.0	707
CDF87926.1	NC_001140.6	25.189	925	810	3	810	217834	215186	1.06e-51	195
CDF87927.1	NC_001136.10	66.038	212	208	7	208	1072518	1071883	1.07e-88	283
CDF87927.1	NC_001136.10	56.442	163	208	27	189	768997	768515	8.71e-55	186
CDF87927.1	NC_001140.6	57.576	198	208	1	188	218843	218250	1.31e-74	243
CDF87927.1	NC_001145.3	54.545	165	208	25	189	111059	111547	5.69e-49	169
CDF87927.1	NC_001144.5	47.150	193	208	28	201	573199	572621	2.07e-47	165
CDF87927.1	NC_001142.9	38.636	220	208	16	204	491072	491710	4.75e-31	118
CDF87928.1	NC_001140.6	51.178	297	263	3	263	219875	219000	1.33e-84	274
CDF87929.1	NC_001140.6	51.938	129	123	1	121	220108	220494	2.05e-40	140
CDF87930.1	NC_001136.10	52.083	192	190	13	183	1073336	1072761	7.85e-62	205
CDF87931.1	NC_001136.10	63.115	366	399	54	399	1074835	1073738	1.10e-155	484
CDF87932.1	NC_001136.10	33.283	664	660	22	641	1075883	1077850	2.47e-101	339
CDF87932.1	NC_001136.10	27.179	585	660	118	660	290299	291996	3.97e-43	166
CDF87932.1	NC_001136.10	25.000	664	660	51	660	287212	289158	4.15e-39	154
CDF87932.1	NC_001133.9	26.387	595	660	115	658	108101	106386	8.41e-27	115
CDF87932.1	NC_001147.6	25.595	504	660	190	659	916690	918150	2.99e-26	114
CDF87932.1	NC_001139.9	24.745	392	660	115	471	897955	899073	8.85e-15	77.0
CDF87932.1	NC_001142.9	22.410	473	660	194	640	699948	698560	6.27e-12	67.8
CDF87933.1	NC_001136.10	72.857	140	144	1	140	1078449	1078030	1.18e-58	194
CDF87934.1	NC_001140.6	46.012	163	157	4	155	220764	221252	3.66e-37	133
CDF87935.1	NC_001136.10	34.426	366	368	4	318	1080154	1079069	3.90e-43	159
CDF87935.1	NC_001140.6	32.571	350	368	4	325	222445	221546	2.97e-26	109
CDF87936.1	NC_001140.6	64.138	290	280	1	275	223758	222889	1.27e-111	352
CDF87937.1	NC_001136.10	49.907	537	949	471	917	1082726	1081143	5.41e-157	511
CDF87938.1	NC_001140.6	58.760	371	371	1	368	225169	224057	2.00e-149	465
CDF87939.1	NC_001140.6	73.432	542	542	1	542	227141	225528	0.0	825
CDF87939.1	NC_001137.3	29.978	457	542	3	455	364592	365923	3.99e-58	208
CDF87939.1	NC_001137.3	25.967	543	542	5	534	94728	96182	1.93e-33	134
CDF87939.1	NC_001133.9	30.435	460	542	3	455	141428	140100	1.71e-56	203
CDF87939.1	NC_001144.5	30.803	461	542	3	455	97482	96154	2.93e-56	203
CDF87939.1	NC_001144.5	25.726	482	542	1	458	859627	861003	5.39e-35	139
CDF87939.1	NC_001142.9	29.847	459	542	5	457	381480	382802	3.16e-56	202
CDF87939.1	NC_001142.9	27.137	468	542	5	458	521509	520190	4.70e-35	139
CDF87940.1	NC_001136.10	64.929	633	622	1	604	1085065	1086960	0.0	822
CDF87941.1	NC_001140.6	78.614	505	496	1	495	229043	227538	0.0	807
CDF87941.1	NC_001140.6	42.233	412	496	75	471	442181	443413	5.84e-88	294
CDF87941.1	NC_001144.5	39.674	368	496	66	422	132389	133483	2.61e-76	260
CDF87941.1	NC_001144.5	31.905	420	496	70	420	696791	695550	5.61e-46	171
CDF87941.1	NC_001145.3	37.592	407	496	35	428	851603	850386	8.09e-74	253
CDF87941.1	NC_001147.6	36.272	397	496	57	435	723277	724464	3.11e-71	245
CDF87941.1	NC_001147.6	33.570	423	496	16	420	415796	414588	2.08e-51	187
CDF87941.1	NC_001148.4	35.903	454	496	51	480	325871	324534	4.02e-69	239
CDF87942.1	NC_001140.6	66.106	416	424	1	388	229335	230579	3.35e-176	545
CDF87942.1	NC_001136.10	66.106	416	424	1	387	1087581	1088825	3.76e-176	545
CDF87943.1	NC_001136.10	43.878	294	283	1	283	1090079	1089222	9.45e-80	261
CDF87944.1	NC_001136.10	46.609	693	648	1	645	1092511	1090463	4.89e-180	566
CDF87945.1	NC_001140.6	36.299	281	266	2	264	230970	231806	1.91e-58	199
CDF87946.1	NC_001136.10	43.369	279	275	1	272	1093586	1092753	1.28e-70	234
CDF87947.1	NC_001140.6	82.552	384	387	1	384	232133	233284	0.0	691
CDF87948.1	NC_001136.10	62.000	450	446	1	436	1093793	1095097	0.0	572
CDF87949.1	NC_001140.6	76.087	368	359	1	359	234658	233582	0.0	566
CDF87950.1	NC_001140.6	62.124	499	484	1	481	234881	236377	0.0	627
CDF87951.1	NC_001140.6	40.237	169	192	22	185	237091	237582	5.88e-35	128
CDF87952.1	NC_001143.9	63.218	174	171	2	171	307300	307821	1.21e-69	227
CDF87953.1	NC_001145.3	43.564	202	204	1	200	379586	380191	1.24e-45	159
CDF87954.1	NC_001145.3	48.613	757	778	32	760	382631	380409	0.0	676
CDF87954.1	NC_001143.9	44.935	770	778	32	777	299624	301873	0.0	645
CDF87955.1	NC_001145.3	65.625	896	877	1	877	383303	385972	0.0	1209
CDF87955.1	NC_001147.6	47.587	891	877	4	873	830562	828106	0.0	803
CDF87956.1	NC_001143.9	46.882	834	896	1	825	296430	298877	0.0	762
CDF87956.1	NC_001137.3	23.946	664	896	21	669	364589	366355	7.81e-35	143
CDF87956.1	NC_001137.3	24.314	547	896	23	556	94725	96233	6.09e-21	98.2
CDF87956.1	NC_001133.9	24.729	554	896	21	563	141431	139890	3.77e-34	140
CDF87956.1	NC_001144.5	24.865	555	896	20	563	97488	95944	6.03e-34	140
CDF87956.1	NC_001144.5	25.603	539	896	24	548	859639	861159	1.42e-23	106
CDF87956.1	NC_001134.8	24.957	581	896	9	563	86511	84904	9.09e-34	139
CDF87956.1	NC_001134.8	27.244	312	896	174	474	575576	574698	1.14e-21	100
CDF87957.1	NC_001143.9	32.030	537	502	6	498	296187	294634	3.35e-58	207
CDF87958.1	NC_001134.8	74.667	300	299	2	299	163940	163044	4.09e-149	461
CDF87958.1	NC_001134.8	73.000	300	299	2	299	416007	416903	1.12e-147	457
CDF87958.1	NC_001134.8	25.249	301	299	4	293	784542	783679	5.02e-13	68.2
CDF87958.1	NC_001134.8	22.857	315	299	4	295	607871	608752	1.72e-11	63.5
CDF87958.1	NC_001145.3	75.000	296	299	2	295	388217	387330	1.19e-147	457
CDF87958.1	NC_001148.4	29.333	300	299	1	282	583991	583110	3.34e-30	119
CDF87958.1	NC_001148.4	23.427	286	299	4	281	601773	600955	4.10e-18	83.6
CDF87958.1	NC_001148.4	21.254	287	299	5	283	299473	298634	1.68e-16	78.6
CDF87958.1	NC_001140.6	25.325	308	299	10	275	108923	109819	1.96e-21	93.2
CDF87958.1	NC_001137.3	27.208	283	299	12	282	144459	145280	8.58e-19	85.5
CDF87958.1	NC_001137.3	28.804	184	299	116	291	144456	144998	1.01e-13	70.5
CDF87959.1	NC_001145.3	63.050	636	646	2	635	388843	390726	0.0	834
CDF87959.1	NC_001138.5	46.955	624	646	9	614	49166	51001	7.33e-180	565
CDF87959.1	NC_001136.10	27.156	545	646	36	512	1461428	1459875	2.51e-42	164
CDF87960.1	NC_001143.9	61.486	444	438	12	438	294254	292959	2.31e-167	520
CDF87961.1	NC_001143.9	61.995	371	395	20	390	291510	292619	1.01e-146	459
CDF87962.1	NC_001145.3	41.049	324	310	7	310	392503	391535	1.31e-72	242
CDF87963.1	NC_001145.3	64.435	672	651	1	649	392755	394764	0.0	905
CDF87964.1	NC_001145.3	76.644	441	436	1	436	396379	395057	0.0	695
CDF87965.1	NC_001136.10	67.358	530	598	4	530	1508017	1509606	0.0	767
CDF87965.1	NC_001136.10	29.921	508	598	20	502	13204	11747	2.88e-51	189
CDF87965.1	NC_001136.10	29.207	517	598	33	531	1161107	1159641	6.22e-47	177
CDF87965.1	NC_001136.10	29.207	517	598	33	531	1155715	1154249	6.46e-47	176
CDF87965.1	NC_001136.10	29.167	504	598	33	521	1164456	1162993	1.62e-46	175
CDF87965.1	NC_001136.10	28.753	473	598	33	494	111889	113277	2.01e-45	172
CDF87965.1	NC_001136.10	29.487	468	598	33	487	213666	215036	1.24e-42	164
CDF87965.1	NC_001136.10	25.208	480	598	29	484	1445206	1443830	1.02e-28	121
CDF87965.1	NC_001136.10	24.717	530	598	34	499	1249686	1248157	2.07e-26	114
CDF87965.1	NC_001136.10	23.617	470	598	26	481	102999	101659	4.23e-24	106
CDF87965.1	NC_001136.10	23.355	471	598	42	484	6318	7664	5.60e-14	74.3
CDF87965.1	NC_001137.3	29.609	537	598	20	531	23084	21570	1.24e-54	199
CDF87965.1	NC_001146.8	29.423	537	598	20	531	772804	774318	4.42e-54	198
CDF87965.1	NC_001146.8	27.027	481	598	33	484	40134	38719	7.98e-39	152
CDF87965.1	NC_001144.5	29.532	491	598	32	502	290440	291855	1.69e-50	187
CDF87965.1	NC_001142.9	29.528	508	598	20	502	732596	734053	5.09e-50	186
CDF87965.1	NC_001142.9	28.346	508	598	42	531	27127	28572	4.87e-43	165
CDF87965.1	NC_001142.9	26.214	515	598	28	521	19668	21167	9.44e-41	158
CDF87965.1	NC_001142.9	23.260	503	598	42	503	739483	738041	2.59e-14	75.5
CDF87966.1	NC_001136.10	63.396	530	659	100	629	1508032	1509621	0.0	727
CDF87966.1	NC_001136.10	28.222	613	659	1	596	13360	11747	7.32e-53	196
CDF87966.1	NC_001136.10	29.039	489	659	126	596	1161110	1159695	2.23e-46	176
CDF87966.1	NC_001136.10	29.039	489	659	126	596	1155718	1154303	2.23e-46	176
CDF87966.1	NC_001136.10	25.285	526	659	121	634	111874	113406	3.64e-43	166
CDF87966.1	NC_001136.10	27.475	495	659	117	596	1164477	1163044	5.93e-42	163
CDF87966.1	NC_001136.10	27.197	478	659	130	581	213681	215036	6.59e-40	156
CDF87966.1	NC_001136.10	26.305	479	659	125	578	1445191	1443830	4.72e-34	138
CDF87966.1	NC_001136.10	22.553	470	659	117	575	102999	101659	6.12e-20	94.0
CDF87966.1	NC_001136.10	23.355	471	659	133	578	6318	7664	7.58e-20	93.6
CDF87966.1	NC_001136.10	27.755	245	659	125	362	1249686	1249009	1.01e-16	83.6
CDF87966.1	NC_001137.3	30.258	542	659	75	596	23159	21627	6.47e-57	208
CDF87966.1	NC_001146.8	29.131	587	659	30	596	772663	774261	2.64e-56	206
CDF87966.1	NC_001146.8	24.729	554	659	63	585	40329	38698	5.26e-36	144
CDF87966.1	NC_001142.9	27.896	613	659	1	596	732440	734053	1.29e-51	192
CDF87966.1	NC_001142.9	27.291	491	659	133	608	27127	28548	4.32e-41	160
CDF87966.1	NC_001142.9	27.038	503	659	115	596	19671	21116	2.58e-40	158
CDF87966.1	NC_001142.9	23.062	503	659	133	597	739483	738041	5.33e-20	94.0
CDF87966.1	NC_001144.5	28.286	601	659	13	596	290197	291855	4.91e-51	190
CDF87967.1	NC_001143.9	56.042	662	683	39	682	289082	290992	0.0	755
CDF87967.1	NC_001143.9	35.460	674	683	40	682	600904	602781	1.57e-109	363
CDF87967.1	NC_001139.9	38.973	662	683	40	682	283661	281784	1.77e-134	436
CDF87967.1	NC_001137.3	36.141	653	683	39	682	180284	182113	3.83e-128	417
CDF87967.1	NC_001146.8	37.009	662	683	40	673	646284	644416	5.00e-120	394
CDF87967.1	NC_001144.5	28.378	666	683	40	638	960237	962126	3.12e-65	233
CDF87968.1	NC_001145.3	42.918	233	229	11	229	397107	397793	5.78e-47	164
CDF87968.1	NC_001147.6	30.588	170	229	14	173	288949	289440	1.93e-12	64.7
CDF87969.1	NC_001145.3	34.320	507	509	8	504	399726	401207	1.51e-93	310
CDF87970.1	NC_001143.9	31.797	651	660	15	641	286669	288534	2.95e-87	298
CDF87970.1	NC_001134.8	27.536	414	660	70	442	102189	103343	3.46e-34	139
CDF87970.1	NC_001148.4	25.526	333	660	69	358	258853	257864	5.03e-26	113
CDF87970.1	NC_001148.4	26.611	357	660	20	357	816765	815764	1.06e-20	96.3
CDF87970.1	NC_001139.9	26.299	308	660	69	371	85338	86231	1.04e-24	109
CDF87970.1	NC_001137.3	28.533	368	660	184	523	38604	37579	4.93e-19	90.9
CDF87970.1	NC_001137.3	28.704	108	660	69	168	39276	38962	1.54e-11	66.6
CDF87971.1	NC_001143.9	78.827	392	392	1	392	285030	286205	0.0	666
CDF87972.1	NC_001148.4	57.831	415	409	1	409	464401	465645	9.47e-154	479
CDF87972.1	NC_001143.9	59.538	346	409	69	409	283415	284452	1.09e-128	407
CDF87972.1	NC_001139.9	36.715	207	409	13	215	903149	902529	1.09e-36	141
CDF87973.1	NC_001143.9	55.120	459	447	1	441	282329	281058	7.86e-123	392
CDF87974.1	NC_001145.3	35.249	905	879	11	877	401580	404219	2.69e-158	513
CDF87975.1	NC_001145.3	40.000	435	413	1	413	405573	404326	3.09e-79	265
CDF87976.1	NC_001145.3	49.537	432	399	1	390	406304	407557	2.88e-115	369
CDF87977.1	NC_001143.9	58.879	107	109	7	109	280524	280838	5.61e-39	136
CDF87978.1	NC_001143.9	79.154	331	333	1	330	279123	280115	2.99e-168	517
CDF87978.1	NC_001136.10	48.387	341	333	15	330	316394	315378	2.82e-81	268
CDF87978.1	NC_001147.6	41.274	361	333	19	330	82878	81811	2.28e-65	222
CDF87979.1	NC_001143.9	60.317	126	127	1	123	278281	278655	2.75e-44	152
CDF87980.1	NC_001140.6	74.633	477	466	1	466	114917	113502	0.0	725
CDF87980.1	NC_001137.3	41.702	235	466	234	466	195810	196511	3.48e-56	200
CDF87980.1	NC_001137.3	44.898	98	466	3	98	195414	195701	2.08e-12	68.6
CDF87981.1	NC_001143.9	61.574	216	260	59	260	277839	277192	2.17e-86	279
CDF87981.1	NC_001133.9	35.294	187	260	98	258	69315	68761	8.26e-22	93.2
CDF87982.1	NC_001140.6	80.000	95	95	1	95	115901	115623	2.35e-48	162
CDF87983.1	NC_001143.9	69.286	280	452	130	401	275985	276809	4.20e-126	402
CDF87983.1	NC_001143.9	38.710	248	452	178	385	577400	576681	1.48e-53	192
CDF87983.1	NC_001147.6	51.145	131	452	256	385	428564	428172	1.50e-42	160
CDF87983.1	NC_001147.6	41.772	79	452	175	253	429062	428847	9.51e-12	66.2
CDF87985.1	NC_001143.9	38.988	336	384	4	330	421210	420254	1.21e-64	222
CDF87985.1	NC_001141.2	28.418	373	384	4	359	397297	398340	3.53e-24	103
CDF87986.1	NC_001141.2	75.449	167	167	1	167	398733	399233	1.49e-84	269
CDF87987.1	NC_001143.9	50.853	586	567	5	567	418313	420058	0.0	577
CDF87988.1	NC_001143.9	92.982	171	171	1	171	418023	417511	9.02e-105	327
CDF87989.1	NC_001141.2	63.556	568	1032	299	855	400494	402191	0.0	753
CDF87989.1	NC_001141.2	37.143	175	1032	29	201	399900	400385	9.43e-20	94.7
CDF87990.1	NC_001141.2	31.707	205	225	24	225	403386	402844	4.27e-15	72.4
CDF87991.1	NC_001143.9	36.665	1781	1681	9	1679	416895	411628	0.0	1080
CDF87992.1	NC_001143.9	60.992	605	826	158	722	409162	410958	0.0	727
CDF87992.1	NC_001143.9	51.546	97	826	727	823	411187	411477	4.67e-24	107
CDF87992.1	NC_001143.9	40.714	140	826	29	161	408592	408969	7.59e-24	107
CDF87993.1	NC_001143.9	72.414	174	174	1	174	407989	407468	1.52e-85	272
CDF87994.1	NC_001148.4	66.125	369	369	1	369	919378	920484	3.09e-163	505
CDF87996.1	NC_001141.2	70.513	234	274	41	274	424513	423812	1.42e-103	329
CDF87997.1	NC_001138.5	57.121	639	663	15	630	22742	20937	0.0	608
CDF87997.1	NC_001144.5	30.000	320	663	331	612	50610	51560	4.76e-38	151
CDF87998.1	NC_001138.5	85.618	591	591	1	591	23423	25195	0.0	1029
CDF87998.1	NC_001145.3	44.444	603	591	1	588	133475	135223	1.16e-147	470
CDF87999.1	NC_001147.6	50.079	629	627	2	627	1074225	1076069	0.0	620
CDF87999.1	NC_001148.4	53.791	422	627	49	470	16715	15483	4.25e-167	451
CDF87999.1	NC_001148.4	49.650	143	627	486	627	15499	15071	4.25e-167	155
CDF88000.1	NC_001148.4	61.765	340	338	1	335	381965	382978	2.68e-143	446
CDF88000.1	NC_001146.8	30.395	329	338	11	329	17179	16235	7.61e-34	130
CDF88000.1	NC_001136.10	31.003	329	338	11	329	18635	17691	1.04e-33	130
CDF88000.1	NC_001142.9	31.722	331	338	11	329	727210	728154	9.07e-33	127
CDF88000.1	NC_001135.5	28.909	339	338	2	329	313917	314894	6.83e-30	119
CDF88001.1	NC_001135.5	47.236	832	822	1	819	310967	313441	0.0	719
CDF88001.1	NC_001144.5	30.202	841	822	2	814	35192	32700	7.25e-117	390
CDF88001.1	NC_001147.6	45.665	173	822	14	179	2629	2120	1.31e-33	139
CDF88001.1	NC_001147.6	22.560	625	822	187	766	1022465	1020696	3.50e-11	65.9
CDF88002.1	NC_001147.6	64.052	153	150	1	150	1059531	1059989	4.29e-34	124
CDF88008.1	NC_001144.5	61.497	374	406	30	403	26892	25771	2.31e-161	501
CDF88009.1	NC_001140.6	36.765	340	319	1	319	379199	378234	7.46e-47	168
CDF88009.1	NC_001146.8	37.413	286	319	41	319	336758	337606	9.92e-43	156
CDF88012.1	NC_001139.9	48.054	514	519	2	504	894131	892602	1.36e-153	484
CDF88012.1	NC_001142.9	43.478	506	519	41	514	462736	464247	8.99e-129	412
CDF88014.1	NC_001134.8	65.291	533	582	50	581	786841	788427	0.0	654
CDF88014.1	NC_001145.3	28.200	461	582	57	491	445033	443708	2.49e-43	165
CDF88014.1	NC_001143.9	24.468	470	582	6	447	660500	659151	3.66e-24	106
CDF88014.1	NC_001135.5	23.733	434	582	46	447	9373	10647	4.89e-21	96.7
CDF88014.1	NC_001148.4	22.880	507	582	89	554	934103	935569	1.83e-18	88.6
CDF88015.1	NC_001138.5	78.819	491	555	37	527	17130	18602	0.0	823
CDF88015.1	NC_001137.3	34.357	521	555	43	548	33217	31697	3.03e-85	288
CDF88015.1	NC_001146.8	32.710	535	555	4	526	138760	140343	2.28e-84	285
CDF88015.1	NC_001146.8	35.569	492	555	43	518	137466	136000	1.55e-79	271
CDF88015.1	NC_001143.9	34.211	494	555	40	519	515309	516787	3.38e-81	276
CDF88015.1	NC_001139.9	33.789	512	555	25	516	880633	882135	1.13e-79	272
CDF88017.1	NC_001147.6	48.544	515	550	36	550	9222	10763	1.49e-162	511
CDF88017.1	NC_001141.2	41.410	553	550	8	550	32587	30941	2.52e-138	441
CDF88017.1	NC_001139.9	20.964	477	550	78	550	1012725	1014086	1.70e-25	110
CDF88017.1	NC_001139.9	19.348	491	550	54	524	619609	618176	1.13e-15	79.3
CDF88017.1	NC_001144.5	22.103	561	550	10	550	159520	157937	9.70e-22	99.0
CDF88017.1	NC_001133.9	20.571	525	550	25	525	8833	7313	8.40e-19	89.4
CDF88018.1	NC_001135.5	27.990	393	397	35	395	305485	304373	1.02e-20	93.6
CDF88018.1	NC_001144.5	30.342	234	397	32	255	1060890	1060204	9.08e-19	87.4
CDF88018.1	NC_001146.8	28.692	237	397	32	255	373584	372898	1.07e-17	84.3
CDF88018.1	NC_001134.8	26.592	267	397	33	295	331511	330789	2.87e-11	64.3
CDF88020.1	NC_001140.6	29.934	304	540	138	437	454403	455242	7.01e-27	114
CDF88021.1	NC_001140.6	35.825	709	717	2	705	74232	72187	4.85e-132	430
CDF88022.1	NC_001141.2	51.792	558	567	15	567	37421	38980	0.0	578
CDF88023.1	NC_001136.10	59.012	344	343	2	343	1520689	1519667	2.59e-132	415
CDF88023.1	NC_001147.6	57.849	344	343	1	343	43694	44719	2.71e-131	412
CDF88023.1	NC_001139.9	53.550	338	343	3	338	209024	210031	2.82e-116	369
CDF88023.1	NC_001139.9	52.047	342	343	3	342	423982	425001	3.50e-110	351
CDF88024.1	NC_001139.9	60.305	393	398	6	398	20996	22105	1.54e-155	484
CDF88024.1	NC_001144.5	31.308	428	398	24	398	404041	402797	3.14e-59	207
CDF88026.1	NC_001146.8	58.514	323	316	5	316	724291	723359	4.21e-103	330
CDF88027.1	NC_001146.8	78.309	272	506	1	272	723112	722297	1.49e-144	457
CDF88027.1	NC_001146.8	89.340	197	506	271	467	721770	721180	5.32e-118	381
CDF88027.1	NC_001137.3	31.650	297	506	207	468	163200	164087	8.65e-35	138
CDF88027.1	NC_001139.9	30.814	172	506	316	474	315639	316154	4.24e-18	86.7
CDF88028.1	NC_001146.8	57.500	440	417	1	417	720647	719352	1.54e-152	476
CDF88029.1	NC_001146.8	61.688	154	413	1	153	718327	717866	3.37e-60	210
CDF88029.1	NC_001146.8	50.532	188	413	236	413	717343	716783	4.28e-43	160
CDF88030.1	NC_001135.5	51.913	366	350	1	350	289258	288173	6.33e-114	362
CDF88031.1	NC_001146.8	81.614	446	446	1	446	715388	714051	0.0	767
CDF88032.1	NC_001146.8	43.396	212	215	1	208	713643	713041	5.53e-31	118
CDF88033.1	NC_001135.5	63.342	371	393	24	393	286822	287934	1.43e-167	518
CDF88033.1	NC_001146.8	59.299	371	393	22	391	711690	712802	6.97e-155	482
CDF88033.1	NC_001146.8	39.286	364	393	22	372	32088	33176	2.84e-81	270
CDF88034.1	NC_001135.5	60.583	2093	2071	7	2070	280153	286407	0.0	2526
CDF88035.1	NC_001135.5	51.957	1022	1006	1	1001	279820	276773	0.0	1040
CDF88035.1	NC_001136.10	25.636	944	1006	85	963	642997	640340	1.52e-62	232
CDF88035.1	NC_001136.10	31.343	268	1006	719	960	180056	180859	1.48e-36	149
CDF88035.1	NC_001147.6	27.682	578	1006	417	956	148357	149997	2.68e-51	196
CDF88035.1	NC_001140.6	24.526	950	1006	109	959	349775	352444	2.69e-44	174
CDF88035.1	NC_001138.5	26.238	606	1006	400	971	136377	134689	5.80e-34	140
CDF88036.1	NC_001146.8	56.147	789	840	97	840	708979	711201	0.0	806
CDF88036.1	NC_001146.8	37.791	344	840	442	743	333650	334672	2.90e-65	237
CDF88036.1	NC_001146.8	25.000	320	840	370	663	70370	71218	1.77e-19	93.2
CDF88036.1	NC_001146.8	25.902	305	840	442	727	681638	680748	3.57e-19	92.0
CDF88036.1	NC_001146.8	26.667	225	840	456	673	294156	293545	6.49e-14	75.1
CDF88036.1	NC_001135.5	67.241	464	840	378	839	275187	276545	0.0	645
CDF88036.1	NC_001135.5	28.231	294	840	448	727	79240	80028	2.17e-28	122
CDF88036.1	NC_001135.5	27.184	309	840	442	743	243484	242594	1.15e-21	100
CDF88036.1	NC_001135.5	30.380	237	840	447	672	129430	130083	2.12e-17	86.3
CDF88036.1	NC_001142.9	32.127	442	840	361	796	111132	109969	1.75e-59	219
CDF88036.1	NC_001142.9	29.963	267	840	418	676	179095	178385	5.96e-20	94.7
CDF88036.1	NC_001142.9	26.199	271	840	441	694	250774	251508	1.24e-16	84.0
CDF88036.1	NC_001142.9	24.138	261	840	447	699	149271	148570	8.03e-15	77.8
CDF88036.1	NC_001142.9	24.296	284	840	422	677	221504	222286	1.13e-12	70.9
CDF88036.1	NC_001143.9	37.742	310	840	436	738	135462	134617	2.26e-58	216
CDF88036.1	NC_001143.9	38.562	306	840	442	744	206745	207581	3.18e-58	216
CDF88036.1	NC_001143.9	22.989	435	840	410	783	249073	250278	1.08e-23	107
CDF88036.1	NC_001143.9	30.279	251	840	489	708	348644	347946	8.50e-14	74.7
CDF88036.1	NC_001143.9	26.446	242	840	440	677	183498	184142	3.93e-13	72.4
CDF88036.1	NC_001143.9	25.076	331	840	375	663	222492	221566	1.85e-12	70.1
CDF88036.1	NC_001145.3	39.145	304	840	442	742	474424	473594	3.02e-58	216
CDF88036.1	NC_001145.3	27.273	308	840	435	740	270914	270099	1.40e-31	132
CDF88036.1	NC_001145.3	27.037	270	840	448	672	852762	853532	2.39e-18	89.4
CDF88036.1	NC_001145.3	26.316	247	840	441	677	546236	546886	7.39e-12	68.2
CDF88037.1	NC_001146.8	70.370	135	133	1	133	707788	708192	3.78e-60	197
CDF88038.1	NC_001146.8	35.608	469	427	9	420	706187	707584	1.25e-77	261
CDF88039.1	NC_001135.5	53.039	181	181	2	181	272857	272318	9.71e-57	190
CDF88041.1	NC_001135.5	58.092	346	668	1	340	265068	266069	3.18e-103	345
CDF88041.1	NC_001135.5	44.656	262	668	426	666	266106	266837	1.88e-28	121
CDF88043.1	NC_001135.5	86.154	65	195	1	65	264467	264273	2.61e-35	129
CDF88044.1	NC_001135.5	51.099	182	177	1	168	263392	263937	5.02e-59	197
CDF88045.1	NC_001135.5	64.078	721	678	1	661	262452	260320	0.0	850
CDF88045.1	NC_001135.5	28.105	306	678	394	658	241791	240931	8.14e-20	93.6
CDF88045.1	NC_001135.5	35.455	110	678	395	503	241140	240814	2.75e-14	75.5
CDF88045.1	NC_001135.5	27.500	160	678	397	554	222181	221723	4.06e-14	75.1
CDF88045.1	NC_001135.5	23.711	291	678	407	658	241878	241057	6.60e-14	74.3
CDF88045.1	NC_001135.5	24.390	246	678	317	552	241524	240814	2.59e-13	72.4
CDF88045.1	NC_001135.5	27.189	217	678	430	643	241938	241336	1.02e-11	67.4
CDF88045.1	NC_001134.8	31.395	172	678	395	564	616816	616325	1.37e-22	102
CDF88045.1	NC_001134.8	24.731	279	678	400	659	617104	616349	1.60e-19	92.4
CDF88045.1	NC_001134.8	24.898	245	678	398	628	582588	583286	1.96e-15	79.3
CDF88045.1	NC_001148.4	33.537	164	678	395	553	893259	893726	1.73e-20	95.9
CDF88045.1	NC_001148.4	26.484	219	678	395	608	893133	893726	3.82e-17	84.7
CDF88045.1	NC_001148.4	26.452	310	678	394	656	267115	266255	1.96e-14	76.3
CDF88045.1	NC_001138.5	29.646	226	678	399	608	117303	117938	5.17e-20	94.4
CDF88045.1	NC_001138.5	26.238	202	678	395	578	117741	118313	2.10e-12	69.3
CDF88045.1	NC_001144.5	25.267	281	678	394	656	400950	401711	5.85e-19	90.9
CDF88045.1	NC_001144.5	26.168	214	678	405	607	580418	579840	3.05e-14	75.5
CDF88045.1	NC_001144.5	29.167	168	678	407	553	991065	991547	5.31e-12	68.2
CDF88045.1	NC_001144.5	23.418	158	678	395	552	580292	579840	6.63e-12	67.8
CDF88046.1	NC_001146.8	74.688	320	364	45	364	701503	700544	1.52e-162	503
CDF88047.1	NC_001146.8	33.735	249	271	2	248	699729	700418	9.21e-43	154
CDF88048.1	NC_001135.5	58.333	120	121	1	119	259596	259955	1.21e-42	147
CDF88048.1	NC_001144.5	46.535	101	121	20	120	232010	231708	5.54e-28	105
CDF88048.1	NC_001139.9	41.176	119	121	3	120	913263	912919	7.76e-27	102
CDF88049.1	NC_001135.5	39.844	128	124	1	124	258883	259266	4.42e-27	103
CDF88050.1	NC_001142.9	39.864	587	580	25	577	80158	81897	2.24e-141	451
CDF88050.1	NC_001134.8	37.333	525	580	66	575	269260	267731	1.40e-118	385
CDF88051.1	NC_001135.5	47.614	922	878	1	877	176438	173829	0.0	779
CDF88052.1	NC_001142.9	31.873	251	230	35	224	82841	82107	1.93e-18	82.4
CDF88053.1	NC_001135.5	74.118	85	129	1	85	173440	173186	7.09e-41	142
CDF88053.1	NC_001135.5	54.795	73	129	60	129	173186	172968	4.60e-17	74.7
CDF88054.1	NC_001142.9	58.120	117	115	4	112	83454	83801	3.72e-33	120
CDF88055.1	NC_001135.5	71.397	451	511	33	483	172355	171003	0.0	705
CDF88055.1	NC_001133.9	29.327	416	511	36	443	8632	7421	5.82e-51	186
CDF88055.1	NC_001139.9	27.105	487	511	36	504	619504	618110	5.64e-41	157
CDF88055.1	NC_001139.9	21.193	486	511	36	496	1012728	1014071	3.82e-18	87.0
CDF88055.1	NC_001142.9	25.000	232	511	29	252	719867	720553	6.40e-13	70.5
CDF88055.1	NC_001141.2	21.967	478	511	31	481	32371	30983	4.76e-12	67.4
CDF88056.1	NC_001142.9	51.054	427	419	6	419	84065	85330	3.41e-142	447
CDF88057.1	NC_001142.9	31.921	708	852	16	703	486202	484175	8.70e-94	323
CDF88057.1	NC_001142.9	28.863	343	852	91	428	85876	86841	7.06e-36	146
CDF88058.1	NC_001142.9	55.247	324	322	1	321	88560	87589	1.51e-107	343
CDF88059.1	NC_001142.9	62.963	108	111	3	110	88790	89113	5.21e-45	153
CDF88060.1	NC_001142.9	46.947	262	262	13	262	90061	89285	4.80e-77	252
CDF88062.1	NC_001141.2	82.828	99	129	14	112	256552	256256	3.43e-51	172
CDF88062.1	NC_001137.3	82.292	96	129	14	109	269749	269462	1.64e-49	167
CDF88063.1	NC_001137.3	68.307	508	511	11	511	268032	266515	0.0	716
CDF88063.1	NC_001137.3	64.612	503	511	11	511	274648	276150	0.0	682
CDF88063.1	NC_001137.3	68.387	465	511	48	511	276767	278161	0.0	674
CDF88063.1	NC_001139.9	29.730	518	511	46	511	152581	151040	2.06e-52	191
CDF88064.1	NC_001141.2	52.675	243	252	13	252	260188	260916	8.31e-81	263
CDF88065.1	NC_001141.2	74.090	1154	1140	1	1138	261437	264883	0.0	1733
CDF88065.1	NC_001133.9	30.690	1072	1140	150	1136	99151	95978	7.69e-137	459
CDF88065.1	NC_001137.3	28.924	892	1140	263	1023	513938	516592	1.01e-103	360
CDF88065.1	NC_001136.10	29.651	887	1140	263	1023	632611	635259	4.77e-100	349
CDF88065.1	NC_001136.10	23.114	822	1140	194	948	530484	528205	3.94e-20	95.9
CDF88065.1	NC_001136.10	23.114	822	1140	194	948	534369	532090	4.07e-20	95.9
CDF88065.1	NC_001136.10	23.677	756	1140	256	948	538059	535975	1.15e-19	94.4
CDF88065.1	NC_001145.3	32.609	460	1140	679	1111	580831	579467	2.29e-55	211
CDF88065.1	NC_001145.3	30.293	307	1140	245	520	583072	582158	3.90e-30	129
CDF88065.1	NC_001145.3	30.097	206	1140	62	256	583837	583235	2.71e-14	77.0
CDF88066.1	NC_001141.2	53.710	903	843	1	842	267823	265121	0.0	969
CDF88067.1	NC_001137.3	75.758	297	297	1	297	265785	264895	1.87e-151	468
CDF88068.1	NC_001141.2	68.833	600	600	23	598	268768	270561	0.0	852
CDF88068.1	NC_001138.5	25.306	490	600	151	561	116916	118337	2.15e-28	120
CDF88068.1	NC_001135.5	29.358	327	600	256	553	241983	241027	7.19e-26	112
CDF88068.1	NC_001135.5	25.524	286	600	288	540	261093	260338	5.39e-14	74.3
CDF88068.1	NC_001135.5	30.049	203	600	271	446	261024	260419	6.08e-14	74.3
CDF88068.1	NC_001135.5	28.750	160	600	291	443	222280	221801	1.60e-13	72.8
CDF88068.1	NC_001135.5	27.778	198	600	265	451	222235	221687	4.06e-13	71.6
CDF88068.1	NC_001142.9	25.781	256	600	315	545	206484	207212	8.40e-21	96.3
CDF88068.1	NC_001142.9	33.871	124	600	285	405	207018	207386	1.13e-13	73.2
CDF88068.1	NC_001142.9	23.592	284	600	272	502	206604	207446	2.07e-13	72.4
CDF88068.1	NC_001134.8	27.083	288	600	283	543	617110	616352	1.14e-20	95.9
CDF88068.1	NC_001134.8	39.683	126	600	272	390	616720	616343	8.51e-15	77.0
CDF88068.1	NC_001134.8	26.425	193	600	269	447	616855	616277	1.29e-12	69.7
CDF88068.1	NC_001134.8	30.286	175	600	277	439	616957	616448	7.10e-12	67.4
CDF88069.1	NC_001137.3	39.687	383	385	100	385	263194	262064	1.89e-73	247
CDF88069.1	NC_001141.2	42.331	163	385	227	381	272232	272705	9.38e-39	146
CDF88069.1	NC_001141.2	32.240	183	385	47	187	271308	271856	6.49e-15	75.5
CDF88070.1	NC_001137.3	72.876	306	307	3	307	259636	258740	1.26e-150	466
CDF88070.1	NC_001142.9	42.617	298	307	11	306	578166	577282	6.36e-71	237
CDF88070.1	NC_001142.9	25.087	287	307	24	298	160730	161542	2.75e-17	81.3
CDF88070.1	NC_001143.9	24.910	277	307	34	298	533353	532571	5.68e-16	77.4
CDF88070.1	NC_001148.4	22.526	293	307	23	298	601755	600925	3.89e-15	74.7
CDF88070.1	NC_001134.8	25.342	292	307	1	280	784572	783742	6.20e-14	71.2
CDF88070.1	NC_001134.8	24.590	183	307	39	201	608234	608779	4.81e-11	62.4
CDF88071.1	NC_001141.2	44.762	315	262	2	262	273840	272953	2.37e-66	221
CDF88071.1	NC_001136.10	41.333	75	262	4	78	52152	51931	1.43e-15	75.1
CDF88071.1	NC_001136.10	36.364	121	262	16	132	1488453	1488094	1.50e-15	75.1
CDF88071.1	NC_001146.8	41.071	56	262	18	73	259208	259044	1.35e-11	63.2
CDF88072.1	NC_001146.8	32.323	99	189	20	118	417293	417003	3.12e-14	68.9
CDF88072.1	NC_001145.3	38.462	78	189	21	98	167038	166808	3.63e-11	60.1
CDF88073.1	NC_001137.3	80.739	514	516	4	514	257925	256384	0.0	864
CDF88074.1	NC_001141.2	62.500	256	285	32	285	274842	274075	8.81e-112	353
CDF88074.1	NC_001145.3	39.223	283	285	3	285	21591	20764	1.11e-60	206
CDF88074.1	NC_001145.3	40.072	277	285	9	285	95231	94434	8.79e-60	204
CDF88074.1	NC_001143.9	31.818	264	285	30	285	166664	167449	1.51e-36	137
CDF88075.1	NC_001137.3	47.071	495	467	2	461	254668	256125	6.52e-151	474
CDF88076.1	NC_001137.3	56.034	116	166	33	148	254318	253974	1.78e-39	140
CDF88077.1	NC_001141.2	55.446	303	347	1	302	276525	277433	5.34e-108	345
CDF88078.1	NC_001137.3	68.289	637	616	1	616	251728	253635	0.0	910
CDF88079.1	NC_001137.3	65.882	85	91	2	86	250730	250984	9.42e-33	117
CDF88081.1	NC_001137.3	72.265	393	399	1	389	248157	246997	0.0	573
CDF88081.1	NC_001141.2	34.651	430	399	1	386	363221	364510	1.65e-70	239
CDF88081.1	NC_001146.8	56.164	73	399	1	73	507097	506882	7.59e-17	81.6
CDF88081.1	NC_001146.8	44.737	76	399	1	76	481391	481618	5.68e-15	75.9
CDF88081.1	NC_001146.8	47.887	71	399	1	71	619565	619362	2.44e-13	70.9
CDF88081.1	NC_001146.8	50.000	66	399	4	68	222428	222231	6.54e-12	66.2
CDF88081.1	NC_001144.5	36.842	95	399	8	99	320731	320979	8.55e-11	62.8
CDF88082.1	NC_001141.2	56.198	484	479	3	479	278438	279844	0.0	561
CDF88085.1	NC_001141.2	66.102	472	807	1	465	282652	281264	7.44e-171	546
CDF88085.1	NC_001148.4	35.417	336	807	1	333	690107	690955	5.05e-45	174
CDF88087.1	NC_001137.3	44.262	122	163	10	116	243222	243581	7.00e-29	110
CDF88088.1	NC_001141.2	45.970	335	319	48	318	286308	287306	7.69e-74	246
CDF88088.1	NC_001137.3	37.500	208	319	41	223	241363	240755	7.60e-30	118
CDF88088.1	NC_001137.3	48.624	109	319	214	307	240361	240035	2.61e-25	105
CDF88089.1	NC_001137.3	24.352	386	355	8	343	239623	238484	2.84e-18	85.1
CDF88090.1	NC_001141.2	77.717	368	376	1	368	288908	287805	0.0	591
CDF88090.1	NC_001147.6	52.078	361	376	6	364	441579	442538	3.32e-112	358
CDF88090.1	NC_001147.6	30.392	204	376	166	367	79050	78481	3.22e-24	103
CDF88090.1	NC_001147.6	27.778	252	376	38	271	129765	130403	1.22e-20	92.8
CDF88090.1	NC_001147.6	25.455	165	376	125	283	246197	246667	9.38e-12	65.5
CDF88090.1	NC_001147.6	28.082	146	376	125	265	776155	776583	7.14e-11	62.8
CDF88090.1	NC_001148.4	28.614	339	376	34	363	492932	492045	3.88e-32	127
CDF88090.1	NC_001148.4	26.685	356	376	40	364	866245	865322	3.20e-30	121
CDF88090.1	NC_001148.4	25.215	349	376	39	372	666388	667317	2.55e-27	112
CDF88090.1	NC_001148.4	29.279	222	376	161	363	473942	473319	1.97e-16	80.1
CDF88090.1	NC_001148.4	25.610	246	376	125	365	285752	285117	4.56e-13	69.7
CDF88090.1	NC_001144.5	30.165	242	376	125	365	371839	372531	7.24e-29	117
CDF88090.1	NC_001144.5	28.111	217	376	150	363	333187	333720	1.01e-14	74.7
CDF88090.1	NC_001134.8	29.080	337	376	40	364	560099	560965	2.06e-28	115
CDF88090.1	NC_001134.8	24.211	380	376	12	364	192412	193380	2.35e-24	103
CDF88091.1	NC_001141.2	61.538	286	276	3	276	290086	289229	4.39e-109	345
CDF88092.1	NC_001137.3	70.946	148	148	1	148	238016	237573	5.43e-70	226
CDF88093.1	NC_001141.2	64.169	427	444	6	432	291648	290425	6.33e-177	548
CDF88094.1	NC_001138.5	63.967	852	827	13	825	229413	231935	0.0	1056
CDF88094.1	NC_001147.6	38.704	571	827	180	748	885006	886508	2.63e-116	388
CDF88094.1	NC_001147.6	38.139	548	827	188	728	857993	856533	3.94e-104	353
CDF88094.1	NC_001147.6	32.237	152	827	592	741	696861	697313	1.13e-15	80.5
CDF88094.1	NC_001134.8	39.895	574	827	196	755	710963	709458	5.12e-111	373
CDF88094.1	NC_001134.8	28.037	535	827	221	719	384138	385541	6.23e-51	193
CDF88094.1	NC_001134.8	26.544	599	827	199	708	467797	469512	4.12e-40	159
CDF88094.1	NC_001137.3	34.648	583	827	190	749	506490	508013	4.28e-93	320
CDF88094.1	NC_001148.4	33.394	551	827	199	722	400270	398741	6.44e-70	251
CDF88095.1	NC_001138.5	60.830	554	547	22	547	229117	227516	0.0	677
CDF88095.1	NC_001142.9	29.412	391	547	64	442	93642	92587	1.40e-44	168
CDF88096.1	NC_001141.2	50.442	339	353	24	349	310369	309398	1.76e-86	283
CDF88097.1	NC_001141.2	44.231	208	203	1	203	309171	308605	1.48e-50	174
CDF88098.1	NC_001141.2	46.713	1156	1073	1	1072	307929	304495	0.0	968
CDF88099.1	NC_001141.2	50.000	140	140	1	139	304104	303685	6.18e-39	137
CDF88101.1	NC_001141.2	43.294	1342	1299	1	1294	300009	296068	0.0	998
CDF88102.1	NC_001141.2	36.467	968	1015	47	939	292732	295416	2.60e-152	500
CDF88105.1	NC_001141.2	82.704	318	310	1	310	312905	313858	1.74e-174	534
CDF88105.1	NC_001148.4	25.763	295	310	7	254	746715	745864	1.32e-19	88.2
CDF88106.1	NC_001141.2	45.808	334	296	1	293	315099	316079	6.28e-78	256
CDF88107.1	NC_001138.5	54.167	72	435	365	434	225229	225023	2.66e-13	70.9
CDF88108.1	NC_001138.5	51.724	145	128	1	128	224763	224329	4.93e-31	114
CDF88109.1	NC_001138.5	88.000	50	59	1	50	223437	223288	9.55e-25	93.2
CDF88110.1	NC_001138.5	48.276	87	359	6	88	222902	222642	1.33e-15	77.0
CDF88110.1	NC_001138.5	37.864	103	359	194	293	222575	222273	2.33e-12	67.0
CDF88111.1	NC_001138.5	92.490	253	254	2	254	221268	220510	5.08e-148	455
CDF88111.1	NC_001141.2	92.490	253	254	2	254	317171	317929	5.08e-148	455
CDF88111.1	NC_001137.3	30.374	214	254	28	214	60401	59808	1.64e-16	77.4
CDF88112.1	NC_001138.5	62.222	1170	1170	1	1170	220106	216597	0.0	1443
CDF88112.1	NC_001138.5	24.226	743	1170	523	1169	121013	123082	4.68e-26	115
CDF88112.1	NC_001142.9	23.016	756	1170	498	1167	301325	299223	3.09e-29	125
CDF88112.1	NC_001144.5	41.772	79	1170	1077	1155	306191	306424	1.11e-15	81.6
CDF88113.1	NC_001138.5	61.244	1045	1037	1	1037	213318	216416	0.0	1337
CDF88113.1	NC_001140.6	26.000	450	1037	635	1037	191299	192615	6.99e-22	101
CDF88113.1	NC_001148.4	21.256	414	1037	656	1037	659869	661050	5.37e-16	82.4
CDF88114.1	NC_001141.2	48.875	933	897	1	894	320965	318209	0.0	798
CDF88115.1	NC_001141.2	48.421	95	159	65	159	321646	321930	1.20e-19	83.2
CDF88116.1	NC_001141.2	51.836	463	534	3	455	322360	323739	2.78e-150	475
CDF88116.1	NC_001141.2	34.343	396	534	40	414	431913	430762	2.10e-52	191
CDF88116.1	NC_001144.5	37.472	451	534	38	432	387980	386664	4.43e-76	261
CDF88116.1	NC_001144.5	37.530	421	534	20	432	390141	388957	1.40e-72	250
CDF88116.1	NC_001136.10	34.641	459	534	23	432	745909	744566	2.99e-72	249
CDF88116.1	NC_001136.10	28.462	260	534	188	419	1173531	1172758	2.90e-13	71.6
CDF88116.1	NC_001148.4	23.896	385	534	16	388	260727	259720	2.02e-16	81.6
CDF88117.1	NC_001134.8	61.017	236	237	1	233	728102	727395	5.38e-98	311
CDF88118.1	NC_001141.2	61.432	433	434	23	434	378495	379778	0.0	562
CDF88119.1	NC_001141.2	49.117	283	321	13	287	378240	377425	1.08e-82	271
CDF88120.1	NC_001134.8	73.737	99	121	22	120	726917	726621	8.04e-46	156
CDF88121.1	NC_001134.8	43.265	245	619	398	619	725803	726537	9.61e-59	212
CDF88121.1	NC_001134.8	55.263	190	619	32	218	724525	725079	1.16e-58	212
CDF88122.1	NC_001134.8	66.111	180	175	1	175	724263	723739	1.36e-76	247
CDF88123.1	NC_001141.2	37.414	580	488	1	487	375431	377143	9.81e-83	278
CDF88124.1	NC_001134.8	51.220	123	114	1	113	723270	723626	1.64e-31	115
CDF88125.1	NC_001134.8	79.856	139	142	4	142	722635	723051	1.03e-70	228
CDF88126.1	NC_001134.8	76.948	308	307	1	307	721390	722310	1.61e-160	494
CDF88127.1	NC_001148.4	41.667	96	254	139	234	679672	679950	8.27e-17	78.6
CDF88128.1	NC_001137.3	75.334	673	752	79	747	191506	189548	0.0	1023
CDF88128.1	NC_001137.3	31.907	257	752	284	514	244694	243984	8.47e-24	106
CDF88128.1	NC_001145.3	62.500	624	752	125	748	447486	445681	0.0	784
CDF88128.1	NC_001148.4	41.060	453	752	277	720	611303	612574	3.45e-102	344
CDF88128.1	NC_001148.4	35.145	276	752	254	518	887528	886782	1.53e-31	131
CDF88128.1	NC_001148.4	33.068	251	752	278	514	417152	417853	2.83e-29	124
CDF88128.1	NC_001139.9	40.856	257	752	282	537	410854	410117	2.27e-52	196
CDF88128.1	NC_001139.9	35.798	257	752	278	528	1028585	1029316	5.28e-40	158
CDF88128.1	NC_001139.9	32.377	244	752	279	519	542455	543138	9.23e-28	119
CDF88128.1	NC_001143.9	39.394	264	752	282	544	174828	175586	9.88e-52	194
CDF88128.1	NC_001143.9	35.366	246	752	274	514	71804	71100	5.60e-34	139
CDF88129.1	NC_001137.3	51.961	306	270	2	270	188283	189191	6.39e-101	321
CDF88130.1	NC_001137.3	52.227	741	718	8	718	184556	186772	0.0	768
CDF88130.1	NC_001145.3	30.719	612	718	116	692	760053	761831	2.00e-54	202
CDF88130.1	NC_001147.6	27.953	601	718	128	692	909628	911388	2.19e-50	189
CDF88130.1	NC_001141.2	28.073	602	718	129	692	339632	341368	4.95e-48	182
CDF88131.1	NC_001141.2	52.778	108	100	1	97	374525	374848	1.36e-33	120
CDF88132.1	NC_001137.3	51.371	547	537	1	536	182600	184216	8.65e-163	511
CDF88133.1	NC_001137.3	63.699	1157	1120	1	1120	178841	182275	0.0	1507
CDF88133.1	NC_001139.9	50.619	646	1120	455	1080	283670	281742	0.0	636
CDF88133.1	NC_001143.9	47.434	643	1120	451	1076	600883	602811	0.0	593
CDF88133.1	NC_001143.9	37.424	660	1120	455	1085	289076	291049	2.41e-130	439
CDF88133.1	NC_001146.8	42.688	677	1120	435	1081	646353	644338	1.90e-165	542
CDF88133.1	NC_001144.5	29.830	647	1120	452	1023	960213	962126	7.24e-70	256
CDF88134.1	NC_001137.3	83.590	195	195	1	195	177835	178419	2.48e-110	344
CDF88134.1	NC_001142.9	26.582	158	195	5	162	435345	435803	9.47e-12	62.0
CDF88135.1	NC_001141.2	70.500	400	418	13	412	374297	373101	0.0	617
CDF88136.1	NC_001141.2	51.197	752	732	1	722	370704	372932	0.0	780
CDF88137.1	NC_001147.6	52.747	91	397	17	105	342360	342088	2.57e-25	107
CDF88138.1	NC_001148.4	66.370	562	599	10	555	49324	50979	0.0	727
CDF88139.1	NC_001141.2	62.112	161	246	83	243	335038	335520	2.03e-67	224
CDF88140.1	NC_001148.4	72.152	474	447	1	445	52671	51250	0.0	719
CDF88140.1	NC_001147.6	27.202	511	447	1	444	211995	210526	4.79e-48	176
CDF88140.1	NC_001140.6	25.956	366	447	164	442	68777	67743	2.03e-25	108
CDF88141.1	NC_001141.2	51.087	92	168	1	87	336212	335937	3.89e-32	79.0
CDF88141.1	NC_001141.2	41.573	89	168	84	167	335947	335681	3.89e-32	74.7
CDF88142.1	NC_001141.2	50.746	67	80	7	69	173592	173392	3.60e-13	61.2
CDF88143.1	NC_001143.9	50.781	256	255	1	252	161601	162329	1.32e-62	211
CDF88144.1	NC_001143.9	53.355	611	703	69	671	161228	159555	0.0	642
CDF88145.1	NC_001140.6	96.296	81	82	2	82	148116	147874	1.43e-48	162
CDF88145.1	NC_001143.9	95.062	81	82	2	82	158967	159209	6.00e-48	160
CDF88146.1	NC_001140.6	51.756	1965	1922	28	1918	151675	157434	0.0	1910
CDF88146.1	NC_001147.6	34.397	1003	1922	37	981	925745	928687	1.54e-153	528
CDF88146.1	NC_001133.9	38.633	761	1922	86	797	92087	89838	1.34e-144	500
CDF88146.1	NC_001145.3	33.989	712	1922	87	751	486653	488692	3.68e-105	376
CDF88146.1	NC_001143.9	33.381	704	1922	87	751	200101	198062	6.57e-104	372
CDF88147.1	NC_001140.6	74.743	487	485	1	485	159192	157747	0.0	743
CDF88147.1	NC_001144.5	28.806	427	485	2	418	493230	491977	2.22e-44	166
CDF88147.1	NC_001134.8	25.747	435	485	8	422	135465	134251	1.04e-18	88.6
CDF88148.1	NC_001140.6	45.742	728	751	1	712	274174	276147	1.93e-165	528
CDF88149.1	NC_001136.10	54.916	712	696	1	687	1135431	1133296	0.0	751
CDF88150.1	NC_001140.6	54.103	329	316	1	312	276764	277750	8.58e-108	343
CDF88151.1	NC_001147.6	37.714	175	164	1	164	804377	804901	1.84e-31	117
CDF88152.1	NC_001147.6	58.673	663	660	1	652	807023	805047	0.0	776
CDF88153.1	NC_001148.4	66.391	604	596	1	596	230838	229045	0.0	832
CDF88154.1	NC_001147.6	38.075	239	296	1	223	807271	807981	1.94e-41	151
CDF88155.1	NC_001148.4	67.105	152	150	1	150	228314	228769	1.76e-65	214
CDF88156.1	NC_001147.6	50.256	782	784	24	784	810551	808266	0.0	773
CDF88156.1	NC_001148.4	44.459	785	784	8	782	218348	216042	0.0	731
CDF88156.1	NC_001142.9	22.814	469	784	121	533	658425	657070	2.02e-15	79.7
CDF88157.1	NC_001148.4	65.837	442	449	7	448	218748	220070	0.0	638
CDF88158.1	NC_001148.4	23.425	619	684	87	641	222104	220293	6.80e-24	106
CDF88158.1	NC_001148.4	36.242	149	684	2	142	222731	222285	1.80e-18	89.4
CDF88159.1	NC_001147.6	78.824	170	173	5	173	810981	811490	7.01e-85	270
CDF88159.1	NC_001134.8	37.584	149	173	23	171	458368	457925	1.61e-27	106
CDF88159.1	NC_001139.9	31.579	133	173	41	167	306590	306988	5.88e-12	61.6
CDF88160.1	NC_001141.2	57.692	130	146	12	141	258235	257846	1.12e-45	157
CDF88160.1	NC_001137.3	56.604	106	146	36	141	271057	270740	7.72e-39	137
CDF88161.1	NC_001148.4	73.043	115	115	1	115	876629	876285	1.88e-56	186
CDF88162.1	NC_001148.4	74.771	218	215	4	215	875344	875994	1.08e-100	318
CDF88162.1	NC_001146.8	53.476	187	215	7	193	456559	457110	5.32e-59	198
CDF88162.1	NC_001146.8	41.121	214	215	17	189	300637	299996	2.75e-44	156
CDF88162.1	NC_001146.8	27.778	198	215	6	200	449874	450440	8.11e-17	77.4
CDF88162.1	NC_001146.8	32.919	161	215	28	186	440504	440064	5.92e-15	71.6
CDF88162.1	NC_001141.2	44.541	229	215	8	215	139776	140444	5.37e-59	198
CDF88162.1	NC_001144.5	47.739	199	215	17	215	604775	604215	2.55e-53	182
CDF88162.1	NC_001144.5	29.670	182	215	9	187	668882	668376	9.98e-19	82.8
CDF88162.1	NC_001144.5	29.915	117	215	17	132	721391	721044	3.62e-12	63.5
CDF88162.1	NC_001143.9	47.701	174	215	17	189	548435	548932	2.12e-48	168
CDF88162.1	NC_001143.9	30.516	213	215	12	198	466074	465442	5.44e-18	80.5
CDF88163.1	NC_001134.8	42.994	1149	1135	16	1109	101985	105158	0.0	774
CDF88163.1	NC_001137.3	41.750	400	1135	253	642	38625	37483	5.55e-67	247
CDF88163.1	NC_001137.3	46.561	189	1135	44	217	39432	38890	1.60e-37	152
CDF88163.1	NC_001139.9	28.998	469	1135	93	549	85341	86537	1.90e-45	178
CDF88163.1	NC_001148.4	32.419	401	1135	40	431	816780	815752	3.44e-42	168
CDF88163.1	NC_001148.4	32.172	373	1135	93	430	258850	257858	2.61e-40	162
CDF88163.1	NC_001143.9	26.042	384	1135	75	432	286759	287700	1.44e-18	90.9
CDF88164.1	NC_001134.8	60.637	597	668	15	586	107388	105652	0.0	686
CDF88164.1	NC_001137.3	43.017	358	668	76	429	352100	353158	4.79e-78	271
CDF88164.1	NC_001136.10	29.290	338	668	231	533	97083	96091	1.04e-31	131
CDF88165.1	NC_001141.2	37.275	389	496	7	316	177235	176069	4.91e-71	244
CDF88166.1	NC_001146.8	49.515	206	203	1	201	559838	560455	3.12e-63	210
CDF88167.1	NC_001141.2	41.948	503	608	102	601	178253	179641	4.87e-115	377
CDF88168.1	NC_001141.2	32.927	164	157	5	156	180221	179778	1.10e-19	83.2
CDF88169.1	NC_001144.5	52.869	244	246	1	244	730825	731547	1.02e-80	262
CDF88170.1	NC_001147.6	54.463	1210	1180	4	1179	693717	697331	0.0	1327
CDF88170.1	NC_001147.6	34.532	139	1180	1023	1160	856946	856533	7.89e-18	88.6
CDF88170.1	NC_001147.6	33.058	121	1180	1023	1141	886035	886391	3.46e-16	83.2
CDF88170.1	NC_001134.8	29.252	735	1180	474	1174	467713	469611	7.21e-74	270
CDF88170.1	NC_001134.8	24.808	391	1180	471	845	711050	710082	1.02e-22	104
CDF88170.1	NC_001134.8	34.146	123	1180	1020	1141	709991	709626	1.79e-14	77.4
CDF88170.1	NC_001144.5	27.626	695	1180	522	1155	206566	208440	5.94e-72	263
CDF88170.1	NC_001144.5	25.886	367	1180	524	855	632196	631153	2.41e-18	90.1
CDF88170.1	NC_001148.4	27.901	362	1180	495	841	400291	399344	5.57e-30	128
CDF88170.1	NC_001136.10	26.276	392	1180	471	840	1137903	1138925	7.65e-27	118
CDF88170.1	NC_001136.10	28.758	153	1180	1020	1170	1139712	1140167	3.26e-18	89.7
CDF88171.1	NC_001144.5	63.953	430	443	13	442	728994	730283	0.0	607
CDF88171.1	NC_001147.6	57.611	427	443	16	442	690746	692026	2.11e-177	549
CDF88171.1	NC_001136.10	39.189	444	443	37	435	979089	977770	4.13e-87	289
CDF88172.1	NC_001147.6	37.333	75	89	1	72	689624	689842	2.15e-14	65.1
CDF88173.1	NC_001147.6	44.735	1149	1112	15	1112	685893	689177	0.0	810
CDF88174.1	NC_001144.5	67.586	580	613	38	613	726309	728048	0.0	803
CDF88175.1	NC_001147.6	86.009	436	446	14	445	684030	685337	0.0	784
CDF88175.1	NC_001134.8	30.998	471	446	30	444	477614	478987	5.18e-49	179
CDF88175.1	NC_001148.4	31.027	448	446	53	444	700600	701910	2.81e-47	173
CDF88175.1	NC_001136.10	29.395	347	446	55	360	809095	810090	3.42e-27	114
CDF88175.1	NC_001143.9	26.590	346	446	56	360	598395	597367	1.10e-24	106
CDF88176.1	NC_001144.5	48.341	211	195	1	195	725416	724784	1.16e-53	182
CDF88179.1	NC_001144.5	51.969	127	118	1	117	722373	722002	4.39e-28	105
CDF88181.1	NC_001139.9	75.714	70	182	8	77	95888	96097	2.27e-35	129
CDF88181.1	NC_001139.9	40.152	132	182	12	140	432957	432598	3.62e-23	94.4
CDF88181.1	NC_001137.3	68.831	77	182	8	84	211846	211616	5.05e-30	114
CDF88181.1	NC_001137.3	50.877	57	182	12	67	421288	421124	6.10e-11	58.9
CDF88181.1	NC_001143.9	50.877	57	182	11	66	324935	325099	4.48e-13	65.1
CDF88181.1	NC_001136.10	37.273	110	182	12	116	895338	895655	1.97e-12	63.5
CDF88181.1	NC_001136.10	45.000	60	182	12	71	542856	542677	1.61e-11	60.8
CDF88181.1	NC_001145.3	54.902	51	182	12	62	104951	105097	2.85e-12	62.8
CDF88182.1	NC_001137.3	56.510	384	294	2	294	210127	208982	1.54e-129	404
CDF88182.1	NC_001139.9	59.790	286	294	30	294	97722	98576	7.48e-104	331
CDF88183.1	NC_001141.2	57.193	285	299	8	290	126228	127070	1.57e-99	318
CDF88183.1	NC_001141.2	26.891	238	299	6	236	421793	421110	7.60e-12	64.7
CDF88183.1	NC_001141.2	27.888	251	299	9	242	422859	422140	1.36e-11	63.9
CDF88183.1	NC_001145.3	34.715	193	299	8	191	722360	721788	2.27e-21	93.2
CDF88183.1	NC_001136.10	29.902	204	299	6	201	255709	256305	2.70e-13	68.9
CDF88184.1	NC_001139.9	78.958	1036	1027	1	1027	98969	102073	0.0	1644
CDF88185.1	NC_001139.9	83.769	1645	1648	1	1644	107504	102570	0.0	2854
CDF88186.1	NC_001139.9	69.332	763	760	1	760	108158	110401	0.0	1099
CDF88187.1	NC_001148.4	54.016	635	1156	528	1156	78495	76672	0.0	683
CDF88187.1	NC_001145.3	35.972	581	1156	578	1156	647724	649277	1.69e-99	348
CDF88187.1	NC_001139.9	28.767	219	1156	693	900	690950	691600	2.01e-18	90.5
CDF88187.1	NC_001147.6	23.625	309	1156	623	879	457208	456300	1.88e-11	67.4
CDF88188.1	NC_001145.3	34.758	351	351	4	331	645671	646684	5.77e-52	184
CDF88189.1	NC_001148.4	39.068	901	769	1	766	82356	79726	3.96e-180	572
CDF88190.1	NC_001145.3	56.280	1258	1292	96	1277	644727	641005	0.0	1295
CDF88190.1	NC_001136.10	22.781	338	1292	556	883	171720	170758	8.32e-14	75.5
CDF88190.1	NC_001134.8	21.127	426	1292	497	879	692602	693855	6.97e-12	69.3
CDF88191.1	NC_001133.9	64.837	583	625	7	584	9010	7280	0.0	800
CDF88191.1	NC_001139.9	39.372	541	625	58	589	619750	618131	1.39e-125	408
CDF88191.1	NC_001139.9	23.265	533	625	78	606	1012557	1014071	3.76e-15	78.2
CDF88191.1	NC_001135.5	31.042	451	625	130	565	172367	171045	2.63e-57	208
CDF88191.1	NC_001141.2	21.285	498	625	61	539	32557	31127	1.90e-20	95.1
CDF88191.1	NC_001147.6	19.588	485	625	93	548	9207	10604	4.55e-14	74.7
CDF88192.1	NC_001145.3	70.463	1036	1021	1	1021	637500	640598	0.0	1535
CDF88193.1	NC_001148.4	53.591	543	507	1	507	84196	82631	3.59e-172	537
CDF88194.1	NC_001145.3	68.240	233	232	1	231	637004	636306	2.72e-104	329
CDF88195.1	NC_001148.4	52.612	268	325	22	286	85315	84530	1.91e-80	265
CDF88196.1	NC_001148.4	71.041	442	429	1	426	85610	86935	0.0	649
CDF88197.1	NC_001148.4	59.443	323	332	7	321	88015	87047	1.28e-123	389
CDF88198.1	NC_001148.4	51.852	594	584	2	582	88526	90307	0.0	604
CDF88199.1	NC_001145.3	34.642	433	434	6	432	635954	634707	1.45e-74	253
CDF88200.1	NC_001148.4	47.801	1569	1563	1	1561	95109	90643	0.0	1448
CDF88201.1	NC_001148.4	31.301	246	252	12	241	96151	95417	2.72e-27	108
CDF88203.1	NC_001145.3	41.099	983	908	1	901	629049	631964	0.0	634
CDF88204.1	NC_001148.4	57.143	210	207	1	204	99484	100077	8.30e-74	240
CDF88205.1	NC_001148.4	76.389	288	284	1	284	100496	101350	2.05e-126	395
CDF88206.1	NC_001145.3	34.272	213	199	4	195	628204	628770	6.53e-29	111
CDF88207.1	NC_001148.4	61.290	341	370	16	355	102666	101653	3.36e-142	444
CDF88207.1	NC_001134.8	27.714	350	370	26	367	360106	359228	1.72e-26	110
CDF88207.1	NC_001141.2	26.667	345	370	26	368	183979	184833	5.44e-25	105
CDF88207.1	NC_001146.8	27.168	346	370	26	368	597497	596640	4.84e-24	102
CDF88207.1	NC_001139.9	37.879	132	370	202	330	164581	164204	1.97e-14	73.6
CDF88208.1	NC_001148.4	87.898	471	461	1	461	103232	104644	0.0	845
CDF88208.1	NC_001136.10	41.892	444	461	19	446	841923	840607	3.64e-106	345
CDF88209.1	NC_001148.4	91.558	154	159	4	157	105413	104952	1.83e-87	277
CDF88209.1	NC_001137.3	56.688	157	159	1	157	100769	101233	8.49e-52	175
CDF88210.1	NC_001148.4	39.713	209	193	2	192	106190	106816	1.62e-37	135
CDF88211.1	NC_001145.3	68.531	286	298	1	283	627808	626969	3.98e-123	386
CDF88211.1	NC_001148.4	70.144	278	298	1	275	107275	108078	3.23e-121	381
CDF88212.1	NC_001143.9	65.891	258	258	1	258	305114	305881	1.29e-110	348
CDF88213.1	NC_001136.10	66.713	1445	1494	43	1487	466093	470388	0.0	2085
CDF88213.1	NC_001136.10	38.728	1384	1494	113	1475	1279621	1283757	0.0	1029
CDF88213.1	NC_001136.10	20.906	684	1494	157	782	1281907	1283772	6.37e-24	108
CDF88213.1	NC_001146.8	62.684	1423	1494	74	1493	765249	769472	0.0	1910
CDF88213.1	NC_001148.4	42.703	1480	1494	34	1492	450269	445926	0.0	1217
CDF88213.1	NC_001147.6	39.040	1396	1494	113	1475	620221	624342	0.0	1025
CDF88213.1	NC_001147.6	37.798	1426	1494	113	1475	932214	936467	0.0	984
CDF88213.1	NC_001147.6	35.997	1364	1494	160	1475	349823	353785	0.0	833
CDF88213.1	NC_001147.6	24.390	984	1494	170	1108	193380	190684	2.31e-58	222
CDF88213.1	NC_001147.6	24.767	537	1494	851	1355	193452	191899	9.43e-33	138
CDF88213.1	NC_001147.6	25.400	500	1494	153	628	191436	190048	4.39e-28	122
CDF88213.1	NC_001141.2	35.141	1383	1494	160	1478	332298	328297	0.0	828
CDF88213.1	NC_001141.2	23.609	665	1494	157	768	330156	328336	7.70e-23	105
CDF88214.1	NC_001143.9	57.831	166	240	1	166	306211	306705	9.49e-62	207
CDF88214.1	NC_001143.9	47.475	99	240	139	237	306623	306916	1.47e-21	92.0
CDF88215.1	NC_001148.4	80.442	1902	1901	1	1900	108646	114309	0.0	3150
CDF88216.1	NC_001134.8	44.444	207	202	1	197	382030	382650	4.75e-49	169
CDF88217.1	NC_001148.4	48.352	91	129	50	123	117394	117666	5.24e-22	89.0
CDF88217.1	NC_001145.3	48.101	79	129	53	125	623861	623625	9.34e-19	79.3
CDF88218.1	NC_001148.4	70.506	356	423	69	423	118967	120028	1.48e-173	537
CDF88218.1	NC_001145.3	28.270	237	423	178	406	622958	622284	1.77e-15	77.8
CDF88219.1	NC_001148.4	67.881	302	331	37	331	121071	120166	7.50e-137	427
CDF88220.1	NC_001145.3	37.813	759	668	1	640	619858	622065	1.41e-116	383
CDF88221.1	NC_001148.4	75.167	1196	1180	1	1175	121767	125351	0.0	1826
CDF88221.1	NC_001146.8	39.099	954	1180	204	1112	606571	609330	0.0	635
CDF88221.1	NC_001144.5	39.003	923	1180	204	1091	637032	639704	0.0	621
CDF88221.1	NC_001138.5	29.412	425	1180	546	870	163070	164314	4.05e-39	158
CDF88221.1	NC_001138.5	46.575	73	1180	1013	1085	164438	164656	4.91e-16	82.8
CDF88221.1	NC_001138.5	27.863	262	1180	556	810	164093	164803	4.14e-14	76.3
CDF88221.1	NC_001137.3	28.271	428	1180	558	888	224938	223700	3.08e-38	155
CDF88222.1	NC_001145.3	64.599	274	290	17	290	618479	619300	1.64e-126	395
CDF88223.1	NC_001148.4	77.397	146	146	1	146	126006	126443	2.03e-74	239
CDF88224.1	NC_001145.3	52.453	530	507	1	507	616566	618119	3.92e-162	508
CDF88224.1	NC_001148.4	47.647	510	507	1	507	128088	126637	3.32e-140	445
CDF88225.1	NC_001145.3	34.277	1342	1342	25	1301	612001	615942	0.0	713
CDF88228.1	NC_001145.3	32.640	625	622	115	622	606365	608137	9.76e-75	259
CDF88228.1	NC_001147.6	35.354	99	622	521	618	100640	100930	7.43e-15	77.4
CDF88229.1	NC_001148.4	51.580	696	668	1	668	130162	132225	0.0	721
CDF88230.1	NC_001134.8	36.721	610	998	405	972	179658	177946	3.26e-109	373
CDF88231.1	NC_001148.4	63.717	791	792	3	787	133052	135406	0.0	1043
CDF88231.1	NC_001139.9	65.287	749	792	18	755	245791	247983	0.0	998
CDF88231.1	NC_001133.9	39.274	634	792	19	632	45995	47887	5.48e-140	456
CDF88231.1	NC_001147.6	34.918	610	792	24	612	1025395	1023572	2.85e-110	369
CDF88232.1	NC_001139.9	23.958	288	444	75	355	249318	248641	7.54e-15	75.9
CDF88233.1	NC_001139.9	76.019	859	883	7	862	250087	252621	0.0	1393
CDF88233.1	NC_001136.10	27.991	443	883	1	382	198182	196884	9.52e-50	190
CDF88233.1	NC_001136.10	29.130	230	883	51	255	1003505	1002825	8.43e-13	71.2
CDF88233.1	NC_001136.10	26.630	184	883	80	258	709726	710244	5.65e-11	65.5
CDF88233.1	NC_001148.4	29.646	226	883	69	294	267076	266423	7.85e-20	94.4
CDF88233.1	NC_001148.4	33.088	136	883	126	259	267163	266771	2.18e-16	83.2
CDF88233.1	NC_001141.2	25.952	289	883	28	267	269593	270417	5.59e-18	88.2
CDF88233.1	NC_001134.8	30.275	218	883	95	311	616957	616322	3.20e-17	85.9
CDF88234.1	NC_001139.9	68.493	292	309	26	307	253784	252909	4.58e-136	424
CDF88234.1	NC_001134.8	26.692	266	309	38	295	365692	365105	1.03e-17	82.4
CDF88234.1	NC_001135.5	35.915	142	309	16	156	31440	31826	2.53e-13	69.3
CDF88235.1	NC_001148.4	90.783	217	217	1	217	135790	136440	3.25e-121	377
CDF88235.1	NC_001139.9	90.783	217	217	1	217	254641	255291	3.25e-121	377
CDF88236.1	NC_001139.9	36.136	440	486	54	481	255744	256955	1.86e-59	210
CDF88236.1	NC_001148.4	31.635	471	486	54	479	136864	138207	7.35e-53	191
CDF88237.1	NC_001148.4	92.778	180	189	10	189	138867	139406	5.62e-112	349
CDF88237.1	NC_001148.4	29.545	176	189	19	185	459996	460508	5.66e-20	85.5
CDF88237.1	NC_001136.10	35.714	182	189	6	187	116321	116845	8.52e-28	107
CDF88237.1	NC_001136.10	35.714	168	189	20	187	216571	217053	2.32e-27	106
CDF88237.1	NC_001147.6	32.335	167	189	20	186	502837	503319	1.73e-24	98.6
CDF88237.1	NC_001134.8	31.609	174	189	18	189	568393	567893	1.89e-24	98.2
CDF88237.1	NC_001145.3	29.371	143	189	12	148	545170	545598	2.69e-12	63.2
CDF88238.1	NC_001148.4	73.080	1185	1177	1	1165	143171	139665	0.0	1718
CDF88238.1	NC_001136.10	24.206	252	1177	781	1028	343275	343982	2.37e-11	67.4
CDF88239.1	NC_001139.9	50.913	1259	1124	1	1118	257707	261477	0.0	1172
CDF88239.1	NC_001148.4	29.505	1132	1124	1	1067	143821	146988	1.25e-123	419
CDF88240.1	NC_001148.4	71.746	315	335	21	335	147485	148420	4.36e-153	474
CDF88241.1	NC_001148.4	67.647	544	543	1	543	150191	148572	0.0	763
CDF88242.1	NC_001148.4	58.577	239	235	1	235	150614	151327	1.94e-84	272
CDF88243.1	NC_001139.9	38.961	1463	1476	9	1446	265835	261699	0.0	1017
CDF88243.1	NC_001148.4	27.128	188	1476	1084	1269	632310	632786	1.13e-12	72.0
CDF88244.1	NC_001139.9	72.527	455	446	1	446	266157	267521	0.0	704
CDF88245.1	NC_001139.9	50.780	449	440	1	439	269075	267729	5.08e-149	467
CDF88246.1	NC_001148.4	75.152	495	537	1	494	153149	151665	0.0	788
CDF88246.1	NC_001139.9	41.439	403	537	55	455	383603	384727	5.36e-88	295
CDF88247.1	NC_001148.4	87.293	181	181	1	181	153495	154037	3.50e-109	340
CDF88248.1	NC_001148.4	49.604	631	631	1	621	156212	154329	0.0	578
CDF88249.1	NC_001139.9	60.896	491	534	54	533	382998	381529	0.0	609
CDF88249.1	NC_001139.9	25.114	438	534	95	526	361535	360429	1.17e-23	104
CDF88249.1	NC_001139.9	22.715	361	534	145	494	182891	183763	2.46e-13	72.0
CDF88249.1	NC_001146.8	25.420	417	534	141	530	696288	697367	3.31e-20	94.0
CDF88249.1	NC_001140.6	25.670	448	534	83	514	228791	227757	9.82e-19	89.0
CDF88249.1	NC_001138.5	25.053	475	534	70	533	146955	145756	1.21e-18	89.0
CDF88249.1	NC_001147.6	24.036	441	534	111	526	723370	724461	1.43e-18	88.6
CDF88249.1	NC_001147.6	25.000	460	534	83	525	415628	414546	2.28e-17	84.7
CDF88250.1	NC_001148.4	58.445	373	369	8	369	157623	156508	3.87e-132	416
CDF88250.1	NC_001148.4	36.398	261	369	107	362	166451	167227	5.01e-53	187
CDF88250.1	NC_001148.4	29.642	307	369	79	362	263697	262795	1.14e-38	145
CDF88250.1	NC_001148.4	33.463	257	369	108	362	268299	269048	5.19e-38	144
CDF88250.1	NC_001148.4	27.273	286	369	104	368	285962	285105	3.22e-32	127
CDF88250.1	NC_001148.4	29.213	267	369	117	363	288377	287589	1.42e-28	116
CDF88250.1	NC_001148.4	28.622	283	369	110	343	747807	748655	4.05e-27	112
CDF88250.1	NC_001148.4	25.497	302	369	107	364	492929	492039	8.54e-21	93.2
CDF88250.1	NC_001148.4	25.902	305	369	115	362	866233	865325	1.66e-19	89.4
CDF88250.1	NC_001148.4	23.101	316	369	111	362	666391	667290	1.21e-15	77.4
CDF88250.1	NC_001148.4	27.586	174	369	158	321	474092	473574	3.88e-14	72.8
CDF88250.1	NC_001142.9	34.815	270	369	98	362	110940	110137	1.37e-55	195
CDF88250.1	NC_001142.9	33.574	277	369	106	364	179041	178229	3.47e-29	118
CDF88250.1	NC_001142.9	28.364	275	369	114	368	250786	251592	3.59e-28	115
CDF88250.1	NC_001142.9	28.731	268	369	55	305	78083	77313	6.53e-18	84.3
CDF88250.1	NC_001142.9	27.442	215	369	117	321	149268	148642	3.95e-14	72.8
CDF88250.1	NC_001142.9	31.293	147	369	186	308	546801	547232	3.32e-12	66.6
CDF88250.1	NC_001142.9	25.664	226	369	166	356	107670	107026	1.53e-11	64.7
CDF88250.1	NC_001143.9	36.194	268	369	107	369	135456	134665	1.15e-54	192
CDF88250.1	NC_001143.9	31.271	291	369	111	364	249160	250032	1.18e-42	157
CDF88250.1	NC_001143.9	32.700	263	369	104	362	206724	207512	1.77e-41	154
CDF88250.1	NC_001143.9	28.426	197	369	116	309	183519	184103	1.75e-16	80.1
CDF88250.1	NC_001143.9	29.744	195	369	152	309	222147	221563	4.57e-16	78.6
CDF88250.1	NC_001143.9	25.926	216	369	184	362	150378	149734	7.72e-16	78.2
CDF88250.1	NC_001143.9	27.976	168	369	210	356	348434	347931	3.11e-13	70.1
CDF88250.1	NC_001143.9	27.083	144	369	170	302	131980	131549	5.13e-12	66.2
CDF88250.1	NC_001143.9	27.717	184	369	149	310	69485	68946	8.00e-12	65.5
CDF88250.1	NC_001136.10	31.673	281	369	94	359	1433947	1433105	6.31e-47	170
CDF88250.1	NC_001136.10	33.096	281	369	103	364	1465756	1464914	3.67e-45	165
CDF88250.1	NC_001136.10	31.559	263	369	108	369	1412526	1413311	5.57e-41	152
CDF88250.1	NC_001136.10	28.772	285	369	107	364	695045	695899	7.06e-40	149
CDF88250.1	NC_001136.10	32.517	286	369	110	364	1395148	1396005	3.43e-39	147
CDF88250.1	NC_001136.10	31.633	294	369	100	362	281290	280409	2.27e-36	139
CDF88250.1	NC_001136.10	31.915	282	369	109	364	173048	173884	1.47e-24	104
CDF88250.1	NC_001136.10	29.388	245	369	117	352	1486969	1486253	1.51e-22	98.6
CDF88250.1	NC_001136.10	26.182	275	369	114	363	406294	405479	4.02e-20	91.3
CDF88250.1	NC_001136.10	25.893	224	369	162	362	1027766	1027107	1.31e-13	71.2
CDF88250.1	NC_001136.10	24.272	309	369	93	368	402040	401135	3.09e-13	70.1
CDF88250.1	NC_001136.10	22.968	283	369	56	323	75621	74806	3.66e-13	69.7
CDF88250.1	NC_001136.10	27.723	202	369	111	306	267797	268387	5.13e-13	69.3
CDF88250.1	NC_001136.10	24.766	214	369	167	356	956361	956990	4.58e-12	66.2
CDF88250.1	NC_001136.10	29.208	202	369	128	312	313949	313350	2.38e-11	63.9
CDF88250.1	NC_001135.5	34.164	281	369	103	364	79195	80022	1.12e-44	163
CDF88250.1	NC_001135.5	32.646	291	369	101	364	275352	276215	1.44e-42	157
CDF88250.1	NC_001135.5	26.545	275	369	117	364	243466	242648	1.80e-25	107
CDF88250.1	NC_001135.5	31.707	205	369	117	303	129433	130041	1.59e-22	98.2
CDF88251.1	NC_001134.8	53.039	181	178	6	178	366503	365979	2.11e-53	181
CDF88252.1	NC_001136.10	55.752	226	213	1	213	539803	540402	1.38e-81	263
CDF88253.1	NC_001134.8	76.206	311	299	1	299	365719	364790	3.27e-157	484
CDF88253.1	NC_001135.5	41.935	217	299	3	218	31467	32084	4.73e-44	159
CDF88253.1	NC_001139.9	34.545	110	299	9	117	253751	253449	7.08e-11	61.6
CDF88254.1	NC_001136.10	65.093	1080	1050	4	1047	534558	531322	0.0	1472
CDF88254.1	NC_001136.10	64.815	1080	1050	4	1047	530673	527437	0.0	1469
CDF88254.1	NC_001136.10	65.205	1072	1050	12	1047	538419	535207	0.0	1466
CDF88254.1	NC_001139.9	29.278	1011	1050	12	1007	190357	187658	4.10e-114	389
CDF88254.1	NC_001139.9	29.712	451	1050	486	911	487709	488998	4.85e-45	177
CDF88254.1	NC_001139.9	28.371	356	1050	22	371	482435	481512	1.02e-31	133
CDF88254.1	NC_001139.9	30.351	313	1050	486	797	481358	480525	4.40e-28	122
CDF88254.1	NC_001139.9	25.178	421	1050	24	374	486116	487285	4.40e-23	105
CDF88254.1	NC_001148.4	28.371	356	1050	24	371	483167	484084	5.60e-33	137
CDF88254.1	NC_001148.4	28.660	321	1050	476	795	484208	485065	1.66e-27	120
CDF88254.1	NC_001141.2	23.923	673	1050	135	733	262226	264133	1.17e-20	97.4
CDF88254.1	NC_001147.6	23.333	360	1050	30	371	862552	863538	3.00e-11	66.6
CDF88255.1	NC_001136.10	88.276	580	610	3	582	525449	527185	0.0	1054
CDF88255.1	NC_001146.8	32.177	519	610	98	583	488599	490113	2.00e-63	226
CDF88255.1	NC_001134.8	35.758	165	610	42	202	363009	363440	1.74e-20	62.4
CDF88255.1	NC_001134.8	58.696	46	610	3	48	362893	363030	1.74e-20	54.7
CDF88255.1	NC_001134.8	47.009	117	610	451	560	364148	364492	4.66e-20	94.0
CDF88255.1	NC_001134.8	34.872	195	610	418	586	364053	364568	2.73e-14	75.5
CDF88255.1	NC_001144.5	22.704	577	610	23	574	111500	109929	1.37e-16	82.8
CDF88256.1	NC_001134.8	51.730	636	597	1	597	362511	360655	0.0	645
CDF88257.1	NC_001134.8	61.111	576	1001	1	534	360187	358472	0.0	681
CDF88257.1	NC_001134.8	35.740	277	1001	787	1000	357661	356864	1.68e-22	103
CDF88257.1	NC_001141.2	45.938	320	1001	9	327	183934	184863	2.55e-84	298
CDF88257.1	NC_001146.8	38.784	477	1001	9	465	597542	596241	7.36e-82	291
CDF88257.1	NC_001146.8	25.660	265	1001	68	320	70676	71404	1.65e-13	73.9
CDF88257.1	NC_001145.3	28.472	288	1001	36	313	270878	270132	5.03e-18	89.0
CDF88257.1	NC_001140.6	29.304	273	1001	37	300	316605	317354	2.34e-16	83.2
CDF88258.1	NC_001134.8	41.333	75	77	4	75	356554	356330	4.74e-15	66.6
CDF88259.1	NC_001134.8	44.000	75	76	3	74	356554	356330	2.26e-18	75.9
CDF88260.1	NC_001134.8	41.892	74	76	2	73	356554	356333	3.20e-16	69.7
CDF88262.1	NC_001136.10	56.466	464	502	29	491	524602	523238	3.74e-170	531
CDF88263.1	NC_001134.8	57.381	779	765	3	764	356008	353678	0.0	903
CDF88263.1	NC_001136.10	24.068	295	765	314	556	586045	585197	2.72e-12	69.3
CDF88264.1	NC_001134.8	41.848	368	361	1	350	353293	352241	4.88e-73	245
CDF88265.1	NC_001136.10	85.215	372	372	1	372	521816	522925	0.0	671
CDF88265.1	NC_001134.8	61.281	359	372	15	372	717934	716885	6.28e-142	444
CDF88266.1	NC_001134.8	52.321	474	492	25	492	347963	349381	2.18e-172	537
CDF88266.1	NC_001144.5	24.051	316	492	5	301	728994	729887	7.85e-12	66.6
CDF88266.1	NC_001147.6	26.129	310	492	43	333	690857	691732	4.36e-11	64.3
CDF88267.1	NC_001134.8	44.049	899	874	1	864	347301	344626	0.0	748
CDF88268.1	NC_001136.10	64.249	772	722	22	722	512046	509740	0.0	943
CDF88270.1	NC_001136.10	37.002	427	481	51	471	1148761	1147487	3.84e-82	276
CDF88270.1	NC_001140.6	36.693	387	481	38	411	173818	174975	3.45e-78	259
CDF88270.1	NC_001140.6	32.857	70	481	407	476	174962	175171	3.45e-78	51.2
CDF88271.1	NC_001136.10	58.376	197	201	1	197	504695	504108	7.60e-75	243
CDF88271.1	NC_001135.5	52.062	194	201	1	192	120318	119740	1.54e-61	205
CDF88271.1	NC_001134.8	44.608	204	201	1	192	339352	338744	1.81e-48	167
CDF88272.1	NC_001139.9	58.813	1112	1100	1	1098	334465	331136	0.0	1343
CDF88272.1	NC_001147.6	28.804	184	1100	892	1069	181073	180603	1.19e-13	74.7
CDF88273.1	NC_001148.4	51.969	1016	982	1	978	202536	199501	0.0	1068
CDF88274.1	NC_001148.4	57.303	89	87	1	87	199131	199373	3.02e-22	87.4
CDF88275.1	NC_001144.5	38.261	230	202	5	202	73427	74098	2.52e-37	135
CDF88276.1	NC_001143.9	51.155	303	312	9	306	263355	264260	5.31e-104	332
CDF88278.1	NC_001134.8	56.634	309	315	1	308	596115	597041	3.87e-109	347
CDF88278.1	NC_001148.4	55.814	301	315	4	303	383461	384363	5.15e-108	343
CDF88279.1	NC_001148.4	91.906	556	583	1	556	386446	384779	0.0	1085
CDF88280.1	NC_001148.4	31.882	1355	2595	619	1888	387850	391488	1.79e-151	529
CDF88281.1	NC_001134.8	59.608	255	283	30	280	599896	599132	4.32e-109	345
CDF88282.1	NC_001148.4	50.820	854	826	1	826	394038	396569	0.0	884
CDF88282.1	NC_001147.6	24.872	390	826	5	386	841060	840002	7.08e-18	87.8
CDF88283.1	NC_001148.4	47.005	434	439	24	429	398024	396744	3.83e-116	373
CDF88285.1	NC_001134.8	47.610	523	553	1	508	600553	602103	1.08e-147	469
CDF88285.1	NC_001136.10	28.958	259	553	302	552	237914	237240	3.50e-16	81.3
CDF88285.1	NC_001136.10	27.636	275	553	202	473	237368	236652	1.04e-14	76.3
CDF88286.1	NC_001134.8	65.854	246	257	15	256	602736	603467	2.74e-95	304
CDF88288.1	NC_001148.4	72.876	1895	1882	1	1882	404083	398483	0.0	2852
CDF88288.1	NC_001141.2	36.096	543	1882	1260	1797	119312	120811	1.90e-85	311
CDF88288.1	NC_001147.6	35.529	577	1882	1254	1817	884970	886490	6.21e-84	307
CDF88288.1	NC_001147.6	34.808	520	1882	1282	1797	857978	856551	1.02e-83	306
CDF88288.1	NC_001147.6	25.753	365	1882	1281	1600	695280	696329	7.11e-21	99.4
CDF88288.1	NC_001147.6	32.593	135	1882	1664	1798	696861	697259	5.43e-16	83.6
CDF88288.1	NC_001134.8	34.082	534	1882	1281	1804	710975	709566	2.09e-78	289
CDF88288.1	NC_001134.8	31.550	542	1882	1310	1816	384138	385625	4.32e-57	219
CDF88288.1	NC_001134.8	28.609	381	1882	1271	1597	467731	468810	1.54e-26	118
CDF88288.1	NC_001134.8	29.870	154	1882	1664	1817	469162	469614	9.49e-17	85.9
CDF88288.1	NC_001142.9	31.459	569	1882	1278	1797	498213	499763	2.80e-77	285
CDF88289.1	NC_001136.10	86.375	389	393	5	393	227450	228616	0.0	717
CDF88289.1	NC_001136.10	85.567	388	393	6	393	133455	134618	0.0	706
CDF88290.1	NC_001148.4	90.000	180	198	4	183	405460	405999	2.39e-105	330
CDF88290.1	NC_001134.8	90.960	177	198	4	180	604930	605460	1.93e-104	328
CDF88291.1	NC_001134.8	78.912	147	147	1	147	606697	607137	8.03e-79	252
CDF88291.1	NC_001148.4	78.912	147	147	1	147	407096	407536	1.04e-78	251
CDF88292.1	NC_001134.8	73.067	375	379	9	379	607658	608782	5.16e-173	533
CDF88292.1	NC_001134.8	25.758	330	379	56	379	784545	783676	4.03e-17	82.0
CDF88292.1	NC_001134.8	22.561	328	379	60	375	416022	416885	6.18e-13	69.3
CDF88292.1	NC_001134.8	23.333	330	379	60	375	163925	163062	1.05e-12	68.6
CDF88292.1	NC_001134.8	20.930	258	379	15	266	163739	163062	6.02e-11	62.8
CDF88292.1	NC_001137.3	31.373	357	379	33	379	144381	145319	2.65e-46	168
CDF88292.1	NC_001141.2	30.091	329	379	48	372	344275	345138	4.95e-36	138
CDF88292.1	NC_001141.2	26.531	343	379	42	372	97380	98309	1.19e-27	114
CDF88292.1	NC_001148.4	27.987	318	379	61	373	601761	600931	6.27e-31	123
CDF88292.1	NC_001148.4	26.807	332	379	60	374	583973	583086	7.01e-22	96.7
CDF88292.1	NC_001148.4	23.214	336	379	46	368	299506	298631	7.88e-19	87.4
CDF88292.1	NC_001148.4	27.854	219	379	38	249	601554	600970	3.76e-13	69.7
CDF88292.1	NC_001148.4	23.404	329	379	62	378	673835	674668	4.53e-13	69.7
CDF88292.1	NC_001147.6	24.848	330	379	51	368	758339	759199	8.71e-27	111
CDF88292.1	NC_001147.6	27.469	324	379	62	378	514164	513313	1.52e-16	80.5
CDF88292.1	NC_001147.6	24.383	324	379	60	377	570765	569932	2.49e-16	79.7
CDF88293.1	NC_001134.8	62.441	213	220	1	207	609753	609124	2.60e-80	259
CDF88294.1	NC_001134.8	52.500	40	79	18	57	610236	610355	8.37e-11	54.7
CDF88295.1	NC_001148.4	67.083	240	239	1	239	408732	408013	1.03e-104	330
CDF88296.1	NC_001134.8	53.941	406	394	4	393	611840	610626	3.34e-149	466
CDF88296.1	NC_001137.3	23.529	408	394	5	392	47186	48325	2.35e-30	122
CDF88297.1	NC_001134.8	84.601	552	555	3	554	613897	612242	0.0	983
CDF88298.1	NC_001134.8	69.825	802	785	20	784	618517	616133	0.0	1139
CDF88298.1	NC_001135.5	30.081	246	785	560	782	261108	260401	2.34e-26	115
CDF88298.1	NC_001135.5	25.519	337	785	450	708	241818	240814	9.56e-19	90.5
CDF88298.1	NC_001135.5	25.573	262	785	453	710	222463	221723	1.01e-18	90.5
CDF88298.1	NC_001135.5	26.786	224	785	515	713	261117	260467	2.98e-18	89.0
CDF88298.1	NC_001135.5	35.294	170	785	552	710	241932	241435	2.60e-17	85.9
CDF88298.1	NC_001148.4	30.952	252	785	466	708	892884	893597	1.52e-25	112
CDF88298.1	NC_001148.4	27.966	236	785	505	739	267142	266453	9.83e-22	100
CDF88298.1	NC_001148.4	28.269	283	785	492	719	267061	266222	1.27e-18	90.1
CDF88298.1	NC_001148.4	31.405	121	785	592	712	893112	893471	2.22e-15	79.7
CDF88298.1	NC_001136.10	30.508	236	785	511	714	198023	197319	1.03e-21	100
CDF88298.1	NC_001136.10	24.910	277	785	471	712	197975	197202	1.29e-13	73.9
CDF88298.1	NC_001136.10	25.000	220	785	520	710	198122	197463	2.29e-13	73.2
CDF88298.1	NC_001138.5	28.689	244	785	491	711	117228	117944	3.08e-20	95.5
CDF88298.1	NC_001138.5	25.839	298	785	460	709	117297	118118	4.17e-16	82.0
CDF88299.1	NC_001148.4	46.570	277	282	10	282	410452	411282	1.44e-68	229
CDF88300.1	NC_001148.4	49.333	75	336	153	227	409784	409560	9.52e-19	86.3
CDF88300.1	NC_001134.8	46.667	60	336	165	224	615535	615356	4.84e-12	65.9
CDF88301.1	NC_001139.9	46.309	149	346	150	297	583445	582999	3.02e-40	149
CDF88302.1	NC_001144.5	73.433	335	333	1	333	837357	836353	7.84e-156	482
CDF88302.1	NC_001139.9	69.069	333	333	1	331	581436	580438	5.63e-152	471
CDF88303.1	NC_001139.9	44.706	85	130	1	80	579488	579742	2.03e-14	67.0
CDF88304.1	NC_001144.5	45.378	119	630	513	630	835807	836160	4.78e-31	129
CDF88304.1	NC_001139.9	47.573	103	630	514	616	578780	579085	1.96e-19	92.0
CDF88305.1	NC_001144.5	59.752	805	795	4	795	831170	833536	0.0	970
CDF88306.1	NC_001139.9	82.740	365	366	1	363	575398	576492	0.0	641
CDF88306.1	NC_001139.9	30.508	236	366	9	221	164956	164273	6.71e-20	90.5
CDF88306.1	NC_001139.9	26.471	374	366	19	340	160152	161102	7.76e-14	71.6
CDF88306.1	NC_001134.8	55.827	369	366	1	362	192451	193506	8.78e-128	403
CDF88306.1	NC_001134.8	35.127	316	366	11	311	560093	560962	3.56e-47	171
CDF88306.1	NC_001134.8	27.823	248	366	13	229	295621	294902	5.26e-15	75.5
CDF88306.1	NC_001134.8	24.252	301	366	19	311	749654	750436	5.38e-14	72.4
CDF88306.1	NC_001134.8	26.087	230	366	3	228	15248	14613	9.12e-14	71.6
CDF88306.1	NC_001140.6	49.530	319	366	7	321	170296	169361	6.76e-94	305
CDF88306.1	NC_001140.6	28.448	232	366	7	238	316620	317273	4.40e-22	97.1
CDF88306.1	NC_001140.6	28.685	251	366	8	257	96095	95400	1.02e-19	89.7
CDF88306.1	NC_001140.6	28.251	223	366	10	224	510587	511201	3.13e-18	85.1
CDF88306.1	NC_001144.5	44.538	357	366	7	362	371668	372642	3.64e-91	298
CDF88306.1	NC_001144.5	26.129	310	366	7	290	106981	106109	2.41e-19	88.6
CDF88306.1	NC_001144.5	24.161	298	366	10	260	851099	851932	2.73e-16	79.3
CDF88306.1	NC_001144.5	28.959	221	366	113	329	333247	333783	8.54e-15	74.7
CDF88306.1	NC_001143.9	44.582	323	366	7	320	150639	149707	1.61e-78	261
CDF88306.1	NC_001143.9	30.484	351	366	11	343	183498	184460	4.03e-40	150
CDF88306.1	NC_001143.9	26.332	319	366	13	312	206745	207515	2.47e-18	85.5
CDF88306.1	NC_001143.9	25.382	327	366	16	307	132220	131339	1.19e-15	77.4
CDF88306.1	NC_001143.9	25.656	343	366	8	316	249145	250041	1.17e-14	74.3
CDF88306.1	NC_001143.9	26.267	217	366	11	220	135450	134869	1.46e-14	73.9
CDF88308.1	NC_001144.5	71.429	287	288	2	286	830355	829495	1.51e-146	453
CDF88308.1	NC_001142.9	30.990	313	288	3	281	184498	185418	7.64e-40	146
CDF88309.1	NC_001139.9	85.057	87	87	1	87	559994	559734	1.80e-44	150
CDF88310.1	NC_001144.5	80.675	859	860	2	860	826407	823831	0.0	1436
CDF88311.1	NC_001139.9	60.092	218	238	4	221	558838	558185	1.26e-87	281
CDF88313.1	NC_001144.5	55.410	536	528	3	527	820520	822025	0.0	600
CDF88313.1	NC_001142.9	28.090	445	528	75	513	130607	129447	1.56e-50	186
CDF88313.1	NC_001141.2	27.742	465	528	58	506	165254	163992	6.43e-47	175
CDF88314.1	NC_001144.5	90.164	122	127	6	127	819774	820139	1.24e-69	224
CDF88314.1	NC_001139.9	88.618	123	127	5	127	556301	556669	4.59e-69	223
CDF88315.1	NC_001139.9	64.433	194	298	105	298	554832	554251	8.14e-81	265
CDF88316.1	NC_001144.5	53.047	558	560	10	560	816118	817758	0.0	575
CDF88316.1	NC_001145.3	44.874	517	560	1	516	887003	888451	1.41e-129	417
CDF88316.1	NC_001145.3	37.018	389	560	1	370	696796	697902	3.70e-67	235
CDF88316.1	NC_001147.6	41.828	361	560	38	392	268274	269287	5.33e-85	288
CDF88316.1	NC_001147.6	41.457	357	560	33	380	71360	72382	3.84e-76	262
CDF88317.1	NC_001144.5	83.784	1887	1882	7	1880	810000	815618	0.0	3319
CDF88317.1	NC_001139.9	81.775	1904	1882	1	1880	548264	553942	0.0	3241
CDF88317.1	NC_001145.3	54.551	1769	1882	138	1858	881162	886450	0.0	2003
CDF88318.1	NC_001139.9	52.303	304	387	86	380	546564	547466	4.64e-95	310
CDF88318.1	NC_001139.9	23.793	290	387	114	374	521971	521120	4.58e-13	69.7
CDF88320.1	NC_001144.5	82.051	312	312	1	312	805887	806822	5.30e-154	476
CDF88321.1	NC_001139.9	41.333	150	154	13	153	546118	545684	4.05e-30	113
CDF88323.1	NC_001144.5	43.253	289	779	17	265	805058	804228	8.97e-28	119
CDF88324.1	NC_001139.9	60.588	170	179	14	179	543705	544202	1.02e-66	219
CDF88324.1	NC_001148.4	31.034	87	179	80	166	646798	646538	1.11e-15	72.8
CDF88325.1	NC_001139.9	72.099	362	362	1	362	542203	543288	1.53e-180	554
CDF88325.1	NC_001139.9	37.662	231	362	85	307	1028588	1029274	1.88e-44	162
CDF88325.1	NC_001139.9	32.328	232	362	87	312	410857	410171	1.52e-33	130
CDF88325.1	NC_001148.4	39.922	258	362	67	312	417107	417868	1.02e-51	184
CDF88325.1	NC_001148.4	32.759	290	362	25	312	887621	886779	1.75e-44	162
CDF88325.1	NC_001148.4	34.211	228	362	87	312	611309	611983	1.31e-28	116
CDF88325.1	NC_001136.10	35.354	297	362	70	355	237263	236430	3.02e-45	165
CDF88325.1	NC_001136.10	38.362	232	362	87	316	238037	237348	7.81e-44	160
CDF88325.1	NC_001136.10	33.913	230	362	89	312	438584	439264	8.16e-37	140
CDF88325.1	NC_001136.10	34.694	245	362	75	312	1262146	1262871	1.83e-34	133
CDF88325.1	NC_001144.5	38.696	230	362	87	311	71562	70876	1.91e-43	159
CDF88325.1	NC_001144.5	37.500	232	362	88	312	913356	912679	6.23e-40	149
CDF88325.1	NC_001144.5	36.328	256	362	89	336	72540	71779	6.00e-39	146
CDF88325.1	NC_001144.5	38.596	228	362	88	307	914169	913495	2.60e-38	144
CDF88325.1	NC_001137.3	35.926	270	362	64	312	244766	243969	1.57e-42	157
CDF88325.1	NC_001137.3	33.745	243	362	85	312	190945	190232	1.33e-28	116
CDF88326.1	NC_001144.5	51.025	927	893	1	891	802396	799706	0.0	846
CDF88327.1	NC_001144.5	39.037	748	597	1	597	797430	799586	4.06e-108	356
CDF88327.1	NC_001141.2	32.258	124	597	465	580	243180	242812	1.44e-12	69.7
CDF88328.1	NC_001139.9	89.623	106	107	1	106	534458	534141	9.00e-43	147
CDF88328.1	NC_001144.5	88.679	106	107	1	106	795899	795582	6.20e-42	144
CDF88329.1	NC_001139.9	53.623	276	274	4	274	532997	533818	1.75e-93	300
CDF88330.1	NC_001139.9	75.105	237	237	1	237	532596	531886	6.92e-126	391
CDF88332.1	NC_001139.9	62.810	121	617	421	537	530212	530574	2.03e-40	157
CDF88333.1	NC_001139.9	47.143	280	289	18	287	527650	528489	5.12e-74	245
CDF88334.1	NC_001139.9	78.814	118	118	1	118	527329	526976	3.27e-60	197
CDF88335.1	NC_001144.5	54.864	514	765	1	482	787664	789172	2.55e-146	473
CDF88336.1	NC_001139.9	81.316	471	515	45	515	525229	526641	0.0	796
CDF88336.1	NC_001147.6	26.887	424	515	103	513	58897	60015	5.44e-27	114
CDF88336.1	NC_001144.5	25.342	438	515	93	515	1012588	1013772	8.73e-24	104
CDF88337.1	NC_001139.9	49.007	302	287	18	287	523787	524677	1.85e-83	272
CDF88338.1	NC_001142.9	77.805	410	409	1	409	392404	393600	0.0	655
CDF88338.1	NC_001139.9	55.989	359	409	51	409	856328	855267	6.72e-135	425
CDF88339.1	NC_001148.4	35.816	564	606	13	572	839555	837927	1.91e-100	334
CDF88339.1	NC_001139.9	36.348	564	606	13	572	765399	763783	9.61e-99	329
CDF88339.1	NC_001140.6	30.400	500	606	78	571	204679	206142	4.29e-70	246
CDF88339.1	NC_001144.5	34.052	464	606	118	577	85197	86573	1.94e-67	238
CDF88339.1	NC_001147.6	30.800	500	606	118	586	836200	834731	4.39e-62	222
CDF88340.1	NC_001139.9	34.503	342	345	23	322	854766	853759	3.07e-54	190
CDF88341.1	NC_001139.9	52.094	764	741	1	738	853215	851050	0.0	662
CDF88342.1	NC_001142.9	41.527	537	516	1	506	393967	395505	1.09e-130	418
CDF88343.1	NC_001139.9	82.822	489	492	2	490	848408	846942	0.0	859
CDF88344.1	NC_001139.9	61.486	148	147	1	147	846336	845896	2.31e-57	190
CDF88345.1	NC_001142.9	81.915	188	193	7	193	396497	395934	2.26e-96	304
CDF88345.1	NC_001142.9	34.559	136	193	5	138	545160	544798	4.71e-13	65.5
CDF88345.1	NC_001144.5	30.328	122	193	52	171	500941	500582	2.76e-12	63.2
CDF88346.1	NC_001139.9	64.151	106	106	1	106	858287	858601	3.42e-45	154
CDF88347.1	NC_001139.9	65.455	55	71	2	56	859260	859096	9.05e-22	85.1
CDF88348.1	NC_001139.9	63.003	1938	1938	7	1912	865723	859973	0.0	2471
CDF88348.1	NC_001144.5	30.469	256	1938	723	963	191061	190312	8.90e-23	105
CDF88349.1	NC_001144.5	48.941	1888	1836	4	1836	193263	187666	0.0	1766
CDF88349.1	NC_001139.9	23.946	664	1836	612	1235	863761	862037	2.58e-25	114
CDF88350.1	NC_001139.9	78.406	389	398	2	390	867511	866345	0.0	619
CDF88351.1	NC_001139.9	65.427	726	671	5	671	867801	869975	0.0	856
CDF88352.1	NC_001139.9	67.838	370	380	1	362	871416	870307	5.08e-166	513
CDF88353.1	NC_001144.5	68.120	367	874	512	874	123175	122078	8.27e-164	528
CDF88353.1	NC_001139.9	30.519	308	874	530	836	467821	468705	2.56e-43	170
CDF88353.1	NC_001139.9	32.733	333	874	530	828	168619	169575	3.29e-38	154
CDF88353.1	NC_001139.9	24.464	233	874	611	830	168640	169272	5.32e-12	68.9
CDF88353.1	NC_001148.4	26.800	250	874	551	793	651988	651266	6.86e-14	75.1
CDF88354.1	NC_001144.5	70.370	351	492	142	492	186556	185504	8.91e-180	558
CDF88354.1	NC_001136.10	25.191	262	492	142	398	1434975	1435736	1.49e-11	65.9
CDF88354.1	NC_001147.6	24.370	238	492	170	399	324235	323558	5.69e-11	63.9
CDF88355.1	NC_001144.5	71.255	247	242	1	242	184926	184186	5.57e-113	354
CDF88356.1	NC_001144.5	52.258	155	158	19	158	183698	184156	5.53e-44	152
CDF88357.1	NC_001144.5	57.537	544	537	1	529	183405	181801	0.0	640
CDF88357.1	NC_001144.5	46.631	564	537	12	526	125570	127156	7.98e-158	497
CDF88357.1	NC_001143.9	23.316	386	537	142	514	180950	181993	6.84e-17	83.2
CDF88358.1	NC_001144.5	74.843	477	477	1	470	127523	128953	0.0	777
CDF88359.1	NC_001144.5	37.234	282	339	67	339	179495	178710	2.23e-46	167
CDF88360.1	NC_001144.5	71.810	337	336	1	336	177608	178618	1.20e-169	521
CDF88361.1	NC_001144.5	73.469	49	50	2	50	131366	131220	5.54e-21	82.0
CDF88362.1	NC_001142.9	74.144	1373	2152	781	2151	427098	431213	0.0	2174
CDF88362.1	NC_001142.9	23.718	468	2152	121	560	425442	426566	7.55e-16	83.2
CDF88362.1	NC_001136.10	29.596	223	2152	1558	1776	440155	440793	8.41e-18	89.7
CDF88363.1	NC_001142.9	68.932	206	202	1	201	432200	431595	4.98e-92	292
CDF88364.1	NC_001144.5	67.241	754	754	13	754	131759	133975	0.0	937
CDF88364.1	NC_001144.5	32.492	317	754	240	544	696776	695838	1.09e-36	148
CDF88364.1	NC_001140.6	38.186	419	754	183	592	228983	227757	3.34e-78	274
CDF88364.1	NC_001140.6	36.434	387	754	229	597	442151	443275	1.63e-60	221
CDF88364.1	NC_001145.3	38.400	375	754	224	590	851498	850410	1.16e-71	254
CDF88364.1	NC_001136.10	34.152	407	754	239	593	394628	395833	1.33e-67	242
CDF88364.1	NC_001136.10	31.728	353	754	239	590	171792	170770	6.87e-53	198
CDF88364.1	NC_001136.10	33.784	370	754	253	601	949720	948632	3.59e-51	192
CDF88364.1	NC_001136.10	30.728	371	754	237	601	305426	306499	5.37e-50	189
CDF88364.1	NC_001136.10	31.967	366	754	233	593	486855	487919	4.36e-49	186
CDF88364.1	NC_001136.10	32.172	373	754	245	590	847610	846507	1.19e-46	179
CDF88364.1	NC_001142.9	33.962	371	754	238	596	383957	385045	1.12e-58	216
CDF88364.1	NC_001142.9	30.137	365	754	226	590	154664	153600	6.77e-42	164
CDF88365.1	NC_001144.5	31.902	652	640	15	640	136218	134305	6.09e-99	331
CDF88366.1	NC_001144.5	58.612	418	446	24	433	136622	137851	2.97e-147	462
CDF88367.1	NC_001144.5	40.299	871	918	36	891	140579	138021	5.71e-163	528
CDF88367.1	NC_001144.5	20.874	412	918	470	865	621622	622806	2.20e-13	73.6
CDF88367.1	NC_001147.6	28.696	345	918	481	821	163388	164392	1.04e-47	184
CDF88367.1	NC_001145.3	27.094	406	918	428	828	799427	800587	2.87e-43	170
CDF88368.1	NC_001142.9	63.559	118	118	1	118	432644	432997	1.46e-48	164
CDF88369.1	NC_001144.5	65.109	642	641	1	641	141100	142920	0.0	815
CDF88370.1	NC_001142.9	49.257	471	470	5	470	434636	433224	9.52e-159	497
CDF88371.1	NC_001144.5	30.430	976	975	19	974	143213	146029	1.41e-116	394
CDF88372.1	NC_001142.9	85.492	193	215	23	215	435345	435923	2.72e-115	360
CDF88372.1	NC_001147.6	30.964	197	215	2	197	631718	631131	1.95e-25	102
CDF88372.1	NC_001148.4	29.843	191	215	13	201	732553	733125	4.71e-20	86.7
CDF88373.1	NC_001144.5	49.195	435	432	8	432	146294	147574	2.05e-128	408
CDF88374.1	NC_001144.5	71.811	784	780	1	780	147890	150160	0.0	1124
CDF88374.1	NC_001143.9	47.818	550	780	5	547	442716	441085	4.95e-162	520
CDF88374.1	NC_001143.9	41.053	95	780	685	779	440895	440611	4.08e-15	78.6
CDF88374.1	NC_001147.6	37.828	267	780	20	283	740966	740307	2.89e-40	159
CDF88375.1	NC_001144.5	42.710	775	810	10	771	153938	151629	0.0	614
CDF88376.1	NC_001142.9	62.748	604	607	6	607	436808	438607	0.0	769
CDF88377.1	NC_001142.9	45.942	616	611	1	610	438865	440640	3.19e-151	481
CDF88378.1	NC_001144.5	63.040	671	670	1	670	156334	154346	0.0	857
CDF88380.1	NC_001142.9	34.600	500	509	22	509	442472	440997	3.43e-78	266
CDF88381.1	NC_001142.9	45.346	419	1011	5	422	444852	443647	1.48e-100	347
CDF88382.1	NC_001142.9	62.764	709	705	1	705	445923	448019	0.0	869
CDF88382.1	NC_001143.9	26.887	636	705	34	639	188514	186700	4.90e-41	160
CDF88383.1	NC_001144.5	56.757	296	294	1	294	157730	156858	7.93e-88	285
CDF88384.1	NC_001144.5	75.292	514	539	5	518	159478	157964	0.0	802
CDF88384.1	NC_001144.5	22.841	521	539	7	514	30106	31575	3.34e-41	158
CDF88384.1	NC_001142.9	30.268	522	539	22	517	719723	721264	7.84e-62	219
CDF88384.1	NC_001139.9	25.657	495	539	31	511	1012596	1014044	1.04e-33	135
CDF88384.1	NC_001133.9	21.580	519	539	7	504	8836	7322	1.07e-20	95.5
CDF88384.1	NC_001141.2	20.709	536	539	10	516	32554	30983	2.61e-20	94.0
CDF88385.1	NC_001144.5	75.053	473	473	1	473	160049	161431	0.0	765
CDF88386.1	NC_001144.5	41.403	727	737	23	696	163890	161872	1.48e-144	467
CDF88388.1	NC_001144.5	40.653	337	301	18	301	164407	165399	9.04e-78	256
CDF88389.1	NC_001144.5	65.823	158	171	14	168	166053	165592	2.82e-61	202
CDF88389.1	NC_001146.8	52.174	69	171	105	170	23055	22849	1.98e-17	77.4
CDF88390.1	NC_001144.5	79.899	199	196	1	196	166537	167133	2.34e-97	307
CDF88390.1	NC_001139.9	49.123	57	196	1	57	787779	787609	1.29e-13	67.4
CDF88390.1	NC_001139.9	49.123	57	196	1	57	437934	437764	2.47e-13	66.6
CDF88393.1	NC_001136.10	87.059	340	340	1	340	16204	17223	0.0	630
CDF88393.1	NC_001146.8	86.765	340	340	1	340	14832	15851	0.0	627
CDF88393.1	NC_001138.5	86.765	340	340	1	340	12929	13948	0.0	627
CDF88393.1	NC_001142.9	86.765	340	340	1	340	729596	728577	0.0	627
CDF88394.1	NC_001144.5	50.000	886	851	2	831	174970	172340	0.0	866
CDF88394.1	NC_001144.5	26.587	252	851	428	652	702680	702024	1.06e-13	74.3
CDF88394.1	NC_001142.9	21.866	343	851	386	694	49098	48094	7.01e-13	71.6
CDF88395.1	NC_001144.5	53.400	500	456	1	447	175227	176726	1.77e-168	524
CDF88396.1	NC_001142.9	75.622	402	421	18	419	378888	380093	0.0	613
CDF88396.1	NC_001147.6	30.345	145	421	9	146	1009652	1009248	1.79e-11	65.1
CDF88397.1	NC_001142.9	64.655	232	248	7	231	380995	380300	2.39e-101	321
CDF88399.1	NC_001142.9	88.148	675	673	3	673	381348	383372	0.0	1189
CDF88399.1	NC_001142.9	51.466	614	673	41	646	521515	519704	0.0	585
CDF88399.1	NC_001133.9	64.812	611	673	38	646	141437	139611	0.0	796
CDF88399.1	NC_001144.5	64.368	609	673	44	650	97473	95653	0.0	791
CDF88399.1	NC_001144.5	47.091	550	673	43	575	859639	861273	5.33e-153	489
CDF88399.1	NC_001137.3	64.356	606	673	44	645	364601	366415	0.0	791
CDF88399.1	NC_001137.3	49.023	614	673	43	648	94728	96539	4.25e-176	556
CDF88399.1	NC_001134.8	62.706	606	673	44	645	86436	84622	0.0	777
CDF88399.1	NC_001134.8	27.559	635	673	41	634	575993	574101	5.90e-65	232
CDF88400.1	NC_001144.5	46.591	176	165	11	164	177335	176808	1.98e-43	151
CDF88401.1	NC_001142.9	75.195	770	762	1	760	383837	386143	0.0	1115
CDF88401.1	NC_001142.9	29.293	396	762	20	410	154688	153540	2.10e-34	140
CDF88401.1	NC_001145.3	38.544	467	762	41	504	851462	850089	3.01e-93	318
CDF88401.1	NC_001140.6	37.088	364	762	41	402	228791	227733	1.99e-62	227
CDF88401.1	NC_001140.6	33.590	390	762	16	393	442112	443257	3.82e-50	189
CDF88401.1	NC_001144.5	33.598	378	762	41	410	132425	133531	1.95e-61	224
CDF88401.1	NC_001144.5	28.315	445	762	38	414	696785	695508	1.11e-36	148
CDF88401.1	NC_001136.10	33.512	373	762	24	392	171840	170770	4.50e-59	217
CDF88401.1	NC_001136.10	30.809	383	762	38	411	486867	487973	6.52e-48	183
CDF88401.1	NC_001136.10	26.824	507	762	41	489	394631	396034	2.11e-46	178
CDF88401.1	NC_001136.10	28.868	433	762	34	437	847658	846375	5.79e-44	171
CDF88401.1	NC_001136.10	31.186	388	762	54	411	949720	948599	1.27e-40	160
CDF88401.1	NC_001136.10	26.494	385	762	33	407	305402	306511	1.41e-31	132
CDF88402.1	NC_001142.9	64.038	317	323	1	317	424109	423165	5.20e-135	421
CDF88403.1	NC_001142.9	73.367	199	199	1	199	387657	388244	9.65e-96	303
CDF88404.1	NC_001142.9	56.647	835	824	1	822	390853	388391	0.0	923
CDF88405.1	NC_001142.9	82.517	572	571	1	571	421663	419960	0.0	973
CDF88405.1	NC_001142.9	26.998	563	571	13	565	207910	209511	8.43e-51	187
CDF88405.1	NC_001142.9	28.224	535	571	31	552	407627	409150	2.83e-47	177
CDF88405.1	NC_001142.9	25.940	532	571	32	550	556064	557584	1.25e-45	172
CDF88405.1	NC_001136.10	26.748	572	571	1	557	199996	201597	4.85e-47	176
CDF88405.1	NC_001136.10	25.573	567	571	4	560	887238	888890	5.85e-46	173
CDF88405.1	NC_001136.10	23.561	556	571	25	560	836466	838058	9.33e-32	130
CDF88405.1	NC_001141.2	25.437	515	571	44	551	83404	84855	4.14e-31	128
CDF88406.1	NC_001142.9	71.739	644	655	1	634	419562	417637	0.0	940
CDF88407.1	NC_001143.9	55.909	220	216	1	216	178515	179171	8.63e-74	241
CDF88408.1	NC_001143.9	78.873	213	209	1	209	176481	175846	7.70e-114	355
CDF88409.1	NC_001143.9	88.034	468	467	1	467	174213	175613	0.0	816
CDF88409.1	NC_001143.9	32.645	242	467	200	432	71804	71088	3.79e-36	141
CDF88409.1	NC_001139.9	51.768	311	467	142	452	411046	410114	1.20e-101	332
CDF88409.1	NC_001139.9	37.918	269	467	205	451	1028594	1029391	2.31e-51	186
CDF88409.1	NC_001139.9	33.750	240	467	205	437	542461	543162	2.71e-33	132
CDF88409.1	NC_001147.6	45.732	328	467	138	465	813381	812401	1.31e-90	300
CDF88409.1	NC_001147.6	47.403	308	467	156	463	545419	546327	4.52e-87	290
CDF88409.1	NC_001136.10	45.016	311	467	141	451	438386	439318	1.39e-89	297
CDF88409.1	NC_001136.10	48.214	280	467	168	446	1262071	1262910	5.98e-80	269
CDF88409.1	NC_001136.10	45.652	230	467	205	434	238037	237357	7.96e-60	211
CDF88409.1	NC_001136.10	38.224	259	467	192	442	237257	236493	2.75e-53	192
CDF88409.1	NC_001145.3	40.467	257	467	206	458	447054	446290	3.53e-54	194
CDF88410.1	NC_001143.9	64.107	599	609	23	609	172071	173858	0.0	716
CDF88410.1	NC_001146.8	41.013	612	609	46	604	435404	437128	1.06e-123	402
CDF88410.1	NC_001142.9	22.886	402	609	193	572	437345	438505	2.23e-12	68.9
CDF88411.1	NC_001148.4	76.845	691	695	1	691	352275	350206	0.0	1070
CDF88411.1	NC_001134.8	72.378	677	695	1	677	575996	573966	0.0	1003
CDF88411.1	NC_001134.8	27.618	659	695	1	642	86448	84625	6.70e-73	256
CDF88411.1	NC_001142.9	27.473	637	695	2	632	381474	383255	3.38e-72	254
CDF88411.1	NC_001142.9	27.469	648	695	5	634	521506	519734	3.65e-59	216
CDF88411.1	NC_001144.5	36.292	383	695	1	382	97485	96358	3.58e-72	254
CDF88411.1	NC_001144.5	28.463	397	695	5	384	859642	860808	4.81e-44	170
CDF88411.1	NC_001133.9	36.031	383	695	1	382	141431	140304	1.99e-71	252
CDF88412.1	NC_001148.4	52.137	234	274	20	249	349167	349838	8.09e-77	252
CDF88413.1	NC_001134.8	34.719	409	400	11	386	572419	573609	1.30e-68	234
CDF88414.1	NC_001134.8	60.317	126	120	5	119	571848	571474	8.98e-45	153
CDF88415.1	NC_001148.4	46.914	162	173	7	166	348470	348937	1.02e-36	132
CDF88416.1	NC_001141.2	59.799	199	225	24	222	415620	415033	1.26e-78	255
CDF88417.1	NC_001134.8	74.318	440	440	1	438	571200	569881	0.0	695
CDF88418.1	NC_001134.8	37.809	283	245	3	241	568861	569676	1.94e-49	172
CDF88419.1	NC_001134.8	51.761	284	281	1	280	728885	729721	3.92e-95	305
CDF88420.1	NC_001134.8	45.000	120	123	7	115	730141	729782	1.49e-27	104
CDF88421.1	NC_001134.8	23.967	363	593	261	543	731212	732288	5.06e-25	109
CDF88422.1	NC_001142.9	30.699	772	778	63	778	351844	349589	4.36e-85	295
CDF88423.1	NC_001134.8	61.927	654	655	19	653	734558	732648	0.0	811
CDF88423.1	NC_001137.3	33.333	189	655	457	633	476962	476426	4.12e-17	84.7
CDF88424.1	NC_001134.8	73.684	228	231	3	229	735527	734844	3.60e-106	334
CDF88425.1	NC_001134.8	33.333	102	97	1	97	736031	735726	2.77e-14	65.5
CDF88426.1	NC_001134.8	72.819	493	493	1	493	736264	737733	0.0	753
CDF88426.1	NC_001144.5	59.436	461	493	31	489	259368	258001	0.0	578
CDF88427.1	NC_001146.8	43.137	204	225	36	217	449904	450473	4.48e-39	142
CDF88427.1	NC_001146.8	33.143	175	225	37	190	456589	457077	2.11e-16	76.3
CDF88427.1	NC_001147.6	43.575	179	225	31	196	490822	490316	5.38e-39	141
CDF88427.1	NC_001147.6	33.333	144	225	33	170	682076	681693	1.58e-18	82.4
CDF88427.1	NC_001143.9	42.347	196	225	32	194	466074	465499	1.58e-38	140
CDF88427.1	NC_001143.9	26.633	199	225	35	216	548429	548989	4.46e-16	75.5
CDF88427.1	NC_001134.8	43.137	204	225	34	225	738363	737773	1.99e-37	137
CDF88427.1	NC_001145.3	35.122	205	225	36	225	267198	267797	4.01e-30	116
CDF88428.1	NC_001134.8	37.629	1164	1623	9	1146	757091	753654	0.0	741
CDF88428.1	NC_001134.8	35.644	202	1623	1439	1618	751961	751380	3.13e-21	100
CDF88429.1	NC_001134.8	61.303	522	514	8	514	749615	751174	0.0	669
CDF88429.1	NC_001134.8	27.969	261	514	12	268	15236	14496	4.18e-19	90.1
CDF88429.1	NC_001134.8	30.818	159	514	74	220	295375	294917	6.82e-18	86.3
CDF88429.1	NC_001134.8	27.027	296	514	19	279	560111	560962	2.89e-16	81.3
CDF88429.1	NC_001134.8	25.779	353	514	11	314	192475	193476	5.96e-15	77.0
CDF88429.1	NC_001136.10	31.410	312	514	4	295	1465780	1464872	1.99e-33	134
CDF88429.1	NC_001136.10	30.545	275	514	20	279	1412550	1413290	1.42e-27	116
CDF88429.1	NC_001136.10	29.930	284	514	12	279	1433905	1433096	9.39e-27	114
CDF88429.1	NC_001136.10	27.027	296	514	8	279	281272	280409	7.05e-25	108
CDF88429.1	NC_001136.10	26.667	300	514	14	285	1395148	1396014	1.73e-23	103
CDF88429.1	NC_001136.10	27.744	328	514	16	327	406300	405350	1.23e-20	94.7
CDF88429.1	NC_001136.10	26.736	288	514	19	279	695069	695893	3.52e-20	93.6
CDF88429.1	NC_001136.10	26.190	252	514	60	279	75330	74587	1.29e-19	91.7
CDF88429.1	NC_001136.10	31.034	203	514	21	219	1486969	1486391	8.41e-18	85.9
CDF88429.1	NC_001136.10	28.782	271	514	65	313	956334	957098	6.74e-15	76.6
CDF88429.1	NC_001136.10	26.667	225	514	12	219	173042	173689	1.36e-14	75.9
CDF88429.1	NC_001136.10	29.032	155	514	74	214	1027751	1027293	1.16e-12	69.7
CDF88429.1	NC_001136.10	28.000	175	514	64	220	401839	401330	2.36e-12	68.6
CDF88429.1	NC_001148.4	32.292	288	514	16	285	285938	285105	2.57e-31	127
CDF88429.1	NC_001148.4	31.963	219	514	71	283	166622	167239	1.16e-25	110
CDF88429.1	NC_001148.4	27.402	281	514	16	279	263598	262795	3.58e-24	105
CDF88429.1	NC_001148.4	28.025	314	514	21	317	268326	269192	4.32e-23	102
CDF88429.1	NC_001148.4	28.788	264	514	28	291	157236	156493	3.21e-22	99.8
CDF88429.1	NC_001148.4	28.629	248	514	10	220	747795	748526	8.97e-19	89.0
CDF88429.1	NC_001148.4	30.769	208	514	91	283	288173	287580	1.05e-18	89.0
CDF88429.1	NC_001148.4	25.166	302	514	19	279	492905	492045	2.07e-17	84.7
CDF88429.1	NC_001148.4	30.952	252	514	65	296	501859	501140	2.66e-17	84.3
CDF88429.1	NC_001148.4	24.832	298	514	21	279	666409	667290	1.47e-12	69.3
CDF88429.1	NC_001147.6	30.961	281	514	16	285	775984	776802	3.24e-30	124
CDF88429.1	NC_001147.6	30.627	271	514	16	282	295979	295185	6.97e-28	117
CDF88429.1	NC_001147.6	29.286	280	514	12	279	129762	130565	1.82e-24	107
CDF88429.1	NC_001147.6	31.884	207	514	77	279	246218	246793	3.00e-20	93.6
CDF88429.1	NC_001147.6	31.013	158	514	73	220	105610	106071	4.00e-19	90.1
CDF88429.1	NC_001147.6	30.244	205	514	91	283	773483	774076	3.61e-17	84.0
CDF88429.1	NC_001147.6	25.600	250	514	75	290	995854	995117	4.20e-16	80.5
CDF88429.1	NC_001147.6	37.069	116	514	122	233	823907	823566	2.89e-13	71.6
CDF88429.1	NC_001143.9	32.444	225	514	55	277	249394	250020	1.10e-29	122
CDF88429.1	NC_001143.9	32.701	211	514	75	279	135273	134680	5.83e-24	105
CDF88429.1	NC_001143.9	30.303	297	514	4	280	206700	207515	6.33e-23	102
CDF88429.1	NC_001143.9	29.333	225	514	77	281	131980	131321	2.13e-16	81.6
CDF88429.1	NC_001143.9	27.755	245	514	65	275	348635	347925	6.15e-16	80.1
CDF88429.1	NC_001143.9	25.346	217	514	102	279	69359	68712	3.94e-13	70.9
CDF88429.1	NC_001143.9	30.256	195	514	21	210	183522	184070	1.02e-12	69.7
CDF88429.1	NC_001143.9	30.201	149	514	93	223	221988	221557	2.45e-11	65.1
CDF88430.1	NC_001134.8	41.031	446	419	1	412	749371	748091	1.56e-93	306
CDF88430.1	NC_001142.9	32.765	293	419	17	296	348580	347753	2.77e-35	137
CDF88431.1	NC_001142.9	39.189	370	431	1	356	345979	347088	5.50e-76	256
CDF88432.1	NC_001142.9	65.963	379	340	1	340	335898	337034	1.22e-159	493
CDF88434.1	NC_001142.9	81.581	1075	1064	1	1064	342522	345740	0.0	1814
CDF88434.1	NC_001144.5	36.590	1003	1064	132	1064	918059	915159	1.12e-176	573
CDF88434.1	NC_001139.9	24.124	485	1064	150	607	31040	29802	1.12e-26	117
CDF88434.1	NC_001139.9	24.396	414	1064	157	526	1032703	1033764	8.16e-16	81.6
CDF88434.1	NC_001137.3	26.154	390	1064	185	552	534356	533346	3.98e-16	82.8
CDF88435.1	NC_001134.8	37.838	481	482	1	476	747803	746382	2.79e-97	320
CDF88436.1	NC_001145.3	37.348	656	627	1	627	505333	507192	2.15e-127	413
CDF88436.1	NC_001146.8	32.692	624	627	62	627	618037	616214	1.53e-94	318
CDF88437.1	NC_001145.3	87.015	593	593	1	593	509280	507505	0.0	1095
CDF88437.1	NC_001144.5	83.811	593	593	1	593	201315	199543	0.0	1050
CDF88438.1	NC_001145.3	92.157	204	204	1	204	510348	509737	2.02e-126	391
CDF88438.1	NC_001144.5	92.157	204	204	1	204	202590	201979	4.73e-126	390
CDF88441.1	NC_001145.3	47.541	122	128	2	122	513599	513955	5.96e-32	117
CDF88442.1	NC_001145.3	31.841	603	945	372	938	515770	517272	1.85e-51	196
CDF88442.1	NC_001145.3	42.564	195	945	172	357	514858	515421	4.61e-22	102
CDF88442.1	NC_001144.5	30.460	174	945	770	937	204276	204773	7.30e-11	65.1
CDF88443.1	NC_001145.3	63.795	859	863	9	863	517885	520443	0.0	1132
CDF88444.1	NC_001145.3	53.251	323	334	1	319	521789	520845	2.39e-109	348
CDF88445.1	NC_001144.5	56.452	1116	1201	128	1201	205210	208497	0.0	1209
CDF88445.1	NC_001144.5	24.286	280	1201	946	1169	629646	628867	2.75e-13	73.6
CDF88445.1	NC_001144.5	25.538	325	1201	460	764	632517	631603	1.86e-12	70.9
CDF88445.1	NC_001147.6	29.275	690	1201	562	1182	695361	697259	6.26e-71	260
CDF88445.1	NC_001147.6	37.162	148	1201	1022	1169	885969	886391	1.92e-18	90.5
CDF88445.1	NC_001147.6	24.367	316	1201	564	876	885126	885908	1.45e-16	84.3
CDF88445.1	NC_001147.6	26.370	292	1201	563	841	857900	857175	4.76e-16	82.8
CDF88445.1	NC_001147.6	34.646	127	1201	1042	1168	856958	856593	1.88e-15	80.9
CDF88445.1	NC_001134.8	27.883	685	1201	563	1200	467860	469611	5.06e-64	239
CDF88445.1	NC_001134.8	36.508	126	1201	1044	1169	709988	709626	3.44e-17	86.7
CDF88445.1	NC_001134.8	25.079	315	1201	563	876	710894	710109	1.21e-16	84.7
CDF88445.1	NC_001134.8	33.108	148	1201	1045	1190	385155	385574	1.24e-15	81.3
CDF88445.1	NC_001148.4	25.846	325	1201	564	874	400207	399362	1.06e-20	98.2
CDF88445.1	NC_001148.4	31.724	145	1201	1038	1181	399166	398744	5.68e-16	82.4
CDF88445.1	NC_001142.9	32.919	161	1201	1044	1200	499353	499817	1.20e-17	87.8
CDF88446.1	NC_001145.3	64.570	302	302	4	302	523237	522332	3.14e-134	418
CDF88446.1	NC_001147.6	34.146	205	302	67	269	793113	793712	7.10e-33	127
CDF88446.1	NC_001134.8	29.778	225	302	67	269	120977	120306	3.22e-30	119
CDF88447.1	NC_001145.3	61.931	1295	1258	1	1250	523696	527466	0.0	1603
CDF88447.1	NC_001144.5	29.565	690	1258	380	1043	960174	961961	6.34e-61	229
CDF88447.1	NC_001146.8	40.187	321	1258	357	673	646428	645529	1.88e-51	199
CDF88447.1	NC_001146.8	35.745	235	1258	715	942	645621	644917	3.58e-38	155
CDF88447.1	NC_001137.3	31.757	444	1258	737	1175	181013	182125	2.37e-49	192
CDF88447.1	NC_001137.3	41.502	253	1258	402	653	180278	180973	5.06e-49	191
CDF88447.1	NC_001143.9	40.927	259	1258	393	650	289049	289771	2.87e-47	185
CDF88447.1	NC_001143.9	31.393	481	1258	715	1181	601570	602802	5.32e-46	181
CDF88447.1	NC_001143.9	39.773	264	1258	398	657	600883	601617	2.67e-45	178
CDF88447.1	NC_001143.9	32.873	362	1258	736	1087	289820	290821	2.38e-34	142
CDF88448.1	NC_001144.5	56.016	507	494	1	493	208788	210266	0.0	588
CDF88449.1	NC_001144.5	75.899	473	466	1	466	211933	210515	0.0	706
CDF88449.1	NC_001140.6	51.406	498	466	7	465	207810	209297	7.07e-150	471
CDF88449.1	NC_001147.6	45.565	496	466	6	456	91209	89725	4.62e-141	446
CDF88450.1	NC_001145.3	56.385	1339	1306	1	1306	527804	531814	0.0	1576
CDF88451.1	NC_001145.3	53.642	302	314	12	313	532116	533021	1.62e-112	357
CDF88452.1	NC_001144.5	84.146	82	84	1	82	225172	224933	3.63e-45	152
CDF88453.1	NC_001144.5	47.209	1021	973	4	969	228485	225429	0.0	912
CDF88454.1	NC_001145.3	73.450	516	513	1	513	534698	533166	0.0	775
CDF88454.1	NC_001134.8	24.882	422	513	118	509	611786	610644	8.55e-20	92.4
CDF88454.1	NC_001136.10	34.884	129	513	322	450	709885	710244	2.80e-13	71.6
CDF88455.1	NC_001145.3	62.842	183	193	1	182	535570	535022	3.04e-76	247
CDF88456.1	NC_001145.3	31.884	138	426	1	133	536207	536620	6.95e-15	75.9
CDF88458.1	NC_001145.3	58.051	236	243	4	234	537844	538545	1.33e-87	281
CDF88459.1	NC_001145.3	38.173	427	314	3	313	539975	538695	3.56e-75	249
CDF88460.1	NC_001145.3	56.322	87	488	393	478	542612	542872	5.33e-30	123
CDF88461.1	NC_001139.9	52.759	580	600	21	586	942899	944638	3.27e-173	544
CDF88461.1	NC_001143.9	47.009	585	600	19	594	660470	658719	5.00e-166	523
CDF88461.1	NC_001135.5	47.323	579	600	19	593	9328	11052	5.36e-165	520
CDF88461.1	NC_001148.4	40.111	541	600	58	590	934061	935659	6.77e-120	390
CDF88461.1	NC_001134.8	25.053	471	600	60	522	786916	788205	3.99e-20	94.0
CDF88462.1	NC_001145.3	36.098	615	521	4	516	544846	543002	2.08e-116	377
CDF88463.1	NC_001145.3	48.603	179	173	1	164	545155	545691	1.76e-50	172
CDF88463.1	NC_001134.8	32.278	158	173	14	163	568381	567920	1.13e-17	78.2
CDF88463.1	NC_001147.6	32.515	163	173	16	170	502843	503322	2.21e-17	77.4
CDF88463.1	NC_001136.10	29.299	157	173	14	163	116363	116824	3.42e-15	71.2
CDF88463.1	NC_001136.10	31.061	132	173	14	141	216571	216957	4.97e-15	70.5
CDF88464.1	NC_001136.10	60.767	339	328	1	326	316385	315369	1.24e-128	404
CDF88464.1	NC_001143.9	53.004	283	328	2	281	279177	279995	1.62e-85	280
CDF88464.1	NC_001147.6	42.458	358	328	1	322	82881	81814	1.96e-66	224
CDF88465.1	NC_001145.3	78.028	355	366	11	364	546167	547231	0.0	585
CDF88465.1	NC_001145.3	25.267	281	366	34	305	270893	270162	7.36e-14	72.0
CDF88465.1	NC_001145.3	24.138	261	366	1	239	474562	473816	7.64e-13	68.6
CDF88465.1	NC_001136.10	63.934	366	366	1	361	314078	312984	4.73e-154	478
CDF88465.1	NC_001136.10	34.122	296	366	40	320	267815	268657	8.17e-45	164
CDF88465.1	NC_001136.10	25.243	309	366	40	322	281233	280394	6.54e-19	87.4
CDF88465.1	NC_001136.10	25.439	342	366	33	323	1412532	1413518	2.08e-18	85.9
CDF88465.1	NC_001136.10	25.523	239	366	38	250	1433884	1433213	7.89e-17	80.9
CDF88465.1	NC_001136.10	27.843	255	366	8	240	1465807	1465079	1.85e-16	79.7
CDF88465.1	NC_001136.10	25.926	243	366	38	250	1395163	1395855	2.24e-16	79.7
CDF88465.1	NC_001136.10	29.231	195	366	74	255	173189	173758	8.49e-14	71.6
CDF88465.1	NC_001136.10	25.962	208	366	34	233	1486987	1486394	5.08e-12	66.2
CDF88465.1	NC_001146.8	39.667	300	366	40	327	57453	56563	2.40e-65	223
CDF88465.1	NC_001146.8	24.696	247	366	29	232	681653	680943	1.60e-16	80.1
CDF88465.1	NC_001146.8	26.255	259	366	33	260	710005	710751	7.92e-13	68.6
CDF88465.1	NC_001147.6	36.301	292	366	40	322	79341	78478	1.54e-56	197
CDF88465.1	NC_001147.6	28.852	305	366	33	317	441678	442535	8.75e-27	110
CDF88465.1	NC_001147.6	33.182	220	366	33	239	295985	295362	1.69e-17	83.2
CDF88465.1	NC_001147.6	25.424	236	366	39	250	129786	130448	1.41e-16	80.1
CDF88465.1	NC_001147.6	27.309	249	366	36	250	996022	995312	1.12e-14	74.3
CDF88465.1	NC_001147.6	28.571	217	366	34	231	775981	776589	1.75e-12	67.8
CDF88465.1	NC_001147.6	25.571	219	366	33	229	246014	246625	1.10e-11	65.1
CDF88465.1	NC_001144.5	32.198	323	366	5	316	371620	372522	3.06e-44	162
CDF88465.1	NC_001144.5	25.926	297	366	26	259	851054	851896	4.98e-15	75.5
CDF88465.1	NC_001144.5	25.097	259	366	38	254	106951	106211	2.10e-13	70.5
CDF88466.1	NC_001136.10	64.666	583	587	3	577	312459	310711	0.0	819
CDF88466.1	NC_001136.10	30.972	607	587	6	558	1234269	1236083	4.15e-84	286
CDF88466.1	NC_001144.5	53.188	549	587	13	560	234072	232426	0.0	630
CDF88466.1	NC_001144.5	51.885	557	587	2	557	410699	412369	0.0	612
CDF88466.1	NC_001139.9	51.537	553	587	6	557	652993	651335	0.0	602
CDF88466.1	NC_001145.3	23.633	512	587	23	481	484387	485817	3.29e-16	81.3
CDF88466.1	NC_001137.3	24.125	514	587	8	482	120302	118875	2.07e-15	79.0
CDF88467.1	NC_001144.5	24.186	430	463	28	450	1012618	1013763	2.70e-24	105
CDF88467.1	NC_001147.6	25.806	403	463	8	396	58834	59907	7.53e-21	95.1
CDF88467.1	NC_001146.8	24.096	415	463	7	390	734366	735580	2.75e-17	84.0
CDF88468.1	NC_001145.3	56.222	450	468	35	468	547849	549162	4.90e-164	512
CDF88469.1	NC_001136.10	75.701	107	107	1	107	310122	309805	1.64e-32	117
CDF88470.1	NC_001136.10	79.558	181	199	2	182	308792	309334	3.89e-90	287
CDF88470.1	NC_001145.3	78.571	182	199	1	182	550805	550260	7.30e-86	275
CDF88471.1	NC_001136.10	96.324	136	143	8	143	307336	306929	2.38e-84	267
CDF88471.1	NC_001145.3	96.296	135	143	9	143	552496	552900	1.40e-83	265
CDF88472.1	NC_001145.3	43.448	290	337	48	337	553617	554387	4.38e-59	204
CDF88473.1	NC_001136.10	92.188	448	443	1	443	305237	306574	0.0	837
CDF88473.1	NC_001136.10	35.638	376	443	58	431	486867	487979	7.70e-72	245
CDF88473.1	NC_001136.10	37.533	381	443	61	441	171789	170674	1.27e-70	241
CDF88473.1	NC_001136.10	28.836	378	443	69	419	949738	948626	1.33e-35	139
CDF88473.1	NC_001136.10	28.000	325	443	9	327	394505	395398	1.57e-27	115
CDF88473.1	NC_001136.10	27.249	378	443	65	411	847613	846495	4.59e-26	110
CDF88473.1	NC_001142.9	35.509	383	443	61	442	154622	153507	6.59e-61	213
CDF88473.1	NC_001142.9	26.720	378	443	61	422	383963	385072	6.07e-33	131
CDF88473.1	NC_001143.9	35.509	383	443	61	442	555056	556171	8.28e-61	213
CDF88473.1	NC_001147.6	30.102	392	443	60	436	415631	414498	8.41e-53	189
CDF88473.1	NC_001147.6	32.133	361	443	79	421	723394	724458	4.86e-48	176
CDF88473.1	NC_001140.6	31.510	384	443	60	441	228794	227673	3.65e-52	187
CDF88473.1	NC_001140.6	31.332	383	443	61	429	442190	443317	4.47e-43	161
CDF88475.1	NC_001145.3	73.964	507	538	34	538	556313	554796	0.0	770
CDF88475.1	NC_001145.3	46.882	465	538	91	535	29651	28284	1.06e-115	375
CDF88475.1	NC_001136.10	59.665	538	538	3	538	303241	304845	0.0	629
CDF88476.1	NC_001136.10	80.645	62	64	1	62	302670	302485	3.19e-19	77.8
CDF88477.1	NC_001145.3	74.855	346	346	1	346	558524	557487	0.0	562
CDF88477.1	NC_001134.8	30.894	123	346	6	117	582681	583049	7.38e-12	65.5
CDF88478.1	NC_001136.10	77.289	273	272	1	272	301413	302231	1.50e-143	444
CDF88480.1	NC_001145.3	30.000	150	203	68	201	559340	559786	2.34e-13	66.6
CDF88481.1	NC_001145.3	36.264	91	129	1	91	560366	560638	2.08e-14	67.0
CDF88482.1	NC_001145.3	36.268	284	275	1	272	560996	561847	3.43e-51	179
CDF88483.1	NC_001145.3	64.706	187	192	4	190	562516	561977	1.78e-83	267
CDF88483.1	NC_001145.3	26.994	163	192	9	162	341172	341588	2.06e-13	66.6
CDF88484.1	NC_001148.4	37.597	258	280	6	252	488195	487422	9.09e-49	172
CDF88485.1	NC_001136.10	68.487	238	243	1	238	300990	300283	1.50e-107	339
CDF88486.1	NC_001145.3	55.014	349	362	6	351	563117	564163	3.40e-125	395
CDF88486.1	NC_001137.3	22.251	391	362	7	358	361644	360517	1.56e-18	86.3
CDF88486.1	NC_001134.8	21.053	361	362	33	354	90966	92003	3.62e-15	75.9
CDF88487.1	NC_001136.10	39.143	350	523	31	370	296898	297896	8.01e-69	239
CDF88488.1	NC_001145.3	30.919	718	697	1	690	568182	566038	6.46e-115	380
CDF88489.1	NC_001136.10	54.964	413	416	10	415	296284	295061	1.22e-142	448
CDF88489.1	NC_001148.4	31.790	324	416	101	414	891964	891113	1.32e-29	120
CDF88489.1	NC_001139.9	25.070	355	416	74	377	214126	215172	1.28e-14	75.1
CDF88490.1	NC_001136.10	49.782	458	433	1	432	294759	293401	7.74e-136	429
CDF88491.1	NC_001136.10	58.519	135	136	1	135	292781	293185	1.66e-45	156
CDF88492.1	NC_001137.3	47.987	298	294	1	292	540363	539470	3.31e-87	283
CDF88492.1	NC_001140.6	31.293	294	294	7	293	519461	520306	8.58e-38	140
CDF88493.1	NC_001136.10	64.000	250	236	1	235	644930	644181	2.90e-108	340
CDF88493.1	NC_001137.3	64.898	245	236	1	234	539168	538437	1.94e-102	324
CDF88493.1	NC_001148.4	47.727	88	236	134	218	444675	444938	1.59e-23	97.4
CDF88494.1	NC_001137.3	40.061	659	600	4	600	536318	538276	4.36e-149	474
CDF88495.1	NC_001137.3	54.261	2171	2137	1	2137	536021	529533	0.0	2425
CDF88495.1	NC_001139.9	34.277	1590	2137	429	1972	1032487	1037148	0.0	899
CDF88495.1	NC_001139.9	32.922	729	2137	483	1187	1035208	1037304	3.07e-97	351
CDF88495.1	NC_001139.9	29.494	712	2137	462	1142	31124	29106	6.87e-71	265
CDF88495.1	NC_001139.9	24.924	658	2137	1322	1943	31097	29220	9.70e-41	165
CDF88495.1	NC_001142.9	26.016	369	2137	557	875	343143	344204	2.58e-18	91.3
CDF88495.1	NC_001144.5	30.851	188	2137	723	895	917135	916608	4.32e-15	80.5
CDF88495.1	NC_001144.5	28.718	195	2137	495	686	917999	917496	7.47e-11	66.6
CDF88496.1	NC_001137.3	90.837	753	771	1	753	527082	529340	0.0	1445
CDF88496.1	NC_001148.4	24.510	306	771	435	721	541056	541943	4.35e-24	107
CDF88497.1	NC_001137.3	75.743	202	228	13	214	526034	526639	3.57e-100	317
CDF88497.1	NC_001136.10	41.546	207	228	1	207	916486	917097	8.00e-46	161
CDF88497.1	NC_001143.9	29.064	203	228	9	210	393086	392577	8.52e-20	86.3
CDF88498.1	NC_001136.10	62.892	1245	1192	1	1191	643837	640118	0.0	1542
CDF88498.1	NC_001136.10	28.889	225	1192	930	1136	180242	180916	5.19e-25	112
CDF88498.1	NC_001147.6	26.942	824	1192	418	1160	147847	150153	8.37e-58	219
CDF88498.1	NC_001135.5	23.947	831	1192	334	1124	279184	276875	2.69e-52	201
CDF88498.1	NC_001140.6	36.364	209	1192	917	1114	351833	352438	3.33e-30	129
CDF88498.1	NC_001138.5	34.228	149	1192	903	1051	135348	134917	8.69e-18	88.6
CDF88499.1	NC_001137.3	52.455	835	855	4	823	523405	525657	0.0	799
CDF88499.1	NC_001136.10	39.558	498	855	3	469	637166	638563	4.68e-109	368
CDF88499.1	NC_001142.9	38.854	157	855	187	337	645329	644859	2.87e-24	108
CDF88500.1	NC_001137.3	57.063	538	536	8	536	522636	521032	0.0	621
CDF88501.1	NC_001137.3	38.926	447	760	240	660	519275	520453	8.47e-50	189
CDF88501.1	NC_001137.3	52.206	136	760	17	149	518258	518650	7.80e-21	97.4
CDF88502.1	NC_001137.3	72.650	1532	1699	14	1540	512771	517282	0.0	2339
CDF88502.1	NC_001136.10	69.470	1510	1699	18	1514	631369	635868	0.0	2204
CDF88502.1	NC_001136.10	43.750	96	1699	1606	1695	635821	636102	1.47e-11	68.6
CDF88502.1	NC_001133.9	38.636	1056	1699	421	1467	98818	95933	0.0	666
CDF88502.1	NC_001141.2	28.627	1020	1699	427	1441	262238	264877	9.68e-100	357
CDF88502.1	NC_001145.3	34.750	541	1699	916	1448	580885	579368	4.01e-85	310
CDF88502.1	NC_001145.3	27.094	561	1699	426	909	583027	581378	3.41e-51	199
CDF88503.1	NC_001136.10	88.889	144	153	8	151	630165	630596	1.11e-83	266
CDF88503.1	NC_001136.10	42.484	153	153	3	153	816881	817339	2.08e-36	130
CDF88503.1	NC_001136.10	48.092	131	153	18	148	569632	569240	1.13e-34	126
CDF88503.1	NC_001136.10	35.135	111	153	43	141	562177	561845	3.12e-18	79.0
CDF88503.1	NC_001136.10	28.926	121	153	31	145	337705	338067	1.26e-16	74.3
CDF88503.1	NC_001134.8	46.099	141	153	8	148	407056	406634	1.81e-36	131
CDF88503.1	NC_001139.9	35.766	137	153	6	142	394004	394414	1.60e-29	111
CDF88503.1	NC_001139.9	30.882	136	153	6	126	756953	757360	5.49e-12	61.2
CDF88503.1	NC_001147.6	40.000	140	153	2	140	958814	958395	5.76e-29	109
CDF88503.1	NC_001137.3	41.600	125	153	30	152	131973	132347	1.52e-26	102
CDF88503.1	NC_001137.3	33.333	114	153	6	114	359583	359912	1.18e-14	68.9
CDF88504.1	NC_001137.3	80.035	576	584	1	576	510373	512076	0.0	938
CDF88504.1	NC_001138.5	30.691	391	584	42	391	200150	201256	5.83e-44	167
CDF88504.1	NC_001140.6	29.412	289	584	37	299	134875	135723	2.59e-31	129
CDF88504.1	NC_001146.8	28.497	193	584	9	200	603042	603611	3.38e-18	87.8
CDF88504.1	NC_001146.8	28.022	182	584	223	403	603135	603632	9.92e-17	83.2
CDF88504.1	NC_001135.5	25.329	304	584	130	401	102989	102081	9.92e-18	86.3
CDF88505.1	NC_001137.3	70.732	1476	1423	2	1423	505398	509795	0.0	2035
CDF88505.1	NC_001147.6	44.021	577	1423	356	925	885027	886682	6.70e-141	479
CDF88505.1	NC_001147.6	43.487	522	1423	354	851	858002	856506	4.43e-120	416
CDF88505.1	NC_001147.6	24.928	345	1423	372	663	695313	696335	5.54e-12	69.7
CDF88505.1	NC_001141.2	45.776	509	1423	354	842	119357	120829	1.05e-123	427
CDF88505.1	NC_001134.8	44.894	519	1423	359	871	710981	709485	3.30e-123	425
CDF88505.1	NC_001134.8	31.893	486	1423	390	828	384138	385526	1.16e-54	209
CDF88505.1	NC_001134.8	28.870	239	1423	350	557	467716	468369	3.61e-19	93.2
CDF88505.1	NC_001134.8	33.735	166	1423	674	837	469066	469557	9.55e-17	85.5
CDF88505.1	NC_001142.9	33.270	529	1423	368	837	498243	499766	7.59e-75	275
CDF88506.1	NC_001136.10	87.007	608	607	1	607	628534	626711	0.0	1107
CDF88507.1	NC_001137.3	56.332	229	227	6	224	503764	503078	1.32e-75	246
CDF88508.1	NC_001136.10	61.189	286	316	1	276	625998	625141	1.68e-110	351
CDF88509.1	NC_001137.3	50.000	768	740	1	738	502894	500642	0.0	742
CDF88510.1	NC_001137.3	45.272	349	340	1	332	500348	499377	8.91e-61	209
CDF88511.1	NC_001136.10	49.157	356	318	7	318	619561	618500	2.36e-100	322
CDF88512.1	NC_001136.10	62.205	254	265	1	243	618306	617548	2.15e-99	317
CDF88513.1	NC_001136.10	73.750	80	75	1	75	617170	616931	3.20e-36	126
CDF88514.1	NC_001137.3	73.077	104	131	25	128	491838	491533	1.14e-44	153
CDF88515.1	NC_001136.10	30.196	255	707	483	707	615016	614291	3.72e-22	101
CDF88515.1	NC_001137.3	41.379	87	707	636	707	489120	488860	8.60e-14	73.9
CDF88516.1	NC_001136.10	67.347	196	199	5	196	614001	613414	4.13e-89	284
CDF88517.1	NC_001136.10	66.418	402	376	1	376	612073	613248	1.65e-153	477
CDF88518.1	NC_001136.10	31.013	474	415	3	409	610450	611868	1.13e-66	229
CDF88520.1	NC_001136.10	59.387	751	812	1	687	610081	607904	0.0	875
CDF88520.1	NC_001136.10	38.136	118	812	703	812	607660	607307	6.46e-13	71.6
CDF88521.1	NC_001136.10	45.389	965	891	8	891	604059	606950	0.0	839
CDF88522.1	NC_001136.10	83.099	71	72	1	71	603811	603599	6.05e-36	125
CDF88523.1	NC_001137.3	49.433	793	752	1	745	484788	487157	0.0	779
CDF88524.1	NC_001136.10	81.000	100	106	3	101	603082	603381	1.43e-49	166
CDF88525.1	NC_001137.3	61.877	341	339	7	339	484353	483331	1.29e-143	447
CDF88526.1	NC_001137.3	50.799	2002	2137	224	2136	482224	476354	0.0	1975
CDF88526.1	NC_001134.8	28.934	197	2137	1933	2126	733241	732669	2.59e-14	78.2
CDF88527.1	NC_001137.3	61.667	360	387	37	384	475140	476219	1.92e-152	474
CDF88528.1	NC_001137.3	33.065	248	328	11	248	474829	474110	5.60e-32	125
CDF88529.1	NC_001137.3	59.410	441	450	9	448	473973	472666	5.39e-178	551
CDF88530.1	NC_001136.10	44.397	232	222	2	222	602896	602201	3.36e-55	188
CDF88531.1	NC_001137.3	52.022	915	846	11	845	472400	469695	0.0	823
CDF88532.1	NC_001139.9	51.792	614	586	5	584	303393	301552	0.0	608
CDF88533.1	NC_001139.9	42.920	452	415	1	408	299978	301330	2.66e-114	366
CDF88534.1	NC_001134.8	71.240	379	375	1	369	686592	685459	0.0	573
CDF88535.1	NC_001134.8	52.874	87	88	1	80	684977	685237	4.82e-22	87.0
CDF88536.1	NC_001139.9	79.264	516	508	1	508	299728	298181	0.0	840
CDF88537.1	NC_001139.9	39.942	686	652	1	652	295932	297926	1.48e-108	359
CDF88538.1	NC_001134.8	57.009	428	425	12	425	683485	684654	2.01e-145	456
CDF88539.1	NC_001134.8	49.097	277	298	16	281	683045	682236	1.27e-70	235
CDF88540.1	NC_001139.9	69.596	717	714	8	713	293496	295631	0.0	996
CDF88541.1	NC_001139.9	82.099	324	324	1	324	292033	293004	2.48e-179	549
CDF88542.1	NC_001139.9	64.065	615	570	4	570	289821	291638	0.0	801
CDF88542.1	NC_001139.9	35.987	314	570	202	515	493448	492537	7.24e-58	208
CDF88542.1	NC_001139.9	34.463	177	570	351	519	946420	946923	1.76e-23	104
CDF88544.1	NC_001139.9	67.076	489	544	59	541	284469	285932	0.0	686
CDF88545.1	NC_001139.9	90.066	755	777	1	755	283937	281679	0.0	1428
CDF88545.1	NC_001137.3	49.688	642	777	92	728	180278	182137	0.0	630
CDF88545.1	NC_001143.9	45.030	664	777	81	730	600862	602811	7.27e-171	545
CDF88545.1	NC_001143.9	37.216	747	777	4	724	288812	291004	3.81e-139	453
CDF88545.1	NC_001146.8	42.708	672	777	84	728	646317	644362	2.76e-164	526
CDF88545.1	NC_001144.5	30.122	654	777	76	664	960180	962084	2.44e-77	272
CDF88546.1	NC_001139.9	44.118	102	129	25	126	281091	280789	6.75e-18	77.0
CDF88547.1	NC_001139.9	73.267	101	514	1	101	280523	280221	2.88e-38	149
CDF88548.1	NC_001139.9	92.411	224	259	36	259	277707	278378	4.61e-138	427
CDF88549.1	NC_001134.8	38.462	104	151	48	151	679866	679555	6.00e-17	75.1
CDF88550.1	NC_001139.9	51.366	549	517	22	517	276417	274783	7.13e-174	542
CDF88551.1	NC_001145.3	57.143	63	435	371	432	542612	542800	1.23e-18	87.8
CDF88552.1	NC_001134.8	49.594	986	947	1	947	679218	676360	0.0	933
CDF88553.1	NC_001134.8	53.420	307	303	1	303	675313	676224	4.36e-110	349
CDF88554.1	NC_001134.8	66.008	506	501	1	490	675134	673623	0.0	657
CDF88555.1	NC_001134.8	41.470	721	794	160	790	671173	673311	2.31e-170	544
CDF88556.1	NC_001139.9	70.667	600	599	1	599	272520	274319	0.0	910
CDF88556.1	NC_001148.4	42.193	301	599	11	299	506291	505401	2.46e-62	223
CDF88556.1	NC_001148.4	40.234	256	599	336	585	505124	504384	1.45e-49	184
CDF88557.1	NC_001134.8	39.139	534	522	3	509	670255	668678	9.85e-118	381
CDF88558.1	NC_001134.8	73.694	536	535	3	535	668327	666723	0.0	827
CDF88558.1	NC_001134.8	21.717	396	535	169	526	318965	320152	5.98e-15	77.0
CDF88558.1	NC_001134.8	21.763	556	535	53	521	473056	471473	1.15e-13	72.8
CDF88558.1	NC_001133.9	21.288	559	535	20	535	44551	42947	3.76e-23	103
CDF88558.1	NC_001144.5	21.538	390	535	185	535	446765	445614	1.77e-16	82.0
CDF88559.1	NC_001134.8	77.049	366	360	2	360	666253	665156	0.0	594
CDF88560.1	NC_001134.8	68.478	552	556	5	556	664653	662998	0.0	811
CDF88561.1	NC_001139.9	36.533	375	371	4	358	271003	272106	1.62e-65	224
CDF88562.1	NC_001139.9	73.016	126	127	2	127	270769	270395	1.23e-59	196
CDF88563.1	NC_001134.8	86.655	1169	1177	2	1170	662243	658737	0.0	2131
CDF88563.1	NC_001134.8	36.100	482	1177	5	466	640380	638998	7.80e-84	300
CDF88563.1	NC_001139.9	86.638	1175	1177	1	1175	385196	388720	0.0	2111
CDF88563.1	NC_001145.3	31.162	568	1177	7	509	683657	682014	2.97e-63	236
CDF88563.1	NC_001146.8	31.274	518	1177	20	467	661197	659683	1.45e-62	234
CDF88564.1	NC_001139.9	38.462	247	208	1	208	389693	388971	9.13e-38	137
CDF88565.1	NC_001134.8	45.283	212	208	1	208	657832	658389	9.50e-49	169
CDF88566.1	NC_001139.9	40.089	671	655	3	655	389984	391966	7.79e-162	514
CDF88566.1	NC_001134.8	38.166	676	655	3	655	657591	655591	4.02e-149	477
CDF88567.1	NC_001134.8	38.578	464	629	188	629	654130	655314	4.82e-70	246
CDF88568.1	NC_001139.9	66.870	492	484	1	484	392223	393695	0.0	694
CDF88569.1	NC_001139.9	96.988	166	169	1	166	393986	394483	2.42e-107	335
CDF88569.1	NC_001139.9	39.394	99	169	36	131	757076	757372	3.33e-18	79.7
CDF88569.1	NC_001145.3	37.654	162	169	1	148	318680	319165	6.94e-38	135
CDF88569.1	NC_001136.10	40.909	132	169	16	147	569641	569246	5.75e-32	119
CDF88569.1	NC_001136.10	38.583	127	169	14	139	630180	630560	6.80e-26	101
CDF88569.1	NC_001136.10	37.594	133	169	32	151	562216	561818	3.12e-25	99.8
CDF88569.1	NC_001136.10	35.971	139	169	10	141	337624	338040	3.75e-23	94.0
CDF88569.1	NC_001136.10	34.127	126	169	7	130	816890	817267	2.93e-22	91.3
CDF88569.1	NC_001134.8	41.538	130	169	18	147	407029	406640	1.28e-31	118
CDF88569.1	NC_001147.6	41.549	142	169	7	147	958802	958377	1.30e-31	118
CDF88570.1	NC_001139.9	28.077	260	257	8	252	395739	394975	6.77e-16	75.9
CDF88571.1	NC_001134.8	62.157	547	560	28	558	651478	652989	0.0	640
CDF88571.1	NC_001139.9	57.726	563	560	28	558	397606	396041	0.0	587
CDF88572.1	NC_001139.9	74.375	480	481	4	478	398703	400142	0.0	769
CDF88573.1	NC_001134.8	44.526	274	261	4	261	650374	651189	7.73e-68	226
CDF88575.1	NC_001134.8	36.364	330	310	5	306	647129	646206	4.75e-49	174
CDF88576.1	NC_001139.9	86.861	137	142	2	138	401287	400877	9.93e-78	248
CDF88576.1	NC_001134.8	62.879	132	142	6	137	645571	645966	2.97e-46	158
CDF88577.1	NC_001148.4	64.583	336	343	4	339	381971	382978	3.68e-156	483
CDF88577.1	NC_001148.4	24.351	308	343	52	334	790221	791072	3.09e-11	63.5
CDF88577.1	NC_001142.9	28.571	329	343	13	333	727213	728154	7.14e-34	131
CDF88577.1	NC_001136.10	27.829	327	343	13	333	18632	17691	6.53e-33	128
CDF88577.1	NC_001146.8	27.829	327	343	13	333	17176	16235	6.29e-32	125
CDF88577.1	NC_001135.5	26.154	325	343	13	333	313953	314894	2.26e-28	115
CDF88579.1	NC_001145.3	62.521	587	574	1	574	770801	772555	0.0	759
CDF88579.1	NC_001136.10	23.507	268	574	114	377	1051631	1050900	1.03e-11	66.6
CDF88580.1	NC_001147.6	60.652	399	383	1	382	233636	232455	9.86e-150	467
CDF88581.1	NC_001145.3	48.824	1573	1555	1	1555	768039	763354	0.0	1493
CDF88582.1	NC_001147.6	51.220	492	490	1	490	915094	913622	7.33e-170	530
CDF88583.1	NC_001147.6	59.113	203	210	11	210	912849	913457	2.52e-80	259
CDF88584.1	NC_001145.3	50.505	99	108	1	96	758831	758535	3.55e-28	105
CDF88585.1	NC_001135.5	57.362	326	361	13	336	157074	156115	2.66e-114	364
CDF88585.1	NC_001136.10	32.000	325	361	5	320	508156	509037	1.31e-44	163
CDF88585.1	NC_001134.8	35.741	263	361	1	257	343101	343826	1.34e-40	151
CDF88586.1	NC_001145.3	66.558	308	307	8	305	757292	758209	3.45e-126	395
CDF88586.1	NC_001143.9	39.241	237	307	36	257	519860	520528	5.31e-34	130
CDF88586.1	NC_001142.9	37.238	239	307	34	255	194630	193950	1.47e-31	123
CDF88586.1	NC_001146.8	34.799	273	307	42	302	502031	502771	6.18e-30	118
CDF88586.1	NC_001141.2	35.556	270	307	42	296	128835	129563	5.29e-27	110
CDF88587.1	NC_001145.3	58.297	458	433	2	431	756169	754841	8.47e-161	501
CDF88587.1	NC_001147.6	52.193	456	433	2	431	907555	906248	3.63e-148	464
CDF88587.1	NC_001136.10	34.694	147	433	11	156	860507	860941	1.28e-12	68.9
CDF88588.1	NC_001147.6	46.748	246	372	78	323	902682	901945	2.29e-73	246
CDF88589.1	NC_001145.3	92.308	169	169	1	169	753734	753228	8.79e-105	327
CDF88589.1	NC_001147.6	92.308	169	169	1	169	900759	900253	8.80e-105	327
CDF88590.1	NC_001147.6	70.342	263	314	24	281	899847	899059	3.98e-122	384
CDF88591.1	NC_001147.6	85.897	468	527	1	468	898360	896996	0.0	804
CDF88591.1	NC_001139.9	25.000	208	527	188	381	666698	667312	1.36e-11	66.2
CDF88592.1	NC_001147.6	31.579	551	476	6	465	896279	894672	1.69e-49	181
CDF88593.1	NC_001147.6	61.556	450	443	1	437	894092	892761	1.54e-179	555
CDF88593.1	NC_001142.9	30.633	395	443	82	439	71399	72541	1.23e-40	154
CDF88594.1	NC_001145.3	76.490	302	307	8	307	751997	752902	1.40e-162	500
CDF88594.1	NC_001134.8	22.997	287	307	1	275	784572	783739	6.96e-11	61.6
CDF88595.1	NC_001147.6	51.464	239	236	1	235	889022	889729	9.86e-76	247
CDF88597.1	NC_001145.3	47.606	376	448	1	342	751240	750119	1.68e-111	360
CDF88598.1	NC_001141.2	27.416	445	516	54	487	407459	406278	9.19e-26	110
CDF88599.1	NC_001145.3	60.648	432	462	39	453	749548	748280	3.17e-171	532
CDF88600.1	NC_001147.6	76.214	1009	982	1	982	884856	887870	0.0	1568
CDF88600.1	NC_001147.6	46.296	486	982	54	524	857996	856542	2.71e-133	443
CDF88600.1	NC_001147.6	29.655	145	982	390	533	696861	697292	1.11e-15	81.3
CDF88600.1	NC_001134.8	55.932	944	982	9	933	711116	708363	0.0	1005
CDF88600.1	NC_001134.8	31.181	542	982	77	564	384102	385664	9.72e-60	223
CDF88600.1	NC_001134.8	28.049	246	982	65	284	467794	468504	2.93e-21	99.4
CDF88600.1	NC_001134.8	34.586	133	982	392	523	469168	469560	5.98e-17	85.1
CDF88600.1	NC_001141.2	45.301	532	982	19	524	119228	120820	9.29e-140	462
CDF88600.1	NC_001137.3	42.014	576	982	58	605	506493	508190	2.10e-135	449
CDF88600.1	NC_001138.5	39.636	550	982	51	524	229998	231644	4.38e-115	390
CDF88602.1	NC_001147.6	72.335	394	393	2	392	882914	884095	0.0	618
CDF88602.1	NC_001142.9	44.133	392	393	6	366	172298	171138	2.56e-110	354
CDF88604.1	NC_001147.6	51.636	428	427	4	427	881001	882269	4.51e-145	455
CDF88605.1	NC_001145.3	70.575	452	453	2	453	746377	747726	0.0	693
CDF88605.1	NC_001143.9	52.308	455	453	1	453	352624	351278	8.87e-154	481
CDF88606.1	NC_001147.6	57.649	791	778	1	777	878435	880669	0.0	948
CDF88606.1	NC_001145.3	55.584	788	778	1	778	743749	745920	0.0	884
CDF88606.1	NC_001143.9	28.049	328	778	112	431	491634	492569	3.09e-21	98.6
CDF88606.1	NC_001143.9	26.829	246	778	503	748	492969	493514	5.26e-13	71.6
CDF88606.1	NC_001142.9	24.026	308	778	466	770	240896	241630	7.31e-14	74.7
CDF88607.1	NC_001145.3	77.703	148	148	3	147	742998	743438	3.06e-71	230
CDF88608.1	NC_001147.6	62.260	469	637	1	425	824867	823476	0.0	575
CDF88608.1	NC_001147.6	69.412	85	637	553	637	822845	822591	8.13e-34	137
CDF88608.1	NC_001147.6	31.004	229	637	178	395	775987	776649	1.84e-19	92.0
CDF88608.1	NC_001147.6	30.516	213	637	180	382	246029	246643	1.53e-16	82.8
CDF88608.1	NC_001147.6	27.313	227	637	177	387	129774	130418	8.09e-15	77.0
CDF88608.1	NC_001147.6	28.936	235	637	178	405	295976	295311	1.56e-12	69.7
CDF88608.1	NC_001147.6	24.786	234	637	175	376	105400	106053	1.39e-11	66.6
CDF88608.1	NC_001147.6	25.346	217	637	171	381	773249	773863	1.83e-11	66.2
CDF88608.1	NC_001136.10	46.802	344	637	142	451	406411	405392	4.74e-83	285
CDF88608.1	NC_001136.10	49.573	234	637	163	396	75504	74812	5.28e-73	255
CDF88608.1	NC_001136.10	29.469	207	637	177	382	1412538	1413128	4.10e-17	84.7
CDF88608.1	NC_001136.10	30.638	235	637	177	397	1465729	1465058	2.79e-16	82.0
CDF88608.1	NC_001136.10	30.890	191	637	233	415	267959	268501	4.46e-13	71.6
CDF88608.1	NC_001136.10	26.754	228	637	177	387	1433893	1433243	7.18e-13	70.9
CDF88608.1	NC_001136.10	26.906	223	637	178	375	281245	280604	7.47e-12	67.4
CDF88608.1	NC_001146.8	45.879	364	637	54	396	294561	293545	6.83e-80	275
CDF88608.1	NC_001135.5	38.340	253	637	153	395	129346	130095	1.55e-46	176
CDF88608.1	NC_001135.5	31.019	216	637	177	382	79225	79842	7.76e-18	87.0
CDF88608.1	NC_001135.5	26.852	216	637	182	382	243466	242828	5.37e-11	64.7
CDF88608.1	NC_001143.9	33.871	248	637	175	392	132232	131498	9.15e-36	143
CDF88608.1	NC_001143.9	29.832	238	637	185	396	69614	68910	2.70e-21	98.2
CDF88608.1	NC_001143.9	25.769	260	637	177	397	249163	249894	4.34e-13	71.6
CDF88609.1	NC_001147.6	37.360	356	403	56	385	821212	822267	1.01e-72	246
CDF88610.1	NC_001147.6	62.264	106	106	1	106	820454	820771	4.61e-37	130
CDF88612.1	NC_001147.6	79.827	347	345	1	345	817292	818332	0.0	578
CDF88612.1	NC_001144.5	32.056	287	345	6	291	624221	625018	1.05e-45	166
CDF88612.1	NC_001142.9	26.271	236	345	6	232	572106	571441	3.87e-19	87.8
CDF88613.1	NC_001147.6	77.744	328	326	1	324	816931	815948	2.74e-166	511
CDF88614.1	NC_001148.4	65.155	419	435	26	430	225627	224371	0.0	579
CDF88615.1	NC_001147.6	50.342	584	514	1	514	813984	815717	5.75e-179	557
CDF88616.1	NC_001147.6	85.714	441	433	1	433	813708	812398	0.0	767
CDF88616.1	NC_001147.6	43.366	309	433	114	422	545380	546306	4.35e-78	263
CDF88616.1	NC_001139.9	43.548	372	433	69	433	411190	410078	5.31e-95	311
CDF88616.1	NC_001139.9	40.562	249	433	158	400	1028567	1029286	1.05e-53	192
CDF88616.1	NC_001139.9	34.454	357	433	65	401	542140	543138	5.23e-45	166
CDF88616.1	NC_001143.9	45.652	322	433	112	432	174642	175607	3.92e-89	295
CDF88616.1	NC_001143.9	37.302	252	433	171	408	71795	71049	2.28e-42	159
CDF88616.1	NC_001136.10	41.076	353	433	78	429	1261897	1262946	8.06e-83	276
CDF88616.1	NC_001136.10	42.857	329	433	101	426	438362	439348	2.04e-82	275
CDF88616.1	NC_001136.10	44.444	234	433	173	406	238037	237345	2.61e-59	208
CDF88616.1	NC_001136.10	38.683	243	433	159	401	237260	236532	2.26e-52	188
CDF88616.1	NC_001136.10	31.788	151	433	197	345	1225801	1225379	5.20e-13	70.1
CDF88616.1	NC_001145.3	41.365	249	433	173	418	447057	446314	9.25e-53	189
CDF88617.1	NC_001147.6	44.393	214	214	1	207	811671	812312	1.54e-52	180
CDF88618.1	NC_001148.4	57.679	293	296	1	292	223143	224021	9.38e-116	365
CDF88619.1	NC_001148.4	69.804	255	261	2	256	877626	876862	1.29e-129	403
CDF88620.1	NC_001148.4	72.414	145	158	3	147	878085	878519	1.15e-67	220
CDF88621.1	NC_001148.4	45.898	512	470	1	470	878690	880165	4.43e-133	423
CDF88622.1	NC_001146.8	41.877	277	259	4	259	339299	338481	2.87e-62	210
CDF88623.1	NC_001146.8	41.520	171	185	8	169	339651	340157	2.15e-36	132
CDF88624.1	NC_001140.6	62.150	428	431	6	431	369776	368505	0.0	562
CDF88625.1	NC_001140.6	74.219	128	122	3	122	370063	370446	4.86e-48	162
CDF88625.1	NC_001146.8	61.165	103	122	3	100	340364	340672	6.57e-36	128
CDF88626.1	NC_001146.8	49.000	300	264	5	262	341971	341072	1.49e-87	283
CDF88626.1	NC_001140.6	37.175	269	264	3	261	371504	370725	5.85e-51	177
CDF88627.1	NC_001140.6	54.902	255	233	1	233	371794	372555	1.87e-76	249
CDF88628.1	NC_001146.8	46.183	262	259	1	251	342528	343310	1.40e-67	225
CDF88629.1	NC_001146.8	70.415	578	574	3	574	345252	343639	0.0	722
CDF88629.1	NC_001140.6	82.353	391	574	6	396	374292	373141	0.0	677
CDF88629.1	NC_001137.3	59.945	362	574	63	385	404816	405889	1.37e-143	457
CDF88629.1	NC_001148.4	51.613	310	574	71	373	164288	165205	3.64e-97	323
CDF88629.1	NC_001136.10	28.958	259	574	75	313	1433896	1433186	7.95e-13	70.5
CDF88630.1	NC_001148.4	33.623	345	446	67	393	381947	382981	1.25e-56	201
CDF88630.1	NC_001146.8	25.148	338	446	66	386	17227	16235	2.99e-18	86.7
CDF88630.1	NC_001136.10	25.656	343	446	66	386	18683	17691	3.98e-16	80.1
CDF88630.1	NC_001142.9	24.926	337	446	67	386	727165	728154	1.06e-15	78.6
CDF88631.1	NC_001146.8	75.145	346	348	1	346	359596	360633	0.0	562
CDF88633.1	NC_001140.6	50.884	509	505	2	500	375727	377232	2.51e-179	557
CDF88633.1	NC_001139.9	29.077	509	505	24	501	116134	117549	7.51e-60	212
CDF88634.1	NC_001146.8	64.341	129	129	1	129	346058	345672	1.86e-52	176
CDF88635.1	NC_001140.6	38.095	105	101	4	101	377678	377367	6.25e-14	64.3
CDF88636.1	NC_001146.8	78.543	494	494	1	493	357453	358934	0.0	791
CDF88636.1	NC_001139.9	44.262	427	494	19	445	732903	731653	1.08e-113	368
CDF88636.1	NC_001148.4	42.721	419	494	27	445	812417	811182	3.58e-111	361
CDF88637.1	NC_001146.8	40.162	371	362	1	362	336545	337606	2.11e-63	217
CDF88637.1	NC_001140.6	42.424	297	362	88	362	379106	378234	1.11e-59	206
CDF88638.1	NC_001140.6	43.893	262	263	4	263	380602	381282	3.59e-61	207
CDF88639.1	NC_001146.8	90.637	502	881	380	881	333386	334864	0.0	944
CDF88639.1	NC_001146.8	35.770	383	881	433	812	709915	710913	1.94e-64	236
CDF88639.1	NC_001146.8	41.753	194	881	69	254	332681	333160	1.37e-25	113
CDF88639.1	NC_001146.8	27.099	262	881	474	731	681620	680934	2.09e-14	76.6
CDF88639.1	NC_001148.4	31.590	459	881	395	844	747579	748862	2.09e-66	241
CDF88639.1	NC_001148.4	28.184	369	881	458	820	166433	167320	4.84e-37	150
CDF88639.1	NC_001148.4	36.184	152	881	465	613	263613	263164	1.16e-20	97.1
CDF88639.1	NC_001148.4	36.842	152	881	463	614	157299	156844	5.30e-17	85.1
CDF88639.1	NC_001148.4	31.646	158	881	466	613	288401	287943	4.54e-12	68.9
CDF88639.1	NC_001139.9	32.033	487	881	369	844	668408	669769	2.93e-66	241
CDF88639.1	NC_001139.9	26.409	337	881	472	778	160146	161009	1.35e-20	97.1
CDF88639.1	NC_001139.9	22.667	300	881	463	743	207378	208136	5.08e-18	88.6
CDF88639.1	NC_001139.9	25.076	331	881	451	753	165007	164204	6.49e-17	84.7
CDF88639.1	NC_001135.5	34.204	383	881	433	812	275280	276269	3.85e-63	231
CDF88639.1	NC_001135.5	30.409	171	881	472	625	129427	129918	7.99e-16	81.3
CDF88639.1	NC_001135.5	33.813	139	881	474	611	243466	243050	9.16e-14	74.7
CDF88639.1	NC_001135.5	31.757	148	881	474	613	79240	79683	1.63e-13	73.6
CDF88639.1	NC_001143.9	33.516	364	881	459	820	206718	207602	1.40e-45	177
CDF88639.1	NC_001143.9	39.474	152	881	462	613	135462	135007	9.57e-34	139
CDF88639.1	NC_001143.9	37.984	129	881	687	811	134991	134617	5.06e-21	98.2
CDF88640.1	NC_001146.8	91.509	106	106	1	106	331834	332151	6.52e-54	178
CDF88640.1	NC_001140.6	92.381	105	106	2	106	382307	381993	2.07e-53	177
CDF88641.1	NC_001140.6	67.419	310	314	3	312	383550	384479	1.95e-140	437
CDF88642.1	NC_001146.8	58.065	62	79	16	77	330344	330529	4.34e-21	83.6
CDF88643.1	NC_001146.8	66.876	1117	1084	1	1084	330073	326744	0.0	1472
CDF88643.1	NC_001136.10	36.675	409	1084	12	414	1243263	1244387	8.02e-71	259
CDF88643.1	NC_001136.10	31.533	463	1084	571	1030	1244415	1245656	8.50e-64	237
CDF88643.1	NC_001147.6	36.675	409	1084	12	414	575131	576255	8.23e-71	259
CDF88643.1	NC_001147.6	31.533	463	1084	571	1030	576283	577524	1.02e-63	236
CDF88643.1	NC_001143.9	22.642	530	1084	572	1065	123969	125444	2.93e-26	115
CDF88643.1	NC_001143.9	27.157	313	1084	3	306	122865	123671	1.03e-24	110
CDF88643.1	NC_001144.5	38.776	147	1084	20	166	715227	715640	8.43e-22	101
CDF88643.1	NC_001144.5	38.514	148	1084	19	161	273708	273295	5.70e-17	85.5
CDF88644.1	NC_001140.6	41.584	101	408	1	96	385510	385809	3.23e-12	67.4
CDF88645.1	NC_001146.8	47.449	392	368	1	357	323832	324998	3.23e-109	350
CDF88645.1	NC_001145.3	27.619	315	368	60	355	904861	905757	4.86e-22	97.1
CDF88645.1	NC_001147.6	25.556	270	368	78	345	1065133	1065882	4.36e-18	84.7
CDF88646.1	NC_001146.8	46.269	201	653	470	653	322812	322222	1.02e-39	155
CDF88647.1	NC_001140.6	92.857	70	70	1	70	387233	387442	1.17e-39	136
CDF88648.1	NC_001146.8	36.380	569	642	8	484	321329	319644	3.98e-69	244
CDF88649.1	NC_001146.8	65.900	261	261	1	261	318809	318033	1.13e-117	369
CDF88650.1	NC_001140.6	62.102	314	314	1	314	388726	387791	4.08e-127	399
CDF88651.1	NC_001146.8	66.057	492	490	1	486	317665	316196	0.0	686
CDF88652.1	NC_001146.8	44.242	1754	1678	27	1671	310750	315858	0.0	1350
CDF88653.1	NC_001146.8	49.425	87	1154	6	92	310036	309782	1.37e-23	107
CDF88653.1	NC_001140.6	47.368	95	1154	1	92	390300	390581	2.46e-20	96.7
CDF88654.1	NC_001146.8	62.113	388	373	10	373	308561	307404	1.06e-149	466
CDF88654.1	NC_001139.9	28.571	140	373	149	286	807038	806619	3.95e-13	69.7
CDF88655.1	NC_001142.9	38.537	615	557	1	557	534027	535745	1.29e-95	318
CDF88656.1	NC_001142.9	46.591	528	514	1	502	536056	537540	1.03e-132	424
CDF88656.1	NC_001145.3	52.632	228	514	9	229	181066	180383	1.97e-69	241
CDF88659.1	NC_001145.3	52.632	380	408	1	365	178426	179556	6.45e-140	440
CDF88660.1	NC_001145.3	42.506	1341	1290	1	1290	178155	174223	0.0	1003
CDF88661.1	NC_001145.3	39.752	322	326	6	326	173145	174071	1.35e-63	216
CDF88661.1	NC_001134.8	29.545	132	326	201	315	545556	545924	1.34e-11	64.3
CDF88662.1	NC_001142.9	52.229	157	150	4	147	538790	539248	1.55e-45	157
CDF88663.1	NC_001145.3	65.517	435	431	1	430	171594	172898	0.0	609
CDF88664.1	NC_001145.3	54.634	205	325	8	211	170411	171025	3.55e-73	244
CDF88664.1	NC_001136.10	31.628	215	325	29	235	61735	61103	2.00e-26	108
CDF88664.1	NC_001146.8	28.431	204	325	18	214	273582	272974	2.55e-17	81.6
CDF88665.1	NC_001142.9	43.721	215	218	1	186	542502	541876	7.73e-43	152
CDF88667.1	NC_001142.9	52.995	217	216	1	216	544065	544709	1.35e-74	243
CDF88668.1	NC_001142.9	82.993	147	147	1	147	545175	544735	4.20e-83	264
CDF88668.1	NC_001142.9	28.947	152	147	10	145	396491	396042	5.20e-12	60.8
CDF88668.1	NC_001144.5	39.865	148	147	3	147	501040	500612	7.44e-28	106
CDF88669.1	NC_001143.9	43.796	1096	1052	8	1051	73847	70740	0.0	831
CDF88669.1	NC_001143.9	38.767	227	1052	702	925	174828	175508	1.51e-40	162
CDF88669.1	NC_001136.10	30.348	603	1052	451	1032	237947	236301	5.87e-71	258
CDF88669.1	NC_001136.10	42.105	228	1052	702	929	238034	237351	8.55e-51	195
CDF88669.1	NC_001136.10	37.891	256	1052	677	926	1262110	1262871	1.46e-41	166
CDF88669.1	NC_001136.10	33.460	263	1052	694	951	438557	439333	2.08e-37	152
CDF88669.1	NC_001144.5	31.365	491	1052	449	929	914088	912670	1.74e-68	251
CDF88669.1	NC_001144.5	39.076	238	1052	702	935	71559	70846	4.47e-53	202
CDF88669.1	NC_001144.5	38.197	233	1052	702	929	914169	913471	1.32e-42	169
CDF88669.1	NC_001144.5	39.535	215	1052	717	926	72498	71854	8.82e-40	160
CDF88669.1	NC_001146.8	30.984	610	1052	456	1029	21220	19550	8.31e-62	230
CDF88669.1	NC_001147.6	40.969	227	1052	702	925	813177	812497	8.19e-45	176
CDF88669.1	NC_001147.6	33.858	254	1052	678	927	545488	546246	5.50e-36	147
CDF88670.1	NC_001142.9	54.545	561	618	39	548	546012	547691	0.0	652
CDF88670.1	NC_001142.9	26.471	340	618	211	505	107856	106930	5.15e-20	94.0
CDF88670.1	NC_001142.9	24.921	317	618	195	501	110889	110128	7.43e-14	73.9
CDF88670.1	NC_001143.9	47.813	663	618	3	612	70181	68262	0.0	596
CDF88670.1	NC_001143.9	26.627	338	618	197	508	132211	131297	6.33e-20	93.6
CDF88670.1	NC_001143.9	33.333	183	618	240	418	249406	249864	4.50e-15	77.8
CDF88670.1	NC_001143.9	25.738	237	618	195	421	135432	134848	5.47e-12	67.8
CDF88670.1	NC_001135.5	28.302	318	618	195	504	129427	130257	7.43e-27	115
CDF88670.1	NC_001135.5	33.152	184	618	240	420	79387	79848	4.00e-17	84.7
CDF88670.1	NC_001136.10	27.077	325	618	196	504	75450	74569	1.46e-25	111
CDF88670.1	NC_001136.10	31.120	241	618	193	420	1465720	1465088	1.30e-19	92.4
CDF88670.1	NC_001136.10	26.978	278	618	234	507	406159	405452	1.54e-19	92.4
CDF88670.1	NC_001136.10	24.046	262	618	187	435	1395148	1395861	3.25e-13	72.0
CDF88670.1	NC_001136.10	26.812	276	618	247	519	1412694	1413332	5.43e-13	71.2
CDF88670.1	NC_001136.10	29.787	188	618	240	421	956331	956843	2.58e-11	65.9
CDF88670.1	NC_001147.6	33.010	206	618	228	432	824114	823563	1.83e-24	108
CDF88670.1	NC_001147.6	27.848	237	618	187	418	129768	130403	1.44e-14	76.3
CDF88670.1	NC_001147.6	29.167	144	618	280	419	105700	106074	1.44e-12	69.7
CDF88670.1	NC_001147.6	30.882	136	618	283	418	246302	246643	1.52e-12	69.7
CDF88671.1	NC_001142.9	71.200	125	273	143	267	549368	549742	6.91e-53	183
CDF88672.1	NC_001143.9	41.480	892	913	59	890	67196	64578	0.0	675
CDF88672.1	NC_001142.9	37.841	917	913	19	901	550586	553276	0.0	644
CDF88673.1	NC_001142.9	45.759	448	410	6	410	554816	553479	1.87e-129	410
CDF88675.1	NC_001142.9	80.800	125	125	1	125	555195	555569	2.01e-66	215
CDF88676.1	NC_001142.9	86.299	562	559	1	559	555914	557599	0.0	1003
CDF88676.1	NC_001142.9	30.162	557	559	14	555	407531	409144	1.04e-76	263
CDF88676.1	NC_001142.9	31.285	537	559	26	558	207898	209466	2.50e-72	251
CDF88676.1	NC_001142.9	26.857	525	559	49	556	421570	420017	1.59e-50	186
CDF88676.1	NC_001136.10	35.619	525	559	36	554	200029	201576	1.12e-89	301
CDF88676.1	NC_001136.10	31.203	532	559	41	552	887295	888866	1.64e-65	231
CDF88676.1	NC_001136.10	30.185	487	559	44	510	836472	837896	4.15e-54	197
CDF88676.1	NC_001141.2	35.849	530	559	29	552	83314	84846	5.53e-80	273
CDF88676.1	NC_001144.5	25.000	152	559	25	172	664963	664508	3.09e-12	68.6
CDF88677.1	NC_001142.9	86.768	461	459	1	459	559158	557812	0.0	807
CDF88677.1	NC_001138.5	36.986	365	459	99	452	54252	53272	3.28e-70	241
CDF88677.1	NC_001136.10	29.605	456	459	5	453	399469	400626	6.13e-59	208
CDF88677.1	NC_001140.6	28.412	447	459	4	444	364126	363032	4.01e-51	185
CDF88677.1	NC_001144.5	21.951	410	459	106	447	301869	300718	6.47e-12	66.6
CDF88678.1	NC_001143.9	78.102	2466	2462	1	2462	63320	55938	0.0	3964
CDF88678.1	NC_001142.9	71.347	2457	2462	20	2462	559539	566825	0.0	3618
CDF88678.1	NC_001134.8	32.520	369	2462	2098	2462	52044	51022	4.38e-46	183
CDF88678.1	NC_001134.8	32.308	390	2462	2073	2462	511776	512771	1.23e-45	181
CDF88678.1	NC_001140.6	22.475	396	2462	2038	2386	312715	313866	6.43e-12	70.5
CDF88679.1	NC_001142.9	47.482	139	141	1	139	567444	567031	6.12e-39	137
CDF88680.1	NC_001142.9	69.688	353	352	1	350	567643	568701	1.63e-165	510
CDF88680.1	NC_001146.8	42.460	252	352	9	258	86236	86928	1.46e-57	200
CDF88680.1	NC_001147.6	39.568	278	352	24	298	142528	141755	1.18e-56	197
CDF88680.1	NC_001147.6	25.547	274	352	20	270	750177	750980	4.76e-15	75.5
CDF88680.1	NC_001134.8	29.305	331	352	25	287	423774	424748	2.16e-30	121
CDF88682.1	NC_001143.9	45.707	1118	1059	1	1053	50051	53320	0.0	941
CDF88683.1	NC_001142.9	68.750	192	192	2	192	569390	568815	4.38e-84	269
CDF88684.1	NC_001142.9	73.913	322	322	1	321	570598	569633	2.73e-156	483
CDF88685.1	NC_001143.9	37.079	267	278	5	264	49800	49048	4.78e-46	164
CDF88686.1	NC_001142.9	75.065	385	384	1	383	572124	570973	0.0	614
CDF88686.1	NC_001144.5	33.155	187	384	6	190	624218	624772	1.78e-22	98.6
CDF88686.1	NC_001147.6	29.444	180	384	7	180	817307	817837	3.64e-18	85.5
CDF88687.1	NC_001143.9	59.216	255	264	19	263	48191	48949	2.23e-92	296
CDF88688.1	NC_001143.9	31.641	256	220	9	219	47193	47960	2.87e-27	107
CDF88689.1	NC_001142.9	58.049	205	213	4	208	572932	572327	1.79e-74	243
CDF88690.1	NC_001143.9	51.172	1280	1290	28	1286	46256	42438	0.0	1274
CDF88690.1	NC_001143.9	29.771	262	1290	1052	1290	656932	657702	1.25e-21	101
CDF88690.1	NC_001143.9	25.965	285	1290	351	616	656881	657720	1.87e-16	84.3
CDF88690.1	NC_001143.9	23.146	445	1290	851	1277	654466	655725	1.03e-15	81.6
CDF88690.1	NC_001143.9	23.231	650	1290	4	597	653899	655731	1.07e-14	78.6
CDF88690.1	NC_001148.4	28.409	528	1290	772	1285	31013	32536	2.29e-47	185
CDF88690.1	NC_001148.4	28.289	456	1290	183	622	31280	32590	1.10e-41	167
CDF88690.1	NC_001136.10	23.288	949	1290	372	1281	725652	723049	2.04e-46	182
CDF88690.1	NC_001136.10	24.022	358	1290	253	603	724092	723037	1.25e-22	104
CDF88690.1	NC_001136.10	27.350	234	1290	1056	1274	725661	725032	6.51e-12	69.3
CDF88690.1	NC_001144.5	24.153	1151	1290	219	1275	44609	41394	1.42e-44	176
CDF88690.1	NC_001144.5	27.222	540	1290	755	1275	528702	530282	2.35e-42	169
CDF88690.1	NC_001144.5	27.529	425	1290	181	594	529047	530285	2.39e-37	152
CDF88690.1	NC_001144.5	29.719	249	1290	1052	1281	120335	121072	2.72e-18	90.1
CDF88690.1	NC_001144.5	33.036	224	1290	1080	1289	118424	119050	4.59e-18	89.4
CDF88690.1	NC_001144.5	23.183	289	1290	345	603	42206	41364	3.20e-16	83.6
CDF88690.1	NC_001144.5	31.507	219	1290	382	594	118388	119011	5.63e-16	82.8
CDF88690.1	NC_001144.5	26.141	241	1290	381	607	120380	121096	3.93e-14	76.6
CDF88690.1	NC_001144.5	21.090	422	1290	871	1275	44690	43497	1.56e-11	68.2
CDF88690.1	NC_001145.3	29.500	400	1290	211	594	868784	867645	4.09e-38	155
CDF88690.1	NC_001145.3	32.411	253	1290	1042	1289	868355	867606	1.18e-27	120
CDF88691.1	NC_001143.9	77.756	1016	1015	2	1015	39190	42234	0.0	1664
CDF88691.1	NC_001136.10	36.052	233	1015	392	618	1256880	1256239	6.80e-32	134
CDF88691.1	NC_001148.4	28.426	197	1015	427	612	681216	681773	5.11e-21	98.6
CDF88691.1	NC_001148.4	24.103	390	1015	1	387	895982	896974	1.53e-20	97.1
CDF88692.1	NC_001142.9	44.920	187	178	5	177	573200	573748	2.76e-43	152
CDF88693.1	NC_001142.9	56.675	397	395	1	394	573981	575162	2.57e-156	486
CDF88693.1	NC_001139.9	27.594	453	395	54	388	426735	425395	1.16e-43	161
CDF88694.1	NC_001142.9	74.341	417	407	1	405	576601	575357	0.0	614
CDF88694.1	NC_001136.10	36.607	336	407	11	301	52478	53473	1.67e-64	222
CDF88694.1	NC_001136.10	32.090	402	407	11	365	904995	903802	4.21e-57	201
CDF88694.1	NC_001135.5	40.264	303	407	17	313	118270	117386	6.05e-60	209
CDF88694.1	NC_001140.6	33.673	392	407	20	396	327943	326846	1.26e-52	188
CDF88694.1	NC_001144.5	33.876	307	407	14	296	763807	762908	2.15e-50	181
CDF88695.1	NC_001143.9	72.784	485	488	2	486	38126	36708	0.0	745
CDF88695.1	NC_001146.8	31.225	253	488	6	227	687683	688438	1.82e-18	87.8
CDF88696.1	NC_001143.9	63.782	624	622	1	622	34543	36411	0.0	868
CDF88696.1	NC_001147.6	30.120	415	622	114	512	525701	526897	2.46e-50	187
CDF88696.1	NC_001146.8	29.877	405	622	114	502	423997	422828	1.91e-49	185
CDF88696.1	NC_001146.8	28.458	506	622	42	504	31114	29642	2.42e-44	169
CDF88696.1	NC_001141.2	24.362	431	622	56	443	353221	352022	2.46e-11	65.9
CDF88697.1	NC_001143.9	57.639	720	719	2	717	34101	31966	0.0	856
CDF88697.1	NC_001134.8	31.140	228	719	89	301	616987	616316	3.85e-16	81.6
CDF88697.1	NC_001144.5	32.099	162	719	94	246	580319	579840	1.25e-15	80.1
CDF88698.1	NC_001143.9	40.212	189	180	15	178	31624	31088	2.82e-34	126
CDF88699.1	NC_001142.9	81.905	315	315	1	315	578190	577258	3.04e-167	513
CDF88699.1	NC_001142.9	26.122	245	315	4	242	160661	161347	4.67e-13	68.6
CDF88699.1	NC_001142.9	23.264	288	315	41	305	609860	610693	2.06e-11	63.5
CDF88699.1	NC_001137.3	40.550	291	315	16	303	259603	258755	1.85e-61	210
CDF88699.1	NC_001137.3	26.280	293	315	25	292	144450	145301	2.74e-15	75.5
CDF88699.1	NC_001143.9	26.481	287	315	26	302	533383	532562	1.86e-15	75.9
CDF88699.1	NC_001134.8	30.899	178	315	41	196	608234	608761	4.58e-14	71.6
CDF88699.1	NC_001148.4	25.267	281	315	24	293	601758	600955	1.65e-12	67.0
CDF88700.1	NC_001148.4	57.190	306	303	1	302	673751	674668	7.66e-116	365
CDF88700.1	NC_001148.4	29.225	284	303	30	297	601749	600931	8.79e-27	109
CDF88700.1	NC_001148.4	25.839	298	303	29	299	299455	298610	2.59e-20	90.1
CDF88700.1	NC_001148.4	21.562	320	303	9	297	584036	583089	2.66e-11	63.2
CDF88700.1	NC_001134.8	51.227	326	303	1	302	449667	450644	1.97e-105	336
CDF88700.1	NC_001134.8	25.321	312	303	43	303	607865	608782	1.44e-13	70.1
CDF88700.1	NC_001134.8	25.952	289	303	28	302	784524	783679	3.78e-12	65.5
CDF88700.1	NC_001147.6	28.239	301	303	18	297	514191	513328	3.66e-31	122
CDF88700.1	NC_001147.6	29.412	289	303	26	296	570762	569947	7.32e-28	112
CDF88700.1	NC_001147.6	27.402	281	303	28	286	758378	759181	1.15e-21	94.0
CDF88700.1	NC_001142.9	26.537	309	303	13	296	609770	610666	1.37e-23	99.8
CDF88700.1	NC_001141.2	24.324	296	303	28	296	344305	345138	1.53e-15	75.9
CDF88700.1	NC_001141.2	24.675	308	303	21	296	97413	98309	3.70e-13	68.6
CDF88702.1	NC_001133.9	31.743	482	534	52	527	8716	7334	1.87e-74	256
CDF88702.1	NC_001135.5	31.517	422	534	78	498	172352	171123	2.10e-70	244
CDF88702.1	NC_001139.9	30.208	480	534	64	525	619561	618200	1.41e-65	230
CDF88702.1	NC_001142.9	23.312	459	534	77	523	719879	721183	1.33e-17	85.5
CDF88702.1	NC_001141.2	22.788	452	534	61	498	32431	31127	5.70e-15	77.0
CDF88707.1	NC_001142.9	28.535	785	785	18	767	36231	33913	1.46e-105	355
CDF88707.1	NC_001148.4	24.807	778	785	35	774	926601	924358	2.19e-59	218
CDF88710.1	NC_001136.10	37.079	356	340	1	328	199741	198695	1.13e-59	206
CDF88711.1	NC_001136.10	36.216	555	552	2	544	946819	948435	1.56e-86	291
CDF88711.1	NC_001134.8	24.869	382	552	123	486	641979	640939	6.85e-12	67.4
CDF88712.1	NC_001134.8	27.468	466	567	78	532	253909	252539	1.50e-45	172
CDF88712.1	NC_001134.8	23.967	242	567	78	308	323630	322908	8.36e-13	70.5
CDF88712.1	NC_001134.8	23.906	297	567	7	294	589864	590724	2.54e-12	68.6
CDF88712.1	NC_001140.6	26.316	532	567	8	521	204598	206139	3.98e-44	167
CDF88712.1	NC_001144.5	25.968	439	567	90	521	85269	86552	3.22e-38	149
CDF88712.1	NC_001148.4	25.049	507	567	16	517	839426	837948	1.89e-37	147
CDF88712.1	NC_001139.9	26.126	444	567	79	517	765102	763804	7.78e-37	145
CDF88713.1	NC_001140.6	48.763	283	320	42	311	462640	463488	2.19e-82	270
CDF88713.1	NC_001148.4	43.902	287	320	38	311	227245	226385	1.97e-73	244
CDF88714.1	NC_001142.9	32.877	365	347	6	325	707250	708293	6.43e-39	145
CDF88715.1	NC_001147.6	33.597	253	269	32	265	1065136	1065891	1.33e-45	162
CDF88715.1	NC_001145.3	28.889	270	269	32	264	904939	905733	1.15e-22	95.9
CDF88715.1	NC_001146.8	26.280	293	269	22	262	324102	324962	1.28e-15	75.5
CDF88716.1	NC_001148.4	35.632	261	560	304	554	119213	119995	3.34e-43	164
CDF88716.1	NC_001139.9	27.675	271	560	42	290	355839	356597	1.86e-16	82.0
CDF88717.1	NC_001147.6	43.537	1323	1315	10	1315	870229	874065	0.0	1068
CDF88718.1	NC_001145.3	43.612	227	238	1	219	739185	739823	2.16e-55	189
CDF88718.1	NC_001147.6	36.649	191	238	1	182	869208	869777	1.15e-32	124
CDF88719.1	NC_001147.6	72.772	202	206	1	202	868340	868945	6.63e-98	309
CDF88720.1	NC_001145.3	38.190	707	694	1	694	736926	738956	4.97e-132	429
CDF88721.1	NC_001145.3	53.276	1038	1032	1	1027	733545	736619	0.0	1117
CDF88722.1	NC_001147.6	84.783	92	105	14	105	867574	867849	4.95e-49	164
CDF88722.1	NC_001145.3	87.500	88	105	18	105	732875	733138	1.41e-48	163
CDF88723.1	NC_001147.6	57.792	308	303	1	299	866582	865659	1.56e-116	367
CDF88723.1	NC_001144.5	33.884	121	303	183	299	641647	642006	8.53e-11	61.6
CDF88724.1	NC_001147.6	67.137	1418	1463	43	1438	861307	865515	0.0	1910
CDF88724.1	NC_001137.3	31.275	745	1463	474	1195	90786	92756	3.84e-87	315
CDF88724.1	NC_001137.3	27.919	197	1463	1189	1379	93096	93665	2.01e-12	71.2
CDF88724.1	NC_001137.3	23.810	336	1463	927	1203	515228	516208	1.90e-11	67.8
CDF88724.1	NC_001141.2	23.440	529	1463	726	1211	262766	264190	4.01e-22	103
CDF88724.1	NC_001139.9	24.065	428	1463	911	1298	487712	488833	3.11e-16	83.6
CDF88724.1	NC_001139.9	20.772	544	1463	921	1442	189079	187751	4.89e-16	83.2
CDF88724.1	NC_001136.10	25.309	324	1463	928	1204	633922	634878	2.47e-15	80.9
CDF88725.1	NC_001145.3	61.431	1719	1709	4	1701	731108	725958	0.0	2166
CDF88726.1	NC_001145.3	55.621	338	341	1	338	724626	725639	2.94e-130	409
CDF88727.1	NC_001145.3	47.195	606	542	1	538	724385	722616	9.85e-139	442
CDF88728.1	NC_001147.6	61.761	1522	1651	152	1636	859523	855150	0.0	1796
CDF88728.1	NC_001147.6	47.431	506	1651	695	1197	884985	886439	1.32e-133	461
CDF88728.1	NC_001147.6	30.719	153	1651	1047	1198	696819	697268	7.00e-16	82.8
CDF88728.1	NC_001141.2	57.079	890	1651	467	1331	118625	121210	0.0	937
CDF88728.1	NC_001134.8	45.574	531	1651	690	1212	711053	709524	1.10e-121	425
CDF88728.1	NC_001134.8	31.115	511	1651	747	1222	384138	385616	2.01e-60	229
CDF88728.1	NC_001134.8	29.249	253	1651	724	955	467794	468507	6.69e-20	95.9
CDF88728.1	NC_001134.8	34.437	151	1651	1041	1189	469090	469539	1.83e-18	91.3
CDF88728.1	NC_001137.3	40.000	555	1651	711	1232	506475	508070	1.51e-116	409
CDF88728.1	NC_001138.5	37.037	567	1651	715	1214	230013	231698	1.96e-106	377
CDF88731.1	NC_001145.3	67.416	267	273	1	267	722396	721596	6.20e-124	387
CDF88731.1	NC_001141.2	30.515	272	273	14	271	126231	126974	5.95e-19	85.1
CDF88731.1	NC_001141.2	27.451	204	273	10	205	422871	422284	1.11e-14	72.8
CDF88732.1	NC_001147.6	58.678	242	235	3	233	853408	854106	9.87e-85	273
CDF88733.1	NC_001147.6	53.205	312	308	6	308	853059	852124	4.33e-107	341
CDF88733.1	NC_001135.5	27.007	137	308	26	161	50134	49775	1.42e-11	63.9
CDF88734.1	NC_001147.6	45.278	413	453	38	434	648379	647156	2.29e-103	337
CDF88735.1	NC_001144.5	97.015	67	67	1	67	673131	673331	7.98e-37	127
CDF88735.1	NC_001147.6	97.015	67	67	1	67	649007	648807	1.39e-36	127
CDF88736.1	NC_001144.5	31.923	827	805	37	799	670442	672805	1.04e-102	348
CDF88737.1	NC_001147.6	73.177	809	798	1	797	649303	651723	0.0	1258
CDF88737.1	NC_001139.9	31.057	454	798	241	692	39611	40897	1.52e-63	231
CDF88739.1	NC_001144.5	82.648	219	217	1	217	668897	668247	7.25e-120	373
CDF88739.1	NC_001144.5	28.571	175	217	1	175	721430	720921	7.74e-22	92.0
CDF88739.1	NC_001144.5	29.167	168	217	14	168	604775	604281	5.38e-14	68.9
CDF88739.1	NC_001147.6	36.937	222	217	1	217	490843	490199	1.19e-42	151
CDF88739.1	NC_001147.6	37.500	168	217	1	168	515244	515735	2.58e-21	90.5
CDF88739.1	NC_001147.6	28.161	174	217	2	175	682100	681594	2.73e-21	90.5
CDF88739.1	NC_001137.3	35.047	214	217	13	217	214708	214082	1.83e-37	137
CDF88739.1	NC_001138.5	42.105	190	217	1	182	130334	130894	8.28e-37	135
CDF88739.1	NC_001138.5	40.000	170	217	13	182	55962	55459	1.79e-34	128
CDF88739.1	NC_001143.9	33.184	223	217	10	204	466071	465412	8.45e-37	135
CDF88739.1	NC_001143.9	31.737	167	217	14	175	548435	548929	1.33e-17	79.7
CDF88740.1	NC_001144.5	55.036	685	640	15	640	665892	667904	0.0	732
CDF88740.1	NC_001147.6	58.781	558	640	123	640	653683	652013	0.0	659
CDF88741.1	NC_001144.5	88.504	548	572	1	546	665002	663359	0.0	974
CDF88741.1	NC_001142.9	25.316	158	572	5	162	555971	556432	1.23e-11	66.6
CDF88743.1	NC_001144.5	43.427	426	427	3	397	320728	322002	7.96e-101	328
CDF88743.1	NC_001146.8	34.921	378	427	3	368	507079	506036	2.49e-51	185
CDF88743.1	NC_001146.8	28.000	450	427	2	370	481406	482677	8.71e-39	148
CDF88743.1	NC_001146.8	50.000	68	427	3	70	619547	619362	3.30e-13	70.5
CDF88743.1	NC_001146.8	43.902	82	427	4	83	222416	222177	2.01e-11	65.1
CDF88743.1	NC_001145.3	31.302	361	427	4	350	695422	696441	4.89e-32	128
CDF88743.1	NC_001141.2	42.000	100	427	4	101	363242	363526	6.48e-13	69.7
CDF88743.1	NC_001137.3	41.304	92	427	4	93	248136	247876	1.57e-12	68.6
CDF88744.1	NC_001136.10	31.854	383	287	7	286	681602	680502	7.91e-35	132
CDF88745.1	NC_001144.5	31.449	283	278	1	253	322297	323124	8.86e-29	114
CDF88746.1	NC_001136.10	71.429	77	97	22	97	682283	682489	5.58e-25	95.9
CDF88747.1	NC_001136.10	58.497	559	554	1	546	685643	683973	0.0	662
CDF88748.1	NC_001136.10	38.765	405	530	1	378	685909	687123	3.21e-98	325
CDF88751.1	NC_001136.10	31.369	526	583	59	572	688929	690494	8.43e-61	218
CDF88751.1	NC_001145.3	29.291	536	583	74	574	444991	443432	9.98e-50	184
CDF88751.1	NC_001134.8	28.442	552	583	26	560	786736	788367	3.89e-46	174
CDF88751.1	NC_001148.4	23.265	490	583	88	522	934103	935557	3.15e-19	91.3
CDF88751.1	NC_001143.9	20.800	500	583	47	505	660410	658944	4.26e-19	90.5
CDF88751.1	NC_001143.9	22.355	501	583	30	503	661502	662968	6.97e-13	70.5
CDF88752.1	NC_001145.3	70.513	1092	1092	1	1092	892221	888955	0.0	1540
CDF88752.1	NC_001137.3	21.450	993	1092	26	960	382040	379221	6.83e-24	108
CDF88753.1	NC_001139.9	68.014	1460	1459	18	1458	1052902	1057254	0.0	2063
CDF88753.1	NC_001136.10	31.392	1408	1459	89	1451	726954	723010	0.0	629
CDF88753.1	NC_001144.5	32.668	1252	1459	240	1447	117428	121096	9.99e-177	586
CDF88753.1	NC_001144.5	29.507	1359	1459	197	1447	45197	41352	1.60e-159	535
CDF88753.1	NC_001144.5	32.143	280	1459	1180	1448	529548	530294	6.55e-27	119
CDF88753.1	NC_001144.5	29.185	233	1459	582	795	529647	530342	4.93e-19	92.8
CDF88753.1	NC_001144.5	23.849	478	1459	1002	1448	44756	43437	7.65e-11	65.9
CDF88753.1	NC_001140.6	29.463	1154	1459	340	1444	31295	28044	1.10e-145	494
CDF88753.1	NC_001143.9	29.574	869	1459	604	1447	655249	657699	2.60e-114	399
CDF88753.1	NC_001143.9	31.020	245	1459	1195	1432	43142	42468	4.21e-23	106
CDF88753.1	NC_001143.9	27.184	309	1459	1138	1434	45398	44523	2.33e-19	94.0
CDF88753.1	NC_001143.9	31.163	215	1459	585	773	45158	44526	5.70e-15	79.7
CDF88754.1	NC_001145.3	65.286	821	814	1	814	895426	892991	0.0	1014
CDF88755.1	NC_001139.9	77.966	295	310	15	309	1058670	1057786	2.11e-159	491
CDF88755.1	NC_001139.9	27.652	264	310	34	293	1049526	1048813	5.16e-14	71.2
CDF88755.1	NC_001145.3	27.675	271	310	31	296	879800	879069	4.20e-11	62.4
CDF88756.1	NC_001145.3	44.444	324	349	24	346	896657	895722	1.28e-88	290
CDF88756.1	NC_001139.9	38.261	345	349	14	348	1059998	1059027	2.60e-67	228
CDF88757.1	NC_001145.3	47.685	216	197	1	182	897603	896986	8.29e-48	166
CDF88758.1	NC_001139.9	72.611	314	309	1	309	1061590	1060661	6.48e-139	432
CDF88759.1	NC_001139.9	75.751	433	433	1	432	1063153	1061855	0.0	559
CDF88760.1	NC_001145.3	42.701	274	256	1	256	898405	899223	2.24e-61	207
CDF88761.1	NC_001145.3	67.093	626	586	1	579	901259	899382	0.0	862
CDF88761.1	NC_001143.9	26.571	557	586	35	573	607978	606488	2.39e-35	141
CDF88761.1	NC_001147.6	26.362	569	586	36	573	479104	477596	1.11e-34	139
CDF88762.1	NC_001145.3	82.479	234	233	1	233	901709	902410	1.06e-130	405
CDF88762.1	NC_001145.3	31.140	228	233	1	220	86742	86083	2.15e-27	108
CDF88762.1	NC_001139.9	33.058	242	233	1	233	999134	998421	6.01e-34	127
CDF88762.1	NC_001139.9	31.050	219	233	1	215	761392	762039	3.93e-27	107
CDF88762.1	NC_001139.9	26.106	226	233	6	222	475214	474543	5.67e-14	69.3
CDF88762.1	NC_001147.6	31.064	235	233	4	233	255340	256035	2.18e-29	114
CDF88762.1	NC_001147.6	34.225	187	233	6	190	1018725	1018165	2.62e-25	102
CDF88763.1	NC_001146.8	26.569	685	655	75	653	762112	760073	1.09e-62	225
CDF88763.1	NC_001145.3	31.741	293	655	41	305	47461	48336	1.94e-40	158
CDF88763.1	NC_001145.3	33.597	253	655	67	305	817882	817127	4.96e-38	150
CDF88763.1	NC_001145.3	28.037	321	655	393	652	816622	815660	3.75e-32	132
CDF88763.1	NC_001145.3	27.832	309	655	395	652	48775	49695	8.17e-24	106
CDF88764.1	NC_001145.3	49.008	353	328	1	328	740266	741315	4.65e-106	338
CDF88765.1	NC_001147.6	54.331	127	185	59	185	875129	874749	5.43e-43	151
CDF88765.1	NC_001136.10	46.667	135	185	45	179	818070	818465	2.40e-34	126
CDF88765.1	NC_001144.5	43.411	129	185	45	173	493979	494356	1.49e-28	110
CDF88766.1	NC_001147.6	38.086	512	511	1	511	875599	877029	7.59e-112	363
CDF88767.1	NC_001145.3	64.039	406	402	1	402	742735	741518	8.51e-155	482
CDF88768.1	NC_001147.6	84.106	151	151	1	151	877685	877233	1.84e-81	259
CDF88769.1	NC_001148.4	64.607	178	178	1	178	829918	830436	2.26e-68	223
CDF88769.1	NC_001139.9	57.303	178	178	1	178	754726	755247	1.65e-63	209
CDF88770.1	NC_001139.9	45.808	334	1084	633	966	752671	751670	4.14e-74	269
CDF88770.1	NC_001139.9	31.250	176	1084	1	161	753832	753377	4.82e-17	85.9
CDF88771.1	NC_001148.4	51.259	437	376	1	373	828140	826836	2.68e-122	387
CDF88772.1	NC_001139.9	34.404	218	202	1	195	750400	751029	9.45e-25	99.8
CDF88773.1	NC_001139.9	48.464	716	660	1	660	750091	747953	0.0	597
CDF88774.1	NC_001148.4	44.481	308	305	1	305	826559	825648	1.36e-84	276
CDF88775.1	NC_001139.9	45.079	315	308	1	306	746798	747733	4.08e-82	269
CDF88776.1	NC_001136.10	39.368	348	328	18	324	1103892	1104923	1.14e-63	217
CDF88777.1	NC_001136.10	41.509	265	255	9	255	1105800	1105009	5.47e-60	203
CDF88778.1	NC_001140.6	73.416	726	731	1	726	239098	241275	0.0	1178
CDF88779.1	NC_001136.10	39.455	697	628	1	628	1108101	1106098	1.92e-126	410
CDF88780.1	NC_001140.6	93.103	58	58	1	58	241664	241837	7.94e-33	115
CDF88781.1	NC_001136.10	69.444	72	72	1	72	1108498	1108283	6.58e-30	108
CDF88782.1	NC_001140.6	42.857	1092	877	3	875	271545	268465	0.0	729
CDF88782.1	NC_001140.6	27.425	299	877	18	309	96083	95310	3.59e-23	105
CDF88782.1	NC_001140.6	27.511	229	877	19	237	316638	317234	1.69e-17	86.7
CDF88782.1	NC_001140.6	28.139	231	877	19	240	510596	511210	4.65e-13	72.4
CDF88782.1	NC_001140.6	26.360	239	877	6	226	170317	169676	5.71e-12	68.6
CDF88782.1	NC_001137.3	31.343	268	877	3	236	417632	418417	4.30e-24	108
CDF88782.1	NC_001139.9	30.556	252	877	14	236	164956	164264	9.39e-23	103
CDF88782.1	NC_001139.9	31.687	243	877	19	239	593599	594270	9.77e-22	100
CDF88782.1	NC_001139.9	26.415	318	877	19	282	160134	161003	4.56e-14	75.5
CDF88782.1	NC_001139.9	27.692	260	877	19	241	207393	208115	3.45e-11	66.2
CDF88782.1	NC_001136.10	27.612	268	877	23	282	1465720	1464956	1.53e-19	93.6
CDF88782.1	NC_001136.10	28.010	382	877	19	340	956046	957107	1.95e-19	93.2
CDF88782.1	NC_001136.10	27.414	321	877	19	328	1412535	1413341	4.11e-19	92.0
CDF88782.1	NC_001136.10	28.916	249	877	17	237	281257	280583	2.48e-18	89.4
CDF88782.1	NC_001136.10	26.871	294	877	19	290	695057	695881	1.20e-17	87.4
CDF88782.1	NC_001136.10	30.705	241	877	23	241	1433884	1433243	3.37e-15	79.3
CDF88782.1	NC_001136.10	29.756	205	877	25	224	1486969	1486424	1.72e-14	77.0
CDF88782.1	NC_001136.10	29.870	154	877	103	239	1027697	1027275	5.09e-14	75.5
CDF88782.1	NC_001136.10	27.004	237	877	25	247	75447	74812	4.58e-13	72.4
CDF88782.1	NC_001136.10	28.571	175	877	90	254	406111	405623	7.99e-13	71.6
CDF88782.1	NC_001136.10	27.755	245	877	23	241	1395163	1395825	2.62e-11	66.6
CDF88782.1	NC_001143.9	25.874	286	877	25	282	249178	249990	2.29e-19	92.8
CDF88782.1	NC_001143.9	29.091	275	877	25	263	132211	131441	3.22e-17	85.9
CDF88782.1	NC_001143.9	23.846	260	877	19	271	183504	184181	5.99e-13	72.0
CDF88782.1	NC_001143.9	26.045	311	877	19	322	135444	134620	4.47e-12	68.9
CDF88783.1	NC_001136.10	90.253	277	407	24	300	1129684	1130514	1.57e-172	533
CDF88784.1	NC_001136.10	58.103	506	476	4	476	1127884	1129365	3.61e-178	553
CDF88785.1	NC_001140.6	50.867	173	220	1	166	267538	268053	8.65e-48	166
CDF88786.1	NC_001136.10	46.771	449	433	1	433	1127595	1126300	2.55e-124	396
CDF88787.1	NC_001136.10	76.804	194	169	1	169	1126018	1125437	2.57e-92	291
CDF88788.1	NC_001136.10	42.496	1266	1422	186	1410	1124226	1120645	0.0	901
CDF88788.1	NC_001140.6	36.789	598	1422	170	723	266391	264853	8.96e-75	275
CDF88788.1	NC_001138.5	34.091	396	1422	603	976	47174	46017	2.79e-56	215
CDF88788.1	NC_001138.5	25.581	215	1422	987	1193	46649	46005	1.00e-15	82.0
CDF88788.1	NC_001144.5	28.704	432	1422	586	971	279273	280556	2.28e-42	169
CDF88788.1	NC_001144.5	23.810	189	1422	1012	1191	280011	280577	2.31e-12	70.9
CDF88789.1	NC_001147.6	27.964	329	337	15	308	796817	795891	2.34e-13	69.7
CDF88790.1	NC_001140.6	66.000	50	92	43	92	262344	262195	9.68e-18	74.7
CDF88791.1	NC_001140.6	53.333	1035	1131	105	1130	261294	258253	0.0	1088
CDF88791.1	NC_001148.4	25.472	318	1131	687	995	263613	262801	2.89e-14	76.6
CDF88791.1	NC_001146.8	29.921	254	1131	685	925	57492	56887	4.76e-13	72.8
CDF88791.1	NC_001138.5	24.928	345	1131	674	1008	173814	172948	3.27e-12	70.1
CDF88791.1	NC_001145.3	25.940	266	1131	736	1000	270743	270117	1.92e-11	67.4
CDF88792.1	NC_001136.10	60.662	1027	1007	10	986	1117147	1120224	0.0	1191
CDF88793.1	NC_001136.10	62.500	752	737	1	737	1116691	1114436	0.0	966
CDF88794.1	NC_001140.6	46.369	537	529	6	523	256375	257982	3.36e-152	481
CDF88795.1	NC_001136.10	45.825	515	511	13	511	1114027	1112483	1.24e-144	458
CDF88796.1	NC_001140.6	55.951	815	1037	3	809	255637	253196	0.0	943
CDF88797.1	NC_001140.6	54.922	386	363	1	363	251101	252222	5.38e-128	403
CDF88798.1	NC_001136.10	54.945	91	90	1	88	1112293	1112021	8.65e-27	100
CDF88799.1	NC_001136.10	58.583	367	353	1	352	1110589	1111686	2.87e-143	447
CDF88800.1	NC_001143.9	30.742	862	880	10	842	155677	158100	1.81e-108	367
CDF88800.1	NC_001140.6	29.763	887	880	2	861	201319	198818	8.83e-107	362
CDF88800.1	NC_001141.2	25.159	628	880	4	582	92785	90986	1.49e-37	152
CDF88800.1	NC_001146.8	24.036	441	880	51	482	543296	544462	2.15e-16	83.2
CDF88801.1	NC_001140.6	59.184	392	385	1	377	249641	248466	6.40e-149	464
CDF88802.1	NC_001140.6	83.473	714	714	1	714	246193	248334	0.0	1299
CDF88804.1	NC_001136.10	71.354	384	378	1	378	1108702	1109844	0.0	556
CDF88804.1	NC_001144.5	47.851	349	378	39	378	487220	486204	2.99e-97	316
CDF88804.1	NC_001144.5	47.851	349	378	39	378	483568	482552	2.99e-97	316
CDF88804.1	NC_001144.5	47.851	349	378	39	378	473988	472972	2.99e-97	316
CDF88804.1	NC_001144.5	47.851	349	378	39	378	470336	469320	2.99e-97	316
CDF88805.1	NC_001140.6	50.591	1016	963	1	963	242582	245569	0.0	959
CDF88805.1	NC_001136.10	29.803	406	963	588	955	418889	417690	1.53e-37	152
CDF88805.1	NC_001133.9	30.051	396	963	612	956	195022	196161	4.87e-37	150
CDF88806.1	NC_001136.10	48.882	671	712	82	710	1131079	1133049	0.0	640
CDF88807.1	NC_001140.6	41.159	328	316	4	315	272639	273607	4.80e-73	243
CDF88808.1	NC_001147.6	51.402	642	606	1	595	394524	392614	0.0	612
CDF88808.1	NC_001136.10	54.654	419	606	1	415	995534	994314	2.02e-144	461
CDF88808.1	NC_001143.9	27.113	284	606	1	269	225875	225045	7.08e-15	77.0
CDF88809.1	NC_001136.10	57.424	761	760	4	757	998278	996059	0.0	876
CDF88809.1	NC_001147.6	40.746	751	760	22	757	397065	394864	5.37e-174	553
CDF88809.1	NC_001141.2	36.893	103	760	73	174	152591	152893	6.11e-11	65.1
CDF88810.1	NC_001147.6	49.809	787	767	2	762	400077	397741	0.0	726
CDF88811.1	NC_001136.10	51.235	324	338	20	338	998915	999871	4.52e-105	336
CDF88812.1	NC_001136.10	53.178	645	646	13	646	1001981	1000107	0.0	593
CDF88813.1	NC_001147.6	62.687	268	281	2	260	400357	401148	1.61e-100	320
CDF88814.1	NC_001136.10	69.136	324	347	2	323	1003496	1002531	2.92e-153	475
CDF88814.1	NC_001136.10	26.019	319	347	35	324	198182	197334	1.27e-12	67.8
CDF88814.1	NC_001139.9	26.070	257	347	5	219	250237	250947	4.40e-13	69.3
CDF88814.1	NC_001135.5	27.778	270	347	18	273	241515	240823	7.66e-13	68.6
CDF88814.1	NC_001144.5	28.745	247	347	54	281	559572	560270	2.53e-12	67.0
CDF88815.1	NC_001147.6	49.398	332	355	33	355	401660	402652	1.33e-103	333
CDF88816.1	NC_001136.10	66.120	366	373	13	373	1004043	1005140	1.82e-171	528
CDF88817.1	NC_001147.6	55.295	897	875	1	872	405388	402764	0.0	1011
CDF88817.1	NC_001134.8	24.164	269	875	118	359	210070	210846	6.40e-16	81.6
CDF88818.1	NC_001147.6	77.821	257	258	1	257	405768	406538	5.72e-134	415
CDF88818.1	NC_001139.9	39.574	235	258	30	226	458210	458893	3.21e-46	164
CDF88819.1	NC_001136.10	50.795	1006	983	1	982	1005675	1008668	0.0	976
CDF88819.1	NC_001134.8	29.076	877	983	81	939	794085	796493	6.37e-90	315
CDF88819.1	NC_001148.4	24.381	525	983	414	883	483482	484993	4.24e-24	108
CDF88819.1	NC_001139.9	24.381	525	983	414	883	482114	480603	7.23e-24	107
CDF88819.1	NC_001139.9	31.818	154	983	735	860	188773	188318	8.00e-13	71.6
CDF88819.1	NC_001139.9	25.088	283	983	372	631	190108	189320	5.28e-11	65.9
CDF88820.1	NC_001147.6	61.620	284	279	1	279	407073	407918	2.24e-120	377
CDF88820.1	NC_001136.10	59.928	277	279	6	279	1009004	1009831	2.05e-113	357
CDF88821.1	NC_001147.6	48.169	355	430	102	430	408671	409657	2.26e-89	295
CDF88821.1	NC_001136.10	32.520	123	430	130	251	1010431	1010763	5.16e-12	67.0
CDF88823.1	NC_001139.9	71.074	605	560	1	560	984272	982485	0.0	853
CDF88824.1	NC_001139.9	59.414	239	218	1	218	984966	985682	8.65e-95	301
CDF88825.1	NC_001140.6	52.778	252	256	2	252	423733	424461	2.97e-81	264
CDF88825.1	NC_001139.9	47.674	258	256	1	256	985972	986730	1.27e-80	262
CDF88825.1	NC_001146.8	38.496	226	256	36	250	690594	691232	7.14e-40	145
CDF88825.1	NC_001135.5	38.428	229	256	33	250	247215	247862	2.90e-39	143
CDF88826.1	NC_001139.9	63.043	138	352	1	138	988049	988462	2.62e-50	179
CDF88826.1	NC_001147.6	35.556	135	352	3	103	587164	587559	5.95e-14	72.0
CDF88827.1	NC_001139.9	40.588	680	742	18	663	993512	991608	3.21e-137	446
CDF88828.1	NC_001140.6	50.257	1558	1482	1	1482	429178	424619	0.0	1444
CDF88828.1	NC_001145.3	26.623	462	1482	997	1418	428427	427120	8.77e-33	138
CDF88828.1	NC_001143.9	29.039	489	1482	980	1393	406710	405295	6.71e-32	135
CDF88828.1	NC_001144.5	30.247	324	1482	1102	1407	998072	998965	1.09e-24	111
CDF88830.1	NC_001140.6	77.222	2419	2394	4	2394	436945	429710	0.0	3897
CDF88831.1	NC_001140.6	58.491	636	626	1	625	439050	437173	0.0	755
CDF88831.1	NC_001134.8	27.885	208	626	337	544	68005	67391	1.93e-21	98.6
CDF88832.1	NC_001140.6	44.672	244	260	1	244	439342	440070	5.22e-65	218
CDF88833.1	NC_001140.6	58.868	530	536	3	532	440407	441909	0.0	580
CDF88834.1	NC_001140.6	83.962	424	433	8	430	442187	443458	0.0	749
CDF88834.1	NC_001140.6	41.304	414	433	3	415	228809	227610	4.23e-83	277
CDF88834.1	NC_001144.5	35.714	364	433	8	364	132422	133483	2.66e-62	217
CDF88834.1	NC_001144.5	27.885	416	433	9	362	696776	695550	7.89e-38	145
CDF88834.1	NC_001142.9	33.417	398	433	6	388	383954	385096	4.01e-55	196
CDF88834.1	NC_001142.9	32.000	375	433	3	374	154640	153564	1.94e-44	165
CDF88834.1	NC_001145.3	35.967	367	433	9	367	851462	850395	1.51e-52	188
CDF88834.1	NC_001145.3	22.384	411	433	42	419	643188	642070	8.82e-11	62.8
CDF88834.1	NC_001148.4	33.594	384	433	8	373	325802	324687	6.65e-51	184
CDF88835.1	NC_001139.9	43.386	189	182	1	175	995639	996205	1.54e-39	141
CDF88836.1	NC_001140.6	81.336	509	518	1	509	443828	445351	0.0	864
CDF88837.1	NC_001140.6	57.619	630	620	1	616	445713	447599	0.0	738
CDF88838.1	NC_001139.9	78.251	446	446	1	446	996869	998185	0.0	730
CDF88838.1	NC_001144.5	41.584	101	446	344	439	920633	920331	3.45e-16	80.1
CDF88838.1	NC_001144.5	36.441	118	446	326	439	921179	920832	2.06e-12	68.2
CDF88838.1	NC_001136.10	36.667	90	446	346	433	332017	332286	2.47e-12	68.2
CDF88838.1	NC_001136.10	36.047	86	446	356	439	331486	331743	8.96e-12	66.2
CDF88838.1	NC_001143.9	40.000	75	446	358	432	452834	453058	2.41e-11	64.7
CDF88839.1	NC_001139.9	89.615	260	260	1	260	999140	998361	1.14e-156	481
CDF88839.1	NC_001139.9	39.901	203	260	8	209	761407	761997	1.02e-40	148
CDF88839.1	NC_001139.9	26.630	184	260	8	190	475214	474681	3.54e-19	85.5
CDF88839.1	NC_001147.6	35.885	209	260	6	209	255340	255948	8.05e-37	136
CDF88839.1	NC_001147.6	39.326	178	260	8	184	1018725	1018216	3.24e-34	129
CDF88839.1	NC_001145.3	33.333	219	260	8	225	86727	86089	4.11e-36	134
CDF88839.1	NC_001145.3	34.599	237	260	1	232	901709	902386	2.31e-33	126
CDF88840.1	NC_001140.6	44.228	719	757	1	690	448335	450485	0.0	602
CDF88841.1	NC_001139.9	85.484	434	437	1	434	1000927	1002228	0.0	757
CDF88841.1	NC_001140.6	83.524	437	437	1	437	451327	452637	0.0	720
CDF88841.1	NC_001145.3	66.590	437	437	1	437	920088	921398	0.0	630
CDF88841.1	NC_001148.4	66.590	437	437	1	437	10870	9560	0.0	629
CDF88841.1	NC_001147.6	66.590	437	437	1	437	1080276	1081586	0.0	629
CDF88842.1	NC_001140.6	51.497	167	161	11	161	452944	453438	2.91e-45	156
CDF88843.1	NC_001140.6	46.024	415	433	21	426	454295	455509	2.50e-110	356
CDF88844.1	NC_001140.6	62.863	482	623	145	618	460067	461512	0.0	635
CDF88844.1	NC_001140.6	59.091	66	623	7	72	459341	459538	3.34e-18	88.2
CDF88845.1	NC_001140.6	71.571	401	399	1	399	462502	463698	0.0	598
CDF88845.1	NC_001148.4	65.586	401	399	1	399	227371	226175	8.12e-178	548
CDF88846.1	NC_001140.6	58.047	379	375	11	374	462535	463671	4.32e-147	459
CDF88846.1	NC_001148.4	55.145	379	375	11	374	227338	226202	7.72e-141	441
CDF88847.1	NC_001146.8	73.171	164	166	1	164	694822	694367	6.33e-73	236
CDF88848.1	NC_001146.8	80.220	91	91	1	91	695327	695055	1.06e-47	160
CDF88849.1	NC_001135.5	49.093	1434	1348	5	1347	254389	258648	0.0	1321
CDF88850.1	NC_001146.8	53.365	639	633	21	633	699428	697617	0.0	588
CDF88851.1	NC_001142.9	51.462	855	763	3	762	79268	76806	0.0	755
CDF88851.1	NC_001142.9	27.143	210	763	424	631	110910	110326	5.04e-17	84.7
CDF88851.1	NC_001142.9	28.431	204	763	433	629	179008	178430	5.48e-17	84.7
CDF88851.1	NC_001140.6	29.148	223	763	410	629	316587	317213	1.96e-20	95.9
CDF88851.1	NC_001140.6	29.126	206	763	426	628	96083	95517	9.26e-19	90.5
CDF88851.1	NC_001140.6	31.429	210	763	425	630	510590	511183	1.41e-18	90.1
CDF88851.1	NC_001143.9	28.431	204	763	427	630	135444	134872	1.83e-17	86.3
CDF88851.1	NC_001143.9	25.604	207	763	427	632	206745	207332	2.08e-12	69.7
CDF88851.1	NC_001143.9	24.664	223	763	430	646	183513	184133	2.68e-11	66.2
CDF88851.1	NC_001143.9	29.114	237	763	415	630	150639	150004	9.23e-11	64.3
CDF88851.1	NC_001147.6	28.571	217	763	427	630	129771	130388	3.24e-17	85.5
CDF88851.1	NC_001147.6	25.116	215	763	421	629	773243	773848	1.81e-14	76.6
CDF88851.1	NC_001147.6	26.222	225	763	427	628	105403	106050	4.72e-13	72.0
CDF88851.1	NC_001147.6	27.228	202	763	432	624	295967	295407	2.24e-12	69.7
CDF88851.1	NC_001136.10	25.701	214	763	430	630	173060	173677	4.13e-15	78.6
CDF88851.1	NC_001136.10	28.079	203	763	431	628	1486975	1486409	5.70e-15	78.2
CDF88851.1	NC_001136.10	26.027	219	763	433	631	1433878	1433270	2.17e-13	73.2
CDF88851.1	NC_001136.10	30.201	149	763	496	628	1027727	1027296	1.07e-11	67.4
CDF88851.1	NC_001136.10	27.523	218	763	432	628	1465717	1465115	1.37e-11	67.0
CDF88851.1	NC_001136.10	27.650	217	763	418	625	1412493	1413098	1.98e-11	66.6
CDF88852.1	NC_001142.9	73.469	49	51	3	51	76325	76471	2.76e-15	65.9
CDF88853.1	NC_001142.9	96.923	130	130	1	130	75302	74913	5.54e-83	263
CDF88853.1	NC_001144.5	96.512	86	130	45	130	857057	857314	9.90e-53	176
CDF88853.1	NC_001144.5	88.000	50	130	1	50	856442	856591	8.70e-23	90.9
CDF88854.1	NC_001142.9	93.651	126	139	6	131	74207	74584	6.00e-75	240
CDF88854.1	NC_001135.5	94.309	123	139	6	128	177904	177536	2.52e-73	236
CDF88855.1	NC_001142.9	49.333	225	231	3	226	73399	72731	4.40e-73	239
CDF88856.1	NC_001135.5	40.257	2181	2145	1	2144	179553	186017	0.0	1578
CDF88857.1	NC_001142.9	53.213	389	385	9	377	71402	72547	2.48e-119	379
CDF88857.1	NC_001147.6	31.186	388	385	11	378	893849	892746	2.57e-47	171
CDF88858.1	NC_001142.9	49.576	472	542	89	537	69461	70864	7.95e-146	462
CDF88859.1	NC_001135.5	40.935	877	1244	342	1164	187521	189938	2.28e-162	537
CDF88860.1	NC_001139.9	48.449	935	868	5	865	657014	659755	0.0	743
CDF88861.1	NC_001139.9	67.929	1241	1221	2	1221	662364	666068	0.0	1717
CDF88862.1	NC_001148.4	42.908	282	289	11	288	744734	745570	7.84e-73	241
CDF88863.1	NC_001148.4	81.493	335	335	1	335	746835	745831	0.0	588
CDF88863.1	NC_001141.2	25.850	294	335	42	324	312926	313666	5.79e-19	87.0
CDF88864.1	NC_001139.9	43.197	463	453	5	430	666350	667738	3.42e-113	365
CDF88864.1	NC_001147.6	26.627	169	453	179	344	897577	897080	1.19e-12	68.9
CDF88864.1	NC_001144.5	23.028	317	453	17	314	546430	547335	3.81e-12	67.4
CDF88865.1	NC_001139.9	79.049	568	573	9	573	668213	669904	0.0	941
CDF88865.1	NC_001139.9	27.152	302	573	145	428	165034	164228	4.44e-21	97.1
CDF88865.1	NC_001148.4	76.132	574	573	1	573	747306	748997	0.0	907
CDF88865.1	NC_001148.4	28.198	344	573	177	512	166460	167338	1.37e-42	163
CDF88865.1	NC_001148.4	27.509	269	573	176	428	263610	262933	1.82e-25	110
CDF88865.1	NC_001148.4	28.425	292	573	177	467	157287	156559	3.70e-24	106
CDF88865.1	NC_001148.4	24.918	305	573	177	478	268305	269048	6.70e-20	93.2
CDF88865.1	NC_001148.4	27.376	263	573	160	416	288440	287790	4.86e-17	84.0
CDF88865.1	NC_001148.4	26.587	252	573	178	423	492917	492288	2.97e-14	75.1
CDF88865.1	NC_001148.4	22.264	265	573	178	429	666391	667071	8.71e-11	63.9
CDF88865.1	NC_001146.8	30.591	474	573	101	546	333431	334828	3.48e-68	239
CDF88865.1	NC_001146.8	33.245	379	573	164	525	709930	710961	6.30e-52	191
CDF88865.1	NC_001146.8	26.616	263	573	178	416	70550	71218	4.16e-20	94.0
CDF88865.1	NC_001146.8	27.615	239	573	184	417	681620	680931	1.84e-18	88.6
CDF88865.1	NC_001135.5	32.092	349	573	164	498	275295	276269	1.80e-51	189
CDF88865.1	NC_001135.5	26.689	296	573	184	467	79240	79986	2.92e-19	91.3
CDF88865.1	NC_001135.5	27.152	302	573	184	470	243466	242675	3.42e-18	87.8
CDF88865.1	NC_001135.5	30.405	148	573	184	321	129433	129876	4.65e-13	71.2
CDF88865.1	NC_001140.6	31.105	389	573	167	546	510569	511576	3.49e-49	182
CDF88865.1	NC_001140.6	24.548	387	573	30	416	96434	95496	2.93e-19	91.3
CDF88865.1	NC_001140.6	27.961	304	573	178	473	316638	317387	9.60e-19	89.4
CDF88865.1	NC_001140.6	26.070	257	573	176	418	170284	169640	3.82e-13	71.2
CDF88866.1	NC_001139.9	43.191	514	485	1	485	670388	671905	3.63e-133	424
CDF88867.1	NC_001148.4	64.527	888	852	1	848	751919	749268	0.0	1088
CDF88867.1	NC_001139.9	28.177	181	852	628	802	807155	806628	1.01e-14	77.8
CDF88867.1	NC_001137.3	24.638	207	852	605	799	510379	510966	5.38e-12	68.6
CDF88867.1	NC_001137.3	27.429	175	852	629	803	510751	511257	1.60e-11	67.0
CDF88867.1	NC_001137.3	25.806	186	852	628	803	511027	511566	3.69e-11	65.9
CDF88868.1	NC_001139.9	82.260	1071	1108	38	1108	672285	675497	0.0	1784
CDF88868.1	NC_001134.8	23.359	899	1108	180	1005	84159	81745	5.97e-42	167
CDF88868.1	NC_001148.4	20.739	839	1108	170	920	478809	476446	2.77e-29	125
CDF88868.1	NC_001144.5	25.723	346	1108	194	468	884586	883609	7.20e-16	82.0
CDF88869.1	NC_001139.9	63.063	222	224	1	220	676342	675677	8.10e-91	290
CDF88870.1	NC_001139.9	49.186	307	309	4	307	676633	677553	4.34e-96	309
CDF88870.1	NC_001139.9	24.345	267	309	56	309	1006996	1006220	8.86e-11	61.6
CDF88870.1	NC_001148.4	27.052	329	309	4	309	584000	583068	3.38e-23	99.0
CDF88870.1	NC_001148.4	25.275	182	309	18	188	601479	600934	1.21e-11	64.3
CDF88870.1	NC_001148.4	23.103	290	309	22	301	601749	600934	1.48e-11	63.9
CDF88870.1	NC_001148.4	22.508	311	309	11	307	673811	674668	2.15e-11	63.5
CDF88870.1	NC_001140.6	24.375	320	309	20	301	108923	109858	4.00e-18	83.6
CDF88870.1	NC_001142.9	23.913	322	309	8	309	609779	610690	3.08e-16	78.2
CDF88870.1	NC_001142.9	26.238	202	309	109	307	160712	161251	4.81e-14	71.6
CDF88870.1	NC_001142.9	24.161	298	309	19	307	160727	161551	5.77e-14	71.2
CDF88870.1	NC_001134.8	25.914	301	309	9	290	415998	416837	2.03e-15	75.5
CDF88870.1	NC_001134.8	26.263	297	309	17	290	163925	163110	8.10e-14	70.9
CDF88870.1	NC_001134.8	22.985	335	309	1	308	449724	450647	1.03e-11	64.3
CDF88870.1	NC_001134.8	21.639	305	309	18	308	784530	783676	8.09e-11	61.6
CDF88871.1	NC_001148.4	65.278	216	219	2	217	752263	752901	2.63e-92	294
CDF88872.1	NC_001148.4	46.129	310	288	4	285	753289	754206	2.27e-82	269
CDF88872.1	NC_001142.9	31.008	258	288	35	285	640897	641637	2.53e-24	101
CDF88873.1	NC_001139.9	44.304	1185	1076	1	1076	678695	682132	0.0	768
CDF88873.1	NC_001148.4	43.382	899	1076	1	794	754877	757450	0.0	637
CDF88873.1	NC_001141.2	37.084	391	1076	205	576	168993	167977	4.58e-63	234
CDF88873.1	NC_001146.8	36.769	359	1076	205	557	541305	540373	3.02e-57	216
CDF88875.1	NC_001148.4	32.986	288	289	1	276	758648	759472	4.10e-33	127
CDF88876.1	NC_001139.9	42.614	1645	1608	1	1607	687455	682569	0.0	1243
CDF88877.1	NC_001139.9	41.970	660	653	33	652	687986	689950	6.56e-148	473
CDF88878.1	NC_001148.4	45.732	2519	2532	5	2500	760040	767341	0.0	2182
CDF88878.1	NC_001144.5	24.633	1295	2532	872	2010	1046995	1050582	2.34e-91	333
CDF88879.1	NC_001139.9	67.156	953	947	1	947	690245	693094	0.0	1339
CDF88879.1	NC_001147.6	33.465	254	947	236	457	107133	107894	9.51e-33	136
CDF88879.1	NC_001146.8	30.943	265	947	230	448	81273	82064	7.88e-28	120
CDF88879.1	NC_001148.4	29.630	243	947	224	457	78054	77380	6.33e-21	98.2
CDF88880.1	NC_001139.9	63.253	332	340	17	340	693405	694400	4.62e-141	440
CDF88881.1	NC_001139.9	40.132	152	172	22	171	695042	694590	1.02e-27	107
CDF88882.1	NC_001139.9	70.034	594	600	1	581	695417	697168	0.0	775
CDF88883.1	NC_001139.9	47.333	300	260	1	257	698368	697469	4.09e-87	281
CDF88884.1	NC_001139.9	66.234	77	78	1	77	698599	698826	1.25e-26	99.4
CDF88885.1	NC_001139.9	40.000	220	255	41	255	699642	698992	7.27e-44	157
CDF88886.1	NC_001148.4	68.675	415	412	1	412	767752	768984	0.0	588
CDF88890.1	NC_001139.9	33.755	237	497	1	222	772454	773119	4.15e-30	124
CDF88891.1	NC_001139.9	64.192	458	459	10	459	770611	771969	0.0	623
CDF88891.1	NC_001148.4	60.085	471	459	5	458	841266	842663	0.0	574
CDF88892.1	NC_001139.9	32.209	652	735	2	561	767510	769411	2.20e-96	327
CDF88892.1	NC_001139.9	53.636	110	735	621	726	769949	770278	1.57e-31	131
CDF88893.1	NC_001148.4	65.873	630	638	2	610	839798	837915	0.0	851
CDF88893.1	NC_001139.9	67.585	617	638	13	610	765603	763771	0.0	848
CDF88893.1	NC_001147.6	29.102	512	638	154	630	836200	834704	6.28e-66	234
CDF88893.1	NC_001140.6	30.453	486	638	133	608	204706	206145	1.11e-65	233
CDF88893.1	NC_001144.5	30.277	578	638	50	621	84978	86582	3.39e-64	229
CDF88894.1	NC_001143.9	45.926	135	217	1	133	261132	261536	1.70e-31	119
CDF88895.1	NC_001143.9	40.000	135	327	7	141	261162	261533	1.93e-14	73.2
CDF88897.1	NC_001143.9	37.673	361	323	1	318	256770	257825	2.31e-65	221
CDF88898.1	NC_001143.9	71.200	250	245	1	245	256472	255723	4.19e-102	323
CDF88899.1	NC_001143.9	37.143	525	455	6	455	255310	253775	1.17e-85	285
CDF88900.1	NC_001148.4	83.537	164	215	1	164	212158	212649	8.05e-94	298
CDF88901.1	NC_001148.4	58.904	146	249	115	248	213488	213051	2.67e-48	169
CDF88901.1	NC_001139.9	64.789	71	249	109	179	325883	326095	1.18e-25	103
CDF88902.1	NC_001134.8	28.138	494	590	72	556	719219	720526	3.71e-45	171
CDF88903.1	NC_001134.8	84.324	370	369	1	369	717994	716885	0.0	650
CDF88903.1	NC_001136.10	59.944	357	369	20	369	521858	522925	6.14e-141	441
CDF88904.1	NC_001134.8	80.182	550	551	1	549	716465	714816	0.0	931
CDF88905.1	NC_001139.9	77.897	466	483	17	482	321830	323227	0.0	759
CDF88907.1	NC_001134.8	69.691	485	472	1	471	714455	713010	0.0	664
CDF88908.1	NC_001145.3	31.164	584	572	21	567	445120	443420	4.47e-66	233
CDF88908.1	NC_001134.8	29.220	551	572	22	549	786811	788385	1.02e-43	166
CDF88908.1	NC_001148.4	26.923	130	572	67	196	934103	934492	6.12e-11	64.3
CDF88909.1	NC_001145.3	32.642	530	579	52	552	445021	443495	1.13e-67	238
CDF88909.1	NC_001134.8	29.240	513	579	30	523	786811	788268	4.70e-39	152
CDF88910.1	NC_001139.9	49.796	245	247	12	247	317348	318076	2.22e-64	215
CDF88911.1	NC_001139.9	74.038	624	640	1	624	314631	316493	0.0	946
CDF88911.1	NC_001146.8	30.625	160	640	338	497	721635	721195	6.27e-15	77.4
CDF88911.1	NC_001137.3	23.724	333	640	181	498	163194	164072	9.52e-15	77.0
CDF88912.1	NC_001134.8	57.068	382	364	1	362	711600	712745	1.27e-142	445
CDF88913.1	NC_001134.8	77.348	1033	1083	1	1033	711359	708285	0.0	1622
CDF88913.1	NC_001134.8	30.382	497	1083	162	612	384138	385592	8.37e-54	205
CDF88913.1	NC_001134.8	28.774	212	1083	128	320	467761	468369	1.94e-19	93.6
CDF88913.1	NC_001134.8	29.448	163	1083	444	604	469096	469581	2.73e-16	83.2
CDF88913.1	NC_001147.6	52.736	1005	1083	38	1005	884757	887690	0.0	1031
CDF88913.1	NC_001147.6	46.042	480	1083	135	599	857975	856539	9.76e-134	448
CDF88913.1	NC_001147.6	23.967	363	1083	132	430	695277	696329	3.14e-18	89.7
CDF88913.1	NC_001147.6	32.877	146	1083	445	587	696798	697232	2.45e-16	83.6
CDF88913.1	NC_001141.2	46.778	481	1083	135	599	119384	120823	5.91e-133	446
CDF88913.1	NC_001137.3	41.030	602	1083	128	708	506478	508202	2.82e-132	443
CDF88913.1	NC_001138.5	38.908	568	1083	137	628	230034	231713	3.44e-111	381
CDF88914.1	NC_001141.2	77.215	158	197	38	195	423131	423604	1.09e-79	257
CDF88914.1	NC_001134.8	70.186	161	197	37	197	707531	708013	2.74e-75	244
CDF88914.1	NC_001143.9	55.215	163	197	35	197	389889	389401	2.15e-56	190
CDF88915.1	NC_001139.9	75.358	349	352	1	340	313234	314280	0.0	555
CDF88915.1	NC_001144.5	25.948	343	352	1	331	559551	560420	1.02e-27	113
CDF88915.1	NC_001136.10	23.887	247	352	7	249	1003190	1002513	4.24e-12	66.2
CDF88916.1	NC_001134.8	70.227	440	447	10	447	706769	705450	0.0	652
CDF88917.1	NC_001134.8	63.942	208	210	1	208	704733	705356	7.54e-90	286
CDF88917.1	NC_001139.9	60.194	206	210	5	210	312211	312828	7.17e-84	269
CDF88918.1	NC_001139.9	84.444	135	149	15	149	311520	311924	4.26e-75	241
CDF88919.1	NC_001134.8	56.148	488	484	1	484	704055	702592	1.88e-180	560
CDF88919.1	NC_001139.9	47.845	464	484	12	472	310116	308725	2.39e-152	479
CDF88919.1	NC_001146.8	26.540	422	484	78	473	772963	774189	7.16e-31	125
CDF88919.1	NC_001146.8	23.542	480	484	26	478	40134	38734	2.65e-21	96.7
CDF88919.1	NC_001137.3	26.540	422	484	78	473	22925	21699	1.23e-30	125
CDF88919.1	NC_001145.3	27.000	400	484	78	451	288379	289548	5.35e-30	123
CDF88920.1	NC_001134.8	33.012	415	369	4	361	701779	700538	5.63e-61	211
CDF88921.1	NC_001139.9	63.492	378	373	1	372	307437	308561	4.16e-149	464
CDF88922.1	NC_001134.8	59.600	500	491	33	488	699841	698363	0.0	580
CDF88922.1	NC_001142.9	33.149	181	491	340	489	229576	229037	1.05e-27	116
CDF88922.1	NC_001148.4	25.481	208	491	282	488	300511	299894	2.23e-22	100
CDF88923.1	NC_001139.9	65.563	151	148	1	148	306554	307006	1.28e-61	202
CDF88923.1	NC_001134.8	28.467	137	148	10	141	458323	457940	4.94e-15	69.7
CDF88924.1	NC_001143.9	45.963	161	146	1	144	478338	478817	2.88e-32	119
CDF88925.1	NC_001142.9	46.133	362	929	604	929	279624	280652	7.75e-78	277
CDF88925.1	NC_001143.9	43.505	331	929	608	927	477193	476243	8.36e-68	247
CDF88926.1	NC_001143.9	70.014	727	725	1	723	475900	473726	0.0	1066
CDF88926.1	NC_001142.9	66.076	734	725	1	723	281185	283374	0.0	969
CDF88927.1	NC_001143.9	62.996	554	546	1	545	473358	471703	0.0	730
CDF88928.1	NC_001142.9	66.532	496	480	1	480	285271	283805	0.0	685
CDF88928.1	NC_001148.4	22.645	499	480	17	473	639546	640925	8.05e-23	101
CDF88928.1	NC_001140.6	30.000	210	480	17	218	364111	363509	5.82e-20	92.4
CDF88928.1	NC_001140.6	27.600	250	480	234	468	363709	363032	2.63e-15	77.8
CDF88928.1	NC_001138.5	42.857	98	480	374	470	53574	53290	2.58e-18	87.4
CDF88928.1	NC_001138.5	24.232	293	480	13	300	54378	53596	1.29e-17	85.1
CDF88928.1	NC_001136.10	26.452	310	480	17	322	399481	400311	2.99e-14	74.3
CDF88929.1	NC_001143.9	40.036	562	533	1	533	469720	471336	8.75e-122	393
CDF88930.1	NC_001143.9	67.811	233	214	1	213	466071	465373	4.97e-99	313
CDF88930.1	NC_001143.9	30.108	186	214	3	181	548429	548962	1.52e-18	82.4
CDF88930.1	NC_001147.6	50.239	209	214	4	212	490807	490217	8.76e-57	192
CDF88930.1	NC_001147.6	30.811	185	214	4	188	682067	681555	2.87e-21	90.1
CDF88930.1	NC_001147.6	31.977	172	214	1	171	515265	515744	1.95e-12	64.3
CDF88930.1	NC_001146.8	55.682	176	214	2	175	449898	450404	1.68e-55	188
CDF88930.1	NC_001146.8	28.571	266	214	1	210	300649	299861	9.81e-16	73.9
CDF88930.1	NC_001146.8	31.395	172	214	5	169	456589	457077	2.67e-13	67.0
CDF88930.1	NC_001146.8	31.792	173	214	1	172	440549	440067	4.78e-11	60.5
CDF88930.1	NC_001144.5	36.066	183	214	1	182	668870	668352	2.77e-39	142
CDF88930.1	NC_001144.5	30.811	185	214	4	188	721394	720882	3.19e-21	90.1
CDF88930.1	NC_001137.3	34.978	223	214	2	213	214714	214079	4.27e-39	141
CDF88931.1	NC_001142.9	58.277	1184	1163	3	1163	289097	285564	0.0	1367
CDF88932.1	NC_001143.9	49.511	307	322	19	321	464025	464945	1.25e-79	262
CDF88932.1	NC_001142.9	63.889	144	322	177	320	293930	293499	1.21e-65	222
CDF88932.1	NC_001142.9	66.923	130	322	192	321	290267	289878	6.88e-60	206
CDF88935.1	NC_001142.9	47.804	774	1468	1	673	295245	297518	2.90e-165	552
CDF88935.1	NC_001142.9	37.805	328	1468	1166	1468	297891	298811	3.00e-18	90.5
CDF88935.1	NC_001143.9	32.365	241	1468	1	224	461230	460517	2.06e-24	110
CDF88936.1	NC_001142.9	65.179	1232	1225	1	1225	302849	299160	0.0	1612
CDF88936.1	NC_001138.5	22.966	1315	1225	8	1199	119453	123061	1.19e-35	147
CDF88936.1	NC_001138.5	28.444	225	1225	980	1204	217163	216606	1.87e-19	94.0
CDF88936.1	NC_001144.5	23.889	720	1225	1	672	302702	304714	1.39e-18	91.3
CDF88936.1	NC_001144.5	27.530	247	1225	952	1195	305798	306433	7.41e-18	88.6
CDF88937.1	NC_001134.8	71.395	430	414	2	413	776571	777848	0.0	614
CDF88938.1	NC_001142.9	39.441	644	580	2	580	303205	305115	6.22e-115	375
CDF88939.1	NC_001134.8	72.941	340	660	321	660	775294	776310	1.83e-166	527
CDF88939.1	NC_001134.8	53.302	212	660	1	211	774700	775299	1.80e-60	219
CDF88941.1	NC_001142.9	72.864	199	210	1	199	305862	305266	4.27e-97	307
CDF88943.1	NC_001142.9	46.879	881	807	4	804	310613	308001	0.0	749
CDF88943.1	NC_001134.8	41.828	777	807	44	803	771452	773626	1.61e-179	571
CDF88943.1	NC_001145.3	30.803	685	807	121	802	208260	206470	8.62e-66	238
CDF88944.1	NC_001134.8	67.623	488	489	1	487	770415	768952	0.0	687
CDF88944.1	NC_001144.5	34.316	475	489	1	464	877178	875799	4.33e-72	247
CDF88945.1	NC_001134.8	60.959	146	145	1	145	768240	768677	7.12e-58	192
CDF88947.1	NC_001142.9	63.805	594	588	12	588	312682	310925	0.0	734
CDF88948.1	NC_001134.8	59.484	891	884	8	884	767570	764973	0.0	1078
CDF88948.1	NC_001138.5	34.115	384	884	506	871	241194	240052	1.30e-52	199
CDF88949.1	NC_001134.8	50.238	629	581	16	581	764655	762790	0.0	642
CDF88950.1	NC_001142.9	62.791	301	297	1	297	313921	313019	6.51e-133	414
CDF88951.1	NC_001134.8	55.402	435	484	1	435	761257	762477	3.89e-138	438
CDF88952.1	NC_001142.9	29.231	195	322	133	321	314659	314117	3.62e-18	84.3
CDF88953.1	NC_001142.9	49.541	109	251	49	152	315506	315180	7.20e-25	102
CDF88953.1	NC_001134.8	50.538	93	251	44	136	760306	760578	6.62e-24	99.0
CDF88954.1	NC_001134.8	40.804	821	808	41	807	760028	757626	3.14e-178	568
CDF88955.1	NC_001139.9	39.942	343	351	11	336	513297	514301	1.11e-66	226
CDF88955.1	NC_001139.9	35.030	334	351	13	338	798582	799565	4.76e-48	172
CDF88956.1	NC_001142.9	50.826	242	241	1	238	316475	315762	6.06e-73	239
CDF88957.1	NC_001142.9	70.667	75	87	1	75	316723	316947	6.97e-29	106
CDF88958.1	NC_001134.8	49.375	320	310	1	307	738582	739535	1.29e-97	313
CDF88959.1	NC_001134.8	58.794	398	395	4	395	739859	741019	3.10e-138	434
CDF88959.1	NC_001144.5	33.560	441	395	4	395	897657	896377	2.09e-65	224
CDF88960.1	NC_001142.9	47.165	829	810	2	795	317290	319731	0.0	706
CDF88960.1	NC_001144.5	33.592	387	810	4	362	80109	79015	1.50e-49	189
CDF88960.1	NC_001143.9	24.548	387	810	43	398	140571	139471	8.61e-11	64.7
CDF88961.1	NC_001134.8	52.174	92	98	11	98	741341	741613	6.99e-25	95.5
CDF88962.1	NC_001142.9	38.920	704	692	7	689	320046	322148	3.84e-157	502
CDF88963.1	NC_001134.8	68.116	138	134	1	134	742576	742163	3.61e-58	192
CDF88964.1	NC_001142.9	79.271	439	450	12	448	323401	324717	0.0	719
CDF88965.1	NC_001142.9	63.017	411	407	1	407	324964	326187	3.00e-159	495
CDF88966.1	NC_001134.8	49.818	548	522	7	522	744386	742764	1.09e-154	487
CDF88966.1	NC_001142.9	47.525	505	522	36	522	327753	326245	4.51e-128	410
CDF88967.1	NC_001142.9	48.193	664	593	1	581	330121	328139	8.58e-179	560
CDF88967.1	NC_001148.4	25.000	292	593	133	418	263619	262936	4.01e-14	74.7
CDF88967.1	NC_001135.5	26.180	233	593	282	509	79519	80133	4.19e-12	68.2
CDF88967.1	NC_001136.10	25.946	185	593	293	468	1395469	1395984	1.18e-11	66.6
CDF88967.1	NC_001136.10	28.966	145	593	286	429	1465405	1465025	1.55e-11	66.2
CDF88968.1	NC_001134.8	46.572	423	403	1	395	744852	746102	1.11e-111	358
CDF88969.1	NC_001142.9	37.931	899	802	19	802	332986	330443	1.66e-154	499
CDF88969.1	NC_001147.6	41.818	110	802	689	794	535839	536168	1.42e-18	90.1
CDF88969.1	NC_001147.6	30.818	159	802	632	782	535749	536210	1.50e-17	86.7
CDF88969.1	NC_001148.4	36.090	133	802	663	793	910878	910480	2.37e-15	79.7
CDF88969.1	NC_001145.3	50.877	57	802	718	773	344588	344418	1.85e-11	66.6
CDF88970.1	NC_001148.4	29.499	339	331	6	327	381950	382960	4.71e-38	142
CDF88970.1	NC_001146.8	27.835	194	331	138	327	16816	16235	2.30e-11	63.5
CDF88971.1	NC_001142.9	71.233	219	228	5	222	333411	334067	3.08e-108	340
CDF88972.1	NC_001142.9	47.182	479	462	8	460	334307	335683	1.19e-140	444
CDF88973.1	NC_001144.5	67.442	344	326	1	326	196472	195453	6.32e-130	407
CDF88977.1	NC_001148.4	45.912	159	140	9	140	834733	835209	6.33e-38	134
CDF88977.1	NC_001139.9	35.638	188	140	8	140	762590	763150	1.71e-28	107
CDF88978.1	NC_001145.3	57.778	135	178	42	176	502557	502153	9.55e-52	176
CDF88978.1	NC_001143.9	48.187	193	178	1	176	179676	180254	6.42e-50	171
CDF88979.1	NC_001143.9	67.150	414	474	2	414	180800	182041	0.0	608
CDF88979.1	NC_001144.5	27.041	196	474	54	232	126047	126628	1.22e-15	78.6
CDF88979.1	NC_001144.5	25.385	260	474	40	284	183009	182251	1.59e-15	78.6
CDF88980.1	NC_001143.9	61.460	493	480	4	462	183003	184454	0.0	585
CDF88980.1	NC_001143.9	26.073	303	480	151	432	150606	149734	1.95e-28	118
CDF88980.1	NC_001143.9	28.194	227	480	138	357	135468	134818	2.57e-20	93.6
CDF88980.1	NC_001143.9	30.818	159	480	192	348	249406	249876	3.51e-19	90.1
CDF88980.1	NC_001143.9	27.551	196	480	146	339	206745	207326	6.80e-17	82.8
CDF88980.1	NC_001143.9	27.660	188	480	192	344	222129	221566	3.15e-14	74.3
CDF88980.1	NC_001143.9	24.887	221	480	152	338	132211	131549	1.92e-12	68.6
CDF88980.1	NC_001143.9	27.477	222	480	152	344	69617	68952	2.84e-12	68.2
CDF88980.1	NC_001148.4	34.943	352	480	151	477	866230	865205	1.60e-64	225
CDF88980.1	NC_001148.4	37.855	317	480	137	434	492956	492039	4.63e-59	209
CDF88980.1	NC_001148.4	31.633	294	480	173	438	474167	473301	7.61e-40	152
CDF88980.1	NC_001148.4	29.630	378	480	133	473	666349	667425	1.39e-39	152
CDF88980.1	NC_001148.4	28.085	235	480	152	369	263583	262906	8.11e-21	95.1
CDF88980.1	NC_001148.4	26.377	345	480	139	472	268287	269195	9.52e-21	94.7
CDF88980.1	NC_001148.4	27.363	201	480	152	338	285923	285324	1.57e-19	90.9
CDF88980.1	NC_001148.4	25.463	216	480	152	358	166481	167092	1.91e-16	81.3
CDF88980.1	NC_001148.4	27.139	339	480	43	371	157596	156622	3.69e-16	80.5
CDF88980.1	NC_001148.4	27.225	191	480	152	337	288377	287811	7.85e-14	73.2
CDF88980.1	NC_001148.4	24.812	266	480	146	356	747810	748562	3.04e-13	71.2
CDF88980.1	NC_001134.8	40.864	301	480	142	434	560087	560968	1.46e-63	222
CDF88980.1	NC_001134.8	33.007	306	480	152	440	192505	193407	2.58e-41	157
CDF88980.1	NC_001134.8	28.372	215	480	152	357	15209	14586	1.42e-18	88.2
CDF88980.1	NC_001134.8	31.081	222	480	152	359	749654	750301	4.03e-16	80.5
CDF88980.1	NC_001134.8	23.830	235	480	152	348	295603	294905	1.20e-14	75.5
CDF88980.1	NC_001136.10	32.468	308	480	136	438	267797	268666	5.43e-49	179
CDF88980.1	NC_001136.10	30.201	298	480	152	434	313949	313110	2.21e-29	121
CDF88980.1	NC_001136.10	29.952	207	480	146	348	1412535	1413140	2.90e-26	112
CDF88980.1	NC_001136.10	27.468	233	480	151	359	1395166	1395855	7.00e-22	98.2
CDF88980.1	NC_001136.10	26.621	293	480	71	334	281443	280616	2.99e-21	96.3
CDF88980.1	NC_001136.10	27.830	212	480	152	348	1465714	1465082	3.88e-21	95.9
CDF88980.1	NC_001136.10	30.159	189	480	109	289	75582	75034	1.27e-19	91.3
CDF88980.1	NC_001136.10	27.749	191	480	152	338	1486969	1486406	9.62e-19	88.6
CDF88980.1	NC_001136.10	27.966	236	480	146	348	695057	695743	2.28e-18	87.4
CDF88980.1	NC_001136.10	27.111	225	480	151	359	1433881	1433213	4.27e-17	83.6
CDF88980.1	NC_001136.10	26.220	328	480	144	445	401980	401123	7.49e-17	82.8
CDF88980.1	NC_001136.10	28.571	161	480	213	356	1027718	1027236	1.12e-15	79.0
CDF88980.1	NC_001136.10	27.136	199	480	158	337	956226	956813	7.90e-15	76.3
CDF88980.1	NC_001136.10	25.751	233	480	151	364	173066	173758	5.45e-14	73.6
CDF88980.1	NC_001136.10	26.263	198	480	151	334	406288	405707	2.04e-13	71.6
CDF88980.1	NC_001144.5	31.790	324	480	123	441	371614	372558	5.34e-40	153
CDF88980.1	NC_001144.5	25.564	266	480	152	368	851126	851905	1.79e-23	103
CDF88980.1	NC_001144.5	31.481	162	480	190	348	333097	333570	1.08e-17	85.1
CDF88981.1	NC_001143.9	57.576	66	70	3	68	185009	184812	1.18e-23	90.5
CDF88982.1	NC_001145.3	41.148	209	201	6	201	501873	501253	2.63e-37	135
CDF88983.1	NC_001143.9	64.885	131	131	1	131	185681	185289	2.89e-58	192
CDF88984.1	NC_001143.9	62.745	102	108	7	108	185984	186289	3.08e-41	142
CDF88985.1	NC_001143.9	69.944	712	722	1	707	188640	186514	0.0	1034
CDF88985.1	NC_001142.9	26.109	586	722	43	598	446022	447710	3.86e-34	139
CDF88985.1	NC_001139.9	21.801	422	722	44	419	1016573	1015368	3.41e-20	95.1
CDF88986.1	NC_001145.3	50.244	410	319	1	319	500688	499459	1.23e-103	331
CDF88986.1	NC_001134.8	28.704	216	319	12	225	616966	616355	3.90e-20	90.1
CDF88986.1	NC_001134.8	30.846	201	319	12	205	616840	616280	1.48e-16	79.3
CDF88986.1	NC_001134.8	23.792	269	319	51	318	616993	616346	8.27e-15	73.9
CDF88986.1	NC_001148.4	25.705	319	319	9	314	267145	266255	2.72e-19	87.4
CDF88986.1	NC_001148.4	25.676	222	319	7	224	893094	893726	5.11e-13	68.6
CDF88986.1	NC_001148.4	23.552	259	319	1	252	892935	893687	8.50e-13	67.8
CDF88986.1	NC_001141.2	29.474	190	319	13	202	269533	270057	8.73e-19	85.9
CDF88986.1	NC_001141.2	30.409	171	319	58	225	269533	270000	8.43e-17	80.1
CDF88986.1	NC_001136.10	25.694	288	319	13	266	198032	197205	9.95e-19	85.9
CDF88986.1	NC_001136.10	28.846	156	319	72	226	198125	197676	9.84e-15	73.9
CDF88986.1	NC_001136.10	24.521	261	319	58	313	1203748	1202981	4.15e-13	68.9
CDF88986.1	NC_001136.10	23.381	278	319	51	288	198062	197259	1.62e-12	67.0
CDF88987.1	NC_001143.9	61.479	771	782	10	780	191403	189133	0.0	1000
CDF88987.1	NC_001135.5	23.338	677	782	95	751	24906	26825	1.35e-46	179
CDF88988.1	NC_001145.3	59.140	465	481	15	477	497818	499194	5.05e-173	538
CDF88988.1	NC_001143.9	40.095	419	481	57	469	192923	191697	1.59e-97	321
CDF88989.1	NC_001145.3	41.047	363	331	1	328	497449	496367	6.05e-88	287
CDF88990.1	NC_001145.3	57.518	419	410	1	407	494999	496255	1.04e-159	496
CDF88990.1	NC_001143.9	39.858	424	410	7	407	194839	193601	1.57e-84	280
CDF88990.1	NC_001147.6	27.492	331	410	5	306	787295	788230	1.33e-26	111
CDF88991.1	NC_001145.3	61.739	115	115	1	115	494447	494103	8.52e-44	150
CDF88992.1	NC_001145.3	52.187	343	345	19	326	493501	492473	2.26e-100	323
CDF88993.1	NC_001143.9	50.417	240	238	2	235	196010	195294	1.63e-70	233
CDF88994.1	NC_001143.9	70.560	1267	1262	1	1246	200167	196397	0.0	1796
CDF88994.1	NC_001145.3	72.880	1191	1262	1	1180	486587	490027	0.0	1773
CDF88994.1	NC_001147.6	37.281	743	1262	37	730	925931	928108	8.38e-132	447
CDF88994.1	NC_001133.9	36.735	735	1262	40	730	92048	89895	5.35e-127	433
CDF88994.1	NC_001140.6	32.036	771	1262	38	756	151894	154158	4.98e-103	360
CDF88995.1	NC_001145.3	74.638	690	685	1	685	484084	486144	0.0	1049
CDF88995.1	NC_001137.3	22.574	505	685	90	575	120290	118878	8.08e-19	90.5
CDF88995.1	NC_001144.5	22.368	532	685	69	574	410684	412135	8.78e-13	70.9
CDF88996.1	NC_001143.9	44.498	209	216	3	188	201609	200983	6.15e-47	164
CDF88997.1	NC_001145.3	43.478	115	99	1	98	483014	483355	1.75e-22	88.6
CDF88999.1	NC_001145.3	47.673	623	588	2	588	480184	478340	1.28e-177	556
CDF89000.1	NC_001145.3	75.789	570	569	1	569	477606	475900	0.0	925
CDF89000.1	NC_001143.9	73.684	570	569	1	569	203541	205250	0.0	892
CDF89001.1	NC_001143.9	78.130	663	696	35	696	205767	207746	0.0	1070
CDF89001.1	NC_001143.9	46.780	295	696	359	650	135456	134581	9.55e-80	277
CDF89001.1	NC_001143.9	29.393	313	696	346	620	249106	250032	2.81e-35	142
CDF89001.1	NC_001143.9	31.053	190	696	369	556	183522	184085	1.48e-19	92.8
CDF89001.1	NC_001143.9	30.986	142	696	438	561	221988	221566	2.09e-14	76.3
CDF89001.1	NC_001143.9	38.889	126	696	473	578	348401	348024	8.58e-13	70.9
CDF89001.1	NC_001143.9	27.451	204	696	452	619	150333	149731	9.58e-13	70.5
CDF89001.1	NC_001145.3	67.482	695	696	1	695	475453	473426	0.0	944
CDF89001.1	NC_001145.3	32.927	246	696	362	603	270896	270162	2.02e-34	140
CDF89001.1	NC_001145.3	29.808	208	696	363	559	546239	546838	3.48e-14	75.5
CDF89001.1	NC_001145.3	25.806	248	696	369	561	852762	853505	2.46e-13	72.4
CDF89001.1	NC_001140.6	48.361	366	696	342	693	510533	511618	2.38e-103	346
CDF89001.1	NC_001140.6	32.114	246	696	363	604	316638	317366	1.50e-28	121
CDF89001.1	NC_001140.6	29.960	247	696	364	603	96074	95361	8.68e-22	100
CDF89001.1	NC_001140.6	27.476	313	696	355	619	170305	169388	1.42e-20	96.3
CDF89001.1	NC_001142.9	45.763	295	696	359	650	110913	110038	2.30e-81	281
CDF89001.1	NC_001142.9	28.571	315	696	342	632	179116	178193	6.82e-27	116
CDF89001.1	NC_001142.9	31.933	238	696	345	571	250717	251427	8.33e-23	103
CDF89001.1	NC_001142.9	27.500	240	696	336	559	149370	148687	3.71e-17	85.1
CDF89001.1	NC_001142.9	26.667	210	696	361	558	77939	77313	5.91e-16	81.3
CDF89001.1	NC_001148.4	46.441	295	696	359	650	166451	167326	4.47e-78	272
CDF89001.1	NC_001148.4	29.830	352	696	362	665	747807	748844	3.64e-43	167
CDF89001.1	NC_001148.4	35.472	265	696	354	618	157311	156529	7.32e-39	154
CDF89001.1	NC_001148.4	30.996	271	696	355	603	263628	262831	3.00e-31	130
CDF89001.1	NC_001148.4	30.070	286	696	354	618	285968	285123	2.20e-29	124
CDF89001.1	NC_001148.4	33.208	265	696	360	618	268299	269048	7.21e-29	122
CDF89001.1	NC_001148.4	31.308	214	696	361	568	288401	287769	2.29e-21	98.6
CDF89001.1	NC_001148.4	26.045	311	696	354	620	492944	492039	1.76e-18	89.4
CDF89001.1	NC_001148.4	28.968	252	696	363	593	666391	667104	4.86e-16	81.3
CDF89002.1	NC_001143.9	64.252	635	603	1	603	208247	210127	0.0	801
CDF89003.1	NC_001143.9	62.433	559	577	26	576	210686	212287	0.0	677
CDF89003.1	NC_001145.3	30.075	399	577	98	466	605202	604207	3.28e-34	137
CDF89004.1	NC_001143.9	54.545	143	148	1	138	212998	212579	7.75e-41	143
CDF89005.1	NC_001145.3	46.314	814	835	43	835	472196	469851	0.0	659
CDF89005.1	NC_001143.9	39.737	838	835	37	835	214301	216697	4.34e-171	548
CDF89006.1	NC_001143.9	70.219	319	331	13	331	217356	218309	5.99e-157	485
CDF89006.1	NC_001144.5	29.825	285	331	38	320	827816	827010	7.39e-25	104
CDF89006.1	NC_001148.4	32.877	292	331	34	316	601761	600934	4.17e-24	102
CDF89006.1	NC_001148.4	26.159	302	331	35	326	299461	298589	4.84e-19	87.0
CDF89006.1	NC_001148.4	29.108	213	331	28	233	601497	600895	5.99e-16	77.8
CDF89006.1	NC_001134.8	27.397	292	331	34	319	784530	783688	1.10e-19	89.0
CDF89006.1	NC_001134.8	27.698	278	331	34	303	163922	163116	2.49e-19	87.8
CDF89006.1	NC_001134.8	25.329	304	331	8	303	415977	416831	2.22e-18	85.1
CDF89006.1	NC_001134.8	27.052	329	331	35	322	607817	608779	1.22e-17	82.8
CDF89006.1	NC_001142.9	29.245	212	331	29	236	610094	610708	1.21e-18	85.9
CDF89006.1	NC_001142.9	26.061	330	331	10	325	609734	610693	6.28e-18	83.6
CDF89007.1	NC_001145.3	53.736	348	342	1	340	469476	468451	6.90e-117	370
CDF89007.1	NC_001134.8	36.975	238	342	63	295	242490	241810	3.92e-39	146
CDF89008.1	NC_001143.9	44.162	197	212	1	193	219217	218630	3.01e-45	159
CDF89009.1	NC_001145.3	54.281	584	668	1	562	466300	468039	0.0	629
CDF89010.1	NC_001143.9	53.226	186	167	3	160	220339	220896	3.45e-60	199
CDF89011.1	NC_001143.9	59.785	465	509	56	509	222744	221350	3.52e-176	548
CDF89011.1	NC_001143.9	28.947	190	509	250	439	249400	249867	4.10e-20	93.2
CDF89011.1	NC_001143.9	26.423	246	509	193	438	135426	134857	2.69e-17	84.3
CDF89011.1	NC_001143.9	31.690	142	509	298	438	206970	207341	2.11e-14	75.1
CDF89011.1	NC_001135.5	28.906	256	509	187	439	79222	79845	9.12e-24	104
CDF89011.1	NC_001135.5	26.786	280	509	187	446	243484	242804	9.09e-18	85.9
CDF89011.1	NC_001135.5	25.896	251	509	186	431	129412	130035	7.52e-15	76.6
CDF89011.1	NC_001135.5	22.754	334	509	183	507	275361	276230	1.39e-11	65.9
CDF89011.1	NC_001136.10	31.443	194	509	249	439	1465558	1465091	4.08e-23	102
CDF89011.1	NC_001136.10	29.249	253	509	187	439	1412535	1413131	1.62e-21	97.8
CDF89011.1	NC_001136.10	25.926	270	509	187	439	695057	695734	8.72e-18	85.9
CDF89011.1	NC_001136.10	38.333	120	509	327	437	280927	280592	3.51e-15	77.4
CDF89011.1	NC_001136.10	25.000	268	509	191	438	1395163	1395810	1.99e-14	75.1
CDF89011.1	NC_001136.10	30.405	148	509	299	441	75231	74845	2.40e-11	65.1
CDF89011.1	NC_001148.4	29.778	225	509	224	443	285845	285291	1.39e-22	100
CDF89011.1	NC_001148.4	26.772	254	509	193	445	166481	167074	2.99e-19	90.5
CDF89011.1	NC_001148.4	28.218	202	509	249	438	263475	262969	1.19e-18	88.6
CDF89011.1	NC_001148.4	26.471	272	509	176	447	268275	268910	2.10e-16	81.6
CDF89011.1	NC_001148.4	28.431	204	509	246	449	157161	156658	2.83e-15	77.8
CDF89011.1	NC_001147.6	29.200	250	509	193	439	775999	776604	2.57e-20	94.0
CDF89011.1	NC_001147.6	25.595	336	509	182	482	996064	995237	4.14e-14	74.3
CDF89011.1	NC_001147.6	29.474	190	509	250	438	295844	295374	2.87e-13	71.6
CDF89011.1	NC_001147.6	31.250	112	509	327	438	246359	246643	4.73e-13	70.9
CDF89012.1	NC_001143.9	71.307	352	355	4	346	224437	223382	1.88e-174	536
CDF89013.1	NC_001143.9	80.000	365	378	1	364	225875	224781	0.0	620
CDF89013.1	NC_001139.9	28.571	259	378	74	312	1008624	1007875	8.01e-24	102
CDF89013.1	NC_001139.9	37.363	91	378	29	112	1010694	1010440	4.83e-12	66.2
CDF89013.1	NC_001136.10	29.455	275	378	1	265	995534	994752	1.06e-21	95.9
CDF89013.1	NC_001147.6	26.573	286	378	1	276	394524	393718	2.89e-16	79.3
CDF89014.1	NC_001144.5	45.304	543	532	30	527	388124	386514	1.20e-139	444
CDF89014.1	NC_001144.5	45.767	437	532	56	489	390147	388954	3.60e-116	377
CDF89014.1	NC_001136.10	45.773	485	532	36	496	745993	744539	1.53e-131	421
CDF89014.1	NC_001141.2	40.930	430	532	72	496	431928	430675	3.34e-81	275
CDF89014.1	NC_001141.2	35.398	452	532	53	492	322423	323670	5.81e-74	254
CDF89014.1	NC_001148.4	26.044	407	532	63	446	260700	259720	3.58e-23	103
CDF89015.1	NC_001143.9	65.672	134	377	130	260	227485	227886	3.81e-52	185
CDF89015.1	NC_001143.9	69.412	85	377	1	85	226582	226830	7.94e-37	140
CDF89016.1	NC_001145.3	38.051	544	582	48	567	462411	460816	7.72e-102	337
CDF89017.1	NC_001143.9	64.984	317	316	1	315	229880	228942	1.56e-139	434
CDF89020.1	NC_001138.5	79.530	298	294	1	294	11363	12256	1.06e-155	479
CDF89020.1	NC_001146.8	79.195	298	294	1	294	13267	14160	1.86e-155	479
CDF89020.1	NC_001145.3	79.592	294	294	3	294	458420	459298	2.67e-151	467
CDF89021.1	NC_001145.3	66.210	219	220	3	216	457950	457294	4.66e-94	299
CDF89021.1	NC_001146.8	65.044	226	220	7	218	12900	12223	5.33e-93	296
CDF89021.1	NC_001138.5	65.487	226	220	7	218	10993	10316	3.87e-92	293
CDF89022.1	NC_001145.3	38.280	465	426	1	413	455834	457216	5.55e-97	317
CDF89023.1	NC_001143.9	38.158	456	372	3	362	234441	235754	8.45e-66	224
CDF89024.1	NC_001145.3	78.405	514	510	1	510	454015	455553	0.0	875
CDF89025.1	NC_001145.3	64.553	615	608	1	605	453479	451644	0.0	847
CDF89026.1	NC_001145.3	56.682	434	447	18	444	451329	450076	2.01e-137	434
CDF89027.1	NC_001145.3	69.779	814	832	1	809	448092	445684	0.0	1135
CDF89027.1	NC_001137.3	59.370	635	832	194	807	191431	189554	0.0	738
CDF89027.1	NC_001137.3	32.119	302	832	336	610	244760	243891	7.30e-26	114
CDF89027.1	NC_001148.4	45.497	433	832	353	782	611312	612574	2.63e-112	377
CDF89027.1	NC_001148.4	39.394	231	832	353	581	887450	886782	6.21e-33	136
CDF89027.1	NC_001148.4	33.455	275	832	349	606	417152	417925	4.58e-28	120
CDF89027.1	NC_001136.10	42.510	247	832	355	600	438587	439318	4.38e-50	191
CDF89027.1	NC_001136.10	43.515	239	832	352	589	238037	237339	1.54e-49	189
CDF89027.1	NC_001136.10	40.167	239	832	351	588	237221	236514	2.98e-44	172
CDF89027.1	NC_001136.10	44.635	233	832	353	581	1262185	1262868	2.60e-43	169
CDF89027.1	NC_001136.10	29.299	157	832	368	522	1225822	1225385	2.82e-11	66.2
CDF89027.1	NC_001143.9	40.467	257	832	353	607	174828	175586	4.07e-49	187
CDF89027.1	NC_001143.9	36.100	241	832	350	577	71795	71100	1.91e-33	138
CDF89028.1	NC_001145.3	62.407	540	562	21	559	445033	443423	0.0	687
CDF89028.1	NC_001134.8	29.107	560	562	11	528	786838	788370	5.00e-50	185
CDF89028.1	NC_001143.9	26.708	161	562	36	196	660347	659865	2.31e-14	75.5
CDF89028.1	NC_001135.5	25.490	153	562	44	196	9475	9933	1.20e-13	73.2
CDF89028.1	NC_001148.4	25.676	148	562	49	196	934103	934546	1.61e-13	72.4
CDF89029.1	NC_001145.3	52.692	260	245	1	243	442575	443354	2.36e-85	275
CDF89030.1	NC_001143.9	59.070	430	438	24	437	237587	238876	9.10e-174	538
CDF89030.1	NC_001144.5	34.483	435	438	15	436	198103	196856	3.75e-86	286
CDF89031.1	NC_001145.3	30.384	599	1209	693	1209	440399	442087	5.65e-33	138
CDF89031.1	NC_001145.3	34.641	153	1209	74	213	439532	439981	1.89e-11	67.4
CDF89032.1	NC_001143.9	82.830	728	724	1	724	245373	243223	0.0	1259
CDF89032.1	NC_001145.3	58.458	467	724	254	720	437380	438774	0.0	574
CDF89032.1	NC_001145.3	64.414	222	724	1	222	436628	437293	0.0	316
CDF89033.1	NC_001143.9	62.934	518	503	1	503	247682	246141	0.0	673
CDF89033.1	NC_001140.6	32.627	472	503	44	496	336388	337788	1.33e-70	243
CDF89034.1	NC_001143.9	49.082	980	1640	47	958	249040	251667	0.0	755
CDF89034.1	NC_001143.9	36.581	626	1640	1058	1639	251812	253464	3.40e-79	290
CDF89034.1	NC_001143.9	27.654	358	1640	66	410	135528	134596	1.28e-34	144
CDF89034.1	NC_001143.9	27.213	305	1640	85	385	206733	207518	5.80e-29	125
CDF89034.1	NC_001143.9	35.211	142	1640	205	330	221988	221563	2.28e-20	97.4
CDF89034.1	NC_001143.9	28.571	238	1640	175	379	132049	131339	1.83e-17	87.8
CDF89034.1	NC_001143.9	30.818	159	1640	177	333	183642	184112	2.19e-17	87.8
CDF89034.1	NC_001143.9	25.455	275	1640	21	277	128615	129298	1.21e-12	72.0
CDF89034.1	NC_001136.10	51.000	400	1640	84	474	1465747	1464695	3.16e-111	392
CDF89034.1	NC_001136.10	40.273	293	1640	86	378	1412526	1413275	6.31e-64	241
CDF89034.1	NC_001136.10	32.915	319	1640	79	385	695027	695899	1.38e-51	200
CDF89034.1	NC_001136.10	30.028	353	1640	64	383	281341	280409	8.58e-35	145
CDF89034.1	NC_001136.10	26.364	330	1640	74	383	1433941	1433096	3.43e-24	110
CDF89034.1	NC_001136.10	28.509	228	1640	187	387	1395334	1396011	4.79e-24	109
CDF89034.1	NC_001136.10	24.189	339	1640	80	378	75474	74602	2.11e-19	94.4
CDF89034.1	NC_001136.10	29.555	247	1640	177	389	173189	173914	8.37e-19	92.4
CDF89034.1	NC_001136.10	32.903	155	1640	177	329	267935	268390	3.51e-15	80.5
CDF89034.1	NC_001136.10	30.714	140	1640	200	323	1027709	1027293	4.22e-15	80.1
CDF89034.1	NC_001136.10	33.544	158	1640	177	325	313847	313374	6.10e-15	79.7
CDF89034.1	NC_001136.10	26.966	267	1640	182	393	956349	957092	2.51e-13	74.3
CDF89034.1	NC_001136.10	24.490	245	1640	92	329	406294	405677	2.62e-13	74.3
CDF89034.1	NC_001136.10	26.446	242	1640	175	412	1486858	1486181	2.11e-12	71.2
CDF89034.1	NC_001136.10	25.726	241	1640	174	386	401848	401135	3.96e-12	70.5
CDF89034.1	NC_001135.5	48.565	418	1640	64	474	79147	80253	4.17e-105	373
CDF89034.1	NC_001135.5	34.884	215	1640	178	379	129586	130227	6.78e-28	122
CDF89034.1	NC_001135.5	26.686	341	1640	75	385	275322	276215	5.19e-24	109
CDF89034.1	NC_001135.5	26.235	324	1640	89	385	243484	242648	2.74e-23	107
CDF89034.1	NC_001144.5	31.529	314	1640	83	392	332866	333747	8.21e-50	194
CDF89034.1	NC_001144.5	28.431	306	1640	89	383	851108	852001	1.75e-25	114
CDF89034.1	NC_001144.5	26.190	252	1640	175	387	634948	635697	5.57e-24	109
CDF89034.1	NC_001144.5	27.888	251	1640	177	393	371824	372558	2.28e-15	81.3
CDF89034.1	NC_001148.4	35.202	321	1640	79	390	285971	285102	4.39e-49	192
CDF89034.1	NC_001148.4	26.519	362	1640	43	383	263730	262795	4.01e-38	155
CDF89034.1	NC_001148.4	30.794	315	1640	76	385	166424	167233	7.79e-38	155
CDF89034.1	NC_001148.4	32.353	306	1640	86	390	268299	269069	1.61e-37	154
CDF89034.1	NC_001148.4	32.558	215	1640	175	389	157149	156511	1.97e-29	127
CDF89034.1	NC_001148.4	28.086	324	1640	119	386	492998	492036	1.54e-24	111
CDF89034.1	NC_001148.4	30.000	230	1640	175	384	288263	287589	1.80e-21	101
CDF89034.1	NC_001148.4	27.273	242	1640	177	378	501862	501200	4.20e-14	77.0
CDF89035.1	NC_001145.3	75.597	377	375	1	375	434788	435912	0.0	574
CDF89035.1	NC_001145.3	75.931	349	375	27	375	874340	873294	4.51e-179	550
CDF89035.1	NC_001145.3	26.140	329	375	54	371	912062	911091	3.40e-19	88.6
CDF89035.1	NC_001147.6	76.420	352	375	24	375	160606	159551	2.21e-180	554
CDF89035.1	NC_001134.8	67.630	346	375	30	375	533777	534814	2.33e-160	497
CDF89035.1	NC_001134.8	26.722	363	375	29	372	331502	330519	1.51e-18	86.3
CDF89035.1	NC_001135.5	25.519	337	375	54	375	309151	310140	1.10e-17	84.0
CDF89035.1	NC_001136.10	24.286	350	375	25	342	159610	160650	6.47e-17	81.3
CDF89035.1	NC_001136.10	26.335	281	375	29	298	9759	8926	3.47e-11	63.5
CDF89036.1	NC_001148.4	79.385	325	473	130	450	208775	209749	0.0	562
CDF89036.1	NC_001145.3	62.414	290	473	161	450	240456	239590	1.66e-128	410
CDF89036.1	NC_001145.3	33.793	290	473	194	446	160531	161400	8.79e-52	187
CDF89036.1	NC_001136.10	61.034	290	473	161	450	1336006	1336872	1.14e-123	396
CDF89036.1	NC_001136.10	42.248	258	473	185	441	220528	219758	2.83e-69	239
CDF89036.1	NC_001136.10	42.248	258	473	185	441	124731	123961	3.81e-69	238
CDF89036.1	NC_001136.10	43.775	249	473	194	441	597228	597971	1.11e-67	234
CDF89036.1	NC_001136.10	43.182	264	473	190	450	369837	370625	8.12e-67	231
CDF89036.1	NC_001137.3	64.378	233	473	218	450	433200	433898	3.28e-102	334
CDF89036.1	NC_001146.8	39.116	294	473	161	441	686010	686861	3.31e-67	233
CDF89037.1	NC_001148.4	42.380	479	479	20	476	203565	204929	1.19e-95	315
CDF89038.1	NC_001139.9	64.777	582	584	1	577	330607	328886	0.0	796
CDF89038.1	NC_001136.10	25.858	379	584	33	369	838551	839666	6.33e-19	90.1
CDF89039.1	NC_001148.4	44.624	186	707	1	178	205248	205766	2.42e-29	124
CDF89040.1	NC_001136.10	69.689	1478	1524	50	1517	466018	470388	0.0	2198
CDF89040.1	NC_001136.10	37.993	1495	1524	82	1510	1279327	1283772	0.0	1033
CDF89040.1	NC_001146.8	64.664	1415	1524	111	1520	765288	769475	0.0	1955
CDF89040.1	NC_001148.4	43.461	1491	1524	31	1506	450341	445971	0.0	1246
CDF89040.1	NC_001147.6	39.191	1434	1524	107	1510	620125	624357	0.0	1037
CDF89040.1	NC_001147.6	38.493	1460	1524	107	1505	932118	936467	0.0	1009
CDF89040.1	NC_001147.6	34.961	1393	1524	184	1524	349823	353839	0.0	846
CDF89040.1	NC_001147.6	24.068	1180	1524	194	1313	193380	190144	2.73e-58	222
CDF89040.1	NC_001147.6	25.636	511	1524	907	1385	193380	191899	2.03e-32	137
CDF89040.1	NC_001147.6	24.040	495	1524	177	652	191436	190048	3.00e-27	120
CDF89040.1	NC_001141.2	35.375	1388	1524	184	1508	332298	328297	0.0	842
CDF89040.1	NC_001141.2	23.634	677	1524	181	801	330156	328300	3.73e-24	109
CDF89041.1	NC_001134.8	66.088	634	656	26	656	281449	283341	0.0	900
CDF89041.1	NC_001134.8	50.000	582	656	46	614	140137	138449	0.0	595
CDF89041.1	NC_001141.2	65.728	639	656	18	653	408453	410363	0.0	885
CDF89041.1	NC_001147.6	29.688	512	656	117	624	461204	459708	1.85e-64	230
CDF89041.1	NC_001147.6	29.159	511	656	115	624	700501	698999	2.36e-61	221
CDF89041.1	NC_001144.5	29.903	515	656	115	624	612433	613935	6.58e-63	226
CDF89042.1	NC_001134.8	52.486	181	179	1	179	283738	284268	2.61e-56	189
CDF89043.1	NC_001134.8	71.477	1171	1164	7	1164	287898	284449	0.0	1702
CDF89045.1	NC_001134.8	74.562	971	957	1	953	311898	314762	0.0	1496
CDF89045.1	NC_001134.8	28.814	177	957	435	608	285435	284923	5.67e-11	65.5
CDF89045.1	NC_001146.8	39.973	753	957	237	933	277660	279885	6.95e-172	555
CDF89046.1	NC_001134.8	64.664	283	295	19	295	311419	310571	5.59e-124	389
CDF89046.1	NC_001134.8	56.827	271	295	25	295	289538	290344	3.43e-107	340
CDF89047.1	NC_001134.8	88.325	394	393	1	393	291865	290684	0.0	716
CDF89047.1	NC_001140.6	48.737	396	393	11	392	77296	76109	6.84e-113	361
CDF89047.1	NC_001139.9	35.461	141	393	24	153	914717	914301	2.35e-12	67.4
CDF89048.1	NC_001134.8	46.929	407	363	1	358	310313	309093	8.09e-113	360
CDF89049.1	NC_001134.8	70.262	343	370	1	336	294016	292988	3.98e-161	499
CDF89050.1	NC_001134.8	54.802	531	453	1	453	296002	294428	0.0	561
CDF89050.1	NC_001134.8	30.216	417	453	30	442	15347	14265	5.02e-46	170
CDF89050.1	NC_001134.8	27.234	235	453	74	300	192472	193137	5.24e-20	92.0
CDF89050.1	NC_001134.8	33.548	155	453	144	294	749816	750259	1.24e-19	90.9
CDF89050.1	NC_001134.8	28.444	225	453	76	296	560090	560719	4.40e-17	83.2
CDF89050.1	NC_001145.3	36.111	360	453	58	417	474484	473552	1.17e-61	216
CDF89050.1	NC_001145.3	32.444	225	453	85	307	270875	270255	8.62e-34	134
CDF89050.1	NC_001145.3	27.645	293	453	83	323	852756	853574	3.35e-15	77.0
CDF89050.1	NC_001145.3	27.083	240	453	70	296	546206	546850	1.83e-13	71.6
CDF89050.1	NC_001143.9	36.390	349	453	73	417	206727	207617	1.40e-61	216
CDF89050.1	NC_001143.9	37.079	267	453	76	338	135453	134731	3.12e-52	188
CDF89050.1	NC_001143.9	28.775	351	453	39	352	249025	250032	4.96e-33	131
CDF89050.1	NC_001143.9	27.481	262	453	56	315	183453	184163	8.54e-17	82.0
CDF89050.1	NC_001143.9	30.544	239	453	81	290	132223	131543	1.86e-15	77.8
CDF89050.1	NC_001143.9	24.699	332	453	79	350	222327	221377	8.87e-15	75.9
CDF89050.1	NC_001143.9	27.660	235	453	83	294	69623	68952	1.21e-12	68.9
CDF89050.1	NC_001143.9	30.102	196	453	129	313	150492	149932	1.09e-11	65.9
CDF89050.1	NC_001146.8	32.754	403	453	19	405	709846	710916	3.47e-56	200
CDF89050.1	NC_001146.8	41.290	155	453	78	232	333647	334087	2.95e-33	132
CDF89050.1	NC_001146.8	28.862	246	453	85	300	681620	680916	7.27e-24	103
CDF89050.1	NC_001146.8	28.692	237	453	79	294	70550	71218	2.38e-23	102
CDF89050.1	NC_001146.8	29.317	249	453	80	313	57468	56797	3.50e-15	77.0
CDF89050.1	NC_001146.8	25.616	203	453	93	294	294156	293587	9.25e-14	72.4
CDF89050.1	NC_001142.9	38.783	263	453	76	338	110910	110188	2.49e-54	194
CDF89050.1	NC_001142.9	30.556	288	453	85	364	250795	251616	1.16e-32	130
CDF89050.1	NC_001142.9	28.839	267	453	85	338	179008	178271	7.66e-19	88.6
CDF89050.1	NC_001142.9	25.664	226	453	85	306	149268	148645	3.45e-14	73.9
CDF89050.1	NC_001142.9	25.843	267	453	52	301	78011	77277	8.62e-14	72.8
CDF89050.1	NC_001142.9	27.801	241	453	77	294	546552	547232	6.16e-11	63.5
CDF89051.1	NC_001134.8	67.826	460	457	1	456	297742	296378	0.0	654
CDF89053.1	NC_001134.8	84.807	362	362	1	362	300166	301251	0.0	578
CDF89053.1	NC_001136.10	84.807	362	362	1	362	471853	472938	0.0	577
CDF89054.1	NC_001134.8	77.419	341	342	2	342	305955	304933	0.0	580
CDF89056.1	NC_001136.10	78.365	208	208	1	208	473157	473780	1.72e-112	351
CDF89057.1	NC_001136.10	28.201	656	571	1	571	474046	475980	3.42e-48	180
CDF89058.1	NC_001134.8	78.070	228	253	26	253	306955	306272	5.64e-121	378
CDF89060.1	NC_001136.10	66.176	68	93	12	79	478740	478537	5.69e-26	98.2
CDF89062.1	NC_001134.8	69.132	311	301	1	301	315575	316507	1.52e-138	431
CDF89063.1	NC_001134.8	53.488	301	299	4	298	316980	317858	4.88e-96	308
CDF89064.1	NC_001134.8	67.927	661	670	10	670	318296	320272	0.0	970
CDF89065.1	NC_001134.8	51.276	392	401	1	392	321621	320446	1.58e-133	421
CDF89065.1	NC_001136.10	38.736	364	401	14	375	483800	482766	1.64e-79	265
CDF89066.1	NC_001134.8	56.581	661	674	34	674	323852	321879	0.0	759
CDF89066.1	NC_001134.8	30.909	220	674	123	334	590110	590745	2.18e-26	114
CDF89066.1	NC_001134.8	27.155	232	674	98	325	253936	253250	4.87e-24	107
CDF89066.1	NC_001141.2	25.654	191	674	108	298	134618	135190	1.33e-17	86.3
CDF89066.1	NC_001141.2	25.238	210	674	89	298	132376	132993	2.04e-16	82.4
CDF89066.1	NC_001146.8	27.128	188	674	114	298	504027	504590	1.36e-17	86.3
CDF89066.1	NC_001146.8	26.222	225	674	456	668	504729	505403	2.71e-16	82.0
CDF89066.1	NC_001146.8	25.328	229	674	447	669	729127	728447	1.02e-11	67.4
CDF89066.1	NC_001140.6	29.146	199	674	467	661	205543	206121	9.39e-17	83.6
CDF89066.1	NC_001140.6	26.786	224	674	100	310	204796	205461	6.91e-16	80.9
CDF89066.1	NC_001147.6	24.766	214	674	116	328	836137	835529	3.43e-13	72.0
CDF89067.1	NC_001136.10	65.239	397	394	3	393	485350	484169	4.65e-174	537
CDF89068.1	NC_001134.8	49.367	553	568	16	566	326011	324353	7.22e-176	550
CDF89069.1	NC_001136.10	49.123	228	229	6	229	486420	485749	1.23e-67	224
CDF89070.1	NC_001136.10	84.596	396	396	1	396	486804	487991	0.0	714
CDF89070.1	NC_001136.10	42.742	372	396	24	395	171792	170692	7.75e-94	306
CDF89070.1	NC_001136.10	36.170	376	396	22	392	305417	306538	1.11e-74	251
CDF89070.1	NC_001136.10	31.281	406	396	25	395	949765	948584	1.54e-49	178
CDF89070.1	NC_001136.10	25.503	447	396	6	391	394565	395896	2.44e-42	157
CDF89070.1	NC_001136.10	27.251	422	396	5	381	847727	846471	5.73e-34	133
CDF89070.1	NC_001143.9	54.907	377	396	20	396	555041	556159	9.17e-130	410
CDF89070.1	NC_001143.9	35.417	192	396	46	209	486874	486311	6.30e-17	81.6
CDF89070.1	NC_001142.9	54.907	377	396	20	396	154637	153519	1.06e-129	410
CDF89070.1	NC_001142.9	30.137	365	396	25	374	383963	385042	7.28e-52	185
CDF89070.1	NC_001147.6	38.418	354	396	24	369	415631	414588	5.48e-81	270
CDF89070.1	NC_001147.6	33.152	368	396	25	373	723340	724431	4.22e-56	197
CDF89070.1	NC_001140.6	31.728	353	396	24	373	228794	227751	1.47e-55	196
CDF89070.1	NC_001140.6	31.565	377	396	25	381	442190	443290	5.56e-49	177
CDF89071.1	NC_001136.10	36.598	194	147	4	147	488656	488075	4.26e-30	112
CDF89072.1	NC_001136.10	86.860	449	460	1	449	489508	490854	0.0	835
CDF89072.1	NC_001140.6	28.054	442	460	29	438	127846	129108	7.93e-45	167
CDF89073.1	NC_001134.8	29.851	268	600	337	595	328895	328185	8.50e-19	89.7
CDF89074.1	NC_001134.8	60.704	341	348	9	348	331532	330510	8.60e-142	442
CDF89074.1	NC_001134.8	27.273	363	348	11	345	533750	534805	3.23e-23	99.8
CDF89074.1	NC_001145.3	27.642	369	348	10	345	874373	873303	1.48e-23	100
CDF89074.1	NC_001145.3	26.519	362	348	13	345	434854	435903	1.30e-22	98.2
CDF89074.1	NC_001147.6	28.090	356	348	19	345	160591	159560	2.49e-23	100
CDF89074.1	NC_001144.5	23.577	369	348	23	348	275196	274144	1.64e-13	70.5
CDF89075.1	NC_001134.8	51.913	183	190	1	182	331833	332354	4.86e-53	180
CDF89076.1	NC_001134.8	84.722	144	155	13	155	333378	333809	1.63e-81	260
CDF89076.1	NC_001136.10	84.138	145	155	12	155	491887	492321	6.47e-81	258
CDF89077.1	NC_001136.10	41.304	598	632	25	618	494211	492571	1.08e-119	391
CDF89077.1	NC_001134.8	51.302	384	632	130	478	336224	335130	6.49e-106	351
CDF89077.1	NC_001134.8	68.841	138	632	495	629	334808	334395	1.23e-50	188
CDF89078.1	NC_001136.10	55.000	900	898	10	896	497315	494652	0.0	974
CDF89079.1	NC_001136.10	37.147	638	1019	416	1003	499550	497871	7.85e-79	282
CDF89080.1	NC_001136.10	41.582	493	410	5	405	503264	501792	2.44e-106	343
CDF89081.1	NC_001136.10	44.737	114	116	9	116	503519	503860	4.46e-27	102
CDF89082.1	NC_001136.10	80.711	197	199	3	199	504692	504102	5.82e-108	338
CDF89082.1	NC_001135.5	63.636	198	199	4	199	120312	119719	1.66e-79	256
CDF89082.1	NC_001134.8	49.289	211	199	1	199	339355	338723	6.86e-65	214
CDF89083.1	NC_001145.3	62.286	350	350	1	350	902800	903846	8.57e-151	468
CDF89084.1	NC_001134.8	53.947	304	353	1	303	343101	343979	3.70e-105	337
CDF89084.1	NC_001136.10	50.165	303	353	1	301	508147	509034	9.59e-101	325
CDF89084.1	NC_001135.5	31.511	311	353	13	305	157074	156172	1.73e-39	147
CDF89085.1	NC_001134.8	34.746	354	364	5	345	340712	339723	5.48e-58	202
CDF89086.1	NC_001134.8	54.962	524	509	5	504	279039	280601	2.03e-178	555
CDF89086.1	NC_001136.10	56.313	499	509	27	505	463509	464993	5.94e-175	545
CDF89087.1	NC_001134.8	58.488	701	693	16	693	278346	276256	0.0	839
CDF89087.1	NC_001146.8	46.667	330	693	387	692	771435	770449	1.06e-82	285
CDF89087.1	NC_001140.6	43.103	348	693	369	693	521752	520718	3.82e-77	269
CDF89089.1	NC_001136.10	94.279	437	437	1	437	438047	439357	0.0	816
CDF89089.1	NC_001136.10	48.404	376	437	46	419	1261798	1262910	1.86e-109	353
CDF89089.1	NC_001136.10	45.815	227	437	181	407	238028	237357	3.95e-60	211
CDF89089.1	NC_001136.10	37.991	229	437	180	406	237212	236532	1.15e-45	168
CDF89089.1	NC_001136.10	34.320	169	437	187	352	1225849	1225373	1.80e-12	68.2
CDF89089.1	NC_001139.9	49.387	326	437	106	431	411073	410099	9.99e-103	334
CDF89089.1	NC_001139.9	39.062	256	437	163	411	1028567	1029304	1.43e-51	186
CDF89089.1	NC_001139.9	34.783	230	437	180	406	542467	543138	4.47e-35	137
CDF89089.1	NC_001147.6	46.129	310	437	118	427	545377	546306	2.90e-91	301
CDF89089.1	NC_001147.6	38.743	382	437	53	434	813537	812419	1.18e-82	276
CDF89089.1	NC_001143.9	49.615	260	437	165	424	174786	175565	7.30e-88	291
CDF89089.1	NC_001143.9	32.780	241	437	171	401	71810	71100	7.21e-33	130
CDF89089.1	NC_001145.3	41.700	247	437	181	424	447048	446311	9.18e-53	189
CDF89090.1	NC_001136.10	80.952	273	280	8	280	439933	440751	3.11e-156	480
CDF89090.1	NC_001134.8	31.489	235	280	30	248	113855	114511	1.14e-28	114
CDF89090.1	NC_001134.8	24.709	344	280	30	280	488257	487277	4.81e-19	85.9
CDF89090.1	NC_001137.3	29.362	235	280	30	248	337247	336591	1.43e-25	104
CDF89090.1	NC_001142.9	31.068	206	280	82	280	429429	430028	2.56e-16	77.8
CDF89091.1	NC_001136.10	41.016	256	338	17	270	442237	441533	2.83e-37	140
CDF89091.1	NC_001136.10	75.000	36	338	303	338	441124	441017	8.87e-12	65.1
CDF89093.1	NC_001136.10	68.125	160	159	1	159	443029	443508	7.89e-64	209
CDF89094.1	NC_001136.10	42.464	617	611	7	611	444716	446380	5.10e-137	440
CDF89095.1	NC_001134.8	52.022	2497	2489	1	2488	227636	235111	0.0	2650
CDF89096.1	NC_001136.10	70.225	178	237	1	178	447578	447054	2.49e-78	255
CDF89097.1	NC_001136.10	83.042	401	427	29	426	448089	449270	0.0	691
CDF89097.1	NC_001136.10	27.386	241	427	199	415	1024305	1023583	1.21e-24	105
CDF89097.1	NC_001138.5	37.391	230	427	196	418	247406	248092	1.45e-45	168
CDF89098.1	NC_001134.8	97.727	132	132	1	132	235792	235397	1.32e-80	256
CDF89098.1	NC_001136.10	97.727	132	132	1	132	915530	915925	2.18e-80	255
CDF89098.1	NC_001147.6	61.600	125	132	1	118	303983	303612	1.15e-33	122
CDF89099.1	NC_001136.10	93.939	132	131	1	131	914712	914320	4.99e-74	237
CDF89099.1	NC_001134.8	91.667	132	131	1	131	236492	236884	1.65e-72	233
CDF89100.1	NC_001134.8	79.808	104	106	1	104	237467	237156	2.89e-54	179
CDF89101.1	NC_001134.8	75.513	731	824	90	820	241142	238956	0.0	1188
CDF89101.1	NC_001136.10	73.727	746	824	81	824	452457	450223	0.0	1184
CDF89102.1	NC_001136.10	77.000	200	210	11	210	453072	453647	5.55e-99	313
CDF89102.1	NC_001144.5	28.902	173	210	34	205	799107	799580	2.00e-12	64.3
CDF89102.1	NC_001141.2	33.129	163	210	38	196	243276	242794	8.61e-12	62.4
CDF89103.1	NC_001134.8	65.370	257	283	1	256	242568	241798	3.22e-111	351
CDF89103.1	NC_001145.3	37.455	275	283	16	281	469320	468511	8.14e-51	178
CDF89104.1	NC_001134.8	75.922	461	469	10	469	242845	244227	0.0	714
CDF89105.1	NC_001134.8	56.582	433	425	1	425	245667	244369	6.62e-156	486
CDF89106.1	NC_001136.10	52.632	190	202	18	201	454203	454751	1.99e-53	182
CDF89106.1	NC_001134.8	51.381	181	202	24	199	246008	246532	2.71e-43	152
CDF89107.1	NC_001134.8	71.020	490	492	3	492	247031	248500	0.0	764
CDF89107.1	NC_001137.3	34.249	473	492	15	485	304162	305568	7.21e-83	279
CDF89107.1	NC_001147.6	33.475	472	492	15	483	1039975	1041378	2.86e-80	271
CDF89107.1	NC_001145.3	33.264	481	492	15	485	603019	601583	1.59e-73	252
CDF89107.1	NC_001145.3	32.432	481	492	15	485	600809	599373	5.67e-71	244
CDF89107.1	NC_001145.3	26.140	329	492	150	463	491605	490661	1.79e-15	78.6
CDF89107.1	NC_001148.4	32.983	476	492	15	485	432666	434081	9.26e-73	249
CDF89108.1	NC_001136.10	54.409	465	462	1	458	455240	456580	2.72e-156	489
CDF89108.1	NC_001137.3	29.565	230	462	48	270	548663	549328	4.47e-20	92.4
CDF89108.1	NC_001137.3	33.099	142	462	85	225	350451	350858	1.36e-15	78.6
CDF89109.1	NC_001136.10	54.500	400	376	9	369	458017	456857	8.09e-123	389
CDF89110.1	NC_001134.8	34.980	769	697	10	690	250887	248821	9.49e-92	312
CDF89111.1	NC_001136.10	63.652	564	961	393	955	460203	458563	0.0	765
CDF89112.1	NC_001146.8	98.058	103	103	1	103	576727	577035	3.76e-61	199
CDF89112.1	NC_001134.8	98.058	103	103	1	103	255684	255376	1.62e-60	197
CDF89113.1	NC_001134.8	100.000	136	136	1	136	256331	256738	2.24e-85	270
CDF89113.1	NC_001146.8	100.000	136	136	1	136	576050	575643	2.42e-85	270
CDF89113.1	NC_001143.9	60.825	97	136	41	134	346374	346084	5.05e-34	123
CDF89114.1	NC_001136.10	54.976	211	205	2	201	461878	462510	3.74e-70	230
CDF89115.1	NC_001134.8	88.112	286	287	1	286	257975	257118	5.55e-174	531
CDF89115.1	NC_001145.3	46.853	286	287	3	283	801871	802701	6.28e-84	273
CDF89116.1	NC_001136.10	53.179	173	163	1	163	433497	433991	7.74e-56	187
CDF89117.1	NC_001136.10	46.185	249	247	3	247	432333	433022	1.28e-53	184
CDF89117.1	NC_001136.10	41.758	91	247	144	233	1471173	1471445	7.44e-13	66.6
CDF89117.1	NC_001134.8	41.597	238	247	1	238	267336	266755	7.62e-49	171
CDF89117.1	NC_001148.4	27.915	283	247	7	246	256725	255919	6.33e-16	75.5
CDF89118.1	NC_001134.8	54.886	614	614	3	611	269500	267725	0.0	655
CDF89118.1	NC_001142.9	40.650	492	614	147	611	80455	81897	4.21e-110	362
CDF89119.1	NC_001136.10	43.243	111	116	6	116	431410	431111	1.78e-12	60.8
CDF89120.1	NC_001136.10	52.787	610	607	22	607	429130	430923	0.0	569
CDF89121.1	NC_001136.10	96.296	243	321	79	321	427616	428344	1.68e-158	489
CDF89122.1	NC_001136.10	71.630	497	498	4	488	424233	425723	0.0	741
CDF89122.1	NC_001147.6	31.288	163	498	23	183	441666	442109	2.26e-14	75.1
CDF89122.1	NC_001148.4	30.247	162	498	31	181	492908	492471	4.48e-11	64.3
CDF89123.1	NC_001136.10	60.488	205	221	17	221	423450	422836	1.52e-86	278
CDF89124.1	NC_001134.8	67.396	914	911	2	910	273691	270950	0.0	1272
CDF89125.1	NC_001133.9	37.483	739	637	6	633	168811	166760	5.10e-97	325
CDF89126.1	NC_001133.9	80.263	304	307	3	306	169375	170286	1.09e-166	511
CDF89127.1	NC_001133.9	74.771	436	416	3	416	171700	170399	0.0	674
CDF89127.1	NC_001133.9	29.268	328	416	21	342	175084	174260	8.58e-30	121
CDF89127.1	NC_001139.9	35.688	269	416	24	282	160122	160904	1.84e-31	126
CDF89127.1	NC_001139.9	26.398	322	416	27	321	207390	208265	2.21e-19	89.7
CDF89127.1	NC_001139.9	27.957	279	416	11	274	575383	576090	3.68e-18	85.9
CDF89127.1	NC_001136.10	32.226	301	416	31	319	173060	173863	3.46e-27	113
CDF89127.1	NC_001136.10	25.309	324	416	17	333	1487017	1486181	8.79e-22	97.1
CDF89127.1	NC_001136.10	24.579	297	416	27	321	1412532	1413281	1.61e-19	90.1
CDF89127.1	NC_001136.10	26.606	327	416	27	337	281254	280358	4.24e-18	85.9
CDF89127.1	NC_001136.10	23.636	385	416	32	396	1395163	1396197	4.07e-16	79.7
CDF89127.1	NC_001136.10	26.619	278	416	32	283	1433884	1433213	2.65e-15	77.0
CDF89127.1	NC_001136.10	27.315	216	416	75	287	1465546	1465034	1.02e-14	75.1
CDF89127.1	NC_001136.10	25.444	338	416	14	320	695024	695881	1.01e-13	72.0
CDF89127.1	NC_001136.10	24.590	244	416	32	273	267809	268405	1.34e-12	68.6
CDF89127.1	NC_001136.10	27.170	265	416	97	331	1027715	1027059	1.48e-12	68.6
CDF89127.1	NC_001142.9	28.383	303	416	32	319	250789	251559	1.19e-23	102
CDF89127.1	NC_001142.9	31.802	283	416	31	301	179017	178364	2.03e-19	89.7
CDF89127.1	NC_001142.9	24.919	309	416	16	312	110940	110188	1.23e-17	84.3
CDF89127.1	NC_001142.9	27.273	286	416	25	276	221492	222265	1.37e-16	80.9
CDF89127.1	NC_001142.9	29.876	241	416	27	262	149289	148702	3.98e-12	67.0
CDF89127.1	NC_001148.4	29.181	281	416	28	290	263604	262906	1.43e-23	102
CDF89127.1	NC_001148.4	24.771	327	416	34	348	288377	287517	6.34e-22	97.4
CDF89127.1	NC_001148.4	26.953	256	416	21	273	492938	492297	1.47e-18	87.0
CDF89127.1	NC_001148.4	27.660	282	416	4	272	474293	473604	1.78e-16	80.9
CDF89127.1	NC_001148.4	24.042	287	416	28	312	166463	167176	5.22e-16	79.3
CDF89127.1	NC_001148.4	28.517	263	416	28	273	666391	667041	8.76e-15	75.5
CDF89127.1	NC_001148.4	26.108	203	416	69	270	157158	156688	1.30e-11	65.5
CDF89128.1	NC_001133.9	39.354	991	948	2	907	175117	172352	0.0	615
CDF89128.1	NC_001133.9	29.167	264	948	39	284	123522	124289	1.91e-24	109
CDF89128.1	NC_001133.9	25.904	332	948	18	279	171682	170687	3.52e-24	108
CDF89128.1	NC_001142.9	38.224	259	948	39	280	250789	251565	1.38e-45	178
CDF89128.1	NC_001142.9	36.015	261	948	41	283	179008	178235	8.30e-32	133
CDF89128.1	NC_001142.9	27.941	272	948	11	271	110961	110188	1.02e-29	127
CDF89128.1	NC_001142.9	28.846	260	948	34	281	149289	148531	1.27e-15	80.9
CDF89128.1	NC_001142.9	28.767	219	948	22	222	77978	77325	4.72e-15	79.0
CDF89128.1	NC_001142.9	24.806	258	948	40	225	107940	107167	1.69e-12	70.5
CDF89128.1	NC_001136.10	38.911	257	948	35	283	1486987	1486223	1.76e-44	174
CDF89128.1	NC_001136.10	31.599	269	948	35	280	1465732	1464929	5.82e-28	121
CDF89128.1	NC_001136.10	29.457	258	948	35	288	1412535	1413305	1.17e-27	120
CDF89128.1	NC_001136.10	31.833	311	948	1	280	172964	173869	2.13e-27	119
CDF89128.1	NC_001136.10	34.222	225	948	34	231	281254	280580	1.02e-26	117
CDF89128.1	NC_001136.10	30.516	213	948	35	229	1433896	1433258	1.53e-22	103
CDF89128.1	NC_001136.10	25.649	308	948	10	283	694970	695893	3.39e-22	102
CDF89128.1	NC_001136.10	25.652	230	948	25	229	1395121	1395810	8.74e-21	97.8
CDF89128.1	NC_001136.10	27.536	276	948	34	278	401977	401159	2.66e-19	92.8
CDF89128.1	NC_001136.10	29.808	208	948	33	229	313973	313362	7.73e-17	84.7
CDF89128.1	NC_001136.10	26.500	200	948	41	234	267815	268414	1.01e-16	84.3
CDF89128.1	NC_001136.10	27.103	321	948	35	279	956046	956996	5.09e-15	79.0
CDF89128.1	NC_001136.10	26.941	219	948	91	283	1027742	1027107	1.05e-13	74.3
CDF89128.1	NC_001136.10	27.632	228	948	13	229	75519	74854	2.25e-13	73.6
CDF89128.1	NC_001136.10	25.907	193	948	41	216	406285	405716	4.61e-12	68.9
CDF89128.1	NC_001140.6	36.691	278	948	15	283	316578	317399	3.39e-43	170
CDF89128.1	NC_001140.6	33.465	254	948	41	290	96062	95304	1.76e-35	145
CDF89128.1	NC_001140.6	28.163	245	948	35	271	510596	511327	2.37e-24	109
CDF89128.1	NC_001140.6	28.226	248	948	34	260	170281	169538	2.26e-15	80.1
CDF89128.1	NC_001140.6	28.571	203	948	76	262	271161	270580	2.78e-12	69.7
CDF89128.1	NC_001144.5	31.293	294	948	40	283	851123	852001	7.40e-39	156
CDF89128.1	NC_001144.5	25.246	305	948	10	283	332806	333720	3.36e-22	102
CDF89128.1	NC_001144.5	29.016	193	948	41	229	371704	372270	1.43e-15	80.5
CDF89128.1	NC_001144.5	25.000	268	948	28	231	634717	635517	5.10e-13	72.4
CDF89129.1	NC_001133.9	68.975	693	678	1	678	190193	192253	0.0	983
CDF89129.1	NC_001145.3	25.881	653	678	4	634	193007	194758	3.89e-52	194
CDF89129.1	NC_001137.3	28.684	509	678	179	630	202933	204387	6.59e-50	187
CDF89130.1	NC_001136.10	72.562	441	1688	1250	1688	418979	417666	0.0	692
CDF89130.1	NC_001136.10	46.239	811	1688	40	846	421484	419241	0.0	640
CDF89130.1	NC_001133.9	76.733	404	1688	38	440	192631	193827	0.0	651
CDF89130.1	NC_001133.9	61.957	460	1688	1234	1688	194815	196182	0.0	612
CDF89130.1	NC_001133.9	52.778	180	1688	665	839	194248	194784	5.70e-45	178
CDF89130.1	NC_001140.6	30.221	407	1688	1282	1684	244442	245560	2.54e-39	160
CDF89130.1	NC_001140.6	28.906	256	1688	1294	1539	106172	106930	2.78e-20	97.4
CDF89130.1	NC_001143.9	29.787	235	1688	1313	1539	445561	446256	8.74e-21	99.0
CDF89131.1	NC_001147.6	63.004	546	550	4	548	226063	224426	0.0	741
CDF89131.1	NC_001148.4	61.538	546	550	4	548	55141	53504	0.0	717
CDF89131.1	NC_001148.4	59.524	546	550	4	548	778661	780295	0.0	698
CDF89132.1	NC_001136.10	63.514	148	434	309	434	415559	415119	1.68e-51	186
CDF89133.1	NC_001147.6	63.667	300	301	5	301	223277	224176	1.31e-128	402
CDF89133.1	NC_001136.10	62.701	311	301	1	301	413953	414885	1.66e-127	399
CDF89133.1	NC_001143.9	35.971	278	301	9	283	164379	163690	1.92e-40	149
CDF89134.1	NC_001147.6	86.429	420	419	1	419	219211	220470	0.0	765
CDF89135.1	NC_001136.10	76.093	389	392	2	390	411831	412997	0.0	627
CDF89135.1	NC_001147.6	73.797	374	392	18	390	217324	218445	0.0	596
CDF89136.1	NC_001147.6	74.528	212	212	1	212	373439	372804	5.47e-107	336
CDF89137.1	NC_001136.10	43.836	438	415	6	413	1405755	1404448	2.69e-106	343
CDF89138.1	NC_001136.10	36.384	885	774	6	774	1410082	1407476	2.26e-138	451
CDF89138.1	NC_001147.6	32.006	703	774	33	709	368229	370079	5.07e-93	318
CDF89139.1	NC_001145.3	29.134	127	247	22	143	545188	545568	1.96e-12	65.1
CDF89139.1	NC_001147.6	29.600	125	247	16	140	502813	503184	3.12e-12	64.7
CDF89139.1	NC_001148.4	28.226	124	247	17	140	138876	139244	5.87e-12	63.9
CDF89139.1	NC_001136.10	27.160	162	247	4	161	216511	216978	4.04e-11	61.2
CDF89139.1	NC_001136.10	27.273	154	247	12	161	116327	116770	7.66e-11	60.5
CDF89140.1	NC_001136.10	39.726	219	219	2	208	1411139	1410483	1.06e-33	126
CDF89141.1	NC_001136.10	82.064	591	631	42	630	1412508	1414268	0.0	999
CDF89141.1	NC_001136.10	45.848	277	631	41	298	1465762	1464932	6.33e-71	249
CDF89141.1	NC_001136.10	39.116	294	631	48	310	695048	695929	6.26e-59	213
CDF89141.1	NC_001136.10	34.884	301	631	35	302	281308	280409	1.50e-40	158
CDF89141.1	NC_001136.10	28.413	271	631	48	302	1433905	1433096	1.63e-29	124
CDF89141.1	NC_001136.10	28.772	285	631	55	303	267809	268651	2.39e-27	117
CDF89141.1	NC_001136.10	30.675	326	631	48	299	956037	956999	1.24e-26	115
CDF89141.1	NC_001136.10	29.452	292	631	57	303	75447	74584	3.36e-26	113
CDF89141.1	NC_001136.10	27.018	285	631	55	313	406291	405452	8.05e-25	109
CDF89141.1	NC_001136.10	27.857	280	631	57	302	1395169	1395999	7.19e-22	99.8
CDF89141.1	NC_001136.10	27.341	267	631	51	303	1486987	1486220	1.12e-18	89.7
CDF89141.1	NC_001136.10	30.719	153	631	107	242	1027751	1027293	1.38e-18	89.4
CDF89141.1	NC_001136.10	28.870	239	631	25	252	314042	313350	3.16e-17	85.1
CDF89141.1	NC_001136.10	27.241	290	631	45	300	173015	173872	1.09e-16	83.2
CDF89141.1	NC_001136.10	28.636	220	631	51	248	401974	401330	1.89e-15	79.3
CDF89141.1	NC_001135.5	43.000	300	631	17	303	79129	80019	1.26e-67	239
CDF89141.1	NC_001135.5	31.203	266	631	50	291	275370	276164	1.42e-30	127
CDF89141.1	NC_001135.5	28.834	326	631	11	301	129283	130236	2.23e-22	101
CDF89141.1	NC_001135.5	26.007	273	631	57	302	243466	242654	3.44e-22	100
CDF89141.1	NC_001143.9	38.908	293	631	48	303	249151	250029	1.17e-63	227
CDF89141.1	NC_001143.9	34.028	288	631	48	323	135453	134599	2.36e-42	163
CDF89141.1	NC_001143.9	32.794	247	631	48	291	206736	207470	1.31e-32	134
CDF89141.1	NC_001143.9	26.901	342	631	13	303	183366	184367	3.83e-27	116
CDF89141.1	NC_001143.9	27.734	256	631	51	249	222327	221563	7.31e-22	99.8
CDF89141.1	NC_001143.9	26.910	301	631	54	303	132220	131324	1.40e-18	89.4
CDF89141.1	NC_001143.9	27.829	327	631	44	298	348896	347925	1.02e-16	83.2
CDF89141.1	NC_001143.9	29.680	219	631	50	249	150624	149986	3.38e-16	81.6
CDF89141.1	NC_001143.9	28.384	229	631	55	248	69623	68952	1.62e-12	69.7
CDF89141.1	NC_001147.6	42.647	272	631	48	303	775972	776787	1.30e-57	209
CDF89141.1	NC_001147.6	37.358	265	631	50	302	295985	295194	1.40e-41	161
CDF89141.1	NC_001147.6	26.543	324	631	22	316	129654	130622	6.61e-32	131
CDF89141.1	NC_001147.6	32.222	270	631	49	304	246011	246799	5.66e-31	128
CDF89141.1	NC_001147.6	29.524	210	631	52	253	773264	773881	4.89e-21	97.1
CDF89141.1	NC_001147.6	27.336	289	631	55	302	996016	995180	2.58e-18	88.6
CDF89141.1	NC_001147.6	25.604	207	631	44	248	441660	442262	3.79e-18	87.8
CDF89141.1	NC_001147.6	30.918	207	631	52	248	824222	823605	6.62e-18	87.0
CDF89141.1	NC_001147.6	24.232	293	631	51	310	105403	106269	1.97e-17	85.5
CDF89141.1	NC_001147.6	28.384	229	631	55	269	79347	78670	8.93e-12	67.4
CDF89141.1	NC_001144.5	37.013	308	631	48	319	332875	333798	4.29e-57	208
CDF89141.1	NC_001144.5	29.467	319	631	51	302	634738	635685	3.34e-28	120
CDF89141.1	NC_001144.5	29.562	274	631	51	292	371686	372495	1.31e-23	105
CDF89141.1	NC_001144.5	24.573	293	631	57	302	851126	852001	4.26e-20	94.4
CDF89142.1	NC_001147.6	59.765	425	436	18	432	378213	379466	1.16e-164	512
CDF89142.1	NC_001147.6	28.916	332	436	38	356	201372	200503	1.85e-31	126
CDF89142.1	NC_001136.10	36.275	306	436	61	358	842589	843446	5.75e-46	169
CDF89142.1	NC_001136.10	30.159	315	436	65	361	377695	376877	1.20e-32	130
CDF89142.1	NC_001148.4	26.071	280	436	70	336	526808	526122	6.27e-17	82.4
CDF89143.1	NC_001136.10	34.444	180	178	1	160	1414575	1415108	2.77e-25	100
CDF89144.1	NC_001136.10	50.864	521	524	6	524	1416742	1415213	1.62e-170	533
CDF89145.1	NC_001147.6	43.323	337	324	6	322	379784	380791	6.66e-88	286
CDF89145.1	NC_001137.3	26.623	308	324	8	299	374461	373547	4.35e-28	113
CDF89146.1	NC_001136.10	45.397	478	487	1	471	971474	970041	4.93e-134	426
CDF89147.1	NC_001147.6	70.648	586	579	1	578	381059	382813	0.0	847
CDF89147.1	NC_001147.6	27.381	252	579	3	213	339675	338941	4.43e-18	87.4
CDF89147.1	NC_001147.6	36.697	109	579	386	490	339678	339352	8.09e-11	63.9
CDF89148.1	NC_001147.6	62.994	481	504	25	500	96283	94868	0.0	625
CDF89148.1	NC_001147.6	38.943	511	504	1	497	891417	889888	6.70e-109	355
CDF89148.1	NC_001146.8	21.260	381	504	64	436	391645	390521	3.82e-15	77.4
CDF89149.1	NC_001136.10	79.379	805	807	1	795	974243	971847	0.0	1285
CDF89149.1	NC_001144.5	46.164	730	807	94	796	89121	91274	0.0	632
CDF89150.1	NC_001136.10	40.120	167	156	2	155	977220	976726	7.42e-28	106
CDF89151.1	NC_001136.10	58.150	454	528	31	478	979098	977737	0.0	565
CDF89151.1	NC_001147.6	39.443	431	528	45	474	690854	692020	1.82e-82	279
CDF89151.1	NC_001144.5	38.532	436	528	45	479	729111	730298	4.26e-82	278
CDF89151.1	NC_001134.8	24.342	456	528	40	463	347984	349081	2.87e-11	65.1
CDF89152.1	NC_001147.6	31.071	560	556	40	556	387035	388678	2.67e-82	280
CDF89154.1	NC_001147.6	58.824	102	866	181	282	390316	390011	1.56e-30	129
CDF89155.1	NC_001140.6	87.887	355	355	1	355	159438	160502	0.0	651
CDF89156.1	NC_001140.6	80.095	211	214	5	214	160850	161482	3.05e-92	293
CDF89156.1	NC_001137.3	31.847	157	214	56	212	100793	101236	5.49e-16	74.7
CDF89156.1	NC_001148.4	33.099	142	214	71	212	105356	104949	5.41e-15	72.0
CDF89157.1	NC_001140.6	73.293	996	981	1	976	164711	161742	0.0	1471
CDF89158.1	NC_001140.6	58.005	812	803	12	801	167434	164999	0.0	975
CDF89158.1	NC_001147.6	35.309	776	803	67	801	754529	752253	2.10e-141	461
CDF89159.1	NC_001140.6	52.415	704	642	4	639	172913	170811	0.0	691
CDF89159.1	NC_001145.3	41.573	534	642	152	635	150833	149250	9.24e-111	365
CDF89160.1	NC_001140.6	65.091	550	603	1	528	173344	174975	0.0	727
CDF89160.1	NC_001140.6	60.256	78	603	524	601	174962	175195	2.52e-23	104
CDF89160.1	NC_001136.10	36.111	612	603	5	603	1149208	1147430	5.15e-112	368
CDF89161.1	NC_001140.6	52.273	352	407	50	390	210872	211912	9.14e-109	350
CDF89162.1	NC_001143.9	72.483	149	147	1	147	153269	153703	1.65e-56	188
CDF89163.1	NC_001140.6	73.649	148	150	1	147	209705	210148	1.25e-66	217
CDF89164.1	NC_001143.9	32.979	188	183	17	180	154385	153837	1.29e-18	81.3
CDF89165.1	NC_001140.6	68.803	234	235	1	230	206474	207175	6.20e-105	331
CDF89165.1	NC_001147.6	30.126	239	235	3	227	845777	845115	3.01e-21	90.9
CDF89165.1	NC_001145.3	25.424	236	235	3	227	716300	715650	3.27e-16	76.3
CDF89167.1	NC_001143.9	76.246	863	861	1	861	155647	158229	0.0	1409
CDF89167.1	NC_001140.6	67.288	859	861	6	860	201325	198749	0.0	1244
CDF89167.1	NC_001141.2	24.464	887	861	4	786	92794	90185	6.28e-53	200
CDF89168.1	NC_001140.6	72.945	292	296	7	296	198276	197401	3.17e-149	461
CDF89168.1	NC_001136.10	52.508	299	296	1	295	1035995	1036870	2.08e-97	312
CDF89169.1	NC_001140.6	48.759	564	555	1	555	195551	197227	0.0	564
CDF89170.1	NC_001136.10	41.834	349	338	1	336	1019368	1020414	4.61e-80	265
CDF89171.1	NC_001136.10	79.934	304	307	1	304	1020747	1021658	2.36e-172	528
CDF89173.1	NC_001140.6	48.583	247	245	1	245	193545	192808	1.84e-71	235
CDF89173.1	NC_001140.6	49.187	246	245	1	244	194808	194074	4.27e-71	234
CDF89173.1	NC_001141.2	35.593	236	245	1	225	255115	255783	5.40e-21	90.5
CDF89173.1	NC_001137.3	33.482	224	245	4	225	280655	280014	3.70e-20	87.8
CDF89174.1	NC_001136.10	60.845	355	416	59	411	1024590	1023529	1.25e-133	422
CDF89174.1	NC_001136.10	26.482	253	416	142	394	448566	449237	1.07e-25	108
CDF89174.1	NC_001138.5	25.385	260	416	148	401	247397	248104	1.36e-15	77.8
CDF89175.1	NC_001140.6	66.955	693	684	1	684	190543	192615	0.0	957
CDF89175.1	NC_001138.5	29.577	426	684	275	684	215265	216416	5.15e-30	126
CDF89175.1	NC_001148.4	23.775	694	684	47	679	659161	661035	4.82e-24	107
CDF89175.1	NC_001142.9	34.194	155	684	63	209	681236	680784	2.51e-12	69.3
CDF89176.1	NC_001136.10	40.942	276	294	26	294	1037273	1038100	2.39e-70	234
CDF89177.1	NC_001136.10	69.178	292	292	1	292	1035995	1036870	2.70e-139	432
CDF89177.1	NC_001140.6	52.203	295	292	7	292	198276	197404	5.62e-98	314
CDF89178.1	NC_001136.10	36.190	105	105	5	105	1035554	1035240	1.45e-22	89.4
CDF89179.1	NC_001136.10	42.933	375	916	529	881	1033900	1035024	3.12e-70	254
CDF89179.1	NC_001136.10	38.172	372	916	1	334	1032436	1033539	2.99e-47	183
CDF89180.1	NC_001136.10	63.014	292	290	1	288	1031419	1030553	3.75e-123	386
CDF89180.1	NC_001136.10	29.075	227	290	47	253	1455731	1455081	3.44e-21	92.4
CDF89181.1	NC_001136.10	69.693	1663	1651	1	1651	1030049	1025073	0.0	2414
CDF89181.1	NC_001136.10	29.082	196	1651	778	970	1465471	1464935	1.38e-16	85.1
CDF89181.1	NC_001136.10	26.481	287	1651	773	1038	1412739	1413527	1.83e-16	84.7
CDF89181.1	NC_001136.10	28.780	205	1651	777	970	1486777	1486238	3.36e-15	80.5
CDF89181.1	NC_001136.10	27.826	230	1651	771	975	281038	280409	5.38e-15	79.7
CDF89181.1	NC_001136.10	34.043	141	1651	778	913	1395382	1395792	1.88e-14	78.2
CDF89181.1	NC_001136.10	28.000	200	1651	775	963	1433683	1433132	8.53e-13	72.4
CDF89181.1	NC_001136.10	25.000	248	1651	774	987	75252	74551	2.90e-12	70.9
CDF89181.1	NC_001136.10	28.636	220	1651	778	975	401758	401144	7.43e-12	69.3
CDF89181.1	NC_001136.10	32.000	125	1651	814	932	268118	268450	1.00e-11	68.9
CDF89181.1	NC_001136.10	25.248	202	1651	778	975	695354	695893	3.31e-11	67.4
CDF89181.1	NC_001148.4	23.617	470	1651	1032	1465	638812	637511	3.64e-21	100
CDF89181.1	NC_001148.4	29.954	217	1651	777	975	263391	262795	1.63e-14	78.2
CDF89181.1	NC_001148.4	25.991	227	1651	772	983	288191	287568	2.47e-14	77.8
CDF89181.1	NC_001148.4	31.250	144	1651	774	913	474026	473631	2.93e-14	77.4
CDF89181.1	NC_001148.4	33.333	141	1651	778	917	166682	167044	5.01e-14	76.6
CDF89181.1	NC_001148.4	31.967	122	1651	790	911	865957	865598	1.59e-13	75.1
CDF89181.1	NC_001148.4	34.667	150	1651	790	932	666661	667086	1.75e-13	74.7
CDF89181.1	NC_001148.4	25.243	206	1651	780	975	285683	285123	1.82e-13	74.7
CDF89181.1	NC_001148.4	33.333	120	1651	812	926	492590	492273	3.22e-13	73.9
CDF89181.1	NC_001148.4	28.986	138	1651	776	913	268500	268865	6.33e-12	69.7
CDF89181.1	NC_001145.3	31.579	209	1651	776	975	270683	270126	6.73e-19	92.8
CDF89181.1	NC_001145.3	28.934	197	1651	778	966	474205	473693	2.32e-13	74.3
CDF89181.1	NC_001140.6	32.692	208	1651	774	975	316842	317399	2.16e-18	90.9
CDF89181.1	NC_001140.6	27.861	201	1651	775	970	95879	95340	7.51e-17	85.9
CDF89181.1	NC_001140.6	28.497	193	1651	778	966	510824	511336	1.26e-14	78.6
CDF89181.1	NC_001140.6	28.992	238	1651	778	970	259371	258667	2.96e-13	73.9
CDF89181.1	NC_001140.6	34.559	136	1651	804	932	169966	169589	6.15e-13	73.2
CDF89181.1	NC_001140.6	28.472	144	1651	779	917	271080	270679	6.63e-13	72.8
CDF89181.1	NC_001138.5	32.692	208	1651	775	975	173556	172981	8.08e-17	85.9
CDF89182.1	NC_001140.6	55.714	210	214	5	214	189751	189134	4.81e-71	233
CDF89184.1	NC_001136.10	72.587	1036	1070	20	1054	1039803	1042910	0.0	1625
CDF89184.1	NC_001139.9	23.684	380	1070	284	624	31070	30000	2.74e-12	70.1
CDF89185.1	NC_001136.10	63.680	625	602	1	602	1045011	1043149	0.0	791
CDF89185.1	NC_001148.4	29.464	224	602	380	601	712698	712120	6.38e-20	93.6
CDF89186.1	NC_001139.9	35.294	391	534	112	498	399057	400112	6.76e-64	225
CDF89187.1	NC_001140.6	53.134	367	351	1	351	187924	189021	1.62e-117	373
CDF89188.1	NC_001140.6	72.321	112	114	2	113	187514	187179	9.39e-42	144
CDF89189.1	NC_001140.6	73.765	648	647	1	647	186809	184878	0.0	1013
CDF89189.1	NC_001140.6	26.650	394	647	235	597	182559	183680	3.97e-17	84.7
CDF89189.1	NC_001137.3	30.870	460	647	136	590	304273	305562	8.63e-52	192
CDF89189.1	NC_001145.3	28.373	504	647	115	606	602971	601517	1.22e-49	186
CDF89189.1	NC_001145.3	27.386	482	647	115	593	600761	599370	7.50e-46	174
CDF89189.1	NC_001145.3	22.414	406	647	170	570	491815	490661	1.78e-13	72.8
CDF89189.1	NC_001147.6	27.133	457	647	136	590	1040086	1041378	4.03e-46	175
CDF89189.1	NC_001148.4	27.214	463	647	120	579	432729	434042	1.06e-44	171
CDF89190.1	NC_001140.6	55.046	218	253	35	251	184123	184749	8.29e-71	234
CDF89191.1	NC_001136.10	68.254	1260	1243	8	1242	1049347	1045646	0.0	1578
CDF89191.1	NC_001147.6	25.000	556	1243	575	1093	284184	282595	1.48e-33	140
CDF89192.1	NC_001140.6	75.910	577	577	1	577	181977	183701	0.0	916
CDF89192.1	NC_001140.6	23.800	500	577	81	551	186479	185073	4.94e-15	77.4
CDF89192.1	NC_001137.3	27.922	462	577	63	520	304165	305451	2.36e-38	150
CDF89192.1	NC_001148.4	28.604	437	577	90	520	432738	433964	3.55e-38	150
CDF89192.1	NC_001145.3	27.183	504	577	58	552	600827	599400	1.90e-36	144
CDF89192.1	NC_001145.3	26.535	505	577	58	550	603037	601616	1.70e-33	135
CDF89192.1	NC_001147.6	24.324	444	577	81	520	1040023	1041267	1.18e-29	124
CDF89193.1	NC_001140.6	36.900	458	432	1	407	180345	181667	1.78e-89	295
CDF89194.1	NC_001136.10	64.126	538	570	30	567	1052096	1050483	0.0	710
CDF89194.1	NC_001145.3	24.306	288	570	185	440	771152	771979	2.13e-16	82.0
CDF89195.1	NC_001136.10	42.606	683	631	4	631	1054635	1052626	1.91e-149	477
CDF89195.1	NC_001148.4	30.000	150	631	11	160	895674	895270	2.05e-13	72.4
CDF89196.1	NC_001140.6	29.438	676	645	18	634	178207	180075	1.41e-71	251
CDF89196.1	NC_001148.4	25.832	511	645	196	640	898914	897385	5.11e-29	122
CDF89197.1	NC_001136.10	58.373	209	221	6	199	1055218	1055844	2.35e-78	254
CDF89198.1	NC_001136.10	66.667	330	335	11	334	1056605	1057594	2.47e-150	466
CDF89198.1	NC_001139.9	31.200	125	335	150	269	610987	611358	8.62e-11	62.0
CDF89199.1	NC_001136.10	55.660	212	204	1	204	1058814	1058179	9.56e-69	226
CDF89200.1	NC_001142.9	68.966	116	126	1	112	227327	227674	4.98e-49	166
CDF89201.1	NC_001142.9	49.180	671	780	14	666	221441	223159	0.0	583
CDF89201.1	NC_001142.9	27.076	277	780	33	303	149289	148624	8.38e-23	103
CDF89201.1	NC_001142.9	27.170	265	780	34	297	110901	110275	2.56e-15	79.3
CDF89201.1	NC_001142.9	22.190	347	780	38	381	250789	251571	1.88e-12	70.1
CDF89201.1	NC_001140.6	27.273	363	780	29	382	170293	169391	1.71e-33	138
CDF89201.1	NC_001140.6	24.367	316	780	30	292	271509	270658	5.75e-13	71.6
CDF89201.1	NC_001140.6	21.345	342	780	49	384	316602	317405	1.14e-11	67.4
CDF89201.1	NC_001148.4	26.613	372	780	29	382	666376	667290	2.39e-30	128
CDF89201.1	NC_001148.4	27.089	347	780	29	303	474500	473523	5.38e-26	114
CDF89201.1	NC_001148.4	28.691	359	780	55	383	866272	865322	1.25e-25	112
CDF89201.1	NC_001148.4	27.402	281	780	109	382	492791	492045	1.10e-24	109
CDF89201.1	NC_001148.4	29.798	198	780	86	277	288332	287811	1.88e-13	73.2
CDF89201.1	NC_001145.3	28.455	246	780	141	382	546452	547090	1.29e-28	122
CDF89201.1	NC_001145.3	28.834	163	780	126	284	270716	270294	3.46e-11	65.9
CDF89201.1	NC_001139.9	29.360	344	780	59	382	575407	576336	1.49e-28	122
CDF89201.1	NC_001139.9	25.683	183	780	141	296	160356	160901	8.92e-14	74.3
CDF89201.1	NC_001139.9	23.667	300	780	9	296	207318	208136	4.39e-12	68.9
CDF89202.1	NC_001142.9	81.122	392	967	576	967	218874	217708	0.0	646
CDF89202.1	NC_001142.9	34.389	442	967	192	575	219959	218874	0.0	181
CDF89203.1	NC_001142.9	60.282	1775	1771	1	1771	217309	212003	0.0	2100
CDF89204.1	NC_001143.9	58.268	254	240	2	240	500348	501097	1.51e-94	301
CDF89206.1	NC_001143.9	50.962	1715	1622	24	1622	506260	501347	0.0	1620
CDF89207.1	NC_001139.9	54.088	477	643	4	461	976569	975184	1.84e-143	460
CDF89207.1	NC_001140.6	44.357	638	643	1	556	422286	420418	6.27e-143	459
CDF89208.1	NC_001134.8	28.922	612	589	6	580	191523	189781	3.59e-55	201
CDF89208.1	NC_001141.2	28.192	603	589	6	587	11552	13189	3.29e-48	180
CDF89208.1	NC_001142.9	28.192	603	589	6	587	11535	13172	3.30e-48	180
CDF89208.1	NC_001146.8	27.687	549	589	6	534	754975	753473	1.43e-41	160
CDF89208.1	NC_001135.5	28.162	419	589	192	587	302473	301286	3.20e-29	122
CDF89208.1	NC_001135.5	35.385	130	589	6	133	302970	302602	8.19e-18	86.7
CDF89209.1	NC_001143.9	26.944	360	364	1	347	14590	15630	8.64e-22	95.9
CDF89209.1	NC_001139.9	25.501	349	364	1	333	1082696	1081704	2.66e-21	94.7
CDF89209.1	NC_001139.9	22.222	369	364	16	361	2862	3920	8.95e-13	68.6
CDF89209.1	NC_001136.10	26.923	364	364	1	347	1835	2869	6.14e-21	93.6
CDF89209.1	NC_001138.5	26.239	343	364	1	333	6459	7445	1.47e-20	92.4
CDF89209.1	NC_001140.6	26.331	357	364	1	341	6434	7450	1.80e-20	92.0
CDF89209.1	NC_001140.6	25.110	227	364	130	350	15385	16050	2.07e-14	49.3
CDF89209.1	NC_001140.6	21.854	151	364	10	137	14961	15407	2.07e-14	46.2
CDF89210.1	NC_001139.9	76.415	106	125	1	106	977372	977689	3.42e-52	174
CDF89210.1	NC_001140.6	69.643	112	125	1	112	423108	423443	1.14e-49	167
CDF89211.1	NC_001142.9	37.830	341	293	2	292	468275	467256	7.34e-68	227
CDF89212.1	NC_001147.6	37.248	298	328	73	325	844588	843710	7.68e-42	154
CDF89213.1	NC_001139.9	73.608	413	427	8	418	979286	978048	0.0	622
CDF89214.1	NC_001140.6	66.165	399	397	1	397	462502	463692	6.62e-178	548
CDF89214.1	NC_001148.4	64.070	398	397	1	396	227371	226184	3.35e-172	532
CDF89215.1	NC_001136.10	52.692	260	257	1	256	765706	766485	6.50e-76	249
CDF89216.1	NC_001136.10	58.216	426	400	1	400	767971	766739	5.76e-139	436
CDF89217.1	NC_001136.10	90.741	162	162	1	162	769000	768515	2.26e-99	311
CDF89217.1	NC_001136.10	58.025	162	162	3	162	1072455	1071970	5.10e-56	187
CDF89217.1	NC_001145.3	74.375	160	162	3	162	111068	111547	1.03e-78	252
CDF89217.1	NC_001144.5	61.745	149	162	3	142	573199	572753	2.83e-56	188
CDF89217.1	NC_001140.6	57.055	163	162	2	161	218738	218250	1.03e-51	175
CDF89217.1	NC_001142.9	42.553	188	162	4	151	491099	491650	2.36e-34	125
CDF89218.1	NC_001136.10	43.796	137	118	1	118	769525	769932	1.26e-25	98.6
CDF89219.1	NC_001136.10	85.479	365	365	1	365	770357	771451	0.0	659
CDF89220.1	NC_001144.5	42.935	368	327	1	327	417006	418103	5.21e-85	278
CDF89221.1	NC_001136.10	46.171	1345	1302	1	1298	771877	775776	0.0	1083
CDF89222.1	NC_001144.5	56.403	1023	954	2	953	418443	421385	0.0	1041
CDF89223.1	NC_001136.10	57.337	368	379	1	363	779043	780146	7.49e-143	447
CDF89224.1	NC_001136.10	52.475	202	251	51	249	780932	780396	6.35e-55	188
CDF89226.1	NC_001144.5	34.749	259	491	105	358	423854	424573	5.96e-33	132
CDF89227.1	NC_001144.5	61.171	461	470	15	469	425219	426595	0.0	583
CDF89228.1	NC_001144.5	47.688	692	675	1	673	427329	429377	0.0	653
CDF89230.1	NC_001136.10	57.221	727	721	1	716	784215	782065	0.0	843
CDF89230.1	NC_001136.10	21.584	644	721	26	628	838551	840359	6.59e-12	68.2
CDF89231.1	NC_001144.5	50.683	805	911	122	909	432010	429683	0.0	769
CDF89231.1	NC_001146.8	41.168	719	911	218	909	757893	755764	1.31e-164	532
CDF89232.1	NC_001144.5	35.122	205	209	12	209	432174	432770	2.49e-27	107
CDF89233.1	NC_001144.5	60.751	293	299	5	296	433707	432829	2.72e-128	401
CDF89233.1	NC_001148.4	52.560	293	299	5	296	685419	684559	3.56e-103	329
CDF89234.1	NC_001136.10	44.592	453	434	1	434	784871	786202	4.22e-112	361
CDF89236.1	NC_001136.10	52.323	990	934	1	933	789221	786312	0.0	999
CDF89237.1	NC_001144.5	70.000	100	100	1	100	434457	434161	1.17e-42	146
CDF89238.1	NC_001144.5	39.349	953	914	5	912	434656	437388	0.0	629
CDF89239.1	NC_001136.10	68.020	197	213	21	213	789476	790066	2.04e-65	217
CDF89240.1	NC_001136.10	55.859	512	502	1	502	790328	791845	4.03e-177	551
CDF89241.1	NC_001144.5	49.281	765	723	1	723	439823	437634	0.0	716
CDF89242.1	NC_001136.10	47.409	521	473	4	473	793844	792351	1.03e-106	347
CDF89243.1	NC_001144.5	46.975	281	274	1	274	440458	441285	3.22e-53	184
CDF89244.1	NC_001144.5	51.376	327	324	1	317	442716	441739	1.30e-100	323
CDF89246.1	NC_001144.5	81.765	680	675	1	672	447575	445536	0.0	1190
CDF89246.1	NC_001133.9	59.098	643	675	33	665	44818	42890	0.0	797
CDF89246.1	NC_001134.8	21.984	373	675	269	635	667790	666765	3.30e-16	82.0
CDF89247.1	NC_001136.10	71.592	1841	1981	167	1977	801670	796205	0.0	2676
CDF89247.1	NC_001137.3	33.333	264	1981	791	1038	113089	113844	1.58e-32	138
CDF89247.1	NC_001142.9	35.498	231	1981	781	983	489234	488548	1.56e-31	134
CDF89249.1	NC_001136.10	41.687	415	397	1	393	806621	807727	1.92e-84	280
CDF89250.1	NC_001136.10	72.546	652	675	39	675	808519	810378	0.0	906
CDF89250.1	NC_001148.4	37.900	438	675	248	670	700606	701901	3.12e-91	310
CDF89250.1	NC_001134.8	37.900	438	675	248	670	477683	478978	3.20e-91	310
CDF89250.1	NC_001143.9	32.735	446	675	250	673	598392	597064	4.28e-70	248
CDF89250.1	NC_001147.6	27.697	343	675	248	579	684165	685082	4.42e-27	117
CDF89251.1	NC_001136.10	53.179	346	332	4	327	811614	810577	3.69e-105	336
CDF89252.1	NC_001147.6	29.940	167	226	4	167	1065100	1065600	3.15e-20	87.4
CDF89252.1	NC_001145.3	30.645	124	226	14	129	904936	905307	1.13e-12	65.5
CDF89252.1	NC_001146.8	25.767	163	226	14	165	324117	324599	6.47e-11	60.1
CDF89253.1	NC_001147.6	25.448	279	334	19	290	1065094	1065891	8.33e-21	92.4
CDF89253.1	NC_001145.3	25.090	279	334	20	286	904903	905724	4.09e-18	84.3
CDF89254.1	NC_001146.8	27.068	266	292	33	288	259635	260378	1.01e-14	73.2
CDF89254.1	NC_001141.2	28.390	236	292	28	259	126195	126848	4.14e-14	71.2
CDF89255.1	NC_001147.6	39.629	593	617	39	617	700546	698780	2.87e-145	464
CDF89255.1	NC_001147.6	40.171	585	617	39	617	461255	459513	5.13e-142	455
CDF89255.1	NC_001144.5	40.893	560	617	39	595	612388	614055	8.93e-143	457
CDF89255.1	NC_001134.8	28.807	545	617	4	517	140128	138527	7.79e-63	224
CDF89255.1	NC_001134.8	26.616	526	617	1	513	281542	283110	5.75e-60	216
CDF89255.1	NC_001141.2	27.679	560	617	2	535	408555	410207	3.92e-60	216
CDF89256.1	NC_001147.6	47.449	588	595	14	594	1066800	1068533	4.35e-173	543
CDF89261.1	NC_001135.5	57.057	333	333	1	332	16880	15882	1.18e-130	409
CDF89261.1	NC_001141.2	52.853	333	333	3	333	29041	30039	4.36e-111	353
CDF89261.1	NC_001137.3	25.862	290	333	2	287	328684	329505	4.94e-12	65.9
CDF89262.1	NC_001143.9	22.701	511	475	3	462	640987	642480	3.96e-26	111
CDF89263.1	NC_001146.8	40.679	1620	1557	1	1554	191324	196084	0.0	1157
CDF89264.1	NC_001136.10	62.500	1056	1067	21	1067	22763	25873	0.0	1327
CDF89265.1	NC_001146.8	73.653	501	516	3	502	197928	196432	0.0	778
CDF89266.1	NC_001146.8	49.899	495	469	1	469	199977	198505	1.54e-152	479
CDF89267.1	NC_001146.8	71.335	457	459	4	459	200560	201930	0.0	717
CDF89268.1	NC_001146.8	60.283	778	799	1	767	202428	204713	0.0	925
CDF89269.1	NC_001146.8	66.071	448	451	6	447	205221	206546	0.0	615
CDF89269.1	NC_001135.5	25.287	174	451	221	368	226799	227320	1.43e-11	65.5
CDF89270.1	NC_001146.8	62.140	972	971	4	969	206936	209845	0.0	1276
CDF89271.1	NC_001146.8	34.356	326	448	114	429	210542	211507	3.35e-44	164
CDF89273.1	NC_001146.8	38.647	207	440	114	314	210542	211153	4.55e-39	149
CDF89274.1	NC_001146.8	45.918	196	1100	662	840	213350	213922	9.80e-34	140
CDF89274.1	NC_001146.8	46.739	184	1100	14	185	211958	212497	8.95e-26	114
CDF89275.1	NC_001146.8	58.681	288	282	10	282	214935	215798	1.13e-101	324
CDF89276.1	NC_001146.8	73.547	344	349	5	346	217039	216014	2.65e-170	524
CDF89276.1	NC_001146.8	47.024	336	349	14	346	146576	145581	7.52e-101	325
CDF89276.1	NC_001143.9	24.390	246	349	85	315	270515	269778	5.06e-13	68.9
CDF89276.1	NC_001145.3	23.288	219	349	88	293	425301	425945	4.66e-12	66.2
CDF89276.1	NC_001144.5	25.366	205	349	92	282	878612	879199	1.20e-11	64.7
CDF89277.1	NC_001146.8	48.000	350	360	1	324	218662	217616	2.41e-97	315
CDF89278.1	NC_001146.8	75.346	361	364	6	364	220195	219140	6.90e-179	549
CDF89279.1	NC_001146.8	46.743	614	571	1	555	222431	220707	6.21e-156	493
CDF89279.1	NC_001146.8	58.462	65	571	3	67	507085	506897	2.43e-13	72.0
CDF89279.1	NC_001146.8	50.746	67	571	3	69	619553	619365	2.53e-11	65.5
CDF89279.1	NC_001141.2	40.187	107	571	3	105	363233	363541	1.70e-12	69.3
CDF89279.1	NC_001137.3	47.692	65	571	3	67	248145	247954	3.88e-11	65.1
CDF89280.1	NC_001146.8	28.906	384	947	573	947	223728	222733	2.10e-33	139
CDF89280.1	NC_001136.10	24.744	586	947	391	933	28037	26442	1.63e-26	116
CDF89281.1	NC_001146.8	42.051	780	706	1	705	227099	224808	1.04e-165	527
CDF89282.1	NC_001146.8	52.878	469	466	7	457	227436	228836	7.43e-149	468
CDF89283.1	NC_001146.8	82.039	206	206	1	206	229094	229711	5.62e-116	361
CDF89284.1	NC_001136.10	57.231	484	489	11	489	30406	28988	0.0	582
CDF89285.1	NC_001136.10	45.098	408	406	1	404	30657	31820	2.65e-108	348
CDF89286.1	NC_001146.8	51.491	872	846	7	846	233674	231071	0.0	936
CDF89287.1	NC_001146.8	87.500	432	432	1	432	234413	235708	0.0	793
CDF89288.1	NC_001146.8	55.759	547	564	1	545	237663	236023	0.0	637
CDF89289.1	NC_001136.10	70.667	300	309	6	305	32317	33216	2.31e-137	427
CDF89290.1	NC_001146.8	66.209	583	525	1	525	238238	239986	0.0	788
CDF89290.1	NC_001146.8	25.792	221	525	86	301	86251	86856	1.40e-12	69.3
CDF89291.1	NC_001136.10	55.689	167	163	1	163	33918	33418	8.21e-50	169
CDF89292.1	NC_001146.8	46.032	252	276	11	257	240595	241335	2.68e-67	225
CDF89293.1	NC_001146.8	56.809	771	748	25	748	241989	244169	0.0	854
CDF89294.1	NC_001136.10	47.680	776	753	4	753	36471	34240	0.0	700
CDF89295.1	NC_001146.8	67.961	103	267	160	262	245119	245421	9.09e-38	139
CDF89296.1	NC_001136.10	25.188	266	465	130	388	37208	37987	7.97e-23	100
CDF89297.1	NC_001146.8	31.915	188	193	7	192	245647	246207	3.26e-32	120
CDF89298.1	NC_001146.8	41.395	215	207	1	204	247104	246478	1.60e-45	159
CDF89299.1	NC_001146.8	54.944	799	789	1	783	247461	249803	0.0	877
CDF89300.1	NC_001146.8	59.211	76	87	5	79	250309	250082	3.13e-26	99.0
CDF89302.1	NC_001136.10	51.954	1126	1090	16	1090	42208	38882	0.0	1144
CDF89303.1	NC_001136.10	61.212	330	339	1	329	42694	43683	7.15e-142	442
CDF89303.1	NC_001147.6	26.552	290	339	79	325	735317	736123	2.07e-13	70.1
CDF89304.1	NC_001146.8	37.234	188	272	83	260	251165	251725	1.88e-25	104
CDF89305.1	NC_001146.8	92.985	613	613	1	613	252059	253897	0.0	1151
CDF89305.1	NC_001136.10	92.985	613	613	1	613	44065	45903	0.0	1150
CDF89305.1	NC_001137.3	61.741	609	613	5	611	364586	366406	0.0	741
CDF89305.1	NC_001137.3	45.515	602	613	10	603	94731	96482	2.77e-158	502
CDF89305.1	NC_001134.8	60.661	605	613	9	611	86439	84631	0.0	735
CDF89305.1	NC_001134.8	32.883	444	613	4	437	576002	574683	3.82e-64	228
CDF89305.1	NC_001133.9	62.349	579	613	9	586	141422	139701	0.0	714
CDF89306.1	NC_001136.10	56.469	572	586	1	571	48031	46316	0.0	700
CDF89306.1	NC_001136.10	34.388	474	586	2	465	127639	129000	1.45e-70	246
CDF89307.1	NC_001146.8	45.833	72	220	59	130	254529	254708	7.57e-12	62.8
CDF89310.1	NC_001146.8	71.789	436	436	1	435	255353	256627	0.0	657
CDF89311.1	NC_001146.8	50.663	377	429	4	364	258143	257034	2.61e-115	370
CDF89312.1	NC_001136.10	63.231	359	348	1	348	52173	51118	1.22e-146	456
CDF89312.1	NC_001146.8	31.683	303	348	7	301	259253	258408	8.19e-44	160
CDF89312.1	NC_001137.3	33.333	147	348	17	151	404298	403891	2.55e-20	91.3
CDF89312.1	NC_001141.2	47.143	70	348	11	79	273825	273616	9.00e-17	80.5
CDF89313.1	NC_001146.8	65.972	288	289	3	289	259590	260453	1.37e-128	401
CDF89313.1	NC_001143.9	28.226	248	289	20	253	457036	456323	1.10e-12	67.0
CDF89314.1	NC_001146.8	56.359	857	835	15	820	263134	260639	0.0	878
CDF89315.1	NC_001146.8	75.806	248	244	1	244	264453	263716	1.58e-124	387
CDF89316.1	NC_001136.10	63.538	554	527	4	527	52460	54097	0.0	688
CDF89316.1	NC_001136.10	33.506	385	527	10	361	904995	903916	1.10e-54	197
CDF89316.1	NC_001142.9	30.185	487	527	7	487	576580	575378	4.05e-64	225
CDF89316.1	NC_001140.6	28.448	348	527	11	345	327967	327074	6.08e-36	142
CDF89316.1	NC_001144.5	28.902	346	527	13	337	763819	762899	2.21e-35	140
CDF89316.1	NC_001135.5	28.116	345	527	15	350	118282	117398	4.66e-33	133
CDF89317.1	NC_001146.8	41.689	746	728	10	699	269593	267677	2.91e-132	431
CDF89317.1	NC_001136.10	41.772	632	728	112	695	56142	54442	7.75e-106	354
CDF89320.1	NC_001136.10	26.608	793	652	15	601	64949	62592	1.70e-67	239
CDF89321.1	NC_001146.8	41.035	541	504	3	497	274419	276029	3.11e-122	393
CDF89322.1	NC_001146.8	62.762	1050	1041	44	1040	276772	279891	0.0	1307
CDF89322.1	NC_001134.8	38.400	875	1041	197	1036	312243	314696	3.43e-178	577
CDF89322.1	NC_001134.8	25.418	299	1041	509	789	285435	284635	1.24e-11	67.8
CDF89323.1	NC_001136.10	72.308	130	151	20	149	65367	65756	2.91e-63	207
CDF89324.1	NC_001146.8	84.241	349	356	1	349	280432	281478	0.0	613
CDF89325.1	NC_001146.8	48.611	72	110	35	100	282773	282976	7.21e-11	56.2
CDF89326.1	NC_001146.8	88.972	535	537	3	537	284281	285885	0.0	998
CDF89327.1	NC_001146.8	26.591	440	324	1	322	286308	287600	1.33e-18	85.5
CDF89328.1	NC_001136.10	69.565	207	193	1	193	68606	67986	2.06e-88	281
CDF89329.1	NC_001146.8	37.313	402	419	11	394	287844	289031	3.43e-74	251
CDF89330.1	NC_001136.10	38.983	472	440	1	440	70319	69000	2.47e-85	284
CDF89330.1	NC_001138.5	40.000	135	440	72	205	153468	153869	1.86e-23	102
CDF89331.1	NC_001136.10	71.495	1077	1040	6	1037	73873	70649	0.0	1573
CDF89333.1	NC_001146.8	76.582	158	149	1	149	292669	292196	5.08e-78	249
CDF89334.1	NC_001146.8	62.660	782	724	1	716	295509	293167	0.0	831
CDF89334.1	NC_001146.8	27.232	224	724	379	577	710026	710676	1.82e-15	79.7
CDF89334.1	NC_001146.8	24.554	224	724	377	576	70562	71218	9.30e-15	77.4
CDF89334.1	NC_001146.8	31.690	142	724	379	518	681620	681198	1.27e-13	73.6
CDF89334.1	NC_001136.10	38.450	658	724	118	718	76368	74452	9.25e-137	444
CDF89334.1	NC_001136.10	42.857	364	724	352	709	406360	405389	3.21e-86	296
CDF89334.1	NC_001136.10	28.289	304	724	379	678	1412553	1413293	1.99e-23	105
CDF89334.1	NC_001136.10	29.954	217	724	374	576	1465729	1465094	3.19e-19	92.0
CDF89334.1	NC_001136.10	26.754	228	724	377	576	695069	695731	8.69e-16	80.9
CDF89334.1	NC_001136.10	23.478	345	724	368	681	281263	280397	1.69e-15	79.7
CDF89334.1	NC_001136.10	28.788	198	724	377	572	267809	268381	4.08e-14	75.1
CDF89334.1	NC_001136.10	27.778	216	724	374	577	1433893	1433255	4.88e-14	75.1
CDF89334.1	NC_001136.10	27.604	192	724	379	564	1486969	1486424	4.00e-13	72.0
CDF89334.1	NC_001136.10	28.758	153	724	431	570	1027751	1027293	1.28e-11	67.0
CDF89334.1	NC_001136.10	21.598	338	724	377	688	1395163	1396050	5.25e-11	65.1
CDF89334.1	NC_001147.6	57.456	228	724	370	594	824234	823551	1.71e-85	295
CDF89334.1	NC_001147.6	31.535	241	724	376	606	775990	776670	1.08e-20	96.7
CDF89334.1	NC_001147.6	28.873	284	724	358	617	245957	246784	2.15e-20	95.5
CDF89334.1	NC_001147.6	28.070	228	724	372	570	105400	106053	9.08e-18	87.0
CDF89334.1	NC_001147.6	27.189	217	724	374	577	129774	130406	4.96e-14	75.1
CDF89334.1	NC_001147.6	29.545	220	724	364	575	773243	773863	1.64e-12	70.1
CDF89334.1	NC_001135.5	37.553	237	724	368	593	129400	130107	8.77e-45	172
CDF89334.1	NC_001135.5	30.806	211	724	374	576	79225	79842	1.72e-21	99.4
CDF89334.1	NC_001135.5	26.728	217	724	379	577	275391	276032	7.19e-15	77.8
CDF89334.1	NC_001135.5	25.234	214	724	379	576	243466	242828	2.38e-14	75.9
CDF89334.1	NC_001143.9	27.941	340	724	379	687	132211	131297	4.10e-35	142
CDF89334.1	NC_001143.9	26.136	352	724	363	683	69671	68694	2.75e-28	121
CDF89334.1	NC_001143.9	26.923	208	724	372	574	183504	184082	1.45e-15	80.1
CDF89334.1	NC_001143.9	30.460	174	724	420	590	249400	249894	1.51e-15	79.7
CDF89334.1	NC_001143.9	26.289	194	724	379	570	135426	134875	2.06e-13	72.8
CDF89335.1	NC_001136.10	58.257	218	204	5	204	77945	77292	7.58e-61	203
CDF89336.1	NC_001146.8	71.722	389	398	1	389	298335	299501	0.0	587
CDF89337.1	NC_001146.8	46.131	336	297	1	297	300649	299657	1.42e-85	278
CDF89337.1	NC_001146.8	42.408	191	297	5	195	456589	457089	1.43e-34	131
CDF89337.1	NC_001146.8	28.966	145	297	3	146	449901	450275	5.20e-13	68.2
CDF89337.1	NC_001146.8	29.231	195	297	1	195	440549	440064	9.11e-12	64.3
CDF89337.1	NC_001144.5	46.569	204	297	1	201	604787	604248	5.50e-53	184
CDF89337.1	NC_001144.5	25.258	194	297	5	197	668858	668373	7.84e-13	67.4
CDF89337.1	NC_001144.5	28.369	141	297	3	142	721397	721038	4.35e-11	62.4
CDF89337.1	NC_001143.9	44.615	195	297	4	198	548432	548932	4.15e-49	173
CDF89337.1	NC_001143.9	28.947	228	297	1	211	466071	465448	2.32e-18	84.3
CDF89337.1	NC_001148.4	44.792	192	297	5	196	875401	875913	8.47e-44	158
CDF89337.1	NC_001141.2	37.383	214	297	5	198	139803	140384	6.38e-37	138
CDF89338.1	NC_001146.8	90.000	240	245	1	238	302680	303399	8.70e-141	434
CDF89339.1	NC_001136.10	56.345	197	267	1	197	78426	79013	1.81e-73	242
CDF89340.1	NC_001146.8	56.869	313	307	1	307	304585	303689	3.59e-104	332
CDF89341.1	NC_001146.8	36.242	298	1018	729	1018	305843	305073	3.71e-32	135
CDF89342.1	NC_001142.9	56.460	565	551	3	551	532062	533756	0.0	593
CDF89343.1	NC_001136.10	76.608	1073	1073	1	1073	126787	129999	0.0	1744
CDF89343.1	NC_001136.10	30.938	501	1073	274	751	48061	46607	4.25e-58	219
CDF89343.1	NC_001134.8	26.190	252	1073	760	1007	492135	491419	3.47e-17	86.3
CDF89343.1	NC_001142.9	26.407	231	1073	771	997	648345	648986	1.27e-15	81.3
CDF89344.1	NC_001136.10	43.750	288	279	3	277	131743	130886	3.77e-66	222
CDF89345.1	NC_001136.10	48.974	390	445	59	445	222634	223734	2.61e-103	336
CDF89346.1	NC_001136.10	89.398	415	437	1	415	227393	228634	0.0	774
CDF89346.1	NC_001136.10	87.351	419	437	22	435	133455	134708	0.0	753
CDF89347.1	NC_001136.10	56.579	76	81	5	78	135194	135418	6.35e-20	80.5
CDF89347.1	NC_001136.10	48.780	82	81	1	78	229171	229413	3.72e-17	72.8
CDF89348.1	NC_001136.10	58.416	101	106	6	106	310104	309805	4.96e-19	79.3
CDF89348.1	NC_001136.10	57.447	47	106	1	47	229906	230046	1.49e-13	63.5
CDF89348.1	NC_001136.10	65.432	81	106	26	106	230282	230524	1.32e-12	60.8
CDF89349.1	NC_001136.10	34.737	285	266	1	266	231024	231875	3.98e-39	143
CDF89350.1	NC_001136.10	37.843	547	493	1	491	135896	137530	2.10e-106	347
CDF89351.1	NC_001136.10	73.881	402	412	3	401	232655	233854	0.0	563
CDF89351.1	NC_001146.8	28.075	374	412	61	397	36286	37401	9.93e-32	127
CDF89352.1	NC_001136.10	90.419	835	829	1	829	238664	236160	0.0	1555
CDF89352.1	NC_001136.10	46.696	227	829	213	436	438587	439267	2.86e-57	213
CDF89352.1	NC_001136.10	45.161	248	829	205	444	1262167	1262907	2.40e-51	194
CDF89352.1	NC_001136.10	43.966	232	829	480	710	1262173	1262868	1.31e-49	189
CDF89352.1	NC_001136.10	37.891	256	829	485	732	438584	439345	3.37e-44	172
CDF89352.1	NC_001136.10	29.268	164	829	495	655	1225837	1225379	5.45e-13	72.0
CDF89352.1	NC_001136.10	30.263	152	829	234	380	1225801	1225376	2.82e-11	66.2
CDF89352.1	NC_001144.5	44.133	571	829	211	775	914169	912574	2.77e-146	476
CDF89352.1	NC_001144.5	38.746	622	829	216	778	72528	70678	1.99e-131	432
CDF89352.1	NC_001144.5	39.146	281	829	160	439	913455	912667	2.82e-56	209
CDF89352.1	NC_001144.5	36.918	279	829	210	472	71562	70726	2.36e-51	194
CDF89352.1	NC_001144.5	37.631	287	829	483	752	72546	71692	9.79e-51	192
CDF89352.1	NC_001146.8	32.384	562	829	244	773	21223	19568	2.03e-73	261
CDF89352.1	NC_001146.8	44.915	236	829	211	441	20449	19745	2.53e-52	197
CDF89352.1	NC_001139.9	45.126	277	829	207	477	1028588	1029412	1.07e-64	235
CDF89352.1	NC_001139.9	41.538	260	829	213	468	410848	410123	8.66e-58	214
CDF89352.1	NC_001139.9	43.515	239	829	482	713	1028591	1029295	3.35e-56	209
CDF89352.1	NC_001139.9	42.291	227	829	485	711	410851	410171	3.25e-52	197
CDF89352.1	NC_001139.9	37.262	263	829	465	718	542389	543159	6.77e-41	162
CDF89352.1	NC_001139.9	37.975	237	829	211	441	542464	543168	1.79e-40	160
CDF89352.1	NC_001143.9	31.800	500	829	250	721	72500	71055	5.09e-62	227
CDF89352.1	NC_001143.9	45.217	230	829	210	436	174825	175514	2.23e-56	210
CDF89352.1	NC_001143.9	37.358	265	829	470	730	174786	175538	2.11e-50	191
CDF89352.1	NC_001143.9	37.358	265	829	211	461	71786	70992	9.81e-46	177
CDF89353.1	NC_001136.10	59.358	187	152	1	150	239564	239028	4.21e-67	218
CDF89354.1	NC_001136.10	69.775	311	312	1	311	240259	241191	3.26e-149	462
CDF89354.1	NC_001136.10	30.128	312	312	10	296	1213943	1214803	4.71e-32	124
CDF89354.1	NC_001147.6	30.719	306	312	6	287	551141	551986	1.24e-30	120
CDF89354.1	NC_001134.8	31.546	317	312	7	293	540056	540940	6.88e-27	109
CDF89354.1	NC_001142.9	26.573	286	312	6	282	611204	611983	1.57e-23	99.8
CDF89354.1	NC_001140.6	28.829	333	312	9	305	323424	324377	7.57e-23	97.8
CDF89355.1	NC_001136.10	58.896	163	172	14	172	141700	141215	7.66e-61	201
CDF89355.1	NC_001135.5	31.847	157	172	15	171	223837	223463	1.01e-20	87.0
CDF89356.1	NC_001136.10	48.994	696	689	3	671	142106	144163	0.0	669
CDF89358.1	NC_001141.2	52.355	361	348	2	330	211999	210926	2.15e-108	346
CDF89358.1	NC_001136.10	51.130	354	348	11	348	145509	144487	1.10e-106	341
CDF89359.1	NC_001141.2	83.784	740	736	1	736	212499	214700	0.0	1315
CDF89359.1	NC_001143.9	43.750	400	736	334	702	78523	77336	2.03e-109	365
CDF89360.1	NC_001141.2	37.695	321	330	18	328	215881	215000	3.00e-65	221
CDF89361.1	NC_001141.2	53.898	295	294	1	294	216658	217539	2.62e-100	320
CDF89362.1	NC_001137.3	42.808	292	270	1	270	327031	326177	1.33e-56	194
CDF89364.1	NC_001137.3	74.954	547	548	6	547	325915	324278	0.0	866
CDF89365.1	NC_001137.3	82.516	469	469	1	469	322686	324092	0.0	820
CDF89365.1	NC_001141.2	82.151	465	469	1	465	222490	221096	0.0	807
CDF89365.1	NC_001146.8	25.514	243	469	132	359	121897	121232	4.03e-18	86.7
CDF89365.1	NC_001147.6	23.926	326	469	73	373	1072821	1071871	8.11e-18	85.5
CDF89365.1	NC_001148.4	23.116	199	469	194	373	18432	19001	9.96e-14	62.8
CDF89365.1	NC_001148.4	27.885	104	469	73	172	18050	18361	9.96e-14	30.8
CDF89367.1	NC_001137.3	59.360	625	624	1	617	319963	321828	0.0	774
CDF89368.1	NC_001137.3	52.381	105	226	14	112	318920	319234	1.94e-21	90.9
CDF89369.1	NC_001141.2	49.060	638	621	1	621	226602	228416	6.97e-169	533
CDF89370.1	NC_001137.3	63.514	518	511	1	511	318342	316810	0.0	689
CDF89370.1	NC_001138.5	25.450	444	511	99	499	156496	157716	3.12e-27	115
CDF89371.1	NC_001141.2	38.274	452	426	1	417	229994	228693	1.29e-94	310
CDF89372.1	NC_001137.3	44.463	614	645	9	612	316444	314624	8.91e-168	530
CDF89373.1	NC_001141.2	56.981	265	262	4	261	231051	230278	3.73e-89	287
CDF89374.1	NC_001137.3	43.863	611	794	69	596	311004	309220	3.02e-137	448
CDF89374.1	NC_001137.3	51.031	194	794	611	791	309003	308422	5.11e-56	208
CDF89374.1	NC_001147.6	27.273	484	794	362	755	734756	736147	6.66e-31	130
CDF89375.1	NC_001137.3	47.097	155	102	1	102	307656	308120	1.17e-29	109
CDF89376.1	NC_001141.2	89.552	134	135	2	135	231957	231556	1.05e-76	245
CDF89376.1	NC_001137.3	89.552	134	135	2	135	306792	307193	1.05e-76	245
CDF89377.1	NC_001137.3	77.976	504	516	11	514	304072	305583	0.0	855
CDF89377.1	NC_001147.6	60.624	513	516	2	513	1039858	1041396	0.0	679
CDF89377.1	NC_001148.4	48.594	498	516	17	511	432594	434087	1.85e-165	518
CDF89377.1	NC_001145.3	43.725	510	516	13	511	603088	601577	1.16e-131	421
CDF89377.1	NC_001145.3	44.358	514	516	13	513	600878	599355	1.93e-131	420
CDF89377.1	NC_001145.3	27.245	323	516	203	507	491527	490601	7.57e-23	102
CDF89377.1	NC_001134.8	32.411	506	516	11	509	246977	248479	2.69e-80	272
CDF89378.1	NC_001137.3	84.677	124	125	1	124	302806	303177	8.48e-64	207
CDF89378.1	NC_001142.9	37.719	114	125	7	120	411587	411246	8.19e-26	99.4
CDF89378.1	NC_001138.5	33.333	117	125	14	121	133835	134173	1.73e-11	58.5
CDF89378.1	NC_001148.4	33.333	114	125	14	121	514957	514619	2.86e-11	57.8
CDF89379.1	NC_001137.3	41.270	126	119	1	118	302321	301950	1.36e-25	98.6
CDF89380.1	NC_001141.2	60.477	797	802	1	797	235474	233084	0.0	999
CDF89381.1	NC_001141.2	57.295	658	660	10	660	237694	235727	0.0	798
CDF89382.1	NC_001137.3	77.556	900	896	1	896	298950	301613	0.0	1469
CDF89382.1	NC_001141.2	74.554	896	896	1	896	240708	238102	0.0	1424
CDF89383.1	NC_001141.2	71.613	155	155	1	155	241775	241311	6.33e-77	247
CDF89384.1	NC_001141.2	59.825	229	227	1	227	242027	242713	1.54e-93	298
CDF89385.1	NC_001141.2	49.807	259	394	151	394	243492	242764	1.69e-65	224
CDF89385.1	NC_001136.10	38.462	117	394	237	350	453153	453500	2.76e-14	73.6
CDF89386.1	NC_001141.2	63.576	151	153	3	153	244453	244001	2.42e-64	211
CDF89387.1	NC_001137.3	76.246	863	864	1	860	295410	297992	0.0	1355
CDF89388.1	NC_001141.2	50.980	306	299	1	299	245559	244660	1.06e-81	267
CDF89389.1	NC_001137.3	59.968	632	610	1	610	293047	294810	0.0	734
CDF89390.1	NC_001137.3	61.783	157	161	1	156	292066	292536	1.02e-62	206
CDF89390.1	NC_001141.2	61.905	147	161	10	156	248360	247920	8.03e-61	201
CDF89391.1	NC_001137.3	73.993	546	556	10	555	286887	285256	0.0	887
CDF89391.1	NC_001148.4	39.926	541	556	22	552	568861	567272	2.32e-130	419
CDF89392.1	NC_001141.2	46.866	670	630	4	630	250012	251910	1.11e-164	521
CDF89392.1	NC_001137.3	40.093	429	630	6	414	284177	282966	1.13e-76	266
CDF89394.1	NC_001137.3	43.850	187	194	1	163	281710	282243	3.76e-29	112
CDF89396.1	NC_001137.3	62.528	443	438	4	437	279620	278307	3.01e-180	557
CDF89397.1	NC_001137.3	64.552	536	552	21	552	274552	276150	0.0	711
CDF89397.1	NC_001137.3	61.639	537	552	19	552	268110	266515	0.0	681
CDF89397.1	NC_001137.3	58.349	545	552	13	552	276554	278161	0.0	650
CDF89397.1	NC_001139.9	27.787	583	552	23	552	152776	151040	3.17e-54	197
CDF89398.1	NC_001137.3	62.205	254	389	163	375	273104	273865	2.70e-94	308
CDF89398.1	NC_001141.2	55.505	218	389	152	369	259174	259764	5.06e-75	252
CDF89399.1	NC_001137.3	62.000	100	104	1	96	271768	272067	2.04e-35	125
CDF89400.1	NC_001141.2	71.329	143	143	1	141	258280	257852	2.75e-64	210
CDF89400.1	NC_001137.3	75.000	128	143	16	143	271123	270740	3.73e-53	178
CDF89401.1	NC_001142.9	84.615	104	184	1	104	90786	91097	2.87e-56	189
CDF89401.1	NC_001142.9	82.927	82	184	103	184	91409	91654	1.36e-40	144
CDF89401.1	NC_001143.9	84.615	104	184	1	104	109269	109580	5.59e-56	188
CDF89401.1	NC_001143.9	81.707	82	184	103	184	109881	110126	3.40e-40	143
CDF89402.1	NC_001143.9	57.742	691	702	1	682	112503	110470	0.0	769
CDF89403.1	NC_001139.9	61.973	1044	1013	17	1013	742373	745432	0.0	1243
CDF89404.1	NC_001148.4	80.258	466	503	37	502	47402	48799	0.0	774
CDF89405.1	NC_001137.3	64.092	479	546	75	546	41476	40049	0.0	634
CDF89405.1	NC_001147.6	55.529	416	546	86	501	331647	332888	2.21e-150	476
CDF89405.1	NC_001135.5	35.806	391	546	146	492	209466	208351	9.34e-52	189
CDF89406.1	NC_001147.6	65.198	227	269	1	226	333592	334266	2.20e-88	285
CDF89406.1	NC_001136.10	28.472	144	269	16	154	1150358	1149957	7.24e-12	63.9
CDF89407.1	NC_001137.3	51.925	961	958	13	917	39441	36571	0.0	927
CDF89407.1	NC_001134.8	40.084	474	958	5	463	102006	103247	2.45e-95	330
CDF89407.1	NC_001139.9	30.110	362	958	69	422	85341	86207	1.59e-37	152
CDF89407.1	NC_001148.4	30.479	397	958	69	429	258850	257828	1.32e-36	149
CDF89407.1	NC_001148.4	43.750	144	958	277	416	816195	815764	1.58e-22	103
CDF89407.1	NC_001148.4	30.723	166	958	11	172	816789	816331	1.56e-15	80.5
CDF89407.1	NC_001143.9	33.858	127	958	50	172	286768	287124	4.88e-14	75.5
CDF89408.1	NC_001137.3	58.586	495	668	4	469	34419	35879	5.76e-175	552
CDF89409.1	NC_001147.6	53.255	937	945	12	942	337313	334527	0.0	996
CDF89409.1	NC_001136.10	25.888	394	945	242	626	166135	165059	4.35e-22	102
CDF89410.1	NC_001147.6	79.325	237	280	1	237	338621	337911	3.37e-131	409
CDF89411.1	NC_001145.3	42.678	799	1100	291	1077	264346	266742	0.0	657
CDF89411.1	NC_001145.3	39.116	294	1100	2	291	263489	264349	0.0	211
CDF89412.1	NC_001147.6	59.885	349	336	1	336	339978	338941	1.21e-119	378
CDF89412.1	NC_001147.6	32.990	194	336	93	283	381065	381628	1.53e-19	88.6
CDF89412.1	NC_001147.6	26.733	202	336	92	288	382235	382768	4.66e-11	62.8
CDF89412.1	NC_001139.9	36.449	107	336	81	187	738206	737907	8.41e-11	62.0
CDF89413.1	NC_001147.6	73.734	533	546	7	537	329429	331018	0.0	788
CDF89413.1	NC_001147.6	29.048	420	546	74	424	453267	452056	4.24e-34	137
CDF89415.1	NC_001145.3	90.385	208	207	1	207	267174	267797	1.49e-126	392
CDF89415.1	NC_001145.3	27.219	169	207	9	169	145816	145340	8.93e-16	73.9
CDF89415.1	NC_001138.5	41.667	180	207	7	186	130388	130900	1.33e-38	139
CDF89415.1	NC_001138.5	36.893	206	207	1	202	55986	55396	3.54e-36	132
CDF89415.1	NC_001144.5	37.981	208	207	10	207	668858	668247	1.67e-36	133
CDF89415.1	NC_001144.5	32.121	165	207	9	173	721394	720927	6.89e-23	94.7
CDF89415.1	NC_001144.5	26.344	186	207	4	177	604793	604254	8.66e-15	71.2
CDF89415.1	NC_001137.3	37.143	175	207	8	178	214711	214217	1.63e-32	122
CDF89415.1	NC_001147.6	34.091	220	207	1	207	490843	490199	3.42e-32	121
CDF89415.1	NC_001147.6	32.121	165	207	9	173	682067	681600	6.38e-23	94.7
CDF89415.1	NC_001147.6	34.641	153	207	21	173	515310	515750	2.11e-21	90.1
CDF89416.1	NC_001147.6	51.402	749	784	3	740	326841	329057	0.0	724
CDF89417.1	NC_001147.6	56.693	254	384	35	281	325270	326001	5.61e-87	286
CDF89417.1	NC_001141.2	31.210	157	384	58	195	259237	259707	6.72e-17	81.6
CDF89418.1	NC_001147.6	56.954	302	322	14	315	324334	323429	4.16e-117	370
CDF89418.1	NC_001147.6	26.415	318	322	1	311	127911	127024	5.20e-19	86.7
CDF89418.1	NC_001136.10	43.770	313	322	5	315	1434942	1435868	3.59e-85	278
CDF89419.1	NC_001147.6	58.466	378	377	1	377	322994	321861	1.77e-146	457
CDF89419.1	NC_001146.8	33.094	139	377	80	217	28032	27649	5.24e-14	72.4
CDF89419.1	NC_001144.5	29.114	158	377	7	139	627346	627819	8.04e-14	72.0
CDF89419.1	NC_001136.10	45.161	62	377	80	141	703639	703824	1.02e-11	65.5
CDF89420.1	NC_001147.6	56.481	1512	1645	179	1624	317289	321455	0.0	1551
CDF89421.1	NC_001147.6	88.333	120	122	1	120	316175	315816	6.57e-70	225
CDF89422.1	NC_001147.6	36.719	256	320	66	317	312025	311354	4.93e-35	134
CDF89423.1	NC_001145.3	62.500	160	152	1	152	272193	272660	1.25e-50	171
CDF89425.1	NC_001147.6	53.465	202	208	5	206	310348	310932	1.63e-69	228
CDF89426.1	NC_001147.6	60.517	271	245	1	244	310139	309327	3.64e-104	329
CDF89427.1	NC_001145.3	53.745	534	540	9	540	274041	275549	0.0	568
CDF89428.1	NC_001147.6	80.556	360	365	7	365	307959	309038	0.0	595
CDF89429.1	NC_001145.3	58.586	396	383	3	383	276054	277208	7.39e-136	427
CDF89430.1	NC_001145.3	46.599	588	585	6	580	282566	280833	4.42e-167	526
CDF89430.1	NC_001145.3	46.312	583	585	9	580	279645	277924	6.74e-163	514
CDF89430.1	NC_001147.6	44.463	596	585	1	580	305373	307118	7.19e-162	511
CDF89430.1	NC_001146.8	27.700	426	585	187	577	610484	611659	8.56e-42	161
CDF89430.1	NC_001146.8	33.898	177	585	13	183	609770	610216	4.56e-12	68.2
CDF89431.1	NC_001145.3	68.566	579	661	18	595	282524	280791	0.0	861
CDF89431.1	NC_001145.3	60.134	597	661	11	604	279636	277852	0.0	767
CDF89431.1	NC_001147.6	64.014	578	661	6	580	305385	307115	0.0	808
CDF89431.1	NC_001146.8	29.611	591	661	84	578	609983	611659	2.04e-55	204
CDF89432.1	NC_001147.6	95.200	125	131	1	125	303983	303609	6.76e-67	217
CDF89432.1	NC_001136.10	63.810	105	131	23	126	915578	915889	3.12e-35	126
CDF89432.1	NC_001134.8	63.810	105	131	23	126	235744	235433	3.90e-35	126
CDF89433.1	NC_001147.6	50.441	567	548	5	521	303026	301383	2.36e-156	493
CDF89434.1	NC_001145.3	39.673	489	444	1	438	191767	190304	9.69e-107	346
CDF89435.1	NC_001139.9	74.312	109	124	16	124	440096	440422	3.71e-38	134
CDF89436.1	NC_001139.9	41.345	803	836	62	828	792879	790504	0.0	595
CDF89437.1	NC_001139.9	59.645	394	424	25	404	789073	790248	1.30e-155	486
CDF89438.1	NC_001139.9	94.231	104	105	2	105	439324	439635	6.20e-61	198
CDF89439.1	NC_001139.9	75.641	156	156	1	156	787779	787315	9.06e-69	223
CDF89439.1	NC_001139.9	75.641	156	156	1	156	437934	437470	1.53e-63	208
CDF89439.1	NC_001144.5	35.556	90	156	1	87	166537	166806	6.09e-13	63.9
CDF89440.1	NC_001139.9	50.943	212	222	26	222	786689	786057	4.62e-60	202
CDF89442.1	NC_001139.9	45.665	173	225	12	184	435758	436276	4.32e-49	170
CDF89443.1	NC_001139.9	45.923	233	377	8	217	432999	432310	1.15e-37	143
CDF89443.1	NC_001139.9	69.643	56	377	21	76	95900	96067	1.97e-19	89.4
CDF89443.1	NC_001137.3	67.857	56	377	21	76	211834	211667	4.59e-18	85.1
CDF89443.1	NC_001145.3	30.178	169	377	20	182	104948	105391	2.75e-13	70.1
CDF89443.1	NC_001147.6	43.750	64	377	19	82	535839	536024	3.19e-12	67.0
CDF89443.1	NC_001134.8	45.312	64	377	23	86	370243	370052	5.77e-12	66.2
CDF89445.1	NC_001139.9	43.670	703	656	1	656	511002	509050	6.50e-122	398
CDF89445.1	NC_001145.3	42.601	223	656	424	642	307978	308625	2.26e-37	149
CDF89446.1	NC_001139.9	72.843	707	687	1	687	781767	783887	0.0	1030
CDF89447.1	NC_001139.9	31.699	918	803	11	802	428649	431321	4.29e-123	407
CDF89449.1	NC_001139.9	55.140	214	212	1	212	427947	427306	1.96e-80	259
CDF89450.1	NC_001139.9	56.197	468	465	14	464	426771	425368	4.46e-172	535
CDF89450.1	NC_001142.9	30.961	281	465	77	357	574320	574967	1.70e-40	154
CDF89451.1	NC_001139.9	64.945	271	252	1	251	795492	794680	1.93e-108	342
CDF89451.1	NC_001139.9	31.455	213	252	4	197	93831	94442	4.87e-18	82.0
CDF89451.1	NC_001146.8	47.257	237	252	1	237	440549	439890	8.22e-53	182
CDF89451.1	NC_001146.8	28.986	207	252	5	201	449907	450524	9.08e-14	69.3
CDF89451.1	NC_001146.8	30.055	183	252	5	172	456589	457122	6.19e-13	67.0
CDF89451.1	NC_001147.6	55.429	175	252	1	175	515265	515783	3.46e-52	181
CDF89451.1	NC_001147.6	32.039	206	252	5	202	490804	490217	9.71e-19	84.0
CDF89451.1	NC_001138.5	38.095	168	252	4	165	55962	55480	8.09e-28	110
CDF89451.1	NC_001138.5	35.802	162	252	5	165	130397	130873	1.08e-23	98.6
CDF89451.1	NC_001135.5	34.759	187	252	5	176	167948	167388	1.96e-22	94.7
CDF89452.1	NC_001139.9	34.722	144	194	29	169	308058	308480	3.46e-21	89.4
CDF89454.1	NC_001139.9	85.882	340	340	1	340	420555	419536	0.0	617
CDF89455.1	NC_001139.9	79.317	498	500	4	499	798567	800060	0.0	803
CDF89455.1	NC_001139.9	35.000	340	500	6	323	513294	514280	9.76e-37	144
CDF89456.1	NC_001139.9	54.930	142	144	7	139	418849	419274	2.98e-43	150
CDF89457.1	NC_001139.9	70.645	310	290	1	290	417483	418409	3.14e-148	458
CDF89458.1	NC_001139.9	59.060	298	260	1	258	417036	416155	8.86e-105	332
CDF89460.1	NC_001139.9	56.243	857	835	2	834	802500	805043	0.0	994
CDF89461.1	NC_001139.9	55.556	252	243	1	238	806021	805278	4.37e-84	271
CDF89462.1	NC_001139.9	50.273	549	519	1	515	414102	415712	9.34e-153	482
CDF89463.1	NC_001139.9	72.510	251	514	276	514	807161	806415	5.28e-113	367
CDF89463.1	NC_001148.4	28.877	187	514	273	454	749948	749409	4.00e-18	87.0
CDF89463.1	NC_001137.3	31.319	182	514	278	459	510484	510978	2.86e-16	81.3
CDF89463.1	NC_001137.3	25.547	274	514	182	440	510442	511209	5.44e-11	64.3
CDF89463.1	NC_001147.6	27.835	194	514	270	458	88294	88806	2.39e-13	71.6
CDF89463.1	NC_001134.8	28.667	150	514	320	458	648270	648701	2.21e-11	65.5
CDF89465.1	NC_001139.9	69.767	43	168	19	61	809243	809115	6.15e-12	61.6
CDF89466.1	NC_001143.9	38.472	707	679	6	679	11208	9094	1.30e-160	511
CDF89466.1	NC_001147.6	36.932	704	679	9	679	1055572	1057677	2.35e-152	488
CDF89466.1	NC_001147.6	36.068	707	679	1	679	1061564	1063645	3.61e-130	423
CDF89466.1	NC_001146.8	36.714	700	679	28	679	740044	742107	2.59e-142	458
CDF89466.1	NC_001144.5	38.451	710	679	6	679	39456	37336	4.15e-138	446
CDF89466.1	NC_001144.5	26.087	483	679	226	679	569200	570624	5.40e-40	157
CDF89467.1	NC_001140.6	63.550	631	714	30	660	20959	19109	0.0	840
CDF89467.1	NC_001140.6	48.480	625	714	38	662	10222	8363	0.0	657
CDF89467.1	NC_001143.9	46.996	566	714	97	659	661568	663265	5.23e-179	566
CDF89467.1	NC_001135.5	46.820	566	714	97	659	8200	6503	2.42e-178	564
CDF89467.1	NC_001137.3	49.643	560	714	97	651	27816	29489	3.18e-174	552
CDF89467.1	NC_001147.6	31.933	595	714	66	646	21248	19518	3.44e-83	287
CDF89469.1	NC_001138.5	30.057	529	632	99	600	49238	50659	6.69e-56	204
CDF89469.1	NC_001145.3	29.268	533	632	73	595	388852	390288	5.42e-53	196
CDF89469.1	NC_001136.10	23.519	574	632	104	600	1461419	1459932	3.77e-31	129
CDF89470.1	NC_001140.6	44.407	590	561	3	561	21798	23531	4.02e-144	459
CDF89470.1	NC_001148.4	29.490	529	561	2	480	157851	159413	4.06e-54	197
CDF89471.1	NC_001144.5	86.232	138	143	6	143	40220	39807	7.83e-77	246
CDF89473.1	NC_001140.6	30.111	631	626	9	618	25500	23632	4.48e-76	264
CDF89474.1	NC_001140.6	57.895	513	544	30	542	26355	27866	0.0	620
CDF89474.1	NC_001139.9	27.985	536	544	21	533	599459	601015	2.57e-56	203
CDF89475.1	NC_001144.5	68.841	1656	1643	11	1643	46226	41289	0.0	2340
CDF89475.1	NC_001144.5	32.011	1437	1643	277	1626	117080	121108	0.0	635
CDF89475.1	NC_001144.5	23.748	539	1643	1098	1618	528786	530312	2.67e-29	127
CDF89475.1	NC_001144.5	26.398	447	1643	490	913	529008	530264	2.20e-21	100
CDF89475.1	NC_001140.6	50.608	1644	1643	11	1635	32717	27996	0.0	1568
CDF89475.1	NC_001143.9	40.682	1642	1643	6	1639	653089	657750	0.0	1239
CDF89475.1	NC_001143.9	33.607	244	1643	1370	1606	43142	42468	1.77e-26	117
CDF89475.1	NC_001143.9	24.283	453	1643	497	919	45848	44523	3.05e-21	100
CDF89475.1	NC_001143.9	27.817	284	1643	1349	1615	45290	44502	3.26e-21	100
CDF89475.1	NC_001143.9	29.536	237	1643	684	914	43163	42486	3.82e-15	80.5
CDF89475.1	NC_001136.10	32.727	1430	1643	264	1623	726954	723022	0.0	703
CDF89475.1	NC_001139.9	31.620	1167	1643	548	1626	1053970	1057233	9.76e-162	546
CDF89475.1	NC_001139.9	27.519	258	1643	708	943	1056511	1057236	1.24e-13	75.5
CDF89476.1	NC_001140.6	44.318	264	294	8	251	34041	33253	2.51e-59	203
CDF89476.1	NC_001144.5	30.038	263	294	5	258	47445	46747	3.09e-25	104
CDF89477.1	NC_001144.5	82.353	255	256	1	255	48629	47865	6.30e-145	447
CDF89477.1	NC_001140.6	80.784	255	256	1	255	36025	35261	1.53e-142	440
CDF89478.1	NC_001140.6	66.616	656	706	13	649	38373	36418	0.0	889
CDF89479.1	NC_001144.5	55.500	600	686	85	654	50166	51890	0.0	642
CDF89479.1	NC_001138.5	32.468	308	686	241	543	21776	20976	3.86e-36	145
CDF89480.1	NC_001140.6	66.667	222	225	5	225	39468	38818	5.59e-97	308
CDF89482.1	NC_001144.5	80.682	264	262	1	260	53931	53140	4.41e-146	450
CDF89483.1	NC_001144.5	56.139	3160	3110	1	3110	63645	54214	0.0	3638
CDF89484.1	NC_001140.6	50.690	1884	1851	1	1849	40084	45687	0.0	1831
CDF89486.1	NC_001144.5	48.023	177	227	1	176	66518	65991	3.73e-48	168
CDF89487.1	NC_001144.5	35.453	519	499	1	495	68256	66769	5.91e-81	273
CDF89488.1	NC_001140.6	45.310	693	555	1	555	47968	45926	0.0	572
CDF89489.1	NC_001148.4	39.157	332	353	24	342	381968	382960	4.01e-72	242
CDF89489.1	NC_001146.8	24.465	327	353	36	342	17170	16235	2.42e-17	82.4
CDF89489.1	NC_001136.10	24.615	325	353	36	342	18626	17691	5.55e-17	81.3
CDF89489.1	NC_001142.9	24.924	329	353	36	342	727219	728154	5.83e-15	75.1
CDF89489.1	NC_001135.5	24.364	275	353	81	342	314112	314894	2.22e-11	63.9
CDF89490.1	NC_001148.4	62.602	369	407	1	359	502183	501077	4.99e-155	483
CDF89490.1	NC_001148.4	28.889	225	407	104	319	285770	285135	1.25e-16	80.9
CDF89490.1	NC_001148.4	30.769	143	407	127	265	288188	287790	1.26e-13	71.6
CDF89490.1	NC_001148.4	26.020	196	407	71	265	166508	167050	2.08e-13	70.9
CDF89490.1	NC_001148.4	30.000	160	407	162	319	268593	269036	3.13e-12	67.4
CDF89490.1	NC_001148.4	26.168	214	407	105	314	157143	156556	5.25e-12	66.6
CDF89490.1	NC_001136.10	55.899	356	407	1	349	956019	957086	2.84e-134	423
CDF89490.1	NC_001136.10	26.791	321	407	5	320	1412520	1413281	6.50e-21	94.4
CDF89490.1	NC_001136.10	29.439	214	407	111	319	1465534	1464932	1.75e-18	86.7
CDF89490.1	NC_001136.10	24.887	221	407	116	320	406111	405491	2.96e-15	76.6
CDF89490.1	NC_001136.10	29.577	213	407	105	298	173189	173788	3.77e-15	76.6
CDF89490.1	NC_001136.10	24.887	221	407	105	317	1433752	1433114	2.51e-12	67.8
CDF89490.1	NC_001140.6	27.823	248	407	106	350	271149	270436	5.63e-24	103
CDF89490.1	NC_001140.6	33.099	142	407	126	266	510806	511201	9.31e-17	81.6
CDF89490.1	NC_001134.8	32.016	253	407	105	339	749783	750490	2.25e-18	86.3
CDF89490.1	NC_001134.8	22.857	280	407	6	279	560087	560752	1.18e-12	68.6
CDF89490.1	NC_001147.6	28.070	228	407	104	321	776137	776778	6.00e-18	85.1
CDF89490.1	NC_001147.6	34.783	138	407	131	264	773480	773863	1.22e-15	78.2
CDF89490.1	NC_001147.6	27.556	225	407	95	313	246149	246769	2.56e-14	73.9
CDF89490.1	NC_001147.6	28.141	199	407	133	318	105670	106227	4.64e-12	66.6
CDF89491.1	NC_001136.10	61.494	174	181	4	174	958306	957785	8.05e-65	213
CDF89492.1	NC_001148.4	82.663	398	398	1	398	498096	499289	0.0	694
CDF89492.1	NC_001141.2	33.744	406	398	3	397	41345	40194	5.15e-53	189
CDF89493.1	NC_001148.4	64.884	692	739	23	711	495584	497653	0.0	936
CDF89494.1	NC_001136.10	58.172	722	726	11	722	251590	253743	0.0	866
CDF89495.1	NC_001136.10	59.358	903	884	1	884	248581	251235	0.0	1102
CDF89496.1	NC_001139.9	85.638	376	376	1	376	226399	227526	0.0	681
CDF89497.1	NC_001139.9	69.676	1174	1411	283	1404	224619	221194	0.0	1631
CDF89497.1	NC_001139.9	28.247	308	1411	691	974	195410	194541	3.26e-25	113
CDF89497.1	NC_001139.9	34.731	167	1411	1242	1405	194444	193947	2.63e-24	110
CDF89497.1	NC_001136.10	41.860	344	1411	654	983	1137972	1138955	1.94e-78	286
CDF89497.1	NC_001136.10	50.307	163	1411	1230	1392	1139628	1140116	2.29e-44	176
CDF89497.1	NC_001147.6	36.818	440	1411	545	983	884778	885950	2.20e-71	264
CDF89497.1	NC_001147.6	39.394	330	1411	660	978	857990	857052	1.68e-67	251
CDF89497.1	NC_001147.6	45.109	184	1411	1216	1398	885927	886451	1.11e-40	164
CDF89497.1	NC_001147.6	47.500	160	1411	1242	1398	857003	856527	7.05e-37	151
CDF89497.1	NC_001141.2	39.339	333	1411	660	978	119369	120310	4.52e-67	250
CDF89497.1	NC_001141.2	46.667	165	1411	1236	1398	120341	120835	2.29e-38	156
CDF89497.1	NC_001134.8	38.272	324	1411	660	983	710981	710067	7.78e-67	249
CDF89497.1	NC_001134.8	52.083	144	1411	1259	1399	709988	709560	2.94e-39	159
CDF89497.1	NC_001134.8	36.686	169	1411	1225	1388	385038	385541	2.94e-26	116
CDF89497.1	NC_001134.8	26.944	360	1411	643	973	384018	385022	1.19e-20	98.2
CDF89497.1	NC_001134.8	25.272	368	1411	660	973	467770	468804	1.27e-18	91.7
CDF89497.1	NC_001134.8	31.973	147	1411	1242	1386	469099	469539	4.66e-17	86.3
CDF89498.1	NC_001139.9	50.712	351	357	1	346	216273	217271	1.19e-100	324
CDF89499.1	NC_001139.9	42.510	247	273	24	262	216039	215308	1.43e-53	185
CDF89500.1	NC_001136.10	63.844	307	299	1	299	247612	246692	1.42e-115	365
CDF89500.1	NC_001148.4	23.667	300	299	17	299	601749	600916	1.61e-14	72.8
CDF89500.1	NC_001148.4	23.975	317	299	6	292	583988	583092	2.18e-13	69.3
CDF89500.1	NC_001148.4	18.954	306	299	17	298	299452	298601	9.90e-11	61.2
CDF89500.1	NC_001134.8	24.832	298	299	14	295	784527	783688	1.85e-13	69.3
CDF89500.1	NC_001147.6	24.296	284	299	13	281	758372	759178	3.78e-13	68.6
CDF89500.1	NC_001141.2	25.000	316	299	13	298	97428	98327	1.29e-12	67.0
CDF89501.1	NC_001139.9	51.705	352	360	8	357	214120	215172	5.94e-115	366
CDF89501.1	NC_001148.4	26.158	367	360	2	357	892069	891140	2.12e-20	91.7
CDF89501.1	NC_001136.10	25.311	241	360	119	356	295792	295184	8.72e-16	77.8
CDF89502.1	NC_001139.9	65.836	1083	1079	1	1077	210416	213658	0.0	1509
CDF89503.1	NC_001136.10	59.231	130	172	38	167	246055	246444	1.10e-48	167
CDF89504.1	NC_001136.10	42.500	120	121	1	100	245582	245223	1.23e-11	58.9
CDF89505.1	NC_001136.10	54.817	737	729	12	704	242621	244798	0.0	788
CDF89506.1	NC_001146.8	65.842	404	427	24	424	603042	604217	2.28e-165	514
CDF89506.1	NC_001140.6	26.963	382	427	50	406	278303	279346	5.76e-22	97.8
CDF89506.1	NC_001134.8	29.102	323	427	92	396	648264	649190	2.02e-20	93.2
CDF89506.1	NC_001139.9	27.624	181	427	54	223	807152	806610	8.66e-17	81.6
CDF89506.1	NC_001137.3	28.191	188	427	49	234	510472	511026	1.58e-16	80.9
CDF89506.1	NC_001137.3	25.448	279	427	55	302	511033	511830	3.36e-14	73.6
CDF89506.1	NC_001137.3	26.816	179	427	55	228	510754	511275	3.08e-13	70.9
CDF89507.1	NC_001141.2	73.714	350	356	7	351	204632	203589	1.34e-177	545
CDF89508.1	NC_001146.8	44.715	492	505	23	491	581926	583368	2.30e-128	411
CDF89509.1	NC_001146.8	75.188	133	522	380	512	581209	581598	1.05e-64	227
CDF89509.1	NC_001146.8	45.902	122	522	85	202	579997	580338	2.35e-17	84.7
CDF89509.1	NC_001144.5	44.444	81	522	413	491	404995	404786	8.09e-14	73.2
CDF89509.1	NC_001136.10	40.196	102	522	394	491	749137	748865	3.13e-13	71.2
CDF89509.1	NC_001147.6	33.010	103	522	408	510	535851	536132	3.96e-12	67.8
CDF89509.1	NC_001147.6	34.524	84	522	408	491	535935	536165	2.67e-11	65.1
CDF89510.1	NC_001145.3	45.415	458	408	1	405	260236	261594	4.98e-116	371
CDF89511.1	NC_001141.2	59.146	328	325	3	323	203250	202282	1.58e-117	371
CDF89512.1	NC_001141.2	46.259	147	157	13	151	200089	199661	3.62e-29	110
CDF89513.1	NC_001146.8	62.879	264	236	4	236	574557	575348	4.94e-100	317
CDF89513.1	NC_001146.8	33.766	154	236	70	218	517252	517704	6.10e-23	95.9
CDF89513.1	NC_001146.8	30.939	181	236	61	232	439115	438585	1.02e-21	92.0
CDF89513.1	NC_001136.10	25.610	164	236	71	220	583459	582974	9.44e-11	60.1
CDF89514.1	NC_001141.2	61.934	486	469	1	462	199403	197961	0.0	569
CDF89514.1	NC_001137.3	34.475	467	469	5	460	400836	399520	2.18e-71	244
CDF89514.1	NC_001137.3	23.464	358	469	2	338	31050	30031	1.11e-11	66.2
CDF89514.1	NC_001134.8	34.021	485	469	6	467	49583	50938	2.67e-69	238
CDF89515.1	NC_001146.8	72.615	325	329	1	325	585291	584326	2.37e-162	500
CDF89516.1	NC_001141.2	66.320	481	485	4	482	193616	195058	0.0	634
CDF89517.1	NC_001141.2	61.408	710	702	13	702	193147	191033	0.0	891
CDF89518.1	NC_001146.8	84.722	72	72	1	72	586820	586605	1.05e-38	133
CDF89519.1	NC_001141.2	61.887	265	262	1	262	188784	187993	9.34e-107	337
CDF89520.1	NC_001146.8	58.547	936	973	40	962	591130	588326	0.0	1133
CDF89521.1	NC_001146.8	64.458	498	476	1	476	592899	591433	0.0	623
CDF89521.1	NC_001146.8	27.273	209	476	203	411	511476	512027	1.97e-12	68.6
CDF89522.1	NC_001141.2	54.887	532	710	1	509	183937	185478	1.77e-171	544
CDF89522.1	NC_001134.8	46.106	321	710	1	310	360148	359195	2.19e-84	291
CDF89522.1	NC_001148.4	27.273	297	710	9	293	268275	269033	8.33e-17	84.0
CDF89522.1	NC_001148.4	23.565	331	710	15	287	102636	101653	1.24e-16	83.6
CDF89522.1	NC_001148.4	26.230	244	710	67	292	285797	285141	4.82e-13	71.6
CDF89522.1	NC_001148.4	32.639	144	710	105	248	157065	156685	4.86e-13	71.6
CDF89522.1	NC_001148.4	30.814	172	710	72	236	666538	666999	1.56e-11	66.6
CDF89522.1	NC_001142.9	29.956	227	710	28	246	250795	251394	3.28e-16	82.0
CDF89522.1	NC_001136.10	31.122	196	710	105	293	1486774	1486238	6.21e-16	81.3
CDF89522.1	NC_001136.10	28.922	204	710	105	292	1433674	1433114	9.52e-15	77.4
CDF89522.1	NC_001136.10	25.121	207	710	106	305	695357	695914	5.39e-13	71.6
CDF89522.1	NC_001136.10	25.214	234	710	69	294	1465555	1464932	1.43e-11	67.0
CDF89522.1	NC_001136.10	23.529	289	710	17	295	1412526	1413281	3.22e-11	65.9
CDF89523.1	NC_001146.8	58.290	386	378	3	378	569682	568525	5.48e-150	467
CDF89524.1	NC_001146.8	59.645	451	444	5	444	553386	554738	2.17e-164	511
CDF89525.1	NC_001146.8	50.084	597	566	1	561	555048	556769	7.49e-163	513
CDF89526.1	NC_001146.8	32.474	194	185	7	173	557047	557628	6.20e-28	108
CDF89527.1	NC_001141.2	50.898	334	319	1	317	183127	182126	7.05e-106	338
CDF89528.1	NC_001141.2	48.393	529	499	3	499	180439	181974	2.68e-146	462
CDF89529.1	NC_001146.8	76.177	361	361	1	361	559002	557923	0.0	580
CDF89529.1	NC_001147.6	43.666	371	361	1	358	580265	581356	1.93e-86	284
CDF89529.1	NC_001141.2	32.578	353	361	30	361	187560	186511	8.11e-46	166
CDF89529.1	NC_001135.5	28.045	353	361	31	354	91342	92388	3.72e-21	94.0
CDF89530.1	NC_001145.3	42.105	95	140	52	138	775602	775318	1.91e-20	84.7
CDF89531.1	NC_001145.3	60.282	355	376	7	354	777100	776048	8.16e-139	435
CDF89531.1	NC_001148.4	54.494	356	376	27	373	44341	43292	1.71e-119	379
CDF89532.1	NC_001145.3	52.356	382	381	13	380	777100	775991	6.37e-123	390
CDF89532.1	NC_001148.4	50.838	358	381	28	379	44338	43304	1.36e-109	351
CDF89533.1	NC_001145.3	57.714	350	373	10	352	777091	776054	6.60e-130	409
CDF89533.1	NC_001148.4	52.707	351	373	27	371	44341	43304	7.11e-115	366
CDF89535.1	NC_001147.6	53.846	286	306	37	306	230400	231257	1.96e-102	327
CDF89536.1	NC_001145.3	75.862	58	58	1	58	779127	778954	2.66e-27	100
CDF89538.1	NC_001145.3	34.724	743	806	41	772	781911	779701	1.71e-144	470
CDF89539.1	NC_001145.3	43.400	553	552	1	552	784281	782623	2.36e-149	473
CDF89540.1	NC_001145.3	40.156	1412	1415	10	1410	788835	784633	0.0	1016
CDF89541.1	NC_001145.3	95.000	120	153	17	136	789791	789432	1.22e-74	240
CDF89542.1	NC_001145.3	55.093	1129	1071	1	1067	70624	73908	0.0	1159
CDF89542.1	NC_001145.3	55.087	1091	1071	1	1068	793369	790214	0.0	1141
CDF89542.1	NC_001134.8	35.461	423	1071	359	772	490203	488953	2.33e-79	285
CDF89542.1	NC_001136.10	30.561	553	1071	397	906	594331	595974	1.06e-66	246
CDF89543.1	NC_001145.3	49.840	313	293	1	291	793726	794664	3.16e-89	289
CDF89544.1	NC_001145.3	49.505	202	168	1	167	794919	795518	2.98e-49	168
CDF89545.1	NC_001145.3	47.573	206	195	1	192	795805	796410	1.28e-50	173
CDF89546.1	NC_001145.3	53.347	478	455	1	451	68294	69691	1.79e-160	501
CDF89546.1	NC_001134.8	24.818	411	455	24	409	209731	210861	1.14e-23	103
CDF89547.1	NC_001145.3	34.312	443	406	4	406	797862	796558	2.11e-67	231
CDF89548.1	NC_001145.3	58.324	919	911	7	907	798581	801304	0.0	1068
CDF89548.1	NC_001147.6	38.114	753	911	1	738	162356	164560	3.27e-145	476
CDF89548.1	NC_001144.5	23.598	517	911	179	676	139694	138234	2.46e-32	135
CDF89549.1	NC_001145.3	58.824	306	298	1	298	801787	802701	1.26e-119	376
CDF89549.1	NC_001134.8	47.464	276	298	34	298	257951	257127	2.55e-82	269
CDF89550.1	NC_001145.3	43.091	1585	1622	121	1622	67249	62585	0.0	1197
CDF89551.1	NC_001145.3	44.804	433	414	2	414	804189	802891	1.40e-117	376
CDF89552.1	NC_001145.3	70.093	107	208	1	107	804456	804776	8.71e-49	169
CDF89553.1	NC_001145.3	41.904	1124	1141	42	1134	62214	58942	0.0	818
CDF89554.1	NC_001145.3	48.974	341	369	34	369	806330	805332	1.40e-100	325
CDF89555.1	NC_001145.3	69.597	273	266	1	266	58687	57869	8.37e-118	369
CDF89556.1	NC_001145.3	83.408	223	224	1	223	56773	57441	2.54e-123	383
CDF89556.1	NC_001145.3	72.727	220	224	5	224	807527	806868	4.05e-108	340
CDF89557.1	NC_001145.3	30.449	312	325	41	320	56224	55301	3.30e-38	143
CDF89558.1	NC_001145.3	71.540	383	385	3	385	810774	809626	0.0	598
CDF89559.1	NC_001145.3	61.386	101	106	6	100	54805	55107	1.19e-33	120
CDF89560.1	NC_001145.3	38.351	558	1126	29	567	813920	812610	1.33e-76	277
CDF89560.1	NC_001145.3	40.706	425	1126	16	435	51727	52830	1.68e-68	252
CDF89560.1	NC_001145.3	36.275	612	1126	539	1126	52951	54465	5.32e-67	247
CDF89560.1	NC_001145.3	80.000	100	1126	989	1088	811565	811266	1.55e-48	188
CDF89561.1	NC_001145.3	44.013	309	302	4	298	815299	814385	4.23e-75	248
CDF89562.1	NC_001145.3	76.370	292	293	2	293	50900	50034	3.05e-151	467
CDF89563.1	NC_001145.3	51.668	929	906	29	901	818434	815666	0.0	899
CDF89563.1	NC_001145.3	50.317	946	906	1	904	46942	49698	0.0	888
CDF89563.1	NC_001146.8	35.414	833	906	88	901	762397	760082	4.29e-143	469
CDF89564.1	NC_001145.3	42.177	294	272	1	270	45063	45944	1.31e-65	220
CDF89565.1	NC_001145.3	63.235	68	223	1	67	44045	44242	3.13e-16	75.9
CDF89566.1	NC_001145.3	57.750	400	380	1	380	818827	819945	3.57e-124	393
CDF89567.1	NC_001145.3	34.565	379	539	3	365	43533	42430	4.80e-61	217
CDF89568.1	NC_001145.3	59.176	752	730	1	729	820256	822448	0.0	875
CDF89569.1	NC_001145.3	63.576	604	611	5	602	822787	824595	0.0	822
CDF89570.1	NC_001148.4	50.154	325	321	1	321	25102	26055	8.92e-109	346
CDF89570.1	NC_001144.5	51.258	318	321	8	321	17586	16648	1.23e-106	340
CDF89570.1	NC_001145.3	46.939	98	321	224	321	917872	917588	2.45e-23	99.8
CDF89571.1	NC_001145.3	66.854	534	505	1	504	41794	40199	0.0	723
CDF89571.1	NC_001137.3	52.113	355	505	142	496	84372	83452	2.58e-117	379
CDF89571.1	NC_001148.4	32.000	350	505	143	486	461681	460791	2.77e-49	181
CDF89572.1	NC_001145.3	42.787	1012	1140	169	1118	34816	37632	0.0	710
CDF89572.1	NC_001145.3	45.631	103	1140	20	119	34276	34569	1.89e-15	80.5
CDF89572.1	NC_001148.4	44.118	204	1140	602	802	196507	195968	1.80e-46	182
CDF89572.1	NC_001148.4	27.500	200	1140	605	804	197188	196661	3.65e-20	96.3
CDF89573.1	NC_001145.3	50.792	947	1191	24	889	831293	828546	0.0	848
CDF89573.1	NC_001142.9	61.017	59	1191	92	150	266046	266222	5.48e-18	89.0
CDF89574.1	NC_001145.3	41.581	291	281	2	278	832387	833244	3.32e-69	231
CDF89575.1	NC_001145.3	31.429	455	543	121	543	834693	833359	9.79e-62	219
CDF89576.1	NC_001145.3	51.515	495	472	1	472	836810	835329	2.13e-163	510
CDF89577.1	NC_001145.3	55.203	567	592	16	574	838229	839929	0.0	649
CDF89578.1	NC_001145.3	71.895	459	482	27	480	841529	840153	0.0	709
CDF89578.1	NC_001145.3	43.312	471	482	27	480	32451	33815	1.33e-123	396
CDF89578.1	NC_001133.9	29.310	232	482	83	292	111850	111191	2.67e-13	71.2
CDF89579.1	NC_001145.3	80.723	83	85	1	83	841942	842190	1.49e-40	139
CDF89580.1	NC_001145.3	54.762	84	312	232	307	31409	31660	1.32e-12	67.0
CDF89581.1	NC_001145.3	47.938	970	950	4	948	845315	842448	0.0	889
CDF89582.1	NC_001145.3	74.319	514	507	1	507	29807	28269	0.0	759
CDF89582.1	NC_001145.3	47.854	466	507	46	502	556142	554805	1.61e-120	388
CDF89582.1	NC_001136.10	45.708	466	507	46	502	303499	304836	7.20e-115	372
CDF89583.1	NC_001146.8	83.103	290	285	1	285	485607	486476	1.92e-164	504
CDF89583.1	NC_001140.6	31.624	234	285	58	285	281690	282379	1.19e-27	111
CDF89584.1	NC_001146.8	34.234	555	474	16	445	483595	485205	1.80e-68	236
CDF89585.1	NC_001141.2	36.927	371	488	113	461	93793	94788	1.55e-50	184
CDF89586.1	NC_001146.8	48.218	477	482	1	441	481391	482794	1.92e-132	421
CDF89586.1	NC_001146.8	37.330	442	482	1	440	507097	505967	1.79e-74	254
CDF89586.1	NC_001146.8	53.521	71	482	1	71	619565	619362	5.64e-16	79.7
CDF89586.1	NC_001144.5	29.383	405	482	3	388	320716	321831	5.83e-33	132
CDF89586.1	NC_001145.3	28.646	384	482	8	388	695422	696438	6.40e-30	123
CDF89586.1	NC_001145.3	37.748	151	482	7	135	577781	578212	4.09e-15	77.0
CDF89586.1	NC_001138.5	29.442	394	482	8	385	106050	104956	4.89e-18	86.3
CDF89586.1	NC_001141.2	41.818	110	482	1	108	363221	363523	4.91e-15	77.0
CDF89587.1	NC_001141.2	47.034	944	918	4	915	92776	89963	0.0	864
CDF89587.1	NC_001143.9	29.167	552	918	11	552	155689	157260	6.12e-55	207
CDF89587.1	NC_001140.6	28.546	557	918	9	552	201289	199715	5.39e-54	204
CDF89587.1	NC_001146.8	21.777	349	918	138	476	543509	544462	2.51e-14	76.6
CDF89588.1	NC_001146.8	28.947	304	320	2	264	479975	480811	3.78e-21	93.2
CDF89589.1	NC_001146.8	64.824	199	161	1	161	479165	478569	5.44e-67	219
CDF89589.1	NC_001141.2	70.186	161	161	1	161	89715	89233	6.58e-64	210
CDF89590.1	NC_001146.8	60.094	213	264	2	195	477957	477328	3.36e-67	224
CDF89590.1	NC_001146.8	75.926	54	264	202	255	477108	476947	5.21e-20	88.2
CDF89591.1	NC_001146.8	50.054	927	914	1	914	473391	476009	0.0	855
CDF89591.1	NC_001145.3	30.114	352	914	3	352	594895	595875	2.68e-35	144
CDF89591.1	NC_001144.5	26.741	359	914	4	338	214450	213440	7.83e-21	97.8
CDF89591.1	NC_001148.4	23.364	428	914	4	389	241485	240289	8.11e-15	78.2
CDF89592.1	NC_001141.2	57.917	240	244	1	238	88716	88006	1.66e-91	293
CDF89593.1	NC_001146.8	57.343	429	523	9	411	471392	472675	1.11e-157	496
CDF89593.1	NC_001146.8	74.839	155	523	369	523	472548	473012	3.32e-72	249
CDF89593.1	NC_001146.8	27.632	152	523	329	462	472067	472507	4.00e-11	64.7
CDF89593.1	NC_001148.4	32.288	319	523	208	514	583967	583092	1.24e-41	159
CDF89593.1	NC_001148.4	24.606	317	523	208	520	601758	600916	8.03e-15	76.6
CDF89593.1	NC_001140.6	25.220	341	523	209	517	108923	109867	4.90e-22	99.4
CDF89593.1	NC_001139.9	21.429	350	523	186	522	676612	677559	1.89e-21	97.4
CDF89593.1	NC_001134.8	26.183	317	523	208	520	416028	416885	3.48e-20	93.6
CDF89593.1	NC_001134.8	25.503	298	523	208	501	163919	163116	1.57e-17	85.1
CDF89593.1	NC_001134.8	24.606	317	523	237	520	449775	450644	2.63e-11	65.1
CDF89594.1	NC_001143.9	54.115	486	487	3	487	6110	7525	4.98e-172	536
CDF89594.1	NC_001146.8	31.034	493	487	4	472	391720	390260	6.47e-59	209
CDF89594.1	NC_001147.6	23.496	349	487	121	442	890910	889891	1.51e-16	81.6
CDF89594.1	NC_001147.6	24.356	427	487	2	411	96226	94970	5.40e-13	70.5
CDF89596.1	NC_001141.2	45.813	836	823	7	823	85387	87834	0.0	652
CDF89597.1	NC_001146.8	57.221	367	366	1	362	471102	470059	1.70e-126	399
CDF89598.1	NC_001141.2	88.046	527	527	1	527	83302	84882	0.0	931
CDF89598.1	NC_001142.9	34.449	508	527	14	515	207937	209448	1.63e-79	270
CDF89598.1	NC_001142.9	34.906	530	527	5	515	556004	557578	8.56e-76	259
CDF89598.1	NC_001142.9	28.464	534	527	1	515	407558	409138	1.35e-60	215
CDF89598.1	NC_001142.9	25.000	524	527	35	524	421534	420002	1.22e-37	147
CDF89598.1	NC_001136.10	33.892	537	527	15	519	887295	888878	2.58e-75	258
CDF89598.1	NC_001136.10	29.310	522	527	12	518	200035	201579	2.20e-56	202
CDF89598.1	NC_001136.10	26.151	543	527	1	517	836421	838028	2.83e-47	176
CDF89599.1	NC_001146.8	62.936	831	815	1	813	467131	469614	0.0	1069
CDF89600.1	NC_001147.6	41.566	332	346	18	344	482093	483082	3.89e-78	259
CDF89601.1	NC_001146.8	50.000	96	105	6	101	466352	466639	3.30e-26	99.8
CDF89602.1	NC_001147.6	56.283	1130	1179	53	1172	486626	483237	0.0	1363
CDF89602.1	NC_001146.8	52.790	1129	1179	47	1167	462522	465908	0.0	1241
CDF89602.1	NC_001145.3	27.234	1164	1179	69	1163	128851	125438	1.57e-126	429
CDF89603.1	NC_001146.8	68.355	1441	1401	1	1398	457698	461987	0.0	1914
CDF89604.1	NC_001146.8	79.058	191	188	1	187	456565	457137	2.25e-102	321
CDF89604.1	NC_001146.8	36.000	225	188	9	185	300637	299963	3.38e-33	123
CDF89604.1	NC_001146.8	30.864	162	188	9	167	449907	450386	2.51e-15	72.0
CDF89604.1	NC_001148.4	57.297	185	188	1	175	875368	875922	4.39e-62	206
CDF89604.1	NC_001141.2	42.289	201	188	2	174	139782	140384	3.38e-47	163
CDF89604.1	NC_001143.9	45.810	179	188	9	182	548435	548968	9.71e-47	162
CDF89604.1	NC_001143.9	30.000	190	188	4	167	466074	465511	2.03e-16	75.1
CDF89604.1	NC_001144.5	41.618	173	188	9	174	604775	604257	1.20e-40	144
CDF89604.1	NC_001144.5	30.909	165	188	6	167	668867	668391	2.98e-16	74.7
CDF89604.1	NC_001144.5	28.070	171	188	9	171	721391	720927	4.41e-14	68.6
CDF89605.1	NC_001146.8	39.648	1362	1392	33	1324	452522	455992	0.0	597
CDF89606.1	NC_001147.6	55.539	668	668	1	663	487728	489698	0.0	732
CDF89607.1	NC_001147.6	80.569	211	211	1	211	490828	490199	4.50e-111	347
CDF89607.1	NC_001147.6	34.884	172	211	2	171	682085	681594	9.72e-25	100
CDF89607.1	NC_001147.6	34.940	166	211	3	167	515259	515744	3.64e-21	89.7
CDF89607.1	NC_001146.8	56.938	209	211	7	211	449901	450527	3.76e-75	244
CDF89607.1	NC_001146.8	32.558	172	211	1	164	456565	457074	2.20e-17	79.0
CDF89607.1	NC_001146.8	31.138	167	211	3	168	440555	440067	2.22e-16	75.9
CDF89607.1	NC_001146.8	33.913	115	211	39	147	60909	61244	1.51e-11	61.6
CDF89607.1	NC_001143.9	50.962	208	211	8	185	466062	465439	1.94e-53	182
CDF89607.1	NC_001143.9	32.500	160	211	8	164	548432	548908	2.90e-19	84.3
CDF89607.1	NC_001144.5	40.113	177	211	4	178	668873	668352	3.63e-40	144
CDF89607.1	NC_001144.5	34.884	172	211	2	171	721412	720921	1.63e-24	99.4
CDF89607.1	NC_001144.5	28.402	169	211	7	164	604781	604281	9.30e-19	82.8
CDF89607.1	NC_001137.3	42.675	157	211	8	164	214708	214247	1.39e-39	142
CDF89608.1	NC_001147.6	57.705	584	561	1	561	492841	491126	0.0	643
CDF89609.1	NC_001147.6	71.884	345	340	1	338	493433	494467	3.11e-158	489
CDF89610.1	NC_001146.8	42.857	574	553	18	551	447686	449356	8.15e-135	431
CDF89611.1	NC_001148.4	62.338	462	459	10	459	657553	658935	0.0	599
CDF89612.1	NC_001148.4	40.050	1191	1106	1	1105	664619	661146	0.0	830
CDF89613.1	NC_001148.4	72.455	167	176	2	168	664966	665466	3.63e-81	260
CDF89614.1	NC_001134.8	90.698	258	258	1	258	425766	424993	1.57e-156	480
CDF89615.1	NC_001134.8	88.889	90	98	4	93	426462	426193	3.40e-51	170
CDF89615.1	NC_001148.4	87.912	91	98	1	91	665974	665702	1.35e-44	151
CDF89615.1	NC_001136.10	35.955	89	98	9	96	447335	447084	7.68e-11	55.5
CDF89616.1	NC_001134.8	73.196	97	105	1	96	427484	427194	8.38e-44	149
CDF89616.1	NC_001140.6	40.845	71	105	14	84	115859	115650	4.58e-12	59.3
CDF89617.1	NC_001134.8	60.530	755	720	1	720	432036	434294	0.0	929
CDF89618.1	NC_001134.8	49.261	406	365	12	361	435635	434421	9.07e-107	342
CDF89619.1	NC_001134.8	68.142	226	228	1	225	436021	436698	1.98e-101	320
CDF89620.1	NC_001148.4	62.629	388	436	33	415	666268	667425	3.09e-164	511
CDF89620.1	NC_001148.4	33.438	317	436	78	379	866227	865298	2.61e-42	159
CDF89620.1	NC_001148.4	32.177	317	436	71	372	492920	492039	6.72e-35	137
CDF89620.1	NC_001148.4	29.960	247	436	152	381	474014	473286	2.53e-31	126
CDF89620.1	NC_001148.4	26.647	334	436	76	389	263589	262756	1.27e-16	81.3
CDF89620.1	NC_001148.4	31.818	220	436	72	274	285941	285336	2.80e-16	80.5
CDF89620.1	NC_001148.4	28.634	227	436	75	296	288386	287754	5.34e-16	79.3
CDF89620.1	NC_001148.4	25.210	238	436	54	284	166412	167053	1.01e-15	78.6
CDF89620.1	NC_001148.4	29.104	134	436	152	284	157065	156691	1.13e-11	65.9
CDF89620.1	NC_001148.4	23.103	290	436	72	319	747810	748640	3.60e-11	64.3
CDF89620.1	NC_001140.6	45.915	355	436	61	413	170311	169268	5.44e-100	326
CDF89620.1	NC_001140.6	28.194	227	436	69	284	510587	511201	1.25e-21	97.1
CDF89620.1	NC_001140.6	25.991	227	436	70	296	96086	95460	8.23e-16	79.0
CDF89620.1	NC_001140.6	23.132	281	436	25	298	316524	317273	5.63e-15	76.3
CDF89620.1	NC_001143.9	35.677	384	436	36	414	150702	149608	6.52e-71	242
CDF89620.1	NC_001143.9	34.177	316	436	74	377	183513	184385	1.49e-43	162
CDF89620.1	NC_001143.9	26.250	240	436	63	296	135468	134821	2.10e-17	84.0
CDF89620.1	NC_001143.9	29.150	247	436	72	303	206745	207389	5.24e-17	82.8
CDF89620.1	NC_001143.9	28.205	273	436	112	381	249406	250050	7.15e-12	66.6
CDF89620.1	NC_001139.9	39.024	328	436	60	380	575398	576366	1.71e-68	235
CDF89620.1	NC_001139.9	29.832	238	436	71	282	164947	164267	1.08e-17	84.7
CDF89620.1	NC_001134.8	36.986	365	436	57	409	192454	193503	1.77e-64	223
CDF89620.1	NC_001134.8	31.715	309	436	70	372	560093	560968	3.30e-39	149
CDF89620.1	NC_001134.8	29.956	227	436	72	296	15227	14589	1.11e-15	78.6
CDF89620.1	NC_001134.8	31.496	127	436	173	296	295258	294881	2.58e-14	74.3
CDF89620.1	NC_001134.8	27.451	204	436	74	274	749642	750229	4.82e-13	70.1
CDF89621.1	NC_001134.8	52.981	1459	1413	1	1409	436951	441300	0.0	1550
CDF89622.1	NC_001148.4	49.423	1040	1014	1	1013	667676	670786	0.0	1023
CDF89623.1	NC_001134.8	38.685	654	648	42	648	441674	443587	1.58e-120	394
CDF89624.1	NC_001134.8	62.759	290	288	1	288	444693	443824	1.14e-115	364
CDF89625.1	NC_001134.8	51.316	760	727	1	727	447323	445065	0.0	739
CDF89626.1	NC_001134.8	55.948	538	507	1	507	447709	449313	0.0	618
CDF89627.1	NC_001148.4	72.981	322	321	1	318	671126	672091	2.95e-164	505
CDF89628.1	NC_001148.4	38.192	343	339	4	333	672483	673490	6.21e-63	215
CDF89629.1	NC_001148.4	71.661	307	305	1	305	673751	674671	1.06e-148	460
CDF89629.1	NC_001148.4	29.123	285	305	30	300	601752	600928	1.05e-23	100
CDF89629.1	NC_001148.4	25.510	294	305	31	301	299455	298610	4.90e-18	83.6
CDF89629.1	NC_001148.4	24.749	299	305	29	300	583964	583086	1.31e-15	76.3
CDF89629.1	NC_001134.8	58.716	327	305	1	305	449667	450647	1.47e-125	394
CDF89629.1	NC_001134.8	25.723	311	305	11	304	784587	783679	4.21e-13	68.6
CDF89629.1	NC_001147.6	30.872	298	305	27	304	514170	513313	7.02e-34	130
CDF89629.1	NC_001147.6	33.219	292	305	28	303	570762	569932	4.22e-27	110
CDF89629.1	NC_001147.6	25.503	298	305	28	304	758372	759229	7.41e-23	97.8
CDF89629.1	NC_001142.9	26.230	305	305	19	304	609782	610684	4.46e-23	98.2
CDF89629.1	NC_001141.2	26.224	286	305	30	298	344305	345138	1.55e-18	84.7
CDF89629.1	NC_001141.2	23.824	319	305	12	298	97380	98309	1.63e-15	75.9
CDF89630.1	NC_001148.4	79.297	256	273	17	272	675631	674864	1.96e-134	417
CDF89631.1	NC_001148.4	46.691	272	275	16	269	676801	675989	1.44e-70	234
CDF89632.1	NC_001148.4	55.319	94	126	12	101	678192	677911	1.99e-30	112
CDF89633.1	NC_001134.8	54.605	304	329	52	329	451792	450884	4.50e-104	333
CDF89633.1	NC_001139.9	35.556	225	329	114	329	621571	620924	3.32e-38	143
CDF89634.1	NC_001148.4	70.000	80	243	5	84	679717	679956	2.00e-36	135
CDF89636.1	NC_001134.8	71.809	188	188	2	188	452658	453221	6.56e-93	294
CDF89637.1	NC_001148.4	59.060	298	296	1	293	681213	682091	8.09e-115	362
CDF89637.1	NC_001136.10	35.519	183	296	6	188	1256775	1256269	2.72e-35	133
CDF89637.1	NC_001143.9	30.256	195	296	4	191	40468	41019	6.21e-24	100
CDF89637.1	NC_001140.6	26.829	164	296	2	163	333270	333722	1.32e-11	63.9
CDF89638.1	NC_001148.4	46.512	172	191	18	188	682310	682771	3.83e-43	152
CDF89639.1	NC_001134.8	29.046	241	211	1	211	454530	453808	9.67e-30	114
CDF89641.1	NC_001134.8	97.279	147	147	1	147	458362	457922	2.46e-89	282
CDF89641.1	NC_001147.6	37.415	147	147	1	146	811044	811484	2.65e-26	102
CDF89641.1	NC_001139.9	34.058	138	147	14	141	306581	306985	1.53e-18	79.7
CDF89642.1	NC_001134.8	62.896	442	446	8	444	458890	460215	0.0	602
CDF89643.1	NC_001148.4	50.107	467	438	1	428	684353	682956	1.35e-144	454
CDF89643.1	NC_001139.9	38.509	322	438	125	438	141444	140527	3.66e-46	170
CDF89643.1	NC_001146.8	35.540	287	438	139	422	19011	18217	8.03e-44	163
CDF89643.1	NC_001146.8	31.351	185	438	192	363	593839	594381	1.61e-13	71.6
CDF89644.1	NC_001148.4	88.055	293	293	1	293	685437	684559	1.54e-180	551
CDF89644.1	NC_001144.5	49.158	297	293	1	290	433725	432838	4.35e-97	311
CDF89645.1	NC_001148.4	43.486	568	496	4	491	685910	687580	9.23e-135	429
CDF89646.1	NC_001134.8	70.742	229	227	1	226	461870	461184	8.32e-109	342
CDF89647.1	NC_001134.8	85.909	440	926	41	479	465659	464364	0.0	823
CDF89648.1	NC_001134.8	71.337	778	774	14	774	467341	469617	0.0	1134
CDF89648.1	NC_001134.8	29.703	202	774	161	358	710975	710412	1.44e-21	99.8
CDF89648.1	NC_001134.8	34.302	172	774	579	748	385023	385535	6.41e-21	97.4
CDF89648.1	NC_001134.8	30.935	139	774	625	762	709976	709560	3.06e-17	85.5
CDF89648.1	NC_001147.6	28.377	733	774	139	772	695214	697316	2.49e-76	269
CDF89648.1	NC_001147.6	28.216	241	774	167	403	885060	885719	8.07e-21	97.4
CDF89648.1	NC_001147.6	32.821	195	774	168	352	857960	857436	5.57e-20	94.4
CDF89648.1	NC_001147.6	36.364	132	774	625	755	886041	886436	5.00e-19	91.3
CDF89648.1	NC_001147.6	32.450	151	774	599	748	857012	856566	3.95e-17	85.1
CDF89648.1	NC_001144.5	28.986	690	774	189	772	206569	208494	3.41e-71	253
CDF89648.1	NC_001144.5	28.500	200	774	190	357	632196	631603	7.35e-15	77.8
CDF89648.1	NC_001138.5	25.714	595	774	168	748	230043	231620	8.31e-40	158
CDF89648.1	NC_001133.9	25.394	634	774	148	759	116572	118227	8.87e-38	151
CDF89649.1	NC_001134.8	74.600	1374	1374	4	1366	473908	469790	0.0	2149
CDF89650.1	NC_001148.4	59.872	623	615	1	614	690107	691786	0.0	701
CDF89650.1	NC_001141.2	39.024	246	615	1	223	282652	281930	1.38e-43	167
CDF89651.1	NC_001148.4	56.688	157	159	4	159	692406	691936	8.96e-63	206
CDF89652.1	NC_001148.4	69.912	678	682	5	682	694832	692799	0.0	1012
CDF89652.1	NC_001134.8	67.305	679	682	5	682	476431	474395	0.0	971
CDF89653.1	NC_001148.4	35.537	363	349	9	343	696738	695764	1.12e-37	142
CDF89657.1	NC_001148.4	54.360	344	365	30	353	698959	699966	8.80e-95	308
CDF89658.1	NC_001148.4	94.144	444	459	1	444	700594	701922	0.0	865
CDF89658.1	NC_001134.8	94.144	444	459	1	444	477671	478999	0.0	865
CDF89658.1	NC_001136.10	38.688	442	459	5	437	809095	810363	8.22e-87	289
CDF89658.1	NC_001143.9	30.556	468	459	7	442	598392	597058	1.74e-60	213
CDF89658.1	NC_001147.6	30.155	451	459	3	442	684159	685340	1.68e-47	174
CDF89658.1	NC_001147.6	25.481	208	459	7	199	470822	470199	1.32e-13	72.0
CDF89659.1	NC_001134.8	37.584	298	271	4	271	479436	480320	3.16e-52	181
CDF89660.1	NC_001134.8	58.750	160	156	2	156	480917	480438	1.23e-61	203
CDF89661.1	NC_001134.8	81.543	661	663	1	661	483367	481385	0.0	1113
CDF89661.1	NC_001148.4	54.829	642	663	17	655	703946	702126	0.0	741
CDF89662.1	NC_001148.4	85.915	142	142	1	142	704656	704231	7.64e-82	260
CDF89663.1	NC_001134.8	59.890	182	177	1	177	484503	483973	1.42e-67	221
CDF89664.1	NC_001134.8	58.182	660	641	1	641	486691	484745	0.0	776
CDF89665.1	NC_001134.8	65.640	422	410	1	409	488380	487205	0.0	560
CDF89665.1	NC_001134.8	29.557	406	410	1	402	113762	114691	3.81e-46	169
CDF89665.1	NC_001137.3	29.167	408	410	1	405	337340	336405	2.01e-43	161
CDF89665.1	NC_001136.10	25.541	231	410	171	385	440173	440751	3.31e-13	70.5
CDF89666.1	NC_001134.8	84.421	475	485	3	476	490377	488953	0.0	853
CDF89666.1	NC_001145.3	35.745	470	485	20	479	71647	73023	3.95e-90	300
CDF89666.1	NC_001145.3	32.462	459	485	22	468	792436	791105	3.69e-79	268
CDF89666.1	NC_001136.10	33.000	400	485	97	477	594328	595512	6.08e-67	232
CDF89667.1	NC_001148.4	34.483	377	422	52	364	705127	706242	2.20e-48	176
CDF89668.1	NC_001134.8	91.699	518	517	1	517	492822	491272	0.0	962
CDF89668.1	NC_001134.8	27.667	300	517	93	386	37425	38297	2.58e-25	109
CDF89668.1	NC_001142.9	26.379	417	517	39	446	647772	648953	2.28e-30	125
CDF89668.1	NC_001136.10	27.165	254	517	235	468	129085	129801	8.69e-19	89.0
CDF89669.1	NC_001134.8	34.341	364	362	1	361	494115	493087	8.41e-54	189
CDF89670.1	NC_001148.4	54.751	442	446	3	443	706990	708207	3.02e-144	454
CDF89671.1	NC_001148.4	34.004	447	413	4	410	709789	708500	1.07e-68	234
CDF89672.1	NC_001134.8	32.645	242	231	7	230	495315	494689	1.88e-28	111
CDF89673.1	NC_001134.8	34.360	422	455	39	429	496842	495640	2.71e-39	150
CDF89674.1	NC_001148.4	82.255	541	529	1	528	713028	711406	0.0	854
CDF89674.1	NC_001136.10	29.911	224	529	109	301	1043817	1043152	9.65e-22	98.6
CDF89675.1	NC_001134.8	38.610	518	548	4	446	497175	498725	5.09e-105	345
CDF89675.1	NC_001134.8	36.111	108	548	456	547	498945	499268	6.31e-15	77.0
CDF89676.1	NC_001134.8	72.140	542	578	20	560	501298	499673	0.0	829
CDF89676.1	NC_001134.8	24.954	549	578	19	553	375531	373918	3.44e-53	195
CDF89676.1	NC_001134.8	24.329	559	578	14	560	378286	376655	2.68e-42	162
CDF89676.1	NC_001147.6	31.380	529	578	35	556	988509	986956	5.81e-87	294
CDF89676.1	NC_001147.6	28.625	538	578	52	558	286394	287908	2.65e-52	192
CDF89676.1	NC_001146.8	30.680	515	578	34	540	138808	140319	2.79e-75	260
CDF89676.1	NC_001146.8	28.909	550	578	1	542	137598	136000	2.99e-70	245
CDF89676.1	NC_001148.4	30.114	528	578	33	556	41238	42785	5.99e-73	253
CDF89676.1	NC_001148.4	25.577	520	578	26	541	23088	24587	1.45e-42	163
CDF89676.1	NC_001137.3	28.223	574	578	7	560	33397	31712	1.33e-71	249
CDF89677.1	NC_001148.4	48.526	882	800	15	800	713335	715938	0.0	803
CDF89678.1	NC_001134.8	52.392	899	866	1	866	504287	501807	0.0	883
CDF89679.1	NC_001134.8	94.595	111	141	1	111	504854	505186	4.10e-71	229
CDF89680.1	NC_001134.8	63.173	2376	2287	1	2287	505668	512771	0.0	3025
CDF89680.1	NC_001134.8	30.607	379	2287	1949	2287	52125	51022	1.52e-45	181
CDF89680.1	NC_001143.9	30.361	471	2287	1876	2287	57287	55938	6.55e-44	176
CDF89680.1	NC_001142.9	31.579	418	2287	1928	2287	565599	566825	1.59e-43	174
CDF89681.1	NC_001148.4	52.930	512	814	1	468	718468	716942	9.98e-173	552
CDF89682.1	NC_001139.9	37.267	161	252	117	252	641371	641829	1.07e-19	86.7
CDF89683.1	NC_001139.9	43.452	336	327	1	323	642010	642987	9.57e-67	226
CDF89684.1	NC_001148.4	37.793	299	279	5	271	720415	719582	4.58e-46	164
CDF89685.1	NC_001148.4	71.154	104	108	1	103	720637	720948	6.13e-49	164
CDF89686.1	NC_001148.4	40.174	575	1126	371	887	723514	721796	4.58e-103	358
CDF89686.1	NC_001148.4	34.101	217	1126	882	1098	721624	721091	1.16e-33	140
CDF89687.1	NC_001148.4	49.261	1082	1014	5	1009	725418	728591	0.0	927
CDF89688.1	NC_001139.9	47.596	208	189	1	187	643780	643157	1.46e-39	141
CDF89689.1	NC_001148.4	54.404	193	161	1	161	729528	728950	2.03e-62	206
CDF89690.1	NC_001148.4	72.857	140	140	1	140	729791	730210	8.99e-70	226
CDF89691.1	NC_001139.9	63.607	621	593	28	593	646722	644863	0.0	731
CDF89692.1	NC_001139.9	47.138	297	327	3	295	648046	647168	4.92e-83	272
CDF89693.1	NC_001148.4	32.639	144	196	36	172	730597	731028	1.36e-17	79.0
CDF89694.1	NC_001148.4	87.931	174	174	1	174	731748	731227	2.13e-103	323
CDF89694.1	NC_001139.9	87.356	174	174	1	174	648907	648386	1.06e-102	322
CDF89695.1	NC_001148.4	87.805	287	287	1	287	732349	733209	2.06e-179	547
CDF89695.1	NC_001147.6	30.726	179	287	75	252	631667	631140	4.94e-19	85.9
CDF89695.1	NC_001142.9	28.022	182	287	78	259	435342	435881	8.21e-16	76.3
CDF89696.1	NC_001148.4	50.115	866	952	37	867	736343	734034	0.0	702
CDF89696.1	NC_001141.2	36.975	119	952	320	426	102070	101714	1.75e-15	80.5
CDF89696.1	NC_001141.2	42.683	82	952	529	605	101329	101090	2.06e-11	67.0
CDF89696.1	NC_001146.8	38.525	122	952	320	426	498103	497738	2.70e-15	79.7
CDF89696.1	NC_001146.8	44.048	84	952	528	606	497275	497030	1.82e-14	77.0
CDF89696.1	NC_001135.5	37.795	127	952	490	600	229478	229852	1.10e-11	67.8
CDF89697.1	NC_001139.9	94.585	277	366	1	277	650617	649787	3.15e-175	539
CDF89697.1	NC_001148.4	79.710	276	366	1	276	551657	550830	1.33e-140	440
CDF89698.1	NC_001148.4	78.846	208	210	1	208	742064	741441	2.17e-112	351
CDF89699.1	NC_001148.4	72.813	423	409	3	408	742472	743740	0.0	610
CDF89700.1	NC_001135.5	73.699	346	351	7	350	190595	191632	7.59e-170	523
CDF89700.1	NC_001142.9	60.839	286	351	21	304	68749	67892	1.39e-117	373
CDF89700.1	NC_001144.5	51.333	300	351	8	302	867384	868274	1.92e-89	292
CDF89701.1	NC_001135.5	57.722	395	383	1	382	193018	191846	1.82e-148	463
CDF89702.1	NC_001135.5	53.916	332	333	1	332	193297	194283	6.24e-117	370
CDF89703.1	NC_001142.9	50.213	1171	1180	32	1155	64099	67503	0.0	1120
CDF89703.1	NC_001136.10	36.364	198	1180	288	485	586039	585461	1.96e-32	136
CDF89703.1	NC_001136.10	34.682	173	1180	859	1013	585460	584954	3.65e-22	102
CDF89703.1	NC_001137.3	39.086	197	1180	289	485	458888	458304	6.17e-32	134
CDF89703.1	NC_001137.3	37.107	159	1180	870	1013	458279	457815	5.72e-20	95.5
CDF89703.1	NC_001145.3	36.538	156	1180	868	1014	717660	718118	1.25e-20	97.8
CDF89703.1	NC_001145.3	26.238	202	1180	287	484	717117	717644	1.25e-12	71.2
CDF89703.1	NC_001141.2	29.808	208	1180	285	485	49903	50484	1.35e-12	71.2
CDF89704.1	NC_001135.5	59.791	955	928	1	926	197185	194426	0.0	1080
CDF89704.1	NC_001142.9	59.018	937	928	1	926	60844	63468	0.0	1015
CDF89704.1	NC_001146.8	40.269	668	928	316	922	651025	649043	2.75e-145	476
CDF89705.1	NC_001142.9	82.636	789	789	1	788	58813	56447	0.0	1377
CDF89705.1	NC_001144.5	55.200	750	789	34	781	737428	735233	0.0	829
CDF89705.1	NC_001136.10	25.183	683	789	55	708	931195	932973	1.13e-34	142
CDF89705.1	NC_001139.9	26.462	359	789	150	480	478358	477306	5.71e-26	114
CDF89706.1	NC_001135.5	33.448	290	1413	1126	1413	198325	197630	3.58e-31	132
CDF89706.1	NC_001144.5	30.137	219	1413	1123	1341	753099	752506	3.31e-21	100
CDF89706.1	NC_001144.5	29.843	191	1413	1124	1313	115073	115603	2.35e-19	94.0
CDF89707.1	NC_001142.9	51.378	617	601	1	597	54379	56172	0.0	568
CDF89708.1	NC_001142.9	32.394	284	343	14	269	53350	54162	2.26e-33	129
CDF89709.1	NC_001142.9	53.901	846	778	1	778	53151	50632	0.0	865
CDF89711.1	NC_001142.9	50.107	467	558	65	514	49428	48028	5.24e-153	484
CDF89711.1	NC_001141.2	43.151	438	558	75	504	103499	104791	1.40e-108	356
CDF89712.1	NC_001142.9	49.425	2001	2009	6	1985	47418	41455	0.0	1882
CDF89713.1	NC_001142.9	66.566	332	330	1	322	41183	40203	3.98e-147	457
CDF89714.1	NC_001142.9	39.445	649	624	6	624	38038	39966	1.37e-136	439
CDF89715.1	NC_001142.9	43.173	271	261	1	261	36919	37731	2.76e-67	224
CDF89717.1	NC_001144.5	63.345	281	289	7	286	827837	826995	5.69e-124	388
CDF89717.1	NC_001143.9	32.168	286	289	16	281	217425	218276	7.06e-33	126
CDF89717.1	NC_001143.9	28.571	175	289	5	170	217719	218225	5.75e-14	70.9
CDF89717.1	NC_001142.9	31.746	189	289	15	189	610127	610684	5.15e-23	97.8
CDF89717.1	NC_001142.9	26.059	307	289	1	282	609773	610681	2.26e-22	95.9
CDF89717.1	NC_001145.3	30.472	233	289	10	228	594320	593622	7.02e-20	88.6
CDF89717.1	NC_001148.4	27.076	277	289	9	267	601764	600964	3.17e-19	86.7
CDF89717.1	NC_001148.4	25.993	277	289	14	277	673844	674650	4.83e-14	71.2
CDF89717.1	NC_001148.4	22.000	300	289	4	277	583988	583092	3.48e-12	65.5
CDF89719.1	NC_001144.5	30.518	521	616	19	527	85047	86552	9.54e-59	212
CDF89719.1	NC_001148.4	27.887	459	616	71	526	839300	837939	6.71e-54	198
CDF89719.1	NC_001147.6	29.193	483	616	75	525	836203	834782	1.19e-53	197
CDF89719.1	NC_001139.9	27.887	459	616	71	526	765156	763795	6.52e-53	195
CDF89719.1	NC_001140.6	26.854	499	616	52	533	204700	206178	1.43e-50	188
CDF89720.1	NC_001134.8	55.676	555	545	1	544	254206	252572	0.0	641
CDF89720.1	NC_001134.8	22.018	436	545	16	388	589750	590994	2.08e-15	78.6
CDF89720.1	NC_001134.8	25.000	264	545	31	282	323855	323088	1.28e-14	75.9
CDF89720.1	NC_001140.6	28.466	541	545	13	544	204604	206139	9.10e-63	222
CDF89720.1	NC_001148.4	29.264	516	545	34	542	839426	837942	7.19e-53	193
CDF89720.1	NC_001144.5	26.642	533	545	21	544	84993	86552	1.58e-52	192
CDF89720.1	NC_001139.9	28.807	486	545	61	542	765198	763798	1.71e-50	186
CDF89721.1	NC_001137.3	49.164	299	291	1	291	540363	539467	1.05e-90	293
CDF89721.1	NC_001140.6	30.201	298	291	2	290	519446	520303	1.82e-39	145
CDF89722.1	NC_001134.8	56.044	546	549	4	548	254203	252566	0.0	638
CDF89722.1	NC_001134.8	24.916	297	549	118	381	590113	590967	4.42e-17	84.0
CDF89722.1	NC_001134.8	25.668	187	549	98	284	323639	323088	3.37e-13	71.6
CDF89722.1	NC_001140.6	28.386	539	549	15	545	204604	206136	1.15e-62	222
CDF89722.1	NC_001144.5	29.598	473	549	78	545	85164	86549	1.20e-59	213
CDF89722.1	NC_001147.6	29.880	502	549	79	545	836230	834779	2.61e-58	209
CDF89722.1	NC_001148.4	30.620	516	549	34	544	839405	837942	8.33e-56	202
CDF89726.1	NC_001139.9	75.620	484	486	1	484	23935	25386	0.0	764
CDF89726.1	NC_001138.5	76.240	484	486	1	484	255049	253601	0.0	762
CDF89726.1	NC_001135.5	40.084	479	486	34	468	50910	52328	1.43e-83	281
CDF89726.1	NC_001136.10	38.669	481	486	36	473	1476398	1474971	9.43e-82	275
CDF89727.1	NC_001138.5	58.759	274	265	1	265	252505	253326	3.92e-96	307
CDF89728.1	NC_001139.9	71.380	587	588	1	586	27484	25724	0.0	889
CDF89730.1	NC_001139.9	47.059	255	285	5	251	31946	32629	8.79e-60	204
CDF89731.1	NC_001138.5	55.738	549	540	1	539	251803	250169	0.0	579
CDF89732.1	NC_001138.5	67.669	266	261	1	261	249866	249069	1.16e-124	389
CDF89733.1	NC_001139.9	41.081	370	354	1	354	35653	36759	3.42e-85	280
CDF89734.1	NC_001138.5	46.341	123	120	1	120	248523	248891	2.43e-32	117
CDF89735.1	NC_001136.10	44.056	286	308	13	292	240289	241128	8.30e-70	233
CDF89735.1	NC_001136.10	33.981	309	308	8	291	1213934	1214782	6.57e-37	139
CDF89735.1	NC_001147.6	30.814	344	308	1	303	551114	552046	3.61e-32	125
CDF89735.1	NC_001134.8	31.269	323	308	13	304	540068	540964	9.32e-29	115
CDF89735.1	NC_001140.6	29.936	314	308	4	277	323403	324278	3.86e-27	110
CDF89735.1	NC_001142.9	25.597	293	308	5	287	611195	611992	5.81e-23	98.2
CDF89737.1	NC_001139.9	76.836	708	705	1	705	39023	41146	0.0	1148
CDF89737.1	NC_001147.6	36.461	373	705	198	561	650050	651162	6.19e-70	248
CDF89738.1	NC_001138.5	86.364	242	588	347	588	247406	248131	1.11e-139	447
CDF89738.1	NC_001138.5	54.620	368	588	1	348	246146	247207	8.53e-100	332
CDF89738.1	NC_001136.10	39.655	232	588	347	577	448578	449252	1.15e-46	176
CDF89738.1	NC_001136.10	23.735	257	588	346	579	1024317	1023562	1.37e-15	79.3
CDF89739.1	NC_001139.9	64.737	570	562	1	562	41498	43171	0.0	677
CDF89740.1	NC_001139.9	50.262	382	377	6	376	43373	44503	1.14e-117	374
CDF89741.1	NC_001139.9	72.189	169	185	1	166	45197	44691	9.37e-75	242
CDF89742.1	NC_001139.9	46.176	1020	1016	3	1016	45448	48456	0.0	823
CDF89743.1	NC_001139.9	58.400	250	251	4	251	48613	49362	1.39e-94	302
CDF89744.1	NC_001139.9	73.041	957	959	1	956	49552	52422	0.0	1472
CDF89744.1	NC_001136.10	24.582	419	959	17	399	1263378	1264538	1.82e-11	67.0
CDF89745.1	NC_001139.9	85.897	78	279	162	239	53060	52827	3.17e-39	144
CDF89746.1	NC_001138.5	27.822	381	341	1	340	244159	243077	9.63e-24	101
CDF89747.1	NC_001139.9	63.553	653	685	20	664	55748	53811	0.0	848
CDF89748.1	NC_001139.9	67.494	806	794	3	794	56485	58887	0.0	1100
CDF89749.1	NC_001138.5	44.099	322	340	12	330	242088	242978	4.18e-75	250
CDF89749.1	NC_001134.8	31.677	322	340	18	324	784524	783697	3.23e-34	132
CDF89749.1	NC_001142.9	21.006	338	340	17	333	609812	610693	4.96e-15	75.1
CDF89749.1	NC_001148.4	36.585	82	340	247	328	601764	601519	4.23e-12	66.2
CDF89750.1	NC_001138.5	73.499	483	508	26	508	241443	239995	0.0	771
CDF89750.1	NC_001134.8	29.293	396	508	109	496	766133	764991	5.17e-48	177
CDF89751.1	NC_001139.9	57.174	913	888	1	887	59122	61848	0.0	1024
CDF89752.1	NC_001139.9	60.902	266	283	19	279	62190	62972	8.91e-106	336
CDF89753.1	NC_001139.9	55.135	185	185	4	184	63608	63054	1.01e-63	210
CDF89755.1	NC_001138.5	32.189	233	241	12	235	239812	239123	1.32e-29	115
CDF89756.1	NC_001138.5	60.106	188	201	12	199	238482	239045	5.66e-69	226
CDF89757.1	NC_001138.5	51.351	296	298	5	296	238234	237371	3.19e-98	315
CDF89758.1	NC_001138.5	57.668	626	984	1	590	234242	236098	0.0	665
CDF89758.1	NC_001138.5	63.636	308	984	687	964	236171	237094	8.77e-118	398
CDF89758.1	NC_001142.9	37.559	639	984	252	880	242703	244406	8.00e-107	365
CDF89758.1	NC_001139.9	44.346	451	984	142	576	66776	65481	2.09e-103	355
CDF89758.1	NC_001139.9	52.692	260	984	695	942	65306	64527	1.50e-75	271
CDF89758.1	NC_001143.9	45.714	315	984	252	560	494899	495801	1.22e-69	253
CDF89758.1	NC_001143.9	39.429	175	984	709	880	496093	496554	1.07e-28	123
CDF89759.1	NC_001139.9	39.355	310	712	342	633	68237	69166	5.72e-62	224
CDF89759.1	NC_001138.5	28.519	270	712	379	647	232833	232024	8.03e-30	125
CDF89760.1	NC_001137.3	89.978	449	449	1	449	237119	235773	0.0	843
CDF89761.1	NC_001139.9	48.550	655	870	260	870	70595	72544	0.0	580
CDF89762.1	NC_001139.9	36.719	128	128	1	123	73340	73705	1.11e-19	82.0
CDF89762.1	NC_001141.2	36.000	100	128	13	112	155355	155642	2.30e-14	67.0
CDF89763.1	NC_001137.3	71.739	184	184	1	184	234937	235488	5.31e-95	300
CDF89764.1	NC_001137.3	42.901	648	580	1	572	232461	234395	3.15e-153	486
CDF89765.1	NC_001137.3	43.844	333	785	43	338	229957	230877	1.29e-55	207
CDF89765.1	NC_001138.5	68.000	50	785	281	330	96887	97036	3.81e-17	85.5
CDF89765.1	NC_001142.9	70.588	51	785	283	333	211187	211035	4.09e-17	85.1
CDF89765.1	NC_001143.9	71.739	46	785	283	328	506988	507125	2.68e-15	79.3
CDF89766.1	NC_001139.9	75.645	349	347	1	347	76894	77901	1.96e-163	504
CDF89766.1	NC_001137.3	68.323	322	347	15	336	229448	228510	7.13e-141	439
CDF89767.1	NC_001137.3	34.121	381	386	42	385	227997	226864	1.20e-57	202
CDF89768.1	NC_001139.9	59.851	269	278	11	277	78821	78018	1.25e-108	343
CDF89768.1	NC_001137.3	50.000	254	278	1	248	225889	226650	1.33e-72	240
CDF89769.1	NC_001139.9	24.362	431	400	7	398	80368	79121	6.42e-33	130
CDF89770.1	NC_001137.3	89.344	610	610	1	610	225199	223370	0.0	1117
CDF89770.1	NC_001138.5	37.523	549	610	79	602	163073	164698	2.18e-113	372
CDF89770.1	NC_001148.4	28.111	434	610	85	500	123489	124490	4.43e-44	168
CDF89770.1	NC_001148.4	41.333	75	610	513	587	124854	125078	4.65e-11	64.7
CDF89770.1	NC_001148.4	29.444	180	610	423	600	123561	124085	5.02e-11	64.7
CDF89770.1	NC_001144.5	27.465	426	610	88	500	638088	639068	9.17e-40	155
CDF89770.1	NC_001144.5	27.869	183	610	423	604	638151	638675	8.88e-14	73.6
CDF89770.1	NC_001146.8	26.818	440	610	74	500	607585	608607	7.95e-36	143
CDF89770.1	NC_001146.8	30.601	183	610	423	604	607690	608214	7.30e-16	80.5
CDF89772.1	NC_001137.3	38.384	198	186	1	186	221846	222400	5.62e-25	99.8
CDF89773.1	NC_001139.9	58.163	294	290	1	289	82292	81432	4.77e-110	348
CDF89774.1	NC_001139.9	50.972	463	560	1	453	84257	83013	2.86e-127	410
CDF89775.1	NC_001139.9	56.538	803	787	4	775	84897	87266	0.0	855
CDF89775.1	NC_001148.4	35.417	384	787	132	456	258850	257720	9.76e-54	201
CDF89775.1	NC_001148.4	40.264	303	787	132	415	816618	815764	2.40e-52	197
CDF89775.1	NC_001134.8	33.426	359	787	132	458	102189	103238	3.01e-45	175
CDF89775.1	NC_001143.9	32.476	311	787	132	430	286825	287730	1.81e-34	141
CDF89775.1	NC_001137.3	39.227	181	787	243	421	38607	38098	1.58e-28	122
CDF89775.1	NC_001137.3	31.776	107	787	131	229	39276	38962	4.80e-12	68.6
CDF89776.1	NC_001139.9	38.889	342	468	114	415	88221	89159	5.05e-65	226
CDF89777.1	NC_001139.9	52.927	427	422	1	421	91247	90060	2.05e-147	462
CDF89778.1	NC_001139.9	30.904	343	348	10	347	91474	92373	9.56e-42	154
CDF89779.1	NC_001139.9	78.167	371	370	1	370	92512	93588	0.0	595
CDF89780.1	NC_001137.3	32.242	397	916	1	323	221287	220184	1.87e-29	125
CDF89781.1	NC_001137.3	39.692	519	1162	27	500	215210	216583	2.35e-73	268
CDF89781.1	NC_001137.3	42.000	100	1162	1026	1122	217292	217591	1.58e-11	67.8
CDF89782.1	NC_001139.9	87.387	222	219	1	219	93792	94457	1.66e-128	398
CDF89782.1	NC_001139.9	34.463	177	219	4	174	795507	794998	4.81e-18	80.9
CDF89782.1	NC_001137.3	83.408	223	219	1	219	214747	214079	3.63e-124	385
CDF89782.1	NC_001138.5	48.370	184	219	1	184	55986	55450	7.22e-50	172
CDF89782.1	NC_001138.5	43.503	177	219	7	183	130373	130900	2.93e-46	162
CDF89782.1	NC_001147.6	42.675	157	219	14	167	490807	490337	4.60e-39	141
CDF89782.1	NC_001147.6	31.210	157	219	14	170	682067	681606	1.81e-20	88.2
CDF89782.1	NC_001147.6	33.951	162	219	14	174	515274	515756	8.38e-14	68.6
CDF89782.1	NC_001143.9	35.685	241	219	14	219	466062	465373	2.66e-37	136
CDF89782.1	NC_001143.9	30.857	175	219	11	179	548423	548935	5.30e-15	72.0
CDF89783.1	NC_001137.3	45.714	140	130	3	121	213446	213835	4.09e-11	57.8
CDF89784.1	NC_001137.3	48.454	194	149	1	145	213177	212596	5.53e-44	152
CDF89785.1	NC_001134.8	30.488	164	225	17	180	513110	513565	4.27e-15	72.4
CDF89786.1	NC_001147.6	98.113	212	215	4	215	682082	681447	1.74e-142	437
CDF89786.1	NC_001147.6	33.533	167	215	6	166	490816	490316	3.27e-24	98.6
CDF89786.1	NC_001147.6	30.000	110	215	59	164	515421	515750	2.97e-11	60.8
CDF89786.1	NC_001144.5	97.642	212	215	4	215	721409	720774	1.37e-141	435
CDF89786.1	NC_001144.5	29.825	171	215	2	166	668882	668373	7.24e-22	92.0
CDF89786.1	NC_001144.5	26.471	136	215	8	142	604781	604377	2.60e-12	63.9
CDF89786.1	NC_001146.8	34.483	174	215	4	166	449883	450404	2.45e-24	99.0
CDF89786.1	NC_001146.8	30.000	110	215	59	164	440393	440064	2.06e-12	64.3
CDF89786.1	NC_001146.8	32.800	125	215	10	126	456589	456939	6.24e-12	62.8
CDF89786.1	NC_001137.3	31.818	154	215	9	159	214708	214247	2.60e-22	93.2
CDF89786.1	NC_001138.5	31.056	161	215	9	166	55962	55480	5.08e-22	92.4
CDF89786.1	NC_001138.5	30.380	158	215	9	164	130394	130867	8.67e-20	85.9
CDF89787.1	NC_001144.5	58.854	192	191	1	190	720370	719795	8.32e-70	228
CDF89788.1	NC_001144.5	77.568	370	384	14	383	719426	718332	0.0	590
CDF89788.1	NC_001143.9	29.231	195	384	178	367	489322	488771	1.22e-11	65.1
CDF89789.1	NC_001144.5	59.011	283	278	1	278	717978	717148	7.09e-101	322
CDF89790.1	NC_001144.5	74.846	648	643	1	643	715089	717023	0.0	1011
CDF89790.1	NC_001144.5	29.963	267	643	4	243	273837	273055	5.95e-21	97.1
CDF89790.1	NC_001136.10	33.158	190	643	22	199	1243221	1243784	5.32e-25	110
CDF89790.1	NC_001147.6	32.979	188	643	24	199	575095	575652	2.05e-24	108
CDF89790.1	NC_001147.6	28.452	239	643	47	265	684177	684872	1.01e-11	67.0
CDF89790.1	NC_001146.8	40.397	151	643	35	175	330046	329597	5.16e-20	94.0
CDF89790.1	NC_001142.9	35.897	117	643	41	153	231409	231744	5.24e-17	84.3
CDF89791.1	NC_001144.5	58.439	474	429	1	429	714904	713483	1.62e-177	548
CDF89792.1	NC_001147.6	79.494	395	395	1	395	679357	680541	0.0	671
CDF89793.1	NC_001144.5	86.667	60	63	2	61	712725	712546	1.15e-23	90.1
CDF89793.1	NC_001147.6	86.667	60	63	2	61	678379	678200	1.15e-23	90.1
CDF89794.1	NC_001144.5	34.320	338	344	9	344	712007	711000	2.08e-58	202
CDF89795.1	NC_001147.6	52.615	325	634	1	302	675939	676883	2.39e-93	315
CDF89796.1	NC_001144.5	67.434	304	656	5	302	710124	709213	1.42e-137	444
CDF89796.1	NC_001144.5	53.846	78	656	579	655	708684	708451	2.72e-20	95.1
CDF89797.1	NC_001144.5	66.543	269	262	1	262	707360	708142	1.37e-113	357
CDF89798.1	NC_001144.5	47.985	273	272	5	272	707019	706201	3.76e-90	290
CDF89798.1	NC_001147.6	41.026	273	272	8	272	675155	674355	1.41e-70	234
CDF89799.1	NC_001144.5	56.944	216	316	61	275	705408	706040	2.06e-67	227
CDF89800.1	NC_001144.5	54.054	148	154	5	152	704939	704505	1.03e-42	149
CDF89801.1	NC_001147.6	52.364	275	271	1	271	675167	674355	1.45e-93	300
CDF89801.1	NC_001144.5	40.942	276	271	2	271	707019	706201	1.60e-71	237
CDF89802.1	NC_001144.5	53.521	923	1196	1	838	704024	701442	0.0	905
CDF89803.1	NC_001144.5	74.395	785	775	2	775	699495	697159	0.0	1212
CDF89803.1	NC_001147.6	35.176	199	775	579	775	672330	671848	1.19e-26	116
CDF89804.1	NC_001144.5	75.000	588	586	12	586	696800	695049	0.0	878
CDF89804.1	NC_001144.5	31.387	411	586	19	420	132422	133477	2.82e-45	171
CDF89804.1	NC_001140.6	32.353	408	586	15	420	228809	227763	2.52e-42	162
CDF89804.1	NC_001140.6	29.710	414	586	20	423	442190	443263	9.98e-38	149
CDF89804.1	NC_001148.4	28.710	411	586	18	419	325805	324723	9.67e-36	142
CDF89804.1	NC_001136.10	27.184	412	586	17	420	486867	487910	1.35e-33	136
CDF89804.1	NC_001136.10	24.876	402	586	19	420	171792	170770	5.01e-30	125
CDF89804.1	NC_001136.10	26.540	422	586	25	421	847610	846504	3.40e-29	122
CDF89804.1	NC_001136.10	27.511	458	586	19	449	949768	948620	1.36e-28	120
CDF89804.1	NC_001136.10	25.229	436	586	17	447	305417	306502	6.47e-25	109
CDF89804.1	NC_001136.10	31.081	222	586	19	239	394628	395245	2.14e-23	104
CDF89804.1	NC_001142.9	27.751	418	586	20	425	383963	385042	1.60e-33	135
CDF89804.1	NC_001142.9	26.841	421	586	2	420	154682	153600	4.90e-26	112
CDF89805.1	NC_001144.5	81.905	105	110	3	107	694477	694791	5.78e-50	167
CDF89806.1	NC_001144.5	79.130	805	799	1	799	691555	693879	0.0	1262
CDF89806.1	NC_001148.4	33.228	632	799	143	746	597623	599356	9.93e-96	327
CDF89806.1	NC_001134.8	35.702	591	799	168	714	176611	174983	2.64e-95	326
CDF89806.1	NC_001134.8	35.714	574	799	168	741	626450	628033	3.74e-87	301
CDF89806.1	NC_001137.3	40.185	433	799	169	599	87441	88643	1.37e-85	297
CDF89806.1	NC_001139.9	36.345	498	799	269	712	119857	118400	2.09e-82	288
CDF89808.1	NC_001144.5	65.651	1182	1167	1	1167	687202	683675	0.0	1536
CDF89809.1	NC_001147.6	77.401	354	395	39	392	662509	663570	0.0	597
CDF89810.1	NC_001147.6	59.164	622	615	2	613	661674	659818	0.0	782
CDF89811.1	NC_001147.6	62.264	212	291	2	213	658735	659370	3.21e-86	280
CDF89812.1	NC_001144.5	36.704	267	284	32	284	682797	683558	3.77e-45	161
CDF89813.1	NC_001144.5	71.347	349	364	1	349	681186	682232	5.66e-174	535
CDF89813.1	NC_001147.6	58.671	346	364	10	354	657285	658322	5.07e-143	446
CDF89815.1	NC_001144.5	68.958	480	833	2	479	418443	419882	0.0	713
CDF89816.1	NC_001144.5	30.171	759	754	11	742	677658	675634	9.67e-100	337
CDF89816.1	NC_001147.6	29.404	721	754	3	699	654252	656258	5.16e-91	311
CDF89816.1	NC_001147.6	28.711	714	754	10	698	641860	639857	1.12e-80	281
CDF89816.1	NC_001143.9	25.941	717	754	2	690	5605	3701	7.73e-51	192
CDF89817.1	NC_001140.6	78.679	530	530	1	530	121683	120094	0.0	875
CDF89817.1	NC_001145.3	26.761	213	530	289	494	301567	300986	1.22e-12	69.7
CDF89818.1	NC_001136.10	39.781	548	1395	347	854	1390129	1391673	1.97e-88	318
CDF89818.1	NC_001136.10	31.250	352	1395	972	1313	1392115	1393119	1.12e-38	157
CDF89819.1	NC_001136.10	43.693	547	507	1	504	1386816	1388363	1.92e-120	388
CDF89819.1	NC_001136.10	44.444	63	507	198	260	366948	366760	3.12e-12	68.2
CDF89819.1	NC_001140.6	36.939	490	507	53	504	118030	119427	3.65e-84	283
CDF89819.1	NC_001144.5	38.298	94	507	179	257	872417	872698	9.74e-14	72.8
CDF89820.1	NC_001145.3	49.765	426	399	9	394	204076	202811	1.75e-126	400
CDF89821.1	NC_001136.10	66.406	128	158	30	157	1386130	1386513	4.39e-57	190
CDF89822.1	NC_001145.3	29.947	374	349	7	348	205420	204392	1.43e-19	89.0
CDF89823.1	NC_001145.3	46.104	154	142	1	142	205639	206100	3.68e-43	149
CDF89824.1	NC_001136.10	77.812	320	319	1	316	1383844	1384803	4.53e-166	510
CDF89825.1	NC_001145.3	71.040	808	768	3	768	208857	206434	0.0	1157
CDF89825.1	NC_001134.8	31.323	597	768	252	756	771875	773623	4.14e-65	235
CDF89825.1	NC_001142.9	31.613	620	768	248	763	309827	307983	8.33e-63	228
CDF89826.1	NC_001145.3	42.127	489	793	333	793	210722	212146	4.24e-113	378
CDF89826.1	NC_001136.10	33.188	458	793	335	777	1381293	1380064	2.13e-63	231
CDF89827.1	NC_001136.10	57.763	3317	3279	1	3279	1369790	1379593	0.0	3775
CDF89827.1	NC_001137.3	44.094	381	3279	2900	3277	411488	412609	9.97e-88	322
CDF89827.1	NC_001142.9	35.079	382	3279	2924	3278	501825	500719	7.53e-44	176
CDF89827.1	NC_001139.9	34.167	360	3279	2926	3272	240024	241064	4.08e-41	167
CDF89827.1	NC_001143.9	28.010	407	3279	2919	3276	422578	421436	5.85e-24	110
CDF89828.1	NC_001145.3	55.745	470	423	1	422	213912	212518	1.23e-152	477
CDF89829.1	NC_001145.3	43.032	653	609	11	606	214222	216126	4.45e-152	484
CDF89830.1	NC_001136.10	73.802	626	628	1	622	1367488	1369341	0.0	894
CDF89831.1	NC_001136.10	77.717	184	184	1	183	1366827	1366276	6.03e-93	294
CDF89832.1	NC_001145.3	66.026	156	160	1	156	216435	216902	4.31e-57	190
CDF89833.1	NC_001145.3	83.163	196	196	1	196	220138	220725	5.55e-113	352
CDF89833.1	NC_001136.10	81.026	195	196	1	195	1365662	1365078	9.28e-111	346
CDF89833.1	NC_001134.8	29.101	189	196	4	182	101009	100458	1.56e-17	78.6
CDF89834.1	NC_001136.10	52.187	686	657	1	657	1362881	1364899	0.0	663
CDF89835.1	NC_001145.3	46.277	376	380	18	378	221454	222554	4.93e-79	263
CDF89835.1	NC_001136.10	49.180	244	380	8	235	1362163	1361477	2.48e-46	169
CDF89836.1	NC_001145.3	90.909	132	146	15	146	223385	222990	3.19e-79	253
CDF89836.1	NC_001136.10	92.308	130	146	17	146	1360406	1360795	5.44e-79	252
CDF89837.1	NC_001145.3	67.755	245	259	19	257	225173	224439	4.84e-112	352
CDF89838.1	NC_001136.10	67.426	439	435	3	435	1358899	1357583	0.0	623
CDF89839.1	NC_001136.10	77.701	435	435	1	435	1356065	1357366	0.0	723
CDF89840.1	NC_001145.3	91.852	135	136	2	136	226290	226694	2.23e-80	256
CDF89840.1	NC_001136.10	92.537	134	136	2	135	1355236	1354835	7.47e-80	254
CDF89841.1	NC_001136.10	34.559	136	269	140	269	1354223	1354630	1.59e-18	84.0
CDF89842.1	NC_001136.10	41.873	566	576	16	569	147514	145832	1.45e-135	434
CDF89842.1	NC_001136.10	27.578	446	576	135	556	139828	141105	1.85e-34	138
CDF89842.1	NC_001137.3	26.386	451	576	142	565	16580	17881	1.84e-28	120
CDF89843.1	NC_001136.10	53.666	641	689	50	679	1350344	1352221	0.0	699
CDF89843.1	NC_001136.10	31.811	679	689	23	678	267252	265468	6.41e-78	271
CDF89843.1	NC_001139.9	31.818	660	689	52	678	234483	232774	6.90e-83	286
CDF89844.1	NC_001145.3	70.919	533	558	23	551	288121	289707	0.0	739
CDF89844.1	NC_001145.3	22.708	480	558	121	532	25467	24112	4.96e-13	70.9
CDF89844.1	NC_001138.5	74.127	487	558	59	545	112480	113937	0.0	704
CDF89844.1	NC_001144.5	61.007	536	558	28	553	290305	291894	0.0	680
CDF89844.1	NC_001136.10	62.313	536	558	23	553	1161254	1159656	0.0	676
CDF89844.1	NC_001136.10	62.313	536	558	23	553	1155862	1154264	0.0	676
CDF89844.1	NC_001136.10	59.964	552	558	2	553	1164651	1163005	0.0	650
CDF89844.1	NC_001136.10	53.953	506	558	44	549	13237	11720	0.0	600
CDF89844.1	NC_001136.10	32.540	504	558	67	551	213660	215117	4.69e-73	253
CDF89844.1	NC_001136.10	30.572	507	558	63	553	111871	113331	3.63e-71	247
CDF89844.1	NC_001136.10	28.487	509	558	49	537	1508068	1509513	6.52e-53	193
CDF89844.1	NC_001136.10	27.568	584	558	10	554	1445365	1443746	1.28e-43	166
CDF89844.1	NC_001136.10	25.092	546	558	50	529	1249752	1248190	1.32e-32	132
CDF89844.1	NC_001136.10	21.835	545	558	10	541	6138	7709	2.68e-18	87.8
CDF89844.1	NC_001140.6	62.936	545	558	10	551	296348	294726	0.0	662
CDF89844.1	NC_001140.6	65.051	495	558	59	553	292442	290961	0.0	645
CDF89844.1	NC_001140.6	61.308	535	558	23	553	288730	287129	0.0	641
CDF89845.1	NC_001141.2	75.000	160	161	1	160	423128	423607	1.94e-80	257
CDF89845.1	NC_001134.8	71.069	159	161	2	160	707534	708010	1.92e-75	243
CDF89845.1	NC_001143.9	56.250	160	161	1	160	389883	389404	9.36e-57	189
CDF89846.1	NC_001136.10	50.777	1416	1361	1	1359	1349938	1345742	0.0	1355
CDF89847.1	NC_001145.3	46.520	546	534	5	531	228646	227030	9.34e-140	445
CDF89848.1	NC_001145.3	82.258	186	187	1	186	228937	229494	2.77e-91	290
CDF89848.1	NC_001136.10	59.116	181	187	1	180	1345062	1344520	2.39e-62	206
CDF89849.1	NC_001136.10	48.443	578	570	9	570	1342556	1344238	1.47e-170	535
CDF89850.1	NC_001145.3	63.099	355	339	10	338	230798	229749	7.68e-138	431
CDF89851.1	NC_001145.3	52.913	635	659	85	659	231263	233140	0.0	623
CDF89852.1	NC_001136.10	34.500	200	237	1	167	1339676	1340248	8.13e-19	84.0
CDF89854.1	NC_001136.10	46.667	135	138	5	138	1337355	1337753	2.38e-38	135
CDF89855.1	NC_001145.3	61.494	696	711	28	707	241467	239506	0.0	735
CDF89855.1	NC_001145.3	35.235	298	711	415	675	160507	161400	2.53e-55	204
CDF89855.1	NC_001136.10	58.174	734	711	1	705	1334821	1336950	0.0	720
CDF89855.1	NC_001136.10	43.214	280	711	415	691	369825	370661	3.53e-68	243
CDF89855.1	NC_001136.10	40.134	299	711	386	683	124812	123922	7.49e-66	236
CDF89855.1	NC_001136.10	42.105	285	711	391	674	597159	597983	1.30e-65	235
CDF89855.1	NC_001136.10	40.625	288	711	386	672	220609	219752	1.56e-65	235
CDF89855.1	NC_001148.4	62.416	298	711	391	683	208868	209761	1.44e-125	411
CDF89855.1	NC_001137.3	68.033	244	711	448	691	433203	433934	2.80e-109	363
CDF89855.1	NC_001146.8	36.177	293	711	391	670	686010	686861	7.57e-58	212
CDF89856.1	NC_001136.10	57.229	332	331	1	325	1333969	1332986	8.78e-115	364
CDF89856.1	NC_001147.6	24.815	270	331	71	321	56686	57489	2.25e-15	75.9
CDF89857.1	NC_001145.3	52.304	369	351	1	351	243029	241992	4.23e-113	360
CDF89858.1	NC_001136.10	63.269	520	519	1	504	1331237	1332790	0.0	677
CDF89859.1	NC_001145.3	60.219	274	268	2	267	243240	244061	1.32e-108	343
CDF89860.1	NC_001145.3	38.206	602	615	1	589	244149	245861	8.27e-120	390
CDF89860.1	NC_001136.10	22.754	334	615	258	591	294180	293395	1.25e-11	66.6
CDF89861.1	NC_001136.10	86.335	161	409	120	280	1329137	1329619	1.00e-88	292
CDF89862.1	NC_001136.10	65.354	990	986	1	986	1328470	1325504	0.0	1365
CDF89862.1	NC_001147.6	26.087	230	986	37	259	135799	135146	3.96e-13	72.8
CDF89863.1	NC_001145.3	75.610	205	211	7	211	246134	246748	2.83e-106	333
CDF89864.1	NC_001145.3	55.294	170	176	6	175	247410	246901	2.45e-61	203
CDF89865.1	NC_001145.3	71.704	986	1006	81	1005	248028	250865	0.0	1332
CDF89866.1	NC_001145.3	80.000	70	70	1	70	251516	251307	8.35e-34	119
CDF89867.1	NC_001136.10	64.855	276	273	1	273	1325301	1324480	1.59e-120	377
CDF89868.1	NC_001136.10	42.000	250	240	3	237	1324209	1323460	3.30e-61	206
CDF89869.1	NC_001136.10	66.162	396	396	1	396	1322205	1323383	2.52e-175	541
CDF89870.1	NC_001136.10	37.758	678	640	6	636	1320121	1321929	3.11e-122	399
CDF89870.1	NC_001136.10	28.883	367	640	97	431	258075	257002	3.52e-33	135
CDF89871.1	NC_001136.10	73.684	76	91	16	91	1319617	1319390	2.20e-36	127
CDF89872.1	NC_001139.9	34.748	377	473	22	375	85245	86327	4.36e-50	182
CDF89872.1	NC_001134.8	33.732	418	473	5	385	102042	103235	5.07e-47	174
CDF89872.1	NC_001148.4	35.792	366	473	15	344	816774	815752	5.67e-39	150
CDF89872.1	NC_001148.4	31.719	413	473	51	395	258853	257663	6.64e-36	140
CDF89872.1	NC_001137.3	39.252	214	473	178	384	38589	37990	3.02e-29	120
CDF89872.1	NC_001137.3	34.146	123	473	49	163	39282	38950	9.07e-15	75.9
CDF89872.1	NC_001143.9	26.506	332	473	39	351	286774	287718	9.01e-24	103
CDF89873.1	NC_001135.5	28.244	524	585	52	574	298608	297118	1.33e-65	232
CDF89874.1	NC_001145.3	78.142	366	377	9	374	252981	251884	0.0	607
CDF89875.1	NC_001134.8	46.411	209	183	1	180	382030	382650	1.11e-50	173
CDF89877.1	NC_001145.3	40.874	389	547	1	355	253848	254900	4.77e-60	214
CDF89877.1	NC_001145.3	42.632	190	547	390	547	255231	255797	3.72e-34	137
CDF89877.1	NC_001136.10	54.348	92	547	32	123	1319191	1318916	9.24e-22	99.0
CDF89878.1	NC_001136.10	48.711	388	776	402	771	1316426	1315353	1.03e-103	350
CDF89878.1	NC_001136.10	29.514	288	776	43	267	1317686	1316895	1.17e-15	80.5
CDF89879.1	NC_001145.3	55.357	168	527	1	163	258416	257934	2.14e-53	194
CDF89879.1	NC_001145.3	47.619	168	527	249	413	257189	256713	6.92e-36	142
CDF89880.1	NC_001136.10	44.685	922	878	4	864	1312043	1314784	0.0	752
CDF89881.1	NC_001136.10	30.471	722	2457	1686	2362	1309792	1311651	1.72e-70	264
CDF89881.1	NC_001139.9	35.294	204	2457	1732	1934	519823	520296	2.27e-30	131
CDF89882.1	NC_001136.10	50.872	631	600	1	600	1303174	1305063	0.0	654
CDF89883.1	NC_001137.3	91.515	165	165	1	165	53218	52724	6.13e-99	310
CDF89883.1	NC_001136.10	91.515	165	165	1	165	1301616	1302110	6.13e-99	310
CDF89884.1	NC_001137.3	47.383	745	767	29	759	56048	53910	0.0	641
CDF89885.1	NC_001137.3	63.800	500	495	8	493	56595	58088	0.0	660
CDF89886.1	NC_001136.10	40.462	823	812	10	793	1298489	1300939	0.0	612
CDF89887.1	NC_001137.3	82.900	269	269	1	269	58378	59145	1.17e-141	438
CDF89888.1	NC_001136.10	58.065	372	369	1	363	1298161	1297049	3.14e-148	462
CDF89889.1	NC_001137.3	76.045	359	378	20	377	60752	59676	0.0	580
CDF89889.1	NC_001141.2	30.804	224	378	136	345	317249	317845	1.34e-14	74.3
CDF89889.1	NC_001138.5	30.357	224	378	136	345	221190	220594	1.78e-14	73.9
CDF89890.1	NC_001136.10	38.571	350	349	15	345	1296674	1295625	4.17e-79	262
CDF89891.1	NC_001136.10	52.653	245	227	4	227	1294705	1295397	1.74e-65	218
CDF89892.1	NC_001136.10	40.994	322	310	2	309	1294358	1293399	8.24e-78	256
CDF89893.1	NC_001145.3	61.035	657	658	10	658	192833	194797	0.0	845
CDF89893.1	NC_001133.9	25.120	625	658	55	612	190190	192034	7.49e-44	169
CDF89894.1	NC_001145.3	51.943	283	251	1	251	195755	194916	4.50e-85	275
CDF89895.1	NC_001136.10	52.863	227	234	7	233	1293055	1292375	1.63e-72	238
CDF89896.1	NC_001136.10	48.800	500	835	14	495	1289472	1290902	3.93e-146	476
CDF89896.1	NC_001147.6	44.567	543	835	1	533	630483	628951	4.98e-138	452
CDF89897.1	NC_001136.10	70.000	210	212	1	209	1288859	1288230	2.30e-95	302
CDF89898.1	NC_001147.6	85.824	261	261	1	261	631751	630969	2.22e-158	485
CDF89898.1	NC_001142.9	28.977	176	261	33	207	435345	435869	8.55e-20	87.4
CDF89898.1	NC_001148.4	29.609	179	261	29	204	732571	733104	1.43e-17	80.9
CDF89899.1	NC_001136.10	48.739	1309	1260	1	1260	1287938	1284072	0.0	1244
CDF89900.1	NC_001147.6	45.638	298	304	1	288	632164	633057	5.16e-84	274
CDF89901.1	NC_001147.6	71.591	88	93	5	92	633548	633285	3.46e-38	133
CDF89902.1	NC_001147.6	61.768	973	966	1	965	633839	636751	0.0	1263
CDF89903.1	NC_001147.6	53.968	504	530	31	530	638447	636942	0.0	582
CDF89904.1	NC_001147.6	68.456	447	443	1	441	627980	626640	0.0	627
CDF89905.1	NC_001136.10	65.290	1501	1485	6	1484	1279309	1283796	0.0	2112
CDF89905.1	NC_001136.10	39.075	1492	1485	8	1471	466012	470352	0.0	1061
CDF89905.1	NC_001136.10	21.922	666	1485	852	1476	466426	468312	1.01e-25	115
CDF89905.1	NC_001147.6	65.970	1484	1485	6	1481	619933	624372	0.0	2098
CDF89905.1	NC_001147.6	62.435	1536	1485	2	1472	931875	936470	0.0	2002
CDF89905.1	NC_001147.6	31.418	1375	1485	151	1480	349847	353812	0.0	657
CDF89905.1	NC_001147.6	30.973	339	1485	853	1182	191430	190477	3.07e-34	143
CDF89905.1	NC_001147.6	25.135	557	1485	153	682	193380	191827	3.10e-33	139
CDF89905.1	NC_001147.6	24.910	558	1485	839	1354	193461	191881	1.08e-32	137
CDF89905.1	NC_001147.6	21.716	571	1485	141	684	191421	189859	3.64e-19	93.6
CDF89905.1	NC_001146.8	39.674	1409	1485	95	1480	765366	769472	0.0	1026
CDF89905.1	NC_001148.4	38.147	1392	1485	90	1471	450056	445974	0.0	957
CDF89905.1	NC_001141.2	32.637	1388	1485	151	1473	332274	328300	0.0	646
CDF89906.1	NC_001147.6	70.727	1486	1498	14	1493	619918	624369	0.0	2201
CDF89906.1	NC_001147.6	63.134	1538	1498	10	1485	931857	936470	0.0	2017
CDF89906.1	NC_001147.6	30.780	1384	1498	166	1486	349847	353791	0.0	636
CDF89906.1	NC_001147.6	25.302	992	1498	168	1121	193380	190657	2.17e-65	245
CDF89906.1	NC_001147.6	27.544	570	1498	852	1367	193461	191881	1.79e-33	140
CDF89906.1	NC_001147.6	24.275	552	1498	153	687	191430	189895	6.08e-26	115
CDF89906.1	NC_001136.10	68.700	1508	1498	5	1488	1279291	1283769	0.0	2199
CDF89906.1	NC_001136.10	40.974	1396	1498	110	1494	466303	470379	0.0	1088
CDF89906.1	NC_001146.8	39.797	1377	1498	134	1496	765447	769481	0.0	1024
CDF89906.1	NC_001148.4	38.865	1392	1498	105	1484	450056	445974	0.0	1017
CDF89906.1	NC_001141.2	31.420	1394	1498	168	1486	332268	328300	0.0	639
CDF89907.1	NC_001136.10	69.583	1440	1460	24	1459	1279468	1283787	0.0	2159
CDF89907.1	NC_001136.10	39.519	1455	1460	5	1449	466108	470352	0.0	1059
CDF89907.1	NC_001147.6	70.139	1440	1460	24	1459	620068	624372	0.0	2149
CDF89907.1	NC_001147.6	65.058	1471	1460	24	1450	932061	936470	0.0	2019
CDF89907.1	NC_001147.6	31.044	1398	1460	127	1456	349847	353815	0.0	626
CDF89907.1	NC_001147.6	25.365	548	1460	804	1322	191499	189949	2.31e-34	143
CDF89907.1	NC_001147.6	26.766	538	1460	846	1332	193380	191881	2.32e-33	140
CDF89907.1	NC_001147.6	25.487	565	1460	121	658	193398	191827	1.38e-30	130
CDF89907.1	NC_001147.6	25.434	346	1460	112	449	191436	190468	4.36e-22	103
CDF89907.1	NC_001146.8	39.795	1367	1460	92	1449	765438	769433	0.0	1027
CDF89907.1	NC_001148.4	38.054	1398	1460	66	1449	450056	445974	0.0	971
CDF89907.1	NC_001141.2	30.106	1415	1460	111	1451	332319	328300	0.0	620
CDF89908.1	NC_001147.6	26.538	260	236	1	235	618288	617527	1.68e-20	88.6
CDF89909.1	NC_001136.10	54.936	233	254	20	251	1277730	1278419	6.78e-84	271
CDF89910.1	NC_001147.6	94.836	1220	1223	4	1223	616659	613000	0.0	2445
CDF89910.1	NC_001147.6	37.126	1204	1223	25	1215	733340	730035	0.0	756
CDF89910.1	NC_001148.4	27.976	1151	1223	78	1166	580941	577873	1.31e-106	370
CDF89911.1	NC_001147.6	79.861	144	155	1	144	611999	612430	1.36e-77	249
CDF89912.1	NC_001136.10	94.152	171	171	1	171	1277169	1276657	7.33e-108	336
CDF89912.1	NC_001143.9	38.158	76	171	46	121	176352	176134	4.18e-12	62.0
CDF89913.1	NC_001136.10	64.343	502	527	22	522	1274686	1276191	0.0	715
CDF89914.1	NC_001136.10	68.922	473	491	16	488	1273658	1272249	0.0	702
CDF89915.1	NC_001136.10	60.119	336	336	2	335	1271075	1272079	2.19e-135	423
CDF89916.1	NC_001136.10	80.282	213	214	2	214	1270074	1270712	1.06e-107	338
CDF89916.1	NC_001142.9	54.502	211	214	5	210	673006	673617	5.24e-60	201
CDF89917.1	NC_001136.10	48.239	568	603	18	541	1267462	1269144	1.60e-155	493
CDF89918.1	NC_001136.10	82.400	125	155	13	137	1266770	1266396	9.24e-56	186
CDF89919.1	NC_001136.10	62.553	948	945	1	945	1263324	1266155	0.0	1242
CDF89919.1	NC_001142.9	26.548	953	945	3	874	669525	672341	1.34e-78	280
CDF89919.1	NC_001139.9	21.687	415	945	1	392	49552	50706	7.55e-12	68.6
CDF89920.1	NC_001147.6	41.569	510	500	8	485	611352	609850	2.60e-112	364
CDF89921.1	NC_001136.10	91.142	429	427	1	427	1261681	1262964	0.0	785
CDF89921.1	NC_001136.10	47.802	364	427	48	409	438215	439303	4.74e-107	346
CDF89921.1	NC_001136.10	45.679	243	427	167	408	238037	237333	2.81e-54	193
CDF89921.1	NC_001136.10	44.397	232	427	164	395	237227	236535	9.84e-54	192
CDF89921.1	NC_001136.10	31.677	161	427	180	337	1225834	1225385	2.63e-14	73.9
CDF89921.1	NC_001147.6	43.353	346	427	72	415	813465	812431	7.81e-85	282
CDF89921.1	NC_001147.6	36.761	389	427	49	411	545125	546288	2.18e-78	263
CDF89921.1	NC_001139.9	42.818	362	427	50	409	411166	410132	1.98e-84	281
CDF89921.1	NC_001139.9	39.184	245	427	167	405	1028594	1029316	1.21e-43	162
CDF89921.1	NC_001139.9	35.656	244	427	158	395	542425	543135	8.08e-32	127
CDF89921.1	NC_001143.9	49.645	282	427	130	409	174714	175550	8.74e-81	270
CDF89921.1	NC_001143.9	34.818	247	427	163	396	71801	71085	5.26e-36	140
CDF89921.1	NC_001144.5	39.474	266	427	161	422	71580	70819	2.53e-52	187
CDF89921.1	NC_001144.5	43.220	236	427	168	397	914169	913477	1.41e-50	182
CDF89921.1	NC_001144.5	38.163	283	427	115	394	913497	912685	5.84e-49	178
CDF89921.1	NC_001144.5	34.979	243	427	159	396	72570	71854	5.78e-36	139
CDF89922.1	NC_001136.10	62.457	293	504	77	369	1260096	1260974	2.29e-114	370
CDF89923.1	NC_001147.6	41.000	100	200	109	200	608945	608664	7.11e-13	65.1
CDF89924.1	NC_001147.6	38.605	645	589	4	589	606655	608472	4.30e-116	379
CDF89924.1	NC_001140.6	26.182	550	589	74	589	488876	490393	5.12e-54	197
CDF89925.1	NC_001147.6	77.372	274	269	1	269	606171	605350	6.94e-130	404
CDF89926.1	NC_001147.6	32.174	805	734	1	734	605092	602750	4.54e-99	335
CDF89927.1	NC_001136.10	77.679	336	328	1	328	1258699	1259706	4.05e-167	514
CDF89928.1	NC_001147.6	53.292	319	312	1	312	602342	601386	1.63e-112	357
CDF89929.1	NC_001147.6	79.939	329	325	1	325	593057	594043	1.26e-174	535
CDF89930.1	NC_001147.6	57.397	899	884	1	884	592587	589945	0.0	981
CDF89931.1	NC_001147.6	54.730	148	724	57	173	587155	587598	1.92e-44	171
CDF89931.1	NC_001139.9	36.923	130	724	59	185	988052	988432	2.01e-16	82.8
CDF89931.1	NC_001139.9	40.310	129	724	63	188	369275	369625	2.27e-14	76.3
CDF89931.1	NC_001140.6	37.903	124	724	50	172	512960	513295	2.57e-16	82.4
CDF89932.1	NC_001147.6	38.019	626	550	6	544	586300	584423	4.36e-116	377
CDF89933.1	NC_001147.6	34.876	605	498	4	480	583645	581831	2.46e-106	347
CDF89933.1	NC_001144.5	28.395	324	498	215	478	848383	847424	1.27e-20	94.7
CDF89934.1	NC_001147.6	78.320	369	368	1	368	580250	581356	0.0	606
CDF89934.1	NC_001146.8	40.872	367	368	8	368	559008	557932	2.38e-82	272
CDF89934.1	NC_001141.2	34.343	396	368	1	368	187632	186520	1.60e-49	177
CDF89934.1	NC_001135.5	30.194	361	368	37	368	91339	92400	1.03e-26	110
CDF89935.1	NC_001136.10	65.203	592	625	1	583	1256847	1255078	0.0	780
CDF89935.1	NC_001143.9	27.463	477	625	8	392	40423	41820	2.24e-36	145
CDF89935.1	NC_001148.4	36.458	192	625	23	201	681222	681788	1.42e-30	127
CDF89937.1	NC_001136.10	63.710	496	482	1	482	1250186	1251631	0.0	597
CDF89937.1	NC_001140.6	45.070	71	482	409	479	137078	136887	1.35e-13	72.4
CDF89937.1	NC_001138.5	42.029	69	482	411	479	202157	201966	4.89e-12	67.4
CDF89937.1	NC_001135.5	26.295	251	482	1	247	131542	130850	8.50e-12	66.6
CDF89938.1	NC_001136.10	57.810	557	534	9	534	1249827	1248157	0.0	659
CDF89938.1	NC_001136.10	31.288	489	534	56	526	1445191	1443812	1.05e-72	251
CDF89938.1	NC_001136.10	28.337	487	534	58	520	111895	113247	2.62e-40	155
CDF89938.1	NC_001136.10	29.051	506	534	41	521	213609	215030	1.34e-39	153
CDF89938.1	NC_001136.10	26.096	502	534	59	524	1161098	1159725	5.68e-31	127
CDF89938.1	NC_001136.10	26.096	502	534	59	524	1155706	1154333	5.68e-31	127
CDF89938.1	NC_001136.10	24.291	494	534	62	523	1508125	1509489	6.87e-31	127
CDF89938.1	NC_001136.10	24.071	565	534	6	524	1164648	1163074	3.64e-28	118
CDF89938.1	NC_001136.10	24.219	512	534	41	525	13174	11774	2.79e-27	115
CDF89938.1	NC_001136.10	23.267	404	534	62	448	102957	101866	1.26e-12	69.7
CDF89938.1	NC_001147.6	30.675	489	534	56	526	124346	125725	6.24e-71	246
CDF89938.1	NC_001147.6	26.255	518	534	37	524	25417	26862	1.12e-31	129
CDF89938.1	NC_001144.5	25.044	571	534	4	524	290230	291825	3.34e-37	146
CDF89938.1	NC_001134.8	27.842	431	534	87	512	703812	702619	5.71e-34	136
CDF89938.1	NC_001142.9	25.869	518	534	37	524	19641	21086	1.14e-31	129
CDF89938.1	NC_001142.9	24.219	512	534	41	525	732626	734026	7.32e-27	114
CDF89938.1	NC_001142.9	24.366	513	534	59	524	27112	28488	2.53e-23	103
CDF89939.1	NC_001136.10	55.937	640	622	1	622	1246084	1247979	0.0	692
CDF89940.1	NC_001147.6	91.330	842	842	1	842	575098	577623	0.0	1622
CDF89940.1	NC_001136.10	91.330	842	842	1	842	1243230	1245755	0.0	1622
CDF89940.1	NC_001143.9	26.821	906	842	4	828	122868	125444	2.86e-88	306
CDF89940.1	NC_001146.8	38.765	405	842	19	386	330019	328832	4.93e-72	258
CDF89940.1	NC_001146.8	30.019	513	842	356	809	328435	326906	3.92e-62	228
CDF89940.1	NC_001144.5	33.889	180	842	8	185	715185	715691	4.57e-24	108
CDF89940.1	NC_001144.5	24.450	409	842	399	802	272736	271696	1.86e-21	99.8
CDF89940.1	NC_001144.5	38.926	149	842	19	162	273708	273298	1.03e-18	90.5
CDF89941.1	NC_001147.6	52.479	484	521	37	520	573484	574824	9.77e-170	531
CDF89942.1	NC_001142.9	45.053	657	654	3	629	256710	254764	3.99e-168	532
CDF89944.1	NC_001136.10	55.849	265	276	12	274	1241986	1241210	2.86e-80	262
CDF89944.1	NC_001146.8	32.624	282	276	1	274	633856	633026	1.14e-43	157
CDF89944.1	NC_001135.5	35.897	234	276	42	275	132974	132288	6.30e-38	140
CDF89945.1	NC_001136.10	27.778	198	174	3	166	1240664	1240071	7.02e-17	75.9
CDF89946.1	NC_001136.10	67.273	110	109	1	109	1239492	1239821	5.51e-29	107
CDF89946.1	NC_001147.6	53.125	96	109	14	109	254336	254614	2.79e-12	60.1
CDF89947.1	NC_001147.6	64.164	293	293	8	293	570810	569932	4.97e-123	385
CDF89947.1	NC_001147.6	29.333	300	293	11	288	514215	513331	4.87e-29	115
CDF89947.1	NC_001147.6	23.129	294	293	20	287	758366	759208	7.97e-16	76.6
CDF89947.1	NC_001148.4	29.825	285	293	15	288	601782	600934	2.34e-32	125
CDF89947.1	NC_001148.4	29.153	295	293	8	288	673790	674650	6.31e-28	112
CDF89947.1	NC_001148.4	28.383	303	293	26	290	583958	583086	8.94e-21	91.3
CDF89947.1	NC_001148.4	23.288	292	293	20	287	299470	298622	1.43e-13	69.7
CDF89947.1	NC_001142.9	27.815	302	293	11	288	609779	610666	2.11e-22	95.9
CDF89947.1	NC_001142.9	27.684	177	293	117	292	160727	161245	4.49e-16	77.4
CDF89947.1	NC_001141.2	26.000	300	293	22	290	97428	98315	2.57e-21	92.8
CDF89947.1	NC_001141.2	23.701	308	293	3	288	344236	345138	1.42e-13	69.7
CDF89947.1	NC_001134.8	27.619	315	293	9	293	449736	450641	1.43e-20	90.5
CDF89947.1	NC_001134.8	25.000	300	293	8	293	784572	783682	7.19e-16	76.6
CDF89947.1	NC_001134.8	23.986	296	293	17	290	163937	163074	1.22e-12	67.0
CDF89948.1	NC_001137.3	26.207	290	305	9	274	144435	145280	9.82e-25	103
CDF89948.1	NC_001148.4	26.168	321	305	11	303	792195	791239	2.31e-24	102
CDF89948.1	NC_001148.4	28.141	199	305	87	276	601803	601255	3.54e-12	65.9
CDF89948.1	NC_001148.4	25.483	259	305	9	250	601773	601036	1.51e-11	63.9
CDF89948.1	NC_001141.2	27.636	275	305	14	274	344302	345120	1.16e-23	100
CDF89948.1	NC_001141.2	26.578	301	305	15	282	97434	98315	6.56e-17	80.1
CDF89948.1	NC_001134.8	23.673	245	305	58	276	608015	608749	1.18e-12	67.0
CDF89948.1	NC_001142.9	24.407	295	305	15	282	609815	610684	9.49e-11	61.2
CDF89949.1	NC_001136.10	44.554	101	106	10	103	1238629	1238327	5.82e-23	90.5
CDF89950.1	NC_001136.10	68.182	132	221	94	220	1237618	1238001	8.48e-52	178
CDF89950.1	NC_001136.10	58.586	99	221	1	90	1236558	1236842	1.45e-20	88.2
CDF89951.1	NC_001143.9	66.816	223	223	1	223	374544	375212	1.21e-95	304
CDF89952.1	NC_001140.6	89.688	320	320	1	320	81616	80657	0.0	590
CDF89952.1	NC_001137.3	64.596	322	320	1	320	359061	358108	4.90e-138	430
CDF89952.1	NC_001134.8	63.863	321	320	1	320	92438	93391	4.38e-136	424
CDF89952.1	NC_001143.9	48.744	199	320	7	204	107328	107921	5.14e-61	209
CDF89952.1	NC_001143.9	45.536	112	320	207	315	108243	108578	2.18e-20	90.9
CDF89952.1	NC_001147.6	50.000	116	320	204	317	213378	213725	6.43e-33	127
CDF89952.1	NC_001147.6	61.628	86	320	114	198	212916	213173	8.83e-29	115
CDF89952.1	NC_001147.6	41.000	100	320	1	100	212244	212540	1.84e-16	79.0
CDF89953.1	NC_001140.6	58.481	566	560	2	541	83715	82030	0.0	684
CDF89954.1	NC_001143.9	45.081	1047	1034	1	1025	375456	378566	0.0	923
CDF89955.1	NC_001140.6	49.254	536	580	2	489	94510	92927	1.00e-152	484
CDF89956.1	NC_001145.3	62.855	1233	1279	1	1228	420029	416361	0.0	1582
CDF89957.1	NC_001145.3	41.617	668	714	105	712	414099	416009	1.37e-150	484
CDF89958.1	NC_001145.3	57.500	120	145	1	120	413473	413117	5.68e-41	143
CDF89960.1	NC_001145.3	40.000	195	192	19	192	412852	412271	7.22e-40	142
CDF89960.1	NC_001145.3	46.053	76	192	112	182	167068	166844	2.31e-12	63.5
CDF89963.1	NC_001145.3	60.000	165	164	1	164	411259	410765	3.24e-67	219
CDF89964.1	NC_001141.2	74.224	322	322	1	321	34686	33727	5.42e-159	490
CDF89965.1	NC_001145.3	38.806	201	309	139	297	410054	410608	4.96e-38	142
CDF89966.1	NC_001145.3	35.366	164	261	69	217	407985	408464	3.07e-25	103
CDF89967.1	NC_001140.6	57.101	338	341	35	335	112779	111766	8.47e-123	387
CDF89967.1	NC_001144.5	37.433	187	341	142	326	180933	181466	3.31e-31	123
CDF89967.1	NC_001144.5	35.176	199	341	132	326	129914	129345	2.15e-28	115
CDF89967.1	NC_001148.4	32.948	173	341	156	326	430518	430964	1.92e-19	88.6
CDF89969.1	NC_001143.9	75.667	637	642	6	641	384626	382722	0.0	1021
CDF89971.1	NC_001143.9	74.537	432	447	1	404	385758	387005	0.0	621
CDF89972.1	NC_001143.9	63.063	444	435	3	435	387571	388902	0.0	569
CDF89972.1	NC_001140.6	56.552	435	435	1	432	111317	110031	5.51e-162	504
CDF89973.1	NC_001140.6	75.588	340	362	23	362	108866	109882	2.81e-177	545
CDF89973.1	NC_001148.4	29.080	337	362	25	354	584015	583092	2.21e-40	150
CDF89973.1	NC_001148.4	22.713	317	362	45	354	673844	674650	9.94e-15	74.3
CDF89973.1	NC_001148.4	25.681	257	362	30	273	601509	600811	3.00e-12	67.0
CDF89973.1	NC_001147.6	25.387	323	362	42	356	570756	569941	7.22e-20	90.1
CDF89973.1	NC_001147.6	22.321	336	362	29	354	514200	513331	1.54e-13	70.9
CDF89973.1	NC_001145.3	26.441	295	362	42	325	388193	387435	1.93e-19	89.0
CDF89973.1	NC_001145.3	21.918	365	362	11	354	594374	593409	2.95e-13	70.1
CDF89973.1	NC_001134.8	25.000	268	362	42	300	163916	163224	3.18e-18	85.1
CDF89973.1	NC_001134.8	25.000	304	362	42	334	416031	416810	4.07e-18	84.7
CDF89974.1	NC_001134.8	77.551	294	296	2	295	784560	783679	4.44e-158	486
CDF89974.1	NC_001134.8	23.203	306	296	10	295	449769	450644	5.79e-11	62.0
CDF89974.1	NC_001142.9	31.290	310	296	1	291	609773	610672	5.70e-37	138
CDF89974.1	NC_001142.9	26.415	212	296	11	209	610106	610735	6.26e-13	67.8
CDF89974.1	NC_001138.5	30.818	318	296	8	295	242088	242978	3.60e-33	127
CDF89974.1	NC_001148.4	26.621	293	296	7	289	601776	600934	2.40e-24	101
CDF89974.1	NC_001148.4	25.733	307	296	13	295	299461	298601	3.53e-21	92.4
CDF89974.1	NC_001148.4	24.161	298	296	12	291	583970	583086	5.31e-13	68.2
CDF89974.1	NC_001148.4	24.503	302	296	10	285	792195	791320	7.73e-13	67.4
CDF89974.1	NC_001147.6	26.198	313	296	1	295	758330	759229	1.52e-22	96.7
CDF89974.1	NC_001147.6	25.623	281	296	14	289	570756	569947	3.09e-11	62.8
CDF89975.1	NC_001134.8	62.857	245	308	63	307	782810	783544	2.10e-109	347
CDF89976.1	NC_001134.8	66.601	509	869	322	821	780513	782039	0.0	684
CDF89977.1	NC_001134.8	42.191	493	468	1	466	779463	778018	7.31e-124	396
CDF89978.1	NC_001143.9	67.137	922	921	1	921	457054	454355	0.0	1218
CDF89978.1	NC_001146.8	27.027	259	921	7	245	259641	260384	2.27e-11	66.6
CDF89979.1	NC_001140.6	47.436	78	104	27	104	107886	108119	1.15e-20	84.0
CDF89980.1	NC_001147.6	48.276	348	407	44	391	511981	512994	6.60e-118	376
CDF89980.1	NC_001136.10	48.580	317	407	70	386	1421511	1422458	3.81e-109	351
CDF89980.1	NC_001134.8	43.478	345	407	38	378	633766	634800	1.36e-99	323
CDF89980.1	NC_001134.8	40.129	309	407	70	368	619299	620225	4.96e-75	253
CDF89980.1	NC_001142.9	42.763	304	407	71	360	152732	151824	5.58e-80	267
CDF89980.1	NC_001143.9	40.557	323	407	71	378	557944	558912	2.24e-76	256
CDF89981.1	NC_001143.9	51.520	625	553	1	553	452201	454075	0.0	599
CDF89981.1	NC_001139.9	41.772	79	553	206	284	997910	998146	7.24e-12	67.0
CDF89982.1	NC_001143.9	34.783	184	156	1	156	451434	451985	1.18e-25	100
CDF89983.1	NC_001143.9	45.643	241	253	24	251	451145	450432	8.80e-57	194
CDF89985.1	NC_001143.9	43.103	290	364	79	359	447695	446832	3.54e-66	225
CDF89986.1	NC_001140.6	72.854	431	443	1	430	106055	107347	0.0	656
CDF89986.1	NC_001143.9	72.468	385	443	46	430	445516	446670	0.0	607
CDF89986.1	NC_001147.6	27.507	349	443	63	378	782060	783079	1.53e-28	118
CDF89986.1	NC_001148.4	27.824	363	443	63	384	279633	278581	6.57e-28	116
CDF89986.1	NC_001136.10	26.158	367	443	61	391	418796	417726	5.56e-21	95.1
CDF89987.1	NC_001143.9	75.929	565	565	1	565	443232	444923	0.0	889
CDF89988.1	NC_001143.9	88.402	707	701	1	701	442722	440611	0.0	1264
CDF89988.1	NC_001144.5	47.786	542	701	3	536	147902	149509	3.96e-162	516
CDF89988.1	NC_001144.5	38.947	95	701	607	701	149873	150157	3.14e-13	72.4
CDF89988.1	NC_001147.6	37.692	260	701	23	282	740960	740298	5.75e-42	164
CDF89989.1	NC_001143.9	88.889	198	201	1	198	439385	438792	2.11e-122	379
CDF89990.1	NC_001143.9	78.673	211	232	21	231	437906	438538	1.45e-98	313
CDF89991.1	NC_001143.9	70.312	128	129	1	128	437492	437109	1.32e-55	184
CDF89992.1	NC_001143.9	75.765	392	414	4	394	435592	436767	0.0	603
CDF89992.1	NC_001136.10	40.650	123	414	145	264	590789	590421	4.22e-21	95.1
CDF89993.1	NC_001143.9	35.678	597	492	1	491	434877	433099	1.20e-100	330
CDF89994.1	NC_001143.9	72.043	93	138	46	138	432439	432717	2.96e-41	144
CDF89994.1	NC_001143.9	72.727	44	138	1	44	431906	432037	3.81e-15	69.7
CDF89994.1	NC_001140.6	72.093	86	138	44	129	104804	105061	4.75e-39	137
CDF89994.1	NC_001140.6	72.727	44	138	1	44	104277	104408	3.81e-15	69.7
CDF89995.1	NC_001143.9	61.176	85	97	13	97	430455	430201	3.59e-32	116
CDF89996.1	NC_001143.9	57.519	266	268	2	264	429308	430105	1.13e-97	312
CDF89998.1	NC_001140.6	73.171	410	419	10	418	101862	100654	0.0	619
CDF89998.1	NC_001143.9	70.466	386	419	5	390	428542	427385	0.0	588
CDF89999.1	NC_001140.6	60.541	370	395	23	389	99288	100388	1.78e-145	455
CDF90000.1	NC_001140.6	30.323	155	154	2	153	98780	98352	4.25e-11	58.5
CDF90001.1	NC_001143.9	78.814	236	236	1	236	426242	426949	2.10e-128	398
CDF90002.1	NC_001143.9	46.164	1499	1446	1	1446	425851	421427	0.0	1300
CDF90002.1	NC_001136.10	25.606	289	1446	1168	1446	1378784	1379593	3.57e-20	96.7
CDF90002.1	NC_001139.9	24.561	456	1446	1018	1440	239874	241067	2.47e-19	94.0
CDF90002.1	NC_001142.9	22.864	398	1446	1070	1441	501828	500728	1.72e-14	77.8
CDF90002.1	NC_001137.3	23.611	288	1446	1168	1441	411812	412603	3.18e-14	77.0
CDF90003.1	NC_001140.6	50.905	994	988	47	982	97817	95136	0.0	764
CDF90003.1	NC_001140.6	41.445	263	988	679	938	316614	317399	1.26e-52	201
CDF90003.1	NC_001140.6	31.852	270	988	690	944	510605	511393	5.90e-23	105
CDF90003.1	NC_001140.6	27.586	203	988	737	926	271131	270544	1.15e-17	87.4
CDF90003.1	NC_001140.6	24.688	320	988	664	939	170329	169388	3.32e-15	79.7
CDF90003.1	NC_001146.8	36.530	657	988	362	938	69464	71389	8.99e-111	377
CDF90003.1	NC_001146.8	32.313	294	988	693	943	681620	680745	7.65e-34	140
CDF90003.1	NC_001146.8	30.000	250	988	660	881	709936	710673	1.22e-23	107
CDF90003.1	NC_001146.8	27.857	280	988	693	907	333668	334504	4.65e-20	95.5
CDF90003.1	NC_001146.8	29.843	191	988	701	881	294156	293587	6.84e-18	88.2
CDF90003.1	NC_001146.8	27.239	268	988	696	933	597449	596661	6.21e-15	78.6
CDF90003.1	NC_001146.8	28.700	223	988	692	894	57456	56815	1.57e-11	67.4
CDF90003.1	NC_001147.6	48.495	299	988	669	939	105349	106245	2.56e-86	304
CDF90003.1	NC_001147.6	31.449	283	988	690	953	773270	774109	4.33e-31	131
CDF90003.1	NC_001147.6	28.223	287	988	693	965	295964	295107	2.23e-26	116
CDF90003.1	NC_001147.6	28.293	205	988	693	881	129789	130403	3.66e-21	99.0
CDF90003.1	NC_001147.6	29.457	258	988	687	926	775981	776748	1.09e-20	97.4
CDF90003.1	NC_001147.6	29.703	202	988	693	881	824207	823605	9.43e-18	87.8
CDF90003.1	NC_001147.6	27.064	218	988	741	931	995854	995201	1.67e-15	80.5
CDF90003.1	NC_001147.6	27.341	267	988	690	938	246026	246793	5.80e-15	78.6
CDF90003.1	NC_001147.6	30.769	221	988	684	881	79371	78733	5.41e-12	68.9
CDF90003.1	NC_001136.10	38.676	287	988	683	963	1486999	1486154	5.76e-46	179
CDF90003.1	NC_001136.10	32.852	277	988	688	938	173054	173878	4.94e-29	124
CDF90003.1	NC_001136.10	32.381	210	988	732	938	1465546	1464920	1.49e-28	123
CDF90003.1	NC_001136.10	27.961	304	988	687	954	281251	280361	4.00e-27	118
CDF90003.1	NC_001136.10	29.044	272	988	693	933	695075	695878	5.48e-26	114
CDF90003.1	NC_001136.10	29.779	272	988	678	943	1412508	1413308	1.57e-25	113
CDF90003.1	NC_001136.10	25.000	284	988	692	941	1395166	1396008	4.05e-21	99.0
CDF90003.1	NC_001136.10	27.547	265	988	629	881	75636	74854	1.26e-20	97.4
CDF90003.1	NC_001136.10	28.986	207	988	692	881	406288	405677	2.70e-18	89.7
CDF90003.1	NC_001136.10	22.260	292	988	685	948	1433914	1433066	1.22e-17	87.4
CDF90003.1	NC_001136.10	29.596	223	988	692	899	267812	268450	6.15e-17	85.1
CDF90003.1	NC_001136.10	25.237	317	988	687	972	401974	401039	8.92e-16	81.3
CDF90003.1	NC_001136.10	29.412	153	988	740	875	1027751	1027293	7.54e-15	78.2
CDF90003.1	NC_001136.10	27.650	217	988	736	933	956349	956993	5.25e-14	75.5
CDF90003.1	NC_001136.10	28.125	224	988	693	899	313949	313305	4.85e-11	65.9
CDF90003.1	NC_001142.9	35.249	261	988	693	937	250795	251571	4.82e-40	160
CDF90003.1	NC_001142.9	31.250	288	988	690	960	179017	178163	3.10e-30	128
CDF90003.1	NC_001142.9	29.237	236	988	690	915	110892	110221	4.04e-25	112
CDF90003.1	NC_001142.9	28.431	204	988	687	874	77933	77325	9.51e-18	87.8
CDF90003.1	NC_001142.9	26.718	262	988	684	931	149295	148540	5.85e-13	72.0
CDF90003.1	NC_001142.9	29.252	147	988	756	883	546825	547238	6.80e-12	68.6
CDF90004.1	NC_001143.9	46.975	562	579	1	522	273394	274989	8.85e-126	406
CDF90005.1	NC_001143.9	30.000	460	424	2	424	271899	273206	1.82e-49	179
CDF90006.1	NC_001140.6	41.848	184	237	58	230	84631	84080	8.78e-40	144
CDF90007.1	NC_001143.9	48.029	279	271	1	270	262277	263095	5.29e-67	224
CDF90008.1	NC_001140.6	29.218	243	354	1	190	54851	55546	5.71e-18	84.3
CDF90009.1	NC_001144.5	65.500	1029	1009	1	1009	80205	77155	0.0	1404
CDF90009.1	NC_001142.9	34.770	348	1009	42	366	317308	318303	1.24e-42	169
CDF90010.1	NC_001144.5	69.011	526	595	69	594	84984	86558	0.0	706
CDF90010.1	NC_001148.4	30.707	622	595	1	594	839759	837927	5.42e-73	254
CDF90010.1	NC_001147.6	30.989	526	595	102	595	836287	834767	1.14e-72	253
CDF90010.1	NC_001139.9	34.649	456	595	142	594	765138	763783	3.73e-69	242
CDF90010.1	NC_001140.6	31.013	474	595	131	594	204745	206145	1.25e-65	232
CDF90011.1	NC_001144.5	61.635	159	246	92	246	87676	88152	4.08e-60	203
CDF90013.1	NC_001144.5	85.620	911	911	1	911	88623	91346	0.0	1604
CDF90013.1	NC_001136.10	47.159	704	911	167	860	973952	971877	0.0	630
CDF90014.1	NC_001140.6	47.415	677	812	161	812	56916	58787	1.56e-152	493
CDF90015.1	NC_001140.6	52.532	790	924	247	924	61471	59126	0.0	788
CDF90015.1	NC_001140.6	34.320	169	924	1	147	62563	62066	7.65e-17	84.7
CDF90016.1	NC_001144.5	90.810	642	642	1	642	97485	95569	0.0	1145
CDF90016.1	NC_001144.5	48.998	549	642	3	534	859636	861261	4.27e-163	517
CDF90016.1	NC_001133.9	92.056	642	642	1	642	141431	139506	0.0	1138
CDF90016.1	NC_001134.8	79.507	649	642	1	642	86448	84502	0.0	1046
CDF90016.1	NC_001134.8	29.348	644	642	1	601	575996	574083	6.67e-69	243
CDF90016.1	NC_001137.3	80.650	646	642	1	642	364589	366514	0.0	1043
CDF90016.1	NC_001137.3	48.460	617	642	5	612	94731	96548	3.72e-174	549
CDF90016.1	NC_001142.9	63.622	613	642	5	615	381483	383315	0.0	795
CDF90016.1	NC_001142.9	50.409	611	642	5	607	521506	519704	0.0	575
CDF90017.1	NC_001144.5	46.388	263	272	5	256	98818	98030	5.03e-76	250
CDF90018.1	NC_001144.5	26.857	350	386	46	378	100027	99050	3.60e-18	85.5
CDF90019.1	NC_001144.5	55.453	541	520	1	520	764137	762578	0.0	563
CDF90019.1	NC_001140.6	32.464	422	520	98	499	327991	326816	1.64e-61	218
CDF90019.1	NC_001142.9	36.306	314	520	108	413	576562	575711	9.76e-55	197
CDF90019.1	NC_001135.5	36.137	321	520	96	415	118315	117440	1.94e-53	194
CDF90019.1	NC_001139.9	30.788	419	520	97	498	607830	608933	2.61e-51	187
CDF90020.1	NC_001136.10	28.930	1037	1194	177	1173	1005690	1008539	4.06e-100	350
CDF90020.1	NC_001134.8	27.641	691	1194	490	1172	794631	796493	1.76e-67	249
CDF90020.1	NC_001139.9	29.189	185	1194	977	1134	188746	188207	1.17e-12	71.6
CDF90021.1	NC_001144.5	37.838	666	1758	2	621	100947	102827	4.81e-103	368
CDF90021.1	NC_001144.5	75.309	162	1758	1596	1757	104856	105341	1.17e-70	263
CDF90021.1	NC_001144.5	31.200	125	1758	412	526	761889	761515	3.23e-13	73.9
CDF90022.1	NC_001144.5	51.351	222	247	20	241	759549	760199	5.46e-73	240
CDF90023.1	NC_001144.5	30.566	265	381	1	213	758833	758069	5.01e-25	106
CDF90025.1	NC_001144.5	55.525	733	688	18	686	107776	105701	0.0	796
CDF90025.1	NC_001144.5	24.324	259	688	266	519	371704	372327	3.47e-17	85.1
CDF90025.1	NC_001144.5	25.954	262	688	266	496	634756	635499	1.01e-11	67.4
CDF90025.1	NC_001142.9	28.267	329	688	227	550	149394	148534	1.86e-36	146
CDF90025.1	NC_001142.9	26.887	212	688	314	520	221729	222304	1.48e-13	73.2
CDF90025.1	NC_001134.8	26.159	302	688	224	519	192400	193176	1.65e-16	82.8
CDF90025.1	NC_001139.9	25.641	273	688	258	519	575428	576132	2.55e-14	75.9
CDF90025.1	NC_001136.10	25.000	300	688	265	558	313952	313188	1.64e-13	73.2
CDF90026.1	NC_001144.5	71.264	87	89	1	87	108972	108712	1.84e-40	139
CDF90027.1	NC_001144.5	81.101	545	554	14	554	111539	109905	0.0	935
CDF90027.1	NC_001140.6	27.323	538	554	26	554	143390	141897	5.62e-40	155
CDF90027.1	NC_001135.5	26.211	351	554	234	547	161796	160771	4.44e-25	109
CDF90027.1	NC_001136.10	22.998	487	554	106	546	525809	527161	6.22e-14	73.9
CDF90028.1	NC_001148.4	83.526	346	357	15	356	710137	711174	0.0	605
CDF90029.1	NC_001144.5	45.335	1372	1609	300	1608	756192	752230	0.0	1087
CDF90029.1	NC_001144.5	37.838	888	1609	733	1564	113291	115831	2.08e-162	548
CDF90029.1	NC_001144.5	50.633	79	1609	53	125	756825	756589	3.26e-16	84.0
CDF90029.1	NC_001133.9	28.877	187	1609	1338	1522	102206	101679	2.17e-13	74.3
CDF90030.1	NC_001144.5	42.255	949	910	1	910	751769	749037	2.83e-167	540
CDF90031.1	NC_001144.5	66.176	272	300	29	300	748060	748866	5.65e-130	406
CDF90031.1	NC_001144.5	58.333	300	300	1	300	745638	746519	1.74e-121	382
CDF90032.1	NC_001144.5	54.595	185	185	2	184	744288	744842	1.30e-63	210
CDF90032.1	NC_001136.10	42.105	95	185	65	159	630258	630542	1.77e-20	86.7
CDF90032.1	NC_001136.10	34.000	100	185	65	164	569569	569270	2.57e-18	80.5
CDF90032.1	NC_001136.10	29.814	161	185	30	179	816893	817348	2.72e-15	71.6
CDF90032.1	NC_001136.10	29.703	101	185	64	152	562192	561890	2.08e-11	60.5
CDF90032.1	NC_001139.9	29.730	148	185	25	170	393992	394420	4.47e-19	82.8
CDF90032.1	NC_001134.8	34.000	100	185	65	164	406963	406664	8.84e-19	82.0
CDF90032.1	NC_001147.6	35.556	90	185	65	154	958700	958431	7.26e-16	73.6
CDF90033.1	NC_001144.5	57.743	1905	1891	1	1891	743863	738164	0.0	2231
CDF90033.1	NC_001144.5	28.316	392	1891	1508	1886	619045	620142	2.65e-34	144
CDF90033.1	NC_001146.8	37.124	299	1891	1619	1889	143176	144069	4.23e-49	192
CDF90035.1	NC_001144.5	86.375	778	779	1	778	737548	735215	0.0	1415
CDF90035.1	NC_001142.9	53.867	750	779	41	772	58711	56468	0.0	812
CDF90035.1	NC_001139.9	27.133	586	779	167	706	478298	476646	1.74e-33	138
CDF90035.1	NC_001136.10	25.734	443	779	56	476	931186	932433	1.55e-30	128
CDF90036.1	NC_001144.5	59.769	1556	1549	10	1544	116459	121105	0.0	1886
CDF90036.1	NC_001144.5	31.852	1328	1549	306	1545	45155	41340	0.0	639
CDF90036.1	NC_001144.5	25.480	573	1549	978	1528	528666	530285	4.34e-31	132
CDF90036.1	NC_001144.5	31.441	229	1549	653	871	529671	530345	8.32e-17	85.9
CDF90036.1	NC_001136.10	42.008	1564	1549	28	1549	727461	723001	0.0	1129
CDF90036.1	NC_001140.6	31.730	1393	1549	205	1544	31985	28026	0.0	642
CDF90036.1	NC_001139.9	29.853	1427	1549	208	1547	1053133	1057239	3.53e-174	581
CDF90036.1	NC_001143.9	29.712	1390	1549	213	1542	653809	657702	1.70e-159	537
CDF90036.1	NC_001143.9	32.599	227	1549	1308	1534	43091	42450	8.84e-23	105
CDF90036.1	NC_001143.9	28.077	260	1549	1288	1534	45239	44502	1.64e-21	101
CDF90036.1	NC_001143.9	27.434	339	1549	640	948	45185	44232	2.24e-17	87.4
CDF90036.1	NC_001143.9	26.573	286	1549	594	853	43259	42456	1.24e-13	75.1
CDF90037.1	NC_001144.5	81.348	445	445	1	445	732542	733873	0.0	716
CDF90037.1	NC_001133.9	31.795	390	445	54	437	130940	131968	1.98e-42	159
CDF90037.1	NC_001139.9	26.327	452	445	4	432	156000	154813	4.20e-26	110
CDF90037.1	NC_001138.5	27.246	334	445	7	335	264240	265103	1.04e-22	100
CDF90037.1	NC_001140.6	24.330	448	445	18	439	335630	334542	1.39e-14	75.1
CDF90038.1	NC_001137.3	59.794	194	209	13	205	437863	437282	3.66e-78	253
CDF90039.1	NC_001134.8	79.848	526	526	1	526	194122	195699	0.0	900
CDF90040.1	NC_001134.8	78.977	352	348	1	347	192451	193506	0.0	591
CDF90040.1	NC_001134.8	35.593	295	348	19	304	560117	560962	9.19e-50	177
CDF90040.1	NC_001134.8	27.119	177	348	55	225	295411	294899	1.29e-15	77.0
CDF90040.1	NC_001134.8	27.650	217	348	13	223	15227	14613	2.27e-15	76.3
CDF90040.1	NC_001134.8	26.512	215	348	19	219	437047	437673	2.10e-11	63.9
CDF90040.1	NC_001139.9	59.146	328	348	1	319	575398	576381	5.34e-128	402
CDF90040.1	NC_001139.9	30.204	245	348	1	218	164971	164264	6.07e-20	90.1
CDF90040.1	NC_001139.9	28.400	250	348	12	221	668714	669439	1.14e-15	77.0
CDF90040.1	NC_001139.9	24.576	354	348	19	317	160152	161090	2.25e-13	70.1
CDF90040.1	NC_001139.9	24.400	250	348	84	307	207642	208283	5.09e-12	65.9
CDF90040.1	NC_001144.5	47.093	344	348	5	347	371662	372642	1.72e-97	315
CDF90040.1	NC_001144.5	23.964	338	348	17	307	851120	852010	7.58e-18	84.0
CDF90040.1	NC_001144.5	25.581	258	348	55	309	333094	333735	1.48e-15	76.6
CDF90040.1	NC_001140.6	46.839	348	348	7	346	170296	169280	5.97e-95	308
CDF90040.1	NC_001140.6	28.016	257	348	12	263	510593	511318	5.31e-22	96.3
CDF90040.1	NC_001140.6	31.390	223	348	19	239	96062	95439	3.27e-20	90.9
CDF90040.1	NC_001140.6	25.667	300	348	7	304	316620	317399	9.17e-20	89.7
CDF90040.1	NC_001143.9	42.643	333	348	7	328	150639	149668	1.31e-76	255
CDF90040.1	NC_001143.9	30.952	336	348	19	340	183522	184454	2.08e-40	150
CDF90040.1	NC_001143.9	25.223	337	348	13	309	249160	250041	1.67e-20	91.7
CDF90040.1	NC_001143.9	29.018	224	348	12	223	206742	207353	1.50e-16	79.7
CDF90040.1	NC_001143.9	26.667	210	348	11	213	135450	134875	1.34e-14	73.9
CDF90041.1	NC_001134.8	51.230	1585	1580	1	1551	191580	186865	0.0	1594
CDF90041.1	NC_001146.8	48.458	1589	1580	1	1551	755032	750371	0.0	1466
CDF90041.1	NC_001141.2	48.703	1581	1580	2	1554	11498	16132	0.0	1464
CDF90041.1	NC_001142.9	48.858	1576	1580	2	1543	11481	16100	0.0	1462
CDF90041.1	NC_001135.5	38.806	402	1580	197	575	302470	301274	1.92e-137	249
CDF90041.1	NC_001135.5	39.552	268	1580	575	804	301275	300472	1.92e-137	185
CDF90041.1	NC_001135.5	27.957	186	1580	1	182	303027	302509	1.92e-137	76.3
CDF90041.1	NC_001135.5	41.304	46	1580	831	876	300430	300296	1.92e-137	42.7
CDF90041.1	NC_001135.5	22.005	409	1580	847	1222	302425	301274	5.19e-11	58.5
CDF90041.1	NC_001135.5	33.333	72	1580	1237	1304	301248	301048	5.19e-11	27.7
CDF90042.1	NC_001134.8	58.416	101	102	1	101	186306	186004	3.67e-32	116
CDF90043.1	NC_001134.8	57.500	520	500	1	500	184353	185912	0.0	617
CDF90044.1	NC_001134.8	65.278	576	552	1	552	182401	184122	0.0	736
CDF90045.1	NC_001134.8	79.286	140	177	22	161	182061	181648	9.70e-70	227
CDF90046.1	NC_001134.8	67.042	1156	1110	1	1107	181275	177877	0.0	1529
CDF90047.1	NC_001134.8	47.143	490	510	21	508	247022	248479	1.54e-151	478
CDF90047.1	NC_001137.3	41.263	475	510	35	506	304159	305562	1.22e-107	351
CDF90047.1	NC_001147.6	37.137	517	510	3	506	1039849	1041378	3.32e-93	310
CDF90047.1	NC_001145.3	36.266	466	510	54	506	602959	601589	2.03e-87	293
CDF90047.1	NC_001145.3	33.902	528	510	4	506	600935	599379	1.78e-85	287
CDF90047.1	NC_001145.3	27.011	348	510	170	510	491605	490589	8.02e-23	101
CDF90047.1	NC_001148.4	34.864	479	510	35	509	432663	434084	1.45e-84	285
CDF90049.1	NC_001134.8	85.864	856	865	18	864	177475	174923	0.0	1453
CDF90049.1	NC_001134.8	35.714	546	865	307	837	626447	627931	9.08e-85	296
CDF90049.1	NC_001148.4	32.047	674	865	207	843	597365	599254	1.13e-91	317
CDF90049.1	NC_001137.3	38.095	567	865	309	829	87441	89111	2.70e-89	310
CDF90049.1	NC_001139.9	32.577	617	865	295	839	120121	118391	3.42e-89	310
CDF90049.1	NC_001144.5	35.938	576	865	308	844	691996	693627	2.12e-88	307
CDF90050.1	NC_001134.8	70.808	668	709	3	668	172543	174471	0.0	1017
CDF90050.1	NC_001146.8	30.523	344	709	138	468	511500	512393	2.10e-29	124
CDF90051.1	NC_001137.3	29.710	138	119	2	117	441798	441394	4.03e-14	65.9
CDF90052.1	NC_001134.8	85.185	81	95	15	95	170793	171035	3.99e-43	147
CDF90053.1	NC_001137.3	87.111	450	449	1	449	439616	440965	0.0	835
CDF90053.1	NC_001147.6	26.750	400	449	11	383	1030853	1029696	4.08e-30	122
CDF90054.1	NC_001136.10	62.075	530	515	7	512	574179	575768	0.0	706
CDF90055.1	NC_001136.10	77.658	555	569	15	569	576498	578156	0.0	933
CDF90055.1	NC_001136.10	29.487	390	569	168	530	927809	928918	1.76e-35	141
CDF90055.1	NC_001145.3	26.645	304	569	164	466	860450	859545	1.75e-30	126
CDF90056.1	NC_001136.10	65.986	147	149	1	147	578660	579100	2.76e-59	196
CDF90057.1	NC_001136.10	91.034	145	151	7	151	580015	580449	3.86e-87	276
CDF90058.1	NC_001136.10	39.189	370	363	1	361	580687	581775	2.23e-75	252
CDF90059.1	NC_001137.3	62.719	228	229	1	228	451243	450569	4.08e-99	314
CDF90059.1	NC_001136.10	35.000	180	229	7	183	582474	581998	1.16e-27	109
CDF90060.1	NC_001137.3	51.538	520	544	51	544	451712	453232	4.18e-157	495
CDF90061.1	NC_001137.3	65.254	472	478	6	476	453501	454901	0.0	586
CDF90062.1	NC_001137.3	54.373	263	284	22	282	455943	455155	1.28e-83	272
CDF90063.1	NC_001137.3	59.907	429	403	1	402	456319	457599	4.01e-163	506
CDF90064.1	NC_001136.10	69.778	225	216	1	216	583465	582794	1.86e-97	308
CDF90064.1	NC_001146.8	26.289	194	216	3	193	439085	438549	1.16e-11	62.0
CDF90065.1	NC_001136.10	46.473	241	295	1	221	583713	584426	5.91e-61	207
CDF90066.1	NC_001136.10	49.729	921	852	10	852	587656	584942	0.0	848
CDF90066.1	NC_001137.3	44.928	828	852	33	850	460115	457809	0.0	646
CDF90066.1	NC_001137.3	23.729	295	852	565	846	356699	357457	3.17e-11	66.2
CDF90066.1	NC_001142.9	37.500	200	852	489	683	64891	65475	6.00e-34	140
CDF90066.1	NC_001142.9	36.686	169	852	684	848	66676	67131	1.99e-19	93.2
CDF90066.1	NC_001143.9	27.664	441	852	491	849	634285	633059	7.14e-33	136
CDF90066.1	NC_001145.3	27.513	378	852	491	846	717126	718109	3.70e-27	118
CDF90067.1	NC_001136.10	44.660	103	124	26	124	588385	588101	1.77e-17	75.5
CDF90068.1	NC_001136.10	68.783	189	190	2	190	589390	588830	4.41e-85	272
CDF90069.1	NC_001137.3	74.095	359	437	19	377	461695	460619	0.0	570
CDF90069.1	NC_001134.8	40.206	291	437	42	326	635509	636363	1.75e-68	235
CDF90070.1	NC_001137.3	69.318	88	86	1	86	462585	462848	1.96e-32	116
CDF90071.1	NC_001136.10	50.093	539	495	8	495	591350	589764	7.22e-169	527
CDF90071.1	NC_001143.9	39.098	133	495	187	314	436015	436404	8.33e-23	101
CDF90072.1	NC_001136.10	63.063	111	107	5	107	592613	592945	4.91e-33	119
CDF90073.1	NC_001136.10	71.059	888	891	7	883	593926	596562	0.0	1304
CDF90073.1	NC_001145.3	30.706	609	891	89	692	71782	73434	6.51e-75	268
CDF90073.1	NC_001145.3	30.769	559	891	138	692	792208	790664	8.74e-66	240
CDF90073.1	NC_001134.8	37.500	368	891	137	501	490092	489049	1.01e-74	267
CDF90074.1	NC_001137.3	44.409	626	626	5	625	464824	462980	9.38e-162	512
CDF90075.1	NC_001137.3	88.382	241	238	1	238	465303	466022	9.00e-141	434
CDF90076.1	NC_001137.3	36.754	419	383	5	381	467470	466259	6.33e-68	231
CDF90077.1	NC_001136.10	83.117	308	308	1	308	597156	598079	0.0	557
CDF90077.1	NC_001136.10	54.902	306	308	5	308	369789	370703	3.49e-118	372
CDF90077.1	NC_001136.10	50.327	306	308	4	308	124767	123868	8.90e-106	337
CDF90077.1	NC_001136.10	50.327	306	308	4	308	220564	219665	1.04e-105	337
CDF90077.1	NC_001136.10	40.678	295	308	2	286	1336006	1336887	4.39e-70	234
CDF90077.1	NC_001146.8	50.662	302	308	2	290	686010	686912	7.76e-100	320
CDF90077.1	NC_001145.3	40.678	295	308	2	286	240456	239575	4.93e-71	237
CDF90077.1	NC_001145.3	35.644	303	308	12	276	160495	161397	5.15e-57	197
CDF90077.1	NC_001148.4	40.959	271	308	22	291	208970	209770	1.90e-70	235
CDF90077.1	NC_001137.3	45.417	240	308	49	287	433200	433916	1.33e-69	233
CDF90078.1	NC_001136.10	29.703	303	321	1	247	598468	599331	8.40e-39	144
CDF90081.1	NC_001143.9	30.108	372	344	1	322	358475	359554	1.68e-33	130
CDF90082.1	NC_001145.3	82.143	504	533	30	533	302383	300872	0.0	886
CDF90082.1	NC_001140.6	25.909	220	533	292	488	120840	120223	2.70e-14	75.1
CDF90083.1	NC_001145.3	35.755	523	473	1	473	298868	300424	3.29e-72	247
CDF90084.1	NC_001145.3	43.833	454	509	68	509	296498	295185	1.84e-104	342
CDF90085.1	NC_001145.3	54.560	1261	1272	7	1250	291137	294904	0.0	1427
CDF90086.1	NC_001143.9	74.449	227	227	1	227	360143	360814	2.32e-109	343
CDF90086.1	NC_001143.9	29.570	186	227	23	204	437915	438460	3.99e-11	60.8
CDF90087.1	NC_001140.6	43.035	402	365	1	337	67456	66329	6.13e-67	228
CDF90089.1	NC_001140.6	48.052	616	538	1	538	69548	67734	0.0	586
CDF90089.1	NC_001148.4	26.761	355	538	225	535	52182	51259	4.36e-28	118
CDF90089.1	NC_001147.6	23.353	334	538	225	526	211404	210556	3.68e-15	77.8
CDF90090.1	NC_001140.6	51.261	119	109	1	106	69708	70064	3.25e-33	119
CDF90091.1	NC_001143.9	70.742	229	255	22	249	361774	361088	5.83e-110	346
CDF90092.1	NC_001143.9	67.530	502	510	16	507	362667	364169	0.0	711
CDF90092.1	NC_001140.6	53.947	456	510	23	471	70324	71691	8.49e-165	516
CDF90094.1	NC_001140.6	84.848	99	119	21	119	75478	75774	3.47e-52	174
CDF90095.1	NC_001140.6	66.749	403	408	6	408	77296	76103	5.53e-176	543
CDF90095.1	NC_001134.8	49.752	404	408	5	407	291838	290684	1.07e-118	379
CDF90095.1	NC_001139.9	33.793	145	408	19	148	914717	914301	3.85e-13	70.1
CDF90096.1	NC_001140.6	61.616	297	290	1	287	78317	77433	1.69e-118	372
CDF90097.1	NC_001143.9	44.973	736	1084	399	1084	366976	369114	1.04e-168	550
CDF90097.1	NC_001143.9	40.617	389	1084	38	369	365611	366723	4.60e-56	212
CDF90097.1	NC_001134.8	25.806	1054	1084	59	1082	302067	304679	3.08e-74	269
CDF90098.1	NC_001143.9	89.113	496	500	5	500	369900	371387	0.0	916
CDF90098.1	NC_001140.6	40.206	485	500	15	491	78978	80378	2.22e-100	330
CDF90099.1	NC_001143.9	62.647	763	762	1	762	371829	374102	0.0	1041
CDF90100.1	NC_001138.5	50.348	719	854	68	779	170072	172165	0.0	679
CDF90100.1	NC_001147.6	30.388	645	854	32	658	292598	294199	2.32e-70	253
CDF90101.1	NC_001147.6	66.423	411	452	23	430	296078	294846	0.0	576
CDF90101.1	NC_001147.6	33.219	292	452	56	317	996025	995180	2.33e-36	141
CDF90101.1	NC_001147.6	33.071	254	452	55	295	775981	776727	6.48e-35	137
CDF90101.1	NC_001147.6	31.507	219	452	53	259	129765	130409	2.41e-28	117
CDF90101.1	NC_001147.6	30.072	276	452	54	317	246014	246793	1.68e-23	102
CDF90101.1	NC_001147.6	24.296	284	452	62	322	105424	106257	6.68e-21	95.1
CDF90101.1	NC_001147.6	30.619	307	452	58	327	79350	78463	1.16e-20	94.4
CDF90101.1	NC_001147.6	24.415	299	452	61	343	773279	774124	5.21e-17	82.8
CDF90101.1	NC_001147.6	29.091	220	452	57	265	824219	823575	6.89e-15	76.3
CDF90101.1	NC_001138.5	63.590	390	452	45	431	173799	172645	1.49e-161	504
CDF90101.1	NC_001138.5	29.870	154	452	53	205	72054	71605	1.67e-13	71.6
CDF90101.1	NC_001136.10	38.078	281	452	54	329	1412532	1413320	1.11e-45	169
CDF90101.1	NC_001136.10	35.690	297	452	45	317	281275	280409	3.26e-44	164
CDF90101.1	NC_001136.10	32.852	277	452	55	317	1465732	1464920	2.46e-36	141
CDF90101.1	NC_001136.10	29.330	358	452	44	371	695018	696031	3.32e-34	135
CDF90101.1	NC_001136.10	30.165	242	452	54	275	1395148	1395864	3.54e-24	105
CDF90101.1	NC_001136.10	32.127	221	452	53	259	1433902	1433252	3.53e-21	95.9
CDF90101.1	NC_001136.10	26.415	371	452	33	392	1487044	1486007	2.75e-20	93.2
CDF90101.1	NC_001136.10	31.527	203	452	55	251	267797	268375	4.61e-18	86.3
CDF90101.1	NC_001136.10	26.693	251	452	38	267	172997	173728	1.11e-15	78.6
CDF90101.1	NC_001136.10	27.876	226	452	112	320	1027751	1027098	2.30e-15	77.8
CDF90101.1	NC_001136.10	27.758	281	452	56	319	406300	405476	6.60e-15	76.3
CDF90101.1	NC_001136.10	29.915	234	452	55	277	313967	313299	1.66e-14	75.1
CDF90101.1	NC_001148.4	34.286	280	452	53	317	263610	262795	1.22e-44	166
CDF90101.1	NC_001148.4	35.349	215	452	55	257	285941	285306	3.51e-35	138
CDF90101.1	NC_001148.4	33.913	230	452	54	281	166460	167128	2.61e-34	135
CDF90101.1	NC_001148.4	29.435	248	452	72	317	157233	156529	1.73e-29	121
CDF90101.1	NC_001148.4	29.699	266	452	54	317	268305	269048	3.48e-22	99.0
CDF90101.1	NC_001148.4	23.024	291	452	61	339	288377	287526	3.53e-19	89.7
CDF90101.1	NC_001148.4	35.922	103	452	159	257	473912	473616	1.79e-12	68.6
CDF90101.1	NC_001148.4	25.424	295	452	61	317	492899	492045	3.13e-12	67.8
CDF90101.1	NC_001148.4	32.386	176	452	102	258	501865	501356	3.65e-11	64.3
CDF90101.1	NC_001139.9	33.223	301	452	54	319	207390	208280	7.13e-42	158
CDF90101.1	NC_001139.9	27.119	295	452	54	305	160131	161003	8.45e-23	100
CDF90101.1	NC_001139.9	31.004	229	452	60	261	164929	164252	5.26e-22	98.2
CDF90101.1	NC_001139.9	29.565	230	452	53	253	593593	594249	8.38e-16	79.0
CDF90104.1	NC_001138.5	74.444	90	937	848	936	177323	177054	7.00e-43	169
CDF90105.1	NC_001144.5	43.574	319	297	9	290	658847	659782	4.45e-53	185
CDF90106.1	NC_001139.9	40.070	569	525	5	525	200585	202270	9.16e-139	442
CDF90106.1	NC_001144.5	31.217	378	525	95	438	241059	239998	4.07e-32	130
CDF90107.1	NC_001144.5	21.835	545	586	36	550	726459	728024	5.53e-17	84.0
CDF90108.1	NC_001144.5	45.561	1453	1251	15	1240	646562	650830	0.0	1080
CDF90109.1	NC_001139.9	40.110	364	344	1	340	202721	203803	3.93e-75	250
CDF90110.1	NC_001144.5	42.857	182	163	1	157	644961	644416	1.64e-31	117
CDF90111.1	NC_001144.5	66.306	555	563	10	560	642660	644306	0.0	782
CDF90111.1	NC_001139.9	28.194	227	563	123	337	284829	285485	1.74e-12	69.3
CDF90111.1	NC_001148.4	23.793	290	563	109	369	346909	346064	5.80e-12	67.4
CDF90112.1	NC_001144.5	59.322	177	192	13	189	641482	642003	9.62e-69	225
CDF90112.1	NC_001147.6	30.935	139	192	52	189	866063	865662	1.99e-13	66.6
CDF90113.1	NC_001143.9	25.749	167	485	1	159	468667	468188	2.72e-12	68.2
CDF90113.1	NC_001147.6	25.490	306	485	1	284	297078	297974	2.89e-11	64.7
CDF90115.1	NC_001144.5	33.278	604	566	9	564	502457	504241	1.77e-107	353
CDF90116.1	NC_001144.5	86.622	299	299	1	299	502162	501266	9.19e-173	528
CDF90117.1	NC_001144.5	75.000	156	156	1	156	501049	500582	4.90e-80	256
CDF90117.1	NC_001142.9	39.456	147	156	4	146	545169	544735	1.81e-29	111
CDF90118.1	NC_001145.3	40.659	91	119	31	117	775599	775327	4.36e-15	68.6
CDF90119.1	NC_001144.5	44.540	1392	1511	187	1507	632811	628699	0.0	1113
CDF90119.1	NC_001144.5	24.103	390	1511	369	731	206572	207621	2.76e-15	80.5
CDF90119.1	NC_001144.5	23.184	358	1511	1150	1489	207592	208488	8.91e-11	65.9
CDF90119.1	NC_001134.8	28.431	204	1511	367	568	467857	468366	3.65e-17	87.0
CDF90119.1	NC_001147.6	28.070	228	1511	362	570	695346	695957	5.61e-17	86.3
CDF90119.1	NC_001147.6	25.153	326	1511	1141	1450	696327	697211	2.49e-11	67.8
CDF90120.1	NC_001144.5	54.649	613	567	1	566	634252	636075	0.0	600
CDF90120.1	NC_001144.5	27.863	262	567	194	450	333091	333735	9.46e-28	117
CDF90120.1	NC_001144.5	27.426	237	567	218	449	851411	852010	5.17e-18	87.0
CDF90120.1	NC_001139.9	46.476	454	567	128	567	207366	208583	1.45e-111	365
CDF90120.1	NC_001139.9	28.488	344	567	132	447	160119	161042	2.95e-29	122
CDF90120.1	NC_001139.9	24.024	333	567	137	434	668717	669607	3.04e-17	84.7
CDF90120.1	NC_001136.10	38.739	222	567	232	447	281014	280406	1.31e-43	166
CDF90120.1	NC_001136.10	29.573	328	567	124	446	1412496	1413290	1.73e-32	132
CDF90120.1	NC_001136.10	25.397	378	567	90	446	694898	695893	3.44e-27	115
CDF90120.1	NC_001136.10	28.475	295	567	171	457	1465657	1464887	8.21e-27	114
CDF90120.1	NC_001136.10	26.733	303	567	142	425	1433881	1433147	1.70e-25	110
CDF90120.1	NC_001136.10	25.767	326	567	142	450	1395166	1396011	1.50e-21	98.2
CDF90120.1	NC_001136.10	28.636	220	567	232	440	1486771	1486232	2.97e-12	68.6
CDF90120.1	NC_001138.5	30.855	269	567	218	474	173586	172873	1.50e-38	150
CDF90120.1	NC_001148.4	32.288	319	567	143	446	263583	262795	2.68e-36	144
CDF90120.1	NC_001148.4	26.910	301	567	134	434	166454	167176	1.53e-25	110
CDF90120.1	NC_001148.4	26.812	276	567	173	446	157203	156529	7.46e-24	105
CDF90120.1	NC_001148.4	28.349	321	567	137	449	285941	285114	2.32e-23	103
CDF90120.1	NC_001148.4	23.864	352	567	130	477	268287	269135	3.78e-21	97.1
CDF90120.1	NC_001148.4	22.188	329	567	137	434	747810	748700	1.06e-13	73.2
CDF90120.1	NC_001148.4	24.521	261	567	200	446	288266	287592	2.18e-12	68.9
CDF90121.1	NC_001144.5	83.988	1043	1045	1	1043	636780	639908	0.0	1777
CDF90121.1	NC_001146.8	82.679	1045	1045	1	1045	606319	609450	0.0	1762
CDF90121.1	NC_001148.4	37.673	1014	1045	54	1033	122328	125264	0.0	635
CDF90121.1	NC_001137.3	27.778	432	1045	426	763	224971	223700	8.68e-38	153
CDF90121.1	NC_001137.3	31.250	176	1045	458	625	223933	223409	1.71e-14	77.4
CDF90121.1	NC_001138.5	28.217	443	1045	418	758	163043	164338	3.78e-32	135
CDF90121.1	NC_001138.5	30.481	187	1045	444	625	164123	164683	5.66e-18	88.6
CDF90121.1	NC_001138.5	36.792	106	1045	864	969	164342	164656	2.25e-14	77.0
CDF90122.1	NC_001146.8	47.059	595	580	4	580	609938	611659	8.98e-168	528
CDF90122.1	NC_001145.3	33.824	408	580	212	580	281990	280842	4.07e-63	224
CDF90122.1	NC_001145.3	31.148	427	580	191	580	279123	277933	5.42e-57	206
CDF90122.1	NC_001147.6	32.918	401	580	219	580	305982	307109	5.17e-53	194
CDF90122.1	NC_001147.6	31.720	186	580	20	182	305628	306128	3.11e-12	68.6
CDF90123.1	NC_001144.5	65.517	232	234	3	234	640335	641018	4.92e-90	288
CDF90124.1	NC_001146.8	61.384	448	447	1	447	613170	611839	0.0	561
CDF90125.1	NC_001146.8	72.199	241	238	1	238	613635	614357	2.54e-118	369
CDF90126.1	NC_001144.5	83.047	407	413	4	410	504597	505817	0.0	717
CDF90126.1	NC_001146.8	77.995	409	413	3	411	614824	616050	0.0	667
CDF90126.1	NC_001136.10	72.683	410	413	3	410	334886	336112	0.0	624
CDF90127.1	NC_001135.5	76.206	311	310	1	310	105548	104622	6.31e-160	492
CDF90128.1	NC_001146.8	55.827	369	369	2	369	622416	621316	1.10e-127	403
CDF90129.1	NC_001135.5	49.511	307	306	1	306	104350	103574	2.81e-89	290
CDF90130.1	NC_001146.8	62.890	353	365	18	360	623584	624612	8.05e-137	429
CDF90130.1	NC_001146.8	26.368	201	365	71	250	624022	624615	8.89e-12	65.5
CDF90130.1	NC_001135.5	56.308	325	365	55	360	103055	102084	2.11e-116	370
CDF90131.1	NC_001135.5	55.000	100	132	32	131	101628	101329	3.13e-29	109
CDF90132.1	NC_001135.5	52.105	380	370	1	370	95763	94624	7.75e-129	406
CDF90133.1	NC_001146.8	70.330	273	280	4	276	625826	625008	1.54e-129	404
CDF90133.1	NC_001142.9	28.387	310	280	9	276	609809	610690	7.50e-28	111
CDF90133.1	NC_001142.9	28.767	292	280	10	276	160727	161560	2.72e-25	103
CDF90133.1	NC_001148.4	28.425	292	280	13	279	601749	600901	1.81e-25	104
CDF90133.1	NC_001148.4	25.676	296	280	2	274	673811	674668	3.66e-15	74.3
CDF90133.1	NC_001148.4	25.321	312	280	2	270	583982	583086	1.41e-14	72.4
CDF90133.1	NC_001145.3	26.129	310	280	10	270	594305	593403	2.54e-25	104
CDF90133.1	NC_001143.9	29.795	292	280	8	274	533392	532562	7.77e-25	102
CDF90134.1	NC_001135.5	79.559	499	495	1	495	94270	92780	0.0	807
CDF90135.1	NC_001135.5	85.556	360	362	3	362	91336	92415	0.0	641
CDF90135.1	NC_001141.2	32.153	367	362	2	353	187566	186532	3.42e-38	144
CDF90135.1	NC_001147.6	27.933	358	362	5	355	580364	581350	1.26e-25	107
CDF90135.1	NC_001146.8	27.095	358	362	5	353	558912	557944	5.27e-21	93.6
CDF90136.1	NC_001146.8	52.597	308	278	3	278	627100	626177	6.46e-102	324
CDF90136.1	NC_001139.9	42.697	178	278	102	278	364826	364338	4.36e-35	132
CDF90136.1	NC_001148.4	42.697	178	278	102	278	174211	174699	5.32e-35	132
CDF90137.1	NC_001146.8	75.989	379	379	1	379	619565	618510	3.34e-156	485
CDF90137.1	NC_001146.8	31.117	376	379	1	364	507097	506090	1.48e-31	125
CDF90137.1	NC_001146.8	53.521	71	379	1	68	481391	481603	1.29e-16	80.5
CDF90137.1	NC_001146.8	46.753	77	379	5	77	222425	222198	7.38e-11	62.8
CDF90137.1	NC_001145.3	37.500	176	379	6	177	577778	578251	7.60e-16	78.2
CDF90137.1	NC_001145.3	25.964	389	379	8	359	695422	696423	3.42e-14	73.2
CDF90137.1	NC_001137.3	39.259	135	379	1	130	248157	247777	3.00e-15	76.3
CDF90137.1	NC_001141.2	49.333	75	379	1	72	363221	363445	1.14e-14	74.7
CDF90137.1	NC_001144.5	47.778	90	379	6	89	320725	320973	1.13e-13	71.6
CDF90138.1	NC_001144.5	91.094	393	489	1	392	506134	507312	0.0	762
CDF90139.1	NC_001135.5	33.086	405	409	10	403	106835	105714	5.97e-63	218
CDF90141.1	NC_001135.5	25.556	270	309	50	307	108072	108758	1.96e-12	66.6
CDF90142.1	NC_001135.5	60.986	487	515	34	515	109222	110667	0.0	595
CDF90143.1	NC_001135.5	52.033	246	262	13	255	111557	110820	9.92e-70	231
CDF90144.1	NC_001135.5	64.740	173	187	15	187	111958	112476	5.30e-76	246
CDF90145.1	NC_001146.8	60.053	378	393	1	378	627456	628586	1.72e-151	472
CDF90145.1	NC_001135.5	32.099	324	393	40	354	113137	113979	1.95e-32	128
CDF90146.1	NC_001135.5	80.696	316	326	7	322	118339	117392	1.74e-171	526
CDF90146.1	NC_001140.6	43.310	284	326	33	303	327943	327101	9.01e-62	211
CDF90146.1	NC_001142.9	37.013	308	326	5	303	576607	575714	1.62e-60	207
CDF90146.1	NC_001144.5	36.842	323	326	11	306	763855	762902	1.47e-55	193
CDF90146.1	NC_001139.9	34.364	291	326	16	303	607830	608651	4.41e-48	172
CDF90147.1	NC_001135.5	54.749	179	188	8	181	118626	119159	1.93e-59	198
CDF90148.1	NC_001135.5	73.000	200	296	1	200	120318	119719	5.73e-101	323
CDF90148.1	NC_001136.10	63.500	200	296	1	200	504695	504102	4.40e-82	268
CDF90148.1	NC_001134.8	47.664	214	296	1	200	339352	338723	7.04e-57	196
CDF90149.1	NC_001146.8	83.019	477	471	2	471	631055	629625	0.0	818
CDF90149.1	NC_001135.5	75.771	454	471	17	470	122313	120952	0.0	729
CDF90149.1	NC_001148.4	45.952	457	471	36	470	556458	557828	1.83e-131	418
CDF90152.1	NC_001135.5	85.502	269	269	1	269	131542	130748	5.93e-157	482
CDF90152.1	NC_001136.10	25.896	251	269	1	238	1250186	1250935	4.34e-13	67.8
CDF90155.1	NC_001146.8	73.585	318	313	1	313	635297	634347	5.47e-159	490
CDF90156.1	NC_001135.5	66.418	1072	1049	9	1049	136858	133727	0.0	1338
CDF90156.1	NC_001147.6	33.433	335	1049	379	702	622426	623373	6.57e-44	173
CDF90156.1	NC_001147.6	33.333	312	1049	397	690	191433	190519	1.36e-43	172
CDF90156.1	NC_001147.6	36.879	282	1049	394	655	193437	192601	2.22e-42	168
CDF90156.1	NC_001147.6	25.752	532	1049	379	899	934551	935894	8.94e-41	163
CDF90156.1	NC_001147.6	24.307	613	1049	392	986	932340	934004	9.93e-40	159
CDF90156.1	NC_001147.6	23.592	657	1049	359	990	620239	621993	2.33e-38	155
CDF90156.1	NC_001147.6	34.783	230	1049	384	610	351926	352561	7.92e-27	117
CDF90156.1	NC_001147.6	21.369	482	1049	403	877	349823	351091	1.62e-16	84.0
CDF90156.1	NC_001136.10	34.944	269	1049	379	639	1281841	1282638	2.03e-40	162
CDF90156.1	NC_001136.10	35.069	288	1049	361	638	468415	469248	7.01e-39	157
CDF90156.1	NC_001136.10	24.000	625	1049	300	897	1279498	1281117	1.97e-33	139
CDF90156.1	NC_001136.10	24.118	510	1049	401	898	466438	467784	4.59e-32	134
CDF90156.1	NC_001136.10	23.830	235	1049	726	952	1282654	1283346	2.64e-11	67.0
CDF90156.1	NC_001146.8	26.013	469	1049	367	827	767505	768665	6.48e-40	160
CDF90156.1	NC_001146.8	23.962	530	1049	388	898	765465	766853	3.06e-31	132
CDF90156.1	NC_001148.4	34.084	311	1049	344	638	447989	447078	7.43e-40	160
CDF90156.1	NC_001148.4	21.318	516	1049	402	894	449891	448539	1.84e-25	113
CDF90157.1	NC_001135.5	84.135	416	416	1	416	137746	138993	0.0	712
CDF90158.1	NC_001135.5	38.803	585	571	4	562	140927	139212	1.56e-127	411
CDF90160.1	NC_001135.5	42.991	321	345	37	342	142182	141229	2.79e-75	251
CDF90161.1	NC_001135.5	43.333	300	292	1	288	143634	144494	1.18e-65	221
CDF90162.1	NC_001136.10	31.601	481	573	36	499	111877	113247	1.65e-64	228
CDF90162.1	NC_001136.10	30.125	561	573	35	565	213651	215267	1.25e-63	226
CDF90162.1	NC_001136.10	26.616	526	573	46	537	1508125	1509621	3.40e-49	183
CDF90162.1	NC_001136.10	27.108	498	573	33	513	13183	11747	7.19e-48	179
CDF90162.1	NC_001136.10	28.235	510	573	44	531	1155703	1154255	2.19e-43	165
CDF90162.1	NC_001136.10	28.429	503	573	44	524	1161095	1159662	2.25e-43	165
CDF90162.1	NC_001136.10	28.542	480	573	33	498	1445212	1443833	1.50e-42	163
CDF90162.1	NC_001136.10	29.600	500	573	44	524	1164444	1163011	8.67e-42	160
CDF90162.1	NC_001136.10	28.962	183	573	40	221	1249686	1249144	2.34e-19	91.3
CDF90162.1	NC_001136.10	21.086	479	573	36	496	102984	101659	2.76e-19	91.3
CDF90162.1	NC_001136.10	21.951	492	573	45	510	6309	7697	5.06e-18	87.0
CDF90162.1	NC_001138.5	26.294	483	573	26	500	51401	52822	6.10e-53	194
CDF90162.1	NC_001138.5	25.567	485	573	44	513	112522	113922	6.76e-44	167
CDF90162.1	NC_001142.9	27.879	495	573	44	524	19710	21149	4.80e-51	188
CDF90162.1	NC_001142.9	26.908	498	573	33	513	732617	734053	4.50e-47	176
CDF90162.1	NC_001142.9	26.305	498	573	44	524	27115	28551	5.01e-43	164
CDF90162.1	NC_001142.9	22.500	520	573	45	533	739492	738029	7.82e-21	96.3
CDF90162.1	NC_001147.6	27.879	495	573	44	524	25486	26925	6.65e-51	188
CDF90162.1	NC_001147.6	27.197	478	573	33	498	124325	125704	1.14e-37	148
CDF90162.1	NC_001137.3	26.731	520	573	33	529	23063	21585	1.06e-49	184
CDF90164.1	NC_001135.5	55.988	977	975	1	975	147634	144767	0.0	1130
CDF90165.1	NC_001137.3	80.114	699	706	7	705	133129	135225	0.0	1203
CDF90166.1	NC_001137.3	77.665	197	213	5	197	131901	132482	6.49e-92	293
CDF90166.1	NC_001139.9	41.176	119	213	29	147	394076	394426	1.49e-24	99.8
CDF90166.1	NC_001139.9	34.862	109	213	40	145	757094	757417	7.56e-15	71.2
CDF90166.1	NC_001136.10	39.669	121	213	29	149	630231	630587	1.64e-24	99.4
CDF90166.1	NC_001136.10	39.837	123	213	27	149	569602	569240	9.10e-24	97.4
CDF90166.1	NC_001136.10	38.136	118	213	35	150	816977	817327	1.02e-22	94.4
CDF90166.1	NC_001136.10	32.743	113	213	31	141	337708	338040	5.19e-11	60.1
CDF90166.1	NC_001136.10	24.603	126	213	43	156	562174	561821	6.51e-11	59.7
CDF90166.1	NC_001134.8	36.735	147	213	27	165	406996	406562	1.05e-23	97.1
CDF90166.1	NC_001147.6	37.063	143	213	3	141	958817	958395	8.56e-23	94.4
CDF90167.1	NC_001135.5	42.466	73	98	22	94	155326	155544	5.60e-15	67.4
CDF90168.1	NC_001135.5	54.651	86	91	6	91	155087	154833	2.12e-23	90.9
CDF90169.1	NC_001135.5	57.674	215	215	1	215	154659	154015	2.30e-84	271
CDF90170.1	NC_001135.5	50.000	352	353	10	353	152870	153919	1.74e-113	361
CDF90171.1	NC_001137.3	88.062	578	567	1	567	128825	130558	0.0	1016
CDF90171.1	NC_001146.8	26.364	330	567	43	356	284500	285483	1.03e-14	76.6
CDF90172.1	NC_001137.3	51.699	559	512	1	512	126629	128281	3.31e-168	526
CDF90174.1	NC_001146.8	27.915	283	347	64	343	259641	260378	4.75e-15	75.1
CDF90175.1	NC_001135.5	38.095	483	523	48	466	165883	164435	1.77e-101	334
CDF90175.1	NC_001137.3	38.200	411	523	54	428	126020	124794	1.15e-87	294
CDF90176.1	NC_001146.8	25.735	408	553	38	410	730063	728849	1.78e-30	125
CDF90176.1	NC_001147.6	28.061	196	553	47	239	836197	835625	3.98e-16	80.9
CDF90176.1	NC_001148.4	20.825	485	553	4	483	839384	838104	2.18e-11	65.5
CDF90176.1	NC_001139.9	20.957	439	553	45	483	765144	763960	2.59e-11	65.5
CDF90178.1	NC_001137.3	56.944	504	469	1	469	404352	402874	1.32e-175	545
CDF90178.1	NC_001136.10	32.919	161	469	28	187	52107	51640	2.16e-20	93.6
CDF90178.1	NC_001146.8	32.090	134	469	28	160	259205	258825	9.06e-14	72.8
CDF90179.1	NC_001147.6	85.753	372	438	67	438	1072911	1071796	0.0	687
CDF90179.1	NC_001148.4	86.697	218	438	221	438	18423	19076	0.0	410
CDF90179.1	NC_001148.4	83.226	155	438	67	221	17960	18424	0.0	275
CDF90179.1	NC_001146.8	31.905	210	438	158	364	121903	121319	4.83e-26	110
CDF90179.1	NC_001137.3	25.538	325	438	99	413	322908	323804	1.33e-18	87.8
CDF90179.1	NC_001141.2	26.761	284	438	140	413	222157	221372	4.35e-18	85.9
CDF90180.1	NC_001137.3	44.646	495	564	2	472	409057	407603	1.01e-126	409
CDF90181.1	NC_001137.3	69.316	453	517	3	447	404822	406156	0.0	622
CDF90181.1	NC_001140.6	59.437	355	517	3	357	374136	373165	8.82e-137	436
CDF90181.1	NC_001146.8	59.375	352	517	3	354	345081	344119	1.21e-135	432
CDF90181.1	NC_001148.4	46.440	323	517	9	330	164288	165154	9.27e-84	282
CDF90182.1	NC_001148.4	46.366	399	351	2	351	610010	608829	2.00e-106	341
CDF90183.1	NC_001148.4	61.555	926	892	1	890	603357	600652	0.0	1117
CDF90183.1	NC_001148.4	33.220	295	892	506	782	299470	298622	3.23e-34	141
CDF90183.1	NC_001148.4	26.821	302	892	504	784	583982	583089	6.89e-24	107
CDF90183.1	NC_001148.4	26.786	280	892	511	784	673838	674653	9.39e-21	97.4
CDF90183.1	NC_001147.6	31.419	296	892	506	782	758366	759208	1.27e-30	129
CDF90183.1	NC_001147.6	30.363	303	892	501	789	514188	513313	1.38e-24	110
CDF90183.1	NC_001147.6	27.852	298	892	483	773	570825	569977	1.32e-22	103
CDF90183.1	NC_001142.9	30.201	298	892	508	786	609809	610675	3.40e-26	115
CDF90183.1	NC_001142.9	28.521	284	892	512	786	160736	161542	1.55e-18	90.1
CDF90183.1	NC_001142.9	28.774	212	892	587	786	609767	610372	1.38e-12	70.9
CDF90183.1	NC_001142.9	27.074	229	892	509	730	578133	577465	1.46e-12	70.5
CDF90183.1	NC_001137.3	28.873	284	892	512	786	144459	145307	6.28e-25	111
CDF90183.1	NC_001137.3	23.607	305	892	510	798	259576	258740	1.44e-13	73.9
CDF90183.1	NC_001137.3	28.421	190	892	508	684	144747	145310	4.71e-12	68.9
CDF90183.1	NC_001141.2	28.873	284	892	512	786	344311	345147	4.06e-24	108
CDF90183.1	NC_001141.2	25.444	338	892	475	786	97332	98318	3.02e-13	72.8
CDF90183.1	NC_001141.2	27.451	204	892	500	690	344572	345168	5.43e-12	68.9
CDF90184.1	NC_001139.9	37.931	348	332	3	332	174295	173291	2.59e-50	178
CDF90185.1	NC_001139.9	35.106	282	270	1	270	174545	175342	2.16e-41	150
CDF90186.1	NC_001139.9	64.865	1443	1523	1	1404	180113	175815	0.0	1860
CDF90186.1	NC_001147.6	40.547	402	1523	1	355	421650	420460	4.47e-82	299
CDF90186.1	NC_001147.6	32.808	317	1523	510	799	419841	418966	4.90e-40	162
CDF90187.1	NC_001139.9	47.953	513	524	48	518	180694	182106	3.73e-112	365
CDF90187.1	NC_001139.9	41.117	197	524	33	198	729560	729006	3.08e-13	71.6
CDF90187.1	NC_001139.9	40.553	217	524	77	250	337927	338538	9.56e-11	63.5
CDF90187.1	NC_001145.3	37.278	338	524	36	300	365721	364795	1.14e-14	75.9
CDF90187.1	NC_001145.3	43.182	220	524	92	284	365967	365353	7.78e-11	63.5
CDF90187.1	NC_001143.9	33.652	419	524	4	395	311156	312229	3.56e-13	71.2
CDF90188.1	NC_001139.9	72.193	561	557	1	556	182390	184057	0.0	799
CDF90188.1	NC_001139.9	34.190	389	557	116	499	361526	360402	2.68e-62	221
CDF90188.1	NC_001139.9	28.877	187	557	165	334	382722	382189	5.25e-11	64.3
CDF90188.1	NC_001147.6	32.282	412	557	109	502	723307	724497	1.39e-61	219
CDF90188.1	NC_001147.6	28.078	463	557	60	475	415901	414591	1.93e-37	147
CDF90188.1	NC_001148.4	31.731	416	557	109	507	325832	324627	1.47e-59	213
CDF90188.1	NC_001136.10	34.901	404	557	93	477	949846	948659	5.90e-58	208
CDF90188.1	NC_001136.10	32.124	386	557	119	503	171792	170689	2.53e-51	189
CDF90188.1	NC_001136.10	32.778	360	557	133	487	486903	487943	1.81e-47	177
CDF90188.1	NC_001136.10	29.947	374	557	106	477	305384	306469	3.50e-38	149
CDF90188.1	NC_001136.10	31.967	366	557	142	478	847571	846501	6.00e-37	145
CDF90188.1	NC_001136.10	31.873	251	557	127	366	394640	395341	6.94e-30	124
CDF90188.1	NC_001144.5	30.337	356	557	127	475	132434	133474	8.12e-48	178
CDF90188.1	NC_001144.5	27.924	419	557	127	479	696767	695541	4.19e-36	143
CDF90189.1	NC_001148.4	55.932	118	118	1	118	599870	600214	2.10e-41	143
CDF90190.1	NC_001148.4	78.852	941	922	1	922	596750	599548	0.0	1482
CDF90190.1	NC_001134.8	39.572	561	922	303	852	626450	628033	7.42e-100	343
CDF90190.1	NC_001134.8	31.476	664	922	209	824	176872	174986	2.79e-91	317
CDF90190.1	NC_001139.9	36.130	584	922	288	822	120127	118403	2.12e-99	342
CDF90190.1	NC_001144.5	31.105	733	922	178	858	691630	693720	1.52e-95	330
CDF90190.1	NC_001137.3	35.750	593	922	304	822	87441	89147	1.02e-90	316
CDF90191.1	NC_001148.4	47.898	547	542	1	538	594674	596269	8.30e-112	365
CDF90193.1	NC_001148.4	94.286	245	245	1	245	593069	592335	3.79e-155	475
CDF90194.1	NC_001148.4	85.938	64	134	63	126	584841	584650	6.47e-35	125
CDF90194.1	NC_001148.4	70.833	72	134	57	128	590507	590292	2.82e-34	124
CDF90195.1	NC_001148.4	68.923	325	323	1	322	584042	583068	4.05e-154	476
CDF90195.1	NC_001148.4	29.582	311	323	21	320	601773	600916	5.04e-28	113
CDF90195.1	NC_001148.4	31.841	201	323	27	222	601473	600910	3.79e-19	87.0
CDF90195.1	NC_001148.4	22.045	313	323	26	323	299461	298592	1.52e-16	79.3
CDF90195.1	NC_001148.4	23.765	324	323	12	320	673784	674668	3.93e-15	75.1
CDF90195.1	NC_001140.6	31.861	317	323	27	314	108923	109858	1.16e-45	164
CDF90195.1	NC_001145.3	32.353	306	323	16	315	388226	387348	2.07e-35	135
CDF90195.1	NC_001145.3	24.841	314	323	27	316	594302	593403	3.70e-14	72.0
CDF90195.1	NC_001146.8	30.220	182	323	26	187	472067	472585	6.60e-35	85.5
CDF90195.1	NC_001146.8	32.215	149	323	183	321	472569	473006	6.60e-35	79.0
CDF90195.1	NC_001146.8	21.824	307	323	24	322	625814	625008	4.03e-13	68.9
CDF90195.1	NC_001134.8	32.432	296	323	19	308	416007	416852	2.33e-34	132
CDF90195.1	NC_001134.8	32.302	291	323	24	308	163925	163095	4.84e-32	125
CDF90195.1	NC_001134.8	27.099	262	323	69	315	608024	608764	4.41e-16	77.8
CDF90195.1	NC_001134.8	25.753	299	323	21	314	784542	783697	4.79e-16	77.8
CDF90195.1	NC_001134.8	23.333	330	323	8	320	449724	450644	2.49e-12	66.6
CDF90196.1	NC_001148.4	61.290	62	76	9	70	582564	582379	2.98e-20	81.3
CDF90198.1	NC_001148.4	86.201	1203	1195	1	1195	581196	577588	0.0	2204
CDF90198.1	NC_001147.6	30.210	1046	1195	115	1100	733115	730161	3.86e-114	393
CDF90198.1	NC_001147.6	28.021	1142	1195	78	1100	616437	613171	2.22e-104	363
CDF90199.1	NC_001139.9	75.184	951	942	1	942	190468	187619	0.0	1472
CDF90199.1	NC_001139.9	28.221	978	942	48	856	486119	489028	3.60e-90	315
CDF90199.1	NC_001139.9	27.459	732	942	47	770	482435	480477	6.56e-63	232
CDF90199.1	NC_001136.10	29.503	905	942	25	804	530694	528016	3.07e-101	347
CDF90199.1	NC_001136.10	27.281	1085	942	25	937	534579	531367	3.19e-101	347
CDF90199.1	NC_001136.10	27.122	1084	942	26	937	538461	535252	6.28e-100	343
CDF90199.1	NC_001136.10	28.729	181	942	535	712	1007856	1008308	3.80e-13	72.8
CDF90199.1	NC_001148.4	27.596	732	942	47	770	483161	485119	6.22e-63	232
CDF90199.1	NC_001141.2	24.699	664	942	171	701	262253	264160	4.01e-19	92.4
CDF90199.1	NC_001137.3	23.114	623	942	149	689	91014	92756	8.14e-18	87.8
CDF90200.1	NC_001139.9	67.961	412	415	13	415	186104	187336	0.0	558
CDF90202.1	NC_001142.9	45.983	361	332	2	330	517507	516473	4.75e-84	276
CDF90203.1	NC_001137.3	91.250	160	160	1	160	100769	101248	1.84e-91	288
CDF90203.1	NC_001148.4	58.170	153	160	6	156	105407	104949	1.39e-50	172
CDF90204.1	NC_001142.9	57.930	744	742	12	742	514079	516286	0.0	873
CDF90205.1	NC_001142.9	32.798	1183	1143	2	1139	513742	510251	2.89e-161	531
CDF90206.1	NC_001142.9	62.162	777	771	1	766	507746	510055	0.0	962
CDF90207.1	NC_001137.3	92.063	126	126	1	126	101943	102320	3.61e-76	243
CDF90207.1	NC_001136.10	38.462	91	126	6	96	87596	87868	2.01e-21	87.0
CDF90209.1	NC_001142.9	23.640	1121	1127	1	1063	503963	507163	9.88e-63	234
CDF90210.1	NC_001142.9	50.243	822	849	53	849	503142	500716	0.0	774
CDF90210.1	NC_001137.3	31.635	373	849	482	847	411557	412609	1.30e-43	171
CDF90210.1	NC_001136.10	30.446	381	849	480	848	1378520	1379590	1.85e-42	167
CDF90210.1	NC_001139.9	27.224	371	849	484	840	240024	241055	3.75e-25	111
CDF90210.1	NC_001143.9	25.733	307	849	558	845	422308	421442	3.36e-18	89.0
CDF90211.1	NC_001137.3	79.263	217	216	1	216	107260	107904	8.60e-117	364
CDF90212.1	NC_001137.3	47.384	669	668	14	662	110462	108525	0.0	610
CDF90213.1	NC_001142.9	64.711	1074	1038	4	1038	497394	500603	0.0	1377
CDF90213.1	NC_001147.6	31.613	620	1038	264	855	885063	886724	7.21e-87	307
CDF90213.1	NC_001147.6	33.911	519	1038	264	768	857960	856551	4.65e-84	298
CDF90213.1	NC_001141.2	34.038	520	1038	264	768	119399	120811	5.16e-83	295
CDF90213.1	NC_001148.4	31.818	572	1038	254	769	400300	398738	2.15e-79	284
CDF90213.1	NC_001137.3	31.894	602	1038	191	769	506355	507926	8.19e-77	276
CDF90214.1	NC_001142.9	78.704	108	108	1	108	496683	497006	2.52e-55	182
CDF90215.1	NC_001142.9	58.006	1374	1332	1	1332	496451	492381	0.0	1590
CDF90216.1	NC_001142.9	57.868	394	400	1	392	491081	492259	2.06e-143	449
CDF90216.1	NC_001144.5	37.817	394	400	5	392	573202	572099	2.03e-62	216
CDF90216.1	NC_001136.10	43.069	202	400	6	206	1072455	1071949	1.62e-34	134
CDF90216.1	NC_001136.10	40.351	171	400	6	175	768994	768575	1.65e-29	120
CDF90216.1	NC_001145.3	42.932	191	400	6	194	111068	111541	4.60e-30	121
CDF90216.1	NC_001140.6	40.933	193	400	6	196	218735	218247	1.22e-29	120
CDF90217.1	NC_001137.3	61.571	1426	1446	7	1420	111439	115671	0.0	1785
CDF90217.1	NC_001142.9	49.200	1437	1446	4	1417	490794	486589	0.0	1358
CDF90217.1	NC_001136.10	37.799	209	1446	563	769	799750	799172	3.94e-35	145
CDF90219.1	NC_001137.3	82.890	263	265	1	263	116167	116955	3.89e-150	462
CDF90220.1	NC_001137.3	85.057	87	87	1	87	117211	117471	9.21e-48	160
CDF90221.1	NC_001135.5	67.097	620	614	3	608	160364	158541	0.0	858
CDF90222.1	NC_001137.3	57.297	555	546	4	545	120284	118629	0.0	618
CDF90222.1	NC_001145.3	22.505	511	546	5	459	484369	485814	6.89e-21	95.9
CDF90222.1	NC_001144.5	24.330	485	546	5	461	410744	412141	3.72e-13	71.2
CDF90222.1	NC_001139.9	24.691	486	546	5	461	652960	651563	4.81e-13	70.9
CDF90223.1	NC_001135.5	57.531	478	470	8	470	162171	160747	0.0	580
CDF90223.1	NC_001140.6	29.032	465	470	19	462	143171	141918	2.20e-45	169
CDF90224.1	NC_001137.3	39.357	249	247	3	241	121274	120528	4.62e-56	191
CDF90225.1	NC_001137.3	40.357	280	220	1	220	121471	122307	1.49e-52	180
CDF90226.1	NC_001134.8	41.154	260	321	95	321	43298	44077	1.57e-55	193
CDF90227.1	NC_001147.6	28.457	376	694	257	611	124619	125707	3.77e-32	133
CDF90227.1	NC_001147.6	26.341	410	694	223	610	25681	26847	8.50e-21	96.7
CDF90227.1	NC_001136.10	26.913	379	694	259	611	1444912	1443830	1.17e-28	122
CDF90227.1	NC_001136.10	27.252	444	694	223	646	112084	113331	3.28e-25	110
CDF90227.1	NC_001136.10	25.238	420	694	218	624	12967	11750	7.90e-24	106
CDF90227.1	NC_001136.10	24.934	381	694	252	612	1160822	1159734	2.11e-23	105
CDF90227.1	NC_001136.10	24.934	381	694	252	612	1155430	1154342	2.11e-23	105
CDF90227.1	NC_001136.10	26.178	382	694	252	611	1164171	1163086	5.29e-22	100
CDF90227.1	NC_001136.10	26.498	434	694	210	623	213822	215063	7.39e-22	100
CDF90227.1	NC_001136.10	23.838	495	694	141	611	1508053	1509468	1.30e-21	99.4
CDF90227.1	NC_001136.10	31.373	204	694	409	612	1248786	1248196	1.85e-17	85.9
CDF90227.1	NC_001137.3	25.000	420	694	218	624	22847	21630	2.96e-24	107
CDF90227.1	NC_001146.8	24.762	420	694	218	624	773041	774258	7.12e-24	106
CDF90227.1	NC_001146.8	22.955	440	694	187	612	40005	38716	3.25e-19	91.7
CDF90227.1	NC_001142.9	25.000	420	694	218	624	732833	734050	1.61e-23	105
CDF90227.1	NC_001142.9	28.534	382	694	252	610	27391	28473	3.35e-23	104
CDF90227.1	NC_001142.9	26.585	410	694	223	610	19905	21071	1.47e-21	99.4
CDF90228.1	NC_001134.8	50.796	754	678	1	677	40831	43056	0.0	646
CDF90229.1	NC_001134.8	59.219	461	461	1	459	39145	40515	0.0	585
CDF90230.1	NC_001148.4	86.595	649	737	89	737	610775	612721	0.0	1179
CDF90230.1	NC_001148.4	36.207	232	737	265	491	887459	886779	1.32e-33	138
CDF90230.1	NC_001148.4	33.891	239	737	263	486	417149	417853	4.24e-30	127
CDF90230.1	NC_001145.3	44.064	438	737	268	693	447054	445750	5.96e-114	378
CDF90230.1	NC_001137.3	37.807	529	737	207	697	191146	189602	2.08e-102	345
CDF90230.1	NC_001137.3	32.653	245	737	268	486	244700	243984	3.66e-27	117
CDF90230.1	NC_001136.10	36.466	266	737	239	502	238124	237327	9.46e-50	188
CDF90230.1	NC_001136.10	41.736	242	737	263	500	237230	236508	1.14e-47	182
CDF90230.1	NC_001136.10	34.304	309	737	209	509	438395	439318	5.35e-42	164
CDF90230.1	NC_001136.10	38.314	261	737	257	504	1262140	1262910	5.05e-40	158
CDF90230.1	NC_001136.10	33.548	155	737	283	435	1225822	1225379	3.78e-15	78.6
CDF90230.1	NC_001139.9	40.574	244	737	270	509	410848	410117	1.01e-47	182
CDF90230.1	NC_001139.9	35.540	287	737	255	516	1028558	1029412	3.15e-40	159
CDF90230.1	NC_001139.9	35.217	230	737	265	491	542455	543138	2.59e-26	114
CDF90231.1	NC_001148.4	59.367	379	361	2	361	614510	613380	2.18e-142	444
CDF90231.1	NC_001146.8	24.167	240	361	31	257	585279	584584	2.77e-12	67.0
CDF90232.1	NC_001134.8	82.545	550	550	1	550	37053	38687	0.0	914
CDF90232.1	NC_001134.8	28.667	300	550	130	420	492546	491665	5.40e-28	118
CDF90232.1	NC_001142.9	26.923	390	550	115	495	647889	648998	1.22e-22	101
CDF90233.1	NC_001148.4	64.578	1149	1175	59	1173	615604	619005	0.0	1482
CDF90234.1	NC_001148.4	66.474	173	186	15	185	623702	624199	3.74e-74	240
CDF90235.1	NC_001148.4	55.621	845	836	1	836	626970	624472	0.0	842
CDF90235.1	NC_001148.4	24.138	435	836	5	421	176298	177386	1.18e-16	84.0
CDF90236.1	NC_001134.8	43.892	966	1175	271	1175	27720	24949	0.0	732
CDF90236.1	NC_001148.4	35.129	817	1175	274	996	628423	630780	4.09e-134	452
CDF90237.1	NC_001134.8	74.396	207	212	6	212	24122	24742	5.36e-108	338
CDF90238.1	NC_001134.8	35.654	589	666	78	659	269269	267737	9.70e-101	337
CDF90238.1	NC_001142.9	30.198	606	666	81	659	80323	81885	2.24e-79	275
CDF90239.1	NC_001148.4	43.258	749	726	1	719	631515	633740	0.0	622
CDF90239.1	NC_001139.9	22.749	211	726	240	412	262739	262116	1.38e-11	67.0
CDF90240.1	NC_001134.8	62.736	1060	982	1	982	21293	18180	0.0	1362
CDF90241.1	NC_001134.8	68.951	1182	1161	2	1161	17690	14244	0.0	1632
CDF90241.1	NC_001134.8	27.754	472	1161	761	1154	295855	294461	1.93e-39	159
CDF90241.1	NC_001134.8	31.280	211	1161	883	1077	749783	750403	2.44e-17	87.0
CDF90241.1	NC_001134.8	25.080	311	1161	833	1093	192484	193377	1.00e-14	78.2
CDF90241.1	NC_001145.3	40.634	347	1161	813	1158	474487	473462	1.26e-73	268
CDF90241.1	NC_001145.3	26.460	291	1161	840	1122	270875	270069	1.23e-25	114
CDF90241.1	NC_001145.3	26.582	316	1161	840	1095	852762	853688	4.41e-14	76.3
CDF90241.1	NC_001143.9	39.826	344	1161	813	1155	206682	207698	1.67e-73	268
CDF90241.1	NC_001143.9	38.562	306	1161	828	1127	135462	134563	1.48e-57	218
CDF90241.1	NC_001143.9	24.367	316	1161	821	1101	249121	250044	1.15e-24	110
CDF90241.1	NC_001143.9	26.953	256	1161	803	1047	183390	184139	3.10e-16	83.2
CDF90241.1	NC_001143.9	36.429	140	1161	914	1034	221982	221566	6.51e-16	82.0
CDF90241.1	NC_001143.9	31.061	132	1161	936	1047	348431	348036	9.01e-11	65.1
CDF90241.1	NC_001140.6	38.136	354	1161	813	1155	510533	511579	6.75e-68	250
CDF90241.1	NC_001140.6	28.514	249	1161	834	1079	316638	317372	5.48e-25	112
CDF90241.1	NC_001140.6	30.846	201	1161	840	1034	96062	95496	8.07e-25	111
CDF90241.1	NC_001140.6	28.804	184	1161	911	1076	271080	270544	8.50e-14	75.1
CDF90241.1	NC_001140.6	27.111	225	1161	834	1047	170278	169607	3.04e-12	70.1
CDF90241.1	NC_001148.4	38.961	308	1161	820	1125	166421	167326	6.05e-61	228
CDF90241.1	NC_001148.4	27.988	343	1161	833	1129	747807	748811	2.97e-36	149
CDF90241.1	NC_001148.4	33.333	270	1161	817	1080	157335	156553	1.23e-31	134
CDF90241.1	NC_001148.4	29.562	274	1161	823	1076	263634	262831	1.16e-27	120
CDF90241.1	NC_001148.4	30.483	269	1161	831	1093	268299	269048	1.53e-25	114
CDF90241.1	NC_001148.4	28.261	276	1161	825	1077	285968	285156	8.94e-24	108
CDF90241.1	NC_001148.4	29.924	264	1161	832	1076	288401	287628	1.12e-21	101
CDF90241.1	NC_001148.4	24.444	315	1161	825	1094	492944	492042	3.86e-18	89.4
CDF90241.1	NC_001148.4	28.676	272	1161	791	1046	666283	667068	1.25e-15	81.3
CDF90242.1	NC_001148.4	48.528	1053	1045	1	1045	634123	637221	0.0	1083
CDF90242.1	NC_001134.8	49.190	988	1045	65	1045	13804	10850	0.0	1035
CDF90243.1	NC_001134.8	41.538	195	199	1	195	10551	9979	2.70e-53	181
CDF90244.1	NC_001142.9	50.461	434	494	6	426	578914	580194	7.13e-133	423
CDF90245.1	NC_001148.4	83.399	506	526	22	526	638896	637382	0.0	882
CDF90245.1	NC_001136.10	25.874	429	526	50	443	1026938	1025775	3.83e-22	99.8
CDF90246.1	NC_001142.9	33.729	421	399	1	384	581616	580438	2.08e-62	216
CDF90247.1	NC_001142.9	56.757	111	117	1	108	582255	581938	3.68e-32	117
CDF90248.1	NC_001148.4	54.209	487	466	5	464	639534	640940	5.44e-166	517
CDF90248.1	NC_001142.9	22.756	479	466	9	429	285223	283913	1.09e-16	82.0
CDF90248.1	NC_001138.5	25.500	200	466	8	197	54369	53803	6.48e-12	66.6
CDF90249.1	NC_001148.4	88.219	365	368	2	366	642217	643311	0.0	699
CDF90250.1	NC_001148.4	64.271	473	469	2	469	643851	645269	0.0	592
CDF90252.1	NC_001142.9	42.725	433	401	3	397	583709	584992	3.69e-108	348
CDF90254.1	NC_001142.9	73.077	104	104	1	104	585437	585126	5.52e-45	153
CDF90255.1	NC_001142.9	58.333	96	102	7	102	586134	586397	1.91e-32	117
CDF90256.1	NC_001148.4	52.336	214	220	7	220	647023	646451	2.02e-68	226
CDF90256.1	NC_001139.9	31.973	147	220	38	184	543747	544166	1.24e-24	100
CDF90257.1	NC_001148.4	64.167	360	364	8	364	647335	648372	1.67e-143	448
CDF90258.1	NC_001142.9	51.211	289	288	4	288	587358	586498	2.73e-89	289
CDF90259.1	NC_001148.4	79.851	402	401	1	393	648704	649894	0.0	640
CDF90261.1	NC_001142.9	64.020	1020	1116	137	1110	593940	590881	0.0	1316
CDF90262.1	NC_001142.9	57.080	1137	1153	8	1127	598309	595193	0.0	1119
CDF90262.1	NC_001148.4	43.664	1168	1153	1	1122	653662	650696	0.0	736
CDF90262.1	NC_001139.9	28.185	259	1153	670	907	168613	169344	2.36e-14	77.0
CDF90263.1	NC_001142.9	37.519	669	1592	972	1585	601219	603015	8.45e-113	396
CDF90263.1	NC_001142.9	43.367	196	1592	593	772	600487	601074	1.99e-29	127
CDF90263.1	NC_001142.9	30.526	285	1592	5	260	598750	599397	5.98e-13	73.2
CDF90264.1	NC_001142.9	43.564	303	272	1	254	604203	603304	1.25e-52	182
CDF90265.1	NC_001144.5	46.414	474	520	55	512	338939	337560	9.66e-122	392
CDF90265.1	NC_001144.5	46.774	62	520	3	64	339356	339171	6.24e-11	63.9
CDF90265.1	NC_001147.6	39.899	396	520	60	446	955226	956353	7.46e-93	309
CDF90265.1	NC_001147.6	52.113	71	520	3	70	954539	954751	6.65e-16	80.1
CDF90266.1	NC_001142.9	72.093	43	247	205	246	604703	604575	2.38e-11	62.0
CDF90267.1	NC_001148.4	94.505	91	92	2	92	654572	654844	5.97e-52	172
CDF90267.1	NC_001142.9	94.505	91	92	2	92	608583	608855	6.46e-52	172
CDF90268.1	NC_001142.9	77.570	321	315	2	315	609779	610738	3.60e-165	508
CDF90268.1	NC_001142.9	26.102	295	315	13	298	160727	161551	1.22e-19	88.6
CDF90268.1	NC_001134.8	32.558	301	315	4	294	784554	783691	6.55e-42	153
CDF90268.1	NC_001134.8	24.514	257	315	57	298	608024	608779	2.40e-20	90.5
CDF90268.1	NC_001134.8	26.144	306	315	12	298	449775	450644	2.51e-20	90.5
CDF90268.1	NC_001148.4	32.281	285	315	16	295	601749	600925	7.11e-34	130
CDF90268.1	NC_001148.4	30.952	294	315	15	291	299455	298622	6.77e-32	124
CDF90268.1	NC_001148.4	27.036	307	315	11	294	583973	583086	2.69e-21	93.2
CDF90268.1	NC_001148.4	25.597	293	315	12	298	673832	674668	1.18e-20	91.3
CDF90268.1	NC_001148.4	30.846	201	315	111	295	583973	583392	2.94e-13	69.3
CDF90268.1	NC_001148.4	27.419	186	315	13	192	601476	600937	1.09e-12	67.4
CDF90268.1	NC_001148.4	22.368	304	315	12	288	792189	791320	2.89e-12	66.2
CDF90268.1	NC_001148.4	27.225	191	315	11	197	299134	298607	5.31e-12	65.5
CDF90268.1	NC_001147.6	31.208	298	315	13	291	758375	759208	1.47e-31	123
CDF90268.1	NC_001147.6	26.042	288	315	11	292	570765	569947	4.07e-18	84.0
CDF90268.1	NC_001147.6	27.184	309	315	12	303	514167	513298	7.60e-17	80.1
CDF90268.1	NC_001147.6	30.270	185	315	11	195	758687	759217	8.96e-12	64.7
CDF90268.1	NC_001137.3	26.045	311	315	4	298	144423	145316	4.64e-25	104
CDF90268.1	NC_001137.3	21.147	279	315	29	298	259528	258758	5.54e-11	62.4
CDF90269.1	NC_001142.9	71.886	281	282	3	282	611198	612040	2.79e-137	426
CDF90269.1	NC_001147.6	36.082	291	282	5	267	551141	551983	1.11e-46	166
CDF90269.1	NC_001136.10	34.843	287	282	9	267	1213943	1214773	7.55e-43	155
CDF90269.1	NC_001136.10	31.010	287	282	5	265	240274	241110	1.87e-29	116
CDF90269.1	NC_001140.6	32.686	309	282	1	265	323403	324317	7.83e-42	152
CDF90269.1	NC_001134.8	33.108	296	282	6	266	540056	540916	9.01e-34	129
CDF90270.1	NC_001148.4	51.692	325	438	118	437	656138	655164	8.44e-105	340
CDF90271.1	NC_001142.9	59.688	320	321	8	319	617253	616354	8.68e-122	384
CDF90272.1	NC_001142.9	62.069	261	259	5	254	618237	619019	2.60e-111	350
CDF90273.1	NC_001142.9	56.500	200	187	4	187	619759	619160	4.77e-73	237
CDF90274.1	NC_001148.4	34.615	182	184	2	180	656826	657320	1.62e-20	87.0
CDF90275.1	NC_001134.8	78.032	569	576	1	569	145728	144022	0.0	961
CDF90275.1	NC_001142.9	77.580	562	576	1	560	620754	622439	0.0	931
CDF90276.1	NC_001142.9	75.817	153	154	1	153	623014	622556	1.66e-76	245
CDF90277.1	NC_001134.8	52.083	48	51	1	48	143393	143536	1.29e-14	63.9
CDF90279.1	NC_001134.8	69.194	211	219	8	218	142750	142118	1.26e-95	303
CDF90280.1	NC_001134.8	87.190	242	240	1	240	141247	141969	1.93e-144	444
CDF90280.1	NC_001137.3	22.422	223	240	21	240	349340	348732	4.93e-11	60.8
CDF90281.1	NC_001134.8	62.069	609	606	2	597	140212	138386	0.0	776
CDF90281.1	NC_001134.8	53.774	530	606	79	602	281710	283296	0.0	609
CDF90281.1	NC_001141.2	51.509	530	606	79	602	408741	410327	0.0	592
CDF90281.1	NC_001147.6	27.068	532	606	76	604	461222	459660	4.86e-56	204
CDF90281.1	NC_001147.6	28.508	449	606	84	523	700492	699185	7.69e-53	194
CDF90281.1	NC_001144.5	28.889	450	606	83	523	612439	613749	3.27e-54	199
CDF90282.1	NC_001134.8	63.333	60	168	1	59	136688	136867	9.04e-19	81.3
CDF90282.1	NC_001142.9	54.000	50	168	6	54	640170	640319	1.73e-11	60.1
CDF90283.1	NC_001134.8	61.050	457	448	1	448	135516	134146	0.0	570
CDF90283.1	NC_001144.5	28.959	442	448	4	428	493239	491920	2.00e-51	186
CDF90285.1	NC_001142.9	66.359	217	250	35	250	638882	638235	9.68e-98	311
CDF90287.1	NC_001134.8	48.101	237	1370	1152	1370	128524	127898	3.40e-45	178
CDF90287.1	NC_001141.2	33.333	123	1370	264	386	368219	367854	2.24e-12	70.9
CDF90288.1	NC_001142.9	49.505	202	205	1	202	637030	637629	9.98e-65	214
CDF90289.1	NC_001142.9	57.951	283	278	1	278	636706	635858	1.73e-114	360
CDF90290.1	NC_001142.9	51.271	708	668	1	668	633615	635678	0.0	695
CDF90291.1	NC_001134.8	58.389	149	150	1	149	126828	127238	3.27e-51	173
CDF90292.1	NC_001134.8	66.431	283	292	10	292	125268	126116	2.19e-125	392
CDF90293.1	NC_001142.9	81.110	1117	1115	1	1115	632941	629591	0.0	1905
CDF90293.1	NC_001142.9	56.379	1066	1115	31	1086	171047	167901	0.0	1170
CDF90293.1	NC_001142.9	29.262	393	1115	579	956	171053	169887	2.75e-36	149
CDF90294.1	NC_001142.9	70.229	524	529	10	528	135903	134338	0.0	770
CDF90295.1	NC_001143.9	65.017	303	353	50	351	567024	566122	3.38e-134	421
CDF90296.1	NC_001142.9	58.105	950	884	1	884	133935	131104	0.0	1044
CDF90297.1	NC_001142.9	70.470	447	450	1	446	130643	129303	0.0	681
CDF90297.1	NC_001141.2	41.549	426	450	13	404	165215	163953	2.40e-94	310
CDF90297.1	NC_001144.5	27.689	437	450	13	420	820757	822043	4.77e-52	187
CDF90299.1	NC_001142.9	32.811	893	853	5	849	126328	123845	1.28e-120	402
CDF90301.1	NC_001142.9	51.613	496	496	1	496	120449	121687	1.28e-106	348
CDF90301.1	NC_001142.9	42.143	280	496	222	496	118651	117965	1.66e-49	181
CDF90301.1	NC_001142.9	65.517	116	496	381	496	122615	122268	1.00e-48	179
CDF90301.1	NC_001142.9	40.940	149	496	1	149	118825	118469	1.52e-21	97.4
CDF90301.1	NC_001143.9	43.863	497	496	1	496	144401	145375	1.54e-95	316
CDF90301.1	NC_001143.9	49.505	303	496	196	496	142564	141797	3.52e-69	239
CDF90301.1	NC_001143.9	45.455	286	496	1	275	142819	142148	8.01e-36	141
CDF90301.1	NC_001143.9	64.000	50	496	398	446	146183	146034	6.87e-18	67.4
CDF90301.1	NC_001143.9	37.736	53	496	444	496	146041	145883	6.87e-18	40.4
CDF90304.1	NC_001142.9	32.121	165	179	21	177	117302	117778	1.00e-25	101
CDF90305.1	NC_001142.9	48.734	158	508	1	150	115629	115156	2.70e-36	142
CDF90305.1	NC_001142.9	31.884	345	508	167	495	114864	113899	4.66e-28	117
CDF90306.1	NC_001143.9	72.035	919	917	1	916	140691	137941	0.0	1376
CDF90306.1	NC_001142.9	28.571	196	917	165	349	317743	318303	3.25e-11	66.2
CDF90307.1	NC_001142.9	40.871	482	557	57	504	113114	111672	1.70e-104	344
CDF90308.1	NC_001143.9	82.369	363	417	67	417	135600	134512	0.0	632
CDF90308.1	NC_001143.9	45.392	293	417	104	393	206736	207605	7.16e-80	267
CDF90308.1	NC_001143.9	28.526	312	417	89	361	249121	250026	2.03e-39	149
CDF90308.1	NC_001143.9	26.877	253	417	110	302	222318	221566	6.14e-18	85.1
CDF90308.1	NC_001143.9	25.979	281	417	51	315	183345	184139	6.59e-18	85.1
CDF90308.1	NC_001143.9	25.221	226	417	157	346	348590	347943	1.70e-14	74.7
CDF90308.1	NC_001142.9	74.807	389	417	35	417	111135	109969	0.0	620
CDF90308.1	NC_001142.9	31.933	238	417	78	302	250705	251394	8.54e-29	118
CDF90308.1	NC_001142.9	30.619	307	417	98	373	179053	178169	8.19e-24	103
CDF90308.1	NC_001142.9	26.316	228	417	107	323	149286	148621	1.01e-16	81.6
CDF90308.1	NC_001142.9	26.906	223	417	102	307	77948	77289	5.61e-16	79.3
CDF90308.1	NC_001142.9	26.160	237	417	111	305	546561	547241	1.94e-13	71.2
CDF90308.1	NC_001142.9	26.515	264	417	107	315	221501	222283	6.64e-13	69.7
CDF90308.1	NC_001148.4	76.562	320	417	98	417	166436	167395	1.87e-177	548
CDF90308.1	NC_001148.4	33.219	292	417	72	361	157356	156529	7.32e-46	168
CDF90308.1	NC_001148.4	29.787	376	417	76	399	747720	748817	1.28e-44	165
CDF90308.1	NC_001148.4	32.660	297	417	89	361	285983	285123	1.72e-37	144
CDF90308.1	NC_001148.4	32.979	282	417	106	372	268305	269099	9.48e-36	139
CDF90308.1	NC_001148.4	27.640	322	417	77	361	263739	262795	7.63e-35	136
CDF90308.1	NC_001148.4	32.195	205	417	105	302	288401	287790	9.55e-25	105
CDF90308.1	NC_001148.4	24.679	312	417	99	363	492941	492039	6.76e-16	79.0
CDF90308.1	NC_001148.4	26.316	228	417	107	308	666391	667047	1.99e-14	74.3
CDF90308.1	NC_001148.4	28.272	191	417	135	305	501916	501350	6.03e-13	69.7
CDF90308.1	NC_001145.3	46.259	294	417	104	394	474433	473561	1.31e-81	272
CDF90308.1	NC_001145.3	29.720	286	417	42	322	271061	270234	5.48e-38	145
CDF90308.1	NC_001145.3	25.670	261	417	112	314	852759	853541	1.49e-15	77.8
CDF90308.1	NC_001145.3	30.288	208	417	107	298	546239	546832	2.30e-11	64.7
CDF90308.1	NC_001140.6	43.624	298	417	102	393	510581	511468	5.98e-73	247
CDF90308.1	NC_001140.6	32.301	226	417	107	323	316638	317285	3.30e-27	113
CDF90308.1	NC_001140.6	34.228	149	417	164	309	95918	95475	6.17e-24	103
CDF90308.1	NC_001140.6	22.458	236	417	107	323	170278	169586	2.61e-13	70.9
CDF90308.1	NC_001140.6	29.710	138	417	181	306	271080	270670	2.72e-11	64.3
CDF90309.1	NC_001143.9	47.328	131	133	1	130	134134	133745	1.48e-35	127
CDF90311.1	NC_001142.9	42.760	884	787	3	776	109461	106924	0.0	624
CDF90311.1	NC_001142.9	26.239	343	787	464	774	546546	547493	5.83e-22	100
CDF90311.1	NC_001142.9	22.152	316	787	473	775	250792	251622	3.85e-12	68.9
CDF90311.1	NC_001143.9	52.672	524	787	269	777	132787	131297	2.15e-168	538
CDF90311.1	NC_001143.9	27.703	296	787	508	774	69554	68691	2.22e-21	99.0
CDF90311.1	NC_001143.9	27.313	227	787	550	769	249442	250032	1.25e-17	87.0
CDF90311.1	NC_001143.9	27.041	196	787	598	767	150291	149734	3.12e-12	69.3
CDF90311.1	NC_001143.9	32.215	149	787	549	696	135270	134866	1.80e-11	66.6
CDF90311.1	NC_001135.5	38.535	314	787	463	773	129400	130257	2.10e-61	224
CDF90311.1	NC_001135.5	27.928	222	787	549	769	79420	80022	3.41e-18	88.6
CDF90311.1	NC_001135.5	26.480	321	787	473	780	243469	242615	2.12e-15	79.7
CDF90311.1	NC_001147.6	35.926	270	787	465	731	824234	823518	5.32e-44	171
CDF90311.1	NC_001147.6	28.959	221	787	549	768	776173	776787	1.38e-19	93.2
CDF90311.1	NC_001147.6	27.303	304	787	474	772	295964	295179	9.79e-18	87.4
CDF90311.1	NC_001147.6	28.750	240	787	467	695	105400	106059	3.91e-14	75.5
CDF90311.1	NC_001147.6	26.403	303	787	473	768	246032	246796	3.12e-12	69.3
CDF90311.1	NC_001136.10	30.275	327	787	456	773	406339	405464	5.16e-39	155
CDF90311.1	NC_001136.10	29.358	327	787	473	773	75450	74569	3.42e-34	140
CDF90311.1	NC_001136.10	29.767	215	787	549	763	1465516	1464932	1.42e-19	93.2
CDF90311.1	NC_001136.10	29.091	220	787	549	768	1412709	1413293	1.58e-18	89.7
CDF90311.1	NC_001136.10	23.453	307	787	471	769	695066	695899	8.14e-16	80.9
CDF90311.1	NC_001136.10	30.588	170	787	529	694	267896	268378	5.74e-13	71.6
CDF90311.1	NC_001136.10	26.160	237	787	474	696	1395169	1395801	5.84e-12	68.6
CDF90311.1	NC_001136.10	26.000	250	787	550	783	956370	957041	1.29e-11	67.4
CDF90312.1	NC_001143.9	83.333	138	138	1	138	130634	131047	5.01e-76	243
CDF90313.1	NC_001143.9	35.425	717	724	7	629	127673	129736	7.83e-108	360
CDF90313.1	NC_001143.9	49.474	95	724	632	722	129938	130222	5.09e-24	107
CDF90313.1	NC_001138.5	26.368	201	724	318	510	173769	173230	7.69e-14	74.3
CDF90313.1	NC_001147.6	25.904	166	724	318	479	295982	295524	4.21e-13	72.0
CDF90313.1	NC_001135.5	32.544	169	724	320	477	79228	79686	2.19e-11	66.2
CDF90313.1	NC_001133.9	27.215	158	724	320	477	175057	174629	3.89e-11	65.5
CDF90314.1	NC_001142.9	79.787	94	94	1	94	106434	106715	6.70e-49	163
CDF90315.1	NC_001142.9	77.907	344	348	5	348	105038	106069	0.0	569
CDF90316.1	NC_001143.9	74.510	255	403	155	403	126275	127039	1.76e-120	384
CDF90317.1	NC_001143.9	55.567	1006	952	2	952	122529	125537	0.0	1091
CDF90317.1	NC_001136.10	28.104	886	952	100	924	1243221	1245722	3.27e-91	318
CDF90317.1	NC_001147.6	27.991	886	952	100	924	575089	577590	6.08e-91	317
CDF90317.1	NC_001146.8	25.793	473	952	468	877	328324	326939	3.35e-28	122
CDF90317.1	NC_001146.8	28.529	333	952	118	393	330028	329087	5.17e-24	108
CDF90317.1	NC_001144.5	27.869	183	952	120	284	273711	273175	1.47e-11	67.4
CDF90318.1	NC_001143.9	69.501	541	589	1	536	122236	120614	0.0	736
CDF90318.1	NC_001139.9	28.817	524	589	48	563	363766	362240	2.89e-49	183
CDF90318.1	NC_001146.8	23.455	550	589	29	514	733249	731648	3.66e-26	113
CDF90319.1	NC_001143.9	47.647	510	450	7	449	118802	120298	4.83e-139	439
CDF90320.1	NC_001143.9	42.093	841	746	1	742	117986	115515	4.36e-177	561
CDF90321.1	NC_001142.9	63.127	678	679	15	664	104353	102323	0.0	867
CDF90321.1	NC_001140.6	34.286	140	679	111	248	348860	349279	1.37e-19	92.8
CDF90322.1	NC_001142.9	32.828	198	207	18	200	101764	101171	4.18e-22	92.4
CDF90323.1	NC_001142.9	57.286	398	398	5	398	100897	99707	1.09e-152	476
CDF90323.1	NC_001134.8	44.215	242	398	108	343	563910	563236	3.14e-47	172
CDF90324.1	NC_001143.9	53.828	431	502	1	426	114627	113350	6.94e-159	498
CDF90325.1	NC_001147.6	60.506	514	576	58	571	38387	36846	0.0	679
CDF90325.1	NC_001142.9	55.277	559	576	19	572	97782	99452	0.0	667
CDF90326.1	NC_001142.9	63.934	122	116	1	116	96529	96164	5.36e-49	165
CDF90327.1	NC_001142.9	48.881	268	268	7	257	95113	95910	2.99e-75	247
CDF90327.1	NC_001136.10	40.876	274	268	3	256	365877	365086	7.36e-50	174
CDF90328.1	NC_001137.3	84.420	828	811	1	811	410189	412615	0.0	1383
CDF90328.1	NC_001136.10	45.198	354	811	459	809	1378526	1379587	1.06e-94	324
CDF90328.1	NC_001142.9	31.200	375	811	459	809	501825	500722	1.12e-40	161
CDF90328.1	NC_001139.9	31.356	354	811	461	802	240024	241055	8.26e-36	145
CDF90328.1	NC_001143.9	27.070	314	811	533	807	422305	421442	4.77e-23	104
CDF90329.1	NC_001139.9	28.092	477	484	1	413	173079	171661	2.14e-37	145
CDF90330.1	NC_001139.9	61.891	677	781	1	605	168067	170085	0.0	776
CDF90330.1	NC_001139.9	35.806	310	781	142	449	467851	468681	5.15e-49	186
CDF90330.1	NC_001144.5	30.960	323	781	140	449	123085	122216	5.14e-37	149
CDF90330.1	NC_001148.4	25.641	390	781	154	535	652003	650999	2.51e-14	76.3
CDF90331.1	NC_001137.3	88.889	261	260	1	260	414179	413397	3.47e-159	488
CDF90332.1	NC_001137.3	50.418	359	304	1	304	414481	415551	4.08e-96	309
CDF90333.1	NC_001137.3	50.739	203	177	1	176	415859	416467	3.15e-60	200
CDF90334.1	NC_001137.3	42.531	1225	1120	8	1120	417308	420703	0.0	730
CDF90334.1	NC_001139.9	47.941	340	1120	94	433	165013	164057	4.51e-88	312
CDF90334.1	NC_001139.9	28.464	267	1120	117	363	668717	669433	3.02e-19	93.2
CDF90334.1	NC_001139.9	26.857	350	1120	117	423	160134	161012	3.16e-17	86.3
CDF90334.1	NC_001139.9	25.670	261	1120	117	363	593599	594261	2.90e-12	70.1
CDF90334.1	NC_001139.9	26.241	282	1120	114	375	207384	208136	2.01e-11	67.4
CDF90334.1	NC_001143.9	32.890	301	1120	111	381	348893	348021	4.46e-37	151
CDF90334.1	NC_001143.9	31.143	350	1120	109	429	249127	250017	3.73e-24	109
CDF90334.1	NC_001143.9	26.056	284	1120	103	385	135486	134791	2.47e-21	100
CDF90334.1	NC_001143.9	25.075	335	1120	101	431	206694	207509	2.86e-18	89.7
CDF90334.1	NC_001143.9	25.087	287	1120	108	388	183477	184190	1.83e-15	80.5
CDF90334.1	NC_001135.5	28.571	336	1120	116	436	275370	276230	4.11e-28	122
CDF90334.1	NC_001135.5	29.653	317	1120	117	429	79222	80007	5.40e-22	102
CDF90334.1	NC_001135.5	23.739	337	1120	37	363	243709	242828	4.96e-14	75.9
CDF90334.1	NC_001135.5	25.692	253	1120	117	359	129412	130044	3.39e-12	69.7
CDF90334.1	NC_001136.10	32.692	260	1120	107	363	1465762	1465094	7.83e-26	114
CDF90334.1	NC_001136.10	27.879	330	1120	114	442	1412526	1413311	1.32e-25	114
CDF90334.1	NC_001136.10	25.862	348	1120	111	440	695039	695917	2.05e-23	106
CDF90334.1	NC_001136.10	31.408	277	1120	96	363	1487038	1486388	2.97e-20	96.3
CDF90334.1	NC_001136.10	25.937	347	1120	121	456	1395163	1396056	1.96e-19	93.6
CDF90334.1	NC_001136.10	28.269	283	1120	104	363	281281	280586	1.43e-17	87.4
CDF90334.1	NC_001136.10	26.706	337	1120	117	435	1433896	1433060	4.14e-17	85.9
CDF90334.1	NC_001136.10	22.866	328	1120	123	426	75447	74605	3.81e-13	73.2
CDF90334.1	NC_001136.10	22.383	277	1120	88	363	406390	405677	2.18e-12	70.5
CDF90334.1	NC_001136.10	26.087	276	1120	118	379	173048	173755	4.02e-12	69.7
CDF90334.1	NC_001136.10	22.981	322	1120	176	495	401836	400988	5.28e-11	65.9
CDF90335.1	NC_001139.9	59.848	924	893	12	892	160128	162749	0.0	992
CDF90335.1	NC_001139.9	28.707	317	893	14	312	207393	208265	6.67e-27	117
CDF90335.1	NC_001139.9	26.936	297	893	8	280	164929	164201	3.35e-18	89.0
CDF90335.1	NC_001139.9	26.235	324	893	11	304	668708	669583	4.29e-18	89.0
CDF90335.1	NC_001139.9	24.823	282	893	14	278	593599	594312	3.70e-14	75.9
CDF90335.1	NC_001139.9	30.732	205	893	142	308	575764	576315	4.70e-13	72.4
CDF90335.1	NC_001136.10	29.936	314	893	12	324	1412529	1413317	2.88e-33	138
CDF90335.1	NC_001136.10	29.968	317	893	1	308	281287	280430	7.82e-31	130
CDF90335.1	NC_001136.10	32.692	260	893	59	315	1465558	1464920	3.04e-28	122
CDF90335.1	NC_001136.10	26.686	341	893	13	332	1433899	1433039	1.85e-24	109
CDF90335.1	NC_001136.10	26.710	307	893	63	364	695279	696049	1.26e-22	103
CDF90335.1	NC_001136.10	25.515	388	893	14	382	1486987	1485986	6.52e-22	101
CDF90335.1	NC_001136.10	25.887	282	893	4	263	402004	401303	3.16e-17	85.9
CDF90335.1	NC_001136.10	23.494	332	893	11	326	173024	173911	7.69e-15	78.2
CDF90335.1	NC_001145.3	29.831	295	893	20	311	270875	270138	3.03e-33	138
CDF90335.1	NC_001145.3	27.541	305	893	2	305	474454	473696	8.85e-25	110
CDF90335.1	NC_001145.3	25.150	334	893	15	303	852747	853646	1.28e-13	73.9
CDF90335.1	NC_001145.3	27.715	267	893	6	264	546215	546865	1.64e-12	70.5
CDF90335.1	NC_001142.9	28.146	302	893	9	305	110931	110182	1.88e-32	135
CDF90335.1	NC_001142.9	27.832	309	893	12	303	250756	251538	2.86e-19	92.8
CDF90335.1	NC_001142.9	26.633	199	893	74	269	221765	222280	1.65e-13	73.6
CDF90335.1	NC_001142.9	25.581	258	893	19	269	179011	178376	2.89e-12	69.7
CDF90335.1	NC_001142.9	27.564	156	893	132	287	148995	148600	3.76e-11	65.9
CDF90335.1	NC_001143.9	28.669	293	893	13	305	135447	134725	7.55e-31	130
CDF90335.1	NC_001143.9	29.070	258	893	60	315	249400	250026	3.81e-24	108
CDF90335.1	NC_001143.9	27.124	306	893	2	306	206715	207476	6.29e-24	107
CDF90335.1	NC_001143.9	24.731	279	893	18	257	222315	221566	3.04e-16	82.8
CDF90335.1	NC_001143.9	25.818	275	893	9	264	150636	149968	7.49e-15	78.2
CDF90335.1	NC_001143.9	24.771	218	893	74	269	348599	348039	1.27e-12	70.9
CDF90336.1	NC_001139.9	40.992	383	517	6	385	157921	158835	1.54e-76	261
CDF90337.1	NC_001139.9	50.459	218	220	3	220	157196	156546	1.49e-67	223
CDF90338.1	NC_001137.3	33.585	530	482	7	479	422446	421124	1.12e-59	211
CDF90338.1	NC_001143.9	61.404	57	482	422	478	324929	325099	4.62e-19	89.7
CDF90338.1	NC_001145.3	69.231	52	482	427	478	344579	344424	1.43e-18	88.2
CDF90338.1	NC_001139.9	50.769	65	482	419	481	95882	96073	2.08e-12	68.6
CDF90339.1	NC_001139.9	62.664	458	455	5	455	155991	154618	0.0	600
CDF90339.1	NC_001133.9	34.837	399	455	13	399	130853	131974	7.93e-59	207
CDF90339.1	NC_001144.5	27.546	432	455	15	383	732599	733807	4.84e-25	107
CDF90339.1	NC_001140.6	28.016	257	455	144	396	335249	334551	2.80e-18	86.7
CDF90339.1	NC_001138.5	24.759	311	455	15	312	264276	265085	1.04e-15	79.0
CDF90340.1	NC_001139.9	55.172	377	376	2	376	154291	153170	1.12e-133	420
CDF90340.1	NC_001148.4	25.824	364	376	30	359	337023	336001	3.78e-23	100
CDF90340.1	NC_001146.8	25.077	323	376	39	358	122065	121211	7.04e-17	81.3
CDF90341.1	NC_001139.9	76.667	150	154	1	150	150171	149722	6.83e-77	246
CDF90342.1	NC_001139.9	90.756	119	119	1	119	148588	148232	3.43e-68	220
CDF90342.1	NC_001137.3	89.076	119	119	1	119	423952	424308	1.70e-62	204
CDF90343.1	NC_001139.9	76.996	526	507	1	506	147389	145815	0.0	834
CDF90344.1	NC_001139.9	69.531	128	127	1	127	144808	145191	5.82e-58	191
CDF90345.1	NC_001139.9	56.699	515	533	8	502	142261	143805	0.0	603
CDF90346.1	NC_001139.9	80.225	445	448	3	444	141717	140383	0.0	775
CDF90346.1	NC_001146.8	49.760	416	448	26	441	19245	18013	1.80e-137	434
CDF90346.1	NC_001146.8	28.571	336	448	17	328	593392	594381	6.57e-34	134
CDF90346.1	NC_001148.4	37.826	230	448	109	334	683870	683193	4.00e-42	158
CDF90347.1	NC_001136.10	25.858	437	641	13	390	511659	510448	6.49e-23	103
CDF90349.1	NC_001139.9	62.308	2669	2675	9	2674	131537	139528	0.0	3387
CDF90349.1	NC_001144.5	25.795	283	2675	1386	1656	636945	637775	2.60e-17	88.2
CDF90349.1	NC_001146.8	25.651	269	2675	1395	1656	606526	607314	6.32e-16	84.0
CDF90350.1	NC_001139.9	59.207	429	429	1	429	129883	131166	7.11e-174	538
CDF90351.1	NC_001139.9	45.869	1537	1581	1	1443	124698	129137	0.0	1091
CDF90351.1	NC_001137.3	39.037	1765	1581	1	1555	430449	425335	0.0	984
CDF90352.1	NC_001139.9	54.008	237	226	2	226	123606	124295	3.10e-71	234
CDF90353.1	NC_001137.3	99.605	253	312	60	312	433197	433955	8.03e-172	526
CDF90353.1	NC_001137.3	90.164	61	312	1	61	432495	432677	7.56e-28	112
CDF90353.1	NC_001145.3	62.903	310	312	6	312	240456	239527	7.81e-133	415
CDF90353.1	NC_001145.3	37.201	293	312	37	289	160531	161400	4.50e-63	214
CDF90353.1	NC_001136.10	63.226	310	312	6	312	1336006	1336935	6.86e-132	412
CDF90353.1	NC_001136.10	46.809	282	312	29	305	220525	219683	8.94e-85	277
CDF90353.1	NC_001136.10	45.745	282	312	29	305	124728	123886	4.60e-84	275
CDF90353.1	NC_001136.10	42.373	295	312	6	299	597159	598016	7.45e-77	254
CDF90353.1	NC_001136.10	43.214	280	312	29	305	369825	370661	1.74e-75	250
CDF90353.1	NC_001148.4	59.197	299	312	5	297	208865	209761	3.81e-121	381
CDF90353.1	NC_001146.8	39.510	286	312	29	301	686055	686912	2.89e-70	235
CDF90354.1	NC_001139.9	75.269	186	201	16	201	123254	122697	1.13e-98	311
CDF90354.1	NC_001140.6	29.032	186	201	29	195	332375	332899	3.29e-12	63.2
CDF90354.1	NC_001133.9	27.473	182	201	28	195	154631	154086	1.26e-11	61.6
CDF90355.1	NC_001148.4	62.712	118	85	1	85	883239	883592	1.78e-39	136
CDF90357.1	NC_001144.5	51.333	300	312	1	294	1053629	1054528	1.01e-99	320
CDF90358.1	NC_001148.4	56.250	192	195	1	191	885796	886371	3.04e-60	201
CDF90358.1	NC_001144.5	47.739	199	195	1	194	1055070	1055660	2.67e-57	192
CDF90359.1	NC_001148.4	81.465	437	431	1	431	887837	886527	0.0	730
CDF90359.1	NC_001148.4	43.692	325	431	118	431	417143	418024	6.96e-77	259
CDF90359.1	NC_001148.4	35.556	225	431	122	341	611303	611962	1.40e-33	132
CDF90359.1	NC_001137.3	52.675	243	431	125	347	244700	243972	1.88e-74	252
CDF90359.1	NC_001137.3	38.430	242	431	125	348	190936	190232	2.41e-34	135
CDF90359.1	NC_001136.10	36.218	312	431	119	418	237233	236337	1.70e-48	176
CDF90359.1	NC_001136.10	38.053	226	431	125	347	238034	237363	5.78e-42	157
CDF90359.1	NC_001136.10	38.189	254	431	103	348	1262137	1262871	1.24e-37	144
CDF90359.1	NC_001136.10	36.179	246	431	119	356	438563	439297	4.06e-35	137
CDF90359.1	NC_001146.8	36.129	310	431	123	416	20455	19583	1.43e-47	174
CDF90359.1	NC_001139.9	40.171	234	431	124	348	1028594	1029289	8.93e-47	171
CDF90359.1	NC_001139.9	33.475	236	431	111	344	542422	543126	1.35e-41	156
CDF90359.1	NC_001139.9	38.115	244	431	114	347	410890	410174	1.82e-38	147
CDF90360.1	NC_001144.5	35.224	335	325	1	323	1056771	1055821	2.96e-40	149
CDF90360.1	NC_001148.4	46.715	137	325	181	304	888489	888085	1.70e-28	114
CDF90361.1	NC_001148.4	58.129	695	684	1	684	888974	891040	0.0	811
CDF90362.1	NC_001148.4	70.126	318	321	4	321	892060	891107	1.95e-161	497
CDF90362.1	NC_001136.10	30.292	274	321	80	319	295867	295064	7.85e-28	112
CDF90362.1	NC_001139.9	27.982	218	321	132	318	214570	215196	1.67e-11	63.9
CDF90363.1	NC_001148.4	47.100	431	463	36	459	892452	893723	7.96e-125	399
CDF90363.1	NC_001148.4	23.790	248	463	232	460	266956	266255	9.11e-15	75.9
CDF90363.1	NC_001148.4	27.222	180	463	224	396	267127	266597	3.80e-13	70.9
CDF90363.1	NC_001148.4	30.247	162	463	304	461	267127	266651	1.80e-11	65.5
CDF90363.1	NC_001135.5	33.333	162	463	309	463	261117	260632	9.09e-22	97.8
CDF90363.1	NC_001135.5	36.134	119	463	257	375	241170	240814	1.34e-18	87.8
CDF90363.1	NC_001135.5	23.385	325	463	183	459	241779	240814	1.16e-17	85.1
CDF90363.1	NC_001135.5	25.108	231	463	234	461	222409	221723	1.01e-15	79.0
CDF90363.1	NC_001135.5	22.745	255	463	234	460	261084	260335	2.53e-15	77.8
CDF90363.1	NC_001135.5	27.811	169	463	258	417	241944	241441	2.77e-15	77.4
CDF90363.1	NC_001135.5	29.078	141	463	279	418	241233	240811	2.33e-13	71.2
CDF90363.1	NC_001135.5	27.059	170	463	304	463	241932	241429	8.92e-11	63.2
CDF90363.1	NC_001134.8	24.111	253	463	226	462	617110	616352	2.11e-21	96.7
CDF90363.1	NC_001134.8	36.641	131	463	255	380	616738	616346	3.59e-20	92.8
CDF90363.1	NC_001134.8	30.201	149	463	317	462	582477	582914	7.26e-11	63.5
CDF90363.1	NC_001136.10	25.830	271	463	183	420	198128	197328	1.92e-18	87.4
CDF90363.1	NC_001136.10	24.255	235	463	257	461	198167	197463	3.62e-14	73.9
CDF90363.1	NC_001136.10	29.213	178	463	298	460	1003355	1002822	2.93e-11	64.7
CDF90363.1	NC_001136.10	28.916	166	463	257	417	1203748	1203251	1.00e-10	63.2
CDF90363.1	NC_001144.5	24.380	242	463	234	459	400986	401708	1.49e-17	84.7
CDF90363.1	NC_001144.5	25.909	220	463	258	460	580490	579837	2.32e-17	84.0
CDF90364.1	NC_001148.4	56.923	650	642	1	642	895764	893815	0.0	729
CDF90365.1	NC_001148.4	85.658	767	757	1	756	899667	897367	0.0	1388
CDF90365.1	NC_001140.6	30.827	133	757	249	379	178807	179202	2.25e-11	66.2
CDF90366.1	NC_001144.5	60.705	397	393	2	393	1057328	1058515	2.31e-143	449
CDF90367.1	NC_001148.4	70.000	70	103	9	78	900233	900442	6.96e-29	107
CDF90368.1	NC_001148.4	75.655	267	266	1	265	900755	901555	7.24e-135	418
CDF90369.1	NC_001148.4	67.731	1534	1524	3	1523	902044	906642	0.0	2205
CDF90370.1	NC_001148.4	57.736	265	697	7	261	907239	908033	2.76e-91	311
CDF90371.1	NC_001148.4	51.966	356	418	45	375	910887	909820	6.36e-118	377
CDF90371.1	NC_001142.9	30.570	193	418	44	228	330973	330440	2.14e-14	74.3
CDF90371.1	NC_001139.9	37.719	114	418	23	134	22271	22600	9.50e-14	72.0
CDF90371.1	NC_001147.6	31.034	145	418	26	168	535815	536210	6.18e-13	69.7
CDF90371.1	NC_001147.6	35.593	118	418	74	184	535836	536180	7.51e-12	66.2
CDF90372.1	NC_001148.4	81.169	154	161	8	161	911354	911797	2.20e-75	243
CDF90373.1	NC_001148.4	41.718	163	159	1	159	912479	911991	1.15e-37	134
CDF90375.1	NC_001148.4	60.476	630	645	28	645	918966	917083	0.0	758
CDF90376.1	NC_001143.9	55.474	685	653	2	653	407232	405193	0.0	740
CDF90376.1	NC_001145.3	30.636	519	653	128	626	428577	427174	9.61e-52	192
CDF90376.1	NC_001144.5	28.952	601	653	125	628	997265	998950	1.26e-42	165
CDF90376.1	NC_001137.3	30.134	521	653	178	650	543613	545046	5.48e-41	160
CDF90376.1	NC_001140.6	29.668	482	653	182	634	426034	424790	1.89e-33	136
CDF90377.1	NC_001143.9	69.969	323	325	1	321	404111	405079	2.37e-159	491
CDF90378.1	NC_001143.9	42.169	83	101	14	94	403846	403598	9.66e-17	72.4
CDF90379.1	NC_001141.2	29.845	258	354	50	284	403830	404579	7.53e-24	102
CDF90380.1	NC_001141.2	64.451	346	357	12	356	405937	404900	1.20e-159	494
CDF90381.1	NC_001143.9	55.016	309	317	4	304	402583	403503	8.45e-111	352
CDF90381.1	NC_001142.9	25.943	212	317	28	224	387273	386638	1.39e-18	85.5
CDF90382.1	NC_001141.2	41.261	1110	1075	40	1072	416199	419447	0.0	759
CDF90382.1	NC_001143.9	43.419	585	1075	545	1071	400559	398853	3.45e-124	419
CDF90382.1	NC_001143.9	51.082	231	1075	134	351	401831	401139	1.73e-67	248
CDF90383.1	NC_001143.9	61.082	388	389	3	369	398570	397413	1.45e-160	498
CDF90384.1	NC_001141.2	86.027	365	371	2	366	420730	419636	0.0	662
CDF90385.1	NC_001143.9	53.708	782	752	1	737	397122	394834	0.0	807
CDF90387.1	NC_001143.9	70.619	194	304	111	304	393110	392529	2.77e-89	289
CDF90387.1	NC_001136.10	26.794	209	304	119	296	916510	917130	2.08e-19	87.4
CDF90387.1	NC_001137.3	27.273	187	304	123	276	526034	526591	9.42e-13	67.4
CDF90388.1	NC_001141.2	62.249	249	249	1	249	421790	421044	8.64e-105	331
CDF90388.1	NC_001141.2	49.225	258	249	1	249	422865	422092	3.25e-80	261
CDF90389.1	NC_001143.9	44.748	695	641	1	641	392279	390243	0.0	572
CDF90390.1	NC_001140.6	40.468	299	294	9	294	168540	167680	8.95e-57	195
CDF90391.1	NC_001140.6	32.207	503	516	20	511	204658	206136	1.18e-79	270
CDF90391.1	NC_001144.5	34.238	479	516	50	511	85167	86549	2.00e-72	249
CDF90391.1	NC_001134.8	30.057	529	516	1	514	254128	252566	1.40e-63	223
CDF90391.1	NC_001148.4	26.430	507	516	8	508	839450	837948	4.06e-62	219
CDF90391.1	NC_001139.9	26.981	467	516	44	508	765189	763804	6.50e-60	213
CDF90393.1	NC_001144.5	63.176	573	572	1	570	23569	25287	0.0	742
CDF90393.1	NC_001142.9	49.153	354	572	217	562	666273	665236	5.11e-102	337
CDF90393.1	NC_001142.9	30.818	159	572	1	158	667137	666673	5.30e-23	102
CDF90393.1	NC_001145.3	49.716	352	572	219	562	102762	103793	2.62e-98	327
CDF90393.1	NC_001145.3	34.597	211	572	5	212	101886	102464	7.72e-29	121
CDF90394.1	NC_001144.5	39.080	87	102	12	97	233355	233095	5.63e-11	56.2
CDF90395.1	NC_001134.8	57.083	240	258	19	254	602748	603458	2.18e-78	256
CDF90396.1	NC_001138.5	71.884	345	400	1	343	264204	265235	1.60e-171	530
CDF90396.1	NC_001133.9	25.926	351	400	53	387	130934	131971	2.62e-32	128
CDF90396.1	NC_001140.6	26.289	388	400	20	391	335633	334533	1.97e-20	92.8
CDF90396.1	NC_001139.9	22.947	414	400	12	381	155997	154813	1.27e-11	65.5
CDF90400.1	NC_001134.8	66.697	1102	1094	20	1094	687003	690260	0.0	1478
CDF90401.1	NC_001134.8	73.893	429	421	1	420	691693	690407	0.0	671
CDF90402.1	NC_001134.8	59.864	735	836	122	836	692353	694515	0.0	854
CDF90402.1	NC_001134.8	25.977	435	836	245	619	528809	530059	4.96e-35	143
CDF90402.1	NC_001146.8	39.062	384	836	206	587	413843	414928	4.90e-71	254
CDF90402.1	NC_001146.8	23.138	376	836	290	615	696279	697292	1.01e-12	70.9
CDF90402.1	NC_001136.10	32.266	406	836	238	621	949807	948662	1.25e-55	208
CDF90402.1	NC_001136.10	30.170	411	836	264	632	394655	395851	4.22e-52	197
CDF90402.1	NC_001136.10	31.609	348	836	271	618	171735	170779	5.32e-44	172
CDF90402.1	NC_001136.10	29.834	362	836	271	627	486930	487928	1.79e-40	160
CDF90402.1	NC_001136.10	30.000	380	836	270	626	847580	846492	4.90e-37	149
CDF90402.1	NC_001136.10	26.753	385	836	241	621	305393	306466	1.80e-34	141
CDF90402.1	NC_001147.6	32.432	407	836	234	621	723280	724419	2.51e-54	204
CDF90402.1	NC_001147.6	26.799	403	836	229	621	415697	414588	1.97e-38	154
CDF90402.1	NC_001148.4	34.474	409	836	234	621	325859	324720	1.35e-53	201
CDF90403.1	NC_001139.9	42.857	154	152	1	152	304071	303652	4.37e-24	95.9
CDF90404.1	NC_001134.8	64.603	743	702	1	702	697302	695110	0.0	963
CDF90404.1	NC_001139.9	45.576	599	702	103	695	306033	304357	1.33e-173	550
CDF90405.1	NC_001142.9	44.597	1092	990	5	985	277990	274880	0.0	769
CDF90405.1	NC_001143.9	43.410	956	990	9	919	479267	481963	0.0	685
CDF90406.1	NC_001142.9	64.800	625	624	1	624	272827	274695	0.0	852
CDF90407.1	NC_001142.9	54.602	804	824	11	795	272455	270089	0.0	897
CDF90408.1	NC_001142.9	70.154	325	318	1	317	268829	269803	5.27e-157	484
CDF90408.1	NC_001142.9	23.885	314	318	2	304	166637	165756	2.27e-13	69.7
CDF90409.1	NC_001143.9	26.506	166	242	95	234	482671	482183	1.91e-11	62.4
CDF90410.1	NC_001142.9	36.717	591	1065	188	731	266268	267911	3.49e-90	317
CDF90410.1	NC_001142.9	58.442	77	1065	21	97	266001	266231	2.32e-25	113
CDF90410.1	NC_001145.3	60.000	60	1065	36	95	831137	830958	9.69e-18	88.2
CDF90411.1	NC_001142.9	38.151	768	682	1	682	265051	262760	4.15e-153	489
CDF90412.1	NC_001142.9	58.980	490	486	5	486	262543	261083	1.33e-167	523
CDF90414.1	NC_001142.9	60.800	875	869	1	869	254442	251827	0.0	1050
CDF90415.1	NC_001142.9	60.888	969	1465	515	1460	248842	251676	0.0	1100
CDF90415.1	NC_001142.9	30.739	257	1465	1146	1397	110946	110215	2.37e-25	113
CDF90415.1	NC_001142.9	28.425	292	1465	1167	1443	179008	178193	1.05e-23	108
CDF90415.1	NC_001142.9	29.187	209	1465	1161	1362	149286	148693	9.75e-16	82.0
CDF90415.1	NC_001142.9	23.596	356	1465	1165	1433	221513	222574	1.44e-14	78.2
CDF90415.1	NC_001144.5	38.855	332	1465	1161	1446	851108	852085	3.37e-60	228
CDF90415.1	NC_001144.5	26.667	300	1465	1161	1436	332884	333744	2.04e-24	110
CDF90415.1	NC_001144.5	28.374	289	1465	1167	1425	371704	372522	2.35e-23	107
CDF90415.1	NC_001144.5	28.333	240	1465	1225	1427	634996	635688	6.44e-21	99.4
CDF90415.1	NC_001135.5	35.664	286	1465	1161	1426	243484	242654	8.59e-44	174
CDF90415.1	NC_001135.5	30.435	276	1465	1161	1426	79222	80016	4.46e-27	119
CDF90415.1	NC_001135.5	32.420	219	1465	1165	1370	129427	130068	5.43e-24	109
CDF90415.1	NC_001135.5	29.461	241	1465	1147	1366	275337	276029	1.34e-18	91.7
CDF90415.1	NC_001146.8	34.333	300	1465	1161	1426	681638	680760	6.06e-43	171
CDF90415.1	NC_001146.8	30.662	287	1465	1165	1430	70562	71401	4.30e-31	132
CDF90415.1	NC_001146.8	27.119	295	1465	1160	1426	710005	710853	2.82e-19	93.6
CDF90415.1	NC_001146.8	30.526	190	1465	1266	1427	57153	56590	7.11e-19	92.4
CDF90415.1	NC_001146.8	27.551	196	1465	1174	1366	294159	293587	2.76e-14	77.4
CDF90415.1	NC_001146.8	29.054	148	1465	1165	1311	333662	334087	3.54e-13	73.6
CDF90415.1	NC_001133.9	37.634	279	1465	1165	1442	175051	174278	1.43e-40	164
CDF90415.1	NC_001133.9	25.641	273	1465	1167	1428	123528	124292	5.50e-17	86.3
CDF90416.1	NC_001142.9	75.439	114	158	45	158	246631	246972	1.61e-55	186
CDF90417.1	NC_001142.9	57.212	208	217	1	208	245591	246214	1.31e-76	249
CDF90418.1	NC_001143.9	48.426	1175	1154	1	1128	494257	497349	0.0	926
CDF90418.1	NC_001142.9	44.360	1188	1154	1	1147	242082	245237	0.0	825
CDF90418.1	NC_001138.5	44.444	342	1154	221	539	235082	236089	3.01e-74	270
CDF90418.1	NC_001138.5	37.234	188	1154	683	836	236237	236791	7.33e-29	124
CDF90418.1	NC_001139.9	40.810	321	1154	224	521	66491	65532	8.50e-62	231
CDF90418.1	NC_001139.9	35.417	192	1154	683	849	65264	64698	2.99e-28	122
CDF90420.1	NC_001143.9	50.276	724	754	25	740	491433	493568	0.0	705
CDF90420.1	NC_001142.9	45.624	697	754	52	746	239543	241633	0.0	691
CDF90420.1	NC_001145.3	25.884	622	754	92	667	743989	745611	1.44e-22	102
CDF90420.1	NC_001147.6	34.940	166	754	539	688	879947	880435	9.55e-17	84.0
CDF90421.1	NC_001142.9	52.090	622	556	1	556	237263	239083	0.0	582
CDF90422.1	NC_001142.9	64.680	671	667	1	661	236356	234344	0.0	924
CDF90423.1	NC_001142.9	55.970	804	803	13	803	231397	233754	0.0	906
CDF90423.1	NC_001144.5	35.130	538	803	19	545	273714	272224	3.38e-84	293
CDF90423.1	NC_001144.5	39.316	117	803	18	128	715215	715553	1.87e-15	79.7
CDF90423.1	NC_001147.6	37.086	151	803	18	149	575143	575583	1.24e-19	93.6
CDF90423.1	NC_001147.6	32.051	156	803	1	148	684105	684554	8.66e-12	67.8
CDF90423.1	NC_001136.10	37.086	151	803	18	149	1243275	1243715	1.24e-19	93.6
CDF90423.1	NC_001146.8	36.667	150	803	17	149	330031	329594	8.18e-14	74.3
CDF90424.1	NC_001143.9	78.689	305	302	1	302	489655	488741	7.42e-164	503
CDF90425.1	NC_001143.9	62.441	213	260	48	260	487977	488615	4.02e-91	293
CDF90426.1	NC_001143.9	60.134	745	717	1	717	487372	485147	0.0	919
CDF90426.1	NC_001143.9	29.954	217	717	130	345	555056	555610	3.18e-13	72.4
CDF90426.1	NC_001145.3	28.041	592	717	101	674	851597	850140	3.04e-53	198
CDF90426.1	NC_001142.9	29.389	507	717	173	674	384074	385300	1.52e-47	181
CDF90426.1	NC_001142.9	29.954	217	717	130	345	154622	154068	2.12e-13	72.8
CDF90426.1	NC_001138.5	26.316	532	717	171	691	146805	145492	6.55e-39	154
CDF90426.1	NC_001144.5	26.353	425	717	128	551	132419	133477	6.50e-38	151
CDF90426.1	NC_001144.5	31.839	223	717	129	348	696779	696165	6.05e-20	94.4
CDF90427.1	NC_001142.9	41.975	405	499	147	498	230209	229031	1.00e-85	287
CDF90427.1	NC_001142.9	77.083	48	499	1	48	230881	230738	4.53e-19	89.7
CDF90427.1	NC_001134.8	35.465	172	499	327	495	698839	698363	9.41e-24	104
CDF90428.1	NC_001143.9	49.042	522	499	1	488	483419	484963	1.17e-120	388
CDF90429.1	NC_001139.9	47.359	1136	1093	16	1062	837187	840549	0.0	1035
CDF90430.1	NC_001142.9	59.305	489	467	1	467	449202	450662	0.0	587
CDF90431.1	NC_001139.9	61.964	560	556	7	554	842536	840857	0.0	728
CDF90431.1	NC_001139.9	25.387	323	556	18	307	1021256	1020363	6.95e-14	73.6
CDF90432.1	NC_001139.9	68.254	252	250	1	250	843591	842848	1.53e-98	313
CDF90433.1	NC_001139.9	56.811	301	300	1	299	911883	912785	3.81e-110	349
CDF90434.1	NC_001144.5	70.588	102	105	3	104	232010	231708	6.95e-46	155
CDF90434.1	NC_001139.9	66.019	103	105	3	105	913224	912916	4.43e-45	153
CDF90434.1	NC_001135.5	44.444	99	105	3	101	259656	259949	4.34e-27	102
CDF90434.1	NC_001137.3	34.694	98	105	1	94	539168	538875	2.20e-13	63.2
CDF90434.1	NC_001136.10	32.653	98	105	1	94	644930	644637	5.15e-12	59.3
CDF90435.1	NC_001144.5	45.659	933	874	4	870	237697	235064	0.0	718
CDF90437.1	NC_001139.9	86.861	411	413	1	411	914738	913506	0.0	751
CDF90437.1	NC_001140.6	31.579	171	413	1	161	77278	76814	3.57e-13	70.5
CDF90437.1	NC_001134.8	36.170	141	413	8	146	291796	291404	7.88e-13	69.3
CDF90438.1	NC_001139.9	79.381	485	485	4	484	915244	916698	0.0	818
CDF90439.1	NC_001139.9	40.938	469	475	5	461	917049	918434	3.38e-101	331
CDF90440.1	NC_001144.5	47.765	716	712	8	712	241401	239350	0.0	654
CDF90440.1	NC_001139.9	30.184	434	712	121	528	200852	202084	1.74e-32	134
CDF90441.1	NC_001139.9	89.686	223	252	30	252	921117	921785	3.67e-119	372
CDF90441.1	NC_001144.5	86.937	222	252	31	252	242681	243346	3.08e-117	367
CDF90441.1	NC_001144.5	83.784	37	252	1	36	242232	242342	9.94e-11	60.5
CDF90442.1	NC_001136.10	72.251	973	970	1	970	940816	937898	0.0	1461
CDF90443.1	NC_001136.10	36.508	756	926	192	923	942988	941069	2.38e-91	318
CDF90444.1	NC_001136.10	36.971	449	424	28	423	945017	943680	2.98e-87	289
CDF90445.1	NC_001136.10	88.816	152	168	17	168	87524	87979	6.49e-85	270
CDF90445.1	NC_001137.3	40.217	92	168	41	132	101958	102233	1.74e-20	86.3
CDF90446.1	NC_001136.10	56.509	338	326	3	325	87223	86210	1.72e-126	397
CDF90447.1	NC_001136.10	49.513	616	562	1	562	950563	952398	3.88e-175	548
CDF90447.1	NC_001145.3	26.903	565	562	1	547	310208	311686	5.84e-49	182
CDF90448.1	NC_001136.10	60.753	372	369	2	368	952932	953972	2.56e-152	473
CDF90450.1	NC_001148.4	57.802	1083	1038	1	1038	506697	509927	0.0	1268
CDF90451.1	NC_001148.4	67.421	663	652	1	651	506312	504351	0.0	912
CDF90451.1	NC_001139.9	38.095	651	652	13	652	272568	274316	2.11e-120	394
CDF90452.1	NC_001148.4	49.802	253	249	9	247	503484	504233	1.05e-69	231
CDF90453.1	NC_001136.10	60.793	227	214	1	213	954288	954941	1.79e-84	271
CDF90454.1	NC_001139.9	53.509	114	606	2	115	624780	624466	1.12e-29	124
CDF90454.1	NC_001136.10	51.852	54	606	5	58	895338	895499	6.58e-13	70.9
CDF90454.1	NC_001145.3	33.721	86	606	5	90	104951	105208	3.03e-11	65.5
CDF90454.1	NC_001137.3	50.000	56	606	3	56	211840	211673	6.14e-11	64.3
CDF90455.1	NC_001144.5	27.288	590	571	3	560	857594	859288	7.73e-63	223
CDF90457.1	NC_001144.5	80.864	162	160	1	160	862206	861721	1.57e-87	277
CDF90458.1	NC_001144.5	66.502	1421	1360	3	1360	862726	866781	0.0	1780
CDF90458.1	NC_001139.9	52.842	950	1360	419	1358	628583	631270	0.0	1003
CDF90459.1	NC_001144.5	61.891	349	345	1	345	867354	868388	3.51e-138	432
CDF90459.1	NC_001135.5	50.325	308	345	34	338	190655	191569	5.86e-88	287
CDF90459.1	NC_001142.9	49.291	282	345	36	313	68731	67892	1.04e-83	275
CDF90460.1	NC_001144.5	55.814	344	394	54	394	871709	872725	3.09e-115	368
CDF90460.1	NC_001136.10	49.602	377	394	49	394	367860	366742	1.03e-105	341
CDF90460.1	NC_001136.10	35.106	94	394	292	385	1387359	1387595	8.80e-12	65.9
CDF90460.1	NC_001140.6	35.106	94	394	292	385	118489	118725	2.82e-13	70.5
CDF90462.1	NC_001136.10	41.418	268	273	1	267	365874	365074	4.09e-62	210
CDF90462.1	NC_001142.9	38.433	268	273	5	263	95119	95907	1.96e-46	165
CDF90463.1	NC_001136.10	64.122	262	263	7	263	363991	364761	7.23e-104	329
CDF90464.1	NC_001144.5	35.146	239	218	1	216	873554	872862	8.17e-37	135
CDF90465.1	NC_001136.10	64.045	267	290	1	265	363577	362777	5.09e-122	383
CDF90466.1	NC_001144.5	74.328	335	348	13	345	874756	873752	2.84e-171	527
CDF90467.1	NC_001136.10	40.000	150	174	31	174	362145	361705	1.19e-24	98.2
CDF90468.1	NC_001136.10	54.176	467	470	1	446	361285	359900	4.33e-158	495
CDF90469.1	NC_001144.5	82.845	478	479	2	479	877172	875739	0.0	830
CDF90469.1	NC_001134.8	32.704	477	479	1	464	770415	769006	1.77e-61	216
CDF90471.1	NC_001140.6	62.201	209	231	1	209	467228	467851	2.72e-84	271
CDF90472.1	NC_001140.6	82.099	486	488	2	487	470966	472423	0.0	824
CDF90472.1	NC_001139.9	78.850	487	488	1	487	1004636	1006096	0.0	819
CDF90473.1	NC_001140.6	30.060	499	535	62	533	473029	474444	1.23e-60	216
CDF90474.1	NC_001139.9	57.143	364	350	1	348	1007305	1006226	2.94e-135	424
CDF90474.1	NC_001139.9	23.513	353	350	9	344	676657	677541	1.57e-12	67.4
CDF90474.1	NC_001148.4	27.356	329	350	19	338	299443	298631	5.44e-26	108
CDF90474.1	NC_001148.4	27.692	260	350	87	345	601662	600925	8.02e-23	99.0
CDF90474.1	NC_001148.4	27.817	284	350	79	343	583895	583089	5.36e-15	75.1
CDF90474.1	NC_001148.4	28.500	200	350	148	342	583967	583401	9.27e-12	65.1
CDF90474.1	NC_001147.6	27.083	336	350	10	338	758357	759199	1.97e-25	106
CDF90474.1	NC_001147.6	25.954	262	350	68	310	514134	513388	1.87e-13	70.5
CDF90474.1	NC_001137.3	23.324	343	350	13	350	144441	145322	6.96e-19	87.0
CDF90474.1	NC_001145.3	26.259	278	350	87	350	594209	593385	3.76e-17	81.6
CDF90475.1	NC_001140.6	37.383	107	281	166	270	474944	474630	7.60e-15	73.2
CDF90476.1	NC_001139.9	51.702	1087	1004	1	1003	1010766	1007674	0.0	1034
CDF90476.1	NC_001143.9	26.471	204	1004	728	927	225518	224964	6.10e-16	82.0
CDF90476.1	NC_001143.9	38.095	105	1004	1	95	225875	225561	1.63e-11	67.4
CDF90476.1	NC_001136.10	30.303	132	1004	736	862	995171	994776	1.89e-13	73.9
CDF90476.1	NC_001147.6	29.134	127	1004	738	859	394155	393775	2.36e-12	70.1
CDF90477.1	NC_001140.6	69.763	1561	1529	1	1529	480672	476002	0.0	2188
CDF90478.1	NC_001140.6	49.342	304	301	1	295	480990	481898	8.47e-76	250
CDF90479.1	NC_001140.6	55.319	564	670	94	646	483765	482086	0.0	635
CDF90480.1	NC_001145.3	61.071	971	965	1	965	845571	848483	0.0	1284
CDF90481.1	NC_001139.9	52.652	773	797	1	747	1016750	1014471	0.0	810
CDF90481.1	NC_001143.9	28.365	208	797	46	245	188553	187942	3.10e-17	85.5
CDF90482.1	NC_001145.3	35.516	397	424	41	420	848757	849806	2.64e-62	216
CDF90483.1	NC_001139.9	71.374	262	261	1	261	1017759	1016977	3.13e-127	396
CDF90484.1	NC_001139.9	26.087	368	380	21	377	1019064	1017976	1.71e-41	154
CDF90485.1	NC_001145.3	87.327	505	493	1	492	851591	850077	0.0	905
CDF90485.1	NC_001142.9	40.929	452	493	31	474	383963	385309	3.72e-96	317
CDF90485.1	NC_001142.9	30.366	382	493	16	393	154667	153564	1.22e-40	155
CDF90485.1	NC_001140.6	38.504	361	493	29	389	228797	227739	4.66e-73	250
CDF90485.1	NC_001140.6	34.316	373	493	31	393	442190	443290	4.55e-53	192
CDF90485.1	NC_001144.5	38.227	361	493	29	381	132419	133477	1.10e-71	246
CDF90485.1	NC_001144.5	32.616	279	493	21	287	696806	695979	5.87e-31	126
CDF90485.1	NC_001138.5	34.498	458	493	43	475	146874	145522	3.81e-66	230
CDF90486.1	NC_001139.9	53.672	708	715	4	706	1022662	1024749	0.0	817
CDF90487.1	NC_001145.3	53.606	513	509	8	489	852672	854207	1.86e-170	532
CDF90487.1	NC_001145.3	26.266	316	509	31	341	270887	270114	1.01e-22	101
CDF90487.1	NC_001138.5	29.012	324	509	17	337	173802	172981	3.15e-31	127
CDF90487.1	NC_001148.4	25.490	306	509	34	338	263586	262792	1.73e-28	119
CDF90487.1	NC_001148.4	25.466	322	509	29	337	288395	287592	1.17e-18	88.6
CDF90487.1	NC_001148.4	26.641	259	509	35	291	166481	167089	7.72e-18	85.9
CDF90487.1	NC_001148.4	24.746	295	509	3	281	286019	285297	4.09e-17	83.6
CDF90487.1	NC_001148.4	25.630	238	509	105	340	268464	269057	1.03e-15	79.3
CDF90487.1	NC_001148.4	23.431	239	509	102	337	157116	156529	5.71e-15	77.0
CDF90487.1	NC_001147.6	26.140	329	509	15	337	296021	295194	5.90e-27	114
CDF90487.1	NC_001147.6	25.087	287	509	20	295	129753	130454	1.42e-16	82.0
CDF90487.1	NC_001147.6	23.853	327	509	32	342	775990	776799	2.90e-16	80.9
CDF90487.1	NC_001147.6	24.169	331	509	33	348	773273	774097	7.34e-15	76.6
CDF90487.1	NC_001147.6	26.702	191	509	103	287	995854	995330	2.61e-12	68.6
CDF90487.1	NC_001147.6	24.118	340	509	13	341	245969	246778	2.87e-12	68.2
CDF90487.1	NC_001140.6	26.727	333	509	34	366	316653	317456	2.52e-23	103
CDF90487.1	NC_001140.6	27.564	312	509	34	339	510611	511381	1.79e-18	88.2
CDF90487.1	NC_001140.6	25.746	268	509	82	339	96008	95319	2.64e-16	81.3
CDF90487.1	NC_001140.6	26.404	178	509	103	278	271119	270682	1.04e-12	69.7
CDF90488.1	NC_001139.9	83.471	242	242	1	241	1025735	1025010	2.20e-135	419
CDF90489.1	NC_001139.9	42.727	220	218	12	217	1026635	1026078	2.16e-44	157
CDF90490.1	NC_001145.3	81.679	131	138	8	138	854898	855290	3.75e-52	175
CDF90491.1	NC_001139.9	54.782	1422	1368	1	1366	1027370	1031503	0.0	1353
CDF90491.1	NC_001139.9	36.842	247	1368	382	624	410848	410129	6.56e-45	177
CDF90491.1	NC_001139.9	40.693	231	1368	377	605	542455	543123	8.92e-42	167
CDF90491.1	NC_001136.10	45.324	278	1368	377	651	238046	237234	1.45e-62	235
CDF90491.1	NC_001136.10	41.860	258	1368	378	631	237221	236484	1.03e-51	200
CDF90491.1	NC_001136.10	41.423	239	1368	382	615	438587	439279	3.03e-47	185
CDF90491.1	NC_001136.10	39.024	246	1368	379	619	1262182	1262898	6.74e-39	158
CDF90491.1	NC_001144.5	33.562	438	1368	380	809	914169	913027	2.47e-57	218
CDF90491.1	NC_001144.5	31.762	488	1368	354	806	72642	71239	5.38e-52	201
CDF90491.1	NC_001144.5	39.437	284	1368	379	646	71562	70726	6.31e-50	194
CDF90491.1	NC_001144.5	39.773	264	1368	380	643	913356	912622	1.52e-48	189
CDF90491.1	NC_001147.6	40.486	247	1368	372	609	813219	812497	1.63e-49	192
CDF90491.1	NC_001147.6	37.768	233	1368	382	609	545566	546240	1.41e-40	163
CDF90491.1	NC_001143.9	38.078	281	1368	379	654	174825	175595	1.85e-48	189
CDF90491.1	NC_001143.9	35.537	242	1368	377	610	71795	71085	1.04e-38	157
CDF90492.1	NC_001145.3	59.002	461	468	3	457	856799	855420	2.52e-164	513
CDF90492.1	NC_001134.8	32.278	316	468	2	303	642129	641233	7.49e-25	107
CDF90493.1	NC_001145.3	32.083	240	355	123	352	857338	858057	3.40e-31	123
CDF90494.1	NC_001139.9	74.949	1968	1962	1	1960	1031791	1037691	0.0	3137
CDF90494.1	NC_001139.9	30.715	713	1962	1134	1804	31088	29061	3.07e-80	295
CDF90494.1	NC_001139.9	33.583	533	1962	234	750	31250	29766	3.81e-69	258
CDF90494.1	NC_001137.3	34.927	1715	1962	134	1789	535034	530019	0.0	974
CDF90494.1	NC_001144.5	28.514	249	1962	1093	1339	918119	917484	5.44e-15	80.1
CDF90494.1	NC_001144.5	32.051	156	1962	1371	1518	917138	916689	1.22e-11	68.9
CDF90495.1	NC_001139.9	50.901	222	206	10	204	1038450	1037803	9.06e-51	174
CDF90496.1	NC_001145.3	62.000	200	195	1	193	858890	858303	1.77e-65	216
CDF90496.1	NC_001139.9	48.438	128	195	26	141	1039215	1038832	2.46e-32	121
CDF90497.1	NC_001145.3	65.766	555	555	1	555	860891	859227	0.0	769
CDF90497.1	NC_001136.10	31.153	321	555	148	448	576945	577901	2.98e-36	143
CDF90497.1	NC_001136.10	26.437	261	555	152	390	927809	928564	1.33e-19	92.0
CDF90498.1	NC_001145.3	69.101	534	530	1	529	861922	863517	0.0	761
CDF90498.1	NC_001134.8	53.176	425	530	103	523	515880	517139	1.01e-150	476
CDF90498.1	NC_001139.9	27.105	380	530	131	474	114481	113366	4.19e-28	118
CDF90499.1	NC_001145.3	69.118	136	141	6	141	863870	864268	7.59e-63	206
CDF90500.1	NC_001139.9	57.831	1079	1001	1	968	1043095	1039925	0.0	1163
CDF90501.1	NC_001139.9	33.121	157	171	2	146	1043285	1043725	1.18e-15	72.4
CDF90502.1	NC_001139.9	41.746	527	678	155	672	1045312	1043822	7.61e-110	364
CDF90502.1	NC_001144.5	37.576	165	678	332	492	364821	365294	3.77e-24	107
CDF90502.1	NC_001147.6	33.971	209	678	294	489	181202	180606	9.00e-23	103
CDF90503.1	NC_001145.3	30.938	320	308	3	308	865338	864415	7.26e-34	130
CDF90504.1	NC_001145.3	83.333	510	509	1	509	867091	865562	0.0	899
CDF90505.1	NC_001145.3	79.450	618	699	68	685	869408	867558	0.0	1033
CDF90505.1	NC_001144.5	33.592	387	699	291	671	529179	530330	8.51e-54	199
CDF90505.1	NC_001144.5	31.437	334	699	385	692	42263	41286	8.05e-35	141
CDF90505.1	NC_001144.5	35.636	275	699	415	665	120290	121084	4.16e-31	129
CDF90505.1	NC_001144.5	26.160	237	699	425	655	44198	43497	1.97e-20	95.5
CDF90505.1	NC_001144.5	25.000	248	699	461	695	118436	119152	2.63e-14	75.9
CDF90505.1	NC_001148.4	30.880	557	699	148	688	31007	32602	1.40e-51	193
CDF90505.1	NC_001143.9	29.228	479	699	232	682	45839	44430	7.09e-48	181
CDF90505.1	NC_001143.9	33.457	269	699	417	665	656899	657687	2.90e-33	136
CDF90505.1	NC_001143.9	32.083	240	699	431	662	43142	42450	1.06e-28	122
CDF90505.1	NC_001143.9	23.238	383	699	315	687	654691	655815	2.86e-15	79.0
CDF90505.1	NC_001136.10	33.762	311	699	362	665	723948	723037	8.21e-41	160
CDF90505.1	NC_001136.10	25.962	312	699	368	671	725868	724990	2.04e-19	92.4
CDF90506.1	NC_001145.3	71.570	809	836	48	833	872499	870076	0.0	1197
CDF90507.1	NC_001145.3	59.738	1222	1184	7	1184	875017	878676	0.0	1511
CDF90507.1	NC_001145.3	26.687	326	1184	201	488	717117	718088	6.54e-24	108
CDF90507.1	NC_001137.3	29.348	184	1184	306	486	356873	357406	6.34e-17	85.5
CDF90507.1	NC_001137.3	23.599	339	1184	203	474	458888	457887	9.91e-14	75.1
CDF90507.1	NC_001134.8	26.699	206	1184	286	487	94532	93936	1.38e-15	81.3
CDF90507.1	NC_001136.10	22.946	353	1184	203	485	586036	584996	4.41e-12	69.7
CDF90508.1	NC_001139.9	50.195	257	289	32	280	1046462	1045698	5.36e-75	248
CDF90509.1	NC_001139.9	39.616	573	555	7	542	1046761	1048434	5.17e-108	354
CDF90510.1	NC_001139.9	55.583	403	403	1	403	1049958	1048801	7.20e-134	422
CDF90510.1	NC_001139.9	38.224	259	403	151	400	442066	441296	6.76e-50	180
CDF90510.1	NC_001139.9	27.839	273	403	159	402	1058622	1057825	2.77e-14	73.6
CDF90510.1	NC_001145.3	56.790	405	403	1	403	880232	879066	3.55e-131	414
CDF90511.1	NC_001145.3	71.978	1638	1929	291	1928	881843	886510	0.0	2461
CDF90511.1	NC_001145.3	74.888	223	1929	1	222	881159	881827	2.83e-103	370
CDF90511.1	NC_001139.9	52.048	1929	1929	7	1928	548741	553945	0.0	1974
CDF90511.1	NC_001144.5	56.556	1022	1929	914	1928	812706	815621	0.0	1157
CDF90511.1	NC_001144.5	58.393	560	1929	286	845	811023	812687	0.0	697
CDF90511.1	NC_001144.5	47.847	209	1929	7	215	810417	811001	6.21e-52	202
CDF90512.1	NC_001145.3	66.842	570	570	1	570	887003	888679	0.0	724
CDF90512.1	NC_001145.3	40.449	356	570	20	349	696826	697890	1.39e-70	246
CDF90512.1	NC_001144.5	46.241	532	570	4	510	816106	817692	7.29e-147	467
CDF90512.1	NC_001147.6	45.358	377	570	1	372	268187	269287	2.96e-99	329
CDF90512.1	NC_001147.6	39.244	344	570	34	367	71375	72400	1.99e-74	257
CDF90513.1	NC_001139.9	60.000	40	44	3	42	1051032	1050913	4.55e-11	53.5
CDF90514.1	NC_001139.9	67.532	154	200	1	154	1051725	1051264	5.51e-71	232
CDF90516.1	NC_001136.10	70.631	555	543	1	543	693213	691552	0.0	824
CDF90517.1	NC_001136.10	67.460	126	181	1	125	693585	693962	1.17e-52	179
CDF90518.1	NC_001144.5	45.736	258	238	1	237	327280	326519	2.67e-70	232
CDF90519.1	NC_001144.5	36.111	288	325	107	323	328596	327736	1.44e-48	173
CDF90520.1	NC_001144.5	32.910	787	718	5	707	332097	329803	8.42e-124	406
CDF90521.1	NC_001144.5	54.346	1231	1201	2	1201	332599	336030	0.0	1190
CDF90521.1	NC_001144.5	23.512	336	1201	137	423	634714	635685	7.27e-23	105
CDF90521.1	NC_001144.5	26.000	300	1201	144	423	851105	852001	6.95e-22	102
CDF90521.1	NC_001144.5	25.965	285	1201	214	447	371812	372645	7.07e-16	82.0
CDF90521.1	NC_001136.10	53.350	1209	1201	6	1201	694706	697891	0.0	1171
CDF90521.1	NC_001136.10	37.589	282	1201	142	423	1412526	1413290	9.17e-56	212
CDF90521.1	NC_001136.10	33.922	283	1201	142	420	1465741	1464929	1.13e-46	183
CDF90521.1	NC_001136.10	28.383	303	1201	135	423	1433926	1433096	4.07e-31	132
CDF90521.1	NC_001136.10	28.165	316	1201	137	423	281260	280409	1.45e-28	124
CDF90521.1	NC_001136.10	26.384	307	1201	144	420	1395148	1395990	1.64e-23	107
CDF90521.1	NC_001136.10	26.201	229	1201	214	424	406153	405479	2.79e-21	100
CDF90521.1	NC_001136.10	21.384	318	1201	146	423	75462	74587	5.59e-16	82.4
CDF90521.1	NC_001136.10	28.125	224	1201	150	369	1486972	1486388	1.33e-15	81.3
CDF90521.1	NC_001136.10	23.585	318	1201	148	433	173060	173899	4.96e-13	72.8
CDF90521.1	NC_001136.10	23.952	334	1201	137	419	956022	956996	1.52e-12	71.2
CDF90521.1	NC_001136.10	26.437	174	1201	199	369	267878	268390	1.12e-11	68.2
CDF90521.1	NC_001136.10	25.000	204	1201	244	423	1027700	1027107	1.55e-11	67.8
CDF90521.1	NC_001143.9	34.091	308	1201	135	431	249130	250050	5.73e-52	200
CDF90521.1	NC_001143.9	27.839	273	1201	139	411	135462	134731	7.47e-31	131
CDF90521.1	NC_001143.9	29.304	273	1201	141	411	206733	207467	3.48e-26	115
CDF90521.1	NC_001143.9	29.956	227	1201	151	373	183522	184112	6.18e-20	95.5
CDF90521.1	NC_001143.9	32.394	142	1201	246	370	221988	221563	2.09e-18	90.5
CDF90521.1	NC_001143.9	26.962	293	1201	214	455	150489	149620	2.17e-16	84.0
CDF90521.1	NC_001143.9	23.856	306	1201	151	423	132211	131327	5.94e-15	79.0
CDF90521.1	NC_001135.5	33.922	283	1201	142	420	79213	80007	5.61e-46	181
CDF90521.1	NC_001135.5	25.784	287	1201	148	411	275382	276161	2.92e-24	109
CDF90521.1	NC_001135.5	25.610	246	1201	195	422	129499	130236	4.14e-17	86.3
CDF90521.1	NC_001135.5	23.856	306	1201	145	424	243484	242651	1.89e-15	80.9
CDF90521.1	NC_001148.4	30.488	328	1201	141	457	285953	285045	9.12e-40	160
CDF90521.1	NC_001148.4	31.868	273	1201	139	411	166445	167176	1.10e-35	147
CDF90521.1	NC_001148.4	30.508	295	1201	149	423	263589	262795	3.32e-34	142
CDF90521.1	NC_001148.4	27.915	283	1201	142	423	268299	269048	5.79e-34	141
CDF90521.1	NC_001148.4	28.231	294	1201	136	429	157311	156511	3.64e-32	135
CDF90521.1	NC_001148.4	30.909	165	1201	214	372	288269	287781	1.27e-18	91.3
CDF90521.1	NC_001148.4	24.340	341	1201	90	385	747651	748574	2.94e-17	86.7
CDF90521.1	NC_001148.4	24.907	269	1201	202	427	492830	492033	3.59e-17	86.3
CDF90521.1	NC_001148.4	29.762	168	1201	218	376	474092	473592	2.96e-14	76.6
CDF90521.1	NC_001148.4	26.923	234	1201	143	359	666385	666999	3.52e-12	70.1
CDF90522.1	NC_001136.10	31.447	318	268	8	259	699447	698557	5.03e-27	108
CDF90523.1	NC_001144.5	55.491	346	368	32	364	337277	336246	1.52e-131	414
CDF90524.1	NC_001136.10	44.048	252	316	1	240	700327	701064	4.75e-56	194
CDF90525.1	NC_001144.5	60.518	618	593	4	590	339389	337542	0.0	739
CDF90525.1	NC_001147.6	36.511	556	593	59	584	954980	956584	7.48e-100	332
CDF90525.1	NC_001147.6	36.719	128	593	4	129	954506	954883	5.15e-19	90.5
CDF90526.1	NC_001136.10	47.700	413	431	20	431	702641	701415	1.50e-132	419
CDF90526.1	NC_001144.5	49.864	369	431	69	431	340841	339747	3.82e-116	372
CDF90528.1	NC_001136.10	47.892	332	326	5	324	703246	704238	9.42e-95	306
CDF90528.1	NC_001144.5	61.111	54	326	136	189	627640	627801	1.65e-17	82.4
CDF90528.1	NC_001147.6	55.102	49	326	136	184	322757	322611	2.70e-12	66.6
CDF90529.1	NC_001136.10	74.890	1585	1588	4	1588	704493	709247	0.0	2536
CDF90530.1	NC_001136.10	54.927	1167	1142	1	1139	709549	712986	0.0	1246
CDF90531.1	NC_001144.5	69.741	347	346	2	346	341810	342850	2.18e-164	507
CDF90532.1	NC_001136.10	82.547	636	640	8	640	715247	713343	0.0	1070
CDF90533.1	NC_001144.5	40.948	232	265	10	226	343770	343108	1.20e-45	162
CDF90534.1	NC_001144.5	67.896	651	633	1	633	345941	343992	0.0	900
CDF90535.1	NC_001144.5	71.111	90	125	35	124	346708	346977	1.36e-41	144
CDF90536.1	NC_001144.5	55.172	377	357	1	357	348180	347050	4.46e-138	432
CDF90537.1	NC_001144.5	60.448	402	397	3	395	364125	365321	1.56e-157	490
CDF90537.1	NC_001139.9	37.500	160	397	232	386	1044820	1044350	7.73e-24	102
CDF90537.1	NC_001147.6	30.769	156	397	237	379	181064	180618	7.58e-13	69.3
CDF90538.1	NC_001136.10	37.153	288	257	1	255	716622	715774	4.24e-39	143
CDF90539.1	NC_001136.10	36.331	556	526	1	525	718460	716796	8.36e-106	347
CDF90539.1	NC_001142.9	24.783	460	526	2	437	137523	138845	2.00e-28	119
CDF90540.1	NC_001136.10	51.297	501	512	28	512	720288	718819	2.54e-156	491
CDF90540.1	NC_001144.5	43.711	485	512	42	512	368070	366670	6.42e-125	401
CDF90541.1	NC_001144.5	65.341	176	173	1	173	368781	369308	3.76e-74	239
CDF90544.1	NC_001136.10	70.891	1515	1524	5	1519	727542	723016	0.0	2273
CDF90544.1	NC_001144.5	39.937	1580	1524	22	1519	116483	121105	0.0	1088
CDF90544.1	NC_001144.5	34.818	1212	1524	390	1517	44888	41349	0.0	689
CDF90544.1	NC_001144.5	26.793	474	1524	1047	1502	528906	530282	9.52e-33	138
CDF90544.1	NC_001144.5	23.992	521	1524	376	857	528837	530321	3.70e-24	109
CDF90544.1	NC_001140.6	34.142	1236	1524	353	1517	31607	28032	0.0	664
CDF90544.1	NC_001143.9	31.638	1160	1524	410	1517	654394	657702	1.57e-163	549
CDF90544.1	NC_001143.9	23.559	590	1524	958	1509	46217	44502	1.84e-24	110
CDF90544.1	NC_001143.9	32.569	218	1524	1295	1509	43091	42450	4.76e-23	106
CDF90544.1	NC_001143.9	28.571	238	1524	634	843	45215	44526	1.16e-17	88.6
CDF90544.1	NC_001143.9	26.201	229	1524	634	843	43130	42474	2.87e-13	73.9
CDF90544.1	NC_001139.9	35.746	898	1524	648	1519	1054630	1057230	9.32e-162	543
CDF90544.1	NC_001139.9	23.260	503	1524	188	660	1053058	1054485	4.69e-25	112
CDF90544.1	NC_001139.9	22.444	401	1524	490	839	1056043	1057164	5.97e-11	66.2
CDF90545.1	NC_001144.5	60.591	609	688	2	597	377232	375448	0.0	751
CDF90546.1	NC_001136.10	43.656	662	808	1	656	730578	732545	2.35e-171	548
CDF90548.1	NC_001144.5	50.861	871	836	1	836	377985	380561	0.0	860
CDF90549.1	NC_001144.5	57.494	407	520	8	397	380909	382102	5.08e-139	442
CDF90550.1	NC_001144.5	52.593	675	682	11	678	384501	382486	0.0	722
CDF90551.1	NC_001136.10	84.000	50	77	1	50	733924	733775	3.76e-25	85.5
CDF90551.1	NC_001136.10	76.923	26	77	51	76	733701	733624	3.76e-25	43.1
CDF90551.1	NC_001144.5	53.947	76	77	1	76	65207	64980	2.27e-19	78.6
CDF90551.1	NC_001144.5	53.947	76	77	1	76	64295	64068	2.34e-19	78.6
CDF90551.1	NC_001144.5	53.947	76	77	1	76	64979	64752	2.48e-19	78.6
CDF90551.1	NC_001144.5	53.947	76	77	1	76	64751	64524	2.48e-19	78.6
CDF90551.1	NC_001144.5	53.947	76	77	1	76	64523	64296	2.48e-19	78.6
CDF90551.1	NC_001144.5	51.429	70	77	1	70	498947	499156	2.91e-16	70.1
CDF90551.1	NC_001141.2	54.167	72	77	5	76	69154	69369	3.56e-19	78.2
CDF90551.1	NC_001143.9	54.167	72	77	5	76	618370	618155	4.08e-19	78.2
CDF90552.1	NC_001136.10	62.443	221	225	1	220	734138	734800	1.44e-94	301
CDF90553.1	NC_001136.10	56.176	1700	1668	1	1668	739997	734904	0.0	1845
CDF90554.1	NC_001144.5	51.770	226	234	1	224	385417	384740	1.84e-76	249
CDF90555.1	NC_001144.5	41.463	164	172	11	171	385678	386169	4.56e-38	136
CDF90556.1	NC_001136.10	65.691	376	370	1	369	741600	740479	6.32e-177	544
CDF90557.1	NC_001136.10	39.241	474	676	30	464	743775	742468	9.61e-77	267
CDF90558.1	NC_001147.6	60.119	504	533	33	532	263586	265073	0.0	637
CDF90559.1	NC_001147.6	67.871	249	240	1	240	265429	266166	4.39e-110	346
CDF90560.1	NC_001147.6	46.891	386	409	40	409	267400	266267	4.24e-107	345
CDF90561.1	NC_001133.9	80.916	393	391	1	389	130799	131974	0.0	666
CDF90561.1	NC_001139.9	36.585	410	391	8	389	156000	154792	4.34e-61	212
CDF90561.1	NC_001144.5	31.034	435	391	9	387	732554	733849	1.66e-39	149
CDF90561.1	NC_001138.5	28.912	294	391	50	339	264369	265235	3.45e-31	124
CDF90561.1	NC_001140.6	29.032	403	391	3	387	335672	334548	1.06e-29	120
CDF90562.1	NC_001147.6	65.094	106	105	1	105	254297	254614	4.04e-19	79.3
CDF90562.1	NC_001136.10	53.636	110	105	1	105	1239492	1239821	1.02e-16	72.4
CDF90563.1	NC_001147.6	81.560	141	143	3	143	253574	253152	1.01e-75	243
CDF90564.1	NC_001147.6	51.335	487	446	1	446	252646	251279	5.72e-141	444
CDF90566.1	NC_001147.6	59.444	360	359	5	358	249834	250910	1.04e-143	448
CDF90566.1	NC_001133.9	25.410	366	359	5	357	111910	110882	9.91e-27	110
CDF90567.1	NC_001133.9	77.778	603	610	8	609	124975	126783	0.0	960
CDF90568.1	NC_001147.6	33.716	261	368	17	266	247198	247947	1.64e-30	122
CDF90569.1	NC_001133.9	50.577	1386	1222	1	1219	120225	124283	0.0	1187
CDF90569.1	NC_001133.9	25.830	271	1222	953	1219	175090	174323	1.91e-18	90.5
CDF90569.1	NC_001147.6	53.639	1113	1222	126	1222	243635	246799	0.0	1085
CDF90569.1	NC_001147.6	31.655	278	1222	960	1219	295988	295197	2.09e-25	113
CDF90569.1	NC_001147.6	30.070	286	1222	952	1214	129735	130547	5.36e-24	108
CDF90569.1	NC_001147.6	28.179	291	1222	953	1219	775954	776781	4.35e-20	95.9
CDF90569.1	NC_001147.6	26.335	281	1222	962	1214	105403	106224	1.17e-18	91.3
CDF90569.1	NC_001147.6	31.140	228	1222	959	1170	824255	823605	5.84e-18	89.0
CDF90569.1	NC_001147.6	27.599	279	1222	964	1219	773267	774061	8.08e-16	82.0
CDF90569.1	NC_001147.6	27.854	219	1222	958	1171	441669	442265	1.61e-12	71.2
CDF90569.1	NC_001147.6	25.602	332	1222	935	1219	996091	995183	2.37e-11	67.4
CDF90569.1	NC_001136.10	32.056	287	1222	943	1222	1412487	1413296	5.90e-32	135
CDF90569.1	NC_001136.10	33.716	261	1222	966	1208	1465720	1464956	4.41e-29	125
CDF90569.1	NC_001136.10	30.634	284	1222	954	1214	1433926	1433114	3.60e-27	119
CDF90569.1	NC_001136.10	28.231	294	1222	953	1219	695030	695890	1.71e-25	114
CDF90569.1	NC_001136.10	28.114	281	1222	966	1219	406291	405485	1.04e-20	98.2
CDF90569.1	NC_001136.10	27.609	297	1222	959	1219	281260	280412	3.71e-20	96.3
CDF90569.1	NC_001136.10	27.491	291	1222	961	1214	1395148	1395981	1.95e-19	94.0
CDF90569.1	NC_001136.10	26.950	282	1222	958	1218	173039	173872	4.08e-17	86.3
CDF90569.1	NC_001136.10	30.357	224	1222	956	1170	75477	74854	4.26e-16	82.8
CDF90569.1	NC_001136.10	23.790	248	1222	1006	1221	401863	401141	1.30e-14	78.2
CDF90569.1	NC_001136.10	28.287	251	1222	968	1210	1486969	1486253	2.40e-14	77.0
CDF90569.1	NC_001136.10	24.893	233	1222	1012	1214	956319	956990	3.42e-12	70.1
CDF90569.1	NC_001136.10	25.926	189	1222	1058	1219	1027664	1027110	1.48e-11	67.8
CDF90569.1	NC_001135.5	31.418	261	1222	966	1214	79234	79998	7.65e-28	121
CDF90569.1	NC_001135.5	28.826	281	1222	968	1221	129433	130242	1.67e-22	103
CDF90569.1	NC_001135.5	28.378	296	1222	943	1208	275316	276161	2.08e-22	103
CDF90569.1	NC_001135.5	25.088	283	1222	968	1219	243466	242657	1.73e-13	74.3
CDF90569.1	NC_001143.9	31.522	276	1222	960	1219	135450	134683	4.59e-27	119
CDF90569.1	NC_001143.9	28.720	289	1222	968	1214	249178	250008	2.36e-24	110
CDF90569.1	NC_001143.9	29.457	258	1222	961	1208	206742	207467	7.83e-18	88.6
CDF90569.1	NC_001143.9	37.500	112	1222	1076	1170	221901	221566	4.31e-15	79.7
CDF90569.1	NC_001143.9	32.624	141	1222	1052	1170	69374	68952	6.68e-14	75.9
CDF90569.1	NC_001143.9	28.070	228	1222	968	1165	132211	131546	1.60e-13	74.3
CDF90569.1	NC_001143.9	26.724	232	1222	960	1189	183498	184136	5.90e-13	72.4
CDF90569.1	NC_001143.9	32.544	169	1222	1073	1214	348431	347931	1.78e-12	70.9
CDF90570.1	NC_001133.9	48.333	300	299	1	299	119541	118642	5.77e-95	305
CDF90570.1	NC_001147.6	23.837	344	299	2	293	241262	240243	1.88e-19	87.4
CDF90571.1	NC_001147.6	29.139	302	294	16	291	242597	241722	1.18e-21	94.0
CDF90571.1	NC_001147.6	26.400	250	294	55	294	240947	240210	3.49e-16	77.4
CDF90571.1	NC_001133.9	26.721	247	294	47	287	119337	118648	9.51e-14	70.1
CDF90573.1	NC_001147.6	36.757	370	330	1	330	241310	240216	3.19e-73	244
CDF90573.1	NC_001133.9	28.516	256	330	71	324	119385	118651	3.09e-23	99.4
CDF90574.1	NC_001147.6	54.167	480	483	16	482	238652	240088	1.97e-171	534
CDF90575.1	NC_001147.6	67.164	134	1128	527	660	236440	236841	1.43e-54	208
CDF90576.1	NC_001133.9	80.656	579	1059	481	1059	116560	118293	0.0	979
CDF90576.1	NC_001147.6	35.793	542	1059	505	1035	857960	856539	4.88e-82	293
CDF90576.1	NC_001147.6	34.107	560	1059	504	1058	885060	886511	1.55e-74	270
CDF90576.1	NC_001147.6	38.514	148	1059	881	1026	696798	697241	1.98e-24	110
CDF90576.1	NC_001147.6	25.000	360	1059	498	810	695274	696305	3.60e-15	79.7
CDF90576.1	NC_001141.2	36.127	537	1059	505	1035	119399	120823	2.36e-77	278
CDF90576.1	NC_001138.5	34.946	558	1059	495	1027	230016	231623	8.28e-74	268
CDF90576.1	NC_001137.3	34.011	541	1059	504	1030	506514	507920	4.85e-73	265
CDF90578.1	NC_001133.9	58.617	911	897	1	897	113359	110849	0.0	1023
CDF90578.1	NC_001147.6	25.926	405	897	527	889	249789	250919	1.61e-29	125
CDF90579.1	NC_001133.9	52.980	453	424	14	410	110271	108913	4.08e-150	470
CDF90580.1	NC_001133.9	72.928	724	751	26	749	108434	106278	0.0	1137
CDF90580.1	NC_001147.6	60.590	746	751	4	746	916045	918273	0.0	967
CDF90580.1	NC_001139.9	47.074	752	751	7	745	897568	899775	0.0	693
CDF90580.1	NC_001136.10	32.803	692	751	61	742	287230	289239	5.60e-99	335
CDF90580.1	NC_001136.10	30.906	673	751	60	720	290065	292002	6.09e-86	296
CDF90580.1	NC_001136.10	24.786	351	751	175	506	1076267	1077292	2.04e-16	82.8
CDF90580.1	NC_001142.9	29.834	724	751	48	725	700476	698398	3.45e-71	253
CDF90581.1	NC_001147.6	53.382	828	760	1	760	921062	918609	0.0	788
CDF90582.1	NC_001133.9	42.792	1526	1435	1	1427	105872	101574	0.0	1015
CDF90582.1	NC_001144.5	25.112	223	1435	1184	1386	753093	752464	1.43e-11	68.2
CDF90583.1	NC_001133.9	69.759	291	302	1	287	101145	100279	1.48e-113	359
CDF90584.1	NC_001133.9	74.870	1341	1334	4	1322	99676	95681	0.0	2083
CDF90584.1	NC_001136.10	39.013	1033	1334	286	1233	632593	635652	0.0	682
CDF90584.1	NC_001137.3	38.027	1044	1334	283	1243	513911	517015	0.0	677
CDF90584.1	NC_001141.2	30.645	1054	1334	190	1232	261944	264877	2.72e-126	432
CDF90584.1	NC_001145.3	36.347	531	1334	716	1235	580930	579380	1.06e-96	343
CDF90584.1	NC_001145.3	31.936	501	1334	147	578	583621	582146	5.22e-67	249
CDF90584.1	NC_001145.3	35.669	157	1334	616	760	581737	581306	2.58e-17	87.0
CDF90585.1	NC_001147.6	78.982	452	469	1	452	922905	921550	0.0	741
CDF90586.1	NC_001133.9	50.988	253	249	1	242	94687	95436	1.17e-77	253
CDF90587.1	NC_001133.9	27.917	480	495	57	495	93047	94474	7.33e-34	135
CDF90587.1	NC_001147.6	31.977	172	495	324	495	923768	923253	1.12e-25	110
CDF90589.1	NC_001147.6	69.792	1589	1590	1	1572	925721	930427	0.0	2266
CDF90589.1	NC_001133.9	50.197	1526	1590	1	1519	92270	87981	0.0	1384
CDF90589.1	NC_001140.6	38.406	828	1590	9	810	151702	154104	1.76e-153	520
CDF90589.1	NC_001145.3	36.388	753	1590	76	818	486695	488827	8.48e-129	446
CDF90589.1	NC_001143.9	36.211	776	1590	64	818	200128	197927	9.18e-129	446
CDF90590.1	NC_001147.6	82.609	115	110	1	110	931081	930737	3.35e-52	174
CDF90590.1	NC_001133.9	86.585	82	110	29	110	87501	87746	6.02e-35	124
CDF90590.1	NC_001144.5	37.838	74	110	25	98	326767	326546	7.42e-12	58.9
CDF90591.1	NC_001147.6	45.557	619	806	1	601	939349	937757	4.70e-125	413
CDF90593.1	NC_001147.6	56.340	1246	1230	16	1208	943343	939705	0.0	1397
CDF90594.1	NC_001147.6	65.236	233	230	1	230	943656	944354	5.53e-93	296
CDF90595.1	NC_001147.6	60.093	431	497	96	496	944740	946002	8.03e-167	521
CDF90595.1	NC_001148.4	39.759	332	497	110	431	434736	435722	1.43e-67	234
CDF90596.1	NC_001133.9	46.847	111	834	733	834	85075	84752	7.10e-19	91.3
CDF90597.1	NC_001133.9	37.817	394	444	45	427	84399	83362	6.26e-68	234
CDF90598.1	NC_001133.9	54.167	168	167	1	161	82706	83197	8.88e-56	187
CDF90599.1	NC_001147.6	81.733	958	956	1	956	949109	946236	0.0	1633
CDF90600.1	NC_001147.6	44.602	1343	1335	24	1320	949833	953795	0.0	1078
CDF90601.1	NC_001147.6	53.900	718	740	62	740	954539	956599	0.0	758
CDF90601.1	NC_001144.5	37.119	590	740	59	635	339365	337782	3.34e-115	382
CDF90602.1	NC_001147.6	47.107	363	338	1	338	956910	957986	1.62e-87	286
CDF90602.1	NC_001133.9	42.067	416	338	1	338	81951	80713	1.18e-77	258
CDF90603.1	NC_001147.6	65.584	154	164	8	161	958826	958368	9.43e-65	212
CDF90603.1	NC_001136.10	46.154	130	164	21	150	630174	630560	3.66e-32	119
CDF90603.1	NC_001136.10	44.167	120	164	29	148	569629	569273	7.38e-28	107
CDF90603.1	NC_001136.10	36.879	141	164	13	152	816881	817303	4.68e-27	104
CDF90603.1	NC_001136.10	39.286	112	164	42	151	337705	338040	1.49e-19	83.2
CDF90603.1	NC_001136.10	32.353	136	164	39	161	562225	561818	1.10e-18	80.9
CDF90603.1	NC_001139.9	40.845	142	164	16	157	394004	394426	1.91e-31	117
CDF90603.1	NC_001139.9	36.364	132	164	7	133	756959	757348	2.98e-17	76.6
CDF90603.1	NC_001145.3	36.478	159	164	10	151	318668	319144	1.04e-25	100
CDF90603.1	NC_001134.8	42.500	120	164	29	148	407023	406667	1.93e-25	100
CDF90604.1	NC_001133.9	51.786	280	277	1	266	79718	80557	1.92e-78	257
CDF90605.1	NC_001147.6	59.133	323	302	3	302	960173	959220	3.09e-125	392
CDF90606.1	NC_001147.6	81.130	1664	1661	1	1659	960987	965972	0.0	2853
CDF90606.1	NC_001147.6	32.482	979	1661	351	1264	543386	540639	1.85e-125	437
CDF90606.1	NC_001147.6	31.707	164	1661	1494	1654	540335	539853	1.67e-15	81.6
CDF90606.1	NC_001136.10	34.262	610	1661	450	1054	209601	207940	3.99e-103	367
CDF90606.1	NC_001136.10	53.521	71	1661	1168	1238	207417	207208	1.30e-17	88.6
CDF90606.1	NC_001136.10	29.787	141	1661	1515	1654	206649	206230	6.49e-14	76.3
CDF90607.1	NC_001133.9	75.174	1003	1002	8	1002	76448	79432	0.0	1256
CDF90607.1	NC_001147.6	32.491	277	1002	396	666	278455	279147	2.00e-23	106
CDF90608.1	NC_001133.9	89.373	367	369	1	367	76152	75052	0.0	677
CDF90608.1	NC_001139.9	50.954	367	369	5	369	843863	844957	2.52e-113	361
CDF90609.1	NC_001147.6	27.419	248	293	44	245	967610	966891	3.37e-21	92.4
CDF90609.1	NC_001133.9	28.028	289	293	27	290	73996	74817	5.48e-19	85.9
CDF90610.1	NC_001147.6	75.652	115	192	69	173	977565	977221	8.92e-52	176
CDF90611.1	NC_001147.6	48.344	966	901	6	901	981936	984782	0.0	871
CDF90612.1	NC_001133.9	83.034	501	503	3	503	71783	73285	0.0	850
CDF90612.1	NC_001147.6	69.339	499	503	5	503	986453	984957	0.0	705
CDF90613.1	NC_001147.6	67.179	585	579	6	576	988659	986911	0.0	813
CDF90613.1	NC_001147.6	29.705	542	579	41	563	286358	287914	8.14e-68	238
CDF90613.1	NC_001148.4	38.448	554	579	36	575	41235	42854	1.43e-110	362
CDF90613.1	NC_001148.4	29.110	584	579	7	579	22998	24698	1.12e-64	229
CDF90613.1	NC_001137.3	36.219	566	579	21	579	33340	31697	8.11e-104	343
CDF90613.1	NC_001146.8	36.314	548	579	33	574	138781	140367	3.44e-99	330
CDF90613.1	NC_001146.8	34.574	564	579	15	574	137592	135946	9.24e-94	314
CDF90613.1	NC_001134.8	34.971	509	579	57	555	501196	499703	4.73e-96	320
CDF90613.1	NC_001134.8	29.787	564	579	33	579	375489	373864	2.02e-74	257
CDF90613.1	NC_001134.8	31.560	545	579	15	546	378274	376736	8.58e-74	255
CDF90614.1	NC_001147.6	30.000	1060	1037	6	1036	989798	992830	2.93e-113	386
CDF90615.1	NC_001147.6	28.808	663	636	6	629	994855	992891	6.30e-65	231
CDF90617.1	NC_001147.6	46.110	347	293	1	292	997213	998235	2.19e-79	260
CDF90618.1	NC_001147.6	50.257	778	841	38	758	1000741	998468	0.0	668
CDF90619.1	NC_001133.9	60.150	266	275	1	264	69525	68752	1.63e-100	320
CDF90619.1	NC_001143.9	31.538	260	275	19	257	277908	277210	9.48e-23	96.7
CDF90620.1	NC_001147.6	34.685	666	671	19	670	1003090	1001153	2.90e-123	403
CDF90621.1	NC_001133.9	33.517	543	485	21	478	67415	65805	1.33e-78	266
CDF90621.1	NC_001139.9	28.025	157	485	13	154	706321	705854	3.43e-11	64.7
CDF90623.1	NC_001147.6	44.168	523	418	1	417	1005137	1006699	1.98e-116	372
CDF90624.1	NC_001147.6	64.659	631	643	20	643	1007245	1009113	0.0	832
CDF90626.1	NC_001133.9	68.675	415	404	1	403	61313	62557	0.0	620
CDF90627.1	NC_001147.6	68.715	179	186	8	186	1009760	1009227	1.56e-79	256
CDF90628.1	NC_001147.6	90.323	124	160	34	157	1010500	1010871	1.82e-76	246
CDF90629.1	NC_001133.9	43.441	808	772	1	768	61052	58704	0.0	587
CDF90631.1	NC_001147.6	41.719	477	554	108	546	1014662	1013250	5.57e-108	354
CDF90632.1	NC_001133.9	53.179	173	174	3	173	58471	57953	2.57e-59	197
CDF90633.1	NC_001133.9	47.170	106	121	16	119	57536	57847	2.04e-25	98.2
CDF90634.1	NC_001133.9	62.667	75	97	22	96	57286	57062	3.84e-29	107
CDF90635.1	NC_001147.6	69.697	726	734	7	732	1017514	1015358	0.0	1069
CDF90636.1	NC_001133.9	28.167	742	737	56	736	56764	55001	8.76e-53	197
CDF90637.1	NC_001147.6	76.817	289	284	1	284	1018746	1017883	2.58e-150	463
CDF90637.1	NC_001147.6	36.923	195	284	6	194	255340	255915	9.79e-33	125
CDF90637.1	NC_001139.9	41.243	177	284	8	176	999119	998592	5.17e-33	126
CDF90637.1	NC_001139.9	37.209	172	284	8	177	761407	761922	2.04e-32	125
CDF90637.1	NC_001139.9	39.535	172	284	8	177	475214	474699	1.36e-26	108
CDF90637.1	NC_001145.3	34.940	249	284	8	254	86727	86080	7.64e-33	126
CDF90637.1	NC_001145.3	34.483	174	284	8	181	901724	902239	5.91e-23	97.4
CDF90638.1	NC_001133.9	72.686	659	653	1	650	54789	52813	0.0	998
CDF90639.1	NC_001133.9	55.918	245	244	1	243	52595	51864	3.53e-89	286
CDF90640.1	NC_001133.9	41.683	1034	969	11	968	48639	51698	0.0	709
CDF90640.1	NC_001147.6	38.392	883	969	36	883	1023167	1020597	2.31e-173	560
CDF90640.1	NC_001144.5	21.121	464	969	36	496	35189	33951	1.19e-21	100
CDF90640.1	NC_001135.5	20.523	497	969	37	522	310976	312244	8.89e-18	87.8
CDF90641.1	NC_001133.9	63.800	779	773	19	773	45947	48247	0.0	977
CDF90641.1	NC_001147.6	46.322	639	773	38	676	1025401	1023518	0.0	586
CDF90641.1	NC_001148.4	38.260	724	773	2	720	133028	135058	6.08e-146	473
CDF90641.1	NC_001139.9	36.919	688	773	22	708	245755	247716	9.80e-146	472
CDF90642.1	NC_001133.9	80.000	725	725	1	725	45022	42884	0.0	1224
CDF90642.1	NC_001144.5	55.778	649	725	81	724	447479	445554	0.0	764
CDF90642.1	NC_001134.8	24.607	382	725	328	701	667775	666741	6.21e-20	94.4
CDF90643.1	NC_001147.6	60.606	198	201	1	196	1026001	1026591	1.94e-80	259
CDF90643.1	NC_001148.4	32.520	123	201	31	150	94779	94426	7.56e-12	62.4
CDF90645.1	NC_001147.6	63.275	403	394	1	394	1026843	1028045	3.30e-164	509
CDF90646.1	NC_001147.6	87.903	124	142	19	142	1028568	1028197	1.21e-61	202
CDF90647.1	NC_001147.6	39.327	862	827	49	827	1034071	1031492	0.0	593
CDF90647.1	NC_001133.9	35.581	860	827	50	823	39397	41886	3.12e-152	493
CDF90648.1	NC_001147.6	43.545	519	545	22	494	1036387	1034876	4.79e-104	342
CDF90649.1	NC_001147.6	30.289	865	833	1	810	1036840	1039248	3.89e-88	305
CDF90650.1	NC_001147.6	75.483	518	518	1	518	1039840	1041393	0.0	857
CDF90650.1	NC_001137.3	62.548	518	518	1	518	304030	305577	0.0	688
CDF90650.1	NC_001148.4	54.637	496	518	26	517	432600	434087	0.0	574
CDF90650.1	NC_001145.3	44.400	500	518	29	517	603073	601577	9.25e-130	416
CDF90650.1	NC_001145.3	43.520	517	518	18	517	600914	599367	2.19e-128	411
CDF90650.1	NC_001145.3	26.441	295	518	209	493	491527	490661	2.80e-21	97.1
CDF90650.1	NC_001134.8	36.383	470	518	48	513	247073	248473	2.10e-86	290
CDF90651.1	NC_001133.9	37.895	475	610	36	502	37539	38930	7.04e-100	333
CDF90652.1	NC_001133.9	54.450	191	185	1	184	36581	37141	3.86e-51	174
CDF90653.1	NC_001133.9	59.635	384	387	1	384	35155	36300	3.41e-161	500
CDF90653.1	NC_001133.9	51.295	386	387	1	384	33448	34596	1.39e-129	409
CDF90653.1	NC_001136.10	28.338	367	387	19	377	9690	8689	1.08e-31	126
CDF90653.1	NC_001136.10	30.597	268	387	28	271	159715	160437	1.82e-17	83.2
CDF90653.1	NC_001142.9	28.338	367	387	19	377	736110	737111	1.34e-31	125
CDF90653.1	NC_001144.5	26.816	358	387	21	375	275136	274156	2.21e-28	116
CDF90654.1	NC_001133.9	77.093	454	459	7	459	31576	32937	0.0	728
CDF90654.1	NC_001147.6	77.974	454	459	7	459	1043036	1041681	0.0	724
CDF90658.1	NC_001144.5	30.314	541	524	10	524	159493	157937	2.69e-68	238
CDF90658.1	NC_001144.5	26.355	535	524	12	522	30112	31695	1.23e-50	186
CDF90658.1	NC_001142.9	31.084	489	524	47	523	719843	721291	5.80e-68	236
CDF90658.1	NC_001139.9	22.747	466	524	38	492	1012626	1013993	4.65e-34	136
CDF90658.1	NC_001139.9	28.000	200	524	93	285	619423	618830	1.63e-13	72.4
CDF90658.1	NC_001141.2	23.606	538	524	2	499	32569	31010	2.61e-29	122
CDF90658.1	NC_001147.6	21.627	467	524	65	511	9354	10727	6.31e-20	92.8
CDF90661.1	NC_001148.4	72.000	325	325	1	325	25087	26061	3.93e-164	505
CDF90661.1	NC_001144.5	64.615	325	325	1	325	17613	16642	6.36e-146	453
CDF90661.1	NC_001145.3	69.000	100	325	226	325	917881	917582	5.35e-43	157
CDF90662.1	NC_001148.4	79.002	581	584	4	584	22962	24698	0.0	906
CDF90662.1	NC_001148.4	31.538	520	584	71	568	41289	42809	1.26e-67	238
CDF90662.1	NC_001144.5	69.297	583	584	2	584	17962	19704	0.0	829
CDF90662.1	NC_001143.9	44.426	592	584	2	584	515135	516868	6.90e-147	468
CDF90662.1	NC_001135.5	38.475	590	584	24	584	77775	76021	5.30e-134	431
CDF90662.1	NC_001139.9	42.341	581	584	23	584	880498	882228	1.75e-133	429
CDF90663.1	NC_001142.9	74.830	441	443	1	439	31833	33155	0.0	696
CDF90664.1	NC_001143.9	46.691	272	295	24	291	236216	237028	7.65e-71	236
CDF90665.1	NC_001134.8	61.242	467	465	1	465	429101	427701	0.0	610
CDF90665.1	NC_001134.8	59.957	467	465	1	465	430951	429551	0.0	599
CDF90665.1	NC_001133.9	59.529	467	465	1	465	225460	226860	0.0	604
CDF90665.1	NC_001140.6	59.529	467	465	1	465	552099	553499	0.0	603
CDF90665.1	NC_001136.10	57.918	461	465	7	465	409836	408454	0.0	584
CDF90667.1	NC_001148.4	66.867	166	165	1	165	446342	445845	6.12e-75	241
CDF90667.1	NC_001146.8	44.882	127	165	1	127	769068	769445	4.70e-35	127
CDF90667.1	NC_001136.10	44.355	124	165	1	124	469987	470355	2.48e-34	125
CDF90667.1	NC_001136.10	39.516	124	165	1	123	1283389	1283757	7.41e-24	95.5
CDF90667.1	NC_001147.6	37.795	127	165	1	126	353420	353797	3.99e-27	105
CDF90667.1	NC_001147.6	35.484	124	165	1	123	936099	936467	3.59e-24	96.7
CDF90667.1	NC_001147.6	39.516	124	165	1	123	623974	624342	1.18e-23	95.1
CDF90667.1	NC_001141.2	34.868	152	165	1	148	328671	328222	9.16e-27	103
CDF90668.1	NC_001134.8	35.169	563	540	13	537	565813	567456	4.49e-97	322
CDF90669.1	NC_001148.4	80.165	121	140	20	140	444651	445013	2.72e-65	213
CDF90669.1	NC_001136.10	44.318	88	140	28	115	644486	644232	7.93e-24	94.4
CDF90669.1	NC_001137.3	43.023	86	140	30	115	538733	538485	6.00e-23	92.0
CDF90670.1	NC_001134.8	72.523	1827	1833	6	1832	642186	636718	0.0	2811
CDF90670.1	NC_001134.8	36.087	460	1833	633	1081	662183	660819	9.99e-75	276
CDF90670.1	NC_001139.9	35.197	483	1833	609	1081	385211	386623	3.47e-72	268
CDF90670.1	NC_001145.3	31.526	498	1833	633	1068	683603	682122	2.34e-63	239
CDF90670.1	NC_001145.3	27.918	437	1833	62	449	856700	855414	3.28e-21	100
CDF90670.1	NC_001146.8	30.237	506	1833	633	1068	661191	659686	1.48e-58	223
CDF90671.1	NC_001134.8	63.597	467	432	1	429	635146	636540	0.0	572
CDF90671.1	NC_001137.3	35.616	365	432	17	373	461695	460772	4.06e-67	231
CDF90672.1	NC_001148.4	67.042	355	385	26	378	434658	435722	5.23e-159	493
CDF90672.1	NC_001147.6	40.719	334	385	52	383	944785	945747	8.67e-68	231
CDF90673.1	NC_001134.8	66.010	406	397	1	397	633622	634833	0.0	585
CDF90673.1	NC_001134.8	37.500	336	397	65	387	619260	620267	2.40e-76	256
CDF90673.1	NC_001147.6	58.735	332	397	65	396	511993	512985	5.45e-139	436
CDF90673.1	NC_001136.10	50.158	317	397	78	394	1421514	1422458	4.48e-113	362
CDF90673.1	NC_001143.9	46.078	306	397	78	370	557944	558861	2.38e-93	305
CDF90673.1	NC_001142.9	40.000	380	397	9	372	152933	151809	3.77e-93	305
CDF90674.1	NC_001134.8	40.476	378	347	1	345	633381	632269	1.68e-83	275
CDF90675.1	NC_001147.6	29.705	643	651	35	651	1055902	1057677	1.07e-74	260
CDF90675.1	NC_001147.6	27.411	591	651	65	651	1062029	1063645	2.08e-60	218
CDF90675.1	NC_001147.6	24.773	331	651	188	503	41225	42184	9.91e-20	93.2
CDF90675.1	NC_001143.9	29.338	634	651	47	651	10863	9094	9.09e-69	243
CDF90675.1	NC_001146.8	29.114	553	651	105	651	740506	742107	1.68e-65	233
CDF90675.1	NC_001144.5	25.449	613	651	63	651	568981	570624	8.15e-51	189
CDF90675.1	NC_001144.5	25.641	390	651	65	437	38985	37849	5.42e-36	144
CDF90676.1	NC_001134.8	30.691	391	535	238	518	630743	631915	1.76e-40	155
CDF90676.1	NC_001134.8	51.220	82	535	46	127	629729	629974	1.53e-18	88.6
CDF90677.1	NC_001148.4	63.674	479	486	4	479	429951	431366	0.0	581
CDF90677.1	NC_001144.5	31.746	189	486	174	345	180909	181466	1.57e-23	103
CDF90677.1	NC_001140.6	32.353	204	486	183	352	112377	111772	8.24e-17	82.4
CDF90678.1	NC_001148.4	30.982	326	289	4	286	429601	428717	9.79e-31	120
CDF90679.1	NC_001145.3	39.234	209	502	59	265	700646	700071	1.75e-41	158
CDF90679.1	NC_001145.3	32.759	174	502	308	471	699419	698916	8.39e-22	98.6
CDF90679.1	NC_001142.9	28.856	201	502	61	250	149385	148861	7.35e-12	67.0
CDF90679.1	NC_001134.8	24.221	289	502	185	470	560168	560965	3.58e-11	64.7
CDF90680.1	NC_001148.4	45.652	230	231	1	230	427978	428649	1.45e-66	221
CDF90681.1	NC_001148.4	37.526	485	447	1	434	426233	427612	5.84e-85	283
CDF90682.1	NC_001134.8	76.202	853	836	1	836	625772	628303	0.0	1306
CDF90682.1	NC_001134.8	36.545	550	836	218	712	176614	175004	7.26e-91	314
CDF90682.1	NC_001148.4	37.857	560	836	219	747	597689	599338	4.32e-104	353
CDF90682.1	NC_001144.5	40.839	453	836	296	715	692293	693615	8.52e-91	313
CDF90682.1	NC_001139.9	46.224	331	836	385	715	119386	118406	2.38e-89	309
CDF90682.1	NC_001139.9	27.922	154	836	200	351	120145	119693	5.13e-15	78.6
CDF90682.1	NC_001137.3	39.211	431	836	200	614	87381	88649	1.80e-80	283
CDF90684.1	NC_001147.6	43.443	488	427	3	427	826406	827866	3.87e-129	409
CDF90684.1	NC_001141.2	27.536	207	427	195	399	269533	270057	5.92e-15	76.3
CDF90684.1	NC_001135.5	25.714	280	427	163	424	261105	260341	5.88e-13	69.7
CDF90684.1	NC_001138.5	25.833	240	427	149	384	117267	117830	1.11e-11	65.9
CDF90685.1	NC_001147.6	66.827	832	814	1	814	830574	828091	0.0	1157
CDF90685.1	NC_001145.3	46.465	891	814	5	809	383312	385960	0.0	752
CDF90686.1	NC_001145.3	55.305	443	417	1	415	684467	685789	2.19e-152	476
CDF90687.1	NC_001147.6	80.122	327	324	1	324	832042	831062	2.58e-179	549
CDF90688.1	NC_001147.6	78.959	461	447	1	447	832813	834192	0.0	758
CDF90688.1	NC_001141.2	27.483	302	447	116	401	269593	270414	1.67e-14	74.7
CDF90689.1	NC_001145.3	44.783	460	448	2	444	687290	685923	1.27e-118	380
CDF90690.1	NC_001145.3	45.148	474	455	1	454	689083	690501	8.87e-134	424
CDF90691.1	NC_001147.6	47.264	658	647	1	645	841069	839099	0.0	596
CDF90691.1	NC_001148.4	24.348	345	647	55	359	394215	395213	7.67e-14	73.9
CDF90692.1	NC_001145.3	51.396	788	748	1	748	693031	690698	0.0	781
CDF90693.1	NC_001145.3	44.974	587	543	1	531	693381	695120	8.14e-152	480
CDF90694.1	NC_001136.10	67.969	384	377	1	377	1184747	1185886	6.87e-172	530
CDF90695.1	NC_001136.10	29.851	737	821	151	821	1186881	1188938	6.83e-47	181
CDF90695.1	NC_001136.10	26.730	419	821	1	399	1186104	1187321	7.94e-22	100
CDF90696.1	NC_001136.10	48.624	109	113	5	113	1189531	1189205	1.17e-33	121
CDF90697.1	NC_001140.6	63.714	587	577	2	577	328318	330057	0.0	716
CDF90697.1	NC_001136.10	49.831	590	577	1	577	1190059	1191729	8.23e-174	545
CDF90698.1	NC_001136.10	47.951	903	924	26	854	1194803	1192170	0.0	803
CDF90699.1	NC_001136.10	63.251	283	272	1	272	1196263	1195415	1.40e-112	355
CDF90700.1	NC_001140.6	35.798	595	572	1	571	330310	332052	4.62e-105	346
CDF90701.1	NC_001140.6	60.386	207	208	3	208	332297	332917	4.76e-83	267
CDF90701.1	NC_001133.9	33.810	210	208	5	208	154691	154068	3.70e-36	132
CDF90701.1	NC_001139.9	36.620	213	208	2	208	494529	495164	3.12e-35	130
CDF90702.1	NC_001136.10	51.543	551	631	86	629	1198310	1196685	0.0	613
CDF90703.1	NC_001140.6	69.681	376	376	1	376	335663	334536	0.0	568
CDF90703.1	NC_001133.9	30.311	386	376	21	376	130874	131980	4.42e-34	132
CDF90703.1	NC_001139.9	27.913	412	376	4	371	155997	154801	7.32e-24	102
CDF90703.1	NC_001138.5	26.962	293	376	56	335	264369	265235	1.08e-13	71.6
CDF90704.1	NC_001140.6	71.660	494	489	1	489	336337	337806	0.0	748
CDF90704.1	NC_001143.9	34.542	469	489	20	483	247535	246162	4.51e-77	262
CDF90705.1	NC_001136.10	49.000	300	413	134	412	1199648	1200547	3.66e-85	282
CDF90706.1	NC_001147.6	85.548	1460	1458	1	1458	544145	539766	0.0	2614
CDF90706.1	NC_001147.6	32.033	974	1458	252	1167	962037	964784	1.69e-122	424
CDF90706.1	NC_001147.6	30.247	162	1458	1269	1429	965475	965957	5.58e-17	86.3
CDF90706.1	NC_001136.10	33.885	1511	1458	7	1439	210543	206212	0.0	720
CDF90707.1	NC_001147.6	94.931	434	434	1	434	545029	546330	0.0	843
CDF90707.1	NC_001147.6	41.813	342	434	85	422	813468	812443	3.94e-79	266
CDF90707.1	NC_001139.9	51.237	283	434	140	422	410968	410120	1.46e-91	301
CDF90707.1	NC_001139.9	37.229	231	434	180	404	1028603	1029286	2.49e-44	164
CDF90707.1	NC_001139.9	36.000	225	434	179	400	542467	543123	2.43e-37	144
CDF90707.1	NC_001136.10	46.844	301	434	117	415	438398	439294	1.83e-89	295
CDF90707.1	NC_001136.10	43.564	303	434	117	418	1262002	1262910	2.21e-78	263
CDF90707.1	NC_001136.10	40.889	225	434	180	404	238028	237363	1.56e-51	186
CDF90707.1	NC_001136.10	39.831	236	434	179	413	237212	236505	2.97e-50	182
CDF90707.1	NC_001136.10	30.539	167	434	186	347	1225849	1225385	5.58e-12	66.6
CDF90707.1	NC_001143.9	47.403	308	434	131	433	174678	175601	2.07e-86	287
CDF90707.1	NC_001143.9	32.000	275	434	154	418	71858	71046	6.04e-36	140
CDF90707.1	NC_001137.3	39.179	268	434	165	424	190975	190175	8.90e-51	183
CDF90707.1	NC_001137.3	34.959	246	434	180	405	244694	243969	1.24e-35	139
CDF90708.1	NC_001136.10	61.039	462	448	1	448	1204210	1202846	7.66e-180	556
CDF90708.1	NC_001135.5	26.923	156	448	168	316	261090	260635	5.99e-11	63.5
CDF90708.1	NC_001134.8	23.451	226	448	153	373	616957	616301	7.39e-11	63.2
CDF90709.1	NC_001136.10	58.915	645	633	1	622	1206383	1204536	0.0	656
CDF90710.1	NC_001147.6	50.727	550	558	17	558	546917	548557	3.17e-176	551
CDF90711.1	NC_001147.6	62.762	478	463	1	443	550246	548855	0.0	589
CDF90712.1	NC_001136.10	59.434	212	209	11	208	1212979	1213608	1.24e-81	263
CDF90713.1	NC_001147.6	61.415	311	311	2	311	551120	552049	6.97e-128	400
CDF90713.1	NC_001136.10	61.093	311	311	2	311	1213910	1214839	1.02e-126	397
CDF90713.1	NC_001136.10	32.131	305	311	11	290	240280	241119	4.67e-34	130
CDF90713.1	NC_001134.8	38.305	295	311	11	292	540059	540928	2.92e-55	192
CDF90713.1	NC_001140.6	32.609	322	311	1	294	323391	324347	1.25e-47	170
CDF90713.1	NC_001142.9	35.231	281	311	12	283	611213	611971	3.57e-43	157
CDF90714.1	NC_001136.10	30.520	865	736	1	735	1217580	1215022	5.42e-87	299
CDF90718.1	NC_001147.6	81.967	122	126	5	126	552666	552301	4.03e-67	217
CDF90719.1	NC_001147.6	54.398	432	426	28	420	554492	553200	7.41e-121	385
CDF90720.1	NC_001136.10	45.383	509	522	25	521	1219500	1220945	6.45e-144	456
CDF90721.1	NC_001136.10	74.203	345	333	1	333	1222149	1221115	1.27e-174	536
CDF90722.1	NC_001144.5	52.632	532	543	1	502	388220	386631	4.46e-160	504
CDF90722.1	NC_001144.5	45.110	501	543	1	499	390264	388933	2.03e-135	433
CDF90722.1	NC_001136.10	48.077	520	543	1	495	746101	744554	8.27e-147	466
CDF90722.1	NC_001136.10	25.269	372	543	201	517	1173672	1172578	9.01e-12	67.0
CDF90722.1	NC_001141.2	37.764	474	543	55	513	322423	323712	7.14e-83	281
CDF90722.1	NC_001141.2	40.618	421	543	69	478	431913	430741	5.76e-81	275
CDF90722.1	NC_001148.4	23.364	428	543	36	449	260778	259720	6.39e-23	102
CDF90723.1	NC_001144.5	47.290	535	566	1	471	388220	386640	3.43e-132	424
CDF90723.1	NC_001144.5	44.358	514	566	9	491	390237	388810	3.79e-116	378
CDF90723.1	NC_001136.10	42.115	520	566	1	463	746101	744548	3.44e-116	378
CDF90723.1	NC_001136.10	29.197	274	566	180	421	1173666	1172851	1.85e-14	75.5
CDF90723.1	NC_001141.2	40.394	406	566	61	449	431913	430744	1.76e-76	263
CDF90723.1	NC_001141.2	38.278	418	566	23	428	322354	323544	4.73e-76	261
CDF90723.1	NC_001148.4	24.731	372	566	61	421	260661	259720	9.27e-20	92.8
CDF90724.1	NC_001144.5	48.532	511	532	39	532	388106	386646	5.35e-138	440
CDF90724.1	NC_001144.5	49.425	348	532	187	528	389976	388951	5.85e-98	324
CDF90724.1	NC_001144.5	54.930	71	532	39	108	390186	389974	2.97e-17	84.3
CDF90724.1	NC_001136.10	42.805	549	532	2	528	746110	744560	1.13e-122	395
CDF90724.1	NC_001136.10	29.110	292	532	233	493	1173672	1172836	1.47e-15	79.0
CDF90724.1	NC_001141.2	36.774	465	532	54	514	431970	430741	5.67e-77	263
CDF90724.1	NC_001141.2	36.449	321	532	183	497	322633	323562	4.94e-57	205
CDF90724.1	NC_001148.4	27.660	329	532	174	485	260604	259720	6.22e-19	89.7
CDF90726.1	NC_001144.5	43.275	855	807	1	807	398319	395779	0.0	686
CDF90727.1	NC_001136.10	54.528	519	528	23	512	746822	748318	5.96e-164	514
CDF90728.1	NC_001136.10	38.430	739	763	18	716	750703	748676	3.80e-115	383
CDF90728.1	NC_001144.5	46.933	375	763	359	731	405532	404561	8.01e-84	291
CDF90728.1	NC_001144.5	41.925	322	763	1	286	406822	405887	6.33e-53	198
CDF90728.1	NC_001146.8	44.318	88	763	577	653	581284	581535	2.16e-13	73.2
CDF90729.1	NC_001144.5	27.458	295	261	1	261	408155	407286	6.26e-27	108
CDF90730.1	NC_001144.5	51.699	559	592	41	582	408535	410154	2.75e-176	553
CDF90730.1	NC_001136.10	38.367	490	592	107	578	751877	753184	2.25e-101	336
CDF90731.1	NC_001136.10	70.753	465	448	1	448	755066	753678	0.0	612
CDF90731.1	NC_001146.8	33.333	234	448	221	447	492276	492968	3.06e-28	117
CDF90732.1	NC_001144.5	35.795	352	549	269	548	414523	415515	1.19e-42	162
CDF90732.1	NC_001144.5	32.365	241	549	51	254	413596	414282	1.30e-24	107
CDF90733.1	NC_001136.10	27.379	1114	2478	509	1539	759117	762224	1.41e-99	360
CDF90733.1	NC_001136.10	63.372	172	2478	2304	2469	763290	763805	5.67e-66	249
CDF90733.1	NC_001136.10	33.948	271	2478	17	262	755640	756443	2.11e-33	141
CDF90734.1	NC_001136.10	41.967	305	276	24	276	765077	764181	1.35e-60	206
CDF90734.1	NC_001144.5	42.955	291	276	16	276	416625	415804	2.29e-57	196
CDF90735.1	NC_001147.6	58.032	498	481	1	481	410870	412327	4.58e-165	515
CDF90736.1	NC_001147.6	72.131	61	57	1	57	413852	414034	2.03e-21	83.6
CDF90737.1	NC_001136.10	63.636	44	71	27	70	1013610	1013479	3.96e-13	60.8
CDF90738.1	NC_001147.6	78.261	483	478	1	478	415907	414462	0.0	789
CDF90738.1	NC_001147.6	32.979	376	478	98	449	723367	724455	1.69e-48	178
CDF90738.1	NC_001136.10	39.437	355	478	88	436	486873	487910	2.32e-82	277
CDF90738.1	NC_001136.10	35.526	380	478	88	461	171792	170701	3.07e-65	227
CDF90738.1	NC_001136.10	32.061	393	478	88	466	305423	306553	3.02e-54	195
CDF90738.1	NC_001136.10	28.750	400	478	86	451	949774	948617	1.30e-36	143
CDF90738.1	NC_001136.10	28.689	244	478	88	326	394628	395350	3.81e-25	108
CDF90738.1	NC_001136.10	37.615	109	478	328	436	395516	395824	5.24e-18	86.3
CDF90738.1	NC_001136.10	24.923	325	478	158	436	847409	846507	5.33e-18	86.3
CDF90738.1	NC_001142.9	38.542	384	478	61	439	154712	153591	1.01e-71	246
CDF90738.1	NC_001142.9	29.121	364	478	87	433	383957	385018	4.32e-37	144
CDF90738.1	NC_001143.9	40.056	357	478	86	439	555047	556087	7.10e-71	243
CDF90738.1	NC_001143.9	30.418	263	478	56	274	487069	486299	1.83e-14	75.1
CDF90738.1	NC_001140.6	32.682	358	478	85	436	228803	227763	4.29e-47	174
CDF90738.1	NC_001140.6	34.987	383	478	83	436	442172	443254	6.99e-43	161
CDF90739.1	NC_001136.10	58.014	443	425	1	412	1015702	1014413	1.41e-146	459
CDF90739.1	NC_001147.6	52.980	453	425	1	412	417681	416359	2.92e-139	439
CDF90740.1	NC_001147.6	70.882	1020	1033	1	1001	421650	418636	0.0	1489
CDF90740.1	NC_001139.9	39.796	392	1033	1	388	180113	179076	1.65e-80	288
CDF90740.1	NC_001139.9	41.530	183	1033	601	776	178646	178101	9.70e-41	163
CDF90741.1	NC_001143.9	42.373	413	397	1	397	148835	147633	6.66e-101	327
CDF90742.1	NC_001147.6	48.421	380	448	14	393	423792	422701	1.46e-121	389
CDF90743.1	NC_001143.9	55.571	736	716	10	716	567963	570146	0.0	803
CDF90743.1	NC_001134.8	37.910	670	716	28	681	203670	205586	4.24e-131	427
CDF90744.1	NC_001143.9	78.238	193	193	1	193	570909	570331	1.35e-106	333
CDF90745.1	NC_001147.6	55.875	417	406	1	403	426084	424855	6.25e-126	399
CDF90746.1	NC_001143.9	59.599	599	583	1	582	571612	573381	0.0	707
CDF90748.1	NC_001147.6	80.882	68	112	45	112	426978	426775	1.80e-35	126
CDF90749.1	NC_001147.6	50.175	572	662	46	590	429728	428139	2.99e-151	483
CDF90749.1	NC_001143.9	45.091	550	662	51	592	577985	576642	6.58e-117	384
CDF90749.1	NC_001143.9	42.675	157	662	450	599	276354	276821	2.22e-34	139
CDF90749.1	NC_001143.9	50.000	62	662	305	359	276159	276344	7.93e-11	64.3
CDF90750.1	NC_001147.6	66.452	465	465	1	464	431626	430253	0.0	623
CDF90751.1	NC_001147.6	53.015	398	390	1	390	432186	433370	2.12e-125	397
CDF90752.1	NC_001147.6	39.145	912	899	1	885	436345	433715	3.81e-176	565
CDF90753.1	NC_001143.9	64.626	147	146	1	146	579233	579673	2.15e-63	207
CDF90754.1	NC_001147.6	51.786	448	445	2	441	440252	438921	1.19e-155	486
CDF90754.1	NC_001139.9	33.333	210	445	3	202	233949	233368	8.79e-17	82.0
CDF90754.1	NC_001136.10	31.905	210	445	1	202	266637	266047	3.77e-13	70.5
CDF90755.1	NC_001147.6	43.137	255	239	3	239	441154	440393	4.96e-56	191
CDF90756.1	NC_001147.6	88.462	338	343	5	342	441534	442547	0.0	639
CDF90756.1	NC_001147.6	28.713	303	343	59	338	79344	78493	5.98e-26	107
CDF90756.1	NC_001147.6	32.589	224	343	51	253	129762	130415	2.32e-23	100
CDF90756.1	NC_001147.6	27.308	260	343	54	294	775981	776721	8.74e-15	74.3
CDF90756.1	NC_001147.6	25.322	233	343	50	259	246005	246667	4.41e-14	72.4
CDF90756.1	NC_001147.6	26.540	211	343	52	248	295988	295371	9.43e-12	65.1
CDF90756.1	NC_001141.2	54.545	363	343	18	338	288899	287820	2.00e-106	340
CDF90756.1	NC_001144.5	31.773	299	343	50	337	371671	372522	5.94e-36	137
CDF90756.1	NC_001144.5	28.205	195	343	143	294	106666	106106	5.05e-11	62.8
CDF90756.1	NC_001140.6	29.341	334	343	31	338	170371	169391	2.18e-33	129
CDF90756.1	NC_001140.6	38.393	112	343	144	247	271011	270682	1.47e-15	76.6
CDF90756.1	NC_001140.6	25.105	239	343	38	261	510551	511237	1.44e-12	67.4
CDF90756.1	NC_001140.6	25.909	220	343	60	268	316656	317282	3.96e-12	66.2
CDF90756.1	NC_001143.9	29.934	304	343	53	338	150624	149734	4.07e-32	125
CDF90756.1	NC_001143.9	27.010	311	343	43	339	183471	184367	6.81e-29	116
CDF90756.1	NC_001143.9	25.789	190	343	150	339	249571	250029	1.03e-16	80.1
CDF90756.1	NC_001143.9	26.291	213	343	51	252	135453	134842	4.53e-14	72.0
CDF90758.1	NC_001143.9	42.169	249	211	1	199	580750	580004	1.08e-49	171
CDF90758.1	NC_001147.6	46.190	210	211	1	199	443531	442932	2.25e-48	167
CDF90759.1	NC_001147.6	87.080	387	388	1	387	444686	445846	0.0	681
CDF90760.1	NC_001134.8	69.076	249	247	4	247	101123	100377	6.11e-113	355
CDF90760.1	NC_001145.3	27.386	241	247	13	245	220099	220773	2.67e-16	76.6
CDF90760.1	NC_001136.10	27.604	192	247	30	220	1365647	1365117	1.11e-14	72.0
CDF90761.1	NC_001134.8	50.847	1180	1157	66	1157	99992	96672	0.0	1044
CDF90762.1	NC_001137.3	44.629	782	816	1	756	355466	357598	0.0	595
CDF90762.1	NC_001137.3	24.232	293	816	467	713	458660	457821	2.15e-14	76.3
CDF90762.1	NC_001134.8	51.899	474	816	348	810	94961	93630	9.38e-146	474
CDF90762.1	NC_001134.8	53.913	115	816	104	213	95531	95187	9.85e-30	126
CDF90762.1	NC_001145.3	31.325	249	816	489	719	717420	718127	2.55e-21	99.0
CDF90762.1	NC_001145.3	26.820	261	816	502	738	875866	876612	3.60e-14	75.9
CDF90762.1	NC_001136.10	26.421	299	816	467	713	585817	584960	3.25e-18	89.0
CDF90762.1	NC_001146.8	29.927	137	816	583	717	291319	291702	4.48e-12	68.9
CDF90763.1	NC_001137.3	89.905	317	325	8	324	359061	358111	0.0	594
CDF90763.1	NC_001134.8	87.077	325	325	1	324	92414	93388	0.0	589
CDF90763.1	NC_001140.6	62.928	321	325	7	324	81619	80660	1.40e-132	415
CDF90763.1	NC_001143.9	51.208	207	325	7	212	107307	107921	2.01e-67	228
CDF90763.1	NC_001143.9	43.750	112	325	215	320	108243	108578	3.21e-19	87.4
CDF90763.1	NC_001147.6	62.069	87	325	122	207	212916	213176	8.02e-29	115
CDF90763.1	NC_001147.6	46.154	117	325	212	323	213378	213728	9.84e-28	112
CDF90763.1	NC_001147.6	47.500	120	325	8	125	212244	212597	1.92e-24	102
CDF90764.1	NC_001137.3	70.196	255	250	1	250	359562	360311	9.63e-119	371
CDF90764.1	NC_001145.3	34.559	136	250	3	124	318683	319087	5.34e-17	79.0
CDF90764.1	NC_001139.9	35.965	114	250	6	115	393998	394324	6.89e-17	78.6
CDF90764.1	NC_001134.8	33.945	109	250	10	116	407056	406739	9.59e-12	63.2
CDF90765.1	NC_001134.8	58.118	425	433	10	433	90753	92027	2.08e-177	548
CDF90765.1	NC_001137.3	56.613	431	433	5	433	361797	360505	2.94e-172	534
CDF90765.1	NC_001145.3	21.788	358	433	82	422	563201	564163	2.61e-18	86.7
CDF90766.1	NC_001134.8	76.923	78	82	1	78	89978	90211	1.38e-39	136
CDF90767.1	NC_001137.3	88.119	202	202	1	202	363100	363699	1.76e-117	365
CDF90767.1	NC_001134.8	88.000	200	202	1	200	89125	88532	3.60e-116	362
CDF90767.1	NC_001141.2	50.820	61	202	95	155	429030	429194	1.93e-11	61.2
CDF90768.1	NC_001134.8	40.730	356	325	1	324	87789	86728	6.16e-75	249
CDF90769.1	NC_001134.8	84.746	649	644	1	644	86448	84502	0.0	1130
CDF90769.1	NC_001134.8	27.735	649	644	1	608	575996	574071	3.16e-68	241
CDF90769.1	NC_001137.3	84.938	644	644	1	644	364589	366514	0.0	1110
CDF90769.1	NC_001137.3	48.112	609	644	5	608	94731	96518	2.41e-173	546
CDF90769.1	NC_001144.5	79.503	644	644	1	644	97485	95569	0.0	1017
CDF90769.1	NC_001144.5	47.101	552	644	3	535	859636	861261	2.94e-156	497
CDF90769.1	NC_001133.9	80.310	645	644	1	644	141431	139506	0.0	1015
CDF90769.1	NC_001142.9	62.500	616	644	4	617	381480	383315	0.0	786
CDF90769.1	NC_001142.9	49.592	613	644	5	609	521506	519707	0.0	572
CDF90770.1	NC_001134.8	82.649	1072	1071	1	1071	84261	81046	0.0	1846
CDF90770.1	NC_001148.4	26.031	849	1071	1	789	478854	476443	3.45e-58	219
CDF90770.1	NC_001139.9	24.485	825	1071	34	785	672711	674936	5.71e-43	170
CDF90771.1	NC_001137.3	30.400	125	161	36	160	366997	367371	7.90e-14	66.6
CDF90772.1	NC_001134.8	95.690	116	118	1	116	80731	80384	3.71e-72	231
CDF90773.1	NC_001134.8	60.027	1491	1472	16	1472	75307	79743	0.0	1802
CDF90773.1	NC_001137.3	45.190	1476	1472	1	1466	372013	367862	0.0	1269
CDF90774.1	NC_001137.3	33.649	211	301	96	293	372599	373222	1.70e-17	81.6
CDF90775.1	NC_001134.8	60.182	550	544	1	544	74695	73073	0.0	672
CDF90776.1	NC_001134.8	30.556	396	364	1	364	71866	72969	6.32e-22	96.3
CDF90777.1	NC_001137.3	74.157	356	360	1	351	374545	373478	0.0	588
CDF90777.1	NC_001147.6	25.168	298	360	26	302	379796	380647	1.14e-20	92.4
CDF90778.1	NC_001137.3	38.554	166	242	17	175	377416	376919	6.31e-26	104
CDF90779.1	NC_001134.8	57.073	410	432	4	400	71106	69877	5.11e-142	447
CDF90780.1	NC_001137.3	81.345	1115	1115	1	1115	382103	378765	0.0	1875
CDF90780.1	NC_001145.3	23.100	658	1115	1	625	892212	890329	3.23e-13	73.2
CDF90781.1	NC_001137.3	40.667	750	1098	417	1098	384718	382598	2.17e-149	494
CDF90781.1	NC_001136.10	48.387	93	1098	44	136	352889	353158	2.43e-21	99.8
CDF90781.1	NC_001136.10	27.660	188	1098	537	719	353990	354535	7.70e-18	88.6
CDF90781.1	NC_001144.5	26.263	198	1098	544	709	518849	519439	9.71e-14	75.1
CDF90782.1	NC_001137.3	70.968	93	162	1	91	387232	387510	2.88e-36	130
CDF90783.1	NC_001137.3	52.317	669	661	38	656	389908	387944	0.0	685
CDF90783.1	NC_001136.10	25.073	686	661	41	653	670965	669037	9.34e-36	144
CDF90783.1	NC_001144.5	25.678	627	661	70	655	295866	294106	3.46e-34	139
CDF90784.1	NC_001134.8	50.978	767	740	24	740	69388	67172	0.0	733
CDF90784.1	NC_001134.8	23.830	235	740	507	731	465350	464664	6.94e-11	64.7
CDF90784.1	NC_001140.6	27.624	181	740	468	648	438024	437482	1.14e-19	93.2
CDF90785.1	NC_001137.3	64.526	327	1101	776	1079	391612	390647	7.22e-115	392
CDF90785.1	NC_001137.3	43.160	519	1101	1	489	393712	392273	5.81e-103	357
CDF90785.1	NC_001134.8	43.043	460	1101	616	1022	65433	66731	4.10e-92	324
CDF90786.1	NC_001134.8	47.992	473	460	1	455	62602	61220	2.59e-128	409
CDF90787.1	NC_001137.3	52.326	86	154	61	146	394627	394370	4.05e-19	81.6
CDF90788.1	NC_001137.3	50.909	110	187	71	179	395704	395381	6.65e-31	116
CDF90789.1	NC_001137.3	91.870	123	141	19	141	397282	397650	5.50e-73	235
CDF90789.1	NC_001134.8	91.870	123	141	19	141	60193	59825	5.50e-73	235
CDF90790.1	NC_001134.8	44.385	2814	2794	1	2794	59382	51022	0.0	2362
CDF90790.1	NC_001134.8	31.921	354	2794	2448	2794	511836	512771	1.45e-47	188
CDF90790.1	NC_001143.9	32.754	403	2794	2421	2794	57122	55938	7.13e-49	192
CDF90790.1	NC_001142.9	32.615	371	2794	2453	2794	565731	566825	1.90e-48	191
CDF90791.1	NC_001137.3	57.507	353	359	18	355	399010	397976	1.80e-118	376
CDF90792.1	NC_001137.3	55.157	446	445	1	439	400842	399508	4.40e-153	479
CDF90792.1	NC_001137.3	21.782	404	445	3	392	31041	29959	2.03e-20	93.2
CDF90792.1	NC_001134.8	51.828	465	445	1	444	49574	50944	1.07e-141	446
CDF90792.1	NC_001141.2	31.683	505	445	2	439	199394	197955	3.78e-67	231
CDF90793.1	NC_001134.8	67.105	76	169	94	169	49128	49355	3.46e-30	114
CDF90794.1	NC_001134.8	74.176	364	409	51	409	48457	47366	0.0	573
CDF90795.1	NC_001137.3	75.397	126	211	1	126	401135	401512	2.66e-62	207
CDF90795.1	NC_001134.8	33.831	201	211	16	211	47056	46568	7.04e-28	108
CDF90796.1	NC_001134.8	77.519	129	131	3	131	45981	46367	1.26e-63	207
CDF90797.1	NC_001148.4	80.594	572	572	1	571	822620	824335	0.0	986
CDF90797.1	NC_001139.9	80.803	573	572	1	572	739944	741659	0.0	977
CDF90799.1	NC_001148.4	60.436	551	529	1	529	821420	819768	0.0	697
CDF90800.1	NC_001139.9	70.955	513	513	1	513	738203	736665	0.0	786
CDF90800.1	NC_001136.10	41.772	237	513	236	471	124665	123961	5.44e-59	210
CDF90800.1	NC_001136.10	41.350	237	513	236	471	220462	219758	7.79e-59	209
CDF90800.1	NC_001136.10	36.519	293	513	206	497	597195	598016	3.33e-53	193
CDF90800.1	NC_001136.10	39.918	243	513	231	471	369873	370598	7.60e-51	186
CDF90800.1	NC_001136.10	38.996	259	513	217	474	1336102	1336854	2.94e-48	178
CDF90800.1	NC_001137.3	42.478	226	513	247	471	433200	433871	7.53e-54	195
CDF90800.1	NC_001145.3	37.540	309	513	199	469	160477	161379	8.29e-52	189
CDF90800.1	NC_001145.3	38.610	259	513	217	474	240360	239608	8.55e-48	177
CDF90800.1	NC_001146.8	35.943	281	513	205	471	686043	686861	2.34e-50	184
CDF90801.1	NC_001148.4	55.357	728	719	1	700	817923	815740	0.0	771
CDF90801.1	NC_001148.4	33.533	334	719	411	692	258850	257867	1.07e-37	150
CDF90801.1	NC_001139.9	41.638	293	719	411	696	85341	86201	4.12e-54	201
CDF90801.1	NC_001134.8	34.595	370	719	362	696	102039	103118	7.08e-41	160
CDF90801.1	NC_001137.3	42.197	173	719	524	696	38610	38104	2.13e-24	108
CDF90801.1	NC_001137.3	33.898	177	719	357	516	39441	38935	5.23e-16	81.3
CDF90801.1	NC_001143.9	24.917	301	719	411	692	286825	287685	2.38e-17	85.9
CDF90802.1	NC_001148.4	64.660	382	400	1	382	814391	815503	1.57e-171	530
CDF90803.1	NC_001139.9	33.947	380	391	3	372	733962	735077	4.61e-66	226
CDF90804.1	NC_001148.4	73.547	499	506	4	502	812432	810987	0.0	762
CDF90804.1	NC_001139.9	75.810	463	506	4	466	732903	731548	0.0	738
CDF90804.1	NC_001146.8	41.667	480	506	9	481	357531	358934	7.48e-124	398
CDF90805.1	NC_001148.4	68.301	571	571	5	571	802377	804077	0.0	816
CDF90806.1	NC_001148.4	57.220	928	892	1	888	799234	802011	0.0	1031
CDF90807.1	NC_001139.9	41.767	249	253	14	252	730782	730036	7.76e-61	205
CDF90808.1	NC_001139.9	53.132	431	379	15	379	729326	728052	5.11e-124	392
CDF90809.1	NC_001148.4	25.769	260	229	2	229	798075	798833	2.12e-12	64.7
CDF90810.1	NC_001148.4	56.000	50	50	1	50	797557	797706	1.23e-15	66.6
CDF90811.1	NC_001148.4	73.795	332	376	44	371	796982	795990	2.87e-148	462
CDF90812.1	NC_001148.4	94.400	125	145	21	145	795390	795764	3.66e-74	238
CDF90812.1	NC_001139.9	94.355	124	145	22	145	727356	727727	1.95e-73	236
CDF90813.1	NC_001139.9	32.258	465	443	9	418	726452	725076	1.85e-74	253
CDF90814.1	NC_001148.4	74.872	195	188	1	188	794498	793914	2.81e-101	318
CDF90815.1	NC_001148.4	46.749	323	334	1	278	792687	793541	7.29e-75	249
CDF90816.1	NC_001148.4	52.478	343	351	1	342	792204	791254	3.07e-108	346
CDF90816.1	NC_001134.8	22.599	354	351	4	351	784536	783616	1.09e-12	68.2
CDF90816.1	NC_001137.3	22.741	321	351	6	313	144447	145265	8.12e-12	65.5
CDF90817.1	NC_001148.4	57.353	340	341	5	338	790092	791111	1.11e-126	399
CDF90818.1	NC_001148.4	69.602	352	413	54	404	788189	789244	6.01e-156	486
CDF90818.1	NC_001147.6	40.000	390	413	39	386	273565	272396	1.53e-80	269
CDF90819.1	NC_001139.9	75.948	1451	1450	7	1449	720421	724758	0.0	2225
CDF90820.1	NC_001148.4	57.143	280	371	116	370	786589	787416	6.87e-99	320
CDF90821.1	NC_001139.9	40.171	351	310	1	310	718893	719921	1.82e-60	207
CDF90822.1	NC_001139.9	56.571	350	352	24	352	717475	718524	6.68e-133	417
CDF90823.1	NC_001148.4	47.307	1207	1189	1	1187	782045	785662	0.0	1123
CDF90823.1	NC_001144.5	29.529	403	1189	5	404	902495	901437	3.43e-44	174
CDF90823.1	NC_001144.5	24.701	251	1189	13	260	493212	492514	5.11e-12	69.3
CDF90825.1	NC_001139.9	58.500	400	427	36	427	713847	715043	4.61e-160	498
CDF90828.1	NC_001148.4	51.345	446	420	1	420	775182	773881	2.88e-139	438
CDF90828.1	NC_001148.4	48.899	227	420	128	354	772277	772939	1.97e-66	228
CDF90828.1	NC_001139.9	52.198	364	420	48	408	706417	705365	1.74e-117	376
CDF90828.1	NC_001139.9	42.629	251	420	144	394	704248	704970	8.65e-59	206
CDF90828.1	NC_001144.5	46.262	214	420	141	354	562605	563231	2.16e-57	202
CDF90828.1	NC_001136.10	45.714	210	420	147	354	177271	177879	8.20e-54	192
CDF90830.1	NC_001139.9	73.445	1013	999	14	993	120835	117860	0.0	1489
CDF90830.1	NC_001134.8	34.119	636	999	257	885	626450	628084	2.37e-94	328
CDF90830.1	NC_001134.8	33.387	620	999	244	817	176650	174998	2.23e-86	305
CDF90830.1	NC_001148.4	35.738	596	999	242	813	597644	599248	4.74e-94	328
CDF90830.1	NC_001144.5	43.284	335	999	497	811	692632	693636	1.46e-76	275
CDF90830.1	NC_001137.3	35.772	492	999	230	713	87351	88643	3.12e-76	274
CDF90831.1	NC_001148.4	75.805	901	903	1	898	861306	864008	0.0	1431
CDF90832.1	NC_001139.9	69.461	501	496	1	495	116059	117555	0.0	741
CDF90832.1	NC_001140.6	31.707	492	496	36	492	375835	377232	5.35e-66	230
CDF90833.1	NC_001134.8	28.297	417	657	64	471	515979	517139	1.18e-37	149
CDF90833.1	NC_001145.3	27.273	429	657	33	448	862249	863430	1.25e-32	134
CDF90834.1	NC_001137.3	73.881	268	288	22	288	208438	207647	2.74e-130	406
CDF90835.1	NC_001145.3	63.158	247	253	8	253	650069	650809	3.59e-110	347
CDF90836.1	NC_001148.4	87.368	95	100	6	100	75986	75702	1.39e-49	166
CDF90836.1	NC_001145.3	87.368	95	100	6	100	651623	651907	1.60e-49	166
CDF90838.1	NC_001145.3	38.298	94	72	2	71	652893	652612	5.35e-16	68.9
CDF90840.1	NC_001145.3	70.175	1083	1075	1	1068	655076	658312	0.0	1589
CDF90841.1	NC_001145.3	69.863	219	220	1	219	659198	658548	1.48e-88	283
CDF90842.1	NC_001148.4	81.203	133	180	48	180	73764	73366	3.76e-72	234
CDF90843.1	NC_001148.4	33.333	624	636	24	623	72931	71102	9.10e-82	281
CDF90843.1	NC_001145.3	28.088	502	636	1	481	659745	661241	2.15e-45	173
CDF90844.1	NC_001148.4	59.283	474	434	25	434	69536	70948	4.19e-171	530
CDF90845.1	NC_001148.4	33.012	415	362	11	361	67734	68963	3.08e-53	188
CDF90847.1	NC_001145.3	59.206	554	524	4	522	662656	664272	0.0	660
CDF90847.1	NC_001148.4	59.672	548	524	6	523	66590	64980	0.0	651
CDF90848.1	NC_001145.3	63.265	245	249	6	248	664785	665516	2.74e-106	335
CDF90849.1	NC_001146.8	50.621	644	606	1	606	636986	638851	0.0	571
CDF90850.1	NC_001145.3	64.641	362	357	10	357	666933	665848	2.03e-148	462
CDF90851.1	NC_001146.8	65.815	313	291	1	291	640114	639185	3.16e-121	380
CDF90852.1	NC_001146.8	71.044	594	645	53	645	640606	642378	0.0	928
CDF90853.1	NC_001146.8	34.959	246	216	7	215	642708	643436	1.78e-25	102
CDF90854.1	NC_001145.3	75.000	220	220	4	220	667543	668202	6.17e-112	350
CDF90855.1	NC_001146.8	61.111	90	114	22	110	643921	644190	1.67e-31	115
CDF90856.1	NC_001145.3	77.720	386	386	1	386	668492	669649	0.0	647
CDF90857.1	NC_001141.2	48.341	211	206	4	206	343629	342997	3.58e-64	213
CDF90858.1	NC_001141.2	64.646	99	99	1	99	342536	342832	4.63e-38	133
CDF90859.1	NC_001146.8	59.402	569	577	6	570	426655	424973	0.0	697
CDF90859.1	NC_001147.6	57.867	572	577	6	570	523123	524808	0.0	672
CDF90860.1	NC_001142.9	58.862	1704	1671	1	1665	373799	368751	0.0	2042
CDF90861.1	NC_001142.9	46.866	702	923	241	923	366385	368370	6.35e-150	490
CDF90861.1	NC_001142.9	35.403	596	923	64	612	366088	367704	1.17e-46	181
CDF90861.1	NC_001147.6	32.388	423	923	309	685	510062	508884	3.60e-20	95.5
CDF90861.1	NC_001144.5	32.246	276	923	411	620	798282	799064	1.75e-12	70.5
CDF90862.1	NC_001142.9	46.039	1477	1351	5	1350	361255	365427	0.0	1077
CDF90862.1	NC_001147.6	25.648	733	1351	415	1093	763740	765734	3.43e-63	237
CDF90862.1	NC_001148.4	27.560	791	1351	415	1118	295804	293633	8.67e-62	233
CDF90863.1	NC_001142.9	31.477	413	312	2	310	359670	358432	2.23e-57	198
CDF90864.1	NC_001143.9	82.186	247	247	1	247	164385	163645	1.72e-130	405
CDF90864.1	NC_001136.10	35.811	296	247	4	245	413986	414870	4.89e-51	177
CDF90864.1	NC_001147.6	35.052	291	247	3	245	223289	224161	2.04e-49	172
CDF90864.1	NC_001147.6	30.172	116	247	1	113	847498	847845	3.72e-12	64.3
CDF90865.1	NC_001143.9	58.529	340	323	4	323	165939	164920	8.48e-134	418
CDF90866.1	NC_001143.9	58.609	302	297	1	297	166544	167449	1.08e-113	359
CDF90866.1	NC_001141.2	37.238	239	297	62	297	274773	274075	1.62e-45	163
CDF90866.1	NC_001145.3	33.068	251	297	47	297	95165	94434	1.16e-40	149
CDF90866.1	NC_001145.3	35.211	213	297	48	260	21492	20860	1.94e-38	142
CDF90867.1	NC_001143.9	52.709	406	356	1	349	168829	167618	2.38e-138	432
CDF90868.1	NC_001143.9	84.365	646	644	1	644	171129	169210	0.0	1134
CDF90868.1	NC_001142.9	81.677	644	644	1	644	356024	357925	0.0	1084
CDF90869.1	NC_001134.8	67.010	582	576	1	576	578086	576350	0.0	829
CDF90870.1	NC_001134.8	67.805	205	204	1	203	578364	578978	5.24e-92	292
CDF90871.1	NC_001148.4	42.618	359	780	456	780	353921	352866	2.62e-66	239
CDF90871.1	NC_001134.8	37.618	319	780	464	780	579986	579153	3.27e-44	172
CDF90871.1	NC_001134.8	31.445	353	780	38	349	581165	580155	1.84e-32	134
CDF90872.1	NC_001134.8	65.772	149	146	1	146	582172	581729	2.43e-61	202
CDF90873.1	NC_001134.8	63.836	318	318	1	317	582408	583352	2.42e-135	422
CDF90873.1	NC_001134.8	27.751	209	318	20	224	616936	616346	1.40e-15	76.3
CDF90873.1	NC_001135.5	25.105	239	318	61	295	261117	260419	6.84e-15	74.3
CDF90873.1	NC_001135.5	26.840	231	318	57	283	222199	221567	4.99e-13	68.6
CDF90873.1	NC_001135.5	32.022	178	318	19	186	241911	241387	5.63e-11	62.4
CDF90873.1	NC_001145.3	27.895	190	318	94	275	558512	557973	8.12e-14	70.9
CDF90873.1	NC_001144.5	36.000	125	318	57	180	580304	579933	3.24e-13	69.3
CDF90873.1	NC_001146.8	23.645	203	318	113	315	620076	620627	3.29e-13	68.9
CDF90874.1	NC_001148.4	59.168	649	642	4	639	355712	357652	0.0	800
CDF90875.1	NC_001134.8	60.616	292	321	28	319	583786	584661	1.41e-126	397
CDF90876.1	NC_001148.4	61.343	432	450	27	450	359298	358003	0.0	576
CDF90877.1	NC_001148.4	52.104	499	427	1	427	361872	363359	1.17e-158	494
CDF90877.1	NC_001138.5	32.447	376	427	4	342	194842	195858	9.54e-43	159
CDF90878.1	NC_001148.4	50.000	138	205	71	205	363936	363523	6.48e-40	143
CDF90879.1	NC_001148.4	75.676	111	116	1	111	364727	364398	3.89e-53	177
CDF90880.1	NC_001148.4	60.987	446	454	11	454	365093	366427	0.0	581
CDF90881.1	NC_001148.4	62.606	353	351	11	351	366957	368015	9.10e-149	462
CDF90882.1	NC_001134.8	56.444	450	450	1	449	586153	584813	7.37e-172	533
CDF90882.1	NC_001148.4	53.795	448	450	5	449	369420	368077	5.23e-168	522
CDF90882.1	NC_001145.3	30.303	429	450	23	449	687573	688775	5.20e-58	205
CDF90883.1	NC_001134.8	55.437	846	846	16	846	589057	586550	0.0	917
CDF90884.1	NC_001148.4	61.029	272	274	2	273	370642	369848	3.80e-105	333
CDF90885.1	NC_001134.8	58.932	543	584	37	579	589915	591450	0.0	616
CDF90885.1	NC_001134.8	34.946	186	584	105	290	323630	323082	1.43e-26	114
CDF90885.1	NC_001134.8	27.219	169	584	122	288	253858	253358	2.85e-14	75.1
CDF90885.1	NC_001134.8	23.039	204	584	376	577	322523	321918	1.56e-11	66.2
CDF90885.1	NC_001146.8	23.828	512	584	20	496	503715	505139	6.96e-28	118
CDF90885.1	NC_001141.2	23.203	487	584	40	493	134441	135781	1.07e-25	111
CDF90885.1	NC_001141.2	24.370	476	584	49	493	132286	133584	4.20e-24	106
CDF90885.1	NC_001148.4	25.694	288	584	20	305	839468	838647	2.63e-18	88.2
CDF90885.1	NC_001139.9	29.310	174	584	134	305	765018	764503	6.85e-17	83.6
CDF90886.1	NC_001148.4	45.125	441	458	14	453	373829	375124	2.01e-129	412
CDF90887.1	NC_001148.4	75.569	483	485	3	485	375502	376950	0.0	783
CDF90887.1	NC_001148.4	24.793	484	485	18	481	520206	518797	1.74e-27	115
CDF90887.1	NC_001138.5	26.722	479	485	17	479	103073	101679	1.75e-38	149
CDF90888.1	NC_001134.8	89.787	235	236	2	236	592419	591715	1.74e-132	410
CDF90888.1	NC_001148.4	90.171	234	236	3	236	377995	377294	2.19e-132	410
CDF90890.1	NC_001147.6	43.169	366	346	8	346	1076817	1077908	3.82e-95	308
CDF90890.1	NC_001148.4	42.896	366	346	8	346	14322	13231	8.50e-95	307
CDF90891.1	NC_001134.8	71.429	98	471	1	97	594864	594571	3.03e-40	153
CDF90891.1	NC_001148.4	68.750	96	471	1	95	381150	380863	1.42e-37	145
CDF90893.1	NC_001138.5	53.271	107	338	196	293	96734	97048	1.23e-24	103
CDF90893.1	NC_001137.3	73.469	49	338	241	289	230707	230853	4.50e-19	87.4
CDF90893.1	NC_001142.9	61.765	68	338	231	298	211208	211017	8.81e-19	86.3
CDF90893.1	NC_001143.9	71.739	46	338	242	287	506988	507125	9.45e-15	74.3
CDF90894.1	NC_001138.5	78.990	495	494	2	493	103118	101634	0.0	803
CDF90894.1	NC_001148.4	41.226	473	494	24	483	520182	518788	8.75e-101	331
CDF90894.1	NC_001148.4	28.942	501	494	2	478	375490	376932	7.48e-42	159
CDF90895.1	NC_001139.9	32.143	280	257	1	238	22313	23146	2.08e-35	132
CDF90895.1	NC_001148.4	26.182	275	257	6	257	910887	910108	1.14e-16	78.2
CDF90895.1	NC_001147.6	35.606	132	257	7	135	535929	536294	1.11e-13	69.3
CDF90896.1	NC_001146.8	62.143	280	301	14	293	749987	749148	1.23e-119	376
CDF90897.1	NC_001138.5	65.333	75	76	1	73	103699	103923	1.49e-27	102
CDF90898.1	NC_001138.5	51.634	153	148	4	148	104447	103989	7.90e-47	160
CDF90899.1	NC_001144.5	30.310	419	346	1	333	245157	243901	5.82e-53	186
CDF90900.1	NC_001144.5	46.154	156	149	4	146	246066	245599	5.87e-33	120
CDF90901.1	NC_001138.5	60.797	477	468	12	468	106125	104713	5.80e-161	503
CDF90901.1	NC_001146.8	29.659	381	468	35	406	507076	506084	4.38e-29	120
CDF90901.1	NC_001146.8	24.877	406	468	26	385	481385	482560	4.19e-22	99.0
CDF90901.1	NC_001145.3	38.824	255	468	32	280	695413	696090	6.36e-25	107
CDF90901.1	NC_001145.3	43.262	141	468	35	166	577784	578173	5.64e-17	82.8
CDF90901.1	NC_001144.5	26.106	452	468	35	433	320731	321969	1.15e-20	94.4
CDF90901.1	NC_001137.3	40.833	120	468	35	149	248136	247777	2.07e-11	65.1
CDF90902.1	NC_001139.9	59.441	429	429	1	429	129883	131166	2.11e-174	540
CDF90903.1	NC_001138.5	45.098	102	103	1	99	107256	107561	9.67e-20	81.3
CDF90904.1	NC_001148.4	26.648	364	299	1	298	517651	518736	1.23e-25	105
CDF90905.1	NC_001138.5	43.412	721	632	1	623	109930	107897	5.90e-158	501
CDF90906.1	NC_001138.5	55.844	77	197	1	75	115743	115531	9.71e-19	82.0
CDF90910.1	NC_001138.5	63.918	1225	1219	1	1218	119429	123100	0.0	1588
CDF90910.1	NC_001138.5	30.120	166	1219	12	170	220076	219594	1.31e-14	78.2
CDF90910.1	NC_001144.5	26.637	1344	1219	7	1212	302717	306469	1.79e-67	250
CDF90910.1	NC_001142.9	23.321	1325	1219	12	1213	302819	299211	6.63e-41	164
CDF90911.1	NC_001138.5	59.006	2154	2143	1	2143	123479	129907	0.0	2684
CDF90912.1	NC_001138.5	88.889	216	218	1	216	130334	130978	4.56e-120	374
CDF90912.1	NC_001138.5	46.535	202	218	17	216	55974	55369	1.02e-59	201
CDF90912.1	NC_001137.3	40.789	228	218	3	216	214759	214079	2.90e-50	173
CDF90912.1	NC_001139.9	39.352	216	218	14	216	93810	94457	2.78e-46	162
CDF90912.1	NC_001139.9	33.951	162	218	22	180	795480	794998	1.42e-23	97.1
CDF90912.1	NC_001147.6	39.706	204	218	21	217	490807	490202	1.17e-43	154
CDF90912.1	NC_001147.6	35.526	152	218	33	182	515310	515762	2.08e-23	96.7
CDF90912.1	NC_001147.6	29.775	178	218	6	178	682109	681600	1.99e-20	87.8
CDF90912.1	NC_001144.5	39.352	216	218	11	216	668888	668247	7.93e-39	140
CDF90912.1	NC_001144.5	30.508	177	218	7	178	721430	720927	1.30e-21	91.3
CDF90912.1	NC_001144.5	27.976	168	218	21	173	604778	604281	4.60e-18	80.9
CDF90913.1	NC_001138.5	56.760	858	860	1	856	131810	134281	0.0	950
CDF90913.1	NC_001148.4	55.180	888	860	1	856	517018	514517	0.0	943
CDF90913.1	NC_001142.9	33.081	529	860	50	564	413282	411933	7.34e-72	258
CDF90914.1	NC_001148.4	48.336	631	588	1	588	514178	512316	2.67e-169	532
CDF90915.1	NC_001148.4	52.599	327	322	4	321	526856	525915	3.83e-110	350
CDF90915.1	NC_001147.6	34.752	282	322	20	282	201276	200476	1.40e-43	158
CDF90915.1	NC_001147.6	24.820	278	322	6	240	378342	379121	8.97e-15	73.9
CDF90915.1	NC_001136.10	32.872	289	322	14	281	377698	376868	1.84e-40	149
CDF90915.1	NC_001136.10	27.234	235	322	16	226	842604	843281	2.11e-12	66.6
CDF90916.1	NC_001148.4	60.899	734	1010	1	728	538936	536780	0.0	877
CDF90917.1	NC_001148.4	74.603	189	189	1	189	535018	535584	4.34e-94	298
CDF90918.1	NC_001148.4	48.000	350	351	1	336	534703	533660	1.01e-95	310
CDF90919.1	NC_001148.4	58.962	1233	1215	1	1215	529723	533406	0.0	1506
CDF90920.1	NC_001148.4	67.500	120	119	1	118	529350	528991	3.98e-48	162
CDF90921.1	NC_001148.4	40.214	373	364	1	348	527547	528629	1.59e-47	171
CDF90922.1	NC_001148.4	51.237	849	789	4	787	539409	541952	0.0	877
CDF90922.1	NC_001137.3	23.796	685	789	187	786	527283	529250	2.82e-40	159
CDF90923.1	NC_001148.4	60.974	1171	1177	3	1168	544631	548137	0.0	1466
CDF90924.1	NC_001148.4	39.362	658	659	1	651	548486	550276	3.21e-144	463
CDF90925.1	NC_001148.4	88.489	278	338	1	278	551657	550824	4.39e-161	497
CDF90925.1	NC_001139.9	73.597	303	338	1	303	650617	649709	1.09e-147	459
CDF90926.1	NC_001148.4	31.928	498	482	1	482	552020	553405	4.18e-55	197
CDF90927.1	NC_001138.5	61.803	610	602	1	602	146934	145117	0.0	782
CDF90927.1	NC_001145.3	31.020	461	602	20	470	851429	850137	8.79e-58	209
CDF90927.1	NC_001142.9	29.724	471	602	13	473	383975	385303	3.31e-51	189
CDF90927.1	NC_001142.9	29.073	399	602	7	398	154622	153531	1.68e-29	123
CDF90927.1	NC_001140.6	32.312	359	602	25	377	228743	227757	4.55e-48	180
CDF90927.1	NC_001140.6	29.921	381	602	14	377	442205	443260	9.61e-34	137
CDF90927.1	NC_001144.5	28.721	383	602	20	393	132458	133531	2.66e-47	178
CDF90927.1	NC_001144.5	23.877	423	602	12	375	696767	695550	3.02e-28	119
CDF90928.1	NC_001138.5	61.179	407	434	29	423	147218	148429	5.89e-174	539
CDF90929.1	NC_001148.4	74.026	231	235	1	231	554328	553639	2.86e-114	358
CDF90930.1	NC_001148.4	58.713	373	391	1	372	554605	555723	3.40e-145	454
CDF90931.1	NC_001138.5	69.061	181	207	1	180	149110	149646	3.09e-58	196
CDF90932.1	NC_001148.4	68.354	474	476	4	476	556401	557813	0.0	667
CDF90932.1	NC_001146.8	44.586	471	476	6	476	630974	629643	3.97e-130	414
CDF90932.1	NC_001135.5	44.776	469	476	8	476	122301	120967	4.75e-129	411
CDF90933.1	NC_001148.4	78.512	484	519	37	518	558475	559926	0.0	809
CDF90934.1	NC_001138.5	62.861	832	850	19	849	150055	152526	0.0	1093
CDF90935.1	NC_001138.5	52.980	151	151	1	151	153109	152675	2.05e-30	114
CDF90936.1	NC_001138.5	92.810	306	306	1	306	153393	154310	0.0	570
CDF90936.1	NC_001136.10	34.000	150	306	27	163	70109	69663	8.98e-21	91.7
CDF90937.1	NC_001138.5	43.844	463	461	1	458	155873	154536	1.59e-123	395
CDF90938.1	NC_001138.5	67.842	482	530	49	530	156304	157749	0.0	721
CDF90938.1	NC_001137.3	24.385	447	530	112	529	318033	316816	1.04e-27	117
CDF90939.1	NC_001138.5	41.102	236	228	2	228	160526	161194	3.93e-41	147
CDF90940.1	NC_001148.4	36.453	716	686	13	686	571354	569339	8.84e-99	332
CDF90941.1	NC_001148.4	65.263	570	566	1	566	568945	567272	0.0	803
CDF90941.1	NC_001137.3	39.377	546	566	30	566	286872	285265	8.83e-129	414
CDF90943.1	NC_001138.5	49.307	361	347	1	347	159299	160357	4.17e-107	342
CDF90944.1	NC_001148.4	61.682	321	345	21	340	564978	564022	1.74e-125	395
CDF90945.1	NC_001148.4	60.666	661	734	80	734	563483	561507	0.0	816
CDF90945.1	NC_001144.5	24.473	474	734	89	537	323910	325295	1.54e-26	115
CDF90945.1	NC_001134.8	23.409	487	734	89	537	789553	790938	4.63e-25	110
CDF90945.1	NC_001139.9	24.695	328	734	353	674	743726	744631	2.15e-11	66.2
CDF90947.1	NC_001148.4	49.544	329	694	1	320	573018	573959	4.96e-75	263
CDF90947.1	NC_001139.9	55.140	107	694	1	107	191129	191413	1.46e-29	124
CDF90948.1	NC_001139.9	56.977	430	425	1	403	193300	192047	3.56e-136	430
CDF90949.1	NC_001139.9	72.737	906	880	1	880	196403	193710	0.0	1287
CDF90949.1	NC_001139.9	29.697	330	880	312	621	223392	222490	1.85e-30	129
CDF90949.1	NC_001139.9	39.103	156	880	636	790	221682	221224	2.19e-26	115
CDF90949.1	NC_001134.8	36.404	673	880	243	878	383961	385838	1.95e-113	382
CDF90949.1	NC_001134.8	29.541	501	880	296	787	710936	709587	9.16e-58	215
CDF90949.1	NC_001134.8	34.104	173	880	636	806	469099	469611	4.58e-17	85.5
CDF90949.1	NC_001142.9	33.761	545	880	310	818	498303	499853	5.10e-78	276
CDF90949.1	NC_001147.6	31.853	518	880	312	815	885129	886523	4.00e-65	238
CDF90949.1	NC_001147.6	32.582	488	880	312	789	857894	856545	1.75e-62	229
CDF90949.1	NC_001147.6	27.692	195	880	604	788	696708	697259	3.07e-16	82.8
CDF90949.1	NC_001137.3	32.649	487	880	312	787	506583	507923	8.65e-65	236
CDF90951.1	NC_001139.9	35.632	174	349	180	348	198591	199034	1.74e-27	112
CDF90951.1	NC_001148.4	33.684	190	349	163	349	576906	577349	1.50e-25	107
CDF90952.1	NC_001139.9	37.333	225	238	48	238	199878	199213	4.53e-37	136
CDF90953.1	NC_001137.3	60.678	295	303	2	289	97790	96906	2.08e-119	376
CDF90953.1	NC_001146.8	37.710	297	303	2	288	674950	675822	2.67e-55	191
CDF90954.1	NC_001142.9	90.723	636	645	1	634	521602	519695	0.0	1173
CDF90954.1	NC_001142.9	53.102	548	645	28	565	381474	383096	8.75e-179	562
CDF90954.1	NC_001137.3	80.480	625	645	15	639	94683	96557	0.0	1051
CDF90954.1	NC_001137.3	49.756	615	645	31	630	364601	366415	0.0	570
CDF90954.1	NC_001144.5	53.355	626	645	30	632	859639	861504	0.0	636
CDF90954.1	NC_001144.5	49.918	613	645	31	631	97473	95665	3.09e-176	555
CDF90954.1	NC_001134.8	48.943	615	645	31	630	86436	84622	0.0	568
CDF90954.1	NC_001134.8	33.159	383	645	31	402	575984	574851	5.09e-49	184
CDF90954.1	NC_001133.9	50.245	613	645	31	631	141419	139611	1.67e-177	558
CDF90955.1	NC_001142.9	53.041	592	592	6	584	522087	523853	0.0	624
CDF90956.1	NC_001137.3	75.000	1216	1216	1	1215	90258	93893	0.0	1914
CDF90956.1	NC_001147.6	29.317	805	1216	126	833	862441	864786	2.93e-84	302
CDF90956.1	NC_001147.6	23.377	462	1216	780	1201	864163	865500	9.47e-17	85.1
CDF90957.1	NC_001137.3	71.546	970	915	1	915	86955	89849	0.0	1330
CDF90957.1	NC_001134.8	37.043	575	915	125	687	176614	175004	1.52e-94	327
CDF90957.1	NC_001134.8	38.479	447	915	105	543	626387	627679	2.35e-77	275
CDF90957.1	NC_001144.5	30.842	736	915	17	702	691636	693660	6.74e-91	316
CDF90957.1	NC_001148.4	34.918	610	915	109	691	597659	599248	7.25e-91	316
CDF90957.1	NC_001139.9	35.317	504	915	93	527	120193	118703	8.89e-83	292
CDF90958.1	NC_001146.8	33.291	781	731	22	729	762397	760073	6.43e-130	424
CDF90958.1	NC_001145.3	31.308	856	731	23	728	818203	815660	3.19e-102	344
CDF90958.1	NC_001145.3	30.109	827	731	20	728	47230	49695	3.82e-101	341
CDF90959.1	NC_001146.8	75.382	719	1277	557	1275	757902	755749	0.0	1175
CDF90959.1	NC_001144.5	40.813	713	1277	568	1271	431758	429680	3.40e-157	523
CDF90960.1	NC_001142.9	87.898	157	157	1	157	525381	524911	6.80e-93	293
CDF90960.1	NC_001137.3	87.742	155	157	1	155	85676	86140	1.81e-90	286
CDF90961.1	NC_001137.3	75.943	424	452	8	431	84519	83272	0.0	666
CDF90961.1	NC_001145.3	50.891	393	452	35	380	41311	40190	6.33e-123	393
CDF90961.1	NC_001148.4	33.438	317	452	53	359	461711	460791	1.02e-53	192
CDF90962.1	NC_001137.3	54.286	420	397	1	397	82603	81410	2.24e-129	409
CDF90963.1	NC_001147.6	59.942	342	341	1	341	43694	44719	9.87e-133	416
CDF90963.1	NC_001136.10	60.997	341	341	3	341	1520686	1519667	7.35e-132	413
CDF90963.1	NC_001139.9	53.571	336	341	3	336	209024	210031	1.26e-111	355
CDF90963.1	NC_001139.9	52.493	341	341	3	340	423982	425001	7.92e-109	347
CDF90964.1	NC_001137.3	56.000	225	230	7	229	80486	81154	1.34e-76	249
CDF90965.1	NC_001142.9	90.385	104	111	5	108	526344	526655	6.49e-62	201
CDF90965.1	NC_001137.3	80.769	104	111	5	108	79956	79645	1.08e-55	184
CDF90966.1	NC_001137.3	60.465	344	412	6	344	78071	79102	5.75e-147	460
CDF90966.1	NC_001144.5	36.152	343	412	4	295	567883	566861	5.21e-65	224
CDF90966.1	NC_001139.9	31.915	188	412	109	295	877946	877422	4.24e-25	107
CDF90967.1	NC_001142.9	64.387	424	510	69	461	528353	527082	0.0	575
CDF90967.1	NC_001137.3	54.436	417	510	75	485	76112	77353	7.95e-154	484
CDF90967.1	NC_001148.4	39.908	218	510	201	412	191829	192440	2.56e-42	160
CDF90968.1	NC_001137.3	66.224	527	528	1	524	73780	75315	0.0	733
CDF90968.1	NC_001137.3	26.981	467	528	102	518	160574	161923	3.14e-36	143
CDF90969.1	NC_001142.9	51.029	243	225	1	225	528697	529401	2.06e-66	220
CDF90971.1	NC_001137.3	64.029	139	145	15	145	69838	70254	8.12e-56	186
CDF90972.1	NC_001137.3	77.577	388	388	1	388	68792	67632	0.0	664
CDF90973.1	NC_001137.3	62.322	491	495	4	491	66866	65397	0.0	628
CDF90973.1	NC_001142.9	58.233	498	495	1	490	529861	531354	0.0	609
CDF90973.1	NC_001143.9	29.508	305	495	196	493	170475	169726	4.47e-20	92.8
CDF90974.1	NC_001137.3	50.000	154	168	16	168	65185	64733	3.92e-45	156
CDF90975.1	NC_001147.6	30.830	253	542	3	247	440255	439563	1.14e-27	117
CDF90975.1	NC_001139.9	29.958	237	542	1	228	233967	233350	4.08e-12	67.8
CDF90975.1	NC_001136.10	31.628	215	542	7	214	266622	266071	1.48e-11	66.2
CDF90976.1	NC_001136.10	32.727	220	231	5	198	125646	126296	6.68e-23	95.5
CDF90977.1	NC_001136.10	87.668	373	373	1	373	220771	219665	0.0	682
CDF90977.1	NC_001136.10	85.714	378	373	1	373	124998	123868	0.0	679
CDF90977.1	NC_001136.10	54.754	305	373	75	373	369789	370703	1.18e-117	374
CDF90977.1	NC_001136.10	51.227	326	373	55	373	597105	598079	1.04e-109	351
CDF90977.1	NC_001136.10	40.625	288	373	59	344	1335991	1336851	1.68e-68	233
CDF90977.1	NC_001146.8	53.710	283	373	73	342	686013	686861	7.16e-102	328
CDF90977.1	NC_001137.3	49.004	251	373	119	368	433200	433937	4.50e-79	263
CDF90977.1	NC_001145.3	38.344	326	373	21	344	240582	239611	7.00e-73	245
CDF90977.1	NC_001145.3	32.895	304	373	87	350	160507	161415	2.31e-51	183
CDF90977.1	NC_001148.4	42.688	253	373	91	342	208967	209722	2.08e-68	232
CDF90979.1	NC_001136.10	83.168	202	201	1	201	219288	218683	1.71e-109	342
CDF90980.1	NC_001136.10	40.000	370	437	10	344	122228	123289	2.61e-55	197
CDF90981.1	NC_001136.10	70.273	952	953	1	949	121592	118737	0.0	1406
CDF90982.1	NC_001136.10	90.756	119	120	2	120	118158	118514	2.45e-63	206
CDF90982.1	NC_001136.10	90.756	119	120	2	120	218008	218364	2.45e-63	206
CDF90983.1	NC_001136.10	97.238	181	181	1	181	216529	217071	2.06e-118	367
CDF90983.1	NC_001136.10	96.685	181	181	1	181	116321	116863	1.57e-117	364
CDF90983.1	NC_001134.8	54.696	181	181	1	180	568426	567884	2.14e-63	209
CDF90983.1	NC_001147.6	54.802	177	181	1	176	502795	503325	8.22e-63	207
CDF90983.1	NC_001148.4	37.288	177	181	8	173	459984	460508	7.72e-29	110
CDF90983.1	NC_001148.4	35.329	167	181	15	174	138897	139397	1.94e-27	106
CDF90983.1	NC_001145.3	32.283	127	181	15	135	545194	545574	6.65e-19	82.0
CDF90984.1	NC_001136.10	55.493	355	388	66	388	114732	115796	5.20e-118	376
CDF90985.1	NC_001136.10	59.413	749	686	1	684	111580	113817	0.0	862
CDF90985.1	NC_001136.10	62.406	665	686	54	674	213546	215516	0.0	792
CDF90985.1	NC_001136.10	30.654	535	686	51	557	1161263	1159701	1.02e-69	247
CDF90985.1	NC_001136.10	30.654	535	686	51	557	1155871	1154309	1.02e-69	247
CDF90985.1	NC_001136.10	30.255	509	686	63	557	1164540	1163050	6.04e-66	236
CDF90985.1	NC_001136.10	29.885	522	686	60	557	13273	11753	1.28e-63	229
CDF90985.1	NC_001136.10	27.912	498	686	92	569	1445197	1443761	6.20e-43	166
CDF90985.1	NC_001136.10	27.655	499	686	99	581	1508125	1509579	5.46e-40	157
CDF90985.1	NC_001136.10	28.452	239	686	88	322	1249701	1249006	1.72e-20	95.9
CDF90985.1	NC_001136.10	25.333	225	686	333	553	1248807	1248184	1.14e-13	73.6
CDF90985.1	NC_001140.6	31.818	528	686	60	570	288670	287126	2.62e-74	260
CDF90985.1	NC_001140.6	30.040	496	686	91	570	292418	290958	6.33e-69	244
CDF90985.1	NC_001140.6	27.749	573	686	7	557	296453	294765	1.18e-67	241
CDF90985.1	NC_001144.5	32.407	540	686	46	557	290275	291849	7.52e-73	256
CDF90985.1	NC_001138.5	31.467	518	686	77	579	112459	113982	1.07e-72	256
CDF90985.1	NC_001138.5	22.745	510	686	77	545	51383	52819	3.62e-20	94.7
CDF90985.1	NC_001145.3	30.354	537	686	77	592	288214	289794	6.25e-71	250
CDF90986.1	NC_001136.10	55.072	1311	1259	1	1259	107208	111026	0.0	1342
CDF90987.1	NC_001144.5	73.077	78	79	4	79	573735	573502	8.60e-35	122
CDF90988.1	NC_001136.10	39.352	216	217	1	197	212046	211441	7.59e-40	143
CDF90989.1	NC_001144.5	73.585	371	370	1	370	573211	572099	5.91e-180	553
CDF90989.1	NC_001142.9	36.132	393	370	4	370	491093	492259	5.21e-63	216
CDF90989.1	NC_001136.10	61.184	152	370	2	153	769003	768575	1.06e-52	187
CDF90989.1	NC_001136.10	51.765	170	370	5	174	1072455	1071970	3.63e-46	167
CDF90989.1	NC_001145.3	55.882	170	370	5	174	111068	111547	1.42e-50	181
CDF90989.1	NC_001140.6	50.296	169	370	5	172	218735	218253	1.63e-42	157
CDF90990.1	NC_001136.10	90.296	1556	1737	1	1551	210561	205897	0.0	2937
CDF90990.1	NC_001147.6	33.744	1541	1737	12	1451	544115	539820	0.0	731
CDF90990.1	NC_001147.6	32.192	730	1737	207	874	961986	964154	1.46e-98	353
CDF90990.1	NC_001147.6	49.383	81	1737	1049	1128	964494	964736	4.26e-18	90.1
CDF90990.1	NC_001147.6	31.206	141	1737	1305	1444	965538	965957	1.85e-15	81.6
CDF90991.1	NC_001136.10	56.818	220	259	42	259	202384	201725	1.22e-83	271
CDF90992.1	NC_001136.10	85.606	528	528	1	528	199996	201579	0.0	919
CDF90992.1	NC_001136.10	30.627	542	528	7	522	887259	888857	1.91e-64	226
CDF90992.1	NC_001136.10	28.030	528	528	22	524	836478	838019	1.25e-49	183
CDF90992.1	NC_001142.9	33.911	519	528	19	527	556046	557584	3.07e-91	305
CDF90992.1	NC_001142.9	29.297	512	528	23	524	407624	409135	7.41e-70	242
CDF90992.1	NC_001142.9	30.664	512	528	23	523	207958	209442	7.03e-66	231
CDF90992.1	NC_001142.9	28.977	528	528	24	528	421573	420020	6.45e-56	201
CDF90992.1	NC_001141.2	31.992	522	528	14	528	83335	84855	6.84e-71	245
CDF90993.1	NC_001144.5	54.775	356	338	2	338	571852	570788	6.29e-127	399
CDF90994.1	NC_001136.10	64.689	354	358	8	358	199726	198665	1.20e-146	457
CDF90995.1	NC_001144.5	48.184	413	474	10	388	567910	566672	1.84e-127	407
CDF90995.1	NC_001137.3	33.898	354	474	13	361	78050	79009	1.34e-67	234
CDF90995.1	NC_001139.9	27.273	187	474	151	337	877940	877422	8.77e-23	101
CDF90996.1	NC_001148.4	49.324	444	427	1	423	318945	317647	3.82e-131	415
CDF90997.1	NC_001147.6	39.616	573	615	45	612	461264	459558	4.92e-130	420
CDF90997.1	NC_001147.6	39.479	537	615	48	581	700546	698948	5.53e-127	411
CDF90997.1	NC_001144.5	39.665	537	615	48	581	612388	613986	1.03e-127	414
CDF90997.1	NC_001141.2	28.492	537	615	32	543	408642	410207	3.16e-57	207
CDF90997.1	NC_001134.8	27.567	526	615	34	543	281614	283176	6.32e-51	189
CDF90997.1	NC_001134.8	25.970	593	615	2	552	140209	138452	3.37e-48	181
CDF90999.1	NC_001147.6	49.307	361	903	579	897	735116	736165	1.20e-93	324
CDF90999.1	NC_001147.6	34.305	446	903	91	523	734060	735217	6.98e-49	188
CDF90999.1	NC_001137.3	44.578	83	903	812	891	308802	308554	7.38e-11	65.1
CDF91000.1	NC_001148.4	66.993	1021	1029	7	1024	313400	316462	0.0	1455
CDF91001.1	NC_001147.6	68.925	428	428	1	426	737726	736443	0.0	640
CDF91002.1	NC_001148.4	56.984	902	861	1	861	310210	312897	0.0	997
CDF91003.1	NC_001147.6	94.286	70	70	1	70	738320	738529	1.72e-41	141
CDF91004.1	NC_001147.6	68.207	887	898	36	896	741536	738927	0.0	1177
CDF91004.1	NC_001144.5	39.313	262	898	227	444	147950	148720	1.66e-41	164
CDF91004.1	NC_001143.9	37.643	263	898	231	444	442656	441883	8.58e-40	159
CDF91005.1	NC_001148.4	71.622	74	322	57	130	309475	309254	6.72e-28	113
CDF91005.1	NC_001148.4	55.405	74	322	243	316	309469	309251	1.53e-18	85.5
CDF91006.1	NC_001148.4	55.729	576	536	6	532	308197	306545	0.0	621
CDF91007.1	NC_001147.6	65.842	404	427	26	426	742970	744175	0.0	564
CDF91007.1	NC_001134.8	26.484	219	427	88	302	616981	616352	1.01e-15	78.6
CDF91008.1	NC_001147.6	45.283	212	227	6	216	745269	744637	1.55e-55	189
CDF91008.1	NC_001148.4	28.448	232	227	9	216	305424	306119	5.15e-34	127
CDF91009.1	NC_001148.4	79.668	241	239	4	239	305412	306134	4.77e-130	403
CDF91009.1	NC_001147.6	31.330	233	239	4	235	745272	744634	4.55e-32	122
CDF91011.1	NC_001147.6	54.595	185	182	1	181	747282	746728	1.22e-59	199
CDF91012.1	NC_001147.6	46.988	498	467	1	467	748979	747534	2.75e-115	371
CDF91013.1	NC_001147.6	64.902	869	859	1	858	749301	751880	0.0	1146
CDF91013.1	NC_001147.6	25.397	252	859	299	543	142525	141866	6.29e-14	75.1
CDF91013.1	NC_001142.9	27.536	276	859	299	561	567721	568461	2.28e-15	79.7
CDF91013.1	NC_001146.8	24.699	332	859	299	620	86260	87132	2.92e-15	79.3
CDF91014.1	NC_001147.6	48.188	938	879	4	879	754991	752235	0.0	864
CDF91014.1	NC_001140.6	33.073	895	879	13	877	167539	164987	2.59e-137	451
CDF91015.1	NC_001148.4	87.031	293	298	2	294	303127	304005	8.33e-162	497
CDF91016.1	NC_001147.6	31.008	258	179	5	179	755349	756122	2.83e-26	103
CDF91017.1	NC_001148.4	82.609	207	268	24	230	301872	302486	6.52e-118	370
CDF91018.1	NC_001148.4	59.770	435	330	7	330	301195	299891	2.28e-154	478
CDF91018.1	NC_001134.8	25.877	228	330	103	329	699046	698363	1.40e-25	106
CDF91018.1	NC_001142.9	24.895	237	330	149	329	229744	229040	7.28e-16	77.4
CDF91019.1	NC_001147.6	53.258	353	312	1	311	757558	756500	2.40e-119	376
CDF91020.1	NC_001147.6	59.197	299	296	2	294	758342	759238	2.31e-126	395
CDF91020.1	NC_001147.6	26.780	295	296	11	290	570765	569932	2.95e-18	84.0
CDF91020.1	NC_001147.6	23.746	299	296	12	296	514167	513298	2.55e-15	75.1
CDF91020.1	NC_001148.4	64.667	300	296	6	294	299482	298592	1.93e-124	390
CDF91020.1	NC_001148.4	32.862	283	296	12	284	601761	600937	1.21e-33	129
CDF91020.1	NC_001142.9	30.323	310	296	10	296	609803	610699	2.78e-34	130
CDF91020.1	NC_001142.9	27.178	287	296	4	284	160700	161530	1.22e-18	85.1
CDF91020.1	NC_001142.9	27.426	237	296	14	239	578127	577438	9.83e-16	76.3
CDF91020.1	NC_001134.8	28.028	289	296	12	287	784530	783691	6.27e-24	100
CDF91020.1	NC_001134.8	27.778	306	296	15	291	449784	450644	9.15e-22	94.4
CDF91020.1	NC_001134.8	26.316	285	296	9	280	416016	416855	1.48e-18	84.7
CDF91020.1	NC_001134.8	25.614	285	296	9	280	163931	163092	2.12e-16	78.2
CDF91020.1	NC_001137.3	28.276	290	296	14	284	144453	145295	2.19e-23	99.0
CDF91020.1	NC_001137.3	27.273	176	296	8	173	144735	145259	1.22e-11	63.9
CDF91021.1	NC_001147.6	55.290	293	273	1	273	759782	760657	6.22e-102	324
CDF91022.1	NC_001147.6	79.452	146	145	1	145	761265	760828	7.22e-77	246
CDF91023.1	NC_001147.6	85.827	127	173	30	155	762012	761632	1.42e-70	229
CDF91023.1	NC_001148.4	69.231	169	173	2	161	297550	298047	4.90e-70	228
CDF91024.1	NC_001148.4	47.924	1156	1109	59	1106	296209	292832	0.0	941
CDF91024.1	NC_001147.6	48.657	1005	1109	145	1109	763641	766559	0.0	875
CDF91024.1	NC_001142.9	28.958	739	1109	177	854	362581	364671	4.66e-76	275
CDF91025.1	NC_001147.6	42.258	310	298	1	298	767774	766884	3.27e-74	246
CDF91026.1	NC_001148.4	40.833	360	338	1	336	292427	291375	1.27e-87	286
CDF91027.1	NC_001148.4	60.236	508	480	1	479	289034	287529	0.0	585
CDF91027.1	NC_001148.4	32.850	207	480	188	392	166457	167050	2.75e-25	108
CDF91027.1	NC_001148.4	30.769	273	480	193	459	268317	269051	1.38e-24	106
CDF91027.1	NC_001148.4	28.070	285	480	195	459	263586	262792	2.42e-23	102
CDF91027.1	NC_001148.4	28.000	300	480	188	458	492923	492045	4.64e-22	99.0
CDF91027.1	NC_001148.4	29.565	230	480	232	458	157158	156529	1.62e-21	97.4
CDF91027.1	NC_001148.4	27.129	317	480	191	458	666394	667290	1.55e-18	87.8
CDF91027.1	NC_001148.4	27.046	281	480	194	459	285929	285120	1.68e-17	84.7
CDF91027.1	NC_001148.4	28.387	155	480	237	385	474092	473634	1.76e-14	75.1
CDF91027.1	NC_001148.4	30.890	191	480	221	392	501895	501359	2.41e-13	71.6
CDF91027.1	NC_001148.4	25.000	240	480	178	389	866281	865583	5.38e-12	67.0
CDF91027.1	NC_001147.6	59.768	517	480	1	477	772601	774121	0.0	575
CDF91027.1	NC_001147.6	31.818	286	480	197	458	105424	106242	6.84e-29	119
CDF91027.1	NC_001147.6	27.481	262	480	154	392	129690	130403	4.23e-19	89.7
CDF91027.1	NC_001147.6	29.482	251	480	183	415	775936	776670	1.54e-17	84.7
CDF91027.1	NC_001147.6	23.322	283	480	196	468	295964	295164	1.11e-15	79.0
CDF91027.1	NC_001147.6	28.926	242	480	250	464	995845	995162	4.60e-15	77.0
CDF91027.1	NC_001147.6	26.073	303	480	193	475	246026	246862	6.64e-15	76.6
CDF91027.1	NC_001147.6	25.893	224	480	185	396	824243	823593	1.81e-14	75.1
CDF91027.1	NC_001147.6	28.505	214	480	267	460	79116	78487	1.99e-12	68.6
CDF91027.1	NC_001136.10	40.647	278	480	193	458	173060	173878	2.63e-51	186
CDF91027.1	NC_001136.10	34.701	268	480	196	460	1486969	1486217	9.21e-32	128
CDF91027.1	NC_001136.10	30.000	210	480	191	397	1412538	1413143	3.58e-22	99.4
CDF91027.1	NC_001136.10	27.817	284	480	196	459	1465726	1464917	9.11e-21	94.7
CDF91027.1	NC_001136.10	32.934	167	480	233	395	695264	695740	1.01e-20	94.7
CDF91027.1	NC_001136.10	28.378	222	480	256	458	1027727	1027107	1.79e-19	90.9
CDF91027.1	NC_001136.10	25.175	286	480	196	459	1433878	1433093	6.23e-18	85.9
CDF91027.1	NC_001136.10	25.738	237	480	196	399	1395169	1395834	2.89e-16	80.9
CDF91027.1	NC_001136.10	28.621	290	480	196	458	281233	280409	5.38e-16	80.1
CDF91027.1	NC_001136.10	25.000	244	480	196	423	406285	405608	2.25e-14	74.7
CDF91027.1	NC_001136.10	32.667	150	480	260	392	956397	956834	3.44e-14	74.3
CDF91027.1	NC_001136.10	25.907	193	480	196	385	267815	268372	9.97e-13	69.7
CDF91027.1	NC_001142.9	38.333	300	480	188	477	179032	178178	5.74e-47	174
CDF91027.1	NC_001142.9	29.153	295	480	195	472	250792	251625	1.00e-28	119
CDF91027.1	NC_001142.9	27.798	277	480	190	459	110901	110134	7.69e-23	101
CDF91027.1	NC_001142.9	30.000	200	480	216	391	221666	222247	1.18e-16	82.0
CDF91027.1	NC_001142.9	29.302	215	480	192	395	149280	148666	1.10e-15	79.0
CDF91027.1	NC_001142.9	28.169	142	480	248	386	77741	77322	2.85e-11	64.7
CDF91027.1	NC_001140.6	33.922	283	480	195	470	316653	317435	2.22e-38	148
CDF91027.1	NC_001140.6	31.429	280	480	196	472	96062	95283	2.61e-32	130
CDF91027.1	NC_001140.6	30.333	300	480	112	392	510338	511198	3.42e-24	105
CDF91027.1	NC_001140.6	28.502	207	480	196	389	170260	169655	5.23e-16	80.1
CDF91027.1	NC_001140.6	29.927	137	480	266	392	271080	270682	3.29e-12	67.8
CDF91028.1	NC_001147.6	65.278	216	224	9	224	774624	775253	1.02e-86	278
CDF91029.1	NC_001148.4	47.831	922	873	1	873	286061	283467	0.0	732
CDF91029.1	NC_001148.4	35.766	274	873	35	308	268302	269057	2.52e-40	160
CDF91029.1	NC_001148.4	34.228	298	873	42	338	166478	167296	1.46e-37	151
CDF91029.1	NC_001148.4	28.664	307	873	19	306	263658	262792	4.68e-31	130
CDF91029.1	NC_001148.4	28.151	238	873	69	305	157206	156529	1.57e-25	112
CDF91029.1	NC_001148.4	29.680	219	873	43	255	492899	492294	4.04e-19	92.0
CDF91029.1	NC_001148.4	29.091	275	873	43	305	288377	287592	4.18e-19	92.0
CDF91029.1	NC_001148.4	28.185	259	873	67	300	501943	501200	2.60e-16	82.8
CDF91029.1	NC_001148.4	25.552	317	873	43	306	866227	865322	3.91e-16	82.4
CDF91029.1	NC_001148.4	25.725	276	873	14	244	747738	748526	2.60e-13	73.2
CDF91029.1	NC_001148.4	29.464	224	873	35	239	666385	667014	2.24e-12	70.1
CDF91029.1	NC_001147.6	72.267	375	873	1	366	775846	776961	5.96e-171	549
CDF91029.1	NC_001147.6	37.915	211	873	37	244	295982	295374	5.82e-35	143
CDF91029.1	NC_001147.6	28.975	283	873	37	306	129771	130568	6.26e-31	130
CDF91029.1	NC_001147.6	33.478	230	873	39	260	824219	823566	4.55e-22	101
CDF91029.1	NC_001147.6	26.510	298	873	38	308	996025	995171	1.10e-19	94.0
CDF91029.1	NC_001147.6	29.091	275	873	43	306	773279	774067	4.79e-19	91.7
CDF91029.1	NC_001147.6	28.283	297	873	36	305	105397	106242	6.12e-19	91.7
CDF91029.1	NC_001147.6	26.510	298	873	26	306	245996	246796	1.31e-18	90.5
CDF91029.1	NC_001147.6	26.667	285	873	88	332	441795	442595	1.12e-11	67.8
CDF91029.1	NC_001136.10	41.758	273	873	34	306	1412526	1413293	5.82e-57	213
CDF91029.1	NC_001136.10	39.667	300	873	30	308	1465753	1464911	5.84e-53	200
CDF91029.1	NC_001136.10	32.192	292	873	33	305	695045	695893	1.93e-38	154
CDF91029.1	NC_001136.10	30.887	327	873	23	317	281308	280373	1.42e-30	129
CDF91029.1	NC_001136.10	29.720	286	873	38	305	406300	405482	3.77e-26	115
CDF91029.1	NC_001136.10	26.273	373	873	30	381	1433926	1432886	5.53e-26	114
CDF91029.1	NC_001136.10	25.444	338	873	24	330	1395124	1396050	3.11e-23	105
CDF91029.1	NC_001136.10	30.492	305	873	39	306	75459	74584	1.98e-22	102
CDF91029.1	NC_001136.10	30.712	267	873	74	317	956271	957029	3.76e-21	98.6
CDF91029.1	NC_001136.10	25.912	274	873	37	306	1486987	1486220	4.54e-15	79.0
CDF91029.1	NC_001136.10	23.333	300	873	47	321	173057	173911	3.60e-14	75.9
CDF91029.1	NC_001136.10	26.168	214	873	37	247	267797	268408	5.45e-14	75.1
CDF91029.1	NC_001136.10	22.523	222	873	103	305	1027742	1027107	2.68e-12	69.7
CDF91029.1	NC_001136.10	29.048	210	873	42	240	313952	313374	6.69e-11	65.1
CDF91029.1	NC_001143.9	35.494	324	873	23	311	249118	250044	7.60e-51	194
CDF91029.1	NC_001143.9	35.374	294	873	42	334	135429	134623	6.36e-39	156
CDF91029.1	NC_001143.9	29.377	337	873	28	364	206718	207653	1.32e-30	129
CDF91029.1	NC_001143.9	32.273	220	873	102	306	131983	131324	2.42e-22	102
CDF91029.1	NC_001143.9	27.734	256	873	43	248	222309	221554	7.95e-22	100
CDF91029.1	NC_001143.9	30.097	206	873	37	237	183504	184079	1.16e-20	97.1
CDF91029.1	NC_001143.9	26.822	343	873	33	301	348887	347925	1.42e-15	80.5
CDF91029.1	NC_001135.5	40.559	286	873	33	308	79210	80025	3.46e-50	191
CDF91029.1	NC_001135.5	30.063	316	873	3	304	129307	130236	1.54e-26	116
CDF91029.1	NC_001135.5	28.169	284	873	41	305	243472	242654	4.08e-21	98.6
CDF91029.1	NC_001135.5	26.460	291	873	43	306	275391	276212	1.60e-20	96.7
CDF91030.1	NC_001148.4	85.149	101	107	7	107	282665	282967	1.55e-55	183
CDF91030.1	NC_001147.6	84.158	101	107	7	107	778860	778558	5.52e-55	181
CDF91032.1	NC_001148.4	36.111	144	128	6	120	280489	280908	8.59e-19	79.7
CDF91033.1	NC_001147.6	44.762	210	209	4	206	780924	781535	1.98e-52	179
CDF91034.1	NC_001148.4	70.183	436	429	1	425	279699	278392	0.0	620
CDF91034.1	NC_001147.6	61.982	434	429	1	423	781994	783295	1.03e-178	552
CDF91034.1	NC_001140.6	27.596	366	429	23	372	106241	107209	5.42e-26	110
CDF91034.1	NC_001143.9	26.554	354	429	23	362	445567	446514	2.81e-24	104
CDF91034.1	NC_001133.9	26.462	325	429	81	361	195175	196077	1.89e-14	74.7
CDF91035.1	NC_001148.4	57.522	452	439	3	439	277520	276165	5.45e-137	432
CDF91036.1	NC_001147.6	48.667	300	297	3	292	783686	784573	4.23e-87	283
CDF91037.1	NC_001148.4	62.881	854	859	30	859	273315	275864	0.0	1080
CDF91037.1	NC_001148.4	25.000	212	859	618	810	31856	32467	6.05e-11	65.1
CDF91037.1	NC_001143.9	25.601	707	859	205	856	88423	86525	3.94e-56	210
CDF91039.1	NC_001142.9	29.482	251	225	2	212	184157	183405	1.03e-29	115
CDF91040.1	NC_001148.4	40.127	157	159	3	149	272788	272321	2.80e-30	114
CDF91042.1	NC_001147.6	81.544	298	331	35	331	785848	786741	2.48e-170	523
CDF91043.1	NC_001148.4	36.713	286	288	1	280	271310	272155	2.20e-55	191
CDF91045.1	NC_001148.4	53.103	838	904	1	813	268200	270605	0.0	722
CDF91045.1	NC_001148.4	34.007	297	904	23	290	285992	285102	1.32e-43	171
CDF91045.1	NC_001148.4	30.859	256	904	22	264	166403	167155	1.54e-30	129
CDF91045.1	NC_001148.4	32.231	242	904	51	283	157242	156529	5.85e-29	124
CDF91045.1	NC_001148.4	28.674	279	904	36	287	263607	262777	5.98e-28	120
CDF91045.1	NC_001148.4	29.043	303	904	29	305	288401	287517	1.11e-26	116
CDF91045.1	NC_001148.4	27.431	288	904	36	265	747807	748658	1.49e-21	100
CDF91045.1	NC_001148.4	27.899	276	904	37	284	492917	492099	6.63e-18	88.2
CDF91045.1	NC_001148.4	24.290	317	904	36	284	866248	865322	2.88e-16	82.8
CDF91045.1	NC_001148.4	30.719	153	904	90	221	501820	501380	8.04e-12	68.2
CDF91045.1	NC_001148.4	24.920	313	904	26	283	666358	667290	5.32e-11	65.5
CDF91045.1	NC_001136.10	38.889	252	904	34	278	1412526	1413275	1.30e-47	184
CDF91045.1	NC_001136.10	31.884	345	904	34	349	1465741	1464707	1.28e-45	177
CDF91045.1	NC_001136.10	26.502	283	904	34	283	695048	695893	4.47e-35	144
CDF91045.1	NC_001136.10	29.818	275	904	37	302	1486987	1486166	3.65e-32	134
CDF91045.1	NC_001136.10	30.282	284	904	34	284	1433905	1433093	2.69e-28	122
CDF91045.1	NC_001136.10	28.571	287	904	37	288	281251	280394	8.01e-25	110
CDF91045.1	NC_001136.10	31.000	200	904	43	228	75447	74854	3.61e-21	99.0
CDF91045.1	NC_001136.10	28.720	289	904	29	283	1395163	1395999	9.47e-21	97.4
CDF91045.1	NC_001136.10	30.769	208	904	100	283	1027709	1027107	1.90e-19	93.2
CDF91045.1	NC_001136.10	30.636	173	904	128	283	405994	405482	5.28e-18	88.6
CDF91045.1	NC_001136.10	24.573	293	904	29	286	173045	173887	3.30e-16	82.8
CDF91045.1	NC_001136.10	29.032	186	904	41	218	267809	268363	1.23e-13	74.3
CDF91045.1	NC_001136.10	28.261	230	904	90	290	401797	401114	2.84e-13	73.2
CDF91045.1	NC_001135.5	31.356	354	904	34	344	79213	80271	2.12e-45	177
CDF91045.1	NC_001135.5	29.371	286	904	32	284	275358	276212	5.50e-31	130
CDF91045.1	NC_001135.5	26.990	289	904	43	296	243466	242615	9.37e-21	97.4
CDF91045.1	NC_001135.5	34.400	125	904	106	224	129673	130044	1.39e-17	87.0
CDF91045.1	NC_001147.6	35.036	274	904	35	286	775975	776793	3.36e-42	167
CDF91045.1	NC_001147.6	30.403	273	904	34	284	129762	130568	9.02e-27	117
CDF91045.1	NC_001147.6	29.889	271	904	43	289	773279	774076	2.87e-25	112
CDF91045.1	NC_001147.6	27.597	308	904	36	312	246014	246862	3.72e-24	108
CDF91045.1	NC_001147.6	28.358	268	904	36	283	295985	295194	9.55e-24	107
CDF91045.1	NC_001147.6	28.862	246	904	37	242	105403	106113	6.12e-23	104
CDF91045.1	NC_001147.6	27.451	306	904	31	283	996049	995180	2.41e-16	83.2
CDF91045.1	NC_001147.6	29.358	218	904	38	232	824222	823581	7.02e-15	78.2
CDF91045.1	NC_001143.9	28.611	360	904	34	346	249151	250206	8.19e-40	159
CDF91045.1	NC_001143.9	32.520	246	904	34	271	135453	134731	7.31e-33	137
CDF91045.1	NC_001143.9	32.950	261	904	34	283	206736	207512	3.71e-32	134
CDF91045.1	NC_001143.9	31.466	232	904	37	249	183504	184187	1.12e-25	113
CDF91045.1	NC_001143.9	30.973	226	904	89	278	348599	347928	1.35e-18	90.5
CDF91045.1	NC_001143.9	32.394	142	904	105	229	221988	221563	8.25e-18	87.8
CDF91046.1	NC_001147.6	66.736	484	488	7	487	787175	788626	0.0	689
CDF91046.1	NC_001145.3	31.419	296	488	64	343	495062	495895	8.08e-28	116
CDF91047.1	NC_001147.6	46.226	212	384	177	384	789377	788745	1.60e-54	192
CDF91048.1	NC_001147.6	67.216	668	674	9	673	792214	790223	0.0	956
CDF91049.1	NC_001148.4	64.270	445	428	3	428	267517	266183	0.0	613
CDF91049.1	NC_001148.4	30.769	169	428	108	272	892959	893465	8.29e-17	82.0
CDF91049.1	NC_001148.4	25.103	243	428	174	403	893031	893723	6.74e-12	66.6
CDF91049.1	NC_001134.8	29.114	237	428	109	338	616972	616268	1.58e-23	102
CDF91049.1	NC_001134.8	21.162	241	428	187	424	616993	616295	2.84e-13	70.9
CDF91049.1	NC_001141.2	30.345	290	428	134	416	269599	270420	2.84e-23	101
CDF91049.1	NC_001141.2	27.273	264	428	107	322	269647	270414	1.30e-18	87.4
CDF91049.1	NC_001146.8	29.915	234	428	128	353	41054	41749	7.03e-20	91.3
CDF91049.1	NC_001139.9	29.680	219	428	102	296	250129	250785	1.44e-19	90.5
CDF91049.1	NC_001139.9	31.053	190	428	112	296	250345	250911	1.34e-17	84.3
CDF91049.1	NC_001139.9	29.480	173	428	88	256	250402	250908	1.48e-16	81.3
CDF91050.1	NC_001147.6	78.202	445	436	1	436	792531	793865	0.0	723
CDF91050.1	NC_001134.8	40.850	306	436	161	427	121052	120135	2.51e-69	237
CDF91050.1	NC_001145.3	35.266	207	436	184	385	523054	522440	6.69e-34	134
CDF91051.1	NC_001148.4	68.715	358	352	1	352	265028	266101	3.76e-177	544
CDF91051.1	NC_001141.2	37.302	252	352	52	298	55396	56136	7.41e-41	152
CDF91052.1	NC_001147.6	57.447	376	392	29	391	795209	794082	1.12e-149	467
CDF91053.1	NC_001148.4	66.504	818	756	3	756	264183	261730	0.0	1067
CDF91053.1	NC_001148.4	30.822	292	756	165	450	157359	156529	3.83e-36	146
CDF91053.1	NC_001148.4	29.964	277	756	184	457	166460	167248	1.72e-32	134
CDF91053.1	NC_001148.4	30.534	262	756	192	451	268326	269051	5.88e-30	126
CDF91053.1	NC_001148.4	28.188	298	756	191	459	285926	285078	3.55e-28	120
CDF91053.1	NC_001148.4	29.667	300	756	190	450	492905	492045	9.89e-28	119
CDF91053.1	NC_001148.4	28.076	317	756	167	450	288494	287592	3.00e-24	108
CDF91053.1	NC_001148.4	27.299	348	756	137	428	747627	748625	1.69e-22	102
CDF91053.1	NC_001148.4	30.000	180	756	231	400	474092	473592	1.37e-16	83.6
CDF91053.1	NC_001138.5	33.574	277	756	190	456	173757	172963	1.06e-43	170
CDF91053.1	NC_001138.5	29.870	154	756	186	332	72060	71605	4.81e-16	81.6
CDF91053.1	NC_001138.5	33.071	127	756	341	459	70995	70648	1.91e-12	69.7
CDF91053.1	NC_001147.6	33.642	324	756	146	456	296099	295176	1.96e-43	169
CDF91053.1	NC_001147.6	31.310	313	756	164	461	129717	130592	7.35e-38	151
CDF91053.1	NC_001147.6	30.769	377	756	100	450	996253	995180	2.04e-37	150
CDF91053.1	NC_001147.6	28.777	278	756	191	451	775996	776787	5.51e-29	123
CDF91053.1	NC_001147.6	28.622	283	756	191	451	773276	774067	1.91e-24	108
CDF91053.1	NC_001147.6	25.874	286	756	182	451	246008	246796	3.18e-21	98.6
CDF91053.1	NC_001147.6	28.464	267	756	200	445	105496	106227	3.09e-19	92.0
CDF91053.1	NC_001147.6	26.316	228	756	192	406	79341	78691	6.11e-18	87.8
CDF91053.1	NC_001147.6	28.241	216	756	190	392	824213	823605	3.10e-17	85.5
CDF91053.1	NC_001147.6	25.869	259	756	229	451	441798	442538	3.97e-12	68.9
CDF91053.1	NC_001136.10	34.932	292	756	162	451	1412487	1413293	1.52e-41	163
CDF91053.1	NC_001136.10	28.879	464	756	42	452	281728	280403	3.88e-40	159
CDF91053.1	NC_001136.10	34.043	282	756	190	451	1465720	1464917	1.33e-39	157
CDF91053.1	NC_001136.10	30.887	327	756	159	450	694955	695893	9.66e-38	151
CDF91053.1	NC_001136.10	29.102	323	756	184	471	1395148	1396074	3.45e-35	143
CDF91053.1	NC_001136.10	28.758	306	756	174	459	1433929	1433060	4.87e-33	136
CDF91053.1	NC_001136.10	25.597	293	756	183	473	1486993	1486154	3.17e-22	101
CDF91053.1	NC_001136.10	28.014	282	756	188	451	401968	401141	2.15e-18	89.4
CDF91053.1	NC_001136.10	26.014	296	756	187	451	267800	268651	6.06e-18	87.8
CDF91053.1	NC_001136.10	24.516	310	756	163	450	406357	405482	4.04e-17	85.1
CDF91053.1	NC_001136.10	27.660	282	756	192	450	173069	173878	7.07e-17	84.3
CDF91053.1	NC_001136.10	30.476	210	756	258	450	1027697	1027107	9.77e-17	84.0
CDF91053.1	NC_001136.10	30.275	218	756	190	396	313955	313350	1.36e-15	80.1
CDF91053.1	NC_001143.9	33.929	224	756	228	451	249397	250029	1.28e-40	160
CDF91053.1	NC_001143.9	29.537	281	756	184	457	135447	134659	1.11e-31	132
CDF91053.1	NC_001143.9	30.877	285	756	183	454	206724	207524	1.60e-27	119
CDF91053.1	NC_001143.9	29.858	211	756	192	397	183522	184115	8.21e-19	90.5
CDF91053.1	NC_001143.9	28.761	226	756	227	418	222141	221491	1.97e-18	89.4
CDF91053.1	NC_001143.9	26.761	284	756	206	450	150528	149734	1.48e-15	80.1
CDF91053.1	NC_001143.9	25.311	241	756	242	454	131983	131315	2.02e-13	73.2
CDF91053.1	NC_001143.9	24.638	276	756	193	404	348854	348039	2.24e-13	72.8
CDF91054.1	NC_001148.4	72.613	398	416	22	416	260868	259717	0.0	583
CDF91054.1	NC_001144.5	30.836	347	416	103	415	390084	389083	1.03e-33	132
CDF91054.1	NC_001144.5	26.935	323	416	122	415	387713	386790	1.26e-21	96.7
CDF91054.1	NC_001136.10	25.581	344	416	104	415	745675	744692	1.43e-18	87.0
CDF91054.1	NC_001141.2	25.069	363	416	103	415	322474	323526	1.54e-15	77.8
CDF91054.1	NC_001141.2	23.117	385	416	103	415	431913	430828	3.15e-13	70.5
CDF91055.1	NC_001148.4	55.523	679	637	17	623	259264	257264	0.0	688
CDF91055.1	NC_001148.4	34.877	324	637	119	435	816627	815749	1.63e-41	161
CDF91055.1	NC_001139.9	37.432	366	637	121	478	85338	86300	4.93e-57	208
CDF91055.1	NC_001134.8	30.340	412	637	122	500	102189	103295	1.88e-37	149
CDF91055.1	NC_001143.9	28.261	322	637	122	434	286825	287697	5.41e-24	106
CDF91055.1	NC_001137.3	35.652	230	637	242	466	38634	38038	8.97e-23	102
CDF91055.1	NC_001137.3	34.507	142	637	90	222	39372	38959	1.61e-15	79.3
CDF91056.1	NC_001148.4	53.307	257	290	4	259	254832	255602	2.17e-98	315
CDF91057.1	NC_001148.4	37.143	700	710	1	631	254310	252403	3.47e-74	261
CDF91058.1	NC_001148.4	37.647	255	235	5	227	251644	250928	1.64e-43	155
CDF91059.1	NC_001148.4	77.402	1093	1097	4	1096	246984	250256	0.0	1768
CDF91060.1	NC_001147.6	64.545	330	324	1	324	796793	795804	1.53e-152	472
CDF91061.1	NC_001148.4	35.413	641	586	1	586	246220	244322	6.05e-96	320
CDF91062.1	NC_001148.4	58.367	245	263	1	243	244027	243299	1.55e-93	300
CDF91064.1	NC_001148.4	38.336	733	750	1	725	241497	239356	1.96e-157	505
CDF91064.1	NC_001145.3	29.947	187	750	1	185	594886	595413	1.12e-17	87.0
CDF91064.1	NC_001146.8	27.451	306	750	19	299	473445	474305	3.32e-15	79.0
CDF91064.1	NC_001144.5	31.973	147	750	5	132	214450	214010	9.29e-12	67.8
CDF91065.1	NC_001147.6	36.350	663	635	9	634	800707	798719	5.81e-125	406
CDF91066.1	NC_001147.6	56.416	452	448	1	448	802307	800973	2.50e-170	529
CDF91067.1	NC_001147.6	51.974	304	304	1	304	803464	802553	4.02e-112	355
CDF91068.1	NC_001148.4	50.275	364	367	4	363	239050	237959	1.46e-122	388
CDF91069.1	NC_001148.4	44.091	220	194	1	194	237344	237976	1.09e-32	122
CDF91070.1	NC_001148.4	51.952	1511	1468	1	1468	237107	232596	0.0	1578
CDF91070.1	NC_001136.10	27.034	762	1468	710	1446	277997	280120	1.56e-64	242
CDF91070.1	NC_001146.8	24.802	504	1468	926	1385	432625	434010	5.79e-20	95.9
CDF91071.1	NC_001147.6	59.322	177	188	1	176	803667	804197	3.54e-70	229
CDF91072.1	NC_001148.4	28.621	290	405	100	358	231544	232368	1.76e-26	110
CDF91073.1	NC_001139.9	60.268	672	675	7	669	234489	232474	0.0	809
CDF91073.1	NC_001136.10	48.958	672	675	2	645	267195	265279	0.0	612
CDF91073.1	NC_001136.10	34.107	431	675	9	403	1350350	1351603	5.41e-68	241
CDF91073.1	NC_001136.10	41.129	124	675	453	576	1351880	1352218	6.03e-23	103
CDF91073.1	NC_001147.6	30.493	223	675	188	392	440246	439590	2.17e-15	79.3
CDF91074.1	NC_001139.9	45.519	703	670	3	667	230243	232345	0.0	601
CDF91075.1	NC_001136.10	58.015	131	141	1	127	264961	264572	3.29e-42	147
CDF91076.1	NC_001139.9	37.681	207	250	36	237	229407	228802	4.81e-34	128
CDF91077.1	NC_001136.10	72.830	265	265	1	265	264110	263316	3.14e-133	414
CDF91078.1	NC_001136.10	43.062	1463	1444	7	1444	258921	263222	0.0	1115
CDF91079.1	NC_001136.10	58.783	575	617	55	616	258363	256645	0.0	653
CDF91079.1	NC_001136.10	24.561	399	617	136	498	1320379	1321485	9.81e-23	102
CDF91080.1	NC_001136.10	50.570	263	285	25	281	255706	256491	3.85e-79	259
CDF91080.1	NC_001144.5	32.283	254	285	27	277	987337	988092	9.19e-32	123
CDF91080.1	NC_001143.9	26.816	179	285	27	191	457033	456500	4.81e-12	65.1
CDF91081.1	NC_001136.10	47.774	337	334	23	334	254975	253998	6.50e-84	275
CDF91082.1	NC_001146.8	78.307	189	190	1	189	499681	500247	1.94e-100	316
CDF91082.1	NC_001139.9	77.249	189	190	1	189	228329	227763	2.29e-99	313
CDF91083.1	NC_001148.4	65.818	550	539	5	539	493594	495243	0.0	752
CDF91084.1	NC_001148.4	87.417	302	304	2	303	492932	492027	0.0	565
CDF91084.1	NC_001148.4	35.404	322	304	5	299	866251	865319	4.04e-56	194
CDF91084.1	NC_001148.4	32.107	299	304	25	299	474194	473313	9.95e-48	170
CDF91084.1	NC_001148.4	31.875	320	304	7	299	666391	667296	8.73e-39	144
CDF91084.1	NC_001148.4	28.618	304	304	11	297	263589	262795	1.03e-27	112
CDF91084.1	NC_001148.4	29.139	302	304	1	300	268290	269057	8.36e-24	100
CDF91084.1	NC_001148.4	27.333	300	304	13	298	288377	287589	3.84e-20	89.7
CDF91084.1	NC_001148.4	26.241	282	304	21	297	157242	156529	8.64e-20	88.6
CDF91084.1	NC_001148.4	25.556	270	304	33	297	285833	285123	8.70e-19	85.5
CDF91084.1	NC_001148.4	22.951	305	304	7	299	166463	167233	2.96e-17	80.9
CDF91084.1	NC_001134.8	53.667	300	304	5	299	560093	560968	3.99e-99	318
CDF91084.1	NC_001134.8	31.875	320	304	4	301	192478	193389	1.74e-51	181
CDF91084.1	NC_001134.8	32.558	172	304	53	213	295399	294905	3.07e-22	95.9
CDF91084.1	NC_001134.8	25.333	225	304	7	222	15227	14586	1.27e-16	79.3
CDF91084.1	NC_001134.8	24.497	298	304	11	296	749648	750433	1.17e-15	76.3
CDF91084.1	NC_001136.10	37.908	306	304	7	299	267797	268654	8.34e-64	216
CDF91084.1	NC_001136.10	31.208	298	304	11	299	313955	313110	9.16e-35	132
CDF91084.1	NC_001136.10	29.010	293	304	7	297	1412535	1413290	6.63e-33	127
CDF91084.1	NC_001136.10	28.339	307	304	11	300	1465720	1464911	5.26e-27	109
CDF91084.1	NC_001136.10	28.479	309	304	9	300	173057	173887	1.06e-26	108
CDF91084.1	NC_001136.10	28.213	319	304	11	303	281239	280391	4.84e-24	101
CDF91084.1	NC_001136.10	27.187	320	304	2	300	401989	401135	6.48e-24	100
CDF91084.1	NC_001136.10	24.540	326	304	11	299	1395163	1396005	1.36e-20	90.9
CDF91084.1	NC_001136.10	24.841	314	304	7	299	1433896	1433090	3.60e-19	86.7
CDF91084.1	NC_001136.10	24.265	272	304	36	304	695228	695914	1.22e-17	82.0
CDF91084.1	NC_001136.10	28.788	198	304	13	207	1486969	1486394	1.80e-17	81.6
CDF91084.1	NC_001136.10	30.814	172	304	47	203	1027730	1027293	3.85e-14	71.6
CDF91084.1	NC_001136.10	28.049	246	304	52	292	956331	956993	1.49e-13	69.7
CDF91084.1	NC_001136.10	28.108	185	304	34	210	75384	74857	2.45e-12	66.2
CDF91084.1	NC_001136.10	27.811	169	304	5	157	424299	424772	4.98e-11	62.4
CDF91084.1	NC_001139.9	37.700	313	304	5	301	575428	576348	3.92e-62	211
CDF91084.1	NC_001139.9	31.461	267	304	1	221	160116	160901	9.88e-23	97.4
CDF91084.1	NC_001139.9	29.600	250	304	7	230	164944	164210	5.17e-20	89.4
CDF91084.1	NC_001139.9	29.258	229	304	7	209	593599	594261	1.59e-15	75.9
CDF91084.1	NC_001143.9	36.789	299	304	3	299	183492	184370	7.01e-61	207
CDF91084.1	NC_001143.9	29.545	308	304	12	301	150606	149722	2.38e-36	137
CDF91084.1	NC_001143.9	28.475	295	304	15	304	249289	250047	2.70e-28	113
CDF91084.1	NC_001143.9	25.329	304	304	3	299	135456	134674	1.99e-18	84.7
CDF91084.1	NC_001143.9	25.484	310	304	3	299	206733	207518	2.33e-17	81.3
CDF91084.1	NC_001143.9	26.923	234	304	6	218	132190	131504	3.44e-11	62.8
CDF91085.1	NC_001136.10	30.645	372	313	1	313	959802	958687	1.47e-44	161
CDF91087.1	NC_001148.4	77.976	168	168	1	168	481901	481431	1.65e-82	263
CDF91087.1	NC_001136.10	55.039	129	168	1	129	963412	963798	3.70e-43	150
CDF91088.1	NC_001136.10	51.163	172	175	3	171	964556	964041	4.01e-47	162
CDF91088.1	NC_001148.4	45.652	184	175	1	175	480553	481062	2.44e-38	137
CDF91089.1	NC_001148.4	48.026	152	220	18	160	479288	479731	1.06e-36	134
CDF91090.1	NC_001148.4	58.782	985	988	9	985	478959	476008	0.0	1196
CDF91090.1	NC_001134.8	26.322	889	988	80	911	84144	81676	1.71e-59	222
CDF91090.1	NC_001139.9	22.036	835	988	77	841	672723	674933	6.77e-33	137
CDF91090.1	NC_001144.5	24.308	325	988	87	373	884586	883678	1.04e-12	71.2
CDF91091.1	NC_001148.4	52.201	159	207	41	199	475600	475124	1.04e-47	166
CDF91092.1	NC_001148.4	65.109	599	605	1	595	474707	473055	0.0	728
CDF91092.1	NC_001148.4	32.534	292	605	216	505	492857	492045	4.69e-46	174
CDF91092.1	NC_001148.4	32.765	293	605	245	511	866116	865307	1.33e-38	151
CDF91092.1	NC_001148.4	32.283	254	605	274	513	666628	667326	4.99e-30	125
CDF91092.1	NC_001148.4	29.299	157	605	248	402	288257	287805	1.49e-16	82.8
CDF91092.1	NC_001148.4	24.549	277	605	246	505	263472	262795	5.55e-14	74.3
CDF91092.1	NC_001148.4	25.792	221	605	200	417	166475	167083	1.64e-13	72.8
CDF91092.1	NC_001148.4	31.737	167	605	248	413	268428	268904	1.16e-12	70.1
CDF91092.1	NC_001148.4	27.879	165	605	248	410	157143	156682	1.28e-12	69.7
CDF91092.1	NC_001148.4	26.708	161	605	248	405	285767	285309	7.26e-11	64.3
CDF91092.1	NC_001134.8	36.268	284	605	223	505	560189	560962	1.92e-49	184
CDF91092.1	NC_001134.8	29.097	299	605	248	523	192622	193455	5.40e-27	115
CDF91092.1	NC_001134.8	26.570	207	605	209	411	15188	14613	6.67e-13	70.9
CDF91092.1	NC_001136.10	35.563	284	605	223	505	267878	268648	1.86e-42	163
CDF91092.1	NC_001136.10	29.858	211	605	297	505	313688	313116	1.45e-19	92.4
CDF91092.1	NC_001136.10	26.688	311	605	206	502	1465702	1464929	3.21e-15	78.2
CDF91092.1	NC_001136.10	26.486	185	605	222	401	75387	74872	6.37e-15	77.4
CDF91092.1	NC_001136.10	27.219	169	605	248	414	1412676	1413149	5.01e-14	74.3
CDF91092.1	NC_001136.10	31.250	144	605	270	401	1027712	1027293	5.94e-14	74.3
CDF91092.1	NC_001136.10	26.415	212	605	212	414	1486969	1486364	1.41e-13	73.2
CDF91092.1	NC_001136.10	25.543	184	605	222	401	406228	405695	5.72e-13	70.9
CDF91092.1	NC_001136.10	27.391	230	605	206	423	1433866	1433210	7.58e-13	70.5
CDF91092.1	NC_001136.10	22.678	366	605	177	499	1395124	1396143	1.54e-12	69.7
CDF91092.1	NC_001136.10	28.488	172	605	248	418	695276	695764	3.21e-11	65.5
CDF91092.1	NC_001143.9	32.482	274	605	241	511	183621	184382	5.66e-40	155
CDF91092.1	NC_001143.9	33.610	241	605	274	506	150378	149731	7.36e-31	127
CDF91092.1	NC_001143.9	24.419	258	605	248	502	249406	250017	9.70e-13	70.1
CDF91092.1	NC_001143.9	26.484	219	605	197	401	132181	131549	4.21e-12	68.2
CDF91092.1	NC_001143.9	22.712	295	605	126	413	135621	134836	4.55e-12	68.2
CDF91092.1	NC_001140.6	35.811	296	605	240	518	170158	169340	1.36e-38	151
CDF91092.1	NC_001140.6	23.196	194	605	218	410	96014	95487	1.11e-14	76.6
CDF91092.1	NC_001140.6	26.943	193	605	222	412	316716	317246	8.04e-13	70.5
CDF91093.1	NC_001148.4	65.652	690	688	5	679	469969	471966	0.0	855
CDF91093.1	NC_001137.3	27.835	194	688	29	221	511033	511578	3.05e-14	75.5
CDF91093.1	NC_001137.3	27.119	236	688	29	256	510754	511395	2.56e-13	72.4
CDF91094.1	NC_001136.10	41.485	458	429	1	429	965125	966486	1.96e-106	344
CDF91095.1	NC_001148.4	47.995	798	795	1	795	467260	469653	0.0	796
CDF91096.1	NC_001148.4	62.766	94	96	4	96	466928	466647	1.23e-35	125
CDF91097.1	NC_001136.10	55.450	422	410	1	410	967822	966560	6.23e-157	489
CDF91098.1	NC_001148.4	70.968	93	96	4	96	465980	466258	1.71e-41	142
CDF91099.1	NC_001136.10	82.353	493	508	4	496	969659	968184	0.0	881
CDF91099.1	NC_001139.9	40.959	542	508	13	504	654661	656271	1.79e-122	394
CDF91100.1	NC_001148.4	67.711	415	409	1	409	464401	465645	0.0	577
CDF91100.1	NC_001143.9	59.483	348	409	68	409	283415	284452	4.08e-129	409
CDF91100.1	NC_001143.9	47.887	71	409	1	71	282891	283100	5.05e-11	63.5
CDF91100.1	NC_001139.9	44.843	223	409	1	217	903197	902529	1.43e-55	196
CDF91101.1	NC_001148.4	64.286	42	372	331	372	462645	462520	4.67e-13	69.3
CDF91102.1	NC_001148.4	76.142	394	396	2	395	461966	460785	0.0	656
CDF91102.1	NC_001137.3	34.603	315	396	83	393	84411	83482	2.09e-55	196
CDF91102.1	NC_001145.3	32.670	352	396	94	396	41290	40244	1.24e-54	193
CDF91103.1	NC_001136.10	60.108	554	542	2	540	1420202	1418559	0.0	632
CDF91104.1	NC_001148.4	76.768	198	198	1	198	459963	460556	1.09e-104	328
CDF91104.1	NC_001148.4	30.682	176	198	12	182	138894	139394	4.49e-20	86.3
CDF91104.1	NC_001147.6	37.725	167	198	16	182	502840	503316	2.78e-31	118
CDF91104.1	NC_001134.8	36.047	172	198	12	183	568390	567902	1.17e-30	116
CDF91104.1	NC_001136.10	35.829	187	198	1	182	116321	116839	6.32e-30	114
CDF91104.1	NC_001136.10	35.519	183	198	5	182	216541	217047	1.99e-29	113
CDF91104.1	NC_001145.3	30.357	168	198	14	175	545191	545682	5.41e-15	71.2
CDF91105.1	NC_001136.10	46.970	132	124	1	119	1420838	1420461	6.57e-17	73.9
CDF91107.1	NC_001136.10	53.459	477	479	1	477	1421157	1422476	3.54e-165	516
CDF91107.1	NC_001147.6	53.740	361	479	124	477	511915	512997	3.49e-133	424
CDF91107.1	NC_001134.8	47.175	354	479	130	473	633775	634830	8.91e-112	362
CDF91107.1	NC_001134.8	34.375	448	479	4	432	618915	620162	3.45e-79	268
CDF91107.1	NC_001148.4	36.420	486	479	1	475	458458	457130	1.49e-102	335
CDF91107.1	NC_001143.9	45.367	313	479	153	449	557935	558873	8.11e-86	287
CDF91108.1	NC_001134.8	62.903	372	376	6	376	549807	550922	1.86e-164	509
CDF91108.1	NC_001147.6	31.624	117	376	75	191	381062	381403	8.50e-13	68.6
CDF91109.1	NC_001134.8	49.746	197	549	353	544	551706	551125	1.77e-50	186
CDF91109.1	NC_001134.8	41.447	152	549	130	276	552519	552106	2.55e-21	97.4
CDF91109.1	NC_001134.8	58.491	53	549	1	53	553200	553042	8.15e-13	70.1
CDF91110.1	NC_001134.8	44.565	92	183	81	170	553815	553558	1.10e-15	72.8
CDF91111.1	NC_001148.4	55.556	108	337	47	150	455915	456238	6.99e-33	128
CDF91112.1	NC_001134.8	42.935	552	514	7	513	556570	558174	2.53e-141	449
CDF91113.1	NC_001148.4	51.087	92	294	205	292	454276	454001	1.09e-22	97.1
CDF91114.1	NC_001134.8	68.300	347	343	1	343	558685	559725	6.33e-163	503
CDF91114.1	NC_001145.3	30.435	207	343	65	260	722351	721770	1.78e-11	64.3
CDF91115.1	NC_001134.8	91.216	296	297	1	294	560078	560965	0.0	563
CDF91115.1	NC_001134.8	36.455	299	297	14	294	192505	193380	8.66e-52	181
CDF91115.1	NC_001134.8	27.907	258	297	1	222	295642	294881	1.53e-18	84.7
CDF91115.1	NC_001134.8	28.328	293	297	12	292	749648	750433	5.37e-17	80.1
CDF91115.1	NC_001134.8	25.000	224	297	5	220	15236	14598	6.57e-12	64.7
CDF91115.1	NC_001148.4	52.333	300	297	2	293	492935	492045	5.39e-98	314
CDF91115.1	NC_001148.4	39.308	318	297	8	294	866245	865322	3.08e-62	211
CDF91115.1	NC_001148.4	37.193	285	297	36	293	474167	473319	1.79e-53	186
CDF91115.1	NC_001148.4	33.224	304	297	8	294	666391	667293	2.46e-44	160
CDF91115.1	NC_001148.4	30.897	301	297	12	294	263589	262792	7.25e-24	100
CDF91115.1	NC_001148.4	29.693	293	297	4	294	268296	269051	1.65e-22	96.3
CDF91115.1	NC_001148.4	29.756	205	297	14	213	288377	287781	2.18e-22	96.3
CDF91115.1	NC_001148.4	23.934	305	297	5	293	166454	167227	2.52e-18	84.0
CDF91115.1	NC_001148.4	26.141	241	297	55	294	285767	285120	3.61e-14	71.6
CDF91115.1	NC_001148.4	24.268	239	297	55	293	157143	156529	8.09e-14	70.5
CDF91115.1	NC_001148.4	29.255	188	297	55	223	501862	501317	5.80e-13	67.8
CDF91115.1	NC_001143.9	40.000	295	297	8	294	183504	184367	2.86e-64	217
CDF91115.1	NC_001143.9	32.441	299	297	13	293	150606	149734	1.43e-41	152
CDF91115.1	NC_001143.9	27.160	243	297	55	294	249406	250029	1.19e-18	85.1
CDF91115.1	NC_001143.9	28.169	213	297	5	214	135453	134842	1.10e-16	79.3
CDF91115.1	NC_001143.9	26.599	297	297	7	297	206742	207524	2.61e-14	72.0
CDF91115.1	NC_001143.9	33.333	147	297	67	203	131980	131552	4.35e-11	62.4
CDF91115.1	NC_001136.10	38.276	290	297	12	296	267809	268657	7.00e-59	202
CDF91115.1	NC_001136.10	31.650	297	297	6	294	313973	313113	3.72e-35	133
CDF91115.1	NC_001136.10	32.579	221	297	7	221	1412532	1413158	6.07e-26	106
CDF91115.1	NC_001136.10	26.623	308	297	12	294	1395163	1396002	5.95e-24	100
CDF91115.1	NC_001136.10	33.171	205	297	14	211	1486969	1486385	7.13e-22	94.7
CDF91115.1	NC_001136.10	28.112	249	297	47	294	1465573	1464917	2.68e-20	89.7
CDF91115.1	NC_001136.10	27.203	261	297	4	243	173039	173806	9.03e-18	82.4
CDF91115.1	NC_001136.10	28.526	312	297	12	296	281239	280400	1.56e-17	81.6
CDF91115.1	NC_001136.10	28.328	293	297	8	281	401974	401180	7.09e-17	79.7
CDF91115.1	NC_001136.10	26.132	287	297	7	223	956043	956876	1.77e-16	78.6
CDF91115.1	NC_001136.10	25.166	302	297	7	293	1433899	1433096	2.43e-15	75.1
CDF91115.1	NC_001136.10	30.189	212	297	8	207	75468	74863	2.89e-15	75.1
CDF91115.1	NC_001136.10	27.879	165	297	53	216	695270	695752	9.95e-15	73.2
CDF91115.1	NC_001136.10	36.792	106	297	113	204	1027610	1027293	1.04e-14	73.2
CDF91115.1	NC_001136.10	29.018	224	297	13	223	406288	405638	7.12e-14	70.9
CDF91115.1	NC_001136.10	28.916	166	297	8	158	424305	424772	7.63e-11	61.6
CDF91115.1	NC_001144.5	37.671	292	297	4	292	371671	372522	2.76e-52	182
CDF91115.1	NC_001144.5	24.629	337	297	7	295	851105	852007	5.77e-20	89.0
CDF91115.1	NC_001144.5	24.606	317	297	5	293	332875	333720	2.16e-16	78.2
CDF91115.1	NC_001144.5	24.820	278	297	4	219	634726	635535	3.73e-11	62.4
CDF91116.1	NC_001148.4	66.209	364	348	1	341	453057	451972	6.72e-162	500
CDF91116.1	NC_001134.8	63.788	359	348	1	332	561634	562707	1.00e-153	476
CDF91117.1	NC_001134.8	67.917	240	539	302	538	563904	563209	2.43e-107	352
CDF91117.1	NC_001134.8	48.171	164	539	21	180	564471	564010	1.81e-33	135
CDF91117.1	NC_001142.9	45.200	250	539	294	529	100600	99875	8.56e-49	181
CDF91118.1	NC_001134.8	62.903	62	65	1	61	565231	565416	1.26e-15	67.4
CDF91121.1	NC_001138.5	63.393	224	227	1	224	9545	10216	1.74e-92	295
CDF91121.1	NC_001146.8	63.393	224	227	1	224	11452	12123	1.75e-92	295
CDF91122.1	NC_001140.6	68.982	619	619	1	619	10210	8354	0.0	904
CDF91122.1	NC_001140.6	53.883	618	619	2	613	20965	19115	0.0	702
CDF91122.1	NC_001135.5	46.575	584	619	15	597	8302	6575	1.43e-173	546
CDF91122.1	NC_001143.9	46.404	584	619	15	597	661466	663193	5.39e-173	544
CDF91122.1	NC_001137.3	44.803	558	619	52	606	27816	29474	1.73e-151	482
CDF91122.1	NC_001147.6	30.843	629	619	2	608	21338	19512	9.51e-81	277
CDF91125.1	NC_001145.3	51.709	907	846	22	846	77034	74401	0.0	864
CDF91126.1	NC_001145.3	79.464	112	206	1	111	77267	77602	1.34e-55	188
CDF91127.1	NC_001145.3	47.345	452	444	5	444	79672	78344	4.67e-124	395
CDF91128.1	NC_001145.3	59.330	209	203	1	202	82113	81487	1.94e-75	245
CDF91129.1	NC_001145.3	70.922	141	159	6	146	82373	82795	8.36e-64	209
CDF91130.1	NC_001145.3	53.725	886	847	18	847	83141	85786	0.0	794
CDF91131.1	NC_001145.3	86.400	250	250	1	250	86739	85990	3.20e-148	456
CDF91131.1	NC_001145.3	30.357	224	250	3	217	901718	902365	7.43e-23	95.9
CDF91131.1	NC_001139.9	36.100	241	250	4	227	761404	762123	1.23e-41	150
CDF91131.1	NC_001139.9	32.273	220	250	5	218	999119	998463	2.89e-33	126
CDF91131.1	NC_001139.9	28.627	255	250	5	250	475214	474504	8.69e-22	92.8
CDF91131.1	NC_001147.6	37.963	216	250	5	214	255346	255981	3.97e-36	134
CDF91131.1	NC_001147.6	40.462	173	250	5	177	1018725	1018213	4.85e-34	128
CDF91134.1	NC_001145.3	56.452	62	69	1	62	14753	14568	8.27e-21	82.4
CDF91135.1	NC_001145.3	39.328	506	499	1	488	16676	15162	4.93e-103	337
CDF91136.1	NC_001145.3	67.075	571	584	21	584	17094	18806	0.0	782
CDF91137.1	NC_001145.3	45.874	1236	1201	1	1200	90731	87138	0.0	1043
CDF91138.1	NC_001145.3	75.000	460	470	1	460	20445	19066	0.0	737
CDF91139.1	NC_001145.3	47.006	668	653	14	653	92253	94238	0.0	585
CDF91140.1	NC_001145.3	59.609	307	311	5	311	21684	20764	4.94e-129	404
CDF91140.1	NC_001145.3	46.484	256	311	56	311	95201	94434	7.05e-76	251
CDF91140.1	NC_001141.2	39.167	240	311	76	311	274794	274075	2.16e-48	172
CDF91140.1	NC_001143.9	33.462	260	311	69	311	166694	167449	1.87e-36	137
CDF91141.1	NC_001145.3	68.582	522	532	6	527	97365	95800	0.0	791
CDF91143.1	NC_001145.3	91.304	437	446	9	445	99260	97950	0.0	813
CDF91143.1	NC_001145.3	88.303	436	446	9	444	23361	22054	0.0	791
CDF91143.1	NC_001138.5	40.268	447	446	1	445	56336	57637	5.64e-109	352
CDF91143.1	NC_001144.5	29.581	453	446	3	444	566272	564938	2.66e-56	200
CDF91144.1	NC_001145.3	65.568	607	606	3	605	25788	24046	0.0	812
CDF91145.1	NC_001140.6	68.650	437	439	1	436	484845	486155	0.0	615
CDF91146.1	NC_001140.6	48.634	183	199	22	199	484052	484594	2.60e-43	152
CDF91147.1	NC_001145.3	82.258	310	299	1	299	26930	27859	1.78e-173	531
CDF91147.1	NC_001139.9	31.250	192	299	2	187	827564	828112	3.45e-13	68.6
CDF91148.1	NC_001141.2	35.000	280	379	27	247	96267	95461	9.08e-30	120
CDF91148.1	NC_001146.8	32.295	353	379	77	375	487824	486808	5.06e-23	100
CDF91149.1	NC_001146.8	42.652	558	526	5	526	488485	490113	2.22e-130	417
CDF91149.1	NC_001136.10	31.667	540	526	6	517	525641	527158	6.33e-62	219
CDF91150.1	NC_001147.6	29.373	606	623	31	623	1056019	1057677	7.03e-68	239
CDF91150.1	NC_001147.6	28.346	508	623	31	528	1062029	1063504	2.69e-48	181
CDF91150.1	NC_001147.6	22.243	535	623	101	611	41087	42547	7.55e-26	112
CDF91150.1	NC_001143.9	27.603	605	623	31	623	10752	9094	3.30e-63	226
CDF91150.1	NC_001146.8	25.207	603	623	31	623	740404	742107	1.42e-61	221
CDF91150.1	NC_001144.5	24.516	620	623	29	623	568981	570624	8.30e-44	167
CDF91150.1	NC_001144.5	23.279	610	623	31	623	38985	37336	6.40e-38	150
CDF91151.1	NC_001143.9	28.453	601	623	33	623	10752	9094	6.51e-69	243
CDF91151.1	NC_001147.6	28.856	603	623	33	623	1056019	1057677	2.62e-67	238
CDF91151.1	NC_001147.6	27.002	537	623	33	552	1062029	1063573	2.04e-53	197
CDF91151.1	NC_001147.6	20.331	605	623	38	611	40868	42547	1.15e-23	105
CDF91151.1	NC_001146.8	28.136	558	623	73	623	740506	742107	2.39e-65	232
CDF91151.1	NC_001144.5	24.104	614	623	30	623	568978	570624	5.96e-47	177
CDF91151.1	NC_001144.5	26.357	387	623	33	404	38985	37849	6.99e-36	144
CDF91152.1	NC_001147.6	29.125	594	602	16	602	1056010	1057677	4.50e-75	260
CDF91152.1	NC_001147.6	27.919	591	602	19	602	1062029	1063645	3.47e-67	237
CDF91152.1	NC_001147.6	27.027	333	602	142	459	41225	42190	2.83e-20	94.7
CDF91152.1	NC_001143.9	28.264	605	602	11	602	10776	9094	9.11e-71	247
CDF91152.1	NC_001146.8	27.966	590	602	25	602	740422	742107	1.29e-66	235
CDF91152.1	NC_001144.5	27.243	602	602	19	602	38985	37336	1.59e-48	181
CDF91152.1	NC_001144.5	25.955	628	602	3	602	568933	570624	9.72e-48	179
CDF91153.1	NC_001146.8	62.909	275	305	4	275	490323	491126	3.14e-108	344
CDF91154.1	NC_001146.8	65.353	482	459	1	459	491523	492968	0.0	626
CDF91154.1	NC_001136.10	28.636	440	459	34	459	754841	753681	2.90e-37	144
CDF91154.1	NC_001139.9	31.336	217	459	2	211	885747	885100	4.19e-20	92.4
CDF91155.1	NC_001146.8	80.000	60	60	1	60	493366	493545	2.28e-30	108
CDF91156.1	NC_001141.2	55.414	314	308	3	308	97407	98327	1.33e-108	345
CDF91156.1	NC_001141.2	32.188	320	308	2	308	344275	345156	2.23e-40	149
CDF91156.1	NC_001137.3	30.195	308	308	13	308	144456	145316	4.13e-31	122
CDF91156.1	NC_001134.8	29.206	315	308	27	302	607865	608761	9.74e-22	94.4
CDF91156.1	NC_001134.8	27.184	309	308	3	302	784548	783697	1.19e-18	85.5
CDF91156.1	NC_001134.8	25.497	302	308	9	302	449772	450626	2.85e-17	81.3
CDF91156.1	NC_001134.8	27.551	196	308	10	202	416337	416876	3.92e-11	62.8
CDF91156.1	NC_001148.4	27.063	303	308	9	302	673829	674650	5.82e-20	89.4
CDF91156.1	NC_001148.4	26.708	322	308	13	307	583961	583065	2.29e-19	87.4
CDF91156.1	NC_001148.4	24.497	298	308	14	308	601749	600916	1.24e-18	85.1
CDF91156.1	NC_001148.4	23.810	294	308	14	291	792177	791341	3.58e-11	62.8
CDF91156.1	NC_001142.9	25.796	314	308	13	308	609818	610684	8.89e-19	85.5
CDF91156.1	NC_001142.9	22.508	311	308	6	308	160712	161551	1.31e-13	70.1
CDF91157.1	NC_001141.2	87.302	189	200	12	200	99096	98530	3.77e-108	338
CDF91157.1	NC_001146.8	82.199	191	200	10	200	494531	493959	3.11e-102	322
CDF91158.1	NC_001141.2	36.667	210	217	18	212	100495	99869	5.44e-33	124
CDF91159.1	NC_001146.8	54.936	466	787	5	430	498223	496904	2.94e-156	503
CDF91159.1	NC_001146.8	41.294	201	787	641	787	496306	495704	2.60e-26	115
CDF91159.1	NC_001141.2	49.438	445	787	6	442	102187	100925	8.96e-127	417
CDF91159.1	NC_001135.5	36.145	166	787	265	415	229487	229978	1.24e-18	90.1
CDF91159.1	NC_001148.4	36.364	121	787	45	165	735596	735270	3.40e-16	82.4
CDF91159.1	NC_001148.4	45.783	83	787	308	388	735053	734820	2.96e-14	75.9
CDF91160.1	NC_001141.2	67.071	2393	2464	1	2322	113237	106122	0.0	3229
CDF91161.1	NC_001141.2	51.946	1028	1022	10	1022	113821	116901	0.0	1015
CDF91162.1	NC_001141.2	46.632	193	205	3	191	117629	117057	3.59e-33	124
CDF91163.1	NC_001141.2	68.932	1339	1326	27	1323	118088	122053	0.0	1758
CDF91163.1	NC_001147.6	48.777	1226	1326	166	1323	858839	855303	0.0	1053
CDF91163.1	NC_001147.6	45.372	551	1326	389	934	884847	886439	2.11e-141	478
CDF91163.1	NC_001147.6	32.624	141	1326	796	935	696849	697268	3.87e-16	83.2
CDF91163.1	NC_001134.8	44.930	503	1326	457	955	710966	709506	7.88e-129	440
CDF91163.1	NC_001134.8	31.275	502	1326	483	944	384138	385589	4.11e-58	221
CDF91163.1	NC_001134.8	31.980	197	1326	460	635	467794	468351	2.78e-19	93.6
CDF91163.1	NC_001134.8	35.099	151	1326	770	918	469066	469515	2.54e-17	87.0
CDF91163.1	NC_001137.3	41.250	560	1326	447	981	506475	508091	3.39e-123	423
CDF91163.1	NC_001138.5	38.761	565	1326	451	950	230013	231695	2.49e-111	387
CDF91164.1	NC_001146.8	74.869	191	191	1	191	499681	500253	1.96e-97	307
CDF91164.1	NC_001139.9	75.393	191	191	1	191	228329	227757	2.68e-97	307
CDF91165.1	NC_001141.2	77.394	1013	1016	1	1012	122689	125721	0.0	1680
CDF91166.1	NC_001141.2	56.055	289	302	14	302	126231	127094	1.65e-107	342
CDF91166.1	NC_001145.3	31.535	241	302	14	242	722357	721686	2.03e-16	78.6
CDF91167.1	NC_001141.2	80.882	272	551	280	551	128763	129578	4.68e-157	495
CDF91167.1	NC_001146.8	79.779	272	551	280	551	501959	502774	3.88e-154	487
CDF91167.1	NC_001146.8	53.659	82	551	1	80	501515	501754	3.84e-12	68.2
CDF91167.1	NC_001142.9	64.729	258	551	294	550	194633	193863	9.39e-114	370
CDF91167.1	NC_001143.9	65.891	258	551	294	550	519851	520621	2.77e-113	369
CDF91167.1	NC_001145.3	40.212	189	551	304	484	757406	757924	8.57e-23	102
CDF91168.1	NC_001141.2	31.339	351	357	19	356	130769	131659	5.19e-27	111
CDF91169.1	NC_001141.2	63.636	528	545	21	542	132319	133902	0.0	679
CDF91169.1	NC_001141.2	63.127	518	545	21	534	134507	136060	0.0	671
CDF91169.1	NC_001146.8	40.074	539	545	7	539	503868	505403	2.67e-116	378
CDF91169.1	NC_001134.8	23.640	533	545	4	512	589912	591393	3.11e-26	112
CDF91169.1	NC_001134.8	28.272	191	545	55	245	323630	323058	8.19e-20	92.8
CDF91169.1	NC_001134.8	22.628	274	545	69	337	253864	253067	5.43e-12	67.4
CDF91170.1	NC_001146.8	80.244	410	407	1	407	507097	505871	0.0	658
CDF91170.1	NC_001146.8	34.651	430	407	1	352	481391	482668	2.81e-67	230
CDF91170.1	NC_001146.8	63.014	73	407	1	73	619565	619353	1.65e-19	90.1
CDF91170.1	NC_001146.8	45.349	86	407	4	87	222428	222171	1.15e-15	78.2
CDF91170.1	NC_001146.8	30.233	129	407	209	335	618935	618555	5.01e-14	72.8
CDF91170.1	NC_001145.3	36.389	360	407	7	349	695419	696477	3.56e-47	172
CDF91170.1	NC_001145.3	44.144	111	407	6	106	577778	578110	3.04e-17	82.8
CDF91170.1	NC_001144.5	32.512	406	407	6	368	320725	321933	2.55e-45	166
CDF91170.1	NC_001138.5	27.920	351	407	8	299	106050	105046	1.81e-20	92.8
CDF91170.1	NC_001141.2	48.039	102	407	1	100	363221	363526	1.95e-18	86.7
CDF91171.1	NC_001146.8	43.730	311	310	1	304	507758	508663	1.41e-76	253
CDF91172.1	NC_001146.8	63.077	455	460	1	438	510212	508851	0.0	608
CDF91173.1	NC_001146.8	75.911	631	632	1	627	510540	512372	0.0	870
CDF91173.1	NC_001134.8	33.003	303	632	337	592	172954	173832	8.17e-30	125
CDF91174.1	NC_001146.8	67.729	753	749	2	749	514929	512674	0.0	1078
CDF91174.1	NC_001138.5	28.000	250	749	39	283	54366	53644	3.43e-23	104
CDF91174.1	NC_001140.6	27.083	240	749	36	263	364120	363434	2.42e-15	79.3
CDF91174.1	NC_001136.10	23.932	234	749	39	264	399481	400161	1.12e-11	67.4
CDF91174.1	NC_001144.5	28.144	167	749	580	743	301158	300691	1.26e-11	67.0
CDF91175.1	NC_001141.2	72.131	244	244	1	244	139752	140444	8.04e-112	351
CDF91175.1	NC_001148.4	45.755	212	244	16	227	875392	875934	1.44e-56	192
CDF91175.1	NC_001146.8	38.934	244	244	1	244	456535	457140	2.29e-49	172
CDF91175.1	NC_001146.8	32.653	245	244	19	222	300637	299996	6.19e-32	122
CDF91175.1	NC_001146.8	32.258	124	244	19	140	449907	450275	1.99e-12	65.1
CDF91175.1	NC_001146.8	24.645	211	244	30	238	440504	440007	9.87e-12	63.2
CDF91175.1	NC_001144.5	37.500	216	244	19	234	604775	604227	2.93e-38	140
CDF91175.1	NC_001144.5	32.877	146	244	10	148	668888	668454	1.27e-13	68.6
CDF91175.1	NC_001144.5	32.283	127	244	19	144	721391	721014	1.74e-13	68.2
CDF91175.1	NC_001143.9	36.893	206	244	19	223	548435	548935	3.69e-38	140
CDF91175.1	NC_001143.9	24.880	209	244	19	216	466059	465508	4.74e-12	63.9
CDF91176.1	NC_001146.8	33.935	277	304	43	302	516509	515772	8.76e-30	117
CDF91177.1	NC_001146.8	71.341	164	170	2	165	517255	517746	7.19e-77	247
CDF91177.1	NC_001146.8	36.257	171	170	3	164	439082	438588	2.33e-25	100
CDF91177.1	NC_001146.8	35.443	158	170	3	157	574854	575312	6.28e-23	93.2
CDF91178.1	NC_001141.2	70.312	384	383	1	382	142928	144079	0.0	575
CDF91179.1	NC_001141.2	42.621	725	1523	1	697	148709	146640	8.78e-138	471
CDF91179.1	NC_001141.2	32.031	384	1523	1146	1516	145484	144348	4.26e-52	201
CDF91180.1	NC_001146.8	70.671	283	281	1	281	518845	517997	1.23e-129	404
CDF91180.1	NC_001141.2	50.000	280	281	1	280	149988	149149	1.13e-93	301
CDF91181.1	NC_001146.8	37.042	683	898	367	889	527544	529550	2.87e-97	335
CDF91181.1	NC_001146.8	90.244	41	898	260	300	527349	527471	1.50e-15	80.5
CDF91182.1	NC_001146.8	40.385	364	343	6	289	530002	531072	1.31e-68	231
CDF91182.1	NC_001141.2	41.463	205	343	99	294	150559	151167	1.57e-46	168
CDF91184.1	NC_001146.8	69.281	153	150	1	150	531725	532183	1.21e-68	223
CDF91184.1	NC_001141.2	66.225	151	150	1	150	155310	155762	3.58e-64	210
CDF91185.1	NC_001141.2	50.541	370	353	2	353	156051	157157	1.99e-106	341
CDF91186.1	NC_001146.8	44.836	397	386	1	380	532674	533855	4.31e-103	333
CDF91187.1	NC_001146.8	33.613	238	227	7	214	534873	534160	2.41e-23	96.7
CDF91188.1	NC_001141.2	70.909	935	918	1	918	160165	157388	0.0	1343
CDF91188.1	NC_001146.8	56.871	946	918	1	918	537911	535284	0.0	1068
CDF91188.1	NC_001140.6	23.447	789	918	162	918	301493	299226	1.82e-47	183
CDF91189.1	NC_001141.2	59.857	700	700	1	699	160887	162971	0.0	914
CDF91190.1	NC_001141.2	58.685	806	760	1	748	165761	163389	0.0	866
CDF91190.1	NC_001142.9	36.266	466	760	121	578	130715	129429	4.17e-76	268
CDF91190.1	NC_001144.5	27.902	448	760	130	552	820625	821923	1.02e-42	167
CDF91190.1	NC_001147.6	28.819	288	760	81	343	68715	67879	7.91e-18	87.4
CDF91191.1	NC_001141.2	67.812	320	305	8	305	166521	167441	6.51e-139	432
CDF91191.1	NC_001138.5	32.749	171	305	129	299	63561	63055	3.99e-33	127
CDF91192.1	NC_001146.8	51.471	476	572	119	563	538389	539816	1.90e-160	506
CDF91193.1	NC_001141.2	53.295	698	673	1	660	169641	167614	0.0	689
CDF91193.1	NC_001146.8	55.357	504	673	152	648	541437	539989	1.23e-177	560
CDF91193.1	NC_001148.4	33.687	377	673	167	482	755339	756466	4.45e-56	206
CDF91193.1	NC_001139.9	36.842	285	673	221	482	679391	680245	1.91e-49	186
CDF91194.1	NC_001146.8	62.946	645	657	21	652	543083	544969	0.0	846
CDF91194.1	NC_001140.6	24.784	347	657	169	494	200926	199955	1.85e-15	79.3
CDF91194.1	NC_001143.9	23.555	467	657	51	494	155701	157017	1.28e-13	73.2
CDF91195.1	NC_001146.8	65.476	168	176	9	176	545371	545874	7.86e-66	216
CDF91196.1	NC_001146.8	33.827	405	391	19	391	548175	549287	9.28e-47	170
CDF91197.1	NC_001141.2	61.876	501	490	1	485	171505	170003	0.0	650
CDF91198.1	NC_001141.2	76.850	419	424	2	418	171763	173019	0.0	705
CDF91199.1	NC_001146.8	48.715	856	821	1	820	551987	549462	0.0	763
CDF91200.1	NC_001137.3	81.863	408	412	5	412	349977	351179	0.0	647
CDF91200.1	NC_001137.3	48.611	288	412	122	406	548648	549505	1.79e-85	283
CDF91200.1	NC_001136.10	34.463	177	412	171	339	455495	456022	2.01e-19	89.7
CDF91201.1	NC_001134.8	36.017	708	832	146	827	107902	109977	7.72e-112	375
CDF91202.1	NC_001137.3	87.317	205	205	1	205	349346	348732	2.48e-123	382
CDF91202.1	NC_001134.8	25.112	223	205	3	205	141310	141969	1.57e-13	67.4
CDF91203.1	NC_001134.8	56.627	83	103	12	94	110421	110173	8.96e-27	101
CDF91204.1	NC_001137.3	35.669	157	145	16	144	348385	347915	4.78e-24	95.5
CDF91204.1	NC_001134.8	31.013	158	145	5	136	110738	111211	2.09e-20	85.1
CDF91205.1	NC_001137.3	53.156	1426	1372	3	1368	347555	343350	0.0	1483
CDF91206.1	NC_001137.3	44.660	103	117	13	110	342897	343205	5.83e-24	94.0
CDF91207.1	NC_001137.3	85.117	766	767	1	766	342167	339870	0.0	1338
CDF91208.1	NC_001134.8	56.279	430	401	1	401	111437	112705	1.44e-145	456
CDF91209.1	NC_001134.8	64.286	196	215	20	215	113385	112804	1.30e-70	231
CDF91210.1	NC_001137.3	81.113	503	504	4	504	337961	339469	0.0	865
CDF91210.1	NC_001146.8	25.598	418	504	105	486	688793	689980	2.58e-22	100
CDF91211.1	NC_001134.8	63.924	474	459	1	458	113762	115165	0.0	587
CDF91211.1	NC_001134.8	30.334	389	459	1	310	488380	487226	9.35e-46	169
CDF91211.1	NC_001137.3	61.388	461	459	1	441	337340	335961	0.0	560
CDF91211.1	NC_001136.10	30.769	234	459	32	249	439999	440652	6.90e-25	107
CDF91212.1	NC_001134.8	53.543	381	372	8	371	116721	115579	7.16e-134	421
CDF91213.1	NC_001137.3	38.826	528	666	101	586	334966	333551	5.15e-73	256
CDF91213.1	NC_001134.8	44.056	143	666	16	156	117655	117987	3.74e-27	117
CDF91213.1	NC_001134.8	30.686	277	666	268	523	118249	118908	2.18e-13	72.8
CDF91214.1	NC_001134.8	53.445	479	763	118	557	121532	120111	5.32e-157	504
CDF91214.1	NC_001147.6	43.564	303	763	246	548	793002	793847	1.14e-69	249
CDF91214.1	NC_001145.3	33.603	247	763	283	527	523048	522362	1.39e-34	141
CDF91215.1	NC_001134.8	79.866	149	661	277	425	123949	123503	2.98e-70	248
CDF91215.1	NC_001134.8	88.182	110	661	32	141	124525	124196	2.09e-50	188
CDF91216.1	NC_001137.3	76.471	85	89	1	85	194539	194285	7.98e-41	140
CDF91216.1	NC_001137.3	62.921	89	89	1	89	332830	332585	9.64e-31	111
CDF91217.1	NC_001137.3	57.612	578	561	1	561	330576	332303	0.0	711
CDF91218.1	NC_001137.3	85.610	549	571	23	571	328558	330204	0.0	971
CDF91218.1	NC_001143.9	34.783	322	571	67	387	18294	17377	2.44e-44	168
CDF91218.1	NC_001141.2	27.445	317	571	54	352	28993	29925	2.21e-20	94.7
CDF91218.1	NC_001135.5	26.255	259	571	92	333	16808	16032	1.48e-18	89.0
CDF91219.1	NC_001144.5	41.810	232	614	352	566	535856	536521	8.12e-41	158
CDF91219.1	NC_001144.5	61.111	126	614	1	126	535214	535561	1.08e-37	149
CDF91220.1	NC_001144.5	52.593	405	387	1	378	537272	538417	7.52e-107	343
CDF91222.1	NC_001136.10	66.870	492	588	80	570	147328	145853	0.0	730
CDF91222.1	NC_001136.10	27.991	443	588	141	564	139822	141105	1.20e-45	172
CDF91222.1	NC_001137.3	27.912	455	588	144	564	16562	17836	7.29e-34	137
CDF91223.1	NC_001144.5	65.660	265	278	1	262	539589	538831	4.63e-84	273
CDF91224.1	NC_001136.10	34.810	158	181	6	147	148251	148688	7.00e-17	76.3
CDF91225.1	NC_001136.10	80.168	2148	2135	2	2135	155634	149206	0.0	3598
CDF91226.1	NC_001136.10	37.025	605	593	15	593	156348	157901	3.17e-112	368
CDF91227.1	NC_001144.5	65.116	172	175	1	172	540536	540024	2.16e-76	246
CDF91227.1	NC_001144.5	33.537	164	175	6	166	500258	499767	3.46e-22	91.3
CDF91227.1	NC_001136.10	29.114	158	175	6	160	832461	831988	3.55e-14	68.2
CDF91229.1	NC_001144.5	69.108	437	465	29	465	543241	541940	0.0	633
CDF91230.1	NC_001144.5	71.831	568	577	1	562	543968	545635	0.0	829
CDF91231.1	NC_001136.10	33.906	233	201	10	185	158735	158085	1.35e-24	99.4
CDF91232.1	NC_001144.5	89.262	447	515	1	446	546097	547437	0.0	837
CDF91232.1	NC_001147.6	42.615	413	515	4	411	898360	897167	2.08e-99	328
CDF91233.1	NC_001144.5	43.885	278	271	3	271	548677	547856	4.69e-72	238
CDF91234.1	NC_001144.5	72.381	105	108	1	105	549012	549326	1.59e-44	152
CDF91235.1	NC_001144.5	65.854	246	253	11	253	550251	549514	8.55e-103	326
CDF91236.1	NC_001136.10	80.902	377	382	2	378	159613	160743	0.0	648
CDF91236.1	NC_001136.10	27.665	394	382	1	378	9756	8698	2.11e-17	83.2
CDF91236.1	NC_001134.8	32.069	290	382	1	287	533762	534535	9.06e-27	111
CDF91236.1	NC_001147.6	28.378	370	382	3	366	160597	159593	2.69e-24	103
CDF91236.1	NC_001145.3	28.763	372	382	3	366	874340	873336	3.33e-23	100
CDF91236.1	NC_001145.3	30.112	269	382	2	267	434863	435585	1.82e-22	98.6
CDF91236.1	NC_001144.5	26.302	384	382	8	378	275202	274156	7.36e-22	96.7
CDF91237.1	NC_001136.10	66.752	391	564	1	374	163154	161985	1.86e-166	523
CDF91237.1	NC_001136.10	79.070	43	564	459	501	161444	161316	1.30e-16	82.4
CDF91238.1	NC_001136.10	73.626	182	196	1	182	164042	163497	6.05e-90	286
CDF91239.1	NC_001136.10	86.911	191	191	1	191	164290	164862	1.13e-114	357
CDF91240.1	NC_001144.5	77.612	402	421	20	420	551864	550659	0.0	650
CDF91241.1	NC_001144.5	58.528	299	307	4	302	553653	552760	2.97e-124	390
CDF91242.1	NC_001136.10	67.500	720	723	28	722	167155	164996	0.0	972
CDF91242.1	NC_001147.6	24.818	411	723	354	720	336602	335415	4.88e-21	97.8
CDF91243.1	NC_001136.10	64.800	250	551	1	250	167714	168442	1.64e-88	297
CDF91243.1	NC_001136.10	62.069	116	551	437	551	168728	169075	1.32e-38	150
CDF91243.1	NC_001144.5	63.235	272	551	1	246	554578	555378	1.31e-87	295
CDF91243.1	NC_001142.9	35.461	141	551	4	143	655915	655493	3.62e-20	94.0
CDF91244.1	NC_001136.10	39.744	78	77	6	77	169599	169369	3.57e-11	55.5
CDF91245.1	NC_001144.5	49.310	797	809	24	799	556860	559205	0.0	779
CDF91246.1	NC_001144.5	83.502	297	294	1	294	559551	560441	3.56e-172	526
CDF91246.1	NC_001139.9	27.273	341	294	1	279	313234	314229	3.20e-26	107
CDF91247.1	NC_001144.5	67.320	306	304	1	303	561720	560803	7.28e-141	437
CDF91248.1	NC_001136.10	83.603	494	513	5	483	171870	170416	0.0	824
CDF91248.1	NC_001136.10	39.744	390	513	30	414	486870	488021	1.86e-85	287
CDF91248.1	NC_001136.10	37.795	381	513	32	403	305426	306568	5.95e-70	242
CDF91248.1	NC_001136.10	30.591	389	513	20	372	949822	948659	1.03e-38	150
CDF91248.1	NC_001136.10	36.019	211	513	28	236	394619	395251	5.51e-35	139
CDF91248.1	NC_001136.10	25.971	412	513	1	371	847703	846507	3.53e-28	118
CDF91248.1	NC_001136.10	30.769	143	513	252	394	395474	395893	4.59e-16	80.5
CDF91248.1	NC_001142.9	42.120	368	513	32	397	154622	153522	1.08e-79	270
CDF91248.1	NC_001142.9	31.398	379	513	27	383	383948	385081	1.20e-53	194
CDF91248.1	NC_001143.9	42.120	368	513	32	397	555056	556156	1.18e-79	270
CDF91248.1	NC_001143.9	34.356	163	513	50	197	486883	486398	3.84e-14	74.3
CDF91248.1	NC_001147.6	35.770	383	513	29	394	415637	414513	1.94e-64	226
CDF91248.1	NC_001147.6	31.707	369	513	41	389	723367	724470	5.24e-47	174
CDF91248.1	NC_001144.5	34.659	352	513	31	371	132422	133477	3.43e-57	204
CDF91248.1	NC_001144.5	29.299	314	513	31	325	696779	695838	7.07e-28	117
CDF91250.1	NC_001136.10	66.327	98	106	1	98	174588	174295	3.48e-44	150
CDF91251.1	NC_001136.10	64.854	515	502	1	498	174918	176459	0.0	683
CDF91252.1	NC_001144.5	53.394	442	450	14	442	562065	563384	1.03e-150	473
CDF91252.1	NC_001136.10	53.097	452	450	1	449	176773	178053	1.19e-136	432
CDF91252.1	NC_001139.9	43.678	261	450	185	444	704245	705018	3.72e-65	226
CDF91252.1	NC_001139.9	41.048	229	450	168	391	706207	705527	6.47e-49	178
CDF91252.1	NC_001148.4	40.449	267	450	179	444	772304	773095	1.16e-61	216
CDF91252.1	NC_001148.4	42.326	215	450	183	391	774720	774076	8.93e-53	190
CDF91253.1	NC_001136.10	59.167	600	604	24	604	182958	181189	0.0	604
CDF91254.1	NC_001136.10	47.416	445	433	1	432	183343	184605	3.55e-117	375
CDF91255.1	NC_001136.10	55.084	1013	968	10	968	184955	187915	0.0	1046
CDF91256.1	NC_001136.10	57.195	820	795	1	795	190586	188157	0.0	883
CDF91257.1	NC_001136.10	78.378	444	444	1	443	190924	192255	0.0	705
CDF91258.1	NC_001144.5	40.000	220	212	7	209	564454	563801	6.60e-38	137
CDF91259.1	NC_001136.10	53.066	473	467	1	454	192750	194168	1.24e-152	479
CDF91260.1	NC_001144.5	58.511	470	470	1	467	566281	564875	0.0	567
CDF91260.1	NC_001138.5	29.890	455	470	4	453	56342	57652	4.32e-58	206
CDF91260.1	NC_001145.3	29.978	447	470	10	446	99260	97953	5.45e-43	161
CDF91260.1	NC_001145.3	29.148	446	470	10	446	23361	22054	1.49e-40	154
CDF91261.1	NC_001136.10	74.022	1201	1199	1	1199	198176	194574	0.0	1899
CDF91261.1	NC_001139.9	31.098	328	1199	7	328	250093	250983	5.15e-46	181
CDF91261.1	NC_001134.8	28.814	236	1199	52	286	616954	616343	1.77e-21	100
CDF91261.1	NC_001134.8	26.126	222	1199	18	238	616930	616355	1.59e-16	84.3
CDF91261.1	NC_001148.4	27.675	271	1199	52	321	267124	266411	1.87e-20	97.1
CDF91261.1	NC_001148.4	27.203	261	1199	2	241	267019	266243	1.27e-19	94.4
CDF91261.1	NC_001148.4	33.099	142	1199	25	166	267076	266651	1.50e-18	90.9
CDF91261.1	NC_001148.4	25.980	204	1199	52	236	893121	893723	4.02e-11	66.6
CDF91261.1	NC_001141.2	21.690	355	1199	17	323	269446	270387	1.55e-15	80.9
CDF91261.1	NC_001141.2	25.357	280	1199	26	243	269593	270402	3.11e-13	73.6
CDF91262.1	NC_001148.4	74.269	513	509	3	509	320764	319232	0.0	751
CDF91263.1	NC_001148.4	39.267	191	231	47	231	321525	320965	1.26e-32	123
CDF91264.1	NC_001147.6	66.201	716	716	1	715	727512	729638	0.0	986
CDF91265.1	NC_001147.6	47.619	546	547	7	547	727201	725567	4.81e-175	547
CDF91266.1	NC_001148.4	45.672	543	477	9	476	322071	323681	1.89e-130	416
CDF91267.1	NC_001137.3	59.346	765	880	28	789	299013	301226	0.0	926
CDF91267.1	NC_001141.2	57.627	767	880	24	789	240657	238432	0.0	914
CDF91268.1	NC_001148.4	69.036	633	609	1	609	326264	324414	0.0	836
CDF91268.1	NC_001147.6	70.695	604	609	1	594	722911	724674	0.0	805
CDF91268.1	NC_001147.6	32.292	384	609	139	502	415643	414576	1.38e-44	170
CDF91268.1	NC_001139.9	39.770	435	609	103	521	361649	360402	1.04e-78	271
CDF91268.1	NC_001139.9	32.134	417	609	127	529	182711	183910	7.37e-56	204
CDF91268.1	NC_001139.9	23.864	440	609	160	515	382800	381541	5.44e-16	80.9
CDF91268.1	NC_001146.8	43.881	335	609	128	458	413948	414910	1.90e-72	253
CDF91268.1	NC_001146.8	52.055	73	609	459	531	415913	416131	1.83e-17	85.5
CDF91268.1	NC_001146.8	26.054	261	609	272	498	696528	697310	4.42e-16	81.3
CDF91268.1	NC_001136.10	37.975	395	609	121	498	949819	948662	6.26e-70	245
CDF91268.1	NC_001136.10	31.116	421	609	112	528	486795	488000	1.19e-53	197
CDF91268.1	NC_001136.10	30.752	439	609	118	498	394559	395824	3.76e-51	189
CDF91268.1	NC_001136.10	31.536	371	609	157	521	305480	306538	2.49e-44	169
CDF91268.1	NC_001136.10	30.894	369	609	148	515	171762	170716	8.53e-43	164
CDF91268.1	NC_001136.10	31.646	395	609	144	509	847610	846474	3.24e-42	162
CDF91269.1	NC_001134.8	46.847	222	223	1	221	382030	382665	8.49e-58	195
CDF91270.1	NC_001148.4	50.162	309	356	8	305	326634	327521	1.81e-84	278
CDF91271.1	NC_001147.6	82.353	221	223	4	223	721952	722605	1.86e-121	378
CDF91272.1	NC_001147.6	57.368	380	396	26	396	721606	720476	1.05e-138	436
CDF91273.1	NC_001148.4	72.894	273	277	5	277	328685	327867	1.04e-141	438
CDF91274.1	NC_001147.6	64.301	465	454	3	454	720053	718659	1.90e-178	553
CDF91275.1	NC_001147.6	71.390	367	407	52	407	717290	718381	5.85e-163	506
CDF91276.1	NC_001148.4	68.776	711	683	3	683	329624	331696	0.0	962
CDF91277.1	NC_001147.6	82.353	340	377	30	369	716624	715605	0.0	607
CDF91277.1	NC_001139.9	51.948	77	377	32	108	531323	531550	4.88e-17	82.0
CDF91278.1	NC_001147.6	32.853	764	719	58	712	713133	715319	1.67e-89	306
CDF91279.1	NC_001147.6	52.759	290	239	1	239	712543	711686	6.24e-79	256
CDF91280.1	NC_001148.4	49.749	398	389	2	389	337107	335956	1.20e-135	426
CDF91280.1	NC_001139.9	25.956	366	389	34	378	154195	153212	1.10e-25	108
CDF91280.1	NC_001146.8	33.714	175	389	208	381	121690	121187	2.89e-23	100
CDF91281.1	NC_001148.4	39.818	329	320	31	319	338416	337448	4.93e-69	232
CDF91282.1	NC_001148.4	63.554	332	309	1	307	339944	340936	1.09e-133	417
CDF91284.1	NC_001148.4	51.274	1334	1318	1	1314	344739	341077	0.0	1300
CDF91285.1	NC_001148.4	62.087	575	649	17	588	347311	345602	0.0	738
CDF91285.1	NC_001148.4	70.492	61	649	589	649	345449	345267	1.23e-19	92.8
CDF91286.1	NC_001134.8	94.536	183	183	1	183	568426	567878	2.31e-115	358
CDF91286.1	NC_001136.10	56.425	179	183	1	179	116321	116854	1.37e-64	213
CDF91286.1	NC_001136.10	53.591	181	183	1	181	216529	217068	4.93e-63	208
CDF91286.1	NC_001147.6	49.714	175	183	1	174	502795	503316	8.57e-56	187
CDF91286.1	NC_001148.4	32.609	184	183	1	175	459963	460511	8.23e-30	113
CDF91286.1	NC_001148.4	33.529	170	183	12	174	138891	139394	2.78e-25	100
CDF91286.1	NC_001145.3	32.759	174	183	16	176	545194	545709	1.30e-20	87.0
CDF91287.1	NC_001142.9	44.226	407	402	2	395	352413	353603	2.06e-106	343
CDF91288.1	NC_001138.5	53.294	683	669	6	668	210985	212961	0.0	684
CDF91289.1	NC_001142.9	75.127	197	245	58	245	701098	701688	4.79e-100	317
CDF91290.1	NC_001142.9	67.513	748	761	23	761	700572	698329	0.0	1070
CDF91290.1	NC_001136.10	31.224	727	761	44	754	287182	289233	3.56e-90	310
CDF91290.1	NC_001136.10	29.302	645	761	44	669	290020	291876	2.30e-73	259
CDF91290.1	NC_001133.9	32.051	702	761	59	738	108338	106350	2.06e-88	304
CDF91290.1	NC_001147.6	30.114	704	761	59	738	916222	918210	5.39e-81	282
CDF91290.1	NC_001139.9	29.907	642	761	58	674	897715	899589	6.29e-70	249
CDF91291.1	NC_001142.9	59.942	342	341	1	341	697141	698166	9.59e-143	444
CDF91292.1	NC_001140.6	39.698	398	380	8	374	501113	499968	2.26e-79	264
CDF91293.1	NC_001142.9	36.735	343	347	7	343	695915	696934	1.16e-68	232
CDF91294.1	NC_001142.9	47.340	1673	1656	1	1654	695696	690753	0.0	1520
CDF91295.1	NC_001142.9	72.145	359	359	1	359	690524	689448	2.65e-159	493
CDF91296.1	NC_001142.9	55.869	1593	1528	7	1527	684567	689318	0.0	1771
CDF91297.1	NC_001140.6	79.237	236	281	1	234	499079	499786	2.06e-118	372
CDF91299.1	NC_001142.9	63.573	1444	1419	1	1418	683285	678963	0.0	1937
CDF91300.1	NC_001140.6	49.597	248	310	66	310	497061	496318	1.54e-75	250
CDF91300.1	NC_001140.6	39.228	311	310	10	309	498419	497496	4.56e-64	217
CDF91301.1	NC_001142.9	45.179	363	414	31	381	678631	677549	5.16e-100	325
CDF91302.1	NC_001142.9	82.143	84	87	1	84	676971	677222	4.14e-42	144
CDF91303.1	NC_001142.9	32.489	237	230	5	228	676775	676080	4.23e-35	130
CDF91304.1	NC_001140.6	42.674	778	771	1	767	493896	496160	0.0	608
CDF91305.1	NC_001142.9	31.799	717	692	4	677	675849	673777	3.38e-75	263
CDF91306.1	NC_001140.6	41.217	575	553	1	546	491931	493646	6.73e-119	385
CDF91307.1	NC_001142.9	58.230	1051	1021	1	1021	669522	672662	0.0	1221
CDF91307.1	NC_001136.10	26.738	935	1021	5	921	1263339	1265900	9.20e-75	270
CDF91308.1	NC_001140.6	29.179	329	282	1	282	490747	491709	2.61e-21	92.4
CDF91309.1	NC_001140.6	69.727	512	554	50	554	488864	490393	0.0	758
CDF91309.1	NC_001147.6	23.966	580	554	58	554	606886	608472	2.16e-33	135
CDF91310.1	NC_001140.6	64.943	174	172	1	172	488236	487715	5.06e-59	196
CDF91311.1	NC_001140.6	40.249	241	250	2	230	486847	487569	2.53e-52	181
CDF91312.1	NC_001140.6	48.889	135	127	1	127	486631	486233	7.83e-35	125
CDF91313.1	NC_001142.9	62.476	525	540	21	539	667713	669287	0.0	673
CDF91313.1	NC_001140.6	25.000	520	540	36	519	506424	507812	8.75e-26	111
CDF91314.1	NC_001142.9	66.565	655	628	1	625	667137	665230	0.0	864
CDF91314.1	NC_001145.3	55.373	670	628	2	628	101877	103808	0.0	727
CDF91314.1	NC_001144.5	51.240	363	628	267	627	24220	25275	1.16e-109	362
CDF91314.1	NC_001144.5	34.810	158	628	1	155	23569	24033	9.19e-24	105
CDF91315.1	NC_001145.3	58.621	58	59	1	58	104162	103989	1.00e-19	79.0
CDF91316.1	NC_001141.2	62.388	335	325	6	325	410834	411835	8.19e-135	421
CDF91318.1	NC_001144.5	48.428	159	192	4	157	169103	169579	2.58e-45	158
CDF91321.1	NC_001146.8	60.490	367	371	1	355	653387	654484	1.54e-145	454
CDF91321.1	NC_001144.5	30.493	223	371	9	231	929912	930523	2.38e-25	106
CDF91321.1	NC_001145.3	23.600	250	371	9	255	108899	109579	6.79e-15	75.1
CDF91322.1	NC_001146.8	80.063	2227	2229	1	2220	661374	654703	0.0	3734
CDF91322.1	NC_001145.3	54.910	2220	2229	21	2221	683717	677199	0.0	2511
CDF91322.1	NC_001134.8	30.693	505	2229	59	559	640305	638998	5.47e-58	222
CDF91322.1	NC_001134.8	31.520	533	2229	57	570	662189	660798	2.04e-57	220
CDF91322.1	NC_001139.9	31.758	529	2229	57	570	385253	386644	9.55e-51	198
CDF91324.1	NC_001146.8	63.877	227	213	1	213	662913	663575	2.44e-91	291
CDF91325.1	NC_001135.5	50.000	450	495	5	447	209595	208267	1.04e-140	446
CDF91325.1	NC_001137.3	36.788	386	495	60	423	41215	40190	4.90e-58	206
CDF91325.1	NC_001147.6	39.130	322	495	127	427	331971	332885	1.09e-55	200
CDF91326.1	NC_001146.8	67.713	223	223	1	221	664270	664938	4.78e-98	311
CDF91327.1	NC_001135.5	63.158	171	171	1	171	210423	209917	8.06e-65	213
CDF91328.1	NC_001135.5	79.104	268	270	1	263	211545	210742	3.90e-145	448
CDF91329.1	NC_001146.8	52.566	643	585	2	585	665348	667264	0.0	668
CDF91329.1	NC_001135.5	43.667	600	585	5	578	211947	213737	2.60e-161	509
CDF91330.1	NC_001146.8	70.996	231	246	21	246	668096	667413	4.26e-113	355
CDF91331.1	NC_001135.5	49.772	219	209	2	209	214080	214736	3.14e-63	210
CDF91332.1	NC_001146.8	50.990	404	405	2	405	668383	669585	9.84e-131	413
CDF91333.1	NC_001146.8	43.709	151	132	1	132	670193	669777	4.93e-33	120
CDF91334.1	NC_001146.8	42.188	576	522	1	522	670430	672115	1.26e-122	395
CDF91334.1	NC_001135.5	33.019	530	522	40	522	215003	216442	2.23e-77	264
CDF91335.1	NC_001135.5	80.739	514	513	1	513	216697	218238	0.0	852
CDF91336.1	NC_001135.5	36.557	517	524	26	524	219980	218430	8.58e-105	343
CDF91337.1	NC_001135.5	73.420	918	912	1	910	223228	220475	0.0	1413
CDF91337.1	NC_001135.5	22.346	358	912	144	454	241803	240811	3.68e-15	79.3
CDF91337.1	NC_001135.5	22.712	295	912	338	600	241932	241063	5.65e-12	68.9
CDF91337.1	NC_001148.4	27.444	266	912	338	600	267127	266405	6.66e-17	85.1
CDF91337.1	NC_001148.4	24.082	245	912	244	486	267139	266432	1.45e-14	77.4
CDF91337.1	NC_001148.4	24.096	249	912	257	496	892989	893726	1.29e-13	74.3
CDF91337.1	NC_001134.8	29.375	160	912	338	497	616957	616484	1.16e-16	84.0
CDF91337.1	NC_001134.8	26.923	182	912	339	508	582567	583106	9.68e-14	74.7
CDF91337.1	NC_001134.8	25.110	227	912	144	369	616957	616355	6.98e-13	71.6
CDF91337.1	NC_001134.8	23.188	276	912	343	601	617119	616355	3.06e-12	69.7
CDF91337.1	NC_001134.8	25.101	247	912	346	539	448384	449121	6.82e-12	68.6
CDF91337.1	NC_001134.8	24.378	201	912	258	456	616942	616352	1.81e-11	67.0
CDF91337.1	NC_001139.9	25.806	248	912	253	496	250099	250836	1.08e-15	80.9
CDF91337.1	NC_001144.5	26.875	160	912	336	495	580313	579840	3.71e-13	72.8
CDF91337.1	NC_001144.5	25.431	232	912	337	549	580619	579930	2.30e-12	70.1
CDF91339.1	NC_001135.5	42.692	260	244	3	242	224203	223460	2.04e-62	209
CDF91339.1	NC_001136.10	27.848	158	244	118	239	141688	141224	7.47e-12	63.5
CDF91340.1	NC_001135.5	53.769	597	714	163	712	225680	227452	0.0	590
CDF91341.1	NC_001135.5	64.384	146	144	5	144	228351	228788	8.12e-65	211
CDF91342.1	NC_001135.5	44.146	521	511	31	484	229412	230950	1.27e-115	374
CDF91342.1	NC_001146.8	46.939	98	511	106	200	497272	496979	5.28e-20	92.8
CDF91342.1	NC_001141.2	41.837	98	511	106	200	101329	101036	2.15e-16	81.6
CDF91342.1	NC_001148.4	46.154	78	511	102	178	735065	734838	1.06e-11	66.2
CDF91343.1	NC_001135.5	50.120	415	412	1	388	231500	232717	3.76e-117	374
CDF91344.1	NC_001146.8	60.048	413	1073	1	405	674689	673451	2.98e-144	478
CDF91344.1	NC_001135.5	48.303	383	1073	5	387	236310	235171	1.40e-117	400
CDF91345.1	NC_001146.8	52.614	306	311	8	297	674914	675831	2.57e-96	310
CDF91345.1	NC_001137.3	37.584	298	311	16	294	97787	96909	2.98e-50	177
CDF91346.1	NC_001135.5	60.338	474	508	54	508	237364	238773	0.0	602
CDF91348.1	NC_001135.5	38.710	279	316	29	305	239133	239969	1.55e-63	216
CDF91348.1	NC_001146.8	33.438	317	316	8	315	676186	677094	3.38e-45	163
CDF91348.1	NC_001140.6	39.881	168	316	57	222	218729	218265	5.89e-26	107
CDF91348.1	NC_001136.10	37.143	175	316	44	216	1072473	1072006	1.96e-24	102
CDF91348.1	NC_001136.10	37.634	186	316	44	227	769027	768530	2.04e-24	102
CDF91348.1	NC_001145.3	39.053	169	316	57	220	111074	111523	2.79e-20	90.5
CDF91349.1	NC_001146.8	61.574	432	415	1	413	678488	677205	1.28e-166	517
CDF91350.1	NC_001146.8	49.911	561	564	1	559	678799	680445	0.0	593
CDF91351.1	NC_001135.5	53.435	131	148	19	148	240462	240106	1.84e-42	148
CDF91352.1	NC_001135.5	77.670	515	515	1	515	242352	240808	0.0	868
CDF91352.1	NC_001135.5	28.912	294	515	188	474	261120	260329	4.75e-19	90.1
CDF91352.1	NC_001135.5	27.076	277	515	231	492	261120	260419	1.37e-16	82.0
CDF91352.1	NC_001135.5	25.606	371	515	191	514	222928	221852	5.71e-16	80.1
CDF91352.1	NC_001135.5	24.483	290	515	159	429	261081	260338	1.41e-15	79.0
CDF91352.1	NC_001135.5	22.785	395	515	146	513	222442	221417	1.03e-14	76.3
CDF91352.1	NC_001135.5	33.636	110	515	405	513	261117	260791	1.19e-12	69.3
CDF91352.1	NC_001135.5	27.333	150	515	372	514	261087	260641	4.44e-12	67.8
CDF91352.1	NC_001135.5	28.125	224	515	139	342	261012	260386	6.05e-12	67.4
CDF91352.1	NC_001135.5	24.691	243	515	291	513	261084	260482	2.39e-11	65.5
CDF91352.1	NC_001141.2	29.825	342	515	124	442	269485	270420	2.46e-24	106
CDF91352.1	NC_001134.8	27.211	294	515	240	513	617119	616361	8.00e-21	95.5
CDF91352.1	NC_001134.8	33.333	168	515	141	306	616831	616355	7.09e-20	92.4
CDF91352.1	NC_001134.8	25.670	261	515	172	430	616993	616358	3.10e-17	84.3
CDF91352.1	NC_001138.5	26.587	252	515	225	475	117273	117947	9.92e-19	89.0
CDF91352.1	NC_001138.5	25.250	400	515	139	494	117273	118307	1.19e-15	79.0
CDF91352.1	NC_001139.9	29.032	186	515	127	305	250297	250836	1.08e-16	82.4
CDF91352.1	NC_001139.9	22.984	248	515	248	482	250141	250866	1.54e-12	69.3
CDF91352.1	NC_001139.9	31.429	140	515	139	275	250474	250869	2.92e-11	65.1
CDF91353.1	NC_001146.8	55.852	1649	1602	1	1583	685433	680733	0.0	1781
CDF91353.1	NC_001146.8	28.053	303	1602	1293	1569	70571	71374	1.56e-23	107
CDF91353.1	NC_001146.8	28.269	283	1602	1286	1562	710008	710805	5.85e-23	105
CDF91353.1	NC_001146.8	25.392	319	1602	1292	1574	333668	334612	2.97e-20	97.1
CDF91353.1	NC_001146.8	28.679	265	1602	1267	1513	57537	56863	2.26e-16	84.3
CDF91353.1	NC_001146.8	26.484	219	1602	1299	1516	294159	293587	3.47e-16	83.6
CDF91353.1	NC_001146.8	23.411	299	1602	1291	1569	597461	596661	1.16e-12	72.0
CDF91353.1	NC_001135.5	54.512	1363	1602	262	1602	246409	242567	0.0	1466
CDF91353.1	NC_001135.5	27.795	331	1602	1255	1578	275298	276221	1.43e-25	114
CDF91353.1	NC_001135.5	27.517	298	1602	1286	1574	79222	80016	1.18e-24	111
CDF91353.1	NC_001135.5	27.273	242	1602	1292	1522	129433	130074	4.71e-18	89.7
CDF91353.1	NC_001142.9	34.915	295	1602	1286	1573	250777	251571	7.83e-46	181
CDF91353.1	NC_001142.9	30.667	300	1602	1292	1578	179008	178223	5.18e-26	116
CDF91353.1	NC_001142.9	30.667	225	1602	1292	1516	110883	110314	8.62e-24	108
CDF91353.1	NC_001142.9	24.555	281	1602	1251	1512	149415	148693	5.31e-13	73.2
CDF91353.1	NC_001144.5	29.942	344	1602	1272	1574	851069	852001	3.53e-42	169
CDF91353.1	NC_001144.5	24.085	328	1602	1277	1573	371659	372522	4.79e-17	86.7
CDF91353.1	NC_001144.5	22.857	315	1602	1286	1574	332884	333720	1.36e-15	81.6
CDF91353.1	NC_001140.6	32.886	298	1602	1283	1579	96089	95310	1.93e-36	150
CDF91353.1	NC_001140.6	31.000	300	1602	1274	1569	316602	317384	1.61e-28	124
CDF91353.1	NC_001140.6	27.797	295	1602	1291	1577	510611	511384	3.27e-19	93.6
CDF91353.1	NC_001140.6	25.483	259	1602	1265	1513	170341	169655	1.31e-14	78.6
CDF91354.1	NC_001146.8	79.045	377	413	47	413	686004	687113	0.0	620
CDF91354.1	NC_001136.10	47.965	344	413	31	374	597105	598076	4.62e-104	337
CDF91354.1	NC_001136.10	53.310	287	413	50	336	124770	123961	1.09e-102	333
CDF91354.1	NC_001136.10	53.659	287	413	50	336	220567	219758	1.14e-102	333
CDF91354.1	NC_001136.10	49.118	340	413	52	389	369789	370724	5.67e-101	328
CDF91354.1	NC_001136.10	34.535	333	413	9	336	1335904	1336845	3.23e-62	216
CDF91354.1	NC_001148.4	36.478	318	413	37	338	208826	209728	1.10e-64	223
CDF91354.1	NC_001145.3	35.974	303	413	39	336	240474	239617	1.35e-62	217
CDF91354.1	NC_001145.3	36.879	282	413	76	335	160543	161382	1.97e-51	184
CDF91354.1	NC_001137.3	43.750	240	413	97	336	433203	433871	1.51e-60	211
CDF91355.1	NC_001146.8	76.712	73	73	1	73	687464	687246	1.50e-32	115
CDF91356.1	NC_001146.8	56.959	776	739	7	738	687668	689992	0.0	823
CDF91356.1	NC_001137.3	27.027	296	739	444	731	338564	339406	7.41e-24	107
CDF91356.1	NC_001143.9	31.481	216	739	1	212	38153	37551	1.50e-20	96.3
CDF91357.1	NC_001135.5	54.475	257	267	5	261	248812	248060	2.92e-89	288
CDF91358.1	NC_001135.5	38.095	63	84	16	78	249005	249193	7.38e-12	57.8
CDF91358.1	NC_001146.8	35.366	82	84	1	78	692561	692806	2.02e-11	56.6
CDF91360.1	NC_001135.5	62.158	621	872	288	872	251989	250241	0.0	719
CDF91360.1	NC_001135.5	49.593	123	872	1	117	252628	252299	4.85e-23	104
CDF91361.1	NC_001146.8	64.327	342	328	1	328	694047	693022	2.54e-145	451
CDF91363.1	NC_001147.6	28.571	427	442	33	437	58858	60021	2.04e-41	156
CDF91363.1	NC_001144.5	28.878	419	442	32	432	1012579	1013757	1.92e-38	147
CDF91363.1	NC_001146.8	22.042	431	442	47	436	734453	735709	8.45e-21	94.4
CDF91364.1	NC_001139.9	77.597	308	308	1	308	610564	611487	2.19e-169	520
CDF91364.1	NC_001136.10	23.755	261	308	52	283	1056686	1057444	3.16e-11	62.8
CDF91365.1	NC_001136.10	90.582	361	361	1	361	356759	355677	0.0	670
CDF91366.1	NC_001136.10	55.582	833	800	3	797	352880	355306	0.0	879
CDF91366.1	NC_001137.3	45.614	114	800	9	118	385759	385421	1.07e-23	106
CDF91366.1	NC_001137.3	28.649	185	800	352	530	384367	383825	9.24e-17	84.0
CDF91366.1	NC_001144.5	26.108	203	800	356	524	518849	519457	4.33e-16	82.0
CDF91367.1	NC_001136.10	43.769	329	629	9	331	351437	352408	1.62e-83	286
CDF91368.1	NC_001144.5	48.649	407	417	14	417	878300	879505	1.82e-123	393
CDF91368.1	NC_001145.3	33.613	238	417	114	327	425298	425957	2.74e-18	86.3
CDF91368.1	NC_001143.9	29.075	227	417	114	324	270509	269841	2.09e-17	83.6
CDF91368.1	NC_001146.8	24.554	224	417	122	330	216775	216152	5.16e-12	66.6
CDF91369.1	NC_001144.5	33.061	735	702	3	699	879735	881906	6.09e-122	400
CDF91370.1	NC_001144.5	58.998	878	891	22	884	884697	882076	0.0	1068
CDF91370.1	NC_001139.9	23.558	416	891	34	426	672672	673679	1.23e-16	84.0
CDF91371.1	NC_001144.5	60.877	1117	1110	1	1106	885288	888626	0.0	1376
CDF91371.1	NC_001147.6	27.068	266	1110	67	322	260022	260786	1.38e-11	67.8
CDF91372.1	NC_001136.10	42.019	1961	1916	1	1891	345665	350977	0.0	1254
CDF91373.1	NC_001136.10	56.633	196	195	3	188	344929	344342	5.83e-72	234
CDF91374.1	NC_001144.5	69.484	1337	1337	1	1337	892849	888854	0.0	1977
CDF91375.1	NC_001144.5	47.287	129	127	1	126	893390	893004	6.53e-28	105
CDF91376.1	NC_001144.5	67.072	905	878	1	874	893628	896267	0.0	1181
CDF91377.1	NC_001144.5	52.535	434	416	7	416	897672	896377	2.02e-141	444
CDF91377.1	NC_001134.8	33.871	248	416	176	416	740315	741019	2.72e-40	152
CDF91378.1	NC_001136.10	63.488	797	803	1	791	341619	343973	0.0	1018
CDF91379.1	NC_001136.10	94.643	56	56	1	56	340798	340631	3.97e-33	116
CDF91379.1	NC_001144.5	89.286	56	56	1	56	898651	898818	4.89e-31	110
CDF91380.1	NC_001144.5	67.322	967	985	17	983	902510	899610	0.0	1404
CDF91380.1	NC_001148.4	27.792	403	985	24	372	782063	783271	2.69e-41	164
CDF91381.1	NC_001144.5	54.902	51	94	3	53	903162	903314	9.34e-16	69.3
CDF91382.1	NC_001136.10	52.335	621	591	1	591	340134	338284	0.0	595
CDF91383.1	NC_001136.10	37.838	296	322	53	322	337115	336252	1.96e-43	158
CDF91384.1	NC_001144.5	59.551	89	274	1	88	903724	903990	2.22e-28	112
CDF91385.1	NC_001144.5	45.802	524	488	1	488	906305	904758	1.23e-146	462
CDF91386.1	NC_001144.5	43.704	270	280	10	272	907103	907909	1.20e-68	229
CDF91387.1	NC_001136.10	82.394	426	422	1	422	334841	336118	0.0	733
CDF91387.1	NC_001144.5	71.220	410	422	12	420	504588	505817	0.0	621
CDF91387.1	NC_001146.8	71.782	404	422	13	415	614821	616032	0.0	603
CDF91388.1	NC_001144.5	50.000	76	73	1	71	909965	909738	4.15e-20	80.5
CDF91389.1	NC_001136.10	63.793	58	60	3	60	334393	334220	2.36e-23	89.4
CDF91390.1	NC_001144.5	44.783	690	671	1	659	912310	910244	0.0	587
CDF91390.1	NC_001139.9	26.238	202	671	265	454	329929	329348	5.44e-11	64.7
CDF91391.1	NC_001144.5	71.144	752	775	27	770	914814	912568	0.0	1090
CDF91391.1	NC_001144.5	37.633	566	775	232	731	72552	70879	6.21e-113	377
CDF91391.1	NC_001144.5	36.735	294	775	224	494	71601	70726	4.44e-48	184
CDF91391.1	NC_001136.10	47.665	514	775	235	739	238034	236514	5.87e-148	479
CDF91391.1	NC_001136.10	40.574	244	775	503	746	238043	237321	1.87e-50	191
CDF91391.1	NC_001136.10	40.517	232	775	234	463	237218	236535	2.69e-50	190
CDF91391.1	NC_001136.10	38.328	287	775	459	731	1262026	1262865	2.69e-48	184
CDF91391.1	NC_001136.10	41.379	232	775	504	733	438575	439264	2.60e-46	178
CDF91391.1	NC_001136.10	41.250	240	775	230	464	1262170	1262871	1.36e-45	176
CDF91391.1	NC_001136.10	37.657	239	775	228	463	438560	439261	1.16e-43	170
CDF91391.1	NC_001136.10	29.032	186	775	225	405	1225882	1225376	1.47e-12	70.5
CDF91391.1	NC_001136.10	29.605	152	775	529	676	1225801	1225376	2.82e-12	69.3
CDF91391.1	NC_001139.9	46.182	275	775	234	497	1028594	1029406	9.53e-66	237
CDF91391.1	NC_001139.9	41.577	279	775	459	733	410968	410171	7.03e-54	201
CDF91391.1	NC_001139.9	40.598	234	775	233	463	410860	410174	3.52e-48	184
CDF91391.1	NC_001139.9	40.625	256	775	506	755	1028597	1029346	1.60e-47	182
CDF91391.1	NC_001139.9	36.090	266	775	234	493	542461	543216	4.70e-38	152
CDF91391.1	NC_001139.9	38.034	234	775	506	733	542464	543138	1.35e-33	138
CDF91391.1	NC_001146.8	31.781	494	775	268	731	21223	19769	1.12e-58	216
CDF91391.1	NC_001146.8	37.449	243	775	233	465	20455	19760	1.64e-43	169
CDF91391.1	NC_001143.9	30.675	489	775	274	738	72500	71070	1.37e-57	213
CDF91391.1	NC_001143.9	40.598	234	775	233	463	174822	175508	3.08e-47	181
CDF91391.1	NC_001143.9	36.803	269	775	491	755	174783	175583	9.78e-47	179
CDF91391.1	NC_001143.9	36.863	255	775	218	467	71837	71076	6.67e-43	167
CDF91393.1	NC_001144.5	67.005	1282	1250	5	1250	918992	915159	0.0	1747
CDF91393.1	NC_001142.9	44.802	529	1250	296	822	342942	344441	3.18e-134	454
CDF91393.1	NC_001142.9	38.043	184	1250	1067	1250	345201	345740	1.29e-30	130
CDF91393.1	NC_001137.3	34.356	163	1250	591	740	533801	533352	1.44e-16	84.3
CDF91393.1	NC_001137.3	28.708	209	1250	303	487	531995	531378	5.13e-14	76.3
CDF91393.1	NC_001139.9	28.112	249	1250	276	487	1035067	1035807	4.96e-15	79.3
CDF91393.1	NC_001139.9	30.769	156	1250	589	740	1035901	1036350	2.67e-14	77.0
CDF91393.1	NC_001139.9	28.000	200	1250	304	483	31073	30477	2.39e-13	73.9
CDF91393.1	NC_001139.9	27.650	217	1250	301	484	1032637	1033284	1.56e-11	67.8
CDF91393.1	NC_001139.9	28.652	178	1250	601	775	30389	29871	2.06e-11	67.4
CDF91394.1	NC_001144.5	72.059	544	679	119	660	921179	919590	0.0	806
CDF91394.1	NC_001136.10	45.648	471	679	131	578	331432	332763	1.66e-120	395
CDF91394.1	NC_001139.9	43.529	85	679	321	405	997916	998164	6.30e-14	74.3
CDF91395.1	NC_001136.10	50.490	204	181	1	181	330447	329842	2.23e-58	195
CDF91396.1	NC_001144.5	65.697	653	648	20	648	924400	922460	0.0	861
CDF91396.1	NC_001144.5	26.531	245	648	286	529	929912	930583	1.96e-15	79.3
CDF91397.1	NC_001144.5	79.688	128	678	553	678	927233	927616	5.80e-64	229
CDF91398.1	NC_001144.5	37.943	282	274	1	264	928743	929570	8.77e-41	149
CDF91399.1	NC_001136.10	36.551	1067	1049	12	1046	326694	329558	0.0	630
CDF91400.1	NC_001136.10	52.286	700	658	1	658	326149	324050	0.0	690
CDF91401.1	NC_001144.5	71.091	339	347	8	346	929825	930841	8.86e-174	534
CDF91401.1	NC_001144.5	26.877	253	347	37	260	923563	922817	8.17e-13	68.6
CDF91401.1	NC_001145.3	29.658	263	347	6	261	108800	109579	2.67e-32	126
CDF91401.1	NC_001146.8	22.260	292	347	37	288	653411	654277	3.52e-15	75.5
CDF91402.1	NC_001136.10	87.097	93	98	5	97	322704	322982	5.74e-51	169
CDF91402.1	NC_001144.5	86.022	93	98	5	97	931349	931071	2.87e-50	167
CDF91403.1	NC_001136.10	42.804	271	264	5	244	321537	320728	4.24e-63	212
CDF91404.1	NC_001144.5	37.156	218	198	2	195	932982	933635	7.48e-37	134
CDF91405.1	NC_001144.5	48.077	104	111	1	103	934208	933897	9.48e-26	98.6
CDF91406.1	NC_001136.10	43.607	1048	1037	1	1029	320120	316995	0.0	872
CDF91407.1	NC_001144.5	68.917	933	938	7	937	937218	934420	0.0	1394
CDF91408.1	NC_001144.5	76.051	1094	1127	22	1105	937622	940879	0.0	1657
CDF91409.1	NC_001144.5	51.020	245	239	2	239	947265	947975	4.97e-77	251
CDF91410.1	NC_001143.9	81.206	431	431	1	431	107316	108596	0.0	722
CDF91410.1	NC_001134.8	52.500	200	431	5	202	92456	93052	2.92e-64	223
CDF91410.1	NC_001134.8	43.750	112	431	314	425	93059	93376	1.29e-19	90.5
CDF91410.1	NC_001137.3	52.000	200	431	5	202	359043	358447	2.94e-64	223
CDF91410.1	NC_001137.3	39.024	123	431	303	425	358473	358123	9.31e-17	81.6
CDF91410.1	NC_001140.6	47.739	199	431	5	202	81598	81005	2.11e-58	206
CDF91410.1	NC_001140.6	45.536	112	431	314	425	80998	80672	3.66e-21	95.5
CDF91410.1	NC_001147.6	53.608	97	431	1	97	212250	212540	2.21e-25	108
CDF91410.1	NC_001147.6	55.172	87	431	111	197	212916	213176	2.72e-25	107
CDF91410.1	NC_001147.6	44.643	112	431	316	426	213393	213722	1.08e-19	90.9
CDF91411.1	NC_001144.5	37.716	289	294	17	294	948428	949186	1.67e-56	194
CDF91412.1	NC_001143.9	74.585	2050	2056	8	2055	100683	106817	0.0	3241
CDF91413.1	NC_001143.9	41.869	289	267	8	266	98742	99590	2.71e-59	201
CDF91414.1	NC_001143.9	75.795	409	444	36	440	96919	98145	0.0	662
CDF91415.1	NC_001143.9	40.333	600	549	22	507	94523	96256	1.69e-90	303
CDF91416.1	NC_001143.9	58.480	171	192	23	191	93259	92747	2.46e-69	227
CDF91417.1	NC_001144.5	50.000	266	260	1	260	954144	953356	5.25e-77	252
CDF91418.1	NC_001143.9	57.824	818	809	1	785	88786	86345	0.0	942
CDF91418.1	NC_001148.4	27.890	692	809	115	733	273867	275825	2.69e-69	249
CDF91419.1	NC_001144.5	57.394	568	545	1	540	955010	956698	0.0	617
CDF91420.1	NC_001143.9	76.111	360	382	1	359	84704	85783	0.0	574
CDF91421.1	NC_001144.5	57.360	394	388	1	388	958095	956917	7.92e-153	476
CDF91422.1	NC_001144.5	60.198	1417	1425	1	1402	958428	962657	0.0	1718
CDF91422.1	NC_001139.9	31.091	669	1425	563	1213	283778	281952	3.39e-77	283
CDF91422.1	NC_001137.3	31.525	590	1425	598	1176	180278	181867	6.56e-75	275
CDF91422.1	NC_001146.8	31.570	605	1425	593	1183	646308	644671	8.87e-69	255
CDF91422.1	NC_001143.9	30.655	672	1425	587	1227	289043	290860	1.37e-65	245
CDF91422.1	NC_001143.9	28.391	634	1425	598	1214	600895	602610	4.24e-65	244
CDF91423.1	NC_001141.2	46.538	520	522	1	517	37445	38977	1.12e-159	502
CDF91424.1	NC_001142.9	69.316	541	540	2	540	719672	721294	0.0	805
CDF91424.1	NC_001144.5	30.853	551	540	14	538	159520	157943	9.44e-66	231
CDF91424.1	NC_001144.5	27.063	521	540	53	540	30187	31701	1.72e-37	147
CDF91424.1	NC_001139.9	21.469	531	540	15	538	1012554	1014080	6.53e-30	124
CDF91424.1	NC_001141.2	23.858	394	540	14	383	32554	31397	2.92e-18	87.8
CDF91424.1	NC_001133.9	23.792	269	540	68	329	8647	7850	1.45e-14	75.9
CDF91425.1	NC_001143.9	91.083	157	175	19	175	83077	83547	2.39e-90	286
CDF91425.1	NC_001136.10	33.908	174	175	1	157	1222759	1223268	2.22e-20	86.3
CDF91426.1	NC_001143.9	56.238	537	537	11	536	81041	82627	0.0	573
CDF91426.1	NC_001141.2	22.380	353	537	70	413	172021	172980	4.36e-18	87.0
CDF91427.1	NC_001144.5	71.154	364	372	8	370	963779	964870	0.0	579
CDF91428.1	NC_001144.5	68.504	127	137	1	127	965554	965174	4.00e-58	192
CDF91430.1	NC_001144.5	43.514	1827	1893	10	1813	965921	971350	0.0	1521
CDF91431.1	NC_001143.9	57.480	127	124	1	124	80537	80163	8.46e-38	133
CDF91432.1	NC_001143.9	73.333	330	342	13	342	79846	78869	5.81e-143	445
CDF91432.1	NC_001142.9	29.958	237	342	87	313	427845	428525	7.33e-12	65.5
CDF91433.1	NC_001145.3	52.991	351	375	24	372	777034	775994	1.56e-120	382
CDF91433.1	NC_001148.4	50.423	355	375	28	375	44338	43289	7.35e-111	355
CDF91434.1	NC_001143.9	65.991	444	454	16	454	78592	77261	0.0	625
CDF91434.1	NC_001141.2	44.903	412	454	22	429	213447	214595	6.68e-116	373
CDF91435.1	NC_001144.5	46.081	421	421	1	418	973170	971929	2.30e-120	384
CDF91436.1	NC_001144.5	37.368	661	653	32	651	973557	975512	8.72e-130	421
CDF91437.1	NC_001143.9	35.509	383	387	1	354	75821	76960	1.03e-50	181
CDF91438.1	NC_001143.9	79.000	200	200	1	200	75534	74935	9.17e-113	352
CDF91439.1	NC_001145.3	58.586	594	608	7	591	167302	165545	0.0	703
CDF91440.1	NC_001144.5	54.132	1319	1309	14	1301	982942	986793	0.0	1367
CDF91441.1	NC_001144.5	47.119	295	322	31	322	987226	988110	1.39e-78	259
CDF91441.1	NC_001136.10	34.221	263	322	68	316	255712	256479	1.08e-27	112
CDF91442.1	NC_001145.3	50.857	175	170	3	170	164802	165323	8.77e-52	176
CDF91443.1	NC_001144.5	47.720	658	614	1	614	988482	990434	0.0	585
CDF91444.1	NC_001144.5	56.912	680	670	1	664	990777	992723	0.0	763
CDF91445.1	NC_001144.5	60.129	2177	2151	12	2111	993536	999958	0.0	2616
CDF91445.1	NC_001145.3	31.767	532	2151	1298	1817	428406	427126	9.56e-56	214
CDF91445.1	NC_001143.9	30.019	533	2151	1299	1794	406620	405295	8.34e-41	165
CDF91445.1	NC_001137.3	32.479	351	2151	1509	1814	544033	545022	4.12e-31	133
CDF91445.1	NC_001140.6	30.744	309	2151	1526	1798	425707	424844	6.81e-23	106
CDF91446.1	NC_001144.5	34.382	445	435	1	411	1001703	1000381	1.36e-70	241
CDF91447.1	NC_001140.6	76.538	520	521	2	521	554405	555964	0.0	850
CDF91447.1	NC_001144.5	78.846	520	521	2	521	1002566	1004125	0.0	848
CDF91447.1	NC_001145.3	79.200	375	521	147	521	163321	162197	0.0	627
CDF91447.1	NC_001145.3	73.469	147	521	4	150	164158	163718	1.91e-66	232
CDF91447.1	NC_001133.9	73.171	369	521	2	370	227751	228857	0.0	579
CDF91447.1	NC_001133.9	81.046	153	521	370	521	228856	229314	0.0	255
CDF91448.1	NC_001145.3	65.041	615	582	4	580	160174	161967	0.0	820
CDF91448.1	NC_001145.3	38.267	277	582	99	375	240384	239602	2.39e-59	213
CDF91448.1	NC_001144.5	69.358	545	582	41	581	1005930	1004359	0.0	795
CDF91448.1	NC_001136.10	38.488	291	582	91	380	220549	219734	6.39e-59	212
CDF91448.1	NC_001136.10	38.488	291	582	91	380	124752	123937	9.39e-59	211
CDF91448.1	NC_001136.10	38.267	277	582	99	375	1336078	1336860	6.29e-58	209
CDF91448.1	NC_001136.10	35.693	339	582	54	387	369735	370652	1.57e-57	207
CDF91448.1	NC_001136.10	38.163	283	582	95	374	597189	597983	9.96e-55	199
CDF91448.1	NC_001146.8	39.649	285	582	98	372	686034	686867	2.61e-57	207
CDF91448.1	NC_001148.4	37.736	265	582	111	375	208991	209737	4.05e-57	206
CDF91449.1	NC_001144.5	58.128	203	200	3	200	1006393	1006986	1.50e-67	222
CDF91450.1	NC_001144.5	29.107	347	1219	24	354	1011032	1010064	3.24e-19	93.2
CDF91451.1	NC_001144.5	50.000	82	124	22	94	1011927	1011682	1.97e-14	67.0
CDF91452.1	NC_001144.5	73.031	419	428	2	417	1012513	1013763	0.0	625
CDF91452.1	NC_001147.6	29.426	418	428	12	417	58816	60012	1.39e-47	174
CDF91452.1	NC_001146.8	25.054	467	428	6	417	734324	735703	2.19e-27	114
CDF91452.1	NC_001139.9	25.290	431	428	27	420	525373	526641	1.98e-25	108
CDF91453.1	NC_001145.3	56.639	1702	1637	21	1637	158183	153222	0.0	1777
CDF91454.1	NC_001144.5	71.084	83	85	3	85	1014178	1013930	4.17e-37	129
CDF91456.1	NC_001144.5	48.837	301	315	15	308	1014533	1015423	8.78e-93	300
CDF91457.1	NC_001145.3	55.402	361	372	3	362	151880	152962	1.82e-131	414
CDF91458.1	NC_001145.3	66.396	616	874	187	792	151052	149205	0.0	843
CDF91458.1	NC_001140.6	41.495	535	874	252	782	172286	170808	2.82e-110	372
CDF91459.1	NC_001144.5	33.241	719	687	1	669	1017697	1015607	6.92e-102	341
CDF91460.1	NC_001145.3	49.206	252	305	1	246	148683	147937	9.51e-73	242
CDF91461.1	NC_001144.5	87.843	255	254	1	254	1018908	1018144	3.24e-152	468
CDF91461.1	NC_001145.3	87.843	255	254	1	254	146482	147246	3.91e-146	450
CDF91462.1	NC_001145.3	80.882	204	221	17	220	145834	145223	1.03e-116	364
CDF91462.1	NC_001145.3	27.841	176	221	13	181	267174	267683	5.79e-14	68.9
CDF91462.1	NC_001147.6	27.746	173	221	10	180	490837	490337	3.81e-18	81.3
CDF91462.1	NC_001138.5	27.976	168	221	23	189	130394	130876	3.11e-17	78.6
CDF91462.1	NC_001138.5	25.843	178	221	27	199	55950	55447	3.25e-14	69.7
CDF91462.1	NC_001144.5	26.108	203	221	7	204	668909	668340	5.36e-15	72.0
CDF91462.1	NC_001144.5	27.647	170	221	27	184	604766	604269	5.89e-12	63.2
CDF91462.1	NC_001146.8	25.749	167	221	23	187	449904	450404	3.48e-14	69.7
CDF91463.1	NC_001145.3	59.452	693	997	372	997	142891	144951	0.0	807
CDF91463.1	NC_001145.3	51.869	214	997	1	212	142210	142851	2.19e-64	237
CDF91463.1	NC_001144.5	31.676	1026	997	1	997	1022251	1019327	1.60e-130	436
CDF91464.1	NC_001144.5	47.357	454	412	1	412	1022625	1023968	5.20e-125	397
CDF91465.1	NC_001145.3	46.814	361	358	1	351	141533	140451	1.31e-103	333
CDF91466.1	NC_001145.3	57.143	385	354	1	349	140214	139066	1.35e-139	436
CDF91467.1	NC_001144.5	54.717	53	168	114	166	1024667	1024825	9.70e-19	56.2
CDF91467.1	NC_001144.5	34.783	92	168	25	107	1024294	1024566	9.70e-19	52.4
CDF91468.1	NC_001145.3	45.788	463	460	5	460	137559	138941	6.29e-144	454
CDF91469.1	NC_001145.3	80.961	562	556	1	556	135500	137155	0.0	935
CDF91470.1	NC_001145.3	76.897	580	586	5	584	133484	135223	0.0	926
CDF91470.1	NC_001138.5	45.424	601	586	13	584	23459	25186	7.63e-139	444
CDF91473.1	NC_001144.5	40.411	438	418	1	417	1025214	1026506	9.50e-92	301
CDF91473.1	NC_001138.5	27.869	244	418	19	252	254935	254237	2.93e-14	73.9
CDF91473.1	NC_001139.9	24.926	337	418	16	329	24040	25002	2.30e-11	64.7
CDF91474.1	NC_001148.4	34.653	101	192	94	192	228458	228754	6.46e-14	68.2
CDF91475.1	NC_001144.5	84.928	345	345	1	345	1027893	1026859	0.0	615
CDF91476.1	NC_001145.3	50.273	366	440	1	342	131572	130478	1.50e-105	342
CDF91476.1	NC_001145.3	55.102	98	440	342	439	130048	129761	2.21e-26	111
CDF91477.1	NC_001145.3	49.299	1426	1626	215	1625	128866	124739	0.0	1366
CDF91477.1	NC_001147.6	27.790	457	1626	220	665	486578	485253	1.39e-50	197
CDF91477.1	NC_001147.6	26.072	583	1626	793	1357	485057	483363	1.92e-46	183
CDF91477.1	NC_001147.6	24.194	434	1626	559	967	484748	483528	8.44e-15	79.3
CDF91477.1	NC_001146.8	28.256	453	1626	220	665	462588	463913	1.61e-50	196
CDF91477.1	NC_001146.8	26.960	523	1626	850	1357	464274	465797	3.02e-41	166
CDF91478.1	NC_001144.5	84.706	170	176	7	176	1029256	1029765	3.64e-87	277
CDF91478.1	NC_001145.3	81.765	170	176	7	176	123739	123230	2.87e-85	271
CDF91479.1	NC_001145.3	80.153	131	419	299	419	120487	120095	2.20e-63	219
CDF91479.1	NC_001144.5	86.726	113	419	307	419	1031671	1032009	2.82e-62	216
CDF91479.1	NC_001146.8	45.455	110	419	310	416	372223	371894	9.72e-20	90.9
CDF91479.1	NC_001136.10	47.368	114	419	313	419	1480491	1480820	2.76e-19	89.4
CDF91480.1	NC_001145.3	63.396	1060	1045	1	1045	118898	115737	0.0	1372
CDF91480.1	NC_001144.5	59.674	1044	1045	1	1030	1032627	1035737	0.0	1282
CDF91481.1	NC_001145.3	41.641	963	904	16	904	115332	112516	0.0	684
CDF91482.1	NC_001145.3	81.132	159	159	1	159	111865	112341	3.64e-88	279
CDF91483.1	NC_001142.9	52.163	416	368	1	368	655963	654740	8.34e-120	380
CDF91483.1	NC_001136.10	39.161	143	368	15	157	167717	168142	9.79e-24	102
CDF91483.1	NC_001144.5	35.664	143	368	15	157	554581	555006	5.66e-21	93.6
CDF91484.1	NC_001145.3	81.319	182	182	1	182	111002	111547	5.52e-101	317
CDF91484.1	NC_001136.10	64.088	181	182	2	182	769054	768515	1.65e-74	241
CDF91484.1	NC_001136.10	54.386	171	182	14	182	1072482	1071970	2.79e-53	180
CDF91484.1	NC_001144.5	56.140	171	182	23	182	573199	572687	1.04e-52	179
CDF91484.1	NC_001140.6	52.121	165	182	20	181	218744	218250	5.01e-44	154
CDF91484.1	NC_001142.9	38.421	190	182	24	180	491099	491665	3.55e-29	111
CDF91485.1	NC_001142.9	52.800	750	787	39	787	658506	656257	0.0	822
CDF91485.1	NC_001147.6	21.362	749	787	65	775	810314	808320	1.27e-12	70.5
CDF91485.1	NC_001148.4	22.145	429	787	124	536	217868	216711	4.34e-12	68.9
CDF91486.1	NC_001145.3	61.502	213	219	6	218	110250	110846	1.08e-82	266
CDF91487.1	NC_001145.3	71.499	407	408	4	403	108845	110062	0.0	620
CDF91487.1	NC_001144.5	31.933	238	408	18	248	929900	930583	2.20e-28	116
CDF91488.1	NC_001145.3	47.778	810	1150	351	1144	106139	108499	0.0	757
CDF91488.1	NC_001145.3	54.448	281	1150	44	281	104864	105691	4.68e-78	282
CDF91488.1	NC_001145.3	39.785	93	1150	46	129	344684	344406	1.70e-11	67.8
CDF91488.1	NC_001142.9	42.735	819	1150	355	1150	661313	658929	0.0	685
CDF91488.1	NC_001142.9	46.831	284	1150	57	281	662663	661839	4.72e-60	226
CDF91488.1	NC_001136.10	34.328	201	1150	71	262	895332	895859	6.88e-22	101
CDF91488.1	NC_001143.9	43.750	80	1150	58	127	324872	325111	4.03e-12	69.7
CDF91488.1	NC_001139.9	49.231	65	1150	73	135	95900	96091	2.96e-11	67.0
CDF91490.1	NC_001142.9	32.743	339	301	3	291	665004	664006	2.29e-47	169
CDF91492.1	NC_001146.8	45.833	72	136	42	113	374542	374327	5.19e-16	72.0
CDF91493.1	NC_001140.6	51.786	504	729	23	509	356639	358039	3.11e-137	446
CDF91494.1	NC_001146.8	81.120	1054	1055	1	1053	375321	378479	0.0	1767
CDF91495.1	NC_001146.8	61.053	95	145	46	140	378929	379213	7.13e-27	103
CDF91496.1	NC_001146.8	58.995	378	395	16	393	380694	379567	6.97e-157	488
CDF91496.1	NC_001140.6	57.520	379	395	17	395	354954	356078	6.59e-150	468
CDF91497.1	NC_001140.6	67.686	229	226	1	223	353625	354311	3.00e-94	300
CDF91498.1	NC_001146.8	62.069	232	238	3	232	381492	382187	2.85e-93	298
CDF91499.1	NC_001146.8	39.151	424	408	10	408	382410	383660	2.42e-94	308
CDF91500.1	NC_001140.6	61.702	188	188	1	188	352756	353316	7.03e-76	245
CDF91501.1	NC_001146.8	52.850	965	933	1	933	383987	386845	0.0	958
CDF91502.1	NC_001146.8	47.326	860	846	1	845	387227	389761	0.0	762
CDF91503.1	NC_001146.8	61.600	500	579	82	578	391639	390152	0.0	648
CDF91503.1	NC_001143.9	30.962	520	579	53	561	6071	7513	4.90e-65	230
CDF91503.1	NC_001147.6	21.700	553	579	6	527	891420	889864	1.09e-23	105
CDF91503.1	NC_001147.6	22.561	328	579	116	434	96094	95135	2.98e-17	84.7
CDF91504.1	NC_001146.8	46.111	360	548	5	323	392901	393923	1.59e-72	251
CDF91505.1	NC_001140.6	60.268	969	997	38	997	349595	352450	0.0	1196
CDF91505.1	NC_001147.6	29.103	591	997	428	993	148390	150000	1.56e-49	191
CDF91505.1	NC_001135.5	31.786	280	997	723	992	277702	276908	7.34e-35	144
CDF91505.1	NC_001136.10	29.674	337	997	686	995	179864	180856	2.26e-29	125
CDF91505.1	NC_001136.10	37.264	212	997	784	993	640975	640358	2.56e-29	125
CDF91505.1	NC_001138.5	30.928	194	997	733	924	135471	134917	2.43e-18	89.7
CDF91506.1	NC_001140.6	49.041	1095	1003	1	1003	346043	349282	0.0	949
CDF91506.1	NC_001142.9	33.103	145	1003	858	1002	104080	103652	1.22e-16	84.3
CDF91507.1	NC_001140.6	48.402	438	416	1	412	345628	344336	3.94e-131	415
CDF91508.1	NC_001146.8	63.889	72	92	21	92	398244	398029	7.54e-25	95.1
CDF91509.1	NC_001146.8	62.581	620	601	7	601	400537	398687	0.0	753
CDF91509.1	NC_001140.6	51.719	640	601	1	601	342346	344265	0.0	627
CDF91510.1	NC_001140.6	62.766	94	113	20	113	341836	342117	1.65e-38	135
CDF91511.1	NC_001146.8	37.352	506	459	6	458	401046	402509	2.06e-93	308
CDF91512.1	NC_001146.8	53.381	562	782	1	496	405564	403945	4.82e-168	537
CDF91514.1	NC_001146.8	80.505	554	554	1	554	406358	408019	0.0	964
CDF91514.1	NC_001141.2	77.617	554	554	1	554	414679	413018	0.0	926
CDF91515.1	NC_001146.8	55.048	525	569	56	566	408467	409894	5.45e-167	525
CDF91515.1	NC_001140.6	72.364	275	569	265	536	341044	340220	2.08e-142	454
CDF91516.1	NC_001146.8	59.325	622	637	51	633	411978	410143	0.0	716
CDF91517.1	NC_001140.6	53.344	643	641	1	641	338083	339981	0.0	697
CDF91518.1	NC_001147.6	59.533	257	262	9	261	539438	538668	7.13e-95	303
CDF91519.1	NC_001147.6	35.294	272	244	1	234	537570	538385	9.93e-42	150
CDF91520.1	NC_001147.6	73.729	236	842	409	641	535617	536324	5.20e-120	400
CDF91520.1	NC_001147.6	38.176	296	842	73	332	534246	535004	2.35e-28	122
CDF91520.1	NC_001142.9	35.766	137	842	449	585	330868	330479	6.63e-20	94.4
CDF91520.1	NC_001142.9	31.447	159	842	467	619	330913	330443	9.19e-19	90.9
CDF91520.1	NC_001146.8	40.476	84	842	512	588	581284	581535	8.66e-13	71.2
CDF91520.1	NC_001146.8	37.209	86	842	486	562	581290	581547	1.44e-12	70.5
CDF91520.1	NC_001148.4	35.294	119	842	482	597	910884	910534	3.24e-12	69.3
CDF91520.1	NC_001139.9	36.190	105	842	450	552	433020	432754	5.49e-11	65.5
CDF91521.1	NC_001146.8	85.149	101	133	33	133	412894	413196	1.79e-56	187
CDF91522.1	NC_001146.8	82.339	419	546	3	420	413654	414910	0.0	731
CDF91522.1	NC_001146.8	87.500	72	546	421	492	415913	416128	5.06e-33	133
CDF91522.1	NC_001146.8	25.114	438	546	96	467	696078	697358	1.45e-26	114
CDF91522.1	NC_001148.4	42.424	462	546	101	544	325829	324459	1.51e-105	347
CDF91522.1	NC_001147.6	42.619	420	546	101	506	723310	724557	3.01e-101	334
CDF91522.1	NC_001147.6	31.720	372	546	110	464	415631	414576	2.54e-50	185
CDF91522.1	NC_001139.9	41.629	442	546	68	501	361649	360345	9.41e-101	333
CDF91522.1	NC_001139.9	32.093	430	546	86	493	182672	183925	3.74e-54	197
CDF91522.1	NC_001139.9	23.678	397	546	153	477	382719	381541	3.42e-21	97.1
CDF91522.1	NC_001134.8	35.639	477	546	66	517	692599	694026	1.14e-87	295
CDF91522.1	NC_001134.8	29.657	408	546	114	456	528842	530053	2.50e-39	152
CDF91523.1	NC_001147.6	49.740	770	767	1	739	531508	533700	0.0	662
CDF91524.1	NC_001146.8	48.780	123	125	1	123	417302	416946	2.06e-36	129
CDF91524.1	NC_001145.3	45.000	80	125	3	77	810750	810511	4.40e-15	68.9
CDF91524.1	NC_001145.3	40.260	77	125	9	79	167026	166799	1.93e-11	58.5
CDF91525.1	NC_001146.8	59.649	171	211	49	211	418341	417829	7.62e-67	221
CDF91526.1	NC_001147.6	54.839	217	226	5	216	530459	531106	5.50e-72	236
CDF91527.1	NC_001147.6	54.713	435	399	1	399	528941	530245	1.90e-154	481
CDF91527.1	NC_001146.8	63.296	267	399	1	267	419826	419032	4.45e-114	365
CDF91528.1	NC_001146.8	70.561	214	216	13	215	420113	420754	1.90e-102	323
CDF91529.1	NC_001147.6	66.792	1066	1334	1	1063	525278	528403	0.0	1472
CDF91529.1	NC_001147.6	27.010	311	1334	581	856	205810	204923	1.18e-15	81.6
CDF91529.1	NC_001146.8	61.259	1128	1334	1	1094	424495	421181	0.0	1430
CDF91529.1	NC_001146.8	26.575	508	1334	61	530	31069	29648	2.89e-35	146
CDF91529.1	NC_001141.2	32.262	902	1334	11	877	353404	350906	6.75e-134	455
CDF91529.1	NC_001143.9	33.253	415	1334	145	539	34897	36081	4.06e-53	204
CDF91530.1	NC_001146.8	76.578	602	610	1	601	426754	424949	0.0	1007
CDF91530.1	NC_001147.6	73.754	602	610	1	601	523027	524832	0.0	970
CDF91531.1	NC_001147.6	28.467	137	270	30	161	521482	521877	2.29e-13	68.6
CDF91532.1	NC_001146.8	40.214	373	645	63	414	427969	428940	6.52e-60	216
CDF91532.1	NC_001146.8	66.667	54	645	577	630	429580	429741	3.93e-16	81.6
CDF91533.1	NC_001147.6	48.299	294	283	1	283	519121	519969	7.25e-65	218
CDF91534.1	NC_001146.8	65.226	1481	1442	1	1438	430087	434484	0.0	1899
CDF91534.1	NC_001136.10	26.054	664	1442	579	1200	277988	279790	2.25e-38	156
CDF91534.1	NC_001148.4	24.883	426	1442	819	1200	234236	233022	6.96e-18	89.0
CDF91535.1	NC_001146.8	59.629	701	710	15	708	435062	437131	0.0	798
CDF91535.1	NC_001143.9	39.399	632	710	126	707	172122	173843	4.45e-118	389
CDF91535.1	NC_001142.9	22.807	399	710	279	670	437381	438508	9.58e-16	80.5
CDF91536.1	NC_001146.8	33.921	227	229	3	226	437622	438299	6.59e-36	132
CDF91537.1	NC_001147.6	52.096	167	212	1	159	517642	518142	1.09e-54	186
CDF91538.1	NC_001146.8	86.735	196	223	25	220	439157	438570	4.22e-116	362
CDF91538.1	NC_001146.8	32.812	192	223	17	205	574752	575309	7.57e-24	97.8
CDF91538.1	NC_001146.8	32.370	173	223	48	214	517252	517743	7.21e-21	89.4
CDF91539.1	NC_001147.6	57.252	131	131	1	131	516841	516452	1.77e-44	153
CDF91540.1	NC_001146.8	59.502	321	288	1	287	440570	439608	3.73e-103	328
CDF91540.1	NC_001146.8	30.061	163	288	12	167	449907	450392	7.14e-16	76.6
CDF91540.1	NC_001146.8	29.412	187	288	12	177	456589	457122	3.72e-12	65.5
CDF91540.1	NC_001147.6	58.333	312	288	1	283	515244	516152	1.47e-97	312
CDF91540.1	NC_001147.6	29.817	218	288	6	219	490822	490175	1.41e-22	96.3
CDF91540.1	NC_001147.6	27.545	167	288	4	169	682088	681600	6.21e-16	76.6
CDF91540.1	NC_001139.9	54.438	169	288	8	174	795492	794986	1.08e-55	192
CDF91540.1	NC_001139.9	32.704	159	288	11	168	93831	94304	3.12e-18	83.6
CDF91540.1	NC_001138.5	37.805	164	288	11	173	55962	55474	5.38e-28	112
CDF91540.1	NC_001138.5	34.756	164	288	12	174	130397	130882	2.02e-25	104
CDF91540.1	NC_001144.5	36.145	166	288	1	164	668891	668394	3.26e-26	107
CDF91540.1	NC_001144.5	33.121	157	288	12	154	604775	604311	1.79e-16	78.2
CDF91540.1	NC_001144.5	28.125	160	288	11	169	721394	720927	2.84e-15	74.7
CDF91541.1	NC_001146.8	54.706	340	301	1	299	442358	441372	2.49e-110	350
CDF91541.1	NC_001140.6	38.298	94	301	222	297	284100	283819	1.18e-17	82.0
CDF91541.1	NC_001147.6	39.024	82	301	217	297	446357	446130	7.42e-15	73.9
CDF91542.1	NC_001147.6	58.746	303	328	27	319	514212	513310	8.22e-113	358
CDF91542.1	NC_001147.6	30.526	285	328	46	317	570750	569932	1.37e-29	118
CDF91542.1	NC_001147.6	26.241	282	328	45	302	758381	759181	7.78e-12	65.1
CDF91542.1	NC_001148.4	31.046	306	328	29	318	673802	674668	4.06e-35	134
CDF91542.1	NC_001148.4	28.571	287	328	42	313	601761	600931	1.68e-16	79.3
CDF91542.1	NC_001148.4	29.508	183	328	148	308	583961	583413	1.77e-14	73.2
CDF91542.1	NC_001148.4	28.061	196	328	42	228	601479	600901	5.71e-14	71.6
CDF91542.1	NC_001148.4	22.619	336	328	20	319	584039	583071	9.31e-12	64.7
CDF91542.1	NC_001134.8	29.464	336	328	8	318	449664	450644	3.92e-34	131
CDF91542.1	NC_001142.9	26.298	289	328	41	318	160721	161551	8.15e-23	98.2
CDF91542.1	NC_001142.9	25.959	339	328	12	319	609692	610687	2.25e-17	82.0
CDF91542.1	NC_001142.9	26.154	260	328	97	327	160511	161278	4.83e-12	65.9
CDF91542.1	NC_001143.9	27.986	293	328	43	319	533386	532556	1.06e-17	82.8
CDF91543.1	NC_001147.6	65.782	377	384	9	381	511867	512997	9.22e-175	538
CDF91543.1	NC_001136.10	59.190	321	384	60	380	1421514	1422473	3.09e-134	422
CDF91543.1	NC_001134.8	57.680	319	384	58	375	633868	634824	1.94e-129	408
CDF91543.1	NC_001134.8	42.492	313	384	60	357	619302	620225	1.98e-81	270
CDF91543.1	NC_001143.9	44.509	346	384	37	365	557869	558906	4.26e-95	310
CDF91543.1	NC_001142.9	45.373	335	384	39	354	152813	151809	2.02e-93	305
CDF91544.1	NC_001147.6	26.420	1109	847	8	846	511133	507951	1.64e-42	167
CDF91544.1	NC_001142.9	35.366	328	847	308	604	366727	367521	6.28e-26	114
CDF91544.1	NC_001142.9	38.251	183	847	306	441	367117	367665	3.48e-13	72.4
CDF91546.1	NC_001147.6	93.662	142	189	48	189	506339	506764	1.39e-85	273
CDF91546.1	NC_001147.6	88.889	45	189	4	48	505806	505940	1.11e-18	81.6
CDF91546.1	NC_001146.8	89.437	142	189	48	189	443826	443401	3.14e-83	266
CDF91546.1	NC_001146.8	74.468	47	189	2	48	444309	444169	1.21e-15	72.8
CDF91547.1	NC_001147.6	65.748	254	282	26	279	504316	503555	1.12e-109	347
CDF91548.1	NC_001147.6	84.358	179	181	1	179	502795	503331	2.69e-102	321
CDF91548.1	NC_001136.10	52.542	177	181	1	177	216529	217056	8.81e-60	199
CDF91548.1	NC_001136.10	50.847	177	181	1	177	116321	116848	1.64e-58	195
CDF91548.1	NC_001134.8	52.000	175	181	1	174	568426	567905	9.90e-58	193
CDF91548.1	NC_001148.4	36.970	165	181	20	174	460020	460508	7.83e-30	113
CDF91548.1	NC_001148.4	33.533	167	181	19	175	138909	139397	2.29e-25	100
CDF91548.1	NC_001145.3	38.017	121	181	16	130	545197	545559	1.00e-19	84.3
CDF91549.1	NC_001147.6	57.513	1697	1642	6	1640	502449	497518	0.0	1956
CDF91550.1	NC_001147.6	55.663	618	578	3	577	495136	496962	0.0	664
CDF91550.1	NC_001146.8	49.922	639	578	3	577	446831	444918	0.0	622
CDF91550.1	NC_001144.5	34.215	605	578	1	577	444688	442964	3.26e-90	303
CDF91551.1	NC_001134.8	67.660	235	225	2	225	146178	146882	7.95e-103	324
CDF91552.1	NC_001134.8	71.105	353	352	1	352	423765	424823	1.20e-173	534
CDF91552.1	NC_001142.9	33.333	243	352	4	241	567721	568359	5.52e-34	131
CDF91552.1	NC_001147.6	28.814	236	352	4	239	142525	141923	1.87e-21	94.7
CDF91552.1	NC_001146.8	28.151	238	352	4	239	86260	86859	3.98e-21	93.6
CDF91553.1	NC_001134.8	59.597	1042	1035	1	1034	147209	150280	0.0	1258
CDF91554.1	NC_001134.8	65.637	259	274	22	274	151220	150450	2.01e-110	348
CDF91555.1	NC_001134.8	39.326	534	1746	421	939	422855	421278	1.08e-113	401
CDF91556.1	NC_001134.8	56.860	707	656	1	653	153610	151505	0.0	812
CDF91557.1	NC_001134.8	35.256	1560	1462	8	1429	158329	153956	0.0	734
CDF91558.1	NC_001134.8	75.000	80	84	2	81	419158	418919	4.27e-34	120
CDF91559.1	NC_001134.8	77.816	293	304	10	300	159606	158728	8.77e-159	489
CDF91560.1	NC_001134.8	49.304	359	420	56	401	160280	161305	1.23e-101	330
CDF91561.1	NC_001134.8	85.953	299	307	9	307	163940	163044	4.15e-175	536
CDF91561.1	NC_001134.8	80.456	307	307	1	307	415983	416903	5.34e-170	521
CDF91561.1	NC_001145.3	77.377	305	307	1	303	388244	387330	1.08e-157	486
CDF91561.1	NC_001148.4	30.464	302	307	7	290	583988	583110	1.59e-29	117
CDF91561.1	NC_001148.4	22.456	285	307	13	289	601767	600955	4.83e-17	80.5
CDF91561.1	NC_001148.4	22.078	308	307	12	305	299473	298577	2.87e-16	78.2
CDF91561.1	NC_001140.6	26.230	305	307	17	278	108923	109804	5.90e-23	98.2
CDF91561.1	NC_001143.9	29.078	282	307	15	283	217416	218225	1.94e-21	93.6
CDF91562.1	NC_001134.8	66.667	81	103	4	84	164766	164524	7.08e-36	127
CDF91563.1	NC_001134.8	68.932	103	338	227	329	166944	167252	5.11e-45	163
CDF91564.1	NC_001134.8	50.000	106	97	1	97	167838	167521	5.26e-21	84.3
CDF91565.1	NC_001134.8	87.166	187	188	2	188	168810	169370	8.54e-90	285
CDF91565.1	NC_001134.8	87.166	187	188	2	188	414752	414192	8.54e-90	285
CDF91567.1	NC_001134.8	72.727	946	954	12	954	411141	413978	0.0	1422
CDF91567.1	NC_001139.9	68.148	945	954	18	954	905943	908771	0.0	1275
CDF91567.1	NC_001143.9	26.074	326	954	18	299	590410	591318	4.03e-14	75.9
CDF91568.1	NC_001134.8	39.394	264	560	170	433	409556	410251	1.88e-47	177
CDF91569.1	NC_001136.10	56.310	1046	1002	3	1002	570667	573711	0.0	1060
CDF91570.1	NC_001134.8	95.489	133	147	15	147	407029	406631	7.00e-84	266
CDF91570.1	NC_001136.10	74.432	176	147	2	147	569764	569237	7.52e-82	260
CDF91570.1	NC_001136.10	48.551	138	147	9	146	630174	630587	1.24e-38	137
CDF91570.1	NC_001136.10	44.138	145	147	4	146	816890	817324	6.20e-38	135
CDF91570.1	NC_001136.10	34.532	139	147	15	146	337648	338064	1.50e-22	91.3
CDF91570.1	NC_001136.10	32.667	150	147	3	139	562294	561845	2.30e-20	84.7
CDF91570.1	NC_001139.9	39.007	141	147	4	144	394004	394426	1.28e-34	125
CDF91570.1	NC_001139.9	33.333	153	147	3	139	756950	757408	2.64e-16	73.2
CDF91570.1	NC_001147.6	41.912	136	147	4	138	958802	958395	1.22e-30	114
CDF91570.1	NC_001145.3	37.333	150	147	4	139	318698	319147	1.70e-30	114
CDF91571.1	NC_001134.8	52.526	1346	1267	1	1267	405251	401256	0.0	1267
CDF91572.1	NC_001136.10	38.442	398	548	12	387	565966	567132	5.60e-83	281
CDF91573.1	NC_001136.10	37.297	185	200	10	186	565607	565059	5.11e-30	114
CDF91574.1	NC_001134.8	82.021	762	761	1	761	400896	398617	0.0	1312
CDF91574.1	NC_001136.10	36.070	341	761	219	555	237269	236304	2.64e-44	172
CDF91574.1	NC_001136.10	31.750	400	761	244	633	238019	236886	9.44e-44	170
CDF91574.1	NC_001136.10	33.333	264	761	225	479	1262128	1262871	5.05e-26	114
CDF91574.1	NC_001136.10	30.802	237	761	244	479	438596	439264	1.03e-24	109
CDF91574.1	NC_001144.5	31.920	401	761	243	632	914157	913030	1.77e-39	157
CDF91574.1	NC_001144.5	39.726	219	761	271	485	913263	912661	5.35e-35	142
CDF91574.1	NC_001144.5	40.625	224	761	258	479	71505	70873	8.64e-35	142
CDF91574.1	NC_001144.5	27.373	453	761	244	633	72528	71230	1.42e-30	128
CDF91574.1	NC_001146.8	36.803	269	761	273	520	20353	19586	6.55e-39	155
CDF91574.1	NC_001139.9	33.136	338	761	239	564	1028603	1029544	1.79e-38	153
CDF91574.1	NC_001139.9	34.583	240	761	244	479	410839	410171	1.54e-31	131
CDF91574.1	NC_001139.9	28.425	292	761	231	510	542437	543249	3.75e-17	85.1
CDF91575.1	NC_001134.8	58.147	939	1020	1	928	398277	395542	0.0	1085
CDF91576.1	NC_001134.8	59.064	342	452	21	362	393513	394535	6.09e-118	379
CDF91576.1	NC_001136.10	55.307	358	452	36	375	563635	564705	8.19e-111	358
CDF91576.1	NC_001136.10	30.458	371	452	50	411	1484937	1483837	8.45e-40	152
CDF91576.1	NC_001135.5	29.944	354	452	50	392	42441	43499	7.53e-40	152
CDF91577.1	NC_001136.10	29.026	503	572	91	567	947026	948453	1.55e-47	178
CDF91578.1	NC_001136.10	78.378	296	272	1	271	562327	561449	4.69e-143	442
CDF91578.1	NC_001136.10	35.772	123	272	39	161	569590	569261	3.67e-17	80.1
CDF91578.1	NC_001136.10	28.800	125	272	42	166	337717	338058	4.61e-16	76.6
CDF91578.1	NC_001136.10	37.255	102	272	51	152	630270	630539	1.41e-15	75.1
CDF91578.1	NC_001136.10	28.986	138	272	27	162	816929	817306	3.01e-14	71.2
CDF91578.1	NC_001145.3	41.975	162	272	7	167	318689	319165	5.72e-37	137
CDF91578.1	NC_001139.9	40.000	130	272	38	167	394079	394429	1.08e-24	102
CDF91578.1	NC_001147.6	33.803	142	272	19	160	958772	958395	9.14e-20	87.8
CDF91578.1	NC_001134.8	36.441	118	272	39	156	406984	406670	1.87e-16	77.8
CDF91579.1	NC_001134.8	50.617	162	158	1	157	392290	391811	1.12e-45	157
CDF91580.1	NC_001136.10	56.983	537	565	1	462	560607	559000	0.0	591
CDF91580.1	NC_001136.10	68.333	60	565	506	565	558690	558514	1.01e-19	92.4
CDF91583.1	NC_001134.8	45.594	976	944	6	944	386304	389213	0.0	850
CDF91584.1	NC_001136.10	78.333	360	367	8	367	551866	552945	0.0	609
CDF91585.1	NC_001136.10	50.549	637	636	4	635	553290	555146	0.0	648
CDF91586.1	NC_001134.8	59.002	922	915	1	909	383214	385967	0.0	1095
CDF91586.1	NC_001134.8	29.124	491	915	292	776	710909	709572	6.32e-51	194
CDF91586.1	NC_001134.8	34.177	158	915	609	766	469075	469539	4.60e-20	95.1
CDF91586.1	NC_001134.8	28.866	194	915	298	476	467860	468354	2.42e-13	73.2
CDF91586.1	NC_001139.9	38.658	626	915	235	818	195650	193857	1.13e-113	384
CDF91586.1	NC_001139.9	37.584	149	915	620	768	221682	221242	1.21e-25	113
CDF91586.1	NC_001139.9	25.382	327	915	292	596	223413	222520	9.06e-20	94.4
CDF91586.1	NC_001142.9	31.949	554	915	298	808	498303	499856	7.70e-68	246
CDF91586.1	NC_001147.6	30.328	488	915	288	768	885096	886421	8.97e-60	222
CDF91586.1	NC_001147.6	29.960	504	915	296	784	857903	856512	3.22e-54	204
CDF91586.1	NC_001147.6	26.590	173	915	601	766	696723	697241	1.23e-14	77.4
CDF91586.1	NC_001148.4	30.697	531	915	300	791	400204	398669	1.36e-56	212
CDF91588.1	NC_001134.8	50.855	234	218	2	217	379928	379227	6.00e-70	230
CDF91589.1	NC_001136.10	83.468	248	248	1	248	556472	555729	4.15e-139	429
CDF91590.1	NC_001136.10	65.017	303	310	24	309	557994	557086	2.24e-127	399
CDF91592.1	NC_001136.10	58.211	615	613	2	613	550552	548765	0.0	766
CDF91592.1	NC_001136.10	43.125	640	613	20	613	1468333	1466456	5.31e-178	558
CDF91592.1	NC_001136.10	21.903	557	613	5	494	776748	778373	8.03e-35	140
CDF91592.1	NC_001134.8	58.833	617	613	6	613	375666	373864	0.0	751
CDF91592.1	NC_001134.8	43.137	612	613	22	613	378349	376577	2.12e-156	496
CDF91592.1	NC_001134.8	24.217	479	613	93	563	501190	499772	5.49e-43	165
CDF91592.1	NC_001135.5	46.048	582	613	61	613	77754	76021	1.23e-179	563
CDF91592.1	NC_001143.9	39.674	552	613	66	613	515231	516868	1.06e-129	419
CDF91592.1	NC_001139.9	40.328	548	613	66	613	880621	882228	3.67e-127	412
CDF91593.1	NC_001139.9	65.103	341	340	4	340	829128	830150	1.10e-151	470
CDF91594.1	NC_001142.9	46.131	685	662	11	661	402957	404939	4.86e-173	546
CDF91595.1	NC_001142.9	37.553	474	529	52	504	405699	407069	4.59e-101	333
CDF91596.1	NC_001142.9	89.326	534	538	5	538	407558	409159	0.0	990
CDF91596.1	NC_001142.9	30.000	540	538	1	532	207877	209451	3.77e-77	264
CDF91596.1	NC_001142.9	31.015	532	538	15	533	556022	557587	3.99e-77	264
CDF91596.1	NC_001142.9	30.114	528	538	26	531	421579	420029	3.89e-53	193
CDF91596.1	NC_001136.10	30.224	536	538	17	532	887283	888869	2.97e-68	238
CDF91596.1	NC_001136.10	28.625	538	538	1	530	199996	201567	3.75e-66	232
CDF91596.1	NC_001136.10	28.893	533	538	28	535	836484	838034	1.64e-57	206
CDF91596.1	NC_001141.2	27.481	524	538	15	531	83332	84846	4.28e-54	196
CDF91596.1	NC_001138.5	27.919	197	538	207	398	187034	187600	1.29e-13	72.8
CDF91597.1	NC_001139.9	43.886	1055	1020	33	1019	875046	872074	0.0	786
CDF91597.1	NC_001142.9	42.338	385	1020	10	382	410986	409853	4.71e-88	310
CDF91598.1	NC_001142.9	77.809	721	714	1	714	413399	411243	0.0	1139
CDF91598.1	NC_001138.5	30.137	803	714	1	709	131810	134158	4.46e-85	293
CDF91598.1	NC_001148.4	33.392	569	714	1	490	517018	515333	5.78e-76	266
CDF91598.1	NC_001137.3	33.333	174	714	543	709	302647	303153	1.41e-15	80.1
CDF91599.1	NC_001142.9	51.553	161	150	1	149	414770	414291	4.45e-49	167
CDF91600.1	NC_001139.9	71.863	263	466	32	294	878075	877287	1.84e-129	412
CDF91600.1	NC_001144.5	37.500	168	466	96	249	567364	566861	2.84e-29	120
CDF91600.1	NC_001137.3	30.342	234	466	96	308	78458	79144	3.73e-19	89.7
CDF91602.1	NC_001139.9	79.434	530	568	39	568	880639	882228	0.0	848
CDF91602.1	NC_001143.9	55.140	535	568	37	568	515270	516868	1.06e-180	564
CDF91602.1	NC_001134.8	44.227	563	568	14	568	375543	373864	5.82e-151	479
CDF91602.1	NC_001134.8	38.758	596	568	16	568	378346	376577	2.77e-133	427
CDF91602.1	NC_001134.8	28.877	561	568	5	550	501301	499679	6.10e-56	202
CDF91602.1	NC_001136.10	42.446	556	568	17	568	1468120	1466456	3.03e-149	474
CDF91602.1	NC_001136.10	42.230	547	568	24	568	550369	548765	1.76e-145	463
CDF91602.1	NC_001136.10	25.734	579	568	50	544	776988	778667	3.22e-52	192
CDF91602.1	NC_001135.5	42.667	525	568	45	568	77592	76021	1.69e-146	466
CDF91604.1	NC_001142.9	89.003	291	304	1	291	451020	451892	4.62e-178	544
CDF91605.1	NC_001142.9	60.588	340	332	1	331	452430	453440	1.39e-141	441
CDF91607.1	NC_001137.3	82.022	178	181	4	181	166773	166240	1.41e-100	316
CDF91608.1	NC_001137.3	33.918	513	498	1	497	164527	166056	1.26e-84	284
CDF91609.1	NC_001137.3	69.754	529	525	1	524	162723	164282	0.0	747
CDF91609.1	NC_001146.8	29.756	205	525	257	461	721728	721180	1.27e-18	88.6
CDF91610.1	NC_001137.3	55.860	657	642	1	642	160553	162439	0.0	739
CDF91610.1	NC_001137.3	26.593	455	642	8	448	74044	75279	4.46e-34	138
CDF91611.1	NC_001137.3	50.870	230	225	1	224	159580	160257	6.09e-63	210
CDF91612.1	NC_001137.3	73.995	423	432	10	432	159007	157739	0.0	661
CDF91613.1	NC_001137.3	60.526	228	226	1	225	156803	157486	1.03e-78	255
CDF91614.1	NC_001141.2	47.264	201	305	47	237	356808	356245	1.09e-46	167
CDF91615.1	NC_001137.3	36.522	230	228	1	224	150978	150298	4.05e-41	147
CDF91616.1	NC_001141.2	55.146	515	517	1	515	353955	355472	0.0	580
CDF91617.1	NC_001141.2	65.364	947	934	1	934	353431	350594	0.0	1313
CDF91617.1	NC_001146.8	32.616	929	934	1	832	424495	421787	2.07e-146	480
CDF91617.1	NC_001146.8	21.946	483	934	26	449	31249	29888	2.07e-13	73.6
CDF91617.1	NC_001147.6	33.260	905	934	1	832	525278	527911	4.16e-145	476
CDF91617.1	NC_001147.6	27.576	330	934	521	811	205873	204923	3.32e-20	95.9
CDF91617.1	NC_001143.9	24.611	386	934	108	465	34804	35874	5.17e-16	82.0
CDF91619.1	NC_001137.3	52.582	426	425	5	424	149990	148725	7.91e-145	454
CDF91620.1	NC_001137.3	66.346	104	111	7	110	148282	148593	1.55e-43	149
CDF91621.1	NC_001137.3	29.885	261	236	8	233	146725	145952	4.18e-30	116
CDF91622.1	NC_001141.2	73.664	262	282	11	272	349155	349934	4.59e-130	405
CDF91622.1	NC_001139.9	46.691	272	282	10	277	342847	342065	9.63e-71	235
CDF91623.1	NC_001141.2	59.542	131	139	11	138	348344	347952	1.33e-45	156
CDF91624.1	NC_001141.2	37.896	694	695	3	692	345716	347782	3.00e-161	514
CDF91625.1	NC_001141.2	64.067	359	366	4	349	344128	345180	1.68e-143	448
CDF91625.1	NC_001141.2	32.268	313	366	55	341	97431	98327	5.11e-37	141
CDF91625.1	NC_001137.3	60.194	309	366	41	344	144399	145325	4.07e-122	387
CDF91625.1	NC_001134.8	29.739	306	366	67	335	607853	608761	6.35e-34	132
CDF91625.1	NC_001134.8	24.340	341	366	17	335	449667	450626	2.53e-19	88.6
CDF91625.1	NC_001134.8	24.555	281	366	58	329	163910	163095	2.14e-14	73.6
CDF91625.1	NC_001134.8	23.427	286	366	56	335	784524	783697	5.02e-13	69.3
CDF91625.1	NC_001134.8	27.225	191	366	57	236	416346	416879	1.67e-12	67.8
CDF91625.1	NC_001148.4	25.566	309	366	58	365	601749	600844	2.64e-28	115
CDF91625.1	NC_001148.4	28.289	304	366	50	335	583982	583092	5.90e-28	114
CDF91625.1	NC_001148.4	27.491	291	366	57	334	299455	298622	1.05e-19	89.7
CDF91625.1	NC_001148.4	25.589	297	366	55	324	792186	791341	9.37e-17	80.9
CDF91625.1	NC_001148.4	24.771	327	366	17	337	673751	674656	1.47e-16	80.1
CDF91625.1	NC_001148.4	34.884	172	366	56	213	601473	600994	4.62e-14	72.4
CDF91625.1	NC_001145.3	28.479	309	366	56	335	594302	593409	2.29e-25	106
CDF91625.1	NC_001145.3	25.606	289	366	56	329	388193	387369	9.46e-17	80.9
CDF91626.1	NC_001137.3	50.558	269	493	1	269	141892	142584	2.23e-69	239
CDF91626.1	NC_001140.6	61.628	86	493	1	86	456594	456851	2.14e-28	118
CDF91626.1	NC_001140.6	39.024	82	493	190	269	456897	457142	2.99e-13	71.2
CDF91627.1	NC_001137.3	40.892	269	250	11	249	139682	138924	8.95e-38	139
CDF91628.1	NC_001145.3	44.167	120	265	69	173	670890	670540	3.77e-29	114
CDF91629.1	NC_001145.3	74.974	963	958	1	958	674766	671890	0.0	1486
CDF91629.1	NC_001139.9	48.297	969	958	21	957	973677	970810	0.0	858
CDF91632.1	NC_001145.3	65.269	334	347	13	346	262712	261711	3.20e-154	478
CDF91633.1	NC_001146.8	68.997	758	912	153	906	646620	644362	0.0	1116
CDF91633.1	NC_001137.3	43.836	657	912	259	906	180266	182137	3.01e-168	543
CDF91633.1	NC_001139.9	44.444	675	912	255	909	283694	281751	3.14e-163	528
CDF91633.1	NC_001143.9	43.628	667	912	259	910	600883	602817	1.98e-153	499
CDF91633.1	NC_001143.9	38.244	672	912	253	902	289046	291004	3.66e-124	414
CDF91633.1	NC_001144.5	28.878	606	912	258	803	960213	961994	5.22e-62	229
CDF91634.1	NC_001146.8	65.934	455	484	31	483	647567	648928	0.0	603
CDF91634.1	NC_001140.6	30.000	190	484	262	449	362103	362660	2.14e-20	94.0
CDF91635.1	NC_001146.8	60.590	916	850	1	850	651712	649031	0.0	1066
CDF91635.1	NC_001142.9	38.556	900	850	1	848	60844	63462	1.26e-170	547
CDF91635.1	NC_001135.5	39.039	812	850	46	844	196744	194444	1.52e-166	535
CDF91639.1	NC_001142.9	43.232	495	543	62	542	719816	721291	1.06e-129	416
CDF91639.1	NC_001144.5	33.918	513	543	39	543	159427	157937	4.18e-84	284
CDF91639.1	NC_001144.5	26.545	550	543	29	541	30106	31695	2.05e-43	165
CDF91639.1	NC_001139.9	26.267	434	543	81	512	1012713	1013993	2.61e-38	149
CDF91639.1	NC_001133.9	21.968	437	543	86	512	8632	7328	7.04e-22	99.0
CDF91639.1	NC_001147.6	22.467	454	543	88	518	9357	10691	2.03e-21	97.8
CDF91643.1	NC_001134.8	52.941	544	523	1	521	254206	252575	0.0	610
CDF91643.1	NC_001134.8	26.282	312	523	94	373	590113	590991	3.21e-17	84.3
CDF91643.1	NC_001134.8	27.545	167	523	94	260	323582	323088	8.63e-14	73.2
CDF91643.1	NC_001140.6	30.019	523	523	13	522	204604	206139	1.79e-68	238
CDF91643.1	NC_001147.6	29.307	505	523	55	522	836230	834776	4.17e-62	219
CDF91643.1	NC_001144.5	29.622	476	523	55	522	85167	86552	1.22e-60	215
CDF91643.1	NC_001148.4	29.365	504	523	27	520	839414	837942	4.90e-54	196
CDF91647.1	NC_001135.5	56.769	458	521	60	509	172352	171003	0.0	571
CDF91647.1	NC_001133.9	30.594	438	521	60	488	8638	7340	5.82e-66	231
CDF91647.1	NC_001139.9	28.605	423	521	57	461	619519	618281	9.15e-44	165
CDF91647.1	NC_001142.9	23.491	464	521	55	495	719876	721213	2.73e-18	87.4
CDF91647.1	NC_001147.6	25.322	233	521	60	288	9345	10040	6.99e-17	83.2
CDF91648.1	NC_001136.10	32.130	554	554	5	532	946822	948420	7.32e-68	237
CDF91648.1	NC_001134.8	31.319	182	554	125	303	641979	641446	3.45e-12	68.2
CDF91650.1	NC_001137.3	28.471	569	643	65	618	27813	29483	1.76e-61	221
CDF91650.1	NC_001140.6	27.551	588	643	12	579	20983	19283	8.48e-56	204
CDF91650.1	NC_001140.6	25.152	660	643	8	642	10222	8375	1.04e-50	189
CDF91650.1	NC_001143.9	26.020	588	643	27	612	661490	663184	3.71e-53	196
CDF91650.1	NC_001135.5	25.850	588	643	27	612	8278	6584	2.04e-52	194
CDF91650.1	NC_001147.6	24.679	624	643	2	618	21344	19539	9.98e-49	183
CDF91651.1	NC_001136.10	53.299	197	252	1	173	1504900	1504310	7.32e-44	156
CDF91651.1	NC_001136.10	49.533	214	252	29	229	1504579	1503941	2.35e-38	140
CDF91651.1	NC_001147.6	57.778	135	252	1	115	1061055	1060651	4.26e-27	108
CDF91651.1	NC_001147.6	54.622	119	252	83	178	1061001	1060645	1.89e-19	86.3
CDF91653.1	NC_001138.5	73.021	341	413	1	341	264204	265223	3.85e-171	530
CDF91653.1	NC_001133.9	26.496	351	413	50	389	130925	131971	3.97e-34	134
CDF91653.1	NC_001140.6	26.254	339	413	57	390	335498	334542	2.74e-17	83.2
CDF91653.1	NC_001139.9	23.514	387	413	47	383	155907	154813	1.59e-12	68.2
CDF91654.1	NC_001143.9	22.961	331	653	227	527	409774	410742	7.18e-11	64.3
CDF91655.1	NC_001143.9	71.773	1286	1287	4	1283	30690	26842	0.0	1903
CDF91656.1	NC_001139.9	35.141	461	503	24	481	1012644	1014008	9.34e-84	282
CDF91656.1	NC_001139.9	25.745	369	503	44	396	619546	618446	6.98e-23	101
CDF91656.1	NC_001147.6	26.045	311	503	50	340	9339	10238	3.81e-30	124
CDF91656.1	NC_001142.9	26.000	300	503	40	336	719846	720742	1.41e-29	122
CDF91656.1	NC_001141.2	24.832	447	503	50	478	32368	31046	5.47e-27	114
CDF91656.1	NC_001135.5	30.204	245	503	52	285	172352	171630	5.19e-26	111
CDF91657.1	NC_001141.2	41.279	172	393	59	229	393591	393079	6.00e-44	162
CDF91657.1	NC_001136.10	40.000	155	393	74	227	385614	385153	1.35e-35	137
CDF91659.1	NC_001140.6	76.559	401	400	1	400	517532	518710	0.0	644
CDF91659.1	NC_001142.9	73.138	376	400	25	400	705744	706871	0.0	599
CDF91660.1	NC_001137.3	50.476	210	219	2	209	553963	553343	7.17e-64	213
CDF91661.1	NC_001137.3	53.785	251	249	1	249	552525	553229	1.18e-86	279
CDF91662.1	NC_001140.6	41.431	531	487	1	487	516485	514911	1.19e-117	379
CDF91663.1	NC_001140.6	56.797	537	573	8	533	512918	514354	0.0	569
CDF91663.1	NC_001139.9	41.176	102	573	32	133	369275	369577	4.54e-17	84.0
CDF91663.1	NC_001141.2	29.167	120	573	350	462	70186	69827	2.50e-11	65.5
CDF91664.1	NC_001140.6	62.605	837	763	1	763	509363	511834	0.0	981
CDF91664.1	NC_001140.6	29.167	264	763	351	607	316638	317408	4.24e-28	120
CDF91664.1	NC_001140.6	31.452	248	763	357	599	96062	95346	3.34e-23	105
CDF91664.1	NC_001140.6	25.446	224	763	351	555	170278	169634	4.25e-17	85.1
CDF91664.1	NC_001140.6	30.147	136	763	426	551	271086	270682	9.69e-13	70.9
CDF91664.1	NC_001145.3	46.851	397	763	291	682	474586	473456	4.52e-108	362
CDF91664.1	NC_001145.3	31.727	249	763	350	594	270896	270162	7.49e-34	139
CDF91664.1	NC_001145.3	26.837	313	763	357	612	852762	853688	8.02e-19	90.9
CDF91664.1	NC_001145.3	28.837	215	763	351	552	546239	546844	3.13e-14	75.9
CDF91664.1	NC_001143.9	47.194	392	763	291	677	206583	207698	7.90e-106	355
CDF91664.1	NC_001143.9	44.147	299	763	345	641	135462	134584	4.55e-72	256
CDF91664.1	NC_001143.9	28.793	323	763	331	614	249097	250038	5.88e-32	133
CDF91664.1	NC_001143.9	31.863	204	763	354	544	183507	184079	6.58e-21	97.4
CDF91664.1	NC_001143.9	29.665	209	763	373	562	222132	221533	4.45e-15	78.6
CDF91664.1	NC_001143.9	26.160	237	763	443	639	150333	149641	2.21e-14	76.3
CDF91664.1	NC_001143.9	30.319	188	763	414	563	348596	348039	5.83e-13	71.6
CDF91664.1	NC_001143.9	25.110	227	763	356	547	132214	131543	7.72e-12	67.8
CDF91664.1	NC_001148.4	43.854	301	763	343	641	166439	167323	6.55e-72	255
CDF91664.1	NC_001148.4	29.680	438	763	293	676	747630	748916	1.87e-48	184
CDF91664.1	NC_001148.4	34.733	262	763	350	610	157287	156529	4.34e-33	136
CDF91664.1	NC_001148.4	31.298	262	763	350	610	268305	269048	4.55e-29	124
CDF91664.1	NC_001148.4	29.514	288	763	357	618	285923	285072	1.36e-27	119
CDF91664.1	NC_001148.4	27.820	266	763	350	594	263607	262831	2.50e-27	118
CDF91664.1	NC_001148.4	27.682	289	763	350	611	288398	287589	5.64e-23	104
CDF91664.1	NC_001148.4	24.012	329	763	341	613	666361	667299	1.28e-21	99.8
CDF91664.1	NC_001148.4	27.303	304	763	351	612	492917	492039	2.19e-17	85.9
CDF91664.1	NC_001148.4	27.059	255	763	364	595	501973	501218	4.84e-13	72.0
CDF91664.1	NC_001148.4	24.382	283	763	296	552	866365	865592	2.15e-12	69.7
CDF91664.1	NC_001148.4	33.071	127	763	439	559	473969	473592	2.48e-12	69.7
CDF91664.1	NC_001142.9	42.140	299	763	345	641	110919	110041	4.73e-71	253
CDF91664.1	NC_001142.9	29.252	294	763	328	609	250708	251571	2.67e-27	118
CDF91664.1	NC_001142.9	28.169	284	763	327	594	179107	178271	2.75e-23	105
CDF91664.1	NC_001142.9	30.667	225	763	357	568	77915	77262	3.47e-20	95.1
CDF91664.1	NC_001142.9	29.048	210	763	351	551	149286	148681	1.93e-14	76.3
CDF91665.1	NC_001140.6	53.038	790	811	34	810	506385	508703	0.0	805
CDF91665.1	NC_001142.9	29.050	537	811	32	505	667722	669230	1.18e-25	113
CDF91666.1	NC_001140.6	92.188	256	261	6	261	505246	504479	9.13e-159	486
CDF91666.1	NC_001142.9	92.188	256	261	6	261	702797	702030	1.04e-158	486
CDF91667.1	NC_001140.6	54.237	590	592	17	590	502430	504190	0.0	641
CDF91668.1	NC_001138.5	72.973	555	528	1	527	210068	208416	0.0	825
CDF91669.1	NC_001138.5	47.687	281	259	1	259	207452	208294	1.55e-78	256
CDF91670.1	NC_001138.5	51.786	336	331	1	331	204750	203746	3.35e-118	374
CDF91671.1	NC_001140.6	77.035	688	678	1	678	143996	146059	0.0	1097
CDF91672.1	NC_001140.6	75.181	552	551	2	551	143552	141897	0.0	894
CDF91672.1	NC_001135.5	25.280	447	551	129	538	162123	160789	1.43e-34	138
CDF91672.1	NC_001144.5	27.306	542	551	56	551	111491	109905	6.26e-34	136
CDF91673.1	NC_001140.6	86.364	462	462	1	462	141402	140017	0.0	832
CDF91674.1	NC_001140.6	43.220	354	371	2	355	138703	139734	6.95e-91	297
CDF91677.1	NC_001138.5	44.257	592	677	91	677	200123	201706	8.94e-144	462
CDF91677.1	NC_001140.6	39.896	579	677	99	675	134887	136524	1.07e-125	410
CDF91677.1	NC_001137.3	30.141	355	677	86	420	510436	511392	2.54e-37	149
CDF91677.1	NC_001147.6	29.586	169	677	84	244	88279	88758	6.78e-12	67.8
CDF91678.1	NC_001145.3	40.244	328	698	157	481	556148	555195	2.46e-59	216
CDF91678.1	NC_001145.3	33.149	362	698	157	498	29657	28587	2.05e-44	171
CDF91678.1	NC_001145.3	32.544	169	698	540	695	28784	28278	5.62e-17	84.3
CDF91678.1	NC_001136.10	38.415	328	698	159	481	303499	304446	1.45e-50	190
CDF91678.1	NC_001136.10	36.290	124	698	585	693	304468	304836	8.41e-13	70.9
CDF91679.1	NC_001146.8	42.396	217	199	7	189	185588	186238	7.20e-47	163
CDF91680.1	NC_001147.6	44.937	790	765	5	723	364384	366648	0.0	599
CDF91680.1	NC_001138.5	42.285	674	765	9	663	196863	198791	1.46e-139	454
CDF91680.1	NC_001139.9	28.753	473	765	14	389	627012	625651	9.50e-42	164
CDF91681.1	NC_001138.5	64.245	523	520	1	519	194812	196308	0.0	675
CDF91681.1	NC_001148.4	47.619	84	520	46	128	362157	362405	4.38e-17	83.6
CDF91681.1	NC_001148.4	38.462	104	520	228	321	362697	363002	1.15e-13	72.8
CDF91681.1	NC_001139.9	40.000	85	520	237	321	941576	941322	2.05e-13	72.0
CDF91682.1	NC_001138.5	55.059	2283	2094	19	2092	184589	191329	0.0	2231
CDF91682.1	NC_001142.9	28.061	196	2094	695	883	408158	408733	1.11e-14	79.3
CDF91683.1	NC_001138.5	45.317	331	320	22	320	184132	183140	2.68e-76	253
CDF91684.1	NC_001147.6	29.016	386	571	4	351	274969	276081	4.36e-34	137
CDF91684.1	NC_001147.6	32.394	142	571	417	551	276439	276840	4.13e-15	77.8
CDF91686.1	NC_001147.6	65.039	635	675	43	675	278206	280083	0.0	871
CDF91686.1	NC_001133.9	31.022	274	675	138	367	77636	78451	7.54e-22	100
CDF91687.1	NC_001147.6	62.836	409	410	3	409	281480	280275	3.70e-170	526
CDF91688.1	NC_001138.5	84.288	751	752	1	751	162488	164740	0.0	1345
CDF91688.1	NC_001137.3	38.686	548	752	196	736	224965	223397	2.07e-115	383
CDF91688.1	NC_001148.4	31.643	414	752	193	603	123456	124418	4.47e-43	167
CDF91688.1	NC_001148.4	45.205	73	752	651	723	124863	125081	1.18e-16	83.6
CDF91688.1	NC_001148.4	29.703	202	752	536	732	123492	124076	2.06e-13	73.2
CDF91688.1	NC_001144.5	30.385	260	752	351	603	638358	638996	5.74e-28	120
CDF91688.1	NC_001144.5	30.964	197	752	546	742	638109	638684	1.02e-20	96.7
CDF91688.1	NC_001144.5	37.647	85	752	651	735	639468	639713	3.63e-13	72.4
CDF91688.1	NC_001144.5	26.087	276	752	491	734	529491	530276	3.68e-11	65.9
CDF91688.1	NC_001146.8	31.641	256	752	348	603	607888	608535	1.36e-27	119
CDF91688.1	NC_001146.8	29.474	190	752	546	735	607648	608202	5.56e-17	84.7
CDF91688.1	NC_001146.8	34.021	97	752	628	723	608935	609225	1.35e-13	73.6
CDF91689.1	NC_001147.6	82.335	1002	995	1	995	285426	282424	0.0	1737
CDF91689.1	NC_001136.10	24.673	535	995	422	938	1047631	1046099	4.04e-33	138
CDF91690.1	NC_001142.9	30.622	209	379	55	248	323647	324270	3.39e-21	94.7
CDF91691.1	NC_001138.5	67.594	503	500	1	500	165067	166563	0.0	705
CDF91692.1	NC_001138.5	42.012	169	153	1	149	167258	166755	3.13e-34	124
CDF91693.1	NC_001145.3	55.932	177	178	1	175	284102	284629	1.88e-63	209
CDF91694.1	NC_001145.3	63.840	401	421	32	418	285115	286308	9.82e-160	497
CDF91695.1	NC_001147.6	48.706	657	715	68	700	361856	363784	0.0	582
CDF91696.1	NC_001140.6	47.260	438	458	36	457	65757	64477	4.58e-126	402
CDF91697.1	NC_001140.6	35.079	382	364	14	357	64124	62985	2.06e-60	209
CDF91698.1	NC_001147.6	68.599	207	214	8	214	361075	360464	3.82e-94	299
CDF91698.1	NC_001133.9	64.563	206	214	13	214	138318	137701	4.09e-81	261
CDF91698.1	NC_001139.9	25.134	187	214	35	210	123233	122703	3.81e-12	63.5
CDF91701.1	NC_001136.10	51.339	224	235	7	229	1258035	1257382	5.94e-63	211
CDF91701.1	NC_001147.6	66.964	112	235	118	229	356862	357197	1.20e-46	164
CDF91701.1	NC_001147.6	55.372	121	235	18	136	356561	356923	3.15e-36	134
CDF91702.1	NC_001136.10	65.729	569	573	3	571	84288	85994	0.0	760
CDF91702.1	NC_001139.9	27.462	528	573	32	551	363853	362327	7.43e-46	173
CDF91702.1	NC_001143.9	22.394	518	573	51	547	122131	120647	1.67e-16	82.4
CDF91702.1	NC_001146.8	22.137	524	573	63	517	733198	731672	7.08e-13	70.5
CDF91703.1	NC_001133.9	75.862	232	272	38	269	135905	136600	5.85e-116	364
CDF91704.1	NC_001133.9	51.417	494	448	1	448	135665	134187	4.13e-153	479
CDF91705.1	NC_001133.9	48.253	601	609	49	609	132364	134073	3.32e-149	475
CDF91706.1	NC_001147.6	58.088	1088	1087	9	1087	259935	263198	0.0	1298
CDF91707.1	NC_001147.6	57.437	1264	1301	55	1301	558483	554827	0.0	1462
CDF91708.1	NC_001136.10	84.211	190	190	1	190	1222759	1223328	7.76e-111	345
CDF91708.1	NC_001143.9	40.132	152	190	23	170	83077	83493	2.23e-19	84.0
CDF91709.1	NC_001147.6	70.742	229	226	2	226	559719	559033	1.41e-107	338
CDF91710.1	NC_001136.10	69.461	167	330	163	329	1223980	1223480	4.68e-77	255
CDF91712.1	NC_001136.10	80.516	426	457	32	457	1226446	1225169	0.0	741
CDF91712.1	NC_001136.10	29.167	144	457	253	387	237128	236700	2.56e-14	74.3
CDF91712.1	NC_001136.10	32.911	158	457	239	385	1262230	1262694	4.15e-14	73.6
CDF91712.1	NC_001136.10	33.333	171	457	239	399	438626	439132	5.53e-14	73.2
CDF91712.1	NC_001136.10	31.481	162	457	239	391	237989	237510	1.55e-12	68.6
CDF91712.1	NC_001137.3	31.034	174	457	239	400	190891	190379	3.14e-16	80.5
CDF91712.1	NC_001147.6	33.775	151	457	247	387	813108	812662	1.43e-14	75.1
CDF91712.1	NC_001147.6	33.533	167	457	231	385	545584	546069	2.77e-14	74.3
CDF91712.1	NC_001144.5	30.556	144	457	252	388	914085	913657	4.37e-14	73.6
CDF91712.1	NC_001144.5	30.952	168	457	247	402	913287	912793	5.02e-13	70.5
CDF91712.1	NC_001148.4	30.968	155	457	240	387	611357	611815	6.19e-14	73.2
CDF91713.1	NC_001147.6	52.542	236	240	1	236	560677	559970	1.01e-80	262
CDF91714.1	NC_001136.10	59.146	492	490	6	485	1226822	1228285	0.0	597
CDF91715.1	NC_001136.10	74.257	101	101	1	101	1228611	1228913	1.16e-48	163
CDF91716.1	NC_001136.10	71.795	78	82	5	82	1229588	1229355	1.90e-29	107
CDF91717.1	NC_001147.6	37.647	680	1164	504	1161	562385	564187	5.19e-118	404
CDF91717.1	NC_001147.6	50.000	312	1164	20	317	561197	562105	4.89e-88	313
CDF91717.1	NC_001136.10	35.309	793	1164	407	1161	1231118	1233184	1.36e-103	360
CDF91717.1	NC_001136.10	39.650	343	1164	12	340	1230170	1231114	2.19e-55	211
CDF91718.1	NC_001136.10	77.215	79	79	1	79	1233517	1233281	7.80e-37	128
CDF91719.1	NC_001147.6	77.933	571	570	1	570	566191	564479	0.0	935
CDF91720.1	NC_001136.10	54.472	615	615	6	610	1234260	1236098	0.0	671
CDF91720.1	NC_001136.10	30.364	550	615	13	554	312438	310909	2.32e-70	246
CDF91720.1	NC_001139.9	32.397	605	615	6	604	653002	651335	5.73e-77	266
CDF91720.1	NC_001144.5	31.126	604	615	4	604	234114	232435	1.12e-75	262
CDF91720.1	NC_001144.5	30.976	594	615	11	604	410717	412369	1.88e-72	253
CDF91721.1	NC_001147.6	28.423	672	759	7	588	569486	567501	9.53e-70	249
CDF91722.1	NC_001147.6	59.942	342	367	1	319	292074	291061	7.80e-126	397
CDF91723.1	NC_001147.6	33.253	415	550	3	369	288913	290139	4.03e-51	188
CDF91723.1	NC_001138.5	31.250	144	550	10	148	167921	168337	4.42e-21	73.2
CDF91723.1	NC_001138.5	32.099	81	550	143	218	168345	168581	4.42e-21	45.8
CDF91724.1	NC_001147.6	70.332	391	492	3	389	268190	269359	0.0	576
CDF91724.1	NC_001147.6	47.214	341	492	1	332	71303	72313	4.24e-93	308
CDF91724.1	NC_001145.3	43.956	364	492	7	364	887027	888097	4.07e-92	306
CDF91724.1	NC_001145.3	42.033	364	492	43	380	696937	698022	5.93e-75	256
CDF91724.1	NC_001144.5	42.936	361	492	24	364	816190	817248	1.13e-91	304
CDF91725.1	NC_001141.2	38.132	257	406	16	251	384624	385334	1.07e-42	159
CDF91725.1	NC_001147.6	32.381	210	406	29	182	271235	270648	6.02e-20	91.3
CDF91726.1	NC_001147.6	62.921	534	548	37	546	273532	272009	0.0	585
CDF91726.1	NC_001148.4	38.961	385	548	15	381	788057	789103	3.39e-79	270
CDF91727.1	NC_001141.2	29.665	209	192	9	187	381113	381739	3.41e-25	100
CDF91728.1	NC_001141.2	46.512	129	132	7	131	381993	382376	3.68e-35	126
CDF91729.1	NC_001147.6	69.231	52	87	34	85	274233	274078	8.97e-22	86.3
CDF91730.1	NC_001147.6	87.288	236	254	1	236	255337	256044	9.74e-140	432
CDF91730.1	NC_001147.6	36.458	192	254	2	193	1018731	1018165	4.26e-31	120
CDF91730.1	NC_001139.9	34.545	220	254	4	220	761407	762054	5.23e-42	151
CDF91730.1	NC_001139.9	34.818	247	254	2	240	999125	998400	2.32e-38	140
CDF91730.1	NC_001139.9	30.939	181	254	4	183	475214	474678	1.97e-19	86.3
CDF91730.1	NC_001145.3	36.574	216	254	4	215	86727	86098	6.65e-34	128
CDF91730.1	NC_001145.3	30.802	237	254	2	233	901718	902410	1.95e-25	103
CDF91731.1	NC_001147.6	32.353	136	676	540	675	258674	259021	5.34e-17	84.3
CDF91732.1	NC_001141.2	41.000	200	209	9	207	384044	383562	1.32e-20	88.2
CDF91733.1	NC_001141.2	41.993	612	644	45	637	326226	327983	9.77e-149	476
CDF91733.1	NC_001139.9	28.842	423	644	228	637	13692	12496	3.41e-46	175
CDF91733.1	NC_001137.3	24.000	625	644	112	637	153874	155724	1.39e-45	174
CDF91733.1	NC_001146.8	26.195	481	644	196	637	737178	738530	2.91e-43	166
CDF91734.1	NC_001137.3	61.538	234	232	1	232	173338	172637	1.23e-93	298
CDF91735.1	NC_001141.2	66.412	131	171	4	134	364889	365281	3.66e-54	182
CDF91736.1	NC_001141.2	47.152	632	1577	543	1163	368732	366972	3.95e-141	483
CDF91736.1	NC_001141.2	50.649	462	1577	107	553	369476	368241	3.65e-103	366
CDF91736.1	NC_001141.2	29.487	234	1577	80	313	368483	367875	1.28e-15	81.6
CDF91736.1	NC_001141.2	30.698	215	1577	654	857	369485	368865	1.55e-13	75.1
CDF91736.1	NC_001134.8	37.132	272	1577	374	586	213741	212932	7.69e-14	75.9
CDF91736.1	NC_001134.8	35.156	128	1577	740	864	131338	130955	7.05e-13	72.8
CDF91737.1	NC_001141.2	67.816	783	1064	1	760	360396	358051	0.0	1084
CDF91737.1	NC_001141.2	36.508	126	1064	941	1064	357783	357418	4.52e-13	72.8
CDF91738.1	NC_001137.3	44.168	883	1454	579	1453	170399	167817	0.0	728
CDF91738.1	NC_001137.3	46.405	459	1454	1	450	171821	170532	1.04e-108	382
CDF91739.1	NC_001137.3	94.400	125	125	1	125	172115	172489	2.91e-76	243
CDF91740.1	NC_001141.2	40.127	157	1011	699	839	362079	362492	8.75e-13	71.6
CDF91741.1	NC_001141.2	67.361	432	418	1	417	363221	364513	1.54e-167	520
CDF91741.1	NC_001137.3	34.804	408	418	1	408	248157	247030	3.98e-67	230
CDF91741.1	NC_001146.8	53.425	73	418	1	73	507097	506882	3.52e-15	76.6
CDF91741.1	NC_001146.8	57.534	73	418	5	76	222425	222210	1.46e-14	74.7
CDF91741.1	NC_001146.8	46.667	75	418	1	75	619565	619350	6.36e-12	66.6
CDF91741.1	NC_001145.3	41.228	114	418	6	99	577778	578110	7.17e-13	69.3
CDF91742.1	NC_001145.3	64.921	191	207	1	184	422149	421577	6.41e-79	255
CDF91743.1	NC_001145.3	50.339	737	717	17	716	424707	422509	0.0	721
CDF91743.1	NC_001147.6	28.740	254	717	111	358	750186	750863	7.85e-21	97.1
CDF91744.1	NC_001145.3	79.667	300	304	4	303	425154	426053	1.06e-165	509
CDF91744.1	NC_001143.9	62.876	299	304	9	301	270638	269742	1.14e-130	408
CDF91744.1	NC_001146.8	26.667	225	304	59	269	216772	216167	1.26e-12	67.0
CDF91744.1	NC_001146.8	28.634	227	304	26	239	146423	145809	4.04e-12	65.5
CDF91745.1	NC_001143.9	42.784	977	1014	15	919	269417	266532	0.0	723
CDF91746.1	NC_001145.3	80.778	900	939	28	924	429534	426835	0.0	1533
CDF91746.1	NC_001137.3	33.013	521	939	361	827	543526	545031	9.54e-64	234
CDF91746.1	NC_001144.5	31.911	539	939	395	827	997415	998992	8.91e-58	216
CDF91746.1	NC_001143.9	31.309	527	939	339	808	406812	405283	2.53e-52	199
CDF91746.1	NC_001140.6	28.633	461	939	396	810	426055	424838	3.67e-30	128
CDF91750.1	NC_001146.8	92.593	108	108	1	108	187496	187173	2.95e-65	211
CDF91752.1	NC_001142.9	51.034	580	675	98	669	614802	613222	0.0	579
CDF91753.1	NC_001142.9	44.025	159	162	2	153	612431	612907	2.13e-39	140
CDF91754.1	NC_001146.8	71.287	404	409	3	403	182599	181388	0.0	558
CDF91755.1	NC_001146.8	44.199	543	544	5	535	181022	179409	6.91e-159	500
CDF91755.1	NC_001136.10	27.894	527	544	13	481	675547	674015	1.29e-48	180
CDF91757.1	NC_001146.8	61.338	613	591	2	586	174303	172618	0.0	663
CDF91758.1	NC_001146.8	52.529	257	267	19	266	172217	171447	2.25e-91	293
CDF91759.1	NC_001146.8	41.667	360	397	12	354	170093	171151	1.28e-89	295
CDF91760.1	NC_001146.8	45.946	222	316	109	310	168726	168061	1.49e-61	210
CDF91761.1	NC_001146.8	71.598	169	166	1	164	167790	167338	2.69e-75	243
CDF91762.1	NC_001139.9	65.678	472	478	7	478	1003941	1002526	0.0	644
CDF91764.1	NC_001136.10	52.874	348	390	46	390	568688	567726	1.91e-114	365
CDF91765.1	NC_001146.8	45.735	1231	1232	8	1227	164305	160649	0.0	1132
CDF91765.1	NC_001140.6	35.959	1257	1232	15	1230	407124	410780	0.0	781
CDF91766.1	NC_001146.8	35.553	796	803	14	796	160355	158130	2.35e-155	501
CDF91767.1	NC_001146.8	69.118	68	72	5	72	157850	157647	3.25e-28	103
CDF91768.1	NC_001146.8	45.763	177	181	6	181	157365	156862	4.69e-45	157
CDF91769.1	NC_001140.6	41.079	241	337	107	337	412076	411387	1.44e-53	188
CDF91770.1	NC_001146.8	61.325	468	475	8	472	155121	156524	0.0	624
CDF91771.1	NC_001146.8	68.062	2198	2194	11	2192	148290	154871	0.0	3200
CDF91772.1	NC_001146.8	57.009	321	297	1	297	147840	146899	9.16e-98	313
CDF91773.1	NC_001139.9	58.210	1218	1185	1	1178	245012	241377	0.0	1366
CDF91774.1	NC_001139.9	70.455	352	353	13	353	589868	590908	1.32e-163	505
CDF91775.1	NC_001139.9	67.787	1012	1028	21	1028	589385	586395	0.0	1368
CDF91776.1	NC_001139.9	68.405	326	390	66	390	585069	586046	1.48e-155	484
CDF91777.1	NC_001146.8	63.866	1071	1049	21	1049	140932	144075	0.0	1372
CDF91777.1	NC_001144.5	35.889	287	1049	762	1047	738970	738170	1.35e-45	179
CDF91777.1	NC_001144.5	28.159	277	1049	776	1045	619393	620145	1.20e-21	100
CDF91777.1	NC_001134.8	26.271	236	1049	775	981	51999	51316	3.14e-13	73.2
CDF91778.1	NC_001146.8	81.225	506	531	26	531	138868	140382	0.0	844
CDF91778.1	NC_001146.8	62.669	517	531	16	531	137490	135943	0.0	656
CDF91778.1	NC_001137.3	66.145	511	531	21	531	33229	31697	0.0	714
CDF91778.1	NC_001148.4	38.213	526	531	11	522	41238	42809	1.02e-109	358
CDF91778.1	NC_001148.4	32.941	510	531	26	522	23157	24653	2.09e-74	256
CDF91778.1	NC_001143.9	39.078	499	531	26	517	515321	516802	4.59e-105	345
CDF91778.1	NC_001147.6	38.330	527	531	26	530	988464	986905	9.40e-104	341
CDF91778.1	NC_001147.6	34.375	512	531	22	517	286394	287881	1.42e-94	314
CDF91780.1	NC_001146.8	48.771	1261	2003	1	1198	135383	131817	0.0	1048
CDF91780.1	NC_001141.2	31.414	608	2003	1216	1791	44156	45826	1.02e-73	273
CDF91781.1	NC_001146.8	47.288	590	743	8	586	129072	127408	4.64e-163	521
CDF91782.1	NC_001137.3	59.834	483	487	13	487	31218	29800	2.17e-180	560
CDF91782.1	NC_001137.3	21.359	412	487	81	434	400836	399646	1.68e-13	72.0
CDF91782.1	NC_001134.8	22.148	447	487	70	434	49508	50782	3.77e-15	77.4
CDF91782.1	NC_001141.2	23.962	313	487	89	385	199367	198465	6.98e-14	73.2
CDF91783.1	NC_001146.8	52.520	1230	1199	2	1195	122910	126593	0.0	1264
CDF91784.1	NC_001135.5	29.238	407	383	8	365	209580	208408	4.32e-38	144
CDF91784.1	NC_001137.3	31.646	316	383	45	344	41245	40349	3.32e-34	133
CDF91784.1	NC_001147.6	30.094	319	383	41	344	331815	332723	1.96e-33	131
CDF91785.1	NC_001133.9	38.365	159	515	8	165	67358	66885	1.41e-22	100
CDF91785.1	NC_001136.10	36.842	133	515	26	158	177274	177663	3.79e-19	90.1
CDF91785.1	NC_001148.4	34.722	144	515	38	157	66464	66033	2.21e-17	84.7
CDF91785.1	NC_001145.3	37.313	134	515	48	157	662818	663219	5.24e-17	83.6
CDF91785.1	NC_001144.5	32.308	130	515	29	158	562635	563015	1.32e-14	75.9
CDF91786.1	NC_001147.6	52.137	468	598	116	571	625035	626411	1.88e-137	441
CDF91787.1	NC_001135.5	52.953	1439	1427	1	1417	205394	201198	0.0	1481
CDF91788.1	NC_001140.6	45.584	351	347	9	338	462526	463572	1.12e-85	281
CDF91788.1	NC_001148.4	44.160	351	347	9	338	227347	226301	5.49e-84	276
CDF91789.1	NC_001146.8	64.000	350	350	1	350	122170	121121	2.83e-155	481
CDF91789.1	NC_001147.6	32.381	210	350	90	284	1072638	1072018	5.20e-28	114
CDF91789.1	NC_001148.4	35.429	175	350	161	328	336501	335980	5.61e-22	96.3
CDF91789.1	NC_001148.4	28.910	211	350	136	327	18399	18989	4.49e-21	93.6
CDF91789.1	NC_001137.3	23.750	240	350	82	308	323049	323747	4.55e-17	81.6
CDF91789.1	NC_001141.2	22.648	287	350	35	308	222229	221429	1.38e-16	80.1
CDF91790.1	NC_001135.5	43.284	134	129	1	129	206644	206264	5.44e-31	114
CDF91791.1	NC_001146.8	70.233	514	581	41	554	119421	120962	0.0	749
CDF91792.1	NC_001137.3	28.829	222	267	36	255	192615	191974	1.80e-16	77.8
CDF91793.1	NC_001137.3	62.528	443	460	24	457	192908	194227	0.0	593
CDF91794.1	NC_001144.5	50.460	1195	1261	52	1237	534171	530857	0.0	1157
CDF91795.1	NC_001146.8	70.961	489	482	1	482	117349	118806	0.0	706
CDF91796.1	NC_001144.5	70.774	633	707	57	689	528471	530333	0.0	910
CDF91796.1	NC_001144.5	23.917	531	707	168	656	42959	41439	1.57e-29	124
CDF91796.1	NC_001144.5	24.956	573	707	127	677	119393	121069	4.90e-27	117
CDF91796.1	NC_001144.5	31.602	231	707	462	685	118403	119053	7.14e-17	84.3
CDF91796.1	NC_001144.5	23.789	227	707	444	666	44183	43515	1.12e-11	67.4
CDF91796.1	NC_001148.4	46.217	608	707	90	695	30785	32575	6.31e-167	531
CDF91796.1	NC_001143.9	27.925	530	707	192	701	45998	44436	5.01e-58	213
CDF91796.1	NC_001143.9	25.475	526	707	165	674	44015	42465	3.41e-41	161
CDF91796.1	NC_001143.9	29.839	248	707	443	674	656932	657663	4.81e-22	100
CDF91796.1	NC_001145.3	28.270	474	707	238	688	868988	867600	7.74e-47	179
CDF91796.1	NC_001136.10	23.267	649	707	53	677	724851	723052	2.88e-33	136
CDF91796.1	NC_001136.10	23.742	497	707	221	689	726345	724978	7.01e-20	94.0
CDF91797.1	NC_001144.5	46.468	807	982	2	753	524871	527222	0.0	602
CDF91797.1	NC_001146.8	55.901	483	982	1	474	113271	114668	2.57e-167	543
CDF91797.1	NC_001146.8	26.596	470	982	597	982	115176	116450	4.97e-11	65.9
CDF91798.1	NC_001146.8	53.343	658	642	1	635	110917	112878	0.0	678
CDF91799.1	NC_001144.5	89.286	252	252	1	252	523632	524387	2.49e-155	476
CDF91800.1	NC_001136.10	45.737	739	702	16	702	1447878	1450070	0.0	628
CDF91801.1	NC_001144.5	88.372	86	88	3	88	523028	523285	3.05e-47	158
CDF91801.1	NC_001136.10	86.047	86	88	3	88	1450458	1450201	8.35e-46	154
CDF91802.1	NC_001136.10	43.519	540	517	1	517	1451353	1452915	4.21e-114	370
CDF91802.1	NC_001144.5	34.653	202	517	44	231	521868	521275	2.21e-22	100
CDF91803.1	NC_001144.5	53.214	840	776	1	775	517940	520345	0.0	808
CDF91803.1	NC_001136.10	28.177	181	776	304	484	354035	354517	7.38e-18	87.8
CDF91804.1	NC_001144.5	40.771	363	327	1	326	517670	516681	4.77e-66	223
CDF91805.1	NC_001136.10	88.918	379	382	4	382	1454449	1453313	0.0	692
CDF91805.1	NC_001144.5	88.421	380	382	1	380	515262	516401	0.0	687
CDF91806.1	NC_001136.10	45.896	268	272	6	270	1455845	1455048	2.39e-71	236
CDF91806.1	NC_001136.10	33.482	224	272	44	257	1031290	1030679	7.45e-25	102
CDF91807.1	NC_001144.5	51.142	219	195	1	195	513821	513165	1.07e-68	225
CDF91807.1	NC_001144.5	44.792	192	195	8	194	514710	514138	3.41e-51	175
CDF91808.1	NC_001136.10	42.607	913	835	4	833	1459217	1456701	0.0	582
CDF91808.1	NC_001144.5	53.161	348	835	320	657	511576	512571	1.15e-96	331
CDF91808.1	NC_001144.5	68.908	119	835	716	834	512608	512937	1.03e-47	183
CDF91808.1	NC_001144.5	63.077	65	835	2	66	511051	511245	9.91e-16	80.9
CDF91809.1	NC_001136.10	45.299	585	592	28	592	1461470	1459731	6.60e-175	549
CDF91809.1	NC_001145.3	27.605	547	592	12	534	388837	390288	7.52e-45	170
CDF91809.1	NC_001138.5	29.470	302	592	28	318	49193	49942	4.91e-26	112
CDF91809.1	NC_001138.5	33.945	109	592	437	545	50354	50677	8.74e-18	86.7
CDF91810.1	NC_001136.10	56.400	1000	1259	3	971	1465783	1463015	0.0	1016
CDF91810.1	NC_001136.10	45.055	273	1259	14	286	1412517	1413278	1.23e-63	238
CDF91810.1	NC_001136.10	35.689	283	1259	17	287	695048	695884	2.06e-45	179
CDF91810.1	NC_001136.10	29.808	312	1259	7	290	281281	280409	3.01e-32	135
CDF91810.1	NC_001136.10	52.381	147	1259	1118	1259	1462777	1462361	1.20e-31	134
CDF91810.1	NC_001136.10	28.873	284	1259	20	287	1433896	1433105	2.39e-25	113
CDF91810.1	NC_001136.10	28.692	237	1259	86	292	1395310	1396005	4.80e-22	102
CDF91810.1	NC_001136.10	27.155	232	1259	79	294	406147	405470	9.49e-22	101
CDF91810.1	NC_001136.10	31.019	216	1259	22	232	75459	74854	2.32e-21	100
CDF91810.1	NC_001136.10	28.099	242	1259	78	293	401848	401135	1.71e-19	94.4
CDF91810.1	NC_001136.10	26.582	316	1259	26	303	267815	268687	4.61e-19	92.8
CDF91810.1	NC_001136.10	30.653	199	1259	106	285	1027703	1027122	7.76e-19	92.0
CDF91810.1	NC_001136.10	27.381	252	1259	81	308	173189	173932	9.23e-17	85.1
CDF91810.1	NC_001136.10	27.064	218	1259	86	286	956349	956996	1.25e-16	84.7
CDF91810.1	NC_001136.10	24.138	290	1259	20	305	1486987	1486199	2.83e-15	80.1
CDF91810.1	NC_001136.10	32.292	192	1259	81	260	313847	313287	1.11e-12	71.6
CDF91810.1	NC_001135.5	42.831	1081	1259	17	1067	79213	81948	0.0	675
CDF91810.1	NC_001135.5	36.449	214	1259	82	285	129586	130224	4.30e-29	125
CDF91810.1	NC_001135.5	30.263	304	1259	20	301	243484	242621	5.08e-28	122
CDF91810.1	NC_001135.5	28.283	297	1259	26	292	275391	276215	8.90e-26	114
CDF91810.1	NC_001135.5	39.286	140	1259	1122	1259	81883	82272	2.23e-19	94.0
CDF91810.1	NC_001143.9	52.185	389	1259	15	366	249145	250299	1.36e-114	395
CDF91810.1	NC_001143.9	31.047	277	1259	20	290	135444	134680	1.50e-31	133
CDF91810.1	NC_001143.9	30.325	277	1259	20	292	206745	207518	1.24e-27	120
CDF91810.1	NC_001143.9	30.052	193	1259	79	233	222135	221563	1.16e-23	107
CDF91810.1	NC_001143.9	35.882	170	1259	79	229	132049	131540	9.27e-21	98.2
CDF91810.1	NC_001143.9	28.780	205	1259	26	226	183522	184082	7.23e-20	95.5
CDF91810.1	NC_001143.9	29.389	262	1259	81	303	150477	149695	1.98e-17	87.4
CDF91810.1	NC_001143.9	29.592	196	1259	67	234	69530	68946	3.00e-15	80.1
CDF91810.1	NC_001143.9	25.767	326	1259	17	286	348884	347925	4.42e-13	73.2
CDF91810.1	NC_001148.4	38.889	288	1259	17	291	285950	285120	2.34e-49	192
CDF91810.1	NC_001148.4	33.220	295	1259	17	308	268299	269102	1.65e-41	166
CDF91810.1	NC_001148.4	31.788	302	1259	15	294	263628	262783	8.20e-36	147
CDF91810.1	NC_001148.4	32.852	277	1259	20	290	166463	167227	5.02e-33	138
CDF91810.1	NC_001148.4	34.211	228	1259	79	304	157149	156487	2.45e-32	136
CDF91810.1	NC_001148.4	27.707	314	1259	24	293	492905	492036	6.44e-22	102
CDF91810.1	NC_001148.4	30.837	227	1259	79	290	288263	287592	4.33e-20	96.3
CDF91810.1	NC_001148.4	26.807	332	1259	24	294	866233	865313	6.99e-20	95.5
CDF91810.1	NC_001148.4	29.258	229	1259	81	285	501862	501200	9.54e-17	85.1
CDF91810.1	NC_001148.4	29.444	180	1259	94	232	747990	748526	7.94e-16	82.0
CDF91810.1	NC_001148.4	28.761	226	1259	81	294	474092	473487	2.60e-15	80.5
CDF91810.1	NC_001147.6	37.456	283	1259	18	293	775975	776793	1.98e-47	186
CDF91810.1	NC_001147.6	33.935	277	1259	20	290	295982	295194	1.00e-31	134
CDF91810.1	NC_001147.6	29.066	289	1259	20	291	129771	130568	3.27e-29	126
CDF91810.1	NC_001147.6	28.571	266	1259	13	272	245996	246739	4.25e-23	105
CDF91810.1	NC_001147.6	30.738	244	1259	76	293	995899	995171	9.60e-21	98.2
CDF91810.1	NC_001147.6	28.514	249	1259	21	258	824222	823545	1.95e-20	97.4
CDF91810.1	NC_001147.6	29.046	241	1259	79	303	773393	774109	1.58e-19	94.4
CDF91810.1	NC_001147.6	28.251	223	1259	79	290	105580	106242	2.49e-19	93.6
CDF91810.1	NC_001147.6	29.936	157	1259	79	232	441798	442262	1.39e-14	78.2
CDF91811.1	NC_001136.10	91.753	97	114	2	98	1469409	1469699	6.49e-56	184
CDF91812.1	NC_001135.5	65.979	194	193	1	193	73986	73408	2.34e-85	273
CDF91812.1	NC_001135.5	56.316	190	193	4	192	75273	74710	1.91e-72	236
CDF91813.1	NC_001135.5	38.430	484	479	46	478	71953	73332	8.34e-73	249
CDF91814.1	NC_001143.9	43.038	158	447	288	443	464544	464942	3.72e-28	117
CDF91814.1	NC_001142.9	42.949	156	447	288	443	290279	289881	1.14e-26	112
CDF91814.1	NC_001142.9	41.250	160	447	288	443	293897	293499	4.28e-26	110
CDF91815.1	NC_001135.5	44.737	152	525	1	147	70150	70596	1.08e-20	95.1
CDF91816.1	NC_001135.5	36.854	445	354	1	341	69921	68614	3.37e-75	251
CDF91817.1	NC_001135.5	70.307	815	813	1	813	68333	65937	0.0	1165
CDF91818.1	NC_001135.5	67.466	292	295	8	295	65553	64678	2.30e-136	424
CDF91819.1	NC_001135.5	48.876	356	324	5	324	63429	64478	5.40e-98	315
CDF91820.1	NC_001136.10	64.706	85	85	1	85	1470775	1470521	1.08e-37	131
CDF91821.1	NC_001135.5	66.667	135	156	23	155	63186	62782	3.32e-59	196
CDF91822.1	NC_001135.5	45.753	365	341	1	341	61658	62719	1.15e-95	309
CDF91823.1	NC_001136.10	62.992	127	139	13	139	1471059	1471433	1.25e-51	174
CDF91823.1	NC_001135.5	68.367	98	139	29	126	61191	60898	2.31e-43	150
CDF91825.1	NC_001136.10	44.737	456	465	14	464	1472885	1471554	5.38e-130	414
CDF91825.1	NC_001135.5	51.796	334	465	137	464	59722	60714	1.39e-110	358
CDF91826.1	NC_001135.5	59.006	161	532	338	496	57955	57476	6.03e-55	199
CDF91826.1	NC_001136.10	29.560	477	532	41	494	1473456	1474673	2.56e-42	161
CDF91827.1	NC_001135.5	56.439	528	512	1	510	56527	54959	0.0	563
CDF91828.1	NC_001135.5	40.153	782	774	46	773	52708	54876	7.67e-165	527
CDF91829.1	NC_001136.10	56.053	380	382	1	368	1477239	1478339	3.01e-128	405
CDF91830.1	NC_001135.5	55.246	467	517	23	483	50152	48770	4.73e-166	520
CDF91830.1	NC_001136.10	46.356	494	517	25	517	1478686	1480158	2.50e-137	437
CDF91830.1	NC_001147.6	25.592	211	517	29	218	852999	852370	5.74e-13	70.5
CDF91830.1	NC_001141.2	27.972	143	517	1	139	345698	346117	1.70e-11	65.9
CDF91831.1	NC_001135.5	46.875	416	399	1	377	48364	47198	1.24e-99	323
CDF91832.1	NC_001135.5	39.159	761	734	1	733	46884	44626	9.50e-158	505
CDF91833.1	NC_001136.10	58.779	131	131	1	129	1480425	1480817	7.92e-47	159
CDF91833.1	NC_001146.8	50.562	89	131	41	129	372151	371888	2.31e-24	95.5
CDF91833.1	NC_001144.5	45.631	103	131	27	129	1031719	1032006	6.59e-22	88.6
CDF91833.1	NC_001145.3	49.462	93	131	37	129	120367	120098	2.73e-20	84.0
CDF91834.1	NC_001135.5	45.455	253	261	12	253	44428	43685	1.34e-60	205
CDF91835.1	NC_001136.10	54.132	726	729	27	724	1483265	1481112	0.0	730
CDF91836.1	NC_001135.5	52.792	394	478	38	422	42231	43412	4.80e-124	397
CDF91836.1	NC_001136.10	47.015	402	478	59	459	1485057	1483861	1.97e-104	340
CDF91836.1	NC_001136.10	30.450	289	478	119	407	563731	564588	2.05e-33	133
CDF91836.1	NC_001134.8	32.468	308	478	100	407	393600	394511	6.14e-43	162
CDF91837.1	NC_001136.10	57.819	486	470	5	465	1487017	1485581	1.00e-179	557
CDF91837.1	NC_001136.10	30.935	278	470	21	269	173069	173878	1.01e-25	110
CDF91837.1	NC_001136.10	28.283	297	470	15	272	281251	280400	1.33e-24	106
CDF91837.1	NC_001136.10	31.313	198	470	14	208	1412532	1413110	8.39e-21	94.7
CDF91837.1	NC_001136.10	27.305	282	470	13	276	1433902	1433075	2.97e-20	93.2
CDF91837.1	NC_001136.10	23.887	247	470	1	223	1395121	1395837	5.28e-19	89.4
CDF91837.1	NC_001136.10	24.286	280	470	19	269	695069	695893	8.03e-18	85.5
CDF91837.1	NC_001136.10	26.794	209	470	77	264	1027727	1027122	6.59e-17	82.8
CDF91837.1	NC_001136.10	26.165	279	470	19	269	401962	401144	7.14e-17	82.4
CDF91837.1	NC_001136.10	24.823	282	470	10	266	1465738	1464929	3.35e-15	77.4
CDF91837.1	NC_001136.10	25.172	290	470	15	272	267797	268657	5.18e-15	76.6
CDF91837.1	NC_001136.10	25.123	203	470	21	213	75447	74857	4.76e-11	63.9
CDF91837.1	NC_001136.10	26.341	205	470	14	215	313970	313359	8.78e-11	63.2
CDF91837.1	NC_001140.6	44.488	254	470	19	269	316650	317399	2.17e-62	218
CDF91837.1	NC_001140.6	37.367	281	470	2	276	96119	95304	6.22e-49	179
CDF91837.1	NC_001140.6	28.421	285	470	10	278	510584	511402	8.87e-25	107
CDF91837.1	NC_001140.6	28.188	149	470	77	215	271110	270679	7.20e-14	73.2
CDF91837.1	NC_001140.6	33.000	100	470	118	212	169948	169652	8.33e-11	63.2
CDF91837.1	NC_001147.6	36.585	246	470	35	269	105514	106242	5.20e-43	162
CDF91837.1	NC_001147.6	34.701	268	470	21	269	773279	774064	5.56e-36	140
CDF91837.1	NC_001147.6	26.113	337	470	13	329	129765	130754	2.07e-22	99.8
CDF91837.1	NC_001147.6	27.106	273	470	15	275	295982	295176	2.98e-21	96.3
CDF91837.1	NC_001147.6	28.111	217	470	6	213	775963	776598	6.77e-17	82.8
CDF91837.1	NC_001147.6	28.070	228	470	16	214	996025	995357	2.46e-16	80.9
CDF91837.1	NC_001147.6	27.523	218	470	15	220	246017	246661	1.66e-13	72.0
CDF91837.1	NC_001147.6	26.457	223	470	12	212	79371	78739	2.25e-13	71.6
CDF91837.1	NC_001133.9	39.483	271	470	12	280	175072	174293	5.97e-43	161
CDF91837.1	NC_001133.9	23.718	312	470	21	265	171613	170687	3.34e-17	83.6
CDF91837.1	NC_001133.9	28.571	217	470	15	220	123510	124154	4.34e-15	77.0
CDF91837.1	NC_001146.8	34.364	291	470	11	270	70538	71392	2.06e-40	154
CDF91837.1	NC_001146.8	30.634	284	470	21	264	681620	680775	1.64e-29	121
CDF91837.1	NC_001146.8	28.873	284	470	19	268	710020	710850	4.01e-23	102
CDF91837.1	NC_001146.8	29.949	197	470	86	265	597227	596658	2.30e-15	77.8
CDF91837.1	NC_001146.8	26.047	215	470	21	220	57453	56836	1.73e-11	65.5
CDF91837.1	NC_001146.8	30.345	145	470	19	160	333662	334087	6.77e-11	63.5
CDF91838.1	NC_001136.10	50.825	303	515	213	499	1488477	1487578	2.17e-86	290
CDF91838.1	NC_001141.2	40.000	110	515	224	329	273789	273472	1.65e-13	72.4
CDF91840.1	NC_001141.2	33.193	238	229	2	226	412761	412054	3.95e-40	145
CDF91841.1	NC_001136.10	55.165	455	462	1	449	1491094	1492401	9.25e-160	499
CDF91842.1	NC_001136.10	70.604	364	363	4	363	1498244	1499299	6.61e-153	475
CDF91843.1	NC_001135.5	58.879	321	322	7	322	38795	37839	4.25e-125	393
CDF91843.1	NC_001136.10	56.231	329	322	4	322	1497774	1496794	1.37e-115	366
CDF91844.1	NC_001136.10	79.528	127	127	1	127	1496548	1496168	3.19e-68	220
CDF91845.1	NC_001135.5	39.019	428	420	1	415	35393	34164	3.55e-90	297
CDF91846.1	NC_001135.5	71.890	836	836	1	829	31449	33950	0.0	1206
CDF91846.1	NC_001134.8	43.056	216	836	7	212	365713	365069	9.67e-41	161
CDF91846.1	NC_001139.9	35.714	98	836	14	108	253748	253458	3.72e-11	65.9
CDF91847.1	NC_001135.5	76.797	306	317	12	317	28013	28930	2.85e-168	516
CDF91850.1	NC_001135.5	59.286	700	714	22	713	24798	26897	0.0	858
CDF91850.1	NC_001143.9	26.571	557	714	174	698	190833	189193	1.13e-41	163
CDF91851.1	NC_001135.5	63.158	95	84	1	82	24325	24041	7.36e-33	117
CDF91852.1	NC_001135.5	33.684	95	112	20	112	23644	23922	4.62e-11	56.6
CDF91853.1	NC_001135.5	84.713	314	314	1	313	23379	22438	2.17e-175	537
CDF91854.1	NC_001135.5	38.806	871	944	150	915	21410	18930	1.99e-113	384
CDF91855.1	NC_001135.5	39.551	445	425	4	422	17305	18549	6.63e-58	204
CDF91857.1	NC_001144.5	41.872	203	209	4	194	246965	246372	5.50e-44	155
CDF91858.1	NC_001144.5	43.798	258	250	4	250	247207	247950	2.21e-58	198
CDF91859.1	NC_001138.5	74.900	502	495	1	495	95010	93505	0.0	786
CDF91860.1	NC_001144.5	51.837	490	847	12	492	250870	249479	1.23e-153	498
CDF91860.1	NC_001144.5	43.750	176	847	644	819	249289	248819	4.33e-35	143
CDF91862.1	NC_001138.5	37.321	836	755	4	752	90986	93355	3.14e-126	415
CDF91864.1	NC_001138.5	48.008	1054	1040	1	1028	87234	84163	0.0	945
CDF91865.1	NC_001138.5	48.370	368	452	1	354	82601	83704	3.75e-105	342
CDF91866.1	NC_001138.5	33.996	503	556	47	540	81786	80440	7.14e-84	284
CDF91867.1	NC_001144.5	68.072	498	669	185	669	252738	251275	0.0	695
CDF91868.1	NC_001138.5	66.545	275	276	3	266	80201	79377	5.39e-117	367
CDF91869.1	NC_001144.5	65.668	367	366	1	366	253861	254955	1.28e-166	514
CDF91870.1	NC_001138.5	43.889	360	367	13	364	79122	78067	7.69e-93	302
CDF91870.1	NC_001134.8	30.741	270	367	24	287	560171	560797	4.56e-17	81.6
CDF91870.1	NC_001134.8	28.488	172	367	131	299	192787	193275	5.55e-13	69.3
CDF91870.1	NC_001134.8	34.821	112	367	123	230	295273	294947	3.27e-11	63.5
CDF91870.1	NC_001148.4	30.244	205	367	40	244	492797	492297	2.09e-15	76.6
CDF91870.1	NC_001148.4	34.234	111	367	131	240	666703	667029	8.72e-15	74.7
CDF91870.1	NC_001148.4	25.993	277	367	28	289	866152	865487	2.42e-13	70.5
CDF91870.1	NC_001148.4	24.599	187	367	46	232	474089	473637	4.41e-12	66.2
CDF91870.1	NC_001143.9	30.872	149	367	135	283	183813	184172	7.71e-14	72.0
CDF91870.1	NC_001143.9	36.893	103	367	131	232	150303	150013	6.57e-11	62.8
CDF91870.1	NC_001136.10	39.831	118	367	135	242	1395472	1395807	3.19e-13	70.1
CDF91870.1	NC_001136.10	27.500	240	367	50	289	267941	268483	3.21e-12	66.6
CDF91872.1	NC_001144.5	38.232	871	797	1	781	255306	257849	3.50e-166	532
CDF91873.1	NC_001144.5	87.420	469	469	1	469	259401	257995	0.0	877
CDF91873.1	NC_001134.8	60.128	469	469	5	468	736324	737724	0.0	583
CDF91874.1	NC_001138.5	58.201	378	370	2	370	76843	77976	1.43e-142	446
CDF91875.1	NC_001144.5	66.321	193	251	33	219	260397	259819	3.82e-85	275
CDF91876.1	NC_001138.5	48.952	1765	1569	30	1569	74310	69127	0.0	1381
CDF91876.1	NC_001138.5	29.221	154	1569	694	843	173775	173317	1.95e-11	68.2
CDF91876.1	NC_001146.8	46.497	157	1569	694	850	333644	334108	3.93e-37	152
CDF91876.1	NC_001146.8	36.957	138	1569	990	1126	710551	710931	4.03e-25	113
CDF91876.1	NC_001146.8	38.971	136	1569	992	1124	334313	334696	5.98e-25	112
CDF91876.1	NC_001146.8	33.000	200	1569	648	842	709861	710451	7.44e-25	112
CDF91876.1	NC_001146.8	30.986	142	1569	702	843	681620	681195	1.72e-15	81.3
CDF91876.1	NC_001146.8	26.277	274	1569	619	841	70244	71056	7.04e-12	69.3
CDF91876.1	NC_001139.9	42.675	157	1569	691	847	668702	669166	1.73e-30	130
CDF91876.1	NC_001139.9	36.029	136	1569	992	1125	669317	669706	9.51e-17	85.5
CDF91876.1	NC_001139.9	31.515	165	1569	693	842	164953	164459	1.96e-13	74.7
CDF91876.1	NC_001139.9	30.464	151	1569	693	829	207384	207836	1.96e-11	68.2
CDF91876.1	NC_001148.4	39.583	192	1569	663	847	747690	748259	1.77e-30	130
CDF91876.1	NC_001148.4	36.842	152	1569	692	843	166451	166903	1.91e-29	127
CDF91876.1	NC_001148.4	36.601	153	1569	992	1139	166934	167365	1.30e-22	104
CDF91876.1	NC_001148.4	32.667	150	1569	992	1139	748410	748820	1.87e-17	87.8
CDF91876.1	NC_001148.4	33.835	133	1569	710	842	157242	156847	7.91e-17	85.9
CDF91876.1	NC_001148.4	28.916	166	1569	682	844	263646	263158	1.24e-16	85.1
CDF91876.1	NC_001148.4	32.121	165	1569	687	844	492944	492465	7.33e-14	75.9
CDF91876.1	NC_001148.4	30.128	156	1569	693	848	268299	268742	1.03e-13	75.5
CDF91876.1	NC_001148.4	29.221	154	1569	695	842	288398	287943	1.23e-12	72.0
CDF91876.1	NC_001148.4	31.847	157	1569	696	841	285941	285474	1.77e-11	68.2
CDF91876.1	NC_001148.4	33.333	120	1569	977	1096	156849	156529	2.15e-11	67.8
CDF91876.1	NC_001142.9	34.146	164	1569	680	843	110949	110461	7.65e-30	128
CDF91876.1	NC_001142.9	31.765	170	1569	680	843	250723	251232	1.46e-21	101
CDF91876.1	NC_001142.9	35.652	115	1569	992	1104	110430	110113	9.18e-20	95.5
CDF91877.1	NC_001144.5	77.143	595	594	1	594	260979	262763	0.0	981
CDF91878.1	NC_001138.5	55.506	1126	1068	1	1068	65477	68695	0.0	1094
CDF91879.1	NC_001144.5	87.037	108	119	5	112	263595	263918	3.14e-49	166
CDF91879.1	NC_001138.5	83.333	108	119	5	112	64599	64276	4.69e-48	162
CDF91880.1	NC_001144.5	52.454	326	315	5	314	264283	265248	5.33e-107	341
CDF91881.1	NC_001138.5	81.495	281	274	7	274	63861	63025	4.02e-148	457
CDF91881.1	NC_001141.2	34.483	174	274	96	267	166911	167432	2.40e-34	130
CDF91882.1	NC_001138.5	63.903	1363	1310	1	1310	58782	62834	0.0	1778
CDF91883.1	NC_001144.5	47.925	265	259	3	259	265483	266274	3.48e-71	235
CDF91885.1	NC_001138.5	88.517	209	209	1	209	55986	55369	5.92e-121	375
CDF91885.1	NC_001138.5	54.438	169	209	5	173	130382	130885	9.38e-59	197
CDF91885.1	NC_001137.3	46.047	215	209	4	209	214723	214079	5.80e-52	178
CDF91885.1	NC_001139.9	44.393	214	209	4	209	93816	94457	4.35e-50	172
CDF91885.1	NC_001139.9	36.810	163	209	9	169	795483	794998	4.10e-27	106
CDF91885.1	NC_001147.6	34.804	204	209	9	209	490807	490205	2.96e-35	130
CDF91885.1	NC_001147.6	36.517	178	209	9	185	515274	515780	1.38e-24	99.8
CDF91885.1	NC_001147.6	31.677	161	209	9	169	682067	681594	2.70e-23	95.9
CDF91885.1	NC_001145.3	38.421	190	209	1	183	267174	267731	7.31e-35	129
CDF91885.1	NC_001145.3	25.980	204	209	13	190	145804	145199	8.15e-16	73.9
CDF91886.1	NC_001144.5	38.462	182	173	1	173	266918	266376	5.85e-38	136
CDF91887.1	NC_001138.5	98.387	372	375	4	375	54378	53263	0.0	769
CDF91887.1	NC_001140.6	47.222	360	375	8	364	364111	363032	6.83e-114	363
CDF91887.1	NC_001136.10	46.154	377	375	8	368	399481	400611	1.01e-113	363
CDF91887.1	NC_001142.9	36.036	444	375	7	372	559137	557833	1.91e-73	247
CDF91887.1	NC_001142.9	25.862	290	375	4	264	285235	284387	5.57e-23	99.8
CDF91887.1	NC_001142.9	36.301	146	375	224	366	284248	283835	2.29e-21	95.1
CDF91887.1	NC_001146.8	28.261	230	375	6	228	514824	514150	6.32e-24	102
CDF91888.1	NC_001138.5	39.034	497	509	5	497	51413	52900	3.04e-122	393
CDF91888.1	NC_001138.5	19.444	504	509	14	506	112507	113979	2.35e-19	90.9
CDF91888.1	NC_001136.10	21.839	435	509	48	474	1508233	1509474	1.60e-24	107
CDF91888.1	NC_001136.10	22.883	437	509	59	478	213810	215045	7.01e-18	86.3
CDF91888.1	NC_001136.10	21.042	480	509	14	474	1161110	1159731	7.72e-18	85.9
CDF91888.1	NC_001136.10	21.042	480	509	14	474	1155718	1154339	7.72e-18	85.9
CDF91888.1	NC_001136.10	20.868	484	509	11	474	111877	113253	2.40e-17	84.3
CDF91888.1	NC_001136.10	20.632	475	509	14	471	1445194	1443833	4.20e-17	83.6
CDF91888.1	NC_001136.10	21.097	474	509	14	474	1164459	1163080	4.31e-17	83.6
CDF91888.1	NC_001136.10	20.000	520	509	15	494	13162	11666	1.80e-15	78.6
CDF91888.1	NC_001136.10	22.500	480	509	38	507	102906	101608	1.21e-13	72.8
CDF91888.1	NC_001144.5	21.002	519	509	13	505	290425	291891	1.07e-19	92.0
CDF91888.1	NC_001142.9	20.082	488	509	4	472	19647	21074	4.85e-19	89.7
CDF91888.1	NC_001142.9	21.063	527	509	7	493	27067	28584	5.21e-18	86.7
CDF91888.1	NC_001142.9	19.406	505	509	15	488	732638	734104	1.32e-14	75.9
CDF91888.1	NC_001140.6	20.545	477	509	14	474	288583	287204	5.15e-19	89.7
CDF91888.1	NC_001140.6	21.398	472	509	19	474	292400	291036	6.16e-17	83.2
CDF91888.1	NC_001140.6	20.213	470	509	19	475	296159	294792	2.07e-14	75.1
CDF91889.1	NC_001144.5	51.630	184	186	1	183	267169	267714	2.63e-62	206
CDF91890.1	NC_001144.5	45.717	969	941	1	939	270713	267816	0.0	891
CDF91891.1	NC_001142.9	40.878	296	997	716	997	399827	398940	1.19e-65	241
CDF91891.1	NC_001142.9	34.302	516	997	1	442	402410	400929	2.76e-52	199
CDF91892.1	NC_001144.5	58.000	150	151	1	150	271008	271457	4.66e-50	170
CDF91893.1	NC_001144.5	83.014	730	762	33	762	273819	271633	0.0	1295
CDF91893.1	NC_001144.5	34.783	161	762	67	225	715215	715679	4.02e-19	91.7
CDF91893.1	NC_001142.9	35.104	527	762	67	551	231412	232962	1.42e-78	275
CDF91893.1	NC_001147.6	37.500	152	762	67	206	575143	575583	8.71e-19	90.5
CDF91893.1	NC_001136.10	37.500	152	762	67	206	1243275	1243715	8.71e-19	90.5
CDF91893.1	NC_001146.8	38.411	151	762	70	207	330019	329591	4.17e-14	75.5
CDF91894.1	NC_001138.5	67.541	610	618	4	611	49151	50974	0.0	877
CDF91894.1	NC_001145.3	46.865	606	618	5	608	388846	390615	8.13e-174	546
CDF91894.1	NC_001136.10	29.107	560	618	19	518	1461473	1459899	1.15e-52	194
CDF91895.1	NC_001144.5	58.349	1090	1042	1	1020	278626	275399	0.0	1254
CDF91896.1	NC_001138.5	39.927	546	811	173	710	47468	45975	3.67e-122	405
CDF91896.1	NC_001144.5	44.570	442	811	269	702	279327	280589	4.52e-111	372
CDF91896.1	NC_001136.10	29.493	434	811	270	698	1123008	1121884	5.25e-44	171
CDF91896.1	NC_001136.10	32.323	198	811	537	732	1121730	1121182	2.97e-24	108
CDF91896.1	NC_001140.6	46.281	121	811	270	388	265218	264856	4.69e-30	127
CDF91896.1	NC_001140.6	33.871	248	811	483	725	264720	263992	1.96e-28	122
CDF91896.1	NC_001140.6	27.660	282	811	542	811	263904	263101	2.16e-21	99.4
CDF91897.1	NC_001138.5	48.544	309	307	1	306	45560	44658	3.30e-89	289
CDF91898.1	NC_001144.5	73.427	143	165	1	143	282456	282028	1.17e-70	229
CDF91899.1	NC_001144.5	91.855	221	223	1	221	282927	283589	5.16e-139	428
CDF91901.1	NC_001138.5	72.330	206	207	4	207	42818	43435	3.97e-98	310
CDF91902.1	NC_001144.5	42.761	594	580	1	578	283872	285614	1.13e-142	455
CDF91903.1	NC_001144.5	51.562	256	248	2	248	286467	285739	6.51e-69	228
CDF91904.1	NC_001144.5	38.144	291	281	1	269	286820	287668	5.30e-38	140
CDF91905.1	NC_001138.5	58.889	720	722	1	717	40421	42559	0.0	904
CDF91907.1	NC_001138.5	55.455	440	419	1	419	40162	38846	1.32e-161	503
CDF91907.1	NC_001144.5	43.198	419	419	6	419	288003	289247	1.81e-104	338
CDF91908.1	NC_001138.5	48.803	543	539	6	529	36875	38500	1.96e-149	473
CDF91909.1	NC_001145.3	63.736	364	366	1	364	10198	11286	5.76e-150	466
CDF91910.1	NC_001139.9	60.814	393	393	1	393	20978	22105	1.61e-157	489
CDF91910.1	NC_001144.5	31.618	408	393	41	393	404011	402797	2.05e-60	210
CDF91915.1	NC_001144.5	59.894	379	409	23	400	26910	25777	4.87e-156	486
CDF91916.1	NC_001136.10	36.661	551	553	5	545	946825	948435	2.81e-95	317
CDF91916.1	NC_001134.8	27.338	278	553	124	397	641979	641185	1.51e-12	69.3
CDF91917.1	NC_001140.6	35.199	679	669	2	618	74232	72202	1.66e-128	418
CDF91918.1	NC_001147.6	68.023	516	516	1	513	1049511	1051043	0.0	711
CDF91918.1	NC_001145.3	40.734	518	516	12	509	38268	39788	1.34e-108	354
CDF91918.1	NC_001145.3	39.167	480	516	45	516	826150	824732	1.64e-98	325
CDF91919.1	NC_001147.6	31.025	361	357	11	346	43700	44701	1.56e-30	121
CDF91919.1	NC_001136.10	28.492	358	357	9	346	1520692	1519685	5.87e-27	111
CDF91919.1	NC_001139.9	27.926	376	357	11	347	209024	210031	5.16e-26	108
CDF91919.1	NC_001139.9	27.807	374	357	7	347	423970	424989	5.41e-26	108
CDF91920.1	NC_001147.6	25.905	359	471	43	387	58909	59868	2.55e-18	87.0
CDF91920.1	NC_001146.8	26.923	286	471	44	311	734459	735298	3.28e-16	80.5
CDF91920.1	NC_001144.5	24.648	284	471	103	383	1012801	1013589	3.06e-15	77.4
CDF91922.1	NC_001144.5	41.732	254	258	5	254	395511	394780	2.29e-58	198
CDF91923.1	NC_001141.2	58.850	226	234	9	233	435959	435282	1.38e-89	287
CDF91924.1	NC_001134.8	55.657	548	534	1	533	254206	252572	0.0	641
CDF91924.1	NC_001134.8	25.069	363	534	49	376	589963	590985	8.18e-19	89.4
CDF91924.1	NC_001134.8	28.144	167	534	105	271	323582	323088	1.24e-13	72.8
CDF91924.1	NC_001140.6	30.040	506	534	37	532	204652	206136	1.23e-66	233
CDF91924.1	NC_001144.5	28.601	479	534	64	532	85161	86549	7.89e-60	213
CDF91924.1	NC_001147.6	28.000	500	534	66	532	836230	834779	8.25e-59	210
CDF91924.1	NC_001148.4	29.231	520	534	25	531	839426	837942	1.99e-53	194
CDF91925.1	NC_001143.9	33.261	460	664	7	447	5578	4208	7.85e-76	264
CDF91925.1	NC_001147.6	27.504	669	664	3	623	654261	656234	3.62e-53	197
CDF91925.1	NC_001147.6	23.043	690	664	7	630	641860	639857	4.72e-39	154
CDF91925.1	NC_001144.5	25.624	441	664	8	423	677658	676411	5.85e-24	106
CDF91926.1	NC_001147.6	49.555	337	343	1	336	43694	44701	3.32e-105	337
CDF91926.1	NC_001136.10	51.039	337	343	2	336	1520689	1519685	1.42e-102	329
CDF91926.1	NC_001139.9	45.954	346	343	2	341	209021	210043	5.99e-95	307
CDF91926.1	NC_001139.9	45.029	342	343	3	341	423982	425001	2.07e-91	297
CDF91927.1	NC_001141.2	41.085	129	260	129	256	39763	40128	2.60e-22	94.7
CDF91928.1	NC_001141.2	67.146	417	411	1	411	41444	40194	0.0	585
CDF91928.1	NC_001148.4	35.854	410	411	19	411	498075	499286	8.50e-58	203
CDF91929.1	NC_001141.2	49.322	590	1356	789	1356	44357	45949	3.09e-162	540
CDF91929.1	NC_001146.8	34.917	484	1356	808	1273	131327	129897	1.38e-84	305
CDF91930.1	NC_001143.9	41.096	365	333	5	329	639953	638904	4.35e-67	227
CDF91930.1	NC_001141.2	32.331	133	333	1	133	46201	46512	2.30e-13	69.7
CDF91931.1	NC_001141.2	56.291	151	179	22	172	47422	46970	3.66e-56	188
CDF91932.1	NC_001141.2	78.261	69	73	5	73	47764	47970	2.28e-33	118
CDF91933.1	NC_001143.9	39.544	746	747	3	684	635860	638028	4.31e-137	446
CDF91934.1	NC_001141.2	44.636	1100	1038	7	1037	48133	51297	0.0	835
CDF91934.1	NC_001143.9	48.560	486	1038	554	1037	634366	633059	1.20e-139	464
CDF91934.1	NC_001143.9	40.940	149	1038	15	163	635164	634721	1.32e-28	123
CDF91934.1	NC_001137.3	25.182	548	1038	326	818	459743	458172	1.53e-32	136
CDF91934.1	NC_001136.10	32.773	238	1038	580	805	586036	585359	2.41e-27	119
CDF91934.1	NC_001142.9	28.846	208	1038	576	765	64882	65475	6.83e-13	72.0
CDF91935.1	NC_001141.2	64.967	608	643	47	643	53585	51762	0.0	800
CDF91936.1	NC_001141.2	52.514	358	347	5	347	55018	53984	1.32e-83	275
CDF91937.1	NC_001141.2	57.307	349	410	9	351	55234	56277	2.91e-127	403
CDF91937.1	NC_001148.4	34.629	283	410	52	325	265142	265978	1.02e-39	150
CDF91938.1	NC_001143.9	83.364	547	548	1	547	631152	632792	0.0	981
CDF91940.1	NC_001143.9	59.459	962	1255	310	1255	627597	630377	0.0	1114
CDF91940.1	NC_001141.2	53.285	959	1255	307	1255	60103	57341	0.0	1032
CDF91941.1	NC_001143.9	57.333	75	84	10	84	625978	626202	4.96e-25	95.1
CDF91943.1	NC_001141.2	50.515	582	573	1	572	62728	61016	0.0	579
CDF91944.1	NC_001143.9	40.696	1752	1815	22	1717	619874	625006	0.0	1077
CDF91944.1	NC_001141.2	28.282	1828	1815	22	1806	68055	63031	4.90e-150	515
CDF91945.1	NC_001141.2	99.200	125	128	4	128	69151	69525	8.34e-80	253
CDF91945.1	NC_001143.9	99.200	125	128	4	128	618373	617999	8.67e-80	253
CDF91945.1	NC_001144.5	98.701	77	128	1	77	65207	64977	7.54e-46	156
CDF91945.1	NC_001144.5	98.701	77	128	1	77	64979	64749	8.15e-46	156
CDF91945.1	NC_001144.5	98.701	77	128	1	77	64751	64521	8.15e-46	156
CDF91945.1	NC_001144.5	98.701	77	128	1	77	64523	64293	8.15e-46	156
CDF91945.1	NC_001144.5	100.000	76	128	1	76	498947	499174	1.56e-45	155
CDF91945.1	NC_001144.5	100.000	76	128	1	76	64295	64068	1.67e-45	155
CDF91945.1	NC_001136.10	56.000	50	128	1	50	733924	733775	3.97e-14	62.0
CDF91945.1	NC_001136.10	34.286	70	128	51	114	733701	733498	3.97e-14	30.0
CDF91946.1	NC_001141.2	60.099	1213	1131	10	1095	73426	69824	0.0	1286
CDF91947.1	NC_001141.2	37.689	528	496	7	496	75683	74187	4.67e-89	297
CDF91948.1	NC_001143.9	70.370	540	617	54	588	615901	617517	0.0	793
CDF91949.1	NC_001141.2	45.172	290	294	27	291	77211	76366	1.30e-68	229
CDF91950.1	NC_001141.2	50.075	665	671	12	660	78104	80077	0.0	660
CDF91951.1	NC_001141.2	83.624	861	858	1	858	83041	80513	0.0	1466
CDF91952.1	NC_001143.9	83.333	90	522	433	522	612937	612668	8.48e-49	180
CDF91953.1	NC_001147.6	38.115	244	406	56	281	479758	480327	1.06e-28	117
CDF91953.1	NC_001143.9	35.602	191	406	104	278	611771	612256	7.35e-18	84.7
CDF91954.1	NC_001143.9	38.889	522	683	280	682	609516	611063	3.51e-98	330
CDF91954.1	NC_001143.9	40.288	139	683	1	130	608946	609314	3.17e-11	65.5
CDF91956.1	NC_001140.6	50.213	235	695	33	245	367634	366930	7.95e-70	247
CDF91956.1	NC_001146.8	40.000	140	695	569	693	353233	352847	4.62e-22	100
CDF91957.1	NC_001148.4	31.956	363	428	47	391	318804	317749	9.68e-48	174
CDF91959.1	NC_001140.6	57.825	377	382	3	379	364141	363011	1.60e-147	460
CDF91959.1	NC_001138.5	47.027	370	382	13	381	54366	53266	1.34e-115	369
CDF91959.1	NC_001136.10	35.200	375	382	13	372	399481	400599	5.38e-74	249
CDF91959.1	NC_001142.9	29.252	441	382	6	372	559155	557857	7.35e-45	164
CDF91959.1	NC_001142.9	25.751	233	382	13	243	285223	284570	5.49e-16	78.6
CDF91959.1	NC_001142.9	31.915	94	382	281	372	284122	283841	1.10e-11	65.5
CDF91959.1	NC_001146.8	27.572	243	382	4	237	514851	514144	5.57e-18	84.7
CDF91960.1	NC_001140.6	84.722	216	216	1	216	362115	362762	8.78e-125	387
CDF91960.1	NC_001146.8	31.455	213	216	9	214	648290	648925	3.28e-26	104
CDF91961.1	NC_001146.8	62.281	114	118	5	116	351048	351380	2.20e-43	149
CDF91962.1	NC_001146.8	32.296	257	241	1	241	350671	349910	1.25e-34	129
CDF91963.1	NC_001146.8	40.909	110	139	9	118	349753	349439	1.45e-22	90.9
CDF91964.1	NC_001146.8	61.345	238	240	13	240	348482	347769	1.10e-71	236
CDF91965.1	NC_001146.8	50.827	423	395	1	395	346313	347536	3.03e-115	368
CDF91966.1	NC_001146.8	46.225	1616	1579	21	1579	365648	360927	0.0	1407
CDF91967.1	NC_001146.8	50.000	62	82	11	72	366188	366373	3.83e-16	69.7
CDF91968.1	NC_001140.6	43.038	237	190	1	184	360913	361620	1.79e-45	158
CDF91969.1	NC_001146.8	58.131	535	537	6	537	366753	368318	0.0	619
CDF91970.1	NC_001146.8	63.655	487	482	1	482	370055	368598	0.0	632
CDF91971.1	NC_001146.8	49.689	161	305	1	142	370368	370820	1.56e-45	163
CDF91972.1	NC_001146.8	90.351	114	114	1	114	372226	371885	4.07e-67	216
CDF91972.1	NC_001136.10	54.286	105	114	11	114	1480506	1480820	1.91e-30	112
CDF91972.1	NC_001145.3	42.478	113	114	2	114	120424	120095	1.04e-21	87.4
CDF91972.1	NC_001144.5	40.708	113	114	2	114	1031680	1032009	2.08e-21	86.3
CDF91973.1	NC_001146.8	55.882	374	370	2	370	373572	372457	7.77e-131	412
CDF91973.1	NC_001135.5	54.133	375	370	1	370	305485	304367	7.11e-123	389
CDF91973.1	NC_001144.5	53.867	375	370	1	370	1060881	1059763	2.11e-121	385
CDF91976.1	NC_001144.5	69.437	373	417	43	415	26886	25768	4.05e-179	553
CDF91977.1	NC_001148.4	86.834	319	319	1	319	39121	40074	0.0	586
CDF91978.1	NC_001148.4	39.111	225	223	1	223	38169	38792	2.46e-37	136
CDF91979.1	NC_001148.4	51.737	806	821	25	820	35458	37839	0.0	797
CDF91980.1	NC_001148.4	37.349	581	572	13	540	33067	34785	4.42e-107	352
CDF91981.1	NC_001148.4	65.650	754	730	3	730	30578	32794	0.0	931
CDF91981.1	NC_001148.4	28.244	262	730	399	640	274989	275714	1.80e-14	76.3
CDF91981.1	NC_001144.5	44.477	679	730	1	667	528312	530324	1.66e-173	551
CDF91981.1	NC_001144.5	26.439	556	730	142	658	42959	41379	6.44e-35	142
CDF91981.1	NC_001144.5	28.022	546	730	146	658	119480	121069	3.44e-34	139
CDF91981.1	NC_001144.5	22.385	478	730	188	647	44888	43515	3.52e-21	98.2
CDF91981.1	NC_001144.5	22.556	532	730	230	721	117731	119218	3.53e-20	95.1
CDF91981.1	NC_001143.9	30.129	541	730	156	669	44006	42426	2.30e-56	208
CDF91981.1	NC_001143.9	29.422	554	730	174	697	46001	44394	5.49e-50	189
CDF91981.1	NC_001143.9	24.157	534	730	157	651	656122	657633	2.59e-30	127
CDF91981.1	NC_001143.9	28.179	291	730	410	675	654976	655836	7.63e-16	80.9
CDF91981.1	NC_001145.3	29.583	551	730	139	665	869177	867612	2.65e-53	199
CDF91981.1	NC_001140.6	29.699	532	730	170	655	29576	28071	1.42e-38	153
CDF91981.1	NC_001140.6	24.733	469	730	202	652	31427	30072	9.66e-19	90.5
CDF91982.1	NC_001148.4	48.387	62	62	1	62	30079	30264	8.62e-18	73.6
CDF91983.1	NC_001137.3	49.200	1063	1046	1	1044	51539	48486	0.0	901
CDF91984.1	NC_001137.3	52.660	564	550	2	547	43258	44919	1.07e-180	563
CDF91986.1	NC_001136.10	37.028	424	417	7	417	1102190	1103425	3.21e-73	248
CDF91987.1	NC_001145.3	80.000	730	801	74	801	370286	368097	0.0	1226
CDF91988.1	NC_001145.3	53.571	140	207	22	152	367065	367472	1.94e-37	136
CDF91989.1	NC_001145.3	42.790	1269	1204	1	1200	366705	363382	0.0	638
CDF91989.1	NC_001143.9	37.393	936	1204	348	1202	310601	313069	1.73e-122	418
CDF91989.1	NC_001139.9	41.216	148	1204	1061	1200	339283	339717	2.32e-23	106
CDF91989.1	NC_001139.9	39.910	223	1204	622	834	338008	338604	4.50e-13	72.8
CDF91989.1	NC_001139.9	40.773	233	1204	605	805	729542	728919	7.34e-12	68.9
CDF91989.1	NC_001139.9	39.130	207	1204	427	616	337981	338538	2.75e-11	67.0
CDF91989.1	NC_001139.9	40.097	207	1204	640	805	180694	181242	4.47e-11	66.2
CDF91990.1	NC_001145.3	43.737	471	419	1	398	355396	356721	2.02e-110	355
CDF91991.1	NC_001145.3	89.899	99	226	1	99	353871	354161	4.18e-52	179
CDF91991.1	NC_001145.3	69.136	81	226	20	100	352840	353082	2.81e-35	130
CDF91992.1	NC_001145.3	74.725	91	118	27	117	352813	353085	5.21e-43	148
CDF91992.1	NC_001145.3	59.000	100	118	20	114	353859	354158	7.12e-35	125
CDF91993.1	NC_001143.9	77.483	151	152	2	152	314818	315270	8.94e-80	254
CDF91995.1	NC_001145.3	60.299	335	337	2	336	351976	350972	2.78e-135	423
CDF91996.1	NC_001143.9	47.980	198	224	14	210	317018	316485	3.74e-54	185
CDF91996.1	NC_001145.3	46.377	138	224	1	135	350381	350776	1.02e-31	120
CDF91997.1	NC_001145.3	50.704	284	245	1	237	349522	348671	3.02e-74	243
CDF91998.1	NC_001143.9	57.751	987	928	2	928	317770	320670	0.0	979
CDF91998.1	NC_001147.6	38.636	308	928	617	907	75930	76736	1.66e-55	209
CDF91998.1	NC_001147.6	36.765	136	928	395	530	75648	75923	6.56e-19	91.7
CDF91998.1	NC_001138.5	40.000	190	928	772	920	34042	33476	1.29e-39	159
CDF91998.1	NC_001138.5	56.667	90	928	617	706	34321	34052	4.15e-26	115
CDF91998.1	NC_001138.5	36.765	136	928	395	530	34603	34328	3.44e-19	92.4
CDF91999.1	NC_001143.9	46.825	126	277	1	123	321518	321141	2.36e-27	110
CDF92000.1	NC_001143.9	34.864	479	566	136	566	323807	325117	1.90e-61	219
CDF92000.1	NC_001145.3	32.340	470	566	168	566	345746	344406	4.39e-43	164
CDF92000.1	NC_001145.3	36.471	85	566	484	563	104867	105112	5.25e-12	67.8
CDF92000.1	NC_001137.3	59.649	57	566	504	560	421297	421127	1.72e-17	85.5
CDF92000.1	NC_001137.3	51.613	62	566	503	562	211846	211664	3.27e-13	71.6
CDF92000.1	NC_001139.9	48.333	60	566	503	560	95888	96064	4.78e-13	71.2
CDF92000.1	NC_001136.10	48.148	54	566	504	557	639605	639766	8.62e-12	67.0
CDF92001.1	NC_001143.9	49.771	436	796	5	424	349121	347814	8.56e-130	427
CDF92001.1	NC_001143.9	22.432	370	796	21	382	135630	134725	2.29e-16	82.8
CDF92001.1	NC_001143.9	25.309	324	796	77	386	249160	250008	5.36e-14	75.1
CDF92001.1	NC_001143.9	25.856	263	796	154	389	206817	207494	2.70e-11	66.2
CDF92001.1	NC_001137.3	33.663	303	796	74	357	417668	418474	6.43e-36	145
CDF92001.1	NC_001139.9	29.752	363	796	24	375	165067	164153	9.53e-33	135
CDF92001.1	NC_001139.9	23.140	363	796	76	396	160131	161057	1.33e-19	93.6
CDF92001.1	NC_001148.4	27.761	335	796	71	386	285959	285141	1.50e-21	99.8
CDF92001.1	NC_001148.4	27.414	321	796	62	380	268275	269012	5.16e-20	94.7
CDF92001.1	NC_001148.4	24.534	322	796	65	382	166427	167182	1.87e-16	83.2
CDF92001.1	NC_001148.4	25.843	178	796	219	394	156987	156517	2.01e-11	66.6
CDF92001.1	NC_001135.5	27.679	336	796	63	386	79168	79998	2.04e-20	95.9
CDF92001.1	NC_001135.5	24.359	312	796	83	382	275391	276167	4.42e-18	88.6
CDF92002.1	NC_001145.3	39.086	394	550	176	545	343004	341862	5.51e-66	232
CDF92003.1	NC_001145.3	54.938	162	172	2	163	341157	341642	3.27e-67	220
CDF92003.1	NC_001145.3	26.582	158	172	4	144	562501	562064	1.51e-13	66.2
CDF92004.1	NC_001145.3	59.059	425	452	10	434	340695	339463	1.05e-169	527
CDF92004.1	NC_001136.10	50.685	73	452	315	380	829163	829381	7.14e-14	72.8
CDF92005.1	NC_001145.3	61.135	458	462	11	462	337904	339274	1.22e-176	548
CDF92006.1	NC_001143.9	48.523	237	197	1	197	346764	346078	6.96e-59	197
CDF92006.1	NC_001146.8	57.732	97	197	99	195	575930	575649	2.12e-30	115
CDF92006.1	NC_001134.8	57.732	97	197	99	195	256451	256732	3.08e-30	115
CDF92007.1	NC_001145.3	49.782	689	650	1	649	335298	337292	0.0	609
CDF92008.1	NC_001145.3	39.237	734	889	1	714	334743	332605	2.36e-131	434
CDF92008.1	NC_001143.9	27.536	690	889	1	652	345620	343608	1.21e-50	193
CDF92009.1	NC_001143.9	56.886	334	352	4	330	341327	342289	5.60e-118	374
CDF92010.1	NC_001147.6	58.459	532	574	39	570	38423	36843	0.0	652
CDF92010.1	NC_001142.9	55.240	563	574	18	570	97776	99452	0.0	645
CDF92013.1	NC_001145.3	83.036	112	498	212	323	304366	304031	2.03e-62	219
CDF92013.1	NC_001143.9	81.481	108	498	212	319	357291	357614	4.10e-58	207
CDF92014.1	NC_001145.3	45.946	703	788	102	787	313038	314999	0.0	643
CDF92014.1	NC_001145.3	50.000	66	788	5	70	312369	312554	1.88e-14	76.6
CDF92015.1	NC_001143.9	72.244	508	498	1	489	353493	355016	0.0	756
CDF92016.1	NC_001145.3	58.954	497	505	7	492	315404	316885	0.0	595
CDF92017.1	NC_001145.3	41.943	422	366	1	353	318418	317177	1.42e-94	307
CDF92018.1	NC_001145.3	89.697	165	165	1	165	318680	319174	1.39e-99	312
CDF92018.1	NC_001136.10	40.123	162	165	4	162	562309	561827	1.10e-36	132
CDF92018.1	NC_001136.10	34.848	132	165	26	157	569611	569258	5.96e-23	93.2
CDF92018.1	NC_001136.10	30.405	148	165	7	153	816890	817294	3.66e-19	82.0
CDF92018.1	NC_001136.10	32.353	136	165	12	147	630174	630539	8.46e-19	81.3
CDF92018.1	NC_001136.10	29.139	151	165	9	155	337621	338040	1.61e-18	80.5
CDF92018.1	NC_001139.9	35.802	162	165	1	162	393986	394429	8.65e-35	127
CDF92018.1	NC_001139.9	33.775	151	165	2	139	756938	757354	4.27e-18	79.0
CDF92018.1	NC_001147.6	39.597	149	165	7	155	958802	958395	2.06e-29	111
CDF92018.1	NC_001134.8	34.286	140	165	18	157	407029	406652	3.60e-25	99.4
CDF92019.1	NC_001143.9	67.593	432	450	19	450	352570	351278	0.0	629
CDF92019.1	NC_001145.3	49.661	443	450	12	450	746401	747726	2.29e-144	454
CDF92020.1	NC_001143.9	35.283	547	529	1	529	349463	351010	2.01e-99	328
CDF92021.1	NC_001143.9	44.444	108	118	4	111	325777	326100	1.60e-23	92.4
CDF92022.1	NC_001145.3	52.772	523	512	4	512	320996	319440	3.49e-179	557
CDF92023.1	NC_001145.3	27.734	256	261	45	255	323450	324169	3.39e-13	67.8
CDF92024.1	NC_001145.3	49.502	402	381	1	381	325435	324239	1.99e-125	397
CDF92025.1	NC_001143.9	81.440	361	361	1	361	327487	326411	0.0	608
CDF92026.1	NC_001145.3	65.021	466	457	2	455	325883	327274	0.0	612
CDF92027.1	NC_001143.9	67.447	427	433	1	409	329443	328208	0.0	582
CDF92028.1	NC_001143.9	85.246	122	122	1	122	330166	330531	1.96e-67	218
CDF92029.1	NC_001145.3	51.093	366	365	2	365	327488	328579	1.85e-122	387
CDF92030.1	NC_001143.9	45.115	1044	1028	1	1027	333969	330865	0.0	928
CDF92031.1	NC_001145.3	32.682	563	566	6	537	330204	328678	2.79e-61	218
CDF92032.1	NC_001143.9	82.036	167	167	1	167	334915	334415	2.88e-90	285
CDF92033.1	NC_001143.9	44.526	274	265	3	264	336154	335339	2.00e-66	222
CDF92034.1	NC_001143.9	57.895	247	731	502	731	337241	336540	1.96e-44	172
CDF92036.1	NC_001143.9	81.928	83	85	1	83	339442	339194	3.90e-45	152
CDF92040.1	NC_001136.10	40.286	350	334	6	323	199723	198701	7.80e-64	218
CDF92042.1	NC_001137.3	37.624	101	130	31	130	271042	270740	5.92e-16	71.6
CDF92042.1	NC_001141.2	34.021	97	130	31	126	258148	257858	1.57e-12	61.6
CDF92043.1	NC_001147.6	27.460	437	476	41	466	58876	60021	1.06e-28	119
CDF92043.1	NC_001144.5	26.471	442	476	32	466	1012597	1013772	9.01e-27	113
CDF92043.1	NC_001146.8	21.263	475	476	23	472	734408	735730	3.83e-15	77.0
CDF92044.1	NC_001145.3	38.284	606	559	9	558	167299	165545	2.36e-119	387
CDF92044.1	NC_001146.8	35.484	93	559	84	175	417281	417012	6.49e-11	64.3
CDF92045.1	NC_001147.6	42.617	596	592	22	586	988698	986920	8.22e-148	471
CDF92045.1	NC_001147.6	29.466	543	592	68	590	286379	287905	5.42e-61	218
CDF92045.1	NC_001148.4	35.305	541	592	64	590	41250	42842	1.31e-102	340
CDF92045.1	NC_001148.4	29.098	543	592	67	590	23106	24692	3.20e-53	195
CDF92045.1	NC_001146.8	32.787	549	592	52	588	138781	140370	2.16e-90	304
CDF92045.1	NC_001146.8	31.777	557	592	18	555	137646	136033	1.90e-73	255
CDF92045.1	NC_001137.3	32.841	542	592	58	588	33280	31709	2.13e-85	290
CDF92045.1	NC_001135.5	29.452	584	592	26	580	77691	76051	1.79e-72	252
CDF92049.1	NC_001134.8	58.120	468	468	1	468	430951	429551	0.0	593
CDF92049.1	NC_001134.8	57.906	468	468	1	468	429101	427701	0.0	586
CDF92049.1	NC_001133.9	57.906	468	468	1	468	225460	226860	0.0	589
CDF92049.1	NC_001140.6	57.692	468	468	1	468	552099	553499	0.0	587
CDF92049.1	NC_001136.10	57.204	465	468	4	468	409845	408454	0.0	585
CDF92050.1	NC_001144.5	57.966	295	291	1	289	28305	27421	4.99e-112	354
CDF92056.1	NC_001144.5	55.078	512	548	55	548	30166	31701	1.78e-179	560
CDF92056.1	NC_001144.5	27.647	510	548	60	546	159412	157943	1.58e-51	189
CDF92056.1	NC_001142.9	27.509	538	548	27	548	719723	721294	6.49e-54	196
CDF92057.1	NC_001142.9	75.448	782	801	20	801	36138	33853	0.0	1243
CDF92057.1	NC_001148.4	31.207	721	801	86	774	926511	924400	2.57e-96	329
CDF92061.1	NC_001142.9	36.697	218	238	1	204	48711	48058	3.28e-41	148
CDF92061.1	NC_001141.2	31.674	221	238	1	206	104183	104800	1.53e-18	83.2
CDF92062.1	NC_001147.6	67.877	1460	1498	2	1449	619906	624282	0.0	2115
CDF92062.1	NC_001147.6	61.310	1512	1498	6	1449	931872	936407	0.0	1957
CDF92062.1	NC_001147.6	31.633	1353	1498	154	1448	349856	353722	0.0	660
CDF92062.1	NC_001147.6	23.341	1281	1498	150	1342	193389	189949	3.61e-65	244
CDF92062.1	NC_001147.6	26.813	593	1498	813	1352	193542	191881	4.58e-34	142
CDF92062.1	NC_001147.6	22.884	638	1498	138	755	191430	189691	6.83e-24	108
CDF92062.1	NC_001147.6	23.846	650	1498	153	754	352001	353752	9.00e-21	98.6
CDF92062.1	NC_001136.10	67.623	1464	1498	11	1449	1279309	1283697	0.0	2100
CDF92062.1	NC_001136.10	39.857	1395	1498	62	1449	466207	470292	0.0	1052
CDF92062.1	NC_001146.8	40.524	1335	1498	121	1447	765438	769367	0.0	1050
CDF92062.1	NC_001146.8	22.720	647	1498	849	1448	765489	767306	2.25e-23	107
CDF92062.1	NC_001148.4	38.953	1376	1498	91	1447	450053	446040	0.0	984
CDF92062.1	NC_001148.4	22.983	657	1498	853	1448	449897	448077	8.14e-22	102
CDF92062.1	NC_001141.2	32.428	1363	1498	154	1447	332265	328372	0.0	657
CDF92062.1	NC_001141.2	22.395	643	1498	153	751	330120	328348	1.25e-16	85.1
CDF92065.1	NC_001136.10	42.857	91	97	1	90	504677	504405	9.31e-19	78.2
CDF92065.1	NC_001135.5	35.870	92	97	1	90	120300	120025	5.16e-11	55.8
CDF92066.1	NC_001148.4	68.074	379	427	44	420	939997	941133	2.86e-161	502
CDF92067.1	NC_001140.6	64.865	37	63	6	42	363745	363635	6.72e-13	59.7
CDF92069.1	NC_001141.2	27.358	530	615	73	574	11603	13066	1.01e-49	185
CDF92069.1	NC_001141.2	23.236	581	615	68	615	13619	15139	3.19e-11	65.5
CDF92069.1	NC_001142.9	27.358	530	615	73	574	11586	13049	1.01e-49	185
CDF92069.1	NC_001142.9	23.236	581	615	68	615	13602	15122	3.19e-11	65.5
CDF92069.1	NC_001135.5	28.302	371	615	223	574	302470	301454	4.58e-44	132
CDF92069.1	NC_001135.5	33.333	147	615	74	211	302916	302503	4.58e-44	63.9
CDF92069.1	NC_001146.8	28.037	535	615	67	574	754942	753458	1.61e-42	164
CDF92069.1	NC_001134.8	26.689	607	615	73	615	191472	189814	6.61e-39	152
CDF92071.1	NC_001144.5	32.088	455	605	76	528	85194	86552	4.88e-58	210
CDF92071.1	NC_001147.6	26.471	578	605	56	598	836251	834563	9.22e-56	203
CDF92071.1	NC_001148.4	27.193	456	605	72	527	839300	837939	1.53e-50	187
CDF92071.1	NC_001139.9	27.412	456	605	72	527	765156	763795	2.46e-50	187
CDF92071.1	NC_001140.6	26.543	486	605	52	528	204697	206139	6.54e-50	186
CDF92074.1	NC_001148.4	29.983	597	632	108	630	606127	604376	1.27e-69	245
CDF92075.1	NC_001133.9	33.602	497	513	22	510	8749	7352	4.48e-78	266
CDF92075.1	NC_001135.5	32.067	421	513	66	486	172352	171123	4.00e-73	251
CDF92075.1	NC_001139.9	29.895	475	513	52	513	619561	618200	5.30e-65	228
CDF92075.1	NC_001141.2	25.000	360	513	66	409	32362	31352	1.29e-15	79.0
CDF92075.1	NC_001147.6	22.678	463	513	64	505	9336	10625	6.24e-14	73.6
CDF92080.1	NC_001142.9	57.500	80	104	17	96	122606	122367	3.79e-22	88.2
CDF92080.1	NC_001142.9	62.121	66	104	31	96	121391	121588	1.51e-21	86.3
CDF92080.1	NC_001142.9	51.899	79	104	18	96	118300	118064	1.25e-18	78.2
CDF92080.1	NC_001143.9	63.636	66	104	31	96	142093	141896	3.98e-22	87.8
CDF92080.1	NC_001143.9	62.121	66	104	31	96	145079	145276	1.14e-21	86.7
CDF92082.1	NC_001147.6	46.408	515	543	29	543	9222	10763	4.31e-157	495
CDF92082.1	NC_001141.2	42.586	526	543	21	543	32506	30941	2.18e-133	427
CDF92082.1	NC_001139.9	21.577	482	543	71	543	1012725	1014086	3.70e-26	112
CDF92082.1	NC_001139.9	24.542	273	543	49	319	619570	618770	5.51e-15	77.0
CDF92082.1	NC_001144.5	21.455	536	543	16	543	159415	157937	1.71e-20	94.7
CDF92082.1	NC_001133.9	22.400	500	543	12	481	8851	7421	6.36e-17	83.6
CDF92084.1	NC_001148.4	57.059	340	338	1	335	381965	382978	1.52e-129	407
CDF92084.1	NC_001136.10	26.364	330	338	12	331	18632	17685	3.33e-25	105
CDF92084.1	NC_001146.8	26.126	333	338	12	334	17176	16223	1.00e-24	103
CDF92084.1	NC_001142.9	25.595	336	338	12	334	727213	728166	2.57e-22	97.1
CDF92084.1	NC_001135.5	25.301	332	338	12	334	313953	314906	1.42e-19	89.0
CDF92085.1	NC_001137.3	89.919	496	496	1	496	16355	17842	0.0	936
CDF92085.1	NC_001136.10	61.350	489	496	8	496	139645	141111	0.0	658
CDF92085.1	NC_001136.10	29.801	453	496	67	494	147142	145871	4.51e-43	162
CDF92087.1	NC_001144.5	43.750	112	126	9	120	234069	233734	4.48e-23	91.7
CDF92087.1	NC_001144.5	43.750	112	126	9	120	410735	411070	1.54e-22	90.1
CDF92087.1	NC_001139.9	44.643	112	126	9	120	652969	652634	1.52e-22	90.1
CDF92087.1	NC_001136.10	37.838	111	126	10	120	312423	312091	2.32e-20	84.0
CDF92087.1	NC_001136.10	35.484	124	126	5	119	1234281	1234652	3.60e-16	72.0
CDF92088.1	NC_001145.3	29.040	396	406	23	406	166735	165623	2.49e-43	160
CDF92090.1	NC_001142.9	54.093	562	545	2	545	719624	721294	0.0	614
CDF92090.1	NC_001144.5	30.530	547	545	6	543	159520	157943	1.86e-57	206
CDF92090.1	NC_001144.5	25.577	520	545	59	545	30184	31701	7.87e-30	124
CDF92090.1	NC_001139.9	25.919	517	545	62	543	1012638	1014080	1.42e-32	132
CDF92090.1	NC_001141.2	22.222	486	545	73	534	32383	30983	4.14e-15	77.8
CDF92090.1	NC_001147.6	22.462	463	545	75	515	9330	10670	3.40e-11	65.1
CDF92100.1	NC_001144.5	30.702	570	560	1	557	410723	412408	6.70e-73	252
CDF92100.1	NC_001144.5	30.000	570	560	1	557	234081	232396	3.32e-72	250
CDF92100.1	NC_001139.9	30.957	575	560	1	557	652981	651296	1.36e-72	251
CDF92100.1	NC_001136.10	27.664	535	560	6	518	312423	310852	9.95e-59	211
CDF92100.1	NC_001136.10	26.456	601	560	2	544	1234284	1236080	2.97e-47	177
