CDF87166.1	CM003560.1	78.723	376	381	3	378	1356787	1355660	0.0	632
CDF87166.1	CM003560.1	26.873	387	381	9	378	1512519	1513568	1.37e-16	80.5
CDF87166.1	CM003558.1	28.852	305	381	1	302	513771	514598	2.68e-24	103
CDF87166.1	CM003567.1	27.187	320	381	3	319	846167	845298	2.58e-21	95.1
CDF87166.1	CM003567.1	28.996	269	381	2	267	405712	406434	6.68e-21	93.6
CDF87166.1	CM003569.1	28.155	309	381	3	305	925411	926241	1.62e-20	92.4
CDF87166.1	CM003566.1	26.425	386	381	8	378	254899	253853	6.50e-18	84.7
CDF87167.1	CM003563.1	58.755	691	683	2	683	348366	346300	0.0	824
CDF87167.1	CM003561.1	29.558	362	683	283	637	54831	53860	3.27e-29	123
CDF87168.1	CM003564.1	60.596	302	296	1	296	411738	412640	2.43e-127	398
CDF87169.1	CM003567.1	42.996	514	556	69	553	161417	159900	4.66e-116	377
CDF87169.1	CM003568.1	33.981	103	556	79	180	363071	363373	2.05e-12	68.9
CDF87170.1	CM003569.1	41.039	558	567	9	557	102514	104181	3.10e-135	433
CDF87170.1	CM003569.1	30.926	540	567	44	565	799546	797999	3.34e-65	230
CDF87170.1	CM003570.1	35.539	529	567	35	556	41644	43200	2.24e-96	321
CDF87170.1	CM003570.1	28.909	550	567	14	556	23457	25043	2.33e-52	192
CDF87170.1	CM003568.1	34.160	524	567	47	563	641495	639978	5.19e-90	302
CDF87170.1	CM003568.1	32.923	568	567	9	566	642762	644402	3.74e-79	271
CDF87170.1	CM003555.1	31.239	573	567	6	566	33611	31974	1.92e-83	283
CDF87170.1	CM003558.1	30.571	543	567	29	553	481286	479685	7.43e-76	261
CDF87170.1	CM003558.1	29.603	554	567	19	554	355484	353868	2.37e-72	251
CDF87170.1	CM003558.1	28.596	584	567	2	562	358305	356650	2.49e-62	221
CDF87171.1	CM003560.1	33.524	349	583	240	583	942314	941280	1.11e-55	202
CDF87171.1	CM003560.1	33.524	349	583	240	583	925391	924357	1.11e-55	202
CDF87172.1	CM003566.1	25.285	439	476	40	464	988929	990077	1.21e-28	119
CDF87172.1	CM003569.1	25.901	444	476	29	463	1021236	1020088	6.74e-28	116
CDF87172.1	CM003568.1	20.763	472	476	24	472	52363	51023	6.91e-19	89.0
CDF87174.1	CM003565.1	75.478	314	314	1	314	642927	641986	3.18e-164	505
CDF87175.1	CM003563.1	64.993	737	743	1	734	458679	460850	0.0	993
CDF87178.1	CM003562.1	48.990	198	203	1	196	637221	636628	4.66e-61	204
CDF87179.1	CM003562.1	91.852	405	405	1	405	637496	638710	0.0	782
CDF87179.1	CM003562.1	38.462	247	405	146	386	55347	54616	8.56e-52	185
CDF87179.1	CM003562.1	33.913	230	405	146	372	512483	511812	5.55e-34	133
CDF87179.1	LIOO01000001.1	47.892	332	405	72	403	12477	11482	2.59e-103	334
CDF87179.1	CM003560.1	47.892	332	405	72	403	1073240	1072245	2.70e-103	334
CDF87179.1	CM003560.1	42.670	382	405	7	385	271189	270062	1.49e-87	289
CDF87179.1	CM003560.1	38.745	271	405	104	373	1278332	1279117	5.82e-61	212
CDF87179.1	CM003560.1	35.241	332	405	64	384	1279034	1280011	2.10e-53	190
CDF87179.1	CM003560.1	33.333	150	405	168	314	307168	307584	1.37e-13	71.6
CDF87179.1	CM003565.1	51.133	309	405	83	391	493255	492329	5.32e-100	325
CDF87179.1	CM003565.1	38.667	225	405	150	365	596402	597067	2.21e-41	155
CDF87179.1	CM003569.1	45.938	357	405	33	389	271313	272362	3.85e-98	319
CDF87179.1	CM003569.1	49.310	290	405	107	396	539769	538900	9.99e-91	298
CDF87180.1	CM003562.1	49.716	1056	1095	43	1088	259423	256667	0.0	871
CDF87180.1	CM003562.1	62.718	574	1095	525	1095	640237	641919	0.0	713
CDF87180.1	CM003562.1	32.069	290	1095	55	335	639292	640044	3.37e-19	92.8
CDF87181.1	CM003562.1	60.262	229	236	1	228	643006	642320	7.83e-82	265
CDF87182.1	CM003562.1	85.976	328	329	8	328	255990	255016	0.0	583
CDF87182.1	CM003567.1	31.016	187	329	9	188	21313	21861	4.23e-13	68.9
CDF87183.1	CM003565.1	67.781	658	822	80	717	60955	62898	0.0	923
CDF87183.1	CM003569.1	60.558	573	822	52	608	606298	608007	0.0	712
CDF87183.1	CM003567.1	28.535	389	822	104	467	872938	871808	4.51e-32	134
CDF87184.1	CM003569.1	33.970	733	693	8	689	610904	608760	1.72e-106	355
CDF87185.1	CM003569.1	32.734	278	284	12	232	611163	611996	1.64e-34	130
CDF87186.1	CM003569.1	39.645	169	173	13	172	612674	612183	6.30e-25	99.0
CDF87187.1	CM003568.1	27.881	269	282	23	278	520707	519964	1.33e-17	81.6
CDF87187.1	CM003565.1	27.715	267	282	14	265	211269	211970	2.38e-17	80.9
CDF87187.1	CM003553.1	29.018	224	282	30	248	188818	188204	6.72e-12	64.3
CDF87187.1	CM003554.1	29.767	215	282	29	228	19251	19835	6.01e-11	61.6
CDF87188.1	CM003565.1	54.397	307	333	16	322	63653	64543	1.55e-108	346
CDF87189.1	CM003569.1	49.189	185	246	2	185	613650	613117	6.86e-47	165
CDF87190.1	CM003565.1	52.887	1091	1087	10	1087	69076	65909	0.0	1103
CDF87190.1	CM003565.1	37.519	661	1087	360	992	379155	377218	8.93e-122	412
CDF87190.1	CM003555.1	48.810	672	1087	328	999	180418	182376	0.0	681
CDF87190.1	CM003562.1	46.386	664	1087	356	1004	761779	763734	0.0	593
CDF87190.1	CM003568.1	44.091	660	1087	361	993	140411	142339	9.71e-163	533
CDF87190.1	CM003566.1	31.597	595	1087	364	902	941828	943564	1.33e-76	276
CDF87191.1	CM003565.1	50.588	170	205	36	205	69381	69878	2.17e-46	162
CDF87193.1	CM003565.1	50.247	607	592	8	592	70097	71908	0.0	592
CDF87193.1	CM003570.1	36.228	334	592	153	476	694065	695039	2.63e-60	216
CDF87193.1	CM003558.1	36.228	334	592	153	476	457641	458615	3.03e-60	216
CDF87193.1	CM003560.1	32.589	448	592	157	592	689028	687754	7.33e-59	212
CDF87193.1	CM003569.1	25.614	570	592	93	590	614533	616158	5.95e-36	143
CDF87193.1	CM003569.1	27.829	327	592	153	478	400987	400106	1.57e-28	120
CDF87194.1	CM003569.1	44.886	352	333	1	333	617333	616299	3.49e-90	293
CDF87195.1	CM003569.1	79.195	298	305	12	305	617978	618871	9.64e-164	503
CDF87196.1	CM003569.1	36.809	633	589	22	580	620730	619012	3.52e-85	289
CDF87197.1	CM003565.1	46.457	127	116	6	113	72163	72543	1.34e-30	112
CDF87198.1	CM003565.1	43.787	1167	1141	8	1139	76130	72681	0.0	918
CDF87199.1	CM003565.1	74.000	350	351	1	350	76436	77467	3.62e-169	521
CDF87200.1	CM003565.1	75.157	318	325	6	322	78581	77628	5.20e-166	511
CDF87200.1	CM003558.1	26.908	249	325	83	312	391367	391984	6.25e-13	68.6
CDF87200.1	CM003562.1	24.242	297	325	52	320	177528	176749	6.88e-11	62.0
CDF87201.1	CM003569.1	61.725	661	610	1	609	628091	629998	0.0	795
CDF87202.1	CM003565.1	55.704	675	811	137	801	80073	82097	0.0	779
CDF87202.1	CM003565.1	61.589	151	811	1	150	79672	80124	5.85e-56	208
CDF87203.1	CM003569.1	48.420	696	653	1	653	632143	630119	0.0	593
CDF87203.1	CM003565.1	27.083	432	653	291	648	83580	82294	1.27e-32	134
CDF87204.1	CM003569.1	70.775	568	563	1	563	632476	634179	0.0	848
CDF87204.1	CM003569.1	30.634	284	563	53	317	756314	755520	6.88e-27	115
CDF87205.1	CM003569.1	40.000	325	610	6	293	636457	635531	5.24e-46	174
CDF87205.1	CM003569.1	40.959	271	610	393	610	635395	634589	7.64e-44	167
CDF87206.1	CM003565.1	67.297	370	369	1	367	86726	85617	4.02e-170	525
CDF87206.1	CM003567.1	58.242	364	369	6	366	744752	745828	4.76e-143	447
CDF87206.1	CM003562.1	53.803	355	369	19	367	273827	274882	5.03e-123	389
CDF87207.1	CM003569.1	82.971	276	290	10	285	638388	637561	2.41e-164	504
CDF87208.1	CM003570.1	96.354	192	212	1	192	863007	863582	9.94e-124	384
CDF87208.1	CM003553.1	48.731	197	212	9	184	175242	174652	3.02e-60	202
CDF87208.1	CM003568.1	56.111	180	212	8	187	323773	323243	1.31e-58	197
CDF87208.1	CM003568.1	39.462	223	212	12	193	479714	480382	2.38e-45	159
CDF87208.1	CM003568.1	30.233	172	212	12	178	330443	329961	1.41e-17	79.3
CDF87208.1	CM003568.1	29.814	161	212	23	181	339845	340285	4.27e-13	66.2
CDF87208.1	CM003566.1	47.761	201	212	12	212	586641	586081	6.75e-57	192
CDF87208.1	CM003566.1	29.730	185	212	1	182	644822	644307	3.67e-19	84.0
CDF87208.1	CM003566.1	28.161	174	212	12	181	703593	703129	2.93e-15	72.4
CDF87208.1	CM003565.1	47.126	174	212	12	184	120590	120093	5.68e-49	169
CDF87208.1	CM003565.1	29.787	188	212	9	177	202600	203157	1.06e-17	79.7
CDF87209.1	CM003570.1	30.579	1210	1392	63	1192	858582	862166	3.22e-154	518
CDF87210.1	CM003566.1	42.251	2639	2620	10	2582	1020379	1028220	0.0	2139
CDF87210.1	CM003570.1	22.957	1738	2620	968	2566	755999	760726	6.11e-112	400
CDF87211.1	CM003570.1	53.812	446	435	1	426	857594	856308	7.34e-120	383
CDF87212.1	CM003570.1	61.992	492	582	100	582	855822	854356	0.0	612
CDF87213.1	CM003570.1	55.338	665	638	11	638	854027	852090	0.0	680
CDF87213.1	CM003570.1	33.234	337	638	58	376	486045	485167	1.01e-46	177
CDF87213.1	CM003570.1	34.194	310	638	101	381	467213	466410	1.32e-38	152
CDF87213.1	CM003570.1	29.330	358	638	56	396	659514	660494	9.72e-33	134
CDF87213.1	CM003570.1	26.100	341	638	61	382	257418	256597	1.43e-17	86.3
CDF87213.1	CM003570.1	26.522	230	638	55	281	262125	262679	9.11e-14	73.6
CDF87213.1	CM003565.1	36.471	340	638	63	397	484372	483458	9.95e-63	225
CDF87213.1	CM003565.1	26.807	332	638	57	374	517274	518164	2.47e-25	110
CDF87213.1	CM003558.1	36.503	326	638	56	376	540090	540965	2.96e-53	196
CDF87213.1	CM003558.1	31.157	337	638	44	375	184274	185200	9.81e-38	149
CDF87213.1	CM003560.1	34.954	329	638	58	382	1248667	1247792	2.76e-51	191
CDF87213.1	CM003560.1	27.554	323	638	58	376	1202503	1203360	1.16e-23	105
CDF87213.1	CM003560.1	24.286	350	638	56	398	120312	119467	1.34e-16	82.8
CDF87213.1	CM003560.1	27.778	324	638	58	375	45446	46213	5.46e-15	77.8
CDF87213.1	CM003560.1	33.871	124	638	164	285	493428	493799	1.34e-14	76.6
CDF87213.1	CM003560.1	26.667	345	638	54	376	1235203	1236063	5.63e-12	67.8
CDF87213.1	CM003560.1	24.521	261	638	58	297	137680	137009	1.01e-11	67.0
CDF87213.1	CM003566.1	30.030	333	638	47	371	351337	352203	9.27e-34	137
CDF87213.1	CM003566.1	23.662	355	638	64	374	838696	839571	4.23e-14	74.7
CDF87214.1	CM003566.1	45.367	723	693	9	690	1017689	1015638	0.0	593
CDF87215.1	CM003555.1	89.434	530	531	1	530	205487	207064	0.0	934
CDF87215.1	CM003569.1	30.037	273	531	105	359	400966	400262	6.04e-19	89.7
CDF87216.1	CM003566.1	60.547	877	842	17	842	1012472	1015093	0.0	1028
CDF87217.1	CM003564.1	66.970	439	428	6	428	83447	84763	0.0	579
CDF87218.1	CM003555.1	56.988	644	894	9	629	202459	204348	0.0	743
CDF87218.1	CM003555.1	41.611	298	894	618	890	204312	205184	7.74e-57	213
CDF87218.1	CM003557.1	26.882	744	894	20	727	171685	173622	2.42e-53	201
CDF87218.1	LIOO01000005.1	26.882	744	894	20	727	19765	21702	2.44e-53	201
CDF87219.1	CM003564.1	89.238	223	231	9	231	85757	85089	2.79e-135	418
CDF87220.1	CM003564.1	85.127	511	505	1	505	90056	88524	0.0	876
CDF87220.1	CM003558.1	25.822	426	505	40	443	472742	471495	1.16e-29	122
CDF87220.1	CM003558.1	25.495	404	505	100	479	29304	30488	7.28e-23	101
CDF87220.1	CM003560.1	26.996	263	505	223	468	1387269	1386514	1.06e-15	79.3
CDF87221.1	CM003555.1	58.478	289	287	1	287	201313	202167	1.55e-102	327
CDF87222.1	CM003564.1	45.173	808	789	1	786	91174	93354	0.0	702
CDF87222.1	CM003556.1	34.783	253	789	350	601	51152	50517	3.26e-31	130
CDF87222.1	CM003560.1	37.162	148	789	410	557	853919	853518	8.83e-21	97.1
CDF87223.1	CM003564.1	61.146	157	194	3	159	93572	94042	3.40e-62	206
CDF87224.1	CM003555.1	51.324	680	652	13	651	199088	201103	0.0	598
CDF87225.1	CM003555.1	65.310	516	505	6	505	197206	198753	0.0	668
CDF87226.1	CM003564.1	68.456	447	459	11	457	95636	94305	0.0	624
CDF87227.1	CM003564.1	52.874	261	275	8	268	96800	96021	4.76e-88	285
CDF87227.1	CM003570.1	31.667	240	275	53	275	747022	747699	3.30e-16	77.0
CDF87228.1	CM003564.1	71.856	334	386	52	384	114337	113336	7.80e-163	504
CDF87229.1	CM003564.1	43.269	728	662	1	660	113092	110927	3.76e-158	503
CDF87230.1	CM003564.1	54.403	318	370	51	368	110554	109613	2.43e-114	364
CDF87231.1	CM003555.1	57.768	457	428	1	428	195405	196748	2.19e-166	516
CDF87231.1	CM003563.1	45.532	235	428	196	428	425069	425764	1.21e-60	212
CDF87231.1	CM003563.1	47.297	74	428	94	167	424469	424690	1.27e-13	72.0
CDF87232.1	CM003565.1	69.811	159	195	37	195	103258	103725	2.50e-77	250
CDF87233.1	CM003564.1	46.875	128	122	4	122	582601	582942	9.24e-17	73.6
CDF87234.1	CM003564.1	61.785	594	582	13	563	581821	580040	0.0	746
CDF87234.1	CM003560.1	25.085	586	582	11	553	779020	780672	1.28e-34	139
CDF87235.1	CM003565.1	39.376	866	823	7	823	106472	103893	0.0	603
CDF87236.1	CM003565.1	42.346	503	451	1	451	106731	108236	5.56e-98	321
CDF87237.1	CM003564.1	41.379	174	201	22	183	578836	578321	6.26e-31	117
CDF87238.1	CM003565.1	71.341	328	310	1	310	109362	108379	8.38e-146	452
CDF87239.1	CM003564.1	37.113	388	354	1	354	576772	577917	1.29e-74	249
CDF87240.1	CM003564.1	35.654	474	402	1	399	576047	574647	1.07e-75	254
CDF87241.1	CM003564.1	60.884	294	290	1	290	574179	573298	2.96e-119	375
CDF87242.1	CM003562.1	75.444	338	370	20	357	19074	20087	0.0	578
CDF87244.1	CM003566.1	68.037	438	414	1	414	281688	280375	0.0	619
CDF87244.1	CM003561.1	25.604	414	414	1	399	208676	209767	4.50e-26	110
CDF87244.1	CM003560.1	25.485	361	414	6	351	1117107	1116160	7.58e-21	94.0
CDF87244.1	CM003563.1	21.823	362	414	3	350	173525	174475	4.37e-15	76.3
CDF87244.1	CM003564.1	23.457	324	414	41	350	179025	179861	2.75e-11	64.3
CDF87246.1	CM003566.1	48.392	3017	2985	1	2981	295427	286569	0.0	2934
CDF87247.1	CM003566.1	59.675	615	568	1	567	295803	297644	0.0	756
CDF87248.1	CM003560.1	40.153	391	620	27	414	821300	820140	2.67e-91	308
CDF87249.1	CM003566.1	69.656	524	534	21	534	299507	297936	0.0	776
CDF87249.1	CM003560.1	63.960	505	534	38	534	817753	819267	0.0	686
CDF87250.1	CM003569.1	64.773	176	182	8	181	442390	441863	1.81e-80	258
CDF87251.1	CM003569.1	66.447	304	307	2	303	440847	441758	3.74e-141	438
CDF87252.1	CM003569.1	61.019	785	793	10	789	440593	438269	0.0	961
CDF87254.1	CM003567.1	42.759	145	98	1	96	693187	692753	2.41e-33	119
CDF87255.1	CM003569.1	58.472	301	296	1	295	232989	233879	8.92e-101	322
CDF87256.1	CM003569.1	57.664	137	146	7	143	234522	234112	2.49e-50	170
CDF87256.1	CM003569.1	45.217	115	146	29	143	235123	234779	1.09e-32	120
CDF87257.1	CM003569.1	50.467	107	148	12	118	235117	234797	1.19e-32	120
CDF87257.1	CM003569.1	43.119	109	148	10	118	234456	234130	3.05e-26	101
CDF87258.1	CM003569.1	47.945	219	227	1	213	237371	236715	5.86e-62	207
CDF87258.1	CM003565.1	31.008	129	227	14	141	503519	503863	3.20e-11	61.2
CDF87259.1	CM003567.1	62.323	706	662	1	662	692437	690362	0.0	879
CDF87260.1	CM003569.1	69.203	276	290	1	275	237695	238495	2.89e-111	352
CDF87261.1	CM003567.1	63.753	469	467	4	467	688509	689912	0.0	637
CDF87261.1	CM003567.1	26.667	330	467	135	454	847418	848302	5.61e-24	104
CDF87261.1	CM003560.1	28.184	369	467	138	461	905545	906618	6.71e-28	116
CDF87261.1	CM003568.1	24.874	398	467	137	462	489777	488668	5.75e-27	113
CDF87261.1	CM003555.1	27.926	376	467	134	461	452501	451425	2.19e-26	112
CDF87261.1	CM003555.1	29.880	251	467	235	467	356982	357698	1.56e-21	97.1
CDF87261.1	CM003558.1	30.738	244	467	237	461	86420	85719	1.20e-23	103
CDF87262.1	CM003567.1	58.744	223	222	1	218	688094	687429	3.05e-86	277
CDF87262.1	CM003569.1	47.556	225	222	3	218	239044	239715	2.49e-61	205
CDF87262.1	CM003563.1	27.039	233	222	4	215	332432	331749	6.97e-19	83.6
CDF87263.1	CM003569.1	52.574	272	279	3	271	239026	239820	4.93e-88	285
CDF87263.1	CM003567.1	48.498	233	279	9	239	688088	687429	7.91e-65	218
CDF87263.1	CM003563.1	29.412	255	279	10	245	332432	331722	1.44e-23	99.0
CDF87264.1	CM003567.1	58.185	507	516	1	504	687230	685743	0.0	589
CDF87265.1	CM003567.1	51.116	448	455	2	443	684086	685426	3.30e-142	448
CDF87266.1	CM003567.1	33.333	162	1527	10	130	678951	679409	2.17e-13	74.3
CDF87267.1	CM003567.1	43.625	1098	1090	9	1089	678648	675370	0.0	897
CDF87268.1	CM003569.1	52.490	261	254	3	246	241986	241204	1.84e-77	253
CDF87269.1	CM003567.1	90.019	521	523	3	523	673583	675145	0.0	979
CDF87270.1	CM003567.1	71.774	248	730	486	730	671338	670595	4.78e-115	381
CDF87270.1	CM003566.1	31.053	190	730	533	718	351775	352290	1.26e-13	73.6
CDF87270.1	CM003566.1	45.714	70	730	523	592	91928	91722	3.53e-13	72.0
CDF87270.1	CM003566.1	28.636	220	730	174	380	92423	91800	1.18e-12	70.5
CDF87270.1	CM003564.1	34.343	99	730	533	631	570479	570757	4.97e-12	68.6
CDF87270.1	CM003564.1	27.152	151	730	175	325	570050	570472	8.27e-12	67.8
CDF87272.1	CM003567.1	63.687	358	371	16	371	667193	668263	1.42e-141	442
CDF87272.1	CM003567.1	37.857	140	371	18	135	549067	549471	1.68e-13	70.9
CDF87272.1	CM003568.1	34.218	377	371	11	368	273366	274412	2.44e-44	162
CDF87272.1	CM003568.1	25.806	434	371	6	364	299001	297709	3.05e-29	118
CDF87272.1	CM003568.1	45.455	77	371	12	88	173452	173673	8.16e-15	74.7
CDF87272.1	CM003568.1	40.426	94	371	5	97	557899	558180	6.07e-13	68.9
CDF87272.1	CM003566.1	29.504	383	371	20	357	300425	301525	6.05e-30	120
CDF87272.1	CM003561.1	27.000	400	371	17	366	156624	157769	1.04e-14	74.7
CDF87272.1	CM003555.1	39.474	114	371	13	125	248757	248467	1.70e-14	73.9
CDF87273.1	CM003569.1	72.727	154	155	1	149	243490	243029	7.11e-67	218
CDF87274.1	CM003563.1	77.835	388	392	12	391	209650	210813	0.0	612
CDF87274.1	CM003562.1	35.322	419	392	11	390	458647	457451	8.78e-70	237
CDF87274.1	CM003566.1	34.559	408	392	11	389	745692	744499	4.22e-66	226
CDF87274.1	CM003559.1	40.333	300	392	7	304	198200	199075	4.33e-59	206
CDF87274.1	CM003564.1	38.889	288	392	28	308	161358	162200	6.44e-54	191
CDF87275.1	CM003560.1	85.266	319	347	29	347	343751	342795	0.0	581
CDF87275.1	CM003563.1	78.779	344	347	4	347	212046	211018	0.0	570
CDF87276.1	CM003563.1	48.980	147	166	24	163	212677	212243	1.16e-47	164
CDF87277.1	CM003563.1	71.254	327	327	1	326	214232	213255	2.66e-160	494
CDF87277.1	CM003569.1	34.416	308	327	2	307	534077	533223	1.67e-49	176
CDF87277.1	CM003560.1	32.797	311	327	2	307	319041	318187	9.31e-44	159
CDF87277.1	CM003560.1	27.129	317	327	6	305	1276183	1275347	2.38e-19	87.8
CDF87277.1	CM003564.1	33.779	299	327	7	300	126699	125932	3.30e-42	154
CDF87277.1	CM003558.1	29.114	316	327	6	313	520103	520993	1.32e-35	135
CDF87278.1	CM003560.1	54.140	314	307	1	300	345249	344326	7.83e-104	331
CDF87278.1	CM003558.1	27.241	290	307	11	265	516618	517463	4.99e-20	89.4
CDF87278.1	CM003569.1	29.151	271	307	29	260	941711	940923	4.29e-18	83.6
CDF87279.1	CM003563.1	44.795	855	825	13	825	217100	214671	0.0	689
CDF87279.1	CM003560.1	41.974	841	825	36	825	348168	345796	0.0	605
CDF87280.1	CM003566.1	63.415	123	124	1	123	13241	12873	1.64e-49	167
CDF87281.1	CM003563.1	55.091	933	952	10	856	221047	218318	0.0	905
CDF87281.1	CM003563.1	41.887	265	952	17	280	443167	443952	5.41e-56	211
CDF87281.1	CM003563.1	30.000	260	952	25	271	26951	26205	6.05e-29	124
CDF87281.1	CM003563.1	24.889	225	952	11	222	368590	369264	2.57e-15	79.7
CDF87281.1	CM003563.1	30.882	136	952	98	222	266558	266956	2.31e-14	76.6
CDF87281.1	CM003563.1	51.515	66	952	885	949	218029	217832	7.99e-13	71.6
CDF87281.1	CM003560.1	46.457	254	952	30	279	45461	46213	3.03e-63	233
CDF87281.1	CM003560.1	29.326	341	952	8	321	1343412	1342411	9.35e-29	123
CDF87281.1	CM003560.1	27.609	297	952	25	293	1114614	1115486	2.64e-23	105
CDF87281.1	CM003560.1	27.228	202	952	25	224	120306	119707	5.71e-23	104
CDF87281.1	CM003560.1	27.523	218	952	68	281	66879	67523	1.29e-21	100
CDF87281.1	CM003560.1	23.050	282	952	25	278	802446	801610	2.87e-21	99.4
CDF87281.1	CM003560.1	26.007	273	952	25	281	98934	99725	3.02e-21	99.4
CDF87281.1	CM003560.1	27.803	223	952	31	224	1235233	1235886	2.49e-18	89.7
CDF87281.1	CM003560.1	25.424	236	952	24	235	137683	136988	5.41e-18	88.6
CDF87281.1	CM003560.1	27.184	206	952	93	278	493380	493985	1.22e-17	87.4
CDF87281.1	CM003560.1	27.228	202	952	30	222	1446834	1447430	2.07e-14	76.6
CDF87281.1	CM003560.1	27.179	195	952	31	220	1248649	1248077	2.63e-13	73.2
CDF87281.1	CM003560.1	22.393	326	952	28	274	553938	552997	5.16e-12	68.9
CDF87281.1	CM003560.1	24.257	202	952	94	278	1110518	1111105	1.69e-11	67.4
CDF87281.1	CM003568.1	36.093	302	952	5	278	710324	709425	1.98e-44	174
CDF87281.1	CM003568.1	28.571	301	952	20	280	105068	105967	1.96e-26	116
CDF87281.1	CM003568.1	29.911	224	952	25	222	76733	76068	3.40e-23	105
CDF87281.1	CM003568.1	30.566	265	952	25	223	446687	445905	2.31e-22	102
CDF87281.1	CM003568.1	28.390	236	952	16	240	723328	724026	1.20e-15	80.9
CDF87281.1	CM003568.1	30.332	211	952	89	280	218047	217448	3.05e-13	73.2
CDF87281.1	CM003568.1	25.287	174	952	45	210	486220	486735	2.18e-12	70.1
CDF87281.1	LIOO01000005.1	39.844	256	952	29	278	4464	3733	2.03e-41	164
CDF87281.1	CM003557.1	39.844	256	952	29	278	156159	155428	2.10e-41	164
CDF87281.1	CM003557.1	28.249	354	952	29	310	152726	151695	5.64e-19	91.7
CDF87281.1	CM003557.1	24.138	232	952	11	228	110505	111188	1.20e-13	74.3
CDF87282.1	CM003560.1	38.339	566	679	100	650	349140	350837	2.22e-132	429
CDF87283.1	CM003563.1	40.373	322	317	6	289	221678	222640	2.38e-67	227
CDF87284.1	CM003563.1	63.934	183	185	1	183	222967	223515	8.77e-81	259
CDF87285.1	CM003563.1	73.913	3749	3728	1	3728	234879	223648	0.0	5824
CDF87285.1	CM003565.1	23.118	372	3728	3303	3662	610941	611918	1.88e-13	76.3
CDF87285.1	CM003564.1	23.249	357	3728	3318	3662	172306	171374	3.21e-13	75.5
CDF87286.1	CM003560.1	42.264	530	655	88	612	352969	354507	1.26e-123	403
CDF87286.1	CM003560.1	25.175	429	655	106	499	751608	752795	3.98e-13	71.6
CDF87286.1	CM003566.1	27.551	294	655	218	499	369526	368762	2.18e-17	85.5
CDF87286.1	CM003566.1	27.640	322	655	223	540	367215	366349	5.85e-16	80.9
CDF87286.1	CM003554.1	26.486	370	655	157	519	4391	5305	1.71e-11	66.2
CDF87287.1	CM003563.1	61.457	947	936	6	936	235724	238492	0.0	1177
CDF87287.1	CM003568.1	24.153	708	936	179	834	248839	250848	3.61e-37	150
CDF87287.1	CM003553.1	22.805	706	936	169	848	155345	157378	5.45e-35	144
CDF87288.1	CM003563.1	50.725	276	469	205	469	239503	240249	5.01e-72	246
CDF87288.1	CM003560.1	43.768	345	469	157	469	355755	356714	5.71e-69	238
CDF87289.1	CM003560.1	51.266	316	306	1	300	357871	356933	5.04e-95	306
CDF87290.1	CM003562.1	50.758	132	132	6	130	178336	177944	1.65e-38	135
CDF87290.1	CM003570.1	28.462	130	132	3	121	927151	926795	1.06e-11	59.3
CDF87291.1	CM003560.1	56.653	496	459	1	459	358390	359832	0.0	560
CDF87291.1	CM003560.1	26.030	461	459	24	446	599785	598688	1.11e-31	127
CDF87291.1	CM003566.1	27.314	443	459	50	446	575859	574813	4.36e-28	117
CDF87292.1	CM003563.1	72.931	580	580	2	580	241253	242965	0.0	818
CDF87292.1	CM003563.1	70.884	577	580	11	580	245013	246722	0.0	787
CDF87292.1	CM003563.1	65.411	584	580	7	580	248833	250554	0.0	729
CDF87292.1	CM003560.1	70.984	579	580	2	580	362404	364089	0.0	791
CDF87292.1	CM003560.1	66.839	579	580	2	580	365720	367438	0.0	770
CDF87292.1	CM003560.1	66.667	579	580	2	580	371112	372830	0.0	768
CDF87292.1	CM003560.1	51.630	552	580	23	563	1508909	1510558	0.0	591
CDF87292.1	CM003560.1	30.319	564	580	12	561	1404633	1402993	2.57e-77	266
CDF87292.1	CM003560.1	31.299	508	580	67	564	1302785	1301307	1.48e-71	249
CDF87292.1	CM003560.1	26.253	499	580	66	551	24235	22790	2.42e-46	174
CDF87292.1	CM003560.1	27.289	546	580	19	540	87431	89008	6.29e-43	164
CDF87292.1	CM003560.1	25.386	583	580	30	541	283133	284785	2.15e-37	147
CDF87292.1	CM003560.1	23.201	556	580	4	541	1516207	1514591	1.51e-20	95.1
CDF87292.1	CM003566.1	63.043	552	580	25	576	269995	271626	0.0	733
CDF87292.1	CM003567.1	68.172	487	580	76	562	270986	272440	0.0	681
CDF87292.1	CM003561.1	65.000	520	580	39	556	150294	148741	0.0	672
CDF87293.1	CM003560.1	74.211	570	569	5	568	365720	367426	0.0	865
CDF87293.1	CM003560.1	74.211	570	569	5	568	371112	372818	0.0	864
CDF87293.1	CM003560.1	72.420	562	569	7	568	362419	364077	0.0	791
CDF87293.1	CM003560.1	54.973	553	569	2	551	1508918	1510543	0.0	620
CDF87293.1	CM003560.1	31.606	579	569	9	566	1404627	1402981	3.83e-80	274
CDF87293.1	CM003560.1	30.565	566	569	3	558	1302941	1301322	1.05e-71	249
CDF87293.1	CM003560.1	25.845	503	569	79	567	24187	22718	7.92e-51	187
CDF87293.1	CM003560.1	28.330	533	569	36	532	87494	89005	7.07e-46	172
CDF87293.1	CM003560.1	23.951	572	569	28	530	283151	284773	2.74e-35	140
CDF87293.1	CM003560.1	22.892	581	569	5	561	1516183	1514513	9.31e-20	92.8
CDF87293.1	CM003563.1	73.333	570	569	5	568	248836	250542	0.0	827
CDF87293.1	CM003563.1	72.928	543	569	28	568	245097	246710	0.0	776
CDF87293.1	CM003563.1	69.435	566	569	3	568	241274	242953	0.0	772
CDF87293.1	CM003566.1	69.272	563	569	9	569	269947	271629	0.0	811
CDF87293.1	CM003567.1	68.451	523	569	30	551	270863	272428	0.0	721
CDF87293.1	CM003561.1	65.666	533	569	17	549	150330	148741	0.0	698
CDF87293.1	CM003561.1	22.376	505	569	52	528	211686	210244	3.69e-22	100
CDF87294.1	CM003560.1	76.589	645	646	4	646	373348	375243	0.0	1033
CDF87294.1	CM003563.1	56.731	624	646	34	646	250934	252796	0.0	745
CDF87295.1	CM003560.1	88.889	189	189	1	189	376529	377095	7.41e-114	354
CDF87296.1	CM003563.1	53.378	296	295	1	294	253013	253855	2.65e-86	280
CDF87296.1	CM003569.1	62.069	58	295	227	283	639620	639784	4.83e-20	89.0
CDF87296.1	CM003568.1	54.000	50	295	236	285	338828	338977	1.46e-18	84.7
CDF87297.1	CM003560.1	71.652	702	689	2	689	377583	379661	0.0	987
CDF87297.1	CM003563.1	44.035	461	689	206	658	365128	363746	1.31e-122	402
CDF87298.1	CM003568.1	34.234	222	492	91	311	662868	662251	5.50e-33	132
CDF87299.1	CM003560.1	62.759	290	290	1	288	380730	379861	1.97e-122	384
CDF87300.1	CM003563.1	85.714	105	200	26	130	254415	254729	1.10e-57	194
CDF87301.1	CM003560.1	43.750	320	330	1	318	381957	381022	2.75e-84	276
CDF87302.1	CM003560.1	75.839	1221	1224	1	1221	385881	382219	0.0	1969
CDF87303.1	CM003563.1	76.897	290	293	5	293	256128	255259	7.53e-150	462
CDF87303.1	CM003568.1	29.362	235	293	65	293	294575	293877	4.22e-28	112
CDF87304.1	CM003563.1	67.677	99	102	1	98	256818	256522	1.28e-38	134
CDF87305.1	CM003560.1	58.862	1529	1491	19	1490	391060	386576	0.0	1684
CDF87305.1	CM003562.1	42.775	346	1491	653	974	821873	822868	6.13e-80	292
CDF87305.1	CM003562.1	49.432	176	1491	1196	1371	823634	824158	1.98e-46	183
CDF87305.1	CM003562.1	28.289	304	1491	692	973	855934	856803	7.34e-27	118
CDF87305.1	CM003562.1	38.816	152	1491	1240	1389	856960	857412	2.08e-26	117
CDF87305.1	CM003569.1	42.006	319	1491	664	974	227203	228120	2.08e-71	264
CDF87305.1	CM003569.1	42.994	314	1491	664	974	200161	199280	2.31e-66	248
CDF87305.1	CM003569.1	47.468	158	1491	1217	1373	199240	198767	3.51e-40	162
CDF87305.1	CM003569.1	49.359	156	1491	1221	1375	228178	228645	2.81e-39	159
CDF87305.1	CM003569.1	25.117	426	1491	598	972	390027	388825	2.21e-23	107
CDF87305.1	CM003569.1	27.922	154	1491	1223	1373	388335	387874	1.21e-17	88.6
CDF87305.1	CM003553.1	41.846	325	1491	658	974	195678	194740	2.01e-68	254
CDF87305.1	CM003553.1	48.447	161	1491	1216	1375	194697	194215	1.40e-38	157
CDF87305.1	CM003558.1	40.952	315	1491	663	974	690522	689638	4.31e-63	237
CDF87305.1	CM003558.1	49.275	138	1491	1236	1372	689541	689128	4.99e-37	152
CDF87305.1	CM003558.1	23.898	431	1491	624	993	363777	365036	9.44e-27	118
CDF87305.1	CM003558.1	34.286	175	1491	1222	1389	365052	365576	2.08e-26	117
CDF87305.1	CM003558.1	26.836	354	1491	673	972	447785	448783	9.14e-24	108
CDF87305.1	CM003558.1	34.437	151	1491	1222	1360	449063	449515	1.14e-17	88.6
CDF87306.1	CM003563.1	53.229	511	520	47	520	259329	257917	3.01e-143	454
CDF87306.1	CM003558.1	31.944	432	520	42	362	627508	628794	8.02e-47	174
CDF87306.1	CM003568.1	34.254	181	520	50	228	189900	189406	5.10e-16	80.5
CDF87306.1	CM003562.1	27.000	200	520	149	342	264522	265043	5.55e-14	73.9
CDF87307.1	CM003562.1	65.217	368	396	27	393	809562	810665	1.30e-152	476
CDF87308.1	CM003560.1	84.899	298	300	3	300	1248667	1247774	8.40e-178	543
CDF87308.1	CM003560.1	29.766	299	300	1	288	1202497	1203360	1.46e-34	131
CDF87308.1	CM003560.1	26.644	289	300	3	287	120306	119548	3.66e-26	107
CDF87308.1	CM003560.1	27.273	308	300	9	299	66720	67553	1.12e-20	91.3
CDF87308.1	CM003560.1	26.032	315	300	2	288	1235212	1236063	1.13e-18	85.1
CDF87308.1	CM003560.1	25.532	235	300	2	211	137689	136997	3.70e-16	77.8
CDF87308.1	CM003560.1	34.167	120	300	105	208	493479	493832	5.22e-15	74.3
CDF87308.1	CM003560.1	29.018	224	300	7	206	98946	99587	6.28e-15	73.9
CDF87308.1	CM003560.1	30.201	149	300	57	200	1110470	1110910	8.28e-15	73.6
CDF87308.1	CM003560.1	27.157	313	300	2	287	1114611	1115447	5.86e-14	70.9
CDF87308.1	CM003560.1	27.064	218	300	8	206	1343358	1342717	5.37e-13	68.2
CDF87308.1	CM003560.1	25.333	225	300	9	224	1446837	1447502	2.13e-12	66.2
CDF87308.1	CM003560.1	23.464	179	300	53	214	553647	553117	2.29e-12	66.2
CDF87308.1	CM003560.1	26.875	160	300	44	200	802242	801772	7.27e-12	64.7
CDF87308.1	CM003560.1	21.782	202	300	3	201	45446	46045	1.56e-11	63.5
CDF87308.1	CM003570.1	37.374	297	300	3	288	486045	485167	1.17e-64	218
CDF87308.1	CM003570.1	36.364	319	300	2	294	853886	852939	3.34e-59	202
CDF87308.1	CM003570.1	35.862	290	300	30	292	467279	466413	9.26e-50	176
CDF87308.1	CM003570.1	30.492	305	300	9	294	659538	660443	1.22e-37	140
CDF87308.1	CM003570.1	25.763	295	300	9	287	279746	278943	1.40e-18	84.7
CDF87308.1	CM003570.1	24.911	281	300	7	287	262146	262877	1.27e-17	82.0
CDF87308.1	CM003570.1	26.636	214	300	9	206	257409	256777	1.03e-15	76.3
CDF87308.1	CM003570.1	25.389	193	300	7	195	160641	161198	7.85e-14	70.5
CDF87308.1	CM003570.1	25.000	200	300	9	200	282200	281613	4.29e-12	65.5
CDF87308.1	CM003570.1	26.816	179	300	49	209	494990	494460	1.74e-11	63.5
CDF87308.1	CM003570.1	31.690	142	300	8	147	741285	741707	2.71e-11	62.8
CDF87308.1	CM003570.1	28.108	185	300	17	199	151407	150862	3.25e-11	62.8
CDF87308.1	CM003558.1	37.919	298	300	3	291	540096	540974	2.15e-59	203
CDF87308.1	CM003558.1	33.113	302	300	9	294	184325	185221	2.21e-45	163
CDF87308.1	CM003558.1	24.399	291	300	7	287	13454	12684	4.62e-16	77.4
CDF87308.1	CM003558.1	28.571	203	300	9	200	729193	729798	3.88e-12	65.5
CDF87308.1	CM003565.1	33.110	299	300	3	295	484387	483503	2.82e-54	188
CDF87308.1	CM003565.1	29.966	297	300	8	286	517292	518164	9.25e-32	123
CDF87308.1	CM003565.1	33.548	155	300	49	200	418813	418355	5.55e-16	77.0
CDF87308.1	CM003565.1	26.804	194	300	7	199	461458	460880	1.30e-14	73.2
CDF87308.1	CM003565.1	31.724	145	300	61	196	536151	536585	1.02e-13	70.5
CDF87308.1	CM003565.1	25.789	190	300	7	195	532699	533256	2.63e-13	68.9
CDF87308.1	CM003567.1	33.673	294	300	9	288	517560	518399	1.80e-44	160
CDF87308.1	CM003567.1	23.203	306	300	2	298	253632	252826	2.23e-18	84.3
CDF87308.1	CM003567.1	25.258	194	300	7	199	445264	444686	4.74e-14	71.2
CDF87310.1	CM003560.1	39.791	191	376	23	203	1247492	1246929	1.44e-68	148
CDF87310.1	CM003560.1	42.963	135	376	208	342	1246914	1246513	1.44e-68	129
CDF87311.1	CM003562.1	50.690	580	553	21	553	807341	809080	0.0	565
CDF87312.1	CM003562.1	47.192	926	916	1	916	807035	804306	0.0	832
CDF87312.1	CM003560.1	34.626	361	916	566	910	154314	153271	1.23e-47	184
CDF87312.1	CM003555.1	29.235	366	916	561	913	411760	412821	7.67e-38	153
CDF87312.1	CM003565.1	27.107	439	916	515	911	245569	246858	3.20e-25	112
CDF87312.1	CM003564.1	27.954	347	916	591	908	235330	236337	7.18e-22	101
CDF87313.1	CM003567.1	55.273	512	557	57	530	576644	575136	2.70e-170	534
CDF87313.1	CM003565.1	33.047	233	557	123	340	457286	456660	1.67e-28	120
CDF87314.1	CM003560.1	46.043	556	479	2	479	1244576	1246240	1.03e-127	408
CDF87315.1	CM003567.1	48.269	491	503	17	500	574269	572818	1.49e-141	449
CDF87315.1	CM003567.1	47.047	491	503	17	500	572059	570608	1.76e-137	437
CDF87315.1	CM003567.1	28.049	328	503	182	497	462707	461778	1.98e-21	97.4
CDF87315.1	CM003555.1	44.177	498	503	7	502	304386	305843	6.28e-124	398
CDF87315.1	CM003569.1	40.040	497	503	7	500	51185	49731	2.42e-118	382
CDF87315.1	CM003570.1	37.876	499	503	6	500	432411	433874	1.25e-106	348
CDF87315.1	CM003558.1	33.534	498	503	14	498	232904	234361	3.57e-73	251
CDF87316.1	CM003567.1	64.072	501	500	1	500	574314	572812	0.0	678
CDF87316.1	CM003567.1	62.275	501	500	1	500	572104	570602	0.0	653
CDF87316.1	CM003567.1	28.667	450	500	54	474	463133	461841	4.72e-27	114
CDF87316.1	CM003569.1	45.565	496	500	1	495	51197	49740	3.70e-134	427
CDF87316.1	CM003555.1	45.547	494	500	5	498	304386	305837	2.28e-133	425
CDF87316.1	CM003570.1	41.616	495	500	5	498	432414	433874	2.80e-116	376
CDF87316.1	CM003558.1	33.054	478	500	21	493	232955	234352	2.31e-71	246
CDF87317.1	CM003567.1	46.026	604	600	7	600	570375	568576	0.0	567
CDF87318.1	CM003567.1	56.371	777	737	1	737	566127	568433	0.0	837
CDF87318.1	CM003568.1	27.528	356	737	13	335	306928	305891	2.29e-34	140
CDF87318.1	CM003570.1	26.645	304	737	1	260	235326	234427	1.13e-22	103
CDF87318.1	CM003566.1	26.111	360	737	5	330	200113	199061	5.12e-22	100
CDF87319.1	CM003560.1	54.342	357	377	34	377	1243944	1242874	9.78e-119	377
CDF87320.1	CM003560.1	61.170	376	380	15	379	1241673	1242800	2.68e-155	483
CDF87320.1	CM003565.1	27.492	331	380	45	358	155649	156593	1.81e-23	101
CDF87321.1	CM003567.1	63.388	366	359	2	354	565705	564614	3.42e-144	449
CDF87321.1	CM003570.1	29.630	297	359	52	342	594892	594044	6.09e-33	129
CDF87321.1	CM003570.1	30.729	192	359	138	325	577117	576566	9.64e-15	74.3
CDF87321.1	CM003570.1	24.759	311	359	52	341	293297	292443	1.13e-13	71.2
CDF87321.1	CM003570.1	26.074	326	359	36	348	666890	667798	1.74e-13	70.5
CDF87321.1	CM003568.1	29.167	312	359	57	358	167211	168035	6.46e-32	125
CDF87321.1	CM003568.1	30.412	194	359	59	237	307917	307354	5.32e-14	72.0
CDF87321.1	CM003568.1	24.812	266	359	94	349	308103	307345	2.34e-12	67.0
CDF87321.1	CM003565.1	29.054	296	359	43	328	135597	136403	6.21e-27	111
CDF87321.1	CM003565.1	25.888	197	359	147	341	450802	450233	1.06e-12	68.2
CDF87321.1	CM003564.1	28.289	304	359	37	328	558665	557847	1.90e-26	109
CDF87321.1	CM003564.1	28.155	309	359	57	351	128101	127220	4.15e-24	102
CDF87322.1	CM003567.1	57.414	789	814	1	729	563869	561617	0.0	806
CDF87323.1	CM003567.1	38.095	105	162	31	113	560665	560360	1.12e-15	72.0
CDF87324.1	CM003567.1	28.698	676	710	61	708	557473	555575	2.50e-60	219
CDF87325.1	CM003560.1	67.660	470	472	6	472	1239903	1241312	0.0	656
CDF87326.1	CM003567.1	48.804	1547	1499	7	1490	555192	550576	0.0	1462
CDF87326.1	CM003557.1	31.274	518	1499	956	1458	84524	82995	3.27e-72	267
CDF87326.1	CM003557.1	31.448	442	1499	123	560	86138	84981	2.30e-56	215
CDF87326.1	CM003557.1	35.294	119	1499	675	793	84854	84531	4.40e-11	66.6
CDF87326.1	CM003556.1	31.283	569	1499	937	1458	59677	58004	5.01e-70	260
CDF87326.1	CM003556.1	29.981	537	1499	270	792	61066	59612	2.53e-56	215
CDF87326.1	CM003560.1	30.458	568	1499	938	1459	857588	855921	1.94e-67	251
CDF87326.1	CM003560.1	29.213	534	1499	270	791	858980	857529	2.94e-53	205
CDF87326.1	CM003553.1	31.771	384	1499	951	1332	57645	56530	2.23e-48	189
CDF87326.1	CM003553.1	25.519	482	1499	86	563	59241	58072	2.49e-29	127
CDF87327.1	CM003567.1	50.000	242	230	3	229	549010	549675	3.48e-61	205
CDF87327.1	CM003567.1	42.029	69	230	21	88	667196	667402	2.91e-12	64.3
CDF87327.1	CM003568.1	58.209	67	230	22	88	273387	273587	3.36e-19	84.7
CDF87327.1	CM003568.1	50.000	66	230	20	83	557932	558129	2.35e-12	64.7
CDF87327.1	CM003568.1	47.692	65	230	23	86	298944	298750	7.42e-12	63.2
CDF87327.1	CM003568.1	43.243	74	230	14	86	173446	173658	1.61e-11	62.0
CDF87327.1	CM003554.1	50.746	67	230	22	87	78948	78748	5.71e-15	72.4
CDF87328.1	CM003560.1	79.020	1082	1090	10	1090	1239549	1236304	0.0	1849
CDF87328.1	CM003570.1	27.368	760	1090	369	1083	228715	226472	1.47e-72	264
CDF87328.1	CM003568.1	30.676	414	1090	579	966	347740	346577	7.72e-36	147
CDF87329.1	CM003560.1	75.000	320	503	183	501	1235191	1236150	0.0	518
CDF87329.1	CM003560.1	51.913	183	503	1	175	1234613	1235155	0.0	182
CDF87329.1	CM003560.1	34.266	286	503	191	472	120306	119548	5.97e-39	150
CDF87329.1	CM003560.1	29.693	293	503	197	473	66720	67520	1.21e-31	128
CDF87329.1	CM003560.1	27.812	320	503	197	488	802428	801556	8.57e-27	114
CDF87329.1	CM003560.1	27.609	297	503	195	475	98946	99746	1.75e-22	100
CDF87329.1	CM003560.1	30.126	239	503	180	413	45416	46048	3.48e-22	99.8
CDF87329.1	CM003560.1	26.888	331	503	180	477	137716	136820	9.56e-22	98.2
CDF87329.1	CM003560.1	28.025	314	503	191	473	1248667	1247810	1.25e-21	97.8
CDF87329.1	CM003560.1	28.704	216	503	257	453	493350	493928	1.00e-14	76.3
CDF87329.1	CM003560.1	27.468	233	503	196	410	1343358	1342735	5.28e-14	73.9
CDF87329.1	CM003560.1	25.926	243	503	184	410	1110260	1110907	7.46e-14	73.2
CDF87329.1	CM003560.1	28.634	227	503	197	417	1202521	1203123	3.03e-13	71.2
CDF87329.1	CM003560.1	22.662	278	503	197	453	1446837	1447592	3.09e-11	64.7
CDF87329.1	CM003570.1	30.942	446	503	55	474	257826	256612	2.67e-45	169
CDF87329.1	CM003570.1	30.693	303	503	177	473	160587	161399	6.29e-35	138
CDF87329.1	CM003570.1	29.114	316	503	187	484	279776	278910	2.27e-29	121
CDF87329.1	CM003570.1	26.054	261	503	210	470	151392	150697	1.28e-23	103
CDF87329.1	CM003570.1	27.640	322	503	186	471	486060	485173	2.46e-22	100
CDF87329.1	CM003570.1	27.124	306	503	171	472	262074	262877	2.92e-21	96.7
CDF87329.1	CM003570.1	26.071	280	503	177	415	741240	741995	4.04e-19	90.1
CDF87329.1	CM003570.1	25.574	305	503	197	482	282200	281382	4.63e-14	73.9
CDF87329.1	CM003570.1	26.012	346	503	186	473	853901	852957	5.18e-14	73.9
CDF87329.1	CM003570.1	29.565	230	503	186	402	659505	660128	7.85e-14	73.2
CDF87329.1	CM003561.1	32.288	319	503	158	470	95661	96551	2.09e-44	167
CDF87329.1	CM003561.1	26.829	205	503	158	361	190924	191463	1.63e-11	65.9
CDF87329.1	CM003569.1	30.032	313	503	179	484	789905	790774	7.02e-40	153
CDF87329.1	CM003569.1	28.105	459	503	45	473	94709	95941	1.03e-38	150
CDF87329.1	CM003569.1	29.787	329	503	183	494	308850	307945	5.53e-29	120
CDF87329.1	CM003569.1	27.740	292	503	197	475	956217	955429	6.90e-24	104
CDF87329.1	CM003569.1	27.761	335	503	152	472	840014	839133	1.20e-21	97.8
CDF87329.1	CM003569.1	26.606	218	503	205	412	974609	974034	1.56e-15	78.6
CDF87329.1	CM003569.1	25.914	301	503	197	482	311528	310710	1.69e-15	78.6
CDF87329.1	CM003569.1	27.111	225	503	193	406	260600	261193	1.24e-14	75.9
CDF87329.1	CM003569.1	23.810	315	503	191	472	644237	643380	3.86e-14	74.3
CDF87329.1	CM003565.1	28.409	352	503	158	473	419152	418187	4.87e-36	142
CDF87329.1	CM003565.1	28.873	284	503	191	473	532687	533457	7.36e-30	123
CDF87329.1	CM003565.1	30.065	306	503	181	482	461497	460670	6.96e-28	117
CDF87329.1	CM003565.1	28.169	355	503	152	473	484486	483521	8.73e-21	95.1
CDF87329.1	CM003565.1	23.699	346	503	188	484	445866	446870	2.24e-16	81.3
CDF87329.1	CM003565.1	26.644	289	503	187	412	319928	320740	3.70e-14	74.3
CDF87329.1	CM003565.1	29.193	161	503	248	402	517454	517879	6.40e-12	67.0
CDF87330.1	CM003567.1	46.038	795	760	10	759	546460	548799	0.0	702
CDF87331.1	CM003567.1	45.669	127	126	1	125	546148	545780	7.06e-26	99.8
CDF87332.1	CM003560.1	87.324	355	353	1	353	1233291	1234352	0.0	619
CDF87333.1	CM003560.1	38.218	348	297	1	297	1233049	1232027	5.68e-40	147
CDF87334.1	CM003567.1	78.065	155	155	1	155	543539	544003	1.60e-80	257
CDF87335.1	CM003567.1	51.691	207	235	36	232	543200	542580	1.90e-58	197
CDF87336.1	CM003560.1	45.960	198	190	1	189	1231303	1231881	2.45e-48	167
CDF87337.1	CM003567.1	48.954	239	205	1	203	542311	541604	2.35e-63	210
CDF87338.1	CM003560.1	82.609	345	424	80	424	1230036	1231070	0.0	601
CDF87338.1	CM003560.1	55.294	85	424	3	82	1229791	1230045	1.03e-18	87.8
CDF87339.1	CM003560.1	65.658	760	761	3	761	1229411	1227132	0.0	1099
CDF87339.1	CM003560.1	52.335	728	761	17	744	1226532	1224349	0.0	849
CDF87339.1	CM003560.1	23.647	499	761	26	501	445202	443805	1.25e-29	125
CDF87339.1	CM003557.1	33.524	701	761	54	733	95382	93325	2.93e-101	342
CDF87339.1	CM003569.1	31.760	699	761	35	708	169046	166989	9.97e-99	335
CDF87339.1	CM003562.1	32.316	721	761	35	733	185946	183823	4.08e-97	330
CDF87339.1	CM003564.1	31.092	714	761	49	713	37192	39264	4.13e-82	286
CDF87340.1	CM003567.1	41.736	599	633	10	608	539900	541483	4.66e-141	453
CDF87341.1	CM003569.1	66.809	235	204	1	204	1035144	1034452	5.98e-95	301
CDF87342.1	CM003569.1	63.200	500	576	80	564	1032800	1034263	0.0	571
CDF87343.1	CM003569.1	53.191	235	230	1	227	1031459	1032163	1.63e-87	281
CDF87344.1	CM003569.1	59.278	194	184	1	183	1031238	1030660	1.93e-72	235
CDF87345.1	CM003569.1	61.127	1065	1070	8	1063	1027338	1030481	0.0	1281
CDF87346.1	CM003569.1	41.104	489	411	2	409	1026995	1025532	1.27e-102	332
CDF87347.1	CM003569.1	74.556	169	169	1	169	1024977	1025483	1.62e-86	275
CDF87348.1	CM003568.1	90.762	433	433	1	433	761530	762828	0.0	829
CDF87348.1	CM003568.1	26.196	397	433	20	388	214227	215348	5.69e-31	125
CDF87348.1	CM003562.1	47.971	419	433	20	430	909655	910911	8.09e-136	429
CDF87348.1	CM003570.1	36.364	242	433	91	323	677033	676317	2.06e-43	162
CDF87349.1	CM003568.1	51.641	1036	1031	2	1028	758199	761282	0.0	1030
CDF87349.1	CM003560.1	32.428	552	1031	481	1020	1278578	1280140	2.86e-68	250
CDF87349.1	CM003560.1	46.186	236	1031	729	963	1278440	1279123	1.15e-50	194
CDF87349.1	CM003560.1	39.695	262	1031	721	974	270811	270035	2.79e-42	167
CDF87349.1	CM003560.1	36.996	273	1031	689	955	1073147	1072344	2.56e-40	161
CDF87349.1	CM003560.1	31.515	165	1031	740	900	307132	307593	3.87e-11	66.2
CDF87349.1	CM003566.1	31.545	615	1031	474	1027	57589	55844	6.74e-64	236
CDF87349.1	CM003566.1	31.481	540	1031	441	955	901763	900258	1.37e-57	216
CDF87349.1	CM003566.1	39.662	237	1031	727	958	57715	57017	1.39e-42	169
CDF87349.1	CM003565.1	33.941	439	1031	611	1017	596102	597334	1.28e-63	235
CDF87349.1	CM003565.1	36.090	266	1031	727	981	493075	492287	4.74e-42	167
CDF87349.1	CM003562.1	38.000	300	1031	728	1011	55353	54550	2.00e-46	181
CDF87349.1	CM003562.1	40.171	234	1031	725	955	637916	638605	3.71e-41	164
CDF87349.1	CM003562.1	36.250	240	1031	720	954	512513	511821	7.15e-32	134
CDF87350.1	CM003568.1	59.589	146	145	1	144	757558	757992	7.94e-53	177
CDF87350.1	CM003566.1	59.091	66	145	73	138	151461	151273	3.34e-19	81.6
CDF87351.1	CM003568.1	35.866	329	1296	29	347	756685	755708	1.28e-52	202
CDF87352.1	CM003568.1	55.312	320	322	2	321	752491	753447	1.73e-121	383
CDF87352.1	CM003566.1	26.638	229	322	44	260	609337	609951	2.72e-17	81.6
CDF87352.1	CM003569.1	26.860	242	322	28	258	763042	763656	7.63e-16	77.0
CDF87353.1	CM003569.1	60.669	239	237	1	236	1024543	1023827	1.25e-98	313
CDF87354.1	CM003568.1	68.639	845	877	13	843	749458	751992	0.0	1192
CDF87354.1	CM003568.1	29.398	415	877	180	581	356379	357524	3.30e-40	160
CDF87354.1	CM003565.1	28.685	502	877	94	583	633486	632095	1.62e-42	167
CDF87354.1	CM003569.1	27.011	522	877	105	588	559751	558294	1.30e-35	145
CDF87354.1	CM003554.1	20.283	424	877	111	501	88932	90083	2.15e-11	66.6
CDF87355.1	CM003569.1	43.977	689	646	8	641	1023606	1021579	2.08e-159	506
CDF87355.1	CM003560.1	26.978	278	646	61	322	198725	199516	4.79e-16	81.3
CDF87356.1	CM003568.1	64.819	415	420	1	411	748882	747647	0.0	581
CDF87356.1	CM003568.1	40.761	368	420	46	413	75053	73989	3.72e-82	274
CDF87356.1	CM003559.1	42.857	364	420	47	410	30497	29448	1.30e-93	307
CDF87357.1	CM003569.1	72.637	402	419	16	417	1021281	1020076	0.0	628
CDF87357.1	CM003566.1	30.594	438	419	1	416	988812	990083	1.87e-54	194
CDF87357.1	CM003562.1	25.064	391	419	12	356	523435	522326	3.65e-22	98.2
CDF87357.1	CM003568.1	26.331	357	419	21	327	52384	51326	3.46e-21	95.1
CDF87358.1	CM003568.1	48.175	137	437	305	437	747149	747532	4.11e-19	89.4
CDF87359.1	CM003568.1	54.600	1000	1007	2	995	746098	743414	0.0	1019
CDF87359.1	CM003560.1	22.328	421	1007	583	1003	1283652	1282603	1.38e-18	90.5
CDF87360.1	CM003569.1	81.690	213	209	1	209	1019078	1019716	1.63e-112	351
CDF87361.1	CM003568.1	69.580	286	286	1	286	743121	742270	1.23e-137	427
CDF87362.1	CM003569.1	43.828	1369	1268	5	1262	1014797	1018756	0.0	991
CDF87363.1	CM003568.1	48.023	531	516	12	515	740534	742111	1.23e-158	498
CDF87363.1	CM003568.1	39.535	473	516	51	513	13904	12513	2.40e-108	353
CDF87363.1	CM003567.1	39.394	495	516	26	512	270905	272365	1.59e-112	365
CDF87363.1	CM003563.1	39.592	490	516	32	513	241397	242842	5.31e-111	361
CDF87363.1	CM003563.1	39.098	532	516	5	513	248866	250431	4.18e-109	356
CDF87363.1	CM003563.1	37.476	515	516	16	512	245076	246596	6.13e-106	347
CDF87363.1	CM003566.1	39.096	509	516	16	513	270049	271515	5.37e-111	361
CDF87363.1	CM003560.1	38.953	516	516	6	513	365810	367315	1.02e-110	360
CDF87363.1	CM003560.1	37.266	534	516	1	513	1508909	1510483	1.67e-110	360
CDF87363.1	CM003560.1	38.953	516	516	6	513	371202	372707	1.84e-110	360
CDF87363.1	CM003560.1	39.535	473	516	51	512	362578	363963	5.36e-105	344
CDF87363.1	CM003560.1	29.498	478	516	45	512	1404462	1403071	2.39e-61	217
CDF87363.1	CM003560.1	29.895	475	516	50	513	1302767	1301385	5.91e-58	207
CDF87363.1	CM003560.1	24.295	461	516	62	516	24187	22832	9.40e-34	135
CDF87363.1	CM003560.1	26.248	541	516	18	513	87494	89002	1.40e-28	119
CDF87363.1	CM003560.1	28.293	205	516	310	513	284180	284776	3.34e-19	90.5
CDF87363.1	CM003560.1	29.778	225	516	35	256	283217	283840	1.11e-14	75.9
CDF87363.1	CM003560.1	23.750	480	516	64	513	1515949	1514600	2.75e-14	74.7
CDF87363.1	CM003560.1	23.028	469	516	64	510	1413366	1414664	9.21e-13	69.7
CDF87364.1	CM003569.1	54.947	475	472	11	472	1014409	1012985	3.62e-151	475
CDF87365.1	CM003568.1	74.330	448	448	8	448	740142	738808	0.0	701
CDF87365.1	CM003559.1	26.667	240	448	155	366	56123	56821	9.13e-18	85.1
CDF87365.1	CM003559.1	23.746	299	448	83	372	94821	95567	1.45e-14	75.1
CDF87365.1	CM003559.1	23.411	299	448	94	364	75380	76195	1.82e-14	74.7
CDF87365.1	CM003559.1	25.333	225	448	83	287	56180	56848	4.90e-12	67.0
CDF87365.1	CM003559.1	25.773	194	448	162	346	75329	75895	1.49e-11	65.5
CDF87365.1	CM003570.1	28.472	144	448	135	278	260905	260477	8.01e-16	79.0
CDF87365.1	CM003560.1	23.077	234	448	136	364	1318318	1318953	2.78e-14	74.3
CDF87365.1	CM003560.1	26.667	150	448	85	234	1318291	1318740	1.10e-13	72.4
CDF87365.1	CM003560.1	27.485	171	448	120	276	517781	518293	2.41e-11	64.7
CDF87365.1	CM003566.1	22.712	295	448	87	364	380647	381390	4.64e-13	70.5
CDF87365.1	CM003566.1	23.026	152	448	83	233	567407	566955	3.71e-11	64.3
CDF87365.1	CM003566.1	26.923	130	448	115	244	567437	567048	7.17e-11	63.2
CDF87366.1	CM003569.1	40.506	395	382	1	378	1011342	1012523	4.57e-95	310
CDF87366.1	CM003553.1	32.178	202	382	80	278	149756	150310	9.79e-18	84.0
CDF87366.1	CM003564.1	27.805	205	382	79	278	588709	589260	2.04e-12	67.8
CDF87367.1	CM003569.1	67.633	207	215	1	195	1010052	1010672	1.35e-70	231
CDF87368.1	CM003569.1	81.416	113	115	3	115	1009733	1009410	4.27e-58	191
CDF87369.1	CM003568.1	51.988	327	318	2	317	737761	738741	1.71e-111	354
CDF87370.1	CM003568.1	58.075	322	322	2	321	736548	737492	3.96e-127	399
CDF87371.1	CM003556.1	50.671	298	296	1	294	34655	35545	6.71e-95	305
CDF87371.1	CM003563.1	27.273	297	296	2	294	18112	17258	1.97e-31	122
CDF87373.1	CM003556.1	50.133	1131	1055	4	1055	33323	29967	0.0	1068
CDF87373.1	CM003567.1	32.196	469	1055	588	1050	399253	397970	4.64e-58	218
CDF87373.1	CM003565.1	26.923	494	1055	576	1029	261650	263026	5.66e-36	147
CDF87373.1	CM003566.1	27.768	569	1055	588	1055	973736	975313	1.67e-34	142
CDF87374.1	CM003556.1	91.045	268	268	1	268	29409	28609	1.88e-157	483
CDF87374.1	CM003560.1	95.082	244	268	1	244	843902	843171	8.04e-156	478
CDF87375.1	CM003560.1	54.198	131	141	3	133	842494	842102	1.42e-42	148
CDF87376.1	CM003560.1	68.804	577	566	1	564	840043	841770	0.0	804
CDF87377.1	CM003556.1	72.076	419	401	1	400	28203	26947	0.0	626
CDF87378.1	CM003560.1	40.137	877	891	1	816	839156	836670	7.80e-170	546
CDF87379.1	CM003560.1	43.219	789	1248	479	1245	833952	836294	0.0	681
CDF87379.1	CM003560.1	48.515	101	1248	8	108	832608	832910	2.45e-19	93.6
CDF87380.1	CM003556.1	90.690	290	332	43	332	26376	25507	0.0	556
CDF87380.1	CM003555.1	46.012	326	332	7	332	350416	351390	1.58e-92	300
CDF87380.1	CM003560.1	32.258	186	332	94	272	1056077	1055520	2.69e-19	87.8
CDF87381.1	CM003560.1	72.059	476	476	1	476	830739	832157	0.0	722
CDF87382.1	CM003556.1	36.293	259	274	26	274	24569	25288	6.17e-36	134
CDF87383.1	CM003556.1	58.108	74	111	38	111	23939	24154	6.74e-14	64.7
CDF87384.1	CM003566.1	76.074	652	651	14	651	275743	273794	0.0	992
CDF87384.1	CM003560.1	69.881	674	651	1	651	826479	828494	0.0	975
CDF87384.1	CM003555.1	25.465	699	651	13	645	390150	388171	8.47e-53	195
CDF87385.1	CM003560.1	63.309	695	692	1	677	826244	824184	0.0	882
CDF87386.1	CM003566.1	43.289	1125	1216	9	1119	279914	276561	0.0	891
CDF87387.1	CM003560.1	58.453	698	738	33	728	821960	823975	0.0	846
CDF87387.1	CM003568.1	27.684	531	738	35	551	599355	600755	9.75e-47	179
CDF87388.1	CM003564.1	92.405	158	159	1	158	572238	571768	1.68e-96	303
CDF87390.1	CM003564.1	77.828	221	207	1	207	568378	567716	1.71e-102	323
CDF87391.1	CM003565.1	61.412	425	424	1	423	111351	110080	0.0	560
CDF87391.1	CM003564.1	63.882	407	424	23	424	566394	567614	4.80e-177	547
CDF87391.1	CM003569.1	50.814	307	424	90	396	573146	572262	7.33e-105	340
CDF87391.1	CM003558.1	46.104	308	424	89	396	613834	614721	1.40e-98	322
CDF87391.1	CM003558.1	38.014	292	424	90	379	599261	600124	6.10e-67	230
CDF87391.1	CM003560.1	46.602	309	424	90	396	111321	110440	7.94e-93	305
CDF87392.1	CM003565.1	61.044	249	256	5	253	112489	111743	4.09e-108	341
CDF87393.1	CM003565.1	92.658	395	395	1	395	114040	112856	0.0	728
CDF87393.1	CM003565.1	31.633	196	395	42	208	181790	182374	2.22e-14	73.9
CDF87393.1	CM003564.1	92.658	395	395	1	395	564648	565832	0.0	727
CDF87393.1	CM003564.1	29.534	386	395	17	384	341805	340657	8.95e-46	167
CDF87393.1	CM003560.1	58.839	379	395	19	393	1024720	1023584	2.05e-147	461
CDF87393.1	CM003560.1	44.022	368	395	24	390	1344635	1345732	1.14e-94	309
CDF87393.1	CM003560.1	36.828	372	395	24	387	1211043	1209931	5.07e-74	249
CDF87393.1	CM003560.1	29.897	388	395	24	378	560228	561376	1.17e-45	167
CDF87393.1	CM003560.1	25.874	429	395	15	383	1121993	1120707	7.71e-45	165
CDF87393.1	CM003560.1	28.974	390	395	29	376	650501	651640	4.16e-36	139
CDF87393.1	CM003569.1	39.211	380	395	2	368	670177	671304	3.88e-81	270
CDF87393.1	CM003569.1	32.425	367	395	42	388	361405	360308	7.62e-55	194
CDF87393.1	CM003563.1	32.172	373	395	14	383	308820	309935	1.59e-60	210
CDF87393.1	CM003563.1	33.073	384	395	24	385	95361	94234	1.19e-51	184
CDF87394.1	CM003565.1	49.164	299	444	1	282	116257	115367	5.89e-89	295
CDF87394.1	CM003564.1	47.351	302	444	1	279	563212	564093	1.67e-81	273
CDF87395.1	CM003564.1	92.405	79	87	9	87	562550	562786	8.13e-46	154
CDF87395.1	CM003565.1	91.139	79	87	9	87	117024	116788	1.27e-45	154
CDF87396.1	CM003565.1	69.910	555	587	39	587	119323	117662	0.0	804
CDF87397.1	CM003565.1	55.634	284	277	14	277	120788	119937	7.33e-103	327
CDF87397.1	CM003565.1	24.731	186	277	73	232	202603	203154	2.80e-12	65.5
CDF87397.1	CM003570.1	46.591	176	277	75	240	863040	863558	1.77e-46	165
CDF87397.1	CM003566.1	46.893	177	277	74	241	586644	586120	4.50e-44	158
CDF87397.1	CM003566.1	30.675	163	277	72	232	644798	644325	9.46e-16	75.9
CDF87397.1	CM003566.1	27.500	160	277	74	232	703596	703144	1.16e-12	66.6
CDF87397.1	CM003568.1	45.614	171	277	75	240	323761	323252	7.14e-42	152
CDF87397.1	CM003568.1	35.616	219	277	74	242	479711	480361	3.49e-37	138
CDF87397.1	CM003568.1	29.474	190	277	74	251	330446	329925	9.24e-19	84.7
CDF87397.1	CM003553.1	36.410	195	277	75	240	175233	174652	4.88e-37	138
CDF87398.1	CM003565.1	40.189	4118	4050	11	4047	121130	133369	0.0	3091
CDF87399.1	CM003564.1	55.641	390	403	12	395	561097	559928	1.32e-142	447
CDF87399.1	CM003565.1	53.968	378	403	19	395	133822	134952	7.49e-132	416
CDF87400.1	CM003565.1	74.172	302	301	1	300	135561	136466	1.45e-154	476
CDF87400.1	CM003564.1	75.172	290	301	13	300	558653	557784	4.34e-150	464
CDF87400.1	CM003564.1	26.756	299	301	27	299	128101	127229	2.68e-24	101
CDF87400.1	CM003564.1	28.111	217	301	28	231	159774	160424	7.88e-19	85.5
CDF87400.1	CM003568.1	27.835	291	301	23	299	167199	168005	2.15e-26	107
CDF87400.1	CM003570.1	27.619	315	301	2	299	594931	594026	2.87e-23	99.0
CDF87400.1	CM003570.1	26.421	299	301	27	293	577081	576206	1.60e-21	93.6
CDF87400.1	CM003570.1	24.667	300	301	22	299	293297	292422	3.09e-17	80.9
CDF87400.1	CM003567.1	23.885	314	301	21	300	565564	564656	1.41e-21	94.0
CDF87401.1	CM003565.1	51.079	417	414	3	414	138075	136828	1.42e-132	419
CDF87402.1	CM003564.1	39.125	754	731	1	731	557422	555173	2.07e-172	548
CDF87403.1	CM003564.1	45.983	361	360	1	354	553988	555040	8.00e-93	302
CDF87404.1	CM003564.1	82.658	2220	2216	1	2216	546970	553611	0.0	3860
CDF87404.1	CM003564.1	58.714	809	2216	488	1284	104947	107367	0.0	967
CDF87404.1	CM003564.1	35.586	222	2216	1278	1481	107346	107957	0.0	102
CDF87404.1	CM003564.1	83.333	48	2216	438	485	104798	104941	0.0	84.0
CDF87404.1	CM003564.1	29.080	337	2216	1030	1348	104950	105954	7.27e-37	135
CDF87404.1	CM003564.1	35.088	57	2216	977	1033	104792	104962	7.27e-37	38.9
CDF87404.1	CM003564.1	28.896	308	2216	438	742	106447	107349	1.15e-32	125
CDF87404.1	CM003564.1	36.000	50	2216	775	824	107427	107576	1.15e-32	35.0
CDF87404.1	CM003569.1	45.588	408	2216	14	415	202307	201165	2.46e-96	348
CDF87405.1	CM003564.1	43.900	1123	1294	156	1163	542501	545689	0.0	765
CDF87405.1	CM003564.1	66.013	153	1294	4	156	542046	542504	0.0	223
CDF87405.1	CM003565.1	62.527	467	1294	695	1159	139954	138569	0.0	613
CDF87405.1	CM003565.1	34.957	349	1294	4	340	141193	140261	1.61e-53	205
CDF87406.1	CM003564.1	67.395	641	628	35	628	539352	541238	0.0	804
CDF87406.1	CM003564.1	28.710	310	628	324	614	474746	473853	5.94e-25	109
CDF87406.1	CM003564.1	26.570	207	628	326	518	647351	647944	1.62e-16	82.8
CDF87406.1	CM003564.1	26.429	280	628	314	583	614342	615124	4.98e-16	80.9
CDF87406.1	CM003564.1	27.542	236	628	326	545	570071	570718	1.29e-11	66.6
CDF87406.1	CM003560.1	37.248	298	628	308	586	1343403	1342537	8.99e-49	183
CDF87406.1	CM003560.1	32.759	290	628	322	603	45452	46288	7.41e-31	128
CDF87406.1	CM003560.1	26.645	304	628	314	585	802464	801604	3.68e-20	94.4
CDF87406.1	CM003560.1	28.761	226	628	366	589	66888	67532	2.76e-19	91.7
CDF87406.1	CM003560.1	28.395	243	628	319	539	137689	136982	1.93e-18	89.0
CDF87406.1	CM003560.1	26.512	215	628	326	537	120288	119674	1.34e-15	79.7
CDF87406.1	CM003560.1	23.129	294	628	314	583	98916	99734	8.76e-13	70.5
CDF87406.1	CM003560.1	27.451	204	628	324	521	1202515	1203099	1.88e-11	66.2
CDF87406.1	CM003560.1	24.749	299	628	315	583	1114593	1115444	2.41e-11	65.9
CDF87406.1	CM003560.1	25.084	299	628	317	583	1235206	1236057	3.03e-11	65.5
CDF87406.1	CM003569.1	39.073	302	628	309	597	311579	310701	1.41e-44	170
CDF87406.1	CM003569.1	31.128	257	628	339	583	974594	973863	7.35e-23	103
CDF87406.1	CM003569.1	27.037	270	628	322	583	789953	790735	3.54e-18	87.8
CDF87406.1	CM003569.1	26.263	297	628	317	588	956244	955420	2.04e-16	82.4
CDF87406.1	CM003569.1	27.063	303	628	324	607	1000753	1001592	9.14e-13	70.5
CDF87406.1	CM003569.1	26.403	303	628	317	586	95075	95944	1.86e-11	66.2
CDF87406.1	CM003569.1	24.364	275	628	326	583	839894	839136	7.66e-11	64.3
CDF87406.1	CM003570.1	36.424	302	628	318	605	282224	281349	1.69e-43	167
CDF87406.1	CM003570.1	32.482	274	628	324	583	257415	256621	2.45e-28	120
CDF87406.1	CM003570.1	29.964	277	628	315	587	151464	150682	1.32e-21	99.0
CDF87406.1	CM003570.1	28.374	289	628	309	589	262083	262892	2.41e-21	98.2
CDF87406.1	CM003570.1	28.754	313	628	312	586	486069	485164	1.93e-20	95.1
CDF87406.1	CM003570.1	30.396	227	628	314	533	160611	161255	6.46e-18	87.0
CDF87406.1	CM003559.1	30.435	299	628	326	594	73797	74642	1.90e-30	127
CDF87406.1	CM003559.1	29.352	293	628	326	585	41925	41101	1.89e-20	95.1
CDF87406.1	CM003559.1	26.259	278	628	324	589	229994	229194	4.08e-17	84.7
CDF87407.1	CM003564.1	67.308	52	52	1	52	537629	537784	5.25e-19	76.3
CDF87408.1	CM003564.1	57.983	595	526	1	521	535121	536902	0.0	672
CDF87408.1	CM003564.1	31.200	250	526	22	268	721169	720540	1.04e-32	132
CDF87409.1	CM003564.1	63.036	303	304	1	295	534837	533935	1.46e-128	402
CDF87409.1	CM003566.1	33.770	305	304	4	301	817881	817057	1.63e-41	152
CDF87410.1	CM003564.1	69.613	362	373	13	369	532683	533765	2.17e-176	543
CDF87411.1	CM003564.1	81.879	149	170	22	170	531763	532209	1.10e-79	255
CDF87412.1	CM003565.1	42.742	124	120	1	120	141794	142165	1.69e-28	107
CDF87413.1	CM003564.1	48.790	496	461	8	461	529913	531331	6.91e-125	399
CDF87414.1	CM003564.1	53.143	175	149	1	149	529610	529086	1.09e-52	177
CDF87415.1	CM003564.1	87.342	237	238	1	237	528236	528946	1.56e-141	436
CDF87416.1	CM003565.1	60.965	456	450	1	450	142385	143635	6.49e-152	476
CDF87417.1	CM003565.1	45.276	254	299	29	271	144024	144773	1.03e-62	213
CDF87418.1	CM003565.1	40.609	197	265	1	195	145080	145613	1.39e-12	66.2
CDF87419.1	CM003564.1	41.196	301	305	3	303	526759	525866	4.49e-79	260
CDF87420.1	CM003565.1	47.188	409	440	40	440	146890	145700	9.97e-116	372
CDF87421.1	CM003565.1	63.672	256	267	10	264	147343	148104	2.73e-111	351
CDF87422.1	CM003565.1	72.137	262	383	125	383	149201	148422	5.55e-125	395
CDF87422.1	CM003564.1	62.887	291	383	96	383	524598	525464	8.11e-124	392
CDF87422.1	CM003553.1	60.902	266	383	122	383	186268	185480	2.16e-103	333
CDF87422.1	CM003568.1	48.964	386	383	21	383	278735	277587	1.44e-99	322
CDF87422.1	CM003567.1	38.462	208	383	156	349	729216	729803	2.76e-25	107
CDF87423.1	CM003564.1	92.899	169	269	1	169	523041	522535	1.27e-105	335
CDF87425.1	CM003565.1	70.695	604	605	2	605	153614	151824	0.0	842
CDF87425.1	CM003562.1	54.789	522	605	86	605	202910	201348	4.09e-177	556
CDF87425.1	CM003559.1	45.061	577	605	35	605	231489	233210	9.73e-171	537
CDF87425.1	LIOO01000006.1	44.887	577	605	35	605	9536	7815	3.33e-170	536
CDF87425.1	CM003560.1	43.323	644	605	3	605	64083	65981	6.96e-167	526
CDF87425.1	CM003560.1	40.436	596	605	20	605	974900	976684	7.88e-152	483
CDF87425.1	CM003560.1	27.826	575	605	74	576	721169	719466	7.21e-63	224
CDF87426.1	CM003565.1	83.161	386	386	1	386	155496	156653	0.0	686
CDF87426.1	CM003560.1	25.854	410	386	9	385	1241664	1242797	2.64e-23	100
CDF87427.1	CM003565.1	45.085	295	288	1	284	156858	157742	4.76e-79	259
CDF87428.1	CM003564.1	43.388	726	705	1	705	520213	518072	0.0	582
CDF87428.1	CM003565.1	36.491	644	705	81	705	158243	159958	1.00e-114	379
CDF87428.1	CM003558.1	25.899	278	705	398	624	597071	596310	2.50e-17	85.5
CDF87428.1	CM003553.1	41.237	97	705	569	664	51510	51220	3.84e-16	81.6
CDF87428.1	CM003553.1	22.705	207	705	428	632	51573	51076	8.72e-13	70.9
CDF87428.1	CM003553.1	21.037	328	705	390	666	51558	50704	5.94e-12	68.2
CDF87428.1	CM003553.1	28.387	155	705	471	623	51624	51226	8.17e-11	64.3
CDF87428.1	CM003561.1	22.699	326	705	391	656	145305	144361	6.20e-15	77.8
CDF87429.1	CM003564.1	90.364	550	549	1	548	517648	515999	0.0	1029
CDF87429.1	CM003564.1	30.524	534	549	6	525	318215	316635	4.44e-82	278
CDF87429.1	CM003564.1	31.380	529	549	8	524	181903	180320	3.07e-71	247
CDF87429.1	CM003564.1	27.807	561	549	6	541	303925	305592	1.63e-55	201
CDF87429.1	CM003553.1	34.731	501	549	27	524	231624	230137	6.43e-79	270
CDF87429.1	CM003560.1	33.019	530	549	29	531	622667	621096	6.70e-79	269
CDF87429.1	CM003560.1	31.055	512	549	28	522	1316361	1314859	7.01e-63	223
CDF87429.1	CM003560.1	27.290	513	549	29	518	661640	660117	7.60e-52	190
CDF87430.1	CM003565.1	80.882	204	201	1	201	160724	160113	1.70e-105	331
CDF87431.1	CM003564.1	47.333	150	332	38	176	514336	514776	1.13e-31	124
CDF87431.1	CM003564.1	37.584	149	332	211	329	515143	515571	4.46e-17	81.3
CDF87431.1	CM003565.1	64.286	70	332	16	85	161738	161535	9.31e-23	98.2
CDF87431.1	CM003565.1	47.945	73	332	260	327	161213	160995	1.43e-13	70.5
CDF87431.1	CM003561.1	53.750	80	332	17	96	166192	165953	3.68e-20	90.5
CDF87431.1	CM003555.1	68.750	48	332	39	86	231317	231460	4.48e-16	78.2
CDF87432.1	CM003570.1	48.139	403	742	350	737	413970	415133	2.09e-100	339
CDF87432.1	CM003570.1	46.978	364	742	25	359	412740	413825	1.05e-89	307
CDF87433.1	CM003570.1	48.105	765	703	1	703	415549	417810	0.0	617
CDF87433.1	CM003570.1	42.405	316	703	419	702	875087	874167	2.51e-71	252
CDF87433.1	CM003570.1	33.878	245	703	410	646	604390	605073	4.30e-32	132
CDF87433.1	CM003555.1	63.665	322	703	388	698	245389	244427	8.31e-122	400
CDF87433.1	CM003555.1	35.968	253	703	416	650	191183	190473	6.17e-28	119
CDF87433.1	CM003562.1	38.947	285	703	406	676	512528	511704	4.00e-48	182
CDF87433.1	CM003562.1	38.934	244	703	415	650	55362	54661	1.02e-39	156
CDF87433.1	CM003562.1	31.667	300	703	389	681	637844	638704	1.26e-35	144
CDF87433.1	CM003560.1	41.200	250	703	418	664	1278437	1279150	5.03e-44	170
CDF87433.1	CM003560.1	33.438	320	703	409	695	1279229	1280152	3.86e-38	152
CDF87433.1	CM003560.1	34.043	235	703	421	651	1073015	1072338	1.40e-32	134
CDF87433.1	CM003560.1	32.692	260	703	418	670	270790	270044	2.12e-32	134
CDF87433.1	CM003566.1	33.243	370	703	360	701	56887	55835	4.69e-43	167
CDF87433.1	CM003566.1	33.962	318	703	382	695	901028	900147	1.24e-42	166
CDF87433.1	CM003566.1	38.545	275	703	417	682	901748	900963	2.89e-41	161
CDF87433.1	CM003566.1	39.224	232	703	424	650	57694	57023	5.26e-36	145
CDF87434.1	CM003558.1	54.915	468	468	5	468	598877	600259	3.37e-176	546
CDF87434.1	CM003558.1	40.000	315	468	132	443	613831	614730	5.49e-71	243
CDF87434.1	CM003560.1	34.852	439	468	1	438	111678	110446	5.87e-79	266
CDF87434.1	CM003569.1	40.984	305	468	141	443	573137	572253	7.52e-71	243
CDF87434.1	CM003564.1	37.908	306	468	140	434	566613	567524	2.00e-60	213
CDF87434.1	CM003565.1	38.047	297	468	135	424	111093	110209	3.02e-59	209
CDF87435.1	CM003570.1	34.987	383	795	214	576	418598	419737	7.74e-59	217
CDF87435.1	CM003570.1	33.058	121	795	3	119	418256	418606	1.54e-12	70.5
CDF87435.1	CM003570.1	49.123	57	795	737	793	419621	419791	6.92e-11	64.7
CDF87436.1	CM003558.1	60.759	553	542	1	541	600831	602480	0.0	656
CDF87437.1	CM003570.1	36.184	152	141	10	141	420256	419837	9.27e-21	85.9
CDF87438.1	CM003570.1	50.571	613	544	7	543	420737	422566	4.69e-172	538
CDF87439.1	CM003570.1	50.980	306	322	4	301	423666	422752	6.55e-95	306
CDF87440.1	CM003558.1	56.373	204	210	1	204	603535	604146	7.66e-87	278
CDF87442.1	CM003570.1	36.458	192	185	4	183	425584	425045	3.44e-27	105
CDF87443.1	CM003570.1	52.494	882	890	11	890	914584	911957	0.0	973
CDF87443.1	CM003564.1	32.325	727	890	152	859	689274	691340	3.36e-103	352
CDF87444.1	CM003562.1	80.634	284	283	2	283	315386	316237	2.65e-153	472
CDF87444.1	CM003562.1	56.432	241	283	23	263	130658	131377	8.97e-87	281
CDF87445.1	CM003562.1	47.799	159	154	1	154	314879	314403	4.37e-44	153
CDF87445.1	CM003562.1	34.868	152	154	3	153	651770	651351	1.08e-20	86.3
CDF87445.1	CM003555.1	38.211	123	154	32	153	132551	132910	3.30e-20	84.7
CDF87445.1	CM003560.1	38.636	132	154	27	154	861379	860993	4.36e-19	81.6
CDF87445.1	CM003560.1	36.364	121	154	33	153	955850	956200	7.48e-17	75.1
CDF87445.1	CM003560.1	32.576	132	154	1	132	681248	680868	2.45e-16	73.6
CDF87445.1	CM003560.1	32.075	106	154	22	126	1178819	1178508	1.16e-11	60.1
CDF87445.1	CM003569.1	37.594	133	154	6	138	126391	126771	7.24e-18	78.2
CDF87445.1	CM003558.1	38.017	121	154	33	153	386971	386621	6.47e-17	75.1
CDF87446.1	CM003555.1	39.000	100	132	29	126	271324	271025	3.32e-13	63.9
CDF87446.1	CM003553.1	40.000	75	132	50	123	63020	63244	7.18e-11	57.0
CDF87447.1	CM003570.1	59.854	137	169	24	154	788818	789228	1.20e-53	181
CDF87448.1	CM003562.1	44.115	1181	1175	1	1163	314062	310727	0.0	949
CDF87449.1	CM003570.1	37.149	463	461	5	457	786897	788198	9.05e-71	243
CDF87450.1	CM003562.1	90.244	246	256	1	245	310438	309701	1.07e-148	457
CDF87450.1	CM003562.1	35.458	251	256	6	250	84831	85577	9.07e-39	142
CDF87450.1	CM003562.1	33.333	177	256	6	181	573558	574085	4.49e-27	108
CDF87450.1	CM003569.1	35.294	204	256	6	205	830584	829973	1.07e-40	147
CDF87450.1	CM003569.1	37.209	172	256	6	177	72391	72900	7.32e-32	122
CDF87450.1	CM003567.1	37.089	213	256	5	216	81143	80511	1.67e-40	147
CDF87450.1	CM003567.1	32.432	222	256	1	218	873527	874180	1.36e-27	110
CDF87451.1	CM003570.1	59.286	140	139	1	139	786520	786101	1.86e-53	179
CDF87453.1	CM003570.1	51.584	221	206	1	206	785778	785131	2.46e-57	193
CDF87453.1	CM003562.1	40.664	241	206	1	206	309402	308680	1.42e-44	156
CDF87454.1	CM003570.1	42.661	511	495	58	495	783245	784768	6.64e-125	400
CDF87455.1	CM003564.1	83.891	329	332	1	329	270873	271859	0.0	585
CDF87455.1	CM003564.1	81.627	332	332	1	332	387404	386409	0.0	575
CDF87455.1	CM003562.1	83.133	332	332	1	332	199762	200757	0.0	585
CDF87456.1	CM003564.1	77.495	511	509	1	509	269329	267797	0.0	838
CDF87457.1	CM003562.1	41.562	397	403	22	402	197900	199057	3.07e-82	273
CDF87457.1	CM003568.1	35.498	231	403	4	217	288826	288194	3.51e-23	100
CDF87458.1	CM003562.1	63.465	583	580	8	578	195762	197498	0.0	780
CDF87459.1	CM003564.1	63.953	86	92	1	86	267216	267473	8.88e-34	120
CDF87460.1	CM003569.1	27.456	397	470	68	453	984026	985201	1.24e-32	130
CDF87460.1	CM003569.1	22.970	431	470	68	470	194077	195342	1.29e-22	100
CDF87460.1	CM003568.1	25.962	416	470	67	469	388809	390014	1.73e-27	115
CDF87460.1	CM003565.1	26.744	344	470	133	470	661695	660682	6.18e-26	110
CDF87461.1	CM003564.1	40.076	262	257	3	257	266168	266932	1.44e-49	173
CDF87462.1	CM003570.1	33.677	291	298	14	294	666956	667801	1.44e-37	140
CDF87462.1	CM003570.1	26.027	292	298	11	288	594886	594041	6.08e-23	97.8
CDF87462.1	CM003570.1	26.333	300	298	14	290	293291	292431	8.06e-20	88.6
CDF87462.1	CM003558.1	33.110	299	298	19	296	429754	430623	2.96e-34	130
CDF87462.1	CM003558.1	25.260	289	298	17	290	764068	763229	1.01e-12	67.4
CDF87462.1	CM003558.1	22.069	290	298	15	287	396004	396849	5.33e-12	65.1
CDF87462.1	CM003558.1	23.602	322	298	17	291	587778	588734	4.16e-11	62.4
CDF87462.1	CM003569.1	31.119	286	298	14	287	514449	515270	2.93e-31	122
CDF87462.1	CM003569.1	29.210	291	298	14	286	326436	325594	2.69e-27	110
CDF87462.1	CM003569.1	29.097	299	298	7	288	570984	571850	7.21e-26	106
CDF87462.1	CM003554.1	23.239	284	298	18	288	97861	97025	3.23e-19	86.7
CDF87462.1	CM003555.1	21.951	287	298	18	288	144714	145562	5.39e-17	80.1
CDF87463.1	CM003564.1	33.673	98	104	5	98	265415	265684	3.47e-13	62.4
CDF87464.1	CM003564.1	61.519	395	399	3	385	265205	264039	3.24e-143	449
CDF87465.1	CM003562.1	82.231	242	244	1	242	194688	193963	1.35e-137	425
CDF87466.1	CM003562.1	39.394	495	773	315	772	192536	193879	3.42e-86	298
CDF87466.1	CM003562.1	37.433	187	773	2	185	191420	191911	7.39e-16	81.3
CDF87467.1	CM003564.1	79.891	184	196	1	182	263761	263210	7.66e-97	306
CDF87468.1	CM003562.1	42.577	815	759	1	759	188872	186455	0.0	600
CDF87469.1	CM003562.1	78.846	312	325	13	324	291392	290457	1.45e-168	518
CDF87470.1	CM003568.1	31.984	247	294	29	271	756685	755948	2.94e-43	156
CDF87471.1	CM003562.1	66.482	722	726	5	726	185970	183823	0.0	1026
CDF87471.1	CM003557.1	48.446	708	726	29	726	95409	93325	0.0	697
CDF87471.1	CM003569.1	45.881	704	726	31	725	169001	166926	0.0	658
CDF87471.1	CM003560.1	34.621	699	726	46	724	1229225	1227225	8.93e-101	339
CDF87471.1	CM003560.1	29.587	703	726	38	724	1226403	1224388	2.99e-77	270
CDF87471.1	CM003564.1	30.283	743	726	3	706	37141	39264	4.91e-81	281
CDF87472.1	CM003562.1	62.930	785	783	7	783	181349	183682	0.0	1020
CDF87473.1	CM003562.1	67.204	372	405	8	369	178877	179959	3.77e-157	489
CDF87473.1	CM003562.1	33.577	137	405	105	239	541792	541382	1.45e-18	87.0
CDF87474.1	CM003562.1	49.324	148	142	1	141	178360	177920	1.44e-44	154
CDF87474.1	CM003570.1	37.143	105	142	29	130	927085	926777	1.99e-13	64.7
CDF87475.1	CM003564.1	71.717	99	161	67	161	258775	259071	3.47e-41	145
CDF87475.1	CM003564.1	64.557	79	161	2	80	258581	258811	3.69e-26	102
CDF87476.1	CM003562.1	67.505	954	948	1	948	177663	174826	0.0	1264
CDF87476.1	CM003558.1	60.771	571	948	4	573	391139	392842	0.0	653
CDF87476.1	CM003558.1	63.926	377	948	572	948	392836	393957	0.0	500
CDF87476.1	CM003565.1	24.615	325	948	12	292	78542	77646	9.16e-14	74.7
CDF87477.1	CM003562.1	55.749	287	284	7	284	174366	173518	1.69e-94	303
CDF87479.1	CM003564.1	46.296	108	102	1	102	255812	255489	1.98e-27	102
CDF87480.1	CM003564.1	69.456	239	245	3	241	254629	255345	2.59e-112	353
CDF87481.1	CM003564.1	73.864	176	176	1	176	253925	254449	2.23e-89	283
CDF87482.1	CM003562.1	44.792	96	99	5	99	173167	172880	3.14e-26	99.4
CDF87483.1	CM003562.1	69.884	259	257	2	257	171986	172762	5.40e-117	367
CDF87485.1	CM003562.1	87.500	368	370	3	370	239706	238603	0.0	672
CDF87485.1	CM003557.1	52.055	365	370	6	368	63177	62089	1.34e-119	379
CDF87485.1	CM003563.1	34.579	107	370	66	170	96153	95836	4.80e-11	63.2
CDF87486.1	CM003566.1	41.606	137	138	1	135	768752	769162	5.97e-28	106
CDF87487.1	CM003562.1	36.842	190	181	1	181	526514	525945	2.15e-27	106
CDF87488.1	CM003562.1	45.370	324	316	1	316	526699	527664	2.23e-94	305
CDF87488.1	CM003562.1	26.897	290	316	36	314	508276	507485	1.70e-19	88.2
CDF87490.1	CM003562.1	37.220	626	595	1	592	534221	532374	1.98e-100	333
CDF87491.1	CM003562.1	72.751	378	382	8	381	535577	534444	6.84e-179	550
CDF87491.1	CM003562.1	35.608	337	382	40	364	273110	272157	2.71e-46	168
CDF87492.1	CM003566.1	44.304	79	110	24	102	155944	155708	6.80e-18	76.3
CDF87493.1	CM003566.1	70.588	442	443	1	442	766760	767959	0.0	615
CDF87493.1	CM003562.1	67.873	442	443	1	442	537230	536049	0.0	604
CDF87494.1	CM003566.1	72.619	84	90	1	84	765233	764982	2.63e-39	136
CDF87494.1	CM003562.1	73.171	82	90	1	82	540415	540660	1.05e-38	134
CDF87495.1	CM003562.1	52.160	324	320	5	320	541795	540845	3.45e-105	336
CDF87495.1	CM003562.1	30.216	139	320	8	146	179162	179560	6.81e-16	77.4
CDF87496.1	CM003566.1	54.922	193	299	1	193	764020	764598	2.21e-74	246
CDF87497.1	CM003562.1	44.922	256	280	1	253	542709	541993	2.12e-56	194
CDF87498.1	CM003562.1	85.250	400	384	1	384	542920	544119	0.0	664
CDF87499.1	CM003566.1	87.179	78	78	1	78	763225	762992	4.77e-40	137
CDF87500.1	CM003566.1	55.854	521	509	1	507	761061	762590	0.0	575
CDF87500.1	CM003562.1	49.661	443	509	28	464	545772	544495	2.80e-142	451
CDF87500.1	CM003558.1	22.782	417	509	57	392	552456	553592	1.07e-14	75.9
CDF87501.1	CM003566.1	43.893	262	240	1	233	760798	760028	3.46e-58	197
CDF87502.1	CM003562.1	42.042	754	743	1	743	548647	546416	0.0	582
CDF87502.1	CM003560.1	26.700	397	743	381	743	1290831	1289686	2.62e-22	102
CDF87503.1	CM003562.1	63.617	481	474	1	474	548873	550300	0.0	601
CDF87504.1	CM003566.1	34.056	1477	1355	1	1337	753786	758126	0.0	730
CDF87505.1	CM003566.1	44.856	836	843	29	839	753466	751175	0.0	657
CDF87506.1	CM003566.1	44.368	870	862	1	850	748388	750994	0.0	717
CDF87507.1	CM003566.1	47.292	277	331	55	331	747923	747120	7.60e-78	258
CDF87509.1	CM003566.1	52.830	424	397	3	397	759701	758433	2.85e-129	409
CDF87509.1	CM003558.1	30.070	143	397	174	305	760576	761004	2.48e-11	64.3
CDF87510.1	CM003557.1	69.730	185	205	23	205	129634	130188	4.00e-65	215
CDF87511.1	CM003557.1	39.260	1271	1268	8	1268	130756	134541	0.0	925
CDF87512.1	CM003557.1	50.585	1196	1160	4	1157	138191	134643	0.0	1184
CDF87513.1	CM003562.1	71.338	157	238	10	166	550840	551310	7.14e-89	243
CDF87513.1	CM003562.1	56.579	76	238	168	238	551408	551635	7.14e-89	100
CDF87514.1	CM003562.1	77.810	347	349	1	347	552274	553314	0.0	577
CDF87515.1	CM003557.1	39.210	329	512	15	327	139337	140257	3.85e-53	180
CDF87515.1	CM003557.1	53.846	52	512	352	403	140350	140496	3.85e-53	45.8
CDF87516.1	CM003557.1	61.836	207	218	14	218	141725	141105	7.84e-86	275
CDF87516.1	CM003562.1	54.338	219	218	2	218	554259	553612	1.56e-77	251
CDF87516.1	CM003563.1	42.584	209	218	12	218	205325	204723	1.09e-44	157
CDF87517.1	CM003557.1	62.415	439	434	1	433	142039	143331	0.0	570
CDF87518.1	CM003562.1	72.469	563	558	7	558	554617	556299	0.0	839
CDF87518.1	CM003562.1	37.658	316	558	235	538	754950	754003	6.57e-62	220
CDF87518.1	CM003562.1	31.361	169	558	382	542	137560	137054	4.65e-18	87.0
CDF87518.1	CM003559.1	22.143	280	558	307	534	75377	76195	6.33e-15	77.0
CDF87518.1	CM003559.1	22.997	287	558	298	534	75605	76447	3.89e-12	68.2
CDF87520.1	CM003557.1	76.640	625	612	1	612	145657	143795	0.0	1016
CDF87521.1	CM003562.1	46.437	407	391	7	390	556838	558058	2.26e-112	360
CDF87522.1	CM003562.1	48.120	266	275	9	269	558256	559047	5.39e-70	233
CDF87523.1	CM003562.1	58.966	1160	1137	7	1136	562762	559337	0.0	1321
CDF87523.1	CM003562.1	27.216	959	1137	40	994	861019	863466	2.72e-88	313
CDF87523.1	CM003562.1	23.280	378	1137	621	994	567579	568538	4.40e-15	79.3
CDF87523.1	CM003562.1	24.585	301	1137	125	423	566523	567275	5.80e-15	79.0
CDF87523.1	CM003560.1	30.670	388	1137	575	950	988455	989564	2.89e-43	171
CDF87523.1	CM003560.1	24.390	328	1137	125	421	987117	987986	1.73e-17	87.4
CDF87523.1	CM003553.1	23.314	519	1137	367	843	58296	56917	9.61e-21	98.2
CDF87523.1	CM003570.1	24.803	254	1137	621	871	477513	478139	1.50e-14	77.8
CDF87523.1	CM003569.1	24.606	317	1137	688	948	220932	219997	8.95e-14	75.1
CDF87524.1	CM003557.1	38.462	273	260	10	260	146010	146828	7.78e-55	188
CDF87525.1	CM003567.1	46.361	371	377	3	372	884029	882956	7.13e-101	326
CDF87525.1	CM003567.1	25.627	359	377	21	365	846107	845133	5.10e-20	90.9
CDF87525.1	CM003567.1	27.309	249	377	6	252	405727	406413	8.16e-16	78.2
CDF87525.1	CM003559.1	45.946	370	377	5	372	7477	6407	4.94e-100	323
CDF87525.1	CM003558.1	25.405	370	377	12	365	513813	514811	6.01e-20	90.9
CDF87525.1	CM003569.1	24.047	341	377	36	365	925507	926445	5.93e-17	81.6
CDF87525.1	CM003557.1	25.175	286	377	29	289	20555	21376	6.78e-12	65.9
CDF87526.1	CM003562.1	88.660	873	924	53	924	566241	568859	0.0	1602
CDF87526.1	CM003562.1	25.741	742	924	84	736	861016	863208	4.87e-61	226
CDF87526.1	CM003562.1	26.316	304	924	450	706	561034	560132	1.51e-18	90.5
CDF87526.1	CM003562.1	24.551	334	924	146	423	562399	561416	1.72e-17	87.0
CDF87526.1	CM003570.1	86.395	882	924	48	924	476154	478793	0.0	1551
CDF87526.1	CM003560.1	30.056	356	924	84	394	986928	987986	9.62e-34	139
CDF87526.1	CM003560.1	22.378	572	924	170	704	514258	512708	8.77e-24	107
CDF87526.1	CM003560.1	28.808	302	924	451	712	988443	989339	9.79e-24	107
CDF87527.1	CM003562.1	46.391	942	872	1	872	582656	579981	0.0	697
CDF87527.1	CM003562.1	34.069	317	872	556	836	882666	881722	3.43e-48	185
CDF87527.1	CM003566.1	30.619	307	872	546	840	108554	107637	2.71e-45	176
CDF87527.1	CM003566.1	23.431	239	872	624	861	108536	107847	1.92e-13	73.6
CDF87527.1	CM003564.1	23.629	237	872	591	823	141445	142101	7.53e-14	74.7
CDF87527.1	CM003570.1	24.020	204	872	591	791	645047	644445	8.61e-12	68.2
CDF87528.1	CM003562.1	38.411	1070	1035	3	1013	576567	579686	0.0	687
CDF87528.1	CM003558.1	35.443	1027	1035	5	1009	209284	212187	1.20e-175	569
CDF87528.1	CM003556.1	22.777	461	1035	160	617	16579	17742	1.60e-24	110
CDF87530.1	CM003562.1	79.095	464	466	4	466	575890	574499	0.0	758
CDF87530.1	CM003568.1	28.726	463	466	24	466	669948	671249	5.68e-46	170
CDF87531.1	CM003558.1	44.022	184	186	4	182	208943	208407	7.81e-44	154
CDF87532.1	CM003562.1	82.573	241	252	12	252	573558	574280	6.39e-132	409
CDF87532.1	CM003562.1	31.461	178	252	12	188	310423	309893	3.40e-26	105
CDF87532.1	CM003562.1	27.717	184	252	12	189	84831	85379	1.32e-18	83.6
CDF87532.1	CM003569.1	35.263	190	252	2	191	72361	72924	1.65e-28	112
CDF87532.1	CM003569.1	29.388	245	252	10	248	830590	829886	5.32e-21	90.5
CDF87532.1	CM003567.1	30.876	217	252	12	227	81140	80514	8.45e-22	92.8
CDF87532.1	CM003567.1	24.229	227	252	12	236	873542	874198	5.68e-12	63.9
CDF87533.1	CM003562.1	50.588	170	186	14	183	573230	572721	1.39e-41	147
CDF87534.1	CM003558.1	46.831	1341	1451	1	1257	208177	204557	0.0	975
CDF87534.1	CM003558.1	39.593	442	1451	1054	1451	205582	204431	1.77e-42	170
CDF87535.1	CM003562.1	76.718	786	780	1	780	570120	572456	0.0	1229
CDF87535.1	CM003560.1	25.152	660	780	38	674	578702	577014	3.52e-43	168
CDF87535.1	CM003566.1	25.823	577	780	111	668	718938	717313	9.83e-32	132
CDF87535.1	CM003564.1	24.873	591	780	99	668	666911	668575	1.45e-27	119
CDF87536.1	CM003558.1	61.329	843	819	1	818	201450	203966	0.0	1032
CDF87536.1	CM003567.1	25.258	388	819	31	371	62795	63910	2.86e-22	102
CDF87536.1	CM003569.1	23.490	298	819	138	416	680876	681709	1.48e-13	73.6
CDF87537.1	CM003562.1	54.009	1085	1072	3	1070	587120	583899	0.0	1165
CDF87538.1	CM003562.1	48.000	500	492	1	491	588941	587448	3.64e-155	487
CDF87539.1	CM003562.1	55.729	192	192	1	192	589133	589684	7.04e-69	226
CDF87540.1	CM003562.1	78.417	278	269	1	264	590640	589807	4.36e-144	445
CDF87540.1	CM003569.1	42.381	210	269	23	232	680025	679453	3.04e-47	167
CDF87541.1	CM003562.1	40.271	221	247	6	215	590932	591585	1.09e-48	170
CDF87542.1	CM003562.1	35.969	784	719	1	718	593936	591738	1.79e-89	306
CDF87542.1	CM003558.1	39.116	611	719	163	719	199258	201003	1.93e-83	288
CDF87543.1	CM003558.1	49.425	261	370	123	370	198687	197908	5.34e-57	199
CDF87544.1	CM003562.1	77.542	708	733	28	733	596356	594239	0.0	1132
CDF87547.1	CM003567.1	49.300	357	360	25	360	901292	902356	8.03e-109	348
CDF87547.1	CM003570.1	49.300	357	360	25	360	14643	13579	8.84e-109	348
CDF87547.1	CM003569.1	49.300	357	360	25	360	14490	13426	8.84e-109	348
CDF87549.1	CM003558.1	50.400	375	384	36	384	193957	195072	1.14e-109	352
CDF87551.1	CM003562.1	30.565	301	461	5	292	598835	599701	2.72e-24	105
CDF87552.1	CM003562.1	84.724	707	708	1	707	600251	602371	0.0	1271
CDF87553.1	CM003558.1	35.263	933	902	1	902	193562	190881	1.50e-149	488
CDF87554.1	CM003562.1	59.430	737	815	6	729	602685	604883	0.0	910
CDF87554.1	CM003562.1	50.435	115	815	700	814	604796	605137	4.03e-29	124
CDF87555.1	CM003562.1	71.206	257	461	200	456	606704	607474	6.94e-122	390
CDF87555.1	CM003562.1	37.500	256	461	203	456	34354	35094	6.69e-47	173
CDF87555.1	CM003562.1	48.077	104	461	1	97	605876	606184	1.03e-17	85.1
CDF87555.1	CM003567.1	39.062	256	461	203	456	851647	850907	2.10e-52	189
CDF87557.1	CM003560.1	60.922	412	393	1	393	138263	139498	3.77e-169	523
CDF87558.1	CM003563.1	74.783	230	226	1	225	415674	416363	6.05e-118	368
CDF87559.1	CM003560.1	60.638	376	843	1	334	137716	136589	1.30e-146	477
CDF87559.1	CM003560.1	42.254	284	843	4	275	98913	99755	4.07e-65	237
CDF87559.1	CM003560.1	37.500	272	843	542	767	136507	135701	2.80e-47	182
CDF87559.1	CM003560.1	30.769	273	843	2	269	120339	119548	5.35e-29	124
CDF87559.1	CM003560.1	31.274	259	843	15	256	66714	67478	1.92e-25	112
CDF87559.1	CM003560.1	25.510	294	843	5	268	802464	801610	4.41e-24	108
CDF87559.1	CM003560.1	27.740	292	843	11	271	1235215	1236066	1.13e-21	100
CDF87559.1	CM003560.1	26.378	254	843	17	258	45464	46180	1.43e-19	93.6
CDF87559.1	CM003560.1	28.395	243	843	17	220	1114632	1115285	4.63e-18	88.6
CDF87559.1	CM003560.1	27.184	206	843	88	268	493392	493985	1.72e-15	80.1
CDF87559.1	CM003560.1	25.893	224	843	72	276	1343202	1342609	5.27e-15	78.6
CDF87559.1	CM003560.1	23.759	282	843	15	271	1110296	1111114	1.02e-14	77.4
CDF87559.1	CM003560.1	26.667	225	843	17	229	1202521	1203153	5.41e-12	68.6
CDF87559.1	CM003560.1	22.034	295	843	17	272	1446837	1447706	1.07e-11	67.8
CDF87559.1	CM003560.1	23.963	217	843	11	224	1248667	1248041	1.31e-11	67.4
CDF87559.1	CM003569.1	39.716	282	843	4	275	956256	955420	1.75e-63	232
CDF87559.1	CM003569.1	30.000	270	843	10	270	789944	790741	1.74e-30	129
CDF87559.1	CM003569.1	30.769	273	843	11	269	308826	308020	8.68e-28	120
CDF87559.1	CM003569.1	27.407	270	843	10	268	839915	839136	2.47e-24	108
CDF87559.1	CM003569.1	27.778	216	843	31	236	974606	973989	6.65e-19	91.3
CDF87559.1	CM003569.1	29.688	192	843	54	217	95195	95767	1.01e-17	87.4
CDF87559.1	CM003569.1	32.667	150	843	75	217	311369	310932	1.18e-16	84.0
CDF87559.1	CM003569.1	25.751	233	843	15	229	1000753	1001412	1.76e-12	70.1
CDF87559.1	CM003563.1	35.018	277	843	8	274	26960	26154	3.74e-43	169
CDF87559.1	CM003563.1	25.468	267	843	16	278	443206	443976	5.52e-25	110
CDF87559.1	CM003563.1	26.147	218	843	11	227	221002	220370	8.75e-20	94.0
CDF87559.1	CM003563.1	35.345	116	843	118	229	368962	369309	9.94e-16	80.9
CDF87559.1	CM003563.1	26.562	192	843	89	256	266558	267094	7.25e-14	74.7
CDF87559.1	CM003567.1	34.767	279	843	7	282	445288	444473	1.58e-41	164
CDF87559.1	CM003567.1	30.515	272	843	2	268	253656	252862	2.57e-34	141
CDF87559.1	CM003567.1	24.116	311	843	17	264	824596	825504	6.72e-18	87.8
CDF87559.1	CM003567.1	24.000	225	843	17	229	517560	518192	9.24e-13	71.2
CDF87559.1	CM003565.1	35.125	279	843	7	282	461482	460667	2.84e-41	163
CDF87559.1	CM003565.1	31.010	287	843	2	283	532660	533490	5.31e-38	152
CDF87559.1	CM003565.1	31.034	203	843	72	272	418783	418181	1.79e-24	109
CDF87559.1	CM003565.1	27.632	228	843	5	229	484405	483746	3.96e-19	92.0
CDF87559.1	CM003565.1	25.994	327	843	10	272	598526	599473	2.59e-17	85.9
CDF87559.1	CM003565.1	31.138	167	843	114	259	320381	320875	2.11e-16	83.2
CDF87559.1	CM003565.1	29.600	125	843	109	229	517580	517954	1.60e-14	77.0
CDF87559.1	CM003565.1	24.242	231	843	73	272	536148	536816	4.99e-13	72.0
CDF87559.1	CM003565.1	28.966	145	843	90	214	446223	446645	1.11e-12	70.9
CDF87560.1	CM003560.1	50.000	220	208	3	208	134149	134808	7.26e-57	192
CDF87561.1	CM003560.1	68.852	61	78	11	69	133523	133341	8.73e-22	85.5
CDF87563.1	CM003560.1	90.551	127	136	10	136	130656	130276	6.60e-75	240
CDF87563.1	CM003563.1	90.476	126	136	11	136	412153	411776	4.71e-74	238
CDF87564.1	CM003563.1	58.465	443	444	3	443	411477	410149	1.54e-180	558
CDF87564.1	CM003560.1	27.189	434	444	40	439	1022046	1020763	5.65e-39	149
CDF87565.1	CM003563.1	58.065	279	290	17	289	409618	408821	1.65e-98	315
CDF87566.1	CM003563.1	76.106	226	216	1	213	407820	408494	5.98e-109	342
CDF87566.1	CM003570.1	27.119	177	216	12	184	819962	820405	1.89e-11	61.6
CDF87567.1	CM003560.1	60.777	283	280	1	279	129515	128667	7.83e-109	344
CDF87569.1	CM003569.1	36.887	591	562	52	556	708394	709995	3.02e-89	300
CDF87570.1	CM003569.1	44.604	695	629	27	625	710243	712279	1.81e-179	563
CDF87571.1	CM003569.1	63.884	623	681	18	624	869950	871770	0.0	739
CDF87572.1	CM003569.1	67.206	494	454	1	454	873756	872275	0.0	669
CDF87572.1	CM003563.1	45.492	244	454	209	452	451644	452255	1.18e-60	213
CDF87572.1	CM003563.1	44.211	95	454	4	97	451320	451604	4.05e-18	86.3
CDF87572.1	CM003558.1	46.122	245	454	209	453	84611	85216	2.86e-58	206
CDF87572.1	CM003558.1	52.083	96	454	4	97	84284	84571	1.06e-23	103
CDF87572.1	CM003555.1	45.306	245	454	209	453	358941	358336	8.90e-56	199
CDF87572.1	CM003555.1	53.125	96	454	4	97	359268	358981	6.41e-25	107
CDF87572.1	CM003565.1	53.608	97	454	1	97	560830	560540	3.37e-26	111
CDF87572.1	CM003565.1	57.471	87	454	209	295	560500	560240	8.23e-26	110
CDF87572.1	CM003565.1	47.863	117	454	338	451	559909	559565	1.94e-21	96.7
CDF87573.1	CM003569.1	66.599	491	474	1	474	874011	875483	0.0	663
CDF87573.1	CM003570.1	27.519	516	474	1	473	53076	51658	7.16e-52	188
CDF87574.1	CM003560.1	29.360	344	377	63	374	1111888	1112886	5.89e-46	167
CDF87575.1	CM003569.1	33.661	508	885	6	492	875768	877273	2.67e-78	278
CDF87575.1	CM003569.1	50.000	216	885	676	881	877940	878584	3.69e-55	207
CDF87576.1	CM003560.1	51.026	780	768	27	768	1113360	1115588	0.0	711
CDF87576.1	CM003560.1	28.808	302	768	439	723	98952	99743	1.62e-24	109
CDF87576.1	CM003560.1	28.571	294	768	448	721	66714	67517	1.63e-21	99.4
CDF87576.1	CM003560.1	25.887	282	768	450	726	45464	46228	1.60e-17	86.7
CDF87576.1	CM003560.1	25.965	285	768	444	721	120306	119548	4.21e-17	85.1
CDF87576.1	CM003560.1	29.339	242	768	448	667	137674	137009	3.83e-16	82.0
CDF87576.1	CM003560.1	28.947	304	768	450	721	1248649	1247813	1.10e-13	73.9
CDF87576.1	CM003560.1	26.154	195	768	549	723	1235545	1236066	1.60e-12	70.1
CDF87576.1	CM003563.1	27.797	295	768	444	734	221002	220196	4.03e-25	111
CDF87576.1	CM003563.1	27.206	272	768	490	720	368779	369519	1.68e-15	79.7
CDF87576.1	CM003563.1	24.497	298	768	443	737	443188	443997	8.05e-15	77.8
CDF87576.1	CM003563.1	26.786	280	768	442	708	26957	26220	1.16e-12	70.5
CDF87576.1	CM003569.1	25.356	351	768	428	749	956250	955315	8.11e-22	100
CDF87576.1	CM003569.1	26.333	300	768	443	721	839915	839133	1.37e-17	86.7
CDF87576.1	CM003569.1	24.719	356	768	403	720	974858	973863	2.78e-14	75.9
CDF87576.1	CM003569.1	28.814	177	768	550	720	790268	790735	1.48e-11	67.0
CDF87576.1	CM003569.1	29.530	149	768	517	660	1000981	1001373	4.68e-11	65.5
CDF87576.1	CM003570.1	29.958	237	768	444	672	486045	485395	7.19e-21	97.4
CDF87576.1	CM003570.1	26.148	283	768	448	721	257415	256618	2.01e-17	86.3
CDF87576.1	CM003570.1	25.200	250	768	444	671	659520	660197	3.92e-15	78.6
CDF87576.1	CM003570.1	30.769	169	768	555	722	262446	262880	2.70e-11	66.2
CDF87576.1	CM003570.1	22.924	301	768	437	722	279752	278940	5.63e-11	65.1
CDF87576.1	CM003568.1	25.140	358	768	394	723	76871	75879	1.71e-20	96.3
CDF87576.1	CM003568.1	23.547	327	768	444	728	105083	105985	4.36e-17	85.1
CDF87576.1	CM003568.1	30.872	149	768	511	658	709973	709596	1.25e-11	67.4
CDF87576.1	CM003568.1	27.306	271	768	442	686	723358	724068	5.68e-11	65.1
CDF87577.1	CM003560.1	92.526	388	391	4	391	1117116	1115953	0.0	751
CDF87577.1	CM003561.1	45.623	377	391	7	383	208691	209773	1.03e-110	355
CDF87577.1	CM003563.1	33.598	378	391	4	379	173525	174613	2.02e-71	242
CDF87577.1	CM003564.1	32.960	446	391	4	388	178752	180068	1.15e-55	196
CDF87577.1	CM003564.1	26.106	226	391	7	232	440320	440958	3.32e-19	88.6
CDF87577.1	CM003566.1	23.711	388	391	6	322	281676	280564	9.14e-16	78.2
CDF87578.1	CM003560.1	46.182	537	504	1	504	1119051	1117462	2.83e-147	465
CDF87580.1	CM003560.1	62.740	416	406	1	406	1122676	1123911	6.83e-174	537
CDF87581.1	CM003569.1	68.169	355	356	1	354	878830	879894	7.88e-166	511
CDF87582.1	CM003560.1	59.023	266	919	31	296	1124600	1125388	1.52e-103	353
CDF87582.1	CM003560.1	40.617	389	919	531	915	1126325	1127413	4.62e-87	305
CDF87583.1	CM003569.1	37.931	377	371	8	358	880138	881235	2.96e-70	238
CDF87583.1	CM003569.1	27.682	289	371	31	306	558161	557352	3.93e-16	79.0
CDF87583.1	CM003568.1	27.931	290	371	30	306	357675	358487	1.50e-16	80.1
CDF87583.1	CM003554.1	29.305	331	371	14	322	90318	91235	1.15e-15	77.4
CDF87584.1	CM003569.1	63.826	575	600	28	600	881566	883290	0.0	794
CDF87584.1	CM003560.1	65.888	214	600	237	449	1128433	1129074	6.29e-161	299
CDF87584.1	CM003560.1	57.627	236	600	11	242	1127756	1128451	6.29e-161	286
CDF87584.1	CM003562.1	35.732	403	600	88	447	247678	248850	2.46e-62	223
CDF87585.1	LIOO01000003.1	59.453	841	841	17	841	5520	8027	0.0	1015
CDF87585.1	CM003560.1	59.453	841	841	17	841	1135105	1137612	0.0	1015
CDF87586.1	CM003569.1	65.693	137	200	17	153	883540	883935	8.67e-54	182
CDF87587.1	LIOO01000003.1	64.930	499	511	20	510	8633	10129	0.0	653
CDF87587.1	CM003560.1	64.930	499	511	20	510	1138218	1139714	0.0	653
CDF87587.1	CM003560.1	28.283	297	511	210	473	655510	654665	9.95e-17	82.4
CDF87587.1	CM003569.1	70.548	438	511	77	504	884299	885603	0.0	647
CDF87587.1	CM003569.1	31.271	291	511	222	473	707622	706783	6.93e-28	117
CDF87587.1	CM003570.1	32.517	286	511	215	479	519932	519159	1.25e-32	131
CDF87588.1	LIOO01000003.1	53.282	259	256	1	255	10424	11191	4.15e-79	258
CDF87588.1	CM003560.1	53.282	259	256	1	255	1140009	1140776	4.25e-79	258
CDF87589.1	CM003569.1	53.499	443	441	4	438	887052	885724	2.20e-141	445
CDF87591.1	CM003569.1	42.569	545	517	10	517	887314	888786	1.13e-87	294
CDF87592.1	LIOO01000003.1	31.163	430	398	10	398	11648	12925	1.01e-63	219
CDF87592.1	CM003560.1	31.163	430	398	10	398	1141233	1142510	1.25e-63	219
CDF87593.1	LIOO01000003.1	58.553	304	293	6	292	13302	14210	7.80e-103	328
CDF87593.1	CM003560.1	58.553	304	293	6	292	1142887	1143795	8.03e-103	328
CDF87594.1	LIOO01000003.1	82.105	95	95	1	95	14656	14372	7.23e-50	166
CDF87594.1	CM003560.1	82.105	95	95	1	95	1144241	1143957	7.26e-50	166
CDF87595.1	CM003569.1	62.857	140	159	22	159	889436	889017	5.40e-54	181
CDF87596.1	LIOO01000003.1	70.588	136	175	34	169	15559	15152	1.28e-62	207
CDF87596.1	CM003560.1	70.588	136	175	34	169	1145144	1144737	1.30e-62	207
CDF87597.1	LIOO01000003.1	94.534	311	311	1	311	17135	16203	0.0	626
CDF87597.1	CM003560.1	94.534	311	311	1	311	1146720	1145788	0.0	626
CDF87597.1	CM003560.1	54.754	305	311	7	311	1295873	1296769	2.52e-117	370
CDF87597.1	CM003560.1	57.914	278	311	7	284	1391553	1392380	7.65e-117	369
CDF87597.1	CM003560.1	54.902	306	311	7	311	894449	893538	4.42e-115	363
CDF87597.1	CM003560.1	41.176	289	311	19	306	196430	195573	1.66e-71	238
CDF87597.1	CM003568.1	53.333	300	311	7	293	100702	99809	4.04e-104	332
CDF87597.1	CM003567.1	42.414	290	311	19	307	223086	222241	1.84e-72	241
CDF87597.1	CM003567.1	34.365	323	311	11	294	154840	155793	3.81e-54	189
CDF87597.1	CM003570.1	42.481	266	311	23	287	203137	203925	9.54e-70	233
CDF87598.1	CM003569.1	49.458	461	460	7	456	891024	889675	2.64e-134	426
CDF87599.1	CM003562.1	35.766	274	354	62	328	431910	431128	4.21e-38	144
CDF87601.1	CM003562.1	68.493	146	140	1	140	430760	430323	2.37e-59	196
CDF87602.1	CM003562.1	49.289	211	214	3	205	429606	430238	1.75e-60	202
CDF87603.1	CM003562.1	61.146	157	154	1	154	428895	429365	6.72e-58	192
CDF87604.1	CM003562.1	30.198	606	571	1	569	426956	428716	7.22e-71	246
CDF87605.1	CM003569.1	44.648	327	292	1	292	891210	892175	7.85e-83	270
CDF87606.1	CM003562.1	65.327	199	189	1	189	426100	426696	1.01e-84	271
CDF87607.1	CM003558.1	50.543	184	184	1	184	493067	493597	1.73e-52	178
CDF87608.1	CM003558.1	40.461	477	450	34	442	495218	493818	1.03e-92	306
CDF87609.1	CM003569.1	43.625	800	789	1	789	898986	896599	0.0	664
CDF87610.1	CM003569.1	83.849	291	286	1	285	899287	900159	7.37e-167	511
CDF87611.1	CM003569.1	50.000	66	67	1	66	900572	900375	5.90e-15	65.9
CDF87612.1	CM003558.1	66.064	498	488	1	483	495684	497177	0.0	692
CDF87612.1	CM003567.1	54.483	435	488	51	479	834033	835331	2.59e-155	488
CDF87612.1	CM003562.1	31.724	435	488	86	480	936822	938105	3.94e-41	156
CDF87613.1	CM003569.1	45.698	1197	1133	1	1133	904328	900801	0.0	852
CDF87614.1	CM003569.1	53.873	284	267	1	261	904583	905434	2.24e-89	288
CDF87614.1	CM003562.1	32.903	155	267	100	251	39147	39590	2.12e-16	77.4
CDF87614.1	CM003562.1	30.270	185	267	95	253	714076	714615	1.15e-15	75.5
CDF87614.1	CM003566.1	32.051	156	267	99	247	344536	344964	3.37e-12	65.1
CDF87615.1	CM003569.1	48.470	2581	2997	438	2994	913348	905714	0.0	2450
CDF87615.1	CM003558.1	47.953	2565	2997	479	2994	505001	497379	0.0	2410
CDF87615.1	CM003558.1	40.000	305	2997	7	307	506600	505701	1.07e-63	242
CDF87616.1	CM003558.1	42.938	354	334	1	333	508057	507026	2.21e-73	245
CDF87617.1	CM003558.1	55.975	795	798	38	795	508360	510636	0.0	806
CDF87617.1	CM003558.1	27.442	430	798	231	630	672272	673411	2.62e-37	150
CDF87617.1	CM003563.1	34.406	404	798	250	642	308904	309956	1.53e-48	185
CDF87617.1	CM003563.1	32.546	381	798	245	617	95322	94315	2.97e-40	159
CDF87617.1	CM003566.1	32.741	394	798	237	623	117892	118929	1.33e-47	182
CDF87617.1	CM003566.1	27.655	452	798	241	630	679005	677785	4.67e-31	130
CDF87617.1	CM003560.1	31.842	380	798	241	620	1344662	1345645	1.32e-42	167
CDF87617.1	CM003560.1	30.394	431	798	228	639	560219	561379	5.86e-40	159
CDF87617.1	CM003560.1	30.250	400	798	244	626	650522	651616	1.74e-36	147
CDF87617.1	CM003560.1	27.637	474	798	188	627	1122086	1120752	2.70e-36	147
CDF87617.1	CM003560.1	28.744	414	798	241	642	1024678	1023617	1.90e-32	134
CDF87617.1	CM003560.1	28.109	402	798	249	645	1210992	1209937	4.82e-24	107
CDF87617.1	CM003564.1	29.440	411	798	236	635	341763	340675	2.69e-42	166
CDF87617.1	CM003564.1	28.678	401	798	241	640	564744	565787	1.42e-27	119
CDF87618.1	CM003558.1	84.562	434	440	5	438	512187	510886	0.0	763
CDF87621.1	CM003569.1	86.416	346	350	5	350	925420	926457	0.0	619
CDF87621.1	CM003567.1	83.815	346	350	5	350	846158	845121	0.0	604
CDF87621.1	CM003567.1	77.746	346	350	5	350	405724	406761	0.0	562
CDF87621.1	CM003567.1	28.097	331	350	31	346	883948	882977	5.91e-22	96.3
CDF87621.1	CM003558.1	74.499	349	350	2	350	513777	514823	5.49e-179	549
CDF87621.1	CM003558.1	29.123	285	350	1	278	311450	310692	4.05e-20	90.5
CDF87621.1	CM003559.1	28.455	369	350	4	350	7480	6413	1.28e-22	98.2
CDF87621.1	CM003560.1	25.815	368	350	13	341	1356754	1355672	3.09e-18	85.1
CDF87621.1	CM003560.1	27.515	338	350	13	337	1512534	1513517	7.07e-15	74.7
CDF87622.1	CM003558.1	72.470	247	288	42	288	515360	516100	2.48e-115	363
CDF87623.1	CM003569.1	47.778	90	95	3	91	926844	926575	1.27e-22	89.0
CDF87624.1	CM003569.1	43.794	1128	1015	1	1011	927370	930672	0.0	831
CDF87625.1	CM003558.1	91.163	215	215	1	215	529005	528361	4.80e-137	422
CDF87626.1	CM003558.1	58.091	241	235	1	230	527456	528178	6.08e-92	294
CDF87627.1	CM003558.1	28.788	198	224	57	224	526651	527244	2.65e-14	70.1
CDF87629.1	CM003569.1	34.646	254	267	1	241	931262	932023	6.44e-47	166
CDF87631.1	CM003558.1	64.923	325	328	4	328	520070	521044	1.58e-147	457
CDF87631.1	CM003569.1	38.065	310	328	14	315	534068	533184	1.50e-56	196
CDF87631.1	CM003560.1	37.898	314	328	8	317	319050	318142	2.40e-55	192
CDF87631.1	CM003560.1	32.544	338	328	14	328	1276186	1275272	6.36e-30	119
CDF87631.1	CM003563.1	30.149	335	328	15	314	214217	213264	2.44e-37	140
CDF87631.1	CM003564.1	29.470	302	328	14	306	126705	125902	4.97e-30	119
CDF87632.1	CM003569.1	72.122	947	956	1	941	938625	935785	0.0	1425
CDF87632.1	CM003559.1	27.360	625	956	294	885	38747	40462	8.44e-54	204
CDF87632.1	CM003563.1	29.223	592	956	328	867	186924	185206	4.67e-52	198
CDF87632.1	CM003560.1	34.629	283	956	601	874	850431	851249	1.38e-43	171
CDF87632.1	CM003560.1	34.337	166	956	648	801	1336291	1335797	3.43e-28	99.8
CDF87632.1	CM003560.1	45.455	55	956	813	867	1335719	1335567	3.43e-28	44.3
CDF87632.1	CM003561.1	25.626	519	956	332	820	126413	127858	2.18e-26	115
CDF87634.1	CM003558.1	61.438	306	304	1	292	516582	517472	5.94e-119	374
CDF87634.1	CM003569.1	66.013	306	304	1	295	941801	940890	5.02e-115	363
CDF87634.1	CM003560.1	28.873	284	304	11	288	345225	344422	5.40e-26	107
CDF87635.1	CM003569.1	62.633	281	282	1	274	943191	942349	3.76e-116	365
CDF87636.1	CM003560.1	52.730	641	588	1	584	110072	108150	0.0	641
CDF87637.1	CM003560.1	41.212	825	773	12	773	105670	108012	2.45e-146	474
CDF87638.1	CM003569.1	59.790	286	302	19	302	947041	947898	6.54e-116	366
CDF87639.1	CM003569.1	80.094	427	433	1	426	948183	949460	0.0	722
CDF87640.1	CM003560.1	72.727	209	214	5	212	103852	104478	1.94e-101	320
CDF87641.1	CM003560.1	31.150	565	586	1	521	102049	103629	1.76e-51	190
CDF87642.1	CM003560.1	58.389	298	287	1	287	101826	100945	3.29e-104	332
CDF87643.1	CM003569.1	61.198	1018	1028	1	1012	950168	953218	0.0	1356
CDF87643.1	CM003560.1	26.129	310	1028	14	303	204148	205029	8.25e-16	81.6
CDF87644.1	CM003560.1	58.945	436	1091	128	540	98787	100076	2.91e-157	517
CDF87644.1	CM003560.1	41.214	313	1091	176	461	137689	136766	9.69e-69	252
CDF87644.1	CM003560.1	27.181	298	1091	171	442	802464	801610	9.29e-32	134
CDF87644.1	CM003560.1	29.520	271	1091	174	443	120315	119548	2.09e-29	126
CDF87644.1	CM003560.1	28.125	288	1091	174	443	66693	67517	3.36e-29	125
CDF87644.1	CM003560.1	27.946	297	1091	177	444	1235215	1236063	8.83e-24	107
CDF87644.1	CM003560.1	25.497	302	1091	180	462	1110293	1111135	3.19e-21	99.4
CDF87644.1	CM003560.1	26.280	293	1091	121	393	1343508	1342717	1.41e-16	84.3
CDF87644.1	CM003560.1	31.383	188	1091	225	402	493314	493850	4.44e-16	82.4
CDF87644.1	CM003560.1	25.000	244	1091	225	443	1114752	1115447	6.83e-16	82.0
CDF87644.1	CM003560.1	26.818	220	1091	181	388	1202515	1203108	1.64e-15	80.9
CDF87644.1	CM003560.1	27.419	248	1091	182	421	1446834	1447514	1.65e-15	80.9
CDF87644.1	CM003560.1	25.455	275	1091	175	444	45440	46216	6.42e-15	79.0
CDF87644.1	CM003569.1	32.282	412	1091	661	1049	954717	953575	5.54e-49	190
CDF87644.1	CM003569.1	29.474	285	1091	177	443	308826	308020	5.22e-31	131
CDF87644.1	CM003569.1	28.431	306	1091	157	443	839969	839133	2.06e-22	103
CDF87644.1	CM003569.1	30.137	219	1091	176	390	789944	790561	9.31e-22	101
CDF87644.1	CM003569.1	31.799	239	1091	182	388	95102	95758	1.65e-19	94.0
CDF87644.1	CM003569.1	31.250	176	1091	227	388	974519	974034	4.58e-19	92.4
CDF87644.1	CM003569.1	30.137	219	1091	174	388	644246	643656	4.70e-19	92.4
CDF87644.1	CM003569.1	28.241	216	1091	183	387	311528	310944	4.77e-18	89.0
CDF87644.1	CM003569.1	28.889	225	1091	178	390	260597	261220	4.79e-16	82.4
CDF87644.1	CM003569.1	29.457	258	1091	153	390	1000690	1001373	2.71e-14	76.6
CDF87644.1	CM003564.1	32.517	286	1091	174	454	614351	615142	1.87e-43	172
CDF87644.1	CM003564.1	28.251	223	1091	175	388	474770	474141	1.19e-22	104
CDF87644.1	CM003564.1	25.086	291	1091	171	442	540294	541103	1.48e-15	80.9
CDF87644.1	CM003564.1	26.267	217	1091	182	384	647348	647950	2.57e-14	76.6
CDF87644.1	CM003564.1	25.410	244	1091	181	412	570065	570715	1.23e-13	74.7
CDF87644.1	CM003565.1	30.651	261	1091	171	431	532669	533403	9.65e-39	156
CDF87644.1	CM003565.1	31.295	278	1091	174	448	461479	460685	7.91e-35	144
CDF87644.1	CM003565.1	27.419	310	1091	171	443	419077	418190	1.04e-29	127
CDF87644.1	CM003565.1	27.245	323	1091	171	436	319922	320884	6.64e-21	98.6
CDF87644.1	CM003565.1	27.624	181	1091	238	407	536154	536672	4.27e-14	76.3
CDF87644.1	CM003565.1	25.296	253	1091	163	403	484462	483746	1.21e-13	74.7
CDF87644.1	CM003565.1	29.870	154	1091	253	388	446223	446645	3.93e-12	69.7
CDF87644.1	CM003570.1	29.392	296	1091	167	454	160590	161411	1.10e-38	156
CDF87644.1	CM003570.1	29.433	282	1091	173	454	151461	150670	3.72e-32	135
CDF87644.1	CM003570.1	29.052	327	1091	164	448	741216	742190	7.45e-32	134
CDF87644.1	CM003570.1	31.855	248	1091	174	405	257439	256744	1.38e-31	133
CDF87644.1	CM003570.1	28.289	304	1091	164	443	279809	278943	8.85e-28	120
CDF87644.1	CM003570.1	29.181	281	1091	174	443	262125	262877	1.05e-24	110
CDF87644.1	CM003570.1	28.311	219	1091	183	390	282200	281607	1.19e-19	94.4
CDF87644.1	CM003570.1	29.464	224	1091	177	393	486045	485422	4.85e-18	89.0
CDF87644.1	CM003570.1	29.185	233	1091	183	403	659538	660203	7.38e-14	75.5
CDF87644.1	CM003570.1	29.661	236	1091	177	386	853883	853218	3.84e-13	72.8
CDF87646.1	CM003560.1	56.918	318	314	3	312	97903	96953	1.26e-121	383
CDF87646.1	CM003569.1	41.967	305	314	3	307	761603	762508	1.04e-77	256
CDF87646.1	CM003569.1	28.049	328	314	1	310	958085	958999	3.76e-30	119
CDF87647.1	CM003560.1	63.025	119	119	1	111	96613	96257	5.73e-43	148
CDF87648.1	CM003569.1	51.327	226	228	2	225	959337	959999	3.27e-64	214
CDF87649.1	CM003560.1	33.333	366	313	1	313	95888	94818	2.22e-41	152
CDF87650.1	CM003560.1	37.775	953	973	22	959	91854	94667	0.0	651
CDF87651.1	CM003560.1	73.201	556	651	92	647	89727	91394	0.0	867
CDF87652.1	CM003569.1	68.522	575	581	22	578	961902	960181	0.0	771
CDF87652.1	CM003560.1	66.840	576	581	6	579	87413	89110	0.0	744
CDF87652.1	CM003560.1	30.496	564	581	62	551	283157	284794	1.15e-75	261
CDF87652.1	CM003560.1	28.877	561	581	24	560	1404594	1403038	2.83e-46	174
CDF87652.1	CM003560.1	27.289	557	581	56	578	1508987	1510591	1.32e-44	169
CDF87652.1	CM003560.1	27.257	587	581	12	562	362359	364017	2.56e-44	168
CDF87652.1	CM003560.1	30.707	495	581	92	566	1302746	1301322	1.72e-43	166
CDF87652.1	CM003560.1	27.080	565	581	21	562	371127	372758	1.59e-39	154
CDF87652.1	CM003560.1	26.186	485	581	90	548	24211	22832	5.80e-39	152
CDF87652.1	CM003560.1	27.018	570	581	21	562	365735	367366	6.78e-39	152
CDF87652.1	CM003560.1	22.847	569	581	31	555	1516180	1514570	9.06e-11	63.9
CDF87652.1	CM003568.1	26.825	548	581	56	575	14009	12423	4.83e-48	179
CDF87652.1	CM003568.1	24.815	540	581	55	545	740567	742105	2.14e-31	129
CDF87652.1	CM003555.1	26.642	548	581	56	575	23428	21842	3.60e-47	177
CDF87652.1	CM003566.1	26.173	554	581	34	562	269947	271566	1.07e-45	172
CDF87653.1	CM003560.1	44.892	323	353	41	353	86048	86983	4.54e-74	248
CDF87654.1	CM003569.1	32.550	298	323	51	322	962794	963666	1.38e-32	126
CDF87655.1	CM003568.1	70.115	435	436	2	436	669945	671249	0.0	663
CDF87655.1	CM003562.1	28.059	474	436	3	436	575827	574499	7.88e-43	160
CDF87656.1	CM003568.1	45.695	151	144	1	140	671877	671428	3.20e-38	135
CDF87656.1	CM003560.1	37.419	155	144	1	140	617110	616649	1.70e-23	93.6
CDF87657.1	CM003568.1	42.857	196	212	2	194	672651	672097	1.91e-42	150
CDF87658.1	CM003569.1	41.841	239	610	358	574	965220	965909	3.05e-37	147
CDF87658.1	CM003569.1	43.860	114	610	7	108	964326	964661	6.52e-21	96.7
CDF87658.1	CM003568.1	39.901	203	610	8	203	673681	674268	4.76e-12	68.2
CDF87659.1	CM003568.1	67.050	261	294	22	282	676733	677506	7.31e-109	345
CDF87660.1	CM003569.1	46.491	114	134	29	128	968312	968653	3.04e-28	106
CDF87661.1	CM003568.1	37.453	267	263	14	261	685516	684734	1.87e-48	170
CDF87662.1	CM003568.1	76.124	934	934	1	934	688823	686022	0.0	1458
CDF87663.1	CM003568.1	94.526	274	356	82	355	690226	689405	6.62e-175	538
CDF87664.1	CM003568.1	57.770	296	297	1	285	692919	692104	3.14e-101	323
CDF87664.1	CM003560.1	48.276	174	297	1	172	1378094	1377594	8.07e-45	161
CDF87664.1	CM003560.1	42.408	191	297	5	182	1281537	1280983	5.70e-42	153
CDF87665.1	CM003568.1	79.341	334	385	50	382	694588	693587	0.0	573
CDF87665.1	CM003568.1	25.498	251	385	54	271	541747	541028	4.87e-11	63.2
CDF87665.1	CM003569.1	36.306	314	385	59	370	943475	944392	5.67e-58	202
CDF87665.1	CM003569.1	25.862	290	385	57	309	334623	333778	5.08e-15	75.9
CDF87665.1	CM003564.1	44.643	224	385	51	261	170209	169544	2.48e-55	195
CDF87665.1	CM003558.1	28.870	239	385	61	260	403749	404456	3.19e-22	97.8
CDF87666.1	CM003568.1	57.377	488	545	56	536	695162	696613	0.0	569
CDF87667.1	CM003568.1	76.203	374	406	1	372	698009	696888	0.0	579
CDF87669.1	CM003569.1	45.894	207	192	2	192	971224	971844	2.01e-47	164
CDF87670.1	CM003568.1	59.609	614	602	25	601	700105	698288	0.0	695
CDF87670.1	CM003569.1	53.810	420	602	119	521	973191	971962	1.02e-149	476
CDF87670.1	CM003562.1	28.125	256	602	190	445	375517	374867	4.10e-29	122
CDF87670.1	CM003570.1	26.103	272	602	177	447	72216	71548	1.49e-14	76.3
CDF87671.1	CM003568.1	41.968	498	499	7	496	700563	702038	2.38e-119	384
CDF87672.1	CM003568.1	42.512	414	451	49	449	703544	702303	1.37e-109	354
CDF87673.1	CM003568.1	50.121	1650	1617	1	1614	704231	709135	0.0	1570
CDF87674.1	CM003568.1	59.757	907	873	1	873	711899	709374	0.0	970
CDF87674.1	CM003568.1	28.102	274	873	619	851	105152	105946	2.96e-22	102
CDF87674.1	CM003568.1	26.556	241	873	580	799	76733	76068	6.00e-18	88.2
CDF87674.1	CM003568.1	26.286	175	873	630	799	486277	486771	1.60e-13	73.6
CDF87674.1	CM003568.1	29.379	177	873	641	812	723490	724011	1.53e-11	67.4
CDF87674.1	CM003568.1	23.671	207	873	614	799	218215	217610	9.49e-11	64.7
CDF87674.1	CM003569.1	59.659	352	873	527	871	974864	973818	3.55e-126	419
CDF87674.1	CM003569.1	60.891	202	873	51	252	975812	975225	7.88e-73	261
CDF87674.1	CM003569.1	30.357	280	873	587	853	311525	310752	1.09e-25	113
CDF87674.1	CM003569.1	30.435	230	873	650	857	95261	95938	2.84e-23	105
CDF87674.1	CM003569.1	30.159	252	873	617	856	308748	308023	2.72e-22	102
CDF87674.1	CM003569.1	24.221	289	873	587	856	956214	955441	1.84e-20	96.3
CDF87674.1	CM003569.1	25.087	287	873	576	851	789920	790720	2.28e-19	92.8
CDF87674.1	CM003569.1	26.460	291	873	578	858	839918	839130	1.96e-16	83.2
CDF87674.1	CM003569.1	24.051	237	873	579	799	260591	261214	4.12e-13	72.4
CDF87674.1	CM003569.1	27.368	190	873	623	799	1000834	1001367	4.54e-12	68.9
CDF87674.1	CM003563.1	43.875	449	873	463	873	442738	444000	6.47e-102	347
CDF87674.1	CM003563.1	36.237	287	873	573	856	221023	220241	8.99e-43	168
CDF87674.1	CM003563.1	28.772	285	873	580	857	26951	26169	1.30e-24	110
CDF87674.1	CM003563.1	28.708	209	873	643	840	266498	267082	6.09e-17	85.1
CDF87674.1	CM003563.1	26.923	260	873	580	825	368632	369345	6.92e-17	84.7
CDF87674.1	CM003563.1	30.769	182	873	190	356	442342	442887	2.48e-13	73.2
CDF87674.1	CM003566.1	36.145	249	873	608	853	838870	839562	1.28e-39	158
CDF87674.1	CM003566.1	26.736	288	873	580	853	312585	313412	1.12e-22	103
CDF87674.1	CM003566.1	28.750	240	873	580	811	351373	351993	3.77e-21	98.6
CDF87674.1	CM003566.1	26.087	184	873	653	802	616863	617384	1.03e-11	67.8
CDF87674.1	CM003560.1	35.714	294	873	565	855	45401	46207	1.52e-39	158
CDF87674.1	CM003560.1	31.707	287	873	585	856	1343358	1342546	2.80e-28	122
CDF87674.1	CM003560.1	31.878	229	873	638	864	66879	67538	3.04e-27	118
CDF87674.1	CM003560.1	27.835	291	873	580	856	802446	801610	1.97e-25	112
CDF87674.1	CM003560.1	29.720	286	873	580	858	120306	119545	2.13e-22	102
CDF87674.1	CM003560.1	28.980	245	873	644	857	1235368	1236060	1.52e-21	100
CDF87674.1	CM003560.1	25.000	296	873	580	856	98934	99734	6.39e-21	97.8
CDF87674.1	CM003560.1	23.432	303	873	580	857	137686	136835	2.52e-20	95.9
CDF87674.1	CM003560.1	28.251	223	873	585	799	1110299	1110910	5.64e-16	81.6
CDF87674.1	CM003560.1	27.753	227	873	645	851	553644	553000	1.06e-13	74.3
CDF87674.1	CM003560.1	30.675	163	873	649	793	493341	493799	1.88e-13	73.6
CDF87674.1	CM003560.1	25.000	232	873	579	799	1446816	1447430	5.40e-13	72.0
CDF87674.1	CM003560.1	27.381	252	873	572	799	1114590	1115258	5.42e-12	68.6
CDF87674.1	CM003560.1	24.091	220	873	584	800	1248655	1248071	4.29e-11	65.9
CDF87676.1	CM003569.1	56.849	146	168	19	164	976333	976770	1.46e-51	175
CDF87677.1	CM003568.1	55.108	646	574	1	572	714228	712372	0.0	649
CDF87677.1	CM003569.1	68.111	323	574	234	543	977850	976882	0.0	451
CDF87677.1	CM003569.1	60.440	182	574	56	237	978359	977838	0.0	203
CDF87678.1	CM003560.1	77.727	220	225	6	224	593493	592834	2.45e-114	357
CDF87678.1	CM003556.1	41.969	193	225	16	204	48988	48410	6.57e-45	158
CDF87678.1	CM003565.1	25.701	214	225	7	217	275216	275764	4.47e-19	84.0
CDF87679.1	CM003569.1	65.714	105	263	159	263	979464	979150	2.36e-49	173
CDF87679.1	CM003567.1	40.404	99	263	157	252	579064	579357	5.28e-15	73.2
CDF87680.1	CM003565.1	27.838	643	684	4	614	662531	664411	1.69e-72	255
CDF87680.1	CM003569.1	24.706	680	684	1	634	430901	428877	3.52e-55	203
CDF87680.1	CM003569.1	25.411	669	684	5	613	443301	445277	7.03e-45	172
CDF87680.1	CM003566.1	24.924	654	684	4	611	653588	651735	2.05e-35	143
CDF87681.1	CM003565.1	41.156	294	293	13	293	501318	500449	4.03e-66	222
CDF87681.1	CM003567.1	33.023	215	293	47	259	15901	15263	1.34e-29	117
CDF87681.1	CM003567.1	34.906	212	293	12	223	89622	89011	3.29e-29	115
CDF87681.1	CM003553.1	33.333	219	293	48	260	46286	46936	6.44e-29	115
CDF87687.1	CM003569.1	29.265	680	583	1	581	982553	980622	1.01e-56	205
CDF87688.1	CM003566.1	42.748	131	181	53	179	348613	348999	2.34e-20	86.3
CDF87689.1	CM003569.1	61.154	520	524	1	520	983744	985237	0.0	656
CDF87689.1	CM003569.1	43.418	433	524	98	519	194020	195315	5.94e-113	367
CDF87689.1	CM003568.1	21.902	347	524	112	456	388800	389828	2.89e-16	81.3
CDF87689.1	CM003565.1	25.368	272	524	210	479	661605	660826	2.47e-11	65.5
CDF87690.1	CM003569.1	81.935	155	186	32	186	986244	986705	1.61e-72	236
CDF87690.1	CM003569.1	65.455	55	186	1	55	985701	985865	1.78e-15	72.4
CDF87690.1	CM003568.1	84.459	148	186	39	186	716801	717244	3.49e-72	234
CDF87690.1	CM003568.1	86.842	38	186	1	38	716255	716368	1.18e-15	72.8
CDF87691.1	CM003568.1	91.429	140	144	5	144	718447	718866	1.21e-84	268
CDF87691.1	CM003569.1	90.780	141	144	4	144	987652	988074	9.16e-84	266
CDF87692.1	CM003569.1	71.731	520	536	40	535	988849	990405	0.0	783
CDF87692.1	CM003563.1	49.206	504	536	58	532	331096	329627	1.89e-146	464
CDF87692.1	CM003566.1	48.049	487	536	48	525	197602	196208	1.39e-137	439
CDF87693.1	CM003569.1	54.851	505	519	1	461	992256	990832	9.41e-139	441
CDF87693.1	CM003556.1	30.939	181	519	155	324	64248	63724	9.57e-17	82.8
CDF87693.1	CM003556.1	26.220	164	519	155	298	63969	63484	3.14e-12	68.2
CDF87693.1	CM003568.1	27.907	172	519	155	315	189900	189406	2.86e-11	65.1
CDF87693.1	CM003562.1	23.464	179	519	155	314	264525	265058	5.16e-11	64.3
CDF87694.1	CM003569.1	73.893	429	435	2	429	993341	994627	0.0	647
CDF87695.1	CM003568.1	37.059	340	350	46	350	720272	719280	4.81e-67	227
CDF87695.1	CM003555.1	40.000	110	350	124	233	215235	214924	1.50e-17	82.8
CDF87695.1	CM003561.1	29.508	183	350	50	232	207095	207472	2.07e-16	79.3
CDF87695.1	CM003561.1	42.157	102	350	132	233	132222	131938	6.61e-14	71.6
CDF87695.1	CM003562.1	36.937	111	350	123	233	956847	956533	2.49e-16	79.3
CDF87695.1	CM003566.1	23.256	215	350	36	250	644834	644358	9.49e-14	71.2
CDF87696.1	CM003569.1	42.391	460	406	3	403	996210	994840	3.07e-107	345
CDF87697.1	CM003569.1	57.182	369	356	1	356	997181	998287	5.09e-128	403
CDF87697.1	CM003565.1	44.201	319	356	10	322	389035	388193	7.90e-64	218
CDF87697.1	CM003560.1	41.243	354	356	9	356	1200087	1201091	1.47e-63	218
CDF87698.1	CM003568.1	50.916	273	263	11	263	721105	721923	6.92e-82	266
CDF87699.1	CM003569.1	80.952	126	142	17	142	999291	998914	1.77e-64	210
CDF87700.1	CM003568.1	58.416	202	207	16	207	722611	722021	9.09e-71	232
CDF87701.1	CM003568.1	80.533	375	382	1	371	723253	724374	0.0	645
CDF87701.1	CM003568.1	26.236	263	382	18	233	105050	105778	7.16e-16	78.2
CDF87701.1	CM003568.1	34.259	108	382	143	249	709874	709557	8.92e-12	65.5
CDF87701.1	CM003569.1	45.355	366	382	11	369	1000681	1001745	1.03e-98	320
CDF87701.1	CM003569.1	29.355	310	382	34	323	644228	643383	2.40e-25	107
CDF87701.1	CM003569.1	28.616	318	382	31	326	956244	955432	1.34e-19	89.7
CDF87701.1	CM003569.1	29.469	207	382	31	233	311546	310950	3.98e-14	72.8
CDF87701.1	CM003569.1	26.772	254	382	35	251	95099	95812	4.64e-13	69.7
CDF87701.1	CM003569.1	34.513	113	382	143	254	974312	973980	7.54e-12	65.9
CDF87701.1	CM003569.1	27.586	203	382	37	226	839894	839316	4.36e-11	63.5
CDF87701.1	CM003569.1	25.287	261	382	75	333	308667	308002	6.83e-11	62.8
CDF87701.1	CM003560.1	41.356	295	382	37	328	1202521	1203369	1.10e-69	236
CDF87701.1	CM003560.1	26.727	333	382	35	357	1248655	1247732	2.94e-25	106
CDF87701.1	CM003560.1	26.836	354	382	8	330	98856	99755	1.33e-18	86.7
CDF87701.1	CM003560.1	29.461	241	382	17	240	1343421	1342720	2.59e-18	85.9
CDF87701.1	CM003560.1	24.765	319	382	36	326	137671	136829	5.76e-17	81.6
CDF87701.1	CM003560.1	25.658	304	382	35	334	120294	119521	1.02e-15	77.8
CDF87701.1	CM003560.1	27.660	282	382	43	323	66831	67514	1.11e-15	77.8
CDF87701.1	CM003560.1	26.277	274	382	76	329	1235359	1236075	5.21e-13	69.3
CDF87701.1	CM003560.1	35.922	103	382	143	230	493494	493799	9.66e-12	65.5
CDF87701.1	CM003560.1	30.345	145	382	132	268	45731	46135	4.17e-11	63.5
CDF87701.1	CM003560.1	29.688	192	382	76	245	1114752	1115294	5.20e-11	63.2
CDF87701.1	CM003567.1	39.661	295	382	37	330	517560	518414	1.20e-65	224
CDF87701.1	CM003567.1	28.095	210	382	37	240	253611	253018	2.38e-15	76.6
CDF87701.1	CM003567.1	24.332	337	382	34	359	445267	444398	2.64e-14	73.6
CDF87701.1	CM003566.1	32.812	320	382	11	323	351319	352212	2.85e-39	148
CDF87701.1	CM003566.1	25.556	270	382	28	255	92420	91665	1.74e-15	77.0
CDF87701.1	CM003566.1	45.098	102	382	140	236	839110	839406	2.49e-15	76.6
CDF87701.1	CM003566.1	24.889	225	382	136	360	312960	313514	1.41e-12	68.2
CDF87702.1	CM003569.1	77.717	184	183	1	183	1002540	1001989	1.20e-92	293
CDF87703.1	CM003568.1	53.214	560	538	1	514	724929	726575	5.18e-139	443
CDF87704.1	CM003569.1	69.003	642	697	84	697	1004974	1003121	0.0	843
CDF87704.1	CM003561.1	63.407	634	697	95	697	227965	229785	0.0	783
CDF87704.1	CM003565.1	42.077	183	697	436	618	348546	348100	1.12e-40	159
CDF87704.1	CM003565.1	64.198	81	697	346	426	348999	348757	1.22e-27	119
CDF87704.1	CM003565.1	60.714	56	697	285	340	349494	349327	7.64e-18	87.4
CDF87705.1	CM003568.1	32.768	177	248	73	179	727636	727127	7.80e-12	63.5
CDF87706.1	CM003568.1	54.487	156	167	8	161	728449	728901	5.64e-46	159
CDF87707.1	CM003568.1	50.787	762	674	1	669	729134	731416	0.0	717
CDF87708.1	CM003569.1	60.965	456	486	12	465	1008775	1007441	1.37e-179	557
CDF87708.1	CM003569.1	44.348	345	486	3	345	817741	816734	2.10e-88	295
CDF87708.1	CM003567.1	46.218	357	486	15	352	668600	669664	2.37e-95	315
CDF87708.1	CM003567.1	42.532	308	486	30	332	858901	859788	5.45e-69	238
CDF87708.1	CM003566.1	40.115	349	486	6	339	803399	804400	1.03e-71	246
CDF87709.1	CM003568.1	68.498	273	274	4	274	732418	731609	2.64e-124	389
CDF87710.1	CM003568.1	60.989	910	893	1	893	732800	735511	0.0	1133
CDF87711.1	CM003568.1	32.075	265	270	11	267	736351	735632	3.61e-26	106
CDF87714.1	CM003567.1	70.571	350	350	1	350	874618	875664	1.44e-170	525
CDF87715.1	CM003560.1	79.030	1278	1282	2	1279	916086	912253	0.0	2108
CDF87715.1	CM003560.1	79.084	1267	1282	13	1279	932977	929177	0.0	2092
CDF87715.1	CM003565.1	71.262	1284	1282	1	1280	637465	641313	0.0	1894
CDF87717.1	CM003560.1	73.391	233	247	1	230	686013	685339	2.90e-108	341
CDF87718.1	CM003560.1	60.797	301	299	6	299	684030	684929	3.72e-118	372
CDF87719.1	CM003560.1	65.051	495	609	132	600	683067	681586	0.0	622
CDF87719.1	CM003560.1	46.847	111	609	2	108	683661	683347	2.47e-17	85.1
CDF87720.1	CM003560.1	83.796	216	216	1	216	681248	680604	1.20e-120	375
CDF87720.1	CM003560.1	48.889	135	216	15	149	955808	956206	1.60e-37	137
CDF87720.1	CM003560.1	40.000	140	216	10	149	861415	861002	9.84e-31	117
CDF87720.1	CM003560.1	38.017	121	216	31	149	1178783	1178424	2.72e-20	87.4
CDF87720.1	CM003560.1	32.110	109	216	47	143	963282	963605	2.92e-15	72.8
CDF87720.1	CM003558.1	45.865	133	216	17	149	387007	386615	2.63e-34	127
CDF87720.1	CM003569.1	38.235	136	216	4	139	126385	126789	5.98e-25	100
CDF87720.1	CM003562.1	34.074	135	216	5	139	651773	651375	2.36e-22	93.2
CDF87720.1	CM003562.1	35.036	137	216	5	128	314876	314466	1.04e-18	82.8
CDF87720.1	CM003555.1	35.156	128	216	24	150	132539	132919	4.60e-22	92.4
CDF87721.1	CM003566.1	79.828	466	467	1	466	480335	478953	0.0	778
CDF87721.1	CM003558.1	28.322	459	467	9	450	127355	126063	3.34e-45	168
CDF87721.1	CM003563.1	28.029	421	467	32	431	379768	380970	4.26e-37	144
CDF87722.1	CM003566.1	58.333	168	170	5	170	480973	481464	2.59e-57	191
CDF87722.1	CM003560.1	53.293	167	170	1	166	680150	679650	3.61e-56	188
CDF87722.1	CM003569.1	33.333	171	170	5	163	209927	210439	1.30e-22	92.4
CDF87723.1	CM003560.1	42.105	152	152	4	152	678949	679404	1.29e-32	120
CDF87724.1	CM003560.1	33.550	462	415	2	415	678688	677312	7.52e-75	253
CDF87725.1	CM003566.1	44.269	253	252	9	251	482322	481582	1.33e-57	196
CDF87726.1	CM003560.1	46.107	1477	1469	3	1448	676826	672420	0.0	1241
CDF87727.1	CM003560.1	42.735	351	368	6	317	670814	671854	3.19e-68	231
CDF87728.1	CM003560.1	53.753	493	481	1	481	670542	669070	3.13e-174	541
CDF87729.1	CM003566.1	54.420	871	828	1	825	485127	482515	0.0	928
CDF87732.1	CM003566.1	70.526	190	205	1	190	487348	486779	4.27e-92	293
CDF87732.1	CM003566.1	27.108	166	205	3	168	527627	527142	1.84e-13	67.0
CDF87732.1	CM003560.1	54.749	179	205	1	179	665651	666187	5.07e-66	218
CDF87733.1	CM003566.1	55.618	356	365	7	361	609001	610053	2.05e-136	427
CDF87733.1	CM003560.1	57.407	54	365	180	233	793864	793703	2.43e-16	79.3
CDF87733.1	CM003569.1	30.345	145	365	155	287	763108	763542	4.80e-14	72.4
CDF87733.1	CM003568.1	27.160	162	365	177	327	752782	753264	3.50e-13	69.7
CDF87734.1	CM003560.1	47.222	324	707	9	310	662680	663648	5.96e-77	269
CDF87734.1	CM003560.1	39.494	395	707	378	707	664132	665262	2.12e-43	168
CDF87735.1	CM003566.1	49.315	146	149	3	146	608822	608385	1.45e-44	154
CDF87736.1	CM003566.1	79.076	368	370	6	370	608135	607035	0.0	636
CDF87737.1	CM003560.1	82.505	543	546	1	543	661703	660075	0.0	936
CDF87737.1	CM003560.1	26.880	532	546	22	535	622667	621132	1.55e-53	195
CDF87737.1	CM003560.1	26.577	523	546	20	533	1316364	1314856	3.54e-49	182
CDF87737.1	CM003564.1	27.205	533	546	22	538	318149	316626	3.51e-55	200
CDF87737.1	CM003564.1	28.879	464	546	18	471	181849	180497	1.03e-54	198
CDF87737.1	CM003564.1	26.172	512	546	22	529	517564	516095	7.09e-51	187
CDF87737.1	CM003564.1	24.816	544	546	29	546	304018	305586	2.65e-35	140
CDF87737.1	CM003553.1	27.593	540	546	1	536	231681	230131	2.34e-50	186
CDF87738.1	CM003560.1	74.074	648	649	10	646	659687	657744	0.0	995
CDF87738.1	CM003560.1	21.480	689	649	4	644	713906	715831	2.28e-11	65.9
CDF87738.1	CM003562.1	24.619	394	649	25	413	715252	716334	2.19e-14	75.9
CDF87739.1	CM003560.1	87.257	463	463	1	463	656116	657504	0.0	826
CDF87739.1	CM003570.1	41.892	444	463	25	463	97449	98732	4.33e-105	342
CDF87740.1	CM003560.1	54.620	368	376	19	376	655759	654665	8.26e-138	432
CDF87740.1	CM003560.1	26.452	310	376	92	375	1138794	1139600	3.96e-20	91.3
CDF87740.1	CM003569.1	35.461	282	376	104	369	707622	706804	3.43e-38	144
CDF87740.1	CM003569.1	25.329	304	376	86	375	884698	885507	1.30e-18	86.7
CDF87740.1	LIOO01000003.1	26.452	310	376	92	375	9209	10015	3.82e-20	91.3
CDF87740.1	CM003570.1	25.200	250	376	97	335	519932	519282	1.48e-12	67.8
CDF87741.1	CM003566.1	80.515	272	271	1	270	606065	606880	2.67e-151	466
CDF87741.1	CM003569.1	35.521	259	271	7	253	267498	266731	5.30e-47	166
CDF87741.1	CM003564.1	31.016	187	271	1	185	165778	166332	1.17e-21	93.2
CDF87742.1	CM003553.1	38.333	240	598	205	408	167637	168308	5.31e-16	80.9
CDF87742.1	CM003553.1	36.626	243	598	246	447	167517	168242	8.65e-13	70.5
CDF87742.1	CM003553.1	35.106	188	598	180	350	167832	168239	2.20e-11	65.9
CDF87742.1	CM003560.1	31.486	451	598	180	597	653355	654536	4.18e-11	65.1
CDF87743.1	CM003566.1	51.987	302	290	1	285	605745	604840	1.00e-77	255
CDF87744.1	CM003566.1	70.286	875	870	1	870	599395	602019	0.0	1273
CDF87744.1	CM003566.1	28.481	316	870	573	864	720969	720046	2.39e-29	125
CDF87744.1	CM003568.1	29.286	280	870	615	866	637097	636285	2.41e-26	115
CDF87744.1	CM003558.1	26.877	253	870	601	807	43931	43185	1.35e-17	87.0
CDF87744.1	CM003564.1	25.623	281	870	576	804	172240	171416	1.63e-11	67.0
CDF87745.1	CM003560.1	53.938	584	624	43	620	650369	652072	0.0	599
CDF87745.1	CM003560.1	30.660	424	624	84	457	1121942	1120740	3.14e-42	163
CDF87745.1	CM003560.1	28.502	414	624	70	467	560204	561400	2.23e-40	157
CDF87745.1	CM003560.1	29.167	384	624	87	468	1024681	1023614	1.90e-36	145
CDF87745.1	CM003560.1	28.533	368	624	78	445	1344650	1345642	2.40e-27	117
CDF87745.1	CM003560.1	26.485	404	624	83	469	1211031	1209946	1.73e-26	114
CDF87745.1	CM003567.1	33.199	497	624	44	528	823402	821990	2.80e-57	208
CDF87745.1	CM003566.1	32.011	378	624	84	452	117892	118938	3.68e-47	178
CDF87745.1	CM003566.1	31.707	205	624	90	285	678999	678421	6.52e-19	90.5
CDF87745.1	CM003561.1	31.735	438	624	95	505	122637	123872	1.74e-45	173
CDF87745.1	CM003564.1	30.716	433	624	96	516	341724	340489	7.38e-44	168
CDF87745.1	CM003564.1	29.600	375	624	96	470	564768	565802	7.20e-25	109
CDF87746.1	CM003560.1	50.811	185	463	1	184	649512	648958	1.48e-52	189
CDF87746.1	CM003560.1	52.850	193	463	277	463	648483	647920	1.40e-51	187
CDF87747.1	CM003560.1	65.198	227	238	1	227	647112	647792	1.71e-102	324
CDF87748.1	CM003560.1	36.598	388	371	4	370	646871	645717	1.10e-66	227
CDF87749.1	CM003560.1	48.101	474	454	1	449	644139	645560	1.08e-143	452
CDF87750.1	CM003566.1	59.076	303	330	31	330	599114	598206	6.13e-119	376
CDF87751.1	CM003560.1	48.366	459	518	78	513	642475	643818	4.56e-121	390
CDF87751.1	CM003566.1	52.243	379	518	75	452	596807	597847	1.57e-113	369
CDF87752.1	CM003560.1	52.518	139	157	1	127	641795	641379	6.37e-33	121
CDF87753.1	CM003560.1	48.680	341	339	1	337	640159	641181	1.68e-111	355
CDF87754.1	CM003560.1	65.806	310	332	20	327	639924	638995	1.22e-140	438
CDF87755.1	CM003566.1	73.126	547	657	56	602	594208	595848	0.0	833
CDF87755.1	CM003569.1	67.244	577	657	64	640	624637	626331	0.0	808
CDF87755.1	CM003569.1	65.662	597	657	64	656	384575	386329	0.0	804
CDF87755.1	CM003554.1	30.533	488	657	87	566	33364	31907	5.09e-66	235
CDF87755.1	CM003558.1	26.866	536	657	87	608	261663	263264	5.37e-59	214
CDF87755.1	CM003558.1	30.140	501	657	77	567	131805	130330	1.80e-58	213
CDF87756.1	CM003560.1	46.585	732	683	1	671	638766	636646	1.15e-156	500
CDF87756.1	CM003567.1	40.625	128	683	352	477	727925	727542	1.68e-18	89.4
CDF87756.1	CM003569.1	36.290	124	683	352	474	177667	178038	3.48e-15	78.6
CDF87757.1	CM003566.1	74.734	657	646	1	645	591648	593615	0.0	1046
CDF87758.1	CM003560.1	39.769	694	798	5	673	636052	634007	2.26e-153	495
CDF87758.1	CM003566.1	34.735	547	798	36	572	591281	589686	3.18e-98	334
CDF87759.1	CM003560.1	78.788	66	639	560	625	632858	633055	1.35e-31	130
CDF87759.1	CM003560.1	46.927	179	639	335	497	632012	632527	8.87e-30	125
CDF87760.1	CM003566.1	59.477	459	443	1	440	588985	587627	0.0	561
CDF87761.1	CM003560.1	56.483	779	746	25	746	629710	627536	0.0	780
CDF87763.1	CM003560.1	65.488	707	718	1	699	625256	623145	0.0	972
CDF87764.1	CM003566.1	96.335	191	191	1	191	586653	586081	1.65e-124	385
CDF87764.1	CM003566.1	29.762	168	191	5	169	644789	644325	1.44e-14	69.7
CDF87764.1	CM003566.1	26.471	136	191	3	137	703599	703195	4.95e-13	65.5
CDF87764.1	CM003570.1	51.445	173	191	5	177	863040	863558	6.62e-57	191
CDF87764.1	CM003568.1	44.796	221	191	1	180	479702	480364	1.79e-54	184
CDF87764.1	CM003568.1	41.618	173	191	5	177	323761	323252	2.29e-38	138
CDF87764.1	CM003568.1	31.250	112	191	16	125	339845	340177	1.42e-12	63.9
CDF87764.1	CM003568.1	28.070	171	191	3	169	330449	329967	4.45e-12	62.8
CDF87764.1	CM003565.1	45.714	175	191	4	177	120593	120093	3.19e-45	158
CDF87764.1	CM003553.1	36.916	214	191	5	191	175233	174592	2.87e-39	140
CDF87765.1	CM003560.1	90.519	559	559	1	559	622751	621075	0.0	1041
CDF87765.1	CM003560.1	30.018	543	559	10	542	1316409	1314862	3.06e-63	224
CDF87765.1	CM003560.1	27.955	533	559	29	540	661640	660099	2.12e-53	195
CDF87765.1	CM003564.1	32.634	524	559	29	546	517564	516074	5.42e-81	276
CDF87765.1	CM003564.1	32.037	540	559	22	545	181858	180320	4.32e-71	247
CDF87765.1	CM003564.1	31.540	539	559	18	546	318182	316635	2.37e-70	245
CDF87765.1	CM003564.1	27.083	528	559	42	558	304036	305580	6.90e-43	164
CDF87765.1	CM003553.1	32.523	535	559	22	549	231639	230125	2.02e-71	248
CDF87766.1	CM003560.1	62.544	566	818	293	817	619173	617500	0.0	679
CDF87766.1	CM003566.1	57.195	549	818	337	818	583492	581888	0.0	577
CDF87767.1	CM003560.1	60.795	352	342	1	342	617110	616061	1.38e-140	438
CDF87767.1	CM003568.1	37.888	161	342	1	150	671880	671422	1.43e-22	97.8
CDF87768.1	CM003565.1	34.625	413	560	111	518	95494	94373	8.92e-61	217
CDF87769.1	CM003560.1	39.033	848	1223	383	1170	613415	611001	4.00e-164	541
CDF87769.1	CM003560.1	51.456	206	1223	1	201	614729	614133	2.66e-45	178
CDF87769.1	CM003564.1	60.317	63	1223	24	86	75035	75223	1.96e-19	94.0
CDF87769.1	CM003567.1	60.345	58	1223	26	83	99327	99500	7.98e-19	92.0
CDF87769.1	CM003555.1	48.750	80	1223	17	90	421545	421309	1.04e-11	68.6
CDF87769.1	CM003562.1	48.077	52	1223	30	81	441707	441862	7.09e-11	65.9
CDF87770.1	CM003560.1	33.629	1240	1131	83	1131	606776	610417	2.51e-169	554
CDF87771.1	CM003566.1	28.279	488	468	17	457	579119	577725	1.06e-41	157
CDF87772.1	CM003560.1	45.113	399	386	6	370	604988	606184	4.42e-100	324
CDF87772.1	CM003560.1	31.429	350	386	7	310	1469801	1468791	1.89e-49	178
CDF87772.1	CM003564.1	37.748	302	386	4	299	161322	162188	2.22e-58	204
CDF87772.1	CM003559.1	30.952	294	386	15	307	198260	199099	4.76e-39	147
CDF87772.1	CM003562.1	27.483	302	386	1	302	458632	457817	2.19e-33	130
CDF87772.1	CM003563.1	29.248	359	386	21	369	209713	210699	4.10e-33	130
CDF87773.1	CM003566.1	62.640	356	378	13	362	576544	577611	2.60e-159	494
CDF87774.1	CM003560.1	32.661	248	347	132	347	603758	604450	8.69e-17	80.5
CDF87775.1	CM003560.1	35.503	676	653	22	650	602596	600572	1.37e-124	406
CDF87776.1	CM003566.1	49.015	406	402	6	401	576015	574813	5.32e-131	414
CDF87776.1	CM003560.1	47.653	426	402	1	401	599932	598688	1.12e-117	375
CDF87777.1	CM003566.1	30.133	375	347	3	345	573600	574679	2.74e-43	158
CDF87778.1	CM003566.1	48.114	981	1076	176	1076	572116	569351	0.0	672
CDF87778.1	CM003560.1	43.200	125	1076	642	764	597013	596663	7.63e-19	91.7
CDF87779.1	CM003566.1	69.109	819	805	1	804	568886	566436	0.0	1181
CDF87779.1	CM003566.1	24.759	622	805	106	673	379714	381504	1.67e-27	119
CDF87779.1	CM003558.1	23.214	224	805	480	700	596915	596277	6.67e-19	91.3
CDF87779.1	CM003558.1	25.926	216	805	421	635	596915	596319	1.93e-15	79.7
CDF87779.1	CM003558.1	33.333	126	805	480	604	562556	562930	3.32e-11	65.9
CDF87779.1	CM003568.1	27.027	259	805	367	617	172761	172057	2.07e-17	86.3
CDF87779.1	CM003568.1	26.190	126	805	479	604	739809	739432	3.08e-12	69.3
CDF87779.1	CM003568.1	24.028	283	805	376	646	172866	172090	6.59e-11	65.1
CDF87779.1	CM003565.1	30.303	198	805	441	636	634243	634785	4.53e-17	85.1
CDF87779.1	CM003562.1	30.622	209	805	419	620	795043	794474	3.13e-16	82.4
CDF87780.1	CM003566.1	37.162	148	201	58	201	565899	565492	5.45e-21	89.0
CDF87781.1	CM003566.1	68.944	322	314	1	314	563940	564905	2.83e-120	379
CDF87782.1	CM003560.1	94.697	132	132	1	132	595273	595665	4.41e-76	243
CDF87782.1	CM003558.1	92.424	132	132	1	132	222372	222764	1.49e-74	239
CDF87783.1	CM003558.1	97.727	132	132	1	132	221676	221281	1.30e-80	256
CDF87783.1	CM003560.1	97.727	132	132	1	132	594455	594060	2.15e-80	255
CDF87783.1	CM003569.1	61.600	125	132	1	118	781955	782326	1.14e-33	122
CDF87784.1	CM003566.1	31.536	371	1132	7	289	561283	562335	1.83e-20	97.1
CDF87785.1	CM003560.1	48.352	91	761	407	497	590014	589742	7.61e-25	110
CDF87787.1	CM003560.1	63.133	632	612	1	611	586180	588054	0.0	747
CDF87788.1	CM003560.1	83.051	295	301	1	295	1411766	1412650	6.22e-171	523
CDF87788.1	CM003564.1	28.344	314	301	1	286	128140	127253	7.62e-18	82.8
CDF87788.1	CM003564.1	24.723	271	301	18	277	159771	160553	2.87e-11	62.8
CDF87788.1	CM003569.1	25.939	293	301	3	278	326460	325621	1.26e-15	76.3
CDF87789.1	CM003560.1	32.340	470	677	98	549	24244	22844	3.73e-72	254
CDF87789.1	CM003560.1	26.342	596	677	43	605	1413177	1414910	3.07e-62	224
CDF87789.1	CM003560.1	27.669	459	677	109	549	1404435	1403071	2.30e-47	179
CDF87789.1	CM003560.1	25.789	570	677	55	591	1508945	1510603	1.16e-41	162
CDF87789.1	CM003560.1	27.237	503	677	82	559	1302836	1301361	2.20e-41	161
CDF87789.1	CM003560.1	26.336	524	677	61	551	371172	372710	2.84e-37	149
CDF87789.1	CM003560.1	26.145	524	677	61	551	365780	367318	3.57e-36	145
CDF87789.1	CM003560.1	24.517	518	677	63	551	362446	363969	2.31e-34	139
CDF87789.1	CM003560.1	26.652	469	677	112	551	87641	89005	1.33e-30	128
CDF87789.1	CM003560.1	31.718	227	677	102	321	283250	283915	7.50e-17	84.0
CDF87789.1	CM003560.1	27.189	217	677	348	551	284165	284779	8.85e-11	64.3
CDF87789.1	CM003555.1	25.512	537	677	45	553	23494	21923	1.60e-43	168
CDF87789.1	CM003568.1	25.912	521	677	63	553	14042	12504	1.33e-42	165
CDF87789.1	CM003568.1	24.074	486	677	108	549	740681	742102	2.41e-30	127
CDF87789.1	CM003566.1	24.859	531	677	54	551	269965	271518	2.78e-40	158
CDF87789.1	CM003563.1	25.606	578	677	21	566	248821	250497	3.74e-39	154
CDF87789.1	CM003563.1	24.113	564	677	41	566	245037	246665	6.05e-37	147
CDF87789.1	CM003563.1	23.621	580	677	10	553	241202	242851	1.48e-35	143
CDF87790.1	CM003560.1	40.984	183	188	1	178	1415252	1415785	1.96e-33	124
CDF87791.1	CM003560.1	80.769	286	282	1	282	1416757	1415900	7.27e-162	496
CDF87792.1	CM003560.1	59.701	201	246	45	245	1417738	1417136	3.82e-79	258
CDF87793.1	CM003560.1	51.253	359	378	9	338	585111	584035	3.32e-106	341
CDF87794.1	CM003560.1	50.244	205	197	1	197	583076	583690	1.75e-66	219
CDF87795.1	CM003560.1	63.391	407	677	270	673	1419007	1420215	3.49e-173	547
CDF87795.1	CM003558.1	29.900	301	677	367	661	98453	97650	1.32e-24	108
CDF87796.1	CM003560.1	78.719	484	556	78	555	582343	580892	0.0	808
CDF87796.1	CM003560.1	29.134	381	556	134	497	948485	947397	5.97e-35	139
CDF87796.1	CM003567.1	24.825	286	556	134	404	832265	831471	1.78e-21	97.8
CDF87797.1	CM003560.1	53.282	259	406	37	288	579676	580428	1.33e-87	289
CDF87797.1	CM003560.1	33.610	241	406	16	253	1421689	1420985	1.01e-42	159
CDF87798.1	CM003560.1	73.104	699	696	1	691	578864	576786	0.0	1014
CDF87798.1	CM003562.1	26.504	698	696	11	615	570129	572126	2.23e-44	171
CDF87798.1	CM003566.1	27.815	453	696	32	457	719196	717907	2.73e-37	149
CDF87798.1	CM003564.1	27.602	442	696	42	455	666713	667975	2.33e-33	137
CDF87799.1	CM003560.1	67.601	321	329	5	325	1422586	1423548	6.19e-150	464
CDF87800.1	CM003560.1	53.165	553	557	1	553	576489	574870	0.0	621
CDF87801.1	CM003560.1	37.945	759	692	13	691	1426109	1423869	5.18e-131	426
CDF87802.1	CM003560.1	63.736	182	188	7	187	574209	574754	3.74e-74	240
CDF87803.1	CM003560.1	51.761	568	537	1	536	1428073	1426463	2.40e-166	521
CDF87804.1	CM003560.1	74.315	292	294	1	291	573379	572504	5.81e-150	463
CDF87805.1	CM003562.1	74.227	97	108	1	97	161434	161144	7.80e-47	158
CDF87806.1	CM003562.1	47.273	605	618	4	606	159153	160961	4.78e-171	539
CDF87807.1	CM003562.1	59.060	2042	2001	1	1999	158913	152878	0.0	2432
CDF87808.1	CM003560.1	74.956	571	578	8	577	1432044	1430347	0.0	853
CDF87808.1	CM003562.1	28.008	507	578	76	573	682010	683467	3.39e-41	159
CDF87809.1	CM003562.1	82.996	1088	1089	1	1088	151441	148190	0.0	1907
CDF87810.1	CM003562.1	70.916	251	273	17	267	147150	147902	5.04e-124	387
CDF87811.1	CM003563.1	63.902	205	214	1	205	144274	144888	1.98e-85	274
CDF87812.1	CM003563.1	89.071	183	183	1	183	144023	143475	2.70e-111	347
CDF87813.1	CM003563.1	48.263	259	718	473	717	142367	143095	8.27e-49	185
CDF87813.1	CM003562.1	48.108	185	718	542	717	146277	146831	1.20e-40	160
CDF87814.1	CM003564.1	82.534	584	583	1	582	259387	261138	0.0	1019
CDF87815.1	CM003562.1	36.496	274	261	3	257	144050	143259	6.72e-45	160
CDF87816.1	CM003562.1	56.399	461	445	1	445	141767	143110	1.13e-164	513
CDF87816.1	CM003561.1	25.065	387	445	16	344	74851	73757	3.76e-23	101
CDF87817.1	CM003562.1	51.122	624	616	35	616	138751	136964	0.0	596
CDF87817.1	CM003562.1	26.862	376	616	210	581	555319	556239	2.32e-33	135
CDF87817.1	CM003562.1	27.390	387	616	219	595	754926	753967	1.91e-32	133
CDF87818.1	CM003563.1	36.796	568	532	7	524	140274	138577	4.99e-120	388
CDF87818.1	CM003560.1	22.286	350	532	119	454	116186	117142	2.48e-14	75.1
CDF87819.1	CM003563.1	39.919	496	513	29	513	136820	138277	5.29e-123	395
CDF87820.1	CM003562.1	63.238	525	521	1	521	136560	134986	0.0	717
CDF87821.1	CM003562.1	61.732	358	561	1	351	133081	134124	4.16e-151	479
CDF87822.1	CM003562.1	48.684	76	77	3	70	131941	131720	9.75e-13	60.1
CDF87823.1	CM003562.1	84.262	305	307	1	304	130499	131410	2.11e-161	496
CDF87823.1	CM003562.1	56.432	241	307	54	293	315449	316171	5.90e-88	286
CDF87824.1	CM003562.1	61.504	226	226	2	225	130009	129332	4.31e-91	291
CDF87824.1	CM003560.1	28.634	227	226	6	223	523025	523684	2.60e-14	70.1
CDF87824.1	CM003553.1	32.857	140	226	66	205	162408	162085	3.17e-12	63.9
CDF87825.1	CM003562.1	50.978	920	1089	235	1089	126578	129298	0.0	846
CDF87825.1	CM003562.1	65.000	200	1089	1	198	125768	126367	1.66e-74	270
CDF87825.1	LIOO01000002.1	25.459	381	1089	381	726	9208	10305	6.56e-12	68.9
CDF87825.1	CM003570.1	25.526	380	1089	381	726	343276	342179	9.01e-12	68.6
CDF87826.1	CM003560.1	69.542	568	577	10	574	1432038	1430344	0.0	800
CDF87826.1	CM003562.1	26.036	507	577	71	574	682010	683482	1.11e-40	157
CDF87827.1	CM003563.1	37.214	481	1128	5	447	134573	133137	4.89e-91	322
CDF87827.1	CM003563.1	37.469	403	1128	732	1125	132461	131388	1.67e-60	227
CDF87828.1	CM003562.1	64.662	399	396	1	396	124079	122883	6.75e-165	511
CDF87829.1	CM003562.1	40.435	230	228	6	228	121931	122620	1.36e-59	201
CDF87831.1	CM003562.1	41.630	675	681	4	583	118339	120342	1.31e-140	454
CDF87833.1	CM003563.1	57.812	576	1233	1	567	120356	121954	0.0	672
CDF87833.1	CM003563.1	35.842	505	1233	759	1230	122393	123799	8.88e-74	270
CDF87833.1	CM003562.1	67.368	380	1233	108	482	115412	116551	7.56e-176	577
CDF87833.1	CM003562.1	26.431	367	1233	872	1230	116921	117928	3.20e-23	106
CDF87834.1	CM003563.1	34.719	409	356	1	322	119986	118793	4.72e-45	164
CDF87835.1	CM003562.1	30.263	304	267	2	261	113934	114767	3.07e-21	91.7
CDF87837.1	CM003562.1	77.291	982	985	4	980	110253	113195	0.0	1582
CDF87837.1	CM003567.1	52.426	845	985	145	972	646156	643673	0.0	887
CDF87838.1	CM003566.1	87.719	399	401	4	401	826808	825621	0.0	705
CDF87839.1	CM003566.1	41.627	209	204	1	202	827873	828451	2.21e-39	142
CDF87839.1	CM003562.1	40.299	201	204	1	197	475159	474614	7.33e-34	125
CDF87840.1	CM003562.1	35.740	277	228	15	224	470646	471476	1.75e-47	166
CDF87841.1	CM003562.1	65.077	650	634	1	631	469784	467859	0.0	844
CDF87842.1	CM003562.1	69.495	554	577	10	557	467027	465369	0.0	820
CDF87842.1	CM003563.1	28.489	523	577	22	530	506599	505079	8.77e-57	205
CDF87844.1	CM003566.1	56.402	906	885	9	875	828931	831522	0.0	942
CDF87844.1	CM003562.1	52.246	846	885	9	824	464792	462303	0.0	881
CDF87845.1	CM003566.1	87.137	482	482	1	482	831834	833279	0.0	890
CDF87846.1	CM003562.1	60.251	239	238	1	236	460976	461683	2.54e-95	303
CDF87847.1	CM003566.1	36.444	450	425	1	423	833676	835007	2.24e-67	231
CDF87848.1	CM003566.1	51.199	584	577	1	571	836688	834982	2.04e-169	532
CDF87848.1	CM003569.1	26.648	349	577	237	566	502447	503379	5.08e-24	106
CDF87850.1	CM003566.1	64.892	695	670	5	670	837505	839586	0.0	900
CDF87850.1	CM003566.1	29.123	285	670	383	666	312603	313424	1.79e-26	114
CDF87850.1	CM003566.1	27.358	318	670	383	665	351391	352212	1.20e-18	89.7
CDF87850.1	CM003566.1	24.771	327	670	382	667	616617	617555	6.80e-16	80.9
CDF87850.1	CM003564.1	42.177	294	670	377	664	474758	473964	3.72e-66	236
CDF87850.1	CM003564.1	26.389	288	670	383	665	614378	615124	2.60e-25	111
CDF87850.1	CM003564.1	31.739	230	670	457	665	540450	541103	1.13e-22	102
CDF87850.1	CM003564.1	25.769	260	670	383	640	570071	570745	5.68e-13	71.2
CDF87850.1	CM003568.1	31.268	339	670	364	665	105041	105961	1.26e-44	171
CDF87850.1	CM003568.1	33.333	291	670	382	662	710249	709434	6.13e-38	150
CDF87850.1	CM003568.1	23.875	289	670	383	610	446669	445908	1.81e-14	76.3
CDF87850.1	CM003568.1	34.337	166	670	457	610	723490	723972	5.71e-14	74.7
CDF87850.1	CM003568.1	29.944	177	670	439	609	486262	486780	9.62e-13	70.5
CDF87850.1	CM003559.1	30.421	309	670	377	665	73779	74609	1.54e-42	165
CDF87850.1	CM003559.1	27.273	330	670	342	665	230105	229212	3.78e-26	114
CDF87850.1	CM003559.1	29.612	206	670	416	608	187080	186475	6.74e-18	87.4
CDF87850.1	CM003559.1	23.938	259	670	374	610	41952	41287	8.24e-13	70.9
CDF87850.1	LIOO01000005.1	31.818	286	670	383	667	4458	3727	3.83e-39	154
CDF87851.1	CM003562.1	55.901	322	312	1	312	460272	459337	4.95e-106	338
CDF87852.1	CM003562.1	47.952	415	731	297	707	458656	457433	1.52e-130	426
CDF87852.1	CM003563.1	33.489	427	731	301	699	209650	210804	2.25e-62	226
CDF87852.1	CM003559.1	37.847	288	731	300	576	198212	199066	2.82e-48	183
CDF87852.1	CM003566.1	35.556	315	731	295	579	745704	744763	1.76e-46	178
CDF87852.1	CM003564.1	34.768	302	731	302	579	161313	162188	2.38e-42	165
CDF87853.1	CM003566.1	55.046	218	217	4	217	840720	840067	8.33e-79	255
CDF87854.1	CM003562.1	79.221	308	307	1	307	455913	454990	2.28e-172	528
CDF87854.1	CM003560.1	24.460	278	307	51	298	464428	463619	8.46e-11	61.6
CDF87855.1	CM003562.1	73.855	1354	1353	1	1349	450513	454574	0.0	2131
CDF87856.1	CM003566.1	74.118	85	90	1	85	841030	841284	6.41e-31	112
CDF87857.1	CM003562.1	56.794	287	299	13	299	449284	450144	9.41e-105	333
CDF87858.1	CM003566.1	65.741	108	108	1	108	841631	841954	2.47e-48	162
CDF87859.1	CM003562.1	69.687	607	611	4	610	446636	448390	0.0	901
CDF87859.1	CM003562.1	22.653	490	611	128	592	71237	69909	4.86e-12	68.2
CDF87859.1	CM003557.1	39.866	597	611	8	598	9268	7571	2.30e-137	441
CDF87859.1	CM003559.1	33.553	304	611	131	425	144841	145719	7.34e-42	161
CDF87859.1	CM003560.1	26.087	368	611	135	496	916732	917787	1.17e-19	92.8
CDF87859.1	CM003560.1	26.087	368	611	135	496	933655	934710	1.17e-19	92.8
CDF87859.1	CM003553.1	21.856	485	611	137	601	282588	283973	7.68e-12	67.4
CDF87860.1	CM003564.1	91.538	130	130	1	130	649962	650351	8.53e-80	254
CDF87860.1	CM003566.1	96.512	86	130	45	130	844624	844881	2.13e-53	178
CDF87860.1	CM003566.1	76.000	50	130	1	50	844009	844158	4.71e-19	80.5
CDF87862.1	CM003563.1	39.091	440	483	83	435	481431	480121	4.64e-74	253
CDF87863.1	CM003566.1	74.043	836	832	1	819	58312	55823	0.0	1249
CDF87863.1	CM003566.1	36.885	610	832	172	777	901814	900174	1.50e-116	389
CDF87863.1	CM003566.1	35.621	306	832	519	812	901742	900882	1.82e-46	179
CDF87863.1	CM003566.1	37.589	282	832	195	474	900935	900150	1.44e-44	173
CDF87863.1	CM003560.1	39.234	627	832	200	812	1278449	1280161	7.42e-129	425
CDF87863.1	CM003560.1	39.068	279	832	518	796	1278437	1279225	5.70e-52	196
CDF87863.1	CM003560.1	38.431	255	832	517	767	270793	270059	2.88e-48	185
CDF87863.1	CM003560.1	37.456	283	832	196	476	1279256	1280089	3.54e-46	178
CDF87863.1	CM003560.1	39.485	233	832	517	746	1073027	1072341	1.08e-45	177
CDF87863.1	CM003560.1	34.167	240	832	189	425	1073042	1072341	3.16e-34	140
CDF87863.1	CM003560.1	34.322	236	832	195	426	270793	270101	1.18e-32	135
CDF87863.1	CM003560.1	27.835	194	832	180	370	307063	307590	5.90e-11	65.1
CDF87863.1	CM003568.1	30.237	549	832	293	808	759819	761267	1.57e-59	219
CDF87863.1	CM003568.1	33.229	319	832	195	510	760377	761240	6.18e-48	184
CDF87863.1	CM003565.1	34.085	355	832	495	812	596312	597364	3.27e-57	213
CDF87863.1	CM003565.1	36.806	288	832	468	746	493240	492389	2.00e-46	179
CDF87863.1	CM003565.1	33.829	269	832	196	453	596384	597175	8.33e-40	158
CDF87863.1	CM003565.1	35.193	233	832	195	425	493075	492389	1.67e-39	157
CDF87863.1	CM003562.1	31.942	479	832	196	650	55353	53998	8.68e-52	196
CDF87863.1	CM003562.1	36.268	284	832	518	796	55353	54550	2.05e-48	185
CDF87863.1	CM003562.1	41.026	234	832	516	746	637919	638608	4.03e-47	181
CDF87863.1	CM003562.1	36.765	272	832	485	746	512615	511815	2.21e-42	166
CDF87863.1	CM003562.1	37.607	234	832	195	425	637922	638608	6.83e-39	155
CDF87863.1	CM003562.1	36.638	232	832	196	425	512489	511815	5.70e-32	133
CDF87864.1	CM003563.1	38.079	302	273	8	270	478836	479732	2.30e-54	187
CDF87865.1	CM003562.1	32.839	472	695	239	695	709602	708199	1.05e-67	241
CDF87865.1	CM003562.1	33.511	188	695	29	158	710796	710233	5.25e-13	71.6
CDF87867.1	CM003562.1	84.858	317	325	8	324	702791	703741	0.0	563
CDF87867.1	CM003554.1	45.185	270	325	58	319	93024	92230	3.55e-72	241
CDF87868.1	CM003562.1	35.971	278	311	3	256	702466	701636	1.39e-51	181
CDF87869.1	CM003570.1	75.385	455	576	122	576	191457	190123	0.0	693
CDF87869.1	CM003567.1	39.407	236	576	368	571	30496	31197	5.75e-45	170
CDF87869.1	CM003567.1	27.982	218	576	155	340	30571	31203	2.15e-18	88.2
CDF87870.1	CM003570.1	42.748	131	203	1	118	189596	189204	2.22e-23	95.9
CDF87872.1	CM003570.1	69.118	408	422	3	410	185594	186805	0.0	603
CDF87872.1	CM003564.1	44.495	218	422	138	345	209224	209859	4.86e-48	175
CDF87872.1	CM003555.1	41.284	218	422	138	343	76779	77408	2.04e-46	170
CDF87873.1	CM003562.1	87.313	134	138	5	138	698996	699394	2.97e-78	249
CDF87874.1	CM003562.1	63.807	373	652	294	648	697535	696423	1.11e-134	435
CDF87874.1	CM003562.1	51.916	287	652	3	287	698582	697722	2.06e-85	292
CDF87875.1	CM003562.1	55.970	268	275	13	275	696133	695333	1.44e-98	315
CDF87876.1	CM003562.1	59.413	579	618	40	618	693505	695151	0.0	709
CDF87876.1	CM003570.1	50.000	614	618	10	618	183357	185150	0.0	610
CDF87877.1	CM003562.1	52.868	802	780	1	780	692710	690353	0.0	828
CDF87878.1	CM003570.1	69.767	43	65	1	43	182683	182555	3.88e-17	71.6
CDF87880.1	CM003562.1	53.533	368	369	1	364	689944	688898	1.49e-116	371
CDF87880.1	CM003570.1	41.623	382	369	1	369	178843	177764	6.62e-85	280
CDF87881.1	CM003562.1	36.184	152	372	1	149	688394	687942	4.08e-20	91.3
CDF87883.1	CM003562.1	73.554	121	127	1	121	687132	686770	9.61e-60	196
CDF87884.1	CM003570.1	46.515	617	556	1	556	173441	175276	2.79e-177	554
CDF87885.1	CM003570.1	60.501	919	946	1	905	170387	173071	0.0	1065
CDF87886.1	CM003562.1	50.485	206	189	12	189	686276	685680	2.38e-57	192
CDF87887.1	CM003570.1	68.670	233	257	34	257	169328	170026	2.10e-102	325
CDF87888.1	CM003562.1	81.696	448	543	96	543	684137	685477	0.0	775
CDF87888.1	CM003562.1	35.000	380	543	151	522	868496	867375	2.89e-54	197
CDF87888.1	CM003562.1	23.410	393	543	175	498	663058	664230	5.49e-19	90.1
CDF87888.1	CM003569.1	42.895	380	543	147	510	361417	360299	2.25e-83	282
CDF87888.1	CM003569.1	32.373	451	543	60	486	670033	671301	7.82e-45	169
CDF87888.1	CM003570.1	41.058	397	543	131	509	319633	318464	5.12e-82	278
CDF87888.1	CM003568.1	40.896	357	543	96	445	366466	365420	6.56e-74	254
CDF87888.1	CM003568.1	25.937	347	543	170	483	90439	89408	2.45e-27	116
CDF87888.1	CM003568.1	52.174	69	543	444	512	364439	364233	4.77e-16	80.5
CDF87888.1	CM003563.1	36.288	361	543	134	490	308847	309899	2.54e-67	235
CDF87888.1	CM003563.1	34.286	350	543	150	487	95310	94285	5.04e-47	176
CDF87889.1	CM003562.1	69.573	562	563	2	560	681878	683542	0.0	756
CDF87889.1	CM003568.1	35.337	549	563	15	501	53480	55096	6.35e-94	313
CDF87889.1	CM003560.1	27.579	475	563	47	502	1431861	1430473	1.37e-39	154
CDF87889.1	CM003565.1	26.306	555	563	33	561	545989	547632	6.19e-39	152
CDF87890.1	CM003562.1	83.254	209	244	36	244	680806	681432	1.64e-117	367
CDF87890.1	CM003570.1	82.775	209	244	36	244	168238	168864	4.52e-117	366
CDF87890.1	CM003568.1	42.262	168	244	78	237	166282	166785	3.51e-35	131
CDF87891.1	CM003570.1	62.658	158	265	16	173	166872	166399	2.36e-63	213
CDF87892.1	CM003562.1	28.831	385	342	11	339	677714	678850	2.34e-35	135
CDF87893.1	CM003562.1	49.005	402	538	11	314	676955	675753	2.01e-106	349
CDF87893.1	CM003563.1	33.333	144	538	104	240	24558	24145	2.74e-16	81.3
CDF87893.1	CM003569.1	42.157	102	538	80	181	498085	497813	3.16e-14	74.7
CDF87893.1	CM003564.1	30.000	130	538	103	229	33420	33061	3.38e-11	65.1
CDF87896.1	CM003562.1	94.262	122	122	1	122	670950	671315	4.03e-76	243
CDF87897.1	CM003562.1	56.250	192	176	2	176	670684	670109	1.50e-51	175
CDF87898.1	CM003570.1	88.146	329	359	31	359	160575	161561	0.0	622
CDF87898.1	CM003570.1	35.316	269	359	45	309	151461	150670	1.95e-44	162
CDF87898.1	CM003570.1	28.691	359	359	25	332	741210	742241	4.29e-44	161
CDF87898.1	CM003570.1	28.475	295	359	31	303	257466	256621	1.03e-35	137
CDF87898.1	CM003570.1	31.502	273	359	54	303	279749	278946	1.91e-35	136
CDF87898.1	CM003570.1	33.462	260	359	48	303	262131	262874	2.87e-34	132
CDF87898.1	CM003570.1	32.039	206	359	48	244	282221	281613	2.76e-26	109
CDF87898.1	CM003570.1	24.290	317	359	45	305	486057	485167	6.41e-17	81.3
CDF87898.1	CM003570.1	24.138	319	359	49	306	659520	660428	6.84e-15	75.1
CDF87898.1	CM003570.1	22.455	334	359	55	321	853865	852918	9.73e-12	65.1
CDF87898.1	CM003570.1	25.989	177	359	87	243	495014	494490	1.67e-11	64.3
CDF87898.1	CM003564.1	71.429	350	359	10	359	614249	615292	1.15e-175	540
CDF87898.1	CM003564.1	32.800	250	359	40	278	474785	474045	1.25e-33	130
CDF87898.1	CM003564.1	29.412	306	359	37	311	540276	541157	6.11e-21	93.2
CDF87898.1	CM003564.1	28.511	235	359	47	271	570047	570736	2.87e-19	88.2
CDF87898.1	CM003564.1	26.214	206	359	49	240	647333	647950	1.22e-14	74.3
CDF87898.1	CM003564.1	23.256	258	359	53	268	191334	190597	3.03e-12	66.6
CDF87898.1	CM003564.1	25.185	270	359	49	258	504030	503245	4.18e-12	66.2
CDF87898.1	CM003564.1	28.313	166	359	107	240	617604	618098	1.66e-11	64.3
CDF87898.1	CM003565.1	75.625	320	359	40	359	532660	533619	1.71e-171	528
CDF87898.1	CM003565.1	45.238	294	359	45	335	461482	460610	6.14e-77	256
CDF87898.1	CM003565.1	29.642	307	359	36	303	419098	418193	3.62e-41	153
CDF87898.1	CM003565.1	24.621	264	359	12	258	484471	483749	8.12e-18	84.0
CDF87898.1	CM003565.1	25.100	251	359	52	244	445893	446645	4.00e-17	81.6
CDF87898.1	CM003565.1	24.444	225	359	55	241	535920	536591	1.16e-14	74.3
CDF87898.1	CM003565.1	25.957	235	359	99	288	320216	320872	2.23e-13	70.1
CDF87898.1	CM003565.1	24.138	261	359	97	304	517424	518167	5.13e-12	66.2
CDF87898.1	CM003565.1	24.380	242	359	53	252	598550	599245	8.22e-12	65.5
CDF87898.1	CM003567.1	41.141	333	359	40	358	445306	444317	1.31e-74	249
CDF87898.1	CM003567.1	31.034	261	359	9	264	253734	252970	8.66e-35	134
CDF87898.1	CM003567.1	27.907	301	359	18	256	824482	825375	6.27e-22	96.3
CDF87898.1	CM003567.1	27.885	208	359	49	240	517542	518135	2.02e-11	64.3
CDF87898.1	CM003563.1	43.854	301	359	41	335	26975	26079	9.63e-73	244
CDF87898.1	CM003563.1	30.337	267	359	9	265	221110	220355	1.20e-30	122
CDF87898.1	CM003563.1	30.049	203	359	52	251	443200	443796	1.75e-26	109
CDF87898.1	CM003563.1	21.849	238	359	47	258	368626	369306	5.56e-15	75.1
CDF87898.1	CM003563.1	27.612	134	359	123	244	266558	266956	7.29e-11	62.4
CDF87899.1	CM003570.1	76.096	502	481	1	481	158441	159922	0.0	738
CDF87899.1	CM003568.1	53.925	293	481	5	293	435270	436142	5.96e-97	319
CDF87899.1	CM003563.1	53.242	293	481	5	293	163530	164402	2.15e-96	317
CDF87899.1	CM003555.1	47.853	326	481	5	293	405054	406031	1.59e-87	292
CDF87899.1	CM003564.1	25.792	221	481	12	219	474749	474123	8.03e-13	69.7
CDF87901.1	CM003562.1	55.319	376	379	4	373	669677	668556	2.12e-139	437
CDF87902.1	CM003570.1	60.125	321	315	1	315	157762	156800	1.36e-133	417
CDF87903.1	CM003562.1	48.333	660	580	7	580	668138	666198	5.21e-141	451
CDF87904.1	CM003562.1	60.624	513	538	20	531	664455	665984	0.0	637
CDF87906.1	CM003570.1	63.728	794	834	50	799	154086	156443	0.0	1032
CDF87907.1	CM003570.1	42.393	585	574	4	572	152019	153752	5.31e-145	462
CDF87907.1	CM003563.1	28.759	532	574	11	511	511126	509642	1.48e-40	157
CDF87909.1	CM003558.1	37.269	271	279	41	245	349508	348705	6.00e-46	159
CDF87909.1	CM003558.1	51.351	37	279	4	38	349633	349523	6.00e-46	42.0
CDF87911.1	CM003560.1	78.797	316	314	5	312	978774	977827	2.74e-175	536
CDF87912.1	CM003560.1	86.364	110	110	1	110	977139	977468	2.07e-65	211
CDF87913.1	CM003562.1	41.270	567	484	1	484	253045	251366	1.35e-118	382
CDF87914.1	CM003562.1	66.087	115	125	11	125	250747	250406	1.76e-44	152
CDF87916.1	CM003564.1	43.820	267	1165	907	1165	326001	326801	6.55e-70	257
CDF87917.1	CM003562.1	53.117	401	400	3	394	247675	248850	3.54e-139	437
CDF87917.1	CM003569.1	32.668	401	400	4	395	881746	882828	1.04e-53	191
CDF87917.1	CM003560.1	42.073	164	400	11	173	1128008	1128442	2.08e-50	127
CDF87917.1	CM003560.1	29.545	220	400	170	378	1128430	1128999	2.08e-50	89.4
CDF87918.1	CM003564.1	33.463	257	329	78	311	327598	328368	1.11e-42	156
CDF87919.1	CM003562.1	51.852	81	91	1	81	246895	247137	1.72e-16	71.2
CDF87920.1	CM003560.1	50.360	556	506	5	506	461473	459857	1.05e-144	458
CDF87921.1	CM003563.1	39.612	361	330	2	330	360918	361949	1.00e-61	211
CDF87922.1	CM003560.1	77.197	421	416	2	415	458312	459574	0.0	686
CDF87922.1	CM003563.1	65.877	422	416	1	416	363364	362099	0.0	584
CDF87923.1	CM003560.1	62.051	1365	1339	1	1338	457733	453672	0.0	1800
CDF87924.1	CM003560.1	67.157	204	215	15	215	453309	452698	9.61e-88	281
CDF87926.1	CM003560.1	44.740	903	810	3	810	449696	452353	0.0	707
CDF87926.1	CM003563.1	25.189	925	810	3	810	319809	322457	1.84e-52	197
CDF87927.1	CM003560.1	66.038	212	208	7	208	448567	449202	1.05e-88	283
CDF87927.1	CM003560.1	56.442	163	208	27	189	729109	729591	8.59e-55	186
CDF87927.1	CM003563.1	57.576	198	208	1	188	318800	319393	1.17e-74	243
CDF87927.1	CM003567.1	54.545	165	208	25	189	105451	105939	6.19e-49	169
CDF87927.1	CM003566.1	47.668	193	208	28	201	560313	559735	2.71e-48	167
CDF87927.1	CM003564.1	39.091	220	208	16	204	246035	245397	3.45e-32	121
CDF87928.1	CM003563.1	51.515	297	263	3	263	317768	318643	1.25e-84	274
CDF87929.1	CM003563.1	51.163	129	123	1	121	317535	317149	5.27e-40	139
CDF87930.1	CM003560.1	52.083	192	190	13	183	447749	448324	7.75e-62	205
CDF87931.1	CM003560.1	63.115	366	399	54	399	446250	447347	1.09e-155	484
CDF87932.1	CM003560.1	33.283	664	660	22	641	445202	443235	2.44e-101	339
CDF87932.1	CM003560.1	27.009	585	660	118	660	1226169	1224472	1.93e-42	164
CDF87932.1	CM003560.1	24.460	695	660	20	660	1229348	1227309	4.52e-40	157
CDF87932.1	CM003557.1	26.387	595	660	115	658	95136	93421	8.30e-27	115
CDF87932.1	CM003569.1	25.595	504	660	190	659	168503	167043	2.92e-26	114
CDF87932.1	CM003562.1	24.490	392	660	115	471	185643	184525	7.60e-14	73.9
CDF87932.1	CM003564.1	22.622	473	660	194	640	37714	39102	1.61e-12	69.7
CDF87933.1	CM003560.1	72.857	140	144	1	140	442636	443055	1.17e-58	194
CDF87934.1	CM003563.1	46.012	163	157	4	155	316879	316391	3.61e-37	133
CDF87935.1	CM003560.1	34.426	366	368	4	318	440933	442018	3.85e-43	159
CDF87935.1	CM003563.1	32.370	346	368	4	325	315197	316096	2.00e-26	110
CDF87936.1	CM003563.1	64.138	290	280	1	275	313883	314752	9.74e-111	350
CDF87937.1	CM003560.1	50.093	537	949	471	917	438386	439969	7.17e-156	508
CDF87938.1	CM003563.1	59.030	371	371	1	368	312472	313584	5.20e-150	467
CDF87939.1	CM003563.1	73.247	542	542	1	542	310500	312113	0.0	824
CDF87939.1	CM003555.1	29.978	457	542	3	455	364809	366140	4.09e-58	208
CDF87939.1	CM003555.1	25.967	543	542	5	534	94974	96428	1.37e-33	135
CDF87939.1	CM003566.1	30.652	460	542	3	455	82855	81527	5.18e-57	205
CDF87939.1	CM003566.1	25.726	482	542	1	458	847194	848570	1.05e-34	138
CDF87939.1	CM003557.1	30.435	460	542	3	455	128458	127130	1.90e-56	203
CDF87939.1	CM003564.1	29.847	459	542	5	457	344258	342936	3.12e-56	202
CDF87939.1	CM003564.1	27.137	468	542	5	458	215573	216892	4.12e-35	140
CDF87940.1	CM003560.1	64.929	633	622	1	604	436047	434152	0.0	822
CDF87941.1	CM003563.1	78.812	505	496	1	495	308598	310103	0.0	808
CDF87941.1	CM003563.1	42.233	412	496	75	471	95370	94138	5.76e-88	294
CDF87941.1	CM003566.1	39.674	368	496	66	422	117841	118935	2.57e-76	260
CDF87941.1	CM003566.1	31.905	420	496	70	420	679047	677806	5.54e-46	171
CDF87941.1	CM003567.1	37.592	407	496	35	428	823435	822218	7.99e-74	253
CDF87941.1	CM003569.1	36.272	397	496	57	435	361522	360335	3.04e-71	245
CDF87941.1	CM003569.1	33.570	423	496	16	420	670084	671292	2.03e-51	187
CDF87941.1	CM003570.1	35.903	454	496	51	480	319693	318356	4.09e-69	239
CDF87942.1	CM003563.1	66.106	416	424	1	388	308304	307060	3.31e-176	545
CDF87942.1	CM003560.1	66.106	416	424	1	387	433531	432287	3.72e-176	545
CDF87943.1	CM003560.1	43.878	294	283	1	283	431033	431890	6.98e-80	261
CDF87944.1	CM003560.1	46.609	693	648	1	645	428600	430648	2.87e-180	566
CDF87945.1	CM003563.1	36.299	281	266	2	264	306669	305833	1.88e-58	199
CDF87946.1	CM003560.1	43.369	279	275	1	272	427525	428358	1.27e-70	234
CDF87947.1	CM003563.1	82.292	384	387	1	384	305506	304355	0.0	689
CDF87948.1	CM003560.1	62.000	450	446	1	436	427318	426014	0.0	572
CDF87949.1	CM003563.1	76.087	368	359	1	359	302981	304057	0.0	566
CDF87950.1	CM003563.1	62.124	499	484	1	481	302759	301263	0.0	627
CDF87951.1	CM003563.1	40.237	169	192	22	185	300550	300059	5.32e-35	128
CDF87952.1	CM003565.1	63.218	174	171	2	171	360898	360377	1.20e-69	227
CDF87953.1	CM003567.1	43.069	202	204	1	200	350459	351064	1.43e-45	159
CDF87954.1	CM003567.1	48.613	757	778	32	760	353502	351280	0.0	677
CDF87954.1	CM003565.1	44.935	770	778	32	777	368592	366343	0.0	645
CDF87955.1	CM003567.1	65.625	896	877	1	877	354174	356843	0.0	1210
CDF87955.1	CM003569.1	47.587	891	877	4	873	254258	256714	0.0	803
CDF87956.1	CM003565.1	47.002	834	896	1	825	371786	369339	0.0	766
CDF87956.1	CM003555.1	23.946	664	896	21	669	364806	366572	7.84e-35	143
CDF87956.1	CM003555.1	24.632	544	896	23	556	94971	96479	1.98e-21	99.8
CDF87956.1	CM003566.1	25.045	555	896	20	563	82861	81317	1.46e-34	142
CDF87956.1	CM003566.1	25.603	539	896	24	548	847206	848726	1.41e-23	106
CDF87956.1	CM003557.1	24.729	554	896	21	563	128461	126920	6.60e-34	140
CDF87956.1	CM003558.1	24.957	581	896	9	563	78346	76739	8.97e-34	139
CDF87956.1	CM003558.1	27.244	312	896	174	474	555574	554696	1.70e-21	99.8
CDF87957.1	CM003565.1	32.030	537	502	6	498	372029	373582	3.31e-58	207
CDF87958.1	CM003558.1	74.667	300	299	2	299	155783	154887	1.12e-149	462
CDF87958.1	CM003558.1	72.667	300	299	2	299	395989	396885	4.65e-147	455
CDF87958.1	CM003558.1	25.249	301	299	4	293	764083	763220	4.96e-13	68.2
CDF87958.1	CM003558.1	22.857	315	299	4	295	587832	588713	1.86e-11	63.5
CDF87958.1	CM003567.1	75.000	296	299	2	295	359092	358205	1.49e-147	456
CDF87958.1	CM003570.1	29.333	300	299	1	282	577105	576224	4.86e-30	118
CDF87958.1	CM003570.1	23.427	286	299	4	281	594883	594065	4.20e-18	83.6
CDF87958.1	CM003570.1	21.254	287	299	5	283	293294	292455	1.66e-16	78.6
CDF87958.1	CM003563.1	25.325	308	299	10	275	430341	429445	2.00e-21	93.2
CDF87958.1	CM003555.1	27.208	283	299	12	282	144720	145541	8.47e-19	85.5
CDF87958.1	CM003555.1	28.804	184	299	116	291	144717	145259	9.99e-14	70.5
CDF87959.1	CM003567.1	62.736	636	646	2	635	359704	361587	0.0	832
CDF87959.1	CM003561.1	46.795	624	646	9	614	213892	212057	8.49e-179	562
CDF87959.1	CM003560.1	27.190	548	646	36	512	71347	72900	7.50e-42	162
CDF87960.1	CM003565.1	61.486	444	438	12	438	373962	375257	2.28e-167	520
CDF87961.1	CM003565.1	61.995	371	395	20	390	376706	375597	9.98e-147	459
CDF87962.1	CM003567.1	40.741	324	310	7	310	363364	362396	7.11e-72	239
CDF87963.1	CM003567.1	64.286	672	651	1	649	363615	365624	0.0	903
CDF87964.1	CM003567.1	76.417	441	436	1	436	367238	365916	0.0	692
CDF87965.1	CM003560.1	67.358	530	598	4	530	24295	22706	0.0	768
CDF87965.1	CM003560.1	29.921	508	598	20	502	1509065	1510522	2.84e-51	189
CDF87965.1	CM003560.1	29.207	517	598	33	531	371334	372800	4.61e-47	177
CDF87965.1	CM003560.1	29.167	504	598	33	521	362593	364056	1.60e-46	175
CDF87965.1	CM003560.1	29.014	517	598	33	531	365942	367408	4.62e-46	174
CDF87965.1	CM003560.1	28.753	473	598	33	494	1404429	1403041	2.32e-45	172
CDF87965.1	CM003560.1	29.274	468	598	33	487	1302749	1301379	2.10e-42	163
CDF87965.1	CM003560.1	25.208	480	598	29	484	87623	88999	1.01e-28	121
CDF87965.1	CM003560.1	24.528	530	598	34	499	283286	284815	6.25e-26	112
CDF87965.1	CM003560.1	23.404	470	598	26	481	1413318	1414658	6.57e-24	106
CDF87965.1	CM003560.1	23.355	471	598	42	484	1515949	1514603	4.95e-14	74.3
CDF87965.1	CM003568.1	29.423	537	598	20	531	13931	12417	4.36e-54	198
CDF87965.1	CM003568.1	27.235	481	598	33	484	740687	742102	1.14e-39	154
CDF87965.1	CM003555.1	29.609	537	598	20	531	23350	21836	4.82e-54	198
CDF87965.1	CM003566.1	29.735	491	598	32	502	270139	271554	2.78e-51	189
CDF87965.1	CM003567.1	31.288	489	598	33	503	270995	272410	6.57e-50	186
CDF87966.1	CM003560.1	63.585	530	659	100	629	24280	22691	0.0	729
CDF87966.1	CM003560.1	28.222	613	659	1	596	1508909	1510522	7.23e-53	196
CDF87966.1	CM003560.1	28.834	489	659	126	596	371331	372746	3.06e-46	176
CDF87966.1	CM003560.1	28.630	489	659	126	596	365939	367354	3.75e-45	172
CDF87966.1	CM003560.1	25.285	526	659	121	634	1404444	1402912	4.35e-43	166
CDF87966.1	CM003560.1	27.475	495	659	117	596	362572	364005	5.85e-42	163
CDF87966.1	CM003560.1	27.406	478	659	130	581	1302734	1301379	4.75e-40	157
CDF87966.1	CM003560.1	26.305	479	659	125	578	87638	88999	4.66e-34	138
CDF87966.1	CM003560.1	23.044	473	659	117	575	1413318	1414658	3.49e-20	94.7
CDF87966.1	CM003560.1	23.355	471	659	133	578	1515949	1514603	6.64e-20	93.6
CDF87966.1	CM003560.1	27.347	245	659	125	362	283286	283963	2.68e-16	82.0
CDF87966.1	CM003568.1	29.131	587	659	30	596	14072	12474	2.61e-56	206
CDF87966.1	CM003568.1	24.394	578	659	46	585	740414	742123	3.37e-37	148
CDF87966.1	CM003555.1	30.074	542	659	75	596	23425	21893	3.32e-56	206
CDF87966.1	CM003566.1	28.729	543	659	70	596	269986	271554	1.47e-52	195
CDF87966.1	CM003567.1	28.302	530	659	86	597	270917	272410	1.57e-49	186
CDF87967.1	CM003565.1	56.193	662	683	39	682	379134	377224	0.0	758
CDF87967.1	CM003565.1	35.312	674	683	40	682	68071	66194	1.09e-108	361
CDF87967.1	CM003562.1	38.973	662	683	40	682	761815	763692	1.34e-134	436
CDF87967.1	CM003555.1	36.141	653	683	39	682	180520	182349	3.78e-128	417
CDF87967.1	CM003568.1	37.009	662	683	40	673	140432	142300	3.27e-120	394
CDF87967.1	CM003566.1	29.680	593	683	40	567	941840	943546	2.20e-65	234
CDF87968.1	CM003567.1	42.918	233	229	11	229	367967	368653	3.08e-47	165
CDF87968.1	CM003569.1	30.588	170	229	14	173	796977	796486	2.32e-12	64.7
CDF87969.1	CM003567.1	34.320	507	509	8	504	370585	372066	1.49e-93	310
CDF87970.1	CM003565.1	31.797	651	660	15	641	381547	379682	4.68e-87	297
CDF87970.1	CM003558.1	27.536	414	660	70	442	94019	95173	3.41e-34	139
CDF87970.1	CM003570.1	25.526	333	660	69	358	252679	251690	4.97e-26	113
CDF87970.1	CM003570.1	26.611	357	660	20	357	803581	804582	1.05e-20	96.3
CDF87970.1	CM003562.1	26.299	308	660	69	371	965410	964517	7.39e-25	109
CDF87970.1	CM003555.1	28.533	368	660	184	523	38878	37853	5.26e-19	90.9
CDF87970.1	CM003555.1	28.704	108	660	69	168	39550	39236	1.54e-11	66.6
CDF87971.1	CM003565.1	78.827	392	392	1	392	383185	382010	0.0	666
CDF87972.1	CM003570.1	57.831	415	409	1	409	457513	458757	9.35e-154	479
CDF87972.1	CM003565.1	59.538	346	409	69	409	384798	383761	1.08e-128	407
CDF87972.1	CM003562.1	36.232	207	409	13	215	180449	181069	2.85e-36	140
CDF87973.1	CM003565.1	55.120	459	447	1	441	385884	387155	7.76e-123	392
CDF87974.1	CM003567.1	35.138	905	879	11	877	372439	375078	6.81e-157	508
CDF87975.1	CM003567.1	40.000	435	413	1	413	376432	375185	4.98e-79	265
CDF87976.1	CM003567.1	49.537	432	399	1	390	377161	378414	2.85e-115	369
CDF87977.1	CM003565.1	58.879	107	109	7	109	387689	387375	5.54e-39	136
CDF87978.1	CM003565.1	79.154	331	333	1	330	389089	388097	2.96e-168	517
CDF87978.1	CM003560.1	48.387	341	333	15	330	1200078	1201094	2.78e-81	268
CDF87978.1	CM003569.1	41.274	361	333	19	330	997223	998290	2.78e-65	221
CDF87979.1	CM003565.1	60.317	126	127	1	123	389931	389557	2.71e-44	152
CDF87980.1	CM003563.1	74.843	477	466	1	466	424349	425764	0.0	726
CDF87980.1	CM003555.1	41.702	235	466	234	466	196047	196748	5.84e-56	199
CDF87980.1	CM003555.1	42.268	97	466	3	98	195651	195938	5.82e-12	67.0
CDF87981.1	CM003565.1	61.574	216	260	59	260	390373	391020	2.15e-86	279
CDF87981.1	CM003557.1	35.294	187	260	98	258	56368	55814	8.15e-22	93.2
CDF87982.1	CM003563.1	80.000	95	95	1	95	423366	423644	2.32e-48	162
CDF87983.1	CM003565.1	69.286	280	452	130	401	392228	391404	4.14e-126	402
CDF87983.1	CM003565.1	38.710	248	452	178	385	91635	92354	1.51e-53	192
CDF87983.1	CM003569.1	51.145	131	452	256	385	657359	657751	1.48e-42	160
CDF87983.1	CM003569.1	41.772	79	452	175	253	656861	657076	9.39e-12	66.2
CDF87985.1	CM003565.1	38.988	336	384	4	330	247093	248049	1.16e-64	222
CDF87985.1	CM003554.1	28.954	373	384	4	359	44361	43318	1.10e-25	108
CDF87986.1	CM003554.1	75.449	167	167	1	167	42925	42425	1.47e-84	269
CDF87987.1	CM003565.1	50.853	586	567	5	567	249990	248245	0.0	577
CDF87988.1	CM003565.1	92.982	171	171	1	171	250280	250792	8.90e-105	327
CDF87989.1	CM003554.1	63.556	568	1032	299	855	41621	39924	0.0	750
CDF87990.1	CM003554.1	31.707	205	225	24	225	38729	39271	2.85e-15	73.2
CDF87991.1	CM003565.1	36.680	1783	1681	9	1679	251408	256675	0.0	1074
CDF87992.1	CM003565.1	53.530	779	826	158	823	259143	256828	0.0	783
CDF87992.1	CM003565.1	47.222	108	826	29	129	259713	259393	2.32e-23	105
CDF87992.1	CM003560.1	23.125	320	826	328	646	910899	911795	4.13e-11	65.9
CDF87992.1	CM003560.1	23.125	320	826	328	646	927823	928719	4.13e-11	65.9
CDF87993.1	CM003565.1	72.989	174	174	1	174	260317	260838	4.70e-86	274
CDF87994.1	CM003570.1	65.583	369	369	1	369	907019	908125	4.53e-158	490
CDF87996.1	CM003554.1	70.513	234	274	41	274	17599	18300	1.40e-103	329
CDF87997.1	CM003564.1	57.277	639	663	15	630	709488	711293	0.0	611
CDF87997.1	CM003566.1	30.000	320	663	331	612	35547	36497	4.70e-38	151
CDF87998.1	CM003564.1	85.787	591	591	1	591	708812	707040	0.0	1031
CDF87998.1	CM003567.1	44.444	603	591	1	588	127836	129584	1.14e-147	470
CDF87999.1	CM003570.1	51.597	595	627	40	627	17170	15419	0.0	619
CDF87999.1	CM003569.1	51.597	595	627	40	627	17017	15266	0.0	619
CDF87999.1	CM003567.1	52.403	437	627	40	470	898827	900104	1.73e-165	446
CDF87999.1	CM003567.1	49.650	143	627	486	627	900088	900516	1.73e-165	155
CDF88000.1	CM003570.1	62.059	340	338	1	335	381755	382768	7.39e-144	447
CDF88000.1	CM003564.1	30.841	321	338	18	329	716833	717756	4.02e-34	131
CDF88000.1	CM003564.1	31.722	331	338	11	329	10570	9626	7.99e-33	127
CDF88000.1	CM003568.1	30.395	329	338	11	329	763654	764598	1.21e-33	130
CDF88000.1	CM003560.1	30.699	329	338	11	329	1503634	1504578	1.22e-32	127
CDF88000.1	CM003559.1	28.909	339	338	2	329	2635	1658	5.96e-30	119
CDF88001.1	CM003559.1	47.356	832	822	1	819	5586	3112	0.0	723
CDF88001.1	CM003566.1	30.202	841	822	2	814	20128	17636	1.83e-117	392
CDF88002.1	CM003569.1	64.052	153	150	1	150	31588	31130	4.23e-34	124
CDF88008.1	CM003566.1	61.497	374	406	30	403	11821	10700	1.73e-161	501
CDF88009.1	CM003563.1	36.765	340	319	1	319	158458	159423	7.37e-47	168
CDF88009.1	CM003568.1	37.762	286	319	41	319	443578	442730	7.78e-44	159
CDF88012.1	CM003562.1	47.860	514	519	2	504	189469	190998	3.55e-153	483
CDF88012.1	CM003564.1	46.495	428	519	103	515	262606	261341	8.83e-116	375
CDF88014.1	CM003558.1	65.291	533	582	50	581	766384	767970	0.0	654
CDF88014.1	CM003567.1	28.200	461	582	57	491	415882	414557	4.03e-43	165
CDF88014.1	CM003570.1	22.880	507	582	89	554	921577	923043	1.81e-18	88.6
CDF88014.1	CM003559.1	24.480	433	582	46	446	299737	298466	9.96e-18	86.3
CDF88014.1	CM003565.1	24.249	433	582	46	446	9006	10277	1.72e-17	85.5
CDF88015.1	CM003564.1	79.430	491	555	37	527	715116	713644	0.0	827
CDF88015.1	CM003555.1	35.000	500	555	43	527	33491	32010	1.35e-84	286
CDF88015.1	CM003568.1	32.710	535	555	4	526	641588	640005	2.26e-84	285
CDF88015.1	CM003568.1	35.569	492	555	43	518	642882	644348	5.21e-79	270
CDF88015.1	CM003565.1	34.008	494	555	40	519	153383	151905	1.11e-80	275
CDF88015.1	CM003562.1	33.594	512	555	25	516	202943	201441	1.73e-79	271
CDF88017.1	CM003553.1	41.410	553	550	8	550	282360	284006	3.41e-138	441
CDF88017.1	CM003560.1	24.224	483	550	15	494	916600	917940	1.38e-33	135
CDF88017.1	CM003560.1	24.224	483	550	15	494	933523	934863	1.38e-33	135
CDF88017.1	CM003562.1	20.964	477	550	78	550	71222	69861	1.29e-25	110
CDF88017.1	CM003562.1	19.348	491	550	54	524	446867	448300	1.11e-15	79.3
CDF88017.1	CM003566.1	22.103	561	550	10	550	145201	143618	9.57e-22	99.0
CDF88017.1	CM003557.1	20.734	545	550	8	525	9184	7622	3.96e-19	90.5
CDF88018.1	CM003566.1	27.990	393	397	35	395	1037546	1036434	1.46e-20	92.8
CDF88018.1	CM003559.1	27.735	393	397	35	395	11066	12178	3.25e-20	92.0
CDF88018.1	CM003568.1	28.692	237	397	32	255	406761	407447	1.06e-17	84.3
CDF88018.1	CM003558.1	26.592	267	397	33	295	311450	310728	2.48e-11	64.3
CDF88020.1	CM003563.1	29.934	304	540	138	437	83149	82310	6.92e-27	114
CDF88021.1	CM003563.1	35.825	709	717	2	705	458691	460736	4.79e-132	430
CDF88022.1	CM003553.1	51.792	558	567	15	567	277513	275954	0.0	577
CDF88023.1	CM003560.1	59.302	344	343	2	343	11680	12702	8.76e-133	416
CDF88023.1	CM003569.1	57.849	344	343	1	343	1036388	1035363	4.59e-131	411
CDF88023.1	CM003562.1	53.869	336	343	3	336	836359	835358	6.02e-116	368
CDF88023.1	CM003562.1	52.047	342	343	3	342	624795	623776	3.45e-110	351
CDF88024.1	CM003562.1	58.524	393	398	6	398	1030456	1029353	2.89e-152	474
CDF88024.1	CM003566.1	31.308	428	398	24	398	383722	382478	3.09e-59	207
CDF88026.1	CM003568.1	58.514	323	316	5	316	62456	63388	4.16e-103	330
CDF88027.1	CM003568.1	78.309	272	506	1	272	63635	64450	1.62e-144	457
CDF88027.1	CM003568.1	89.340	197	506	271	467	64975	65565	5.25e-118	381
CDF88027.1	CM003555.1	31.987	297	506	207	468	163459	164346	1.09e-35	140
CDF88027.1	CM003562.1	30.814	172	506	316	474	729851	729336	4.45e-18	86.7
CDF88028.1	CM003568.1	57.500	440	417	1	417	66098	67393	1.53e-152	476
CDF88029.1	CM003568.1	61.039	154	413	1	153	68416	68877	1.72e-59	208
CDF88029.1	CM003568.1	50.532	188	413	236	413	69400	69960	3.53e-43	160
CDF88030.1	CM003559.1	51.913	366	350	1	350	28058	29143	6.24e-114	362
CDF88031.1	CM003568.1	81.614	446	446	1	446	71355	72692	0.0	767
CDF88032.1	CM003568.1	43.396	212	215	1	208	73100	73702	4.29e-31	118
CDF88033.1	CM003559.1	63.612	371	393	24	393	30494	29382	3.54e-168	520
CDF88033.1	CM003568.1	59.030	371	393	22	391	75053	73941	2.46e-154	480
CDF88033.1	CM003568.1	39.011	364	393	22	372	748738	747650	1.15e-80	268
CDF88034.1	CM003559.1	60.535	2093	2071	7	2070	37163	30909	0.0	2523
CDF88035.1	CM003559.1	51.859	1022	1006	1	1001	37496	40543	0.0	1040
CDF88035.1	CM003560.1	25.530	944	1006	85	963	848589	851246	1.17e-61	229
CDF88035.1	CM003560.1	32.432	185	1006	719	892	1336360	1335806	4.90e-34	117
CDF88035.1	CM003560.1	36.508	63	1006	900	960	1335746	1335558	4.90e-34	45.8
CDF88035.1	CM003563.1	24.526	950	1006	109	959	187869	185200	1.53e-44	175
CDF88035.1	CM003561.1	26.238	606	1006	400	971	126332	128020	3.18e-34	141
CDF88036.1	CM003568.1	56.020	789	840	97	840	77762	75540	0.0	807
CDF88036.1	CM003568.1	37.791	344	840	442	743	446687	445665	3.50e-65	237
CDF88036.1	CM003568.1	25.000	320	840	370	663	710444	709596	1.80e-19	93.2
CDF88036.1	CM003568.1	26.073	303	840	442	727	105083	105973	4.66e-19	91.7
CDF88036.1	CM003568.1	26.667	225	840	456	673	486202	486813	6.41e-14	75.1
CDF88036.1	CM003559.1	67.241	464	840	378	839	42129	40771	0.0	645
CDF88036.1	CM003559.1	28.231	294	840	448	727	229988	229200	1.50e-28	122
CDF88036.1	CM003559.1	27.184	309	840	442	743	73779	74669	1.61e-21	99.8
CDF88036.1	CM003559.1	30.380	237	840	447	672	187095	186442	2.09e-17	86.3
CDF88036.1	CM003564.1	31.900	442	840	361	796	614129	615292	3.45e-59	219
CDF88036.1	CM003564.1	29.963	267	840	418	676	540243	540953	5.89e-20	94.7
CDF88036.1	CM003564.1	26.199	271	840	441	694	474761	474027	1.17e-16	84.0
CDF88036.1	CM003564.1	23.755	261	840	447	699	570068	570769	3.43e-14	75.9
CDF88036.1	CM003564.1	24.296	284	840	422	677	504027	503245	1.48e-12	70.5
CDF88036.1	CM003565.1	38.889	306	840	442	744	461470	460634	1.98e-58	216
CDF88036.1	CM003565.1	37.419	310	840	436	738	532669	533514	1.08e-57	214
CDF88036.1	CM003565.1	22.989	435	840	410	783	419146	417941	9.01e-24	107
CDF88036.1	CM003565.1	30.279	251	840	489	708	320171	320869	8.54e-14	74.7
CDF88036.1	CM003565.1	26.446	242	840	440	677	484393	483749	4.67e-13	72.0
CDF88036.1	CM003565.1	25.076	331	840	375	663	445719	446645	1.81e-12	70.1
CDF88036.1	CM003567.1	39.145	304	840	442	742	445276	444446	4.77e-58	215
CDF88036.1	CM003567.1	27.273	308	840	435	740	253650	252835	1.38e-31	132
CDF88036.1	CM003567.1	27.037	270	840	448	672	824596	825366	2.36e-18	89.4
CDF88036.1	CM003567.1	26.316	247	840	441	677	517539	518189	9.72e-12	67.8
CDF88037.1	CM003568.1	70.370	135	133	1	133	78953	78549	3.49e-60	197
CDF88038.1	CM003568.1	35.608	469	427	9	420	80554	79157	1.81e-77	261
CDF88039.1	CM003559.1	53.039	181	181	2	181	44453	44992	9.58e-57	190
CDF88041.1	CM003559.1	58.382	346	668	1	340	52243	51242	6.91e-104	347
CDF88041.1	CM003559.1	43.346	263	668	426	666	51205	50474	1.56e-28	121
CDF88043.1	CM003559.1	86.154	65	195	1	65	52844	53038	2.58e-35	129
CDF88044.1	CM003559.1	51.099	182	177	1	168	53904	53359	4.96e-59	197
CDF88045.1	CM003559.1	64.216	721	678	1	661	54845	56977	0.0	850
CDF88045.1	CM003559.1	28.105	306	678	394	658	75470	76330	8.04e-20	93.6
CDF88045.1	CM003559.1	35.455	110	678	395	503	76121	76447	2.71e-14	75.5
CDF88045.1	CM003559.1	27.500	160	678	397	554	95082	95540	4.01e-14	75.1
CDF88045.1	CM003559.1	23.711	291	678	407	658	75383	76204	6.51e-14	74.3
CDF88045.1	CM003559.1	24.390	246	678	317	552	75737	76447	2.56e-13	72.4
CDF88045.1	CM003559.1	27.189	217	678	430	643	75323	75925	1.01e-11	67.4
CDF88045.1	CM003558.1	31.395	172	678	395	564	596774	596283	1.35e-22	102
CDF88045.1	CM003558.1	24.731	279	678	400	659	597062	596307	1.58e-19	92.4
CDF88045.1	CM003558.1	25.714	245	678	398	628	562580	563278	9.07e-16	80.5
CDF88045.1	CM003570.1	33.537	164	678	395	553	880902	881369	1.71e-20	95.9
CDF88045.1	CM003570.1	26.484	219	678	395	608	880776	881369	3.77e-17	84.7
CDF88045.1	CM003570.1	26.452	310	678	394	656	260941	260081	1.56e-14	76.3
CDF88045.1	CM003561.1	29.646	226	678	399	608	145404	144769	4.60e-20	94.4
CDF88045.1	CM003561.1	26.238	202	678	395	578	144966	144394	1.72e-12	69.7
CDF88045.1	CM003566.1	25.267	281	678	394	656	380632	381393	1.25e-19	92.8
CDF88045.1	CM003566.1	26.168	214	678	405	607	567533	566955	3.01e-14	75.5
CDF88045.1	CM003566.1	23.418	158	678	395	552	567407	566955	6.54e-12	67.8
CDF88045.1	CM003566.1	29.167	168	678	407	553	967365	967847	7.95e-12	67.4
CDF88046.1	CM003568.1	74.688	320	364	45	364	85214	86173	1.50e-162	503
CDF88047.1	CM003568.1	33.735	249	271	2	248	86988	86299	9.09e-43	154
CDF88048.1	CM003559.1	57.500	120	121	1	119	57700	57341	2.03e-42	146
CDF88048.1	CM003566.1	46.535	101	121	20	120	211741	211439	5.47e-28	105
CDF88048.1	CM003562.1	41.176	119	121	3	120	170345	170689	7.66e-27	102
CDF88049.1	CM003559.1	39.844	128	124	1	124	58412	58029	4.36e-27	103
CDF88050.1	CM003564.1	40.204	587	580	25	577	645100	643361	7.97e-143	456
CDF88050.1	CM003558.1	37.333	525	580	66	575	249209	247680	2.96e-118	385
CDF88051.1	CM003559.1	47.614	922	878	1	877	140770	143379	0.0	779
CDF88052.1	CM003564.1	32.389	247	230	35	224	642417	643151	3.93e-18	81.6
CDF88053.1	CM003559.1	74.118	85	129	1	85	143768	144022	7.00e-41	142
CDF88053.1	CM003559.1	54.795	73	129	60	129	144022	144240	4.54e-17	74.7
CDF88054.1	CM003564.1	58.120	117	115	4	112	641804	641457	3.67e-33	120
CDF88055.1	CM003559.1	69.775	311	511	15	325	144799	145731	0.0	471
CDF88055.1	CM003559.1	67.296	159	511	325	483	145728	146204	0.0	236
CDF88055.1	CM003557.1	29.327	416	511	36	443	8941	7730	8.85e-51	186
CDF88055.1	CM003562.1	27.105	487	511	36	504	446972	448366	5.57e-41	157
CDF88055.1	CM003562.1	21.193	486	511	36	496	71219	69876	4.45e-18	86.7
CDF88055.1	CM003560.1	28.125	256	511	34	285	916735	917469	2.60e-22	100
CDF88055.1	CM003560.1	28.125	256	511	34	285	933658	934392	2.60e-22	100
CDF88055.1	CM003564.1	25.000	232	511	29	252	17912	17226	7.57e-13	70.1
CDF88056.1	CM003564.1	50.820	427	419	6	419	641193	639928	2.65e-141	444
CDF88057.1	CM003564.1	32.528	704	852	16	699	250910	252925	7.68e-94	323
CDF88057.1	CM003564.1	28.242	347	852	91	428	639383	638418	1.12e-35	145
CDF88058.1	CM003564.1	55.247	324	322	1	321	636699	637670	5.56e-108	344
CDF88059.1	CM003564.1	62.963	108	111	3	110	636469	636146	5.14e-45	153
CDF88060.1	CM003564.1	46.923	260	262	13	262	635198	635974	3.58e-77	253
CDF88062.1	CM003553.1	82.828	99	129	14	112	64552	64848	3.39e-51	172
CDF88062.1	CM003555.1	82.292	96	129	14	109	270029	269742	1.62e-49	167
CDF88063.1	CM003555.1	68.110	508	511	11	511	268313	266796	0.0	715
CDF88063.1	CM003555.1	64.612	503	511	11	511	274930	276432	0.0	682
CDF88063.1	CM003555.1	68.602	465	511	48	511	277049	278443	0.0	675
CDF88063.1	CM003562.1	29.730	518	511	46	511	898730	900271	2.04e-52	191
CDF88064.1	CM003553.1	52.263	243	252	13	252	60911	60183	8.09e-80	260
CDF88065.1	CM003553.1	74.090	1154	1140	1	1138	59658	56212	0.0	1733
CDF88065.1	CM003557.1	30.690	1072	1140	150	1136	86183	83010	1.02e-136	458
CDF88065.1	CM003556.1	28.924	892	1140	263	1023	61063	58409	7.81e-104	360
CDF88065.1	CM003560.1	29.538	887	1140	263	1023	858977	856329	2.46e-99	347
CDF88065.1	CM003560.1	25.044	563	1140	448	948	987816	989342	1.23e-18	91.3
CDF88065.1	CM003567.1	32.609	460	1140	679	1111	552120	550756	8.56e-56	212
CDF88065.1	CM003567.1	30.293	307	1140	245	520	554361	553447	3.28e-30	129
CDF88065.1	CM003567.1	30.097	206	1140	62	256	555126	554524	8.51e-15	78.6
CDF88066.1	CM003553.1	53.710	903	843	1	842	53272	55974	0.0	970
CDF88067.1	CM003555.1	76.094	297	297	1	297	266066	265176	2.86e-151	467
CDF88068.1	CM003553.1	68.833	600	600	23	598	52335	50542	0.0	852
CDF88068.1	CM003561.1	25.306	490	600	151	561	145791	144370	2.08e-28	120
CDF88068.1	CM003559.1	29.358	327	600	256	553	75278	76234	7.09e-26	112
CDF88068.1	CM003559.1	25.524	286	600	288	540	56204	56959	5.32e-14	74.3
CDF88068.1	CM003559.1	30.049	203	600	271	446	56273	56878	6.00e-14	74.3
CDF88068.1	CM003559.1	28.750	160	600	291	443	94983	95462	1.58e-13	72.8
CDF88068.1	CM003559.1	27.778	198	600	265	451	95028	95576	4.00e-13	71.6
CDF88068.1	CM003564.1	25.781	256	600	315	545	519034	518306	8.22e-21	96.3
CDF88068.1	CM003564.1	33.871	124	600	285	405	518500	518132	1.11e-13	73.2
CDF88068.1	CM003564.1	23.592	284	600	272	502	518914	518072	1.81e-13	72.8
CDF88068.1	CM003558.1	27.083	288	600	283	543	597068	596310	1.12e-20	95.9
CDF88068.1	CM003558.1	39.683	126	600	272	390	596678	596301	8.40e-15	77.0
CDF88068.1	CM003558.1	26.425	193	600	269	447	596813	596235	1.27e-12	69.7
CDF88068.1	CM003558.1	30.286	175	600	277	439	596915	596406	7.00e-12	67.4
CDF88069.1	CM003555.1	39.426	383	385	100	385	263476	262346	4.11e-73	246
CDF88069.1	CM003553.1	42.331	163	385	227	381	48869	48396	7.59e-39	147
CDF88069.1	CM003553.1	32.240	183	385	47	187	49793	49245	5.91e-15	75.5
CDF88070.1	CM003555.1	72.876	306	307	3	307	259904	259008	1.24e-150	466
CDF88070.1	CM003564.1	42.617	298	307	11	306	159735	160619	6.28e-71	237
CDF88070.1	CM003564.1	25.087	287	307	24	298	558608	557796	2.71e-17	81.3
CDF88070.1	CM003565.1	24.910	277	307	34	298	135672	136454	8.81e-16	76.6
CDF88070.1	CM003570.1	22.526	293	307	23	298	594865	594035	4.13e-15	74.7
CDF88070.1	CM003558.1	25.342	292	307	1	280	764113	763283	6.12e-14	71.2
CDF88070.1	CM003558.1	24.590	183	307	39	201	588195	588740	4.46e-11	62.4
CDF88071.1	CM003553.1	43.810	315	262	2	262	47262	48149	2.46e-65	219
CDF88071.1	CM003560.1	41.333	75	262	4	78	1470127	1470348	1.41e-15	75.1
CDF88071.1	CM003560.1	36.364	121	262	16	132	43979	44338	1.58e-15	74.7
CDF88072.1	CM003568.1	32.323	99	189	20	118	363059	363349	3.08e-14	68.9
CDF88072.1	CM003567.1	38.462	78	189	21	98	161396	161166	3.58e-11	60.1
CDF88073.1	CM003555.1	80.739	514	516	4	514	258193	256652	0.0	864
CDF88074.1	CM003553.1	61.719	256	285	32	285	46253	47020	5.08e-110	348
CDF88074.1	CM003567.1	40.072	277	285	9	285	89607	88810	8.85e-61	206
CDF88074.1	CM003567.1	39.223	283	285	3	285	16003	15176	1.09e-60	206
CDF88074.1	CM003565.1	31.818	264	285	30	285	501234	500449	1.49e-36	137
CDF88075.1	CM003555.1	46.869	495	467	2	461	254944	256401	2.76e-150	472
CDF88076.1	CM003555.1	56.034	116	166	33	148	254594	254250	1.76e-39	140
CDF88077.1	CM003553.1	55.776	303	347	1	302	44570	43662	2.87e-108	346
CDF88078.1	CM003555.1	68.289	637	616	1	616	252004	253911	0.0	911
CDF88079.1	CM003555.1	65.882	85	91	2	86	251007	251261	1.19e-32	117
CDF88081.1	CM003555.1	72.265	393	399	1	389	248757	247597	0.0	573
CDF88081.1	CM003554.1	34.651	430	399	1	386	78963	77674	1.53e-70	239
CDF88081.1	CM003568.1	57.534	73	399	1	73	273372	273587	1.21e-17	84.0
CDF88081.1	CM003568.1	44.737	76	399	1	76	298962	298735	5.61e-15	75.9
CDF88081.1	CM003568.1	47.887	71	399	1	71	173455	173658	1.72e-13	71.2
CDF88081.1	CM003568.1	50.000	66	399	4	68	557932	558129	6.46e-12	66.2
CDF88081.1	CM003566.1	36.842	95	399	8	99	300425	300673	8.74e-11	62.8
CDF88082.1	CM003553.1	55.992	484	479	3	479	42655	41249	1.24e-180	560
CDF88085.1	CM003553.1	66.314	472	807	1	465	38440	39828	5.29e-171	546
CDF88085.1	CM003570.1	35.417	336	807	1	333	683579	684427	4.98e-45	174
CDF88087.1	CM003555.1	43.333	120	163	10	116	243822	244181	7.11e-29	110
CDF88088.1	CM003553.1	76.667	90	319	48	135	34782	34522	1.44e-35	135
CDF88088.1	CM003553.1	46.099	141	319	196	315	34213	33794	3.77e-29	116
CDF88088.1	CM003555.1	37.981	208	319	41	223	241973	241365	3.81e-31	122
CDF88088.1	CM003555.1	48.624	109	319	214	307	240971	240645	1.16e-25	106
CDF88089.1	CM003555.1	24.611	386	355	8	343	240234	239095	2.25e-18	85.5
CDF88090.1	CM003553.1	77.717	368	376	1	368	32183	33286	0.0	591
CDF88090.1	CM003569.1	52.078	361	376	6	364	644339	643380	3.28e-112	358
CDF88090.1	CM003569.1	30.392	204	376	166	367	1001050	1001619	1.74e-24	104
CDF88090.1	CM003569.1	27.778	252	376	38	271	956241	955603	1.32e-20	92.8
CDF88090.1	CM003569.1	25.455	165	376	125	283	839732	839262	8.63e-12	65.5
CDF88090.1	CM003569.1	28.082	146	376	125	265	308652	308224	7.05e-11	62.8
CDF88090.1	CM003570.1	28.614	339	376	34	363	486060	485173	3.83e-32	127
CDF88090.1	CM003570.1	26.685	356	376	40	364	853883	852960	3.16e-30	121
CDF88090.1	CM003570.1	25.215	349	376	39	372	659517	660446	3.23e-27	112
CDF88090.1	CM003570.1	29.279	222	376	161	363	467054	466431	1.81e-16	80.1
CDF88090.1	CM003570.1	25.610	246	376	125	365	279575	278940	4.50e-13	69.7
CDF88090.1	CM003566.1	30.165	242	376	125	365	351526	352218	3.42e-29	118
CDF88090.1	CM003566.1	28.111	217	376	150	363	312888	313421	9.96e-15	74.7
CDF88090.1	CM003558.1	29.080	337	376	40	364	540096	540962	2.03e-28	115
CDF88090.1	CM003558.1	24.211	380	376	12	364	184232	185200	2.32e-24	103
CDF88091.1	CM003553.1	61.538	286	276	3	276	31005	31862	4.34e-109	345
CDF88092.1	CM003555.1	70.946	148	148	1	148	238625	238182	5.36e-70	226
CDF88093.1	CM003553.1	64.169	427	444	6	432	29444	30667	6.24e-177	548
CDF88094.1	CM003561.1	64.202	852	827	13	825	40719	38197	0.0	1058
CDF88094.1	CM003569.1	38.704	571	827	180	748	200200	198698	3.76e-116	388
CDF88094.1	CM003569.1	38.139	548	827	188	728	227188	228648	4.74e-104	352
CDF88094.1	CM003569.1	32.237	152	827	592	741	388278	387826	1.11e-15	80.5
CDF88094.1	CM003558.1	39.895	574	827	196	755	690510	689005	5.06e-111	373
CDF88094.1	CM003558.1	28.037	535	827	221	719	364089	365492	6.97e-51	193
CDF88094.1	CM003558.1	26.544	599	827	199	708	447776	449491	1.93e-40	160
CDF88094.1	CM003556.1	34.648	583	827	190	749	68513	66990	3.07e-93	320
CDF88094.1	CM003570.1	33.394	551	827	199	722	400057	398528	6.36e-70	251
CDF88095.1	CM003561.1	60.830	554	547	22	547	41015	42616	0.0	677
CDF88095.1	CM003564.1	29.412	391	547	64	442	631614	632669	1.57e-44	168
CDF88096.1	CM003553.1	50.442	339	353	24	349	10723	11694	5.27e-87	285
CDF88096.1	LIOO01000009.1	57.931	145	353	135	277	17484	17906	4.00e-71	147
CDF88096.1	LIOO01000009.1	48.113	106	353	20	124	17159	17473	4.00e-71	89.4
CDF88096.1	LIOO01000009.1	55.556	63	353	288	349	17930	18118	4.00e-71	70.5
CDF88096.1	CM003554.1	49.130	230	353	53	277	131179	131835	3.80e-53	187
CDF88097.1	CM003553.1	43.269	208	203	1	203	11921	12487	2.38e-50	173
CDF88097.1	LIOO01000009.1	56.667	60	203	23	81	18407	18586	3.81e-32	84.3
CDF88097.1	LIOO01000009.1	34.400	125	203	82	203	18586	18903	3.81e-32	69.7
CDF88098.1	CM003553.1	46.713	1156	1073	1	1072	13163	16597	0.0	968
CDF88098.1	LIOO01000009.1	64.115	209	1073	138	344	20071	20694	1.33e-89	275
CDF88098.1	LIOO01000009.1	56.944	72	1073	67	133	19841	20056	1.33e-89	74.3
CDF88099.1	CM003553.1	49.286	140	140	1	139	16988	17407	2.21e-38	135
CDF88101.1	CM003553.1	43.527	1344	1299	1	1294	21083	25024	0.0	999
CDF88102.1	CM003553.1	36.467	968	1015	47	939	28360	25676	8.45e-152	498
CDF88105.1	CM003553.1	82.704	318	310	1	310	8183	7230	1.72e-174	534
CDF88105.1	CM003554.1	80.843	261	310	58	310	128382	127600	1.99e-146	429
CDF88105.1	CM003554.1	91.228	57	310	1	57	128552	128382	1.99e-146	107
CDF88105.1	LIOO01000009.1	74.762	210	310	9	218	14601	13972	7.46e-98	314
CDF88105.1	LIOO01000009.1	55.779	199	310	126	310	14251	13673	6.35e-54	188
CDF88105.1	CM003570.1	25.763	295	310	7	254	740176	739325	1.31e-19	88.2
CDF88106.1	LIOO01000009.1	45.808	334	296	1	293	12433	11453	6.01e-78	256
CDF88106.1	CM003554.1	45.808	334	296	1	293	126359	125379	6.18e-78	256
CDF88106.1	CM003553.1	45.808	334	296	1	293	5989	5009	6.76e-78	256
CDF88107.1	CM003561.1	54.167	72	435	365	434	44907	45113	2.62e-13	70.9
CDF88108.1	CM003561.1	51.724	145	128	1	128	45373	45807	4.87e-31	114
CDF88109.1	CM003561.1	88.000	50	59	1	50	46699	46848	9.43e-25	93.2
CDF88110.1	CM003561.1	48.276	87	359	6	88	47233	47493	1.31e-15	77.0
CDF88110.1	CM003561.1	37.864	103	359	194	293	47560	47862	2.30e-12	67.0
CDF88111.1	LIOO01000009.1	92.490	253	254	2	254	10362	9604	4.91e-148	455
CDF88111.1	CM003554.1	92.490	253	254	2	254	124287	123529	5.01e-148	455
CDF88111.1	CM003561.1	92.490	253	254	2	254	48867	49625	5.01e-148	455
CDF88111.1	CM003553.1	92.490	253	254	2	254	3917	3159	5.02e-148	455
CDF88111.1	CM003555.1	30.374	214	254	28	214	60671	60078	1.62e-16	77.4
CDF88112.1	CM003561.1	62.222	1170	1170	1	1170	50029	53538	0.0	1441
CDF88112.1	CM003561.1	24.226	743	1170	523	1169	141697	139628	4.73e-26	115
CDF88112.1	CM003564.1	23.280	756	1170	498	1167	424109	426211	7.64e-30	127
CDF88112.1	CM003564.1	29.310	290	1170	1	285	422809	423633	6.71e-25	111
CDF88112.1	CM003566.1	41.772	79	1170	1077	1155	285890	286123	1.15e-15	81.3
CDF88113.1	CM003561.1	61.148	1045	1037	1	1037	56817	53719	0.0	1335
CDF88113.1	CM003563.1	25.556	450	1037	635	1037	347616	346300	1.20e-20	97.4
CDF88113.1	CM003570.1	21.256	414	1037	656	1037	652998	654179	5.30e-16	82.4
CDF88114.1	LIOO01000009.1	49.089	933	897	1	894	6568	9324	0.0	802
CDF88114.1	CM003554.1	48.982	933	897	1	894	120493	123249	0.0	801
CDF88114.1	CM003553.1	57.506	433	897	450	869	1507	2805	2.78e-145	475
CDF88114.1	CM003553.1	37.824	386	897	108	470	449	1561	3.16e-71	223
CDF88114.1	CM003553.1	40.708	113	897	1	111	126	458	3.16e-71	64.3
CDF88114.1	CM003555.1	51.220	82	897	273	354	491607	491852	1.91e-51	97.4
CDF88114.1	CM003555.1	54.545	99	897	399	496	491983	492279	1.91e-51	93.2
CDF88114.1	CM003555.1	50.000	44	897	355	398	491852	491983	1.91e-51	51.6
CDF88114.1	CM003555.1	40.141	142	897	1	140	490759	491181	4.75e-18	88.6
CDF88115.1	LIOO01000009.1	48.421	95	159	65	159	5887	5603	1.17e-19	83.2
CDF88115.1	CM003554.1	48.421	95	159	65	159	119812	119528	1.18e-19	83.2
CDF88115.1	CM003555.1	43.750	80	159	65	144	490080	489841	1.23e-13	62.4
CDF88115.1	CM003555.1	65.000	20	159	140	159	489856	489797	1.23e-13	28.5
CDF88116.1	LIOO01000009.1	51.836	463	534	3	455	5173	3794	2.50e-150	475
CDF88116.1	CM003554.1	51.836	463	534	3	455	119098	117719	2.64e-150	475
CDF88116.1	CM003554.1	34.596	396	534	40	414	4160	5311	3.12e-52	191
CDF88116.1	CM003555.1	54.878	328	534	135	455	488965	487991	4.77e-122	362
CDF88116.1	CM003555.1	43.590	117	534	20	134	489315	488965	4.77e-122	94.7
CDF88116.1	CM003566.1	37.472	451	534	38	432	367662	366346	4.37e-76	261
CDF88116.1	CM003566.1	37.292	421	534	20	432	369823	368639	9.41e-72	248
CDF88116.1	CM003560.1	34.395	471	534	23	444	751575	752954	2.42e-72	249
CDF88116.1	CM003560.1	25.734	443	534	40	419	353038	354291	6.46e-14	73.6
CDF88117.1	CM003558.1	61.017	236	237	1	233	707649	706942	5.31e-98	311
CDF88118.1	CM003554.1	61.432	433	434	23	434	63748	62465	0.0	562
CDF88119.1	CM003554.1	49.117	283	321	13	287	64002	64817	1.06e-82	271
CDF88120.1	CM003558.1	73.737	99	121	22	120	706464	706168	7.94e-46	156
CDF88121.1	CM003558.1	49.782	229	619	32	247	704072	704722	4.83e-60	216
CDF88121.1	CM003558.1	43.265	245	619	398	619	705350	706084	8.64e-59	213
CDF88122.1	CM003558.1	66.111	180	175	1	175	703810	703286	1.34e-76	247
CDF88123.1	CM003554.1	37.805	574	488	1	487	66802	65102	1.45e-83	281
CDF88124.1	CM003558.1	49.593	123	114	1	113	702818	703174	8.73e-30	110
CDF88125.1	CM003558.1	79.856	139	142	4	142	702183	702599	1.02e-70	228
CDF88126.1	CM003558.1	76.623	308	307	1	307	700938	701858	6.90e-160	492
CDF88127.1	CM003570.1	41.667	96	254	139	234	672802	673080	8.17e-17	78.6
CDF88128.1	CM003555.1	75.334	673	752	79	747	191744	189786	0.0	1023
CDF88128.1	CM003555.1	31.907	257	752	284	514	245293	244583	7.94e-24	107
CDF88128.1	CM003567.1	62.340	624	752	125	748	418335	416530	0.0	781
CDF88128.1	CM003570.1	41.060	453	752	277	720	604408	605679	4.28e-102	344
CDF88128.1	CM003570.1	35.145	276	752	254	518	875165	874419	1.37e-31	131
CDF88128.1	CM003570.1	33.068	251	752	278	514	416938	417639	2.79e-29	124
CDF88128.1	CM003562.1	40.856	257	752	282	537	637928	638665	2.24e-52	196
CDF88128.1	CM003562.1	35.798	257	752	278	528	55362	54631	5.30e-40	158
CDF88128.1	CM003562.1	32.377	244	752	279	519	512495	511812	9.11e-28	119
CDF88128.1	CM003565.1	39.394	264	752	282	544	493069	492311	9.75e-52	194
CDF88128.1	CM003565.1	35.366	246	752	274	514	596369	597073	5.53e-34	139
CDF88129.1	CM003555.1	51.961	306	270	2	270	188519	189427	6.30e-101	321
CDF88130.1	CM003555.1	52.227	741	718	8	718	184792	187008	0.0	768
CDF88130.1	CM003567.1	30.719	612	718	116	692	731810	733588	9.85e-55	203
CDF88130.1	CM003569.1	27.953	601	718	128	692	175567	173807	2.17e-50	189
CDF88130.1	CM003554.1	27.907	602	718	129	692	102533	100797	1.66e-47	181
CDF88131.1	CM003554.1	52.778	108	100	1	97	67708	67385	1.34e-33	120
CDF88132.1	CM003555.1	51.371	547	537	1	536	182836	184452	1.10e-162	511
CDF88133.1	CM003555.1	63.699	1157	1120	1	1120	179077	182511	0.0	1507
CDF88133.1	CM003562.1	50.619	646	1120	455	1080	761806	763734	0.0	636
CDF88133.1	CM003565.1	47.434	643	1120	451	1076	68092	66164	0.0	592
CDF88133.1	CM003565.1	37.424	660	1120	455	1085	379140	377167	4.81e-130	438
CDF88133.1	CM003568.1	42.688	677	1120	435	1081	140363	142378	2.18e-165	542
CDF88133.1	CM003566.1	29.985	647	1120	452	1023	941816	943729	3.42e-70	257
CDF88134.1	CM003555.1	83.590	195	195	1	195	178071	178655	2.45e-110	344
CDF88134.1	CM003564.1	26.582	158	195	5	162	290214	289756	9.35e-12	62.0
CDF88135.1	CM003554.1	70.750	400	418	13	412	67936	69132	0.0	619
CDF88136.1	CM003554.1	51.330	752	732	1	722	71537	69309	0.0	781
CDF88137.1	CM003569.1	52.747	91	397	17	105	743580	743852	2.54e-25	107
CDF88138.1	CM003570.1	66.370	562	599	10	555	49729	51384	0.0	727
CDF88139.1	CM003554.1	52.113	213	246	33	243	107272	106646	9.18e-67	222
CDF88139.1	LIOO01000004.1	55.405	148	246	96	243	14180	14623	1.63e-50	175
CDF88140.1	CM003570.1	72.152	474	447	1	445	53076	51655	0.0	719
CDF88140.1	CM003569.1	26.602	515	447	1	444	874011	875480	1.93e-47	174
CDF88140.1	CM003563.1	26.776	366	447	164	442	464144	465178	1.42e-25	108
CDF88141.1	CM003554.1	50.000	92	168	1	87	105954	106229	4.62e-31	77.0
CDF88141.1	CM003554.1	40.449	89	168	84	167	106219	106485	4.62e-31	73.2
CDF88141.1	LIOO01000004.1	50.000	92	168	1	87	15314	15039	4.74e-31	77.0
CDF88141.1	LIOO01000004.1	40.449	89	168	84	167	15049	14783	4.74e-31	73.2
CDF88142.1	CM003553.1	50.746	67	80	7	69	141385	141585	3.55e-13	61.2
CDF88143.1	CM003565.1	50.781	256	255	1	252	506297	505569	1.30e-62	211
CDF88144.1	CM003565.1	53.355	611	703	69	671	506670	508343	0.0	642
CDF88145.1	CM003563.1	96.296	81	82	2	82	390784	391026	1.41e-48	162
CDF88145.1	CM003565.1	95.062	81	82	2	82	508931	508689	5.93e-48	160
CDF88146.1	CM003563.1	51.805	1967	1922	28	1918	387228	381469	0.0	1907
CDF88146.1	CM003569.1	34.397	1003	1922	37	981	159444	156502	1.65e-153	527
CDF88146.1	CM003557.1	38.633	761	1922	86	797	79120	76871	1.33e-144	500
CDF88146.1	CM003567.1	33.989	712	1922	87	751	457845	459884	4.02e-105	375
CDF88146.1	CM003565.1	33.381	704	1922	87	751	467780	469819	7.91e-104	372
CDF88147.1	CM003563.1	74.743	487	485	1	485	379711	381156	0.0	743
CDF88147.1	CM003566.1	28.571	427	485	2	418	480311	479058	4.60e-44	165
CDF88147.1	CM003558.1	25.747	435	485	8	422	127322	126108	1.02e-18	88.6
CDF88148.1	CM003563.1	45.742	728	751	1	712	263463	261490	1.91e-165	528
CDF88149.1	CM003560.1	54.916	712	696	1	687	391618	393753	0.0	751
CDF88150.1	CM003563.1	54.103	329	316	1	312	260874	259888	8.47e-108	343
CDF88151.1	CM003569.1	37.714	175	164	1	164	280428	279904	1.82e-31	117
CDF88152.1	CM003569.1	58.522	663	660	1	652	277782	279758	0.0	775
CDF88153.1	CM003570.1	66.391	604	596	1	596	224669	222876	0.0	832
CDF88154.1	CM003569.1	38.494	239	296	1	223	277534	276824	5.43e-42	153
CDF88155.1	CM003570.1	67.105	152	150	1	150	222145	222600	1.74e-65	214
CDF88156.1	CM003569.1	50.256	782	784	24	784	274254	276539	0.0	773
CDF88156.1	CM003570.1	44.459	785	784	8	782	212179	209873	0.0	731
CDF88156.1	CM003564.1	22.388	469	784	121	533	79239	80594	2.77e-15	79.3
CDF88157.1	CM003570.1	65.837	442	449	7	448	212579	213901	0.0	638
CDF88158.1	CM003570.1	23.425	619	684	87	641	215935	214124	8.47e-24	106
CDF88158.1	CM003570.1	36.913	149	684	2	142	216562	216116	6.00e-19	90.9
CDF88159.1	CM003569.1	78.824	170	173	5	173	273824	273315	6.92e-85	270
CDF88159.1	CM003558.1	37.584	149	173	23	171	438326	437883	1.59e-27	106
CDF88159.1	CM003562.1	31.579	133	173	41	167	738895	738497	5.48e-12	61.6
CDF88160.1	CM003553.1	57.692	130	146	12	141	62867	63256	1.11e-45	157
CDF88160.1	CM003555.1	56.604	106	146	36	141	271339	271022	8.08e-39	137
CDF88161.1	CM003570.1	73.043	115	115	1	115	864268	863924	1.86e-56	186
CDF88162.1	CM003570.1	74.771	218	215	4	215	862983	863633	1.07e-100	318
CDF88162.1	CM003568.1	53.476	187	215	7	193	323791	323240	5.25e-59	198
CDF88162.1	CM003568.1	41.589	214	215	17	189	479714	480355	5.57e-45	158
CDF88162.1	CM003568.1	27.778	198	215	6	200	330476	329910	9.69e-17	77.0
CDF88162.1	CM003568.1	32.919	161	215	28	186	339845	340285	5.85e-15	71.6
CDF88162.1	CM003553.1	44.541	229	215	8	215	175260	174592	5.30e-59	198
CDF88162.1	CM003566.1	47.739	199	215	17	215	586641	586081	2.52e-53	182
CDF88162.1	CM003566.1	29.670	182	215	9	187	644813	644307	9.85e-19	82.8
CDF88162.1	CM003566.1	29.915	117	215	17	132	703593	703246	3.57e-12	63.5
CDF88162.1	CM003565.1	47.701	174	215	17	189	120590	120093	3.39e-48	167
CDF88162.1	CM003565.1	30.516	213	215	12	198	202594	203226	5.37e-18	80.5
CDF88163.1	CM003558.1	42.994	1149	1135	16	1109	93815	96988	0.0	775
CDF88163.1	CM003555.1	41.750	400	1135	253	642	38899	37757	8.89e-67	247
CDF88163.1	CM003555.1	46.561	189	1135	44	217	39706	39164	1.59e-37	152
CDF88163.1	CM003562.1	31.701	388	1135	93	472	965407	964427	3.47e-45	177
CDF88163.1	CM003570.1	32.419	401	1135	40	431	803566	804594	3.40e-42	168
CDF88163.1	CM003570.1	32.172	373	1135	93	430	252676	251684	2.58e-40	162
CDF88163.1	CM003565.1	25.916	382	1135	75	432	381457	380516	2.15e-18	90.1
CDF88164.1	CM003558.1	60.870	598	668	15	586	99218	97482	0.0	686
CDF88164.1	CM003555.1	43.575	358	668	76	429	352320	353378	3.61e-79	274
CDF88164.1	CM003560.1	28.698	338	668	231	533	1419232	1420224	1.48e-30	127
CDF88165.1	CM003553.1	37.018	389	496	7	316	137709	138875	6.75e-71	244
CDF88166.1	CM003568.1	49.515	206	203	1	201	226899	226282	3.08e-63	210
CDF88167.1	CM003553.1	41.948	503	608	102	601	136699	135311	4.45e-115	377
CDF88168.1	CM003553.1	32.927	164	157	5	156	134733	135176	1.09e-19	83.2
CDF88169.1	CM003566.1	53.279	244	246	1	244	713025	713747	3.26e-81	263
CDF88170.1	CM003569.1	54.463	1210	1180	4	1179	391422	387808	0.0	1325
CDF88170.1	CM003569.1	34.532	139	1180	1023	1160	228235	228648	7.79e-18	88.6
CDF88170.1	CM003569.1	33.058	121	1180	1023	1141	199171	198815	3.41e-16	83.2
CDF88170.1	CM003558.1	29.212	736	1180	474	1175	447692	449593	3.76e-74	270
CDF88170.1	CM003558.1	24.808	391	1180	471	845	690597	689629	1.01e-22	104
CDF88170.1	CM003558.1	34.146	123	1180	1020	1141	689538	689173	1.77e-14	77.4
CDF88170.1	CM003566.1	27.770	695	1180	522	1155	192229	194103	2.44e-72	265
CDF88170.1	CM003566.1	26.703	367	1180	524	855	614063	613020	1.14e-19	94.7
CDF88170.1	CM003570.1	27.901	362	1180	495	841	400078	399131	5.50e-30	128
CDF88170.1	CM003560.1	26.276	392	1180	471	840	389146	388124	6.60e-27	118
CDF88170.1	CM003560.1	28.758	153	1180	1020	1170	387337	386882	3.11e-18	89.7
CDF88171.1	CM003566.1	63.953	430	443	13	442	711194	712483	0.0	607
CDF88171.1	CM003569.1	57.377	427	443	16	442	394393	393113	3.51e-177	548
CDF88171.1	CM003560.1	39.189	444	443	37	435	530903	532222	4.07e-87	289
CDF88172.1	CM003569.1	37.333	75	89	1	72	395516	395298	2.12e-14	65.1
CDF88173.1	CM003569.1	55.222	766	1112	15	748	399247	397025	0.0	785
CDF88174.1	CM003566.1	67.414	580	613	38	613	708509	710248	0.0	800
CDF88175.1	CM003569.1	85.780	436	446	14	445	401110	399803	0.0	784
CDF88175.1	CM003558.1	30.998	471	446	30	444	457584	458957	5.11e-49	179
CDF88175.1	CM003570.1	31.027	448	446	53	444	694071	695381	2.77e-47	173
CDF88175.1	CM003560.1	29.395	347	446	55	360	689028	688033	3.20e-27	114
CDF88175.1	CM003565.1	27.134	328	446	56	342	70580	71563	5.63e-25	107
CDF88176.1	CM003566.1	48.341	211	195	1	195	707616	706984	1.14e-53	182
CDF88179.1	CM003566.1	51.969	127	118	1	117	704575	704204	4.42e-28	105
CDF88181.1	CM003562.1	75.714	70	182	8	77	954856	954647	2.59e-35	129
CDF88181.1	CM003562.1	40.152	132	182	12	140	615817	616176	3.57e-23	94.4
CDF88181.1	CM003555.1	68.831	77	182	8	84	212424	212194	2.84e-31	117
CDF88181.1	CM003555.1	50.877	57	182	12	67	421503	421339	6.02e-11	58.9
CDF88181.1	CM003565.1	50.877	57	182	11	66	343812	343648	4.42e-13	65.1
CDF88181.1	CM003567.1	34.146	123	182	12	133	99333	99665	1.90e-12	63.5
CDF88181.1	CM003560.1	37.273	110	182	12	116	614648	614331	1.90e-12	63.5
CDF88181.1	CM003560.1	45.000	60	182	12	71	982474	982653	1.59e-11	60.8
CDF88182.1	CM003555.1	56.771	384	294	2	294	210705	209560	3.30e-130	406
CDF88182.1	CM003562.1	59.441	286	294	30	294	953022	952168	5.69e-104	331
CDF88183.1	CM003553.1	56.842	285	299	8	290	188821	187979	3.04e-99	318
CDF88183.1	CM003567.1	34.715	193	299	8	191	694144	693572	2.66e-21	92.8
CDF88183.1	CM003560.1	29.412	204	299	6	201	1260761	1260165	1.48e-12	66.6
CDF88183.1	CM003554.1	26.891	238	299	6	236	20321	21004	6.89e-12	64.7
CDF88183.1	CM003554.1	27.490	251	299	9	242	19254	19973	5.17e-11	62.0
CDF88184.1	CM003562.1	79.054	1036	1027	1	1027	951772	948668	0.0	1649
CDF88185.1	CM003562.1	84.012	1645	1648	1	1644	943235	948169	0.0	2862
CDF88186.1	CM003562.1	69.514	761	760	1	760	942580	940337	0.0	1104
CDF88187.1	CM003570.1	53.858	635	1156	528	1156	72648	70825	0.0	680
CDF88187.1	CM003567.1	35.972	581	1156	578	1156	619514	621067	1.09e-99	348
CDF88187.1	CM003562.1	28.767	219	1156	693	900	375520	374870	1.98e-18	90.5
CDF88187.1	CM003569.1	23.625	309	1156	623	879	628703	629611	2.10e-11	67.4
CDF88188.1	CM003567.1	35.043	351	351	4	331	617471	618484	7.72e-53	186
CDF88189.1	CM003570.1	39.068	901	769	1	766	76508	73878	6.08e-180	571
CDF88190.1	CM003567.1	56.359	1258	1292	96	1277	616526	612804	0.0	1294
CDF88190.1	CM003560.1	22.781	338	1292	556	883	1344704	1345666	8.21e-14	75.5
CDF88190.1	CM003558.1	21.429	434	1292	497	879	672137	673390	4.52e-12	69.7
CDF88191.1	CM003557.1	65.180	583	625	7	584	9319	7589	0.0	802
CDF88191.1	CM003562.1	39.372	541	625	58	589	446726	448345	1.37e-125	408
CDF88191.1	CM003562.1	23.265	533	625	78	606	71390	69876	5.36e-15	77.8
CDF88191.1	CM003559.1	34.333	300	625	130	419	144841	145719	6.57e-45	171
CDF88191.1	CM003560.1	25.843	445	625	134	570	916735	918015	3.31e-28	119
CDF88191.1	CM003560.1	25.843	445	625	134	570	933658	934938	3.31e-28	119
CDF88191.1	CM003553.1	21.285	498	625	61	539	282390	283820	1.88e-20	95.1
CDF88192.1	CM003567.1	70.463	1036	1021	1	1021	609299	612397	0.0	1535
CDF88193.1	CM003570.1	53.407	543	507	1	507	78348	76783	1.37e-171	535
CDF88194.1	CM003567.1	68.240	233	232	1	231	608803	608105	2.68e-104	329
CDF88195.1	CM003570.1	52.239	268	325	22	286	79467	78682	6.16e-80	263
CDF88196.1	CM003570.1	71.041	442	429	1	426	79762	81087	0.0	649
CDF88197.1	CM003570.1	59.443	323	332	7	321	82167	81199	1.27e-123	389
CDF88198.1	CM003570.1	51.852	594	584	2	582	82678	84459	0.0	605
CDF88199.1	CM003567.1	34.642	433	434	6	432	607753	606506	2.47e-74	252
CDF88200.1	CM003570.1	47.674	1569	1563	1	1561	89261	84795	0.0	1449
CDF88201.1	CM003570.1	31.301	246	252	12	241	90304	89570	2.69e-27	108
CDF88203.1	CM003567.1	41.200	983	908	1	901	600848	603763	0.0	637
CDF88204.1	CM003570.1	57.416	209	207	1	204	93643	94233	1.40e-75	245
CDF88205.1	CM003570.1	76.042	288	284	1	284	94652	95506	8.04e-126	393
CDF88206.1	CM003567.1	34.272	213	199	4	195	600005	600571	5.80e-29	111
CDF88207.1	CM003570.1	60.997	341	370	16	355	96823	95810	1.58e-141	442
CDF88207.1	CM003558.1	27.714	350	370	26	367	340047	339169	2.16e-26	109
CDF88207.1	CM003553.1	26.667	345	370	26	368	130976	130122	5.36e-25	105
CDF88207.1	CM003568.1	26.879	346	370	26	368	218305	217448	2.48e-23	100
CDF88207.1	CM003562.1	37.879	132	370	202	330	886734	887111	1.93e-14	73.6
CDF88208.1	CM003570.1	87.898	471	461	1	461	97389	98801	0.0	845
CDF88208.1	CM003560.1	41.892	444	461	19	446	656188	657504	3.59e-106	345
CDF88209.1	CM003570.1	91.558	154	159	4	157	99570	99109	1.81e-87	277
CDF88209.1	CM003555.1	56.688	157	159	1	157	101017	101481	8.38e-52	175
CDF88210.1	CM003570.1	39.713	209	193	2	192	100347	100973	1.60e-37	135
CDF88211.1	CM003567.1	68.531	286	298	1	283	599609	598770	3.93e-123	386
CDF88211.1	CM003570.1	69.784	278	298	1	275	101432	102235	1.51e-120	379
CDF88212.1	CM003565.1	66.279	258	258	1	258	363083	362316	6.43e-111	349
CDF88213.1	CM003560.1	66.782	1445	1494	43	1487	1045485	1041190	0.0	2083
CDF88213.1	CM003560.1	38.584	1384	1494	113	1475	253347	249211	0.0	1024
CDF88213.1	CM003560.1	20.614	684	1494	157	783	251061	249196	9.73e-24	108
CDF88213.1	CM003568.1	62.451	1028	1494	467	1493	20304	17266	0.0	1387
CDF88213.1	CM003568.1	62.069	406	1494	74	477	21490	20273	1.80e-156	527
CDF88213.1	CM003568.1	21.131	672	1494	157	776	19131	17284	7.74e-22	102
CDF88213.1	CM003570.1	42.770	1480	1494	34	1492	443400	439057	0.0	1217
CDF88213.1	CM003569.1	39.040	1396	1494	113	1475	464953	460832	0.0	1024
CDF88213.1	CM003569.1	37.798	1426	1494	113	1475	152975	148722	0.0	984
CDF88213.1	CM003569.1	35.924	1364	1494	160	1475	736192	732230	0.0	834
CDF88213.1	CM003569.1	24.390	984	1494	170	1108	892630	895326	2.28e-58	222
CDF88213.1	CM003569.1	24.767	537	1494	851	1355	892558	894111	9.31e-33	138
CDF88213.1	CM003569.1	25.400	500	1494	153	628	894574	895962	4.33e-28	122
CDF88213.1	CM003554.1	35.141	1383	1494	160	1478	109813	113814	0.0	828
CDF88213.1	CM003554.1	23.609	665	1494	157	768	111955	113775	7.55e-23	105
CDF88214.1	CM003565.1	58.434	166	240	1	166	361986	361492	1.66e-62	209
CDF88214.1	CM003565.1	47.475	99	240	139	237	361574	361281	1.45e-21	92.0
CDF88215.1	CM003570.1	80.284	1902	1901	1	1900	102803	108466	0.0	3145
CDF88216.1	CM003558.1	44.928	207	202	1	197	361980	362600	3.72e-49	169
CDF88217.1	CM003570.1	48.352	91	129	50	123	111567	111839	8.32e-22	88.2
CDF88217.1	CM003567.1	48.101	79	129	53	125	595663	595427	9.22e-19	79.3
CDF88218.1	CM003570.1	70.787	356	423	69	423	113141	114202	7.89e-174	538
CDF88218.1	CM003567.1	28.270	237	423	178	406	594760	594086	1.74e-15	77.8
CDF88219.1	CM003570.1	67.550	302	331	37	331	115245	114340	2.84e-136	426
CDF88220.1	CM003567.1	37.945	759	668	1	640	591660	593867	7.87e-117	384
CDF88221.1	CM003570.1	75.251	1196	1180	1	1175	115940	119524	0.0	1824
CDF88221.1	CM003568.1	39.203	954	1180	204	1112	186470	183711	0.0	639
CDF88221.1	CM003566.1	39.003	923	1180	204	1091	618893	621565	0.0	619
CDF88221.1	CM003561.1	29.412	425	1180	546	870	106431	105187	3.93e-39	158
CDF88221.1	CM003561.1	46.575	73	1180	1013	1085	105063	104845	4.92e-16	82.8
CDF88221.1	CM003561.1	27.863	262	1180	556	810	105408	104698	4.08e-14	76.3
CDF88221.1	CM003555.1	28.271	428	1180	558	888	225534	224296	2.87e-38	155
CDF88222.1	CM003567.1	64.599	274	290	17	290	590281	591102	1.62e-126	395
CDF88223.1	CM003570.1	77.397	146	146	1	146	120180	120617	2.00e-74	239
CDF88224.1	CM003567.1	52.453	530	507	1	507	588368	589921	3.87e-162	508
CDF88224.1	CM003570.1	47.451	510	507	1	507	122264	120813	4.16e-140	445
CDF88225.1	CM003567.1	34.352	1342	1342	25	1301	583803	587744	0.0	718
CDF88228.1	CM003567.1	32.640	625	622	115	622	577606	579378	9.63e-75	259
CDF88228.1	CM003569.1	35.354	99	622	521	618	979464	979174	8.20e-15	77.0
CDF88229.1	CM003570.1	51.580	696	668	1	668	124334	126397	0.0	721
CDF88230.1	CM003558.1	36.721	610	998	405	972	171491	169779	4.38e-109	372
CDF88231.1	CM003570.1	63.590	791	792	3	787	127225	129579	0.0	1042
CDF88231.1	CM003562.1	65.287	749	792	18	755	799597	797405	0.0	998
CDF88231.1	CM003557.1	39.117	634	792	19	632	33046	34938	1.63e-139	455
CDF88231.1	CM003569.1	35.082	610	792	24	612	65722	67545	1.95e-111	373
CDF88232.1	CM003562.1	23.958	288	444	75	355	796070	796747	7.44e-15	75.9
CDF88233.1	CM003562.1	75.902	859	883	7	862	795301	792767	0.0	1394
CDF88233.1	CM003560.1	27.991	443	883	1	382	1318240	1319538	1.07e-49	190
CDF88233.1	CM003560.1	29.130	230	883	51	255	517613	518293	8.32e-13	71.2
CDF88233.1	CM003560.1	26.630	184	883	80	258	787777	787259	5.57e-11	65.5
CDF88233.1	CM003570.1	29.646	226	883	69	294	260902	260249	8.02e-20	94.4
CDF88233.1	CM003570.1	33.088	136	883	126	259	260989	260597	2.12e-16	83.2
CDF88233.1	CM003553.1	25.952	289	883	28	267	51510	50686	5.52e-18	88.2
CDF88233.1	CM003558.1	30.275	218	883	95	311	596915	596280	3.16e-17	85.9
CDF88234.1	CM003562.1	68.493	292	309	26	307	791604	792479	4.52e-136	424
CDF88234.1	CM003558.1	26.692	266	309	38	295	345678	345091	1.02e-17	82.4
CDF88234.1	CM003559.1	35.211	142	309	16	156	277777	277391	3.10e-12	65.9
CDF88235.1	CM003570.1	90.783	217	217	1	217	129963	130613	3.21e-121	377
CDF88235.1	CM003562.1	90.783	217	217	1	217	790747	790097	3.21e-121	377
CDF88236.1	CM003562.1	35.909	440	486	54	481	789644	788433	9.81e-59	208
CDF88236.1	CM003570.1	31.635	471	486	54	479	131037	132380	7.26e-53	191
CDF88237.1	CM003570.1	92.778	180	189	10	189	133040	133579	5.55e-112	349
CDF88237.1	CM003570.1	29.545	176	189	19	185	453112	453624	5.58e-20	85.5
CDF88237.1	CM003560.1	35.714	182	189	6	187	1399996	1399472	8.41e-28	107
CDF88237.1	CM003560.1	35.714	168	189	20	187	1299861	1299379	2.29e-27	106
CDF88237.1	CM003569.1	32.335	167	189	20	186	582340	581858	1.71e-24	98.6
CDF88237.1	CM003558.1	31.609	174	189	18	189	548392	547892	1.87e-24	98.2
CDF88237.1	CM003567.1	29.371	143	189	12	148	516473	516901	2.66e-12	63.2
CDF88238.1	CM003570.1	73.080	1185	1177	1	1165	137346	133840	0.0	1718
CDF88238.1	CM003560.1	24.206	252	1177	781	1028	1173213	1172506	2.34e-11	67.4
CDF88239.1	CM003562.1	50.913	1259	1124	1	1118	787681	783911	0.0	1172
CDF88239.1	CM003570.1	29.501	1122	1124	1	1067	137996	141154	9.66e-124	419
CDF88240.1	CM003570.1	71.746	315	335	21	335	141651	142586	4.30e-153	474
CDF88241.1	CM003570.1	67.647	544	543	1	543	144357	142738	0.0	763
CDF88242.1	CM003570.1	58.577	239	235	1	235	144780	145493	1.92e-84	272
CDF88243.1	CM003562.1	38.961	1463	1476	9	1446	779553	783689	0.0	1017
CDF88243.1	CM003570.1	27.128	188	1476	1084	1269	625435	625911	1.12e-12	72.0
CDF88244.1	CM003562.1	72.527	455	446	1	446	779231	777867	0.0	704
CDF88245.1	CM003562.1	50.780	449	440	1	439	776313	777659	5.01e-149	467
CDF88246.1	CM003570.1	75.152	495	537	1	494	147315	145831	0.0	788
CDF88246.1	CM003562.1	40.488	410	537	55	462	662174	661029	2.41e-87	293
CDF88247.1	CM003570.1	87.293	181	181	1	181	147660	148202	3.46e-109	340
CDF88248.1	CM003570.1	49.604	631	631	1	621	150377	148494	0.0	578
CDF88249.1	CM003562.1	60.896	491	534	54	533	662779	664248	0.0	609
CDF88249.1	CM003562.1	25.114	438	534	95	526	684233	685339	9.12e-24	105
CDF88249.1	CM003562.1	22.715	361	534	145	494	868418	867546	2.17e-13	72.0
CDF88249.1	CM003568.1	25.420	417	534	141	530	90430	89351	3.35e-20	93.6
CDF88249.1	CM003563.1	25.670	448	534	83	514	308850	309884	1.22e-18	89.0
CDF88249.1	CM003569.1	24.036	441	534	111	526	361429	360338	1.32e-18	88.6
CDF88249.1	CM003569.1	25.000	460	534	83	525	670252	671334	3.21e-17	84.3
CDF88249.1	CM003561.1	24.842	475	534	70	533	122544	123743	1.60e-18	88.6
CDF88250.1	CM003570.1	58.445	373	369	8	369	151788	150673	3.82e-132	416
CDF88250.1	CM003570.1	36.398	261	369	107	362	160617	161393	4.95e-53	187
CDF88250.1	CM003570.1	29.642	307	369	79	362	257523	256621	1.04e-38	146
CDF88250.1	CM003570.1	33.463	257	369	108	362	262125	262874	5.12e-38	144
CDF88250.1	CM003570.1	27.273	286	369	104	368	279785	278928	3.18e-32	127
CDF88250.1	CM003570.1	29.213	267	369	117	363	282200	281412	1.41e-28	116
CDF88250.1	CM003570.1	28.622	283	369	110	343	741267	742115	4.15e-27	112
CDF88250.1	CM003570.1	25.497	302	369	107	364	486057	485167	8.43e-21	93.2
CDF88250.1	CM003570.1	25.902	305	369	115	362	853871	852963	1.64e-19	89.4
CDF88250.1	CM003570.1	23.101	316	369	111	362	659520	660419	1.13e-15	77.4
CDF88250.1	CM003570.1	27.586	174	369	158	321	467204	466686	3.97e-14	72.8
CDF88250.1	CM003564.1	34.815	270	369	98	362	614321	615124	4.09e-55	194
CDF88250.1	CM003564.1	33.574	277	369	106	364	540297	541109	3.43e-29	118
CDF88250.1	CM003564.1	28.364	275	369	114	368	474749	473943	3.48e-28	115
CDF88250.1	CM003564.1	28.731	268	369	55	305	647183	647953	7.19e-18	84.3
CDF88250.1	CM003564.1	26.977	215	369	117	321	570071	570697	1.85e-13	70.9
CDF88250.1	CM003564.1	31.293	147	369	186	308	191094	190663	3.08e-12	67.0
CDF88250.1	CM003564.1	25.664	226	369	166	356	617595	618239	1.85e-11	64.3
CDF88250.1	CM003565.1	35.821	268	369	107	369	532675	533466	5.34e-54	190
CDF88250.1	CM003565.1	31.271	291	369	111	364	419059	418187	9.29e-43	157
CDF88250.1	CM003565.1	33.080	263	369	104	362	461491	460703	1.05e-41	154
CDF88250.1	CM003565.1	28.426	197	369	116	309	484372	483788	1.58e-16	80.1
CDF88250.1	CM003565.1	26.744	258	369	152	362	446064	446834	3.91e-16	79.0
CDF88250.1	CM003565.1	25.926	216	369	184	362	517520	518164	1.13e-15	77.4
CDF88250.1	CM003565.1	27.976	168	369	210	356	320381	320884	3.07e-13	70.1
CDF88250.1	CM003565.1	27.083	144	369	170	302	536151	536582	3.58e-12	66.6
CDF88250.1	CM003565.1	27.717	184	369	149	310	598688	599227	7.23e-12	65.9
CDF88250.1	CM003560.1	31.673	281	369	94	359	98883	99725	3.52e-47	171
CDF88250.1	CM003560.1	33.096	281	369	103	364	66678	67520	3.55e-45	165
CDF88250.1	CM003560.1	31.559	263	369	108	369	120315	119530	5.50e-41	152
CDF88250.1	CM003560.1	28.772	285	369	107	364	802458	801604	6.97e-40	149
CDF88250.1	CM003560.1	32.517	286	369	110	364	137689	136832	3.39e-39	147
CDF88250.1	CM003560.1	31.142	289	369	104	362	1235191	1236057	1.19e-35	137
CDF88250.1	CM003560.1	31.915	282	369	109	364	1343376	1342540	1.09e-24	104
CDF88250.1	CM003560.1	29.388	245	369	117	352	45464	46180	1.50e-22	98.6
CDF88250.1	CM003560.1	26.182	275	369	114	363	1110293	1111108	4.55e-20	90.9
CDF88250.1	CM003560.1	25.893	224	369	162	362	493326	493985	1.29e-13	71.2
CDF88250.1	CM003560.1	24.272	309	369	93	368	1114548	1115453	3.05e-13	70.1
CDF88250.1	CM003560.1	22.968	283	369	56	323	1446663	1447478	3.49e-13	69.7
CDF88250.1	CM003560.1	27.723	202	369	111	306	1248667	1248077	5.07e-13	69.3
CDF88250.1	CM003560.1	24.883	213	369	168	356	553629	553003	4.81e-12	66.2
CDF88250.1	CM003560.1	29.208	202	369	128	312	1202521	1203120	2.95e-11	63.9
CDF88250.1	CM003559.1	34.164	281	369	103	364	230033	229206	5.75e-45	164
CDF88250.1	CM003559.1	32.646	291	369	101	364	41964	41101	1.42e-42	157
CDF88250.1	CM003559.1	26.545	275	369	117	364	73797	74615	3.37e-25	106
CDF88250.1	CM003559.1	31.707	205	369	117	303	187092	186484	1.57e-22	98.2
CDF88251.1	CM003558.1	54.144	181	178	6	178	346489	345965	1.34e-51	175
CDF88252.1	CM003560.1	55.752	226	213	1	213	985524	984925	1.37e-81	263
CDF88253.1	CM003558.1	76.206	311	299	1	299	345705	344776	3.22e-157	484
CDF88253.1	CM003559.1	41.475	217	299	3	218	277750	277133	5.74e-43	155
CDF88253.1	CM003562.1	34.545	110	299	9	117	791637	791939	6.99e-11	61.6
CDF88254.1	CM003560.1	65.112	1072	1050	12	1047	986898	990110	0.0	1466
CDF88254.1	CM003562.1	29.476	1011	1050	12	1007	860986	863685	3.25e-115	392
CDF88254.1	CM003562.1	29.712	451	1050	486	911	561067	559778	4.55e-45	177
CDF88254.1	CM003562.1	28.371	356	1050	22	371	566337	567260	1.07e-31	133
CDF88254.1	CM003562.1	30.351	313	1050	486	797	567414	568247	4.23e-28	122
CDF88254.1	CM003562.1	25.178	421	1050	24	374	562660	561491	4.69e-23	105
CDF88254.1	CM003570.1	28.371	356	1050	24	371	476277	477194	4.79e-33	138
CDF88254.1	CM003570.1	28.750	320	1050	476	794	477318	478172	1.94e-27	119
CDF88254.1	CM003553.1	23.923	673	1050	135	733	58869	56962	1.15e-20	97.4
CDF88255.1	CM003560.1	88.276	580	610	3	582	992098	990362	0.0	1054
CDF88255.1	CM003568.1	32.370	519	610	98	583	291753	290239	9.34e-64	227
CDF88255.1	CM003558.1	33.668	199	610	42	235	342949	343470	4.34e-23	70.5
CDF88255.1	CM003558.1	58.696	46	610	3	48	342833	342970	4.34e-23	55.5
CDF88255.1	CM003558.1	44.444	117	610	451	560	344134	344478	3.68e-19	90.9
CDF88255.1	CM003558.1	56.944	72	610	331	401	343569	343784	9.48e-16	80.1
CDF88255.1	CM003558.1	35.829	187	610	418	586	344039	344554	1.14e-15	79.3
CDF88255.1	CM003558.1	60.000	15	610	404	418	343998	344042	1.14e-15	21.2
CDF88255.1	CM003566.1	22.704	577	610	23	574	96954	95383	9.86e-17	83.2
CDF88256.1	CM003558.1	51.730	636	597	1	597	342452	340596	0.0	646
CDF88257.1	CM003558.1	61.285	576	1001	1	534	340128	338413	0.0	682
CDF88257.1	CM003558.1	35.379	277	1001	787	1000	337602	336805	1.39e-21	100
CDF88257.1	CM003553.1	45.938	320	1001	9	327	131021	130092	2.56e-84	298
CDF88257.1	CM003568.1	38.574	477	1001	9	465	218350	217049	4.33e-81	288
CDF88257.1	CM003568.1	25.660	265	1001	68	320	710138	709410	1.66e-13	73.9
CDF88257.1	CM003567.1	28.472	288	1001	36	313	253614	252868	4.80e-18	89.0
CDF88257.1	CM003563.1	29.304	273	1001	37	300	221035	220286	2.31e-16	83.2
CDF88258.1	CM003558.1	41.333	75	77	4	75	336495	336271	4.68e-15	66.6
CDF88259.1	CM003558.1	44.000	75	76	3	74	336495	336271	2.23e-18	75.9
CDF88260.1	CM003558.1	41.892	74	76	2	73	336495	336274	3.16e-16	69.7
CDF88262.1	CM003560.1	56.466	464	502	29	491	992946	994310	3.69e-170	531
CDF88263.1	CM003558.1	59.538	650	765	128	764	335563	333620	0.0	787
CDF88263.1	CM003558.1	52.137	117	765	3	115	335949	335599	0.0	119
CDF88263.1	CM003560.1	24.068	295	765	314	556	905533	906381	4.46e-12	68.6
CDF88264.1	CM003558.1	41.848	368	361	1	350	333229	332177	4.82e-73	245
CDF88265.1	CM003560.1	84.946	372	372	1	372	995731	994622	0.0	668
CDF88265.1	CM003558.1	61.281	359	372	15	372	697481	696432	6.20e-142	444
CDF88266.1	CM003558.1	52.321	474	492	25	492	327900	329318	1.79e-172	537
CDF88266.1	CM003566.1	24.051	316	492	5	301	711194	712087	7.75e-12	66.6
CDF88266.1	CM003569.1	26.045	311	492	43	333	394282	393407	4.73e-11	64.3
CDF88267.1	CM003558.1	43.854	903	874	1	868	327238	324551	0.0	746
CDF88268.1	CM003560.1	64.378	772	722	22	722	999537	1001843	0.0	944
CDF88270.1	CM003563.1	36.283	452	481	38	476	365095	363743	2.39e-91	303
CDF88270.1	CM003560.1	37.002	427	481	51	471	378288	379562	3.79e-82	276
CDF88271.1	CM003560.1	58.376	197	201	1	197	1006885	1007472	2.56e-75	244
CDF88271.1	CM003559.1	52.062	194	201	1	192	196206	196784	1.52e-61	205
CDF88271.1	CM003558.1	44.608	204	201	1	192	319295	318687	1.78e-48	167
CDF88272.1	CM003562.1	58.813	1112	1100	1	1098	711370	714699	0.0	1343
CDF88272.1	CM003569.1	28.804	184	1100	892	1069	904937	905407	2.55e-13	73.6
CDF88273.1	CM003570.1	52.264	1016	982	1	978	196705	193670	0.0	1073
CDF88274.1	CM003570.1	57.303	89	87	1	87	193300	193542	2.45e-22	87.8
CDF88275.1	CM003566.1	38.261	230	202	5	202	58593	59264	5.09e-37	135
CDF88276.1	CM003565.1	51.485	303	312	9	306	404864	403959	1.74e-104	333
CDF88278.1	CM003558.1	56.634	309	315	1	308	576079	577005	3.82e-109	347
CDF88278.1	CM003570.1	55.814	301	315	4	303	383253	384155	5.08e-108	343
CDF88279.1	CM003570.1	91.906	556	583	1	556	386238	384571	0.0	1085
CDF88280.1	CM003570.1	31.956	1355	2595	619	1888	387641	391279	1.97e-152	532
CDF88281.1	CM003558.1	59.608	255	283	30	280	579861	579097	4.26e-109	345
CDF88282.1	CM003570.1	50.703	854	826	1	826	393829	396360	0.0	881
CDF88282.1	CM003569.1	24.872	390	826	5	386	243763	244821	1.03e-17	87.4
CDF88283.1	CM003570.1	47.005	434	439	24	429	397814	396534	9.18e-116	372
CDF88285.1	CM003558.1	47.529	526	553	1	508	580518	582068	2.79e-147	468
CDF88285.1	CM003560.1	28.958	259	553	302	552	1278560	1279234	4.14e-16	80.9
CDF88285.1	CM003560.1	31.073	177	553	300	473	1279373	1279822	2.63e-13	72.0
CDF88286.1	CM003558.1	65.854	246	257	15	256	582701	583432	4.02e-95	304
CDF88288.1	CM003570.1	72.876	1895	1882	1	1882	403870	398270	0.0	2852
CDF88288.1	CM003553.1	36.096	543	1882	1260	1797	195729	194230	1.52e-85	312
CDF88288.1	CM003569.1	34.808	520	1882	1282	1797	227203	228630	8.46e-84	306
CDF88288.1	CM003569.1	35.529	577	1882	1254	1817	200236	198716	1.01e-83	306
CDF88288.1	CM003569.1	25.753	365	1882	1281	1600	389859	388810	7.02e-21	99.4
CDF88288.1	CM003569.1	32.593	135	1882	1664	1798	388278	387880	5.36e-16	83.6
CDF88288.1	CM003558.1	34.082	534	1882	1281	1804	690522	689113	2.06e-78	289
CDF88288.1	CM003558.1	31.550	542	1882	1310	1816	364089	365576	6.02e-57	218
CDF88288.1	CM003558.1	28.609	381	1882	1271	1597	447710	448789	1.16e-26	118
CDF88288.1	CM003558.1	29.870	154	1882	1664	1817	449141	449593	8.19e-17	86.3
CDF88288.1	CM003564.1	31.250	576	1882	1271	1797	238885	237314	3.11e-77	285
CDF88289.1	CM003560.1	86.375	389	393	5	393	1289010	1287844	0.0	717
CDF88289.1	CM003560.1	85.567	388	393	6	393	1382857	1381694	0.0	706
CDF88290.1	CM003570.1	90.000	180	198	4	183	405246	405785	2.35e-105	330
CDF88290.1	CM003558.1	90.395	177	198	4	180	584894	585424	4.29e-104	327
CDF88291.1	CM003558.1	78.912	147	147	1	147	586660	587100	7.93e-79	252
CDF88291.1	CM003570.1	78.912	147	147	1	147	406882	407322	1.03e-78	251
CDF88292.1	CM003558.1	73.067	375	379	9	379	587619	588743	5.10e-173	533
CDF88292.1	CM003558.1	25.758	330	379	56	379	764086	763217	3.97e-17	82.0
CDF88292.1	CM003558.1	22.561	328	379	60	375	396004	396867	3.55e-13	70.1
CDF88292.1	CM003558.1	22.866	328	379	60	375	155768	154905	2.45e-12	67.4
CDF88292.1	CM003558.1	20.930	258	379	15	266	155582	154905	9.15e-11	62.4
CDF88292.1	CM003555.1	31.373	357	379	33	379	144642	145580	2.62e-46	168
CDF88292.1	CM003554.1	30.091	329	379	48	372	97891	97028	4.86e-36	138
CDF88292.1	CM003570.1	27.987	318	379	61	373	594871	594041	6.31e-31	123
CDF88292.1	CM003570.1	26.807	332	379	60	374	577087	576200	5.92e-22	96.7
CDF88292.1	CM003570.1	23.214	336	379	46	368	293327	292452	7.78e-19	87.4
CDF88292.1	CM003570.1	27.854	219	379	38	249	594664	594080	3.91e-13	69.7
CDF88292.1	CM003570.1	23.404	329	379	62	378	666965	667798	4.47e-13	69.7
CDF88292.1	CM003553.1	25.507	345	379	42	372	217605	216676	4.52e-27	112
CDF88293.1	CM003558.1	61.972	213	220	1	207	589714	589085	2.72e-79	257
CDF88294.1	CM003558.1	52.500	40	79	18	57	590197	590316	8.26e-11	54.7
CDF88295.1	CM003570.1	66.667	240	239	1	239	408518	407799	4.05e-104	329
CDF88296.1	CM003558.1	54.187	406	394	4	393	591801	590587	7.04e-150	468
CDF88296.1	CM003555.1	23.529	408	394	5	392	47459	48598	6.41e-30	120
CDF88297.1	CM003558.1	84.601	552	555	3	554	593858	592203	0.0	983
CDF88298.1	CM003558.1	69.825	802	785	20	784	598475	596091	0.0	1139
CDF88298.1	CM003559.1	30.081	246	785	560	782	56189	56896	2.31e-26	115
CDF88298.1	CM003559.1	25.573	262	785	453	710	94800	95540	8.38e-19	90.9
CDF88298.1	CM003559.1	25.519	337	785	450	708	75443	76447	9.43e-19	90.5
CDF88298.1	CM003559.1	26.786	224	785	515	713	56180	56830	2.95e-18	89.0
CDF88298.1	CM003559.1	35.294	170	785	552	710	75329	75826	2.57e-17	85.9
CDF88298.1	CM003570.1	30.952	252	785	466	708	880527	881240	1.50e-25	112
CDF88298.1	CM003570.1	27.966	236	785	505	739	260968	260279	8.91e-22	100
CDF88298.1	CM003570.1	28.269	283	785	492	719	260887	260048	1.13e-18	90.1
CDF88298.1	CM003570.1	31.405	121	785	592	712	880755	881114	2.19e-15	79.7
CDF88298.1	CM003560.1	30.508	236	785	511	714	1318399	1319103	1.05e-21	100
CDF88298.1	CM003560.1	24.910	277	785	471	712	1318447	1319220	1.41e-13	73.6
CDF88298.1	CM003560.1	25.000	220	785	520	710	1318300	1318959	2.26e-13	73.2
CDF88298.1	CM003561.1	28.689	244	785	491	711	145479	144763	2.20e-20	95.9
CDF88298.1	CM003561.1	25.839	298	785	460	709	145410	144589	2.51e-16	82.8
CDF88299.1	CM003570.1	46.570	277	282	10	282	410238	411068	1.42e-68	229
CDF88300.1	CM003570.1	49.333	75	336	153	227	409570	409346	9.40e-19	86.3
CDF88300.1	CM003558.1	46.667	60	336	165	224	595494	595315	4.49e-12	65.9
CDF88301.1	CM003562.1	46.980	149	346	150	297	483028	483474	1.31e-40	150
CDF88302.1	CM003566.1	73.134	335	333	1	333	824899	823895	2.30e-157	486
CDF88302.1	CM003562.1	69.069	333	333	1	331	485037	486035	5.56e-152	471
CDF88303.1	CM003562.1	44.706	85	130	1	80	486985	486731	2.19e-14	67.0
CDF88304.1	CM003566.1	45.378	119	630	513	630	823349	823702	3.85e-31	129
CDF88304.1	CM003562.1	48.718	117	630	514	630	487693	487346	6.08e-25	109
CDF88305.1	CM003566.1	59.876	805	795	4	795	818716	821082	0.0	972
CDF88306.1	CM003562.1	82.740	365	366	1	363	491075	489981	0.0	641
CDF88306.1	CM003562.1	30.508	236	366	9	221	886359	887042	6.68e-20	90.5
CDF88306.1	CM003562.1	26.471	374	366	19	340	891163	890213	7.66e-14	71.6
CDF88306.1	CM003558.1	55.738	366	366	1	362	184271	185326	7.72e-128	403
CDF88306.1	CM003558.1	35.127	316	366	11	311	540090	540959	3.52e-47	171
CDF88306.1	CM003558.1	27.823	248	366	13	229	275557	274838	4.70e-15	75.5
CDF88306.1	CM003558.1	25.581	301	366	19	311	729193	729975	4.90e-14	72.4
CDF88306.1	CM003558.1	26.087	230	366	3	228	13487	12852	9.00e-14	71.6
CDF88306.1	CM003563.1	49.530	319	366	7	321	368614	369549	6.67e-94	305
CDF88306.1	CM003563.1	28.448	232	366	7	238	221020	220367	4.15e-22	97.1
CDF88306.1	CM003563.1	26.885	305	366	8	311	443176	443946	1.41e-19	89.4
CDF88306.1	CM003563.1	28.251	223	366	10	224	26960	26346	1.89e-18	85.9
CDF88306.1	CM003566.1	44.818	357	366	7	362	351355	352329	5.24e-92	300
CDF88306.1	CM003566.1	26.129	310	366	7	290	92435	91563	2.36e-19	88.6
CDF88306.1	CM003566.1	24.497	298	366	10	260	838669	839502	1.06e-16	80.5
CDF88306.1	CM003566.1	28.959	221	366	113	329	312948	313484	8.43e-15	74.7
CDF88306.1	CM003565.1	44.582	323	366	7	320	517259	518191	6.52e-78	259
CDF88306.1	CM003565.1	30.484	351	366	11	343	484393	483431	4.50e-40	150
CDF88306.1	CM003565.1	26.646	319	366	13	312	461470	460700	1.67e-18	86.3
CDF88306.1	CM003565.1	25.153	326	366	16	307	535911	536792	1.07e-15	77.4
CDF88306.1	CM003565.1	25.656	343	366	8	316	419074	418178	1.15e-14	74.3
CDF88306.1	CM003565.1	25.806	217	366	11	220	532681	533262	6.29e-14	72.0
CDF88308.1	CM003566.1	71.429	287	288	2	286	817905	817045	6.95e-147	454
CDF88308.1	CM003564.1	31.310	313	288	3	281	534840	533920	3.97e-40	147
CDF88309.1	CM003562.1	85.057	87	87	1	87	494939	495199	1.78e-44	150
CDF88310.1	CM003566.1	80.675	859	860	2	860	813952	811376	0.0	1434
CDF88311.1	CM003562.1	60.092	218	238	4	221	496094	496747	1.80e-87	281
CDF88313.1	CM003566.1	55.410	536	528	3	527	808121	809626	0.0	599
CDF88313.1	CM003564.1	28.090	445	528	75	513	588715	589875	5.99e-51	187
CDF88313.1	CM003553.1	27.742	465	528	58	506	149720	150982	2.76e-47	176
CDF88314.1	CM003562.1	88.618	123	127	5	127	498630	498262	4.53e-69	223
CDF88314.1	CM003566.1	89.344	122	127	6	127	807376	807741	5.40e-69	223
CDF88315.1	CM003562.1	64.433	194	298	105	298	500104	500685	7.22e-81	265
CDF88316.1	CM003566.1	53.047	558	560	10	560	803402	805042	0.0	576
CDF88316.1	CM003567.1	45.068	517	560	1	516	858829	860277	3.27e-130	419
CDF88316.1	CM003567.1	37.018	389	560	1	370	668579	669685	3.20e-67	236
CDF88316.1	CM003569.1	41.828	361	560	38	392	817648	816635	5.26e-85	288
CDF88316.1	CM003569.1	41.457	357	560	33	380	1008736	1007714	6.03e-76	261
CDF88317.1	CM003566.1	83.784	1887	1882	7	1880	797284	802902	0.0	3325
CDF88317.1	CM003562.1	81.618	1904	1882	1	1880	506672	500994	0.0	3232
CDF88317.1	CM003567.1	54.664	1769	1882	138	1858	852991	858279	0.0	2004
CDF88318.1	CM003562.1	52.632	304	387	86	380	508372	507470	6.13e-96	312
CDF88318.1	CM003562.1	23.793	290	387	114	374	526804	527655	9.60e-13	68.6
CDF88319.1	CM003566.1	23.045	243	584	184	417	795394	796083	1.81e-11	65.9
CDF88320.1	CM003566.1	82.372	312	312	1	312	793171	794106	2.22e-151	468
CDF88321.1	CM003562.1	41.333	150	154	13	153	508828	509262	9.01e-30	112
CDF88323.1	CM003566.1	55.405	148	779	17	162	792343	791954	7.62e-24	107
CDF88324.1	CM003562.1	60.588	170	179	14	179	511245	510748	1.01e-66	219
CDF88324.1	CM003570.1	31.034	87	179	80	166	639927	639667	1.09e-15	72.8
CDF88325.1	CM003562.1	72.099	362	362	1	362	512747	511662	1.51e-180	554
CDF88325.1	CM003562.1	37.662	231	362	85	307	55359	54673	2.24e-44	162
CDF88325.1	CM003562.1	32.328	232	362	87	312	637925	638611	1.50e-33	130
CDF88325.1	CM003570.1	39.922	258	362	67	312	416893	417654	1.00e-51	184
CDF88325.1	CM003570.1	32.759	290	362	25	312	875258	874416	1.45e-44	163
CDF88325.1	CM003570.1	34.211	228	362	87	312	604414	605088	1.37e-28	116
CDF88325.1	CM003560.1	38.362	232	362	87	316	1278437	1279126	9.15e-44	160
CDF88325.1	CM003560.1	35.017	297	362	70	355	1279211	1280044	3.10e-41	153
CDF88325.1	CM003560.1	33.913	230	362	89	312	1073018	1072338	8.05e-37	140
CDF88325.1	CM003560.1	34.694	245	362	75	312	270826	270101	1.80e-34	133
CDF88325.1	CM003566.1	38.696	230	362	87	311	56728	56042	1.92e-43	159
CDF88325.1	CM003566.1	37.500	232	362	88	312	900929	900252	6.15e-40	149
CDF88325.1	CM003566.1	36.328	256	362	89	336	57706	56945	5.92e-39	146
CDF88325.1	CM003566.1	38.596	228	362	88	307	901742	901068	2.57e-38	144
CDF88325.1	CM003555.1	35.926	270	362	64	312	245365	244568	1.63e-42	157
CDF88325.1	CM003555.1	33.745	243	362	85	312	191183	190470	1.32e-28	116
CDF88326.1	CM003566.1	50.972	926	893	1	891	789684	786994	0.0	847
CDF88327.1	CM003566.1	44.186	387	597	262	597	785759	786874	3.84e-71	248
CDF88327.1	CM003566.1	38.785	428	597	1	397	784718	785881	5.84e-49	182
CDF88327.1	CM003553.1	32.258	124	597	465	580	77591	77959	1.10e-12	70.1
CDF88328.1	CM003562.1	89.623	106	107	1	106	514226	514543	8.88e-43	147
CDF88328.1	CM003566.1	88.679	106	107	1	106	783188	782871	6.12e-42	144
CDF88329.1	CM003562.1	52.899	276	274	4	274	515687	514866	6.79e-92	295
CDF88330.1	CM003562.1	75.527	237	237	1	237	516088	516798	1.47e-126	393
CDF88332.1	CM003566.1	54.455	202	617	422	617	772957	773544	4.31e-51	189
CDF88333.1	CM003562.1	47.143	280	289	18	287	521127	520288	5.05e-74	245
CDF88334.1	CM003562.1	78.814	118	118	1	118	521448	521801	3.23e-60	197
CDF88335.1	CM003566.1	75.085	293	765	1	292	769510	770379	4.64e-145	470
CDF88336.1	CM003562.1	81.529	471	515	45	515	523546	522134	0.0	799
CDF88336.1	CM003569.1	26.651	424	515	103	513	1021203	1020085	3.28e-27	115
CDF88336.1	CM003566.1	25.342	438	515	93	515	988899	990083	8.61e-24	104
CDF88337.1	CM003562.1	49.007	302	287	18	287	524988	524098	1.83e-83	272
CDF88338.1	CM003564.1	77.805	410	409	1	409	333337	332141	0.0	656
CDF88338.1	CM003562.1	55.432	359	409	51	409	227238	228299	2.28e-133	421
CDF88339.1	CM003570.1	35.638	564	606	13	572	780787	782415	4.27e-100	333
CDF88339.1	CM003562.1	36.348	564	606	13	572	306430	308046	9.49e-99	329
CDF88339.1	CM003563.1	30.400	500	606	78	571	334233	332770	4.24e-70	246
CDF88339.1	CM003566.1	34.052	464	606	118	577	70368	71744	1.80e-68	241
CDF88339.1	CM003569.1	30.059	509	606	118	595	248623	250122	1.52e-61	220
CDF88340.1	CM003562.1	34.503	342	345	23	322	228800	229807	8.87e-54	189
CDF88341.1	CM003562.1	51.963	764	741	1	738	230350	232515	0.0	660
CDF88342.1	CM003564.1	41.713	537	516	1	506	331773	330235	3.85e-131	419
CDF88343.1	CM003562.1	82.822	489	492	2	490	235153	236619	0.0	862
CDF88344.1	CM003562.1	61.486	148	147	1	147	237224	237664	2.28e-57	190
CDF88345.1	CM003564.1	81.915	188	193	7	193	329242	329805	2.23e-96	304
CDF88345.1	CM003564.1	34.559	136	193	5	138	192735	193097	4.65e-13	65.5
CDF88345.1	CM003566.1	30.328	122	193	52	171	488019	487660	1.92e-12	63.9
CDF88346.1	CM003562.1	64.151	106	106	1	106	225274	224960	3.38e-45	154
CDF88347.1	CM003562.1	65.455	55	71	2	56	224301	224465	8.93e-22	85.1
CDF88348.1	CM003562.1	62.951	1938	1938	7	1912	217839	223589	0.0	2468
CDF88348.1	CM003566.1	30.859	256	1938	723	963	176731	175982	5.93e-23	106
CDF88349.1	CM003566.1	50.092	1625	1836	244	1836	178150	173336	0.0	1572
CDF88349.1	CM003566.1	48.792	207	1836	4	203	178932	178315	6.35e-55	211
CDF88349.1	CM003562.1	23.795	664	1836	612	1235	219801	221525	5.15e-25	113
CDF88350.1	CM003562.1	78.406	389	398	2	390	216051	217217	0.0	618
CDF88351.1	CM003562.1	65.427	726	671	5	671	215761	213587	0.0	856
CDF88352.1	CM003562.1	67.838	370	380	1	362	212144	213253	5.01e-166	513
CDF88353.1	CM003566.1	67.575	367	874	512	874	108620	107523	2.06e-162	524
CDF88353.1	CM003562.1	30.519	308	874	530	836	580961	580077	2.26e-43	170
CDF88353.1	CM003562.1	32.733	333	874	530	828	882690	881734	3.96e-38	153
CDF88353.1	CM003562.1	24.464	233	874	611	830	882669	882037	5.16e-12	68.9
CDF88353.1	CM003570.1	26.800	250	874	551	793	645119	644397	5.76e-14	75.1
CDF88354.1	CM003566.1	70.370	351	492	142	492	172227	171175	6.40e-180	558
CDF88354.1	CM003560.1	25.191	262	492	142	398	97855	97094	1.44e-11	65.9
CDF88354.1	CM003569.1	24.370	238	492	170	399	761705	762382	5.62e-11	63.9
CDF88355.1	CM003566.1	71.255	247	242	1	242	170598	169858	5.49e-113	354
CDF88356.1	CM003566.1	52.258	155	158	19	158	169370	169828	5.46e-44	152
CDF88357.1	CM003566.1	57.537	544	537	1	529	169077	167473	0.0	639
CDF88357.1	CM003566.1	46.454	564	537	12	526	111012	112598	4.50e-157	495
CDF88357.1	CM003565.1	23.316	386	537	142	514	486942	485899	8.54e-17	82.8
CDF88358.1	CM003566.1	74.843	477	477	1	470	112964	114394	0.0	777
CDF88359.1	CM003566.1	37.234	282	339	67	339	165169	164384	2.20e-46	167
CDF88360.1	CM003566.1	71.810	337	336	1	336	163282	164292	1.19e-169	521
CDF88361.1	CM003566.1	73.469	49	50	2	50	116812	116666	5.47e-21	82.0
CDF88362.1	CM003564.1	74.144	1373	2152	781	2151	298461	294346	0.0	2172
CDF88362.1	CM003564.1	23.932	468	2152	121	560	300141	299017	4.25e-16	84.0
CDF88362.1	LIOO01000001.1	29.596	223	2152	1558	1776	10684	10046	7.89e-18	89.7
CDF88362.1	CM003560.1	29.596	223	2152	1558	1776	1071447	1070809	8.30e-18	89.7
CDF88363.1	CM003564.1	68.932	206	202	1	201	293359	293964	4.77e-92	292
CDF88364.1	CM003566.1	67.063	756	754	13	754	117205	119427	0.0	937
CDF88364.1	CM003566.1	32.492	317	754	240	544	679032	678094	1.07e-36	148
CDF88364.1	CM003563.1	37.947	419	754	183	592	308658	309884	7.50e-78	273
CDF88364.1	CM003563.1	36.434	387	754	229	597	95400	94276	6.11e-61	222
CDF88364.1	CM003567.1	38.400	375	754	224	590	823330	822242	1.14e-71	254
CDF88364.1	CM003560.1	34.152	407	754	239	593	1121960	1120755	1.48e-67	242
CDF88364.1	CM003560.1	31.728	353	754	239	590	1344632	1345654	6.78e-53	198
CDF88364.1	CM003560.1	33.784	370	754	253	601	560273	561361	3.95e-51	192
CDF88364.1	CM003560.1	30.728	371	754	237	601	1211043	1209970	6.01e-50	189
CDF88364.1	CM003560.1	31.967	366	754	233	593	1024726	1023662	5.60e-49	186
CDF88364.1	CM003560.1	32.172	373	754	245	590	650501	651604	1.18e-46	179
CDF88364.1	CM003564.1	33.962	371	754	238	596	341781	340693	1.10e-58	216
CDF88364.1	CM003564.1	30.137	365	754	226	590	564675	565739	6.68e-42	164
CDF88365.1	CM003566.1	31.748	652	640	15	640	121670	119757	1.50e-97	327
CDF88366.1	CM003566.1	58.612	418	446	24	433	122073	123302	2.93e-147	462
CDF88367.1	CM003566.1	40.299	871	918	36	891	126029	123471	4.16e-163	528
CDF88367.1	CM003566.1	20.874	412	918	470	865	603484	604668	2.17e-13	73.6
CDF88367.1	CM003569.1	28.986	345	918	481	821	922619	921615	5.33e-48	185
CDF88367.1	CM003567.1	27.094	406	918	428	828	771250	772410	2.83e-43	170
CDF88368.1	CM003564.1	63.559	118	118	1	118	292915	292562	1.44e-48	164
CDF88369.1	CM003566.1	65.109	642	641	1	641	126550	128370	0.0	815
CDF88370.1	CM003564.1	49.257	471	470	5	470	290923	292335	4.47e-159	498
CDF88371.1	CM003566.1	30.328	976	975	19	974	128663	131479	1.38e-115	391
CDF88372.1	CM003564.1	85.492	193	215	23	215	290214	289636	2.68e-115	360
CDF88372.1	CM003569.1	31.579	190	215	9	197	453465	454031	1.98e-25	102
CDF88372.1	CM003570.1	29.843	191	215	13	201	726015	726587	4.65e-20	86.7
CDF88373.1	CM003566.1	49.337	377	432	64	432	131917	133023	3.65e-111	358
CDF88374.1	CM003566.1	71.811	784	780	1	780	133339	135609	0.0	1124
CDF88374.1	CM003565.1	47.818	550	780	5	547	225606	227237	4.88e-162	520
CDF88374.1	CM003565.1	41.053	95	780	685	779	227427	227711	4.02e-15	78.6
CDF88374.1	CM003569.1	37.828	267	780	20	283	343834	344493	2.96e-40	159
CDF88375.1	CM003566.1	42.710	775	810	10	771	139619	137310	0.0	613
CDF88376.1	CM003564.1	62.748	604	607	6	607	288751	286952	0.0	769
CDF88377.1	CM003564.1	45.942	616	611	1	610	286695	284920	3.42e-152	484
CDF88378.1	CM003566.1	63.040	671	670	1	670	142015	140027	0.0	858
CDF88380.1	CM003564.1	34.600	500	509	22	509	283088	284563	3.39e-78	266
CDF88381.1	CM003564.1	45.346	419	1011	5	422	280708	281913	1.46e-100	347
CDF88382.1	CM003564.1	66.603	527	705	183	705	279092	277542	0.0	675
CDF88382.1	CM003564.1	52.514	179	705	1	179	279637	279101	0.0	196
CDF88382.1	CM003565.1	26.736	677	705	34	675	479356	481266	3.50e-41	161
CDF88383.1	CM003566.1	56.757	296	294	1	294	143411	142539	7.83e-88	285
CDF88384.1	CM003566.1	75.292	514	539	5	518	145159	143645	0.0	802
CDF88384.1	CM003566.1	22.841	521	539	7	514	15043	16512	3.30e-41	158
CDF88384.1	CM003564.1	30.268	522	539	22	517	18056	16515	6.85e-62	219
CDF88384.1	CM003562.1	25.536	513	539	16	511	71405	69903	4.41e-34	136
CDF88384.1	CM003560.1	23.544	395	539	78	463	916747	917913	1.02e-23	104
CDF88384.1	CM003560.1	23.544	395	539	78	463	933670	934836	1.02e-23	104
CDF88384.1	CM003553.1	20.709	536	539	10	516	282393	283964	2.57e-20	94.0
CDF88385.1	CM003566.1	75.053	473	473	1	473	145729	147111	0.0	765
CDF88386.1	CM003566.1	60.700	257	737	443	696	148315	147551	1.98e-130	301
CDF88386.1	CM003566.1	32.517	449	737	23	420	149568	148318	1.98e-130	184
CDF88388.1	CM003566.1	40.653	337	301	18	301	150085	151077	8.92e-78	256
CDF88389.1	CM003566.1	65.823	158	171	14	168	151731	151270	2.79e-61	202
CDF88389.1	CM003568.1	52.174	69	171	105	170	757777	757983	1.90e-17	77.4
CDF88390.1	CM003566.1	79.899	199	196	1	196	152215	152811	2.31e-97	307
CDF88390.1	CM003562.1	49.123	57	196	1	57	284050	284220	1.28e-13	67.4
CDF88390.1	CM003562.1	49.123	57	196	1	57	610838	611008	2.44e-13	66.6
CDF88393.1	CM003568.1	87.059	340	340	1	340	766001	764982	0.0	630
CDF88393.1	CM003564.1	87.059	340	340	1	340	8185	9204	0.0	630
CDF88393.1	CM003564.1	87.059	340	340	1	340	719243	718224	0.0	629
CDF88393.1	CM003560.1	87.059	340	340	1	340	1506065	1505046	0.0	630
CDF88394.1	CM003566.1	50.000	886	851	2	831	160644	158014	0.0	866
CDF88394.1	CM003566.1	26.587	252	851	428	652	684939	684283	9.49e-14	74.3
CDF88394.1	CM003564.1	21.635	416	851	386	745	676175	677398	2.49e-13	73.2
CDF88395.1	CM003566.1	53.200	500	456	1	447	160901	162400	7.49e-168	522
CDF88396.1	CM003564.1	75.622	402	421	18	419	346850	345645	0.0	612
CDF88396.1	CM003569.1	30.345	145	421	9	146	81466	81870	1.76e-11	65.1
CDF88397.1	CM003564.1	65.086	232	248	7	231	344743	345438	2.28e-102	324
CDF88399.1	CM003564.1	88.148	675	673	3	673	344390	342366	0.0	1189
CDF88399.1	CM003564.1	51.466	614	673	41	646	215567	217378	0.0	585
CDF88399.1	CM003557.1	64.812	611	673	38	646	128467	126641	0.0	796
CDF88399.1	CM003566.1	64.204	609	673	44	650	82846	81026	0.0	791
CDF88399.1	CM003566.1	47.091	550	673	43	575	847206	848840	6.68e-153	489
CDF88399.1	CM003555.1	64.356	606	673	44	645	364818	366632	0.0	791
CDF88399.1	CM003555.1	49.186	614	673	43	648	94974	96785	1.57e-176	557
CDF88399.1	CM003558.1	62.706	606	673	44	645	78271	76457	0.0	777
CDF88399.1	CM003558.1	27.313	670	673	6	634	556063	554099	4.61e-66	236
CDF88400.1	CM003566.1	46.591	176	165	11	164	163009	162482	1.95e-43	151
CDF88401.1	CM003564.1	75.584	770	762	1	760	341901	339595	0.0	1144
CDF88401.1	CM003564.1	29.293	396	762	20	410	564651	565799	2.07e-34	140
CDF88401.1	CM003567.1	38.544	467	762	41	504	823294	821921	2.97e-93	318
CDF88401.1	CM003563.1	37.088	364	762	41	402	308850	309908	2.42e-62	227
CDF88401.1	CM003563.1	33.676	389	762	16	393	95436	94294	1.69e-50	191
CDF88401.1	CM003566.1	33.598	378	762	41	410	117877	118983	2.65e-61	224
CDF88401.1	CM003566.1	28.315	445	762	38	414	679041	677764	7.95e-37	148
CDF88401.1	CM003560.1	33.512	373	762	24	392	1344584	1345654	4.44e-59	217
CDF88401.1	CM003560.1	30.809	383	762	38	411	1024714	1023608	9.74e-48	182
CDF88401.1	CM003560.1	28.908	467	762	41	440	1121957	1120605	4.38e-46	177
CDF88401.1	CM003560.1	28.868	433	762	34	437	650453	651736	5.72e-44	171
CDF88401.1	CM003560.1	31.298	393	762	49	411	560267	561394	1.03e-40	160
CDF88401.1	CM003560.1	26.494	385	762	33	407	1211067	1209958	1.36e-31	132
CDF88402.1	CM003564.1	64.038	317	323	1	317	301468	302412	5.44e-135	421
CDF88403.1	CM003564.1	73.367	199	199	1	199	338075	337488	9.53e-96	303
CDF88404.1	CM003564.1	56.527	835	824	1	822	334884	337346	0.0	922
CDF88405.1	CM003564.1	82.343	572	571	1	571	303907	305610	0.0	970
CDF88405.1	CM003564.1	27.176	563	571	13	565	517615	516014	2.53e-52	192
CDF88405.1	CM003564.1	28.224	535	571	31	552	318149	316626	2.79e-47	177
CDF88405.1	CM003564.1	25.940	532	571	32	550	181834	180314	1.23e-45	172
CDF88405.1	CM003560.1	26.748	572	571	1	557	1316427	1314826	4.44e-47	176
CDF88405.1	CM003560.1	25.573	567	571	4	560	622745	621093	5.77e-46	173
CDF88405.1	CM003560.1	23.561	556	571	25	560	661658	660066	9.21e-32	130
CDF88405.1	CM003553.1	25.437	515	571	44	551	231579	230128	4.08e-31	128
CDF88406.1	CM003564.1	71.739	644	655	1	634	306009	307934	0.0	940
CDF88407.1	CM003565.1	55.909	220	216	1	216	489382	488726	8.52e-74	241
CDF88408.1	CM003565.1	78.873	213	209	1	209	491416	492051	7.60e-114	355
CDF88409.1	CM003565.1	88.034	468	467	1	467	493684	492284	0.0	816
CDF88409.1	CM003565.1	32.645	242	467	200	432	596369	597085	3.75e-36	141
CDF88409.1	CM003562.1	51.768	311	467	142	452	637736	638668	1.18e-101	332
CDF88409.1	CM003562.1	37.918	269	467	205	451	55353	54556	2.21e-51	186
CDF88409.1	CM003562.1	33.750	240	467	205	437	512489	511788	2.67e-33	132
CDF88409.1	CM003569.1	45.732	328	467	138	465	271424	272404	1.29e-90	300
CDF88409.1	CM003569.1	47.403	308	467	156	463	539796	538888	4.46e-87	290
CDF88409.1	LIOO01000001.1	45.016	311	467	141	451	12453	11521	1.30e-89	297
CDF88409.1	CM003560.1	45.016	311	467	141	451	1073216	1072284	1.37e-89	297
CDF88409.1	CM003560.1	48.214	280	467	168	446	270901	270062	5.90e-80	269
CDF88409.1	CM003560.1	45.652	230	467	205	434	1278437	1279117	8.97e-60	211
CDF88409.1	CM003560.1	38.224	259	467	192	442	1279217	1279981	1.41e-50	184
CDF88410.1	CM003565.1	64.107	599	609	23	609	495826	494039	0.0	715
CDF88410.1	CM003568.1	41.013	612	609	46	604	344946	343222	1.04e-123	402
CDF88410.1	CM003564.1	22.886	402	609	193	572	288214	287054	2.20e-12	68.9
CDF88411.1	CM003570.1	76.845	691	695	1	691	352059	349990	0.0	1070
CDF88411.1	CM003558.1	72.378	677	695	1	677	555994	553964	0.0	1000
CDF88411.1	CM003558.1	27.618	659	695	1	642	78283	76460	6.61e-73	256
CDF88411.1	LIOO01000002.1	53.901	423	695	64	486	626	1888	0.0	412
CDF88411.1	LIOO01000002.1	73.759	141	695	551	691	2079	2498	0.0	191
CDF88411.1	LIOO01000002.1	90.625	64	695	1	64	439	630	0.0	123
CDF88411.1	LIOO01000002.1	69.118	68	695	478	545	1867	2064	0.0	75.9
CDF88411.1	LIOO01000002.1	45.304	181	695	37	208	546	1058	6.60e-33	135
CDF88411.1	LIOO01000002.1	90.909	33	695	407	439	1650	1748	5.76e-14	69.3
CDF88411.1	LIOO01000002.1	62.500	16	695	396	411	1618	1665	5.76e-14	26.2
CDF88411.1	CM003566.1	36.292	383	695	1	382	82858	81731	2.74e-72	254
CDF88411.1	CM003566.1	28.463	397	695	5	384	847209	848375	4.71e-44	170
CDF88411.1	CM003564.1	27.473	637	695	2	632	344264	342483	3.34e-72	254
CDF88411.1	CM003564.1	27.469	648	695	5	634	215576	217348	3.35e-59	216
CDF88412.1	CM003570.1	52.137	234	274	20	249	348952	349623	3.32e-77	253
CDF88412.1	LIOO01000002.1	56.643	143	274	20	162	3533	3108	1.85e-64	182
CDF88412.1	LIOO01000002.1	47.674	86	274	166	249	3093	2863	1.85e-64	80.1
CDF88413.1	CM003558.1	34.719	409	400	11	386	552417	553607	1.11e-69	237
CDF88414.1	CM003558.1	60.317	126	120	5	119	551847	551473	1.80e-44	152
CDF88415.1	CM003570.1	46.914	162	173	7	166	348255	348722	3.88e-37	134
CDF88415.1	LIOO01000002.1	46.914	162	173	7	166	4230	3763	9.98e-37	132
CDF88416.1	CM003554.1	59.296	199	225	24	222	26498	27085	4.92e-78	253
CDF88417.1	CM003558.1	74.091	440	440	1	438	551199	549880	0.0	689
CDF88418.1	CM003558.1	37.809	283	245	3	241	548860	549675	1.91e-49	172
CDF88419.1	CM003558.1	51.761	284	281	1	280	708432	709268	3.87e-95	305
CDF88420.1	CM003558.1	45.000	120	123	7	115	709688	709329	1.47e-27	104
CDF88421.1	CM003558.1	23.967	363	593	261	543	710759	711835	4.99e-25	109
CDF88422.1	CM003564.1	30.699	772	778	63	778	373841	376096	4.73e-85	295
CDF88423.1	CM003558.1	61.927	654	655	19	653	714105	712195	0.0	811
CDF88423.1	CM003555.1	33.333	189	655	457	633	470584	470048	3.76e-17	84.7
CDF88424.1	CM003558.1	73.684	228	231	3	229	715074	714391	3.55e-106	334
CDF88425.1	CM003558.1	33.333	102	97	1	97	715578	715273	2.73e-14	65.5
CDF88426.1	CM003558.1	72.819	493	493	1	493	715811	717280	0.0	753
CDF88426.1	CM003566.1	59.436	461	493	31	489	239074	237707	0.0	578
CDF88427.1	CM003568.1	43.137	204	225	36	217	330446	329877	4.21e-39	142
CDF88427.1	CM003568.1	33.143	175	225	37	190	323761	323273	2.08e-16	76.3
CDF88427.1	CM003568.1	26.471	170	225	27	165	479684	480193	9.81e-11	59.7
CDF88427.1	CM003569.1	43.575	179	225	31	196	594354	594860	5.31e-39	141
CDF88427.1	CM003569.1	33.333	144	225	33	170	403057	403440	1.55e-18	82.4
CDF88427.1	CM003565.1	42.347	196	225	32	194	202594	203169	1.56e-38	140
CDF88427.1	CM003565.1	27.136	199	225	35	216	120596	120036	1.40e-16	77.0
CDF88427.1	CM003558.1	43.137	204	225	34	225	717910	717320	1.96e-37	137
CDF88427.1	CM003567.1	35.122	205	225	36	225	249937	250536	3.95e-30	116
CDF88428.1	CM003558.1	38.128	1154	1623	9	1132	736629	733222	0.0	746
CDF88428.1	CM003558.1	36.634	202	1623	1439	1618	731499	730918	2.99e-21	100
CDF88429.1	CM003558.1	61.303	522	514	8	514	729154	730713	0.0	672
CDF88429.1	CM003558.1	27.969	261	514	12	268	13475	12735	4.13e-19	90.1
CDF88429.1	CM003558.1	30.818	159	514	74	220	275311	274853	7.03e-18	86.3
CDF88429.1	CM003558.1	27.027	296	514	19	279	540108	540959	2.85e-16	81.3
CDF88429.1	CM003558.1	25.779	353	514	11	314	184295	185296	8.47e-15	76.3
CDF88429.1	CM003560.1	31.410	312	514	4	295	66654	67562	1.96e-33	134
CDF88429.1	CM003560.1	30.545	275	514	20	279	120291	119551	1.40e-27	116
CDF88429.1	CM003560.1	29.930	284	514	12	279	98925	99734	7.74e-27	114
CDF88429.1	CM003560.1	27.027	296	514	8	279	1235194	1236057	1.23e-24	107
CDF88429.1	CM003560.1	26.667	300	514	14	285	137689	136823	1.71e-23	103
CDF88429.1	CM003560.1	27.439	328	514	16	327	1110287	1111237	1.60e-20	94.7
CDF88429.1	CM003560.1	26.736	288	514	19	279	802434	801610	3.47e-20	93.6
CDF88429.1	CM003560.1	26.295	251	514	60	279	1446954	1447694	2.18e-19	90.9
CDF88429.1	CM003560.1	31.034	203	514	21	219	45464	46042	7.88e-18	85.9
CDF88429.1	CM003560.1	28.782	271	514	65	313	553659	552895	7.57e-15	76.6
CDF88429.1	CM003560.1	26.667	225	514	12	219	1343382	1342735	1.21e-14	75.9
CDF88429.1	CM003560.1	29.032	155	514	74	214	493341	493799	1.14e-12	69.7
CDF88429.1	CM003560.1	28.000	175	514	64	220	1114749	1115258	2.33e-12	68.6
CDF88429.1	CM003570.1	32.292	288	514	16	285	279761	278928	2.53e-31	127
CDF88429.1	CM003570.1	31.963	219	514	71	283	160788	161405	1.14e-25	110
CDF88429.1	CM003570.1	27.402	281	514	16	279	257424	256621	3.17e-24	106
CDF88429.1	CM003570.1	28.025	314	514	21	317	262152	263018	4.26e-23	102
CDF88429.1	CM003570.1	28.788	264	514	28	291	151401	150658	3.17e-22	99.8
CDF88429.1	CM003570.1	28.629	248	514	10	220	741255	741986	7.83e-19	89.4
CDF88429.1	CM003570.1	30.769	208	514	91	283	281996	281403	1.04e-18	89.0
CDF88429.1	CM003570.1	25.166	302	514	19	279	486033	485173	2.04e-17	84.7
CDF88429.1	CM003570.1	30.952	252	514	65	296	494987	494268	7.34e-17	82.8
CDF88429.1	CM003570.1	24.832	298	514	21	279	659538	660419	1.50e-12	69.3
CDF88429.1	CM003569.1	30.961	281	514	16	285	308823	308005	3.19e-30	124
CDF88429.1	CM003569.1	30.627	271	514	16	282	789950	790744	4.00e-28	118
CDF88429.1	CM003569.1	29.286	280	514	12	279	956244	955441	1.60e-24	107
CDF88429.1	CM003569.1	31.884	207	514	77	279	839711	839136	2.66e-20	94.0
CDF88429.1	CM003569.1	30.380	158	514	73	220	974495	974034	2.30e-18	87.8
CDF88429.1	CM003569.1	30.244	205	514	91	283	311324	310731	3.56e-17	84.0
CDF88429.1	CM003569.1	25.600	250	514	75	290	95261	95998	4.14e-16	80.5
CDF88429.1	CM003569.1	37.069	116	514	122	233	260912	261253	2.11e-13	72.0
CDF88429.1	CM003565.1	32.444	225	514	55	277	418825	418199	1.18e-29	122
CDF88429.1	CM003565.1	32.701	211	514	75	279	532858	533451	3.26e-24	105
CDF88429.1	CM003565.1	30.303	297	514	4	280	461515	460700	8.67e-23	101
CDF88429.1	CM003565.1	29.333	225	514	77	281	536151	536810	1.29e-16	82.0
CDF88429.1	CM003565.1	27.755	245	514	65	275	320180	320890	7.16e-16	79.7
CDF88429.1	CM003565.1	25.346	217	514	102	279	598814	599461	3.22e-13	71.2
CDF88429.1	CM003565.1	30.256	195	514	21	210	484369	483821	1.04e-12	69.7
CDF88429.1	CM003565.1	30.201	149	514	93	223	446223	446654	2.80e-11	65.1
CDF88430.1	CM003558.1	41.031	446	419	1	412	728910	727630	1.37e-93	307
CDF88430.1	CM003564.1	32.765	293	419	17	296	377106	377933	2.73e-35	137
CDF88431.1	CM003564.1	39.189	370	431	1	356	379707	378598	3.37e-76	257
CDF88432.1	CM003564.1	65.963	379	340	1	340	389774	388638	2.53e-159	492
CDF88434.1	CM003564.1	81.674	1075	1064	1	1064	383163	379945	0.0	1816
CDF88434.1	CM003566.1	36.391	1003	1064	132	1064	905628	902728	2.21e-172	560
CDF88434.1	CM003562.1	24.124	485	1064	150	607	1020416	1021654	1.04e-26	117
CDF88434.1	CM003562.1	24.396	414	1064	157	526	51244	50183	8.05e-16	81.6
CDF88434.1	CM003556.1	26.154	390	1064	185	552	40659	41669	3.64e-16	82.8
CDF88435.1	CM003558.1	37.705	488	482	1	482	727342	725900	5.34e-98	322
CDF88436.1	CM003567.1	37.348	656	627	1	627	476489	478348	2.55e-127	413
CDF88436.1	CM003568.1	32.692	624	627	62	627	175004	176827	1.51e-94	318
CDF88437.1	CM003567.1	87.015	593	593	1	593	480436	478661	0.0	1095
CDF88437.1	CM003566.1	83.980	593	593	1	593	186978	185206	0.0	1051
CDF88438.1	CM003567.1	92.157	204	204	1	204	481508	480897	2.62e-126	390
CDF88438.1	CM003566.1	92.157	204	204	1	204	188253	187642	4.67e-126	390
CDF88441.1	CM003567.1	47.541	122	128	2	122	484891	485247	5.88e-32	117
CDF88442.1	CM003567.1	31.841	603	945	372	938	487065	488567	1.96e-51	196
CDF88442.1	CM003567.1	42.564	195	945	172	357	486153	486716	4.79e-22	101
CDF88442.1	CM003566.1	30.460	174	945	770	937	189939	190436	2.41e-11	66.6
CDF88443.1	CM003567.1	63.795	859	863	9	863	489180	491738	0.0	1132
CDF88444.1	CM003567.1	52.941	323	334	1	319	493084	492140	2.24e-108	345
CDF88445.1	CM003566.1	56.362	1116	1201	128	1201	190873	194160	0.0	1208
CDF88445.1	CM003566.1	25.846	325	1201	460	764	614384	613470	3.49e-17	86.3
CDF88445.1	CM003566.1	24.286	280	1201	946	1169	611513	610734	2.86e-13	73.6
CDF88445.1	CM003569.1	29.275	690	1201	562	1182	389778	387880	6.18e-71	260
CDF88445.1	CM003569.1	37.162	148	1201	1022	1169	199237	198815	1.76e-18	90.9
CDF88445.1	CM003569.1	25.000	320	1201	564	876	200080	199298	1.41e-16	84.3
CDF88445.1	CM003569.1	26.370	292	1201	563	841	227281	228006	4.78e-16	82.8
CDF88445.1	CM003569.1	34.646	127	1201	1042	1168	228223	228588	1.79e-15	80.9
CDF88445.1	CM003558.1	27.883	685	1201	563	1200	447839	449590	3.98e-64	239
CDF88445.1	CM003558.1	36.508	126	1201	1044	1169	689535	689173	3.40e-17	86.7
CDF88445.1	CM003558.1	25.079	315	1201	563	876	690441	689656	1.19e-16	84.7
CDF88445.1	CM003558.1	33.108	148	1201	1045	1190	365106	365525	9.52e-16	81.6
CDF88445.1	CM003570.1	25.846	325	1201	564	874	399994	399149	1.05e-20	98.2
CDF88445.1	CM003570.1	31.724	145	1201	1038	1181	398953	398531	5.60e-16	82.4
CDF88445.1	CM003564.1	32.919	161	1201	1044	1200	237724	237260	1.19e-17	87.8
CDF88446.1	CM003567.1	64.570	302	302	4	302	494532	493627	3.10e-134	418
CDF88446.1	CM003569.1	34.146	205	302	67	269	291694	291095	7.01e-33	127
CDF88446.1	CM003558.1	29.333	225	302	67	269	112811	112140	7.98e-30	118
CDF88447.1	CM003567.1	61.931	1295	1258	1	1250	494991	498761	0.0	1603
CDF88447.1	CM003566.1	29.710	690	1258	380	1043	941777	943564	2.47e-61	230
CDF88447.1	CM003568.1	40.187	321	1258	357	673	140288	141187	1.86e-51	199
CDF88447.1	CM003568.1	35.745	235	1258	715	942	141095	141799	3.53e-38	155
CDF88447.1	CM003555.1	31.757	444	1258	737	1175	181249	182361	2.34e-49	192
CDF88447.1	CM003555.1	41.502	253	1258	402	653	180514	181209	4.99e-49	191
CDF88447.1	CM003565.1	40.927	259	1258	393	650	379167	378445	2.62e-47	185
CDF88447.1	CM003565.1	31.393	481	1258	715	1181	67405	66173	2.85e-46	182
CDF88447.1	CM003565.1	39.394	264	1258	398	657	68092	67358	7.87e-45	177
CDF88447.1	CM003565.1	32.873	362	1258	736	1087	378396	377395	3.80e-34	142
CDF88448.1	CM003566.1	56.016	507	494	1	493	194451	195929	0.0	588
CDF88449.1	CM003566.1	75.899	473	466	1	466	197596	196178	0.0	706
CDF88449.1	CM003563.1	51.205	498	466	7	465	331102	329615	2.18e-148	467
CDF88449.1	CM003569.1	46.169	496	466	6	456	988891	990375	5.37e-142	448
CDF88450.1	CM003567.1	56.460	1339	1306	1	1306	499099	503109	0.0	1577
CDF88451.1	CM003567.1	53.974	302	314	12	313	503411	504316	5.10e-113	358
CDF88452.1	CM003566.1	84.146	82	84	1	82	204904	204665	3.58e-45	152
CDF88453.1	CM003566.1	47.111	1021	973	4	969	208217	205161	0.0	910
CDF88454.1	CM003567.1	73.643	516	513	1	513	505993	504461	0.0	778
CDF88454.1	CM003558.1	24.882	422	513	118	509	591747	590605	9.71e-20	92.0
CDF88454.1	CM003560.1	34.884	129	513	322	450	787618	787259	2.74e-13	71.6
CDF88455.1	CM003567.1	62.842	183	193	1	182	506865	506317	3.00e-76	247
CDF88456.1	CM003567.1	31.884	138	426	1	133	507503	507916	7.62e-15	75.9
CDF88458.1	CM003567.1	58.051	236	243	4	234	509140	509841	1.40e-87	281
CDF88459.1	CM003567.1	38.173	427	314	3	313	511277	509997	1.81e-75	250
CDF88460.1	CM003567.1	56.322	87	488	393	478	513915	514175	1.09e-29	122
CDF88461.1	CM003565.1	47.496	579	600	19	593	8961	10685	5.07e-158	500
CDF88461.1	CM003559.1	47.323	579	600	19	593	299782	298058	1.20e-157	499
CDF88461.1	CM003562.1	47.606	376	600	225	586	140472	139345	4.12e-154	322
CDF88461.1	CM003562.1	62.745	204	600	21	224	141083	140472	4.12e-154	241
CDF88461.1	CM003570.1	40.111	541	600	58	590	921535	923133	6.68e-120	390
CDF88461.1	CM003558.1	25.053	471	600	60	522	766459	767748	3.94e-20	94.0
CDF88462.1	CM003567.1	36.098	615	521	4	516	516149	514305	1.86e-116	377
CDF88463.1	CM003567.1	48.603	179	173	1	164	516458	516994	1.74e-50	172
CDF88463.1	CM003558.1	32.278	158	173	14	163	548380	547919	1.11e-17	78.2
CDF88463.1	CM003569.1	32.515	163	173	16	170	582334	581855	2.18e-17	77.4
CDF88463.1	CM003560.1	29.299	157	173	14	163	1399954	1399493	3.38e-15	71.2
CDF88463.1	CM003560.1	31.061	132	173	14	141	1299861	1299475	5.20e-15	70.5
CDF88464.1	CM003560.1	60.767	339	328	1	326	1200087	1201103	1.22e-128	404
CDF88464.1	CM003565.1	53.004	283	328	2	281	389035	388217	1.60e-85	280
CDF88464.1	CM003569.1	42.179	358	328	1	322	997220	998287	5.52e-66	223
CDF88465.1	CM003567.1	77.746	355	366	11	364	517470	518534	0.0	582
CDF88465.1	CM003567.1	25.267	281	366	34	305	253629	252898	7.20e-14	72.0
CDF88465.1	CM003567.1	27.014	211	366	38	239	445264	444668	6.09e-13	68.9
CDF88465.1	CM003560.1	63.661	366	366	1	361	1202392	1203486	1.94e-154	479
CDF88465.1	CM003560.1	34.122	296	366	40	320	1248649	1247807	8.07e-45	164
CDF88465.1	CM003560.1	25.243	309	366	40	322	1235233	1236072	4.01e-19	87.8
CDF88465.1	CM003560.1	25.439	342	366	33	323	120309	119323	2.06e-18	85.9
CDF88465.1	CM003560.1	25.210	238	366	38	250	98946	99617	5.33e-17	81.6
CDF88465.1	CM003560.1	27.843	255	366	8	240	66627	67355	6.99e-17	81.3
CDF88465.1	CM003560.1	25.926	243	366	38	250	137674	136982	2.21e-16	79.7
CDF88465.1	CM003560.1	29.231	195	366	74	255	1343235	1342666	9.76e-14	71.6
CDF88465.1	CM003560.1	25.962	208	366	34	233	45446	46039	5.29e-12	66.2
CDF88465.1	CM003568.1	39.667	300	366	40	327	723373	724263	2.37e-65	223
CDF88465.1	CM003568.1	24.696	247	366	29	232	105068	105778	1.54e-16	80.1
CDF88465.1	CM003568.1	26.255	259	366	33	260	76736	75990	7.82e-13	68.6
CDF88465.1	CM003569.1	36.644	292	366	40	322	1000759	1001622	4.13e-57	199
CDF88465.1	CM003569.1	28.852	305	366	33	317	644240	643383	8.63e-27	110
CDF88465.1	CM003569.1	33.182	220	366	33	239	789944	790567	1.67e-17	83.2
CDF88465.1	CM003569.1	25.424	236	366	39	250	956220	955558	1.56e-16	80.1
CDF88465.1	CM003569.1	27.309	249	366	36	250	95093	95803	1.18e-14	74.3
CDF88465.1	CM003569.1	28.571	217	366	34	231	308826	308218	1.73e-12	67.8
CDF88465.1	CM003569.1	25.571	219	366	33	229	839915	839304	1.09e-11	65.1
CDF88465.1	CM003566.1	32.099	324	366	5	317	351307	352212	2.91e-44	162
CDF88465.1	CM003566.1	25.589	297	366	26	259	838624	839466	1.32e-14	74.3
CDF88465.1	CM003566.1	25.097	259	366	38	254	92405	91665	2.01e-13	70.5
CDF88466.1	CM003560.1	64.837	583	587	3	577	1204012	1205760	0.0	798
CDF88466.1	CM003560.1	30.972	607	587	6	558	298698	296884	4.09e-84	286
CDF88466.1	CM003566.1	53.188	549	587	13	560	213803	212157	0.0	631
CDF88466.1	CM003566.1	51.885	557	587	2	557	390380	392050	0.0	612
CDF88466.1	CM003562.1	51.537	553	587	6	557	413474	415132	0.0	602
CDF88466.1	CM003567.1	23.633	512	587	23	481	455580	457010	3.96e-16	81.3
CDF88466.1	CM003555.1	24.125	514	587	8	482	120886	119459	2.88e-15	78.2
CDF88467.1	CM003566.1	24.186	430	463	28	450	988929	990074	2.66e-24	105
CDF88467.1	CM003569.1	25.806	403	463	8	396	1021266	1020193	4.46e-21	95.5
CDF88467.1	CM003568.1	24.096	415	463	7	390	52387	51173	2.71e-17	84.0
CDF88468.1	CM003567.1	56.222	450	468	35	468	519152	520465	4.84e-164	512
CDF88469.1	CM003560.1	75.701	107	107	1	107	1206348	1206665	1.62e-32	117
CDF88470.1	CM003560.1	79.558	181	199	2	182	1207678	1207136	3.84e-90	287
CDF88470.1	CM003567.1	78.571	182	199	1	182	522108	521563	7.21e-86	275
CDF88471.1	CM003560.1	96.324	136	143	8	143	1209133	1209540	2.35e-84	267
CDF88471.1	CM003567.1	96.296	135	143	9	143	523799	524203	1.39e-83	265
CDF88472.1	CM003567.1	43.448	290	337	48	337	524920	525690	4.32e-59	204
CDF88473.1	CM003560.1	93.049	446	443	1	443	1211232	1209895	0.0	837
CDF88473.1	CM003560.1	35.638	376	443	58	431	1024714	1023602	1.13e-71	244
CDF88473.1	CM003560.1	37.533	381	443	61	441	1344635	1345750	1.25e-70	241
CDF88473.1	CM003560.1	28.836	378	443	69	419	560255	561367	1.23e-35	139
CDF88473.1	CM003560.1	28.000	325	443	9	327	1122083	1121190	1.43e-27	115
CDF88473.1	CM003560.1	27.249	378	443	65	411	650498	651616	4.53e-26	110
CDF88473.1	CM003564.1	35.509	383	443	61	442	564717	565832	6.50e-61	213
CDF88473.1	CM003564.1	26.720	378	443	61	422	341775	340666	5.99e-33	131
CDF88473.1	CM003565.1	35.509	383	443	61	442	113971	112856	8.17e-61	213
CDF88473.1	CM003569.1	30.102	392	443	60	436	670249	671382	8.54e-53	189
CDF88473.1	CM003569.1	32.133	361	443	79	421	361405	360341	5.03e-48	176
CDF88473.1	CM003563.1	31.510	384	443	60	441	308847	309968	4.23e-52	187
CDF88473.1	CM003563.1	31.332	383	443	61	429	95361	94234	4.41e-43	161
CDF88475.1	CM003567.1	73.964	507	538	34	538	527616	526099	0.0	770
CDF88475.1	CM003567.1	46.882	465	538	91	535	24020	22653	1.90e-115	375
CDF88475.1	CM003560.1	59.665	538	538	3	538	1213228	1211624	0.0	629
CDF88476.1	CM003560.1	80.645	62	64	1	62	1213802	1213987	3.15e-19	77.8
CDF88477.1	CM003567.1	74.855	346	346	1	346	529827	528790	0.0	562
CDF88477.1	CM003558.1	30.894	123	346	6	117	562673	563041	7.35e-12	65.5
CDF88478.1	CM003560.1	76.923	273	272	1	272	1215054	1214236	2.52e-143	443
CDF88480.1	CM003567.1	30.000	150	203	68	201	530639	531085	2.14e-13	67.0
CDF88481.1	CM003567.1	36.264	91	129	1	91	531666	531938	1.98e-14	67.0
CDF88482.1	CM003567.1	36.620	284	275	1	272	532296	533147	1.15e-51	180
CDF88483.1	CM003567.1	64.706	187	192	4	190	533812	533273	1.76e-83	267
CDF88483.1	CM003567.1	26.994	163	192	9	162	323899	324315	2.04e-13	66.6
CDF88484.1	CM003570.1	37.597	258	280	6	252	481316	480543	1.27e-48	171
CDF88485.1	CM003560.1	68.067	238	243	1	238	1215477	1216184	3.43e-107	338
CDF88486.1	CM003567.1	54.728	349	362	6	351	534412	535458	4.54e-124	392
CDF88486.1	CM003555.1	22.843	394	362	7	358	361863	360736	1.33e-18	86.3
CDF88486.1	CM003558.1	21.053	361	362	33	354	82797	83834	3.58e-15	75.9
CDF88487.1	CM003560.1	39.429	350	523	31	370	1219571	1218573	3.24e-69	240
CDF88488.1	CM003567.1	30.919	718	697	1	690	539477	537333	2.10e-114	378
CDF88489.1	CM003560.1	54.964	413	416	10	415	1220185	1221408	1.02e-142	448
CDF88489.1	CM003570.1	34.307	274	416	101	364	879602	878829	1.61e-29	120
CDF88489.1	CM003562.1	25.070	355	416	74	377	831258	830212	1.31e-14	74.7
CDF88490.1	CM003560.1	49.782	458	433	1	432	1221710	1223068	7.64e-136	429
CDF88491.1	CM003560.1	59.504	121	136	1	121	1223688	1223326	3.66e-45	155
CDF88492.1	CM003556.1	47.987	298	294	1	292	34655	35548	3.25e-87	283
CDF88492.1	CM003563.1	31.864	295	294	7	293	18097	17252	1.47e-37	140
CDF88493.1	CM003560.1	64.400	250	236	1	235	846657	847406	1.78e-108	341
CDF88493.1	CM003556.1	64.898	245	236	1	234	35850	36581	8.14e-103	325
CDF88493.1	CM003570.1	47.727	88	236	134	218	437805	438068	1.68e-23	97.4
CDF88494.1	CM003556.1	40.361	664	600	4	600	38700	36742	4.53e-150	478
CDF88495.1	CM003556.1	54.445	2171	2137	1	2137	38997	45482	0.0	2437
CDF88495.1	CM003562.1	34.277	1590	2137	429	1972	51460	46799	0.0	899
CDF88495.1	CM003562.1	32.922	729	2137	483	1187	48739	46643	3.03e-97	351
CDF88495.1	CM003562.1	29.494	712	2137	462	1142	1020332	1022350	4.88e-71	265
CDF88495.1	CM003562.1	24.924	658	2137	1322	1943	1020359	1022236	5.98e-41	166
CDF88495.1	CM003564.1	26.016	369	2137	557	875	382542	381481	2.23e-18	91.7
CDF88495.1	CM003566.1	32.530	166	2137	723	876	904704	904243	2.62e-15	81.3
CDF88495.1	CM003566.1	28.718	195	2137	495	686	905568	905065	7.50e-11	66.6
CDF88496.1	CM003556.1	90.837	753	771	1	753	47939	45681	0.0	1444
CDF88496.1	CM003570.1	24.510	306	771	435	721	534172	535059	4.29e-24	107
CDF88497.1	CM003556.1	75.701	214	228	13	226	48988	48347	4.45e-106	334
CDF88497.1	CM003560.1	41.546	207	228	1	207	593499	592888	7.90e-46	161
CDF88497.1	CM003565.1	29.064	203	228	9	210	275231	275740	1.23e-19	85.9
CDF88498.1	CM003560.1	62.892	1245	1192	1	1191	847749	851468	0.0	1541
CDF88498.1	CM003560.1	30.519	154	1192	930	1082	1336174	1335713	7.87e-17	85.1
CDF88498.1	CM003569.1	26.853	823	1192	418	1160	938160	935854	1.41e-57	218
CDF88498.1	CM003559.1	23.827	831	1192	334	1124	38132	40441	1.37e-51	199
CDF88498.1	CM003563.1	36.364	209	1192	917	1114	185811	185206	3.37e-30	129
CDF88498.1	CM003561.1	34.228	149	1192	903	1051	127361	127792	8.57e-18	88.6
CDF88499.1	CM003556.1	52.335	835	855	4	823	51617	49365	0.0	797
CDF88499.1	CM003560.1	39.558	498	855	3	469	854420	853023	1.30e-108	367
CDF88499.1	CM003564.1	38.854	157	855	187	337	92335	92805	2.31e-24	108
CDF88500.1	CM003556.1	57.063	538	536	8	536	52388	53992	0.0	621
CDF88501.1	CM003556.1	39.278	443	760	240	660	55735	54557	2.26e-50	190
CDF88501.1	CM003556.1	51.471	136	760	17	149	56752	56360	2.37e-20	95.5
CDF88502.1	CM003556.1	72.650	1532	1699	14	1540	62230	57719	0.0	2341
CDF88502.1	CM003560.1	69.404	1510	1699	18	1514	860219	855720	0.0	2201
CDF88502.1	CM003560.1	43.750	96	1699	1606	1695	855767	855486	1.31e-11	68.6
CDF88502.1	CM003557.1	38.636	1056	1699	421	1467	85850	82965	0.0	666
CDF88502.1	CM003553.1	28.627	1020	1699	427	1441	58857	56218	9.51e-100	357
CDF88502.1	CM003567.1	34.750	541	1699	916	1448	552174	550657	4.13e-85	310
CDF88502.1	CM003567.1	27.094	561	1699	426	909	554316	552667	2.73e-51	199
CDF88503.1	CM003560.1	88.889	144	153	8	151	861424	860993	1.10e-83	266
CDF88503.1	CM003560.1	42.484	153	153	3	153	681245	680787	2.05e-36	130
CDF88503.1	CM003560.1	48.092	131	153	18	148	955814	956206	5.91e-35	127
CDF88503.1	CM003560.1	35.135	111	153	43	141	963270	963602	3.08e-18	79.0
CDF88503.1	CM003560.1	28.926	121	153	31	145	1178783	1178421	1.24e-16	74.3
CDF88503.1	CM003558.1	46.099	141	153	8	148	387037	386615	1.79e-36	131
CDF88503.1	CM003562.1	35.766	137	153	6	142	651773	651363	1.58e-29	111
CDF88503.1	CM003562.1	30.882	136	153	6	126	314876	314469	3.08e-12	61.6
CDF88503.1	CM003569.1	40.000	140	153	2	140	126376	126795	5.68e-29	109
CDF88503.1	CM003555.1	41.600	125	153	30	152	132554	132928	1.50e-26	102
CDF88503.1	CM003555.1	33.333	114	153	6	114	359802	360131	1.08e-14	68.9
CDF88504.1	CM003556.1	80.035	576	584	1	576	64629	62926	0.0	938
CDF88504.1	CM003561.1	30.179	391	584	42	391	69529	68423	7.14e-43	164
CDF88504.1	CM003563.1	29.412	289	584	37	299	404028	403180	2.97e-31	129
CDF88504.1	CM003568.1	28.497	193	584	9	200	189993	189424	3.34e-18	87.8
CDF88504.1	CM003568.1	28.022	182	584	223	403	189900	189403	9.38e-17	83.2
CDF88504.1	CM003559.1	25.329	304	584	130	401	213540	214448	9.63e-18	86.3
CDF88505.1	CM003556.1	70.867	1476	1423	2	1423	69605	65208	0.0	2038
CDF88505.1	CM003569.1	43.847	577	1423	356	925	200179	198524	1.00e-140	478
CDF88505.1	CM003569.1	43.487	522	1423	354	851	227179	228675	4.53e-120	416
CDF88505.1	CM003569.1	24.928	345	1423	372	663	389826	388804	5.47e-12	69.7
CDF88505.1	CM003553.1	45.776	509	1423	354	842	195684	194212	9.41e-124	427
CDF88505.1	CM003558.1	44.894	519	1423	359	871	690528	689032	3.06e-123	425
CDF88505.1	CM003558.1	31.893	486	1423	390	828	364089	365477	9.48e-55	210
CDF88505.1	CM003558.1	30.544	239	1423	350	557	447695	448348	3.68e-19	93.2
CDF88505.1	CM003558.1	33.735	166	1423	674	837	449045	449536	9.12e-17	85.5
CDF88505.1	CM003564.1	33.270	529	1423	368	837	238834	237311	1.33e-74	274
CDF88506.1	CM003560.1	87.007	608	607	1	607	862918	864741	0.0	1107
CDF88507.1	CM003556.1	56.332	229	227	6	224	71238	71924	1.30e-75	246
CDF88508.1	CM003560.1	61.189	286	316	1	276	865454	866311	6.07e-111	352
CDF88509.1	CM003556.1	49.870	768	740	1	738	72108	74360	0.0	744
CDF88510.1	CM003556.1	44.857	350	340	1	332	74654	75625	3.83e-59	204
CDF88511.1	CM003560.1	49.157	356	318	7	318	871887	872948	1.66e-100	322
CDF88512.1	CM003560.1	62.205	254	265	1	243	873142	873900	2.13e-99	317
CDF88513.1	CM003560.1	73.750	80	75	1	75	874274	874513	3.19e-36	126
CDF88514.1	CM003556.1	73.077	104	131	25	128	77433	77738	1.13e-44	153
CDF88515.1	CM003560.1	30.196	255	707	483	707	876427	877152	3.46e-22	101
CDF88515.1	CM003556.1	41.379	87	707	636	707	80151	80411	6.00e-14	74.7
CDF88516.1	CM003560.1	67.347	196	199	5	196	877442	878029	4.07e-89	284
CDF88517.1	CM003560.1	66.418	402	376	1	376	879370	878195	1.62e-153	477
CDF88518.1	CM003560.1	31.224	474	415	3	409	880993	879575	3.29e-67	230
CDF88520.1	CM003560.1	59.387	751	812	1	687	881362	883539	0.0	874
CDF88520.1	CM003560.1	38.136	118	812	703	812	883783	884136	5.91e-13	71.6
CDF88521.1	CM003560.1	45.389	965	891	8	891	887380	884489	0.0	838
CDF88522.1	CM003560.1	84.507	71	72	1	71	887628	887840	1.62e-36	127
CDF88523.1	CM003556.1	49.306	793	752	1	745	90447	88078	0.0	776
CDF88523.1	CM003555.1	49.306	793	752	1	745	478411	480780	0.0	776
CDF88524.1	CM003560.1	81.000	100	106	3	101	888357	888058	1.42e-49	166
CDF88525.1	CM003556.1	62.170	341	339	7	339	90882	91904	9.35e-144	447
CDF88525.1	CM003555.1	62.170	341	339	7	339	477976	476954	9.41e-144	447
CDF88526.1	CM003555.1	50.649	2004	2137	224	2136	475846	469976	0.0	1971
CDF88526.1	CM003556.1	41.300	954	2137	643	1538	94381	97008	0.0	650
CDF88526.1	CM003556.1	41.270	126	2137	1535	1658	96996	97370	0.0	90.9
CDF88526.1	CM003556.1	42.130	216	2137	286	497	93316	93936	6.71e-53	164
CDF88526.1	CM003556.1	44.000	75	2137	501	575	93945	94169	6.71e-53	63.5
CDF88526.1	CM003556.1	55.789	95	2137	559	653	94118	94390	3.29e-22	103
CDF88526.1	CM003558.1	28.934	197	2137	1933	2126	712788	712216	2.41e-14	78.2
CDF88527.1	CM003555.1	61.667	360	387	37	384	468762	469841	1.51e-152	475
CDF88528.1	CM003555.1	33.065	248	328	11	248	468451	467732	5.53e-32	125
CDF88529.1	CM003555.1	59.184	441	450	9	448	467595	466288	2.99e-177	549
CDF88530.1	CM003560.1	43.966	232	222	2	222	888543	889238	4.93e-55	187
CDF88531.1	CM003555.1	51.803	915	846	11	845	466022	463317	0.0	824
CDF88532.1	CM003562.1	51.792	614	586	5	584	742091	743932	0.0	608
CDF88533.1	CM003562.1	42.920	452	415	1	408	745506	744154	9.12e-115	368
CDF88534.1	CM003558.1	70.449	379	375	1	369	666127	664994	0.0	571
CDF88535.1	CM003558.1	52.874	87	88	1	80	664513	664773	4.76e-22	87.0
CDF88536.1	CM003562.1	79.070	516	508	1	508	745756	747303	0.0	837
CDF88537.1	CM003562.1	39.942	686	652	1	652	749548	747554	1.47e-108	359
CDF88538.1	CM003558.1	57.009	428	425	12	425	663019	664188	1.99e-145	456
CDF88539.1	CM003558.1	49.097	277	298	16	281	662579	661770	2.42e-70	234
CDF88540.1	CM003562.1	69.596	717	714	8	713	751984	749849	0.0	998
CDF88541.1	CM003562.1	82.099	324	324	1	324	753447	752476	2.45e-179	549
CDF88542.1	CM003562.1	64.065	615	570	4	570	755658	753841	0.0	801
CDF88542.1	CM003562.1	35.987	314	570	202	515	555328	556239	7.64e-58	208
CDF88542.1	CM003562.1	34.463	177	570	351	519	137560	137057	2.47e-23	103
CDF88544.1	CM003562.1	67.076	489	544	59	541	761007	759544	0.0	686
CDF88545.1	CM003562.1	90.066	755	777	1	755	761539	763797	0.0	1428
CDF88545.1	CM003555.1	49.688	642	777	92	728	180514	182373	0.0	630
CDF88545.1	CM003565.1	45.181	664	777	81	730	68113	66164	1.55e-171	547
CDF88545.1	CM003565.1	37.349	747	777	4	724	379404	377212	3.29e-140	456
CDF88545.1	CM003568.1	42.708	672	777	84	728	140399	142354	2.57e-164	526
CDF88545.1	CM003566.1	30.428	654	777	76	664	941783	943687	4.55e-78	274
CDF88546.1	CM003562.1	44.118	102	129	25	126	764383	764685	6.67e-18	77.0
CDF88547.1	CM003562.1	60.784	510	514	1	489	764951	766402	0.0	579
CDF88548.1	CM003562.1	92.411	224	259	36	259	767683	767012	4.55e-138	427
CDF88549.1	CM003558.1	38.462	104	151	48	151	659400	659089	1.40e-16	74.3
CDF88550.1	CM003562.1	51.743	545	517	22	517	768973	770607	1.64e-173	541
CDF88551.1	CM003567.1	57.143	63	435	371	432	513915	514103	1.15e-18	87.8
CDF88552.1	CM003558.1	49.493	986	947	1	947	658751	655893	0.0	926
CDF88553.1	CM003558.1	53.420	307	303	1	303	654846	655757	3.83e-110	349
CDF88554.1	CM003558.1	65.810	506	501	1	490	654667	653156	0.0	657
CDF88555.1	CM003558.1	41.655	725	794	156	790	650693	652843	1.48e-172	550
CDF88556.1	CM003562.1	70.500	600	599	1	599	772874	771075	0.0	908
CDF88556.1	CM003570.1	41.860	301	599	11	299	499413	498523	5.13e-62	221
CDF88556.1	CM003570.1	40.234	256	599	336	585	498246	497506	1.35e-49	184
CDF88557.1	CM003558.1	38.577	534	522	3	509	649787	648210	6.57e-117	379
CDF88558.1	CM003558.1	73.507	536	535	3	535	647859	646255	0.0	826
CDF88558.1	CM003558.1	21.717	396	535	169	526	298902	300089	5.91e-15	77.0
CDF88558.1	CM003558.1	21.763	556	535	53	521	453035	451452	1.21e-13	72.8
CDF88558.1	CM003557.1	21.288	559	535	20	535	31600	29996	1.98e-23	103
CDF88558.1	CM003566.1	21.795	390	535	185	535	426439	425288	4.77e-17	83.6
CDF88559.1	CM003558.1	77.322	366	360	2	360	645785	644688	0.0	595
CDF88560.1	CM003558.1	68.478	552	556	5	556	644185	642530	0.0	811
CDF88561.1	CM003562.1	36.533	375	371	4	358	774385	773282	2.65e-65	223
CDF88562.1	CM003562.1	73.810	126	127	2	127	774619	774993	8.15e-60	196
CDF88563.1	CM003558.1	86.655	1169	1177	2	1170	641775	638269	0.0	2131
CDF88563.1	CM003558.1	36.100	482	1177	5	466	620343	618961	8.28e-84	300
CDF88563.1	CM003562.1	86.894	1175	1177	1	1175	660581	657057	0.0	2117
CDF88563.1	CM003567.1	31.162	568	1177	7	509	655442	653799	2.26e-63	236
CDF88563.1	CM003568.1	31.274	518	1177	20	467	125517	127031	1.43e-62	234
CDF88564.1	CM003562.1	38.934	244	208	1	208	656084	656806	1.62e-38	139
CDF88565.1	CM003558.1	45.283	212	208	1	208	637364	637921	9.38e-49	169
CDF88566.1	CM003562.1	40.089	671	655	3	655	655793	653811	2.09e-161	513
CDF88566.1	CM003558.1	38.314	676	655	3	655	637123	635123	2.70e-149	478
CDF88567.1	CM003558.1	38.362	464	629	188	629	633660	634844	1.30e-69	245
CDF88568.1	CM003562.1	66.870	492	484	1	484	653554	652082	0.0	694
CDF88569.1	CM003562.1	96.988	166	169	1	166	651791	651294	2.39e-107	335
CDF88569.1	CM003562.1	39.394	99	169	36	131	314753	314457	3.55e-18	79.3
CDF88569.1	CM003567.1	37.654	162	169	1	148	301410	301895	6.85e-38	135
CDF88569.1	CM003560.1	40.909	132	169	16	147	955805	956200	1.23e-31	118
CDF88569.1	CM003560.1	38.583	127	169	14	139	861409	861029	6.71e-26	101
CDF88569.1	CM003560.1	37.594	133	169	32	151	963231	963629	3.08e-25	99.8
CDF88569.1	CM003560.1	35.971	139	169	10	141	1178864	1178448	3.70e-23	94.0
CDF88569.1	CM003560.1	34.127	126	169	7	130	681236	680859	2.89e-22	91.3
CDF88569.1	CM003558.1	41.538	130	169	18	147	387010	386621	1.27e-31	118
CDF88569.1	CM003569.1	41.549	142	169	7	147	126388	126813	1.28e-31	118
CDF88570.1	CM003562.1	28.462	260	257	8	252	650039	650803	2.47e-16	77.0
CDF88571.1	CM003558.1	62.523	547	560	28	558	631007	632518	0.0	644
CDF88571.1	CM003562.1	57.549	563	560	28	558	648172	649737	0.0	585
CDF88572.1	CM003562.1	74.167	480	481	4	478	647076	645637	0.0	770
CDF88573.1	CM003558.1	44.891	274	261	4	261	629903	630718	8.90e-68	226
CDF88575.1	CM003558.1	38.095	315	310	5	306	626671	625748	1.45e-48	172
CDF88576.1	CM003562.1	86.861	137	142	2	138	644498	644908	9.80e-78	248
CDF88576.1	CM003558.1	62.879	132	142	6	137	625138	625533	2.93e-46	158
CDF88577.1	CM003570.1	64.881	336	343	4	339	381761	382768	1.81e-156	484
CDF88577.1	CM003564.1	28.972	321	343	19	333	716833	717756	3.44e-34	132
CDF88577.1	CM003564.1	28.571	329	343	13	333	10567	9626	6.18e-34	131
CDF88577.1	CM003560.1	27.692	325	343	14	333	1503640	1504578	1.74e-32	127
CDF88577.1	CM003568.1	27.217	327	343	13	333	763657	764598	1.02e-31	124
CDF88577.1	CM003559.1	26.154	325	343	13	333	2599	1658	2.13e-28	115
CDF88579.1	CM003567.1	62.521	587	574	1	574	742621	744375	0.0	759
CDF88579.1	CM003560.1	23.507	268	574	114	377	469464	470195	1.01e-11	66.6
CDF88580.1	CM003569.1	60.652	399	383	1	382	852319	853500	9.73e-150	467
CDF88581.1	CM003567.1	48.760	1573	1555	1	1555	739796	735111	0.0	1490
CDF88582.1	CM003569.1	51.220	492	490	1	490	170099	171571	7.23e-170	530
CDF88583.1	CM003569.1	58.911	202	210	12	210	172341	171736	1.29e-79	257
CDF88584.1	CM003567.1	49.495	99	108	1	96	730590	730294	1.02e-27	103
CDF88585.1	CM003559.1	57.362	326	361	13	336	159447	160406	2.63e-114	364
CDF88585.1	CM003560.1	32.000	325	361	5	320	1003426	1002545	1.29e-44	163
CDF88585.1	CM003558.1	35.741	263	361	1	257	323044	323769	1.65e-40	151
CDF88586.1	CM003567.1	66.883	308	307	8	305	729051	729968	8.31e-127	397
CDF88586.1	CM003565.1	39.241	237	307	36	257	149183	148515	6.78e-34	130
CDF88586.1	CM003564.1	37.238	239	307	34	255	524697	525377	1.45e-31	123
CDF88586.1	CM003568.1	36.364	242	307	67	302	278237	277587	1.81e-29	117
CDF88586.1	CM003553.1	35.556	270	307	42	296	186220	185492	5.32e-27	109
CDF88587.1	CM003567.1	58.297	458	433	2	431	727952	726624	8.36e-161	501
CDF88587.1	CM003569.1	52.193	456	433	2	431	177640	178947	3.58e-148	464
CDF88587.1	CM003560.1	34.014	147	433	11	156	637605	637171	3.39e-12	67.4
CDF88588.1	CM003569.1	46.748	246	372	78	323	182514	183251	2.26e-73	246
CDF88589.1	CM003567.1	92.308	169	169	1	169	725517	725011	8.68e-105	327
CDF88589.1	CM003569.1	92.308	169	169	1	169	184437	184943	8.68e-105	327
CDF88590.1	CM003569.1	70.342	263	314	24	281	185349	186137	3.92e-122	384
CDF88591.1	CM003569.1	85.897	468	527	1	468	186836	188200	0.0	804
CDF88591.1	CM003562.1	25.000	208	527	188	381	399770	399156	1.34e-11	66.2
CDF88592.1	CM003569.1	31.579	551	476	6	465	188917	190524	1.28e-49	181
CDF88593.1	CM003569.1	61.556	450	443	1	437	191104	192435	1.52e-179	555
CDF88593.1	CM003564.1	30.380	395	443	82	439	653866	652724	6.06e-40	152
CDF88594.1	CM003567.1	76.490	302	307	8	307	723781	724686	1.38e-162	500
CDF88594.1	CM003558.1	22.997	287	307	1	275	764113	763280	6.87e-11	61.6
CDF88595.1	CM003569.1	51.464	239	236	1	235	196183	195476	9.73e-76	247
CDF88597.1	CM003567.1	47.606	376	448	1	342	723025	721904	2.15e-111	359
CDF88598.1	CM003554.1	27.232	448	516	54	487	34658	35839	1.19e-26	113
CDF88599.1	CM003567.1	60.648	432	462	39	453	721333	720065	3.13e-171	532
CDF88600.1	CM003569.1	76.139	1010	982	1	982	200350	197333	0.0	1565
CDF88600.1	CM003569.1	46.296	486	982	54	524	227185	228639	2.63e-133	443
CDF88600.1	CM003569.1	29.655	145	982	390	533	388278	387847	1.10e-15	81.3
CDF88600.1	CM003558.1	55.932	944	982	9	933	690663	687910	0.0	1004
CDF88600.1	CM003558.1	31.181	542	982	77	564	364053	365615	1.09e-59	223
CDF88600.1	CM003558.1	28.049	246	982	65	284	447773	448483	3.06e-21	99.4
CDF88600.1	CM003558.1	34.586	133	982	392	523	449147	449539	6.16e-17	85.1
CDF88600.1	CM003553.1	45.301	532	982	19	524	195813	194221	1.12e-139	462
CDF88600.1	CM003556.1	42.014	576	982	58	605	68510	66813	1.81e-135	449
CDF88600.1	CM003561.1	39.636	550	982	51	524	40134	38488	3.45e-115	390
CDF88602.1	CM003569.1	72.335	394	393	2	392	202292	201111	0.0	618
CDF88602.1	CM003564.1	43.878	392	393	6	366	547039	548199	1.03e-109	352
CDF88604.1	CM003569.1	51.402	428	427	4	427	204205	202937	9.83e-145	454
CDF88605.1	CM003567.1	70.796	452	453	2	453	718162	719511	0.0	693
CDF88605.1	CM003565.1	52.308	455	453	1	453	316191	317537	8.75e-154	481
CDF88606.1	CM003569.1	57.522	791	778	1	777	206771	204537	0.0	947
CDF88606.1	CM003567.1	55.711	788	778	1	778	715534	717705	0.0	884
CDF88606.1	CM003565.1	28.049	328	778	112	431	177038	176103	3.05e-21	98.6
CDF88606.1	CM003565.1	26.829	246	778	503	748	175703	175158	5.19e-13	71.6
CDF88607.1	CM003567.1	77.703	148	148	3	147	714783	715223	3.02e-71	230
CDF88608.1	CM003569.1	62.473	469	637	1	425	259952	261343	0.0	578
CDF88608.1	CM003569.1	68.235	85	637	553	637	261959	262213	2.05e-33	136
CDF88608.1	CM003569.1	31.004	229	637	178	395	308820	308158	1.82e-19	92.0
CDF88608.1	CM003569.1	30.516	213	637	180	382	839900	839286	1.11e-16	83.2
CDF88608.1	CM003569.1	27.313	227	637	177	387	956232	955588	6.62e-15	77.4
CDF88608.1	CM003569.1	28.936	235	637	178	405	789953	790618	1.54e-12	69.7
CDF88608.1	CM003569.1	25.346	217	637	171	381	311558	310944	1.80e-11	66.2
CDF88608.1	CM003560.1	47.093	344	637	142	451	1110176	1111195	3.80e-83	285
CDF88608.1	CM003560.1	49.573	234	637	163	396	1446780	1447472	6.29e-73	255
CDF88608.1	CM003560.1	29.469	207	637	177	382	120303	119713	4.05e-17	84.7
CDF88608.1	CM003560.1	30.638	235	637	177	397	66705	67376	2.87e-16	82.0
CDF88608.1	CM003560.1	28.384	229	637	177	387	98937	99587	1.62e-13	72.8
CDF88608.1	CM003560.1	30.890	191	637	233	415	1248505	1247963	4.40e-13	71.6
CDF88608.1	CM003560.1	26.906	223	637	178	375	1235221	1235862	2.19e-11	65.9
CDF88608.1	CM003568.1	45.879	364	637	54	396	485797	486813	7.01e-80	275
CDF88608.1	CM003559.1	38.340	253	637	153	395	187179	186430	1.53e-46	176
CDF88608.1	CM003559.1	31.019	216	637	177	382	230003	229386	6.34e-18	87.0
CDF88608.1	CM003559.1	26.852	216	637	182	382	73797	74435	3.35e-11	65.5
CDF88608.1	CM003565.1	33.871	248	637	175	392	535899	536633	1.17e-35	143
CDF88608.1	CM003565.1	29.832	238	637	185	396	598559	599263	2.43e-21	98.2
CDF88608.1	CM003565.1	25.769	260	637	177	397	419056	418325	4.43e-13	71.6
CDF88609.1	CM003569.1	37.921	356	403	56	385	263593	262538	5.47e-74	249
CDF88610.1	CM003569.1	61.321	106	106	1	106	264350	264033	1.36e-36	129
CDF88612.1	CM003569.1	79.827	347	345	1	345	267513	266473	0.0	578
CDF88612.1	CM003566.1	32.056	287	345	6	291	606083	606880	8.99e-46	166
CDF88612.1	CM003564.1	26.250	240	345	2	232	165784	166461	1.19e-19	89.0
CDF88613.1	CM003569.1	77.439	328	326	1	324	267874	268857	2.52e-165	509
CDF88614.1	CM003570.1	65.394	419	435	26	430	219458	218202	0.0	580
CDF88615.1	CM003569.1	50.342	584	514	1	514	270821	269088	5.67e-179	557
CDF88616.1	CM003569.1	85.714	441	433	1	433	271097	272407	0.0	767
CDF88616.1	CM003569.1	43.366	309	433	114	422	539835	538909	4.29e-78	263
CDF88616.1	CM003562.1	43.548	372	433	69	433	637592	638704	5.25e-95	311
CDF88616.1	CM003562.1	40.562	249	433	158	400	55380	54661	1.20e-53	192
CDF88616.1	CM003562.1	33.687	377	433	49	401	512870	511812	4.53e-45	166
CDF88616.1	CM003565.1	45.652	322	433	112	432	493255	492290	3.87e-89	295
CDF88616.1	CM003565.1	37.302	252	433	171	408	596378	597124	2.25e-42	159
CDF88616.1	CM003560.1	41.076	353	433	78	429	271075	270026	7.96e-83	276
CDF88616.1	CM003560.1	42.857	329	433	101	426	1073240	1072254	2.02e-82	275
CDF88616.1	CM003560.1	44.444	234	433	173	406	1278437	1279129	3.36e-59	208
CDF88616.1	CM003560.1	38.683	243	433	159	401	1279214	1279942	2.93e-49	179
CDF88616.1	CM003560.1	31.788	151	433	197	345	307168	307590	5.13e-13	70.1
CDF88616.1	LIOO01000001.1	42.857	329	433	101	426	12477	11491	1.93e-82	275
CDF88617.1	CM003569.1	44.393	214	214	1	207	273134	272493	7.67e-53	181
CDF88618.1	CM003570.1	57.679	293	296	1	292	216974	217852	9.26e-116	365
CDF88619.1	CM003570.1	69.804	255	261	2	256	865265	864501	1.27e-129	403
CDF88620.1	CM003570.1	72.414	145	158	3	147	865724	866158	1.14e-67	220
CDF88621.1	CM003570.1	45.703	512	470	1	470	866329	867804	8.66e-133	422
CDF88622.1	CM003568.1	41.877	277	259	4	259	441033	441851	2.84e-62	210
CDF88623.1	CM003568.1	41.520	171	185	8	169	440681	440175	2.12e-36	132
CDF88624.1	CM003563.1	61.916	428	431	6	431	167868	169139	0.0	561
CDF88625.1	CM003563.1	74.219	128	122	3	122	167581	167198	4.80e-48	162
CDF88625.1	CM003568.1	61.165	103	122	3	100	439968	439660	6.49e-36	128
CDF88626.1	CM003568.1	49.000	300	264	5	262	438361	439260	1.67e-87	282
CDF88626.1	CM003563.1	37.175	269	264	3	261	166144	166923	6.74e-51	177
CDF88627.1	CM003563.1	54.510	255	233	1	233	165854	165093	2.80e-76	249
CDF88628.1	CM003568.1	46.183	262	259	1	251	437804	437022	1.38e-67	225
CDF88629.1	CM003568.1	70.415	578	574	3	574	435081	436694	0.0	722
CDF88629.1	CM003563.1	82.353	391	574	6	396	163356	164507	0.0	677
CDF88629.1	CM003555.1	59.945	362	574	63	385	405030	406103	1.70e-143	457
CDF88629.1	CM003570.1	51.613	310	574	71	373	158453	159370	3.39e-97	323
CDF88629.1	CM003560.1	28.571	259	574	75	313	98934	99644	5.81e-13	70.9
CDF88630.1	CM003570.1	33.913	345	446	67	393	381737	382771	5.35e-58	205
CDF88630.1	CM003568.1	25.439	342	446	66	386	763606	764598	1.40e-17	84.3
CDF88630.1	CM003564.1	24.926	337	446	67	386	10615	9626	1.11e-15	78.6
CDF88630.1	CM003560.1	25.444	338	446	67	386	1503589	1504578	2.39e-15	77.4
CDF88631.1	CM003568.1	75.145	346	348	1	346	420749	419712	0.0	562
CDF88633.1	CM003563.1	50.688	509	505	2	500	161924	160419	5.31e-179	556
CDF88633.1	CM003562.1	29.077	509	505	24	501	935159	933744	6.19e-60	213
CDF88634.1	CM003568.1	64.341	129	129	1	129	434275	434661	1.83e-52	176
CDF88635.1	CM003563.1	38.095	105	101	4	101	159973	160284	6.17e-14	64.3
CDF88636.1	CM003568.1	78.745	494	494	1	493	422887	421406	0.0	795
CDF88636.1	CM003562.1	44.262	427	494	19	445	338925	340175	1.07e-113	368
CDF88636.1	CM003570.1	42.721	419	494	27	445	807936	809171	3.54e-111	361
CDF88637.1	CM003568.1	39.892	371	362	1	362	443791	442730	3.96e-63	216
CDF88637.1	CM003563.1	42.424	297	362	88	362	158551	159423	1.09e-59	206
CDF88638.1	CM003563.1	43.893	262	263	4	263	157055	156375	3.54e-61	207
CDF88639.1	CM003562.1	32.033	487	881	369	844	398060	396699	6.54e-67	243
CDF88639.1	CM003562.1	26.409	337	881	472	778	891169	890306	1.34e-20	97.1
CDF88639.1	CM003562.1	23.154	298	881	463	743	838025	837267	4.53e-19	92.0
CDF88639.1	CM003562.1	25.076	331	881	451	753	886308	887111	5.74e-17	85.1
CDF88639.1	CM003570.1	31.590	459	881	395	844	741039	742322	1.73e-66	242
CDF88639.1	CM003570.1	28.184	369	881	458	820	160599	161486	4.78e-37	150
CDF88639.1	CM003570.1	36.184	152	881	465	613	257439	256990	9.93e-21	97.4
CDF88639.1	CM003570.1	36.842	152	881	463	614	151464	151009	5.23e-17	85.1
CDF88639.1	CM003570.1	31.646	158	881	466	613	282224	281766	4.49e-12	68.9
CDF88639.1	CM003568.1	35.770	383	881	433	812	76826	75828	1.73e-64	236
CDF88639.1	CM003568.1	44.242	165	881	98	254	447629	447198	3.58e-28	121
CDF88639.1	CM003568.1	27.099	262	881	474	731	105101	105787	2.32e-14	76.6
CDF88639.1	CM003559.1	34.204	383	881	433	812	42036	41047	3.80e-63	231
CDF88639.1	CM003559.1	30.409	171	881	472	625	187098	186607	7.88e-16	81.3
CDF88639.1	CM003559.1	33.813	139	881	474	611	73797	74213	1.44e-13	73.9
CDF88639.1	CM003559.1	31.757	148	881	474	613	229988	229545	2.07e-13	73.6
CDF88639.1	CM003565.1	33.791	364	881	459	820	461497	460613	7.30e-46	178
CDF88639.1	CM003565.1	38.816	152	881	462	613	532669	533124	3.99e-33	137
CDF88639.1	CM003565.1	37.984	129	881	687	811	533140	533514	4.59e-21	98.6
CDF88640.1	CM003568.1	91.509	106	106	1	106	448521	448204	6.43e-54	178
CDF88640.1	CM003563.1	92.381	105	106	2	106	155350	155664	2.04e-53	177
CDF88641.1	CM003563.1	67.419	310	314	3	312	154104	153175	1.92e-140	437
CDF88642.1	CM003568.1	61.290	62	79	16	77	450009	449824	7.20e-22	85.9
CDF88643.1	CM003568.1	66.965	1117	1084	1	1084	450280	453609	0.0	1475
CDF88643.1	CM003560.1	36.675	409	1084	12	414	289709	288585	7.91e-71	259
CDF88643.1	CM003560.1	31.533	463	1084	571	1030	288557	287316	8.39e-64	237
CDF88643.1	CM003569.1	36.675	409	1084	12	414	510085	508961	8.12e-71	259
CDF88643.1	CM003569.1	31.533	463	1084	571	1030	508933	507692	1.01e-63	236
CDF88643.1	CM003565.1	22.453	530	1084	572	1065	544159	542684	8.03e-26	114
CDF88643.1	CM003565.1	27.157	313	1084	3	306	545263	544457	1.11e-24	110
CDF88643.1	CM003566.1	38.776	147	1084	20	166	697426	697839	7.15e-22	101
CDF88643.1	CM003566.1	38.514	148	1084	19	161	253409	252996	5.22e-17	85.5
CDF88645.1	CM003568.1	47.449	392	368	1	357	456521	455355	5.60e-112	357
CDF88645.1	CM003567.1	27.619	315	368	60	355	876676	877572	4.62e-22	97.1
CDF88645.1	CM003569.1	25.556	270	368	78	345	25986	25237	4.30e-18	84.7
CDF88646.1	CM003568.1	47.594	187	653	490	653	457577	458131	1.18e-39	155
CDF88647.1	CM003563.1	92.857	70	70	1	70	150410	150201	1.16e-39	136
CDF88648.1	CM003568.1	36.316	570	642	8	484	459024	460712	3.48e-69	244
CDF88649.1	CM003568.1	65.900	261	261	1	261	461546	462322	1.11e-117	369
CDF88650.1	CM003563.1	62.420	314	314	1	314	148916	149851	8.51e-128	400
CDF88651.1	CM003568.1	66.057	492	490	1	486	462690	464159	0.0	686
CDF88652.1	CM003568.1	44.267	1753	1678	27	1671	469602	464497	0.0	1349
CDF88653.1	CM003568.1	49.425	87	1154	6	92	470316	470570	1.35e-23	107
CDF88653.1	CM003563.1	47.368	95	1154	1	92	147334	147053	2.73e-20	96.7
CDF88654.1	CM003568.1	62.113	388	373	10	373	471791	472948	1.04e-149	466
CDF88654.1	CM003562.1	28.571	140	373	149	286	264636	265055	3.86e-13	69.7
CDF88655.1	CM003564.1	38.537	615	557	1	557	203064	201346	6.86e-96	319
CDF88656.1	CM003564.1	46.970	528	514	1	502	201035	199551	8.07e-134	427
CDF88656.1	CM003567.1	52.632	228	514	9	229	175104	174421	1.94e-69	241
CDF88659.1	CM003567.1	50.743	404	408	1	385	172440	173642	1.83e-140	441
CDF88660.1	CM003567.1	42.506	1341	1290	1	1290	172169	168237	0.0	1003
CDF88661.1	CM003567.1	39.752	322	326	6	326	167159	168085	1.33e-63	216
CDF88661.1	CM003558.1	29.545	132	326	201	315	525553	525921	1.32e-11	64.3
CDF88662.1	CM003564.1	53.247	154	150	4	147	198638	198180	2.48e-45	156
CDF88663.1	CM003567.1	65.517	435	431	1	430	165608	166912	0.0	609
CDF88664.1	CM003567.1	54.634	205	325	8	211	164425	165039	3.50e-73	244
CDF88664.1	CM003560.1	31.628	215	325	29	235	1460542	1461174	1.97e-26	108
CDF88664.1	CM003568.1	28.431	204	325	18	214	506761	507369	2.51e-17	81.6
CDF88665.1	CM003564.1	43.721	215	218	1	186	195290	195916	7.63e-43	152
CDF88667.1	CM003564.1	52.995	217	216	1	216	193830	193186	1.51e-74	243
CDF88668.1	CM003564.1	82.993	147	147	1	147	192720	193160	4.14e-83	264
CDF88668.1	CM003564.1	28.947	152	147	10	145	329248	329697	5.13e-12	60.8
CDF88668.1	CM003566.1	40.541	148	147	3	147	488118	487690	2.66e-28	107
CDF88669.1	CM003565.1	43.898	1098	1052	8	1051	594326	597433	0.0	831
CDF88669.1	CM003565.1	38.767	227	1052	702	925	493069	492389	1.49e-40	162
CDF88669.1	CM003560.1	30.348	603	1052	451	1032	1278527	1280173	9.64e-69	252
CDF88669.1	CM003560.1	42.105	228	1052	702	929	1278440	1279123	9.36e-51	195
CDF88669.1	CM003560.1	37.891	256	1052	677	926	270862	270101	1.44e-41	166
CDF88669.1	CM003560.1	33.460	263	1052	694	951	1073045	1072269	2.05e-37	152
CDF88669.1	CM003566.1	31.365	491	1052	449	929	901661	900243	1.72e-68	251
CDF88669.1	CM003566.1	38.655	238	1052	702	935	56725	56012	9.90e-53	201
CDF88669.1	CM003566.1	38.197	233	1052	702	929	901742	901044	1.30e-42	169
CDF88669.1	CM003566.1	39.535	215	1052	717	926	57664	57020	8.49e-40	160
CDF88669.1	CM003568.1	30.706	609	1052	456	1029	759612	761282	1.23e-62	233
CDF88669.1	CM003569.1	40.969	227	1052	702	925	271628	272308	8.09e-45	176
CDF88669.1	CM003569.1	33.858	254	1052	678	927	539727	538969	5.43e-36	147
CDF88670.1	CM003564.1	55.993	534	618	65	548	191802	190204	0.0	649
CDF88670.1	CM003564.1	26.136	352	618	206	505	617373	618335	3.41e-19	91.3
CDF88670.1	CM003564.1	24.850	334	618	195	511	614372	615184	6.34e-14	74.3
CDF88670.1	CM003565.1	47.504	661	618	3	612	597992	599914	0.0	595
CDF88670.1	CM003565.1	26.627	338	618	197	508	535920	536834	6.52e-20	93.6
CDF88670.1	CM003565.1	33.333	183	618	240	418	418813	418355	4.08e-15	78.2
CDF88670.1	CM003565.1	25.738	237	618	195	421	532699	533283	4.33e-12	68.2
CDF88670.1	CM003559.1	28.302	318	618	195	504	187098	186268	7.34e-27	115
CDF88670.1	CM003559.1	32.796	186	618	238	420	229847	229380	2.85e-17	85.1
CDF88670.1	CM003560.1	26.769	325	618	196	504	1446834	1447712	3.69e-25	110
CDF88670.1	CM003560.1	31.120	241	618	193	420	66714	67346	1.20e-19	92.8
CDF88670.1	CM003560.1	26.978	278	618	234	507	1110428	1111135	1.35e-19	92.4
CDF88670.1	CM003560.1	24.046	262	618	187	435	137689	136976	3.21e-13	72.0
CDF88670.1	CM003560.1	26.812	276	618	247	519	120147	119509	5.36e-13	71.2
CDF88670.1	CM003560.1	29.255	188	618	240	421	553662	553150	7.14e-11	64.3
CDF88670.1	CM003569.1	32.524	206	618	228	432	260705	261256	4.40e-24	106
CDF88670.1	CM003569.1	28.692	237	618	187	418	956238	955603	1.54e-14	76.3
CDF88670.1	CM003569.1	30.882	136	618	283	418	839627	839286	1.67e-12	69.7
CDF88670.1	CM003569.1	29.167	144	618	280	419	974405	974031	2.36e-12	68.9
CDF88671.1	CM003564.1	72.000	125	273	143	267	188530	188156	1.00e-53	186
CDF88672.1	CM003565.1	41.480	892	913	59	890	600980	603598	0.0	676
CDF88672.1	CM003564.1	37.841	917	913	19	901	187312	184622	0.0	644
CDF88673.1	CM003564.1	46.222	450	410	6	410	183082	184419	4.06e-129	409
CDF88675.1	CM003564.1	80.800	125	125	1	125	182703	182329	1.98e-66	215
CDF88676.1	CM003564.1	86.299	562	559	1	559	181984	180299	0.0	1003
CDF88676.1	CM003564.1	30.341	557	559	14	555	318245	316632	2.13e-77	265
CDF88676.1	CM003564.1	30.970	536	559	26	558	517627	516059	8.00e-73	252
CDF88676.1	CM003564.1	26.857	525	559	49	556	304000	305553	1.78e-50	186
CDF88676.1	CM003560.1	35.429	525	559	36	554	1316394	1314847	1.80e-89	300
CDF88676.1	CM003560.1	31.203	532	559	41	552	622688	621117	1.62e-65	231
CDF88676.1	CM003560.1	30.185	487	559	44	510	661652	660228	4.09e-54	197
CDF88676.1	CM003553.1	35.849	530	559	29	552	231669	230137	5.45e-80	273
CDF88676.1	CM003566.1	25.000	152	559	25	172	640920	640465	3.05e-12	68.6
CDF88677.1	CM003564.1	86.985	461	459	1	459	178740	180086	0.0	808
CDF88677.1	CM003561.1	36.986	365	459	99	452	208805	209785	3.23e-70	241
CDF88677.1	CM003560.1	29.605	456	459	5	453	1117119	1115962	5.50e-59	208
CDF88677.1	CM003563.1	28.412	447	459	4	444	173519	174613	3.96e-51	185
CDF88677.1	CM003566.1	21.951	410	459	106	447	281568	280417	8.00e-12	66.6
CDF88678.1	CM003565.1	78.264	2466	2462	1	2462	604836	612218	0.0	3973
CDF88678.1	CM003564.1	66.328	1868	2462	20	1873	178359	172840	0.0	2540
CDF88678.1	CM003564.1	87.267	589	2462	1874	2462	172840	171074	0.0	1077
CDF88678.1	CM003558.1	32.520	369	2462	2098	2462	43931	42909	6.58e-46	182
CDF88678.1	CM003558.1	32.653	392	2462	2073	2462	491793	492788	1.05e-45	182
CDF88678.1	CM003563.1	22.222	396	2462	2038	2386	224925	223774	9.90e-12	69.7
CDF88679.1	CM003564.1	47.482	139	141	1	139	170456	170869	6.04e-39	137
CDF88680.1	CM003564.1	69.972	353	352	1	350	170257	169199	1.13e-166	514
CDF88680.1	CM003568.1	42.460	252	352	9	258	694579	693887	1.44e-57	200
CDF88680.1	CM003569.1	39.928	278	352	24	298	943478	944251	7.40e-57	198
CDF88680.1	CM003569.1	25.547	274	352	20	270	334626	333823	4.70e-15	75.5
CDF88680.1	CM003558.1	29.305	331	352	25	287	403749	404723	1.37e-30	121
CDF88682.1	CM003565.1	45.796	1118	1059	1	1053	618105	614836	0.0	942
CDF88683.1	CM003564.1	68.750	192	192	2	192	168510	169085	4.32e-84	269
CDF88684.1	CM003564.1	73.913	322	322	1	321	167303	168268	2.70e-156	483
CDF88685.1	CM003565.1	37.079	267	278	5	264	618356	619108	4.72e-46	164
CDF88686.1	CM003564.1	75.065	385	384	1	383	165778	166929	0.0	612
CDF88686.1	CM003566.1	33.155	187	384	6	190	606080	606634	1.76e-22	98.6
CDF88686.1	CM003569.1	29.444	180	384	7	180	267498	266968	3.59e-18	85.5
CDF88687.1	CM003565.1	59.533	257	264	19	263	619965	619207	3.12e-95	305
CDF88688.1	CM003565.1	31.641	256	220	9	219	620963	620196	4.61e-27	107
CDF88689.1	CM003564.1	58.049	205	213	4	208	164970	165575	1.76e-74	243
CDF88690.1	CM003565.1	51.016	1280	1290	28	1286	621901	625719	0.0	1266
CDF88690.1	CM003565.1	22.921	445	1290	851	1277	14965	13706	3.90e-15	79.7
CDF88690.1	CM003565.1	23.538	650	1290	4	597	15532	13700	1.15e-14	78.2
CDF88690.1	CM003570.1	28.409	528	1290	772	1285	31419	32942	2.26e-47	185
CDF88690.1	CM003570.1	28.289	456	1290	183	622	31686	32996	1.09e-41	167
CDF88690.1	CM003560.1	23.028	951	1290	372	1281	771840	774443	4.13e-47	184
CDF88690.1	CM003560.1	24.022	358	1290	253	603	773400	774455	1.01e-22	104
CDF88690.1	CM003566.1	24.153	1151	1290	219	1275	29545	26330	1.41e-44	176
CDF88690.1	CM003566.1	27.362	508	1290	781	1275	515898	517382	9.77e-42	167
CDF88690.1	CM003566.1	27.529	425	1290	181	594	516147	517385	2.10e-37	153
CDF88690.1	CM003566.1	29.719	249	1290	1052	1281	105783	106520	2.58e-18	90.5
CDF88690.1	CM003566.1	32.589	224	1290	1080	1289	103872	104498	1.88e-17	87.4
CDF88690.1	CM003566.1	23.183	289	1290	345	603	27142	26300	3.16e-16	83.6
CDF88690.1	CM003566.1	31.193	218	1290	382	594	103836	104459	1.52e-15	81.3
CDF88690.1	CM003566.1	26.141	241	1290	381	607	105828	106544	4.36e-14	76.3
CDF88690.1	CM003566.1	21.090	422	1290	871	1275	29626	28433	1.54e-11	68.2
CDF88690.1	CM003567.1	29.500	400	1290	211	594	840611	839472	4.04e-38	155
CDF88690.1	CM003567.1	32.411	253	1290	1042	1289	840182	839433	1.17e-27	120
CDF88691.1	CM003565.1	77.756	1016	1015	2	1015	628968	625924	0.0	1663
CDF88691.1	CM003560.1	36.052	233	1015	392	618	276092	276733	6.71e-32	134
CDF88691.1	CM003570.1	28.426	197	1015	427	612	674346	674903	5.05e-21	98.6
CDF88691.1	CM003570.1	24.103	390	1015	1	387	883625	884617	1.51e-20	97.1
CDF88692.1	CM003564.1	44.920	187	178	5	177	164702	164154	3.68e-43	151
CDF88693.1	CM003564.1	56.675	397	395	1	394	163921	162740	3.29e-156	486
CDF88693.1	CM003562.1	27.594	453	395	54	388	622042	623382	1.15e-43	161
CDF88694.1	CM003564.1	74.341	417	407	1	405	161301	162545	0.0	615
CDF88694.1	CM003560.1	36.747	332	407	11	297	1469801	1468818	2.77e-64	222
CDF88694.1	CM003560.1	32.090	402	407	11	365	604991	606184	4.16e-57	201
CDF88694.1	CM003559.1	40.264	303	407	17	313	198254	199138	5.97e-60	209
CDF88694.1	CM003563.1	33.673	392	407	20	396	209698	210795	1.24e-52	188
CDF88694.1	CM003566.1	33.443	305	407	14	296	745659	744760	1.08e-50	182
CDF88695.1	CM003565.1	72.784	485	488	2	486	630028	631446	0.0	745
CDF88695.1	CM003568.1	31.621	253	488	6	227	99038	98283	4.71e-19	89.7
CDF88696.1	CM003565.1	63.782	624	622	1	622	633609	631741	0.0	868
CDF88696.1	CM003569.1	30.404	421	622	114	512	559484	558288	3.24e-50	187
CDF88696.1	CM003568.1	29.877	405	622	114	502	356355	357524	2.14e-49	184
CDF88696.1	CM003568.1	28.458	506	622	42	504	749704	751176	2.16e-44	169
CDF88696.1	CM003554.1	24.362	431	622	56	443	88932	90131	2.41e-11	65.9
CDF88697.1	CM003565.1	57.778	720	719	2	717	634051	636186	0.0	857
CDF88697.1	CM003558.1	31.140	228	719	89	301	596945	596274	3.80e-16	81.6
CDF88697.1	CM003566.1	32.099	162	719	94	246	567434	566955	1.23e-15	80.1
CDF88698.1	CM003565.1	39.683	189	180	15	178	636528	637064	1.93e-34	126
CDF88699.1	CM003564.1	81.905	315	315	1	315	159711	160643	3.00e-167	513
CDF88699.1	CM003564.1	26.122	245	315	4	242	558677	557991	4.61e-13	68.6
CDF88699.1	CM003564.1	23.264	288	315	41	305	128053	127220	2.03e-11	63.5
CDF88699.1	CM003555.1	40.550	291	315	16	303	259871	259023	1.83e-61	210
CDF88699.1	CM003555.1	26.280	293	315	25	292	144711	145562	2.70e-15	75.5
CDF88699.1	CM003565.1	26.132	287	315	26	302	135642	136463	7.83e-15	73.9
CDF88699.1	CM003558.1	30.899	178	315	41	196	588195	588722	5.38e-14	71.2
CDF88699.1	CM003570.1	25.267	281	315	24	293	594868	594065	1.63e-12	67.0
CDF88700.1	CM003570.1	57.190	306	303	1	302	666881	667798	7.56e-116	365
CDF88700.1	CM003570.1	29.225	284	303	30	297	594859	594041	9.27e-27	108
CDF88700.1	CM003570.1	25.839	298	303	29	299	293276	292431	2.56e-20	90.1
CDF88700.1	CM003570.1	21.562	320	303	9	297	577150	576203	2.77e-11	62.8
CDF88700.1	CM003558.1	51.227	326	303	1	302	429637	430614	1.94e-105	336
CDF88700.1	CM003558.1	25.321	312	303	43	303	587826	588743	1.57e-13	69.7
CDF88700.1	CM003558.1	25.952	289	303	28	302	764065	763220	3.73e-12	65.5
CDF88700.1	CM003569.1	28.239	301	303	18	297	570987	571850	6.09e-31	121
CDF88700.1	CM003569.1	29.412	289	303	26	296	514455	515270	7.23e-28	112
CDF88700.1	CM003569.1	27.402	281	303	28	286	326424	325621	1.13e-21	94.0
CDF88700.1	CM003564.1	26.537	309	303	13	296	128143	127247	1.35e-23	99.8
CDF88700.1	CM003554.1	24.324	296	303	28	296	97861	97028	1.51e-15	75.9
CDF88702.1	CM003557.1	31.535	482	534	52	527	9025	7643	7.96e-74	254
CDF88702.1	CM003562.1	30.208	480	534	64	525	446915	448276	1.39e-65	230
CDF88702.1	CM003559.1	34.007	297	534	78	374	144856	145719	1.09e-60	195
CDF88702.1	CM003559.1	29.213	89	534	410	498	145818	146084	1.09e-60	56.6
CDF88702.1	CM003560.1	26.539	471	534	34	479	916651	917877	1.55e-24	107
CDF88702.1	CM003560.1	26.539	471	534	34	479	933574	934800	1.55e-24	107
CDF88702.1	CM003564.1	23.312	459	534	77	523	17900	16596	1.29e-17	85.5
CDF88707.1	CM003564.1	28.535	785	785	18	767	689043	691361	2.33e-105	355
CDF88707.1	CM003570.1	25.289	779	785	35	774	914251	912008	7.08e-59	217
CDF88710.1	CM003560.1	36.544	353	340	1	328	1316682	1317728	1.28e-59	206
CDF88711.1	CM003560.1	36.036	555	552	2	544	563174	561558	1.15e-85	289
CDF88711.1	CM003558.1	25.743	303	552	118	411	621957	621106	1.28e-11	66.2
CDF88712.1	CM003558.1	27.564	468	567	78	534	239789	238413	6.50e-45	170
CDF88712.1	CM003558.1	24.380	242	567	78	308	303567	302845	2.47e-13	72.0
CDF88712.1	CM003558.1	23.875	289	567	13	288	569852	570688	4.31e-12	68.2
CDF88712.1	CM003563.1	26.316	532	567	8	521	334314	332773	3.93e-44	167
CDF88712.1	CM003566.1	26.027	438	567	91	521	70443	71723	2.05e-38	150
CDF88712.1	CM003570.1	25.049	507	567	16	517	780916	782394	1.79e-37	147
CDF88712.1	CM003562.1	26.126	444	567	79	517	306727	308025	7.68e-37	145
CDF88713.1	CM003563.1	48.763	283	320	42	311	74912	74064	1.77e-82	270
CDF88713.1	CM003570.1	43.902	287	320	38	311	221076	220216	1.12e-73	245
CDF88714.1	CM003564.1	33.754	317	347	6	282	30399	29479	1.91e-38	144
CDF88715.1	CM003569.1	33.597	253	269	32	265	25983	25228	1.31e-45	162
CDF88715.1	CM003567.1	28.889	270	269	32	264	876754	877548	2.76e-22	95.1
CDF88715.1	CM003568.1	26.280	293	269	22	262	456251	455391	1.25e-15	75.5
CDF88716.1	CM003570.1	35.632	261	560	304	554	113387	114169	3.42e-43	164
CDF88716.1	CM003562.1	27.675	271	560	42	290	689932	689174	1.81e-16	82.0
CDF88717.1	CM003569.1	43.537	1323	1315	10	1315	214977	211141	0.0	1067
CDF88718.1	CM003567.1	43.612	227	238	1	219	710970	711608	2.13e-55	189
CDF88718.1	CM003569.1	36.649	191	238	1	182	215998	215429	1.14e-32	124
CDF88719.1	CM003569.1	72.772	202	206	1	202	216866	216261	1.79e-97	308
CDF88720.1	CM003567.1	38.048	707	694	1	694	708711	710741	2.18e-131	427
CDF88721.1	CM003567.1	53.372	1038	1032	1	1027	705330	708404	0.0	1117
CDF88722.1	CM003569.1	84.783	92	105	14	105	217579	217304	1.27e-49	166
CDF88722.1	CM003567.1	87.500	88	105	18	105	704660	704923	1.39e-48	163
CDF88723.1	CM003569.1	57.792	308	303	1	299	218570	219493	1.54e-116	367
CDF88723.1	CM003566.1	33.884	121	303	183	299	623511	623870	8.42e-11	61.6
CDF88724.1	CM003569.1	66.996	1418	1463	43	1438	223845	219637	0.0	1905
CDF88724.1	CM003555.1	31.275	745	1463	474	1195	91031	93001	4.13e-87	314
CDF88724.1	CM003555.1	27.919	197	1463	1189	1379	93341	93910	1.95e-12	71.2
CDF88724.1	CM003553.1	23.440	529	1463	726	1211	58329	56905	3.95e-22	103
CDF88724.1	CM003562.1	20.772	544	1463	921	1442	862264	863592	2.36e-16	84.0
CDF88724.1	CM003562.1	24.065	428	1463	911	1298	561064	559943	2.61e-16	84.0
CDF88724.1	CM003560.1	25.309	324	1463	928	1204	857666	856710	2.44e-15	80.9
CDF88725.1	CM003567.1	61.664	1719	1709	4	1701	702892	697742	0.0	2171
CDF88726.1	CM003567.1	55.621	338	341	1	338	696410	697423	2.90e-130	409
CDF88727.1	CM003567.1	47.195	606	542	1	538	696169	694400	3.51e-139	444
CDF88728.1	CM003569.1	61.432	1522	1651	152	1636	225658	230031	0.0	1796
CDF88728.1	CM003569.1	47.233	506	1651	695	1197	200221	198767	3.47e-133	460
CDF88728.1	CM003569.1	30.719	153	1651	1047	1198	388320	387871	6.91e-16	82.8
CDF88728.1	CM003553.1	57.079	890	1651	467	1331	196416	193831	0.0	936
CDF88728.1	CM003558.1	45.574	531	1651	690	1212	690600	689071	8.84e-122	425
CDF88728.1	CM003558.1	31.115	511	1651	747	1222	364089	365567	1.66e-60	229
CDF88728.1	CM003558.1	29.249	253	1651	724	955	447773	448486	6.39e-20	96.3
CDF88728.1	CM003558.1	34.437	151	1651	1041	1189	449069	449518	1.69e-18	91.3
CDF88728.1	CM003556.1	40.000	555	1651	711	1232	68528	66933	1.31e-116	409
CDF88728.1	CM003561.1	37.037	567	1651	715	1214	40119	38434	1.93e-106	377
CDF88731.1	CM003567.1	67.041	267	273	1	267	694180	693380	3.99e-123	385
CDF88731.1	CM003553.1	30.882	272	273	14	271	188818	188075	3.63e-19	85.9
CDF88731.1	CM003554.1	26.961	204	273	10	205	19242	19829	3.21e-14	71.2
CDF88732.1	CM003569.1	58.678	242	235	3	233	231420	230722	9.75e-85	273
CDF88733.1	CM003569.1	53.205	312	308	6	308	231769	232704	4.28e-107	341
CDF88733.1	CM003559.1	27.007	137	308	26	161	259071	259430	1.27e-11	63.9
CDF88734.1	CM003569.1	45.278	413	453	38	434	436783	438006	2.26e-103	337
CDF88735.1	CM003566.1	97.015	67	67	1	67	649056	649256	7.88e-37	127
CDF88735.1	CM003569.1	97.015	67	67	1	67	436155	436355	1.37e-36	127
CDF88736.1	CM003566.1	31.923	827	805	37	799	646368	648731	5.78e-103	348
CDF88737.1	CM003569.1	73.177	809	798	1	797	435859	433439	0.0	1258
CDF88737.1	CM003562.1	31.057	454	798	241	692	1011845	1010559	1.50e-63	231
CDF88739.1	CM003566.1	82.648	219	217	1	217	644828	644178	7.16e-120	373
CDF88739.1	CM003566.1	28.571	175	217	1	175	703632	703123	7.64e-22	92.0
CDF88739.1	CM003566.1	29.167	168	217	14	168	586641	586147	5.31e-14	68.9
CDF88739.1	CM003569.1	36.937	222	217	1	217	594333	594977	1.17e-42	151
CDF88739.1	CM003569.1	28.161	174	217	2	175	403033	403539	2.70e-21	90.5
CDF88739.1	CM003569.1	36.905	168	217	1	168	569932	569441	9.34e-21	88.6
CDF88739.1	CM003555.1	35.047	214	217	13	217	215304	214678	1.80e-37	137
CDF88739.1	CM003565.1	33.184	223	217	10	204	202597	203256	8.34e-37	135
CDF88739.1	CM003565.1	31.138	167	217	14	175	120590	120096	3.55e-17	78.2
CDF88739.1	CM003561.1	42.328	189	217	1	181	132375	131818	2.08e-36	134
CDF88739.1	CM003561.1	40.000	170	217	13	182	207095	207598	1.76e-34	128
CDF88740.1	CM003566.1	54.748	674	640	15	640	641849	643834	0.0	728
CDF88740.1	CM003569.1	58.781	558	640	123	640	431479	433149	0.0	658
CDF88741.1	CM003566.1	88.504	548	572	1	546	640959	639316	0.0	974
CDF88741.1	CM003564.1	25.316	158	572	5	162	181927	181466	1.21e-11	66.6
CDF88743.1	CM003566.1	42.723	426	427	3	397	300422	301696	8.21e-100	325
CDF88743.1	CM003568.1	35.185	378	427	3	368	273390	274433	3.45e-52	187
CDF88743.1	CM003568.1	28.000	450	427	2	370	298947	297676	8.60e-39	148
CDF88743.1	CM003568.1	50.000	68	427	3	70	173473	173658	3.43e-13	70.5
CDF88743.1	CM003568.1	43.902	82	427	4	83	557944	558183	1.98e-11	65.1
CDF88743.1	CM003567.1	31.302	361	427	4	350	667205	668224	5.76e-32	127
CDF88743.1	CM003561.1	26.238	404	427	4	357	156633	157760	4.48e-16	79.7
CDF88743.1	CM003554.1	42.105	95	427	4	96	78942	78670	6.95e-13	69.7
CDF88744.1	CM003560.1	31.332	383	287	7	286	815910	817010	1.21e-34	131
CDF88745.1	CM003566.1	31.449	283	278	1	253	301989	302816	7.88e-29	114
CDF88746.1	CM003560.1	71.429	77	97	22	97	815229	815023	5.51e-25	95.9
CDF88747.1	CM003560.1	58.497	559	554	1	546	811868	813538	0.0	662
CDF88748.1	CM003560.1	38.765	405	530	1	378	811602	810388	2.72e-98	325
CDF88751.1	CM003560.1	31.369	526	583	59	572	808580	807015	8.32e-61	218
CDF88751.1	CM003567.1	29.291	536	583	74	574	415840	414281	1.63e-49	184
CDF88751.1	CM003558.1	28.442	552	583	26	560	766279	767910	3.84e-46	174
CDF88751.1	CM003570.1	23.265	490	583	88	522	921577	923031	3.11e-19	91.3
CDF88751.1	CM003559.1	21.277	517	583	32	505	299758	298256	2.09e-13	72.4
CDF88752.1	CM003567.1	70.513	1092	1092	1	1092	864047	860781	0.0	1537
CDF88752.1	CM003555.1	21.450	993	1092	26	960	382259	379440	6.74e-24	108
CDF88753.1	CM003562.1	67.945	1460	1459	18	1458	31008	26656	0.0	2062
CDF88753.1	CM003560.1	31.463	1408	1459	89	1451	770538	774482	0.0	629
CDF88753.1	CM003566.1	32.536	1254	1459	240	1447	102876	106544	1.20e-176	586
CDF88753.1	CM003566.1	29.507	1359	1459	197	1447	30133	26288	1.58e-159	535
CDF88753.1	CM003566.1	32.143	280	1459	1180	1448	516648	517394	6.47e-27	119
CDF88753.1	CM003566.1	29.185	233	1459	582	795	516747	517442	4.87e-19	92.8
CDF88753.1	CM003566.1	23.849	478	1459	1002	1448	29692	28373	7.55e-11	65.9
CDF88753.1	CM003563.1	29.549	1154	1459	340	1444	501650	504901	1.31e-146	496
CDF88753.1	CM003565.1	27.234	705	1459	604	1289	14182	12215	1.89e-104	289
CDF88753.1	CM003565.1	39.024	164	1459	1290	1447	12215	11733	1.89e-104	110
CDF88753.1	CM003565.1	30.924	249	1459	1195	1432	625015	625689	4.83e-23	106
CDF88753.1	CM003565.1	27.184	309	1459	1138	1434	622759	623634	3.17e-19	93.6
CDF88753.1	CM003565.1	30.698	215	1459	585	773	622999	623631	1.23e-14	78.6
CDF88754.1	CM003567.1	65.286	821	814	1	814	867247	864812	0.0	1015
CDF88755.1	CM003562.1	77.627	295	310	15	309	25241	26125	1.15e-158	489
CDF88755.1	CM003562.1	28.030	264	310	34	293	34381	35094	3.34e-14	72.0
CDF88755.1	CM003567.1	27.675	271	310	31	296	851629	850898	4.15e-11	62.4
CDF88756.1	CM003567.1	44.444	324	349	24	346	868478	867543	6.88e-89	290
CDF88756.1	CM003562.1	37.971	345	349	14	348	23913	24884	1.37e-66	226
CDF88757.1	CM003567.1	47.685	216	197	1	182	869424	868807	9.47e-48	165
CDF88758.1	CM003562.1	72.611	314	309	1	309	22321	23250	1.96e-138	431
CDF88759.1	CM003562.1	75.982	433	433	1	432	20758	22056	0.0	561
CDF88760.1	CM003567.1	43.431	274	256	1	256	870225	871043	6.43e-62	209
CDF88761.1	CM003567.1	67.093	626	586	1	579	873079	871202	0.0	862
CDF88761.1	CM003565.1	26.571	557	586	35	573	60997	62487	2.36e-35	141
CDF88761.1	CM003569.1	26.362	569	586	36	573	606442	607950	1.10e-34	139
CDF88762.1	CM003567.1	82.479	234	233	1	233	873527	874228	1.05e-130	405
CDF88762.1	CM003567.1	31.140	228	233	1	220	81155	80496	2.12e-27	108
CDF88762.1	CM003562.1	33.058	242	233	1	233	84816	85529	5.94e-34	127
CDF88762.1	CM003562.1	31.050	219	233	1	215	310438	309791	3.88e-27	107
CDF88762.1	CM003562.1	26.106	226	233	6	222	573558	574229	5.60e-14	69.3
CDF88762.1	CM003569.1	31.064	235	233	4	233	830590	829895	2.16e-29	114
CDF88762.1	CM003569.1	34.225	187	233	6	190	72391	72951	2.59e-25	102
CDF88763.1	CM003568.1	26.569	685	655	75	653	24627	26666	1.07e-62	225
CDF88763.1	CM003567.1	31.741	293	655	41	305	41877	42752	1.63e-40	158
CDF88763.1	CM003567.1	33.597	253	655	67	305	789723	788968	3.68e-38	151
CDF88763.1	CM003567.1	28.037	321	655	393	652	788463	787501	3.80e-32	132
CDF88763.1	CM003567.1	28.479	309	655	395	652	43191	44111	3.78e-25	110
CDF88764.1	CM003567.1	49.008	353	328	1	328	712051	713100	3.41e-106	339
CDF88765.1	CM003569.1	54.331	127	185	59	185	210077	210457	5.36e-43	151
CDF88765.1	CM003560.1	46.667	135	185	45	179	680057	679662	2.37e-34	126
CDF88765.1	CM003566.1	43.411	129	185	45	173	481060	481437	1.39e-28	110
CDF88766.1	CM003569.1	38.086	512	511	1	511	209607	208177	7.28e-112	363
CDF88767.1	CM003567.1	64.039	406	402	1	402	714520	713303	8.73e-155	482
CDF88768.1	CM003569.1	84.106	151	151	1	151	207521	207973	1.81e-81	259
CDF88769.1	CM003570.1	64.607	178	178	1	178	790428	789910	2.23e-68	223
CDF88769.1	CM003562.1	57.303	178	178	1	178	317103	316582	1.62e-63	209
CDF88770.1	CM003562.1	45.808	334	1084	633	966	319158	320159	4.09e-74	269
CDF88770.1	CM003562.1	31.250	176	1084	1	161	317997	318452	4.76e-17	85.9
CDF88771.1	CM003570.1	51.030	437	376	1	373	792206	793510	1.04e-121	386
CDF88772.1	CM003562.1	34.404	218	202	1	195	321429	320800	9.33e-25	99.8
CDF88773.1	CM003562.1	48.324	716	660	1	660	321738	323876	0.0	598
CDF88774.1	CM003570.1	44.481	308	305	1	305	793787	794698	1.29e-84	276
CDF88775.1	CM003562.1	45.079	315	308	1	306	325031	324096	1.01e-81	268
CDF88776.1	CM003560.1	39.368	348	328	18	324	423150	422119	1.12e-63	217
CDF88777.1	CM003560.1	41.509	265	255	9	255	421242	422033	5.72e-60	203
CDF88778.1	CM003563.1	73.416	726	731	1	726	298543	296366	0.0	1179
CDF88779.1	CM003560.1	39.250	693	628	1	628	418942	420945	3.53e-126	410
CDF88780.1	CM003563.1	93.103	58	58	1	58	295977	295804	7.83e-33	115
CDF88781.1	CM003560.1	69.444	72	72	1	72	418543	418758	5.20e-30	108
CDF88782.1	CM003563.1	42.857	1092	877	3	875	266093	269173	0.0	729
CDF88782.1	CM003563.1	27.425	299	877	18	309	443188	443961	2.32e-23	105
CDF88782.1	CM003563.1	27.511	229	877	19	237	221002	220406	1.93e-17	86.7
CDF88782.1	CM003563.1	28.139	231	877	19	240	26951	26337	4.71e-13	72.0
CDF88782.1	CM003563.1	26.360	239	877	6	226	368593	369234	5.64e-12	68.6
CDF88782.1	CM003555.1	31.343	268	877	3	236	417847	418632	2.57e-24	108
CDF88782.1	CM003562.1	30.556	252	877	14	236	886359	887051	4.95e-23	104
CDF88782.1	CM003562.1	31.687	243	877	19	239	472878	472207	1.35e-21	100
CDF88782.1	CM003562.1	26.415	318	877	19	282	891181	890312	4.50e-14	75.5
CDF88782.1	CM003562.1	28.235	255	877	19	241	838010	837288	2.29e-11	66.6
CDF88782.1	CM003560.1	27.612	268	877	23	282	66714	67478	1.51e-19	93.6
CDF88782.1	CM003560.1	28.010	382	877	19	340	553947	552886	2.73e-19	92.8
CDF88782.1	CM003560.1	27.414	321	877	19	328	120306	119500	4.06e-19	92.0
CDF88782.1	CM003560.1	26.871	294	877	19	290	802446	801622	1.18e-17	87.4
CDF88782.1	CM003560.1	28.916	249	877	17	237	1235209	1235883	2.01e-17	86.7
CDF88782.1	CM003560.1	30.705	241	877	23	241	98946	99587	1.15e-15	80.9
CDF88782.1	CM003560.1	29.756	205	877	25	224	45464	46009	1.62e-14	77.0
CDF88782.1	CM003560.1	29.870	154	877	103	239	493395	493817	5.02e-14	75.5
CDF88782.1	CM003560.1	27.004	237	877	25	247	1446837	1447472	4.48e-13	72.4
CDF88782.1	CM003560.1	28.000	175	877	90	254	1110476	1110964	1.09e-12	70.9
CDF88782.1	CM003560.1	27.755	245	877	23	241	137674	137012	2.58e-11	66.6
CDF88782.1	CM003565.1	25.874	286	877	25	282	419041	418229	2.57e-19	92.8
CDF88782.1	CM003565.1	29.091	275	877	25	263	535920	536690	3.10e-17	85.9
CDF88782.1	CM003565.1	23.846	260	877	19	271	484387	483710	5.97e-13	72.0
CDF88782.1	CM003565.1	26.045	311	877	19	322	532687	533511	4.89e-12	68.9
CDF88783.1	CM003560.1	90.253	277	407	24	300	397364	396534	1.17e-172	533
CDF88784.1	CM003560.1	58.103	506	476	4	476	399164	397683	3.56e-178	553
CDF88785.1	CM003563.1	50.867	173	220	1	166	270100	269585	8.53e-48	166
CDF88786.1	CM003560.1	46.771	449	433	1	433	399453	400748	7.05e-124	395
CDF88787.1	CM003560.1	76.804	194	169	1	169	401030	401611	2.53e-92	291
CDF88788.1	CM003560.1	42.496	1266	1422	186	1410	402822	406403	0.0	902
CDF88788.1	CM003563.1	36.789	598	1422	170	723	271249	272787	7.90e-75	275
CDF88788.1	CM003561.1	34.091	396	1422	603	976	215886	217043	3.43e-56	214
CDF88788.1	CM003561.1	25.581	215	1422	987	1193	216411	217055	9.15e-16	82.0
CDF88788.1	CM003566.1	28.704	432	1422	586	971	258970	260253	5.89e-42	168
CDF88788.1	CM003566.1	23.810	189	1422	1012	1191	259708	260274	2.40e-12	70.9
CDF88789.1	CM003569.1	28.267	329	337	15	308	287988	288914	6.12e-14	71.6
CDF88790.1	CM003563.1	66.000	50	92	43	92	275296	275445	9.56e-18	74.7
CDF88791.1	CM003563.1	53.333	1035	1131	105	1130	276346	279387	0.0	1088
CDF88791.1	CM003570.1	25.472	318	1131	687	995	257439	256627	2.41e-14	77.0
CDF88791.1	CM003568.1	29.921	254	1131	685	925	723334	723939	4.70e-13	72.8
CDF88791.1	CM003561.1	24.638	345	1131	674	1008	95721	96587	9.30e-12	68.6
CDF88791.1	CM003567.1	25.940	266	1131	736	1000	253479	252853	1.94e-11	67.4
CDF88792.1	CM003560.1	60.662	1027	1007	10	986	409901	406824	0.0	1191
CDF88793.1	CM003560.1	62.500	752	737	1	737	410357	412612	0.0	966
CDF88794.1	CM003563.1	46.369	537	529	6	523	281265	279658	3.32e-152	481
CDF88795.1	CM003560.1	45.243	515	511	13	511	413021	414565	9.94e-143	452
CDF88796.1	CM003563.1	56.196	815	1037	3	809	282004	284445	0.0	952
CDF88797.1	CM003563.1	54.922	386	363	1	363	286540	285419	5.31e-128	403
CDF88798.1	CM003560.1	54.945	91	90	1	88	414755	415027	8.54e-27	100
CDF88799.1	CM003560.1	59.401	367	353	1	352	416458	415361	2.10e-143	447
CDF88800.1	CM003565.1	30.742	862	880	10	842	512221	509798	1.79e-108	367
CDF88800.1	CM003563.1	29.763	887	880	2	861	337593	340094	8.72e-107	362
CDF88800.1	CM003553.1	26.012	519	880	4	486	222198	223685	1.22e-37	152
CDF88800.1	CM003568.1	24.036	441	880	51	482	243091	241925	2.16e-16	83.2
CDF88801.1	CM003563.1	58.929	392	385	1	377	288000	289175	1.81e-148	463
CDF88802.1	CM003563.1	83.333	714	714	1	714	291448	289307	0.0	1298
CDF88804.1	CM003560.1	71.354	384	378	1	378	418340	417198	0.0	556
CDF88805.1	CM003563.1	50.591	1016	963	1	963	295059	292072	0.0	959
CDF88805.1	CM003560.1	29.803	406	963	588	955	1097700	1098899	1.35e-37	152
CDF88805.1	CM003557.1	30.118	425	963	590	955	176418	177644	4.56e-37	150
CDF88805.1	LIOO01000005.1	30.095	422	963	590	952	24494	25711	5.91e-36	147
CDF88806.1	CM003560.1	48.882	671	712	82	710	395970	394000	0.0	640
CDF88807.1	CM003563.1	41.590	327	316	4	315	264998	264030	2.28e-73	244
CDF88808.1	CM003569.1	51.558	642	606	1	595	691372	693282	0.0	612
CDF88808.1	CM003560.1	54.654	419	606	1	415	525583	526803	2.00e-144	461
CDF88808.1	CM003565.1	27.113	284	606	1	269	442335	443165	6.99e-15	77.0
CDF88809.1	CM003560.1	57.424	761	760	4	757	522839	525058	0.0	876
CDF88809.1	CM003569.1	41.012	751	760	22	757	688831	691032	1.42e-175	558
CDF88809.1	CM003553.1	36.893	103	760	73	174	162384	162082	6.02e-11	65.1
CDF88810.1	CM003569.1	49.809	787	767	2	762	685820	688156	0.0	726
CDF88811.1	CM003560.1	51.235	324	338	20	338	522202	521246	4.46e-105	336
CDF88812.1	CM003560.1	53.178	645	646	13	646	519136	521010	0.0	593
CDF88813.1	CM003569.1	62.687	268	281	2	260	685540	684749	1.59e-100	320
CDF88814.1	CM003560.1	69.136	324	347	2	323	517622	518587	2.89e-153	475
CDF88814.1	CM003560.1	26.019	319	347	35	324	1318240	1319088	1.23e-12	67.8
CDF88814.1	CM003562.1	26.459	257	347	5	219	795151	794441	3.06e-13	69.7
CDF88814.1	CM003559.1	27.778	270	347	18	273	75746	76438	7.57e-13	68.6
CDF88814.1	CM003566.1	28.745	247	347	54	281	546682	547380	2.49e-12	67.0
CDF88814.1	CM003555.1	22.356	331	347	28	327	290015	290929	2.32e-11	63.9
CDF88815.1	CM003569.1	47.843	255	355	33	279	684237	683473	7.73e-77	256
CDF88815.1	CM003569.1	46.602	103	355	254	355	683545	683246	8.70e-19	86.7
CDF88816.1	CM003560.1	65.847	366	373	13	373	517075	515978	1.09e-170	526
CDF88817.1	CM003569.1	55.072	897	875	1	872	680510	683134	0.0	1004
CDF88817.1	CM003558.1	24.164	269	875	118	359	201867	202643	5.52e-16	81.6
CDF88818.1	CM003569.1	77.821	257	258	1	257	680130	679360	5.65e-134	415
CDF88818.1	CM003562.1	39.574	235	258	30	226	590586	589903	3.17e-46	164
CDF88819.1	CM003560.1	50.596	1006	983	1	982	515443	512450	0.0	974
CDF88819.1	CM003558.1	29.076	877	983	81	939	773628	776036	6.29e-90	315
CDF88819.1	CM003570.1	24.381	525	983	414	883	476592	478103	4.33e-24	108
CDF88819.1	CM003562.1	24.381	525	983	414	883	566658	568169	9.52e-24	107
CDF88819.1	CM003562.1	31.818	154	983	735	860	862570	863025	7.51e-13	71.6
CDF88819.1	CM003562.1	25.088	283	983	372	631	861235	862023	4.51e-11	65.9
CDF88820.1	CM003569.1	61.620	284	279	1	279	678825	677980	2.21e-120	377
CDF88820.1	CM003560.1	59.928	277	279	6	279	512114	511287	2.03e-113	357
CDF88821.1	CM003569.1	48.169	355	430	102	430	677204	676218	2.41e-89	295
CDF88821.1	CM003560.1	32.520	123	430	130	251	510687	510355	5.14e-12	67.0
CDF88823.1	CM003562.1	69.917	605	560	1	560	99704	101491	0.0	845
CDF88824.1	CM003562.1	59.414	239	218	1	218	99010	98294	8.13e-95	301
CDF88825.1	CM003563.1	52.778	252	256	2	252	113818	113090	2.94e-81	264
CDF88825.1	CM003562.1	48.062	258	256	1	256	97997	97239	2.94e-81	264
CDF88825.1	CM003568.1	38.496	226	256	36	250	96128	95490	7.05e-40	145
CDF88825.1	CM003559.1	38.428	229	256	33	250	70048	69401	2.97e-39	143
CDF88826.1	CM003562.1	62.319	138	352	1	138	95901	95488	3.79e-50	179
CDF88826.1	CM003569.1	35.556	135	352	3	103	498052	497657	5.46e-14	72.0
CDF88827.1	CM003562.1	41.176	680	742	18	663	90441	92345	3.05e-138	449
CDF88828.1	CM003563.1	50.257	1558	1482	1	1482	108373	112932	0.0	1441
CDF88828.1	CM003567.1	26.623	462	1482	997	1418	399277	397970	8.65e-33	138
CDF88828.1	CM003565.1	28.834	489	1482	980	1393	261596	263011	2.30e-31	133
CDF88828.1	CM003566.1	30.247	324	1482	1102	1407	974372	975265	1.08e-24	111
CDF88830.1	CM003563.1	77.570	2412	2394	11	2394	100615	107841	0.0	3909
CDF88831.1	CM003563.1	58.491	636	626	1	625	98500	100377	0.0	755
CDF88831.1	CM003558.1	27.885	208	626	337	544	59889	59275	1.76e-21	98.6
CDF88832.1	CM003563.1	45.082	244	260	1	244	98208	97480	1.50e-65	219
CDF88833.1	CM003563.1	58.868	530	536	3	532	97140	95638	0.0	580
CDF88834.1	CM003563.1	83.962	424	433	8	430	95364	94093	0.0	749
CDF88834.1	CM003563.1	41.063	414	433	3	415	308832	310031	1.31e-82	276
CDF88834.1	CM003566.1	35.714	364	433	8	364	117874	118935	2.86e-62	217
CDF88834.1	CM003566.1	27.885	416	433	9	362	679032	677806	7.79e-38	145
CDF88834.1	CM003564.1	33.417	398	433	6	388	341784	340642	3.96e-55	196
CDF88834.1	CM003564.1	32.000	375	433	3	374	564699	565775	1.92e-44	165
CDF88834.1	CM003567.1	35.967	367	433	9	367	823294	822227	1.49e-52	188
CDF88834.1	CM003567.1	22.384	411	433	42	419	614987	613869	7.84e-11	63.2
CDF88834.1	CM003570.1	33.594	384	433	8	373	319624	318509	6.20e-51	184
CDF88835.1	CM003562.1	44.444	189	182	1	175	88311	87745	2.35e-39	140
CDF88836.1	CM003563.1	81.336	509	518	1	509	93723	92200	0.0	864
CDF88837.1	CM003563.1	57.619	630	620	1	616	91838	89952	0.0	738
CDF88838.1	CM003562.1	78.251	446	446	1	446	87081	85765	0.0	730
CDF88838.1	CM003566.1	41.584	101	446	344	439	908202	907900	3.09e-16	80.5
CDF88838.1	CM003566.1	36.441	118	446	326	439	908748	908401	1.85e-12	68.6
CDF88838.1	CM003560.1	36.667	90	446	346	433	1184469	1184200	2.44e-12	68.2
CDF88838.1	CM003560.1	36.047	86	446	356	439	1185000	1184743	8.84e-12	66.2
CDF88838.1	CM003565.1	40.000	75	446	358	432	215498	215274	2.28e-11	65.1
CDF88839.1	CM003562.1	89.615	260	260	1	260	84810	85589	1.12e-156	481
CDF88839.1	CM003562.1	39.901	203	260	8	209	310423	309833	1.01e-40	148
CDF88839.1	CM003562.1	26.630	184	260	8	190	573558	574091	3.49e-19	85.5
CDF88839.1	CM003569.1	35.885	209	260	6	209	830590	829982	7.94e-37	136
CDF88839.1	CM003569.1	39.326	178	260	8	184	72391	72900	3.20e-34	129
CDF88839.1	CM003567.1	33.333	219	260	8	225	81140	80502	4.05e-36	134
CDF88839.1	CM003567.1	34.599	237	260	1	232	873527	874204	2.28e-33	126
CDF88840.1	CM003563.1	44.228	719	757	1	690	89216	87066	0.0	602
CDF88841.1	CM003562.1	85.484	434	437	1	434	83023	81722	0.0	757
CDF88841.1	CM003563.1	83.524	437	437	1	437	86225	84915	0.0	720
CDF88841.1	CM003567.1	66.590	437	437	1	437	904710	906020	0.0	630
CDF88841.1	CM003570.1	66.362	437	437	1	437	11210	9900	0.0	627
CDF88841.1	CM003569.1	66.362	437	437	1	437	11056	9746	0.0	627
CDF88842.1	CM003563.1	51.497	167	161	11	161	84608	84114	2.87e-45	156
CDF88843.1	CM003563.1	46.024	415	433	21	426	83257	82043	2.47e-110	356
CDF88844.1	CM003563.1	62.863	482	623	145	618	77485	76040	0.0	635
CDF88844.1	CM003563.1	59.091	66	623	7	72	78211	78014	3.71e-18	87.8
CDF88845.1	CM003563.1	71.571	401	399	1	399	75050	73854	0.0	599
CDF88845.1	CM003570.1	65.835	401	399	1	399	221202	220006	3.14e-178	549
CDF88846.1	CM003563.1	58.047	379	375	11	374	75017	73881	7.69e-147	458
CDF88846.1	CM003570.1	55.409	379	375	11	374	221169	220033	3.91e-141	442
CDF88847.1	CM003568.1	73.171	164	166	1	164	91904	92359	6.25e-73	236
CDF88848.1	CM003568.1	80.220	91	91	1	91	91391	91663	1.05e-47	160
CDF88849.1	CM003559.1	48.954	1434	1348	5	1347	62905	58646	0.0	1315
CDF88850.1	CM003568.1	53.292	638	633	21	633	87289	89100	0.0	589
CDF88851.1	CM003564.1	51.282	858	763	3	762	645989	648460	0.0	759
CDF88851.1	CM003564.1	28.431	204	763	433	629	540330	540908	5.41e-17	84.7
CDF88851.1	CM003564.1	27.143	210	763	424	631	614351	614935	5.94e-17	84.7
CDF88851.1	CM003563.1	29.148	223	763	410	629	221053	220427	1.93e-20	95.9
CDF88851.1	CM003563.1	31.429	210	763	425	630	26957	26364	4.01e-19	91.7
CDF88851.1	CM003563.1	29.126	206	763	426	628	443188	443754	5.68e-19	91.3
CDF88851.1	CM003569.1	28.571	217	763	427	630	956235	955618	1.95e-17	86.3
CDF88851.1	CM003569.1	25.116	215	763	421	629	311564	310959	1.78e-14	76.6
CDF88851.1	CM003569.1	27.957	186	763	449	628	974585	974055	4.42e-14	75.1
CDF88851.1	CM003569.1	27.228	202	763	432	624	789962	790522	2.18e-12	69.7
CDF88851.1	CM003565.1	28.431	204	763	427	630	532687	533259	4.68e-17	85.1
CDF88851.1	CM003565.1	25.121	207	763	427	632	461470	460883	2.69e-12	69.3
CDF88851.1	CM003565.1	24.664	223	763	430	646	484378	483758	2.41e-11	66.2
CDF88851.1	CM003560.1	25.701	214	763	430	630	1343364	1342747	2.60e-15	79.3
CDF88851.1	CM003560.1	28.079	203	763	431	628	45458	46024	5.67e-15	78.2
CDF88851.1	CM003560.1	26.484	219	763	433	631	98952	99560	5.19e-14	75.1
CDF88851.1	CM003560.1	30.201	149	763	496	628	493365	493796	1.05e-11	67.4
CDF88851.1	CM003560.1	27.523	218	763	432	628	66717	67319	1.38e-11	67.0
CDF88851.1	CM003560.1	27.650	217	763	418	625	120348	119743	1.95e-11	66.6
CDF88852.1	CM003564.1	73.469	49	51	3	51	648939	648793	2.72e-15	65.9
CDF88853.1	CM003564.1	96.923	130	130	1	130	649962	650351	5.47e-83	263
CDF88853.1	CM003566.1	96.512	86	130	45	130	844624	844881	9.77e-53	176
CDF88853.1	CM003566.1	88.000	50	130	1	50	844009	844158	8.59e-23	90.9
CDF88854.1	CM003564.1	93.651	126	139	6	131	651058	650681	5.92e-75	240
CDF88854.1	CM003559.1	94.309	123	139	6	128	139304	139672	2.49e-73	236
CDF88855.1	CM003564.1	49.333	225	231	3	226	651866	652534	4.69e-73	239
CDF88856.1	CM003559.1	40.303	2181	2145	1	2144	137655	131191	0.0	1580
CDF88857.1	CM003564.1	52.956	389	385	9	377	653863	652718	1.43e-118	377
CDF88857.1	CM003569.1	31.186	388	385	11	378	191347	192450	2.54e-47	171
CDF88858.1	CM003564.1	49.788	472	542	89	537	655803	654400	3.09e-146	464
CDF88859.1	CM003559.1	40.935	877	1244	342	1164	129687	127270	5.46e-162	536
CDF88860.1	CM003562.1	48.556	935	868	5	865	409454	406713	0.0	743
CDF88861.1	CM003562.1	67.929	1241	1221	2	1221	404104	400400	0.0	1717
CDF88862.1	CM003570.1	42.908	282	289	11	288	738195	739031	7.66e-73	241
CDF88863.1	CM003570.1	81.493	335	335	1	335	740296	739292	0.0	588
CDF88863.1	CM003553.1	25.850	294	335	42	324	8162	7422	5.71e-19	87.0
CDF88863.1	LIOO01000009.1	37.895	95	335	43	136	14601	14323	7.72e-13	68.2
CDF88864.1	CM003562.1	43.197	463	453	5	430	400118	398730	3.38e-113	365
CDF88864.1	CM003569.1	26.627	169	453	179	344	187619	188116	1.17e-12	68.9
CDF88864.1	CM003566.1	23.028	317	453	17	314	533531	534436	3.76e-12	67.4
CDF88865.1	CM003562.1	79.225	568	573	9	573	398255	396564	0.0	944
CDF88865.1	CM003562.1	27.152	302	573	145	428	886281	887087	4.23e-21	97.1
CDF88865.1	CM003570.1	76.132	574	573	1	573	740766	742457	0.0	906
CDF88865.1	CM003570.1	28.198	344	573	177	512	160626	161504	1.35e-42	163
CDF88865.1	CM003570.1	27.509	269	573	176	428	257436	256759	1.56e-25	110
CDF88865.1	CM003570.1	28.425	292	573	177	467	151452	150724	3.65e-24	106
CDF88865.1	CM003570.1	24.918	305	573	177	478	262131	262874	6.62e-20	93.2
CDF88865.1	CM003570.1	27.376	263	573	160	416	282263	281613	4.80e-17	84.0
CDF88865.1	CM003570.1	26.587	252	573	178	423	486045	485416	2.93e-14	75.1
CDF88865.1	CM003570.1	22.264	265	573	178	429	659520	660200	7.97e-11	63.9
CDF88865.1	CM003568.1	30.591	474	573	101	546	446906	445509	3.34e-68	239
CDF88865.1	CM003568.1	33.245	379	573	164	525	76811	75780	7.29e-52	191
CDF88865.1	CM003568.1	26.616	263	573	178	416	710264	709596	4.36e-20	93.6
CDF88865.1	CM003568.1	27.615	239	573	184	417	105101	105790	1.78e-18	88.6
CDF88865.1	CM003559.1	32.092	349	573	164	498	42021	41047	1.78e-51	189
CDF88865.1	CM003559.1	26.689	296	573	184	467	229988	229242	2.34e-19	91.3
CDF88865.1	CM003559.1	27.152	302	573	184	470	73797	74588	9.20e-18	86.3
CDF88865.1	CM003559.1	30.405	148	573	184	321	187092	186649	4.59e-13	71.2
CDF88865.1	CM003563.1	31.105	389	573	167	546	26978	25971	1.90e-49	183
CDF88865.1	CM003563.1	24.548	387	573	30	416	442837	443775	2.61e-19	91.3
CDF88865.1	CM003563.1	27.961	304	573	178	473	221002	220253	9.48e-19	89.4
CDF88865.1	CM003563.1	26.070	257	573	176	418	368626	369270	3.77e-13	71.2
CDF88866.1	CM003562.1	43.191	514	485	1	485	396080	394563	3.59e-133	424
CDF88867.1	CM003570.1	64.759	891	852	1	848	745379	742728	0.0	1093
CDF88867.1	CM003562.1	28.177	181	852	628	802	264519	265046	8.83e-15	77.8
CDF88867.1	CM003556.1	24.638	207	852	605	799	64623	64036	5.27e-12	68.6
CDF88867.1	CM003556.1	27.429	175	852	629	803	64251	63745	1.57e-11	67.0
CDF88867.1	CM003556.1	25.806	186	852	628	803	63975	63436	3.62e-11	65.9
CDF88868.1	CM003562.1	82.260	1071	1108	38	1108	394183	390971	0.0	1784
CDF88868.1	CM003558.1	23.359	899	1108	180	1005	75994	73580	1.35e-41	166
CDF88868.1	CM003570.1	20.739	839	1108	170	920	471921	469558	2.67e-29	125
CDF88868.1	CM003566.1	25.723	346	1108	194	468	872158	871181	7.04e-16	82.0
CDF88869.1	CM003562.1	63.063	222	224	1	220	390126	390791	7.99e-91	290
CDF88870.1	CM003562.1	49.186	307	309	4	307	389835	388915	4.28e-96	309
CDF88870.1	CM003562.1	24.345	267	309	56	309	76952	77728	3.95e-11	62.4
CDF88870.1	CM003570.1	27.052	329	309	4	309	577114	576182	2.25e-23	99.4
CDF88870.1	CM003570.1	25.000	204	309	18	206	594589	593978	4.15e-12	65.5
CDF88870.1	CM003570.1	23.103	290	309	22	301	594859	594044	1.59e-11	63.9
CDF88870.1	CM003570.1	22.508	311	309	11	307	666941	667798	2.12e-11	63.5
CDF88870.1	CM003563.1	25.000	320	309	20	301	430341	429406	2.18e-18	84.3
CDF88870.1	CM003564.1	23.913	322	309	8	309	128134	127223	3.04e-16	78.2
CDF88870.1	CM003564.1	26.238	202	309	109	307	558626	558087	4.75e-14	71.6
CDF88870.1	CM003564.1	24.161	298	309	19	307	558611	557787	5.70e-14	71.2
CDF88870.1	CM003565.1	27.564	312	309	19	307	135639	136463	6.72e-16	77.0
CDF88870.1	CM003565.1	24.204	314	309	18	307	450796	449930	1.33e-13	70.1
CDF88870.1	CM003565.1	26.500	200	309	109	305	135624	136157	6.79e-11	62.0
CDF88871.1	CM003570.1	65.278	216	219	2	217	745723	746361	2.60e-92	294
CDF88872.1	CM003570.1	46.452	310	288	4	285	746746	747663	8.43e-84	273
CDF88872.1	CM003564.1	31.008	258	288	35	285	96767	96027	2.50e-24	101
CDF88873.1	CM003562.1	44.557	1185	1076	1	1076	387775	384338	0.0	769
CDF88873.1	CM003570.1	43.382	899	1076	1	794	748331	750904	0.0	635
CDF88873.1	CM003553.1	37.084	391	1076	205	576	145984	147000	4.50e-63	234
CDF88873.1	CM003568.1	36.769	359	1076	205	557	245082	246014	2.38e-57	216
CDF88875.1	CM003570.1	31.944	288	289	1	276	752102	752926	5.89e-32	124
CDF88876.1	CM003562.1	42.614	1645	1608	1	1607	379015	383901	0.0	1243
CDF88877.1	CM003562.1	41.970	660	653	33	652	378484	376520	6.73e-148	473
CDF88878.1	CM003570.1	45.653	2519	2532	5	2500	753494	760795	0.0	2176
CDF88878.1	CM003566.1	24.633	1295	2532	872	2010	1023340	1026927	1.87e-91	333
CDF88879.1	CM003562.1	67.156	953	947	1	947	376225	373376	0.0	1339
CDF88879.1	CM003569.1	33.465	254	947	236	457	972972	972211	8.92e-33	136
CDF88879.1	CM003568.1	30.943	265	947	230	448	699541	698750	7.77e-28	120
CDF88879.1	CM003570.1	29.630	243	947	224	457	72207	71533	6.46e-21	98.2
CDF88880.1	CM003562.1	63.253	332	340	17	340	373065	372070	4.56e-141	440
CDF88881.1	CM003562.1	40.132	152	172	22	171	371428	371880	1.00e-27	107
CDF88882.1	CM003562.1	69.865	594	600	1	581	371053	369302	0.0	773
CDF88883.1	CM003562.1	47.333	300	260	1	257	368102	369001	3.20e-87	281
CDF88884.1	CM003562.1	66.234	77	78	1	77	367872	367645	1.24e-26	99.4
CDF88885.1	CM003562.1	40.000	220	255	41	255	366829	367479	7.18e-44	157
CDF88886.1	CM003570.1	68.675	415	412	1	412	761206	762438	0.0	587
CDF88890.1	CM003562.1	33.755	237	497	1	222	299376	298711	3.48e-30	124
CDF88891.1	CM003562.1	64.192	458	459	10	459	301219	299861	0.0	623
CDF88891.1	CM003570.1	60.297	471	459	5	458	779075	777678	0.0	576
CDF88892.1	CM003562.1	32.209	652	735	2	561	304320	302419	4.79e-97	329
CDF88892.1	CM003562.1	53.636	110	735	621	726	301881	301552	1.48e-31	131
CDF88893.1	CM003570.1	65.873	630	638	2	610	780544	782427	0.0	848
CDF88893.1	CM003562.1	67.585	617	638	13	610	306226	308058	0.0	848
CDF88893.1	CM003569.1	29.102	512	638	154	630	248623	250119	2.36e-66	235
CDF88893.1	CM003563.1	30.453	486	638	133	608	334206	332767	1.10e-65	233
CDF88893.1	CM003566.1	30.450	578	638	50	621	70149	71753	1.35e-64	230
CDF88894.1	CM003565.1	45.185	135	217	1	133	407088	406684	2.67e-31	119
CDF88895.1	CM003565.1	38.926	149	327	7	155	407058	406648	3.33e-15	75.5
CDF88897.1	CM003565.1	37.673	361	323	1	318	411449	410394	9.96e-66	223
CDF88898.1	CM003565.1	70.635	252	245	1	245	411747	412496	2.64e-100	318
CDF88899.1	CM003565.1	37.524	525	455	6	450	412909	414459	2.95e-87	290
CDF88900.1	CM003570.1	83.537	164	215	1	164	205990	206481	8.75e-94	298
CDF88901.1	CM003570.1	51.613	186	249	83	248	207424	206882	2.79e-48	169
CDF88901.1	CM003562.1	64.789	71	249	109	179	719952	719740	1.17e-25	103
CDF88902.1	CM003558.1	28.138	494	590	72	556	698766	700073	3.66e-45	171
CDF88903.1	CM003558.1	84.324	370	369	1	369	697541	696432	0.0	650
CDF88903.1	CM003560.1	59.944	357	369	20	369	995689	994622	1.74e-140	439
CDF88904.1	CM003558.1	80.331	544	551	7	549	695994	694363	0.0	921
CDF88905.1	CM003562.1	77.682	466	483	17	482	724004	722607	0.0	756
CDF88907.1	CM003558.1	69.691	485	472	1	471	694002	692557	0.0	664
CDF88908.1	CM003567.1	31.164	584	572	21	567	415969	414269	4.98e-66	233
CDF88908.1	CM003558.1	29.220	551	572	22	549	766354	767928	1.01e-43	166
CDF88908.1	CM003562.1	26.383	235	572	67	298	140930	140244	2.34e-11	65.5
CDF88908.1	CM003570.1	26.923	130	572	67	196	921577	921966	6.04e-11	64.3
CDF88909.1	CM003567.1	32.453	530	579	52	552	415870	414344	3.01e-67	236
CDF88909.1	CM003558.1	29.240	513	579	30	523	766354	767811	4.64e-39	152
CDF88909.1	CM003562.1	29.518	166	579	78	223	140930	140442	8.12e-11	63.9
CDF88910.1	CM003562.1	49.796	245	247	12	247	728142	727414	2.19e-64	215
CDF88911.1	CM003562.1	73.962	626	640	1	624	730859	728997	0.0	945
CDF88911.1	CM003568.1	30.625	160	640	338	497	65110	65550	6.19e-15	77.4
CDF88911.1	CM003555.1	23.724	333	640	181	498	163453	164331	1.10e-14	76.6
CDF88912.1	CM003558.1	57.068	382	364	1	362	691147	692292	4.91e-143	446
CDF88913.1	CM003558.1	77.251	1033	1083	1	1033	690906	687832	0.0	1620
CDF88913.1	CM003558.1	30.181	497	1083	162	612	364089	365543	1.71e-53	204
CDF88913.1	CM003558.1	28.774	212	1083	128	320	447740	448348	1.96e-19	93.6
CDF88913.1	CM003558.1	29.448	163	1083	444	604	449075	449560	2.54e-16	83.6
CDF88913.1	CM003569.1	52.783	1006	1083	38	1005	200449	197513	0.0	1030
CDF88913.1	CM003569.1	46.042	480	1083	135	599	227206	228642	1.20e-133	447
CDF88913.1	CM003569.1	23.967	363	1083	132	430	389862	388810	3.10e-18	89.7
CDF88913.1	CM003569.1	32.877	146	1083	445	587	388341	387907	2.42e-16	83.6
CDF88913.1	CM003553.1	46.778	481	1083	135	599	195657	194218	6.51e-133	445
CDF88913.1	CM003556.1	41.196	602	1083	128	708	68525	66801	2.01e-132	444
CDF88913.1	CM003561.1	38.908	568	1083	137	628	40098	38419	3.62e-111	381
CDF88914.1	CM003554.1	77.215	158	197	38	195	18982	18509	1.19e-79	256
CDF88914.1	CM003558.1	70.186	161	197	37	197	687078	687560	2.71e-75	244
CDF88914.1	CM003565.1	55.215	163	197	35	197	278428	278916	2.90e-56	189
CDF88915.1	CM003562.1	75.358	349	352	1	340	732256	731210	1.08e-180	554
CDF88915.1	CM003566.1	25.948	343	352	1	331	546661	547530	1.00e-27	113
CDF88915.1	CM003560.1	23.887	247	352	7	249	517928	518605	4.19e-12	66.2
CDF88916.1	CM003558.1	70.227	440	447	10	447	686316	684997	0.0	652
CDF88917.1	CM003558.1	63.942	208	210	1	208	684280	684903	5.62e-90	287
CDF88917.1	CM003562.1	60.680	206	210	5	210	733279	732662	4.81e-85	273
CDF88918.1	CM003562.1	84.444	135	149	15	149	733970	733566	4.20e-75	241
CDF88919.1	CM003558.1	56.148	488	484	1	484	683601	682138	0.0	561
CDF88919.1	CM003562.1	47.845	464	484	12	472	735375	736766	1.78e-152	479
CDF88919.1	CM003555.1	26.777	422	484	78	473	23191	21965	2.96e-31	127
CDF88919.1	CM003568.1	26.540	422	484	78	473	13772	12546	7.07e-31	125
CDF88919.1	CM003568.1	23.750	480	484	26	478	740687	742087	1.04e-21	97.8
CDF88919.1	CM003567.1	27.250	400	484	78	451	271109	272278	1.55e-30	125
CDF88920.1	CM003558.1	33.012	415	369	4	361	681327	680086	5.56e-61	211
CDF88921.1	CM003562.1	63.492	378	373	1	372	738054	736930	4.11e-149	464
CDF88922.1	CM003558.1	59.600	500	491	33	488	679377	677899	0.0	581
CDF88922.1	CM003564.1	33.149	181	491	340	489	495955	496494	1.03e-27	116
CDF88922.1	CM003570.1	25.481	208	491	282	488	294332	293715	1.31e-21	97.8
CDF88923.1	CM003562.1	65.563	151	148	1	148	738931	738479	1.15e-61	202
CDF88923.1	CM003558.1	28.467	137	148	10	141	438281	437898	4.88e-15	69.7
CDF88924.1	CM003565.1	45.963	161	146	1	144	190335	189856	2.84e-32	119
CDF88925.1	CM003564.1	46.409	362	929	604	929	445917	444889	3.50e-78	278
CDF88925.1	CM003565.1	43.505	331	929	608	927	191479	192429	8.18e-68	247
CDF88926.1	CM003564.1	65.940	734	725	1	723	444358	442169	0.0	968
CDF88926.1	CM003565.1	71.508	537	725	187	723	193332	194942	0.0	833
CDF88926.1	CM003565.1	68.508	181	725	1	181	192769	193305	0.0	244
CDF88927.1	CM003565.1	63.822	539	546	16	545	195353	196966	0.0	730
CDF88928.1	CM003564.1	66.532	496	480	1	480	440272	441738	0.0	685
CDF88928.1	CM003570.1	22.645	499	480	17	473	632673	634052	7.94e-23	101
CDF88928.1	CM003563.1	30.000	210	480	17	218	173534	174136	5.74e-20	92.4
CDF88928.1	CM003563.1	27.600	250	480	234	468	173936	174613	2.60e-15	77.8
CDF88928.1	CM003561.1	42.857	98	480	374	470	209483	209767	2.54e-18	87.4
CDF88928.1	CM003561.1	24.232	293	480	13	300	208679	209461	1.27e-17	85.1
CDF88928.1	CM003560.1	25.890	309	480	17	322	1117107	1116277	2.59e-14	74.7
CDF88929.1	CM003565.1	40.036	562	533	1	533	198947	197331	2.01e-121	392
CDF88930.1	CM003565.1	67.811	233	214	1	213	202597	203295	4.90e-99	313
CDF88930.1	CM003565.1	30.108	186	214	3	181	120596	120063	1.53e-18	82.0
CDF88930.1	CM003569.1	50.239	209	214	4	212	594369	594959	8.65e-57	192
CDF88930.1	CM003569.1	30.811	185	214	4	188	403066	403578	2.83e-21	90.1
CDF88930.1	CM003569.1	29.825	171	214	1	171	569911	569432	8.29e-11	59.7
CDF88930.1	CM003568.1	55.682	176	214	2	175	330452	329946	2.45e-55	188
CDF88930.1	CM003568.1	28.571	266	214	1	210	479702	480490	6.14e-16	74.7
CDF88930.1	CM003568.1	31.395	172	214	5	169	323761	323273	2.63e-13	67.0
CDF88930.1	CM003568.1	31.792	173	214	1	172	339800	340282	4.72e-11	60.5
CDF88930.1	CM003566.1	36.066	183	214	1	182	644801	644283	2.73e-39	142
CDF88930.1	CM003566.1	30.811	185	214	4	188	703596	703084	3.15e-21	90.1
CDF88930.1	CM003555.1	34.978	223	214	2	213	215310	214675	4.22e-39	141
CDF88931.1	CM003564.1	58.361	1184	1163	3	1163	436446	439979	0.0	1369
CDF88932.1	CM003565.1	49.511	307	322	19	321	204646	203726	1.23e-79	262
CDF88932.1	CM003564.1	63.889	144	322	177	320	431575	432006	2.06e-65	221
CDF88932.1	CM003564.1	66.923	130	322	192	321	435276	435665	6.79e-60	206
CDF88935.1	CM003564.1	47.804	774	1468	1	673	430189	427916	4.49e-164	549
CDF88935.1	CM003564.1	37.805	328	1468	1166	1468	427543	426623	2.66e-18	90.5
CDF88935.1	CM003565.1	32.365	241	1468	1	224	207440	208153	2.03e-24	110
CDF88936.1	CM003564.1	64.181	751	1225	481	1225	424028	426274	0.0	956
CDF88936.1	CM003564.1	71.921	406	1225	1	405	422809	424026	0.0	611
CDF88936.1	CM003561.1	22.890	1315	1225	8	1199	143257	139649	8.15e-35	144
CDF88936.1	CM003561.1	28.444	225	1225	980	1204	52972	53529	1.86e-19	94.0
CDF88936.1	CM003566.1	23.217	771	1225	1	726	282401	284566	4.01e-19	92.8
CDF88936.1	CM003566.1	27.530	247	1225	952	1195	285497	286132	6.90e-18	89.0
CDF88937.1	CM003558.1	71.395	430	414	2	413	756109	757386	0.0	613
CDF88938.1	CM003564.1	40.221	542	580	89	580	422151	420544	1.14e-101	337
CDF88939.1	CM003558.1	72.941	340	660	321	660	754832	755848	1.45e-166	528
CDF88939.1	CM003558.1	53.302	212	660	1	211	754238	754837	8.79e-61	219
CDF88941.1	CM003564.1	72.864	199	210	1	199	419797	420393	4.22e-97	307
CDF88943.1	CM003564.1	46.879	881	807	4	804	415046	417658	0.0	749
CDF88943.1	CM003558.1	41.699	777	807	44	803	750988	753162	1.90e-178	568
CDF88943.1	CM003567.1	30.803	685	807	121	802	190981	189191	8.51e-66	238
CDF88944.1	CM003558.1	67.623	488	489	1	487	749950	748487	0.0	687
CDF88944.1	CM003566.1	34.316	475	489	1	464	864750	863371	4.28e-72	247
CDF88945.1	CM003558.1	60.959	146	145	1	145	747775	748212	7.03e-58	192
CDF88947.1	CM003564.1	63.636	594	588	12	588	412977	414734	0.0	735
CDF88948.1	CM003558.1	59.484	891	884	8	884	747106	744509	0.0	1078
CDF88948.1	CM003561.1	34.115	384	884	506	871	28946	30088	1.15e-52	199
CDF88949.1	CM003558.1	50.238	629	581	16	581	744191	742326	0.0	642
CDF88950.1	CM003564.1	62.791	301	297	1	297	411738	412640	6.42e-133	414
CDF88951.1	CM003558.1	55.402	435	484	1	435	740793	742013	3.84e-138	438
CDF88952.1	CM003564.1	29.231	195	322	133	321	411000	411542	3.57e-18	84.3
CDF88953.1	CM003564.1	49.541	109	251	49	152	410153	410479	7.11e-25	102
CDF88953.1	CM003558.1	50.538	93	251	44	136	739842	740114	6.54e-24	99.0
CDF88954.1	CM003558.1	40.804	821	808	41	807	739564	737162	7.64e-178	566
CDF88955.1	CM003562.1	39.942	343	351	11	336	535478	534474	9.46e-67	226
CDF88955.1	CM003562.1	35.030	334	351	13	338	273101	272118	4.70e-48	172
CDF88956.1	CM003564.1	50.826	242	241	1	238	409185	409898	3.87e-73	240
CDF88957.1	CM003564.1	70.667	75	87	1	75	408937	408713	6.88e-29	106
CDF88958.1	CM003558.1	49.375	320	310	1	307	718129	719082	1.27e-97	313
CDF88959.1	CM003558.1	58.543	398	395	4	395	719406	720566	7.88e-138	433
CDF88959.1	CM003566.1	33.560	441	395	4	395	885231	883951	2.06e-65	224
CDF88960.1	CM003564.1	46.667	660	810	2	635	408374	406440	0.0	552
CDF88960.1	CM003564.1	49.405	168	810	637	795	406437	405934	0.0	155
CDF88960.1	CM003566.1	33.592	387	810	4	362	65275	64181	1.48e-49	189
CDF88961.1	CM003558.1	52.174	92	98	11	98	720888	721160	6.90e-25	95.5
CDF88962.1	CM003564.1	38.778	704	692	7	689	405620	403518	1.16e-156	500
CDF88963.1	CM003558.1	68.116	138	134	1	134	722123	721710	3.56e-58	192
CDF88964.1	CM003564.1	79.126	412	450	12	421	402265	401030	0.0	681
CDF88965.1	CM003564.1	62.774	411	407	1	407	400703	399480	1.60e-158	493
CDF88966.1	CM003558.1	49.818	548	522	7	522	723933	722311	8.16e-155	488
CDF88966.1	CM003564.1	45.929	479	522	36	496	397915	399345	8.24e-113	367
CDF88967.1	CM003564.1	48.795	664	593	1	581	395549	397528	7.69e-179	560
CDF88967.1	CM003570.1	25.000	292	593	133	418	257445	256762	3.96e-14	74.7
CDF88967.1	LIOO01000006.1	26.180	233	593	282	509	11314	11928	3.83e-12	68.2
CDF88967.1	CM003559.1	26.180	233	593	282	509	229709	229095	4.74e-12	67.8
CDF88967.1	CM003560.1	25.946	185	593	293	468	137368	136853	1.16e-11	66.6
CDF88967.1	CM003560.1	28.966	145	593	286	429	67029	67409	1.52e-11	66.2
CDF88968.1	CM003558.1	46.809	423	403	1	395	724398	725648	1.06e-111	358
CDF88969.1	CM003564.1	37.793	897	802	19	802	392685	395228	7.36e-155	499
CDF88969.1	CM003569.1	41.818	110	802	689	794	549358	549029	1.18e-18	90.1
CDF88969.1	CM003569.1	30.818	159	802	632	782	549448	548987	1.17e-17	87.0
CDF88969.1	CM003570.1	36.090	133	802	663	793	898520	898122	2.34e-15	79.7
CDF88969.1	CM003567.1	50.877	57	802	718	773	327317	327147	1.83e-11	66.6
CDF88970.1	CM003570.1	29.499	339	331	6	327	381740	382750	3.18e-38	143
CDF88970.1	CM003564.1	25.126	199	331	138	327	717175	717756	9.76e-11	61.6
CDF88970.1	CM003560.1	25.628	199	331	138	327	1503997	1504578	9.77e-11	61.6
CDF88971.1	CM003564.1	71.689	219	228	5	222	392260	391604	8.89e-109	342
CDF88972.1	CM003564.1	46.973	479	462	8	460	391365	389989	5.11e-140	442
CDF88973.1	CM003566.1	67.442	344	326	1	326	182139	181120	6.24e-130	407
CDF88977.1	CM003570.1	45.625	160	140	9	140	785610	785131	8.52e-38	134
CDF88977.1	CM003562.1	36.508	189	140	8	140	309240	308680	2.84e-29	110
CDF88978.1	CM003567.1	57.778	135	178	42	176	473736	473332	8.56e-52	176
CDF88978.1	CM003565.1	47.668	193	178	1	176	488218	487640	2.13e-49	169
CDF88979.1	CM003565.1	67.391	414	474	2	414	487092	485851	0.0	609
CDF88979.1	CM003566.1	27.041	196	474	54	232	111489	112070	9.81e-16	79.0
CDF88979.1	CM003566.1	25.385	260	474	40	284	168681	167923	1.61e-15	78.2
CDF88980.1	CM003565.1	61.460	493	480	4	462	484888	483437	0.0	586
CDF88980.1	CM003565.1	27.344	256	480	190	432	517415	518164	2.61e-27	115
CDF88980.1	CM003565.1	28.194	227	480	138	357	532663	533313	6.86e-20	92.0
CDF88980.1	CM003565.1	30.818	159	480	192	348	418813	418343	3.38e-19	90.1
CDF88980.1	CM003565.1	27.551	196	480	146	339	461470	460889	5.07e-17	83.2
CDF88980.1	CM003565.1	27.660	188	480	192	344	446082	446645	4.11e-14	73.9
CDF88980.1	CM003565.1	26.009	223	480	152	338	535920	536582	7.45e-13	70.1
CDF88980.1	CM003565.1	27.477	222	480	152	344	598556	599221	3.03e-12	67.8
CDF88980.1	CM003570.1	34.943	352	480	151	477	853868	852843	1.58e-64	225
CDF88980.1	CM003570.1	37.855	317	480	137	434	486084	485167	4.57e-59	209
CDF88980.1	CM003570.1	31.633	294	480	173	438	467279	466413	7.94e-40	152
CDF88980.1	CM003570.1	29.630	378	480	133	473	659478	660554	1.15e-39	152
CDF88980.1	CM003570.1	28.085	235	480	152	369	257409	256732	7.39e-21	95.1
CDF88980.1	CM003570.1	26.377	345	480	139	472	262113	263021	9.40e-21	94.7
CDF88980.1	CM003570.1	27.363	201	480	152	338	279746	279147	1.55e-19	90.9
CDF88980.1	CM003570.1	25.463	216	480	152	358	160647	161258	1.89e-16	81.3
CDF88980.1	CM003570.1	27.139	339	480	43	371	151761	150787	3.64e-16	80.5
CDF88980.1	CM003570.1	27.225	191	480	152	337	282200	281634	7.75e-14	73.2
CDF88980.1	CM003570.1	24.812	266	480	146	356	741270	742022	2.95e-13	71.2
CDF88980.1	CM003558.1	40.864	301	480	142	434	540084	540965	1.45e-63	222
CDF88980.1	CM003558.1	33.007	306	480	152	440	184325	185227	2.55e-41	157
CDF88980.1	CM003558.1	28.372	215	480	152	357	13448	12825	1.40e-18	88.2
CDF88980.1	CM003558.1	31.081	222	480	152	359	729193	729840	4.19e-16	80.1
CDF88980.1	CM003558.1	23.830	235	480	152	348	275539	274841	1.03e-14	75.9
CDF88980.1	CM003560.1	32.468	308	480	136	438	1248667	1247798	5.36e-49	179
CDF88980.1	CM003560.1	30.201	298	480	152	434	1202521	1203360	2.35e-29	121
CDF88980.1	CM003560.1	29.952	207	480	146	348	120306	119701	2.86e-26	112
CDF88980.1	CM003560.1	27.468	233	480	151	359	137671	136982	6.91e-22	98.2
CDF88980.1	CM003560.1	27.830	212	480	152	348	66720	67352	3.66e-21	96.3
CDF88980.1	CM003560.1	30.159	189	480	109	289	1446702	1447250	1.25e-19	91.3
CDF88980.1	CM003560.1	27.749	191	480	152	338	45464	46027	9.92e-19	88.6
CDF88980.1	CM003560.1	27.966	236	480	146	348	802446	801760	2.25e-18	87.4
CDF88980.1	CM003560.1	30.045	223	480	141	334	1235191	1235850	3.50e-18	86.7
CDF88980.1	CM003560.1	27.111	225	480	151	359	98949	99617	1.72e-17	84.7
CDF88980.1	CM003560.1	26.220	328	480	144	445	1114608	1115465	7.40e-17	82.8
CDF88980.1	CM003560.1	28.571	161	480	213	356	493374	493856	1.11e-15	79.0
CDF88980.1	CM003560.1	27.136	199	480	158	337	553767	553180	8.81e-15	75.9
CDF88980.1	CM003560.1	25.751	233	480	151	364	1343358	1342666	3.61e-14	73.9
CDF88980.1	CM003560.1	26.263	198	480	151	334	1110299	1110880	2.44e-13	71.6
CDF88980.1	CM003566.1	31.790	324	480	123	441	351301	352245	2.20e-40	154
CDF88980.1	CM003566.1	24.812	266	480	152	368	838696	839475	4.62e-22	99.0
CDF88980.1	CM003566.1	31.481	162	480	190	348	312798	313271	1.06e-17	85.1
CDF88981.1	CM003565.1	57.576	66	70	3	68	482861	483058	1.17e-23	90.5
CDF88982.1	CM003567.1	41.148	209	201	6	201	473052	472432	2.53e-37	135
CDF88983.1	CM003565.1	64.885	131	131	1	131	482189	482581	4.25e-58	192
CDF88984.1	CM003565.1	62.745	102	108	7	108	481886	481581	6.18e-41	141
CDF88985.1	CM003565.1	69.944	712	722	1	707	479230	481356	0.0	1036
CDF88985.1	CM003564.1	27.621	391	722	225	598	278981	277851	1.59e-25	112
CDF88985.1	CM003562.1	21.801	422	722	44	419	67374	68579	3.37e-20	95.1
CDF88986.1	CM003567.1	50.244	410	319	1	319	471867	470638	2.17e-103	330
CDF88986.1	CM003558.1	28.704	216	319	12	225	596924	596313	3.85e-20	90.1
CDF88986.1	CM003558.1	30.846	201	319	12	205	596798	596238	1.46e-16	79.3
CDF88986.1	CM003558.1	23.792	269	319	51	318	596951	596304	8.16e-15	73.9
CDF88986.1	CM003570.1	25.705	319	319	9	314	260971	260081	2.66e-19	87.4
CDF88986.1	CM003570.1	25.676	222	319	7	224	880737	881369	5.05e-13	68.6
CDF88986.1	CM003570.1	23.552	259	319	1	252	880578	881330	8.39e-13	67.8
CDF88986.1	CM003553.1	29.474	190	319	13	202	51570	51046	8.61e-19	85.9
CDF88986.1	CM003553.1	30.409	171	319	58	225	51570	51103	8.31e-17	80.1
CDF88986.1	CM003560.1	25.694	288	319	13	266	1318390	1319217	1.03e-18	85.9
CDF88986.1	CM003560.1	28.846	156	319	72	226	1318297	1318746	9.98e-15	73.6
CDF88986.1	CM003560.1	24.521	261	319	58	313	323301	324068	4.10e-13	68.9
CDF88986.1	CM003560.1	23.381	278	319	51	288	1318360	1319163	1.61e-12	67.0
CDF88987.1	CM003565.1	61.479	771	782	10	780	476466	478736	0.0	1002
CDF88987.1	CM003559.1	23.486	677	782	95	751	284311	282392	5.00e-47	180
CDF88988.1	CM003567.1	59.140	465	481	15	477	468997	470373	5.88e-173	538
CDF88988.1	CM003565.1	40.095	419	481	57	469	474946	476172	1.57e-97	321
CDF88989.1	CM003567.1	40.921	369	331	1	328	468628	467546	4.83e-88	287
CDF88990.1	CM003567.1	57.518	419	410	1	407	466178	467434	2.03e-159	496
CDF88990.1	CM003565.1	39.387	424	410	7	407	473030	474268	3.51e-83	276
CDF88990.1	CM003569.1	27.492	331	410	5	306	297512	296577	1.31e-26	111
CDF88991.1	CM003567.1	61.739	115	115	1	115	465627	465283	8.41e-44	150
CDF88992.1	CM003567.1	52.187	343	345	19	326	464681	463653	2.23e-100	323
CDF88993.1	CM003565.1	50.417	240	238	2	235	471860	472576	1.61e-70	233
CDF88994.1	CM003565.1	70.560	1267	1262	1	1246	467714	471478	0.0	1799
CDF88994.1	CM003567.1	76.843	1058	1262	1	1047	457779	460913	0.0	1698
CDF88994.1	CM003569.1	37.281	743	1262	37	730	159258	157081	1.38e-131	446
CDF88994.1	CM003557.1	36.971	733	1262	40	730	79081	76928	2.42e-127	434
CDF88994.1	CM003563.1	31.907	771	1262	38	756	387009	384745	2.90e-102	358
CDF88995.1	CM003567.1	74.638	690	685	1	685	455277	457337	0.0	1048
CDF88995.1	CM003555.1	22.376	505	685	90	575	120874	119462	1.35e-18	89.7
CDF88995.1	CM003566.1	22.368	532	685	69	574	390365	391816	8.67e-13	70.9
CDF88995.1	CM003566.1	22.957	514	685	89	575	213803	212397	8.94e-11	64.3
CDF88996.1	CM003565.1	44.498	209	216	3	188	466266	466892	6.07e-47	164
CDF88997.1	CM003567.1	43.478	115	99	1	98	454208	454549	1.73e-22	88.6
CDF88999.1	CM003567.1	47.512	623	588	2	588	451038	449194	1.02e-176	554
CDF89000.1	CM003567.1	75.614	570	569	1	569	448460	446754	0.0	919
CDF89000.1	CM003565.1	73.684	570	569	1	569	464674	462965	0.0	891
CDF89001.1	CM003565.1	78.281	663	696	35	696	462448	460469	0.0	1070
CDF89001.1	CM003565.1	46.441	295	696	359	650	532675	533550	4.49e-79	275
CDF89001.1	CM003565.1	29.393	313	696	346	620	419113	418187	2.18e-35	143
CDF89001.1	CM003565.1	31.053	190	696	369	556	484369	483806	1.70e-19	92.4
CDF89001.1	CM003565.1	30.986	142	696	438	561	446223	446645	1.61e-14	76.3
CDF89001.1	CM003565.1	27.451	204	696	452	619	517565	518167	6.51e-13	71.2
CDF89001.1	CM003565.1	38.889	126	696	473	578	320414	320791	8.47e-13	70.9
CDF89001.1	CM003567.1	67.338	695	696	1	695	446305	444278	0.0	944
CDF89001.1	CM003567.1	32.927	246	696	362	603	253632	252898	1.97e-34	140
CDF89001.1	CM003567.1	29.808	208	696	363	559	517542	518141	3.81e-14	75.1
CDF89001.1	CM003567.1	25.806	248	696	369	561	824596	825339	2.43e-13	72.4
CDF89001.1	CM003563.1	48.087	366	696	342	693	27014	25929	1.88e-102	343
CDF89001.1	CM003563.1	32.114	246	696	363	604	221002	220274	1.48e-28	121
CDF89001.1	CM003563.1	32.195	205	696	364	564	443197	443784	1.28e-21	99.4
CDF89001.1	CM003563.1	27.476	313	696	355	619	368605	369522	1.40e-20	96.3
CDF89001.1	CM003564.1	45.763	295	696	359	650	614348	615223	2.74e-81	281
CDF89001.1	CM003564.1	28.571	315	696	342	632	540222	541145	6.73e-27	116
CDF89001.1	CM003564.1	31.933	238	696	345	571	474818	474108	7.68e-23	103
CDF89001.1	CM003564.1	27.500	240	696	336	559	569969	570652	1.83e-17	85.9
CDF89001.1	CM003564.1	26.667	210	696	361	558	647327	647953	6.30e-16	80.9
CDF89001.1	CM003570.1	46.441	295	696	359	650	160617	161492	4.41e-78	272
CDF89001.1	CM003570.1	29.830	352	696	362	665	741267	742304	3.53e-43	167
CDF89001.1	CM003570.1	35.472	265	696	354	618	151476	150694	7.22e-39	154
CDF89001.1	CM003570.1	30.996	271	696	355	603	257454	256657	2.51e-31	130
CDF89001.1	CM003570.1	30.070	286	696	354	618	279791	278946	2.18e-29	124
CDF89001.1	CM003570.1	33.208	265	696	360	618	262125	262874	7.11e-29	122
CDF89001.1	CM003570.1	31.308	214	696	361	568	282224	281592	2.26e-21	98.6
CDF89001.1	CM003570.1	26.045	311	696	354	620	486072	485167	1.74e-18	89.4
CDF89001.1	CM003570.1	28.968	252	696	363	593	659520	660233	3.72e-16	81.6
CDF89002.1	CM003565.1	64.409	635	603	1	603	459968	458088	0.0	801
CDF89003.1	CM003565.1	62.254	559	577	26	576	457529	455928	0.0	677
CDF89003.1	CM003567.1	30.250	400	577	98	466	576443	575448	6.62e-34	137
CDF89004.1	CM003565.1	53.846	143	148	1	138	455215	455634	7.31e-40	140
CDF89005.1	CM003567.1	46.314	814	835	43	835	443048	440703	0.0	659
CDF89005.1	CM003565.1	39.976	838	835	37	835	453909	451513	4.65e-172	551
CDF89006.1	CM003565.1	70.219	319	331	13	331	450856	449903	5.91e-157	485
CDF89006.1	CM003566.1	29.825	285	331	38	320	815361	814555	1.29e-24	103
CDF89006.1	CM003570.1	32.877	292	331	34	316	594871	594044	4.52e-24	102
CDF89006.1	CM003570.1	26.159	302	331	35	326	293282	292410	4.78e-19	87.0
CDF89006.1	CM003570.1	29.108	213	331	28	233	594607	594005	5.86e-16	77.8
CDF89006.1	CM003558.1	27.397	292	331	34	319	764071	763229	1.09e-19	89.0
CDF89006.1	CM003558.1	27.338	278	331	34	303	155765	154959	3.40e-19	87.4
CDF89006.1	CM003558.1	25.329	304	331	8	303	395959	396813	1.92e-18	85.1
CDF89006.1	CM003558.1	27.052	329	331	35	322	587778	588740	1.07e-17	82.8
CDF89006.1	CM003564.1	29.245	212	331	29	236	127819	127205	1.19e-18	85.9
CDF89006.1	CM003564.1	26.061	330	331	10	325	128179	127220	6.20e-18	83.6
CDF89007.1	CM003567.1	53.736	348	342	1	340	440328	439303	6.81e-117	370
CDF89007.1	CM003558.1	37.131	237	342	63	295	228370	227690	3.87e-39	146
CDF89008.1	CM003565.1	44.444	198	212	1	193	448995	449582	6.13e-45	158
CDF89009.1	CM003567.1	54.281	584	668	1	562	437153	438892	0.0	629
CDF89010.1	CM003565.1	52.688	186	167	3	160	447872	447315	5.98e-60	199
CDF89011.1	CM003565.1	60.000	465	509	56	509	445467	446861	9.72e-178	553
CDF89011.1	CM003565.1	28.947	190	509	250	439	418819	418352	3.64e-20	93.2
CDF89011.1	CM003565.1	26.016	246	509	193	438	532705	533274	1.03e-16	82.4
CDF89011.1	CM003565.1	32.394	142	509	298	438	461245	460874	1.36e-14	75.9
CDF89011.1	LIOO01000006.1	28.906	256	509	187	439	11017	11640	7.21e-24	104
CDF89011.1	CM003559.1	28.906	256	509	187	439	230006	229383	8.16e-24	104
CDF89011.1	CM003559.1	26.786	280	509	187	446	73779	74459	3.00e-17	84.3
CDF89011.1	CM003559.1	25.896	251	509	186	431	187113	186490	7.42e-15	76.6
CDF89011.1	CM003559.1	22.754	334	509	183	507	41955	41086	1.38e-11	65.9
CDF89011.1	CM003560.1	31.443	194	509	249	439	66876	67343	3.92e-23	102
CDF89011.1	CM003560.1	29.249	253	509	187	439	120306	119710	1.60e-21	97.8
CDF89011.1	CM003560.1	25.926	270	509	187	439	802446	801769	8.61e-18	85.9
CDF89011.1	CM003560.1	38.333	120	509	327	437	1235539	1235874	5.94e-15	77.0
CDF89011.1	CM003560.1	25.000	268	509	191	438	137674	137027	1.96e-14	75.1
CDF89011.1	CM003560.1	30.405	148	509	299	441	1447053	1447439	2.86e-11	65.1
CDF89011.1	CM003570.1	29.778	225	509	224	443	279668	279114	1.37e-22	100
CDF89011.1	CM003570.1	26.772	254	509	193	445	160647	161240	2.95e-19	90.5
CDF89011.1	CM003570.1	28.218	202	509	249	438	257301	256795	6.86e-19	89.4
CDF89011.1	CM003570.1	26.471	272	509	176	447	262101	262736	2.08e-16	81.6
CDF89011.1	CM003570.1	28.431	204	509	246	449	151326	150823	2.79e-15	77.8
CDF89012.1	CM003565.1	71.307	352	355	4	346	443773	444828	3.32e-174	535
CDF89013.1	CM003565.1	80.000	365	378	1	364	442335	443429	0.0	620
CDF89013.1	CM003562.1	28.571	259	378	74	312	75324	76073	6.70e-24	102
CDF89013.1	CM003562.1	37.363	91	378	29	112	73254	73508	4.77e-12	66.2
CDF89013.1	CM003560.1	29.455	275	378	1	265	525583	526365	1.05e-21	95.9
CDF89013.1	CM003569.1	26.573	286	378	1	276	691372	692178	2.78e-16	79.7
CDF89014.1	CM003566.1	45.304	543	532	30	527	367806	366196	1.18e-139	444
CDF89014.1	CM003566.1	45.538	437	532	56	489	369829	368636	3.29e-115	374
CDF89014.1	CM003560.1	45.697	488	532	36	499	751491	752954	1.03e-131	422
CDF89014.1	CM003554.1	40.930	430	532	72	496	4145	5398	5.05e-82	278
CDF89014.1	CM003554.1	35.398	452	532	53	492	119035	117788	5.80e-74	254
CDF89014.1	LIOO01000009.1	35.398	452	532	53	492	5110	3863	5.48e-74	254
CDF89014.1	CM003555.1	37.299	311	532	192	492	488968	488060	1.78e-53	188
CDF89014.1	CM003555.1	24.242	99	532	101	198	489183	488947	1.78e-53	39.7
CDF89015.1	CM003565.1	65.672	134	377	130	260	440734	440333	3.58e-52	185
CDF89015.1	CM003565.1	69.412	85	377	1	85	441637	441389	7.55e-37	140
CDF89016.1	CM003567.1	37.753	543	582	48	567	433264	431669	5.95e-102	338
CDF89017.1	CM003565.1	64.669	317	316	1	315	438339	439277	2.93e-139	433
CDF89020.1	CM003564.1	79.866	298	294	1	294	6617	7510	4.31e-156	481
CDF89020.1	CM003568.1	79.866	298	294	1	294	767570	766677	4.31e-156	481
CDF89020.1	CM003567.1	79.592	294	294	3	294	429271	430149	2.63e-151	467
CDF89021.1	CM003567.1	66.210	219	220	3	216	428801	428145	4.60e-94	299
CDF89021.1	CM003564.1	65.044	226	220	7	218	6248	5571	2.22e-92	294
CDF89021.1	CM003568.1	65.044	226	220	7	218	767943	768620	2.22e-92	294
CDF89022.1	CM003567.1	38.495	465	426	1	413	426685	428067	7.35e-98	319
CDF89023.1	CM003565.1	38.380	469	372	3	371	433782	432430	7.16e-67	228
CDF89024.1	CM003567.1	78.405	514	510	1	510	424866	426404	0.0	875
CDF89025.1	CM003567.1	64.390	615	608	1	605	424329	422494	0.0	847
CDF89026.1	CM003567.1	56.682	434	447	18	444	422179	420926	1.98e-137	434
CDF89027.1	CM003567.1	69.656	814	832	1	809	418941	416533	0.0	1132
CDF89027.1	CM003555.1	59.370	635	832	194	807	191669	189792	0.0	738
CDF89027.1	CM003555.1	32.226	301	832	336	609	245359	244493	1.08e-25	113
CDF89027.1	CM003570.1	45.497	433	832	353	782	604417	605679	2.43e-112	377
CDF89027.1	CM003570.1	39.394	231	832	353	581	875087	874419	4.61e-33	137
CDF89027.1	CM003570.1	33.455	275	832	349	606	416938	417711	4.52e-28	120
CDF89027.1	LIOO01000001.1	42.510	247	832	355	600	12252	11521	3.96e-50	191
CDF89027.1	CM003560.1	42.510	247	832	355	600	1073015	1072284	4.33e-50	191
CDF89027.1	CM003560.1	43.515	239	832	352	589	1278437	1279135	1.71e-49	189
CDF89027.1	CM003560.1	44.635	233	832	353	581	270787	270104	2.57e-43	169
CDF89027.1	CM003560.1	39.749	239	832	351	588	1279253	1279960	2.01e-39	157
CDF89027.1	CM003560.1	29.299	157	832	368	522	307147	307584	2.78e-11	66.2
CDF89028.1	CM003567.1	62.407	540	562	21	559	415882	414272	0.0	687
CDF89028.1	CM003558.1	29.107	560	562	11	528	766381	767913	4.94e-50	185
CDF89028.1	CM003562.1	28.125	160	562	49	203	140930	140451	6.86e-14	73.9
CDF89028.1	CM003570.1	25.676	148	562	49	196	921577	922020	1.59e-13	72.4
CDF89029.1	CM003567.1	52.692	260	245	1	243	413424	414203	5.20e-86	277
CDF89030.1	CM003565.1	56.769	458	438	1	437	430709	429336	3.39e-174	540
CDF89030.1	CM003566.1	34.483	435	438	15	436	183766	182519	3.70e-86	286
CDF89031.1	CM003567.1	32.775	418	1209	851	1209	411774	412937	6.39e-33	138
CDF89032.1	CM003565.1	82.830	728	724	1	724	422851	425001	0.0	1259
CDF89032.1	CM003567.1	58.333	720	724	1	720	407477	409624	0.0	879
CDF89033.1	CM003565.1	63.127	518	503	1	503	420544	422085	0.0	675
CDF89033.1	CM003563.1	32.627	472	503	44	496	201255	199855	1.31e-70	243
CDF89034.1	CM003565.1	49.284	978	1640	47	958	419179	416552	0.0	753
CDF89034.1	CM003565.1	36.306	628	1640	1058	1639	416407	414755	1.62e-78	288
CDF89034.1	CM003565.1	27.654	358	1640	66	410	532603	533535	1.29e-34	144
CDF89034.1	CM003565.1	27.213	305	1640	85	385	461482	460697	6.67e-29	125
CDF89034.1	CM003565.1	35.211	142	1640	205	330	446223	446648	1.52e-20	98.2
CDF89034.1	CM003565.1	30.818	159	1640	177	333	484249	483779	2.02e-17	87.8
CDF89034.1	CM003565.1	28.151	238	1640	175	379	536082	536792	4.63e-17	86.7
CDF89034.1	CM003565.1	25.475	263	1640	33	277	539480	538833	4.98e-12	70.1
CDF89034.1	CM003560.1	51.000	400	1640	84	474	66687	67739	3.12e-111	392
CDF89034.1	CM003560.1	40.273	293	1640	86	378	120315	119566	6.23e-64	241
CDF89034.1	CM003560.1	32.915	319	1640	79	385	802476	801604	1.17e-51	200
CDF89034.1	CM003560.1	30.841	321	1640	91	383	1235221	1236057	1.60e-33	140
CDF89034.1	CM003560.1	26.364	330	1640	74	383	98889	99734	9.92e-25	112
CDF89034.1	CM003560.1	28.509	228	1640	187	387	137503	136826	4.73e-24	109
CDF89034.1	CM003560.1	29.555	247	1640	177	389	1343235	1342510	4.08e-19	93.6
CDF89034.1	CM003560.1	26.471	272	1640	80	345	1446810	1447481	8.69e-19	92.4
CDF89034.1	CM003560.1	32.903	155	1640	177	329	1248529	1248074	3.46e-15	80.5
CDF89034.1	CM003560.1	30.714	140	1640	200	323	493383	493799	4.16e-15	80.1
CDF89034.1	CM003560.1	33.544	158	1640	177	325	1202623	1203096	7.62e-15	79.3
CDF89034.1	CM003560.1	24.490	245	1640	92	329	1110293	1110910	2.11e-13	74.7
CDF89034.1	CM003560.1	26.966	267	1640	182	393	553644	552901	2.93e-13	73.9
CDF89034.1	CM003560.1	26.446	242	1640	175	412	45575	46252	2.03e-12	71.2
CDF89034.1	CM003560.1	25.726	241	1640	174	386	1114740	1115453	3.91e-12	70.5
CDF89034.1	CM003559.1	48.565	418	1640	64	474	230081	228975	1.48e-105	374
CDF89034.1	CM003559.1	34.884	215	1640	178	379	186939	186298	6.69e-28	122
CDF89034.1	CM003559.1	26.686	341	1640	75	385	41994	41101	5.13e-24	109
CDF89034.1	CM003559.1	29.832	238	1640	175	385	73917	74615	1.17e-23	108
CDF89034.1	LIOO01000006.1	48.565	418	1640	64	474	10942	12048	2.20e-105	374
CDF89034.1	CM003566.1	31.529	314	1640	83	392	312567	313448	8.10e-50	194
CDF89034.1	CM003566.1	29.450	309	1640	89	383	838678	839571	2.51e-26	117
CDF89034.1	CM003566.1	26.587	252	1640	175	387	616812	617561	2.86e-24	110
CDF89034.1	CM003566.1	27.160	243	1640	177	386	351511	352221	3.99e-17	87.0
CDF89035.1	CM003567.1	75.597	377	375	1	375	405637	406761	0.0	574
CDF89035.1	CM003567.1	75.931	349	375	27	375	846167	845121	2.06e-179	551
CDF89035.1	CM003567.1	26.190	336	375	54	371	883948	882977	2.80e-19	88.6
CDF89035.1	CM003569.1	76.136	352	375	24	375	925402	926457	2.76e-180	554
CDF89035.1	CM003558.1	67.630	346	375	30	375	513786	514823	2.30e-160	497
CDF89035.1	CM003558.1	28.520	277	375	29	297	311441	310710	1.44e-18	86.7
CDF89035.1	CM003559.1	25.519	337	375	54	375	7402	6413	1.14e-17	83.6
CDF89035.1	CM003560.1	24.646	353	375	23	342	1356802	1355753	3.74e-17	82.0
CDF89035.1	CM003560.1	26.596	282	375	29	298	1512507	1513340	1.19e-11	65.1
CDF89036.1	CM003570.1	79.385	325	473	130	450	202945	203919	0.0	562
CDF89036.1	CM003567.1	62.414	290	473	161	450	223158	222292	1.63e-128	410
CDF89036.1	CM003567.1	33.793	290	473	194	446	154888	155757	9.53e-52	187
CDF89036.1	CM003560.1	61.034	290	473	161	450	196502	195636	1.13e-123	396
CDF89036.1	CM003560.1	42.248	258	473	185	441	1295906	1296676	2.80e-69	239
CDF89036.1	CM003560.1	42.248	258	473	185	441	1391586	1392356	3.76e-69	238
CDF89036.1	CM003560.1	43.775	249	473	194	441	894389	893646	1.10e-67	234
CDF89036.1	CM003560.1	43.182	264	473	190	450	1146654	1145866	8.01e-67	231
CDF89036.1	CM003555.1	64.378	233	473	218	450	433075	433773	5.43e-102	333
CDF89036.1	CM003568.1	39.116	294	473	161	441	100711	99860	3.27e-67	233
CDF89037.1	CM003570.1	42.380	479	479	20	476	197735	199099	1.18e-95	315
CDF89038.1	CM003562.1	64.948	582	584	1	577	715228	716949	0.0	800
CDF89038.1	CM003560.1	25.858	379	584	33	369	659558	658443	6.25e-19	90.1
CDF89039.1	CM003570.1	44.624	186	707	1	178	199418	199936	2.39e-29	124
CDF89040.1	CM003560.1	69.621	1478	1524	50	1517	1045560	1041190	0.0	2196
CDF89040.1	CM003560.1	37.860	1495	1524	82	1510	253641	249196	0.0	1028
CDF89040.1	CM003568.1	64.189	1036	1524	489	1520	20313	17263	0.0	1417
CDF89040.1	CM003568.1	64.885	393	1524	111	501	21451	20273	4.98e-161	541
CDF89040.1	CM003568.1	21.157	709	1524	140	806	19251	17278	3.47e-22	103
CDF89040.1	CM003570.1	43.528	1491	1524	31	1506	443472	439102	0.0	1245
CDF89040.1	CM003569.1	39.191	1434	1524	107	1510	465049	460817	0.0	1036
CDF89040.1	CM003569.1	38.493	1460	1524	107	1505	153071	148722	0.0	1009
CDF89040.1	CM003569.1	34.961	1393	1524	184	1524	736192	732176	0.0	846
CDF89040.1	CM003569.1	24.068	1180	1524	194	1313	892630	895866	2.69e-58	222
CDF89040.1	CM003569.1	25.636	511	1524	907	1385	892630	894111	2.00e-32	137
CDF89040.1	CM003569.1	24.040	495	1524	177	652	894574	895962	2.96e-27	120
CDF89040.1	CM003554.1	35.375	1388	1524	184	1508	109813	113814	0.0	842
CDF89040.1	CM003554.1	23.634	677	1524	181	801	111955	113811	3.65e-24	109
CDF89041.1	CM003558.1	66.088	634	656	26	656	261390	263282	0.0	900
CDF89041.1	CM003558.1	50.347	576	656	55	614	131982	130297	0.0	596
CDF89041.1	CM003554.1	65.571	639	656	18	653	33664	31754	0.0	881
CDF89041.1	CM003569.1	29.688	512	656	117	624	624706	626202	2.88e-64	230
CDF89041.1	CM003569.1	29.159	511	656	115	624	384638	386140	2.33e-61	221
CDF89041.1	CM003566.1	29.709	515	656	115	624	594295	595797	4.23e-62	223
CDF89042.1	CM003558.1	52.486	181	179	1	179	263678	264208	2.57e-56	189
CDF89043.1	CM003558.1	88.942	416	1164	749	1164	265635	264388	0.0	782
CDF89043.1	CM003558.1	57.470	656	1164	7	654	267835	265916	0.0	724
CDF89043.1	CM003558.1	87.500	104	1164	655	758	265916	265605	0.0	199
CDF89045.1	CM003558.1	74.562	971	957	1	953	291836	294700	0.0	1496
CDF89045.1	CM003568.1	39.973	753	957	237	933	502683	500458	7.13e-172	555
CDF89046.1	CM003558.1	64.664	283	295	19	295	291358	290510	5.52e-124	389
CDF89046.1	CM003558.1	56.827	271	295	25	295	269475	270281	3.38e-107	340
CDF89047.1	CM003558.1	88.325	394	393	1	393	271802	270621	0.0	716
CDF89047.1	CM003563.1	48.737	396	393	11	392	455629	456816	6.75e-113	361
CDF89047.1	CM003562.1	35.461	141	393	24	153	168891	169307	2.40e-12	67.4
CDF89048.1	CM003558.1	46.683	407	363	1	358	290252	289032	8.16e-112	357
CDF89049.1	CM003558.1	70.262	343	370	1	336	273952	272924	3.93e-161	499
CDF89050.1	CM003558.1	54.802	531	453	1	453	275938	274364	0.0	560
CDF89050.1	CM003558.1	30.216	417	453	30	442	13586	12504	4.96e-46	170
CDF89050.1	CM003558.1	27.234	235	453	74	300	184292	184957	5.17e-20	92.0
CDF89050.1	CM003558.1	33.548	155	453	144	294	729355	729798	9.83e-20	91.3
CDF89050.1	CM003558.1	28.444	225	453	76	296	540087	540716	4.35e-17	83.2
CDF89050.1	CM003565.1	35.165	364	453	58	417	461530	460598	1.93e-61	215
CDF89050.1	CM003565.1	37.079	267	453	76	338	532678	533400	6.03e-52	187
CDF89050.1	CM003565.1	28.775	351	453	39	352	419194	418187	5.73e-33	131
CDF89050.1	CM003565.1	27.481	262	453	56	315	484438	483728	8.65e-17	82.0
CDF89050.1	CM003565.1	30.544	239	453	81	290	535908	536588	1.73e-15	78.2
CDF89050.1	CM003565.1	26.966	267	453	79	294	445884	446645	8.99e-15	75.9
CDF89050.1	CM003565.1	27.660	235	453	83	294	598550	599221	1.33e-12	68.9
CDF89050.1	CM003565.1	30.102	196	453	129	313	517406	517966	8.22e-12	66.2
CDF89050.1	CM003567.1	36.812	345	453	73	417	445294	444404	3.91e-61	214
CDF89050.1	CM003567.1	32.444	225	453	85	307	253611	252991	7.34e-34	134
CDF89050.1	CM003567.1	27.645	293	453	83	323	824590	825408	3.46e-15	77.0
CDF89050.1	CM003567.1	27.083	240	453	70	296	517509	518153	1.56e-13	72.0
CDF89050.1	CM003568.1	32.506	403	453	19	405	76895	75825	2.00e-55	197
CDF89050.1	CM003568.1	41.290	155	453	78	232	446690	446250	3.11e-33	132
CDF89050.1	CM003568.1	29.461	241	453	85	295	105101	105790	8.76e-24	103
CDF89050.1	CM003568.1	28.692	237	453	79	294	710264	709596	2.61e-23	102
CDF89050.1	CM003568.1	29.317	249	453	80	313	723358	724029	3.46e-15	77.0
CDF89050.1	CM003568.1	25.616	203	453	93	294	486202	486771	9.13e-14	72.4
CDF89050.1	CM003564.1	38.783	263	453	76	338	614351	615073	4.15e-54	194
CDF89050.1	CM003564.1	30.556	288	453	85	364	474740	473919	1.23e-32	130
CDF89050.1	CM003564.1	28.839	267	453	85	338	540330	541067	7.56e-19	88.6
CDF89050.1	CM003564.1	27.039	233	453	85	306	570071	570694	7.60e-14	72.8
CDF89050.1	CM003564.1	25.843	267	453	52	301	647255	647989	9.71e-14	72.4
CDF89050.1	CM003564.1	28.216	241	453	77	294	191343	190663	1.89e-11	65.1
CDF89051.1	CM003558.1	67.826	460	457	1	456	277677	276313	0.0	654
CDF89053.1	CM003558.1	84.807	362	362	1	362	280106	281191	0.0	578
CDF89053.1	CM003560.1	84.807	362	362	1	362	1039725	1038640	0.0	577
CDF89054.1	CM003558.1	77.419	341	342	2	342	285894	284872	0.0	580
CDF89056.1	CM003560.1	78.365	208	208	1	208	1038421	1037798	1.69e-112	351
CDF89057.1	CM003560.1	28.049	656	571	1	571	1037532	1035598	1.60e-47	177
CDF89058.1	CM003558.1	78.070	228	253	26	253	286894	286211	5.57e-121	378
CDF89060.1	CM003560.1	66.176	68	93	12	79	1032838	1033041	5.62e-26	98.2
CDF89062.1	CM003558.1	69.132	311	301	1	301	295513	296445	1.50e-138	431
CDF89063.1	CM003558.1	53.488	301	299	4	298	296917	297795	3.82e-96	309
CDF89064.1	CM003558.1	67.927	661	670	10	670	298233	300209	0.0	970
CDF89065.1	CM003558.1	52.332	386	401	7	392	301540	300383	3.52e-134	423
CDF89065.1	CM003560.1	39.216	357	401	14	368	1027780	1028793	1.59e-79	265
CDF89066.1	CM003558.1	56.127	661	674	34	674	303789	301816	0.0	757
CDF89066.1	CM003558.1	31.364	220	674	123	334	570080	570715	1.18e-26	115
CDF89066.1	CM003558.1	27.155	232	674	98	325	239816	239130	5.15e-24	107
CDF89066.1	CM003553.1	25.654	191	674	108	298	180437	179865	9.06e-18	87.0
CDF89066.1	CM003553.1	25.238	210	674	89	298	182678	182061	1.82e-16	82.8
CDF89066.1	CM003568.1	27.128	188	674	114	298	276441	275878	5.01e-17	84.3
CDF89066.1	CM003568.1	26.222	225	674	456	668	275739	275065	7.12e-16	80.9
CDF89066.1	CM003568.1	25.328	229	674	447	669	57621	58301	1.01e-11	67.4
CDF89066.1	CM003563.1	29.146	199	674	467	661	333369	332791	9.26e-17	83.6
CDF89066.1	CM003563.1	26.786	224	674	100	310	334116	333451	6.82e-16	80.9
CDF89066.1	CM003569.1	24.766	214	674	116	328	248686	249294	3.14e-13	72.0
CDF89067.1	CM003560.1	65.239	397	394	3	393	1026230	1027411	4.59e-174	537
CDF89068.1	CM003558.1	52.135	445	568	16	458	305949	304615	5.12e-151	469
CDF89068.1	CM003558.1	41.000	100	568	467	566	304591	304292	5.12e-151	84.0
CDF89069.1	CM003560.1	49.123	228	229	6	229	1025161	1025832	1.22e-67	224
CDF89070.1	CM003560.1	84.848	396	396	1	396	1024777	1023590	0.0	716
CDF89070.1	CM003560.1	42.742	372	396	24	395	1344632	1345732	7.65e-94	306
CDF89070.1	CM003560.1	36.170	376	396	22	392	1211052	1209931	8.97e-75	251
CDF89070.1	CM003560.1	31.281	406	396	25	395	560228	561409	1.48e-49	178
CDF89070.1	CM003560.1	25.503	447	396	6	391	1122023	1120692	2.25e-42	157
CDF89070.1	CM003560.1	27.251	422	396	5	381	650384	651640	5.66e-34	133
CDF89070.1	CM003565.1	54.907	377	396	20	396	113986	112868	9.05e-130	410
CDF89070.1	CM003565.1	35.417	192	396	46	209	181799	182362	6.27e-17	81.6
CDF89070.1	CM003564.1	54.907	377	396	20	396	564702	565820	1.05e-129	410
CDF89070.1	CM003564.1	30.137	365	396	25	374	341775	340696	7.19e-52	185
CDF89070.1	CM003569.1	38.418	354	396	24	369	670249	671292	7.21e-81	269
CDF89070.1	CM003569.1	33.152	368	396	25	373	361459	360368	4.12e-56	197
CDF89070.1	CM003563.1	31.728	353	396	24	373	308847	309890	8.18e-56	197
CDF89070.1	CM003563.1	31.565	377	396	25	381	95361	94261	5.49e-49	177
CDF89071.1	CM003560.1	36.598	194	147	4	147	1022925	1023506	4.21e-30	112
CDF89072.1	CM003560.1	86.860	449	460	1	449	1022073	1020727	0.0	835
CDF89072.1	CM003563.1	28.054	442	460	29	438	411420	410158	7.12e-45	167
CDF89073.1	CM003558.1	29.963	267	600	337	595	308834	308124	1.04e-18	89.4
CDF89074.1	CM003558.1	60.704	341	348	9	348	311471	310449	1.70e-141	441
CDF89074.1	CM003558.1	27.273	363	348	11	345	513759	514814	1.51e-22	97.8
CDF89074.1	CM003567.1	27.913	369	348	10	345	846200	845130	1.24e-24	103
CDF89074.1	CM003567.1	26.519	362	348	13	345	405703	406752	1.28e-22	98.2
CDF89074.1	CM003569.1	28.090	356	348	19	345	925417	926448	1.27e-23	101
CDF89074.1	CM003566.1	24.024	333	348	23	315	254893	253949	2.88e-13	69.7
CDF89075.1	CM003558.1	51.913	183	190	1	182	311772	312293	4.80e-53	180
CDF89076.1	CM003558.1	84.722	144	155	13	155	313316	313747	5.15e-82	261
CDF89076.1	CM003560.1	84.138	145	155	12	155	1019694	1019260	6.38e-81	258
CDF89077.1	CM003560.1	41.304	598	632	25	618	1017370	1019010	1.07e-119	391
CDF89077.1	CM003558.1	51.042	384	632	130	478	316161	315067	1.03e-104	347
CDF89077.1	CM003558.1	68.841	138	632	495	629	314745	314332	1.42e-50	188
CDF89078.1	CM003560.1	55.000	900	898	10	896	1014266	1016929	0.0	974
CDF89079.1	CM003560.1	37.147	638	1019	416	1003	1012031	1013710	6.17e-79	282
CDF89080.1	CM003560.1	41.582	493	410	5	405	1008317	1009789	2.41e-106	343
CDF89081.1	CM003560.1	44.737	114	116	9	116	1008062	1007721	4.41e-27	102
CDF89082.1	CM003560.1	80.711	197	199	3	199	1006888	1007478	2.62e-108	339
CDF89082.1	CM003559.1	63.636	198	199	4	199	196212	196805	1.64e-79	256
CDF89082.1	CM003558.1	49.289	211	199	1	199	319298	318666	1.17e-64	214
CDF89083.1	CM003567.1	62.286	350	350	1	350	874618	875664	7.75e-151	468
CDF89084.1	CM003558.1	53.947	304	353	1	303	323044	323922	2.90e-105	337
CDF89084.1	CM003560.1	50.165	303	353	1	301	1003435	1002548	9.46e-101	325
CDF89084.1	CM003559.1	31.511	311	353	13	305	159447	160349	1.71e-39	147
CDF89085.1	CM003558.1	34.521	365	364	5	356	320655	319633	2.42e-58	203
CDF89086.1	CM003558.1	54.962	524	509	5	504	258980	260542	2.00e-178	555
CDF89086.1	CM003560.1	56.313	499	509	27	505	1048069	1046585	1.32e-175	547
CDF89087.1	CM003558.1	58.488	701	693	16	693	258287	256197	0.0	839
CDF89087.1	CM003568.1	46.667	330	693	387	692	15303	16289	2.86e-82	284
CDF89087.1	CM003563.1	43.807	331	693	386	693	15851	16840	2.39e-76	266
CDF89089.1	LIOO01000001.1	94.279	437	437	1	437	12792	11482	0.0	816
CDF89089.1	CM003560.1	94.279	437	437	1	437	1073555	1072245	0.0	816
CDF89089.1	CM003560.1	48.404	376	437	46	419	271174	270062	1.84e-109	353
CDF89089.1	CM003560.1	45.815	227	437	181	407	1278446	1279117	4.81e-60	210
CDF89089.1	CM003560.1	38.428	229	437	180	406	1279262	1279942	2.03e-42	159
CDF89089.1	CM003560.1	34.320	169	437	187	352	307120	307596	1.78e-12	68.2
CDF89089.1	CM003562.1	49.387	326	437	106	431	637709	638683	9.86e-103	334
CDF89089.1	CM003562.1	39.062	256	437	163	411	55380	54643	1.43e-51	186
CDF89089.1	CM003562.1	34.783	230	437	180	406	512483	511812	4.41e-35	137
CDF89089.1	CM003569.1	46.129	310	437	118	427	539838	538909	2.86e-91	301
CDF89089.1	CM003569.1	38.743	382	437	53	434	271268	272386	1.16e-82	276
CDF89089.1	CM003565.1	49.615	260	437	165	424	493111	492332	7.21e-88	291
CDF89089.1	CM003565.1	32.780	241	437	171	401	596363	597073	7.12e-33	130
CDF89090.1	LIOO01000001.1	80.952	273	280	8	280	10906	10088	3.00e-156	480
CDF89090.1	CM003560.1	80.952	273	280	8	280	1071669	1070851	3.07e-156	480
CDF89090.1	CM003558.1	31.489	235	280	30	248	105688	106344	1.17e-28	114
CDF89090.1	CM003558.1	25.000	344	280	30	280	468247	467267	6.55e-20	88.2
CDF89090.1	CM003555.1	28.159	277	280	30	280	337469	336687	1.46e-25	104
CDF89090.1	CM003564.1	30.583	206	280	82	280	296130	295531	1.01e-15	75.9
CDF89091.1	LIOO01000001.1	41.016	256	338	17	270	8608	9312	9.98e-38	142
CDF89091.1	LIOO01000001.1	75.000	36	338	303	338	9715	9822	1.18e-11	64.7
CDF89091.1	CM003560.1	41.016	256	338	17	270	1069371	1070075	1.03e-37	142
CDF89091.1	CM003560.1	75.000	36	338	303	338	1070478	1070585	1.21e-11	64.7
CDF89093.1	LIOO01000001.1	68.125	160	159	1	159	7816	7337	7.70e-64	209
CDF89093.1	CM003560.1	68.125	160	159	1	159	1068579	1068100	7.79e-64	209
CDF89094.1	LIOO01000001.1	42.301	617	611	7	611	6127	4463	2.27e-137	441
CDF89094.1	CM003560.1	42.301	617	611	7	611	1066890	1065226	2.43e-137	441
CDF89095.1	CM003558.1	52.162	2498	2489	1	2489	213520	220998	0.0	2655
CDF89096.1	CM003560.1	70.225	178	237	1	178	1064026	1064550	2.45e-78	255
CDF89096.1	LIOO01000001.1	69.863	146	237	33	178	3361	3789	3.34e-64	214
CDF89097.1	CM003560.1	83.042	401	427	29	426	1063515	1062334	0.0	691
CDF89097.1	CM003560.1	27.386	241	427	199	415	496787	497509	1.19e-24	105
CDF89097.1	LIOO01000001.1	82.745	255	427	143	397	2424	1660	8.37e-137	431
CDF89097.1	LIOO01000001.1	44.030	134	427	91	224	2578	2180	9.96e-24	103
CDF89097.1	CM003561.1	37.391	230	427	196	418	22732	22046	1.60e-45	167
CDF89098.1	CM003558.1	97.727	132	132	1	132	221676	221281	1.30e-80	256
CDF89098.1	CM003560.1	97.727	132	132	1	132	594455	594060	2.15e-80	255
CDF89098.1	CM003569.1	61.600	125	132	1	118	781955	782326	1.14e-33	122
CDF89099.1	CM003560.1	93.939	132	131	1	131	595273	595665	4.92e-74	237
CDF89099.1	CM003558.1	91.667	132	131	1	131	222372	222764	1.63e-72	233
CDF89100.1	CM003558.1	79.808	104	106	1	104	223347	223036	2.85e-54	179
CDF89101.1	CM003558.1	75.513	731	824	90	820	227022	224836	0.0	1187
CDF89101.1	CM003560.1	73.861	746	824	81	824	1059144	1061378	0.0	1184
CDF89101.1	LIOO01000001.1	75.625	160	824	664	823	145	624	8.02e-93	275
CDF89101.1	LIOO01000001.1	72.222	54	824	616	669	2	163	8.02e-93	84.0
CDF89102.1	CM003560.1	76.238	202	210	11	210	1058527	1057928	3.76e-100	316
CDF89102.1	CM003553.1	33.742	163	210	38	196	77495	77977	1.51e-12	64.7
CDF89102.1	CM003566.1	31.452	124	210	83	205	786506	786868	4.12e-12	63.2
CDF89103.1	CM003558.1	65.370	257	283	1	256	228448	227678	4.54e-111	351
CDF89103.1	CM003567.1	37.455	275	283	16	281	440172	439363	8.03e-51	178
CDF89104.1	CM003558.1	75.922	461	469	10	469	228725	230107	0.0	715
CDF89105.1	CM003558.1	56.582	433	425	1	425	231547	230249	1.70e-155	485
CDF89106.1	CM003560.1	52.632	190	202	18	201	1057372	1056824	1.97e-53	182
CDF89106.1	CM003558.1	52.486	181	202	24	199	231891	232415	1.79e-44	156
CDF89107.1	CM003558.1	71.020	490	492	3	492	232913	234382	0.0	764
CDF89107.1	CM003555.1	34.249	473	492	15	485	304425	305831	7.12e-83	279
CDF89107.1	CM003569.1	33.475	472	492	15	483	51146	49743	2.82e-80	271
CDF89107.1	CM003567.1	33.608	485	492	15	485	574260	572824	3.09e-73	251
CDF89107.1	CM003567.1	32.432	481	492	15	485	572050	570614	2.77e-71	245
CDF89107.1	CM003567.1	26.140	329	492	150	463	462785	461841	1.77e-15	78.6
CDF89107.1	CM003570.1	32.983	476	492	15	485	432453	433868	9.14e-73	249
CDF89108.1	CM003560.1	54.624	465	462	1	458	1056335	1054995	1.08e-156	490
CDF89108.1	CM003556.1	29.565	230	462	48	270	26358	25693	4.38e-20	92.4
CDF89108.1	CM003555.1	33.099	142	462	85	225	350671	351078	1.35e-15	78.6
CDF89109.1	CM003560.1	54.500	400	376	9	369	1053558	1054718	7.99e-123	389
CDF89110.1	CM003558.1	34.980	769	697	10	690	236768	234702	1.41e-92	314
CDF89111.1	CM003560.1	72.757	301	961	393	692	1051374	1052276	1.94e-148	487
CDF89111.1	CM003560.1	51.087	276	961	680	955	1052237	1053013	3.63e-77	276
CDF89112.1	CM003568.1	98.058	103	103	1	103	197539	197847	3.64e-61	199
CDF89112.1	CM003558.1	98.058	103	103	1	103	241561	241253	1.60e-60	197
CDF89113.1	CM003558.1	100.000	136	136	1	136	242208	242615	2.21e-85	270
CDF89113.1	CM003568.1	100.000	136	136	1	136	196863	196456	2.39e-85	270
CDF89113.1	CM003565.1	60.825	97	136	41	134	322441	322731	4.98e-34	123
CDF89114.1	CM003560.1	54.976	211	205	2	201	1049699	1049067	1.38e-70	231
CDF89115.1	CM003558.1	88.112	286	287	1	286	243852	242995	5.48e-174	531
CDF89115.1	CM003567.1	46.853	286	287	3	283	773694	774524	6.20e-84	273
CDF89116.1	LIOO01000001.1	53.179	173	163	1	163	16554	16060	3.35e-56	188
CDF89116.1	CM003560.1	53.179	173	163	1	163	1083149	1082655	3.39e-56	188
CDF89117.1	LIOO01000001.1	44.223	251	247	3	247	17718	17029	1.51e-53	184
CDF89117.1	CM003560.1	43.825	251	247	3	247	1084313	1083624	3.12e-53	183
CDF89117.1	CM003560.1	41.758	91	247	144	233	61265	60993	7.41e-13	66.6
CDF89117.1	CM003558.1	41.176	238	247	1	238	247284	246703	2.41e-48	169
CDF89117.1	CM003570.1	28.622	283	247	7	246	250551	249745	1.34e-16	77.4
CDF89118.1	CM003558.1	55.049	614	614	3	611	249449	247674	0.0	655
CDF89118.1	CM003564.1	40.854	492	614	147	611	644803	643361	1.09e-110	364
CDF89119.1	LIOO01000001.1	43.243	111	116	6	116	18639	18938	1.67e-12	61.2
CDF89119.1	CM003560.1	43.243	111	116	6	116	1085234	1085533	1.69e-12	61.2
CDF89120.1	LIOO01000001.1	52.787	610	607	22	607	20919	19126	0.0	569
CDF89120.1	CM003560.1	52.787	610	607	22	607	1087514	1085721	0.0	569
CDF89121.1	LIOO01000001.1	96.296	243	321	79	321	22433	21705	1.61e-158	489
CDF89121.1	CM003560.1	94.815	135	321	79	213	1089027	1088623	6.22e-134	265
CDF89121.1	CM003560.1	98.165	109	321	213	321	1088626	1088300	6.22e-134	230
CDF89122.1	CM003560.1	71.630	497	498	4	488	1092356	1090866	0.0	742
CDF89122.1	CM003569.1	31.288	163	498	23	183	644252	643809	2.24e-14	75.1
CDF89122.1	CM003570.1	30.247	162	498	31	181	486036	485599	4.42e-11	64.3
CDF89123.1	CM003560.1	60.488	205	221	17	221	1093139	1093753	1.50e-86	278
CDF89124.1	CM003558.1	67.544	912	911	2	910	253633	250898	0.0	1273
CDF89125.1	CM003557.1	37.618	739	637	6	633	149918	147867	3.04e-97	326
CDF89126.1	CM003557.1	80.263	304	307	3	306	150482	151393	1.08e-166	511
CDF89127.1	CM003557.1	74.771	436	416	3	416	152807	151506	0.0	674
CDF89127.1	CM003557.1	29.268	328	416	21	342	156192	155368	8.46e-30	121
CDF89127.1	LIOO01000005.1	58.378	185	416	122	284	777	226	2.32e-86	187
CDF89127.1	LIOO01000005.1	80.000	65	416	57	121	968	777	2.32e-86	109
CDF89127.1	LIOO01000005.1	53.704	54	416	6	59	1114	959	2.32e-86	61.6
CDF89127.1	LIOO01000005.1	73.256	86	416	267	352	280	26	2.02e-49	120
CDF89127.1	LIOO01000005.1	93.617	47	416	201	247	476	336	2.02e-49	92.8
CDF89127.1	LIOO01000005.1	29.268	328	416	21	342	4497	3673	8.33e-30	121
CDF89127.1	CM003562.1	35.688	269	416	24	282	891193	890411	1.82e-31	126
CDF89127.1	CM003562.1	26.708	322	416	27	321	838013	837138	2.11e-20	92.8
CDF89127.1	CM003562.1	27.957	279	416	11	274	491090	490383	3.63e-18	85.9
CDF89127.1	CM003560.1	32.226	301	416	31	319	1343364	1342561	3.58e-27	113
CDF89127.1	CM003560.1	25.309	324	416	17	333	45416	46252	8.45e-22	97.1
CDF89127.1	CM003560.1	24.579	297	416	27	321	120309	119560	1.59e-19	90.1
CDF89127.1	CM003560.1	26.524	328	416	26	337	1235209	1236108	4.34e-18	85.9
CDF89127.1	CM003560.1	23.636	385	416	32	396	137674	136640	4.02e-16	79.7
CDF89127.1	CM003560.1	26.619	278	416	32	283	98946	99617	1.52e-15	77.8
CDF89127.1	CM003560.1	27.315	216	416	75	287	66888	67400	1.01e-14	75.1
CDF89127.1	CM003560.1	25.444	338	416	14	320	802479	801622	9.99e-14	72.0
CDF89127.1	CM003560.1	24.590	244	416	32	273	1248655	1248059	1.32e-12	68.6
CDF89127.1	CM003560.1	27.170	265	416	97	331	493377	494033	1.46e-12	68.6
CDF89127.1	CM003564.1	28.383	303	416	32	319	474746	473976	1.08e-23	102
CDF89127.1	CM003564.1	31.802	283	416	31	301	540321	540974	2.01e-19	89.7
CDF89127.1	CM003564.1	24.333	300	416	24	312	614348	615073	4.25e-17	82.8
CDF89127.1	CM003564.1	27.273	286	416	25	276	504039	503266	1.37e-16	80.9
CDF89128.1	CM003557.1	39.354	991	948	2	907	156225	153460	0.0	613
CDF89128.1	CM003557.1	29.167	264	948	39	284	110556	111323	1.88e-24	109
CDF89128.1	CM003557.1	25.904	332	948	18	279	152789	151794	3.47e-24	108
CDF89128.1	LIOO01000005.1	49.288	562	948	2	551	4530	3049	8.31e-148	484
CDF89128.1	LIOO01000005.1	36.538	156	948	768	907	2237	1770	1.80e-24	94.4
CDF89128.1	LIOO01000005.1	34.694	49	948	693	741	2470	2324	1.80e-24	37.0
CDF89128.1	CM003564.1	38.224	259	948	39	280	474746	473970	1.52e-45	177
CDF89128.1	CM003564.1	36.015	261	948	41	283	540330	541103	8.20e-32	133
CDF89128.1	CM003564.1	27.941	272	948	11	271	614300	615073	2.65e-29	125
CDF89128.1	CM003564.1	28.767	219	948	22	222	647288	647941	4.21e-15	79.0
CDF89128.1	CM003564.1	28.462	260	948	34	281	570050	570808	5.33e-15	78.6
CDF89128.1	CM003564.1	27.976	168	948	87	225	617595	618098	6.06e-13	72.0
CDF89128.1	CM003560.1	38.911	257	948	35	283	45446	46210	1.60e-44	174
CDF89128.1	CM003560.1	31.599	269	948	35	280	66702	67505	5.75e-28	121
CDF89128.1	CM003560.1	29.457	258	948	35	288	120306	119536	1.15e-27	120
CDF89128.1	CM003560.1	31.833	311	948	1	280	1343460	1342555	1.58e-27	119
CDF89128.1	CM003560.1	34.222	225	948	34	231	1235212	1235886	1.26e-26	116
CDF89128.1	CM003560.1	30.516	213	948	35	229	98934	99572	6.27e-23	104
CDF89128.1	CM003560.1	25.649	308	948	10	283	802533	801610	3.05e-22	102
CDF89128.1	CM003560.1	25.652	230	948	25	229	137716	137027	8.63e-21	97.8
CDF89128.1	CM003560.1	27.536	276	948	34	278	1114611	1115429	2.63e-19	92.8
CDF89128.1	CM003560.1	29.808	208	948	33	229	1202497	1203108	7.56e-17	84.7
CDF89128.1	CM003560.1	26.500	200	948	41	234	1248649	1248050	9.99e-17	84.3
CDF89128.1	CM003560.1	27.103	321	948	35	279	553947	552997	4.94e-15	79.0
CDF89128.1	CM003560.1	26.941	219	948	91	283	493350	493985	1.04e-13	74.3
CDF89128.1	CM003560.1	27.632	228	948	13	229	1446765	1447430	1.99e-13	73.6
CDF89128.1	CM003560.1	25.389	193	948	41	216	1110302	1110871	7.49e-12	68.6
CDF89128.1	CM003563.1	36.691	278	948	15	283	221062	220241	3.38e-43	170
CDF89128.1	CM003563.1	33.465	254	948	41	290	443209	443967	2.49e-35	145
CDF89128.1	CM003563.1	28.163	245	948	35	271	26951	26220	6.78e-25	111
CDF89128.1	CM003563.1	28.226	248	948	34	260	368629	369372	2.23e-15	80.1
CDF89128.1	CM003563.1	28.571	203	948	76	262	266477	267058	2.74e-12	69.7
CDF89129.1	LIOO01000005.1	68.741	691	678	1	678	19759	21819	0.0	974
CDF89129.1	CM003557.1	68.741	691	678	1	678	171679	173739	0.0	973
CDF89129.1	CM003567.1	25.881	653	678	4	634	181505	183256	2.69e-52	194
CDF89129.1	CM003555.1	28.467	411	678	179	540	203170	204330	2.62e-46	145
CDF89129.1	CM003555.1	43.333	60	678	571	630	204444	204623	2.62e-46	58.5
CDF89130.1	CM003560.1	72.789	441	1688	1250	1688	1097610	1098923	0.0	694
CDF89130.1	CM003560.1	46.363	811	1688	40	846	1095105	1097348	0.0	639
CDF89130.1	CM003557.1	76.485	404	1688	38	440	174117	175313	0.0	649
CDF89130.1	CM003557.1	61.957	460	1688	1234	1688	176301	177668	0.0	610
CDF89130.1	CM003557.1	52.222	180	1688	665	839	175734	176270	1.16e-44	177
CDF89130.1	LIOO01000005.1	76.485	404	1688	38	440	22196	23392	0.0	648
CDF89130.1	LIOO01000005.1	62.198	455	1688	1234	1683	24377	25732	0.0	606
CDF89130.1	LIOO01000005.1	52.222	180	1688	665	839	23810	24346	1.26e-44	177
CDF89130.1	CM003563.1	30.221	407	1688	1282	1684	293199	292081	2.51e-39	160
CDF89130.1	CM003563.1	28.906	256	1688	1294	1539	433093	432335	2.75e-20	97.4
CDF89130.1	CM003565.1	29.787	235	1688	1313	1539	222764	222069	1.12e-20	98.6
CDF89131.1	CM003569.1	63.004	546	550	4	548	859912	861549	0.0	741
CDF89131.1	CM003570.1	61.538	546	550	4	548	55546	53909	0.0	717
CDF89131.1	CM003570.1	59.524	546	550	4	548	835799	834165	0.0	698
CDF89132.1	CM003560.1	83.838	99	434	336	434	1101174	1101470	3.01e-51	185
CDF89133.1	CM003569.1	63.333	300	301	5	301	862698	861799	7.78e-128	400
CDF89133.1	CM003560.1	62.701	311	301	1	301	1102636	1101704	1.64e-127	399
CDF89133.1	CM003565.1	35.971	278	301	9	283	503519	504208	1.90e-40	149
CDF89134.1	CM003569.1	86.429	420	419	1	419	866764	865505	0.0	765
CDF89135.1	CM003560.1	76.093	389	392	2	390	1104757	1103591	0.0	627
CDF89135.1	CM003569.1	73.529	374	392	18	390	868654	867533	0.0	595
CDF89136.1	CM003569.1	74.528	212	212	1	212	712580	713215	5.40e-107	336
CDF89137.1	CM003560.1	43.836	438	415	6	413	127083	128390	2.66e-106	343
CDF89138.1	CM003560.1	35.586	888	774	6	774	122756	125362	1.01e-138	452
CDF89138.1	CM003569.1	32.290	703	774	33	709	717794	715944	2.13e-94	322
CDF89139.1	CM003567.1	29.134	127	247	22	143	516491	516871	1.93e-12	65.1
CDF89139.1	CM003569.1	29.600	125	247	16	140	582364	581993	3.08e-12	64.7
CDF89139.1	CM003570.1	28.226	124	247	17	140	133049	133417	5.79e-12	63.9
CDF89139.1	CM003560.1	27.160	162	247	4	161	1299921	1299454	3.99e-11	61.2
CDF89139.1	CM003560.1	27.273	154	247	12	161	1399990	1399547	7.56e-11	60.5
CDF89140.1	CM003560.1	39.726	219	219	2	208	121698	122354	9.96e-34	126
CDF89141.1	CM003560.1	82.064	591	631	42	630	120333	118573	0.0	999
CDF89141.1	CM003560.1	43.046	302	631	24	298	66597	67502	2.89e-71	249
CDF89141.1	CM003560.1	39.116	294	631	48	310	802455	801574	6.18e-59	213
CDF89141.1	CM003560.1	34.843	287	631	46	302	1235200	1236057	5.47e-40	156
CDF89141.1	CM003560.1	28.782	271	631	48	302	98925	99734	5.52e-30	125
CDF89141.1	CM003560.1	28.772	285	631	55	303	1248655	1247813	2.36e-27	117
CDF89141.1	CM003560.1	30.675	326	631	48	299	553956	552994	1.42e-26	114
CDF89141.1	CM003560.1	29.210	291	631	57	303	1446837	1447697	1.84e-25	111
CDF89141.1	CM003560.1	27.368	285	631	55	313	1110296	1111135	4.28e-25	110
CDF89141.1	CM003560.1	27.857	280	631	57	302	137668	136838	7.10e-22	99.8
CDF89141.1	CM003560.1	27.341	267	631	51	303	45446	46213	1.07e-18	89.7
CDF89141.1	CM003560.1	30.719	153	631	107	242	493341	493799	1.36e-18	89.4
CDF89141.1	CM003560.1	28.870	239	631	25	252	1202428	1203120	4.10e-17	84.7
CDF89141.1	CM003560.1	27.241	290	631	45	300	1343409	1342552	8.86e-17	83.6
CDF89141.1	CM003560.1	28.636	220	631	51	248	1114614	1115258	1.86e-15	79.3
CDF89141.1	CM003559.1	43.000	300	631	17	303	230099	229209	1.19e-67	239
CDF89141.1	CM003559.1	31.203	266	631	50	291	41946	41152	1.40e-30	127
CDF89141.1	CM003559.1	26.103	272	631	57	301	73797	74606	1.16e-22	102
CDF89141.1	CM003559.1	28.834	326	631	11	301	187242	186289	2.20e-22	101
CDF89141.1	LIOO01000006.1	43.000	300	631	17	303	10924	11814	1.28e-67	239
CDF89141.1	CM003565.1	38.908	293	631	48	303	419068	418190	9.39e-64	228
CDF89141.1	CM003565.1	34.028	288	631	48	323	532678	533532	3.71e-42	163
CDF89141.1	CM003565.1	32.389	247	631	48	291	461479	460745	1.96e-32	133
CDF89141.1	CM003565.1	26.901	342	631	13	303	484525	483524	3.06e-27	117
CDF89141.1	CM003565.1	28.125	256	631	51	249	445884	446648	2.91e-22	101
CDF89141.1	CM003565.1	26.910	301	631	54	303	535911	536807	9.31e-19	89.7
CDF89141.1	CM003565.1	27.829	327	631	44	298	319919	320890	1.01e-16	83.2
CDF89141.1	CM003565.1	33.721	172	631	95	249	517412	517912	2.79e-16	82.0
CDF89141.1	CM003565.1	28.384	229	631	55	248	598550	599221	1.85e-12	69.3
CDF89141.1	CM003569.1	42.647	272	631	48	303	308835	308020	1.29e-57	209
CDF89141.1	CM003569.1	37.736	265	631	50	302	789944	790735	3.48e-42	163
CDF89141.1	CM003569.1	26.543	324	631	22	316	956352	955384	7.20e-32	131
CDF89141.1	CM003569.1	32.222	270	631	49	304	839918	839130	4.17e-31	129
CDF89141.1	CM003569.1	29.524	210	631	52	253	311543	310926	4.83e-21	97.1
CDF89141.1	CM003569.1	27.336	289	631	55	302	95099	95935	2.42e-18	88.6
CDF89141.1	CM003569.1	25.604	207	631	44	248	644258	643656	3.74e-18	87.8
CDF89141.1	CM003569.1	30.918	207	631	52	248	260597	261214	4.76e-18	87.4
CDF89141.1	CM003569.1	24.161	298	631	51	316	974702	973833	2.01e-17	85.5
CDF89141.1	CM003569.1	28.821	229	631	55	269	1000753	1001430	1.30e-12	70.1
CDF89142.1	CM003569.1	64.738	363	436	77	432	707622	706555	5.55e-156	487
CDF89142.1	CM003569.1	28.916	332	436	38	356	884635	885504	1.36e-31	127
CDF89142.1	CM003560.1	36.275	306	436	61	358	655522	654665	1.20e-45	168
CDF89142.1	CM003560.1	30.159	315	436	65	361	1138794	1139612	1.19e-32	130
CDF89142.1	LIOO01000003.1	30.159	315	436	65	361	9209	10027	1.13e-32	130
CDF89142.1	CM003570.1	26.071	280	436	70	336	519932	519246	4.04e-17	82.8
CDF89143.1	CM003560.1	34.444	180	178	1	160	118266	117733	2.95e-25	100
CDF89144.1	CM003560.1	50.864	521	524	6	524	116099	117628	1.60e-170	533
CDF89145.1	CM003569.1	43.323	337	324	6	322	706237	705230	4.83e-88	286
CDF89145.1	CM003555.1	26.623	308	324	8	299	374682	373768	4.30e-28	113
CDF89146.1	CM003560.1	45.397	478	487	1	471	538518	539951	4.86e-134	426
CDF89147.1	CM003569.1	70.478	586	579	1	578	704962	703208	0.0	845
CDF89147.1	CM003569.1	27.381	252	579	3	213	746265	746999	4.37e-18	87.4
CDF89147.1	CM003569.1	36.697	109	579	386	490	746262	746588	7.98e-11	63.9
CDF89148.1	CM003569.1	62.994	481	504	25	500	983822	985237	0.0	624
CDF89148.1	CM003569.1	39.293	509	504	3	497	193786	195309	1.63e-110	359
CDF89148.1	CM003568.1	21.522	381	504	64	436	388704	389828	1.25e-15	79.0
CDF89149.1	CM003560.1	79.379	805	807	1	795	535749	538145	0.0	1285
CDF89149.1	CM003566.1	46.164	730	807	94	796	74293	76446	0.0	632
CDF89150.1	CM003560.1	40.120	167	156	2	155	532771	533265	7.33e-28	106
CDF89151.1	CM003560.1	58.150	454	528	31	478	530894	532255	0.0	565
CDF89151.1	CM003569.1	39.862	434	528	45	474	394285	393119	6.06e-83	280
CDF89151.1	CM003566.1	38.532	436	528	45	479	711311	712498	4.20e-82	278
CDF89151.1	CM003558.1	24.342	456	528	40	463	327921	329018	4.58e-11	64.3
CDF89152.1	CM003569.1	31.071	560	556	40	556	698864	697221	1.59e-82	280
CDF89154.1	CM003569.1	50.394	127	866	166	282	695507	695887	4.62e-31	130
CDF89155.1	CM003563.1	87.887	355	355	1	355	379465	378401	0.0	650
CDF89156.1	CM003563.1	80.095	211	214	5	214	378053	377421	3.01e-92	293
CDF89156.1	CM003555.1	31.847	157	214	56	212	101041	101484	5.42e-16	74.7
CDF89156.1	CM003570.1	33.099	142	214	71	212	99513	99106	5.34e-15	72.0
CDF89157.1	CM003563.1	73.293	996	981	1	976	374190	377159	0.0	1468
CDF89158.1	CM003563.1	57.882	812	803	12	801	371467	373902	0.0	975
CDF89158.1	CM003569.1	35.309	776	803	67	801	330274	332550	2.08e-141	461
CDF89159.1	CM003563.1	52.068	701	642	4	639	365995	368097	0.0	689
CDF89159.1	CM003567.1	41.573	534	642	152	635	145191	143608	9.12e-111	365
CDF89160.1	CM003563.1	64.366	623	603	1	601	365569	363719	0.0	821
CDF89160.1	CM003560.1	36.111	612	603	5	603	377841	379619	5.08e-112	368
CDF89161.1	CM003563.1	51.989	352	407	50	390	328042	327002	2.60e-108	348
CDF89161.1	CM003563.1	49.123	114	407	277	390	325707	325366	1.46e-30	123
CDF89161.1	CM003563.1	49.123	114	407	277	390	324071	323730	1.46e-30	123
CDF89162.1	CM003565.1	72.483	149	147	1	147	514629	514195	1.63e-56	188
CDF89163.1	CM003563.1	74.324	148	150	1	147	329207	328764	7.25e-67	218
CDF89164.1	CM003565.1	32.979	188	183	17	180	513513	514061	1.28e-18	81.3
CDF89165.1	CM003563.1	68.803	234	235	1	230	332438	331737	6.12e-105	331
CDF89165.1	CM003569.1	30.126	239	235	3	227	239047	239709	1.47e-21	91.7
CDF89165.1	CM003567.1	25.424	236	235	3	227	688085	687435	3.23e-16	76.3
CDF89167.1	CM003565.1	76.246	863	861	1	861	512251	509669	0.0	1409
CDF89167.1	CM003563.1	67.288	859	861	6	860	337587	340163	0.0	1244
CDF89167.1	CM003553.1	24.407	885	861	4	786	222189	224798	4.82e-53	200
CDF89168.1	CM003563.1	73.288	292	296	7	296	340634	341509	7.78e-150	462
CDF89168.1	CM003560.1	52.508	299	296	1	295	485097	484222	2.20e-97	312
CDF89169.1	CM003563.1	48.759	564	555	1	555	343359	341683	0.0	565
CDF89170.1	CM003560.1	41.834	349	338	1	336	501724	500678	6.95e-80	264
CDF89171.1	CM003560.1	79.934	304	307	1	304	500345	499434	2.33e-172	528
CDF89173.1	CM003563.1	48.988	247	245	1	245	345365	346102	4.11e-72	237
CDF89173.1	CM003563.1	49.187	246	245	1	244	344102	344836	4.21e-71	234
CDF89173.1	CM003553.1	35.593	236	245	1	225	65990	65322	5.33e-21	90.5
CDF89173.1	CM003555.1	33.482	224	245	4	225	280937	280296	3.66e-20	87.8
CDF89174.1	CM003560.1	60.845	355	416	59	411	496502	497563	1.23e-133	422
CDF89174.1	CM003560.1	26.482	253	416	142	394	1063038	1062367	1.06e-25	108
CDF89174.1	LIOO01000001.1	27.500	200	416	158	357	2247	1717	2.64e-21	95.5
CDF89174.1	CM003561.1	25.385	260	416	148	401	22741	22034	1.39e-15	77.8
CDF89175.1	CM003563.1	66.955	693	684	1	684	348372	346300	0.0	957
CDF89175.1	CM003561.1	29.577	426	684	275	684	54870	53719	5.08e-30	126
CDF89175.1	CM003570.1	23.775	694	684	47	679	652290	654164	1.17e-23	105
CDF89175.1	CM003564.1	34.194	155	684	63	209	56425	56877	2.48e-12	69.3
CDF89176.1	CM003560.1	40.942	276	294	26	294	483819	482992	2.23e-70	234
CDF89177.1	CM003560.1	68.836	292	292	1	292	485097	484222	5.35e-139	431
CDF89177.1	CM003563.1	51.864	295	292	7	292	340634	341506	1.46e-97	313
CDF89178.1	CM003560.1	36.190	105	105	5	105	485538	485852	1.38e-22	89.4
CDF89179.1	CM003560.1	42.933	375	916	529	881	487192	486068	3.08e-70	254
CDF89179.1	CM003560.1	38.172	372	916	1	334	488656	487553	2.95e-47	183
CDF89180.1	CM003560.1	63.014	292	290	1	288	489673	490539	2.91e-123	386
CDF89180.1	CM003560.1	29.075	227	290	47	253	77098	77748	9.26e-21	90.9
CDF89181.1	CM003560.1	69.753	1663	1651	1	1651	491043	496019	0.0	2414
CDF89181.1	CM003560.1	29.082	196	1651	778	970	66963	67499	1.36e-16	85.1
CDF89181.1	CM003560.1	26.481	287	1651	773	1038	120102	119314	1.81e-16	84.7
CDF89181.1	CM003560.1	28.780	205	1651	777	970	45656	46195	3.55e-15	80.5
CDF89181.1	CM003560.1	27.826	230	1651	771	975	1235428	1236057	5.97e-15	79.7
CDF89181.1	CM003560.1	34.043	141	1651	778	913	137455	137045	1.85e-14	78.2
CDF89181.1	CM003560.1	28.500	200	1651	775	963	99147	99698	7.88e-13	72.8
CDF89181.1	CM003560.1	31.429	140	1651	774	913	1447032	1447412	6.31e-12	69.7
CDF89181.1	CM003560.1	28.636	220	1651	778	975	1114830	1115444	7.33e-12	69.3
CDF89181.1	CM003560.1	32.000	125	1651	814	932	1248346	1248014	9.92e-12	68.9
CDF89181.1	CM003560.1	25.248	202	1651	778	975	802149	801610	3.26e-11	67.4
CDF89181.1	CM003570.1	23.617	470	1651	1032	1465	631939	630638	3.59e-21	100
CDF89181.1	CM003570.1	29.954	217	1651	777	975	257217	256621	1.63e-14	78.2
CDF89181.1	CM003570.1	25.991	227	1651	772	983	282014	281391	2.44e-14	77.8
CDF89181.1	CM003570.1	31.250	144	1651	774	913	467138	466743	2.87e-14	77.4
CDF89181.1	CM003570.1	33.333	141	1651	778	917	160848	161210	4.94e-14	76.6
CDF89181.1	CM003570.1	31.967	122	1651	790	911	853595	853236	1.57e-13	75.1
CDF89181.1	CM003570.1	25.243	206	1651	780	975	279506	278946	1.80e-13	74.7
CDF89181.1	CM003570.1	34.667	150	1651	790	932	659790	660215	2.13e-13	74.7
CDF89181.1	CM003570.1	33.333	120	1651	812	926	485718	485401	3.18e-13	73.9
CDF89181.1	CM003570.1	28.986	138	1651	776	913	262326	262691	6.25e-12	69.7
CDF89181.1	CM003567.1	31.579	209	1651	776	975	253419	252862	6.75e-19	92.8
CDF89181.1	CM003567.1	28.934	197	1651	778	966	445057	444545	2.04e-13	74.7
CDF89181.1	CM003563.1	32.692	208	1651	774	975	220798	220241	2.01e-18	91.3
CDF89181.1	CM003563.1	28.358	201	1651	775	970	443392	443931	1.92e-17	87.8
CDF89181.1	CM003563.1	28.497	193	1651	778	966	26723	26211	7.93e-15	79.3
CDF89181.1	CM003563.1	28.992	238	1651	778	970	278269	278973	2.92e-13	73.9
CDF89181.1	CM003563.1	34.559	136	1651	804	932	368944	369321	6.07e-13	73.2
CDF89181.1	CM003563.1	28.472	144	1651	779	917	266558	266959	6.54e-13	72.8
CDF89181.1	CM003561.1	32.692	208	1651	775	975	95979	96554	8.82e-17	85.9
CDF89182.1	CM003563.1	56.190	210	214	5	214	349163	349780	2.13e-71	234
CDF89184.1	CM003560.1	72.587	1036	1070	20	1054	481292	478185	0.0	1625
CDF89184.1	CM003562.1	23.684	380	1070	284	624	1020386	1021456	2.71e-12	70.1
CDF89185.1	CM003560.1	63.680	625	602	1	602	476084	477946	0.0	790
CDF89185.1	CM003570.1	29.464	224	602	380	601	706169	705591	4.90e-20	94.0
CDF89186.1	CM003562.1	35.038	391	534	112	498	646722	645667	3.51e-64	226
CDF89187.1	CM003563.1	53.134	367	351	1	351	350989	349892	1.47e-117	373
CDF89188.1	CM003563.1	72.321	112	114	2	113	351401	351736	9.27e-42	144
CDF89189.1	CM003563.1	73.765	648	647	1	647	352101	354032	0.0	1013
CDF89189.1	CM003563.1	26.650	394	647	235	597	356352	355231	3.33e-17	85.1
CDF89189.1	CM003555.1	30.870	460	647	136	590	304536	305825	8.51e-52	192
CDF89189.1	CM003567.1	28.937	508	647	115	606	574212	572758	3.45e-50	187
CDF89189.1	CM003567.1	27.593	482	647	115	593	572002	570611	2.94e-46	176
CDF89189.1	CM003567.1	22.414	406	647	170	570	462995	461841	1.76e-13	72.8
CDF89189.1	CM003569.1	27.133	457	647	136	590	51035	49743	3.98e-46	175
CDF89189.1	CM003570.1	27.214	463	647	120	579	432516	433829	1.04e-44	171
CDF89190.1	CM003563.1	54.587	218	253	35	251	354787	354161	6.36e-71	234
CDF89191.1	CM003560.1	68.254	1260	1243	8	1242	471748	475449	0.0	1578
CDF89191.1	CM003569.1	25.000	556	1243	575	1093	801741	803330	1.46e-33	140
CDF89192.1	CM003563.1	75.910	577	577	1	577	356934	355210	0.0	917
CDF89192.1	CM003563.1	23.800	500	577	81	551	352431	353837	6.14e-15	77.4
CDF89192.1	CM003555.1	27.922	462	577	63	520	304428	305714	2.32e-38	150
CDF89192.1	CM003570.1	28.604	437	577	90	520	432525	433751	3.51e-38	150
CDF89192.1	CM003567.1	27.183	504	577	58	552	572068	570641	1.72e-36	144
CDF89192.1	CM003567.1	26.535	505	577	58	550	574278	572857	5.41e-33	134
CDF89192.1	CM003569.1	24.324	444	577	81	520	51098	49854	1.17e-29	124
CDF89193.1	CM003563.1	37.194	449	432	1	407	358566	357244	3.67e-89	295
CDF89194.1	CM003560.1	64.126	538	570	30	567	468999	470612	0.0	710
CDF89194.1	CM003567.1	24.306	288	570	185	440	742972	743799	2.10e-16	82.0
CDF89195.1	CM003560.1	42.606	683	631	4	631	466461	468470	5.06e-149	476
CDF89195.1	CM003570.1	30.000	150	631	11	160	883317	882913	1.84e-13	72.8
CDF89196.1	CM003563.1	28.363	684	645	18	643	360704	358809	1.98e-69	245
CDF89196.1	CM003570.1	25.832	511	645	196	640	886557	885028	5.04e-29	122
CDF89197.1	CM003560.1	58.373	209	221	6	199	465896	465270	1.93e-78	254
CDF89198.1	CM003560.1	66.364	330	335	11	334	464509	463520	6.65e-150	465
CDF89198.1	CM003562.1	30.714	140	335	150	284	455490	455083	6.06e-11	62.4
CDF89199.1	CM003560.1	55.660	212	204	1	204	462298	462933	9.43e-69	226
CDF89200.1	CM003564.1	68.966	116	126	1	112	498204	497857	4.91e-49	166
CDF89201.1	CM003564.1	49.180	671	780	14	666	504090	502372	0.0	584
CDF89201.1	CM003564.1	27.076	277	780	33	303	570050	570715	3.68e-22	101
CDF89201.1	CM003564.1	27.170	265	780	34	297	614360	614986	2.06e-15	79.7
CDF89201.1	CM003564.1	22.478	347	780	38	381	474746	473964	1.94e-12	70.1
CDF89201.1	CM003563.1	27.273	363	780	29	382	368617	369519	1.68e-33	138
CDF89201.1	CM003563.1	24.367	316	780	30	292	266129	266980	5.67e-13	71.6
CDF89201.1	CM003563.1	21.345	342	780	49	384	221038	220235	1.13e-11	67.4
CDF89201.1	CM003570.1	26.613	372	780	29	382	659505	660419	2.51e-30	127
CDF89201.1	CM003570.1	27.089	347	780	29	303	467612	466635	4.88e-26	114
CDF89201.1	CM003570.1	28.691	359	780	55	383	853910	852960	1.23e-25	112
CDF89201.1	CM003570.1	27.402	281	780	109	382	485919	485173	1.09e-24	109
CDF89201.1	CM003570.1	29.798	198	780	86	277	282155	281634	1.86e-13	73.2
CDF89201.1	CM003567.1	28.455	246	780	141	382	517755	518393	1.38e-28	122
CDF89201.1	CM003567.1	28.834	163	780	126	284	253452	253030	3.50e-11	65.9
CDF89201.1	CM003562.1	29.360	344	780	59	382	491066	490137	1.48e-28	122
CDF89201.1	CM003562.1	25.683	183	780	141	296	890959	890414	8.81e-14	74.3
CDF89201.1	CM003562.1	23.826	298	780	9	296	838085	837267	2.48e-13	72.8
CDF89202.1	CM003564.1	55.623	827	967	192	967	505571	507823	0.0	838
CDF89203.1	CM003564.1	58.422	1128	1771	647	1771	510147	513524	0.0	1242
CDF89203.1	CM003564.1	63.318	657	1771	1	656	508219	510177	0.0	861
CDF89204.1	CM003565.1	58.268	254	240	2	240	168325	167576	1.49e-94	301
CDF89206.1	CM003565.1	51.310	1717	1622	24	1622	162413	167326	0.0	1628
CDF89207.1	CM003562.1	54.088	477	643	4	461	107412	108797	3.11e-143	459
CDF89207.1	CM003563.1	42.180	422	643	162	548	115774	116955	1.88e-123	251
CDF89207.1	CM003563.1	55.114	176	643	1	167	115265	115792	1.88e-123	209
CDF89208.1	CM003558.1	29.276	608	589	6	580	183349	181613	1.42e-56	205
CDF89208.1	CM003568.1	27.920	548	589	6	534	31778	33280	1.74e-41	160
CDF89208.1	CM003559.1	28.261	276	589	192	453	14077	14868	2.28e-26	81.3
CDF89208.1	CM003559.1	32.394	142	589	458	587	14852	15262	2.28e-26	55.8
CDF89208.1	CM003559.1	35.385	130	589	6	133	13580	13948	8.08e-18	86.7
CDF89209.1	CM003565.1	26.667	360	364	1	347	653528	652488	7.93e-22	96.3
CDF89209.1	CM003567.1	25.905	359	364	1	348	1693	2724	9.60e-21	92.8
CDF89209.1	CM003560.1	26.453	344	364	1	333	1520426	1519440	2.00e-20	92.0
CDF89209.1	CM003558.1	26.453	344	364	1	333	790991	790005	2.25e-20	91.7
CDF89209.1	CM003562.1	26.453	344	364	1	333	2048	3034	2.49e-20	91.7
CDF89209.1	CM003562.1	29.286	140	364	203	336	1048622	1048221	4.14e-11	63.2
CDF89210.1	CM003562.1	76.415	106	125	1	106	106609	106292	3.38e-52	174
CDF89210.1	CM003563.1	68.750	112	125	1	112	114443	114108	5.95e-49	165
CDF89211.1	CM003564.1	37.830	341	293	2	292	257321	258340	7.25e-68	227
CDF89212.1	CM003569.1	37.584	298	328	73	325	240236	241114	6.16e-43	157
CDF89213.1	CM003562.1	73.608	413	427	8	418	104694	105932	0.0	622
CDF89214.1	CM003563.1	66.416	399	397	1	397	75050	73860	7.44e-179	551
CDF89214.1	CM003570.1	64.322	398	397	1	396	221202	220015	1.56e-172	533
CDF89215.1	CM003560.1	52.692	260	257	1	256	732400	731621	6.41e-76	249
CDF89216.1	CM003560.1	57.981	426	400	1	400	730135	731367	6.53e-138	434
CDF89217.1	CM003560.1	90.741	162	162	1	162	729106	729591	2.24e-99	311
CDF89217.1	CM003560.1	58.025	162	162	3	162	448630	449115	5.04e-56	187
CDF89217.1	CM003567.1	74.375	160	162	3	162	105460	105939	9.40e-79	252
CDF89217.1	CM003566.1	62.416	149	162	3	142	560313	559867	3.98e-57	190
CDF89217.1	CM003563.1	57.055	163	162	2	161	318905	319393	1.03e-51	175
CDF89217.1	CM003564.1	43.085	188	162	4	151	246008	245457	2.39e-35	128
CDF89218.1	CM003560.1	43.796	137	118	1	118	728581	728174	1.24e-25	98.6
CDF89219.1	CM003560.1	85.479	365	365	1	365	727749	726655	0.0	659
CDF89220.1	CM003566.1	42.935	368	327	1	327	396686	397783	2.14e-85	279
CDF89221.1	CM003560.1	46.171	1345	1302	1	1298	726229	722330	0.0	1083
CDF89222.1	CM003566.1	56.403	1023	954	2	953	398123	401065	0.0	1041
CDF89223.1	CM003560.1	57.337	368	379	1	363	719087	717984	7.39e-143	447
CDF89224.1	CM003560.1	52.475	202	251	51	249	717198	717734	6.33e-55	188
CDF89226.1	CM003566.1	35.135	259	491	105	358	403530	404249	5.27e-33	132
CDF89227.1	CM003566.1	61.171	461	470	15	469	404895	406271	0.0	583
CDF89228.1	CM003566.1	47.688	692	675	1	673	407004	409052	0.0	653
CDF89230.1	CM003560.1	57.221	727	721	1	716	713915	716065	0.0	843
CDF89230.1	CM003560.1	21.584	644	721	26	628	659558	657750	6.50e-12	68.2
CDF89231.1	CM003566.1	50.559	805	911	122	909	411685	409358	0.0	768
CDF89231.1	CM003568.1	41.168	719	911	218	909	28846	30975	1.29e-164	532
CDF89232.1	CM003566.1	35.122	205	209	12	209	411849	412445	9.43e-27	105
CDF89233.1	CM003566.1	60.751	293	299	5	296	413382	412504	3.29e-128	401
CDF89233.1	CM003570.1	52.560	293	299	5	296	678549	677689	3.52e-103	329
CDF89234.1	CM003560.1	44.714	454	434	1	434	713259	711928	1.35e-112	362
CDF89236.1	CM003560.1	52.222	990	934	1	933	708909	711818	0.0	999
CDF89237.1	CM003566.1	70.000	100	100	1	100	414132	413836	1.15e-42	146
CDF89238.1	CM003566.1	43.124	749	914	204	912	414861	417062	0.0	589
CDF89239.1	CM003560.1	68.020	197	213	21	213	708654	708064	2.01e-65	217
CDF89240.1	CM003560.1	55.859	512	502	1	502	707802	706285	3.97e-177	551
CDF89241.1	CM003566.1	49.281	765	723	1	723	419497	417308	0.0	716
CDF89242.1	CM003560.1	47.409	521	473	4	473	704286	705779	1.01e-106	347
CDF89243.1	CM003566.1	46.975	281	274	1	274	420132	420959	3.17e-53	184
CDF89244.1	CM003566.1	51.376	327	324	1	317	422391	421414	1.28e-100	323
CDF89246.1	CM003566.1	81.765	680	675	1	672	427249	425210	0.0	1190
CDF89246.1	CM003557.1	58.942	643	675	33	665	31867	29939	0.0	797
CDF89246.1	CM003558.1	21.984	373	675	269	635	647322	646297	3.23e-16	82.0
CDF89247.1	CM003560.1	71.592	1841	1981	167	1977	696459	701924	0.0	2679
CDF89247.1	CM003555.1	33.333	264	1981	791	1038	113337	114092	1.56e-32	138
CDF89247.1	CM003564.1	35.498	231	1981	781	983	247874	248560	1.59e-31	134
CDF89249.1	CM003560.1	41.687	415	397	1	393	691502	690396	1.89e-84	280
CDF89250.1	CM003560.1	72.546	652	675	39	675	689604	687745	0.0	906
CDF89250.1	CM003570.1	37.900	438	675	248	670	694077	695372	3.07e-91	310
CDF89250.1	CM003558.1	37.900	438	675	248	670	457653	458948	3.16e-91	310
CDF89250.1	CM003565.1	32.960	446	675	250	673	70583	71911	6.32e-71	250
CDF89250.1	CM003569.1	27.697	343	675	248	579	400975	400058	4.37e-27	117
CDF89251.1	CM003560.1	53.179	346	332	4	327	686509	687546	3.64e-105	336
CDF89252.1	CM003569.1	29.940	167	226	4	167	26019	25519	3.11e-20	87.4
CDF89252.1	CM003567.1	30.645	124	226	14	129	876751	877122	1.07e-12	65.5
CDF89252.1	CM003568.1	25.767	163	226	14	165	456236	455754	5.11e-11	60.5
CDF89253.1	CM003569.1	25.448	279	334	19	290	26025	25228	8.22e-21	92.4
CDF89253.1	CM003567.1	25.090	279	334	20	286	876718	877539	1.49e-18	85.5
CDF89254.1	CM003568.1	27.068	266	292	33	288	520707	519964	9.99e-15	73.2
CDF89254.1	CM003553.1	28.390	236	292	28	259	188854	188201	3.02e-14	71.6
CDF89255.1	CM003569.1	39.629	593	617	39	617	384593	386359	2.83e-145	464
CDF89255.1	CM003569.1	40.171	585	617	39	617	624655	626397	2.49e-142	456
CDF89255.1	CM003566.1	39.966	593	617	39	617	594250	596016	1.16e-143	460
CDF89255.1	CM003558.1	28.676	544	617	4	516	131976	130378	6.88e-62	222
CDF89255.1	CM003558.1	26.616	526	617	1	513	261483	263051	5.68e-60	216
CDF89255.1	CM003554.1	28.113	530	617	24	535	33472	31910	1.69e-59	214
CDF89256.1	CM003569.1	47.449	588	595	14	594	24319	22586	4.29e-173	543
CDF89261.1	CM003559.1	57.057	333	333	1	332	292336	293334	1.16e-130	409
CDF89261.1	CM003553.1	53.453	333	333	3	333	285671	284673	6.12e-112	356
CDF89261.1	CM003555.1	25.862	290	333	2	287	328940	329761	4.87e-12	65.9
CDF89262.1	CM003565.1	22.701	511	475	3	462	28040	26547	1.38e-25	109
CDF89263.1	CM003568.1	40.407	1621	1557	1	1554	589031	584271	0.0	1150
CDF89264.1	CM003560.1	62.500	1056	1067	21	1067	1499514	1496404	0.0	1327
CDF89265.1	CM003568.1	73.800	500	516	3	502	582429	583922	0.0	782
CDF89266.1	CM003568.1	49.697	495	469	1	469	580380	581852	5.60e-152	477
CDF89267.1	CM003568.1	71.116	457	459	4	459	579797	578427	0.0	716
CDF89268.1	CM003568.1	60.283	778	799	1	767	577929	575644	0.0	925
CDF89269.1	CM003568.1	65.859	454	451	6	447	575136	573778	0.0	617
CDF89269.1	CM003559.1	25.287	174	451	221	368	90464	89943	1.41e-11	65.5
CDF89270.1	CM003568.1	62.243	972	971	4	969	573420	570511	0.0	1279
CDF89271.1	CM003568.1	34.356	326	448	114	429	569814	568849	3.31e-44	164
CDF89273.1	CM003568.1	38.647	207	440	114	314	569814	569203	4.50e-39	149
CDF89274.1	CM003568.1	36.490	433	1100	431	840	567624	566434	1.00e-39	160
CDF89274.1	CM003568.1	46.739	184	1100	14	185	568398	567859	1.13e-25	114
CDF89275.1	CM003568.1	59.028	288	282	10	282	565421	564558	3.57e-102	325
CDF89276.1	CM003568.1	73.547	344	349	5	346	563317	564342	2.61e-170	524
CDF89276.1	CM003568.1	47.024	336	349	14	346	633773	634768	7.43e-101	325
CDF89276.1	CM003565.1	24.390	246	349	85	315	397705	398442	1.21e-12	67.8
CDF89276.1	CM003567.1	23.288	219	349	88	293	396151	396795	4.60e-12	66.2
CDF89276.1	CM003566.1	25.366	205	349	92	282	866180	866767	1.80e-11	64.3
CDF89277.1	CM003568.1	48.000	350	360	1	324	561694	562740	2.38e-97	315
CDF89278.1	CM003568.1	75.346	361	364	6	364	560164	561219	6.81e-179	549
CDF89279.1	CM003568.1	46.743	614	571	1	555	557929	559653	5.41e-156	493
CDF89279.1	CM003568.1	56.923	65	571	3	67	273384	273572	2.85e-12	68.6
CDF89279.1	CM003568.1	50.746	67	571	3	69	173467	173655	2.77e-11	65.5
CDF89279.1	CM003554.1	40.187	107	571	3	105	78951	78643	1.71e-12	69.3
CDF89279.1	CM003555.1	47.692	65	571	3	67	248745	248554	3.83e-11	65.1
CDF89280.1	CM003568.1	28.906	384	947	573	947	556632	557627	2.07e-33	139
CDF89280.1	CM003560.1	24.786	585	947	391	933	1494240	1495835	4.40e-27	118
CDF89281.1	CM003568.1	42.051	780	706	1	705	553261	555552	1.04e-165	527
CDF89282.1	CM003568.1	52.878	469	466	7	457	552924	551524	7.34e-149	468
CDF89283.1	CM003568.1	82.039	206	206	1	206	551266	550649	5.54e-116	361
CDF89284.1	CM003560.1	57.025	484	489	11	489	1491871	1493289	0.0	581
CDF89285.1	CM003560.1	45.098	408	406	1	404	1491620	1490457	7.32e-108	347
CDF89286.1	CM003568.1	51.376	872	846	7	846	546692	549295	0.0	934
CDF89287.1	CM003568.1	87.500	432	432	1	432	545953	544658	0.0	791
CDF89288.1	CM003568.1	55.759	547	564	1	545	542703	544343	0.0	637
CDF89289.1	CM003560.1	70.667	300	309	6	305	1489960	1489061	2.56e-137	427
CDF89290.1	CM003568.1	66.209	583	525	1	525	542128	540380	0.0	788
CDF89290.1	CM003568.1	25.792	221	525	86	301	694564	693959	1.39e-12	69.3
CDF89291.1	CM003560.1	55.689	167	163	1	163	1488361	1488861	8.11e-50	169
CDF89292.1	CM003568.1	46.032	252	276	11	257	539771	539031	2.65e-67	225
CDF89293.1	CM003568.1	56.939	771	748	25	748	538377	536197	0.0	856
CDF89294.1	CM003560.1	47.680	776	753	4	753	1485808	1488039	0.0	700
CDF89295.1	CM003568.1	67.961	103	267	160	262	535247	534945	9.15e-38	139
CDF89296.1	CM003560.1	25.188	266	465	130	388	1485071	1484292	7.87e-23	100
CDF89297.1	CM003568.1	31.915	188	193	7	192	534719	534159	2.86e-32	120
CDF89298.1	CM003568.1	41.395	215	207	1	204	533262	533888	1.58e-45	159
CDF89299.1	CM003568.1	54.944	799	789	1	783	532905	530563	0.0	876
CDF89300.1	CM003568.1	59.211	76	87	5	79	530057	530284	3.09e-26	99.0
CDF89302.1	CM003560.1	51.865	1126	1090	16	1090	1480071	1483397	0.0	1143
CDF89303.1	CM003560.1	61.212	330	339	1	329	1479584	1478595	7.06e-142	442
CDF89303.1	CM003569.1	26.552	290	339	79	325	349482	348676	2.68e-13	69.7
CDF89304.1	CM003568.1	37.234	188	272	83	260	529201	528641	2.00e-25	104
CDF89305.1	CM003568.1	93.148	613	613	1	613	528309	526471	0.0	1153
CDF89305.1	CM003560.1	92.985	613	613	1	613	1478214	1476376	0.0	1150
CDF89305.1	CM003555.1	61.741	609	613	5	611	364803	366623	0.0	742
CDF89305.1	CM003555.1	45.805	596	613	10	594	94977	96713	5.67e-158	501
CDF89305.1	CM003558.1	60.661	605	613	9	611	78274	76466	0.0	735
CDF89305.1	CM003558.1	32.883	444	613	4	437	556000	554681	9.28e-64	227
CDF89305.1	CM003557.1	62.349	579	613	9	586	128452	126731	0.0	714
CDF89306.1	CM003560.1	56.818	572	586	1	571	1474248	1475963	0.0	705
CDF89306.1	CM003560.1	34.388	474	586	2	465	1388676	1387315	5.72e-72	250
CDF89307.1	CM003568.1	44.444	72	220	59	130	525839	525660	4.78e-11	60.5
CDF89310.1	CM003568.1	71.789	436	436	1	435	524992	523718	0.0	657
CDF89311.1	CM003568.1	50.663	377	429	4	364	522202	523311	5.51e-115	369
CDF89312.1	CM003560.1	63.231	359	348	1	348	1470106	1471161	1.20e-146	456
CDF89312.1	CM003568.1	31.683	303	348	7	301	521089	521934	1.09e-43	160
CDF89312.1	CM003555.1	32.867	143	348	17	151	404512	404105	2.36e-20	91.3
CDF89312.1	CM003553.1	47.143	70	348	11	79	47277	47486	1.22e-16	80.1
CDF89313.1	CM003568.1	65.972	288	289	3	289	520752	519889	1.36e-128	401
CDF89313.1	CM003565.1	27.869	244	289	20	253	211296	212009	1.48e-12	66.6
CDF89314.1	CM003568.1	56.359	857	835	15	820	517208	519703	0.0	878
CDF89315.1	CM003568.1	75.806	248	244	1	244	515892	516629	1.56e-124	387
CDF89316.1	CM003560.1	63.538	554	527	4	527	1469819	1468182	0.0	689
CDF89316.1	CM003560.1	33.506	385	527	10	361	604991	606070	1.09e-54	197
CDF89316.1	CM003564.1	30.801	487	527	7	487	161322	162524	2.08e-64	226
CDF89316.1	CM003563.1	28.448	348	527	11	345	209674	210567	6.00e-36	142
CDF89316.1	CM003566.1	27.826	345	527	13	337	745671	744751	4.46e-35	139
CDF89316.1	CM003559.1	28.116	345	527	15	350	198242	199126	4.60e-33	133
CDF89317.1	CM003568.1	41.689	746	728	10	699	510752	512668	2.44e-132	431
CDF89317.1	CM003560.1	41.772	632	728	112	695	1466137	1467837	7.65e-106	354
CDF89320.1	CM003560.1	26.734	793	652	15	601	1457328	1459685	3.17e-68	241
CDF89321.1	CM003568.1	41.035	541	504	3	497	505924	504314	4.92e-122	392
CDF89322.1	CM003568.1	62.726	1049	1041	44	1040	503571	500452	0.0	1306
CDF89322.1	CM003558.1	38.400	875	1041	197	1036	292181	294634	3.38e-178	577
CDF89322.1	CM003558.1	31.250	176	1041	509	675	265374	264865	6.45e-11	65.5
CDF89323.1	CM003560.1	72.308	130	151	20	149	1456910	1456521	2.87e-63	207
CDF89324.1	CM003568.1	84.241	349	356	1	349	499911	498865	0.0	613
CDF89325.1	CM003568.1	48.611	72	110	35	100	497573	497370	7.12e-11	56.2
CDF89326.1	CM003568.1	88.972	535	537	3	537	496065	494461	0.0	998
CDF89327.1	CM003568.1	26.591	440	324	1	322	494038	492746	1.32e-18	85.5
CDF89328.1	CM003560.1	69.565	207	193	1	193	1453669	1454289	2.03e-88	281
CDF89329.1	CM003568.1	37.313	402	419	11	394	492502	491315	3.39e-74	251
CDF89330.1	CM003560.1	38.559	472	440	1	440	1451956	1453275	6.62e-85	283
CDF89330.1	CM003561.1	40.000	135	440	72	205	116037	115636	1.83e-23	102
CDF89331.1	CM003560.1	71.402	1077	1040	6	1037	1448401	1451625	0.0	1571
CDF89333.1	CM003568.1	75.949	158	149	1	149	487689	488162	1.33e-77	248
CDF89334.1	CM003568.1	62.660	782	724	1	716	484849	487191	0.0	831
CDF89334.1	CM003568.1	27.232	224	724	379	577	76715	76065	1.53e-15	79.7
CDF89334.1	CM003568.1	24.554	224	724	377	576	710252	709596	9.26e-15	77.4
CDF89334.1	CM003568.1	31.690	142	724	379	518	105101	105523	1.23e-13	73.6
CDF89334.1	CM003560.1	38.298	658	724	118	718	1445916	1447829	5.30e-135	439
CDF89334.1	CM003560.1	43.407	364	724	352	709	1110227	1111198	1.34e-86	298
CDF89334.1	CM003560.1	28.289	304	724	379	678	120288	119548	1.97e-23	105
CDF89334.1	CM003560.1	29.954	217	724	374	576	66705	67340	3.07e-19	92.0
CDF89334.1	CM003560.1	26.754	228	724	377	576	802434	801772	8.58e-16	80.9
CDF89334.1	CM003560.1	23.429	350	724	363	681	1235188	1236069	1.27e-14	77.0
CDF89334.1	CM003560.1	28.788	198	724	377	572	1248655	1248083	4.03e-14	75.1
CDF89334.1	CM003560.1	28.241	216	724	374	577	98937	99575	5.51e-14	74.7
CDF89334.1	CM003560.1	27.604	192	724	379	564	45464	46009	3.92e-13	72.0
CDF89334.1	CM003560.1	28.758	153	724	431	570	493341	493799	1.27e-11	67.0
CDF89334.1	CM003560.1	21.598	338	724	377	688	137674	136787	5.18e-11	65.1
CDF89334.1	CM003560.1	27.727	220	724	378	575	1343358	1342735	8.99e-11	64.3
CDF89334.1	CM003569.1	57.456	228	724	370	594	260585	261268	2.22e-85	294
CDF89334.1	CM003569.1	31.535	241	724	376	606	308817	308137	1.07e-20	96.7
CDF89334.1	CM003569.1	28.873	284	724	358	617	839972	839145	1.64e-20	95.9
CDF89334.1	CM003569.1	28.070	228	724	372	570	974705	974052	3.35e-17	85.1
CDF89334.1	CM003569.1	27.442	215	724	376	577	956226	955600	3.64e-14	75.5
CDF89334.1	CM003569.1	29.545	220	724	364	575	311564	310944	1.62e-12	70.1
CDF89334.1	CM003559.1	37.553	237	724	368	593	187125	186418	8.65e-45	172
CDF89334.1	CM003559.1	30.806	211	724	374	576	230003	229386	1.09e-21	99.8
CDF89334.1	CM003559.1	26.728	217	724	379	577	41925	41284	7.10e-15	77.8
CDF89334.1	CM003559.1	25.234	214	724	379	576	73797	74435	1.12e-14	77.0
CDF89334.1	CM003565.1	27.941	340	724	379	687	535920	536834	4.91e-35	142
CDF89334.1	CM003565.1	26.136	352	724	363	683	598502	599479	2.45e-28	121
CDF89334.1	CM003565.1	26.923	208	724	372	574	484387	483809	1.33e-15	80.1
CDF89334.1	CM003565.1	30.460	174	724	420	590	418819	418325	1.50e-15	79.7
CDF89334.1	CM003565.1	26.289	194	724	379	570	532705	533256	1.41e-13	73.6
CDF89335.1	CM003560.1	57.339	218	204	5	204	1444340	1444993	7.20e-61	203
CDF89336.1	CM003568.1	71.465	389	398	1	389	482016	480850	0.0	584
CDF89337.1	CM003568.1	45.833	336	297	1	297	479702	480694	1.91e-84	275
CDF89337.1	CM003568.1	42.408	191	297	5	195	323761	323261	1.41e-34	131
CDF89337.1	CM003568.1	28.966	145	297	3	146	330449	330075	5.22e-13	68.2
CDF89337.1	CM003568.1	29.231	195	297	1	195	339800	340285	9.00e-12	64.3
CDF89337.1	CM003566.1	46.569	204	297	1	201	586653	586114	5.43e-53	184
CDF89337.1	CM003566.1	25.258	194	297	5	197	644789	644304	7.74e-13	67.4
CDF89337.1	CM003566.1	28.369	141	297	3	142	703599	703240	4.29e-11	62.4
CDF89337.1	CM003565.1	45.128	195	297	4	198	120593	120093	2.64e-49	174
CDF89337.1	CM003565.1	28.947	228	297	1	211	202597	203220	2.29e-18	84.3
CDF89337.1	CM003570.1	44.792	192	297	5	196	863040	863552	8.36e-44	158
CDF89337.1	CM003553.1	37.383	214	297	5	198	175233	174652	6.30e-37	138
CDF89338.1	CM003568.1	90.000	240	245	1	238	477673	476954	8.59e-141	434
CDF89339.1	CM003560.1	56.853	197	267	1	197	1443859	1443272	3.70e-70	233
CDF89340.1	CM003568.1	56.869	313	307	1	307	475768	476664	3.76e-104	332
CDF89341.1	CM003568.1	36.242	298	1018	729	1018	474510	475280	3.66e-32	135
CDF89342.1	CM003564.1	56.460	565	551	3	551	205028	203334	0.0	593
CDF89343.1	CM003560.1	76.235	1073	1073	1	1073	1389528	1386316	0.0	1751
CDF89343.1	CM003560.1	31.224	490	1073	274	740	1474218	1475645	2.79e-59	222
CDF89343.1	CM003558.1	26.190	252	1073	760	1007	472145	471429	3.43e-17	86.3
CDF89343.1	CM003564.1	26.407	231	1073	771	997	89318	88677	1.30e-15	80.9
CDF89344.1	CM003560.1	43.750	288	279	3	277	1384572	1385429	1.55e-66	223
CDF89345.1	CM003560.1	48.974	390	445	59	445	1293800	1292700	3.07e-103	336
CDF89346.1	CM003560.1	89.398	415	437	1	415	1289067	1287826	0.0	774
CDF89346.1	CM003560.1	87.351	419	437	22	435	1382857	1381604	0.0	753
CDF89347.1	CM003560.1	56.579	76	81	5	78	1381118	1380894	6.27e-20	80.5
CDF89347.1	CM003560.1	48.780	82	81	1	78	1287289	1287047	3.67e-17	72.8
CDF89348.1	CM003560.1	58.416	101	106	6	106	1206366	1206665	4.89e-19	79.3
CDF89348.1	CM003560.1	57.447	47	106	1	47	1286542	1286402	1.47e-13	63.5
CDF89348.1	CM003560.1	65.432	81	106	26	106	1286166	1285924	1.30e-12	60.8
CDF89349.1	CM003560.1	34.737	285	266	1	266	1285425	1284574	7.85e-39	142
CDF89350.1	CM003560.1	37.843	547	493	1	491	1380418	1378784	1.39e-105	345
CDF89351.1	CM003560.1	74.378	402	412	3	401	1283820	1282621	0.0	565
CDF89351.1	CM003568.1	28.342	374	412	61	397	744535	743420	5.25e-32	127
CDF89352.1	CM003560.1	90.539	835	829	1	829	1277810	1280314	0.0	1534
CDF89352.1	CM003560.1	46.696	227	829	213	436	1073015	1072335	2.83e-57	213
CDF89352.1	CM003560.1	45.161	248	829	205	444	270805	270065	2.37e-51	194
CDF89352.1	CM003560.1	43.966	232	829	480	710	270799	270104	1.29e-49	189
CDF89352.1	CM003560.1	37.891	256	829	485	732	1073018	1072257	3.33e-44	172
CDF89352.1	CM003560.1	29.268	164	829	495	655	307132	307590	5.38e-13	72.0
CDF89352.1	CM003560.1	30.263	152	829	234	380	307168	307593	2.79e-11	66.2
CDF89352.1	CM003566.1	44.133	571	829	211	775	901742	900147	2.73e-146	476
CDF89352.1	CM003566.1	38.746	622	829	216	778	57694	55844	1.68e-131	433
CDF89352.1	CM003566.1	39.146	281	829	160	439	901028	900240	2.78e-56	209
CDF89352.1	CM003566.1	36.918	279	829	210	472	56728	55892	3.07e-51	194
CDF89352.1	CM003566.1	37.631	287	829	483	752	57712	56858	1.24e-50	192
CDF89352.1	CM003568.1	32.384	562	829	244	773	759609	761264	1.83e-73	262
CDF89352.1	CM003568.1	44.915	236	829	211	441	760383	761087	2.41e-52	197
CDF89352.1	CM003562.1	45.126	277	829	207	477	55359	54535	8.18e-65	236
CDF89352.1	CM003562.1	41.538	260	829	213	468	637934	638659	8.55e-58	214
CDF89352.1	CM003562.1	43.515	239	829	482	713	55356	54652	3.04e-56	209
CDF89352.1	CM003562.1	42.291	227	829	485	711	637931	638611	3.21e-52	197
CDF89352.1	CM003562.1	37.262	263	829	465	718	512561	511791	6.69e-41	162
CDF89352.1	CM003562.1	37.975	237	829	211	441	512486	511782	1.77e-40	160
CDF89352.1	CM003565.1	31.800	500	829	250	721	595673	597118	5.16e-62	227
CDF89352.1	CM003565.1	45.217	230	829	210	436	493072	492383	2.20e-56	210
CDF89352.1	CM003565.1	37.358	265	829	470	730	493111	492359	2.08e-50	191
CDF89352.1	CM003565.1	37.358	265	829	211	461	596387	597181	9.69e-46	177
CDF89353.1	CM003560.1	59.358	187	152	1	150	1276910	1277446	4.15e-67	218
CDF89354.1	CM003560.1	70.418	311	312	1	311	1276207	1275275	2.26e-150	465
CDF89354.1	CM003560.1	30.128	312	312	10	296	319026	318166	4.65e-32	124
CDF89354.1	CM003569.1	30.719	306	312	6	287	534074	533229	1.12e-30	120
CDF89354.1	CM003558.1	31.546	317	312	7	293	520097	520981	8.20e-27	109
CDF89354.1	CM003564.1	26.573	286	312	6	282	126711	125932	1.55e-23	99.8
CDF89354.1	CM003563.1	28.829	333	312	9	305	214217	213264	7.47e-23	97.8
CDF89355.1	CM003560.1	58.896	163	172	14	172	1374685	1375170	3.10e-61	202
CDF89355.1	CM003559.1	31.847	157	172	15	171	93426	93800	9.04e-21	87.0
CDF89356.1	CM003560.1	48.994	696	689	3	671	1374279	1372222	0.0	669
CDF89358.1	CM003553.1	51.247	361	348	2	330	108765	109838	7.03e-108	345
CDF89358.1	CM003560.1	54.514	288	348	11	281	1370880	1371704	1.13e-97	315
CDF89359.1	CM003553.1	83.514	740	736	1	736	108266	106065	0.0	1311
CDF89359.1	CM003565.1	43.500	400	736	334	702	589643	590830	1.24e-108	363
CDF89360.1	CM003553.1	38.006	321	330	18	328	104885	105766	5.95e-66	223
CDF89361.1	CM003553.1	53.898	295	294	1	294	104109	103228	1.72e-100	321
CDF89362.1	CM003555.1	42.466	292	270	1	270	327288	326434	1.54e-55	191
CDF89364.1	CM003555.1	74.954	547	548	6	547	326172	324535	0.0	866
CDF89365.1	CM003555.1	82.516	469	469	1	469	322943	324349	0.0	820
CDF89365.1	CM003553.1	82.366	465	469	1	465	98277	99671	0.0	810
CDF89365.1	CM003568.1	25.514	243	469	132	359	658449	659114	3.98e-18	86.7
CDF89365.1	CM003569.1	23.926	326	469	73	373	18298	19248	8.00e-18	85.5
CDF89365.1	CM003570.1	23.116	199	469	194	373	18842	19411	5.99e-14	63.5
CDF89365.1	CM003570.1	27.885	104	469	73	172	18460	18771	5.99e-14	30.8
CDF89367.1	CM003555.1	59.200	625	624	1	617	320220	322085	0.0	773
CDF89368.1	CM003555.1	52.381	105	226	14	112	319177	319491	1.92e-21	90.9
CDF89369.1	CM003553.1	49.216	638	621	1	621	94165	92351	7.67e-170	535
CDF89370.1	CM003555.1	63.514	518	511	1	511	318599	317067	0.0	689
CDF89370.1	CM003561.1	25.901	444	511	99	499	113012	111792	1.43e-27	116
CDF89371.1	CM003553.1	38.274	452	426	1	417	90773	92074	1.27e-94	310
CDF89372.1	CM003555.1	44.625	614	645	9	612	316701	314881	1.46e-168	533
CDF89373.1	CM003553.1	56.981	265	262	4	261	89716	90489	3.68e-89	287
CDF89374.1	CM003555.1	43.863	611	794	69	596	311261	309477	2.98e-137	448
CDF89374.1	CM003555.1	51.031	194	794	611	791	309260	308679	5.04e-56	208
CDF89374.1	CM003569.1	27.629	485	794	362	755	350043	348652	6.24e-31	130
CDF89375.1	CM003555.1	47.403	154	102	1	102	307917	308378	7.13e-30	109
CDF89376.1	CM003553.1	89.552	134	135	2	135	88809	89210	1.04e-76	245
CDF89376.1	CM003555.1	89.552	134	135	2	135	307053	307454	1.04e-76	245
CDF89377.1	CM003555.1	77.976	504	516	11	514	304335	305846	0.0	855
CDF89377.1	CM003569.1	60.624	513	516	2	513	51263	49725	0.0	679
CDF89377.1	CM003570.1	48.594	498	516	17	511	432381	433874	1.83e-165	518
CDF89377.1	CM003567.1	43.725	510	516	13	511	574329	572818	1.64e-132	423
CDF89377.1	CM003567.1	44.358	514	516	13	513	572119	570596	8.93e-132	421
CDF89377.1	CM003567.1	27.245	323	516	203	507	462707	461781	7.47e-23	102
CDF89377.1	CM003558.1	32.411	506	516	11	509	232859	234361	2.66e-80	272
CDF89378.1	CM003555.1	84.677	124	125	1	124	303069	303440	8.37e-64	207
CDF89378.1	CM003564.1	37.719	114	125	7	120	314188	314529	8.09e-26	99.4
CDF89378.1	CM003561.1	33.333	117	125	14	121	128874	128536	1.45e-11	58.9
CDF89378.1	CM003570.1	31.818	132	125	3	121	508132	507740	1.92e-11	58.5
CDF89379.1	CM003555.1	41.270	126	119	1	118	302584	302213	1.61e-25	98.2
CDF89380.1	CM003553.1	60.477	797	802	1	797	85292	87682	0.0	999
CDF89381.1	CM003553.1	57.295	658	660	10	660	83072	85039	0.0	798
CDF89382.1	CM003555.1	77.444	900	896	1	896	299213	301876	0.0	1469
CDF89382.1	CM003553.1	74.442	896	896	1	896	80058	82664	0.0	1420
CDF89383.1	CM003553.1	71.613	155	155	1	155	78996	79460	6.25e-77	247
CDF89384.1	CM003553.1	60.699	229	227	1	227	78744	78058	2.26e-94	300
CDF89385.1	CM003553.1	49.807	259	394	151	394	77279	78007	1.34e-65	225
CDF89385.1	CM003560.1	38.462	117	394	237	350	1058422	1058075	1.70e-14	74.3
CDF89386.1	CM003553.1	63.576	151	153	3	153	76318	76770	2.39e-64	211
CDF89387.1	CM003555.1	76.130	863	864	1	860	295673	298255	0.0	1353
CDF89388.1	CM003553.1	50.980	306	299	1	299	75212	76111	1.54e-81	267
CDF89389.1	CM003555.1	59.968	632	610	1	610	293309	295072	0.0	734
CDF89390.1	CM003555.1	61.783	157	161	1	156	292328	292798	1.01e-62	206
CDF89390.1	CM003553.1	62.585	147	161	10	156	72746	73186	2.55e-61	202
CDF89391.1	CM003555.1	73.993	546	556	10	555	287150	285519	0.0	887
CDF89391.1	CM003570.1	39.706	544	556	19	552	561984	560386	5.43e-131	421
CDF89392.1	CM003553.1	47.122	469	630	205	630	70553	69195	1.79e-122	399
CDF89392.1	CM003553.1	76.404	89	630	4	92	71093	70827	3.88e-37	147
CDF89392.1	CM003555.1	36.199	442	630	6	414	284459	283248	1.51e-63	227
CDF89394.1	CM003555.1	43.850	187	194	1	163	281992	282525	3.71e-29	112
CDF89396.1	CM003555.1	62.528	443	438	4	437	279902	278589	2.97e-180	557
CDF89397.1	CM003555.1	64.552	536	552	21	552	274834	276432	0.0	711
CDF89397.1	CM003555.1	62.011	537	552	19	552	268391	266796	0.0	678
CDF89397.1	CM003555.1	58.532	545	552	13	552	276836	278443	0.0	651
CDF89397.1	CM003562.1	27.787	583	552	23	552	898535	900271	3.13e-54	197
CDF89398.1	CM003555.1	62.205	254	389	163	375	273386	274147	2.40e-94	308
CDF89398.1	CM003553.1	51.210	248	389	122	369	61991	61338	3.40e-75	253
CDF89399.1	CM003555.1	63.000	100	104	1	96	272050	272349	1.37e-35	126
CDF89400.1	CM003553.1	71.329	143	143	1	141	62822	63250	2.71e-64	210
CDF89400.1	CM003555.1	75.000	128	143	16	143	271405	271022	4.83e-53	178
CDF89401.1	CM003564.1	84.615	104	184	1	104	634472	634161	2.83e-56	189
CDF89401.1	CM003564.1	82.927	82	184	103	184	633849	633604	1.34e-40	144
CDF89401.1	CM003565.1	84.615	104	184	1	104	558877	558566	5.52e-56	188
CDF89401.1	CM003565.1	81.707	82	184	103	184	558265	558020	3.36e-40	143
CDF89402.1	CM003565.1	57.787	687	702	1	682	555643	557676	0.0	766
CDF89403.1	CM003562.1	61.973	1044	1013	17	1013	329458	326399	0.0	1242
CDF89404.1	CM003570.1	80.258	466	503	37	502	47807	49204	0.0	774
CDF89405.1	CM003555.1	64.301	479	546	75	546	41748	40321	0.0	635
CDF89405.1	CM003569.1	55.769	416	546	86	501	754288	753047	4.63e-151	478
CDF89405.1	CM003559.1	35.806	391	546	146	492	107780	108895	9.22e-52	189
CDF89406.1	CM003569.1	65.198	227	269	1	226	752344	751670	2.17e-88	285
CDF89406.1	CM003560.1	28.472	144	269	16	154	376691	377092	7.14e-12	63.9
CDF89407.1	CM003555.1	52.029	961	958	13	917	39715	36845	0.0	929
CDF89407.1	CM003558.1	40.084	474	958	5	463	93836	95077	2.83e-95	330
CDF89407.1	CM003562.1	30.387	362	958	69	422	965407	964541	9.34e-37	149
CDF89407.1	CM003570.1	30.479	397	958	69	429	252676	251654	1.30e-36	149
CDF89407.1	CM003570.1	43.750	144	958	277	416	804151	804582	1.55e-22	103
CDF89407.1	CM003570.1	30.723	166	958	11	172	803557	804015	1.54e-15	80.5
CDF89407.1	CM003565.1	33.858	127	958	50	172	381448	381092	5.07e-14	75.5
CDF89408.1	CM003555.1	58.384	495	668	4	469	34695	36155	5.55e-180	566
CDF89409.1	CM003569.1	53.148	937	945	12	942	748623	751409	0.0	995
CDF89409.1	CM003560.1	25.888	394	945	242	626	1350268	1351344	4.29e-22	102
CDF89410.1	CM003569.1	76.172	256	280	1	256	747315	748079	8.22e-133	413
CDF89411.1	CM003567.1	41.667	1092	1100	2	1077	246219	249473	0.0	862
CDF89412.1	CM003569.1	59.885	349	336	1	336	745962	746999	1.19e-119	378
CDF89412.1	CM003569.1	31.683	202	336	93	283	704956	704393	1.96e-19	88.2
CDF89412.1	CM003569.1	26.733	202	336	92	288	703786	703253	3.00e-11	63.5
CDF89412.1	CM003562.1	36.449	107	336	81	187	333620	333919	8.30e-11	62.0
CDF89413.1	CM003569.1	73.546	533	546	7	537	756506	754917	0.0	786
CDF89413.1	CM003569.1	29.048	420	546	74	424	632644	633855	4.19e-34	137
CDF89415.1	CM003567.1	90.385	208	207	1	207	249913	250536	1.47e-126	392
CDF89415.1	CM003567.1	27.219	169	207	9	169	140181	139705	8.81e-16	73.9
CDF89415.1	CM003561.1	42.135	178	207	7	184	132321	131815	2.43e-38	139
CDF89415.1	CM003561.1	36.893	206	207	1	202	207071	207661	3.49e-36	132
CDF89415.1	CM003566.1	37.981	208	207	10	207	644789	644178	1.65e-36	133
CDF89415.1	CM003566.1	32.121	165	207	9	173	703596	703129	6.80e-23	94.7
CDF89415.1	CM003566.1	26.344	186	207	4	177	586659	586120	8.54e-15	71.2
CDF89415.1	CM003555.1	37.143	175	207	8	178	215307	214813	1.61e-32	122
CDF89415.1	CM003569.1	34.091	220	207	1	207	594333	594977	3.37e-32	121
CDF89415.1	CM003569.1	32.121	165	207	9	173	403066	403533	6.30e-23	94.7
CDF89415.1	CM003569.1	33.333	153	207	21	173	569866	569426	1.10e-20	88.2
CDF89416.1	CM003569.1	51.402	749	784	3	740	759094	756878	0.0	724
CDF89417.1	CM003569.1	56.693	254	384	35	281	760671	759940	3.14e-87	287
CDF89417.1	CM003553.1	31.210	157	384	58	195	61865	61395	7.25e-17	81.3
CDF89418.1	CM003569.1	56.954	302	322	14	315	761606	762511	4.10e-117	370
CDF89418.1	CM003569.1	26.415	318	322	1	311	958094	958981	5.13e-19	86.7
CDF89418.1	CM003560.1	43.450	313	322	5	315	97888	96962	9.75e-85	277
CDF89419.1	CM003569.1	58.466	378	377	1	377	762946	764079	1.10e-146	457
CDF89419.1	CM003568.1	33.094	139	377	80	217	752791	753174	7.66e-14	72.0
CDF89419.1	CM003566.1	29.114	158	377	7	139	609214	609687	1.83e-13	70.9
CDF89419.1	CM003560.1	45.161	62	377	80	141	793864	793679	1.10e-11	65.1
CDF89420.1	CM003569.1	56.709	1513	1645	179	1624	768651	764485	0.0	1551
CDF89421.1	CM003569.1	88.333	120	122	1	120	769765	770124	6.49e-70	225
CDF89422.1	CM003569.1	36.719	256	320	66	317	773913	774584	4.87e-35	134
CDF89423.1	CM003567.1	65.000	160	152	1	152	254929	255402	1.79e-52	177
CDF89425.1	CM003569.1	53.465	202	208	5	206	775590	775006	1.61e-69	228
CDF89426.1	CM003569.1	60.517	271	245	1	244	775799	776611	3.59e-104	329
CDF89427.1	CM003567.1	53.745	534	540	9	540	256785	258293	0.0	568
CDF89428.1	CM003569.1	80.556	360	365	7	365	777979	776900	0.0	595
CDF89429.1	CM003567.1	67.077	325	383	70	383	259013	259957	5.26e-136	427
CDF89430.1	CM003567.1	46.429	588	585	6	580	265297	263564	6.27e-166	523
CDF89430.1	CM003567.1	46.655	583	585	9	580	262393	260672	1.50e-164	518
CDF89430.1	CM003569.1	44.463	596	585	1	580	780565	778820	7.10e-162	511
CDF89430.1	CM003568.1	27.700	426	585	187	577	182557	181382	6.48e-42	161
CDF89430.1	CM003568.1	33.898	177	585	13	183	183271	182825	5.12e-12	67.8
CDF89431.1	CM003567.1	68.566	579	661	18	595	265255	263522	0.0	861
CDF89431.1	CM003567.1	60.469	597	661	11	604	262384	260600	0.0	772
CDF89431.1	CM003569.1	64.014	578	661	6	580	780553	778823	0.0	809
CDF89431.1	CM003568.1	29.730	592	661	84	578	183058	181382	1.81e-55	204
CDF89432.1	CM003569.1	95.200	125	131	1	125	781955	782329	6.67e-67	217
CDF89432.1	CM003560.1	63.810	105	131	23	126	594407	594096	3.08e-35	126
CDF89432.1	CM003558.1	63.810	105	131	23	126	221628	221317	3.85e-35	126
CDF89433.1	CM003569.1	50.532	564	548	5	521	782912	784555	1.74e-154	488
CDF89434.1	CM003567.1	39.673	489	444	1	438	180249	178786	1.80e-106	345
CDF89435.1	CM003562.1	74.312	109	124	16	124	608675	608349	3.66e-38	134
CDF89436.1	CM003562.1	41.469	803	836	62	828	278947	281322	0.0	595
CDF89437.1	CM003562.1	59.645	394	424	25	404	282755	281580	1.29e-155	486
CDF89438.1	CM003562.1	94.231	104	105	2	105	609447	609136	6.12e-61	198
CDF89439.1	CM003562.1	75.641	156	156	1	156	284050	284514	8.95e-69	223
CDF89439.1	CM003562.1	75.641	156	156	1	156	610838	611302	1.51e-63	208
CDF89439.1	CM003566.1	35.556	90	156	1	87	152215	152484	6.02e-13	63.9
CDF89440.1	CM003562.1	50.943	212	222	26	222	285140	285772	3.22e-60	202
CDF89442.1	CM003562.1	45.665	173	225	12	184	613015	612497	1.41e-48	169
CDF89443.1	CM003562.1	45.923	233	377	8	217	615775	616464	1.05e-37	143
CDF89443.1	CM003562.1	69.643	56	377	21	76	954844	954677	2.04e-19	89.0
CDF89443.1	CM003555.1	67.857	56	377	21	76	212412	212245	7.03e-19	87.4
CDF89443.1	CM003569.1	43.750	64	377	19	82	549358	549173	2.96e-12	67.0
CDF89443.1	CM003567.1	41.892	74	377	20	92	99330	99545	3.23e-12	67.0
CDF89443.1	CM003558.1	45.312	64	377	23	86	350229	350038	5.69e-12	66.2
CDF89445.1	CM003562.1	43.670	703	656	1	656	537773	539725	4.30e-122	399
CDF89445.1	CM003567.1	42.601	223	656	424	642	290712	291359	1.74e-37	149
CDF89446.1	CM003562.1	72.984	707	687	1	687	290062	287942	0.0	1032
CDF89447.1	CM003562.1	31.447	919	803	11	802	620126	617454	2.33e-121	402
CDF89449.1	CM003562.1	55.140	214	212	1	212	620830	621471	1.18e-80	260
CDF89450.1	CM003562.1	56.197	468	465	14	464	622006	623409	4.40e-172	535
CDF89450.1	CM003564.1	30.961	281	465	77	357	163582	162935	1.65e-40	154
CDF89451.1	CM003562.1	64.945	271	252	1	251	276191	277003	4.04e-108	341
CDF89451.1	CM003562.1	31.455	213	252	4	197	956913	956302	4.81e-18	82.0
CDF89451.1	CM003568.1	47.257	237	252	1	237	339800	340459	8.11e-53	182
CDF89451.1	CM003568.1	29.469	207	252	5	201	330443	329826	5.17e-14	70.1
CDF89451.1	CM003568.1	30.055	183	252	5	172	323761	323228	6.11e-13	67.0
CDF89451.1	CM003569.1	54.857	175	252	1	175	569911	569393	9.21e-51	176
CDF89451.1	CM003569.1	32.039	206	252	5	202	594372	594959	9.58e-19	84.0
CDF89451.1	CM003561.1	38.095	168	252	4	165	207095	207577	7.98e-28	110
CDF89451.1	CM003561.1	35.802	162	252	5	165	132312	131836	8.26e-24	99.0
CDF89451.1	CM003559.1	35.294	187	252	5	176	148577	149137	6.32e-23	96.3
CDF89452.1	CM003562.1	34.722	144	194	29	169	737433	737011	3.41e-21	89.4
CDF89454.1	CM003562.1	85.882	340	340	1	340	628221	629240	0.0	617
CDF89455.1	CM003562.1	79.317	498	500	4	499	273116	271623	0.0	804
CDF89455.1	CM003562.1	35.224	335	500	11	323	535466	534495	1.07e-36	144
CDF89456.1	CM003562.1	54.930	142	144	7	139	629927	629502	2.94e-43	150
CDF89457.1	CM003562.1	70.645	310	290	1	290	631293	630367	3.10e-148	458
CDF89458.1	CM003562.1	59.259	297	260	1	258	631739	632617	6.42e-105	332
CDF89460.1	CM003562.1	56.126	857	835	2	834	269174	266631	0.0	991
CDF89461.1	CM003562.1	55.159	252	243	1	238	265653	266396	8.40e-84	271
CDF89462.1	CM003562.1	50.273	549	519	1	515	634670	633060	6.70e-152	479
CDF89463.1	CM003562.1	71.739	230	514	240	461	264381	265064	2.21e-102	336
CDF89463.1	CM003570.1	28.877	187	514	273	454	743408	742869	4.43e-18	86.7
CDF89463.1	CM003556.1	31.319	182	514	278	459	64518	64024	2.80e-16	81.3
CDF89463.1	CM003556.1	25.547	274	514	182	440	64560	63793	5.34e-11	64.3
CDF89463.1	CM003569.1	27.835	194	514	270	458	991806	991294	2.68e-13	71.6
CDF89463.1	CM003558.1	28.667	150	514	320	458	627811	628242	2.18e-11	65.5
CDF89465.1	CM003562.1	69.767	43	168	19	61	262433	262561	6.07e-12	61.6
CDF89466.1	CM003565.1	38.472	707	679	6	679	656908	659022	9.12e-161	512
CDF89466.1	CM003569.1	36.932	704	679	9	679	35548	33443	2.32e-152	488
CDF89466.1	CM003569.1	36.068	707	679	1	679	29555	27474	3.56e-130	423
CDF89466.1	CM003568.1	36.648	704	679	28	679	46709	44646	2.17e-142	459
CDF89466.1	CM003566.1	38.451	710	679	6	679	24394	22274	4.10e-138	446
CDF89466.1	CM003566.1	25.880	483	679	226	679	556316	557740	4.47e-39	154
CDF89467.1	CM003563.1	64.506	617	714	44	660	512034	513836	0.0	837
CDF89467.1	CM003565.1	46.820	566	714	97	659	7835	6138	2.40e-178	564
CDF89467.1	CM003555.1	49.643	560	714	97	651	28086	29759	7.80e-174	551
CDF89467.1	CM003559.1	46.234	478	714	185	659	301158	302591	1.33e-152	464
CDF89467.1	CM003559.1	49.383	81	714	97	177	300895	301137	1.33e-152	94.4
CDF89469.1	CM003561.1	29.391	558	632	99	626	213820	212321	3.78e-56	205
CDF89469.1	CM003567.1	29.081	533	632	73	595	359713	361149	9.23e-53	195
CDF89469.1	CM003560.1	24.042	574	632	104	600	71356	72843	8.68e-32	131
CDF89470.1	CM003563.1	44.444	585	561	3	556	511147	509429	2.41e-144	459
CDF89470.1	CM003570.1	29.490	529	561	2	480	152016	153578	4.00e-54	197
CDF89471.1	CM003566.1	86.232	138	143	6	143	25158	24745	7.73e-77	246
CDF89473.1	CM003563.1	30.111	631	626	9	618	507445	509313	3.42e-76	264
CDF89474.1	CM003563.1	57.895	513	544	30	542	506590	505079	0.0	620
CDF89474.1	CM003562.1	27.385	566	544	2	533	467108	465462	1.50e-56	204
CDF89475.1	CM003566.1	68.841	1656	1643	11	1643	31162	26225	0.0	2340
CDF89475.1	CM003566.1	32.220	1437	1643	277	1626	102528	106556	0.0	635
CDF89475.1	CM003566.1	23.748	539	1643	1098	1618	515886	517412	2.21e-29	127
CDF89475.1	CM003566.1	26.398	447	1643	490	913	516108	517364	1.98e-21	100
CDF89475.1	CM003563.1	57.323	1188	1643	459	1635	501485	504949	0.0	1352
CDF89475.1	CM003563.1	34.419	430	1643	11	432	500227	501459	3.33e-60	228
CDF89475.1	CM003565.1	38.767	1460	1643	8	1464	16336	12215	0.0	1045
CDF89475.1	CM003565.1	56.111	180	1643	1465	1639	12215	11682	1.24e-49	194
CDF89475.1	CM003565.1	33.197	244	1643	1370	1606	625015	625689	1.04e-25	115
CDF89475.1	CM003565.1	24.503	453	1643	497	919	622309	623634	9.87e-22	102
CDF89475.1	CM003565.1	27.817	284	1643	1349	1615	622867	623655	1.03e-20	98.6
CDF89475.1	CM003565.1	27.350	234	1643	684	914	624994	625671	3.21e-15	80.5
CDF89475.1	CM003560.1	32.657	1430	1643	264	1623	770538	774470	0.0	701
CDF89475.1	CM003562.1	31.620	1167	1643	548	1626	29940	26677	8.47e-162	546
CDF89475.1	CM003562.1	27.519	258	1643	708	943	27399	26674	1.58e-13	75.1
CDF89476.1	CM003563.1	44.318	264	294	8	251	498907	499695	2.57e-59	202
CDF89476.1	CM003566.1	30.038	263	294	5	258	32381	31683	3.05e-25	104
CDF89477.1	CM003566.1	82.353	255	256	1	255	33565	32801	7.05e-145	446
CDF89477.1	CM003563.1	81.176	255	256	1	255	496923	497687	2.81e-143	442
CDF89478.1	CM003563.1	66.616	656	706	13	649	494576	496531	0.0	891
CDF89479.1	CM003566.1	55.500	600	686	85	654	35103	36827	0.0	642
CDF89479.1	CM003564.1	32.468	308	686	241	543	710454	711254	3.96e-36	145
CDF89480.1	CM003563.1	67.117	222	225	5	225	493482	494132	6.63e-98	310
CDF89482.1	CM003566.1	80.303	264	262	1	260	38868	38077	1.27e-145	449
CDF89483.1	CM003566.1	56.139	3160	3110	1	3110	48582	39151	0.0	3638
CDF89484.1	CM003563.1	50.690	1884	1851	1	1849	492871	487268	0.0	1825
CDF89486.1	CM003566.1	48.023	177	227	1	176	51682	51155	3.28e-48	168
CDF89487.1	CM003566.1	35.645	519	499	1	495	53422	51935	1.45e-81	275
CDF89488.1	CM003563.1	45.310	693	555	1	555	484987	487029	0.0	572
CDF89489.1	CM003570.1	39.458	332	353	24	342	381758	382750	4.85e-72	242
CDF89489.1	CM003564.1	28.467	274	353	81	342	716974	717756	4.34e-18	84.7
CDF89489.1	CM003564.1	24.924	329	353	36	342	10561	9626	7.82e-15	74.7
CDF89489.1	CM003568.1	25.382	327	353	36	342	763663	764598	1.40e-17	83.2
CDF89489.1	CM003560.1	24.390	328	353	36	342	1503643	1504578	1.46e-16	80.1
CDF89489.1	CM003559.1	24.364	275	353	81	342	2440	1658	1.74e-11	64.3
CDF89490.1	CM003570.1	62.060	369	407	1	359	495311	494205	2.01e-153	478
CDF89490.1	CM003570.1	28.889	225	407	104	319	279593	278958	1.23e-16	80.9
CDF89490.1	CM003570.1	30.769	143	407	127	265	282011	281613	1.24e-13	71.6
CDF89490.1	CM003570.1	26.020	196	407	71	265	160674	161216	2.05e-13	70.9
CDF89490.1	CM003570.1	30.000	160	407	162	319	262419	262862	3.09e-12	67.4
CDF89490.1	CM003570.1	26.168	214	407	105	314	151308	150721	5.18e-12	66.6
CDF89490.1	CM003560.1	55.618	356	407	1	349	553974	552907	1.18e-133	422
CDF89490.1	CM003560.1	26.791	321	407	5	320	120321	119560	6.42e-21	94.4
CDF89490.1	CM003560.1	29.439	214	407	111	319	66900	67502	1.73e-18	86.7
CDF89490.1	CM003560.1	24.887	221	407	116	320	1110476	1111096	3.52e-15	76.6
CDF89490.1	CM003560.1	29.577	213	407	105	298	1343235	1342636	4.06e-15	76.3
CDF89490.1	CM003560.1	25.339	221	407	105	317	99078	99716	4.08e-13	70.1
CDF89490.1	CM003563.1	27.823	248	407	106	350	266489	267202	5.56e-24	103
CDF89490.1	CM003563.1	33.099	142	407	126	266	26741	26346	9.44e-17	81.3
CDF89490.1	CM003558.1	32.016	253	407	105	339	729322	730029	2.54e-18	86.3
CDF89490.1	CM003558.1	22.857	280	407	6	279	540084	540749	1.16e-12	68.6
CDF89490.1	CM003569.1	28.070	228	407	104	321	308670	308029	5.92e-18	85.1
CDF89490.1	CM003569.1	34.783	138	407	131	264	311327	310944	1.20e-15	78.2
CDF89490.1	CM003569.1	27.556	225	407	95	313	839780	839160	2.52e-14	73.9
CDF89491.1	CM003560.1	61.494	174	181	4	174	551687	552208	7.95e-65	213
CDF89492.1	CM003570.1	82.663	398	398	1	398	491224	492417	0.0	694
CDF89492.1	CM003553.1	33.744	406	398	3	397	273591	274742	5.08e-53	189
CDF89493.1	CM003570.1	64.740	692	739	23	711	488712	490781	0.0	956
CDF89494.1	CM003560.1	57.756	722	726	11	722	1264880	1262727	0.0	861
CDF89495.1	CM003560.1	54.737	570	884	1	552	1267885	1266230	0.0	593
CDF89495.1	CM003560.1	66.272	338	884	548	884	1266245	1265232	0.0	509
CDF89496.1	CM003562.1	85.638	376	376	1	376	818989	817862	0.0	681
CDF89497.1	CM003562.1	69.591	1174	1411	283	1404	820769	824194	0.0	1629
CDF89497.1	CM003562.1	28.247	308	1411	691	974	855934	856803	3.84e-25	112
CDF89497.1	CM003562.1	34.731	167	1411	1242	1405	856900	857397	2.64e-24	110
CDF89497.1	CM003560.1	41.860	344	1411	654	983	389077	388094	2.02e-78	286
CDF89497.1	CM003560.1	50.307	163	1411	1230	1392	387421	386933	2.04e-44	176
CDF89497.1	CM003569.1	36.818	440	1411	545	983	200428	199256	2.19e-71	264
CDF89497.1	CM003569.1	39.394	330	1411	660	978	227191	228129	1.61e-67	251
CDF89497.1	CM003569.1	45.109	184	1411	1216	1398	199279	198755	1.17e-40	164
CDF89497.1	CM003569.1	47.500	160	1411	1242	1398	228178	228654	7.26e-37	151
CDF89497.1	CM003553.1	39.339	333	1411	660	978	195672	194731	4.26e-67	250
CDF89497.1	CM003553.1	46.667	165	1411	1236	1398	194700	194206	2.26e-38	156
CDF89497.1	CM003558.1	38.272	324	1411	660	983	690528	689614	7.68e-67	249
CDF89497.1	CM003558.1	52.083	144	1411	1259	1399	689535	689107	2.90e-39	159
CDF89497.1	CM003558.1	37.278	169	1411	1225	1388	364989	365492	9.65e-27	118
CDF89497.1	CM003558.1	26.944	360	1411	643	973	363969	364973	1.16e-20	98.2
CDF89497.1	CM003558.1	25.272	368	1411	660	973	447749	448783	8.29e-19	92.0
CDF89497.1	CM003558.1	31.973	147	1411	1242	1386	449078	449518	4.52e-17	86.3
CDF89498.1	CM003562.1	50.712	351	357	1	346	829112	828114	1.17e-100	324
CDF89499.1	CM003562.1	41.406	256	273	15	262	829319	830077	2.35e-54	187
CDF89500.1	CM003560.1	64.169	307	299	1	299	1268854	1269774	4.00e-116	366
CDF89500.1	CM003570.1	23.667	300	299	17	299	594859	594026	1.52e-14	72.8
CDF89500.1	CM003570.1	23.975	317	299	6	292	577102	576206	2.39e-13	69.3
CDF89500.1	CM003570.1	18.954	306	299	17	298	293273	292422	9.77e-11	61.2
CDF89500.1	CM003558.1	24.832	298	299	14	295	764068	763229	1.83e-13	69.3
CDF89500.1	CM003569.1	24.296	284	299	13	281	326430	325624	3.73e-13	68.6
CDF89500.1	CM003564.1	23.203	306	299	13	299	558614	557787	1.27e-12	67.0
CDF89501.1	CM003562.1	51.420	352	360	8	357	831264	830212	2.18e-114	364
CDF89501.1	CM003570.1	26.211	351	360	2	345	879707	878826	1.56e-19	89.0
CDF89501.1	CM003560.1	22.472	356	360	5	356	1220371	1221285	1.06e-15	77.4
CDF89502.1	CM003562.1	65.928	1083	1079	1	1077	834967	831725	0.0	1508
CDF89503.1	CM003560.1	59.231	130	172	38	167	1270411	1270022	1.08e-48	167
CDF89504.1	CM003560.1	42.500	120	121	1	100	1270884	1271243	1.22e-11	58.9
CDF89505.1	CM003560.1	54.545	737	729	12	704	1273845	1271668	0.0	785
CDF89506.1	CM003568.1	65.842	404	427	24	424	189993	188818	2.45e-165	513
CDF89506.1	CM003563.1	26.963	382	427	50	406	259335	258292	5.68e-22	97.8
CDF89506.1	CM003558.1	29.102	323	427	92	396	627805	628731	2.00e-20	93.2
CDF89506.1	CM003562.1	27.624	181	427	54	223	264522	265064	8.55e-17	81.6
CDF89506.1	CM003556.1	28.191	188	427	49	234	64530	63976	1.55e-16	80.9
CDF89506.1	CM003556.1	25.448	279	427	55	302	63969	63172	3.30e-14	73.6
CDF89506.1	CM003556.1	26.816	179	427	55	228	64248	63727	3.02e-13	70.9
CDF89507.1	CM003553.1	73.714	350	356	7	351	110696	111739	1.32e-177	545
CDF89508.1	CM003568.1	44.512	492	505	23	491	202739	204181	9.42e-128	409
CDF89509.1	CM003568.1	75.188	133	522	380	512	202003	202392	8.73e-65	227
CDF89509.1	CM003568.1	33.431	341	522	86	369	200794	201753	9.06e-24	104
CDF89509.1	CM003566.1	44.444	81	522	413	491	384676	384467	7.98e-14	73.2
CDF89509.1	CM003560.1	40.196	102	522	394	491	748373	748645	3.04e-13	71.6
CDF89509.1	CM003569.1	33.010	103	522	408	510	549346	549065	3.26e-12	68.2
CDF89509.1	CM003569.1	34.524	84	522	408	491	549262	549032	2.10e-11	65.5
CDF89510.1	CM003567.1	45.175	456	408	1	405	242963	244321	9.65e-116	370
CDF89511.1	CM003553.1	59.451	328	325	3	323	112077	113045	2.90e-118	374
CDF89512.1	CM003553.1	46.259	147	157	13	151	115238	115666	3.57e-29	110
CDF89513.1	CM003568.1	62.879	264	236	4	236	195370	196161	5.17e-100	317
CDF89513.1	CM003568.1	33.766	154	236	70	218	263223	262771	8.20e-24	98.2
CDF89513.1	CM003568.1	30.939	181	236	61	232	341235	341765	1.01e-21	92.0
CDF89513.1	CM003560.1	25.610	164	236	71	220	908140	908625	9.32e-11	60.1
CDF89514.1	CM003553.1	61.934	486	469	1	462	115924	117366	0.0	571
CDF89514.1	CM003555.1	34.475	467	469	5	460	401051	399735	2.68e-71	244
CDF89514.1	CM003555.1	23.631	347	469	2	327	31320	30334	1.57e-11	65.5
CDF89514.1	CM003558.1	34.021	485	469	6	467	41470	42825	2.64e-69	238
CDF89515.1	CM003568.1	72.615	325	329	1	325	206103	205138	2.34e-162	500
CDF89516.1	CM003553.1	66.736	481	485	4	482	121339	119897	0.0	639
CDF89517.1	CM003553.1	61.408	710	702	13	702	121806	123920	0.0	889
CDF89518.1	CM003568.1	84.722	72	72	1	72	207629	207414	1.05e-38	133
CDF89519.1	CM003553.1	61.887	265	262	1	262	126169	126960	9.22e-107	337
CDF89520.1	CM003568.1	58.868	936	973	40	962	211938	209134	0.0	1135
CDF89521.1	CM003568.1	64.257	498	476	1	476	213707	212241	0.0	622
CDF89521.1	CM003568.1	27.273	209	476	203	411	268992	268441	2.70e-12	68.2
CDF89522.1	CM003553.1	54.887	532	710	1	509	131018	129477	1.72e-171	544
CDF89522.1	CM003558.1	46.417	321	710	1	310	340089	339136	2.19e-85	294
CDF89522.1	CM003570.1	23.867	331	710	15	287	96793	95810	3.28e-17	85.1
CDF89522.1	CM003570.1	27.273	297	710	9	293	262101	262859	8.22e-17	84.0
CDF89522.1	CM003570.1	26.230	244	710	67	292	279620	278964	4.76e-13	71.6
CDF89522.1	CM003570.1	32.639	144	710	105	248	151230	150850	4.80e-13	71.6
CDF89522.1	CM003570.1	30.814	172	710	72	236	659667	660128	1.56e-11	66.6
CDF89522.1	CM003564.1	29.956	227	710	28	246	474740	474141	3.29e-16	82.0
CDF89522.1	CM003560.1	31.122	196	710	105	293	45659	46195	6.85e-16	80.9
CDF89522.1	CM003560.1	28.431	204	710	105	292	99156	99716	7.48e-14	74.3
CDF89522.1	CM003560.1	25.121	207	710	106	305	802146	801589	5.32e-13	71.6
CDF89522.1	CM003560.1	25.214	234	710	69	294	66879	67502	1.41e-11	67.0
CDF89522.1	CM003560.1	23.529	289	710	17	295	120315	119560	3.18e-11	65.9
CDF89523.1	CM003568.1	58.549	386	378	3	378	223372	224529	1.22e-151	472
CDF89524.1	CM003568.1	59.645	451	444	5	444	233353	232001	8.33e-165	513
CDF89525.1	CM003568.1	50.084	597	566	1	561	231689	229968	7.39e-163	513
CDF89526.1	CM003568.1	32.474	194	185	7	173	229690	229109	1.07e-27	107
CDF89527.1	CM003553.1	51.198	334	319	1	317	131827	132828	1.60e-106	340
CDF89528.1	CM003553.1	48.393	529	499	3	499	134515	132980	2.65e-146	462
CDF89529.1	CM003568.1	76.177	361	361	1	361	227735	228814	0.0	580
CDF89529.1	CM003569.1	43.666	371	361	1	358	504951	503860	5.03e-86	283
CDF89529.1	CM003553.1	32.578	353	361	30	361	127395	128444	8.00e-46	166
CDF89529.1	LIOO01000006.1	28.177	362	361	22	354	23130	24185	2.50e-21	94.4
CDF89529.1	CM003559.1	27.520	367	361	31	354	225207	224137	2.62e-20	91.7
CDF89530.1	CM003567.1	42.105	95	140	52	138	747422	747138	1.94e-20	84.7
CDF89531.1	CM003567.1	60.282	355	376	7	354	748920	747868	8.06e-139	435
CDF89531.1	CM003570.1	54.494	356	376	27	373	44747	43698	1.69e-119	379
CDF89532.1	CM003567.1	52.356	382	381	13	380	748920	747811	6.29e-123	390
CDF89532.1	CM003570.1	50.838	358	381	28	379	44744	43710	1.34e-109	351
CDF89533.1	CM003567.1	57.714	350	373	10	352	748911	747874	6.52e-130	409
CDF89533.1	CM003570.1	52.707	351	373	27	371	44747	43710	7.02e-115	366
CDF89535.1	CM003569.1	53.846	286	306	37	306	855556	854699	1.67e-102	327
CDF89536.1	CM003567.1	75.862	58	58	1	58	750947	750774	2.62e-27	100
CDF89538.1	CM003567.1	34.590	743	806	41	772	753734	751524	2.96e-143	466
CDF89539.1	CM003567.1	43.400	553	552	1	552	756103	754445	2.33e-149	473
CDF89540.1	CM003567.1	40.297	1412	1415	10	1410	760657	756455	0.0	1018
CDF89541.1	CM003567.1	94.167	120	153	17	136	761613	761254	5.42e-74	238
CDF89542.1	CM003567.1	55.270	1129	1071	1	1067	65042	68326	0.0	1164
CDF89542.1	CM003567.1	55.179	1091	1071	1	1068	765193	762038	0.0	1143
CDF89542.1	CM003558.1	35.461	423	1071	359	772	470192	468942	2.30e-79	285
CDF89542.1	CM003560.1	30.561	553	1071	397	906	897287	895644	5.22e-67	246
CDF89543.1	CM003567.1	49.840	313	293	1	291	765550	766488	3.12e-89	289
CDF89544.1	CM003567.1	49.505	202	168	1	167	766743	767342	2.94e-49	168
CDF89545.1	CM003567.1	47.573	206	195	1	192	767629	768234	1.26e-50	173
CDF89546.1	CM003567.1	53.347	478	455	1	451	62711	64108	7.67e-160	499
CDF89546.1	CM003558.1	24.818	411	455	24	409	201528	202658	1.13e-23	103
CDF89547.1	CM003567.1	34.312	443	406	4	406	769686	768382	1.52e-67	231
CDF89548.1	CM003567.1	58.324	919	911	7	907	770404	773127	0.0	1068
CDF89548.1	CM003569.1	38.114	753	911	1	738	923651	921447	3.39e-142	467
CDF89548.1	CM003566.1	23.598	517	911	179	676	125144	123684	2.29e-32	135
CDF89549.1	CM003567.1	58.824	306	298	1	298	773610	774524	1.24e-119	376
CDF89549.1	CM003558.1	47.464	276	298	34	298	243828	243004	2.52e-82	269
CDF89550.1	CM003567.1	43.272	1583	1622	121	1622	61666	57008	0.0	1200
CDF89551.1	CM003567.1	44.804	433	414	2	414	776012	774714	1.38e-117	376
CDF89552.1	CM003567.1	70.093	107	208	1	107	776279	776599	8.60e-49	169
CDF89553.1	CM003567.1	41.904	1124	1141	42	1134	56636	53364	0.0	816
CDF89554.1	CM003567.1	48.974	341	369	34	369	778153	777155	1.38e-100	325
CDF89555.1	CM003567.1	69.597	273	266	1	266	53110	52292	8.27e-118	369
CDF89556.1	CM003567.1	83.408	223	224	1	223	51196	51864	2.51e-123	383
CDF89556.1	CM003567.1	72.727	220	224	5	224	779350	778691	4.00e-108	340
CDF89557.1	CM003567.1	30.218	321	325	41	325	50647	49691	1.33e-37	141
CDF89558.1	CM003567.1	71.540	383	385	3	385	782597	781449	0.0	598
CDF89559.1	CM003567.1	61.386	101	106	6	100	49228	49530	2.65e-33	119
CDF89560.1	CM003567.1	38.351	558	1126	29	567	785761	784451	1.22e-76	277
CDF89560.1	CM003567.1	40.706	425	1126	16	435	46146	47249	2.22e-68	251
CDF89560.1	CM003567.1	35.961	609	1126	539	1126	47370	48887	2.83e-67	248
CDF89560.1	CM003567.1	80.000	100	1126	989	1088	783388	783089	1.56e-48	188
CDF89561.1	CM003567.1	44.013	309	302	4	298	787140	786226	4.17e-75	248
CDF89562.1	CM003567.1	76.712	292	293	2	293	45319	44453	2.23e-151	467
CDF89563.1	CM003567.1	51.776	929	906	29	901	790275	787507	0.0	901
CDF89563.1	CM003567.1	50.423	946	906	1	904	41358	44114	0.0	890
CDF89563.1	CM003568.1	35.414	833	906	88	901	24342	26657	4.24e-143	469
CDF89564.1	CM003567.1	42.177	294	272	1	270	39473	40354	1.29e-65	220
CDF89565.1	CM003567.1	63.235	68	223	1	67	38464	38661	3.09e-16	75.9
CDF89566.1	CM003567.1	57.895	399	380	1	380	790668	791786	8.64e-124	392
CDF89567.1	CM003567.1	34.301	379	539	3	365	37951	36848	2.47e-60	215
CDF89568.1	CM003567.1	59.176	752	730	1	729	792097	794289	0.0	875
CDF89569.1	CM003567.1	63.576	604	611	5	602	794619	796427	0.0	822
CDF89570.1	CM003570.1	50.154	325	321	1	321	25510	26463	8.81e-109	346
CDF89570.1	CM003567.1	49.846	325	321	1	321	890419	889466	3.04e-107	342
CDF89570.1	CM003566.1	51.258	318	321	8	321	2527	1589	1.21e-106	340
CDF89571.1	CM003567.1	67.041	534	505	1	504	36213	34618	0.0	725
CDF89571.1	CM003555.1	52.113	355	505	142	496	84630	83710	2.18e-117	379
CDF89571.1	CM003570.1	32.000	350	505	143	486	454799	453909	2.74e-49	181
CDF89572.1	CM003567.1	42.885	1012	1140	169	1118	29188	32004	0.0	712
CDF89572.1	CM003567.1	46.602	103	1140	20	119	28648	28941	6.31e-16	82.0
CDF89572.1	CM003570.1	44.118	204	1140	602	802	190677	190138	1.78e-46	182
CDF89572.1	CM003570.1	27.500	200	1140	605	804	191358	190831	3.60e-20	96.3
CDF89573.1	CM003567.1	50.581	947	1191	24	889	803125	800378	0.0	843
CDF89573.1	CM003564.1	61.017	59	1191	92	150	459491	459315	5.41e-18	89.0
CDF89574.1	CM003567.1	41.581	291	281	2	278	804219	805076	3.28e-69	231
CDF89575.1	CM003567.1	31.648	455	543	121	543	806525	805191	2.06e-62	221
CDF89576.1	CM003567.1	51.515	495	472	1	472	808642	807161	2.11e-163	510
CDF89577.1	CM003567.1	55.203	567	592	16	574	810061	811761	0.0	649
CDF89578.1	CM003567.1	71.895	459	482	27	480	813361	811985	0.0	709
CDF89578.1	CM003567.1	43.100	471	482	27	480	26820	28184	3.53e-123	395
CDF89578.1	CM003557.1	29.310	232	482	83	292	98886	98227	2.44e-13	71.6
CDF89579.1	CM003567.1	80.723	83	85	1	83	813774	814022	1.47e-40	139
CDF89580.1	CM003567.1	54.762	84	312	232	307	25778	26029	1.31e-12	67.0
CDF89581.1	CM003567.1	47.938	970	950	4	948	817147	814280	0.0	888
CDF89582.1	CM003567.1	74.125	514	507	1	507	24176	22638	0.0	756
CDF89582.1	CM003567.1	47.854	466	507	46	502	527445	526108	1.59e-120	388
CDF89582.1	CM003560.1	45.708	466	507	46	502	1212970	1211633	7.10e-115	372
CDF89583.1	CM003568.1	83.103	290	285	1	285	294746	293877	1.89e-164	504
CDF89583.1	CM003563.1	31.624	234	285	58	285	255948	255259	1.18e-27	111
CDF89584.1	CM003568.1	34.234	555	474	16	445	296758	295148	2.15e-68	236
CDF89585.1	CM003553.1	36.388	371	488	113	461	221190	220195	5.47e-51	186
CDF89586.1	CM003568.1	48.218	477	482	1	441	298962	297559	1.90e-132	421
CDF89586.1	CM003568.1	37.557	442	482	1	440	273372	274502	2.84e-75	256
CDF89586.1	CM003568.1	53.521	71	482	1	71	173455	173658	5.97e-16	79.7
CDF89586.1	CM003566.1	29.877	405	482	3	388	300410	301525	2.17e-33	133
CDF89586.1	CM003567.1	28.385	384	482	8	388	667205	668221	6.74e-30	122
CDF89586.1	CM003567.1	37.748	151	482	7	135	549070	549501	3.87e-15	77.0
CDF89586.1	CM003561.1	29.442	394	482	8	385	156633	157727	4.23e-18	86.7
CDF89586.1	CM003554.1	41.818	110	482	1	108	78963	78661	5.08e-15	76.6
CDF89587.1	CM003553.1	47.140	944	918	4	915	222207	225020	0.0	867
CDF89587.1	CM003565.1	29.167	552	918	11	552	512209	510638	6.04e-55	207
CDF89587.1	CM003563.1	28.546	557	918	9	552	337623	339197	5.32e-54	204
CDF89587.1	CM003568.1	21.777	349	918	138	476	242878	241925	2.28e-14	76.6
CDF89588.1	CM003568.1	28.814	295	320	2	264	300378	299542	3.56e-21	93.2
CDF89589.1	CM003568.1	64.824	199	161	1	161	301188	301784	5.37e-67	219
CDF89589.1	CM003553.1	70.186	161	161	1	161	225268	225750	6.49e-64	210
CDF89590.1	CM003568.1	60.094	213	264	2	195	302396	303025	3.32e-67	224
CDF89590.1	CM003568.1	75.926	54	264	202	255	303245	303406	5.14e-20	88.2
CDF89591.1	CM003568.1	50.000	920	914	1	914	306961	304343	0.0	849
CDF89591.1	CM003567.1	30.114	352	914	3	352	566136	567116	1.90e-35	145
CDF89591.1	CM003566.1	26.741	359	914	4	338	200113	199103	6.98e-21	97.8
CDF89591.1	CM003570.1	23.171	410	914	4	379	235314	234148	2.19e-14	76.6
CDF89592.1	CM003553.1	58.750	240	244	1	238	226267	226977	1.86e-92	296
CDF89593.1	CM003568.1	65.556	540	523	10	523	308955	307339	0.0	736
CDF89593.1	CM003570.1	32.288	319	523	208	514	577081	576206	1.41e-41	159
CDF89593.1	CM003570.1	24.606	317	523	208	520	594868	594026	8.95e-15	76.3
CDF89593.1	CM003563.1	25.220	341	523	209	517	430341	429397	5.57e-22	99.4
CDF89593.1	CM003562.1	21.429	350	523	186	522	389856	388909	1.87e-21	97.4
CDF89593.1	CM003558.1	26.183	317	523	208	520	396010	396867	2.05e-20	94.4
CDF89593.1	CM003558.1	26.174	298	523	208	501	155762	154959	4.16e-18	87.0
CDF89593.1	CM003558.1	24.606	317	523	237	520	429745	430614	2.60e-11	65.1
CDF89594.1	CM003565.1	56.635	422	487	67	487	661836	660586	1.44e-156	491
CDF89594.1	CM003568.1	31.237	493	487	4	472	388629	390089	7.80e-59	209
CDF89594.1	CM003569.1	23.060	451	487	24	442	193996	195306	2.26e-18	87.4
CDF89594.1	CM003569.1	24.476	429	487	2	411	983873	985135	2.28e-13	71.6
CDF89596.1	CM003553.1	45.813	836	823	7	823	229596	227149	0.0	651
CDF89597.1	CM003568.1	57.221	367	366	1	362	309248	310291	1.23e-126	399
CDF89598.1	CM003553.1	88.046	527	527	1	527	231681	230101	0.0	931
CDF89598.1	CM003564.1	34.646	508	527	14	515	517588	516077	1.07e-80	274
CDF89598.1	CM003564.1	34.906	530	527	5	515	181894	180320	8.45e-76	259
CDF89598.1	CM003564.1	28.464	534	527	1	515	318218	316638	1.33e-60	215
CDF89598.1	CM003564.1	25.000	524	527	35	524	304036	305568	1.03e-37	147
CDF89598.1	CM003560.1	33.892	537	527	15	519	622688	621105	2.55e-75	258
CDF89598.1	CM003560.1	29.502	522	527	12	518	1316388	1314844	1.18e-56	203
CDF89598.1	CM003560.1	26.151	543	527	1	517	661703	660096	2.79e-47	176
CDF89599.1	CM003568.1	63.057	831	815	1	813	313219	310736	0.0	1072
CDF89600.1	CM003569.1	41.265	332	346	18	344	603427	602438	1.66e-77	257
CDF89601.1	CM003568.1	48.958	96	105	6	101	313998	313711	1.05e-25	98.2
CDF89602.1	CM003569.1	56.283	1130	1179	53	1172	598894	602283	0.0	1361
CDF89602.1	CM003568.1	52.702	1129	1179	47	1167	317828	314442	0.0	1238
CDF89602.1	CM003567.1	27.257	1163	1179	69	1163	123234	119821	3.68e-125	425
CDF89603.1	CM003568.1	68.286	1441	1401	1	1398	322652	318363	0.0	1910
CDF89604.1	CM003568.1	79.058	191	188	1	187	323785	323213	2.22e-102	321
CDF89604.1	CM003568.1	36.000	225	188	9	185	479714	480388	2.26e-33	124
CDF89604.1	CM003568.1	30.864	162	188	9	167	330443	329964	3.27e-15	71.6
CDF89604.1	CM003570.1	57.297	185	188	1	175	863007	863561	4.34e-62	206
CDF89604.1	CM003565.1	46.369	179	188	9	182	120590	120057	2.95e-47	163
CDF89604.1	CM003565.1	30.000	190	188	4	167	202594	203157	2.00e-16	75.1
CDF89604.1	CM003553.1	42.289	201	188	2	174	175254	174652	3.34e-47	163
CDF89604.1	CM003566.1	41.618	173	188	9	174	586641	586123	1.18e-40	144
CDF89604.1	CM003566.1	30.909	165	188	6	167	644798	644322	2.94e-16	74.7
CDF89604.1	CM003566.1	28.070	171	188	9	171	703593	703129	4.35e-14	68.6
CDF89605.1	CM003568.1	39.648	1362	1392	33	1324	327828	324358	0.0	597
CDF89606.1	CM003569.1	55.922	667	668	1	657	597445	595472	0.0	733
CDF89607.1	CM003569.1	80.569	211	211	1	211	594348	594977	4.44e-111	347
CDF89607.1	CM003569.1	34.884	172	211	2	171	403048	403539	9.59e-25	100
CDF89607.1	CM003569.1	33.735	166	211	3	167	569917	569432	1.81e-19	84.7
CDF89607.1	CM003568.1	56.938	209	211	7	211	330449	329823	5.11e-75	244
CDF89607.1	CM003568.1	32.558	172	211	1	164	323785	323276	2.17e-17	79.0
CDF89607.1	CM003568.1	31.138	167	211	3	168	339794	340282	2.20e-16	75.9
CDF89607.1	CM003568.1	33.913	115	211	39	147	719918	719583	1.49e-11	61.6
CDF89607.1	CM003565.1	50.962	208	211	8	185	202606	203229	1.92e-53	182
CDF89607.1	CM003565.1	32.500	160	211	8	164	120593	120117	3.40e-19	84.0
CDF89607.1	CM003566.1	40.113	177	211	4	178	644804	644283	3.58e-40	144
CDF89607.1	CM003566.1	34.884	172	211	2	171	703614	703123	1.61e-24	99.4
CDF89607.1	CM003566.1	28.402	169	211	7	164	586647	586147	9.18e-19	82.8
CDF89607.1	CM003555.1	42.675	157	211	8	164	215304	214843	1.37e-39	142
CDF89608.1	CM003569.1	57.363	584	561	1	561	592338	594053	0.0	642
CDF89609.1	CM003569.1	71.884	345	340	1	338	591746	590712	3.22e-158	489
CDF89610.1	CM003568.1	42.857	574	553	18	551	332664	330994	9.75e-135	431
CDF89611.1	CM003570.1	62.338	462	459	10	459	650682	652064	0.0	599
CDF89612.1	CM003570.1	39.966	1191	1106	1	1105	657748	654275	0.0	828
CDF89613.1	CM003570.1	71.856	167	176	2	168	658095	658595	9.17e-81	259
CDF89614.1	CM003558.1	90.698	258	258	1	258	405743	404970	1.55e-156	480
CDF89615.1	CM003558.1	88.889	90	98	4	93	406439	406170	3.36e-51	170
CDF89615.1	CM003570.1	89.011	91	98	1	91	659103	658831	4.76e-45	152
CDF89615.1	CM003560.1	35.955	89	98	9	96	1064269	1064520	7.59e-11	55.5
CDF89615.1	LIOO01000001.1	35.955	89	98	9	96	3508	3759	9.72e-11	55.1
CDF89616.1	CM003558.1	73.196	97	105	1	96	407461	407171	8.28e-44	149
CDF89616.1	CM003563.1	40.845	71	105	14	84	423408	423617	4.52e-12	59.3
CDF89617.1	CM003558.1	60.397	755	720	1	720	412007	414265	0.0	927
CDF89618.1	CM003558.1	49.015	406	365	12	361	415606	414392	4.61e-106	340
CDF89619.1	CM003558.1	68.142	226	228	1	225	415992	416669	1.95e-101	320
CDF89620.1	CM003570.1	62.629	388	436	33	415	659397	660554	1.60e-164	511
CDF89620.1	CM003570.1	33.438	317	436	78	379	853865	852936	2.58e-42	159
CDF89620.1	CM003570.1	32.177	317	436	71	372	486048	485167	6.63e-35	137
CDF89620.1	CM003570.1	29.960	247	436	152	381	467126	466398	2.52e-31	126
CDF89620.1	CM003570.1	26.647	334	436	76	389	257415	256582	1.02e-16	81.6
CDF89620.1	CM003570.1	31.818	220	436	72	274	279764	279159	2.77e-16	80.5
CDF89620.1	CM003570.1	28.634	227	436	75	296	282209	281577	5.27e-16	79.3
CDF89620.1	CM003570.1	25.210	238	436	54	284	160578	161219	9.97e-16	78.6
CDF89620.1	CM003570.1	29.104	134	436	152	284	151230	150856	1.12e-11	65.9
CDF89620.1	CM003570.1	23.103	290	436	72	319	741270	742100	3.88e-11	63.9
CDF89620.1	CM003563.1	45.915	355	436	61	413	368599	369642	5.37e-100	326
CDF89620.1	CM003563.1	28.194	227	436	69	284	26960	26346	7.06e-22	97.8
CDF89620.1	CM003563.1	25.991	227	436	70	296	443185	443811	6.35e-16	79.3
CDF89620.1	CM003563.1	23.132	281	436	25	298	221116	220367	5.56e-15	76.3
CDF89620.1	CM003565.1	35.156	384	436	36	414	517196	518290	7.80e-69	236
CDF89620.1	CM003565.1	31.165	369	436	29	377	484537	483506	1.56e-43	162
CDF89620.1	CM003565.1	29.555	247	436	72	303	461470	460826	3.97e-17	82.8
CDF89620.1	CM003565.1	25.833	240	436	63	296	532663	533310	7.38e-17	82.0
CDF89620.1	CM003565.1	28.205	273	436	112	381	418813	418169	6.99e-12	66.6
CDF89620.1	CM003562.1	39.024	328	436	60	380	491075	490107	1.69e-68	235
CDF89620.1	CM003562.1	29.832	238	436	71	282	886368	887048	1.03e-17	84.7
CDF89620.1	CM003558.1	36.986	365	436	57	409	184274	185323	9.20e-65	224
CDF89620.1	CM003558.1	31.715	309	436	70	372	540090	540965	3.26e-39	149
CDF89620.1	CM003558.1	29.956	227	436	72	296	13466	12828	1.10e-15	78.6
CDF89620.1	CM003558.1	31.496	127	436	173	296	275194	274817	2.35e-14	74.3
CDF89620.1	CM003558.1	27.451	204	436	74	274	729181	729768	5.06e-13	70.1
CDF89621.1	CM003558.1	52.776	1459	1413	1	1409	416922	421271	0.0	1545
CDF89622.1	CM003570.1	49.423	1040	1014	1	1013	660805	663915	0.0	1023
CDF89623.1	CM003558.1	39.231	650	648	42	648	421645	423558	3.20e-120	393
CDF89624.1	CM003558.1	62.759	290	288	1	288	424664	423795	1.12e-115	364
CDF89625.1	CM003558.1	51.316	760	727	1	727	427293	425035	0.0	739
CDF89626.1	CM003558.1	55.762	538	507	1	507	427679	429283	0.0	616
CDF89627.1	CM003570.1	72.981	322	321	1	318	664255	665220	2.91e-164	505
CDF89628.1	CM003570.1	38.192	343	339	4	333	665613	666620	6.13e-63	215
CDF89629.1	CM003570.1	71.661	307	305	1	305	666881	667801	1.05e-148	460
CDF89629.1	CM003570.1	29.123	285	305	30	300	594862	594038	1.03e-23	100
CDF89629.1	CM003570.1	25.510	294	305	31	301	293276	292431	4.84e-18	83.6
CDF89629.1	CM003570.1	24.749	299	305	29	300	577078	576200	1.29e-15	76.3
CDF89629.1	CM003558.1	58.716	327	305	1	305	429637	430617	1.45e-125	394
CDF89629.1	CM003558.1	25.723	311	305	11	304	764128	763220	4.16e-13	68.6
CDF89629.1	CM003569.1	30.872	298	305	27	304	571008	571865	9.57e-34	129
CDF89629.1	CM003569.1	33.219	292	305	28	303	514455	515285	4.16e-27	110
CDF89629.1	CM003569.1	25.503	298	305	28	304	326430	325573	7.32e-23	97.8
CDF89629.1	CM003564.1	26.230	305	305	19	304	128131	127229	4.41e-23	98.2
CDF89629.1	CM003554.1	26.224	286	305	30	298	97861	97028	1.52e-18	84.7
CDF89630.1	CM003570.1	79.297	256	273	17	272	668761	667994	1.93e-134	417
CDF89631.1	CM003570.1	46.691	272	275	16	269	669930	669118	1.42e-70	234
CDF89632.1	CM003570.1	55.319	94	126	12	101	671320	671039	1.97e-30	112
CDF89633.1	CM003558.1	54.276	304	329	52	329	431761	430853	1.34e-103	332
CDF89633.1	CM003562.1	35.398	226	329	114	329	444901	445551	5.03e-38	142
CDF89634.1	CM003570.1	70.000	80	243	5	84	672847	673086	1.98e-36	135
CDF89636.1	CM003558.1	71.809	188	188	2	188	432627	433190	5.14e-93	295
CDF89637.1	CM003570.1	59.060	298	296	1	293	674343	675221	7.98e-115	362
CDF89637.1	CM003560.1	35.519	183	296	6	188	276197	276703	2.68e-35	133
CDF89637.1	CM003565.1	30.256	195	296	4	191	627690	627139	6.30e-24	100
CDF89637.1	CM003563.1	26.829	164	296	2	163	204370	203918	1.30e-11	63.9
CDF89638.1	CM003570.1	46.512	172	191	18	188	675440	675901	3.78e-43	152
CDF89639.1	CM003558.1	28.631	241	211	1	211	434500	433778	3.63e-29	112
CDF89641.1	CM003558.1	97.279	147	147	1	147	438320	437880	2.42e-89	282
CDF89641.1	CM003569.1	37.415	147	147	1	146	273761	273321	2.62e-26	102
CDF89641.1	CM003562.1	34.058	138	147	14	141	738904	738500	1.20e-18	80.1
CDF89642.1	CM003558.1	62.896	442	446	8	444	438848	440173	0.0	601
CDF89643.1	CM003570.1	50.107	467	438	1	428	677483	676086	1.83e-144	454
CDF89643.1	CM003562.1	38.509	322	438	125	438	909859	910776	2.67e-46	170
CDF89643.1	CM003568.1	35.540	287	438	139	422	761821	762615	7.93e-44	163
CDF89643.1	CM003568.1	31.351	185	438	192	363	214647	215189	1.53e-13	71.6
CDF89644.1	CM003570.1	88.055	293	293	1	293	678567	677689	1.52e-180	551
CDF89644.1	CM003566.1	49.158	297	293	1	290	413400	412513	1.76e-96	310
CDF89645.1	CM003570.1	43.486	568	496	4	491	679040	680710	9.11e-135	429
CDF89646.1	CM003558.1	71.749	223	227	5	226	441827	441159	5.47e-109	342
CDF89647.1	CM003558.1	85.000	440	926	41	479	445638	444343	0.0	814
CDF89648.1	CM003558.1	71.594	778	774	14	774	447320	449596	0.0	1139
CDF89648.1	CM003558.1	29.703	202	774	161	358	690522	689959	1.42e-21	99.8
CDF89648.1	CM003558.1	34.302	172	774	579	748	364974	365486	8.67e-21	97.1
CDF89648.1	CM003558.1	30.935	139	774	625	762	689523	689107	3.02e-17	85.5
CDF89648.1	CM003569.1	28.377	733	774	139	772	389925	387823	2.46e-76	269
CDF89648.1	CM003569.1	28.216	241	774	167	403	200146	199487	9.13e-21	97.1
CDF89648.1	CM003569.1	32.821	195	774	168	352	227221	227745	5.41e-20	94.7
CDF89648.1	CM003569.1	36.364	132	774	625	755	199165	198770	4.86e-19	91.3
CDF89648.1	CM003569.1	32.450	151	774	599	748	228169	228615	3.90e-17	85.1
CDF89648.1	CM003566.1	29.130	690	774	189	772	192232	194157	1.10e-71	255
CDF89648.1	CM003566.1	28.000	200	774	190	357	614063	613470	2.86e-16	82.4
CDF89648.1	CM003561.1	25.546	595	774	168	748	40089	38512	1.31e-39	157
CDF89648.1	CM003557.1	25.394	634	774	148	759	103607	105262	5.54e-38	152
CDF89649.1	CM003558.1	74.600	1374	1374	4	1366	453887	449769	0.0	2148
CDF89650.1	CM003570.1	60.096	624	615	1	614	683579	685258	0.0	709
CDF89650.1	CM003553.1	39.024	246	615	1	223	38440	39162	1.20e-43	167
CDF89651.1	CM003570.1	60.000	100	159	4	102	685877	685578	7.11e-52	142
CDF89651.1	CM003570.1	49.153	59	159	101	159	685584	685408	7.11e-52	77.0
CDF89652.1	CM003570.1	69.912	678	682	5	682	688303	686270	0.0	1012
CDF89652.1	CM003558.1	67.305	679	682	5	682	456408	454372	0.0	971
CDF89653.1	CM003570.1	35.537	363	349	9	343	690208	689234	1.29e-36	139
CDF89657.1	CM003570.1	54.360	344	365	30	353	692430	693437	8.69e-95	308
CDF89658.1	CM003570.1	94.144	444	459	1	444	694065	695393	0.0	865
CDF89658.1	CM003558.1	94.144	444	459	1	444	457641	458969	0.0	865
CDF89658.1	CM003560.1	38.688	442	459	5	437	689028	687760	6.89e-87	289
CDF89658.1	CM003565.1	30.556	468	459	7	442	70583	71917	1.23e-60	213
CDF89658.1	CM003569.1	30.155	451	459	3	442	400981	399800	1.66e-47	174
CDF89658.1	CM003569.1	25.481	208	459	7	199	614725	615348	1.21e-13	72.4
CDF89659.1	CM003558.1	37.919	298	271	4	271	459404	460288	1.58e-53	185
CDF89660.1	CM003558.1	58.750	160	156	2	156	460885	460406	1.22e-61	203
CDF89661.1	CM003558.1	81.543	661	663	1	661	463336	461354	0.0	1114
CDF89661.1	CM003570.1	54.829	642	663	17	655	697417	695597	0.0	741
CDF89662.1	CM003570.1	85.915	142	142	1	142	698127	697702	3.75e-82	261
CDF89663.1	CM003558.1	59.890	182	177	1	177	464472	463942	1.96e-67	221
CDF89664.1	CM003558.1	57.879	660	641	1	641	466660	464714	0.0	772
CDF89665.1	CM003558.1	65.403	422	410	1	409	468370	467195	0.0	558
CDF89665.1	CM003558.1	29.557	406	410	1	402	105595	106524	4.21e-46	169
CDF89665.1	CM003555.1	29.167	408	410	1	405	337562	336627	2.01e-43	161
CDF89665.1	LIOO01000001.1	25.541	231	410	171	385	10666	10088	3.17e-13	70.5
CDF89665.1	CM003560.1	25.541	231	410	171	385	1071429	1070851	3.27e-13	70.5
CDF89666.1	CM003558.1	84.421	475	485	3	476	470366	468942	0.0	853
CDF89666.1	CM003567.1	35.745	470	485	20	479	66065	67441	1.49e-89	298
CDF89666.1	CM003567.1	32.462	459	485	22	468	764260	762929	2.90e-79	268
CDF89666.1	CM003560.1	33.000	400	485	97	477	897290	896106	6.41e-67	232
CDF89667.1	CM003570.1	34.483	377	422	52	364	698598	699713	3.49e-48	175
CDF89668.1	CM003558.1	91.699	518	517	1	517	472832	471282	0.0	962
CDF89668.1	CM003558.1	28.239	301	517	93	386	29313	30185	3.58e-25	108
CDF89668.1	CM003564.1	26.379	417	517	39	446	89891	88710	1.97e-30	125
CDF89668.1	CM003560.1	27.165	254	517	235	468	1387230	1386514	8.36e-19	89.4
CDF89669.1	CM003558.1	34.341	364	362	1	361	474125	473097	8.30e-54	189
CDF89670.1	CM003570.1	54.977	442	446	3	443	700461	701678	7.87e-145	456
CDF89671.1	CM003570.1	34.004	447	413	4	410	703260	701971	1.06e-68	234
CDF89672.1	CM003558.1	32.645	242	231	7	230	475325	474699	1.86e-28	111
CDF89673.1	CM003558.1	34.360	422	455	39	429	476852	475650	2.68e-39	150
CDF89674.1	CM003570.1	82.070	541	529	1	528	706499	704877	0.0	852
CDF89674.1	CM003560.1	29.911	224	529	109	301	477278	477943	9.53e-22	98.6
CDF89675.1	CM003558.1	38.610	518	548	4	446	477185	478735	4.98e-105	345
CDF89675.1	CM003558.1	40.000	110	548	454	547	478949	479278	6.34e-18	86.7
CDF89676.1	CM003558.1	72.140	542	578	20	560	481313	479688	0.0	830
CDF89676.1	CM003558.1	24.954	549	578	19	553	355499	353886	4.98e-53	194
CDF89676.1	CM003558.1	24.329	559	578	14	560	358254	356623	1.17e-42	163
CDF89676.1	CM003569.1	31.380	529	578	35	556	102607	104160	5.74e-87	294
CDF89676.1	CM003569.1	28.625	538	578	52	558	799531	798017	2.62e-52	192
CDF89676.1	CM003568.1	30.680	515	578	34	540	641540	640029	2.75e-75	260
CDF89676.1	CM003568.1	28.727	550	578	1	542	642750	644348	9.09e-70	244
CDF89676.1	CM003570.1	30.114	528	578	33	556	41644	43191	5.91e-73	253
CDF89676.1	CM003570.1	25.577	520	578	26	541	23496	24995	1.43e-42	163
CDF89676.1	CM003555.1	28.223	574	578	7	560	33671	31986	1.43e-71	249
CDF89677.1	CM003570.1	48.526	882	800	15	800	706806	709409	0.0	803
CDF89678.1	CM003558.1	52.280	899	866	1	866	484304	481824	0.0	884
CDF89679.1	CM003558.1	94.595	111	141	1	111	484872	485204	4.05e-71	229
CDF89680.1	CM003558.1	63.173	2376	2287	1	2287	485685	492788	0.0	3027
CDF89680.1	CM003558.1	30.607	379	2287	1949	2287	44012	42909	2.24e-45	181
CDF89680.1	CM003565.1	30.361	471	2287	1876	2287	610869	612218	6.63e-44	176
CDF89680.1	CM003564.1	31.340	418	2287	1928	2287	172300	171074	7.67e-43	172
CDF89681.1	CM003570.1	53.320	512	814	1	468	711939	710413	7.45e-175	558
CDF89682.1	CM003562.1	37.267	161	252	117	252	425101	424643	1.04e-19	87.0
CDF89683.1	CM003562.1	43.452	336	327	1	323	424462	423485	9.45e-67	226
CDF89684.1	CM003570.1	37.793	299	279	5	271	713887	713054	4.52e-46	164
CDF89685.1	CM003570.1	71.154	104	108	1	103	714109	714420	6.05e-49	164
CDF89686.1	CM003570.1	40.174	575	1126	371	887	716986	715268	8.31e-103	357
CDF89686.1	CM003570.1	34.101	217	1126	882	1098	715096	714563	1.15e-33	140
CDF89687.1	CM003570.1	49.353	1082	1014	5	1009	718890	722063	0.0	926
CDF89688.1	CM003562.1	47.596	208	189	1	187	422692	423315	1.44e-39	141
CDF89689.1	CM003570.1	54.404	193	161	1	161	722990	722412	2.00e-62	206
CDF89690.1	CM003570.1	72.857	140	140	1	140	723253	723672	8.87e-70	226
CDF89691.1	CM003562.1	63.607	621	593	28	593	419750	421609	0.0	731
CDF89692.1	CM003562.1	47.138	297	327	3	295	418426	419304	4.77e-83	273
CDF89693.1	CM003570.1	31.210	157	196	36	185	724059	724520	9.73e-18	79.3
CDF89694.1	CM003570.1	87.931	174	174	1	174	725210	724689	2.11e-103	323
CDF89694.1	CM003562.1	87.356	174	174	1	174	417565	418086	1.05e-102	322
CDF89695.1	CM003570.1	87.805	287	287	1	287	725811	726671	2.04e-179	547
CDF89695.1	CM003569.1	30.726	179	287	75	252	453495	454022	4.88e-19	85.9
CDF89695.1	CM003564.1	28.022	182	287	78	259	290217	289678	8.10e-16	76.3
CDF89696.1	CM003570.1	50.115	866	952	37	867	729805	727496	0.0	702
CDF89696.1	CM003553.1	36.975	119	952	320	426	212917	213273	1.86e-15	80.1
CDF89696.1	CM003553.1	42.683	82	952	529	605	213658	213897	1.97e-11	67.0
CDF89696.1	CM003568.1	38.525	122	952	320	426	282248	282613	2.64e-15	79.7
CDF89696.1	CM003568.1	44.048	84	952	528	606	283076	283321	1.93e-14	77.0
CDF89696.1	CM003559.1	37.795	127	952	490	600	87782	87408	1.04e-11	67.8
CDF89697.1	CM003562.1	94.585	277	366	1	277	415853	416683	3.11e-175	539
CDF89697.1	CM003570.1	79.710	276	366	1	276	544772	543945	1.14e-140	440
CDF89698.1	CM003570.1	78.365	208	210	1	208	735526	734903	7.47e-112	350
CDF89699.1	CM003570.1	72.813	423	409	3	408	735934	737202	0.0	610
CDF89700.1	CM003559.1	73.699	346	351	7	350	126613	125576	7.49e-170	523
CDF89700.1	CM003564.1	60.140	286	351	21	304	656515	657372	5.35e-117	371
CDF89700.1	CM003566.1	51.000	300	351	8	302	854950	855840	1.41e-88	290
CDF89701.1	CM003559.1	57.722	395	383	1	382	124190	125362	2.07e-148	463
CDF89702.1	CM003559.1	53.916	332	333	1	332	123911	122925	7.84e-117	370
CDF89703.1	CM003564.1	50.299	1171	1180	32	1155	661165	657761	0.0	1121
CDF89703.1	CM003560.1	36.869	198	1180	288	485	905539	906117	3.18e-32	135
CDF89703.1	CM003560.1	34.682	173	1180	859	1013	906118	906624	3.52e-22	102
CDF89703.1	CM003555.1	39.086	197	1180	289	485	452492	451908	6.03e-32	134
CDF89703.1	CM003555.1	37.107	159	1180	870	1013	451883	451419	1.30e-19	94.4
CDF89703.1	CM003567.1	35.897	156	1180	868	1014	689445	689903	5.60e-20	95.5
CDF89703.1	CM003567.1	26.238	202	1180	287	484	688902	689429	1.24e-12	71.2
CDF89703.1	CM003553.1	28.986	207	1180	285	485	265061	264480	1.25e-12	71.2
CDF89704.1	CM003559.1	59.686	955	928	1	926	120023	122782	0.0	1079
CDF89704.1	CM003564.1	58.911	937	928	1	926	664420	661796	0.0	1012
CDF89704.1	CM003568.1	40.269	668	928	316	922	135690	137672	2.49e-145	476
CDF89705.1	CM003564.1	82.763	789	789	1	788	666461	668827	0.0	1379
CDF89705.1	CM003566.1	55.200	750	789	34	781	719292	717097	0.0	831
CDF89705.1	CM003560.1	25.183	683	789	55	708	578798	577020	1.02e-34	142
CDF89705.1	CM003562.1	23.748	619	789	150	719	570414	572153	1.62e-29	125
CDF89706.1	CM003559.1	33.448	290	1413	1126	1413	118883	119578	3.38e-31	132
CDF89706.1	CM003566.1	30.137	219	1413	1123	1341	734965	734372	3.41e-21	100
CDF89706.1	CM003566.1	30.366	191	1413	1124	1313	100521	101051	8.04e-20	95.5
CDF89707.1	CM003564.1	51.540	617	601	1	597	670895	669102	0.0	572
CDF89708.1	CM003564.1	32.746	284	343	14	269	671924	671112	6.30e-34	131
CDF89709.1	CM003564.1	53.664	846	778	1	778	672123	674642	0.0	861
CDF89711.1	CM003564.1	49.893	467	558	65	514	675845	677245	2.31e-151	479
CDF89711.1	CM003553.1	43.151	438	558	75	504	211492	210200	1.90e-108	355
CDF89712.1	CM003564.1	49.775	1997	2009	6	1985	677854	683817	0.0	1882
CDF89713.1	CM003564.1	66.566	332	330	1	322	684088	685068	8.20e-147	456
CDF89714.1	CM003564.1	39.137	649	624	6	624	687233	685305	1.17e-135	437
CDF89715.1	CM003564.1	43.750	272	261	1	261	688354	687542	4.75e-68	226
CDF89717.1	CM003566.1	63.345	281	289	7	286	815382	814540	8.68e-124	388
CDF89717.1	CM003565.1	32.168	286	289	16	281	450787	449936	6.97e-33	126
CDF89717.1	CM003565.1	28.571	175	289	5	170	450493	449987	5.68e-14	70.9
CDF89717.1	CM003564.1	31.746	189	289	15	189	127786	127229	5.09e-23	97.8
CDF89717.1	CM003564.1	26.059	307	289	1	282	128140	127232	2.23e-22	95.9
CDF89717.1	CM003570.1	27.076	277	289	9	267	594874	594074	3.04e-19	86.7
CDF89717.1	CM003570.1	25.993	277	289	14	277	666974	667780	4.77e-14	71.2
CDF89717.1	CM003570.1	22.000	300	289	4	277	577102	576206	2.40e-12	65.9
CDF89717.1	CM003555.1	25.773	291	289	14	282	144720	145574	6.30e-19	85.5
CDF89717.1	CM003555.1	22.997	287	289	17	286	259838	259020	8.87e-12	64.3
CDF89719.1	CM003566.1	30.326	521	616	19	527	70218	71723	5.81e-58	210
CDF89719.1	CM003569.1	27.400	573	616	75	607	248620	250311	8.51e-54	197
CDF89719.1	CM003570.1	27.887	459	616	71	526	781042	782403	1.71e-53	197
CDF89719.1	CM003562.1	27.887	459	616	71	526	306673	308034	6.43e-53	195
CDF89719.1	CM003563.1	26.854	499	616	52	533	334212	332734	1.41e-50	188
CDF89720.1	CM003558.1	55.495	555	545	1	544	240086	238452	0.0	639
CDF89720.1	CM003558.1	22.248	436	545	16	388	569720	570964	1.84e-16	82.0
CDF89720.1	CM003558.1	25.000	264	545	31	282	303792	303025	1.45e-14	75.9
CDF89720.1	CM003563.1	28.466	541	545	13	544	334308	332773	8.98e-63	222
CDF89720.1	CM003570.1	29.264	516	545	34	542	780916	782400	1.11e-52	192
CDF89720.1	CM003566.1	26.454	533	545	21	544	70164	71723	6.11e-52	190
CDF89720.1	CM003569.1	27.969	522	545	63	543	248545	250044	1.44e-50	186
CDF89721.1	CM003556.1	49.164	299	291	1	291	34655	35551	1.03e-90	293
CDF89721.1	CM003563.1	30.201	298	291	2	290	18112	17255	2.68e-39	145
CDF89722.1	CM003558.1	55.861	546	549	4	548	240083	238446	0.0	635
CDF89722.1	CM003558.1	25.253	297	549	118	381	570083	570937	8.05e-18	86.3
CDF89722.1	CM003558.1	25.668	187	549	98	284	303576	303025	3.27e-13	71.6
CDF89722.1	CM003563.1	28.386	539	549	15	545	334308	332776	1.13e-62	222
CDF89722.1	CM003566.1	29.387	473	549	78	545	70335	71720	3.92e-59	211
CDF89722.1	CM003569.1	29.434	530	549	51	545	248536	250044	3.02e-58	209
CDF89722.1	CM003570.1	30.814	516	549	34	544	780937	782400	4.07e-56	202
CDF89726.1	CM003562.1	75.620	484	486	1	484	1027519	1026068	0.0	764
CDF89726.1	CM003561.1	76.446	484	486	1	484	15089	16537	0.0	763
CDF89726.1	CM003559.1	40.084	479	486	34	468	258301	256883	1.40e-83	281
CDF89726.1	CM003560.1	38.669	481	486	36	473	56034	57461	9.49e-82	275
CDF89727.1	CM003561.1	58.759	274	265	1	265	17633	16812	3.87e-96	307
CDF89728.1	CM003562.1	71.210	587	588	1	586	1023972	1025732	0.0	887
CDF89730.1	CM003562.1	47.059	255	285	5	251	1019510	1018827	8.68e-60	204
CDF89731.1	CM003561.1	55.738	549	540	1	539	18335	19969	0.0	579
CDF89732.1	CM003561.1	67.669	266	261	1	261	20272	21069	1.14e-124	389
CDF89733.1	CM003562.1	41.351	370	354	1	354	1015803	1014697	1.40e-85	281
CDF89734.1	CM003561.1	46.341	123	120	1	120	21615	21247	2.40e-32	117
CDF89735.1	CM003560.1	44.251	287	308	13	292	1276177	1275338	5.06e-70	234
CDF89735.1	CM003560.1	33.981	309	308	8	291	319035	318187	6.49e-37	139
CDF89735.1	CM003569.1	30.814	344	308	1	303	534101	533169	4.10e-32	124
CDF89735.1	CM003558.1	31.269	323	308	13	304	520109	521005	1.19e-28	114
CDF89735.1	CM003563.1	29.936	314	308	4	277	214238	213363	3.81e-27	110
CDF89735.1	CM003564.1	25.597	293	308	5	287	126720	125923	5.73e-23	98.2
CDF89737.1	CM003562.1	76.836	708	705	1	705	1012433	1010310	0.0	1148
CDF89737.1	CM003569.1	36.461	373	705	198	561	435112	434000	6.11e-70	248
CDF89738.1	CM003561.1	86.364	242	588	347	588	22732	22007	1.27e-139	447
CDF89738.1	CM003561.1	54.891	368	588	1	348	23992	22931	3.03e-100	333
CDF89738.1	CM003560.1	39.655	232	588	347	577	1063026	1062352	1.13e-46	176
CDF89738.1	CM003560.1	23.735	257	588	346	579	496775	497530	1.35e-15	79.3
CDF89738.1	LIOO01000001.1	44.211	190	588	348	536	2262	1714	5.95e-43	164
CDF89739.1	CM003562.1	64.737	570	562	1	562	1009958	1008285	0.0	677
CDF89740.1	CM003562.1	50.000	382	377	6	376	1008085	1006955	4.25e-117	373
CDF89741.1	CM003562.1	71.598	169	185	1	166	1006259	1006765	2.98e-74	241
CDF89742.1	CM003562.1	46.078	1020	1016	3	1016	1006008	1003000	0.0	822
CDF89743.1	CM003562.1	58.400	250	251	4	251	1002843	1002094	1.37e-94	302
CDF89744.1	CM003562.1	73.145	957	959	1	956	1001904	999034	0.0	1474
CDF89744.1	CM003560.1	24.582	419	959	17	399	269594	268434	1.80e-11	67.0
CDF89745.1	CM003562.1	85.897	78	279	162	239	998400	998633	2.89e-39	144
CDF89746.1	CM003561.1	27.822	381	341	1	340	25978	27060	9.51e-24	101
CDF89747.1	CM003562.1	63.553	653	685	20	664	995710	997647	0.0	847
CDF89748.1	CM003562.1	67.494	806	794	3	794	994971	992569	0.0	1100
CDF89749.1	CM003561.1	44.410	322	340	12	330	28049	27159	6.48e-75	249
CDF89749.1	CM003558.1	31.677	322	340	18	324	764065	763238	3.19e-34	132
CDF89749.1	CM003564.1	21.006	338	340	17	333	128101	127220	4.90e-15	75.1
CDF89749.1	CM003570.1	36.585	82	340	247	328	594874	594629	4.06e-12	66.2
CDF89750.1	CM003561.1	73.292	483	508	26	508	28697	30145	0.0	771
CDF89750.1	CM003558.1	29.293	396	508	109	496	745669	744527	5.10e-48	177
CDF89751.1	CM003562.1	57.174	913	888	1	887	992334	989608	0.0	1024
CDF89752.1	CM003562.1	60.902	266	283	19	279	989266	988484	8.80e-106	336
CDF89753.1	CM003562.1	55.135	185	185	4	184	987848	988402	9.95e-64	210
CDF89755.1	CM003561.1	32.189	233	241	12	235	30328	31017	6.40e-26	104
CDF89756.1	CM003561.1	59.574	188	201	12	199	31658	31095	7.99e-68	223
CDF89757.1	CM003561.1	53.191	282	298	16	296	31939	32769	6.88e-96	308
CDF89758.1	CM003561.1	57.508	626	984	1	590	35905	34049	0.0	665
CDF89758.1	CM003561.1	63.636	308	984	687	964	33976	33053	3.05e-118	399
CDF89758.1	CM003564.1	37.559	639	984	252	880	482830	481127	7.89e-107	365
CDF89758.1	CM003562.1	43.681	451	984	142	576	984680	985975	2.12e-103	355
CDF89758.1	CM003562.1	52.692	260	984	695	942	986150	986929	1.70e-75	271
CDF89758.1	CM003565.1	45.714	315	984	252	560	173774	172872	1.73e-69	253
CDF89758.1	CM003565.1	39.429	175	984	709	880	172580	172119	1.45e-28	123
CDF89759.1	CM003562.1	39.355	310	712	342	633	983219	982290	4.69e-62	224
CDF89759.1	CM003561.1	27.778	270	712	379	647	37299	38108	1.51e-28	121
CDF89760.1	CM003555.1	89.978	449	449	1	449	237728	236382	0.0	843
CDF89761.1	CM003562.1	48.550	655	870	260	870	980820	978871	0.0	580
CDF89762.1	CM003562.1	37.500	128	128	1	123	978077	977712	7.58e-20	82.4
CDF89762.1	CM003553.1	36.000	100	128	13	112	159620	159333	2.32e-14	67.0
CDF89763.1	CM003555.1	71.196	184	184	1	184	235546	236097	6.12e-94	297
CDF89764.1	CM003555.1	42.901	648	580	1	572	233068	235002	3.59e-153	486
CDF89765.1	CM003555.1	43.844	333	785	43	338	230564	231484	1.60e-55	206
CDF89765.1	CM003564.1	70.588	51	785	283	333	514339	514491	4.07e-17	85.1
CDF89765.1	CM003561.1	68.000	50	785	281	330	166132	165983	5.75e-17	84.7
CDF89765.1	CM003565.1	71.739	46	785	283	328	161675	161538	2.64e-15	79.3
CDF89766.1	CM003562.1	75.645	349	347	1	347	973844	972837	1.93e-163	504
CDF89766.1	CM003555.1	68.323	322	347	15	336	230055	229117	7.03e-141	439
CDF89767.1	CM003555.1	34.383	381	386	42	385	228604	227471	4.22e-58	203
CDF89768.1	CM003562.1	60.223	269	278	11	277	971918	972721	1.20e-109	347
CDF89768.1	CM003555.1	50.000	254	278	1	248	226496	227257	1.31e-72	240
CDF89769.1	CM003562.1	24.000	425	400	13	398	970399	971637	2.10e-32	128
CDF89770.1	CM003555.1	89.344	610	610	1	610	225795	223966	0.0	1118
CDF89770.1	CM003561.1	37.523	549	610	79	602	106428	104803	2.21e-113	372
CDF89770.1	CM003570.1	28.111	434	610	85	500	117662	118663	4.62e-44	168
CDF89770.1	CM003570.1	41.333	75	610	513	587	119027	119251	4.55e-11	64.7
CDF89770.1	CM003570.1	29.444	180	610	423	600	117734	118258	4.92e-11	64.7
CDF89770.1	CM003566.1	27.465	426	610	88	500	619949	620929	9.05e-40	155
CDF89770.1	CM003566.1	27.869	183	610	423	604	620012	620536	8.76e-14	73.6
CDF89770.1	CM003568.1	26.818	440	610	74	500	185456	184434	6.98e-36	143
CDF89770.1	CM003568.1	30.601	183	610	423	604	185351	184827	7.15e-16	80.5
CDF89772.1	CM003555.1	38.384	198	186	1	186	222442	222996	5.54e-25	99.8
CDF89773.1	CM003562.1	58.163	294	290	1	289	968461	969321	4.71e-110	348
CDF89774.1	CM003562.1	50.972	463	560	1	453	966496	967740	3.62e-127	410
CDF89775.1	CM003562.1	56.273	805	787	4	775	965851	963482	0.0	853
CDF89775.1	CM003570.1	35.417	384	787	132	456	252676	251546	9.64e-54	201
CDF89775.1	CM003570.1	40.264	303	787	132	415	803728	804582	2.37e-52	197
CDF89775.1	CM003558.1	33.426	359	787	132	458	94019	95068	2.97e-45	175
CDF89775.1	CM003565.1	32.476	311	787	132	430	381391	380486	2.55e-34	140
CDF89775.1	CM003555.1	39.227	181	787	243	421	38881	38372	1.64e-28	122
CDF89775.1	CM003555.1	31.776	107	787	131	229	39550	39236	4.50e-12	68.6
CDF89776.1	CM003562.1	38.889	342	468	114	415	962525	961587	6.21e-65	226
CDF89777.1	CM003562.1	52.927	427	422	1	421	959499	960686	2.16e-147	462
CDF89778.1	CM003562.1	30.612	343	348	10	347	959272	958373	1.30e-40	150
CDF89779.1	CM003562.1	78.437	371	370	1	370	958232	957156	0.0	593
CDF89780.1	CM003555.1	32.242	397	916	1	323	221882	220779	1.84e-29	125
CDF89781.1	CM003555.1	39.692	519	1162	27	500	215806	217179	2.25e-73	268
CDF89781.1	CM003555.1	42.000	100	1162	1026	1122	217888	218187	1.55e-11	67.8
CDF89782.1	CM003562.1	87.387	222	219	1	219	956952	956287	1.64e-128	398
CDF89782.1	CM003562.1	34.463	177	219	4	174	276176	276685	4.71e-18	80.9
CDF89782.1	CM003555.1	83.408	223	219	1	219	215343	214675	3.58e-124	385
CDF89782.1	CM003561.1	48.370	184	219	1	184	207071	207607	7.13e-50	172
CDF89782.1	CM003561.1	43.503	177	219	7	183	132336	131809	3.83e-46	162
CDF89782.1	CM003569.1	42.675	157	219	14	167	594369	594839	4.55e-39	141
CDF89782.1	CM003569.1	31.210	157	219	14	170	403066	403527	1.79e-20	88.2
CDF89782.1	CM003569.1	33.333	162	219	14	174	569902	569420	3.19e-13	67.0
CDF89782.1	CM003565.1	35.685	241	219	14	219	202606	203295	2.62e-37	136
CDF89782.1	CM003565.1	30.857	175	219	11	179	120602	120090	7.79e-15	71.6
CDF89783.1	CM003555.1	45.324	139	130	3	124	214024	214410	2.49e-11	58.2
CDF89784.1	CM003555.1	48.454	194	149	1	145	213755	213174	5.45e-44	152
CDF89785.1	CM003558.1	30.488	164	225	17	180	493127	493582	4.22e-15	72.4
CDF89786.1	CM003569.1	98.113	212	215	4	215	403051	403686	1.72e-142	437
CDF89786.1	CM003569.1	33.533	167	215	6	166	594360	594860	3.23e-24	98.6
CDF89786.1	CM003566.1	97.642	212	215	4	215	703611	702976	1.35e-141	435
CDF89786.1	CM003566.1	29.825	171	215	2	166	644813	644304	7.15e-22	92.0
CDF89786.1	CM003566.1	26.471	136	215	8	142	586647	586243	2.57e-12	63.9
CDF89786.1	CM003568.1	35.057	174	215	4	166	330467	329946	1.62e-24	99.8
CDF89786.1	CM003568.1	30.000	110	215	59	164	339956	340285	2.03e-12	64.3
CDF89786.1	CM003568.1	32.800	125	215	10	126	323761	323411	6.16e-12	62.8
CDF89786.1	CM003555.1	31.818	154	215	9	159	215304	214843	2.57e-22	93.2
CDF89786.1	CM003561.1	31.056	161	215	9	166	207095	207577	5.01e-22	92.4
CDF89786.1	CM003561.1	30.380	158	215	9	164	132315	131842	1.64e-19	85.1
CDF89787.1	CM003566.1	58.854	192	191	1	190	702572	701997	6.20e-70	228
CDF89788.1	CM003566.1	77.898	371	384	14	383	701629	700535	0.0	589
CDF89788.1	CM003565.1	29.231	195	384	178	367	179351	179902	1.20e-11	65.1
CDF89789.1	CM003566.1	59.011	283	278	1	278	700177	699347	1.11e-100	321
CDF89790.1	CM003566.1	74.846	648	643	1	643	697288	699222	0.0	1011
CDF89790.1	CM003566.1	30.337	267	643	4	243	253538	252756	1.44e-21	99.0
CDF89790.1	CM003560.1	33.158	190	643	22	199	289751	289188	5.26e-25	110
CDF89790.1	CM003569.1	32.979	188	643	24	199	510121	509564	2.02e-24	108
CDF89790.1	CM003569.1	28.452	239	643	47	265	400963	400268	9.93e-12	67.0
CDF89790.1	CM003568.1	40.397	151	643	35	175	450307	450756	5.09e-20	94.0
CDF89790.1	CM003564.1	35.897	117	643	41	153	494122	493787	5.21e-17	84.3
CDF89791.1	CM003566.1	58.017	474	429	1	429	697103	695682	2.23e-176	545
CDF89792.1	CM003569.1	79.494	395	395	1	395	405776	404592	0.0	671
CDF89793.1	CM003569.1	86.667	60	63	2	61	406752	406931	1.13e-23	90.1
CDF89793.1	CM003566.1	86.667	60	63	2	61	694950	694771	1.16e-23	90.1
CDF89794.1	CM003566.1	34.320	338	344	9	344	694230	693223	1.21e-58	203
CDF89795.1	CM003569.1	52.615	325	634	1	302	409192	408248	2.77e-93	314
CDF89796.1	CM003566.1	67.105	304	656	5	302	692347	691436	2.35e-136	440
CDF89796.1	CM003566.1	53.846	78	656	579	655	690937	690704	2.59e-20	95.1
CDF89797.1	CM003566.1	66.171	269	262	1	262	689613	690395	9.73e-114	357
CDF89798.1	CM003566.1	47.985	273	272	5	272	689272	688454	4.41e-90	290
CDF89798.1	CM003569.1	41.026	273	272	8	272	409975	410775	6.65e-70	232
CDF89799.1	CM003566.1	56.944	216	316	61	275	687661	688293	2.03e-67	227
CDF89800.1	CM003566.1	54.054	148	154	5	152	687192	686758	1.23e-42	149
CDF89801.1	CM003569.1	52.364	275	271	1	271	409963	410775	6.41e-94	301
CDF89801.1	CM003566.1	40.942	276	271	2	271	689272	688454	1.95e-71	236
CDF89802.1	CM003566.1	53.521	923	1196	1	838	686283	683701	0.0	904
CDF89803.1	CM003566.1	74.395	785	775	2	775	681756	679420	0.0	1212
CDF89803.1	CM003569.1	34.673	199	775	579	775	412800	413282	1.17e-26	116
CDF89804.1	CM003566.1	75.000	588	586	12	586	679056	677305	0.0	878
CDF89804.1	CM003566.1	31.387	411	586	19	420	117874	118929	3.17e-45	171
CDF89804.1	CM003563.1	32.353	408	586	15	420	308832	309878	1.91e-42	163
CDF89804.1	CM003563.1	29.710	414	586	20	423	95361	94288	9.24e-38	149
CDF89804.1	CM003570.1	28.710	411	586	18	419	319627	318545	8.56e-36	142
CDF89804.1	CM003560.1	27.184	412	586	17	420	1024714	1023671	1.38e-33	136
CDF89804.1	CM003560.1	24.876	402	586	19	420	1344632	1345654	4.95e-30	125
CDF89804.1	CM003560.1	26.540	422	586	25	421	650501	651607	3.36e-29	122
CDF89804.1	CM003560.1	27.511	458	586	19	449	560225	561373	1.16e-28	120
CDF89804.1	CM003560.1	25.229	436	586	17	447	1211052	1209967	6.50e-25	108
CDF89804.1	CM003560.1	31.081	222	586	19	239	1121960	1121343	2.25e-23	104
CDF89804.1	CM003564.1	27.751	418	586	20	425	341775	340696	1.58e-33	135
CDF89804.1	CM003564.1	26.841	421	586	2	420	564657	565739	4.84e-26	112
CDF89805.1	CM003566.1	81.905	105	110	3	107	676733	677047	5.70e-50	167
CDF89806.1	CM003566.1	79.130	805	799	1	799	673811	676135	0.0	1262
CDF89806.1	CM003570.1	33.228	632	799	143	746	590736	592469	1.08e-95	327
CDF89806.1	CM003558.1	35.702	591	799	168	714	168444	166816	2.16e-95	326
CDF89806.1	CM003558.1	35.714	574	799	168	741	606409	607992	5.32e-87	301
CDF89806.1	CM003555.1	40.185	433	799	169	599	87686	88888	1.35e-85	297
CDF89806.1	CM003562.1	36.345	498	799	269	712	931445	932902	2.36e-82	287
CDF89808.1	CM003566.1	65.680	1183	1167	1	1167	663131	659601	0.0	1534
CDF89809.1	CM003569.1	77.401	354	395	39	392	422653	421592	0.0	597
CDF89810.1	CM003569.1	59.325	622	615	2	613	423488	425344	0.0	785
CDF89811.1	CM003569.1	62.264	212	291	2	213	426427	425792	4.24e-86	280
CDF89812.1	CM003566.1	37.453	267	284	32	284	658723	659484	8.01e-47	166
CDF89813.1	CM003566.1	71.347	349	364	1	349	657111	658157	7.25e-174	535
CDF89813.1	CM003569.1	58.671	346	364	10	354	427877	426840	5.00e-143	446
CDF89815.1	CM003566.1	68.958	480	833	2	479	398123	399562	0.0	713
CDF89816.1	CM003566.1	30.171	759	754	11	742	653582	651558	2.28e-102	345
CDF89816.1	CM003569.1	29.461	723	754	3	701	430910	428898	5.78e-92	315
CDF89816.1	CM003569.1	28.011	714	754	10	698	443301	445304	2.25e-79	277
CDF89816.1	CM003565.1	25.921	733	754	2	706	662507	664453	1.71e-50	191
CDF89817.1	CM003563.1	78.679	530	530	1	530	417583	419172	0.0	875
CDF89817.1	CM003567.1	26.761	213	530	289	494	284302	283721	1.20e-12	69.7
CDF89818.1	CM003560.1	33.678	1063	1395	347	1313	142708	139718	3.39e-130	446
CDF89819.1	CM003560.1	43.693	547	507	1	504	146021	144474	1.89e-120	388
CDF89819.1	CM003560.1	44.444	63	507	198	260	1149541	1149729	2.76e-12	68.2
CDF89819.1	CM003563.1	36.735	490	507	53	504	421236	419839	2.19e-83	281
CDF89819.1	CM003566.1	38.298	94	507	179	257	859983	860264	1.03e-13	72.8
CDF89819.1	LIOO01000003.1	35.052	97	507	179	260	19853	20143	3.00e-12	68.2
CDF89820.1	CM003567.1	49.765	426	399	9	394	186797	185532	1.59e-126	401
CDF89821.1	CM003560.1	66.406	128	158	30	157	146707	146324	4.33e-57	190
CDF89822.1	CM003567.1	29.947	374	349	7	348	188141	187113	1.41e-19	89.0
CDF89823.1	CM003567.1	46.104	154	142	1	142	188360	188821	3.63e-43	149
CDF89824.1	CM003560.1	77.500	320	319	1	316	148999	148040	1.27e-165	509
CDF89825.1	CM003567.1	71.040	808	768	3	768	191578	189155	0.0	1157
CDF89825.1	CM003558.1	31.156	597	768	252	756	751411	753159	4.57e-64	232
CDF89825.1	CM003564.1	31.613	620	768	248	763	415832	417676	8.23e-63	228
CDF89826.1	CM003567.1	42.127	489	793	333	793	193443	194867	3.88e-113	378
CDF89826.1	CM003560.1	33.188	458	793	335	777	151550	152779	2.11e-63	231
CDF89827.1	CM003560.1	57.793	3317	3279	1	3279	163053	153250	0.0	3776
CDF89827.1	CM003555.1	44.094	381	3279	2900	3277	411703	412824	9.83e-88	322
CDF89827.1	CM003564.1	35.079	382	3279	2924	3278	235252	236358	6.90e-44	176
CDF89827.1	CM003562.1	34.167	360	3279	2926	3272	805364	804324	4.02e-41	167
CDF89827.1	CM003565.1	28.431	408	3279	2919	3276	245725	246867	1.78e-24	112
CDF89828.1	CM003567.1	55.957	470	423	1	422	196633	195239	3.24e-153	479
CDF89829.1	CM003567.1	43.032	653	609	11	606	196943	198847	3.52e-152	484
CDF89830.1	CM003560.1	73.206	627	628	1	622	165355	163502	0.0	887
CDF89831.1	CM003560.1	77.717	184	184	1	183	166017	166568	5.95e-93	294
CDF89832.1	CM003567.1	66.026	156	160	1	156	199156	199623	4.26e-57	190
CDF89833.1	CM003567.1	83.163	196	196	1	196	202859	203446	5.48e-113	352
CDF89833.1	CM003560.1	81.026	195	196	1	195	167182	167766	9.16e-111	346
CDF89833.1	CM003558.1	29.101	189	196	4	182	92839	92288	1.54e-17	78.6
CDF89834.1	CM003560.1	52.187	686	657	1	657	169963	167945	0.0	663
CDF89835.1	CM003567.1	46.277	376	380	18	378	204175	205275	4.87e-79	263
CDF89835.1	CM003560.1	49.180	244	380	8	235	170681	171367	2.80e-47	171
CDF89836.1	CM003567.1	90.909	132	146	15	146	206106	205711	3.15e-79	253
CDF89836.1	CM003560.1	92.308	130	146	17	146	172438	172049	5.37e-79	252
CDF89837.1	CM003567.1	67.611	247	259	17	257	207900	207160	1.93e-112	353
CDF89838.1	CM003560.1	67.198	439	435	3	435	173946	175262	0.0	620
CDF89839.1	CM003560.1	77.701	435	435	1	435	176787	175486	0.0	723
CDF89840.1	CM003560.1	92.537	134	136	2	135	177616	178017	7.37e-80	254
CDF89840.1	CM003567.1	91.111	135	136	2	136	209010	209414	8.05e-80	254
CDF89841.1	CM003560.1	34.559	136	269	140	269	178629	178222	1.68e-18	84.0
CDF89842.1	CM003560.1	41.873	566	576	16	569	1368875	1370557	1.43e-135	434
CDF89842.1	CM003560.1	27.578	446	576	135	556	1376557	1375280	1.73e-34	138
CDF89842.1	CM003555.1	26.386	451	576	142	565	16841	18142	1.22e-28	120
CDF89842.1	CM003568.1	26.386	451	576	142	565	7435	8736	1.22e-28	120
CDF89843.1	CM003560.1	53.666	641	689	50	679	182171	180294	0.0	699
CDF89843.1	CM003560.1	31.525	682	689	23	678	1249213	1250997	1.01e-80	279
CDF89843.1	CM003562.1	31.818	660	689	52	678	810905	812614	8.38e-83	285
CDF89844.1	CM003567.1	70.919	533	558	23	551	270851	272437	0.0	740
CDF89844.1	CM003567.1	22.708	480	558	121	532	19879	18524	7.91e-13	70.5
CDF89844.1	CM003561.1	74.127	487	558	59	545	150198	148741	0.0	704
CDF89844.1	CM003566.1	61.194	536	558	28	553	270004	271593	0.0	682
CDF89844.1	CM003560.1	62.500	536	558	23	553	365795	367393	0.0	678
CDF89844.1	CM003560.1	62.313	536	558	23	553	371187	372785	0.0	676
CDF89844.1	CM003560.1	59.964	552	558	2	553	362398	364044	0.0	650
CDF89844.1	CM003560.1	53.953	506	558	44	549	1509032	1510549	0.0	600
CDF89844.1	CM003560.1	32.540	504	558	67	551	1302755	1301298	2.27e-73	253
CDF89844.1	CM003560.1	30.572	507	558	63	553	1404447	1402987	2.78e-71	248
CDF89844.1	CM003560.1	28.487	509	558	49	537	24244	22799	1.85e-52	192
CDF89844.1	CM003560.1	27.568	584	558	10	554	87464	89083	1.26e-43	166
CDF89844.1	CM003560.1	24.908	546	558	50	529	283220	284782	3.55e-32	131
CDF89844.1	CM003560.1	21.835	545	558	10	541	1516129	1514558	2.19e-18	88.2
CDF89844.1	CM003563.1	62.936	545	558	10	551	241292	242914	0.0	662
CDF89844.1	CM003563.1	61.495	535	558	23	553	248908	250509	0.0	642
CDF89844.1	CM003563.1	64.242	495	558	59	553	245196	246677	0.0	634
CDF89845.1	CM003554.1	75.000	160	161	1	160	18985	18506	2.61e-80	257
CDF89845.1	CM003558.1	71.069	159	161	2	160	687081	687557	1.89e-75	243
CDF89845.1	CM003565.1	56.250	160	161	1	160	278434	278913	1.27e-56	189
CDF89846.1	CM003560.1	50.106	1413	1361	1	1359	182577	186773	0.0	1335
CDF89847.1	CM003567.1	46.520	546	534	5	531	211365	209749	1.29e-139	444
CDF89848.1	CM003567.1	82.258	186	187	1	186	211656	212213	4.66e-91	289
CDF89848.1	CM003560.1	59.669	181	187	1	180	187454	187996	2.06e-67	221
CDF89849.1	CM003560.1	48.454	582	570	9	570	189957	188275	2.97e-170	534
CDF89850.1	CM003567.1	63.099	355	339	10	338	213517	212468	9.03e-138	430
CDF89851.1	CM003567.1	53.071	635	659	85	659	213982	215859	0.0	626
CDF89852.1	CM003560.1	34.500	200	237	1	167	192832	192260	8.03e-19	84.0
CDF89853.1	CM003567.1	41.667	564	483	1	473	219718	221301	4.44e-106	345
CDF89854.1	CM003560.1	47.407	135	138	5	138	195153	194755	1.87e-39	139
CDF89855.1	CM003567.1	61.351	696	711	28	707	224169	222208	0.0	734
CDF89855.1	CM003567.1	35.235	298	711	415	675	154864	155757	2.47e-55	204
CDF89855.1	CM003560.1	57.902	734	711	1	705	197687	195558	0.0	718
CDF89855.1	CM003560.1	43.214	280	711	415	691	1146666	1145830	3.48e-68	243
CDF89855.1	CM003560.1	40.134	299	711	386	683	1391505	1392395	7.40e-66	236
CDF89855.1	CM003560.1	42.105	285	711	391	674	894458	893634	1.28e-65	235
CDF89855.1	CM003560.1	40.625	288	711	386	672	1295825	1296682	1.54e-65	235
CDF89855.1	CM003570.1	62.416	298	711	391	683	203038	203931	1.43e-125	411
CDF89855.1	CM003555.1	68.033	244	711	448	691	433078	433809	7.64e-109	362
CDF89855.1	LIOO01000003.1	43.214	280	711	415	691	17081	16245	3.20e-68	243
CDF89856.1	CM003560.1	57.229	332	331	1	325	198539	199522	5.19e-115	364
CDF89856.1	CM003569.1	25.185	270	331	71	321	1023414	1022611	3.20e-15	75.5
CDF89857.1	CM003567.1	52.575	369	351	1	351	225735	224698	6.37e-114	362
CDF89858.1	CM003560.1	63.077	520	519	1	504	201271	199718	0.0	676
CDF89859.1	CM003567.1	60.584	274	268	2	267	225946	226767	7.07e-108	341
CDF89860.1	CM003567.1	38.372	602	615	1	589	226855	228567	6.62e-120	391
CDF89860.1	CM003560.1	22.754	334	615	258	591	1222289	1223074	1.23e-11	66.6
CDF89861.1	CM003560.1	86.335	161	409	120	280	203373	202891	1.12e-88	292
CDF89862.1	CM003560.1	65.253	990	986	1	986	204040	207006	0.0	1363
CDF89862.1	CM003569.1	26.087	230	986	37	259	950207	950860	1.32e-13	74.3
CDF89863.1	CM003567.1	76.098	205	211	7	211	228841	229455	9.53e-107	335
CDF89864.1	CM003567.1	55.294	170	176	6	175	230117	229608	2.42e-61	203
CDF89865.1	CM003567.1	69.942	1028	1006	39	1005	230640	233570	0.0	1328
CDF89866.1	CM003567.1	80.000	70	70	1	70	234221	234012	1.05e-33	119
CDF89867.1	CM003560.1	64.855	276	273	1	273	207209	208030	1.57e-120	377
CDF89868.1	CM003560.1	42.000	250	240	3	237	208301	209050	3.25e-61	206
CDF89869.1	CM003560.1	66.162	396	396	1	396	210305	209127	2.48e-175	541
CDF89870.1	CM003560.1	37.758	678	640	6	636	212385	210577	7.05e-122	397
CDF89870.1	CM003560.1	28.338	367	640	97	431	1258390	1259463	2.45e-32	133
CDF89871.1	CM003560.1	73.684	76	91	16	91	212889	213116	2.17e-36	127
CDF89872.1	CM003562.1	34.748	377	473	22	375	965503	964421	4.86e-50	182
CDF89872.1	CM003558.1	33.732	418	473	5	385	93872	95065	5.00e-47	174
CDF89872.1	CM003570.1	35.792	366	473	15	344	803572	804594	5.60e-39	150
CDF89872.1	CM003570.1	31.719	413	473	51	395	252679	251489	6.56e-36	140
CDF89872.1	CM003555.1	39.252	214	473	178	384	38863	38264	3.12e-29	120
CDF89872.1	CM003555.1	34.146	123	473	49	163	39556	39224	9.19e-15	75.9
CDF89872.1	CM003565.1	27.083	336	473	39	351	381442	380498	1.51e-23	103
CDF89873.1	CM003559.1	28.244	524	585	52	574	17947	19437	1.11e-65	232
CDF89874.1	CM003567.1	77.869	366	377	9	374	235692	234595	0.0	606
CDF89875.1	CM003558.1	45.933	209	183	1	180	361980	362600	1.75e-50	172
CDF89877.1	CM003567.1	40.874	389	547	1	355	236559	237611	4.13e-60	214
CDF89877.1	CM003567.1	42.632	190	547	390	547	237960	238526	3.03e-34	137
CDF89877.1	CM003560.1	54.348	92	547	32	123	213315	213590	7.93e-22	99.0
CDF89878.1	CM003560.1	48.711	388	776	402	771	216080	217153	7.88e-104	350
CDF89878.1	CM003560.1	29.514	288	776	43	267	214820	215611	1.14e-15	80.5
CDF89879.1	CM003567.1	54.762	168	527	1	163	241143	240661	1.15e-52	192
CDF89879.1	CM003567.1	47.619	168	527	249	413	239916	239440	1.25e-35	141
CDF89880.1	CM003560.1	44.685	922	878	4	864	220463	217722	0.0	753
CDF89881.1	CM003560.1	30.055	722	2457	1686	2362	222714	220855	1.46e-71	267
CDF89881.1	CM003562.1	34.804	204	2457	1732	1934	528952	528479	6.82e-30	129
CDF89882.1	CM003560.1	50.872	631	600	1	600	229794	227905	0.0	654
CDF89883.1	CM003555.1	91.515	165	165	1	165	53488	52994	6.05e-99	310
CDF89883.1	CM003560.1	91.515	165	165	1	165	231352	230858	6.05e-99	310
CDF89884.1	CM003555.1	47.383	745	767	29	759	56318	54180	0.0	641
CDF89885.1	CM003555.1	64.000	500	495	8	493	56865	58358	0.0	660
CDF89886.1	CM003560.1	40.462	823	812	10	793	234479	232029	0.0	611
CDF89887.1	CM003555.1	82.900	269	269	1	269	58648	59415	1.15e-141	438
CDF89888.1	CM003560.1	58.065	372	369	1	363	234807	235919	3.10e-148	462
CDF89889.1	CM003555.1	76.045	359	378	20	377	61022	59946	0.0	580
CDF89889.1	LIOO01000009.1	30.804	224	378	136	345	10284	9688	1.27e-14	74.3
CDF89889.1	CM003554.1	30.804	224	378	136	345	124209	123613	1.31e-14	74.3
CDF89889.1	CM003553.1	30.804	224	378	136	345	3839	3243	1.32e-14	74.3
CDF89889.1	CM003561.1	30.357	224	378	136	345	48945	49541	1.75e-14	73.9
CDF89890.1	CM003560.1	38.000	350	349	15	345	236294	237343	1.90e-79	263
CDF89891.1	CM003560.1	52.653	245	227	4	227	238263	237571	1.72e-65	218
CDF89892.1	CM003560.1	40.994	322	310	2	309	238610	239569	8.14e-78	256
CDF89893.1	CM003567.1	61.035	657	658	10	658	181331	183295	0.0	846
CDF89893.1	CM003557.1	25.120	625	658	55	612	171676	173520	7.39e-44	169
CDF89893.1	LIOO01000005.1	25.081	618	658	62	612	19768	21600	8.17e-44	168
CDF89894.1	CM003567.1	51.943	283	251	1	251	184253	183414	4.44e-85	275
CDF89895.1	CM003560.1	52.863	227	234	7	233	239913	240593	1.38e-78	255
CDF89896.1	CM003560.1	48.800	500	835	14	495	243496	242066	7.57e-146	475
CDF89896.1	CM003569.1	44.567	543	835	1	533	454685	456217	4.91e-138	452
CDF89897.1	CM003560.1	70.000	210	212	1	209	244109	244738	2.28e-95	302
CDF89898.1	CM003569.1	85.441	261	261	1	261	453411	454193	8.26e-158	484
CDF89898.1	CM003564.1	28.977	176	261	33	207	290214	289690	8.44e-20	87.4
CDF89898.1	CM003570.1	29.609	179	261	29	204	726033	726566	1.42e-17	80.9
CDF89899.1	CM003560.1	48.739	1309	1260	1	1260	245030	248896	0.0	1244
CDF89900.1	CM003569.1	45.638	298	304	1	288	452999	452106	4.54e-84	274
CDF89901.1	CM003569.1	71.591	88	93	5	92	451615	451878	3.42e-38	133
CDF89902.1	CM003569.1	61.871	973	966	1	965	451324	448412	0.0	1264
CDF89903.1	CM003569.1	53.968	504	530	31	530	446715	448220	0.0	582
CDF89904.1	CM003569.1	68.456	447	443	1	441	457188	458528	0.0	627
CDF89905.1	CM003560.1	65.157	1501	1485	6	1484	253659	249172	0.0	2107
CDF89905.1	CM003560.1	39.075	1492	1485	8	1471	1045566	1041226	0.0	1061
CDF89905.1	CM003560.1	21.988	664	1485	852	1476	1045152	1043266	1.32e-25	114
CDF89905.1	CM003569.1	65.903	1484	1485	6	1481	465241	460802	0.0	2097
CDF89905.1	CM003569.1	62.435	1536	1485	2	1472	153314	148719	0.0	2002
CDF89905.1	CM003569.1	31.345	1375	1485	151	1480	736168	732203	0.0	657
CDF89905.1	CM003569.1	30.973	339	1485	853	1182	894580	895533	3.03e-34	143
CDF89905.1	CM003569.1	25.135	557	1485	153	682	892630	894183	3.06e-33	139
CDF89905.1	CM003569.1	24.910	558	1485	839	1354	892549	894129	1.06e-32	137
CDF89905.1	CM003569.1	21.716	571	1485	141	684	894589	896151	3.60e-19	93.6
CDF89905.1	CM003570.1	38.147	1392	1485	90	1471	443187	439105	0.0	958
CDF89905.1	CM003568.1	38.654	1040	1485	456	1480	20289	17266	0.0	754
CDF89905.1	CM003568.1	41.555	373	1485	94	462	21376	20282	0.0	271
CDF89905.1	CM003568.1	23.161	639	1485	141	751	19128	17347	7.24e-22	102
CDF89905.1	CM003554.1	32.637	1388	1485	151	1473	109837	113811	0.0	646
CDF89906.1	CM003569.1	70.592	1486	1498	14	1493	465256	460805	0.0	2198
CDF89906.1	CM003569.1	63.134	1538	1498	10	1485	153332	148719	0.0	2017
CDF89906.1	CM003569.1	30.853	1384	1498	166	1486	736168	732224	0.0	639
CDF89906.1	CM003569.1	25.302	992	1498	168	1121	892630	895353	2.14e-65	245
CDF89906.1	CM003569.1	27.544	570	1498	852	1367	892549	894129	1.77e-33	140
CDF89906.1	CM003569.1	24.275	552	1498	153	687	894580	896115	6.00e-26	115
CDF89906.1	CM003560.1	68.568	1508	1498	5	1488	253677	249199	0.0	2195
CDF89906.1	CM003560.1	40.903	1396	1498	110	1494	1045275	1041199	0.0	1086
CDF89906.1	CM003570.1	38.865	1392	1498	105	1484	443187	439105	0.0	1017
CDF89906.1	CM003568.1	38.476	1037	1498	471	1496	20301	17257	0.0	747
CDF89906.1	CM003568.1	42.486	346	1498	134	476	21292	20285	0.0	276
CDF89906.1	CM003568.1	24.885	651	1498	156	766	19128	17347	4.27e-29	126
CDF89906.1	CM003554.1	31.420	1394	1498	168	1486	109843	113811	0.0	639
CDF89907.1	CM003560.1	69.444	1440	1460	24	1459	253500	249181	0.0	2153
CDF89907.1	CM003560.1	39.519	1455	1460	5	1449	1045470	1041226	0.0	1058
CDF89907.1	CM003569.1	70.069	1440	1460	24	1459	465106	460802	0.0	2149
CDF89907.1	CM003569.1	65.058	1471	1460	24	1450	153128	148719	0.0	2019
CDF89907.1	CM003569.1	31.044	1398	1460	127	1456	736168	732200	0.0	626
CDF89907.1	CM003569.1	25.365	548	1460	804	1322	894511	896061	2.28e-34	143
CDF89907.1	CM003569.1	26.766	538	1460	846	1332	892630	894129	2.29e-33	140
CDF89907.1	CM003569.1	25.487	565	1460	121	658	892612	894183	1.36e-30	130
CDF89907.1	CM003569.1	25.434	346	1460	112	449	894574	895542	4.30e-22	103
CDF89907.1	CM003570.1	38.054	1398	1460	66	1449	443187	439105	0.0	972
CDF89907.1	CM003568.1	38.851	1027	1460	432	1449	20301	17305	0.0	743
CDF89907.1	CM003568.1	43.391	348	1460	92	436	21301	20276	0.0	281
CDF89907.1	CM003568.1	24.000	650	1460	51	666	19260	17569	1.91e-26	117
CDF89907.1	CM003554.1	30.106	1415	1460	111	1451	109792	113811	0.0	620
CDF89908.1	CM003569.1	27.376	263	236	1	235	466887	467648	4.06e-21	90.5
CDF89909.1	CM003560.1	54.936	233	254	20	251	255238	254549	6.69e-84	271
CDF89910.1	CM003569.1	94.836	1220	1223	4	1223	468516	472175	0.0	2445
CDF89910.1	CM003569.1	37.126	1204	1223	25	1215	351459	354764	0.0	756
CDF89910.1	CM003570.1	27.976	1151	1223	78	1166	574055	570987	1.30e-106	370
CDF89911.1	CM003569.1	80.556	144	155	1	144	473177	472746	6.68e-78	249
CDF89912.1	CM003560.1	94.152	171	171	1	171	255798	256310	1.48e-107	335
CDF89912.1	CM003565.1	38.158	76	171	46	121	491545	491763	4.13e-12	62.0
CDF89913.1	CM003560.1	64.343	502	527	22	522	258285	256780	0.0	714
CDF89914.1	CM003560.1	68.710	473	491	16	488	259314	260723	0.0	702
CDF89915.1	CM003560.1	60.417	336	336	2	335	261897	260893	3.33e-128	402
CDF89916.1	CM003560.1	80.282	213	214	2	214	262898	262260	1.05e-107	338
CDF89916.1	CM003564.1	54.502	211	214	5	210	64655	64044	5.17e-60	201
CDF89917.1	CM003560.1	48.239	568	603	18	541	265510	263828	8.97e-155	491
CDF89918.1	CM003560.1	82.400	125	155	13	137	266202	266576	9.12e-56	186
CDF89919.1	CM003560.1	62.553	948	945	1	945	269648	266817	0.0	1242
CDF89919.1	CM003564.1	26.548	953	945	3	874	68135	65319	4.23e-78	278
CDF89919.1	CM003562.1	21.687	415	945	1	392	1001904	1000750	6.35e-12	68.6
CDF89920.1	CM003569.1	41.569	510	500	8	485	473824	475326	8.62e-112	363
CDF89921.1	CM003560.1	91.142	429	427	1	427	271291	270008	0.0	785
CDF89921.1	CM003560.1	47.802	364	427	48	409	1073387	1072299	4.68e-107	346
CDF89921.1	CM003560.1	45.679	243	427	167	408	1278437	1279141	2.80e-54	193
CDF89921.1	CM003560.1	43.966	232	427	164	395	1279247	1279939	3.39e-49	178
CDF89921.1	CM003560.1	31.677	161	427	180	337	307135	307584	2.60e-14	73.9
CDF89921.1	LIOO01000001.1	47.802	364	427	48	409	12624	11536	4.48e-107	346
CDF89921.1	CM003569.1	43.353	346	427	72	415	271340	272374	7.71e-85	282
CDF89921.1	CM003569.1	36.761	389	427	49	411	540090	538927	2.16e-78	263
CDF89921.1	CM003562.1	42.818	362	427	50	409	637616	638650	1.96e-84	281
CDF89921.1	CM003562.1	39.184	245	427	167	405	55353	54631	1.08e-43	162
CDF89921.1	CM003562.1	35.656	244	427	158	395	512525	511815	7.97e-32	127
CDF89921.1	CM003565.1	49.645	282	427	130	409	493183	492347	8.62e-81	270
CDF89921.1	CM003565.1	34.818	247	427	163	396	596372	597088	5.19e-36	140
CDF89922.1	CM003560.1	62.457	293	504	77	369	272876	271998	2.03e-114	370
CDF89923.1	CM003569.1	42.708	96	200	109	196	476222	476491	2.45e-12	63.5
CDF89924.1	CM003569.1	38.605	645	589	4	589	478512	476695	3.97e-116	379
CDF89924.1	CM003563.1	26.182	550	589	74	589	48669	47152	4.92e-54	197
CDF89925.1	CM003569.1	77.372	274	269	1	269	478994	479815	5.28e-130	404
CDF89926.1	CM003569.1	32.165	799	734	1	734	480072	482414	7.78e-100	337
CDF89927.1	CM003560.1	77.679	336	328	1	328	274273	273266	4.00e-167	514
CDF89928.1	CM003569.1	53.292	319	312	1	312	482822	483778	1.27e-112	357
CDF89929.1	CM003569.1	79.939	329	325	1	325	492156	491170	8.96e-175	536
CDF89930.1	CM003569.1	57.175	899	884	1	884	492627	495269	0.0	985
CDF89931.1	CM003569.1	54.730	148	724	57	173	498061	497618	2.02e-44	171
CDF89931.1	CM003562.1	38.168	131	724	59	185	95898	95518	1.72e-16	82.8
CDF89931.1	CM003562.1	40.310	129	724	63	188	676502	676152	2.13e-14	76.3
CDF89931.1	CM003563.1	37.903	124	724	50	172	24588	24253	2.54e-16	82.4
CDF89932.1	CM003569.1	38.254	630	550	6	544	498916	500793	2.74e-115	375
CDF89933.1	CM003569.1	34.876	605	498	4	480	501571	503385	2.43e-106	347
CDF89933.1	CM003566.1	28.395	324	498	215	478	835956	834997	5.42e-21	95.9
CDF89934.1	CM003569.1	78.049	369	368	1	368	504966	503860	0.0	604
CDF89934.1	CM003568.1	40.872	367	368	8	368	227729	228805	2.35e-82	272
CDF89934.1	CM003553.1	34.343	396	368	1	368	127323	128435	1.58e-49	177
CDF89934.1	LIOO01000006.1	30.194	361	368	37	368	23136	24197	1.05e-26	110
CDF89934.1	CM003559.1	29.076	368	368	37	368	225210	224125	6.04e-26	108
CDF89935.1	CM003560.1	65.203	592	625	1	583	276125	277894	0.0	780
CDF89935.1	CM003565.1	27.754	472	625	8	392	627735	626338	2.53e-36	145
CDF89935.1	CM003570.1	36.458	192	625	23	201	674352	674918	1.40e-30	127
CDF89937.1	CM003560.1	63.710	496	482	1	482	282786	281341	0.0	597
CDF89937.1	CM003563.1	45.070	71	482	409	479	401826	402017	1.33e-13	72.4
CDF89937.1	CM003561.1	42.029	69	482	411	479	67522	67713	4.83e-12	67.4
CDF89937.1	CM003559.1	26.122	245	482	1	241	184985	185662	8.32e-12	66.6
CDF89938.1	CM003560.1	58.333	552	534	14	534	283160	284815	0.0	659
CDF89938.1	CM003560.1	31.288	489	534	56	526	87638	89017	1.04e-72	251
CDF89938.1	CM003560.1	28.337	487	534	58	520	1404423	1403071	2.13e-40	155
CDF89938.1	CM003560.1	29.051	506	534	41	521	1302806	1301385	1.20e-39	153
CDF89938.1	CM003560.1	26.253	499	534	59	524	371343	372716	4.51e-31	127
CDF89938.1	CM003560.1	24.291	494	534	62	523	24187	22823	2.01e-30	125
CDF89938.1	CM003560.1	26.052	499	534	59	524	365951	367324	6.72e-30	124
CDF89938.1	CM003560.1	24.071	565	534	6	524	362401	363975	3.59e-28	118
CDF89938.1	CM003560.1	24.219	512	534	41	525	1509095	1510495	2.75e-27	115
CDF89938.1	CM003560.1	24.444	405	534	62	448	1413360	1414451	8.83e-13	70.1
CDF89938.1	CM003569.1	30.675	489	534	56	526	961659	960280	6.16e-71	246
CDF89938.1	CM003566.1	25.219	571	534	4	524	269929	271524	1.16e-37	147
CDF89938.1	CM003558.1	28.074	431	534	87	512	683358	682165	1.34e-33	135
CDF89938.1	CM003568.1	25.502	498	534	57	521	740693	742105	2.15e-30	125
CDF89938.1	CM003568.1	24.219	512	534	41	525	13901	12501	8.22e-29	120
CDF89939.1	CM003560.1	55.781	640	622	1	622	286888	284993	0.0	689
CDF89940.1	CM003569.1	91.330	842	842	1	842	510118	507593	0.0	1622
CDF89940.1	CM003560.1	91.330	842	842	1	842	289742	287217	0.0	1622
CDF89940.1	CM003565.1	26.711	906	842	4	828	545260	542684	8.18e-88	305
CDF89940.1	CM003568.1	38.765	405	842	19	386	450334	451521	4.86e-72	258
CDF89940.1	CM003568.1	30.019	513	842	356	809	451918	453447	2.31e-62	228
CDF89940.1	CM003566.1	33.889	180	842	8	185	697384	697890	3.94e-24	108
CDF89940.1	CM003566.1	24.331	411	842	397	802	252443	251397	1.79e-21	99.8
CDF89940.1	CM003566.1	37.419	155	842	13	162	253427	252999	5.06e-19	91.7
CDF89941.1	CM003569.1	52.686	484	521	37	520	511731	510391	1.38e-170	533
CDF89942.1	CM003564.1	45.053	657	654	3	629	468826	470772	3.94e-168	532
CDF89944.1	CM003560.1	55.849	265	276	12	274	290985	291761	2.83e-80	262
CDF89944.1	CM003568.1	32.624	282	276	1	274	152862	153692	1.13e-43	157
CDF89944.1	CM003559.1	35.897	234	276	42	275	183553	184239	6.22e-38	140
CDF89945.1	CM003560.1	27.778	198	174	3	166	292307	292900	6.93e-17	75.9
CDF89946.1	CM003560.1	67.273	110	109	1	109	293479	293150	5.44e-29	107
CDF89946.1	CM003569.1	53.125	96	109	14	109	831592	831314	2.75e-12	60.1
CDF89947.1	CM003569.1	64.164	293	293	8	293	514407	515285	4.90e-123	385
CDF89947.1	CM003569.1	29.333	300	293	11	288	570963	571847	3.83e-29	115
CDF89947.1	CM003569.1	23.129	294	293	20	287	326436	325594	7.86e-16	76.6
CDF89947.1	CM003570.1	29.825	285	293	15	288	594892	594044	2.14e-32	125
CDF89947.1	CM003570.1	29.153	295	293	8	288	666920	667780	6.23e-28	112
CDF89947.1	CM003570.1	28.713	303	293	26	290	577072	576200	6.07e-21	91.7
CDF89947.1	CM003570.1	23.288	292	293	20	287	293291	292443	1.41e-13	69.7
CDF89947.1	CM003564.1	27.815	302	293	11	288	128134	127247	2.08e-22	95.9
CDF89947.1	CM003564.1	27.684	177	293	117	292	558611	558093	4.43e-16	77.4
CDF89947.1	CM003558.1	27.619	315	293	9	293	429706	430611	1.41e-20	90.5
CDF89947.1	CM003558.1	25.000	300	293	8	293	764113	763223	7.10e-16	76.6
CDF89947.1	CM003558.1	23.649	296	293	17	290	155780	154917	4.14e-12	65.5
CDF89947.1	CM003553.1	25.667	300	293	22	290	217557	216670	3.21e-20	89.7
CDF89948.1	CM003555.1	26.207	290	305	9	274	144696	145541	9.69e-25	103
CDF89948.1	CM003570.1	26.168	321	305	11	303	822235	823191	2.28e-24	102
CDF89948.1	CM003570.1	27.778	198	305	87	276	594913	594365	3.60e-12	65.9
CDF89948.1	CM003570.1	25.483	259	305	9	250	594883	594146	1.49e-11	63.9
CDF89948.1	CM003554.1	27.636	275	305	14	274	97864	97046	1.15e-23	100
CDF89948.1	CM003553.1	26.578	301	305	15	282	217551	216670	4.55e-17	80.5
CDF89948.1	CM003558.1	23.673	245	305	58	276	587976	588710	9.44e-13	67.4
CDF89949.1	CM003560.1	43.564	101	106	10	103	294338	294640	5.27e-22	87.8
CDF89950.1	CM003560.1	68.182	132	221	94	220	295349	294966	8.37e-52	178
CDF89950.1	CM003560.1	58.586	99	221	1	90	296409	296125	1.43e-20	88.2
CDF89951.1	CM003565.1	66.816	223	223	1	223	294273	293605	1.19e-95	304
CDF89952.1	CM003563.1	89.688	320	320	1	320	451305	452264	0.0	590
CDF89952.1	CM003555.1	64.596	322	320	1	320	359283	358330	4.84e-138	430
CDF89952.1	CM003558.1	63.863	321	320	1	320	84269	85222	4.33e-136	424
CDF89952.1	CM003565.1	48.744	199	320	7	204	560818	560225	5.08e-61	209
CDF89952.1	CM003565.1	45.536	112	320	207	315	559903	559568	2.15e-20	90.9
CDF89952.1	CM003569.1	50.000	116	320	204	317	872628	872281	6.34e-33	127
CDF89952.1	CM003569.1	61.628	86	320	114	198	873090	872833	8.72e-29	115
CDF89952.1	CM003569.1	41.000	100	320	1	100	873762	873466	1.82e-16	79.0
CDF89953.1	CM003563.1	58.304	566	560	2	541	449204	450889	0.0	681
CDF89954.1	CM003565.1	44.986	1047	1034	1	1025	293361	290251	0.0	918
CDF89955.1	CM003563.1	49.438	534	580	2	489	444962	446560	8.40e-156	493
CDF89956.1	CM003567.1	64.096	1089	1279	1	1086	390879	387631	0.0	1436
CDF89956.1	CM003567.1	54.610	141	1279	1090	1228	387622	387212	1.10e-36	150
CDF89957.1	CM003567.1	41.617	668	714	105	712	384950	386860	1.36e-150	484
CDF89958.1	CM003567.1	55.833	120	145	1	120	384324	383965	8.08e-39	137
CDF89960.1	CM003567.1	40.000	195	192	19	192	383700	383119	7.13e-40	142
CDF89960.1	CM003567.1	46.053	76	192	112	182	161426	161202	2.28e-12	63.5
CDF89963.1	CM003567.1	60.000	165	164	1	164	382106	381612	2.15e-67	220
CDF89964.1	CM003553.1	75.333	300	322	23	321	280318	281211	1.46e-151	469
CDF89965.1	CM003567.1	38.308	201	309	139	297	380901	381455	9.14e-37	138
CDF89966.1	CM003567.1	35.366	164	261	69	217	378842	379321	3.03e-25	103
CDF89967.1	CM003563.1	57.101	338	341	35	335	426487	427500	9.21e-123	387
CDF89967.1	CM003566.1	37.433	187	341	142	326	166605	167138	3.26e-31	123
CDF89967.1	CM003566.1	35.176	199	341	132	326	115362	114793	2.61e-28	114
CDF89967.1	CM003570.1	32.948	173	341	156	326	430305	430751	1.90e-19	88.6
CDF89969.1	CM003565.1	75.510	637	642	6	641	283859	285763	0.0	1023
CDF89971.1	CM003565.1	69.043	491	447	1	447	282730	281306	0.0	622
CDF89972.1	CM003565.1	63.063	444	435	3	435	280931	279600	0.0	568
CDF89972.1	CM003563.1	56.552	435	435	1	432	427947	429233	5.44e-162	504
CDF89973.1	CM003563.1	75.882	340	362	23	362	430398	429382	9.98e-178	546
CDF89973.1	CM003570.1	29.080	337	362	25	354	577129	576206	1.48e-40	151
CDF89973.1	CM003570.1	22.713	317	362	45	354	666974	667780	9.81e-15	74.3
CDF89973.1	CM003570.1	25.681	257	362	30	273	594619	593921	3.73e-12	66.6
CDF89973.1	CM003568.1	25.071	351	362	42	362	308280	307342	1.03e-24	104
CDF89973.1	CM003569.1	25.387	323	362	42	356	514461	515276	7.13e-20	90.1
CDF89973.1	CM003569.1	22.321	336	362	29	354	570978	571847	1.80e-13	70.5
CDF89973.1	CM003567.1	26.441	295	362	42	325	359068	358310	1.78e-19	89.0
CDF89974.1	CM003558.1	77.551	294	296	2	295	764101	763220	4.38e-158	486
CDF89974.1	CM003558.1	23.203	306	296	10	295	429739	430614	5.71e-11	62.0
CDF89974.1	CM003564.1	31.290	310	296	1	291	128140	127241	5.62e-37	138
CDF89974.1	CM003564.1	26.415	212	296	11	209	127807	127178	6.18e-13	67.8
CDF89974.1	CM003561.1	30.864	324	296	2	295	28067	27159	9.27e-34	129
CDF89974.1	CM003570.1	26.621	293	296	7	289	594886	594044	1.90e-24	102
CDF89974.1	CM003570.1	25.733	307	296	13	295	293282	292422	3.49e-21	92.4
CDF89974.1	CM003570.1	24.497	298	296	12	291	577084	576200	4.02e-13	68.6
CDF89974.1	CM003570.1	24.503	302	296	10	285	822235	823110	7.63e-13	67.4
CDF89974.1	CM003569.1	26.198	313	296	1	295	326472	325573	1.50e-22	96.7
CDF89974.1	CM003569.1	25.623	281	296	14	289	514461	515270	3.06e-11	62.8
CDF89975.1	CM003558.1	62.449	245	308	63	307	762351	763085	6.28e-109	346
CDF89976.1	CM003558.1	66.601	509	869	322	821	760054	761580	0.0	684
CDF89977.1	CM003558.1	42.191	493	468	1	466	759001	757556	7.21e-124	396
CDF89978.1	CM003565.1	67.137	922	921	1	921	211278	213977	0.0	1217
CDF89978.1	CM003568.1	27.027	259	921	7	245	520701	519958	2.24e-11	66.6
CDF89979.1	CM003563.1	47.436	78	104	27	104	431379	431146	1.14e-20	84.0
CDF89980.1	CM003569.1	47.701	348	407	44	391	573197	572184	8.54e-117	373
CDF89980.1	CM003560.1	48.580	317	407	70	386	111324	110377	3.76e-109	351
CDF89980.1	CM003558.1	43.478	345	407	38	378	613729	614763	1.34e-99	323
CDF89980.1	CM003558.1	40.129	309	407	70	368	599258	600184	5.71e-75	253
CDF89980.1	CM003564.1	42.763	304	407	71	360	566607	567515	5.51e-80	267
CDF89980.1	CM003565.1	40.867	323	407	71	378	111084	110116	1.67e-76	257
CDF89981.1	CM003565.1	51.360	625	553	1	553	216131	214257	0.0	597
CDF89981.1	CM003562.1	41.772	79	553	206	284	86040	85804	7.14e-12	67.0
CDF89982.1	CM003565.1	36.066	183	156	1	156	216892	216347	1.30e-25	100
CDF89983.1	CM003565.1	45.643	241	253	24	251	217181	217894	8.69e-57	194
CDF89985.1	CM003565.1	43.103	290	364	79	359	220631	221494	2.64e-66	226
CDF89986.1	CM003563.1	72.854	431	443	1	430	433210	431918	0.0	656
CDF89986.1	CM003565.1	72.468	385	443	46	430	222809	221655	0.0	606
CDF89986.1	CM003569.1	27.507	349	443	63	378	302747	301728	2.04e-28	117
CDF89986.1	CM003570.1	27.824	363	443	63	384	273460	272408	3.11e-28	117
CDF89986.1	CM003560.1	26.158	367	443	61	391	1097793	1098863	5.95e-21	95.1
CDF89987.1	CM003565.1	72.709	491	565	78	565	224869	223400	0.0	731
CDF89987.1	CM003565.1	84.270	89	565	1	89	225090	224824	1.18e-41	160
CDF89988.1	CM003565.1	88.402	707	701	1	701	225600	227711	0.0	1264
CDF89988.1	CM003566.1	47.786	542	701	3	536	133351	134958	3.91e-162	516
CDF89988.1	CM003566.1	38.947	95	701	607	701	135322	135606	3.10e-13	72.4
CDF89988.1	CM003569.1	37.692	260	701	23	282	343840	344502	5.67e-42	164
CDF89989.1	CM003565.1	88.889	198	201	1	198	228937	229530	2.08e-122	379
CDF89990.1	CM003565.1	79.147	211	232	21	231	230416	229784	2.12e-99	315
CDF89991.1	CM003565.1	70.312	128	129	1	128	230830	231213	1.30e-55	184
CDF89992.1	CM003565.1	75.765	392	414	4	394	232729	231554	0.0	603
CDF89992.1	CM003560.1	40.650	123	414	145	264	900791	901159	4.69e-21	94.7
CDF89993.1	CM003565.1	35.678	597	492	1	491	233444	235222	1.54e-101	333
CDF89994.1	CM003565.1	72.043	93	138	46	138	235879	235601	3.55e-41	144
CDF89994.1	CM003565.1	72.727	44	138	1	44	236411	236280	3.76e-15	69.7
CDF89994.1	CM003563.1	72.093	86	138	44	129	434461	434204	4.69e-39	137
CDF89994.1	CM003563.1	72.727	44	138	1	44	434988	434857	3.76e-15	69.7
CDF89995.1	CM003565.1	61.176	85	97	13	97	237850	238104	3.54e-32	116
CDF89996.1	CM003565.1	57.519	266	268	2	264	238997	238200	1.12e-97	312
CDF89998.1	CM003563.1	73.415	410	419	10	418	437403	438611	0.0	622
CDF89998.1	CM003565.1	70.466	386	419	5	390	239762	240919	0.0	588
CDF89999.1	CM003563.1	60.270	370	395	23	389	439984	438884	2.24e-144	452
CDF90000.1	CM003563.1	30.323	155	154	2	153	440492	440920	2.67e-11	59.3
CDF90001.1	CM003565.1	78.814	236	236	1	236	242061	241354	2.08e-128	398
CDF90002.1	CM003565.1	46.097	1499	1446	1	1446	242452	246876	0.0	1301
CDF90002.1	CM003560.1	25.606	289	1446	1168	1446	154059	153250	3.53e-20	96.7
CDF90002.1	CM003562.1	24.561	456	1446	1018	1440	805514	804321	2.43e-19	94.0
CDF90002.1	CM003564.1	22.864	398	1446	1070	1441	235249	236349	1.67e-14	77.8
CDF90002.1	CM003555.1	23.611	288	1446	1168	1441	412027	412818	3.14e-14	77.0
CDF90003.1	CM003563.1	50.604	994	988	47	982	441454	444135	0.0	780
CDF90003.1	CM003563.1	41.445	263	988	679	938	221026	220241	1.21e-52	201
CDF90003.1	CM003563.1	31.852	270	988	690	944	26942	26154	5.04e-23	105
CDF90003.1	CM003563.1	27.586	203	988	737	926	266507	267094	1.14e-17	87.4
CDF90003.1	CM003563.1	24.688	320	988	664	939	368581	369522	3.28e-15	79.7
CDF90003.1	CM003568.1	36.682	657	988	362	938	711350	709425	6.63e-112	380
CDF90003.1	CM003568.1	31.973	294	988	693	943	105101	105976	2.76e-33	138
CDF90003.1	CM003568.1	30.000	250	988	660	881	76805	76068	1.62e-23	106
CDF90003.1	CM003568.1	27.857	280	988	693	907	446669	445833	7.43e-20	94.7
CDF90003.1	CM003568.1	29.843	191	988	701	881	486202	486771	6.70e-18	88.2
CDF90003.1	CM003568.1	27.239	268	988	696	933	218257	217469	1.70e-14	77.0
CDF90003.1	CM003568.1	28.700	223	988	692	894	723370	724011	1.55e-11	67.4
CDF90003.1	CM003569.1	42.857	357	988	611	939	974918	973860	1.88e-86	305
CDF90003.1	CM003569.1	31.449	283	988	690	953	311537	310698	4.27e-31	131
CDF90003.1	CM003569.1	28.223	287	988	693	965	789965	790822	4.45e-26	115
CDF90003.1	CM003569.1	28.293	205	988	693	881	956217	955603	3.86e-21	99.0
CDF90003.1	CM003569.1	29.457	258	988	687	926	308826	308059	1.07e-20	97.4
CDF90003.1	CM003569.1	29.703	202	988	693	881	260612	261214	1.41e-17	87.4
CDF90003.1	CM003569.1	27.064	218	988	741	931	95261	95914	1.44e-15	80.9
CDF90003.1	CM003569.1	27.341	267	988	690	938	839903	839136	5.27e-15	79.0
CDF90003.1	CM003569.1	30.317	221	988	684	881	1000729	1001367	7.50e-13	71.6
CDF90003.1	CM003560.1	38.676	287	988	683	963	45434	46279	5.73e-46	179
CDF90003.1	CM003560.1	32.852	277	988	688	938	1343370	1342546	2.65e-29	125
CDF90003.1	CM003560.1	32.381	210	988	732	938	66888	67514	1.47e-28	123
CDF90003.1	CM003560.1	29.044	272	988	693	933	802428	801625	5.41e-26	114
CDF90003.1	CM003560.1	29.779	272	988	678	943	120333	119533	1.55e-25	113
CDF90003.1	CM003560.1	28.289	304	988	687	954	1235215	1236105	4.06e-25	112
CDF90003.1	CM003560.1	25.000	284	988	692	941	137671	136829	4.00e-21	99.0
CDF90003.1	CM003560.1	26.136	264	988	629	881	1446648	1447430	1.23e-20	97.4
CDF90003.1	CM003560.1	28.502	207	988	692	881	1110299	1110910	4.00e-18	89.0
CDF90003.1	CM003560.1	22.260	292	988	685	948	98916	99764	5.57e-18	88.6
CDF90003.1	CM003560.1	29.596	223	988	692	899	1248652	1248014	6.07e-17	85.1
CDF90003.1	CM003560.1	25.237	317	988	687	972	1114614	1115549	8.81e-16	81.3
CDF90003.1	CM003560.1	29.412	153	988	740	875	493341	493799	7.44e-15	78.2
CDF90003.1	CM003560.1	27.650	217	988	736	933	553644	553000	5.14e-14	75.5
CDF90003.1	CM003560.1	28.125	224	988	693	899	1202521	1203165	6.42e-11	65.5
CDF90003.1	CM003564.1	35.249	261	988	693	937	474740	473964	4.80e-40	160
CDF90003.1	CM003564.1	31.250	288	988	690	960	540321	541175	3.06e-30	128
CDF90003.1	CM003564.1	29.237	236	988	690	915	614369	615040	7.21e-25	111
CDF90003.1	CM003564.1	28.431	204	988	687	874	647333	647941	7.23e-18	88.2
CDF90003.1	CM003564.1	25.445	393	988	556	931	569687	570799	6.49e-13	72.0
CDF90003.1	CM003564.1	29.252	147	988	756	883	191070	190657	7.06e-12	68.6
CDF90004.1	CM003565.1	47.340	564	579	1	522	394825	393224	4.51e-129	416
CDF90005.1	CM003565.1	30.000	460	424	2	424	396321	395014	1.78e-49	179
CDF90006.1	CM003563.1	41.848	184	237	58	230	448288	448839	9.72e-40	144
CDF90007.1	CM003565.1	48.029	279	271	1	270	405942	405124	5.23e-67	224
CDF90008.1	CM003563.1	31.120	241	354	1	190	478109	477414	1.07e-17	83.6
CDF90009.1	CM003566.1	65.695	1029	1009	1	1009	65371	62321	0.0	1405
CDF90009.1	CM003564.1	34.770	348	1009	42	366	408356	407361	1.22e-42	169
CDF90010.1	CM003566.1	69.392	526	595	69	594	70155	71729	0.0	710
CDF90010.1	CM003569.1	30.798	526	595	102	595	248536	250056	1.62e-72	252
CDF90010.1	CM003570.1	30.386	622	595	1	594	780583	782415	3.41e-72	251
CDF90010.1	CM003562.1	34.649	456	595	142	594	306691	308046	3.68e-69	242
CDF90010.1	CM003563.1	31.013	474	595	131	594	334167	332767	1.23e-65	232
CDF90011.1	CM003566.1	61.006	159	246	92	246	72848	73324	7.83e-60	202
CDF90013.1	CM003566.1	85.620	911	911	1	911	73795	76518	0.0	1604
CDF90013.1	CM003560.1	47.159	704	911	167	860	536040	538115	0.0	630
CDF90014.1	CM003563.1	46.734	689	812	161	812	475990	474122	3.11e-140	457
CDF90015.1	CM003563.1	53.426	788	924	247	924	471438	473783	0.0	786
CDF90015.1	CM003563.1	34.320	169	924	1	147	470346	470843	7.06e-17	84.7
CDF90016.1	CM003557.1	92.212	642	642	1	642	128461	126536	0.0	1140
CDF90016.1	CM003566.1	90.343	642	642	1	642	82858	80942	0.0	1140
CDF90016.1	CM003566.1	47.538	589	642	3	574	847203	848900	2.39e-163	518
CDF90016.1	CM003558.1	79.507	649	642	1	642	78283	76337	0.0	1046
CDF90016.1	CM003558.1	29.348	644	642	1	601	555994	554081	1.36e-68	242
CDF90016.1	CM003555.1	80.650	646	642	1	642	364806	366731	0.0	1043
CDF90016.1	CM003555.1	47.890	616	642	5	612	94977	96794	5.67e-175	551
CDF90016.1	CM003564.1	63.622	613	642	5	615	344255	342423	0.0	795
CDF90016.1	CM003564.1	50.409	611	642	5	607	215576	217378	0.0	575
CDF90017.1	CM003566.1	46.388	263	272	5	256	84193	83405	1.49e-75	248
CDF90018.1	CM003566.1	26.857	350	386	46	378	85402	84425	3.34e-18	85.5
CDF90019.1	CM003566.1	56.473	533	520	1	520	745989	744430	0.0	563
CDF90019.1	CM003563.1	32.464	422	520	98	499	209650	210825	1.62e-61	218
CDF90019.1	CM003564.1	36.306	314	520	108	413	161340	162191	1.03e-54	197
CDF90019.1	CM003559.1	36.137	321	520	96	415	198209	199084	1.91e-53	194
CDF90019.1	CM003562.1	30.788	419	520	97	498	458647	457544	2.53e-51	187
CDF90020.1	CM003560.1	28.833	1037	1194	177	1173	515428	512579	7.18e-101	353
CDF90020.1	CM003558.1	27.641	691	1194	490	1172	774174	776036	1.73e-67	249
CDF90020.1	CM003562.1	29.189	185	1194	977	1134	862597	863136	1.17e-12	71.6
CDF90021.1	CM003566.1	37.575	668	1758	2	621	86321	88201	2.63e-103	369
CDF90021.1	CM003566.1	75.309	162	1758	1596	1757	90311	90796	8.84e-71	263
CDF90021.1	CM003566.1	31.200	125	1758	412	526	743741	743367	9.09e-13	72.4
CDF90022.1	CM003566.1	50.901	222	247	20	241	741403	742053	3.31e-72	238
CDF90023.1	CM003566.1	29.924	264	381	1	213	740688	739924	1.58e-24	104
CDF90025.1	CM003566.1	55.041	734	688	18	686	93230	91155	0.0	795
CDF90025.1	CM003566.1	24.324	259	688	266	519	351391	352014	4.27e-17	84.7
CDF90025.1	CM003566.1	25.954	262	688	266	496	616620	617363	9.66e-12	67.4
CDF90025.1	CM003564.1	28.267	329	688	227	550	569945	570805	1.37e-36	147
CDF90025.1	CM003564.1	26.887	212	688	314	520	503802	503227	1.88e-13	72.8
CDF90025.1	CM003558.1	26.159	302	688	224	519	184220	184996	1.63e-16	82.8
CDF90025.1	CM003562.1	25.641	273	688	258	519	491045	490341	2.52e-14	75.9
CDF90025.1	CM003567.1	26.887	212	688	245	446	672394	671798	1.32e-13	73.6
CDF90025.1	CM003567.1	36.905	84	688	441	518	671188	670937	1.35e-12	70.1
CDF90026.1	CM003566.1	71.264	87	89	1	87	94425	94165	1.82e-40	139
CDF90027.1	CM003566.1	81.101	545	554	14	554	96993	95359	0.0	935
CDF90027.1	CM003563.1	27.323	538	554	26	554	395513	397006	5.54e-40	155
CDF90027.1	CM003559.1	26.211	351	554	234	547	154725	155750	4.38e-25	109
CDF90027.1	CM003560.1	22.998	487	554	106	546	991738	990386	6.14e-14	73.9
CDF90028.1	CM003570.1	83.237	346	357	15	356	703608	704645	0.0	603
CDF90029.1	CM003566.1	45.117	1372	1609	300	1608	738058	734096	0.0	1078
CDF90029.1	CM003566.1	37.050	888	1609	733	1564	98739	101279	4.04e-160	541
CDF90029.1	CM003566.1	50.633	79	1609	53	125	738691	738455	3.28e-16	84.0
CDF90029.1	CM003557.1	29.139	151	1609	1373	1522	89159	88713	1.58e-12	71.6
CDF90030.1	CM003566.1	41.939	949	910	1	910	733633	730901	1.16e-165	535
CDF90031.1	CM003566.1	65.809	272	300	29	300	729925	730731	1.85e-129	404
CDF90031.1	CM003566.1	58.333	300	300	1	300	727502	728383	3.19e-121	381
CDF90032.1	CM003566.1	54.595	185	185	2	184	726153	726707	1.28e-63	210
CDF90032.1	CM003560.1	42.105	95	185	65	159	861331	861047	1.75e-20	86.7
CDF90032.1	CM003560.1	34.000	100	185	65	164	955877	956176	4.73e-18	79.7
CDF90032.1	CM003560.1	29.814	161	185	30	179	681233	680778	2.68e-15	71.6
CDF90032.1	CM003560.1	29.703	101	185	64	152	963255	963557	2.06e-11	60.5
CDF90032.1	CM003562.1	29.730	148	185	25	170	651785	651357	4.42e-19	82.8
CDF90032.1	CM003558.1	34.000	100	185	65	164	386944	386645	8.73e-19	82.0
CDF90032.1	CM003569.1	35.556	90	185	65	154	126490	126759	7.16e-16	73.6
CDF90033.1	CM003566.1	57.585	1905	1891	1	1891	725727	720028	0.0	2226
CDF90033.1	CM003566.1	28.316	392	1891	1508	1886	600907	602004	2.61e-34	144
CDF90033.1	CM003568.1	37.124	299	1891	1619	1889	637172	636279	4.18e-49	192
CDF90035.1	CM003566.1	86.504	778	779	1	778	719412	717079	0.0	1418
CDF90035.1	CM003564.1	53.867	750	779	41	772	666563	668806	0.0	814
CDF90035.1	CM003562.1	26.936	594	779	159	706	570450	572126	1.44e-33	138
CDF90035.1	CM003560.1	25.734	443	779	56	476	578807	577560	3.07e-30	127
CDF90036.1	CM003566.1	60.090	1556	1549	10	1544	101907	106553	0.0	1897
CDF90036.1	CM003566.1	31.852	1328	1549	306	1545	30091	26276	0.0	639
CDF90036.1	CM003566.1	26.270	571	1549	978	1528	515766	517385	2.19e-31	133
CDF90036.1	CM003566.1	31.405	242	1549	653	883	516771	517484	9.63e-17	85.5
CDF90036.1	CM003560.1	41.944	1564	1549	28	1549	770031	774491	0.0	1125
CDF90036.1	CM003563.1	33.361	1220	1549	371	1544	501449	504919	0.0	632
CDF90036.1	CM003562.1	29.853	1427	1549	208	1547	30777	26671	3.32e-174	581
CDF90036.1	CM003565.1	28.176	1228	1549	213	1386	15622	12215	1.39e-144	406
CDF90036.1	CM003565.1	40.123	162	1549	1387	1542	12215	11730	1.39e-144	127
CDF90036.1	CM003565.1	33.040	227	1549	1308	1534	625066	625707	2.90e-23	107
CDF90036.1	CM003565.1	28.016	257	1549	1291	1534	622927	623655	5.13e-21	99.8
CDF90036.1	CM003565.1	31.169	231	1549	640	850	622972	623637	4.75e-17	86.7
CDF90036.1	CM003565.1	27.465	284	1549	601	853	624919	625701	6.80e-13	72.8
CDF90037.1	CM003566.1	81.124	445	445	1	445	714405	715736	0.0	716
CDF90037.1	CM003557.1	31.378	392	445	54	437	117974	119002	3.44e-42	158
CDF90037.1	CM003562.1	26.327	452	445	4	432	895310	896497	4.14e-26	110
CDF90037.1	CM003561.1	27.246	334	445	7	335	5898	5035	1.03e-22	100
CDF90037.1	CM003563.1	24.330	448	445	18	439	202009	203097	1.37e-14	75.1
CDF90038.1	CM003555.1	59.794	194	209	13	205	437737	437156	3.61e-78	253
CDF90039.1	CM003558.1	79.848	526	526	1	526	185946	187523	0.0	900
CDF90040.1	CM003558.1	79.261	352	348	1	347	184271	185326	0.0	593
CDF90040.1	CM003558.1	35.593	295	348	19	304	540114	540959	9.07e-50	177
CDF90040.1	CM003558.1	27.119	177	348	55	225	275347	274835	1.19e-15	77.0
CDF90040.1	CM003558.1	27.650	217	348	13	223	13466	12852	2.24e-15	76.3
CDF90040.1	CM003558.1	26.512	215	348	19	219	417018	417644	2.09e-11	63.9
CDF90040.1	CM003562.1	59.146	328	348	1	319	491075	490092	5.27e-128	402
CDF90040.1	CM003562.1	30.204	245	348	1	218	886344	887051	6.27e-20	90.1
CDF90040.1	CM003562.1	28.400	250	348	12	221	397754	397029	1.00e-15	77.4
CDF90040.1	CM003562.1	24.576	354	348	19	317	891163	890225	2.22e-13	70.1
CDF90040.1	CM003562.1	25.600	250	348	84	307	837761	837120	7.57e-12	65.5
CDF90040.1	CM003566.1	47.093	344	348	5	347	351349	352329	7.48e-98	316
CDF90040.1	CM003566.1	23.373	338	348	17	307	838690	839580	2.57e-17	82.0
CDF90040.1	CM003566.1	25.581	258	348	55	309	312795	313436	1.46e-15	76.6
CDF90040.1	CM003563.1	46.839	348	348	7	346	368614	369630	5.90e-95	308
CDF90040.1	CM003563.1	29.630	243	348	12	249	26954	26262	5.44e-22	96.3
CDF90040.1	CM003563.1	31.390	223	348	19	239	443209	443832	3.32e-20	90.9
CDF90040.1	CM003563.1	25.667	300	348	7	304	221020	220241	9.31e-20	89.4
CDF90040.1	CM003565.1	42.643	333	348	7	328	517259	518230	1.08e-76	255
CDF90040.1	CM003565.1	30.952	336	348	19	340	484369	483437	2.37e-40	150
CDF90040.1	CM003565.1	25.223	337	348	13	309	419059	418178	1.84e-20	91.7
CDF90040.1	CM003565.1	29.464	224	348	12	223	461473	460862	9.05e-17	80.5
CDF90040.1	CM003565.1	26.190	210	348	11	213	532681	533256	5.16e-14	72.0
CDF90041.1	CM003558.1	50.979	1583	1580	1	1551	183406	178697	0.0	1586
CDF90041.1	CM003568.1	48.521	1589	1580	1	1551	31721	36382	0.0	1469
CDF90041.1	CM003559.1	39.552	268	1580	575	804	15273	16076	8.75e-135	185
CDF90041.1	CM003559.1	36.145	249	1580	197	433	14080	14817	8.75e-135	141
CDF90041.1	CM003559.1	45.517	145	1580	441	575	14840	15274	8.75e-135	119
CDF90041.1	CM003559.1	27.957	186	1580	1	182	13523	14041	8.75e-135	76.3
CDF90041.1	CM003559.1	41.304	46	1580	831	876	16118	16252	8.75e-135	42.7
CDF90042.1	CM003558.1	57.426	101	102	1	101	178138	177836	1.14e-30	112
CDF90043.1	CM003558.1	57.308	520	500	1	500	176185	177744	0.0	615
CDF90044.1	CM003558.1	65.278	576	552	1	552	174234	175955	0.0	736
CDF90045.1	CM003558.1	79.286	140	177	22	161	173894	173481	9.57e-70	227
CDF90046.1	CM003558.1	67.156	1157	1110	1	1107	173108	169710	0.0	1528
CDF90047.1	CM003558.1	47.143	490	510	21	508	232904	234361	1.52e-151	478
CDF90047.1	CM003555.1	41.263	475	510	35	506	304422	305825	1.21e-107	351
CDF90047.1	CM003569.1	37.137	517	510	3	506	51272	49743	3.28e-93	310
CDF90047.1	CM003567.1	36.266	466	510	54	506	574200	572830	1.42e-87	293
CDF90047.1	CM003567.1	33.902	528	510	4	506	572176	570620	1.12e-85	288
CDF90047.1	CM003567.1	27.011	348	510	170	510	462785	461769	7.92e-23	101
CDF90047.1	CM003570.1	34.864	479	510	35	509	432450	433871	1.43e-84	285
CDF90049.1	CM003558.1	85.748	856	865	18	864	169308	166756	0.0	1452
CDF90049.1	CM003558.1	35.714	546	865	307	837	606406	607890	1.92e-84	295
CDF90049.1	CM003570.1	32.047	674	865	207	843	590478	592367	1.06e-91	317
CDF90049.1	CM003555.1	38.095	567	865	309	829	87686	89356	2.66e-89	310
CDF90049.1	CM003562.1	32.577	617	865	295	839	931181	932911	3.01e-89	310
CDF90049.1	CM003566.1	35.938	576	865	308	844	674252	675883	2.10e-88	307
CDF90050.1	CM003558.1	70.808	668	709	3	668	164379	166307	0.0	1016
CDF90050.1	CM003568.1	30.523	344	709	138	468	268968	268075	2.07e-29	124
CDF90051.1	CM003555.1	29.710	138	119	2	117	441669	441265	3.98e-14	65.9
CDF90052.1	CM003558.1	85.185	81	95	15	95	162627	162869	3.94e-43	147
CDF90053.1	CM003555.1	87.111	450	449	1	449	439487	440836	0.0	835
CDF90053.1	CM003569.1	26.750	400	449	11	383	60264	61421	4.03e-30	122
CDF90054.1	CM003560.1	62.264	530	515	7	512	951267	949678	0.0	708
CDF90055.1	CM003560.1	77.658	555	569	15	569	948944	947286	0.0	933
CDF90055.1	CM003560.1	29.487	390	569	168	530	582175	581066	1.26e-35	142
CDF90055.1	CM003567.1	26.645	304	569	164	466	832277	831372	1.38e-30	126
CDF90056.1	CM003560.1	65.986	147	149	1	147	946783	946343	3.12e-59	196
CDF90057.1	CM003560.1	91.034	145	151	7	151	945428	944994	3.81e-87	276
CDF90058.1	CM003560.1	39.189	370	363	1	361	944756	943668	8.29e-77	256
CDF90059.1	CM003555.1	62.719	228	229	1	228	444848	444174	4.03e-99	314
CDF90059.1	CM003560.1	35.912	181	229	7	183	909124	909600	7.80e-28	109
CDF90060.1	CM003555.1	51.538	520	544	51	544	445317	446837	4.12e-157	495
CDF90061.1	CM003555.1	65.254	472	478	6	476	447106	448506	0.0	586
CDF90062.1	CM003555.1	54.373	263	284	22	282	449547	448759	7.48e-84	273
CDF90063.1	CM003555.1	59.907	429	403	1	402	449923	451203	3.96e-163	506
CDF90064.1	CM003560.1	69.778	225	216	1	216	908134	908805	1.83e-97	308
CDF90064.1	CM003568.1	26.289	194	216	3	193	341265	341801	1.15e-11	62.0
CDF90065.1	CM003560.1	46.058	241	295	1	221	907886	907173	3.21e-60	205
CDF90066.1	CM003560.1	49.837	921	852	10	852	903922	906636	0.0	848
CDF90066.1	CM003555.1	44.928	828	852	33	850	453719	451413	0.0	647
CDF90066.1	CM003555.1	23.051	295	852	565	846	356922	357680	4.32e-11	65.9
CDF90066.1	CM003564.1	37.500	200	852	489	683	660373	659789	5.92e-34	140
CDF90066.1	CM003564.1	36.686	169	852	684	848	658588	658133	2.09e-19	92.8
CDF90066.1	CM003565.1	27.664	441	852	491	849	34744	35970	7.62e-33	136
CDF90066.1	CM003567.1	27.513	378	852	491	846	688911	689894	2.34e-27	119
CDF90067.1	CM003560.1	44.660	103	124	26	124	903196	903480	8.87e-18	76.6
CDF90068.1	CM003560.1	68.783	189	190	2	190	902191	902751	4.35e-85	272
CDF90069.1	CM003555.1	74.095	359	437	19	377	455300	454224	0.0	570
CDF90069.1	CM003558.1	40.206	291	437	42	326	615472	616326	2.53e-68	234
CDF90070.1	CM003555.1	69.318	88	86	1	86	456206	456469	1.93e-32	116
CDF90071.1	CM003560.1	50.093	539	495	8	495	900230	901816	2.26e-169	528
CDF90071.1	CM003565.1	39.098	133	495	187	314	232306	231917	8.22e-23	101
CDF90072.1	CM003560.1	63.063	111	107	5	107	899003	898671	4.85e-33	119
CDF90073.1	CM003560.1	71.236	890	891	7	883	897692	895056	0.0	1306
CDF90073.1	CM003567.1	31.607	560	891	138	692	66302	67852	5.50e-75	268
CDF90073.1	CM003567.1	30.590	559	891	138	692	764032	762488	4.12e-65	238
CDF90073.1	CM003558.1	37.500	368	891	137	501	470081	469038	9.99e-75	267
CDF90074.1	CM003555.1	44.569	626	626	5	625	458445	456601	9.04e-163	515
CDF90075.1	CM003555.1	88.382	241	238	1	238	458924	459643	8.88e-141	434
CDF90076.1	CM003555.1	36.516	419	383	5	381	461091	459880	6.31e-68	231
CDF90077.1	CM003560.1	83.117	308	308	1	308	894461	893538	0.0	557
CDF90077.1	CM003560.1	54.902	306	308	5	308	1146702	1145788	3.45e-118	372
CDF90077.1	CM003560.1	50.327	306	308	4	308	1391550	1392449	8.78e-106	337
CDF90077.1	CM003560.1	50.327	306	308	4	308	1295870	1296769	1.02e-105	337
CDF90077.1	CM003560.1	40.678	295	308	2	286	196502	195621	4.34e-70	234
CDF90077.1	LIOO01000003.1	54.902	306	308	5	308	17117	16203	3.35e-118	372
CDF90077.1	CM003568.1	50.662	302	308	2	290	100711	99809	7.66e-100	320
CDF90077.1	CM003567.1	40.678	295	308	2	286	223158	222277	4.47e-71	237
CDF90077.1	CM003567.1	35.644	303	308	12	276	154852	155754	6.11e-57	196
CDF90077.1	CM003570.1	40.959	271	308	22	291	203140	203940	1.88e-70	235
CDF90078.1	CM003560.1	29.720	286	321	1	230	893149	892331	1.36e-38	144
CDF90081.1	CM003565.1	30.376	372	344	1	322	310338	309259	1.45e-34	133
CDF90082.1	CM003567.1	82.143	504	533	30	533	285118	283607	0.0	886
CDF90082.1	CM003563.1	25.909	220	533	292	488	418426	419043	2.67e-14	75.1
CDF90083.1	CM003567.1	35.227	528	473	1	473	281600	283156	4.53e-66	229
CDF90084.1	CM003567.1	44.053	454	509	68	509	279228	277915	8.26e-105	343
CDF90085.1	CM003567.1	54.481	1261	1272	7	1250	273867	277634	0.0	1431
CDF90086.1	CM003565.1	74.449	227	227	1	227	308670	307999	2.29e-109	343
CDF90086.1	CM003565.1	29.878	164	227	23	186	230407	229916	8.62e-11	59.7
CDF90087.1	CM003563.1	43.035	402	365	1	337	465469	466596	6.05e-67	228
CDF90089.1	CM003563.1	48.052	616	538	1	538	463373	465187	0.0	586
CDF90089.1	CM003570.1	26.124	356	538	225	535	52587	51664	7.71e-28	117
CDF90089.1	CM003569.1	23.353	334	538	225	526	874602	875450	3.30e-15	77.8
CDF90090.1	CM003563.1	51.261	119	109	1	106	463213	462857	3.21e-33	119
CDF90091.1	CM003565.1	69.869	229	255	22	249	307039	307725	4.25e-108	341
CDF90092.1	CM003565.1	67.530	502	510	16	507	306146	304644	0.0	711
CDF90092.1	CM003563.1	53.728	456	510	23	471	462598	461231	2.93e-164	514
CDF90094.1	CM003563.1	84.848	99	119	21	119	457445	457149	3.43e-52	174
CDF90095.1	CM003563.1	66.749	403	408	6	408	455629	456822	5.46e-176	543
CDF90095.1	CM003558.1	49.752	404	408	5	407	271775	270621	1.05e-118	379
CDF90095.1	CM003562.1	33.793	145	408	19	148	168891	169307	3.73e-13	70.1
CDF90096.1	CM003563.1	61.616	297	290	1	287	454608	455492	1.67e-118	372
CDF90097.1	CM003565.1	44.973	736	1084	399	1084	301837	299699	1.03e-168	550
CDF90097.1	CM003565.1	40.617	389	1084	38	369	303202	302090	4.54e-56	212
CDF90097.1	CM003558.1	25.306	1063	1084	59	1082	282006	284618	1.06e-74	271
CDF90098.1	CM003565.1	89.113	496	500	5	500	298913	297426	0.0	916
CDF90098.1	CM003563.1	40.619	485	500	15	491	453943	452543	5.91e-102	334
CDF90099.1	CM003565.1	62.779	763	762	1	762	296984	294711	0.0	1043
CDF90100.1	CM003561.1	50.348	719	854	68	779	99462	97369	0.0	695
CDF90100.1	CM003569.1	30.218	642	854	32	658	793331	791730	2.33e-70	253
CDF90101.1	CM003569.1	66.667	411	452	23	430	789851	791083	0.0	578
CDF90101.1	CM003569.1	33.219	292	452	56	317	95090	95935	1.91e-36	142
CDF90101.1	CM003569.1	33.071	254	452	55	295	308826	308080	6.40e-35	137
CDF90101.1	CM003569.1	31.507	219	452	53	259	956241	955597	2.56e-28	117
CDF90101.1	CM003569.1	30.072	276	452	54	317	839915	839136	1.28e-23	103
CDF90101.1	CM003569.1	31.270	307	452	58	327	1000750	1001637	5.13e-21	95.1
CDF90101.1	CM003569.1	24.296	284	452	62	322	974681	973848	6.83e-21	94.7
CDF90101.1	CM003569.1	24.415	299	452	61	343	311528	310683	5.14e-17	82.8
CDF90101.1	CM003569.1	29.091	220	452	57	265	260600	261244	4.83e-15	76.6
CDF90101.1	CM003561.1	60.628	414	452	45	452	95736	96962	5.84e-161	502
CDF90101.1	CM003561.1	29.870	154	452	53	205	191014	191463	1.74e-13	71.6
CDF90101.1	CM003560.1	38.078	281	452	54	329	120309	119521	1.10e-45	169
CDF90101.1	CM003560.1	35.690	297	452	45	317	1235191	1236057	3.07e-43	162
CDF90101.1	CM003560.1	32.852	277	452	55	317	66702	67514	2.43e-36	141
CDF90101.1	CM003560.1	29.330	358	452	44	371	802485	801472	3.19e-34	135
CDF90101.1	CM003560.1	30.165	242	452	54	275	137689	136973	3.50e-24	105
CDF90101.1	CM003560.1	32.127	221	452	53	259	98928	99578	1.61e-21	96.7
CDF90101.1	CM003560.1	26.146	371	452	33	392	45389	46426	3.98e-20	92.4
CDF90101.1	CM003560.1	31.527	203	452	55	251	1248667	1248089	4.55e-18	86.3
CDF90101.1	CM003560.1	26.693	251	452	38	267	1343427	1342696	9.60e-16	79.0
CDF90101.1	CM003560.1	27.876	226	452	112	320	493341	493994	2.27e-15	77.8
CDF90101.1	CM003560.1	27.402	281	452	56	319	1110287	1111111	8.04e-15	75.9
CDF90101.1	CM003560.1	29.915	234	452	55	277	1202503	1203171	1.54e-14	75.1
CDF90101.1	CM003570.1	34.286	280	452	53	317	257436	256621	1.35e-44	166
CDF90101.1	CM003570.1	35.349	215	452	55	257	279764	279129	3.47e-35	138
CDF90101.1	CM003570.1	33.913	230	452	54	281	160626	161294	2.57e-34	135
CDF90101.1	CM003570.1	29.435	248	452	72	317	151398	150694	1.71e-29	121
CDF90101.1	CM003570.1	29.699	266	452	54	317	262131	262874	3.43e-22	99.0
CDF90101.1	CM003570.1	23.024	291	452	61	339	282200	281349	3.48e-19	89.7
CDF90101.1	CM003570.1	35.922	103	452	159	257	467024	466728	1.77e-12	68.6
CDF90101.1	CM003570.1	25.424	295	452	61	317	486027	485173	3.09e-12	67.8
CDF90101.1	CM003570.1	32.768	177	452	102	258	494993	494484	2.90e-11	64.7
CDF90101.1	CM003562.1	32.890	301	452	54	319	838013	837123	1.16e-41	157
CDF90101.1	CM003562.1	27.119	295	452	54	305	891184	890312	8.34e-23	100
CDF90101.1	CM003562.1	31.004	229	452	60	261	886386	887063	4.07e-22	98.6
CDF90101.1	CM003562.1	29.565	230	452	53	253	472884	472228	1.19e-15	78.6
CDF90104.1	CM003561.1	74.444	90	937	848	936	92218	92487	9.52e-43	169
CDF90105.1	CM003566.1	43.260	319	297	9	290	634804	635739	1.75e-52	183
CDF90106.1	CM003562.1	39.543	569	525	5	525	850784	849099	4.26e-138	440
CDF90106.1	CM003566.1	30.952	378	525	95	438	220791	219730	2.30e-31	128
CDF90107.1	CM003566.1	21.835	545	586	36	550	708659	710224	4.04e-17	84.3
CDF90108.1	CM003566.1	45.492	1464	1251	15	1251	628441	632742	0.0	1088
CDF90109.1	CM003562.1	40.496	363	344	1	340	848648	847566	1.29e-75	252
CDF90110.1	CM003566.1	42.857	182	163	1	157	626826	626281	4.40e-31	116
CDF90111.1	CM003566.1	66.126	555	563	10	560	624524	626170	0.0	781
CDF90111.1	CM003562.1	28.194	227	563	123	337	760647	759991	1.71e-12	69.3
CDF90111.1	LIOO01000002.1	23.793	290	563	109	369	5790	6635	5.56e-12	67.4
CDF90111.1	CM003570.1	23.793	290	563	109	369	346694	345849	5.73e-12	67.4
CDF90112.1	CM003566.1	59.322	177	192	13	189	623346	623867	9.50e-69	225
CDF90112.1	CM003569.1	30.935	139	192	52	189	219089	219490	1.96e-13	66.6
CDF90113.1	CM003565.1	26.347	167	485	1	159	200001	200480	9.92e-13	69.7
CDF90113.1	CM003569.1	25.490	306	485	1	284	788852	787956	2.85e-11	64.7
CDF90115.1	CM003566.1	33.113	604	566	9	564	489535	491319	2.32e-105	347
CDF90116.1	CM003566.1	86.622	299	299	1	299	489240	488344	9.07e-173	528
CDF90117.1	CM003566.1	75.000	156	156	1	156	488127	487660	2.51e-80	256
CDF90117.1	CM003564.1	39.456	147	156	4	146	192726	193160	1.78e-29	111
CDF90118.1	CM003567.1	40.659	91	119	31	117	747419	747147	4.06e-15	68.6
CDF90119.1	CM003566.1	44.468	1392	1511	187	1507	614678	610566	0.0	1124
CDF90119.1	CM003566.1	24.103	390	1511	369	731	192235	193284	3.78e-15	80.1
CDF90119.1	CM003566.1	23.184	358	1511	1150	1489	193255	194151	9.81e-11	65.5
CDF90119.1	CM003558.1	28.431	204	1511	367	568	447836	448345	3.40e-17	87.0
CDF90119.1	CM003569.1	28.070	228	1511	362	570	389793	389182	5.54e-17	86.3
CDF90119.1	CM003569.1	25.153	326	1511	1141	1450	388812	387928	2.46e-11	67.8
CDF90120.1	CM003566.1	54.976	613	567	1	566	616116	617939	0.0	604
CDF90120.1	CM003566.1	27.863	262	567	194	450	312792	313436	9.34e-28	117
CDF90120.1	CM003566.1	27.848	237	567	218	449	838981	839580	1.19e-18	89.0
CDF90120.1	CM003562.1	46.256	454	567	128	567	838037	836820	2.10e-111	364
CDF90120.1	CM003562.1	28.488	344	567	132	447	891196	890273	2.91e-29	122
CDF90120.1	CM003562.1	24.024	333	567	137	434	397751	396861	2.95e-17	84.7
CDF90120.1	CM003560.1	38.739	222	567	232	447	1235452	1236060	1.25e-42	163
CDF90120.1	CM003560.1	29.573	328	567	124	446	120345	119551	1.70e-32	132
CDF90120.1	CM003560.1	25.397	378	567	90	446	802605	801610	3.39e-27	115
CDF90120.1	CM003560.1	28.475	295	567	171	457	66777	67547	8.10e-27	114
CDF90120.1	CM003560.1	26.733	303	567	142	425	98949	99683	6.92e-26	112
CDF90120.1	CM003560.1	25.767	326	567	142	450	137671	136826	1.48e-21	98.2
CDF90120.1	CM003560.1	28.636	220	567	232	440	45662	46201	3.09e-12	68.6
CDF90120.1	CM003561.1	30.855	269	567	218	474	95949	96662	1.44e-38	150
CDF90120.1	CM003569.1	29.674	337	567	218	548	790130	790969	8.19e-37	145
CDF90120.1	CM003569.1	24.922	321	567	143	442	956217	955429	3.72e-22	100
CDF90120.1	CM003569.1	27.619	315	567	137	446	839912	839136	2.70e-21	97.4
CDF90120.1	CM003569.1	28.049	246	567	224	446	95291	95935	1.33e-20	95.5
CDF90120.1	CM003569.1	23.636	330	567	130	452	308847	308005	4.55e-19	90.5
CDF90120.1	CM003569.1	23.022	278	567	137	391	974702	974025	1.44e-13	72.8
CDF90120.1	CM003569.1	25.439	228	567	232	446	311321	310743	9.92e-11	63.5
CDF90121.1	CM003566.1	83.893	1043	1045	1	1043	618641	621769	0.0	1774
CDF90121.1	CM003568.1	82.775	1045	1045	1	1045	186722	183591	0.0	1764
CDF90121.1	CM003570.1	37.771	1014	1045	54	1033	116501	119437	0.0	637
CDF90121.1	CM003555.1	27.778	432	1045	426	763	225567	224296	8.57e-38	153
CDF90121.1	CM003555.1	31.250	176	1045	458	625	224529	224005	1.68e-14	77.4
CDF90121.1	CM003561.1	28.217	443	1045	418	758	106458	105163	3.73e-32	135
CDF90121.1	CM003561.1	30.481	187	1045	444	625	105378	104818	5.58e-18	88.6
CDF90121.1	CM003561.1	36.792	106	1045	864	969	105159	104845	2.22e-14	77.0
CDF90122.1	CM003568.1	47.059	595	580	4	580	183103	181382	5.69e-168	528
CDF90122.1	CM003567.1	33.824	408	580	212	580	264721	263573	5.04e-63	224
CDF90122.1	CM003567.1	31.616	427	580	191	580	261871	260681	1.30e-58	211
CDF90122.1	CM003569.1	32.918	401	580	219	580	779956	778829	5.45e-53	194
CDF90122.1	CM003569.1	31.720	186	580	20	182	780310	779810	3.15e-12	68.6
CDF90123.1	CM003566.1	65.517	232	234	3	234	622198	622881	4.85e-90	288
CDF90124.1	CM003568.1	61.384	448	447	1	447	179871	181202	0.0	561
CDF90125.1	CM003568.1	72.199	241	238	1	238	179406	178684	3.17e-118	369
CDF90126.1	CM003566.1	83.047	407	413	4	410	491676	492896	0.0	717
CDF90126.1	CM003568.1	78.240	409	413	3	411	178217	176991	0.0	667
CDF90126.1	CM003560.1	72.683	410	413	3	410	1181600	1180374	0.0	624
CDF90127.1	CM003559.1	76.527	311	310	1	310	210981	211907	3.35e-160	493
CDF90128.1	CM003568.1	55.827	369	369	2	369	170604	171704	1.09e-127	403
CDF90129.1	CM003559.1	49.837	307	306	1	306	212179	212955	3.99e-90	292
CDF90130.1	CM003568.1	62.606	353	365	18	360	169435	168407	1.31e-135	425
CDF90130.1	CM003559.1	56.615	325	365	55	360	213474	214445	8.41e-117	371
CDF90131.1	CM003559.1	54.000	100	132	32	131	214901	215200	1.02e-28	108
CDF90132.1	LIOO01000006.1	51.842	380	370	1	370	27556	26417	2.35e-128	405
CDF90132.1	CM003559.1	51.842	380	370	1	370	220766	221905	2.41e-128	405
CDF90133.1	CM003568.1	70.330	273	280	4	276	167193	168011	1.52e-129	404
CDF90133.1	CM003564.1	28.387	310	280	9	276	128104	127223	7.40e-28	111
CDF90133.1	CM003564.1	28.767	292	280	10	276	558611	557778	2.68e-25	103
CDF90133.1	CM003565.1	30.137	292	280	8	274	135633	136463	1.52e-25	104
CDF90133.1	CM003570.1	28.425	292	280	13	279	594859	594011	1.58e-25	104
CDF90133.1	CM003570.1	25.676	296	280	2	274	666941	667798	3.61e-15	74.3
CDF90133.1	CM003570.1	25.321	312	280	2	270	577096	576200	1.15e-14	72.8
CDF90133.1	CM003567.1	26.087	299	280	21	270	565513	564644	4.72e-24	100
CDF90134.1	LIOO01000006.1	79.359	499	495	1	495	26065	24575	0.0	806
CDF90134.1	CM003559.1	79.359	499	495	1	495	222257	223747	0.0	806
CDF90135.1	LIOO01000006.1	85.556	360	362	3	362	23133	24212	0.0	640
CDF90135.1	CM003559.1	83.424	368	362	3	362	225213	224110	0.0	633
CDF90135.1	CM003553.1	32.153	367	362	2	353	127389	128423	3.38e-38	144
CDF90135.1	CM003569.1	27.933	358	362	5	355	504852	503866	1.27e-25	107
CDF90135.1	CM003568.1	27.095	358	362	5	353	227825	228793	5.20e-21	93.6
CDF90136.1	CM003568.1	52.597	308	278	3	278	165919	166842	6.38e-102	324
CDF90136.1	CM003562.1	42.697	178	278	102	278	680944	681432	4.30e-35	132
CDF90136.1	CM003570.1	42.697	178	278	102	278	168376	168864	5.26e-35	132
CDF90137.1	CM003568.1	77.045	379	379	1	379	173455	174531	3.46e-154	479
CDF90137.1	CM003568.1	31.915	376	379	1	364	273372	274379	4.07e-33	130
CDF90137.1	CM003568.1	53.521	71	379	1	68	298962	298750	1.27e-16	80.5
CDF90137.1	CM003568.1	46.753	77	379	5	77	557935	558162	7.28e-11	62.8
CDF90137.1	CM003567.1	37.500	176	379	6	177	549067	549540	6.56e-16	78.6
CDF90137.1	CM003567.1	25.964	389	379	8	359	667205	668206	2.41e-14	73.6
CDF90137.1	CM003555.1	39.259	135	379	1	130	248757	248377	2.96e-15	76.3
CDF90137.1	CM003554.1	49.333	75	379	1	72	78963	78739	1.25e-14	74.3
CDF90137.1	CM003566.1	50.000	90	379	6	89	300419	300667	1.00e-13	71.6
CDF90138.1	CM003566.1	91.094	393	489	1	392	493215	494393	0.0	763
CDF90139.1	CM003559.1	33.086	405	409	10	403	209687	210808	5.90e-63	218
CDF90141.1	CM003559.1	25.556	270	309	50	307	208450	207764	1.94e-12	66.6
CDF90142.1	CM003559.1	60.780	487	515	34	515	207300	205855	0.0	593
CDF90143.1	CM003559.1	52.033	246	262	13	255	204965	205702	9.79e-70	231
CDF90144.1	CM003559.1	65.116	172	187	16	187	204563	204048	1.61e-75	244
CDF90145.1	CM003568.1	60.053	378	393	1	378	165563	164433	1.70e-151	472
CDF90145.1	CM003559.1	32.099	324	393	40	354	203387	202545	1.92e-32	128
CDF90146.1	CM003559.1	80.696	316	326	7	322	198185	199132	1.72e-171	526
CDF90146.1	CM003563.1	43.310	284	326	33	303	209698	210540	8.89e-62	211
CDF90146.1	CM003564.1	37.013	308	326	5	303	161295	162188	1.76e-60	207
CDF90146.1	CM003566.1	36.842	323	326	11	306	745707	744754	1.92e-55	193
CDF90146.1	CM003562.1	34.364	291	326	16	303	458647	457826	4.70e-48	171
CDF90147.1	CM003559.1	54.749	179	188	8	181	197898	197365	1.90e-59	198
CDF90148.1	CM003559.1	73.000	200	296	1	200	196206	196805	5.66e-101	323
CDF90148.1	CM003560.1	63.500	200	296	1	200	1006885	1007478	7.59e-82	268
CDF90148.1	CM003558.1	47.664	214	296	1	200	319295	318666	1.31e-56	195
CDF90149.1	CM003568.1	83.019	477	471	2	471	161964	163394	0.0	818
CDF90149.1	CM003559.1	75.771	454	471	17	470	194211	195572	0.0	729
CDF90149.1	CM003570.1	45.952	457	471	36	470	549573	550943	1.81e-131	418
CDF90152.1	CM003559.1	85.130	269	269	1	269	184985	185779	2.60e-156	480
CDF90152.1	CM003560.1	25.896	251	269	1	238	282786	282037	4.28e-13	67.8
CDF90155.1	CM003568.1	73.585	318	313	1	313	151421	152371	8.18e-159	489
CDF90156.1	CM003559.1	66.325	1072	1049	9	1049	179669	182800	0.0	1337
CDF90156.1	CM003569.1	33.433	335	1049	379	702	462748	461801	6.11e-44	173
CDF90156.1	CM003569.1	33.333	312	1049	397	690	894577	895491	1.34e-43	172
CDF90156.1	CM003569.1	36.879	282	1049	394	655	892573	893409	2.19e-42	168
CDF90156.1	CM003569.1	25.752	532	1049	379	899	150638	149295	8.82e-41	163
CDF90156.1	CM003569.1	24.307	613	1049	392	986	152849	151185	9.80e-40	159
CDF90156.1	CM003569.1	23.440	657	1049	359	990	464935	463181	3.97e-38	154
CDF90156.1	CM003569.1	34.783	230	1049	384	610	734089	733454	7.69e-27	117
CDF90156.1	CM003569.1	21.622	481	1049	403	877	736192	734924	7.07e-17	85.1
CDF90156.1	CM003560.1	34.944	269	1049	379	639	251127	250330	2.57e-40	161
CDF90156.1	CM003560.1	35.069	288	1049	361	638	1043163	1042330	6.92e-39	157
CDF90156.1	CM003560.1	23.840	625	1049	300	897	253470	251851	3.38e-33	138
CDF90156.1	CM003560.1	24.314	510	1049	401	898	1045140	1043794	2.48e-32	135
CDF90156.1	CM003560.1	23.830	235	1049	726	952	250314	249622	2.26e-11	67.0
CDF90156.1	CM003570.1	34.084	311	1049	344	638	441120	440209	6.45e-40	160
CDF90156.1	CM003570.1	21.512	516	1049	402	894	443022	441670	1.30e-25	114
CDF90156.1	CM003568.1	26.013	469	1049	367	827	19233	18073	6.56e-40	160
CDF90156.1	CM003568.1	28.253	269	1049	390	640	21268	20486	3.12e-23	105
CDF90157.1	CM003559.1	84.135	416	416	1	416	178781	177534	0.0	712
CDF90158.1	CM003559.1	36.557	424	571	4	420	175601	176836	3.73e-86	291
CDF90158.1	CM003559.1	42.197	173	571	409	562	176800	177315	3.48e-30	125
CDF90160.1	CM003559.1	42.991	321	345	37	342	174346	175299	2.75e-75	251
CDF90161.1	CM003559.1	43.333	300	292	1	288	172897	172037	1.16e-65	221
CDF90162.1	CM003560.1	31.601	481	573	36	499	1404441	1403071	1.59e-64	228
CDF90162.1	CM003560.1	32.049	493	573	35	511	1302764	1301352	7.02e-63	223
CDF90162.1	CM003560.1	26.426	526	573	46	537	24187	22691	1.70e-48	181
CDF90162.1	CM003560.1	27.108	498	573	33	513	1509086	1510522	7.10e-48	179
CDF90162.1	CM003560.1	28.429	503	573	44	524	365954	367387	1.20e-43	166
CDF90162.1	CM003560.1	28.429	503	573	44	524	371346	372779	1.61e-43	166
CDF90162.1	CM003560.1	28.542	480	573	33	498	87617	88996	1.48e-42	163
CDF90162.1	CM003560.1	29.600	500	573	44	524	362605	364038	8.56e-42	160
CDF90162.1	CM003560.1	22.692	520	573	45	533	1515958	1514495	8.14e-21	95.9
CDF90162.1	CM003560.1	21.294	479	573	36	496	1413333	1414658	4.18e-20	94.0
CDF90162.1	CM003560.1	28.804	184	573	40	221	283286	283828	8.70e-19	89.7
CDF90162.1	CM003561.1	26.087	483	573	26	500	211656	210235	2.48e-52	192
CDF90162.1	CM003561.1	25.567	485	573	44	513	150156	148756	6.67e-44	167
CDF90162.1	CM003555.1	26.679	521	573	33	531	23329	21842	5.17e-50	185
CDF90162.1	CM003568.1	27.183	504	573	33	513	13910	12474	2.89e-49	183
CDF90162.1	CM003568.1	23.077	494	573	42	500	740696	742105	1.39e-33	135
CDF90162.1	CM003566.1	26.824	507	573	44	534	270154	271599	4.27e-49	182
CDF90164.1	CM003559.1	55.705	894	975	1	893	168898	171516	0.0	1031
CDF90164.1	CM003559.1	60.759	79	975	894	971	171516	171752	5.41e-21	98.6
CDF90165.1	CM003555.1	82.143	504	706	202	705	134289	135800	0.0	890
CDF90165.1	CM003555.1	76.608	171	706	7	177	133706	134218	0.0	288
CDF90166.1	CM003555.1	90.260	154	213	5	158	132482	132943	8.08e-95	301
CDF90166.1	CM003560.1	39.669	121	213	29	149	861358	861002	1.62e-24	99.4
CDF90166.1	CM003560.1	39.837	123	213	27	149	955844	956206	1.95e-23	96.3
CDF90166.1	CM003560.1	38.136	118	213	35	150	681149	680799	1.00e-22	94.4
CDF90166.1	CM003560.1	32.743	113	213	31	141	1178780	1178448	5.13e-11	60.1
CDF90166.1	CM003560.1	24.603	126	213	43	156	963273	963626	6.42e-11	59.7
CDF90166.1	CM003562.1	41.176	119	213	29	147	651701	651351	2.42e-24	99.0
CDF90166.1	CM003562.1	34.862	109	213	40	145	314735	314412	4.52e-15	72.0
CDF90166.1	CM003558.1	36.735	147	213	27	165	386977	386543	1.19e-23	97.1
CDF90166.1	CM003569.1	37.063	143	213	3	141	126373	126795	8.45e-23	94.4
CDF90167.1	CM003559.1	42.466	73	98	22	94	161195	160977	5.53e-15	67.4
CDF90168.1	CM003559.1	54.651	86	91	6	91	161434	161688	2.09e-23	90.9
CDF90169.1	CM003559.1	57.674	215	215	1	215	161862	162506	2.27e-84	271
CDF90170.1	CM003559.1	50.000	352	353	10	353	163653	162604	1.71e-113	361
CDF90171.1	CM003555.1	88.062	578	567	1	567	129407	131140	0.0	1016
CDF90171.1	CM003568.1	26.364	330	567	43	356	495846	494863	1.01e-14	76.6
CDF90172.1	CM003555.1	51.699	559	512	1	512	127211	128863	3.27e-168	526
CDF90174.1	CM003568.1	27.915	283	347	64	343	520701	519964	4.69e-15	75.1
CDF90175.1	CM003559.1	38.223	484	523	48	466	150642	152090	3.17e-101	333
CDF90175.1	CM003555.1	38.200	411	523	54	428	126602	125376	1.02e-87	294
CDF90176.1	CM003568.1	25.735	408	553	38	410	56685	57899	1.76e-30	125
CDF90176.1	CM003569.1	28.061	196	553	47	239	248626	249198	3.70e-16	80.9
CDF90176.1	CM003562.1	20.957	439	553	45	483	306685	307869	2.56e-11	65.5
CDF90176.1	CM003570.1	20.825	485	553	4	483	780958	782238	4.98e-11	64.3
CDF90178.1	CM003555.1	57.143	504	469	1	469	404566	403088	1.43e-175	545
CDF90178.1	CM003560.1	32.919	161	469	28	187	1470172	1470639	2.13e-20	93.6
CDF90178.1	CM003568.1	32.836	134	469	28	160	521137	521517	3.28e-15	77.4
CDF90179.1	CM003569.1	85.753	372	438	67	438	18208	19323	0.0	687
CDF90179.1	CM003570.1	87.156	218	438	221	438	18833	19486	0.0	413
CDF90179.1	CM003570.1	83.226	155	438	67	221	18370	18834	0.0	275
CDF90179.1	CM003567.1	87.168	226	438	213	438	897123	896446	1.82e-134	425
CDF90179.1	CM003567.1	84.571	175	438	67	241	897637	897113	3.18e-97	318
CDF90179.1	CM003568.1	31.905	210	438	158	364	658443	659027	4.76e-26	110
CDF90179.1	CM003555.1	25.538	325	438	99	413	323165	324061	1.31e-18	87.8
CDF90180.1	CM003555.1	44.646	495	564	2	472	409272	407818	6.49e-127	409
CDF90181.1	CM003555.1	69.536	453	517	3	447	405036	406370	0.0	624
CDF90181.1	CM003563.1	59.437	355	517	3	357	163512	164483	8.71e-137	436
CDF90181.1	CM003568.1	59.375	352	517	3	354	435252	436214	1.26e-135	432
CDF90181.1	CM003570.1	46.440	323	517	9	330	158453	159319	7.70e-84	283
CDF90182.1	CM003570.1	46.366	399	351	2	351	603115	601934	5.02e-106	340
CDF90183.1	CM003570.1	61.879	926	892	1	890	596467	593762	0.0	1118
CDF90183.1	CM003570.1	33.220	295	892	506	782	293291	292443	3.18e-34	141
CDF90183.1	CM003570.1	27.152	302	892	504	784	577096	576203	5.99e-24	107
CDF90183.1	CM003570.1	26.786	280	892	511	784	666968	667783	9.27e-21	97.4
CDF90183.1	CM003569.1	31.419	296	892	506	782	326436	325594	1.25e-30	129
CDF90183.1	CM003569.1	30.363	303	892	501	789	570990	571865	1.53e-24	109
CDF90183.1	CM003569.1	27.852	298	892	483	773	514392	515240	1.30e-22	103
CDF90183.1	CM003564.1	30.201	298	892	508	786	128104	127238	3.36e-26	115
CDF90183.1	CM003564.1	28.521	284	892	512	786	558602	557796	1.53e-18	90.1
CDF90183.1	CM003564.1	28.774	212	892	587	786	128146	127541	1.37e-12	70.9
CDF90183.1	CM003564.1	27.074	229	892	509	730	159768	160436	1.44e-12	70.5
CDF90183.1	CM003555.1	28.873	284	892	512	786	144720	145568	6.20e-25	111
CDF90183.1	CM003555.1	23.607	305	892	510	798	259844	259008	1.42e-13	73.9
CDF90183.1	CM003555.1	28.421	190	892	508	684	145008	145571	4.64e-12	68.9
CDF90183.1	CM003554.1	28.873	284	892	512	786	97855	97019	3.98e-24	108
CDF90183.1	CM003554.1	27.451	204	892	500	690	97594	96998	5.34e-12	68.9
CDF90184.1	CM003562.1	37.714	350	332	1	332	877010	878020	5.93e-50	177
CDF90185.1	CM003562.1	35.106	282	270	1	270	876766	875969	1.19e-41	151
CDF90186.1	CM003562.1	64.865	1443	1523	1	1404	871198	875496	0.0	1862
CDF90186.1	CM003569.1	40.299	402	1523	1	355	664231	665421	4.90e-82	299
CDF90186.1	CM003569.1	33.123	317	1523	510	799	666040	666915	7.25e-40	161
CDF90187.1	CM003562.1	48.148	513	524	48	518	870615	869203	4.37e-112	365
CDF90187.1	CM003562.1	41.117	197	524	33	198	342268	342822	2.58e-13	71.6
CDF90187.1	CM003562.1	32.727	330	524	48	335	707905	707129	5.89e-11	63.9
CDF90187.1	CM003567.1	36.982	338	524	36	300	342538	341612	1.45e-14	75.9
CDF90187.1	CM003565.1	33.578	408	524	14	395	356904	355861	1.71e-12	68.9
CDF90188.1	CM003562.1	72.193	561	557	1	556	868919	867252	0.0	801
CDF90188.1	CM003562.1	34.190	389	557	116	499	684242	685366	3.11e-62	221
CDF90188.1	CM003562.1	28.877	187	557	165	334	663055	663588	5.18e-11	64.3
CDF90188.1	CM003569.1	32.282	412	557	109	502	361492	360302	1.16e-61	219
CDF90188.1	CM003569.1	28.078	463	557	60	475	669979	671289	8.77e-38	148
CDF90188.1	CM003570.1	31.731	416	557	109	507	319654	318449	1.38e-59	213
CDF90188.1	CM003560.1	34.901	404	557	93	477	560147	561334	6.90e-58	208
CDF90188.1	CM003560.1	32.124	386	557	119	503	1344632	1345735	2.50e-51	189
CDF90188.1	CM003560.1	32.778	360	557	133	487	1024678	1023638	1.83e-47	177
CDF90188.1	CM003560.1	29.947	374	557	106	477	1211085	1210000	3.42e-38	149
CDF90188.1	CM003560.1	31.967	366	557	142	478	650540	651610	5.92e-37	145
CDF90188.1	CM003560.1	31.873	251	557	127	366	1121948	1121247	6.60e-30	124
CDF90188.1	CM003566.1	30.337	356	557	127	475	117886	118926	8.02e-48	178
CDF90188.1	CM003566.1	27.924	419	557	127	479	679023	677797	4.13e-36	143
CDF90189.1	CM003570.1	55.932	118	118	1	118	592983	593327	1.30e-41	144
CDF90190.1	CM003570.1	78.852	941	922	1	922	589863	592661	0.0	1483
CDF90190.1	CM003558.1	39.572	561	922	303	852	606409	607992	4.68e-100	343
CDF90190.1	CM003558.1	31.476	664	922	209	824	168705	166819	2.38e-91	318
CDF90190.1	CM003562.1	36.130	584	922	288	822	931175	932899	2.84e-99	341
CDF90190.1	CM003566.1	31.105	733	922	178	858	673886	675976	1.50e-95	330
CDF90190.1	CM003555.1	35.750	593	922	304	822	87686	89392	1.00e-90	316
CDF90191.1	CM003570.1	47.898	547	542	1	538	587787	589382	8.20e-112	365
CDF90193.1	CM003570.1	94.286	245	245	1	245	586182	585448	3.74e-155	475
CDF90194.1	CM003570.1	85.938	64	134	63	126	577955	577764	6.51e-35	125
CDF90194.1	CM003570.1	70.833	72	134	57	128	583622	583407	2.79e-34	124
CDF90195.1	CM003570.1	68.615	325	323	1	322	577156	576182	6.86e-154	476
CDF90195.1	CM003570.1	29.582	311	323	21	320	594883	594026	5.47e-28	113
CDF90195.1	CM003570.1	31.841	201	323	27	222	594583	594020	3.92e-19	87.0
CDF90195.1	CM003570.1	22.045	313	323	26	323	293282	292413	1.50e-16	79.3
CDF90195.1	CM003570.1	23.765	324	323	12	320	666914	667798	3.88e-15	75.1
CDF90195.1	CM003563.1	31.861	317	323	27	314	430341	429406	5.37e-46	166
CDF90195.1	CM003568.1	31.077	325	323	26	321	308283	307345	2.25e-42	155
CDF90195.1	CM003568.1	21.824	307	323	24	322	167205	168011	3.98e-13	68.9
CDF90195.1	CM003567.1	32.026	306	323	16	315	359101	358223	4.75e-35	134
CDF90195.1	CM003567.1	28.934	197	323	21	197	565276	564701	1.40e-13	70.5
CDF90195.1	CM003567.1	25.090	279	323	62	316	565441	564644	8.83e-12	64.7
CDF90195.1	CM003558.1	32.432	296	323	19	308	395989	396834	2.30e-34	132
CDF90195.1	CM003558.1	32.646	291	323	24	308	155768	154938	1.62e-32	126
CDF90195.1	CM003558.1	27.099	262	323	69	315	587985	588725	4.16e-16	78.2
CDF90195.1	CM003558.1	25.753	299	323	21	314	764083	763238	4.73e-16	77.8
CDF90195.1	CM003558.1	23.333	330	323	8	320	429694	430614	2.45e-12	66.6
CDF90196.1	CM003570.1	61.290	62	76	9	70	575678	575493	2.95e-20	81.3
CDF90198.1	CM003570.1	86.201	1203	1195	1	1195	574310	570702	0.0	2204
CDF90198.1	CM003569.1	30.210	1046	1195	115	1100	351684	354638	3.81e-114	393
CDF90198.1	CM003569.1	28.021	1142	1195	78	1100	468738	472004	2.19e-104	363
CDF90199.1	CM003562.1	75.499	951	942	1	942	860875	863724	0.0	1477
CDF90199.1	CM003562.1	28.119	978	942	48	856	562657	559748	1.11e-89	313
CDF90199.1	CM003562.1	27.459	732	942	47	770	566337	568295	6.66e-63	232
CDF90199.1	CM003560.1	29.236	903	942	26	804	986856	989531	1.05e-100	346
CDF90199.1	CM003560.1	28.729	181	942	535	712	513262	512810	3.68e-13	72.8
CDF90199.1	CM003570.1	27.596	732	942	47	770	476271	478229	8.48e-63	231
CDF90199.1	CM003553.1	24.699	664	942	171	701	58842	56935	3.96e-19	92.4
CDF90199.1	CM003555.1	23.114	623	942	149	689	91259	93001	6.84e-18	88.2
CDF90200.1	CM003562.1	67.961	412	415	13	415	865206	863974	0.0	560
CDF90202.1	CM003564.1	49.180	183	332	7	183	219588	220106	3.32e-68	176
CDF90202.1	CM003564.1	44.379	169	332	186	330	220112	220606	3.32e-68	99.4
CDF90203.1	CM003555.1	91.250	160	160	1	160	101017	101496	1.82e-91	288
CDF90203.1	CM003570.1	58.170	153	160	6	156	99564	99106	1.38e-50	172
CDF90204.1	CM003564.1	57.930	744	742	12	742	223000	220793	0.0	874
CDF90205.1	CM003564.1	32.909	1179	1143	2	1139	223337	226828	5.02e-161	530
CDF90206.1	CM003564.1	67.284	648	771	1	637	229332	227401	0.0	861
CDF90206.1	CM003564.1	34.783	138	771	629	766	227428	227024	9.29e-23	103
CDF90207.1	CM003555.1	92.063	126	126	1	126	102191	102568	3.57e-76	243
CDF90207.1	CM003560.1	38.462	91	126	6	96	1428727	1428455	1.98e-21	87.0
CDF90209.1	CM003564.1	23.822	1125	1127	1	1063	233115	229915	4.24e-63	235
CDF90210.1	CM003564.1	50.365	822	849	53	849	233935	236361	0.0	776
CDF90210.1	CM003555.1	31.635	373	849	482	847	411772	412824	1.28e-43	171
CDF90210.1	CM003560.1	30.446	381	849	480	848	154323	153253	1.82e-42	167
CDF90210.1	CM003562.1	27.224	371	849	484	840	805364	804333	3.70e-25	111
CDF90210.1	CM003565.1	25.407	307	849	558	845	245995	246861	2.39e-17	86.3
CDF90211.1	CM003555.1	79.724	217	216	1	216	107508	108152	3.56e-117	365
CDF90212.1	CM003555.1	47.235	669	668	14	662	110710	108773	0.0	605
CDF90213.1	CM003564.1	64.624	1077	1038	1	1038	239689	236474	0.0	1382
CDF90213.1	CM003569.1	31.774	620	1038	264	855	200143	198482	6.38e-87	307
CDF90213.1	CM003569.1	33.911	519	1038	264	768	227221	228630	5.12e-84	298
CDF90213.1	CM003553.1	34.038	520	1038	264	768	195642	194230	5.83e-83	295
CDF90213.1	CM003570.1	31.818	572	1038	254	769	400087	398525	2.13e-79	284
CDF90213.1	CM003556.1	31.894	602	1038	191	769	68648	67077	7.90e-77	276
CDF90214.1	CM003564.1	78.704	108	108	1	108	240424	240101	2.49e-55	182
CDF90215.1	CM003564.1	58.285	1376	1332	1	1332	240656	244726	0.0	1595
CDF90216.1	CM003564.1	58.122	394	400	1	392	246026	244848	1.87e-145	455
CDF90216.1	CM003566.1	38.071	394	400	5	392	560316	559213	4.59e-63	218
CDF90216.1	CM003560.1	43.069	202	400	6	206	448630	449136	1.60e-34	134
CDF90216.1	CM003560.1	40.351	171	400	6	175	729112	729531	1.63e-29	120
CDF90216.1	CM003567.1	42.932	191	400	6	194	105460	105933	4.26e-30	121
CDF90216.1	CM003563.1	40.933	193	400	6	196	318908	319396	1.14e-29	120
CDF90217.1	CM003555.1	61.571	1426	1446	7	1420	111687	115919	0.0	1785
CDF90217.1	CM003564.1	49.200	1437	1446	4	1417	246314	250519	0.0	1356
CDF90217.1	CM003560.1	37.799	209	1446	563	769	698379	698957	3.89e-35	145
CDF90219.1	CM003555.1	82.890	263	265	1	263	116415	117203	3.84e-150	462
CDF90220.1	CM003555.1	85.057	87	87	1	87	117460	117720	9.10e-48	160
CDF90221.1	CM003559.1	67.097	620	614	3	608	156157	157980	0.0	861
CDF90222.1	CM003555.1	57.117	555	546	4	545	120868	119213	0.0	617
CDF90222.1	CM003567.1	22.397	509	546	5	459	455562	457007	4.12e-20	93.6
CDF90222.1	CM003566.1	24.330	485	546	5	461	390425	391822	3.67e-13	71.2
CDF90222.1	CM003562.1	24.691	486	546	5	461	413507	414904	4.75e-13	70.9
CDF90223.1	CM003559.1	57.531	478	470	8	470	154350	155774	0.0	580
CDF90223.1	CM003563.1	29.032	465	470	19	462	395732	396985	2.17e-45	169
CDF90224.1	CM003555.1	39.357	249	247	3	241	121858	121112	4.56e-56	191
CDF90225.1	CM003555.1	40.357	280	220	1	220	122055	122891	4.24e-53	182
CDF90226.1	CM003558.1	41.154	260	321	95	321	35185	35964	1.55e-55	193
CDF90227.1	CM003569.1	28.457	376	694	257	611	961386	960298	3.72e-32	133
CDF90227.1	CM003560.1	26.913	379	694	259	611	87917	88999	1.15e-28	122
CDF90227.1	CM003560.1	27.252	444	694	223	646	1404234	1402987	3.27e-25	110
CDF90227.1	CM003560.1	25.238	420	694	218	624	1509302	1510519	7.80e-24	106
CDF90227.1	CM003560.1	24.934	381	694	252	612	371619	372707	2.31e-23	105
CDF90227.1	CM003560.1	26.728	434	694	210	623	1302593	1301352	1.65e-22	102
CDF90227.1	CM003560.1	24.672	381	694	252	612	366227	367315	2.29e-22	102
CDF90227.1	CM003560.1	26.178	382	694	252	611	362878	363963	5.22e-22	100
CDF90227.1	CM003560.1	23.838	495	694	141	611	24259	22844	1.15e-21	99.8
CDF90227.1	CM003560.1	31.373	204	694	409	612	284186	284776	2.48e-17	85.5
CDF90227.1	CM003555.1	25.000	420	694	218	624	23113	21896	1.55e-24	108
CDF90227.1	CM003568.1	24.762	420	694	218	624	13694	12477	7.03e-24	106
CDF90227.1	CM003568.1	21.244	579	694	64	612	740420	742105	3.00e-19	91.7
CDF90227.1	CM003567.1	26.256	438	694	197	611	271127	272365	1.78e-22	102
CDF90228.1	CM003558.1	50.796	754	678	1	677	32718	34943	0.0	645
CDF90229.1	CM003558.1	59.002	461	461	1	459	31033	32403	0.0	583
CDF90230.1	CM003570.1	86.595	649	737	89	737	603880	605826	0.0	1179
CDF90230.1	CM003570.1	36.207	232	737	265	491	875096	874416	1.04e-33	138
CDF90230.1	CM003570.1	33.891	239	737	263	486	416935	417639	4.18e-30	127
CDF90230.1	CM003567.1	44.064	438	737	268	693	417903	416599	2.29e-113	377
CDF90230.1	CM003555.1	37.807	529	737	207	697	191384	189840	2.05e-102	345
CDF90230.1	CM003555.1	32.653	245	737	268	486	245299	244583	3.80e-27	117
CDF90230.1	CM003560.1	36.466	266	737	239	502	1278350	1279147	8.30e-50	188
CDF90230.1	CM003560.1	41.322	242	737	263	500	1279244	1279966	2.32e-43	168
CDF90230.1	CM003560.1	34.304	309	737	209	509	1073207	1072284	5.28e-42	164
CDF90230.1	CM003560.1	38.314	261	737	257	504	270832	270062	4.99e-40	158
CDF90230.1	CM003560.1	33.548	155	737	283	435	307147	307590	3.73e-15	78.6
CDF90230.1	CM003562.1	40.574	244	737	270	509	637934	638665	9.92e-48	182
CDF90230.1	CM003562.1	35.540	287	737	255	516	55389	54535	2.93e-40	159
CDF90230.1	CM003562.1	35.217	230	737	265	491	512495	511812	2.55e-26	114
CDF90231.1	CM003570.1	59.631	379	361	2	361	607615	606485	1.31e-142	445
CDF90231.1	CM003568.1	24.167	240	361	31	257	206091	205396	2.73e-12	67.0
CDF90232.1	CM003558.1	82.545	550	550	1	550	28941	30575	0.0	915
CDF90232.1	CM003558.1	28.667	300	550	130	420	472556	471675	5.33e-28	118
CDF90232.1	CM003564.1	26.923	390	550	115	495	89774	88665	1.13e-22	101
CDF90233.1	CM003570.1	64.665	1149	1175	59	1173	608711	612112	0.0	1482
CDF90234.1	CM003570.1	66.474	173	186	15	185	616806	617303	3.69e-74	240
CDF90235.1	CM003570.1	55.385	845	836	1	836	620074	617576	0.0	840
CDF90235.1	CM003570.1	24.138	435	836	5	421	170462	171550	1.16e-16	84.0
CDF90236.1	CM003558.1	43.880	964	1175	271	1173	25958	23193	0.0	729
CDF90236.1	CM003570.1	35.496	817	1175	274	996	621528	623885	8.15e-135	454
CDF90237.1	CM003558.1	74.396	207	212	6	212	22361	22981	5.29e-108	338
CDF90238.1	CM003558.1	35.654	589	666	78	659	249218	247686	7.99e-101	337
CDF90238.1	CM003564.1	30.637	581	666	105	659	644863	643373	6.48e-80	276
CDF90239.1	CM003570.1	43.258	749	726	1	719	624640	626865	0.0	622
CDF90239.1	CM003562.1	22.749	211	726	240	412	782649	783272	1.36e-11	67.0
CDF90240.1	CM003558.1	62.736	1060	982	1	982	19532	16419	0.0	1361
CDF90241.1	CM003558.1	68.951	1182	1161	2	1161	15929	12483	0.0	1632
CDF90241.1	CM003558.1	27.754	472	1161	761	1154	275791	274397	1.99e-39	159
CDF90241.1	CM003558.1	31.280	211	1161	883	1077	729322	729942	2.83e-17	86.7
CDF90241.1	CM003558.1	25.080	311	1161	833	1093	184304	185197	9.90e-15	78.2
CDF90241.1	CM003565.1	40.116	344	1161	813	1155	461533	460517	1.21e-73	268
CDF90241.1	CM003565.1	38.235	306	1161	828	1127	532669	533568	6.11e-57	216
CDF90241.1	CM003565.1	24.367	316	1161	821	1101	419098	418175	1.11e-24	110
CDF90241.1	CM003565.1	26.953	256	1161	803	1047	484501	483752	3.01e-16	83.2
CDF90241.1	CM003565.1	36.429	140	1161	914	1034	446229	446645	5.20e-16	82.4
CDF90241.1	CM003565.1	31.061	132	1161	936	1047	320384	320779	8.90e-11	65.1
CDF90241.1	CM003567.1	40.346	347	1161	813	1158	445339	444314	1.29e-73	268
CDF90241.1	CM003567.1	26.460	291	1161	840	1122	253611	252805	1.22e-25	114
CDF90241.1	CM003567.1	26.582	316	1161	840	1095	824596	825522	4.36e-14	76.3
CDF90241.1	CM003563.1	37.853	354	1161	813	1155	27014	25968	4.62e-67	248
CDF90241.1	CM003563.1	27.444	266	1161	840	1096	443209	443955	4.30e-25	112
CDF90241.1	CM003563.1	28.514	249	1161	834	1079	221002	220268	5.40e-25	112
CDF90241.1	CM003563.1	28.804	184	1161	911	1076	266558	267094	8.39e-14	75.1
CDF90241.1	CM003563.1	27.111	225	1161	834	1047	368632	369303	3.00e-12	70.1
CDF90241.1	CM003570.1	38.961	308	1161	820	1125	160587	161492	5.98e-61	228
CDF90241.1	CM003570.1	27.988	343	1161	833	1129	741267	742271	2.96e-36	149
CDF90241.1	CM003570.1	33.333	270	1161	817	1080	151500	150718	1.22e-31	134
CDF90241.1	CM003570.1	29.562	274	1161	823	1076	257460	256657	1.03e-27	120
CDF90241.1	CM003570.1	30.483	269	1161	831	1093	262125	262874	1.51e-25	114
CDF90241.1	CM003570.1	28.261	276	1161	825	1077	279791	278979	8.82e-24	108
CDF90241.1	CM003570.1	29.924	264	1161	832	1076	282224	281451	1.10e-21	101
CDF90241.1	CM003570.1	24.444	315	1161	825	1094	486072	485170	3.81e-18	89.4
CDF90241.1	CM003570.1	28.676	272	1161	791	1046	659412	660197	1.92e-15	80.5
CDF90242.1	CM003570.1	48.528	1053	1045	1	1045	627248	630346	0.0	1083
CDF90242.1	CM003558.1	49.190	988	1045	65	1045	12043	9089	0.0	1035
CDF90243.1	CM003558.1	41.538	195	199	1	195	8790	8218	2.66e-53	181
CDF90244.1	CM003564.1	50.461	434	494	6	426	158988	157708	9.30e-133	423
CDF90245.1	CM003570.1	83.399	506	526	22	526	632023	630509	0.0	882
CDF90245.1	CM003560.1	25.874	429	526	50	443	494154	495317	3.78e-22	99.8
CDF90246.1	CM003564.1	33.729	421	399	1	384	156286	157464	2.00e-62	216
CDF90247.1	CM003564.1	56.757	111	117	1	108	155644	155961	3.63e-32	117
CDF90248.1	CM003570.1	54.209	487	466	5	464	632661	634067	5.37e-166	517
CDF90248.1	CM003564.1	22.756	479	466	9	429	440320	441630	1.08e-16	82.0
CDF90248.1	CM003561.1	25.500	200	466	8	197	208688	209254	6.39e-12	66.6
CDF90249.1	CM003570.1	88.219	365	368	2	366	635345	636439	0.0	699
CDF90250.1	CM003570.1	64.271	473	469	2	469	636980	638398	0.0	592
CDF90252.1	CM003564.1	42.923	431	401	3	397	154192	152909	1.46e-108	349
CDF90254.1	CM003564.1	73.077	104	104	1	104	152463	152774	5.45e-45	153
CDF90255.1	CM003564.1	58.333	96	102	7	102	151766	151503	1.89e-32	117
CDF90256.1	CM003570.1	52.336	214	220	7	220	640152	639580	1.99e-68	226
CDF90256.1	CM003562.1	31.973	147	220	38	184	511203	510784	1.22e-24	100
CDF90257.1	CM003570.1	63.889	360	364	8	364	640464	641501	1.56e-142	445
CDF90258.1	CM003564.1	51.211	289	288	4	288	150542	151402	4.00e-89	288
CDF90259.1	CM003570.1	79.851	402	401	1	393	641835	643025	0.0	640
CDF90261.1	CM003564.1	63.992	1022	1116	137	1110	143960	147019	0.0	1320
CDF90262.1	CM003564.1	56.992	1137	1153	8	1127	139603	142719	0.0	1117
CDF90262.1	CM003570.1	43.065	1168	1153	1	1122	646793	643827	0.0	735
CDF90262.1	CM003562.1	28.185	259	1153	670	907	882696	881965	2.13e-14	77.0
CDF90263.1	CM003564.1	37.519	669	1592	972	1585	136693	134897	3.63e-113	397
CDF90263.1	CM003564.1	43.523	193	1592	596	772	137416	136838	2.91e-29	126
CDF90263.1	CM003564.1	30.526	285	1592	5	260	139162	138515	5.20e-13	73.2
CDF90264.1	CM003564.1	42.574	303	272	1	254	133709	134608	6.43e-51	177
CDF90265.1	CM003566.1	46.835	474	520	55	512	318640	317261	7.29e-122	393
CDF90265.1	CM003566.1	46.774	62	520	3	64	319057	318872	6.16e-11	63.9
CDF90265.1	CM003569.1	39.899	396	520	60	446	129964	128837	7.37e-93	309
CDF90265.1	CM003569.1	52.113	71	520	3	70	130651	130439	6.56e-16	80.1
CDF90266.1	CM003564.1	70.213	47	247	201	246	133199	133339	2.27e-11	62.0
CDF90267.1	CM003570.1	94.505	91	92	2	92	647702	647974	5.90e-52	172
CDF90267.1	CM003564.1	94.505	91	92	2	92	129330	129058	6.37e-52	172
CDF90268.1	CM003564.1	77.570	321	315	2	315	128134	127175	3.55e-165	508
CDF90268.1	CM003564.1	26.102	295	315	13	298	558611	557787	1.21e-19	88.6
CDF90268.1	CM003558.1	32.558	301	315	4	294	764095	763232	6.47e-42	153
CDF90268.1	CM003558.1	26.144	306	315	12	298	429745	430614	2.48e-20	90.5
CDF90268.1	CM003558.1	24.514	257	315	57	298	587985	588740	2.50e-20	90.5
CDF90268.1	CM003570.1	32.281	285	315	16	295	594859	594035	7.94e-34	130
CDF90268.1	CM003570.1	30.952	294	315	15	291	293276	292443	6.68e-32	124
CDF90268.1	CM003570.1	26.710	307	315	11	294	577087	576200	4.00e-21	92.8
CDF90268.1	CM003570.1	25.597	293	315	12	298	666962	667798	1.17e-20	91.3
CDF90268.1	CM003570.1	30.846	201	315	111	295	577087	576506	2.93e-13	69.3
CDF90268.1	CM003570.1	27.419	186	315	13	192	594586	594047	1.18e-12	67.4
CDF90268.1	CM003570.1	22.368	304	315	12	288	822241	823110	2.86e-12	66.2
CDF90268.1	CM003570.1	27.225	191	315	11	197	292955	292428	5.24e-12	65.5
CDF90268.1	CM003569.1	31.208	298	315	13	291	326427	325594	1.45e-31	123
CDF90268.1	CM003569.1	26.042	288	315	11	292	514452	515270	4.02e-18	84.0
CDF90268.1	CM003569.1	27.184	309	315	12	303	571011	571880	6.78e-17	80.1
CDF90268.1	CM003569.1	30.270	185	315	11	195	326115	325585	8.85e-12	64.7
CDF90268.1	CM003555.1	26.045	311	315	4	298	144684	145577	4.58e-25	104
CDF90268.1	CM003555.1	21.147	279	315	29	298	259796	259026	5.46e-11	62.4
CDF90269.1	CM003564.1	71.886	281	282	3	282	126717	125875	2.76e-137	426
CDF90269.1	CM003569.1	36.082	291	282	5	267	534074	533232	1.40e-46	166
CDF90269.1	CM003560.1	34.843	287	282	9	267	319026	318196	7.45e-43	155
CDF90269.1	CM003560.1	30.743	296	282	5	273	1276192	1275329	1.20e-29	116
CDF90269.1	CM003563.1	32.686	309	282	1	265	214238	213324	7.73e-42	152
CDF90269.1	CM003558.1	33.108	296	282	6	266	520097	520957	1.35e-33	128
CDF90270.1	CM003570.1	51.692	325	438	118	437	649268	648294	2.48e-105	342
CDF90271.1	CM003564.1	59.688	320	321	8	319	120663	121562	8.57e-122	384
CDF90272.1	CM003564.1	61.686	261	259	5	254	119679	118897	6.36e-110	347
CDF90273.1	CM003564.1	56.500	200	187	4	187	118157	118756	4.71e-73	237
CDF90274.1	CM003570.1	34.615	182	184	2	180	649956	650450	1.60e-20	87.0
CDF90275.1	CM003558.1	78.032	569	576	1	569	137577	135871	0.0	961
CDF90275.1	CM003564.1	77.580	562	576	1	560	117176	115491	0.0	931
CDF90276.1	CM003564.1	75.817	153	154	1	153	114916	115374	1.64e-76	245
CDF90277.1	CM003558.1	52.083	48	51	1	48	135241	135384	1.27e-14	63.9
CDF90279.1	CM003558.1	69.194	211	219	8	218	134598	133966	1.25e-95	303
CDF90280.1	CM003558.1	87.190	242	240	1	240	133095	133817	1.66e-144	444
CDF90280.1	CM003555.1	22.368	228	240	16	240	349577	348954	1.69e-11	62.4
CDF90281.1	CM003558.1	61.905	609	606	2	597	132060	130234	0.0	773
CDF90281.1	CM003558.1	53.774	530	606	79	602	261651	263237	0.0	609
CDF90281.1	CM003554.1	51.509	530	606	79	602	33376	31790	0.0	591
CDF90281.1	CM003569.1	27.068	532	606	76	604	624688	626250	6.46e-56	204
CDF90281.1	CM003569.1	28.508	449	606	84	523	384647	385954	7.60e-53	194
CDF90281.1	CM003566.1	28.889	450	606	83	523	594301	595611	6.36e-54	197
CDF90282.1	CM003558.1	63.333	60	168	1	59	128544	128723	8.92e-19	81.3
CDF90282.1	CM003564.1	54.000	50	168	6	54	97495	97346	1.54e-11	60.5
CDF90283.1	CM003558.1	61.050	457	448	1	448	127373	126003	0.0	570
CDF90283.1	CM003566.1	28.959	442	448	4	428	480320	479001	2.32e-51	186
CDF90285.1	CM003564.1	66.359	217	250	35	250	98764	99411	9.55e-98	311
CDF90287.1	CM003558.1	54.167	192	1370	1197	1370	120283	119735	7.01e-45	177
CDF90287.1	CM003554.1	33.333	123	1370	264	386	74001	74366	2.78e-12	70.5
CDF90288.1	CM003564.1	49.505	202	205	1	202	100616	100017	1.21e-64	214
CDF90289.1	CM003564.1	58.304	283	278	1	278	100939	101787	3.37e-115	362
CDF90290.1	CM003564.1	51.271	708	668	1	668	104034	101971	0.0	695
CDF90291.1	CM003558.1	58.389	149	150	1	149	118663	119073	3.23e-51	173
CDF90292.1	CM003558.1	66.431	283	292	10	292	117103	117951	2.17e-125	392
CDF90293.1	CM003564.1	83.730	799	1115	80	877	104944	107340	0.0	1405
CDF90293.1	CM003564.1	56.379	1066	1115	31	1086	548290	551436	0.0	1169
CDF90293.1	CM003564.1	71.193	243	1115	874	1115	107328	108056	1.32e-107	371
CDF90293.1	CM003564.1	28.571	343	1115	628	954	104935	105957	1.54e-38	143
CDF90293.1	CM003564.1	38.298	47	1115	581	627	104798	104938	1.54e-38	35.4
CDF90293.1	CM003564.1	29.262	393	1115	579	956	548284	549450	3.11e-36	148
CDF90293.1	CM003564.1	29.268	328	1115	13	337	106399	107349	6.16e-36	132
CDF90293.1	CM003564.1	31.250	48	1115	370	417	107427	107570	6.16e-36	38.1
CDF90293.1	CM003564.1	73.333	90	1115	1	90	104708	104977	6.22e-32	134
CDF90294.1	CM003564.1	70.229	524	529	10	528	583428	584993	0.0	771
CDF90295.1	CM003565.1	59.207	353	353	2	351	101854	102906	9.56e-134	419
CDF90296.1	CM003564.1	58.000	950	884	1	884	585389	588220	0.0	1044
CDF90297.1	CM003564.1	70.470	447	450	1	446	588679	590019	0.0	681
CDF90297.1	CM003553.1	41.784	426	450	13	404	149759	151021	7.46e-96	315
CDF90297.1	CM003566.1	27.689	437	450	13	420	808358	809644	6.69e-52	187
CDF90299.1	CM003564.1	32.211	891	853	5	849	592992	595475	4.93e-119	397
CDF90301.1	CM003564.1	52.218	496	496	1	496	598867	597629	1.27e-99	327
CDF90301.1	CM003564.1	41.786	280	496	222	496	600666	601352	6.04e-51	186
CDF90301.1	CM003564.1	55.689	167	496	338	496	596546	597046	1.80e-50	184
CDF90301.1	CM003564.1	39.130	207	496	1	207	600492	600965	1.69e-22	100
CDF90301.1	CM003564.1	45.370	108	496	20	126	596441	596656	8.52e-13	69.7
CDF90301.1	CM003565.1	45.010	511	496	1	496	523660	522524	6.28e-96	317
CDF90301.1	CM003565.1	43.574	498	496	1	496	525244	526338	6.98e-88	293
CDF90301.1	CM003565.1	64.000	50	496	398	446	521715	521864	5.76e-18	67.4
CDF90301.1	CM003565.1	37.736	53	496	444	496	521857	522015	5.76e-18	40.8
CDF90304.1	CM003564.1	32.121	165	179	21	177	602015	601539	9.88e-26	101
CDF90305.1	CM003564.1	48.734	158	508	1	150	609654	610127	3.08e-36	142
CDF90305.1	CM003564.1	32.174	345	508	167	495	610398	611363	6.53e-29	120
CDF90305.1	CM003568.1	50.000	66	508	11	76	273381	273578	8.55e-11	63.5
CDF90306.1	CM003565.1	71.817	919	917	1	916	527443	530193	0.0	1373
CDF90306.1	CM003564.1	28.571	196	917	165	349	407921	407361	3.20e-11	66.2
CDF90307.1	CM003564.1	40.748	481	557	57	503	612150	613589	1.06e-103	342
CDF90308.1	CM003565.1	82.094	363	417	67	417	532531	533619	0.0	630
CDF90308.1	CM003565.1	45.734	293	417	104	393	461479	460610	4.21e-80	268
CDF90308.1	CM003565.1	28.526	312	417	89	361	419098	418193	1.79e-39	149
CDF90308.1	CM003565.1	26.877	253	417	110	302	445893	446645	4.71e-18	85.5
CDF90308.1	CM003565.1	25.979	281	417	51	315	484546	483752	6.57e-18	85.1
CDF90308.1	CM003565.1	25.221	226	417	157	346	320225	320872	1.68e-14	74.7
CDF90308.1	CM003564.1	74.293	389	417	35	417	614126	615292	0.0	617
CDF90308.1	CM003564.1	31.933	238	417	78	302	474830	474141	9.08e-29	118
CDF90308.1	CM003564.1	30.619	307	417	98	373	540285	541169	8.09e-24	103
CDF90308.1	CM003564.1	26.316	228	417	107	323	570053	570718	3.58e-16	79.7
CDF90308.1	CM003564.1	26.906	223	417	102	307	647318	647977	5.49e-16	79.3
CDF90308.1	CM003564.1	26.160	237	417	111	305	191334	190654	3.42e-13	70.5
CDF90308.1	CM003564.1	26.515	264	417	107	315	504030	503248	5.74e-13	69.7
CDF90308.1	CM003570.1	76.562	320	417	98	417	160602	161561	1.85e-177	548
CDF90308.1	CM003570.1	33.219	292	417	72	361	151521	150694	7.23e-46	168
CDF90308.1	CM003570.1	29.787	376	417	76	399	741180	742277	1.29e-44	165
CDF90308.1	CM003570.1	32.660	297	417	89	361	279806	278946	1.70e-37	144
CDF90308.1	CM003570.1	32.979	282	417	106	372	262131	262925	9.36e-36	139
CDF90308.1	CM003570.1	28.929	280	417	104	361	257439	256621	7.60e-35	136
CDF90308.1	CM003570.1	32.195	205	417	105	302	282224	281613	9.43e-25	105
CDF90308.1	CM003570.1	24.679	312	417	99	363	486069	485167	6.67e-16	79.0
CDF90308.1	CM003570.1	26.316	228	417	107	308	659520	660176	2.02e-14	74.3
CDF90308.1	CM003570.1	28.272	191	417	135	305	495044	494478	1.97e-13	71.2
CDF90308.1	CM003567.1	45.918	294	417	104	394	445285	444413	3.16e-81	271
CDF90308.1	CM003567.1	29.720	286	417	42	322	253797	252970	5.36e-38	145
CDF90308.1	CM003567.1	25.670	261	417	112	314	824593	825375	1.47e-15	77.8
CDF90308.1	CM003567.1	30.288	208	417	107	298	517542	518135	2.27e-11	64.7
CDF90308.1	CM003563.1	43.624	298	417	102	393	26966	26079	3.52e-73	248
CDF90308.1	CM003563.1	32.301	226	417	107	323	221002	220355	3.26e-27	113
CDF90308.1	CM003563.1	29.557	203	417	110	309	443200	443796	8.31e-24	103
CDF90308.1	CM003563.1	22.458	236	417	107	323	368632	369324	2.58e-13	70.9
CDF90308.1	CM003563.1	29.710	138	417	181	306	266558	266968	2.68e-11	64.3
CDF90309.1	CM003565.1	46.970	132	133	1	131	533997	534389	9.09e-36	128
CDF90311.1	CM003564.1	62.866	307	787	505	776	617421	618341	1.95e-169	416
CDF90311.1	CM003564.1	32.550	596	787	3	508	615803	617431	1.95e-169	199
CDF90311.1	CM003564.1	26.531	343	787	464	774	191349	190402	1.64e-22	102
CDF90311.1	CM003564.1	21.835	316	787	473	775	474743	473913	2.09e-12	69.7
CDF90311.1	CM003565.1	53.295	516	787	269	777	535344	536834	2.27e-168	538
CDF90311.1	CM003565.1	27.703	296	787	508	774	598619	599482	2.40e-21	99.0
CDF90311.1	CM003565.1	27.313	227	787	550	769	418777	418187	1.14e-17	87.0
CDF90311.1	CM003565.1	26.531	196	787	598	767	517607	518164	2.33e-12	69.7
CDF90311.1	CM003565.1	32.215	149	787	549	696	532861	533265	1.50e-11	67.0
CDF90311.1	CM003559.1	38.535	314	787	463	773	187125	186268	2.07e-61	224
CDF90311.1	CM003559.1	27.928	222	787	549	769	229808	229206	2.33e-18	89.4
CDF90311.1	CM003559.1	26.480	321	787	473	780	73794	74648	1.01e-14	77.4
CDF90311.1	CM003569.1	35.556	270	787	465	731	260585	261301	1.10e-43	170
CDF90311.1	CM003569.1	28.959	221	787	549	768	308634	308020	1.36e-19	93.2
CDF90311.1	CM003569.1	30.531	226	787	474	696	789965	790546	1.23e-17	87.0
CDF90311.1	CM003569.1	28.333	240	787	467	695	974705	974046	2.55e-13	72.8
CDF90311.1	CM003569.1	26.733	303	787	473	768	839897	839133	2.85e-12	69.3
CDF90311.1	CM003560.1	30.275	327	787	456	773	1110248	1111123	4.96e-39	155
CDF90311.1	CM003560.1	28.528	326	787	473	773	1446834	1447712	2.69e-33	137
CDF90311.1	CM003560.1	29.767	215	787	549	763	66918	67502	1.41e-19	93.2
CDF90311.1	CM003560.1	29.091	220	787	549	768	120132	119548	1.56e-18	89.7
CDF90311.1	CM003560.1	23.453	307	787	471	769	802437	801604	8.04e-16	80.9
CDF90311.1	CM003560.1	30.588	170	787	529	694	1248568	1248086	5.66e-13	71.6
CDF90311.1	CM003560.1	26.160	237	787	474	696	137668	137036	5.76e-12	68.6
CDF90311.1	CM003560.1	26.000	250	787	550	783	553623	552952	1.70e-11	67.0
CDF90312.1	CM003565.1	83.333	138	138	1	138	537497	537084	4.95e-76	243
CDF90313.1	CM003565.1	35.704	717	724	7	629	540458	538395	5.07e-107	357
CDF90313.1	CM003565.1	49.474	95	724	632	722	538193	537909	5.81e-24	107
CDF90313.1	CM003561.1	26.368	201	724	318	510	95766	96305	1.45e-13	73.6
CDF90313.1	CM003569.1	25.904	166	724	318	479	789947	790405	3.85e-13	72.0
CDF90313.1	CM003559.1	32.544	169	724	320	477	230000	229542	1.85e-11	66.6
CDF90313.1	LIOO01000006.1	32.738	168	724	320	476	11023	11478	1.90e-11	66.6
CDF90314.1	CM003564.1	79.787	94	94	1	94	618831	618550	6.61e-49	163
CDF90315.1	CM003564.1	77.907	344	348	5	348	620226	619195	0.0	569
CDF90316.1	CM003565.1	74.510	255	403	155	403	541856	541092	1.73e-120	384
CDF90317.1	CM003565.1	55.710	1007	952	2	952	545599	542591	0.0	1091
CDF90317.1	CM003560.1	28.104	886	952	100	924	289751	287250	3.23e-91	318
CDF90317.1	CM003569.1	27.991	886	952	100	924	510127	507626	6.00e-91	317
CDF90317.1	CM003568.1	25.690	471	952	468	877	452029	453414	3.23e-28	122
CDF90317.1	CM003568.1	28.529	333	952	118	393	450325	451266	5.10e-24	108
CDF90317.1	CM003566.1	27.869	183	952	120	284	253412	252876	1.48e-11	67.4
CDF90318.1	CM003565.1	69.501	541	589	1	536	545893	547515	0.0	736
CDF90318.1	CM003562.1	28.817	524	589	48	563	682004	683530	2.85e-49	183
CDF90318.1	CM003568.1	24.094	552	589	29	512	53504	55120	3.64e-27	116
CDF90319.1	CM003565.1	47.647	510	450	7	449	549327	547831	1.26e-139	441
CDF90320.1	CM003565.1	41.974	841	746	1	742	550143	552614	1.70e-176	560
CDF90321.1	CM003564.1	63.127	678	679	15	664	620910	622940	0.0	869
CDF90321.1	CM003563.1	34.286	140	679	111	248	188784	188365	1.35e-19	92.8
CDF90322.1	CM003564.1	33.333	198	207	18	200	623499	624092	1.64e-22	93.6
CDF90323.1	CM003564.1	57.286	398	398	5	398	624367	625557	1.08e-152	476
CDF90323.1	CM003558.1	44.215	242	398	108	343	543909	543235	2.90e-47	172
CDF90324.1	CM003565.1	53.828	431	502	1	426	553520	554797	4.93e-159	499
CDF90325.1	CM003569.1	60.506	514	576	58	571	1041650	1043191	0.0	683
CDF90325.1	CM003564.1	55.277	559	576	19	572	627470	625800	0.0	667
CDF90326.1	CM003564.1	63.934	122	116	1	116	628727	629092	1.23e-48	164
CDF90327.1	CM003564.1	48.881	268	268	7	257	630143	629346	2.95e-75	247
CDF90327.1	CM003560.1	40.876	274	268	3	256	1150614	1151405	7.27e-50	174
CDF90327.1	LIOO01000003.1	41.897	253	268	20	256	21079	21810	6.23e-49	172
CDF90328.1	CM003555.1	84.420	828	811	1	811	410404	412830	0.0	1381
CDF90328.1	CM003560.1	45.198	354	811	459	809	154317	153256	1.05e-94	324
CDF90328.1	CM003564.1	31.200	375	811	459	809	235252	236355	1.73e-40	160
CDF90328.1	CM003562.1	31.356	354	811	461	802	805364	804333	8.15e-36	145
CDF90328.1	CM003565.1	27.070	314	811	533	807	245998	246861	1.70e-22	102
CDF90329.1	CM003562.1	27.254	477	484	1	413	878231	879649	4.93e-36	141
CDF90330.1	CM003562.1	62.186	677	781	1	605	883242	881224	0.0	774
CDF90330.1	CM003562.1	35.806	310	781	142	449	580931	580101	4.65e-49	187
CDF90330.1	CM003566.1	28.997	369	781	140	495	108530	107541	4.41e-37	149
CDF90330.1	CM003570.1	26.087	391	781	154	535	645134	644130	2.52e-14	76.3
CDF90331.1	CM003555.1	88.889	261	260	1	260	414393	413611	3.42e-159	488
CDF90332.1	CM003555.1	49.861	359	304	1	304	414695	415765	7.87e-95	305
CDF90333.1	CM003555.1	50.739	203	177	1	176	416074	416682	3.11e-60	200
CDF90334.1	CM003555.1	42.577	1226	1120	8	1120	417523	420918	0.0	726
CDF90334.1	CM003562.1	47.941	340	1120	94	433	886302	887258	3.12e-88	313
CDF90334.1	CM003562.1	28.464	267	1120	117	363	397751	397035	3.32e-19	92.8
CDF90334.1	CM003562.1	26.857	350	1120	117	423	891181	890303	3.12e-17	86.3
CDF90334.1	CM003562.1	25.670	261	1120	117	363	472878	472216	4.70e-12	69.3
CDF90334.1	CM003565.1	32.890	301	1120	111	381	319922	320794	4.47e-37	151
CDF90334.1	CM003565.1	29.581	382	1120	79	429	419179	418202	2.11e-24	110
CDF90334.1	CM003565.1	25.704	284	1120	103	385	532645	533340	9.72e-21	97.8
CDF90334.1	CM003565.1	25.373	335	1120	101	431	461521	460706	1.97e-18	90.5
CDF90334.1	CM003565.1	25.087	287	1120	108	388	484414	483701	1.55e-15	80.9
CDF90334.1	CM003559.1	28.571	336	1120	116	436	41946	41086	4.06e-28	122
CDF90334.1	CM003559.1	29.102	323	1120	117	429	230006	229221	1.95e-22	103
CDF90334.1	CM003559.1	24.269	342	1120	37	363	73554	74435	3.55e-14	76.3
CDF90334.1	CM003559.1	25.692	253	1120	117	359	187113	186481	3.35e-12	69.7
CDF90334.1	CM003560.1	32.692	260	1120	107	363	66672	67340	7.73e-26	114
CDF90334.1	CM003560.1	27.879	330	1120	114	442	120315	119530	1.30e-25	114
CDF90334.1	CM003560.1	25.862	348	1120	111	440	802464	801586	2.03e-23	106
CDF90334.1	CM003560.1	31.408	277	1120	96	363	45395	46045	2.98e-20	96.3
CDF90334.1	CM003560.1	25.937	347	1120	121	456	137674	136781	1.94e-19	93.6
CDF90334.1	CM003560.1	26.488	336	1120	117	435	98934	99770	4.71e-17	85.9
CDF90334.1	CM003560.1	28.214	280	1120	107	363	1235194	1235880	3.68e-16	82.8
CDF90334.1	CM003560.1	26.087	276	1120	118	379	1343376	1342669	2.11e-12	70.5
CDF90334.1	CM003560.1	23.228	254	1120	123	372	1446837	1447469	2.28e-12	70.5
CDF90334.1	CM003560.1	22.022	277	1120	88	363	1110197	1110910	2.88e-12	70.1
CDF90334.1	CM003560.1	22.981	322	1120	176	495	1114752	1115600	5.21e-11	65.9
CDF90335.1	CM003562.1	59.848	924	893	12	892	891187	888566	0.0	992
CDF90335.1	CM003562.1	28.707	317	893	14	312	838010	837138	1.12e-26	116
CDF90335.1	CM003562.1	26.936	297	893	8	280	886386	887114	3.07e-18	89.4
CDF90335.1	CM003562.1	26.235	324	893	11	304	397760	396885	4.30e-18	88.6
CDF90335.1	CM003562.1	24.823	282	893	14	278	472878	472165	4.01e-14	75.9
CDF90335.1	CM003562.1	30.732	205	893	142	308	490709	490158	4.64e-13	72.4
CDF90335.1	CM003560.1	29.936	314	893	12	324	120312	119524	2.85e-33	138
CDF90335.1	CM003560.1	30.351	313	893	5	308	1235191	1236036	3.19e-30	128
CDF90335.1	CM003560.1	32.692	260	893	59	315	66876	67514	3.00e-28	122
CDF90335.1	CM003560.1	26.686	341	893	13	332	98931	99791	5.86e-25	111
CDF90335.1	CM003560.1	26.710	307	893	63	364	802224	801454	1.21e-22	103
CDF90335.1	CM003560.1	25.515	388	893	14	382	45446	46447	6.49e-22	101
CDF90335.1	CM003560.1	25.887	282	893	4	263	1114584	1115285	3.12e-17	85.9
CDF90335.1	CM003560.1	23.494	332	893	11	326	1343400	1342513	5.89e-15	78.6
CDF90335.1	CM003567.1	29.831	295	893	20	311	253611	252874	2.97e-33	138
CDF90335.1	CM003567.1	27.869	305	893	2	305	445306	444548	2.85e-25	112
CDF90335.1	CM003567.1	25.150	334	893	15	303	824581	825480	1.26e-13	73.9
CDF90335.1	CM003567.1	28.090	267	893	6	264	517518	518168	2.00e-12	70.1
CDF90335.1	CM003564.1	28.146	302	893	9	305	614330	615079	2.77e-32	135
CDF90335.1	CM003564.1	27.832	309	893	12	303	474779	473997	2.48e-19	92.8
CDF90335.1	CM003564.1	26.633	199	893	74	269	503766	503251	1.96e-13	73.6
CDF90335.1	CM003564.1	25.581	258	893	19	269	540327	540962	2.85e-12	69.7
CDF90335.1	CM003564.1	27.564	156	893	132	287	570344	570739	3.47e-11	66.2
CDF90335.1	CM003565.1	28.669	293	893	13	305	532684	533406	1.77e-30	129
CDF90335.1	CM003565.1	29.070	258	893	60	315	418819	418193	3.02e-24	108
CDF90335.1	CM003565.1	26.797	306	893	2	306	461500	460739	9.25e-24	107
CDF90335.1	CM003565.1	24.373	279	893	18	257	445896	446645	5.16e-16	82.0
CDF90335.1	CM003565.1	25.818	275	893	9	264	517262	517930	7.52e-15	78.2
CDF90335.1	CM003565.1	24.771	218	893	74	269	320216	320776	1.32e-12	70.9
CDF90335.1	CM003565.1	26.364	220	893	73	278	536148	536681	7.79e-12	68.2
CDF90336.1	CM003562.1	40.992	383	517	6	385	893388	892474	4.02e-76	260
CDF90337.1	CM003562.1	54.167	144	220	3	146	894113	894541	3.44e-46	162
CDF90337.1	CM003562.1	40.000	85	220	136	220	894508	894762	4.58e-14	69.3
CDF90338.1	CM003555.1	33.585	530	482	7	479	422661	421339	1.11e-59	211
CDF90338.1	CM003555.1	55.556	54	482	427	478	212406	212248	4.40e-11	64.3
CDF90338.1	CM003565.1	61.404	57	482	422	478	343818	343648	4.56e-19	89.7
CDF90338.1	CM003567.1	69.231	52	482	427	478	327308	327153	1.41e-18	88.2
CDF90338.1	CM003562.1	50.769	65	482	419	481	954862	954671	2.18e-12	68.6
CDF90339.1	CM003562.1	62.664	458	455	5	455	895319	896692	0.0	600
CDF90339.1	CM003557.1	34.837	399	455	13	399	117887	119008	1.00e-58	207
CDF90339.1	CM003566.1	27.546	432	455	15	383	714462	715670	3.29e-25	108
CDF90339.1	CM003563.1	28.016	257	455	144	396	202390	203088	2.77e-18	86.7
CDF90339.1	CM003561.1	24.759	311	455	15	312	5862	5053	1.02e-15	79.0
CDF90340.1	CM003562.1	55.172	377	376	2	376	897020	898141	1.11e-133	420
CDF90340.1	CM003570.1	25.824	364	376	30	359	330845	329823	3.73e-23	100
CDF90340.1	LIOO01000002.1	25.824	364	376	30	359	15675	16697	4.64e-23	100
CDF90340.1	CM003568.1	25.077	323	376	39	358	658281	659135	6.95e-17	81.3
CDF90341.1	CM003562.1	76.667	150	154	1	150	901140	901589	6.74e-77	246
CDF90342.1	CM003562.1	90.756	119	119	1	119	902723	903079	3.38e-68	220
CDF90342.1	CM003555.1	89.076	119	119	1	119	424164	424520	1.68e-62	204
CDF90343.1	CM003562.1	76.806	526	507	1	506	903920	905494	0.0	830
CDF90344.1	CM003562.1	69.531	128	127	1	127	906497	906114	1.72e-57	190
CDF90345.1	CM003562.1	56.395	516	533	8	502	909044	907500	0.0	602
CDF90346.1	CM003562.1	80.449	445	448	3	444	909586	910920	0.0	777
CDF90346.1	CM003568.1	49.760	416	448	26	441	761587	762819	1.78e-137	434
CDF90346.1	CM003568.1	28.571	336	448	17	328	214200	215189	7.39e-34	134
CDF90346.1	CM003570.1	37.826	230	448	109	334	677000	676323	2.54e-42	159
CDF90347.1	CM003560.1	25.858	437	641	13	390	999924	1001135	5.93e-23	103
CDF90349.1	CM003562.1	62.271	2669	2675	9	2674	919765	911774	0.0	3380
CDF90349.1	CM003566.1	25.795	283	2675	1386	1656	618806	619636	3.22e-17	88.2
CDF90349.1	CM003568.1	26.022	269	2675	1395	1656	186515	185727	8.72e-17	86.7
CDF90350.1	CM003562.1	58.974	429	429	1	429	921419	920136	1.72e-173	537
CDF90351.1	CM003562.1	45.673	1537	1581	1	1443	926604	922165	0.0	1096
CDF90351.1	CM003555.1	39.116	1764	1581	1	1556	430661	425544	0.0	988
CDF90352.1	CM003562.1	54.008	237	226	2	226	927696	927007	3.06e-71	234
CDF90353.1	CM003555.1	99.209	253	312	60	312	433072	433830	4.06e-171	525
CDF90353.1	CM003555.1	90.164	61	312	1	61	432370	432552	7.46e-28	112
CDF90353.1	CM003567.1	62.903	310	312	6	312	223158	222229	7.93e-133	415
CDF90353.1	CM003567.1	37.201	293	312	37	289	154888	155757	6.11e-63	214
CDF90353.1	CM003560.1	63.226	310	312	6	312	196502	195573	6.78e-132	412
CDF90353.1	CM003560.1	46.809	282	312	29	305	1295909	1296751	8.82e-85	277
CDF90353.1	CM003560.1	45.745	282	312	29	305	1391589	1392431	4.54e-84	275
CDF90353.1	CM003560.1	42.373	295	312	6	299	894458	893601	7.35e-77	254
CDF90353.1	CM003560.1	43.214	280	312	29	305	1146666	1145830	1.72e-75	250
CDF90353.1	CM003570.1	59.197	299	312	5	297	203035	203931	3.76e-121	381
CDF90353.1	LIOO01000003.1	43.214	280	312	29	305	17081	16245	1.66e-75	250
CDF90354.1	CM003562.1	75.269	186	201	16	201	928048	928605	1.12e-98	311
CDF90354.1	CM003563.1	29.032	186	201	29	195	205265	204741	3.24e-12	63.2
CDF90354.1	CM003557.1	27.473	182	201	28	195	141668	141123	1.24e-11	61.6
CDF90355.1	CM003570.1	62.712	118	85	1	85	870878	871231	1.75e-39	136
CDF90357.1	CM003566.1	51.000	300	312	1	294	1030297	1031196	8.20e-99	317
CDF90358.1	CM003570.1	56.771	192	195	1	191	873435	874010	9.76e-61	202
CDF90358.1	CM003566.1	46.734	199	195	1	194	1031736	1032326	4.65e-55	186
CDF90359.1	CM003570.1	81.465	437	431	1	431	875474	874164	0.0	730
CDF90359.1	CM003570.1	43.692	325	431	118	431	416929	417810	6.87e-77	259
CDF90359.1	CM003570.1	35.556	225	431	122	341	604408	605067	1.31e-33	132
CDF90359.1	CM003555.1	52.675	243	431	125	347	245299	244571	1.93e-74	252
CDF90359.1	CM003555.1	38.430	242	431	125	348	191174	190470	2.37e-34	135
CDF90359.1	CM003568.1	34.639	332	431	104	416	760317	761249	1.42e-47	174
CDF90359.1	CM003562.1	40.171	234	431	124	348	55353	54658	9.60e-47	171
CDF90359.1	CM003562.1	33.475	236	431	111	344	512528	511824	1.33e-41	156
CDF90359.1	CM003562.1	38.115	244	431	114	347	637892	638608	1.80e-38	147
CDF90359.1	CM003560.1	34.936	312	431	119	418	1279241	1280137	2.81e-43	161
CDF90359.1	CM003560.1	38.053	226	431	125	347	1278440	1279111	7.57e-42	157
CDF90359.1	CM003560.1	38.189	254	431	103	348	270835	270101	1.22e-37	144
CDF90359.1	CM003560.1	36.179	246	431	119	356	1073039	1072305	4.01e-35	137
CDF90360.1	CM003566.1	35.224	335	325	1	323	1033437	1032487	1.09e-39	147
CDF90360.1	CM003570.1	46.715	137	325	181	304	876127	875723	1.55e-28	115
CDF90361.1	CM003570.1	57.842	695	684	1	684	876612	878678	0.0	807
CDF90362.1	CM003570.1	69.811	318	321	4	321	879698	878745	1.78e-160	494
CDF90362.1	CM003560.1	30.292	274	321	80	319	1220602	1221405	7.75e-28	112
CDF90362.1	CM003562.1	27.982	218	321	132	318	830814	830188	1.61e-11	63.9
CDF90363.1	CM003570.1	47.100	431	463	36	459	880095	881366	7.86e-125	399
CDF90363.1	CM003570.1	23.790	248	463	232	460	260782	260081	8.03e-15	75.9
CDF90363.1	CM003570.1	27.222	180	463	224	396	260953	260423	3.62e-13	70.9
CDF90363.1	CM003570.1	30.247	162	463	304	461	260953	260477	1.74e-11	65.5
CDF90363.1	CM003559.1	33.333	162	463	309	463	56180	56665	8.97e-22	97.8
CDF90363.1	CM003559.1	36.134	119	463	257	375	76091	76447	1.33e-18	87.8
CDF90363.1	CM003559.1	23.385	325	463	183	459	75482	76447	1.15e-17	85.1
CDF90363.1	CM003559.1	25.108	231	463	234	461	94854	95540	9.97e-16	79.0
CDF90363.1	CM003559.1	22.745	255	463	234	460	56213	56962	2.50e-15	77.8
CDF90363.1	CM003559.1	27.811	169	463	258	417	75317	75820	2.73e-15	77.4
CDF90363.1	CM003559.1	29.078	141	463	279	418	76028	76450	2.30e-13	71.2
CDF90363.1	CM003559.1	27.059	170	463	304	463	75329	75832	8.80e-11	63.2
CDF90363.1	CM003558.1	24.111	253	463	226	462	597068	596310	2.09e-21	96.7
CDF90363.1	CM003558.1	36.641	131	463	255	380	596696	596304	3.54e-20	92.8
CDF90363.1	CM003558.1	30.201	149	463	317	462	562469	562906	5.48e-11	63.9
CDF90363.1	CM003560.1	25.830	271	463	183	420	1318294	1319094	1.91e-18	87.4
CDF90363.1	CM003560.1	24.255	235	463	257	461	1318255	1318959	3.54e-14	73.9
CDF90363.1	CM003560.1	29.213	178	463	298	460	517763	518296	2.89e-11	64.7
CDF90363.1	CM003560.1	28.916	166	463	257	417	323301	323798	9.87e-11	63.2
CDF90363.1	CM003566.1	24.380	242	463	234	459	380668	381390	1.50e-17	84.7
CDF90363.1	CM003566.1	25.909	220	463	258	460	567605	566952	2.29e-17	84.0
CDF90364.1	CM003570.1	56.923	650	642	1	642	883407	881458	0.0	728
CDF90365.1	CM003570.1	85.658	767	757	1	756	887310	885010	0.0	1388
CDF90366.1	CM003566.1	60.705	397	393	2	393	1033996	1035183	2.28e-143	449
CDF90367.1	CM003570.1	70.000	70	103	9	78	887877	888086	6.87e-29	107
CDF90368.1	CM003570.1	75.655	267	266	1	265	888399	889199	7.15e-135	418
CDF90369.1	CM003570.1	67.731	1534	1524	3	1523	889687	894285	0.0	2205
CDF90370.1	CM003570.1	58.113	265	697	7	261	894882	895676	2.27e-92	314
CDF90371.1	CM003570.1	51.966	356	418	45	375	898529	897462	6.28e-118	377
CDF90371.1	CM003564.1	31.088	193	418	44	228	394698	395231	4.53e-15	76.3
CDF90371.1	CM003562.1	37.719	114	418	23	134	1029187	1028858	1.01e-13	72.0
CDF90371.1	CM003569.1	31.034	145	418	26	168	549382	548987	6.84e-13	69.3
CDF90371.1	CM003569.1	35.593	118	418	74	184	549361	549017	7.54e-12	66.2
CDF90372.1	CM003570.1	81.169	154	161	8	161	898995	899438	2.17e-75	243
CDF90373.1	CM003570.1	41.718	163	159	1	159	900120	899632	1.14e-37	134
CDF90375.1	CM003570.1	60.476	630	645	28	645	906607	904724	0.0	758
CDF90376.1	CM003565.1	55.620	685	653	2	653	261074	263113	0.0	741
CDF90376.1	CM003567.1	30.636	519	653	128	626	399427	398024	9.48e-52	192
CDF90376.1	CM003566.1	28.952	601	653	125	628	973565	975250	1.24e-42	165
CDF90376.1	CM003556.1	30.326	521	653	178	650	31406	29973	1.37e-41	161
CDF90376.1	CM003563.1	29.668	482	653	182	634	111517	112761	4.07e-33	135
CDF90377.1	CM003565.1	69.969	323	325	1	321	264195	263227	2.23e-159	491
CDF90378.1	CM003565.1	40.964	83	101	14	94	264460	264708	2.14e-16	71.6
CDF90379.1	CM003554.1	30.385	260	354	50	284	38285	37539	1.58e-22	97.8
CDF90380.1	CM003554.1	64.451	346	357	12	356	36181	37218	1.19e-159	494
CDF90381.1	CM003565.1	55.016	309	317	4	304	265723	264803	8.34e-111	352
CDF90381.1	CM003564.1	25.943	212	317	28	224	338459	339094	1.37e-18	85.5
CDF90382.1	CM003554.1	41.351	1110	1075	40	1072	25919	22671	0.0	761
CDF90382.1	CM003565.1	43.419	585	1075	545	1071	267747	269453	1.11e-123	418
CDF90382.1	CM003565.1	51.082	231	1075	134	351	266475	267167	2.13e-67	248
CDF90383.1	CM003565.1	61.340	388	389	3	369	269736	270893	7.09e-161	499
CDF90384.1	CM003554.1	86.027	365	371	2	366	21384	22478	0.0	662
CDF90385.1	CM003565.1	53.581	782	752	1	737	271184	273472	0.0	805
CDF90387.1	CM003565.1	70.619	194	304	111	304	275207	275788	3.04e-89	289
CDF90387.1	CM003560.1	26.794	209	304	119	296	593475	592855	2.05e-19	87.4
CDF90387.1	CM003556.1	25.980	204	304	123	293	48988	48383	1.08e-12	67.4
CDF90388.1	CM003554.1	62.249	249	249	1	249	20324	21070	8.59e-105	331
CDF90388.1	CM003554.1	49.225	258	249	1	249	19248	20021	2.17e-80	261
CDF90389.1	CM003565.1	45.180	695	641	1	641	276038	278074	0.0	575
CDF90390.1	CM003563.1	40.468	299	294	9	294	370372	371232	7.50e-57	196
CDF90391.1	CM003563.1	32.207	503	516	20	511	334254	332776	1.16e-79	270
CDF90391.1	CM003566.1	34.447	479	516	50	511	70338	71720	1.08e-72	250
CDF90391.1	CM003558.1	30.057	529	516	1	514	240008	238446	1.86e-63	223
CDF90391.1	CM003570.1	26.233	507	516	8	508	780892	782394	7.47e-62	218
CDF90391.1	CM003562.1	26.981	467	516	44	508	306640	308025	6.41e-60	213
CDF90393.1	CM003566.1	63.002	573	572	1	570	8496	10214	0.0	740
CDF90393.1	CM003564.1	49.153	354	572	217	562	71389	72426	5.05e-102	337
CDF90393.1	CM003564.1	30.818	159	572	1	158	70525	70989	5.23e-23	102
CDF90393.1	CM003567.1	49.432	352	572	219	562	97144	98175	8.22e-98	325
CDF90393.1	CM003567.1	34.597	211	572	5	212	96268	96846	7.90e-29	121
CDF90394.1	CM003566.1	39.080	87	102	12	97	213086	212826	5.56e-11	56.2
CDF90395.1	CM003558.1	57.083	240	258	19	254	582713	583423	3.19e-78	255
CDF90396.1	CM003561.1	71.884	345	400	1	343	5934	4903	1.58e-171	530
CDF90396.1	CM003557.1	26.377	345	400	53	381	117968	118987	2.52e-32	128
CDF90396.1	CM003563.1	26.289	388	400	20	391	202006	203106	1.95e-20	92.8
CDF90396.1	CM003562.1	22.947	414	400	12	381	895313	896497	1.26e-11	65.5
CDF90400.1	CM003558.1	66.697	1102	1094	20	1094	666538	669795	0.0	1477
CDF90401.1	CM003558.1	73.893	429	421	1	420	671228	669942	0.0	671
CDF90402.1	CM003558.1	59.072	733	836	122	836	671888	674050	0.0	846
CDF90402.1	CM003558.1	26.037	434	836	246	619	508819	510066	5.62e-35	143
CDF90402.1	CM003568.1	39.062	384	836	206	587	366493	365408	5.35e-71	254
CDF90402.1	CM003568.1	23.138	376	836	290	615	90439	89426	9.93e-13	70.9
CDF90402.1	CM003560.1	32.266	406	836	238	621	560186	561331	5.58e-56	209
CDF90402.1	CM003560.1	30.170	411	836	264	632	1121933	1120737	4.02e-52	197
CDF90402.1	CM003560.1	31.609	348	836	271	618	1344689	1345645	5.25e-44	172
CDF90402.1	CM003560.1	29.834	362	836	271	627	1024651	1023653	2.10e-40	160
CDF90402.1	CM003560.1	30.000	380	836	270	626	650531	651619	4.84e-37	149
CDF90402.1	CM003560.1	26.753	385	836	241	621	1211076	1210003	1.61e-34	141
CDF90402.1	CM003569.1	32.432	407	836	234	621	361519	360380	2.78e-54	204
CDF90402.1	CM003569.1	26.799	403	836	229	621	670183	671292	2.95e-38	153
CDF90402.1	CM003570.1	34.474	409	836	234	621	319681	318542	1.24e-53	202
CDF90403.1	CM003562.1	42.857	154	152	1	152	741414	741833	3.10e-24	96.3
CDF90404.1	CM003558.1	64.603	743	702	1	702	676839	674647	0.0	963
CDF90404.1	CM003562.1	45.302	596	702	103	695	739452	741128	1.64e-174	552
CDF90405.1	CM003565.1	43.096	956	990	9	919	189406	186710	0.0	680
CDF90405.1	CM003564.1	57.192	577	990	5	544	447550	449271	0.0	626
CDF90405.1	CM003564.1	31.655	417	990	540	886	449256	450419	0.0	143
CDF90406.1	CM003564.1	64.800	625	624	1	624	452712	450844	0.0	852
CDF90407.1	CM003564.1	54.602	804	824	11	795	453084	455450	0.0	898
CDF90408.1	CM003564.1	70.154	325	318	1	317	456709	455735	5.20e-157	484
CDF90408.1	CM003564.1	23.734	316	318	2	306	552700	553587	2.10e-13	69.7
CDF90409.1	CM003565.1	25.153	163	242	95	234	186002	186490	3.93e-11	61.2
CDF90410.1	CM003564.1	42.234	367	1065	188	536	459269	458211	1.61e-85	269
CDF90410.1	CM003564.1	30.000	200	1065	546	731	458142	457627	1.61e-85	66.6
CDF90410.1	CM003564.1	58.442	77	1065	21	97	459536	459306	6.05e-25	111
CDF90410.1	CM003567.1	60.000	60	1065	36	95	802969	802790	9.49e-18	88.2
CDF90411.1	CM003564.1	38.151	768	682	1	682	460485	462776	3.35e-153	490
CDF90412.1	CM003564.1	59.184	490	486	5	486	462993	464453	4.13e-168	524
CDF90414.1	CM003564.1	71.811	486	869	1	484	471094	472533	0.0	716
CDF90414.1	CM003564.1	46.985	398	869	477	869	472518	473708	0.0	323
CDF90415.1	CM003564.1	61.338	957	1465	527	1460	476657	473859	0.0	1089
CDF90415.1	CM003564.1	49.697	330	1465	1	315	478278	477361	8.30e-78	234
CDF90415.1	CM003564.1	52.800	125	1465	330	449	477319	476963	8.30e-78	76.6
CDF90415.1	CM003564.1	30.739	257	1465	1146	1397	614315	615046	4.54e-25	112
CDF90415.1	CM003564.1	28.425	292	1465	1167	1443	540330	541145	1.04e-23	108
CDF90415.1	CM003564.1	29.091	220	1465	1161	1362	570053	570646	2.73e-15	80.5
CDF90415.1	CM003564.1	23.343	347	1465	1165	1426	504018	502984	3.30e-14	77.0
CDF90415.1	CM003564.1	23.510	302	1465	1077	1361	647075	647947	9.68e-11	65.5
CDF90415.1	CM003566.1	38.855	332	1465	1161	1446	838678	839655	4.18e-60	228
CDF90415.1	CM003566.1	26.667	300	1465	1161	1436	312585	313445	2.01e-24	110
CDF90415.1	CM003566.1	28.621	290	1465	1167	1426	351391	352212	8.76e-24	108
CDF90415.1	CM003566.1	28.333	240	1465	1225	1427	616860	617552	4.99e-21	99.4
CDF90415.1	CM003559.1	35.315	286	1465	1161	1426	73779	74609	7.54e-43	171
CDF90415.1	CM003559.1	30.435	276	1465	1161	1426	230006	229212	3.10e-27	120
CDF90415.1	CM003559.1	32.420	219	1465	1165	1370	187098	186457	5.36e-24	109
CDF90415.1	CM003559.1	29.461	241	1465	1147	1366	41979	41287	1.33e-18	91.7
CDF90415.1	CM003568.1	34.000	300	1465	1161	1426	105083	105961	2.38e-42	169
CDF90415.1	CM003568.1	30.662	287	1465	1165	1430	710252	709413	4.31e-31	132
CDF90415.1	CM003568.1	27.119	295	1465	1160	1426	76736	75888	2.65e-19	94.0
CDF90415.1	CM003568.1	30.526	190	1465	1266	1427	723673	724236	7.02e-19	92.4
CDF90415.1	CM003568.1	27.551	196	1465	1174	1366	486199	486771	2.72e-14	77.4
CDF90415.1	CM003568.1	29.054	148	1465	1165	1311	446675	446250	3.05e-13	73.9
CDF90415.1	LIOO01000005.1	37.634	279	1465	1165	1442	4464	3691	1.36e-40	164
CDF90416.1	CM003564.1	75.439	114	158	45	158	478902	478561	1.59e-55	186
CDF90417.1	CM003564.1	57.212	208	217	1	208	479942	479319	1.30e-76	249
CDF90418.1	CM003564.1	44.360	1188	1154	1	1147	483451	480296	0.0	825
CDF90418.1	CM003565.1	49.390	984	1154	176	1128	173918	171324	0.0	822
CDF90418.1	CM003565.1	53.472	144	1154	1	125	174415	174014	9.15e-28	121
CDF90418.1	CM003561.1	44.444	342	1154	221	539	35065	34058	1.73e-74	271
CDF90418.1	CM003561.1	37.234	188	1154	683	836	33910	33356	7.42e-29	124
CDF90418.1	CM003562.1	40.810	321	1154	224	521	984965	985924	1.94e-61	230
CDF90418.1	CM003562.1	35.417	192	1154	683	849	986192	986758	3.44e-28	122
CDF90420.1	CM003565.1	50.276	724	754	25	740	177239	175104	0.0	705
CDF90420.1	CM003564.1	45.481	697	754	52	746	485990	483900	0.0	689
CDF90420.1	CM003567.1	26.052	618	754	92	667	715774	717396	5.37e-22	100
CDF90420.1	CM003569.1	34.940	166	754	539	688	205259	204771	1.05e-16	84.0
CDF90421.1	CM003564.1	63.424	257	556	305	556	487198	486449	4.62e-99	328
CDF90421.1	CM003564.1	48.160	326	556	1	292	488268	487321	1.86e-77	265
CDF90422.1	CM003564.1	64.680	671	667	1	661	489175	491187	0.0	924
CDF90423.1	CM003564.1	55.846	804	803	13	803	494134	491777	0.0	904
CDF90423.1	CM003566.1	35.130	538	803	19	545	253415	251925	4.03e-84	293
CDF90423.1	CM003566.1	39.316	117	803	18	128	697414	697752	1.77e-15	80.1
CDF90423.1	CM003569.1	37.086	151	803	18	149	510073	509633	1.23e-19	93.6
CDF90423.1	CM003569.1	32.051	156	803	1	148	401035	400586	8.55e-12	67.8
CDF90423.1	CM003560.1	37.086	151	803	18	149	289697	289257	1.23e-19	93.6
CDF90423.1	CM003568.1	36.667	150	803	17	149	450322	450759	8.07e-14	74.3
CDF90424.1	CM003565.1	78.689	305	302	1	302	179018	179932	7.32e-164	503
CDF90425.1	CM003565.1	62.441	213	260	48	260	180696	180058	3.97e-91	293
CDF90426.1	CM003565.1	60.000	745	717	1	717	181301	183526	0.0	917
CDF90426.1	CM003565.1	29.954	217	717	130	345	113971	113417	3.14e-13	72.4
CDF90426.1	CM003567.1	28.041	592	717	101	674	823429	821972	3.00e-53	198
CDF90426.1	CM003564.1	29.389	507	717	173	674	341664	340438	1.50e-47	181
CDF90426.1	CM003564.1	29.954	217	717	130	345	564717	565271	2.09e-13	72.8
CDF90426.1	CM003561.1	26.316	532	717	171	691	122694	124007	7.59e-39	154
CDF90426.1	CM003566.1	26.353	425	717	128	551	117871	118929	6.42e-38	151
CDF90426.1	CM003566.1	31.839	223	717	129	348	679035	678421	5.98e-20	94.4
CDF90427.1	CM003564.1	41.975	405	499	147	498	495322	496500	8.97e-86	287
CDF90427.1	CM003564.1	77.083	48	499	1	48	494650	494793	4.55e-19	89.7
CDF90427.1	CM003558.1	35.465	172	499	327	495	678375	677899	1.04e-23	104
CDF90427.1	CM003570.1	28.959	221	499	277	495	294257	293715	1.84e-16	81.6
CDF90428.1	CM003565.1	49.042	522	499	1	488	185254	183710	5.56e-121	389
CDF90429.1	CM003562.1	47.447	1136	1093	16	1062	246373	243011	0.0	1039
CDF90430.1	CM003564.1	59.305	489	467	1	467	276351	274891	0.0	588
CDF90431.1	CM003562.1	61.964	560	556	7	554	241024	242703	0.0	728
CDF90431.1	CM003562.1	25.387	323	556	18	307	62691	63584	6.86e-14	73.6
CDF90432.1	CM003562.1	67.857	252	250	1	250	239969	240712	3.81e-97	309
CDF90433.1	CM003562.1	56.478	301	300	1	299	171725	170823	1.63e-109	347
CDF90434.1	CM003566.1	70.588	102	105	3	104	211741	211439	6.86e-46	155
CDF90434.1	CM003562.1	66.019	103	105	3	105	170384	170692	4.38e-45	153
CDF90434.1	CM003559.1	43.434	99	105	3	101	57640	57347	6.19e-27	101
CDF90434.1	CM003556.1	35.714	98	105	1	94	35850	36143	5.00e-14	65.1
CDF90434.1	CM003560.1	32.653	98	105	1	94	846657	846950	5.09e-12	59.3
CDF90435.1	CM003566.1	45.445	933	874	4	870	217428	214795	0.0	715
CDF90437.1	CM003562.1	86.618	411	413	1	411	168870	170102	0.0	749
CDF90437.1	CM003563.1	31.579	171	413	1	161	455647	456111	3.52e-13	70.5
CDF90437.1	CM003558.1	36.170	141	413	8	146	271733	271341	7.78e-13	69.3
CDF90438.1	CM003562.1	79.381	485	485	4	484	168364	166910	0.0	818
CDF90439.1	CM003562.1	40.085	469	475	5	461	166559	165174	7.99e-100	327
CDF90440.1	CM003566.1	48.174	712	712	8	712	221133	219082	0.0	654
CDF90440.1	CM003562.1	29.954	434	712	121	528	850517	849285	2.10e-31	130
CDF90441.1	CM003562.1	89.686	223	252	30	252	162492	161824	3.63e-119	372
CDF90441.1	CM003566.1	86.937	222	252	31	252	222410	223075	3.04e-117	367
CDF90441.1	CM003566.1	83.784	37	252	1	36	221961	222071	9.81e-11	60.5
CDF90442.1	CM003560.1	72.148	973	970	1	970	569178	572096	0.0	1460
CDF90443.1	CM003560.1	36.592	757	926	192	923	567006	568925	1.92e-91	318
CDF90444.1	CM003560.1	36.971	449	424	28	423	564977	566314	2.94e-87	289
CDF90445.1	CM003560.1	88.816	152	168	17	168	1428799	1428344	6.40e-85	270
CDF90445.1	CM003555.1	40.217	92	168	41	132	102206	102481	1.72e-20	86.3
CDF90446.1	CM003560.1	56.213	338	326	3	325	1429100	1430113	6.33e-126	395
CDF90447.1	CM003560.1	49.351	616	562	1	562	559429	557594	5.31e-174	545
CDF90447.1	CM003567.1	26.903	565	562	1	547	292940	294418	1.21e-49	184
CDF90448.1	CM003560.1	61.022	372	369	2	368	557060	556020	6.04e-153	475
CDF90449.1	CM003570.1	46.331	954	1177	293	1171	515311	518088	0.0	717
CDF90450.1	CM003570.1	57.802	1083	1038	1	1038	499819	503049	0.0	1268
CDF90451.1	CM003570.1	67.119	663	652	1	651	499434	497473	0.0	908
CDF90451.1	CM003562.1	43.945	289	652	13	298	772826	771993	2.39e-65	233
CDF90451.1	CM003562.1	40.458	262	652	398	652	771851	771078	7.39e-51	189
CDF90452.1	CM003570.1	50.198	253	249	9	247	496606	497355	1.77e-70	233
CDF90453.1	CM003560.1	60.793	227	214	1	213	555704	555051	1.76e-84	271
CDF90454.1	CM003562.1	53.509	114	606	2	115	441692	442006	1.22e-29	124
CDF90454.1	CM003560.1	51.852	54	606	5	58	614648	614487	6.33e-13	70.9
CDF90454.1	CM003567.1	33.721	86	606	5	90	99333	99590	3.51e-11	65.1
CDF90454.1	CM003555.1	50.000	56	606	3	56	212418	212251	4.46e-11	64.7
CDF90455.1	CM003566.1	27.458	590	571	3	560	845161	846855	5.39e-63	223
CDF90457.1	CM003566.1	80.864	162	160	1	160	849775	849290	1.55e-87	277
CDF90458.1	CM003566.1	66.479	1420	1360	3	1360	850295	854347	0.0	1778
CDF90458.1	CM003562.1	52.842	950	1360	419	1358	437889	435202	0.0	1004
CDF90459.1	CM003566.1	61.605	349	345	1	345	854920	855954	9.52e-137	427
CDF90459.1	CM003559.1	50.325	308	345	34	338	126553	125639	5.79e-88	287
CDF90459.1	CM003564.1	48.582	282	345	36	313	656533	657372	4.72e-83	273
CDF90460.1	CM003566.1	55.814	344	394	54	394	859275	860291	2.85e-115	368
CDF90460.1	CM003560.1	49.602	377	394	49	394	1148629	1149747	3.57e-105	339
CDF90460.1	CM003560.1	35.106	94	394	292	385	145478	145242	8.69e-12	65.9
CDF90460.1	LIOO01000003.1	64.179	201	394	209	394	19571	20161	5.14e-85	280
CDF90460.1	LIOO01000003.1	71.875	32	394	176	207	19473	19568	5.14e-85	52.4
CDF90460.1	CM003563.1	35.106	94	394	292	385	420777	420541	2.41e-13	70.5
CDF90462.1	CM003560.1	41.418	268	273	1	267	1150617	1151417	4.04e-62	210
CDF90462.1	LIOO01000003.1	42.742	248	273	21	267	21082	21822	5.26e-60	204
CDF90462.1	CM003564.1	38.433	268	273	5	263	630137	629349	1.93e-46	165
CDF90463.1	CM003560.1	64.122	262	263	7	263	1152499	1151729	7.13e-104	329
CDF90464.1	CM003566.1	35.146	239	218	1	216	861123	860431	1.14e-36	134
CDF90465.1	CM003560.1	64.045	267	290	1	265	1152913	1153713	1.19e-121	382
CDF90466.1	CM003566.1	74.328	335	348	13	345	862328	861324	2.80e-171	527
CDF90467.1	CM003560.1	39.333	150	174	31	174	1154345	1154785	2.22e-24	97.4
CDF90468.1	CM003560.1	54.176	467	470	1	446	1155205	1156590	4.27e-158	495
CDF90469.1	CM003566.1	82.845	478	479	2	479	864744	863311	0.0	830
CDF90469.1	CM003558.1	32.704	477	479	1	464	749950	748541	1.75e-61	216
CDF90471.1	CM003563.1	62.201	209	231	1	209	70314	69691	2.69e-84	271
CDF90472.1	CM003563.1	82.099	486	488	2	487	66576	65119	0.0	824
CDF90472.1	CM003562.1	78.439	487	488	1	487	79312	77852	0.0	815
CDF90473.1	CM003563.1	30.060	499	535	62	533	64513	63098	1.58e-60	215
CDF90474.1	CM003562.1	57.418	364	350	1	348	76643	77722	3.82e-136	426
CDF90474.1	CM003562.1	23.513	353	350	9	344	389811	388927	1.55e-12	67.4
CDF90474.1	CM003570.1	27.356	329	350	19	338	293264	292452	5.37e-26	108
CDF90474.1	CM003570.1	27.692	260	350	87	345	594772	594035	7.77e-23	99.0
CDF90474.1	CM003570.1	27.817	284	350	79	343	577009	576203	4.34e-15	75.5
CDF90474.1	CM003570.1	28.500	200	350	148	342	577081	576515	9.32e-12	65.1
CDF90474.1	CM003569.1	27.083	336	350	10	338	326445	325603	1.95e-25	106
CDF90474.1	CM003569.1	25.954	262	350	68	310	571044	571790	1.93e-13	70.5
CDF90474.1	CM003555.1	23.324	343	350	13	350	144702	145583	6.87e-19	87.0
CDF90474.1	CM003567.1	26.619	278	350	87	350	565450	564626	3.48e-17	81.6
CDF90475.1	CM003563.1	37.383	107	281	166	270	62598	62912	7.50e-15	73.2
CDF90476.1	CM003562.1	52.202	1090	1004	1	1003	73182	76274	0.0	1036
CDF90476.1	CM003565.1	26.471	204	1004	728	927	442692	443246	6.02e-16	82.0
CDF90476.1	CM003565.1	38.095	105	1004	1	95	442335	442649	1.61e-11	67.4
CDF90476.1	CM003560.1	30.303	132	1004	736	862	525946	526341	1.86e-13	73.9
CDF90476.1	CM003569.1	29.134	127	1004	738	859	691741	692121	2.37e-12	70.1
CDF90477.1	CM003563.1	69.763	1561	1529	1	1529	56872	61542	0.0	2188
CDF90478.1	CM003563.1	49.342	304	301	1	295	56554	55646	8.36e-76	250
CDF90479.1	CM003563.1	55.319	564	670	94	646	53779	55458	0.0	636
CDF90480.1	CM003567.1	61.071	971	965	1	965	817403	820315	0.0	1283
CDF90481.1	CM003562.1	52.652	773	797	1	747	67197	69476	0.0	810
CDF90481.1	CM003565.1	28.365	208	797	46	245	479317	479928	3.06e-17	85.5
CDF90482.1	CM003567.1	35.678	398	424	41	420	820589	821638	1.18e-61	214
CDF90483.1	CM003562.1	71.374	262	261	1	261	66188	66970	3.09e-127	396
CDF90484.1	CM003562.1	26.359	368	380	21	377	64883	65971	1.55e-41	154
CDF90485.1	CM003567.1	87.327	505	493	1	492	823423	821909	0.0	905
CDF90485.1	CM003564.1	40.929	452	493	31	474	341775	340429	4.00e-96	317
CDF90485.1	CM003564.1	30.366	382	493	16	393	564672	565775	1.20e-40	155
CDF90485.1	CM003563.1	38.504	361	493	29	389	308844	309902	7.00e-73	250
CDF90485.1	CM003563.1	34.316	373	493	31	393	95361	94261	4.49e-53	192
CDF90485.1	CM003566.1	38.227	361	493	29	381	117871	118929	1.17e-71	246
CDF90485.1	CM003566.1	32.616	279	493	21	287	679062	678235	5.80e-31	126
CDF90485.1	CM003561.1	34.716	458	493	43	475	122625	123977	2.16e-66	231
CDF90486.1	CM003562.1	53.672	708	715	4	706	61285	59198	0.0	817
CDF90487.1	CM003567.1	53.606	513	509	8	489	824506	826041	1.84e-170	532
CDF90487.1	CM003567.1	26.266	316	509	31	341	253623	252850	1.01e-22	101
CDF90487.1	CM003561.1	28.704	324	509	17	337	95733	96554	1.21e-30	125
CDF90487.1	CM003570.1	25.490	306	509	34	338	257412	256618	1.30e-28	119
CDF90487.1	CM003570.1	25.466	322	509	29	337	282218	281415	1.15e-18	88.6
CDF90487.1	CM003570.1	26.641	259	509	35	291	160647	161255	7.62e-18	85.9
CDF90487.1	CM003570.1	24.746	295	509	3	281	279842	279120	4.04e-17	83.6
CDF90487.1	CM003570.1	25.630	238	509	105	340	262290	262883	1.02e-15	79.3
CDF90487.1	CM003570.1	23.431	239	509	102	337	151281	150694	5.63e-15	77.0
CDF90487.1	CM003569.1	25.595	336	509	15	337	789908	790735	5.23e-27	114
CDF90487.1	CM003569.1	25.087	287	509	20	295	956253	955552	1.28e-16	82.0
CDF90487.1	CM003569.1	23.853	327	509	32	342	308817	308008	2.87e-16	80.9
CDF90487.1	CM003569.1	24.169	331	509	33	348	311534	310710	7.24e-15	76.6
CDF90487.1	CM003569.1	26.702	191	509	103	287	95261	95785	2.57e-12	68.6
CDF90487.1	CM003569.1	24.118	340	509	13	341	839960	839151	3.03e-12	68.2
CDF90487.1	CM003563.1	26.727	333	509	34	366	220987	220184	2.28e-23	103
CDF90487.1	CM003563.1	27.564	312	509	34	339	26936	26166	2.60e-18	87.4
CDF90487.1	CM003563.1	25.000	276	509	82	347	443263	443976	4.31e-16	80.5
CDF90487.1	CM003563.1	26.404	178	509	103	278	266519	266956	1.02e-12	69.7
CDF90488.1	CM003562.1	83.471	242	242	1	241	58212	58937	2.17e-135	419
CDF90489.1	CM003562.1	42.727	220	218	12	217	57312	57869	2.13e-44	157
CDF90490.1	CM003567.1	81.679	131	138	8	138	826731	827123	3.70e-52	175
CDF90491.1	CM003562.1	54.712	1422	1368	1	1366	56577	52444	0.0	1351
CDF90491.1	CM003562.1	36.842	247	1368	382	624	637934	638653	6.48e-45	177
CDF90491.1	CM003562.1	40.693	231	1368	377	605	512495	511827	8.81e-42	167
CDF90491.1	CM003560.1	45.324	278	1368	377	651	1278428	1279240	2.22e-62	234
CDF90491.1	CM003560.1	41.473	258	1368	378	631	1279253	1279990	9.69e-48	187
CDF90491.1	CM003560.1	41.423	239	1368	382	615	1073015	1072323	2.99e-47	185
CDF90491.1	CM003560.1	39.024	246	1368	379	619	270790	270074	6.65e-39	158
CDF90491.1	CM003566.1	33.562	438	1368	380	809	901742	900600	2.44e-57	218
CDF90491.1	CM003566.1	32.675	456	1368	379	806	57712	56405	5.98e-52	201
CDF90491.1	CM003566.1	39.437	284	1368	379	646	56728	55892	7.13e-50	194
CDF90491.1	CM003566.1	39.773	264	1368	380	643	900929	900195	1.50e-48	189
CDF90491.1	CM003569.1	40.486	247	1368	372	609	271586	272308	1.61e-49	192
CDF90491.1	CM003569.1	37.768	233	1368	382	609	539649	538975	1.39e-40	163
CDF90491.1	CM003565.1	38.078	281	1368	379	654	493072	492302	1.83e-48	189
CDF90491.1	CM003565.1	35.537	242	1368	377	610	596378	597088	1.03e-38	157
CDF90492.1	CM003567.1	58.785	461	468	3	457	828632	827253	3.49e-164	512
CDF90492.1	CM003558.1	32.278	316	468	2	303	622092	621196	7.06e-25	107
CDF90493.1	CM003567.1	32.500	240	355	123	352	829170	829889	9.17e-32	125
CDF90494.1	CM003562.1	75.000	1968	1962	1	1960	52156	46256	0.0	3137
CDF90494.1	CM003562.1	30.618	712	1962	1134	1804	1020368	1022395	1.23e-80	296
CDF90494.1	CM003562.1	33.583	533	1962	234	750	1020206	1021690	3.49e-69	258
CDF90494.1	CM003556.1	34.889	1714	1962	134	1789	39981	44996	0.0	973
CDF90494.1	CM003566.1	30.435	207	1962	1135	1339	905613	905053	5.79e-15	80.1
CDF90494.1	CM003566.1	32.051	156	1962	1371	1518	904707	904258	1.04e-11	69.3
CDF90495.1	CM003562.1	50.901	222	206	10	204	45497	46144	8.95e-51	174
CDF90496.1	CM003567.1	61.500	200	195	1	193	830719	830135	1.93e-65	216
CDF90496.1	CM003562.1	48.438	128	195	26	141	44732	45115	2.43e-32	121
CDF90497.1	CM003567.1	65.766	555	555	1	555	832718	831054	0.0	769
CDF90497.1	CM003560.1	31.153	321	555	148	448	948497	947541	2.94e-36	143
CDF90497.1	CM003560.1	26.437	261	555	152	390	582175	581420	9.75e-20	92.4
CDF90498.1	CM003567.1	69.101	534	530	1	529	833748	835343	0.0	773
CDF90498.1	CM003558.1	53.286	426	530	102	523	495897	497159	2.57e-151	478
CDF90498.1	CM003562.1	27.105	380	530	131	474	936816	937931	4.65e-28	118
CDF90499.1	CM003567.1	69.118	136	141	6	141	835696	836094	7.49e-63	206
CDF90500.1	CM003562.1	57.831	1079	1001	1	968	40852	44022	0.0	1162
CDF90501.1	CM003562.1	33.121	157	171	2	146	40662	40222	1.16e-15	72.4
CDF90502.1	CM003562.1	41.746	527	678	155	672	38637	40127	7.51e-110	364
CDF90502.1	CM003566.1	37.576	165	678	332	492	344512	344985	3.19e-24	107
CDF90502.1	CM003569.1	33.971	209	678	294	489	904808	905404	2.62e-23	104
CDF90503.1	CM003567.1	31.250	320	308	3	308	837164	836241	1.70e-34	131
CDF90504.1	CM003567.1	83.333	510	509	1	509	838919	837390	0.0	899
CDF90505.1	CM003567.1	79.450	618	699	68	685	841235	839385	0.0	1033
CDF90505.1	CM003566.1	33.592	387	699	291	671	516279	517430	8.02e-54	199
CDF90505.1	CM003566.1	31.437	334	699	385	692	27199	26222	7.94e-35	141
CDF90505.1	CM003566.1	35.636	275	699	415	665	105738	106532	3.63e-31	130
CDF90505.1	CM003566.1	26.160	237	699	425	655	29134	28433	1.95e-20	95.5
CDF90505.1	CM003566.1	24.900	249	699	461	695	103884	104600	6.34e-14	74.3
CDF90505.1	CM003570.1	30.880	557	699	148	688	31413	33008	1.38e-51	193
CDF90505.1	CM003565.1	29.436	479	699	232	682	622318	623727	5.53e-49	185
CDF90505.1	CM003565.1	31.646	237	699	431	662	625015	625707	1.04e-27	119
CDF90505.1	CM003565.1	35.780	109	699	417	524	12532	12215	6.38e-15	77.8
CDF90505.1	CM003565.1	23.238	383	699	315	687	14740	13616	7.63e-15	77.4
CDF90505.1	CM003565.1	38.182	110	699	557	666	12065	11742	8.11e-14	74.3
CDF90505.1	CM003560.1	33.762	311	699	362	665	773544	774455	7.61e-41	160
CDF90505.1	CM003560.1	25.962	312	699	368	671	771624	772502	2.03e-19	92.4
CDF90506.1	CM003567.1	71.693	809	836	48	833	844326	841903	0.0	1197
CDF90507.1	CM003567.1	59.656	1222	1184	7	1184	846842	850501	0.0	1509
CDF90507.1	CM003567.1	26.687	326	1184	201	488	688902	689873	7.71e-24	108
CDF90507.1	CM003555.1	29.348	184	1184	306	486	357096	357629	6.69e-17	85.5
CDF90507.1	CM003558.1	26.699	206	1184	286	487	86363	85767	1.35e-15	81.3
CDF90507.1	CM003560.1	23.229	353	1184	203	485	905542	906582	3.70e-13	73.2
CDF90508.1	CM003562.1	50.584	257	289	32	280	37487	38251	6.11e-75	248
CDF90509.1	CM003562.1	40.034	587	555	7	552	37188	35473	2.63e-113	369
CDF90510.1	CM003562.1	55.335	403	403	1	403	33949	35106	1.48e-133	421
CDF90510.1	CM003562.1	38.224	259	403	151	400	606707	607477	9.13e-50	179
CDF90510.1	CM003562.1	27.839	273	403	159	402	25289	26086	1.83e-14	74.3
CDF90510.1	CM003567.1	56.790	405	403	1	403	852061	850895	3.51e-131	414
CDF90511.1	CM003567.1	71.917	1638	1929	291	1928	853672	858339	0.0	2460
CDF90511.1	CM003567.1	74.888	223	1929	1	222	852988	853656	2.00e-103	370
CDF90511.1	CM003562.1	51.944	1929	1929	7	1928	506195	500991	0.0	1967
CDF90511.1	CM003566.1	56.654	1022	1929	914	1928	799990	802905	0.0	1160
CDF90511.1	CM003566.1	58.571	560	1929	286	845	798307	799971	0.0	698
CDF90511.1	CM003566.1	47.368	209	1929	7	215	797701	798285	9.49e-52	201
CDF90512.1	CM003567.1	67.135	569	570	1	569	858829	860502	0.0	726
CDF90512.1	CM003567.1	40.169	356	570	20	349	668609	669673	1.81e-70	245
CDF90512.1	CM003566.1	48.081	495	570	4	475	803390	804865	1.28e-147	469
CDF90512.1	CM003569.1	45.358	377	570	1	372	817735	816635	2.92e-99	329
CDF90512.1	CM003569.1	39.244	344	570	34	367	1008721	1007696	1.91e-74	257
CDF90513.1	CM003562.1	60.000	40	44	3	42	32878	32997	4.49e-11	53.5
CDF90514.1	CM003562.1	67.532	154	200	1	154	32185	32646	5.44e-71	232
CDF90516.1	CM003560.1	70.450	555	543	1	543	804290	805951	0.0	821
CDF90517.1	CM003560.1	67.460	126	181	1	125	803918	803541	1.02e-52	179
CDF90518.1	CM003566.1	45.736	258	238	1	237	306970	306209	1.35e-70	233
CDF90519.1	CM003566.1	36.111	288	325	107	323	308292	307432	1.24e-48	173
CDF90520.1	CM003566.1	32.913	793	718	1	707	311817	309505	1.25e-123	405
CDF90521.1	CM003566.1	54.346	1231	1201	2	1201	312300	315731	0.0	1190
CDF90521.1	CM003566.1	23.810	336	1201	137	423	616578	617549	4.19e-23	105
CDF90521.1	CM003566.1	26.667	300	1201	144	423	838675	839571	2.18e-22	103
CDF90521.1	CM003566.1	25.965	285	1201	214	447	351499	352332	7.98e-16	82.0
CDF90521.1	CM003560.1	53.433	1209	1201	6	1201	802797	799612	0.0	1172
CDF90521.1	CM003560.1	37.589	282	1201	142	423	120315	119551	9.05e-56	212
CDF90521.1	CM003560.1	31.962	316	1201	109	420	66597	67505	9.48e-47	183
CDF90521.1	CM003560.1	28.383	303	1201	135	423	98904	99734	3.70e-31	132
CDF90521.1	CM003560.1	28.165	316	1201	137	423	1235206	1236057	3.81e-28	122
CDF90521.1	CM003560.1	26.384	307	1201	144	420	137689	136847	1.62e-23	107
CDF90521.1	CM003560.1	26.201	229	1201	214	424	1110434	1111108	3.32e-21	99.8
CDF90521.1	CM003560.1	28.251	223	1201	150	369	45461	46045	1.32e-15	81.3
CDF90521.1	CM003560.1	24.891	229	1201	146	369	1446822	1447430	1.73e-15	80.9
CDF90521.1	CM003560.1	23.585	318	1201	148	433	1343364	1342525	3.38e-13	73.2
CDF90521.1	CM003560.1	23.952	334	1201	137	419	553971	552997	1.44e-12	71.2
CDF90521.1	CM003560.1	26.437	174	1201	199	369	1248586	1248074	1.11e-11	68.2
CDF90521.1	CM003560.1	25.000	204	1201	244	423	493392	493985	1.53e-11	67.8
CDF90521.1	CM003565.1	34.091	308	1201	135	431	419089	418169	5.42e-52	200
CDF90521.1	CM003565.1	27.839	273	1201	139	411	532669	533400	1.76e-30	130
CDF90521.1	CM003565.1	28.938	273	1201	141	411	461482	460748	4.81e-26	115
CDF90521.1	CM003565.1	29.956	227	1201	151	373	484369	483779	5.76e-20	95.5
CDF90521.1	CM003565.1	32.394	142	1201	246	370	446223	446648	1.67e-18	90.9
CDF90521.1	CM003565.1	26.621	293	1201	214	455	517409	518278	4.90e-16	82.8
CDF90521.1	CM003565.1	23.856	306	1201	151	423	535920	536804	6.99e-15	79.0
CDF90521.1	LIOO01000006.1	33.803	284	1201	141	420	11005	11802	3.37e-46	181
CDF90521.1	CM003559.1	33.922	283	1201	142	420	230015	229221	3.77e-46	181
CDF90521.1	CM003559.1	25.784	287	1201	148	411	41934	41155	2.89e-24	109
CDF90521.1	CM003559.1	25.610	246	1201	195	422	187026	186289	4.08e-17	86.3
CDF90521.1	CM003559.1	23.856	306	1201	145	424	73779	74612	2.22e-15	80.5
CDF90522.1	CM003560.1	31.447	318	268	8	259	798056	798946	4.97e-27	108
CDF90523.1	CM003566.1	56.105	344	368	32	364	316978	315947	9.11e-132	414
CDF90524.1	CM003560.1	44.048	252	316	1	240	797176	796439	4.69e-56	194
CDF90525.1	CM003566.1	60.518	618	593	4	590	319090	317243	0.0	738
CDF90525.1	CM003569.1	36.511	556	593	59	584	130210	128606	7.38e-100	332
CDF90525.1	CM003569.1	36.719	128	593	4	129	130684	130307	5.09e-19	90.5
CDF90526.1	CM003560.1	47.700	413	431	20	431	794862	796088	2.64e-132	419
CDF90526.1	CM003566.1	49.864	369	431	69	431	320532	319438	6.10e-116	372
CDF90528.1	CM003560.1	48.193	332	326	5	324	794257	793265	1.46e-95	308
CDF90528.1	CM003566.1	61.111	54	326	136	189	609508	609669	1.64e-17	82.4
CDF90528.1	CM003569.1	55.102	49	326	136	184	763183	763329	2.71e-12	66.2
CDF90529.1	CM003560.1	74.826	1585	1588	4	1588	793010	788256	0.0	2534
CDF90530.1	CM003560.1	71.400	493	1142	1	492	787954	786479	0.0	754
CDF90530.1	CM003560.1	43.212	685	1142	482	1139	786512	784518	2.00e-150	499
CDF90530.1	CM003570.1	25.000	264	1142	85	326	77571	76789	5.00e-11	66.2
CDF90531.1	CM003566.1	69.741	347	346	2	346	321501	322541	1.67e-164	507
CDF90532.1	CM003560.1	82.547	636	640	8	640	782257	784161	0.0	1070
CDF90533.1	CM003566.1	40.948	232	265	10	226	323461	322799	1.19e-45	162
CDF90534.1	CM003566.1	67.896	651	633	1	633	325632	323683	0.0	900
CDF90535.1	CM003566.1	71.111	90	125	35	124	326399	326668	1.34e-41	144
CDF90536.1	CM003566.1	55.172	377	357	1	357	327871	326741	4.41e-138	432
CDF90537.1	CM003566.1	60.697	402	397	3	395	343816	345012	8.89e-158	490
CDF90537.1	CM003562.1	37.500	160	397	232	386	39129	39599	7.63e-24	102
CDF90537.1	CM003569.1	31.410	156	397	237	379	904946	905392	1.82e-13	71.2
CDF90538.1	CM003560.1	37.153	288	257	1	255	780882	781730	4.18e-39	143
CDF90539.1	CM003560.1	36.511	556	526	1	525	779044	780708	3.16e-106	348
CDF90539.1	CM003564.1	24.783	460	526	2	437	581815	580493	4.24e-28	118
CDF90540.1	CM003560.1	51.497	501	512	28	512	777216	778685	6.39e-157	493
CDF90540.1	CM003566.1	43.711	485	512	42	512	347761	346361	3.33e-125	402
CDF90541.1	CM003566.1	65.341	176	173	1	173	348472	348999	3.71e-74	239
CDF90544.1	CM003560.1	70.891	1515	1524	5	1519	769950	774476	0.0	2271
CDF90544.1	CM003566.1	39.747	1580	1524	22	1519	101931	106553	0.0	1086
CDF90544.1	CM003566.1	34.818	1212	1524	390	1517	29824	26285	0.0	689
CDF90544.1	CM003566.1	26.793	474	1524	1047	1502	516006	517382	9.32e-33	138
CDF90544.1	CM003566.1	23.992	521	1524	376	857	515937	517421	4.32e-24	109
CDF90544.1	CM003563.1	34.768	1185	1524	396	1517	501491	504913	0.0	664
CDF90544.1	CM003562.1	35.746	898	1524	648	1519	29280	26680	1.01e-161	543
CDF90544.1	CM003562.1	23.260	503	1524	188	660	30852	29425	4.86e-25	112
CDF90544.1	CM003562.1	22.444	401	1524	490	839	27867	26746	5.06e-11	66.6
CDF90544.1	CM003565.1	30.160	998	1524	410	1373	15037	12215	1.86e-149	425
CDF90544.1	CM003565.1	40.625	160	1524	1376	1517	12209	11730	1.86e-149	124
CDF90544.1	CM003565.1	23.559	590	1524	958	1509	621940	623655	3.74e-24	109
CDF90544.1	CM003565.1	32.110	218	1524	1295	1509	625066	625707	2.48e-22	103
CDF90544.1	CM003565.1	28.870	239	1524	633	843	622939	623631	2.08e-18	90.9
CDF90544.1	CM003565.1	25.000	344	1524	1182	1516	14671	13670	6.79e-17	85.9
CDF90544.1	CM003565.1	26.050	238	1524	634	840	625027	625674	6.18e-13	72.8
CDF90545.1	CM003566.1	58.755	514	688	97	597	356634	355135	0.0	602
CDF90545.1	CM003566.1	73.333	90	688	7	96	356903	356634	0.0	150
CDF90546.1	CM003560.1	43.656	662	808	1	656	766913	764946	2.58e-171	548
CDF90548.1	CM003566.1	51.091	550	836	1	530	357671	359308	1.36e-178	570
CDF90548.1	CM003566.1	49.547	331	836	521	836	359278	360246	1.38e-83	292
CDF90549.1	CM003566.1	56.448	411	520	8	397	360594	361787	4.13e-138	439
CDF90550.1	CM003566.1	52.444	675	682	11	678	364185	362170	0.0	722
CDF90551.1	CM003560.1	84.000	50	77	1	50	763567	763716	3.71e-25	85.5
CDF90551.1	CM003560.1	76.923	26	77	51	76	763790	763867	3.71e-25	43.1
CDF90551.1	CM003566.1	53.947	76	77	1	76	49230	49003	2.33e-19	78.6
CDF90551.1	CM003566.1	53.947	76	77	1	76	50370	50143	2.40e-19	78.6
CDF90551.1	CM003566.1	53.947	76	77	1	76	50142	49915	2.42e-19	78.6
CDF90551.1	CM003566.1	53.947	76	77	1	76	49914	49687	2.42e-19	78.6
CDF90551.1	CM003566.1	53.947	76	77	1	76	49686	49459	2.42e-19	78.6
CDF90551.1	CM003566.1	53.947	76	77	1	76	49458	49231	2.42e-19	78.6
CDF90551.1	CM003566.1	51.429	70	77	1	70	486025	486234	2.87e-16	70.1
CDF90551.1	CM003553.1	54.167	72	77	5	76	245824	245609	3.51e-19	78.2
CDF90551.1	CM003565.1	54.167	72	77	5	76	50666	50881	4.02e-19	78.2
CDF90552.1	CM003560.1	61.538	221	225	1	220	763359	762697	8.10e-94	298
CDF90553.1	CM003560.1	56.176	1700	1668	1	1668	757500	762593	0.0	1844
CDF90554.1	CM003566.1	51.770	226	234	1	224	365101	364424	1.81e-76	249
CDF90555.1	CM003566.1	40.854	164	172	11	171	365360	365851	6.75e-38	136
CDF90556.1	CM003560.1	65.426	376	370	1	369	755897	757018	4.70e-176	541
CDF90557.1	CM003560.1	39.158	475	676	30	464	753709	755016	1.85e-76	266
CDF90558.1	CM003569.1	60.119	504	533	33	532	822345	820858	0.0	637
CDF90559.1	CM003569.1	67.871	249	240	1	240	820492	819755	3.60e-110	346
CDF90560.1	CM003569.1	46.891	386	409	40	409	818522	819655	4.43e-107	345
CDF90561.1	CM003557.1	80.916	393	391	1	389	117833	119008	0.0	665
CDF90561.1	CM003562.1	36.585	410	391	8	389	895310	896518	4.28e-61	212
CDF90561.1	CM003566.1	30.805	435	391	9	387	714417	715712	2.58e-39	148
CDF90561.1	CM003561.1	28.912	294	391	50	339	5769	4903	3.40e-31	124
CDF90561.1	CM003563.1	29.032	403	391	3	387	201967	203091	1.05e-29	120
CDF90562.1	CM003569.1	65.094	106	105	1	105	831631	831314	3.99e-19	79.3
CDF90562.1	CM003560.1	53.636	110	105	1	105	293479	293150	1.01e-16	72.4
CDF90563.1	CM003569.1	84.444	135	143	9	143	832372	832776	2.10e-75	242
CDF90564.1	CM003569.1	51.335	487	446	1	446	833282	834649	2.56e-141	446
CDF90566.1	CM003569.1	59.444	360	359	5	358	836095	835019	8.31e-144	448
CDF90566.1	CM003557.1	25.410	366	359	5	357	98946	97918	1.05e-26	110
CDF90567.1	CM003557.1	77.778	603	610	8	609	112009	113817	0.0	960
CDF90568.1	CM003569.1	33.333	261	368	17	266	838731	837982	1.28e-29	119
CDF90569.1	CM003557.1	53.270	1254	1222	125	1219	107604	111317	0.0	1179
CDF90569.1	CM003557.1	25.830	271	1222	953	1219	156198	155431	1.89e-18	90.5
CDF90569.1	CM003569.1	57.479	936	1222	296	1222	841856	839130	0.0	1038
CDF90569.1	CM003569.1	31.655	278	1222	960	1219	789941	790732	1.55e-25	114
CDF90569.1	CM003569.1	30.070	286	1222	952	1214	956271	955459	4.94e-24	108
CDF90569.1	CM003569.1	28.179	291	1222	953	1219	308853	308026	4.30e-20	95.9
CDF90569.1	CM003569.1	26.690	281	1222	962	1214	974702	973881	2.28e-18	90.5
CDF90569.1	CM003569.1	30.702	228	1222	959	1170	260564	261214	8.56e-18	88.6
CDF90569.1	CM003569.1	27.599	279	1222	964	1219	311540	310746	7.98e-16	82.0
CDF90569.1	CM003569.1	27.854	219	1222	958	1171	644249	643653	1.59e-12	71.2
CDF90569.1	CM003569.1	25.680	331	1222	936	1219	95027	95932	2.22e-11	67.4
CDF90569.1	CM003569.1	56.863	51	1222	126	176	842293	842141	2.24e-11	67.4
CDF90569.1	CM003560.1	32.056	287	1222	943	1222	120354	119545	5.82e-32	135
CDF90569.1	CM003560.1	33.716	261	1222	966	1208	66714	67478	4.35e-29	125
CDF90569.1	CM003560.1	30.282	284	1222	954	1214	98904	99716	3.67e-26	115
CDF90569.1	CM003560.1	28.231	294	1222	953	1219	802473	801613	1.69e-25	114
CDF90569.1	CM003560.1	28.114	281	1222	966	1219	1110296	1111102	9.05e-21	98.2
CDF90569.1	CM003560.1	27.491	291	1222	961	1214	137689	136856	1.92e-19	94.0
CDF90569.1	CM003560.1	27.609	297	1222	959	1219	1235206	1236054	6.85e-19	92.0
CDF90569.1	CM003560.1	26.950	282	1222	958	1218	1343385	1342552	1.95e-17	87.4
CDF90569.1	CM003560.1	30.357	224	1222	956	1170	1446807	1447430	4.74e-16	82.8
CDF90569.1	CM003560.1	23.790	248	1222	1006	1221	1114725	1115447	1.28e-14	78.2
CDF90569.1	CM003560.1	28.287	251	1222	968	1210	45464	46180	2.33e-14	77.0
CDF90569.1	CM003560.1	24.893	233	1222	1012	1214	553674	553003	3.49e-12	70.1
CDF90569.1	CM003560.1	25.926	189	1222	1058	1219	493428	493982	1.46e-11	67.8
CDF90569.1	CM003559.1	31.418	261	1222	966	1214	229994	229230	4.44e-28	122
CDF90569.1	CM003559.1	28.826	281	1222	968	1221	187092	186283	1.65e-22	103
CDF90569.1	CM003559.1	28.378	296	1222	943	1208	42000	41155	2.06e-22	103
CDF90569.1	CM003559.1	25.088	283	1222	968	1219	73797	74606	1.84e-13	74.3
CDF90569.1	LIOO01000006.1	31.418	261	1222	966	1214	11029	11793	5.81e-28	121
CDF90570.1	CM003557.1	48.333	300	299	1	299	106576	105677	5.69e-95	305
CDF90570.1	CM003569.1	24.912	285	299	53	293	844834	845688	1.78e-18	84.7
CDF90571.1	CM003569.1	29.000	300	294	16	291	843334	844209	7.51e-22	94.4
CDF90571.1	CM003569.1	26.400	250	294	55	294	844984	845721	5.43e-16	77.0
CDF90571.1	CM003557.1	26.721	247	294	47	287	106372	105683	9.38e-14	70.1
CDF90573.1	CM003569.1	37.027	370	330	1	330	844621	845715	1.33e-74	248
CDF90573.1	CM003557.1	28.516	256	330	71	324	106420	105686	3.05e-23	99.4
CDF90574.1	CM003569.1	54.167	480	483	16	482	847279	845843	1.94e-171	534
CDF90575.1	CM003569.1	40.224	624	1128	527	1123	849499	847760	3.82e-116	397
CDF90576.1	CM003557.1	80.656	579	1059	481	1059	103595	105328	0.0	972
CDF90576.1	CM003557.1	45.255	411	1059	2	397	101973	103148	3.45e-81	290
CDF90576.1	CM003569.1	35.793	542	1059	505	1035	227221	228642	4.28e-82	293
CDF90576.1	CM003569.1	33.929	560	1059	504	1058	200146	198695	2.77e-74	269
CDF90576.1	CM003569.1	38.514	148	1059	881	1026	388341	387898	1.96e-24	110
CDF90576.1	CM003569.1	25.000	360	1059	498	810	389865	388834	3.55e-15	79.7
CDF90576.1	CM003553.1	36.127	537	1059	505	1035	195642	194218	3.34e-77	278
CDF90576.1	CM003561.1	34.946	558	1059	495	1027	40116	38509	1.02e-73	267
CDF90576.1	CM003556.1	34.011	541	1059	504	1030	68489	67083	4.72e-73	265
CDF90578.1	CM003557.1	58.836	911	897	1	897	100395	97885	0.0	1025
CDF90578.1	CM003569.1	26.173	405	897	527	889	836140	835010	6.11e-29	124
CDF90579.1	CM003557.1	52.980	453	424	14	410	97306	95948	4.03e-150	470
CDF90580.1	CM003557.1	72.928	724	751	26	749	95469	93313	0.0	1137
CDF90580.1	CM003569.1	60.590	746	751	4	746	169148	166920	0.0	968
CDF90580.1	CM003562.1	46.941	752	751	7	745	186030	183823	0.0	690
CDF90580.1	CM003560.1	32.659	692	751	61	742	1229237	1227228	4.75e-99	335
CDF90580.1	CM003560.1	30.758	673	751	60	720	1226403	1224466	3.36e-85	295
CDF90580.1	CM003560.1	24.786	351	751	175	506	444818	443793	2.01e-16	82.8
CDF90580.1	CM003564.1	29.834	724	751	48	725	37186	39264	2.80e-71	253
CDF90581.1	CM003569.1	53.382	828	760	1	760	164131	166584	0.0	788
CDF90582.1	CM003557.1	38.157	1237	1435	1	1150	92905	89477	0.0	609
CDF90582.1	CM003557.1	68.561	264	1435	1164	1427	89399	88608	0.0	408
CDF90582.1	CM003566.1	25.112	223	1435	1184	1386	734959	734330	1.44e-11	68.2
CDF90582.1	CM003566.1	26.111	180	1435	1184	1362	100524	101030	5.80e-11	66.2
CDF90583.1	CM003557.1	69.759	291	302	1	287	88177	87311	1.46e-113	359
CDF90584.1	CM003557.1	74.944	1341	1334	4	1322	86708	82713	0.0	2087
CDF90584.1	CM003560.1	39.013	1033	1334	286	1233	858995	855936	0.0	681
CDF90584.1	CM003556.1	38.027	1044	1334	283	1243	61090	57986	0.0	677
CDF90584.1	CM003556.1	36.735	98	1334	181	278	61714	61421	9.95e-11	65.5
CDF90584.1	CM003553.1	30.645	1054	1334	190	1232	59151	56218	2.67e-126	432
CDF90584.1	CM003567.1	36.347	531	1334	716	1235	552219	550669	1.69e-96	342
CDF90584.1	CM003567.1	31.936	501	1334	147	578	554910	553435	7.53e-67	249
CDF90584.1	CM003567.1	35.669	157	1334	616	760	553026	552595	2.80e-17	87.0
CDF90585.1	CM003569.1	78.982	452	469	1	452	162288	163643	0.0	741
CDF90586.1	CM003557.1	50.988	253	249	1	242	81719	82468	1.15e-77	253
CDF90587.1	CM003557.1	27.917	480	495	57	495	80079	81506	2.23e-34	136
CDF90587.1	CM003569.1	31.977	172	495	324	495	161422	161937	1.81e-25	109
CDF90589.1	CM003569.1	69.899	1588	1590	1	1572	159468	154762	0.0	2264
CDF90589.1	CM003557.1	49.902	1531	1590	1	1519	79303	75014	0.0	1380
CDF90589.1	CM003563.1	38.285	828	1590	9	810	387201	384799	5.30e-152	516
CDF90589.1	CM003567.1	36.388	753	1590	76	818	457887	460019	9.33e-129	446
CDF90589.1	CM003565.1	36.211	776	1590	64	818	467753	469954	1.11e-128	445
CDF90590.1	CM003569.1	82.609	115	110	1	110	154108	154452	3.31e-52	174
CDF90590.1	CM003557.1	86.585	82	110	29	110	74534	74779	5.94e-35	124
CDF90590.1	CM003566.1	37.838	74	110	25	98	306457	306236	7.33e-12	58.9
CDF90591.1	CM003569.1	45.557	619	806	1	601	145840	147432	4.64e-125	413
CDF90593.1	CM003569.1	56.410	1248	1230	14	1208	141840	145484	0.0	1400
CDF90594.1	CM003569.1	65.236	233	230	1	230	141533	140835	5.46e-93	296
CDF90595.1	CM003569.1	60.325	431	497	96	496	140448	139186	1.57e-167	523
CDF90595.1	CM003570.1	39.458	332	497	110	431	434523	435509	3.56e-67	233
CDF90596.1	CM003557.1	45.946	111	834	733	834	72108	71785	5.73e-18	88.2
CDF90597.1	CM003557.1	37.817	394	444	45	427	71433	70396	6.18e-68	234
CDF90598.1	CM003557.1	54.167	168	167	1	161	69740	70231	8.76e-56	187
CDF90599.1	CM003569.1	81.628	958	956	1	956	136079	138952	0.0	1631
CDF90600.1	CM003569.1	44.676	1343	1335	24	1320	135355	131393	0.0	1080
CDF90601.1	CM003569.1	53.900	718	740	62	740	130651	128591	0.0	758
CDF90601.1	CM003566.1	37.119	590	740	59	635	319066	317483	4.22e-115	382
CDF90602.1	CM003569.1	47.107	363	338	1	338	128280	127204	2.05e-87	285
CDF90602.1	CM003557.1	42.067	416	338	1	338	68985	67747	1.16e-77	258
CDF90603.1	CM003569.1	65.584	154	164	8	161	126364	126822	9.31e-65	212
CDF90603.1	CM003560.1	46.154	130	164	21	150	861415	861029	3.62e-32	119
CDF90603.1	CM003560.1	44.167	120	164	29	148	955817	956173	1.95e-27	105
CDF90603.1	CM003560.1	36.879	141	164	13	152	681245	680823	4.62e-27	104
CDF90603.1	CM003560.1	39.286	112	164	42	151	1178783	1178448	1.47e-19	83.2
CDF90603.1	CM003560.1	32.353	136	164	39	161	963222	963629	1.09e-18	80.9
CDF90603.1	CM003562.1	40.845	142	164	16	157	651773	651351	1.89e-31	117
CDF90603.1	CM003562.1	36.364	132	164	7	133	314870	314481	1.94e-17	77.0
CDF90603.1	CM003567.1	36.478	159	164	10	151	301398	301874	1.03e-25	100
CDF90603.1	CM003558.1	42.500	120	164	29	148	387004	386648	1.91e-25	100
CDF90604.1	CM003557.1	51.429	280	277	1	266	66752	67591	7.89e-78	255
CDF90605.1	CM003569.1	60.129	311	302	3	290	125017	125949	6.30e-125	392
CDF90606.1	CM003569.1	81.130	1664	1661	1	1659	124203	119218	0.0	2853
CDF90606.1	CM003569.1	32.004	978	1661	351	1264	541829	544576	1.76e-126	440
CDF90606.1	CM003569.1	31.707	164	1661	1494	1654	544880	545362	1.61e-15	81.6
CDF90606.1	CM003560.1	33.934	610	1661	450	1054	1306821	1308482	8.60e-103	366
CDF90606.1	CM003560.1	53.521	71	1661	1168	1238	1309005	1309214	1.33e-17	88.6
CDF90606.1	CM003560.1	29.787	141	1661	1515	1654	1309773	1310192	6.41e-14	76.3
CDF90607.1	CM003557.1	75.250	1002	1002	8	1002	63485	66466	0.0	1259
CDF90607.1	CM003569.1	32.491	277	1002	396	666	807470	806778	1.98e-23	106
CDF90608.1	CM003557.1	89.373	367	369	1	367	63189	62089	0.0	677
CDF90608.1	CM003562.1	50.954	367	369	5	369	239697	238603	2.48e-113	361
CDF90609.1	CM003569.1	27.419	248	293	44	245	117580	118299	3.33e-21	92.4
CDF90609.1	CM003557.1	28.028	289	293	27	290	61030	61851	5.41e-19	85.9
CDF90610.1	CM003569.1	75.652	115	192	69	173	113211	113555	7.84e-52	177
CDF90611.1	CM003569.1	48.240	966	901	6	901	109180	106334	0.0	869
CDF90612.1	CM003557.1	83.034	501	503	3	503	58817	60319	0.0	850
CDF90612.1	CM003569.1	68.938	499	503	5	503	104663	106159	0.0	703
CDF90613.1	CM003569.1	67.179	585	579	6	576	102457	104205	0.0	813
CDF90613.1	CM003569.1	29.705	542	579	41	563	799567	798011	8.04e-68	238
CDF90613.1	CM003570.1	38.448	554	579	36	575	41641	43260	1.41e-110	362
CDF90613.1	CM003570.1	28.938	584	579	7	579	23406	25106	4.34e-64	227
CDF90613.1	CM003555.1	36.219	566	579	21	579	33614	31971	7.93e-104	343
CDF90613.1	CM003568.1	36.314	548	579	33	574	641567	639981	3.39e-99	330
CDF90613.1	CM003568.1	34.397	564	579	15	574	642756	644402	4.36e-93	311
CDF90613.1	CM003558.1	34.971	509	579	57	555	481211	479718	1.27e-95	319
CDF90613.1	CM003558.1	29.787	564	579	33	579	355457	353832	2.29e-74	257
CDF90613.1	CM003558.1	31.376	545	579	15	546	358242	356704	2.87e-73	254
CDF90614.1	CM003569.1	30.000	1060	1037	6	1036	101318	98286	7.36e-113	385
CDF90615.1	CM003569.1	28.808	663	636	6	629	96261	98225	2.44e-65	232
CDF90617.1	CM003569.1	45.245	347	293	1	292	93902	92880	7.27e-75	247
CDF90618.1	CM003569.1	50.000	778	841	38	758	90377	92650	0.0	666
CDF90619.1	CM003557.1	60.150	266	275	1	264	56578	55805	1.61e-100	320
CDF90619.1	CM003565.1	31.538	260	275	19	257	390304	391002	9.36e-23	96.7
CDF90620.1	CM003569.1	34.535	666	671	19	670	88029	89966	7.80e-123	402
CDF90621.1	CM003557.1	33.517	543	485	21	478	54468	52858	1.32e-78	266
CDF90621.1	CM003562.1	28.025	157	485	13	154	360151	360618	3.39e-11	64.7
CDF90623.1	CM003569.1	44.168	523	418	1	417	85981	84419	1.96e-116	372
CDF90624.1	CM003569.1	64.659	631	643	20	643	83873	82005	0.0	833
CDF90626.1	CM003557.1	68.675	415	404	1	403	48365	49609	0.0	620
CDF90627.1	CM003569.1	68.715	179	186	8	186	81358	81891	1.54e-79	256
CDF90628.1	CM003569.1	90.323	124	160	34	157	80618	80247	1.80e-76	246
CDF90629.1	CM003557.1	43.564	808	772	1	768	48104	45756	0.0	587
CDF90631.1	CM003569.1	41.719	477	554	108	546	76460	77872	5.49e-108	354
CDF90632.1	CM003557.1	53.179	173	174	3	173	45524	45006	2.54e-59	197
CDF90633.1	CM003557.1	47.170	106	121	16	119	44589	44900	1.18e-25	99.0
CDF90634.1	CM003557.1	62.667	75	97	22	96	44339	44115	3.79e-29	107
CDF90635.1	CM003569.1	69.697	726	734	7	732	73602	75764	0.0	1068
CDF90636.1	CM003557.1	28.302	742	737	56	736	43816	42053	2.17e-52	196
CDF90637.1	CM003569.1	76.817	289	284	1	284	72370	73233	2.54e-150	463
CDF90637.1	CM003569.1	36.923	195	284	6	194	830590	830015	9.66e-33	125
CDF90637.1	CM003562.1	41.243	177	284	8	176	84831	85358	5.10e-33	126
CDF90637.1	CM003562.1	37.209	172	284	8	177	310423	309908	2.01e-32	125
CDF90637.1	CM003562.1	39.535	172	284	8	177	573558	574073	1.34e-26	108
CDF90637.1	CM003567.1	34.940	249	284	8	254	81140	80493	7.54e-33	126
CDF90637.1	CM003567.1	34.483	174	284	8	181	873542	874057	5.83e-23	97.4
CDF90638.1	CM003557.1	72.838	659	653	1	650	41841	39865	0.0	999
CDF90639.1	CM003557.1	56.327	245	244	1	243	39646	38915	1.08e-89	288
CDF90640.1	CM003557.1	41.876	1034	969	11	968	35690	38749	0.0	712
CDF90640.1	CM003569.1	38.279	883	969	36	883	67950	70520	1.24e-172	558
CDF90640.1	CM003566.1	21.121	464	969	36	496	20125	18887	1.59e-21	100
CDF90640.1	CM003559.1	20.681	793	969	37	791	5577	3475	1.02e-19	94.4
CDF90641.1	CM003557.1	63.800	779	773	19	773	32998	35298	0.0	976
CDF90641.1	CM003569.1	46.479	639	773	38	676	65716	67599	0.0	590
CDF90641.1	CM003570.1	38.260	724	773	2	720	127201	129231	6.12e-146	473
CDF90641.1	CM003562.1	36.919	688	773	22	708	799633	797672	9.68e-146	472
CDF90642.1	CM003557.1	79.586	725	725	1	725	32071	29933	0.0	1223
CDF90642.1	CM003566.1	55.778	649	725	81	724	427153	425228	0.0	764
CDF90642.1	CM003558.1	24.607	382	725	328	701	647307	646273	5.63e-20	94.4
CDF90643.1	CM003569.1	61.111	198	201	1	196	65116	64526	2.40e-81	262
CDF90643.1	CM003570.1	31.707	123	201	31	150	88931	88578	1.56e-11	61.2
CDF90645.1	CM003569.1	63.772	403	394	1	394	64274	63072	3.03e-165	512
CDF90646.1	CM003569.1	87.903	124	142	19	142	62549	62920	1.20e-61	202
CDF90647.1	CM003569.1	38.560	861	827	49	827	57045	59624	0.0	590
CDF90647.1	CM003557.1	35.198	858	827	50	823	26446	28935	1.03e-149	486
CDF90648.1	CM003569.1	43.545	519	545	22	494	54729	56240	4.73e-104	342
CDF90649.1	CM003569.1	30.600	866	833	1	810	54277	51872	1.80e-87	303
CDF90650.1	CM003569.1	75.483	518	518	1	518	51281	49728	0.0	857
CDF90650.1	CM003555.1	62.548	518	518	1	518	304293	305840	0.0	688
CDF90650.1	CM003570.1	54.637	496	518	26	517	432387	433874	0.0	574
CDF90650.1	CM003567.1	44.200	500	518	29	517	574314	572818	5.23e-130	416
CDF90650.1	CM003567.1	43.520	517	518	18	517	572155	570608	9.53e-129	412
CDF90650.1	CM003567.1	26.441	295	518	209	493	462707	461841	2.76e-21	97.1
CDF90650.1	CM003558.1	36.383	470	518	48	513	232955	234355	2.07e-86	290
CDF90651.1	CM003557.1	37.263	475	610	36	502	24588	25979	2.22e-97	325
CDF90652.1	CM003557.1	54.450	191	185	1	184	23630	24190	2.88e-51	175
CDF90653.1	CM003557.1	59.375	384	387	1	384	22204	23349	4.71e-161	499
CDF90653.1	CM003557.1	51.295	386	387	1	384	20498	21646	4.71e-129	407
CDF90653.1	CM003560.1	28.338	367	387	19	377	1512576	1513577	3.08e-31	124
CDF90653.1	CM003560.1	30.597	268	387	28	271	1356688	1355966	1.57e-17	83.6
CDF90653.1	CM003566.1	27.324	355	387	21	372	254833	253862	1.59e-28	116
CDF90654.1	CM003557.1	77.093	454	459	7	459	18626	19987	0.0	728
CDF90654.1	CM003569.1	77.974	454	459	7	459	48085	49440	0.0	724
CDF90658.1	CM003566.1	30.314	541	524	10	524	145174	143618	2.66e-68	238
CDF90658.1	CM003566.1	26.355	535	524	12	522	15049	16632	1.21e-50	186
CDF90658.1	CM003564.1	31.084	489	524	47	523	17936	16488	3.96e-68	237
CDF90658.1	CM003562.1	22.747	466	524	38	492	71321	69954	4.04e-34	136
CDF90658.1	CM003562.1	28.000	200	524	93	285	447053	447646	1.61e-13	72.4
CDF90658.1	CM003560.1	28.704	324	524	42	359	916690	917637	2.89e-30	124
CDF90658.1	CM003560.1	28.704	324	524	42	359	933613	934560	2.89e-30	124
CDF90658.1	CM003553.1	23.507	536	524	4	499	282384	283937	6.39e-29	120
CDF90661.1	CM003570.1	72.000	325	325	1	325	25495	26469	3.88e-164	505
CDF90661.1	CM003567.1	71.385	325	325	1	325	890434	889460	5.84e-162	499
CDF90661.1	CM003566.1	64.615	325	325	1	325	2554	1583	6.28e-146	453
CDF90662.1	CM003570.1	79.002	581	584	4	584	23370	25106	0.0	907
CDF90662.1	CM003570.1	31.538	520	584	71	568	41695	43215	1.24e-67	238
CDF90662.1	CM003567.1	79.002	581	584	4	584	892560	890824	0.0	907
CDF90662.1	CM003566.1	69.468	583	584	2	584	2903	4645	0.0	831
CDF90662.1	CM003565.1	43.919	592	584	2	584	153557	151824	3.95e-146	465
CDF90662.1	CM003559.1	38.475	590	584	24	584	231456	233210	6.59e-134	430
CDF90663.1	CM003564.1	75.510	441	443	1	439	693439	692117	0.0	704
CDF90664.1	CM003565.1	44.948	287	295	9	291	432043	431186	1.44e-71	238
CDF90665.1	CM003558.1	61.456	467	465	1	465	409074	407674	0.0	613
CDF90665.1	CM003558.1	62.881	361	465	103	463	410611	409529	5.42e-165	487
CDF90665.1	CM003558.1	50.485	103	465	1	101	410922	410614	5.42e-165	112
CDF90665.1	CM003561.1	59.529	467	465	1	465	239897	241297	0.0	605
CDF90665.1	LIOO01000005.1	59.529	467	465	1	465	43325	44725	0.0	603
CDF90665.1	CM003563.1	59.529	467	465	1	465	4819	3419	0.0	603
CDF90665.1	CM003557.1	59.529	467	465	1	465	205737	207137	0.0	603
CDF90667.1	CM003570.1	66.867	166	165	1	165	439473	438976	2.43e-75	243
CDF90667.1	CM003560.1	44.355	124	165	1	124	1041591	1041223	2.45e-34	125
CDF90667.1	CM003560.1	39.516	124	165	1	123	249579	249211	7.11e-24	95.9
CDF90667.1	CM003568.1	44.094	127	165	1	127	17670	17293	4.17e-34	125
CDF90667.1	CM003569.1	37.795	127	165	1	126	732595	732218	4.60e-27	104
CDF90667.1	CM003569.1	35.484	124	165	1	123	149090	148722	3.54e-24	96.7
CDF90667.1	CM003569.1	39.516	124	165	1	123	461200	460832	9.68e-24	95.5
CDF90667.1	LIOO01000004.1	34.868	152	165	1	148	7830	7381	8.88e-27	103
CDF90668.1	CM003558.1	35.169	563	540	13	537	545812	547455	1.30e-97	323
CDF90669.1	CM003570.1	80.165	121	140	20	140	437781	438143	3.39e-65	213
CDF90669.1	CM003560.1	44.318	88	140	28	115	847101	847355	7.91e-24	94.4
CDF90669.1	CM003556.1	43.023	86	140	30	115	36285	36533	5.69e-23	92.0
CDF90670.1	CM003558.1	72.523	1827	1833	6	1832	622149	616681	0.0	2808
CDF90670.1	CM003558.1	36.087	460	1833	633	1081	641715	640351	9.86e-75	276
CDF90670.1	CM003562.1	35.404	483	1833	609	1081	660566	659154	1.62e-72	269
CDF90670.1	CM003567.1	31.325	498	1833	633	1068	655388	653907	5.50e-63	238
CDF90670.1	CM003567.1	27.918	437	1833	62	449	828533	827247	2.01e-21	101
CDF90670.1	CM003568.1	30.237	506	1833	633	1068	125523	127028	1.46e-58	223
CDF90671.1	CM003558.1	63.812	467	432	1	429	615109	616503	0.0	573
CDF90671.1	CM003555.1	35.616	365	432	17	373	455300	454377	4.01e-67	231
CDF90672.1	CM003570.1	67.324	355	385	26	378	434445	435509	1.43e-159	495
CDF90672.1	CM003569.1	40.419	334	385	52	383	140403	139441	4.99e-67	229
CDF90673.1	CM003558.1	66.010	406	397	1	397	613585	614796	0.0	585
CDF90673.1	CM003558.1	37.500	336	397	65	387	599219	600226	1.96e-75	253
CDF90673.1	CM003569.1	58.735	332	397	65	396	573185	572193	1.21e-138	436
CDF90673.1	CM003560.1	50.158	317	397	78	394	111321	110377	4.42e-113	362
CDF90673.1	CM003564.1	40.000	380	397	9	372	566406	567530	3.72e-93	305
CDF90673.1	CM003565.1	46.078	306	397	78	370	111084	110167	5.85e-93	304
CDF90674.1	CM003558.1	39.947	378	347	1	345	613344	612232	1.47e-81	269
CDF90675.1	CM003569.1	29.705	643	651	35	651	35218	33443	1.06e-74	260
CDF90675.1	CM003569.1	27.411	591	651	65	651	29090	27474	2.05e-60	218
CDF90675.1	CM003569.1	23.515	421	651	188	586	1038812	1037589	3.49e-20	94.7
CDF90675.1	CM003565.1	29.338	634	651	47	651	657253	659022	6.90e-69	243
CDF90675.1	CM003568.1	29.295	553	651	105	651	46247	44646	4.51e-66	235
CDF90675.1	CM003566.1	25.122	613	651	63	651	556097	557740	2.95e-49	185
CDF90675.1	CM003566.1	25.641	390	651	65	437	23923	22787	5.35e-36	144
CDF90676.1	CM003558.1	30.946	391	535	238	518	610706	611878	7.40e-40	154
CDF90676.1	CM003558.1	51.220	82	535	46	127	609692	609937	1.60e-18	88.6
CDF90677.1	CM003570.1	63.674	479	486	4	479	429738	431153	0.0	581
CDF90677.1	CM003566.1	31.746	189	486	174	345	166581	167138	1.55e-23	103
CDF90677.1	CM003563.1	32.353	204	486	183	352	426889	427494	7.58e-17	82.8
CDF90678.1	CM003570.1	31.288	326	289	4	286	429388	428504	1.22e-32	125
CDF90679.1	CM003567.1	39.713	209	502	59	265	672427	671852	3.59e-42	160
CDF90679.1	CM003567.1	32.759	174	502	308	471	671200	670697	9.14e-22	98.2
CDF90679.1	CM003564.1	28.856	201	502	61	250	569954	570478	1.56e-11	65.9
CDF90679.1	CM003558.1	24.221	289	502	185	470	540165	540962	3.53e-11	64.7
CDF90680.1	CM003570.1	46.753	231	231	1	230	427765	428436	2.02e-66	220
CDF90681.1	CM003570.1	37.938	485	447	1	434	426020	427399	1.72e-85	285
CDF90682.1	CM003558.1	76.202	853	836	1	836	605731	608262	0.0	1305
CDF90682.1	CM003558.1	36.545	550	836	218	712	168447	166837	7.87e-91	313
CDF90682.1	CM003570.1	37.857	560	836	219	747	590802	592451	4.95e-104	352
CDF90682.1	CM003566.1	40.839	453	836	296	715	674549	675871	8.41e-91	313
CDF90682.1	CM003562.1	46.224	331	836	385	715	931916	932896	2.37e-89	309
CDF90682.1	CM003562.1	27.922	154	836	200	351	931157	931609	5.61e-15	78.6
CDF90682.1	CM003555.1	39.211	431	836	200	614	87626	88894	1.77e-80	283
CDF90684.1	CM003569.1	43.443	488	427	3	427	258414	256954	1.36e-128	408
CDF90684.1	CM003553.1	27.536	207	427	195	399	51570	51046	5.84e-15	76.3
CDF90684.1	CM003559.1	25.714	280	427	163	424	56192	56956	5.80e-13	69.7
CDF90684.1	CM003561.1	25.833	240	427	149	384	145440	144877	9.85e-12	65.9
CDF90685.1	CM003569.1	66.827	832	814	1	814	254246	256729	0.0	1157
CDF90685.1	CM003567.1	46.352	891	814	5	809	354183	356831	0.0	749
CDF90686.1	CM003567.1	55.305	443	417	1	415	656252	657574	1.70e-152	476
CDF90687.1	CM003569.1	80.122	327	324	1	324	252780	253760	2.54e-179	549
CDF90688.1	CM003569.1	79.176	461	447	1	447	252009	250630	0.0	758
CDF90688.1	CM003553.1	27.483	302	447	116	401	51510	50689	1.64e-14	74.7
CDF90689.1	CM003567.1	44.783	460	448	2	444	659074	657707	1.83e-118	380
CDF90690.1	CM003567.1	45.148	474	455	1	454	660866	662284	8.75e-134	424
CDF90691.1	CM003569.1	47.264	658	647	1	645	243754	245724	0.0	594
CDF90691.1	CM003570.1	24.348	345	647	55	359	394006	395004	8.46e-14	73.9
CDF90692.1	CM003567.1	51.396	788	748	1	748	664814	662481	0.0	781
CDF90693.1	CM003567.1	45.145	587	543	1	531	665164	666903	1.86e-152	482
CDF90694.1	CM003560.1	67.969	384	377	1	377	342303	341164	6.78e-172	530
CDF90695.1	CM003560.1	29.851	737	821	151	821	340169	338112	5.16e-47	181
CDF90695.1	CM003560.1	26.730	419	821	1	399	340946	339729	7.64e-22	100
CDF90696.1	CM003560.1	49.541	109	113	5	113	337519	337845	4.41e-34	122
CDF90697.1	CM003563.1	63.714	587	577	2	577	209322	207583	0.0	715
CDF90697.1	CM003560.1	50.000	590	577	1	577	336991	335321	8.06e-175	548
CDF90698.1	CM003560.1	47.951	903	924	26	854	332247	334880	0.0	803
CDF90699.1	CM003560.1	63.251	283	272	1	272	330787	331635	1.38e-112	355
CDF90700.1	CM003563.1	35.798	595	572	1	571	207330	205588	2.49e-105	347
CDF90701.1	CM003563.1	60.386	207	208	3	208	205343	204723	4.70e-83	267
CDF90701.1	CM003557.1	33.810	210	208	5	208	141728	141105	3.65e-36	132
CDF90701.1	CM003562.1	36.620	213	208	2	208	554247	553612	3.08e-35	130
CDF90702.1	CM003560.1	51.724	551	631	86	629	328740	330365	0.0	616
CDF90703.1	CM003563.1	69.681	376	376	1	376	201976	203103	0.0	568
CDF90703.1	CM003557.1	30.570	386	376	21	376	117908	119014	7.12e-34	132
CDF90703.1	CM003562.1	27.913	412	376	4	371	895313	896509	7.23e-24	102
CDF90703.1	CM003561.1	26.962	293	376	56	335	5769	4903	1.06e-13	71.6
CDF90703.1	CM003566.1	27.200	250	376	141	371	9456	10187	4.87e-11	63.2
CDF90704.1	CM003563.1	71.660	494	489	1	489	201306	199837	0.0	748
CDF90704.1	CM003565.1	35.106	470	489	20	483	420691	422064	3.58e-77	262
CDF90705.1	CM003560.1	49.000	300	413	134	412	327402	326503	3.61e-85	282
CDF90706.1	CM003569.1	85.479	1460	1458	1	1458	541070	545449	0.0	2612
CDF90706.1	CM003569.1	32.033	974	1458	252	1167	123153	120406	1.67e-122	424
CDF90706.1	CM003569.1	30.247	162	1458	1269	1429	119715	119233	5.50e-17	86.3
CDF90706.1	CM003560.1	33.885	1511	1458	7	1439	1305879	1310210	0.0	721
CDF90707.1	CM003569.1	94.931	434	434	1	434	540186	538885	0.0	843
CDF90707.1	CM003569.1	41.813	342	434	85	422	271337	272362	3.89e-79	266
CDF90707.1	CM003562.1	51.237	283	434	140	422	637814	638662	1.44e-91	301
CDF90707.1	CM003562.1	37.229	231	434	180	404	55344	54661	2.28e-44	164
CDF90707.1	CM003562.1	36.000	225	434	179	400	512483	511827	2.40e-37	144
CDF90707.1	LIOO01000001.1	46.844	301	434	117	415	12441	11545	1.72e-89	295
CDF90707.1	CM003560.1	46.844	301	434	117	415	1073204	1072308	1.81e-89	295
CDF90707.1	CM003560.1	43.564	303	434	117	418	270970	270062	2.18e-78	263
CDF90707.1	CM003560.1	40.889	225	434	180	404	1278446	1279111	2.12e-51	185
CDF90707.1	CM003560.1	39.407	236	434	179	413	1279262	1279969	3.60e-46	170
CDF90707.1	CM003560.1	30.539	167	434	186	347	307120	307584	5.51e-12	66.6
CDF90707.1	CM003565.1	47.403	308	434	131	433	493219	492296	2.05e-86	287
CDF90707.1	CM003565.1	32.000	275	434	154	418	596315	597127	5.96e-36	140
CDF90708.1	CM003560.1	61.039	462	448	1	448	322839	324203	7.56e-180	556
CDF90708.1	CM003559.1	26.923	156	448	168	316	56207	56662	5.92e-11	63.5
CDF90708.1	CM003558.1	23.451	226	448	153	373	596915	596259	7.29e-11	63.2
CDF90709.1	CM003560.1	58.915	645	633	1	622	320666	322513	0.0	656
CDF90710.1	CM003569.1	50.727	550	558	17	558	538298	536658	3.12e-176	551
CDF90711.1	CM003569.1	62.552	478	463	1	443	534969	536360	0.0	586
CDF90712.1	CM003560.1	59.434	212	209	11	208	319990	319361	1.23e-81	263
CDF90713.1	CM003569.1	61.093	311	311	2	311	534095	533166	1.08e-127	400
CDF90713.1	CM003560.1	61.093	311	311	2	311	319059	318130	1.01e-126	397
CDF90713.1	CM003560.1	32.131	305	311	11	290	1276186	1275347	2.26e-35	134
CDF90713.1	CM003558.1	38.305	295	311	11	292	520100	520969	3.99e-55	191
CDF90713.1	CM003563.1	32.609	322	311	1	294	214250	213294	1.23e-47	170
CDF90713.1	CM003564.1	35.231	281	311	12	283	126702	125944	3.53e-43	157
CDF90714.1	CM003560.1	30.520	865	736	1	735	315389	317947	4.82e-87	300
CDF90718.1	CM003569.1	81.967	122	126	5	126	532549	532914	3.98e-67	217
CDF90719.1	CM003569.1	54.398	432	426	28	420	530723	532015	7.32e-121	385
CDF90720.1	CM003560.1	45.383	509	522	25	521	313469	312024	6.37e-144	456
CDF90721.1	CM003560.1	74.203	345	333	1	333	310820	311854	1.26e-174	536
CDF90722.1	CM003566.1	52.632	532	543	1	502	367902	366313	4.40e-160	504
CDF90722.1	CM003566.1	44.711	501	543	1	499	369946	368615	6.31e-134	428
CDF90722.1	CM003560.1	48.015	529	543	1	504	751383	752957	1.04e-147	468
CDF90722.1	CM003560.1	25.269	372	543	201	517	353377	354471	1.43e-11	66.2
CDF90722.1	LIOO01000009.1	37.764	474	543	55	513	5110	3821	7.77e-83	280
CDF90722.1	CM003554.1	37.764	474	543	55	513	119035	117746	8.23e-83	280
CDF90722.1	CM003554.1	40.855	421	543	69	478	4160	5332	1.03e-81	277
CDF90722.1	CM003555.1	41.390	331	543	194	513	488968	488018	2.60e-61	213
CDF90722.1	CM003555.1	43.902	41	543	155	194	489087	488965	2.60e-61	40.0
CDF90723.1	CM003566.1	47.290	535	566	1	471	367902	366322	3.39e-132	424
CDF90723.1	CM003566.1	46.269	469	566	9	461	369919	368627	5.85e-115	375
CDF90723.1	CM003560.1	42.115	520	566	1	463	751383	752936	2.03e-116	379
CDF90723.1	CM003560.1	29.329	283	566	173	421	353356	354198	1.16e-14	76.3
CDF90723.1	CM003554.1	40.640	406	566	61	449	4160	5329	1.93e-77	266
CDF90723.1	CM003554.1	38.278	418	566	23	428	119104	117914	4.63e-76	261
CDF90723.1	LIOO01000009.1	38.278	418	566	23	428	5179	3989	4.36e-76	261
CDF90723.1	CM003555.1	39.700	267	566	171	428	488968	488186	1.64e-54	180
CDF90723.1	CM003555.1	35.227	88	566	85	171	489183	488965	1.64e-54	50.8
CDF90724.1	CM003566.1	48.532	511	532	39	532	367788	366328	5.28e-138	440
CDF90724.1	CM003566.1	49.425	348	532	187	528	369658	368633	9.31e-98	323
CDF90724.1	CM003566.1	54.930	71	532	39	108	369868	369656	3.67e-17	84.0
CDF90724.1	CM003560.1	42.105	551	532	2	528	751374	752924	2.40e-122	395
CDF90724.1	CM003560.1	29.110	292	532	233	493	353377	354213	2.05e-15	78.6
CDF90724.1	CM003554.1	36.774	465	532	54	514	4103	5332	1.27e-77	265
CDF90724.1	CM003554.1	36.449	321	532	183	497	118825	117896	4.94e-57	205
CDF90724.1	LIOO01000009.1	36.449	321	532	183	497	4900	3971	4.67e-57	205
CDF90724.1	CM003555.1	36.232	276	532	226	497	488968	488168	4.17e-48	178
CDF90726.1	CM003566.1	43.275	855	807	1	807	378001	375461	0.0	686
CDF90727.1	CM003560.1	55.186	511	528	23	512	750663	749188	8.57e-165	517
CDF90728.1	CM003560.1	38.377	727	763	25	716	746843	748834	1.42e-114	381
CDF90728.1	CM003566.1	46.933	375	763	359	731	385213	384242	7.91e-84	291
CDF90728.1	CM003566.1	41.925	322	763	1	286	386503	385568	6.25e-53	198
CDF90728.1	CM003568.1	44.318	88	763	577	653	202078	202329	2.14e-13	73.2
CDF90729.1	CM003566.1	27.458	295	261	1	261	387836	386967	6.18e-27	108
CDF90730.1	CM003566.1	51.699	559	592	41	582	388216	389835	2.49e-176	553
CDF90730.1	CM003560.1	34.687	591	592	6	578	745861	744326	2.69e-101	336
CDF90731.1	CM003560.1	70.753	465	448	1	448	742443	743831	0.0	612
CDF90731.1	CM003568.1	33.333	234	448	221	447	288076	287384	3.57e-28	117
CDF90732.1	CM003566.1	35.795	352	549	269	548	394204	395196	1.37e-42	162
CDF90732.1	CM003566.1	31.765	255	549	37	254	393235	393963	1.06e-24	108
CDF90733.1	CM003560.1	26.510	1109	2478	509	1539	738989	735882	1.98e-99	359
CDF90733.1	CM003560.1	63.372	172	2478	2304	2469	734816	734301	6.96e-66	248
CDF90734.1	CM003560.1	41.967	305	276	24	276	733029	733925	1.33e-60	206
CDF90734.1	CM003566.1	42.955	291	276	16	276	396305	395484	2.26e-57	196
CDF90735.1	CM003569.1	57.916	499	481	1	481	675005	673548	2.26e-164	513
CDF90736.1	CM003569.1	72.131	61	57	1	57	672028	671846	2.01e-21	83.6
CDF90737.1	CM003560.1	63.636	44	71	27	70	507506	507637	3.91e-13	60.8
CDF90738.1	CM003569.1	78.054	483	478	1	478	669973	671418	0.0	788
CDF90738.1	CM003569.1	32.979	376	478	98	449	361432	360344	2.00e-48	178
CDF90738.1	CM003560.1	39.718	355	478	88	436	1024708	1023671	6.42e-83	278
CDF90738.1	CM003560.1	35.526	380	478	88	461	1344632	1345723	3.03e-65	227
CDF90738.1	CM003560.1	32.061	393	478	88	466	1211046	1209916	2.93e-54	195
CDF90738.1	CM003560.1	28.750	400	478	86	451	560219	561376	1.64e-36	142
CDF90738.1	CM003560.1	28.689	244	478	88	326	1121960	1121238	3.63e-25	108
CDF90738.1	CM003560.1	37.615	109	478	328	436	1121072	1120764	4.86e-18	86.3
CDF90738.1	CM003560.1	24.923	325	478	158	436	650702	651604	5.26e-18	86.3
CDF90738.1	CM003564.1	38.542	384	478	61	439	564627	565748	9.93e-72	246
CDF90738.1	CM003564.1	29.121	364	478	87	433	341781	340720	4.27e-37	144
CDF90738.1	CM003565.1	40.056	357	478	86	439	113980	112940	7.01e-71	243
CDF90738.1	CM003565.1	30.038	263	478	56	274	181604	182374	3.47e-14	74.3
CDF90738.1	CM003563.1	32.682	358	478	85	436	308838	309878	2.99e-47	174
CDF90738.1	CM003563.1	34.987	383	478	83	436	95379	94297	6.90e-43	161
CDF90739.1	CM003560.1	58.014	443	425	1	412	505415	506704	1.39e-146	459
CDF90739.1	CM003569.1	52.539	453	425	1	412	668196	669518	2.36e-137	433
CDF90740.1	CM003569.1	70.756	1019	1033	1	1001	664231	667245	0.0	1489
CDF90740.1	CM003562.1	39.796	392	1033	1	388	871198	872235	2.21e-80	287
CDF90740.1	CM003562.1	33.216	283	1033	601	871	872665	873504	5.58e-41	164
CDF90741.1	CM003565.1	42.615	413	397	1	397	519063	520265	2.35e-101	328
CDF90742.1	CM003569.1	48.294	381	448	14	394	662099	663193	4.64e-122	390
CDF90743.1	CM003565.1	55.571	736	716	10	716	101062	98879	0.0	803
CDF90743.1	CM003558.1	38.353	498	716	200	681	195954	197399	1.44e-115	331
CDF90743.1	CM003558.1	37.870	169	716	33	201	195499	195960	1.44e-115	104
CDF90744.1	CM003565.1	78.238	193	193	1	193	98121	98699	1.33e-106	333
CDF90745.1	CM003569.1	55.635	417	406	1	403	659808	661037	1.44e-125	398
CDF90746.1	CM003565.1	59.766	599	583	1	582	97411	95642	0.0	710
CDF90748.1	CM003569.1	80.882	68	112	45	112	658916	659119	1.77e-35	126
CDF90749.1	CM003569.1	50.175	572	662	46	590	656195	657784	2.95e-151	483
CDF90749.1	CM003565.1	45.554	551	662	51	592	91050	92393	4.65e-117	384
CDF90749.1	CM003565.1	42.675	157	662	450	599	391859	391392	2.19e-34	139
CDF90749.1	CM003565.1	50.000	62	662	305	359	392054	391869	7.83e-11	64.3
CDF90750.1	CM003569.1	66.452	465	465	1	464	654295	655668	0.0	623
CDF90751.1	CM003569.1	52.764	398	390	1	390	653735	652551	3.23e-125	397
CDF90752.1	CM003569.1	39.145	912	899	1	885	649575	652205	4.60e-177	568
CDF90753.1	CM003565.1	65.306	147	146	1	146	89802	89362	5.69e-64	209
CDF90754.1	CM003569.1	51.562	448	445	2	441	645666	646997	5.83e-155	484
CDF90754.1	CM003562.1	33.333	210	445	3	202	811439	812020	7.40e-17	82.4
CDF90754.1	CM003560.1	32.057	209	445	1	201	1249828	1250415	2.58e-13	71.2
CDF90755.1	CM003569.1	43.137	255	239	3	239	644764	645525	7.34e-56	190
CDF90756.1	CM003569.1	88.462	338	343	5	342	644384	643371	0.0	639
CDF90756.1	CM003569.1	29.568	301	343	59	338	1000756	1001607	5.18e-26	108
CDF90756.1	CM003569.1	32.589	224	343	51	253	956244	955591	2.63e-23	100
CDF90756.1	CM003569.1	27.308	260	343	54	294	308826	308086	8.62e-15	74.3
CDF90756.1	CM003569.1	25.322	233	343	50	259	839924	839262	4.24e-14	72.4
CDF90756.1	CM003569.1	26.540	211	343	52	248	789941	790558	8.37e-12	65.1
CDF90756.1	CM003553.1	54.545	363	343	18	338	32192	33271	1.98e-106	340
CDF90756.1	CM003566.1	31.667	300	343	50	338	351358	352212	5.14e-36	137
CDF90756.1	CM003566.1	28.205	195	343	143	294	92120	91560	4.90e-11	62.8
CDF90756.1	CM003563.1	29.341	334	343	31	338	368539	369519	2.15e-33	129
CDF90756.1	CM003563.1	38.393	112	343	144	247	266627	266956	1.46e-15	76.6
CDF90756.1	CM003563.1	25.105	239	343	38	261	26996	26310	1.64e-12	67.4
CDF90756.1	CM003563.1	25.909	220	343	60	268	220984	220358	3.91e-12	66.2
CDF90756.1	CM003558.1	30.128	312	343	49	341	540081	540968	5.34e-32	125
CDF90756.1	CM003558.1	27.832	309	343	52	340	184301	185203	9.17e-27	110
CDF90756.1	CM003558.1	22.271	229	343	51	269	13475	12810	1.09e-11	64.7
CDF90756.1	CM003558.1	30.357	168	343	91	247	729310	729798	9.30e-11	62.0
CDF90758.1	CM003565.1	42.169	249	211	1	199	88279	89025	1.95e-49	171
CDF90758.1	CM003569.1	46.154	208	211	1	199	642387	642986	1.98e-48	168
CDF90759.1	CM003569.1	87.080	387	388	1	387	641225	640065	0.0	681
CDF90760.1	CM003558.1	69.076	249	247	4	247	92953	92207	6.03e-113	355
CDF90760.1	CM003567.1	27.386	241	247	13	245	202820	203494	2.63e-16	76.6
CDF90760.1	CM003560.1	27.604	192	247	30	220	167197	167727	1.09e-14	72.0
CDF90761.1	CM003558.1	50.847	1180	1157	66	1157	91822	88502	0.0	1044
CDF90762.1	CM003555.1	44.501	782	816	1	756	355689	357821	0.0	594
CDF90762.1	CM003555.1	24.232	293	816	467	713	452264	451425	5.56e-14	75.1
CDF90762.1	CM003558.1	51.899	474	816	348	810	86792	85461	1.63e-145	473
CDF90762.1	CM003558.1	53.913	115	816	104	213	87362	87018	9.56e-30	126
CDF90762.1	CM003567.1	31.325	249	816	489	719	689205	689912	1.34e-21	100
CDF90762.1	CM003567.1	28.910	211	816	502	696	847691	848296	3.97e-14	75.5
CDF90762.1	CM003560.1	26.421	299	816	467	713	905761	906618	3.05e-18	89.0
CDF90762.1	CM003568.1	29.927	137	816	583	717	489039	488656	4.42e-12	68.9
CDF90763.1	CM003555.1	89.905	317	325	8	324	359283	358333	0.0	594
CDF90763.1	CM003558.1	87.077	325	325	1	324	84245	85219	0.0	589
CDF90763.1	CM003563.1	62.928	321	325	7	324	451302	452261	1.38e-132	415
CDF90763.1	CM003565.1	51.208	207	325	7	212	560839	560225	1.99e-67	228
CDF90763.1	CM003565.1	43.750	112	325	215	320	559903	559568	3.17e-19	87.4
CDF90763.1	CM003569.1	62.069	87	325	122	207	873090	872830	7.92e-29	115
CDF90763.1	CM003569.1	46.154	117	325	212	323	872628	872278	9.71e-28	112
CDF90763.1	CM003569.1	47.500	120	325	8	125	873762	873409	1.90e-24	102
CDF90764.1	CM003555.1	70.588	255	250	1	250	359781	360530	1.27e-119	374
CDF90764.1	CM003567.1	34.559	136	250	3	124	301413	301817	5.27e-17	79.0
CDF90764.1	CM003562.1	35.965	114	250	6	115	651779	651453	6.80e-17	78.6
CDF90764.1	CM003558.1	33.945	109	250	10	116	387037	386720	9.47e-12	63.2
CDF90765.1	CM003558.1	58.118	425	433	10	433	82584	83858	2.05e-177	548
CDF90765.1	CM003555.1	56.613	431	433	5	433	362016	360724	1.65e-171	531
CDF90765.1	CM003567.1	22.563	359	433	82	422	534496	535458	1.71e-19	90.1
CDF90766.1	CM003558.1	76.923	78	82	1	78	81809	82042	1.36e-39	136
CDF90767.1	CM003555.1	87.624	202	202	1	202	363317	363916	5.28e-117	364
CDF90767.1	CM003558.1	88.000	200	202	1	200	80956	80363	1.66e-116	362
CDF90767.1	CM003554.1	50.820	61	202	95	155	7077	6913	2.09e-11	60.8
CDF90768.1	CM003558.1	40.730	356	325	1	324	79624	78563	6.08e-75	249
CDF90769.1	CM003558.1	84.746	649	644	1	644	78283	76337	0.0	1130
CDF90769.1	CM003558.1	27.581	649	644	1	608	555994	554069	2.52e-68	241
CDF90769.1	CM003555.1	84.938	644	644	1	644	364806	366731	0.0	1110
CDF90769.1	CM003555.1	48.124	613	644	5	609	94977	96776	4.72e-174	548
CDF90769.1	CM003566.1	79.503	644	644	1	644	82858	80942	0.0	1018
CDF90769.1	CM003566.1	47.101	552	644	3	535	847203	848828	3.02e-156	497
CDF90769.1	CM003557.1	80.310	645	644	1	644	128461	126536	0.0	1016
CDF90769.1	CM003564.1	62.500	616	644	4	617	344258	342423	0.0	786
CDF90769.1	CM003564.1	49.592	613	644	5	609	215576	217375	0.0	572
CDF90770.1	CM003558.1	82.649	1072	1071	1	1071	76096	72881	0.0	1844
CDF90770.1	CM003570.1	26.384	849	1071	1	789	471966	469555	7.54e-59	221
CDF90770.1	CM003562.1	24.485	825	1071	34	785	393757	391532	5.64e-43	170
CDF90771.1	CM003555.1	30.400	125	161	36	160	367216	367590	7.80e-14	66.6
CDF90772.1	CM003558.1	95.690	116	118	1	116	72566	72219	3.66e-72	231
CDF90773.1	CM003558.1	60.027	1491	1472	16	1472	67140	71576	0.0	1802
CDF90773.1	CM003555.1	45.461	1476	1472	1	1466	372232	368081	0.0	1280
CDF90774.1	CM003555.1	33.175	211	301	96	293	372820	373443	4.44e-17	80.5
CDF90775.1	CM003558.1	61.407	526	544	22	544	66456	64906	0.0	668
CDF90776.1	CM003558.1	30.491	387	364	1	364	63714	64802	6.62e-23	99.4
CDF90777.1	CM003555.1	74.157	356	360	1	351	374766	373699	0.0	588
CDF90777.1	CM003569.1	25.503	298	360	26	302	706225	705374	1.32e-20	92.4
CDF90778.1	CM003555.1	39.157	166	242	17	175	377634	377137	6.16e-28	110
CDF90779.1	CM003558.1	57.073	410	432	4	400	62954	61725	5.05e-142	447
CDF90780.1	CM003555.1	81.345	1115	1115	1	1115	382322	378984	0.0	1875
CDF90780.1	CM003567.1	23.100	658	1115	1	625	864038	862155	2.16e-13	73.9
CDF90781.1	CM003555.1	40.800	750	1098	417	1098	384935	382815	5.54e-150	496
CDF90781.1	CM003560.1	48.387	93	1098	44	136	1163601	1163332	2.32e-21	100
CDF90781.1	CM003560.1	27.660	188	1098	537	719	1162500	1161955	6.81e-18	88.6
CDF90781.1	CM003566.1	26.042	192	1098	544	703	505951	506523	1.20e-13	74.7
CDF90782.1	CM003555.1	70.968	93	162	1	91	387450	387728	2.85e-36	130
CDF90783.1	CM003555.1	52.167	669	661	38	656	390126	388162	0.0	684
CDF90783.1	CM003560.1	25.073	686	661	41	653	826548	828476	9.22e-36	144
CDF90783.1	CM003566.1	25.678	627	661	70	655	275566	273806	3.02e-34	139
CDF90784.1	CM003558.1	51.788	755	740	24	740	61236	59056	0.0	739
CDF90784.1	CM003558.1	23.830	235	740	507	731	445329	444643	8.40e-11	64.3
CDF90784.1	CM003563.1	27.624	181	740	468	648	99526	100068	1.13e-19	93.2
CDF90785.1	CM003555.1	64.526	327	1101	776	1079	391829	390864	4.81e-115	393
CDF90785.1	CM003555.1	42.967	519	1101	1	489	393929	392490	7.56e-103	357
CDF90785.1	CM003558.1	43.043	460	1101	616	1022	57317	58615	4.05e-92	324
CDF90786.1	CM003558.1	47.992	473	460	1	455	54489	53107	2.56e-128	409
CDF90787.1	CM003555.1	52.326	86	154	61	146	394843	394586	3.77e-19	81.6
CDF90788.1	CM003555.1	50.909	110	187	71	179	395919	395596	6.56e-31	116
CDF90789.1	CM003555.1	91.870	123	141	19	141	397497	397865	5.43e-73	235
CDF90789.1	CM003558.1	91.870	123	141	19	141	52080	51712	5.43e-73	235
CDF90790.1	CM003558.1	44.385	2814	2794	1	2794	51269	42909	0.0	2360
CDF90790.1	CM003558.1	31.921	354	2794	2448	2794	491853	492788	7.86e-48	189
CDF90790.1	CM003565.1	32.754	403	2794	2421	2794	611034	612218	2.90e-49	194
CDF90790.1	CM003564.1	32.615	371	2794	2453	2794	172168	171074	2.04e-48	191
CDF90791.1	CM003555.1	57.507	353	359	18	355	399225	398191	5.62e-119	377
CDF90792.1	CM003555.1	55.234	449	445	1	439	401057	399723	2.13e-153	480
CDF90792.1	CM003555.1	21.192	453	445	2	440	31314	30109	1.25e-20	94.0
CDF90792.1	CM003558.1	51.828	465	445	1	444	41461	42831	1.06e-141	446
CDF90792.1	CM003553.1	31.881	505	445	2	439	115933	117372	4.70e-68	234
CDF90793.1	CM003558.1	67.105	76	169	94	169	41015	41242	3.42e-30	114
CDF90794.1	CM003558.1	74.176	364	409	51	409	40344	39253	0.0	573
CDF90795.1	CM003555.1	75.397	126	211	1	126	401349	401726	2.62e-62	207
CDF90795.1	CM003558.1	34.328	201	211	16	211	38943	38455	4.14e-28	109
CDF90796.1	CM003558.1	77.519	129	131	3	131	37868	38254	1.24e-63	207
CDF90797.1	CM003570.1	80.594	572	572	1	571	797726	796011	0.0	986
CDF90797.1	CM003562.1	80.803	573	572	1	572	331886	330171	0.0	977
CDF90799.1	CM003570.1	60.436	551	529	1	529	798927	800579	0.0	697
CDF90800.1	CM003562.1	71.150	513	513	1	513	333623	335161	0.0	787
CDF90800.1	CM003560.1	41.772	237	513	236	471	1391652	1392356	5.37e-59	210
CDF90800.1	CM003560.1	41.350	237	513	236	471	1295972	1296676	7.69e-59	209
CDF90800.1	CM003560.1	36.519	293	513	206	497	894422	893601	3.29e-53	193
CDF90800.1	CM003560.1	39.918	243	513	231	471	1146618	1145893	7.50e-51	186
CDF90800.1	CM003560.1	38.996	259	513	217	474	196406	195654	2.91e-48	178
CDF90800.1	CM003555.1	42.478	226	513	247	471	433075	433746	1.89e-53	194
CDF90800.1	CM003567.1	37.540	309	513	199	469	154834	155736	9.07e-52	189
CDF90800.1	CM003567.1	38.610	259	513	217	474	223062	222310	8.13e-48	177
CDF90800.1	LIOO01000003.1	39.918	243	513	231	471	17033	16308	7.08e-51	186
CDF90801.1	CM003570.1	55.357	728	719	1	700	802423	804606	0.0	771
CDF90801.1	CM003570.1	33.533	334	719	411	692	252676	251693	1.06e-37	150
CDF90801.1	CM003562.1	41.980	293	719	411	696	965407	964547	4.79e-54	201
CDF90801.1	CM003558.1	34.595	370	719	362	696	93869	94948	6.99e-41	160
CDF90801.1	CM003555.1	42.197	173	719	524	696	38884	38378	2.43e-24	108
CDF90801.1	CM003555.1	33.898	177	719	357	516	39715	39209	5.62e-16	81.3
CDF90801.1	CM003565.1	24.917	301	719	411	692	381391	380531	3.60e-17	85.1
CDF90802.1	CM003570.1	64.660	382	400	1	382	805954	804842	2.16e-171	530
CDF90803.1	CM003562.1	33.947	380	391	3	372	337864	336749	8.72e-66	225
CDF90804.1	CM003570.1	73.547	499	506	4	502	807921	809366	0.0	762
CDF90804.1	CM003562.1	75.810	463	506	4	466	338925	340280	0.0	738
CDF90804.1	CM003568.1	41.250	480	506	9	481	422809	421406	7.86e-123	395
CDF90805.1	CM003570.1	68.476	571	571	5	571	812053	810353	0.0	819
CDF90806.1	CM003570.1	57.220	928	892	1	888	815196	812419	0.0	1031
CDF90807.1	CM003562.1	41.767	249	253	14	252	341046	341792	7.66e-61	205
CDF90808.1	CM003562.1	52.900	431	379	15	379	342502	343776	2.08e-123	391
CDF90809.1	CM003570.1	25.769	260	229	2	229	816355	815597	2.09e-12	64.7
CDF90810.1	CM003570.1	56.000	50	50	1	50	816873	816724	1.21e-15	66.6
CDF90811.1	CM003570.1	73.795	332	376	44	371	817448	818440	2.83e-148	462
CDF90812.1	CM003570.1	94.400	125	145	21	145	819040	818666	3.61e-74	238
CDF90812.1	CM003562.1	94.355	124	145	22	145	344472	344101	1.93e-73	236
CDF90813.1	CM003562.1	32.258	465	443	9	418	345376	346752	1.82e-74	253
CDF90814.1	CM003570.1	74.872	195	188	1	188	819932	820516	2.78e-101	318
CDF90815.1	CM003570.1	46.749	323	334	1	278	821743	820889	9.33e-75	249
CDF90816.1	CM003570.1	52.478	343	351	1	342	822226	823176	3.03e-108	346
CDF90816.1	CM003558.1	22.599	354	351	4	351	764077	763157	1.07e-12	68.2
CDF90816.1	CM003555.1	22.741	321	351	6	313	144708	145526	8.01e-12	65.5
CDF90817.1	CM003570.1	57.353	340	341	5	338	824338	823319	7.45e-127	399
CDF90818.1	CM003570.1	69.602	352	413	54	404	826241	825186	5.93e-156	486
CDF90818.1	CM003569.1	40.000	390	413	39	386	812358	813527	1.77e-80	269
CDF90819.1	CM003562.1	75.948	1451	1450	7	1449	351407	347070	0.0	2224
CDF90820.1	CM003570.1	56.159	276	371	116	370	827841	827014	1.52e-97	316
CDF90821.1	CM003562.1	40.171	351	310	1	310	352935	351907	1.79e-60	207
CDF90822.1	CM003562.1	56.571	350	352	24	352	354353	353304	6.60e-133	417
CDF90823.1	CM003570.1	47.225	1207	1189	1	1187	832415	828798	0.0	1123
CDF90823.1	CM003566.1	29.529	403	1189	5	404	890068	889010	3.17e-44	175
CDF90823.1	CM003566.1	24.701	251	1189	13	260	480293	479595	5.49e-12	69.3
CDF90825.1	CM003562.1	58.500	400	427	36	427	357981	356785	4.55e-160	498
CDF90828.1	CM003570.1	51.345	446	420	1	420	768639	767338	2.85e-139	438
CDF90828.1	CM003570.1	48.899	227	420	128	354	765734	766396	1.94e-66	228
CDF90828.1	CM003562.1	52.198	364	420	48	408	360055	361107	1.72e-117	376
CDF90828.1	CM003562.1	42.629	251	420	144	394	362224	361502	8.54e-59	206
CDF90828.1	CM003566.1	46.262	214	420	141	354	549715	550341	2.04e-57	202
CDF90828.1	CM003560.1	45.714	210	420	147	354	1339145	1338537	8.09e-54	192
CDF90830.1	CM003562.1	73.663	1010	999	14	993	930467	933433	0.0	1490
CDF90830.1	CM003558.1	34.119	636	999	257	885	606409	608043	3.20e-94	328
CDF90830.1	CM003558.1	33.226	620	999	244	817	168483	166831	3.68e-86	304
CDF90830.1	CM003570.1	35.738	596	999	242	813	590757	592361	4.95e-94	327
CDF90830.1	CM003566.1	43.284	335	999	497	811	674888	675892	1.44e-76	275
CDF90830.1	CM003555.1	35.772	492	999	230	713	87596	88888	3.08e-76	274
CDF90831.1	CM003570.1	75.805	901	903	1	898	848944	851646	0.0	1430
CDF90832.1	CM003562.1	69.261	501	496	1	495	935234	933738	0.0	738
CDF90832.1	CM003563.1	31.504	492	496	36	492	161816	160419	1.25e-65	229
CDF90833.1	CM003558.1	28.818	406	657	64	460	495999	497126	1.02e-37	150
CDF90833.1	CM003567.1	27.273	429	657	33	448	834075	835256	1.98e-32	133
CDF90834.1	CM003555.1	73.881	268	288	22	288	209015	208224	6.84e-130	405
CDF90835.1	CM003567.1	62.753	247	253	8	253	621859	622599	1.33e-109	345
CDF90836.1	CM003570.1	87.368	95	100	6	100	70139	69855	1.38e-49	166
CDF90836.1	CM003567.1	87.368	95	100	6	100	623412	623696	1.58e-49	166
CDF90838.1	CM003567.1	38.298	94	72	2	71	624682	624401	3.41e-16	69.3
CDF90840.1	CM003567.1	70.268	1083	1075	1	1068	626864	630100	0.0	1593
CDF90841.1	CM003567.1	69.863	219	220	1	219	630986	630336	1.46e-88	283
CDF90842.1	CM003570.1	81.203	133	180	48	180	67923	67525	3.71e-72	234
CDF90843.1	CM003570.1	33.173	624	636	24	623	67089	65260	6.37e-81	278
CDF90843.1	CM003567.1	28.287	502	636	1	481	631533	633029	1.32e-45	173
CDF90844.1	CM003570.1	59.283	474	434	25	434	63694	65106	4.73e-171	530
CDF90845.1	CM003570.1	33.012	415	362	11	361	61892	63121	1.44e-53	189
CDF90847.1	CM003567.1	59.206	554	524	4	522	634444	636060	0.0	658
CDF90847.1	CM003570.1	59.672	548	524	6	523	60748	59138	0.0	651
CDF90848.1	CM003567.1	63.265	245	249	6	248	636573	637304	2.70e-106	335
CDF90849.1	CM003568.1	50.621	644	606	1	606	149732	147867	0.0	571
CDF90850.1	CM003567.1	64.641	362	357	10	357	638721	637636	2.00e-148	462
CDF90851.1	CM003568.1	65.605	314	291	1	291	146604	147533	5.00e-120	377
CDF90852.1	CM003568.1	70.707	594	645	53	645	146112	144340	0.0	923
CDF90853.1	CM003568.1	34.959	246	216	7	215	144010	143282	1.75e-25	102
CDF90854.1	CM003567.1	75.000	220	220	4	220	639329	639988	6.09e-112	350
CDF90855.1	CM003568.1	61.111	90	114	22	110	142797	142528	1.65e-31	115
CDF90856.1	CM003567.1	77.720	386	386	1	386	640272	641429	0.0	647
CDF90857.1	CM003554.1	48.341	211	206	4	206	98537	99169	3.52e-64	213
CDF90858.1	CM003554.1	64.646	99	99	1	99	99630	99334	4.57e-38	133
CDF90859.1	CM003568.1	59.402	569	577	6	570	353697	355379	0.0	697
CDF90859.1	CM003569.1	57.867	572	577	6	570	562062	560377	0.0	672
CDF90860.1	CM003564.1	58.744	1704	1671	1	1665	351940	356988	0.0	2040
CDF90861.1	CM003564.1	48.438	704	923	235	923	359309	357369	1.01e-150	492
CDF90861.1	CM003564.1	34.790	595	923	64	612	359651	358035	6.04e-44	172
CDF90861.1	CM003569.1	31.678	423	923	309	685	575119	576297	7.08e-18	88.2
CDF90861.1	CM003566.1	31.633	392	923	297	620	785267	786352	2.44e-13	73.2
CDF90862.1	CM003564.1	56.061	990	1351	398	1350	363206	360312	0.0	1007
CDF90862.1	CM003564.1	27.356	329	1351	5	273	364479	363622	2.64e-16	53.9
CDF90862.1	CM003564.1	37.879	66	1351	314	374	363511	363314	2.64e-16	50.1
CDF90862.1	CM003569.1	25.784	733	1351	415	1093	321065	319071	3.38e-63	237
CDF90862.1	CM003570.1	26.811	787	1351	415	1118	289626	287455	5.16e-62	233
CDF90863.1	CM003564.1	31.235	413	312	2	310	366065	367303	4.93e-57	197
CDF90864.1	CM003565.1	82.186	247	247	1	247	503513	504253	1.70e-130	405
CDF90864.1	CM003560.1	35.811	296	247	4	245	1102603	1101719	4.83e-51	177
CDF90864.1	CM003569.1	35.052	291	247	3	245	862686	861814	4.30e-49	171
CDF90864.1	CM003569.1	30.172	116	247	1	113	237326	236979	3.67e-12	64.3
CDF90865.1	CM003565.1	58.529	340	323	4	323	501959	502978	8.38e-134	418
CDF90866.1	CM003565.1	58.609	302	297	1	297	501354	500449	1.06e-113	359
CDF90866.1	CM003553.1	36.820	239	297	62	297	46322	47020	1.65e-44	160
CDF90866.1	CM003567.1	33.068	251	297	47	297	89541	88810	1.15e-40	149
CDF90866.1	CM003567.1	35.211	213	297	48	260	15904	15272	1.91e-38	142
CDF90867.1	CM003565.1	52.709	406	356	1	349	499069	500280	2.35e-138	432
CDF90868.1	CM003565.1	84.056	646	644	1	644	496769	498688	0.0	1130
CDF90868.1	CM003564.1	85.619	452	644	1	452	369693	368368	0.0	783
CDF90868.1	CM003564.1	72.396	192	644	453	644	368368	367793	0.0	299
CDF90869.1	CM003558.1	67.010	582	576	1	576	558080	556344	0.0	830
CDF90870.1	CM003558.1	67.805	205	204	1	203	558358	558972	5.17e-92	292
CDF90871.1	CM003570.1	42.897	359	780	456	780	353705	352650	2.02e-67	242
CDF90871.1	CM003558.1	37.931	319	780	464	780	559980	559147	1.19e-45	176
CDF90871.1	CM003558.1	31.714	350	780	38	346	561159	560158	1.32e-32	135
CDF90872.1	CM003558.1	65.772	149	146	1	146	562164	561721	2.40e-61	202
CDF90873.1	CM003558.1	63.836	318	318	1	317	562400	563344	6.81e-136	424
CDF90873.1	CM003558.1	27.751	209	318	20	224	596894	596304	1.39e-15	76.3
CDF90873.1	CM003559.1	25.105	239	318	61	295	56180	56878	6.75e-15	74.3
CDF90873.1	CM003559.1	26.840	231	318	57	283	95064	95696	4.93e-13	68.6
CDF90873.1	CM003559.1	32.022	178	318	19	186	75350	75874	5.55e-11	62.4
CDF90873.1	CM003567.1	27.895	190	318	94	275	529815	529276	8.02e-14	70.9
CDF90873.1	CM003566.1	36.000	125	318	57	180	567419	567048	3.19e-13	69.3
CDF90873.1	CM003568.1	23.645	203	318	113	315	172944	172393	3.25e-13	68.9
CDF90874.1	CM003570.1	59.168	649	642	4	639	355496	357436	0.0	801
CDF90875.1	CM003558.1	59.932	292	321	28	319	563756	564631	1.54e-125	394
CDF90876.1	CM003570.1	61.343	432	450	27	450	359082	357787	0.0	576
CDF90877.1	CM003570.1	52.305	499	427	1	427	361656	363143	1.35e-159	497
CDF90877.1	CM003561.1	32.447	376	427	4	342	74836	73820	9.41e-43	159
CDF90878.1	CM003570.1	50.000	138	205	71	205	363720	363307	6.40e-40	143
CDF90879.1	CM003570.1	75.676	111	116	1	111	364511	364182	3.84e-53	177
CDF90880.1	CM003570.1	60.987	446	454	11	454	364877	366211	0.0	581
CDF90881.1	CM003570.1	62.606	353	351	11	351	366741	367799	8.99e-149	462
CDF90882.1	CM003558.1	56.667	450	450	1	449	566123	564783	6.24e-177	548
CDF90882.1	CM003570.1	53.795	448	450	5	449	369204	367861	7.52e-168	522
CDF90882.1	CM003567.1	30.303	429	450	23	449	659356	660558	5.13e-58	205
CDF90883.1	CM003558.1	55.319	846	846	16	846	569027	566520	0.0	915
CDF90884.1	CM003570.1	61.029	272	274	2	273	370426	369632	2.34e-105	334
CDF90885.1	CM003558.1	59.116	543	584	37	579	569885	571420	0.0	614
CDF90885.1	CM003558.1	34.946	186	584	105	290	303567	303019	1.47e-26	114
CDF90885.1	CM003558.1	27.219	169	584	122	288	239738	239238	3.14e-14	75.1
CDF90885.1	CM003558.1	23.039	204	584	376	577	302460	301855	1.42e-11	66.2
CDF90885.1	CM003568.1	23.636	495	584	20	496	276642	275329	4.54e-27	115
CDF90885.1	CM003553.1	23.203	487	584	40	493	180614	179274	5.35e-25	109
CDF90885.1	CM003553.1	24.370	476	584	49	493	182768	181470	7.01e-24	105
CDF90885.1	CM003570.1	25.347	288	584	20	305	780874	781695	1.06e-17	86.3
CDF90885.1	CM003562.1	29.310	174	584	134	305	306811	307326	6.77e-17	83.6
CDF90886.1	CM003570.1	44.218	441	458	14	453	373614	374909	2.62e-127	405
CDF90887.1	CM003570.1	75.362	483	485	3	485	375286	376734	0.0	782
CDF90887.1	CM003570.1	24.793	484	485	18	481	513327	511918	1.72e-27	115
CDF90887.1	CM003561.1	26.471	476	485	17	479	159603	160997	2.24e-38	148
CDF90888.1	CM003558.1	89.787	235	236	2	236	572382	571678	1.72e-132	410
CDF90888.1	CM003570.1	90.171	234	236	3	236	377780	377079	2.16e-132	410
CDF90890.1	CM003567.1	43.169	366	346	8	346	901265	902356	3.77e-95	308
CDF90890.1	CM003570.1	43.169	366	346	8	346	14670	13579	4.15e-95	308
CDF90890.1	CM003569.1	43.169	366	346	8	346	14517	13426	4.15e-95	308
CDF90891.1	CM003558.1	46.341	205	471	1	184	574827	574219	2.08e-40	154
CDF90891.1	CM003570.1	68.750	96	471	1	95	380958	380671	9.09e-38	146
CDF90893.1	CM003561.1	53.271	107	338	196	293	166285	165971	1.56e-24	103
CDF90893.1	CM003555.1	73.469	49	338	241	289	231314	231460	4.09e-19	87.4
CDF90893.1	CM003564.1	61.765	68	338	231	298	514318	514509	8.54e-19	86.3
CDF90893.1	CM003565.1	71.739	46	338	242	287	161675	161538	9.33e-15	74.3
CDF90894.1	CM003561.1	79.192	495	494	2	493	159558	161042	0.0	805
CDF90894.1	CM003570.1	41.226	473	494	24	483	513303	511909	8.63e-101	331
CDF90894.1	CM003570.1	28.903	474	494	22	478	375349	376716	1.94e-41	157
CDF90895.1	CM003562.1	31.786	280	257	1	238	1029145	1028312	7.57e-35	130
CDF90895.1	CM003570.1	26.182	275	257	6	257	898529	897750	1.12e-16	78.2
CDF90895.1	CM003569.1	35.606	132	257	7	135	549268	548903	1.06e-13	69.3
CDF90896.1	CM003568.1	62.143	280	301	14	293	36766	37605	1.86e-119	376
CDF90897.1	CM003561.1	63.636	77	76	1	75	158974	158744	3.38e-29	106
CDF90898.1	CM003561.1	49.673	153	148	4	148	158230	158688	3.76e-45	155
CDF90899.1	CM003566.1	30.310	419	346	1	333	224880	223624	5.74e-53	186
CDF90900.1	CM003566.1	45.283	159	149	1	146	225792	225316	1.12e-33	123
CDF90901.1	CM003561.1	60.587	477	468	12	468	156558	157970	5.00e-161	503
CDF90901.1	CM003568.1	29.659	381	468	35	406	273393	274385	1.35e-29	121
CDF90901.1	CM003568.1	24.877	406	468	26	385	298968	297793	4.13e-22	99.0
CDF90901.1	CM003567.1	38.824	255	468	32	280	667196	667873	1.10e-24	106
CDF90901.1	CM003567.1	43.262	141	468	35	166	549073	549462	4.62e-17	83.2
CDF90901.1	CM003566.1	26.471	442	468	35	433	300425	301663	2.35e-21	96.7
CDF90901.1	CM003555.1	40.833	120	468	35	149	248736	248377	2.04e-11	65.1
CDF90902.1	CM003562.1	58.974	429	429	1	429	921419	920136	9.93e-174	538
CDF90903.1	CM003561.1	44.118	102	103	1	99	155430	155125	1.29e-18	77.8
CDF90904.1	CM003570.1	26.648	364	299	1	298	510772	511857	3.38e-25	104
CDF90905.1	CM003561.1	43.412	721	632	1	623	152747	154780	5.82e-158	501
CDF90906.1	CM003561.1	55.844	77	197	1	75	146964	147176	8.15e-19	82.4
CDF90910.1	CM003561.1	63.918	1225	1219	1	1218	143281	139610	0.0	1587
CDF90910.1	CM003561.1	30.120	166	1219	12	170	50059	50541	1.35e-14	77.8
CDF90910.1	CM003566.1	41.718	163	1219	1050	1212	285716	286168	1.99e-31	133
CDF90910.1	CM003564.1	24.411	807	1219	494	1213	424073	426223	6.11e-29	125
CDF90911.1	CM003561.1	56.974	1355	2143	792	2143	136847	132804	0.0	1613
CDF90911.1	CM003561.1	60.599	835	2143	1	827	139231	136739	0.0	1079
CDF90912.1	CM003561.1	88.889	216	218	1	216	132375	131731	5.11e-121	376
CDF90912.1	CM003561.1	46.535	202	218	17	216	207083	207688	1.01e-59	201
CDF90912.1	CM003555.1	40.789	228	218	3	216	215355	214675	2.86e-50	173
CDF90912.1	CM003562.1	39.352	216	218	14	216	956934	956287	2.75e-46	162
CDF90912.1	CM003562.1	33.951	162	218	22	180	276203	276685	1.57e-23	96.7
CDF90912.1	CM003569.1	39.706	204	218	21	217	594369	594974	1.15e-43	154
CDF90912.1	CM003569.1	34.211	152	218	33	182	569866	569414	1.27e-21	91.3
CDF90912.1	CM003569.1	29.775	178	218	6	178	403024	403533	1.97e-20	87.8
CDF90912.1	CM003566.1	39.352	216	218	11	216	644819	644178	7.83e-39	140
CDF90912.1	CM003566.1	30.508	177	218	7	178	703632	703129	1.28e-21	91.3
CDF90912.1	CM003566.1	27.976	168	218	21	173	586644	586147	4.54e-18	80.9
CDF90913.1	CM003570.1	55.068	888	860	1	856	510139	507638	0.0	940
CDF90913.1	CM003561.1	54.217	581	860	278	856	130092	128428	0.0	629
CDF90913.1	CM003561.1	64.961	254	860	1	254	130898	130155	0.0	330
CDF90913.1	CM003564.1	29.146	398	860	402	789	313420	314433	5.32e-35	143
CDF90913.1	CM003564.1	30.154	325	860	50	360	312494	313300	6.29e-32	133
CDF90914.1	CM003570.1	48.189	635	588	1	588	507299	505437	1.82e-167	527
CDF90915.1	CM003570.1	52.905	327	322	4	321	519980	519039	9.79e-111	352
CDF90915.1	CM003569.1	34.752	282	322	20	282	884731	885531	1.22e-43	159
CDF90915.1	CM003569.1	25.681	257	322	27	240	707622	706900	5.65e-13	68.6
CDF90915.1	LIOO01000003.1	32.872	289	322	14	281	9206	10036	1.75e-40	149
CDF90915.1	CM003560.1	32.872	289	322	14	281	1138791	1139621	1.81e-40	149
CDF90915.1	CM003560.1	27.234	235	322	16	226	655507	654830	3.04e-12	66.2
CDF90916.1	CM003570.1	60.124	484	1010	240	723	531319	529913	0.0	600
CDF90916.1	CM003570.1	60.428	187	1010	56	236	531888	531328	0.0	213
CDF90916.1	CM003570.1	73.684	57	1010	1	57	532052	531882	0.0	74.7
CDF90917.1	CM003570.1	74.603	189	189	1	189	528149	528715	4.28e-94	298
CDF90918.1	CM003570.1	48.000	350	351	1	336	527833	526790	8.94e-96	310
CDF90919.1	CM003570.1	59.268	1230	1215	1	1215	522853	526536	0.0	1509
CDF90920.1	CM003570.1	67.500	120	119	1	118	522480	522121	3.93e-48	162
CDF90921.1	CM003570.1	40.214	373	364	1	348	520671	521753	1.57e-47	171
CDF90922.1	CM003570.1	51.237	849	789	4	787	532525	535068	0.0	879
CDF90922.1	CM003556.1	23.796	685	789	187	786	47738	45771	2.49e-40	159
CDF90923.1	CM003570.1	60.260	999	1177	3	996	537747	540737	0.0	1272
CDF90923.1	CM003570.1	66.272	169	1177	1000	1168	540746	541252	2.17e-50	195
CDF90924.1	CM003570.1	39.514	658	659	1	651	541601	543391	2.69e-144	463
CDF90925.1	CM003570.1	88.489	278	338	1	278	544772	543939	2.78e-161	498
CDF90925.1	CM003562.1	73.597	303	338	1	303	415853	416761	1.07e-147	459
CDF90926.1	CM003570.1	31.928	498	482	1	482	545135	546520	4.13e-55	197
CDF90927.1	CM003561.1	61.639	610	602	1	602	122565	124382	0.0	783
CDF90927.1	CM003567.1	31.020	461	602	20	470	823261	821969	8.67e-58	209
CDF90927.1	CM003564.1	29.724	471	602	13	473	341763	340435	3.76e-51	189
CDF90927.1	CM003564.1	29.073	399	602	7	398	564717	565808	1.66e-29	123
CDF90927.1	CM003563.1	32.312	359	602	25	377	308898	309884	7.68e-48	179
CDF90927.1	CM003563.1	29.921	381	602	14	377	95346	94291	9.49e-34	137
CDF90927.1	CM003566.1	28.721	383	602	20	393	117910	118983	2.39e-47	178
CDF90927.1	CM003566.1	23.877	423	602	12	375	679023	677806	2.98e-28	119
CDF90928.1	CM003561.1	63.538	277	434	118	394	121969	121157	1.19e-118	380
CDF90928.1	CM003561.1	53.153	111	434	29	127	122280	121948	1.84e-31	126
CDF90929.1	CM003570.1	74.026	231	235	1	231	547443	546754	2.82e-114	358
CDF90930.1	CM003570.1	58.445	373	391	1	372	547720	548838	1.98e-144	452
CDF90931.1	CM003561.1	62.981	208	207	1	207	120391	119783	1.97e-58	196
CDF90932.1	CM003570.1	68.354	474	476	4	476	549516	550928	0.0	667
CDF90932.1	CM003568.1	44.586	471	476	6	476	162045	163376	3.92e-130	414
CDF90932.1	CM003559.1	44.776	469	476	8	476	194223	195557	4.69e-129	411
CDF90933.1	CM003570.1	78.512	484	519	37	518	551590	553041	0.0	809
CDF90934.1	CM003561.1	63.797	395	850	455	849	118138	116978	0.0	536
CDF90934.1	CM003561.1	62.097	372	850	83	453	119256	118141	0.0	481
CDF90934.1	CM003561.1	55.128	78	850	19	96	119447	119214	8.35e-16	81.3
CDF90935.1	CM003561.1	53.957	139	151	1	139	116396	116794	5.61e-26	101
CDF90936.1	CM003561.1	92.810	306	306	1	306	116112	115195	0.0	570
CDF90936.1	CM003560.1	34.000	150	306	27	163	1452166	1452612	1.06e-20	91.3
CDF90937.1	CM003561.1	43.777	466	461	1	458	113632	114969	5.25e-124	396
CDF90938.1	CM003561.1	68.050	482	530	49	530	113204	111759	0.0	722
CDF90938.1	CM003555.1	24.385	447	530	112	529	318290	317073	1.02e-27	117
CDF90939.1	CM003561.1	40.758	211	228	27	228	108903	108310	2.59e-40	145
CDF90940.1	CM003570.1	36.453	716	686	13	686	564468	562453	8.72e-99	332
CDF90941.1	CM003570.1	65.263	570	566	1	566	562059	560386	0.0	803
CDF90941.1	CM003555.1	39.377	546	566	30	566	287135	285528	8.72e-129	414
CDF90943.1	CM003561.1	49.030	361	347	1	347	110206	109148	7.92e-107	342
CDF90944.1	CM003570.1	61.994	321	345	21	340	558092	557136	2.05e-126	398
CDF90945.1	CM003570.1	60.363	661	734	80	734	556598	554622	0.0	814
CDF90945.1	CM003566.1	24.473	474	734	89	537	303601	304986	1.36e-26	115
CDF90945.1	CM003558.1	23.409	487	734	89	537	769096	770481	4.57e-25	110
CDF90945.1	CM003562.1	24.695	328	734	353	674	328105	327200	2.10e-11	66.2
CDF90947.1	CM003570.1	49.544	329	694	1	320	566132	567073	4.90e-75	263
CDF90947.1	CM003562.1	48.485	132	694	1	120	860215	859856	5.09e-29	123
CDF90948.1	CM003562.1	56.977	430	425	1	403	858044	859297	3.51e-136	430
CDF90949.1	CM003562.1	72.848	906	880	1	880	854941	857634	0.0	1289
CDF90949.1	CM003562.1	29.394	330	880	312	621	821996	822898	6.04e-30	127
CDF90949.1	CM003562.1	39.103	156	880	636	790	823706	824164	2.20e-26	115
CDF90949.1	CM003558.1	36.553	673	880	243	878	363912	365789	7.63e-114	383
CDF90949.1	CM003558.1	29.541	501	880	296	787	690483	689134	9.37e-58	215
CDF90949.1	CM003558.1	34.104	173	880	636	806	449078	449590	4.92e-17	85.1
CDF90949.1	CM003564.1	33.761	545	880	310	818	238774	237224	7.22e-78	276
CDF90949.1	CM003569.1	31.853	518	880	312	815	200077	198683	4.78e-65	237
CDF90949.1	CM003569.1	32.582	488	880	312	789	227287	228636	1.86e-62	229
CDF90949.1	CM003569.1	27.692	195	880	604	788	388431	387880	3.03e-16	82.8
CDF90949.1	CM003556.1	32.649	487	880	312	787	68420	67080	8.84e-65	236
CDF90951.1	CM003562.1	34.831	178	349	180	348	852778	852335	2.19e-27	112
CDF90951.1	CM003570.1	33.684	190	349	163	349	570020	570463	1.48e-25	107
CDF90952.1	CM003562.1	37.333	225	238	48	238	851491	852156	4.47e-37	136
CDF90953.1	CM003555.1	60.678	295	303	2	289	98036	97152	2.05e-119	376
CDF90953.1	CM003568.1	38.047	297	303	2	288	111767	110895	5.72e-56	193
CDF90954.1	CM003564.1	90.723	636	645	1	634	215480	217387	0.0	1173
CDF90954.1	CM003564.1	53.102	548	645	28	565	344264	342642	8.64e-179	562
CDF90954.1	CM003555.1	80.480	625	645	15	639	94929	96803	0.0	1054
CDF90954.1	CM003555.1	49.756	615	645	31	630	364818	366632	0.0	571
CDF90954.1	CM003566.1	53.249	631	645	30	637	847206	849086	0.0	637
CDF90954.1	CM003566.1	49.918	613	645	31	631	82846	81038	3.20e-176	555
CDF90954.1	CM003558.1	48.943	615	645	31	630	78271	76457	0.0	568
CDF90954.1	CM003558.1	31.884	414	645	7	402	556075	554849	1.93e-49	185
CDF90954.1	CM003557.1	50.245	613	645	31	631	128449	126641	2.90e-177	558
CDF90955.1	CM003564.1	53.041	592	592	6	584	214997	213231	0.0	622
CDF90956.1	CM003555.1	74.918	1216	1216	1	1215	90503	94138	0.0	1910
CDF90956.1	CM003569.1	29.193	805	1216	126	833	222711	220366	5.22e-84	301
CDF90956.1	CM003569.1	23.160	462	1216	780	1201	220989	219652	3.06e-16	83.2
CDF90956.1	CM003562.1	20.946	740	1216	151	833	861022	862965	3.42e-15	79.7
CDF90957.1	CM003555.1	71.546	970	915	1	915	87200	90094	0.0	1330
CDF90957.1	CM003558.1	36.615	579	915	125	687	168447	166837	1.52e-94	327
CDF90957.1	CM003558.1	38.479	447	915	105	543	606346	607638	2.20e-77	275
CDF90957.1	CM003566.1	30.842	736	915	17	702	673892	675916	6.65e-91	316
CDF90957.1	CM003570.1	34.918	610	915	109	691	590772	592361	7.36e-91	316
CDF90957.1	CM003562.1	35.317	504	915	93	527	931109	932599	9.89e-83	291
CDF90958.1	CM003568.1	33.291	781	731	22	729	24342	26666	6.35e-130	424
CDF90958.1	CM003567.1	30.351	827	731	20	728	41646	44111	1.06e-102	345
CDF90958.1	CM003567.1	31.308	856	731	23	728	790044	787501	2.35e-102	344
CDF90959.1	CM003568.1	75.382	719	1277	557	1275	28837	30990	0.0	1175
CDF90959.1	CM003566.1	40.590	712	1277	568	1271	411433	409355	3.50e-156	520
CDF90960.1	CM003564.1	87.898	157	157	1	157	211706	212176	6.71e-93	293
CDF90960.1	CM003555.1	87.742	155	157	1	155	85935	86399	1.79e-90	286
CDF90961.1	CM003555.1	75.943	424	452	8	431	84777	83530	0.0	666
CDF90961.1	CM003567.1	50.382	393	452	35	380	35730	34609	4.42e-123	393
CDF90961.1	CM003570.1	33.438	317	452	53	359	454829	453909	1.00e-53	192
CDF90962.1	CM003555.1	54.286	420	397	1	397	82864	81671	2.22e-129	409
CDF90963.1	CM003560.1	61.290	341	341	3	341	11683	12702	1.30e-132	416
CDF90963.1	CM003569.1	59.649	342	341	1	341	1036388	1035363	5.18e-132	414
CDF90963.1	CM003562.1	53.892	334	341	3	334	836359	835358	2.51e-111	354
CDF90963.1	CM003562.1	52.493	341	341	3	340	624795	623776	7.81e-109	347
CDF90964.1	CM003555.1	55.556	225	230	7	229	80771	81439	1.94e-76	249
CDF90965.1	CM003564.1	90.385	104	111	5	108	210742	210431	6.47e-62	201
CDF90965.1	CM003555.1	80.769	104	111	5	108	80239	79928	1.07e-55	184
CDF90966.1	CM003555.1	59.593	344	412	6	344	78357	79388	4.80e-145	454
CDF90966.1	CM003566.1	36.152	343	412	4	295	555000	553978	5.14e-65	224
CDF90966.1	CM003562.1	32.178	202	412	95	295	205594	206154	2.79e-25	107
CDF90967.1	CM003564.1	64.387	424	510	69	461	208735	210006	0.0	575
CDF90967.1	CM003555.1	56.250	400	510	75	468	76398	77588	1.76e-153	483
CDF90967.1	CM003570.1	39.908	218	510	201	412	185999	186610	4.71e-42	160
CDF90968.1	CM003555.1	66.224	527	528	1	524	74066	75601	0.0	733
CDF90968.1	CM003555.1	26.981	467	528	102	518	160833	162182	3.10e-36	143
CDF90969.1	CM003564.1	51.029	243	225	1	225	208391	207687	2.03e-66	220
CDF90971.1	CM003555.1	64.029	139	145	15	145	70124	70540	8.02e-56	186
CDF90972.1	CM003555.1	77.835	388	388	1	388	69078	67918	0.0	665
CDF90973.1	CM003555.1	62.322	491	495	4	491	67153	65684	0.0	628
CDF90973.1	CM003564.1	56.637	452	495	1	445	207228	205873	5.14e-173	539
CDF90973.1	CM003564.1	71.739	46	495	445	490	205873	205736	4.76e-14	73.9
CDF90973.1	CM003565.1	29.180	305	495	196	493	497423	498172	1.09e-19	91.7
CDF90974.1	CM003555.1	50.000	154	168	16	168	65473	65021	3.87e-45	156
CDF90975.1	CM003569.1	30.830	253	542	3	247	645663	646355	1.34e-27	117
CDF90975.1	CM003562.1	29.958	237	542	1	228	811421	812038	3.63e-12	68.2
CDF90975.1	CM003560.1	30.222	225	542	7	224	1249843	1250424	9.82e-12	66.6
CDF90976.1	CM003560.1	33.663	202	231	23	198	1390620	1390021	4.24e-22	93.2
CDF90977.1	CM003560.1	87.668	373	373	1	373	1295663	1296769	0.0	682
CDF90977.1	CM003560.1	85.714	378	373	1	373	1391319	1392449	0.0	679
CDF90977.1	CM003560.1	54.754	305	373	75	373	1146702	1145788	1.16e-117	374
CDF90977.1	CM003560.1	51.220	328	373	53	373	894518	893538	7.16e-110	352
CDF90977.1	CM003560.1	40.625	288	373	59	344	196517	195657	1.71e-68	233
CDF90977.1	LIOO01000003.1	54.754	305	373	75	373	17117	16203	1.12e-117	374
CDF90977.1	CM003568.1	53.710	283	373	73	342	100708	99860	7.07e-102	328
CDF90977.1	CM003555.1	49.004	251	373	119	368	433075	433812	9.13e-79	262
CDF90977.1	CM003567.1	38.344	326	373	21	344	223284	222313	7.11e-73	245
CDF90977.1	CM003567.1	32.895	304	373	87	350	154864	155772	2.30e-51	183
CDF90979.1	CM003560.1	83.168	202	201	1	201	1297146	1297751	1.69e-109	342
CDF90980.1	CM003560.1	40.270	370	437	10	344	1394089	1393028	1.85e-56	200
CDF90981.1	CM003560.1	70.273	952	953	1	949	1394725	1397580	0.0	1403
CDF90982.1	CM003560.1	90.756	119	120	2	120	1398159	1397803	2.42e-63	206
CDF90982.1	CM003560.1	90.756	119	120	2	120	1298426	1298070	2.42e-63	206
CDF90983.1	CM003560.1	97.238	181	181	1	181	1299903	1299361	2.04e-118	367
CDF90983.1	CM003560.1	96.685	181	181	1	181	1399996	1399454	1.55e-117	364
CDF90983.1	CM003558.1	54.696	181	181	1	180	548425	547883	2.11e-63	209
CDF90983.1	CM003569.1	54.802	177	181	1	176	582382	581852	8.11e-63	207
CDF90983.1	CM003570.1	37.288	177	181	8	173	453100	453624	7.62e-29	110
CDF90983.1	CM003570.1	35.329	167	181	15	174	133070	133570	1.91e-27	106
CDF90983.1	CM003567.1	32.283	127	181	15	135	516497	516877	6.57e-19	82.0
CDF90984.1	CM003560.1	55.211	355	388	66	388	1401586	1400522	1.26e-116	372
CDF90985.1	CM003560.1	59.413	749	686	1	684	1404738	1402501	0.0	860
CDF90985.1	CM003560.1	61.778	675	686	54	684	1302869	1300869	0.0	800
CDF90985.1	CM003560.1	30.654	535	686	51	557	365786	367348	4.08e-70	248
CDF90985.1	CM003560.1	30.654	535	686	51	557	371178	372740	7.79e-70	247
CDF90985.1	CM003560.1	30.255	509	686	63	557	362509	363999	5.96e-66	236
CDF90985.1	CM003560.1	29.885	522	686	60	557	1508996	1510516	1.26e-63	229
CDF90985.1	CM003560.1	27.912	498	686	92	569	87632	89068	6.12e-43	166
CDF90985.1	CM003560.1	27.655	499	686	99	581	24187	22733	6.33e-40	157
CDF90985.1	CM003560.1	28.870	239	686	88	322	283271	283966	1.60e-21	99.0
CDF90985.1	CM003560.1	24.889	225	686	333	553	284165	284788	3.72e-13	72.0
CDF90985.1	CM003560.1	21.561	538	686	32	543	1413153	1414661	5.34e-11	65.1
CDF90985.1	CM003563.1	31.818	528	686	60	570	248968	250512	2.10e-74	261
CDF90985.1	CM003563.1	30.040	496	686	91	570	245220	246680	1.55e-68	243
CDF90985.1	CM003563.1	27.749	573	686	7	557	241187	242875	1.16e-67	241
CDF90985.1	CM003566.1	32.593	540	686	46	557	269974	271548	1.06e-73	258
CDF90985.1	CM003561.1	31.467	518	686	77	579	150219	148696	1.05e-72	256
CDF90985.1	CM003561.1	22.745	510	686	77	545	211674	210238	9.98e-20	93.2
CDF90985.1	CM003567.1	30.354	537	686	77	592	270944	272524	2.66e-71	251
CDF90986.1	CM003560.1	54.844	1311	1259	1	1259	1409110	1405292	0.0	1340
CDF90987.1	CM003566.1	73.077	78	79	4	79	560849	560616	8.49e-35	122
CDF90988.1	CM003560.1	39.352	216	217	1	197	1304373	1304978	9.08e-40	143
CDF90989.1	CM003566.1	73.854	371	370	1	370	560325	559213	0.0	556
CDF90989.1	CM003564.1	36.548	394	370	4	370	246014	244848	6.19e-64	219
CDF90989.1	CM003560.1	61.184	152	370	2	153	729103	729531	1.04e-52	187
CDF90989.1	CM003560.1	51.765	170	370	5	174	448630	449115	3.58e-46	167
CDF90989.1	CM003567.1	55.882	170	370	5	174	105460	105939	1.41e-50	181
CDF90989.1	CM003563.1	50.296	169	370	5	172	318908	319390	1.70e-42	157
CDF90990.1	CM003560.1	90.231	1556	1737	1	1551	1305861	1310525	0.0	2937
CDF90990.1	CM003569.1	33.809	1541	1737	12	1451	541100	545395	0.0	733
CDF90990.1	CM003569.1	32.192	730	1737	207	874	123204	121036	1.44e-98	353
CDF90990.1	CM003569.1	49.383	81	1737	1049	1128	120696	120454	4.20e-18	90.1
CDF90990.1	CM003569.1	31.206	141	1737	1305	1444	119652	119233	1.82e-15	81.6
CDF90991.1	CM003560.1	56.364	220	259	42	259	1314038	1314697	2.07e-83	270
CDF90992.1	CM003560.1	85.795	528	528	1	528	1316427	1314844	0.0	920
CDF90992.1	CM003560.1	30.627	542	528	7	522	622724	621126	1.89e-64	226
CDF90992.1	CM003560.1	28.030	528	528	22	524	661646	660105	1.23e-49	183
CDF90992.1	CM003564.1	33.911	519	528	19	527	181852	180314	3.03e-91	305
CDF90992.1	CM003564.1	29.297	512	528	23	524	318152	316641	7.32e-70	242
CDF90992.1	CM003564.1	30.664	512	528	23	523	517567	516083	5.37e-66	231
CDF90992.1	CM003564.1	28.977	528	528	24	528	303997	305550	4.62e-56	202
CDF90992.1	CM003553.1	31.992	522	528	14	528	231648	230128	6.74e-71	245
CDF90993.1	CM003566.1	55.043	347	338	2	331	558968	557931	1.48e-126	398
CDF90994.1	CM003560.1	64.689	354	358	8	358	1316697	1317758	3.85e-147	458
CDF90995.1	CM003566.1	48.184	413	474	10	388	555027	553789	1.82e-127	407
CDF90995.1	CM003555.1	33.898	354	474	13	361	78336	79295	1.19e-67	234
CDF90995.1	CM003562.1	27.273	187	474	151	337	205636	206154	7.23e-23	101
CDF90996.1	CM003570.1	48.984	443	427	1	423	312766	311468	3.26e-131	416
CDF90997.1	CM003569.1	39.616	573	615	45	612	624646	626352	3.93e-130	421
CDF90997.1	CM003569.1	39.479	537	615	48	581	384593	386191	5.46e-127	411
CDF90997.1	CM003566.1	40.037	537	615	48	581	594250	595848	2.35e-128	416
CDF90997.1	CM003554.1	28.492	537	615	32	543	33475	31910	1.52e-56	206
CDF90997.1	CM003558.1	27.567	526	615	34	543	261555	263117	6.24e-51	189
CDF90997.1	CM003558.1	25.970	593	615	2	552	132057	130300	8.44e-48	179
CDF90999.1	CM003569.1	49.584	361	903	579	897	349683	348634	2.54e-94	326
CDF90999.1	CM003569.1	34.529	446	903	91	523	350739	349582	2.73e-49	189
CDF90999.1	CM003555.1	44.578	83	903	812	891	309059	308811	7.28e-11	65.1
CDF91000.1	CM003570.1	67.091	1021	1029	7	1024	307221	310283	0.0	1457
CDF91001.1	CM003569.1	68.925	428	428	1	426	347073	348356	0.0	640
CDF91002.1	CM003570.1	56.874	902	861	1	861	304029	306716	0.0	991
CDF91003.1	CM003569.1	94.286	70	70	1	70	346480	346271	1.69e-41	141
CDF91004.1	CM003569.1	68.207	887	898	36	896	343264	345873	0.0	1176
CDF91004.1	CM003566.1	39.313	262	898	227	444	133399	134169	1.64e-41	164
CDF91004.1	CM003565.1	37.643	263	898	231	444	225666	226439	8.47e-40	159
CDF91005.1	CM003570.1	71.622	74	322	57	130	303294	303073	6.63e-28	113
CDF91005.1	CM003570.1	55.405	74	322	243	316	303288	303070	1.51e-18	85.5
CDF91006.1	CM003570.1	55.729	576	536	6	532	302016	300364	0.0	621
CDF91007.1	CM003569.1	65.842	404	427	26	426	341831	340626	0.0	564
CDF91007.1	CM003558.1	26.484	219	427	88	302	596939	596310	9.98e-16	78.6
CDF91008.1	CM003569.1	45.283	212	227	6	216	339532	340164	1.53e-55	189
CDF91008.1	CM003570.1	28.448	232	227	9	216	299243	299938	5.09e-34	127
CDF91009.1	CM003570.1	79.668	241	239	4	239	299231	299953	4.71e-130	403
CDF91009.1	CM003569.1	31.330	233	239	4	235	339529	340167	4.49e-32	122
CDF91011.1	CM003569.1	54.595	185	182	1	181	337521	338075	1.21e-59	199
CDF91012.1	CM003569.1	46.614	502	467	1	467	335824	337269	8.73e-116	373
CDF91013.1	CM003569.1	64.902	869	859	1	858	335502	332923	0.0	1146
CDF91013.1	CM003569.1	25.397	252	859	299	543	943481	944140	8.21e-14	74.7
CDF91013.1	CM003564.1	27.536	276	859	299	561	170179	169439	1.81e-15	80.1
CDF91013.1	CM003568.1	24.699	332	859	299	620	694555	693683	2.88e-15	79.3
CDF91014.1	CM003569.1	48.188	938	879	4	879	329812	332568	0.0	864
CDF91014.1	CM003563.1	32.737	895	879	13	877	371362	373914	1.70e-135	446
CDF91015.1	CM003570.1	87.031	293	298	2	294	296946	297824	8.22e-162	497
CDF91016.1	CM003569.1	31.008	258	179	5	179	329454	328681	2.79e-26	103
CDF91017.1	CM003570.1	82.609	207	268	24	230	295691	296305	6.44e-118	370
CDF91018.1	CM003570.1	88.235	221	330	110	330	294374	293712	2.12e-130	409
CDF91018.1	CM003570.1	41.304	138	330	7	90	295015	294602	2.37e-21	94.0
CDF91018.1	CM003558.1	25.877	228	330	103	329	678582	677899	1.67e-25	106
CDF91018.1	CM003564.1	24.895	237	330	149	329	495787	496491	7.18e-16	77.4
CDF91019.1	CM003569.1	52.975	353	312	1	311	327245	328303	1.10e-118	374
CDF91020.1	CM003569.1	59.197	299	296	2	294	326460	325564	2.28e-126	395
CDF91020.1	CM003569.1	26.780	295	296	11	290	514452	515285	2.91e-18	84.0
CDF91020.1	CM003569.1	23.746	299	296	12	296	571011	571880	5.71e-15	73.9
CDF91020.1	CM003570.1	64.667	300	296	6	294	293303	292413	1.91e-124	390
CDF91020.1	CM003570.1	32.862	283	296	12	284	594871	594047	1.04e-33	129
CDF91020.1	CM003564.1	30.323	310	296	10	296	128110	127214	2.74e-34	130
CDF91020.1	CM003564.1	27.178	287	296	4	284	558638	557808	1.20e-18	85.1
CDF91020.1	CM003564.1	27.426	237	296	14	239	159774	160463	9.70e-16	76.3
CDF91020.1	CM003558.1	28.028	289	296	12	287	764071	763232	6.19e-24	100
CDF91020.1	CM003558.1	27.778	306	296	15	291	429754	430614	9.03e-22	94.4
CDF91020.1	CM003558.1	26.316	285	296	9	280	395998	396837	1.23e-18	85.1
CDF91020.1	CM003558.1	25.614	285	296	9	280	155774	154935	2.76e-16	77.8
CDF91020.1	CM003555.1	28.276	290	296	14	284	144714	145556	2.16e-23	99.0
CDF91020.1	CM003555.1	27.273	176	296	8	173	144996	145520	1.21e-11	63.9
CDF91021.1	CM003569.1	55.290	293	273	1	273	325021	324146	6.14e-102	324
CDF91022.1	CM003569.1	79.452	146	145	1	145	323538	323975	7.12e-77	246
CDF91023.1	CM003569.1	85.827	127	173	30	155	322792	323172	1.40e-70	229
CDF91023.1	CM003570.1	69.231	169	173	2	161	291371	291868	4.84e-70	228
CDF91024.1	CM003570.1	48.010	1156	1109	59	1106	290031	286654	0.0	941
CDF91024.1	CM003569.1	48.506	1004	1109	145	1109	321164	318246	0.0	873
CDF91024.1	CM003564.1	28.687	739	1109	177	854	363158	361068	7.28e-74	268
CDF91025.1	CM003569.1	42.258	310	298	1	298	317031	317921	5.86e-74	245
CDF91026.1	CM003570.1	41.274	361	338	1	336	286250	285198	1.07e-87	286
CDF91027.1	CM003570.1	60.236	508	480	1	479	282857	281352	0.0	585
CDF91027.1	CM003570.1	32.850	207	480	188	392	160623	161216	2.71e-25	108
CDF91027.1	CM003570.1	30.769	273	480	193	459	262143	262877	1.36e-24	106
CDF91027.1	CM003570.1	28.070	285	480	195	459	257412	256618	2.15e-23	103
CDF91027.1	CM003570.1	28.000	300	480	188	458	486051	485173	4.58e-22	99.0
CDF91027.1	CM003570.1	29.565	230	480	232	458	151323	150694	1.60e-21	97.4
CDF91027.1	CM003570.1	27.129	317	480	191	458	659523	660419	1.39e-18	88.2
CDF91027.1	CM003570.1	27.046	281	480	194	459	279752	278943	1.66e-17	84.7
CDF91027.1	CM003570.1	28.387	155	480	237	385	467204	466746	1.80e-14	75.1
CDF91027.1	CM003570.1	30.000	190	480	221	392	495023	494487	3.27e-13	70.9
CDF91027.1	CM003570.1	25.000	240	480	178	389	853919	853221	5.31e-12	67.0
CDF91027.1	CM003569.1	59.768	517	480	1	477	312206	310686	0.0	575
CDF91027.1	CM003569.1	31.469	286	480	197	458	974681	973863	3.64e-28	117
CDF91027.1	CM003569.1	27.481	262	480	154	392	956316	955603	3.92e-19	89.7
CDF91027.1	CM003569.1	29.482	251	480	183	415	308871	308137	1.52e-17	84.7
CDF91027.1	CM003569.1	23.322	283	480	196	468	789965	790765	4.35e-15	77.0
CDF91027.1	CM003569.1	28.926	242	480	250	464	95270	95953	4.54e-15	77.0
CDF91027.1	CM003569.1	26.073	303	480	193	475	839903	839067	5.41e-15	76.6
CDF91027.1	CM003569.1	25.893	224	480	185	396	260576	261226	2.34e-14	74.7
CDF91027.1	CM003569.1	28.505	214	480	267	460	1000984	1001613	9.83e-13	69.7
CDF91027.1	CM003560.1	40.647	278	480	193	458	1343364	1342546	1.85e-51	187
CDF91027.1	CM003560.1	34.701	268	480	196	460	45464	46216	1.03e-31	128
CDF91027.1	CM003560.1	30.000	210	480	191	397	120303	119698	3.54e-22	99.4
CDF91027.1	CM003560.1	27.817	284	480	196	459	66708	67517	8.99e-21	94.7
CDF91027.1	CM003560.1	32.934	167	480	233	395	802239	801763	1.00e-20	94.7
CDF91027.1	CM003560.1	28.378	222	480	256	458	493365	493985	1.77e-19	90.9
CDF91027.1	CM003560.1	25.524	286	480	196	459	98952	99737	4.00e-19	89.7
CDF91027.1	CM003560.1	25.738	237	480	196	399	137668	137003	2.85e-16	80.9
CDF91027.1	CM003560.1	28.621	290	480	196	458	1235233	1236057	7.33e-16	79.3
CDF91027.1	CM003560.1	32.667	150	480	260	392	553596	553159	3.49e-14	74.3
CDF91027.1	CM003560.1	24.590	244	480	196	423	1110302	1110979	3.61e-14	73.9
CDF91027.1	CM003560.1	25.907	193	480	196	385	1248649	1248092	9.84e-13	69.7
CDF91027.1	CM003564.1	38.333	300	480	188	477	540306	541160	5.66e-47	174
CDF91027.1	CM003564.1	29.153	295	480	195	472	474743	473910	1.01e-28	119
CDF91027.1	CM003564.1	30.415	217	480	249	459	614537	615127	2.66e-22	99.8
CDF91027.1	CM003564.1	30.000	200	480	216	391	503865	503284	1.05e-16	82.0
CDF91027.1	CM003564.1	28.837	215	480	192	395	570059	570673	4.39e-15	77.0
CDF91027.1	CM003564.1	28.169	142	480	248	386	647525	647944	2.91e-11	64.7
CDF91027.1	CM003563.1	33.922	283	480	195	470	220987	220205	2.50e-38	148
CDF91027.1	CM003563.1	30.714	280	480	196	472	443209	443988	1.63e-32	130
CDF91027.1	CM003563.1	30.333	300	480	112	392	27209	26349	8.82e-24	104
CDF91027.1	CM003563.1	28.502	207	480	196	389	368650	369255	5.16e-16	80.1
CDF91027.1	CM003563.1	29.927	137	480	266	392	266558	266956	3.24e-12	67.8
CDF91028.1	CM003569.1	65.278	216	224	9	224	310183	309554	1.00e-86	278
CDF91029.1	CM003570.1	47.831	922	873	1	873	279884	277290	0.0	732
CDF91029.1	CM003570.1	35.766	274	873	35	308	262128	262883	2.49e-40	160
CDF91029.1	CM003570.1	34.228	298	873	42	338	160644	161462	1.44e-37	151
CDF91029.1	CM003570.1	28.664	307	873	19	306	257484	256618	3.60e-31	131
CDF91029.1	CM003570.1	28.151	238	873	69	305	151371	150694	1.55e-25	112
CDF91029.1	CM003570.1	29.680	219	873	43	255	486027	485422	3.99e-19	92.0
CDF91029.1	CM003570.1	29.091	275	873	43	305	282200	281415	4.13e-19	92.0
CDF91029.1	CM003570.1	25.552	317	873	43	306	853865	852960	3.86e-16	82.4
CDF91029.1	CM003570.1	27.925	265	873	67	300	495071	494328	1.81e-15	80.1
CDF91029.1	CM003570.1	25.725	276	873	14	244	741198	741986	2.68e-13	73.2
CDF91029.1	CM003570.1	29.464	224	873	35	239	659514	660143	1.66e-12	70.5
CDF91029.1	CM003569.1	72.267	375	873	1	366	308961	307846	5.89e-171	549
CDF91029.1	CM003569.1	37.915	211	873	37	244	789947	790555	5.05e-35	143
CDF91029.1	CM003569.1	28.975	283	873	37	306	956235	955438	4.86e-31	130
CDF91029.1	CM003569.1	33.478	230	873	39	260	260600	261253	4.09e-22	101
CDF91029.1	CM003569.1	26.510	298	873	38	308	95090	95944	9.95e-20	94.0
CDF91029.1	CM003569.1	29.091	275	873	43	306	311528	310740	4.73e-19	91.7
CDF91029.1	CM003569.1	26.510	298	873	26	306	839933	839133	8.34e-19	90.9
CDF91029.1	CM003569.1	28.065	310	873	36	318	974708	973839	2.23e-18	89.7
CDF91029.1	CM003569.1	26.667	285	873	88	332	644123	643323	1.10e-11	67.8
CDF91029.1	CM003560.1	41.758	273	873	34	306	120315	119548	5.74e-57	213
CDF91029.1	CM003560.1	39.667	300	873	30	308	66681	67523	5.77e-53	200
CDF91029.1	CM003560.1	32.192	292	873	33	305	802458	801610	1.91e-38	154
CDF91029.1	CM003560.1	31.190	311	873	34	317	1235206	1236093	2.97e-29	125
CDF91029.1	CM003560.1	26.667	375	873	30	381	98904	99944	1.12e-26	116
CDF91029.1	CM003560.1	29.371	286	873	38	305	1110287	1111105	5.89e-26	114
CDF91029.1	CM003560.1	25.444	338	873	24	330	137713	136787	3.07e-23	105
CDF91029.1	CM003560.1	30.333	300	873	39	306	1446825	1447697	1.03e-21	100
CDF91029.1	CM003560.1	31.086	267	873	74	317	553722	552964	4.75e-21	98.2
CDF91029.1	CM003560.1	25.912	274	873	37	306	45446	46213	3.82e-15	79.0
CDF91029.1	CM003560.1	23.333	300	873	47	321	1343367	1342513	1.58e-14	77.0
CDF91029.1	CM003560.1	26.168	214	873	37	247	1248667	1248056	5.38e-14	75.1
CDF91029.1	CM003560.1	22.523	222	873	103	305	493350	493985	2.64e-12	69.7
CDF91029.1	CM003560.1	29.048	210	873	42	240	1202518	1203096	7.00e-11	65.1
CDF91029.1	CM003565.1	35.494	324	873	23	311	419101	418175	6.17e-51	194
CDF91029.1	CM003565.1	35.374	294	873	42	334	532702	533508	1.56e-38	155
CDF91029.1	CM003565.1	29.080	337	873	28	364	461497	460562	2.10e-30	129
CDF91029.1	CM003565.1	32.273	220	873	102	306	536148	536807	1.92e-22	102
CDF91029.1	CM003565.1	28.516	256	873	43	248	445902	446657	5.98e-22	101
CDF91029.1	CM003565.1	30.097	206	873	37	237	484387	483812	1.11e-20	97.1
CDF91029.1	CM003565.1	26.822	343	873	33	301	319928	320890	1.62e-15	80.1
CDF91029.1	CM003559.1	40.559	286	873	33	308	230018	229203	2.52e-50	192
CDF91029.1	CM003559.1	30.063	316	873	3	304	187218	186289	1.52e-26	116
CDF91029.1	CM003559.1	28.169	284	873	41	305	73791	74609	1.33e-20	97.1
CDF91029.1	CM003559.1	26.460	291	873	43	306	41925	41104	1.58e-20	96.7
CDF91030.1	CM003570.1	85.149	101	107	7	107	276491	276793	1.53e-55	183
CDF91030.1	CM003569.1	84.158	101	107	7	107	305947	306249	5.44e-55	181
CDF91032.1	CM003570.1	36.111	144	128	6	120	274316	274735	8.00e-19	79.7
CDF91033.1	CM003569.1	44.762	210	209	4	206	303883	303272	5.63e-53	181
CDF91034.1	CM003570.1	70.413	436	429	1	425	273526	272219	0.0	622
CDF91034.1	CM003569.1	62.442	434	429	1	423	302813	301512	7.30e-180	555
CDF91034.1	CM003563.1	27.596	366	429	23	372	433024	432056	5.35e-26	110
CDF91034.1	CM003565.1	26.554	354	429	23	362	222758	221811	2.95e-24	104
CDF91034.1	LIOO01000005.1	25.767	326	429	81	361	24737	25639	1.87e-13	71.2
CDF91035.1	CM003570.1	57.395	453	439	3	439	271347	269989	8.88e-137	432
CDF91036.1	CM003569.1	48.667	300	297	3	292	301121	300234	4.18e-87	283
CDF91037.1	CM003570.1	62.763	854	859	30	859	267141	269690	0.0	1081
CDF91037.1	CM003570.1	25.000	212	859	618	810	32262	32873	5.97e-11	65.1
CDF91037.1	CM003565.1	25.601	707	859	205	856	579730	581628	8.06e-56	209
CDF91039.1	CM003564.1	61.290	217	225	3	218	721172	720522	1.56e-91	292
CDF91039.1	CM003564.1	29.880	251	225	2	212	535181	535933	9.66e-30	115
CDF91040.1	CM003570.1	40.127	157	159	3	149	266614	266147	2.76e-30	114
CDF91042.1	CM003569.1	81.544	298	331	35	331	298959	298066	2.44e-170	523
CDF91043.1	CM003570.1	36.713	286	288	1	280	265136	265981	2.18e-55	191
CDF91045.1	CM003570.1	53.103	838	904	1	813	262026	264431	0.0	722
CDF91045.1	CM003570.1	34.007	297	904	23	290	279815	278925	1.30e-43	171
CDF91045.1	CM003570.1	30.859	256	904	22	264	160569	161321	1.52e-30	129
CDF91045.1	CM003570.1	32.231	242	904	51	283	151407	150694	5.78e-29	124
CDF91045.1	CM003570.1	28.674	279	904	36	287	257433	256603	5.38e-28	121
CDF91045.1	CM003570.1	29.043	303	904	29	305	282224	281340	1.09e-26	116
CDF91045.1	CM003570.1	27.431	288	904	36	265	741267	742118	1.43e-21	100
CDF91045.1	CM003570.1	27.899	276	904	37	284	486045	485227	6.54e-18	88.2
CDF91045.1	CM003570.1	24.290	317	904	36	284	853886	852960	2.84e-16	82.8
CDF91045.1	CM003570.1	24.920	313	904	26	283	659487	660419	4.51e-11	65.9
CDF91045.1	CM003570.1	30.000	150	904	90	221	494948	494508	5.53e-11	65.5
CDF91045.1	CM003560.1	38.889	252	904	34	278	120315	119566	1.28e-47	184
CDF91045.1	CM003560.1	31.884	345	904	34	349	66693	67727	1.05e-45	177
CDF91045.1	CM003560.1	26.502	283	904	34	283	802455	801610	4.41e-35	144
CDF91045.1	CM003560.1	29.818	275	904	37	302	45446	46267	3.37e-32	134
CDF91045.1	CM003560.1	30.282	284	904	34	284	98925	99737	2.44e-28	122
CDF91045.1	CM003560.1	28.723	282	904	37	283	1235215	1236057	1.65e-23	106
CDF91045.1	CM003560.1	31.000	200	904	43	228	1446837	1447430	3.65e-21	99.0
CDF91045.1	CM003560.1	28.720	289	904	29	283	137674	136838	9.35e-21	97.4
CDF91045.1	CM003560.1	30.769	208	904	100	283	493383	493985	1.87e-19	93.2
CDF91045.1	CM003560.1	30.636	173	904	128	283	1110593	1111105	5.67e-18	88.6
CDF91045.1	CM003560.1	24.573	293	904	29	286	1343379	1342537	1.71e-16	83.6
CDF91045.1	CM003560.1	29.032	186	904	41	218	1248655	1248101	1.22e-13	74.3
CDF91045.1	CM003560.1	28.261	230	904	90	290	1114791	1115474	2.80e-13	73.2
CDF91045.1	CM003559.1	31.356	354	904	34	344	230015	228957	1.65e-45	177
CDF91045.1	CM003559.1	29.371	286	904	32	284	41958	41104	5.43e-31	130
CDF91045.1	CM003559.1	26.990	289	904	43	296	73797	74648	1.60e-20	96.7
CDF91045.1	CM003559.1	34.400	125	904	106	224	186852	186481	1.37e-17	87.0
CDF91045.1	LIOO01000006.1	31.356	354	904	34	344	11008	12066	1.65e-45	177
CDF91045.1	CM003569.1	35.036	274	904	35	286	308832	308014	3.32e-42	167
CDF91045.1	CM003569.1	30.403	273	904	34	284	956244	955438	8.76e-27	117
CDF91045.1	CM003569.1	29.889	271	904	43	289	311528	310731	2.83e-25	112
CDF91045.1	CM003569.1	27.597	308	904	36	312	839915	839067	2.64e-24	108
CDF91045.1	CM003569.1	28.731	268	904	36	283	789944	790735	2.90e-24	108
CDF91045.1	CM003569.1	28.862	246	904	37	242	974702	973992	2.90e-22	102
CDF91045.1	CM003569.1	27.451	306	904	31	283	95066	95935	2.04e-16	83.2
CDF91045.1	CM003569.1	29.358	218	904	38	232	260597	261238	1.11e-14	77.4
CDF91046.1	CM003569.1	66.736	484	488	7	487	297632	296181	0.0	689
CDF91046.1	CM003567.1	31.081	296	488	64	343	466241	467074	1.94e-27	115
CDF91047.1	CM003569.1	46.226	212	384	177	384	295430	296062	1.93e-54	192
CDF91048.1	CM003569.1	67.216	668	674	9	673	292593	294584	0.0	955
CDF91049.1	CM003570.1	64.270	445	428	3	428	261343	260009	0.0	613
CDF91049.1	CM003570.1	30.769	169	428	108	272	880602	881108	8.18e-17	82.0
CDF91049.1	CM003570.1	25.103	243	428	174	403	880674	881366	6.65e-12	66.6
CDF91049.1	CM003558.1	29.114	237	428	109	338	596930	596226	1.56e-23	102
CDF91049.1	CM003558.1	21.162	241	428	187	424	596951	596253	2.80e-13	70.9
CDF91049.1	CM003553.1	30.345	290	428	134	416	51504	50683	2.80e-23	101
CDF91049.1	CM003553.1	27.273	264	428	107	322	51456	50689	1.28e-18	87.4
CDF91049.1	CM003568.1	29.915	234	428	128	353	739767	739072	6.94e-20	91.3
CDF91049.1	CM003562.1	30.137	219	428	102	296	795259	794603	8.77e-20	91.3
CDF91049.1	CM003562.1	31.053	190	428	112	296	795043	794477	1.27e-17	84.3
CDF91049.1	CM003562.1	29.480	173	428	88	256	794986	794480	1.36e-16	81.3
CDF91050.1	CM003569.1	78.202	445	436	1	436	292276	290942	0.0	723
CDF91050.1	CM003558.1	42.157	306	436	161	427	112886	111969	6.45e-69	236
CDF91050.1	CM003567.1	35.266	207	436	184	385	494349	493735	6.60e-34	134
CDF91051.1	CM003570.1	68.715	358	352	1	352	258854	259927	3.71e-177	544
CDF91051.1	CM003553.1	37.302	252	352	52	298	259594	258854	6.77e-41	152
CDF91052.1	CM003569.1	57.520	379	392	29	391	289598	290725	1.22e-149	467
CDF91053.1	CM003570.1	66.504	818	756	3	756	258009	255556	0.0	1069
CDF91053.1	CM003570.1	30.822	292	756	165	450	151524	150694	3.78e-36	146
CDF91053.1	CM003570.1	29.964	277	756	184	457	160626	161414	1.70e-32	134
CDF91053.1	CM003570.1	30.534	262	756	192	451	262152	262877	5.81e-30	126
CDF91053.1	CM003570.1	28.188	298	756	191	459	279749	278901	3.50e-28	120
CDF91053.1	CM003570.1	29.667	300	756	190	450	486033	485173	9.77e-28	119
CDF91053.1	CM003570.1	28.076	317	756	167	450	282317	281415	2.96e-24	108
CDF91053.1	CM003570.1	27.299	348	756	137	428	741087	742085	1.62e-22	102
CDF91053.1	CM003570.1	30.000	180	756	231	400	467204	466704	1.34e-16	83.6
CDF91053.1	CM003569.1	33.951	324	756	146	456	789830	790753	6.29e-44	170
CDF91053.1	CM003569.1	31.310	313	756	164	461	956289	955414	8.06e-38	151
CDF91053.1	CM003569.1	30.769	377	756	100	450	94862	95935	1.57e-37	150
CDF91053.1	CM003569.1	28.777	278	756	191	451	308811	308020	5.44e-29	123
CDF91053.1	CM003569.1	28.622	283	756	191	451	311531	310740	1.88e-24	108
CDF91053.1	CM003569.1	25.874	286	756	182	451	839921	839133	2.60e-21	98.6
CDF91053.1	CM003569.1	27.715	267	756	200	445	974609	973878	2.81e-18	89.0
CDF91053.1	CM003569.1	28.241	216	756	190	392	260606	261214	1.98e-17	86.3
CDF91053.1	CM003569.1	26.754	228	756	192	406	1000759	1001409	2.69e-17	85.9
CDF91053.1	CM003569.1	25.869	259	756	229	451	644120	643380	3.91e-12	68.9
CDF91053.1	CM003561.1	33.574	277	756	190	456	95778	96572	1.11e-43	169
CDF91053.1	CM003561.1	29.870	154	756	186	332	191008	191463	5.53e-16	81.3
CDF91053.1	CM003561.1	33.071	127	756	341	459	192073	192420	1.84e-12	70.1
CDF91053.1	CM003560.1	34.932	292	756	162	451	120354	119548	1.50e-41	163
CDF91053.1	CM003560.1	34.043	282	756	190	451	66714	67517	1.31e-39	157
CDF91053.1	CM003560.1	30.887	327	756	159	450	802548	801610	9.53e-38	151
CDF91053.1	CM003560.1	33.103	290	756	192	452	1235233	1236063	3.44e-36	146
CDF91053.1	CM003560.1	29.102	323	756	184	471	137689	136763	3.41e-35	143
CDF91053.1	CM003560.1	28.758	306	756	174	459	98901	99770	1.17e-33	138
CDF91053.1	CM003560.1	25.597	293	756	183	473	45440	46279	3.05e-22	101
CDF91053.1	CM003560.1	28.014	282	756	188	451	1114620	1115447	2.12e-18	89.4
CDF91053.1	CM003560.1	26.014	296	756	187	451	1248664	1247813	5.99e-18	87.8
CDF91053.1	CM003560.1	24.194	310	756	163	450	1110230	1111105	4.80e-17	84.7
CDF91053.1	CM003560.1	27.660	282	756	192	450	1343355	1342546	6.15e-17	84.7
CDF91053.1	CM003560.1	30.476	210	756	258	450	493395	493985	9.64e-17	84.0
CDF91053.1	CM003560.1	30.275	218	756	190	396	1202515	1203120	1.44e-15	80.1
CDF91053.1	CM003560.1	22.884	319	756	192	446	553929	552997	1.20e-11	67.4
CDF91053.1	CM003565.1	33.929	224	756	228	451	418822	418190	1.15e-40	160
CDF91053.1	CM003565.1	29.537	281	756	184	457	532684	533472	3.55e-32	133
CDF91053.1	CM003565.1	30.877	285	756	183	454	461491	460691	1.89e-27	118
CDF91053.1	CM003565.1	29.858	211	756	192	397	484369	483776	7.70e-19	90.9
CDF91053.1	CM003565.1	26.792	265	756	227	451	446070	446837	1.55e-18	89.7
CDF91053.1	CM003565.1	26.408	284	756	206	450	517370	518164	2.49e-15	79.3
CDF91053.1	CM003565.1	25.311	241	756	242	454	536148	536816	1.66e-13	73.2
CDF91053.1	CM003565.1	24.638	276	756	193	404	319961	320776	2.21e-13	72.8
CDF91054.1	CM003570.1	72.613	398	416	22	416	254694	253543	0.0	583
CDF91054.1	CM003566.1	30.548	347	416	103	415	369766	368765	7.62e-33	130
CDF91054.1	CM003566.1	26.935	323	416	122	415	367395	366472	1.25e-21	96.7
CDF91054.1	CM003560.1	26.377	345	416	104	415	751809	752792	2.60e-18	86.3
CDF91054.1	LIOO01000009.1	25.069	363	416	103	415	5059	4007	1.45e-15	77.8
CDF91054.1	CM003554.1	25.069	363	416	103	415	118984	117932	1.50e-15	77.8
CDF91054.1	CM003554.1	23.117	385	416	103	415	4160	5245	7.25e-13	69.3
CDF91055.1	CM003570.1	55.523	679	637	17	623	253090	251090	0.0	688
CDF91055.1	CM003570.1	34.877	324	637	119	435	803719	804597	1.61e-41	161
CDF91055.1	CM003562.1	37.432	366	637	121	478	965410	964448	5.44e-57	207
CDF91055.1	CM003558.1	30.340	412	637	122	500	94019	95125	1.85e-37	149
CDF91055.1	CM003565.1	28.261	322	637	122	434	381391	380519	7.82e-24	106
CDF91055.1	CM003555.1	35.652	230	637	242	466	38908	38312	9.41e-23	102
CDF91055.1	CM003555.1	34.507	142	637	90	222	39646	39233	1.63e-15	79.3
CDF91056.1	CM003570.1	53.307	257	290	4	259	248658	249428	2.64e-98	315
CDF91057.1	CM003570.1	37.286	700	710	1	631	248136	246229	5.27e-74	260
CDF91058.1	CM003570.1	37.647	255	235	5	227	245470	244754	1.61e-43	155
CDF91059.1	CM003570.1	77.493	1093	1097	4	1096	240810	244082	0.0	1769
CDF91060.1	CM003569.1	64.848	330	324	1	324	288012	289001	6.59e-153	473
CDF91061.1	CM003570.1	35.413	641	586	1	586	240048	238150	1.38e-95	319
CDF91062.1	CM003570.1	57.959	245	263	1	243	237857	237129	1.01e-92	297
CDF91064.1	CM003570.1	38.608	733	750	1	725	235326	233185	1.93e-159	511
CDF91064.1	CM003567.1	31.034	174	750	1	173	566127	566615	1.14e-17	87.0
CDF91064.1	CM003568.1	27.451	306	750	19	299	306907	306047	3.19e-15	79.0
CDF91064.1	CM003566.1	31.973	147	750	5	132	200113	199673	9.57e-12	67.4
CDF91065.1	CM003569.1	36.199	663	635	9	634	284099	286087	1.93e-124	405
CDF91066.1	CM003569.1	56.195	452	448	1	448	282498	283832	1.84e-169	526
CDF91067.1	CM003569.1	52.303	304	304	1	304	281341	282252	2.08e-112	356
CDF91068.1	CM003570.1	50.275	364	367	4	363	232881	231790	4.77e-122	386
CDF91069.1	CM003570.1	44.545	220	194	1	194	231175	231807	6.77e-33	122
CDF91070.1	CM003570.1	51.952	1511	1468	1	1468	230938	226427	0.0	1578
CDF91070.1	CM003560.1	27.034	762	1468	710	1446	1238469	1236346	1.54e-64	242
CDF91070.1	CM003568.1	24.603	504	1468	926	1385	347725	346340	1.40e-19	94.7
CDF91071.1	CM003569.1	59.322	177	188	1	176	281138	280608	3.50e-70	229
CDF91072.1	CM003570.1	28.621	290	405	100	358	225375	226199	1.51e-26	111
CDF91073.1	CM003562.1	60.119	672	675	7	669	810899	812914	0.0	806
CDF91073.1	CM003560.1	48.810	672	675	2	645	1249270	1251186	0.0	612
CDF91073.1	CM003560.1	34.107	431	675	9	403	182165	180912	5.34e-68	241
CDF91073.1	CM003560.1	41.129	124	675	453	576	180635	180297	5.95e-23	103
CDF91073.1	CM003569.1	30.493	223	675	188	392	645672	646328	2.26e-15	79.0
CDF91074.1	CM003562.1	45.661	703	670	3	667	815145	813043	0.0	602
CDF91075.1	CM003560.1	58.015	131	141	1	127	1251504	1251893	3.24e-42	147
CDF91076.1	CM003562.1	37.681	207	250	36	237	815981	816586	4.74e-34	128
CDF91077.1	CM003560.1	72.830	265	265	1	265	1252355	1253149	4.22e-133	413
CDF91078.1	CM003560.1	42.925	1463	1444	7	1444	1257544	1253243	0.0	1109
CDF91079.1	CM003560.1	58.435	575	617	55	616	1258102	1259820	0.0	651
CDF91079.1	CM003560.1	24.561	399	617	136	498	212127	211021	9.69e-23	102
CDF91080.1	CM003560.1	50.951	263	285	25	281	1260764	1259979	9.12e-80	261
CDF91080.1	CM003566.1	32.283	254	285	27	277	963637	964392	1.49e-31	122
CDF91080.1	CM003565.1	26.816	179	285	27	191	211299	211832	4.79e-12	65.1
CDF91080.1	CM003567.1	26.131	199	285	25	211	694150	693566	6.64e-11	61.6
CDF91081.1	CM003560.1	48.071	337	334	23	334	1261495	1262472	1.15e-84	277
CDF91082.1	CM003568.1	78.307	189	190	1	189	280672	280106	1.91e-100	316
CDF91082.1	CM003562.1	77.778	189	190	1	189	817059	817625	1.99e-100	316
CDF91083.1	CM003570.1	65.636	550	539	5	539	486722	488371	0.0	749
CDF91084.1	CM003570.1	87.417	302	304	2	303	486060	485155	0.0	565
CDF91084.1	CM003570.1	35.404	322	304	5	299	853889	852957	3.99e-56	194
CDF91084.1	CM003570.1	32.107	299	304	25	299	467306	466425	9.92e-48	170
CDF91084.1	CM003570.1	31.875	320	304	7	299	659520	660425	8.78e-39	144
CDF91084.1	CM003570.1	28.618	304	304	11	297	257415	256621	9.84e-28	112
CDF91084.1	CM003570.1	29.139	302	304	1	300	262116	262883	8.25e-24	100
CDF91084.1	CM003570.1	27.333	300	304	13	298	282200	281412	3.79e-20	89.7
CDF91084.1	CM003570.1	26.241	282	304	21	297	151407	150694	8.53e-20	88.6
CDF91084.1	CM003570.1	25.556	270	304	33	297	279656	278946	8.59e-19	85.5
CDF91084.1	CM003570.1	22.951	305	304	7	299	160629	161399	2.92e-17	80.9
CDF91084.1	CM003558.1	53.667	300	304	5	299	540090	540965	3.93e-99	318
CDF91084.1	CM003558.1	31.875	320	304	4	301	184298	185209	1.72e-51	181
CDF91084.1	CM003558.1	32.558	172	304	53	213	275335	274841	2.79e-22	95.9
CDF91084.1	CM003558.1	25.333	225	304	7	222	13466	12825	1.25e-16	79.3
CDF91084.1	CM003558.1	24.497	298	304	11	296	729187	729972	1.01e-15	76.3
CDF91084.1	CM003560.1	37.908	306	304	7	299	1248667	1247810	8.24e-64	216
CDF91084.1	CM003560.1	31.208	298	304	11	299	1202515	1203360	8.96e-35	132
CDF91084.1	CM003560.1	29.010	293	304	7	297	120306	119551	6.54e-33	127
CDF91084.1	CM003560.1	28.339	307	304	11	300	66714	67523	5.19e-27	109
CDF91084.1	CM003560.1	28.479	309	304	9	300	1343367	1342537	8.10e-27	109
CDF91084.1	CM003560.1	28.213	319	304	11	303	1235227	1236075	4.44e-24	101
CDF91084.1	CM003560.1	27.187	320	304	2	300	1114599	1115453	6.40e-24	100
CDF91084.1	CM003560.1	24.540	326	304	11	299	137674	136832	1.34e-20	90.9
CDF91084.1	CM003560.1	24.841	314	304	7	299	98934	99740	2.13e-19	87.4
CDF91084.1	CM003560.1	24.265	272	304	36	304	802275	801589	1.20e-17	82.0
CDF91084.1	CM003560.1	28.788	198	304	13	207	45464	46039	1.65e-17	81.6
CDF91084.1	CM003560.1	30.814	172	304	47	203	493362	493799	3.80e-14	71.6
CDF91084.1	CM003560.1	28.049	246	304	52	292	553662	553000	2.16e-13	69.3
CDF91084.1	CM003560.1	28.108	185	304	34	210	1446900	1447427	2.36e-12	66.2
CDF91084.1	CM003560.1	27.811	169	304	5	157	1092290	1091817	5.94e-11	62.0
CDF91084.1	CM003562.1	37.700	313	304	5	301	491045	490125	3.87e-62	211
CDF91084.1	CM003562.1	31.461	267	304	1	221	891199	890414	9.76e-23	97.4
CDF91084.1	CM003562.1	29.600	250	304	7	230	886371	887105	5.20e-20	89.4
CDF91084.1	CM003562.1	29.258	229	304	7	209	472878	472216	1.75e-15	75.9
CDF91084.1	CM003565.1	36.789	299	304	3	299	484399	483521	9.06e-61	207
CDF91084.1	CM003565.1	29.870	308	304	12	301	517292	518176	8.48e-37	138
CDF91084.1	CM003565.1	28.814	295	304	15	304	418930	418172	2.38e-28	114
CDF91084.1	CM003565.1	25.329	304	304	3	299	532675	533457	4.88e-18	83.2
CDF91084.1	CM003565.1	25.484	310	304	3	299	461482	460697	1.87e-17	81.6
CDF91084.1	CM003565.1	26.923	234	304	6	218	535941	536627	3.42e-11	62.8
CDF91085.1	CM003560.1	30.645	372	313	1	313	550191	551306	1.45e-44	161
CDF91087.1	CM003570.1	77.976	168	168	1	168	475010	474540	1.63e-82	263
CDF91087.1	CM003560.1	55.039	129	168	1	129	546581	546195	3.65e-43	150
CDF91088.1	CM003560.1	51.163	172	175	3	171	545437	545952	3.96e-47	162
CDF91088.1	CM003570.1	45.652	184	175	1	175	473664	474173	2.46e-38	137
CDF91089.1	CM003570.1	47.368	152	220	18	160	472400	472843	4.83e-36	132
CDF91090.1	CM003570.1	58.782	985	988	9	985	472071	469120	0.0	1195
CDF91090.1	CM003558.1	26.322	889	988	80	911	75979	73511	2.13e-59	222
CDF91090.1	CM003562.1	22.036	835	988	77	841	393745	391535	6.68e-33	137
CDF91090.1	CM003566.1	24.308	325	988	87	373	872158	871250	1.33e-12	70.9
CDF91091.1	CM003570.1	52.201	159	207	41	199	468712	468236	1.03e-47	166
CDF91092.1	CM003570.1	65.109	599	605	1	595	467819	466167	0.0	728
CDF91092.1	CM003570.1	32.534	292	605	216	505	485985	485173	4.63e-46	174
CDF91092.1	CM003570.1	32.765	293	605	245	511	853754	852945	1.31e-38	151
CDF91092.1	CM003570.1	32.283	254	605	274	513	659757	660455	4.31e-30	125
CDF91092.1	CM003570.1	29.299	157	605	248	402	282080	281628	1.47e-16	82.8
CDF91092.1	CM003570.1	24.549	277	605	246	505	257298	256621	4.78e-14	74.3
CDF91092.1	CM003570.1	25.792	221	605	200	417	160641	161249	1.62e-13	72.8
CDF91092.1	CM003570.1	31.737	167	605	248	413	262254	262730	1.15e-12	70.1
CDF91092.1	CM003570.1	27.879	165	605	248	410	151308	150847	1.26e-12	69.7
CDF91092.1	CM003570.1	26.708	161	605	248	405	279590	279132	7.17e-11	64.3
CDF91092.1	CM003558.1	36.268	284	605	223	505	540186	540959	1.89e-49	184
CDF91092.1	CM003558.1	29.137	278	605	248	511	184442	185215	1.73e-26	114
CDF91092.1	CM003558.1	26.570	207	605	209	411	13427	12852	6.58e-13	70.9
CDF91092.1	CM003560.1	35.563	284	605	223	505	1248586	1247816	1.83e-42	163
CDF91092.1	CM003560.1	29.858	211	605	297	505	1202782	1203354	1.68e-19	92.0
CDF91092.1	CM003560.1	26.688	311	605	206	502	66732	67505	2.33e-15	78.6
CDF91092.1	CM003560.1	26.486	185	605	222	401	1446897	1447412	5.63e-15	77.4
CDF91092.1	CM003560.1	27.219	169	605	248	414	120165	119692	4.94e-14	74.3
CDF91092.1	CM003560.1	31.250	144	605	270	401	493380	493799	5.87e-14	74.3
CDF91092.1	CM003560.1	26.415	212	605	212	414	45464	46069	1.38e-13	73.2
CDF91092.1	CM003560.1	27.391	230	605	206	423	98964	99620	4.33e-13	71.2
CDF91092.1	CM003560.1	25.543	184	605	222	401	1110359	1110892	7.17e-13	70.9
CDF91092.1	CM003560.1	22.678	366	605	177	499	137713	136694	1.52e-12	69.7
CDF91092.1	CM003560.1	28.488	172	605	248	418	802227	801739	3.16e-11	65.5
CDF91092.1	CM003565.1	32.836	268	605	241	505	484270	483527	7.68e-40	155
CDF91092.1	CM003565.1	33.610	241	605	274	506	517520	518167	1.37e-31	130
CDF91092.1	CM003565.1	24.419	258	605	248	502	418813	418202	8.95e-13	70.5
CDF91092.1	CM003565.1	22.712	295	605	126	413	532510	533295	9.27e-12	67.0
CDF91092.1	CM003563.1	35.811	296	605	240	518	368752	369570	1.34e-38	151
CDF91092.1	CM003563.1	23.196	194	605	218	410	443257	443784	9.39e-15	76.6
CDF91092.1	CM003563.1	26.943	193	605	222	412	220924	220394	7.93e-13	70.5
CDF91093.1	CM003570.1	65.652	690	688	5	679	463080	465077	0.0	855
CDF91093.1	CM003556.1	27.835	194	688	29	221	63969	63424	2.99e-14	75.5
CDF91093.1	CM003556.1	27.119	236	688	29	256	64248	63607	2.51e-13	72.4
CDF91094.1	CM003560.1	41.485	458	429	1	429	544869	543508	1.58e-106	345
CDF91095.1	CM003570.1	47.995	798	795	1	795	460371	462764	0.0	796
CDF91096.1	CM003570.1	62.766	94	96	4	96	460040	459759	7.41e-36	126
CDF91097.1	CM003560.1	55.450	422	410	1	410	542170	543432	6.15e-157	489
CDF91098.1	CM003570.1	69.892	93	96	4	96	459092	459370	4.12e-40	139
CDF91099.1	CM003560.1	82.150	493	508	4	496	540333	541808	0.0	879
CDF91099.1	CM003562.1	40.775	542	508	13	504	411807	410197	1.05e-121	392
CDF91100.1	CM003570.1	67.711	415	409	1	409	457513	458757	0.0	577
CDF91100.1	CM003565.1	59.483	348	409	68	409	384798	383761	4.03e-129	409
CDF91100.1	CM003565.1	47.887	71	409	1	71	385322	385113	4.98e-11	63.5
CDF91100.1	CM003562.1	44.843	223	409	1	217	180401	181069	2.36e-55	196
CDF91101.1	CM003560.1	25.978	358	372	45	368	115403	114492	4.03e-13	69.7
CDF91101.1	CM003570.1	64.286	42	372	331	372	455757	455632	5.22e-13	69.3
CDF91102.1	CM003570.1	76.142	394	396	2	395	455084	453903	0.0	656
CDF91102.1	CM003555.1	34.603	315	396	83	393	84669	83740	2.16e-55	195
CDF91102.1	CM003567.1	32.670	352	396	94	396	35709	34663	6.48e-55	194
CDF91103.1	CM003560.1	60.108	554	542	2	540	112633	114276	0.0	632
CDF91104.1	CM003570.1	76.768	198	198	1	198	453079	453672	1.08e-104	328
CDF91104.1	CM003570.1	30.682	176	198	12	182	133067	133567	4.44e-20	86.3
CDF91104.1	CM003569.1	37.725	167	198	16	182	582337	581861	2.75e-31	118
CDF91104.1	CM003558.1	36.047	172	198	12	183	548389	547901	1.16e-30	116
CDF91104.1	CM003560.1	35.829	187	198	1	182	1399996	1399478	6.24e-30	114
CDF91104.1	CM003560.1	35.519	183	198	5	182	1299891	1299385	1.96e-29	113
CDF91104.1	CM003567.1	30.357	168	198	14	175	516494	516985	5.34e-15	71.2
CDF91105.1	CM003560.1	46.970	132	124	1	119	111997	112374	6.48e-17	73.9
CDF91107.1	CM003560.1	53.459	477	479	1	477	111678	110359	3.50e-165	516
CDF91107.1	CM003569.1	53.463	361	479	124	477	573263	572181	9.66e-133	422
CDF91107.1	CM003558.1	47.175	354	479	130	473	613738	614793	8.80e-112	362
CDF91107.1	CM003558.1	34.152	448	479	4	432	598874	600121	9.46e-78	263
CDF91107.1	CM003570.1	36.420	486	479	1	475	451574	450246	1.47e-102	335
CDF91107.1	CM003565.1	45.367	313	479	153	449	111093	110155	1.11e-85	286
CDF91108.1	CM003558.1	62.903	372	376	6	376	529802	530917	9.62e-165	509
CDF91108.1	CM003569.1	31.624	117	376	75	191	704959	704618	1.07e-12	68.6
CDF91109.1	CM003558.1	49.746	197	549	353	544	531701	531120	1.77e-50	186
CDF91109.1	CM003558.1	58.491	53	549	1	53	533195	533037	8.25e-13	70.1
CDF91110.1	CM003558.1	44.565	92	183	81	170	533810	533553	1.10e-15	72.8
CDF91111.1	CM003570.1	54.630	108	337	47	150	449031	449354	5.52e-32	125
CDF91112.1	CM003558.1	43.116	552	514	7	513	536564	538168	1.13e-142	452
CDF91113.1	CM003570.1	51.087	92	294	205	292	447402	447127	4.69e-23	97.8
CDF91114.1	CM003558.1	68.012	347	343	1	343	538680	539720	2.30e-162	501
CDF91114.1	CM003567.1	29.952	207	343	65	260	694135	693554	9.89e-11	62.0
CDF91115.1	CM003558.1	91.216	296	297	1	294	540075	540962	0.0	563
CDF91115.1	CM003558.1	36.455	299	297	14	294	184325	185200	8.54e-52	181
CDF91115.1	CM003558.1	27.907	258	297	1	222	275578	274817	1.48e-18	84.7
CDF91115.1	CM003558.1	28.328	293	297	12	292	729187	729972	4.32e-17	80.5
CDF91115.1	CM003558.1	25.000	224	297	5	220	13475	12837	6.48e-12	64.7
CDF91115.1	CM003570.1	52.333	300	297	2	293	486063	485173	5.32e-98	314
CDF91115.1	CM003570.1	39.308	318	297	8	294	853883	852960	3.04e-62	211
CDF91115.1	CM003570.1	37.193	285	297	36	293	467279	466431	2.00e-53	186
CDF91115.1	CM003570.1	33.224	304	297	8	294	659520	660422	2.65e-44	159
CDF91115.1	CM003570.1	30.897	301	297	12	294	257415	256618	7.36e-24	100
CDF91115.1	CM003570.1	29.693	293	297	4	294	262122	262877	1.63e-22	96.3
CDF91115.1	CM003570.1	29.756	205	297	14	213	282200	281604	2.16e-22	96.3
CDF91115.1	CM003570.1	23.934	305	297	5	293	160620	161393	2.49e-18	84.0
CDF91115.1	CM003570.1	26.141	241	297	55	294	279590	278943	3.56e-14	71.6
CDF91115.1	CM003570.1	24.268	239	297	55	293	151308	150694	7.99e-14	70.5
CDF91115.1	CM003570.1	29.255	188	297	55	223	494990	494445	9.38e-13	67.4
CDF91115.1	CM003565.1	40.000	295	297	8	294	484387	483524	2.80e-64	217
CDF91115.1	CM003565.1	31.438	299	297	13	293	517292	518164	9.52e-40	146
CDF91115.1	CM003565.1	27.160	243	297	55	294	418813	418190	9.72e-19	85.1
CDF91115.1	CM003565.1	28.169	213	297	5	214	532678	533289	2.33e-16	78.2
CDF91115.1	CM003565.1	26.599	297	297	7	297	461473	460691	2.03e-14	72.4
CDF91115.1	CM003565.1	34.694	147	297	67	203	536151	536579	1.20e-11	63.9
CDF91115.1	CM003560.1	38.276	290	297	12	296	1248655	1247807	6.91e-59	202
CDF91115.1	CM003560.1	31.650	297	297	6	294	1202497	1203357	4.16e-35	133
CDF91115.1	CM003560.1	32.579	221	297	7	221	120309	119683	5.99e-26	106
CDF91115.1	CM003560.1	26.623	308	297	12	294	137674	136835	5.87e-24	100
CDF91115.1	CM003560.1	33.171	205	297	14	211	45464	46048	6.78e-22	94.7
CDF91115.1	CM003560.1	28.112	249	297	47	294	66861	67517	2.55e-20	90.1
CDF91115.1	CM003560.1	27.203	261	297	4	243	1343385	1342618	8.66e-18	82.4
CDF91115.1	CM003560.1	28.526	312	297	12	296	1235227	1236066	1.08e-17	82.0
CDF91115.1	CM003560.1	28.328	293	297	8	281	1114614	1115408	7.00e-17	79.7
CDF91115.1	CM003560.1	26.132	287	297	7	223	553950	553117	1.75e-16	78.6
CDF91115.1	CM003560.1	25.166	302	297	7	293	98931	99734	7.02e-16	76.6
CDF91115.1	CM003560.1	30.189	212	297	8	207	1446816	1447421	2.65e-15	75.1
CDF91115.1	CM003560.1	27.879	165	297	53	216	802233	801751	9.82e-15	73.2
CDF91115.1	CM003560.1	36.792	106	297	113	204	493482	493799	1.03e-14	73.2
CDF91115.1	CM003560.1	28.571	224	297	13	223	1110299	1110949	1.10e-13	70.1
CDF91115.1	CM003560.1	28.916	166	297	8	158	1092284	1091817	8.32e-11	61.2
CDF91115.1	CM003566.1	37.543	293	297	4	293	351358	352212	2.27e-52	183
CDF91115.1	CM003566.1	24.332	337	297	7	295	838675	839577	4.40e-19	86.3
CDF91115.1	CM003566.1	24.606	317	297	5	293	312576	313421	2.13e-16	78.2
CDF91115.1	CM003566.1	24.820	278	297	4	219	616590	617399	3.81e-11	62.4
CDF91116.1	CM003570.1	65.934	364	348	1	341	446185	445100	2.73e-162	501
CDF91116.1	CM003558.1	63.788	359	348	1	332	541631	542704	9.88e-154	476
CDF91117.1	CM003558.1	67.917	240	539	302	538	543903	543208	1.78e-107	352
CDF91117.1	CM003558.1	48.171	164	539	21	180	544470	544009	7.21e-34	136
CDF91117.1	CM003564.1	45.200	250	539	294	529	624664	625389	8.45e-49	181
CDF91118.1	CM003558.1	64.516	62	65	1	61	545230	545415	5.30e-16	68.6
CDF91121.1	CM003568.1	63.393	224	227	1	224	769391	768720	2.32e-98	311
CDF91121.1	CM003564.1	62.946	224	227	1	224	4800	5471	3.98e-98	311
CDF91122.1	CM003563.1	53.834	626	619	2	619	511980	513854	0.0	705
CDF91122.1	CM003565.1	46.575	584	619	15	597	7937	6210	1.41e-173	546
CDF91122.1	CM003555.1	44.803	558	619	52	606	28086	29744	3.38e-151	481
CDF91122.1	CM003559.1	49.237	459	619	139	597	301155	302519	1.20e-144	454
CDF91122.1	CM003559.1	35.593	118	619	16	132	300796	301137	1.20e-144	77.8
CDF91125.1	CM003567.1	51.889	900	846	29	846	71431	68819	0.0	864
CDF91126.1	CM003567.1	79.464	112	206	1	111	71686	72021	2.25e-55	187
CDF91127.1	CM003567.1	49.198	374	444	5	366	74088	72982	5.25e-108	344
CDF91127.1	CM003567.1	50.909	55	444	390	444	72925	72761	5.25e-108	65.1
CDF91128.1	CM003567.1	59.330	209	203	1	202	76527	75901	1.92e-75	245
CDF91129.1	CM003567.1	70.922	141	159	6	146	76787	77209	8.25e-64	209
CDF91130.1	CM003567.1	54.382	890	847	18	847	77555	80200	0.0	799
CDF91131.1	CM003567.1	86.400	250	250	1	250	81152	80403	3.16e-148	456
CDF91131.1	CM003567.1	30.357	224	250	3	217	873536	874183	7.33e-23	95.9
CDF91131.1	CM003562.1	36.100	241	250	4	227	310426	309707	1.22e-41	150
CDF91131.1	CM003562.1	32.273	220	250	5	218	84831	85487	2.85e-33	126
CDF91131.1	CM003562.1	28.627	255	250	5	250	573558	574268	8.58e-22	92.8
CDF91131.1	CM003569.1	37.963	216	250	5	214	830584	829949	3.92e-36	134
CDF91131.1	CM003569.1	40.462	173	250	5	177	72391	72903	4.79e-34	128
CDF91134.1	CM003567.1	56.452	62	69	1	62	9169	8984	8.17e-21	82.4
CDF91135.1	CM003567.1	39.328	506	499	1	488	11092	9578	7.56e-103	337
CDF91136.1	CM003567.1	67.075	571	584	21	584	11510	13222	0.0	782
CDF91137.1	CM003567.1	45.549	1247	1201	1	1200	85106	81513	0.0	1039
CDF91138.1	CM003567.1	75.000	460	470	1	460	14857	13478	0.0	737
CDF91139.1	CM003567.1	47.006	668	653	14	653	86629	88614	0.0	586
CDF91140.1	CM003567.1	59.609	307	311	5	311	16096	15176	4.88e-129	404
CDF91140.1	CM003567.1	46.875	256	311	56	311	89577	88810	9.56e-77	254
CDF91140.1	CM003553.1	38.750	240	311	76	311	46301	47020	3.00e-47	169
CDF91140.1	CM003565.1	33.462	260	311	69	311	501204	500449	1.85e-36	137
CDF91141.1	CM003567.1	68.391	522	532	6	527	91745	90180	0.0	789
CDF91143.1	CM003567.1	91.304	437	446	9	445	93643	92333	0.0	813
CDF91143.1	CM003567.1	88.303	436	446	9	444	17773	16466	0.0	791
CDF91143.1	CM003561.1	40.268	447	446	1	445	206721	205420	5.57e-109	352
CDF91143.1	CM003566.1	29.581	453	446	3	444	553389	552055	2.63e-56	200
CDF91144.1	CM003567.1	65.733	607	606	3	605	20200	18458	0.0	815
CDF91144.1	CM003559.1	25.965	285	606	1	275	17950	18690	6.43e-11	64.3
CDF91145.1	CM003563.1	68.879	437	439	1	436	52699	51389	0.0	617
CDF91146.1	CM003563.1	48.634	183	199	22	199	53492	52950	2.57e-43	152
CDF91147.1	CM003567.1	82.258	310	299	1	299	21301	22230	1.75e-173	531
CDF91147.1	CM003562.1	31.250	192	299	2	187	255996	255448	3.41e-13	68.6
CDF91148.1	CM003553.1	35.000	280	379	27	247	218716	219522	9.38e-30	120
CDF91148.1	CM003568.1	32.011	353	379	77	375	292528	293544	2.61e-22	97.8
CDF91149.1	CM003568.1	42.652	558	526	5	526	291867	290239	1.76e-130	418
CDF91149.1	CM003560.1	31.667	540	526	6	517	991906	990389	6.25e-62	219
CDF91150.1	CM003569.1	29.373	606	623	31	623	35101	33443	6.94e-68	239
CDF91150.1	CM003569.1	28.346	508	623	31	528	29090	27615	2.65e-48	181
CDF91150.1	CM003569.1	21.869	535	623	101	611	1038950	1037490	3.65e-24	107
CDF91150.1	CM003565.1	27.603	605	623	31	623	657364	659022	3.05e-63	226
CDF91150.1	CM003568.1	25.373	603	623	31	623	46349	44646	5.25e-62	222
CDF91150.1	CM003566.1	24.355	620	623	29	623	556097	557740	1.24e-42	164
CDF91150.1	CM003566.1	23.279	610	623	31	623	23923	22274	6.32e-38	150
CDF91151.1	CM003565.1	28.453	601	623	33	623	657364	659022	6.07e-69	243
CDF91151.1	CM003569.1	28.856	603	623	33	623	35101	33443	2.58e-67	238
CDF91151.1	CM003569.1	27.002	537	623	33	552	29090	27546	2.01e-53	197
CDF91151.1	CM003569.1	20.661	605	623	38	611	1039169	1037490	5.65e-23	103
CDF91151.1	CM003568.1	28.315	558	623	73	623	46247	44646	5.72e-66	234
CDF91151.1	CM003566.1	25.763	524	623	30	530	556094	557620	2.98e-45	172
CDF91151.1	CM003566.1	26.357	387	623	33	404	23923	22787	6.90e-36	144
CDF91152.1	CM003569.1	29.125	594	602	16	602	35110	33443	4.44e-75	260
CDF91152.1	CM003569.1	27.919	591	602	19	602	29090	27474	3.43e-67	237
CDF91152.1	CM003569.1	27.027	333	602	142	459	1038812	1037847	2.84e-20	94.7
CDF91152.1	CM003565.1	28.264	605	602	11	602	657340	659022	9.16e-71	247
CDF91152.1	CM003568.1	28.136	590	602	25	602	46331	44646	5.13e-67	236
CDF91152.1	CM003566.1	27.243	602	602	19	602	23923	22274	1.57e-48	181
CDF91152.1	CM003566.1	25.796	628	602	3	602	556049	557740	2.68e-46	175
CDF91153.1	CM003568.1	62.545	275	305	4	275	290029	289226	1.49e-107	342
CDF91154.1	CM003568.1	65.560	482	459	1	459	288829	287384	0.0	627
CDF91154.1	CM003560.1	28.636	440	459	34	459	742668	743828	2.86e-37	144
CDF91154.1	CM003562.1	31.163	215	459	4	211	197831	198472	1.60e-19	90.9
CDF91155.1	CM003568.1	80.000	60	60	1	60	286985	286806	2.25e-30	108
CDF91156.1	CM003553.1	55.128	312	308	3	308	217578	216658	1.83e-108	345
CDF91156.1	CM003554.1	32.188	320	308	2	308	97891	97010	2.20e-40	149
CDF91156.1	CM003555.1	30.195	308	308	13	308	144717	145577	4.08e-31	122
CDF91156.1	CM003558.1	29.206	315	308	27	302	587826	588722	1.30e-21	94.0
CDF91156.1	CM003558.1	27.184	309	308	3	302	764089	763238	1.17e-18	85.5
CDF91156.1	CM003558.1	25.497	302	308	9	302	429742	430596	2.81e-17	81.3
CDF91156.1	CM003558.1	27.638	199	308	7	202	396310	396858	2.46e-11	63.2
CDF91156.1	CM003570.1	27.063	303	308	9	302	666959	667780	5.74e-20	89.4
CDF91156.1	CM003570.1	26.708	322	308	13	307	577075	576179	2.62e-19	87.4
CDF91156.1	CM003570.1	24.497	298	308	14	308	594859	594026	1.20e-18	85.1
CDF91156.1	CM003570.1	23.810	294	308	14	291	822253	823089	3.54e-11	62.8
CDF91157.1	CM003553.1	87.831	189	200	12	200	215889	216455	6.71e-109	340
CDF91157.1	CM003568.1	82.199	191	200	10	200	285820	286392	3.07e-102	322
CDF91158.1	CM003553.1	36.667	210	217	18	212	214490	215116	4.10e-33	124
CDF91159.1	CM003568.1	54.721	466	787	5	430	282128	283447	1.23e-155	501
CDF91159.1	CM003568.1	41.294	201	787	641	787	284045	284647	3.65e-26	114
CDF91159.1	CM003553.1	53.465	202	787	6	205	212800	213381	6.24e-63	229
CDF91159.1	CM003559.1	36.145	166	787	265	415	87773	87282	1.05e-18	90.5
CDF91159.1	CM003570.1	36.364	121	787	45	165	729058	728732	3.35e-16	82.4
CDF91159.1	CM003570.1	45.783	83	787	308	388	728515	728282	2.92e-14	75.9
CDF91160.1	CM003553.1	66.987	2393	2464	1	2322	201804	208919	0.0	3225
CDF91161.1	CM003553.1	51.848	1028	1022	10	1022	201220	198140	0.0	1014
CDF91162.1	CM003553.1	46.632	193	205	3	191	197412	197984	1.39e-33	125
CDF91163.1	CM003553.1	68.932	1339	1326	27	1323	196953	192988	0.0	1759
CDF91163.1	CM003569.1	48.858	1226	1326	166	1323	226342	229878	0.0	1056
CDF91163.1	CM003569.1	45.191	551	1326	389	934	200359	198767	2.73e-141	477
CDF91163.1	CM003569.1	32.624	141	1326	796	935	388290	387871	3.82e-16	83.2
CDF91163.1	CM003558.1	44.930	503	1326	457	955	690513	689053	8.14e-129	440
CDF91163.1	CM003558.1	31.275	502	1326	483	944	364089	365540	4.81e-58	220
CDF91163.1	CM003558.1	31.980	197	1326	460	635	447773	448330	2.61e-19	93.6
CDF91163.1	CM003558.1	35.099	151	1326	770	918	449045	449494	2.45e-17	87.0
CDF91163.1	CM003556.1	41.250	560	1326	447	981	68528	66912	3.27e-123	423
CDF91163.1	CM003561.1	38.230	565	1326	451	950	40119	38437	2.64e-111	387
CDF91164.1	CM003562.1	75.916	191	191	1	191	817059	817631	2.20e-98	310
CDF91164.1	CM003568.1	74.869	191	191	1	191	280672	280100	1.94e-97	307
CDF91165.1	CM003553.1	77.295	1013	1016	1	1012	192355	189323	0.0	1678
CDF91166.1	CM003553.1	56.401	289	302	14	302	188818	187955	8.22e-108	342
CDF91166.1	CM003567.1	31.120	241	302	14	242	694141	693470	9.21e-16	76.6
CDF91167.1	CM003553.1	80.882	272	551	280	551	186292	185477	4.61e-157	495
CDF91167.1	CM003568.1	79.412	272	551	280	551	278399	277584	3.60e-153	484
CDF91167.1	CM003568.1	52.439	82	551	1	80	278843	278604	1.11e-11	66.6
CDF91167.1	CM003564.1	64.729	258	551	294	550	524694	525464	9.27e-114	370
CDF91167.1	CM003565.1	65.891	258	551	294	550	149192	148422	3.32e-113	369
CDF91167.1	CM003567.1	40.741	189	551	304	484	729165	729683	2.11e-23	103
CDF91168.1	CM003553.1	30.769	351	357	19	356	184286	183396	6.30e-26	108
CDF91169.1	CM003553.1	63.916	521	545	21	541	182735	181173	0.0	679
CDF91169.1	CM003553.1	63.514	518	545	21	534	180548	178995	0.0	677
CDF91169.1	CM003568.1	39.668	542	545	2	539	276582	275065	2.17e-116	378
CDF91169.1	CM003558.1	23.640	533	545	4	512	569882	571363	5.37e-26	112
CDF91169.1	CM003558.1	28.272	191	545	55	245	303567	302995	9.14e-20	92.4
CDF91169.1	CM003558.1	22.628	274	545	69	337	239744	238947	1.79e-12	68.9
CDF91170.1	CM003568.1	80.488	410	407	1	407	273372	274598	0.0	661
CDF91170.1	CM003568.1	34.651	430	407	1	352	298962	297685	2.78e-67	230
CDF91170.1	CM003568.1	63.014	73	407	1	73	173455	173667	1.83e-19	89.7
CDF91170.1	CM003568.1	45.349	86	407	4	87	557932	558189	1.14e-15	78.2
CDF91170.1	CM003568.1	29.457	129	407	209	335	174106	174486	1.29e-12	68.6
CDF91170.1	CM003567.1	36.134	357	407	7	349	667202	668260	3.86e-47	172
CDF91170.1	CM003567.1	44.144	111	407	6	106	549067	549399	2.60e-17	83.2
CDF91170.1	CM003566.1	33.005	406	407	6	368	300419	301627	1.87e-44	164
CDF91170.1	CM003561.1	27.920	351	407	8	299	156633	157637	1.83e-20	92.8
CDF91170.1	CM003554.1	48.039	102	407	1	100	78963	78658	2.09e-18	86.7
CDF91171.1	CM003568.1	43.730	311	310	1	304	272711	271806	1.40e-76	253
CDF91172.1	CM003568.1	63.077	455	460	1	438	270257	271618	0.0	608
CDF91173.1	CM003568.1	75.753	631	632	1	627	269928	268096	0.0	879
CDF91173.1	CM003558.1	33.003	303	632	337	592	164790	165668	1.25e-29	124
CDF91174.1	CM003568.1	67.729	753	749	2	749	265537	267792	0.0	1081
CDF91174.1	CM003561.1	28.000	250	749	39	283	208691	209413	3.39e-23	104
CDF91174.1	CM003563.1	27.083	240	749	36	263	173525	174211	2.39e-15	79.3
CDF91174.1	CM003560.1	23.932	234	749	39	264	1117107	1116427	9.55e-12	67.4
CDF91174.1	CM003566.1	28.144	167	749	580	743	280857	280390	1.50e-11	67.0
CDF91175.1	CM003553.1	72.131	244	244	1	244	175284	174592	7.93e-112	351
CDF91175.1	CM003570.1	45.755	212	244	16	227	863031	863573	1.42e-56	192
CDF91175.1	CM003568.1	38.934	244	244	1	244	323815	323210	2.26e-49	172
CDF91175.1	CM003568.1	32.653	245	244	19	222	479714	480355	4.54e-32	122
CDF91175.1	CM003568.1	32.258	124	244	19	140	330443	330075	1.97e-12	65.1
CDF91175.1	CM003568.1	24.645	211	244	30	238	339845	340342	9.75e-12	63.2
CDF91175.1	CM003566.1	37.500	216	244	19	234	586641	586093	2.90e-38	140
CDF91175.1	CM003566.1	32.877	146	244	10	148	644819	644385	1.25e-13	68.6
CDF91175.1	CM003566.1	32.283	127	244	19	144	703593	703216	1.72e-13	68.2
CDF91175.1	CM003565.1	36.408	206	244	19	223	120590	120090	9.00e-38	139
CDF91175.1	CM003565.1	24.880	209	244	19	216	202609	203160	4.67e-12	63.9
CDF91176.1	CM003568.1	34.182	275	304	43	302	263963	264694	3.26e-30	119
CDF91177.1	CM003568.1	71.951	164	170	2	165	263220	262729	5.89e-78	250
CDF91177.1	CM003568.1	36.257	171	170	3	164	341268	341762	2.30e-25	100
CDF91177.1	CM003568.1	35.443	158	170	3	157	195667	196125	5.63e-23	93.2
CDF91178.1	CM003553.1	70.312	384	383	1	382	172109	170958	0.0	575
CDF91179.1	CM003553.1	32.031	384	1523	1146	1516	169563	170699	2.89e-52	202
CDF91180.1	CM003568.1	70.671	283	281	1	281	261630	262478	1.36e-129	404
CDF91180.1	CM003553.1	50.714	280	281	1	280	164986	165825	2.92e-95	305
CDF91181.1	CM003568.1	37.042	683	898	367	889	258843	256837	1.55e-96	332
CDF91181.1	CM003568.1	90.244	41	898	260	300	259035	258913	1.54e-15	80.5
CDF91182.1	CM003568.1	40.385	364	343	6	289	256385	255315	1.30e-68	231
CDF91182.1	CM003553.1	41.463	205	343	99	294	164415	163807	2.04e-46	167
CDF91184.1	CM003568.1	69.281	153	150	1	150	254662	254204	1.19e-68	223
CDF91184.1	CM003553.1	66.225	151	150	1	150	159665	159213	3.21e-64	210
CDF91185.1	CM003553.1	50.541	370	353	2	353	158925	157819	1.96e-106	341
CDF91186.1	CM003568.1	45.088	397	386	1	380	253713	252532	8.44e-104	335
CDF91187.1	CM003568.1	33.613	238	227	7	214	251514	252227	2.85e-23	96.3
CDF91188.1	CM003553.1	70.909	935	918	1	918	154811	157588	0.0	1343
CDF91188.1	CM003568.1	57.188	946	918	1	918	248476	251103	0.0	1073
CDF91188.1	CM003563.1	23.447	789	918	162	918	236147	238414	1.97e-48	186
CDF91189.1	CM003553.1	59.857	700	700	1	699	154089	152005	0.0	914
CDF91190.1	CM003553.1	58.933	806	760	1	748	149213	151585	0.0	872
CDF91190.1	CM003564.1	36.891	431	760	151	578	588691	589893	4.51e-74	262
CDF91190.1	CM003566.1	27.902	448	760	130	552	808226	809524	1.29e-42	166
CDF91190.1	CM003569.1	28.819	288	760	81	343	1011381	1012217	7.54e-18	87.4
CDF91191.1	CM003553.1	68.025	319	305	8	305	148453	147536	4.72e-139	432
CDF91191.1	CM003561.1	32.749	171	305	129	299	199504	200010	3.79e-33	127
CDF91192.1	CM003568.1	51.471	476	572	119	563	247998	246571	2.19e-160	506
CDF91193.1	CM003553.1	53.295	698	673	1	660	145336	147363	0.0	689
CDF91193.1	CM003568.1	55.556	504	673	152	648	244950	246398	2.81e-178	562
CDF91193.1	CM003570.1	33.687	377	673	167	482	748793	749920	6.36e-56	205
CDF91193.1	CM003562.1	36.842	285	673	221	482	387079	386225	1.89e-49	186
CDF91194.1	CM003568.1	62.946	645	657	21	652	243304	241418	0.0	848
CDF91194.1	CM003563.1	24.784	347	657	169	494	337986	338957	1.83e-15	79.3
CDF91194.1	CM003565.1	23.555	467	657	51	494	512197	510881	1.27e-13	73.2
CDF91195.1	CM003568.1	65.476	168	176	9	176	241016	240513	7.76e-66	216
CDF91196.1	CM003568.1	33.580	405	391	19	391	238560	237448	1.67e-47	172
CDF91197.1	CM003553.1	61.876	501	490	1	485	143471	144973	0.0	650
CDF91198.1	CM003553.1	76.611	419	424	2	418	143214	141958	0.0	704
CDF91199.1	CM003568.1	48.601	858	821	1	820	234748	237273	0.0	761
CDF91200.1	CM003555.1	81.863	408	412	5	412	350197	351399	0.0	647
CDF91200.1	CM003556.1	48.611	288	412	122	406	26373	25516	1.75e-85	283
CDF91200.1	CM003560.1	34.463	177	412	171	339	1056080	1055553	1.86e-19	89.7
CDF91201.1	CM003558.1	36.017	708	832	146	827	99732	101807	3.68e-112	376
CDF91202.1	CM003555.1	87.317	205	205	1	205	349568	348954	2.45e-123	382
CDF91202.1	CM003558.1	25.112	223	205	3	205	133158	133817	1.68e-13	67.4
CDF91203.1	CM003558.1	56.627	83	103	12	94	102251	102003	8.85e-27	101
CDF91204.1	CM003555.1	35.669	157	145	16	144	348607	348137	4.71e-24	95.5
CDF91204.1	CM003558.1	31.013	158	145	5	136	102568	103041	2.06e-20	85.1
CDF91205.1	CM003555.1	53.086	1426	1372	3	1368	347777	343572	0.0	1480
CDF91206.1	CM003555.1	44.660	103	117	13	110	343119	343427	5.75e-24	94.0
CDF91207.1	CM003555.1	85.117	766	767	1	766	342389	340092	0.0	1338
CDF91208.1	CM003558.1	56.381	431	401	1	401	103267	104538	7.21e-145	454
CDF91209.1	CM003558.1	64.286	196	215	20	215	105218	104637	1.29e-70	231
CDF91210.1	CM003555.1	81.113	503	504	4	504	338183	339691	0.0	865
CDF91210.1	CM003568.1	25.359	418	504	105	486	97928	96741	2.60e-21	97.1
CDF91211.1	CM003558.1	63.713	474	459	1	458	105595	106998	0.0	586
CDF91211.1	CM003558.1	30.077	389	459	1	310	468370	467216	7.94e-46	169
CDF91211.1	CM003555.1	64.789	426	459	1	407	337562	336288	7.88e-180	556
CDF91211.1	LIOO01000001.1	30.769	234	459	32	249	10840	10187	6.52e-25	107
CDF91211.1	CM003560.1	30.769	234	459	32	249	1071603	1070950	6.81e-25	107
CDF91212.1	CM003558.1	53.281	381	372	8	371	108554	107412	8.75e-134	420
CDF91213.1	CM003555.1	38.667	525	666	101	586	335221	333806	4.37e-69	244
CDF91213.1	CM003558.1	44.056	143	666	16	156	109486	109818	3.75e-27	117
CDF91214.1	CM003558.1	53.236	479	763	118	557	113366	111945	1.96e-157	506
CDF91214.1	CM003569.1	43.564	303	763	246	548	291805	290960	1.13e-69	249
CDF91214.1	CM003567.1	33.603	247	763	283	527	494343	493657	1.37e-34	141
CDF91215.1	CM003558.1	79.866	149	661	277	425	115784	115338	2.06e-70	248
CDF91215.1	CM003558.1	88.182	110	661	32	141	116360	116031	1.87e-50	189
CDF91216.1	CM003555.1	76.471	85	89	1	85	194775	194521	7.88e-41	140
CDF91216.1	CM003555.1	62.921	89	89	1	89	333086	332841	9.52e-31	111
CDF91217.1	CM003555.1	57.266	578	561	1	561	330832	332559	0.0	707
CDF91218.1	CM003555.1	85.610	549	571	23	571	328814	330460	0.0	971
CDF91218.1	CM003565.1	35.093	322	571	67	387	649826	650743	2.31e-45	171
CDF91218.1	CM003553.1	27.946	297	571	73	352	285659	284787	5.09e-21	96.7
CDF91218.1	CM003559.1	26.255	259	571	92	333	292408	293184	1.46e-18	89.0
CDF91219.1	CM003566.1	41.810	232	614	352	566	522956	523621	8.01e-41	158
CDF91219.1	CM003566.1	61.111	126	614	1	126	522314	522661	1.07e-37	149
CDF91220.1	CM003566.1	52.593	405	387	1	378	524371	525516	7.43e-107	343
CDF91222.1	CM003560.1	66.870	492	588	80	570	1369061	1370536	0.0	730
CDF91222.1	CM003560.1	27.991	443	588	141	564	1376563	1375280	1.20e-45	172
CDF91222.1	CM003555.1	27.912	455	588	144	564	16823	18097	4.93e-34	137
CDF91222.1	CM003568.1	27.912	455	588	144	564	7417	8691	4.93e-34	137
CDF91223.1	CM003566.1	66.038	265	278	1	262	526688	525930	3.57e-83	271
CDF91224.1	CM003560.1	34.810	158	181	6	147	1368133	1367696	4.16e-17	77.0
CDF91225.1	CM003560.1	79.981	2148	2135	2	2135	1360770	1367198	0.0	3589
CDF91226.1	CM003560.1	37.025	605	593	15	593	1360057	1358504	2.35e-112	368
CDF91227.1	CM003566.1	65.116	172	175	1	172	527636	527124	2.14e-76	246
CDF91227.1	CM003566.1	33.537	164	175	6	166	487336	486845	3.42e-22	91.3
CDF91227.1	CM003560.1	29.114	158	175	6	160	665663	666136	3.50e-14	68.2
CDF91229.1	CM003566.1	69.266	436	465	30	465	530338	529040	0.0	632
CDF91230.1	CM003566.1	72.007	568	577	1	562	531066	532733	0.0	830
CDF91231.1	CM003560.1	32.328	232	201	10	185	1357669	1358319	7.34e-24	97.1
CDF91232.1	CM003566.1	89.262	447	515	1	446	533198	534538	0.0	837
CDF91232.1	CM003569.1	42.615	413	515	4	411	186836	188029	2.06e-99	328
CDF91233.1	CM003566.1	44.245	278	271	3	271	535778	534957	8.16e-73	241
CDF91234.1	CM003566.1	73.333	105	108	1	105	536113	536427	6.70e-45	153
CDF91235.1	CM003566.1	65.854	246	253	11	253	537352	536615	8.44e-103	326
CDF91236.1	CM003560.1	80.637	377	382	2	378	1356790	1355660	0.0	646
CDF91236.1	CM003560.1	27.665	394	382	1	378	1512510	1513568	1.88e-17	83.2
CDF91236.1	CM003558.1	32.069	290	382	1	287	513771	514544	8.94e-27	111
CDF91236.1	CM003569.1	28.649	370	382	3	366	925411	926415	1.48e-24	104
CDF91236.1	CM003567.1	28.763	372	382	3	366	846167	845163	1.24e-23	102
CDF91236.1	CM003567.1	30.112	269	382	2	267	405712	406434	1.80e-22	98.6
CDF91236.1	CM003566.1	26.042	384	382	8	378	254899	253853	8.22e-21	93.6
CDF91237.1	CM003560.1	66.752	391	564	1	374	1353249	1354418	1.44e-166	523
CDF91237.1	CM003560.1	79.070	43	564	459	501	1354959	1355087	6.83e-17	83.6
CDF91238.1	CM003560.1	73.626	182	196	1	182	1352361	1352906	6.77e-90	286
CDF91239.1	CM003560.1	86.911	191	191	1	191	1352113	1351541	7.66e-115	357
CDF91240.1	CM003566.1	77.612	402	421	20	420	538965	537760	0.0	650
CDF91241.1	CM003566.1	57.980	307	307	4	307	540756	539839	5.49e-124	389
CDF91242.1	CM003560.1	67.500	720	723	28	722	1349248	1351407	0.0	972
CDF91242.1	CM003569.1	24.818	411	723	354	720	749334	750521	9.07e-21	97.1
CDF91243.1	CM003560.1	64.800	250	551	1	250	1348690	1347962	1.62e-88	297
CDF91243.1	CM003560.1	62.069	116	551	437	551	1347676	1347329	1.30e-38	150
CDF91243.1	CM003566.1	63.469	271	551	1	246	541683	542480	7.65e-88	295
CDF91243.1	CM003564.1	35.461	141	551	4	143	81749	82171	4.26e-20	93.6
CDF91244.1	CM003560.1	39.744	78	77	6	77	1346805	1347035	3.52e-11	55.5
CDF91245.1	CM003566.1	47.642	848	809	5	809	543898	546396	0.0	780
CDF91246.1	CM003566.1	83.502	297	294	1	294	546661	547551	3.51e-172	526
CDF91246.1	CM003562.1	27.273	341	294	1	279	732256	731261	2.77e-26	107
CDF91247.1	CM003566.1	66.993	306	304	1	303	548830	547913	2.98e-140	436
CDF91248.1	CM003560.1	83.603	494	513	5	483	1344554	1346008	0.0	824
CDF91248.1	CM003560.1	40.000	390	513	30	414	1024711	1023560	5.88e-86	288
CDF91248.1	CM003560.1	37.795	381	513	32	403	1211043	1209901	6.04e-70	242
CDF91248.1	CM003560.1	31.215	362	513	39	372	560252	561334	3.30e-38	148
CDF91248.1	CM003560.1	36.019	211	513	28	236	1121969	1121337	5.14e-35	139
CDF91248.1	CM003560.1	25.971	412	513	1	371	650408	651604	3.48e-28	118
CDF91248.1	CM003560.1	30.769	143	513	252	394	1121114	1120695	4.53e-16	80.5
CDF91248.1	CM003564.1	42.120	368	513	32	397	564717	565817	1.07e-79	270
CDF91248.1	CM003564.1	31.398	379	513	27	383	341790	340657	1.18e-53	194
CDF91248.1	CM003565.1	42.120	368	513	32	397	113971	112871	1.16e-79	270
CDF91248.1	CM003565.1	34.356	163	513	50	197	181790	182275	3.93e-14	74.3
CDF91248.1	CM003569.1	35.770	383	513	29	394	670243	671367	1.92e-64	226
CDF91248.1	CM003569.1	31.707	369	513	41	389	361432	360329	5.32e-47	174
CDF91248.1	CM003566.1	34.659	352	513	31	371	117874	118929	2.88e-57	205
CDF91248.1	CM003566.1	29.299	314	513	31	325	679035	678094	6.98e-28	117
CDF91250.1	CM003560.1	66.327	98	106	1	98	1341831	1342124	5.80e-44	150
CDF91251.1	CM003560.1	64.466	515	502	1	498	1341498	1339957	0.0	682
CDF91252.1	CM003566.1	53.394	442	450	14	442	549175	550494	9.75e-151	473
CDF91252.1	CM003560.1	53.097	452	450	1	449	1339643	1338363	1.17e-136	432
CDF91252.1	CM003562.1	43.678	261	450	185	444	362227	361454	3.68e-65	226
CDF91252.1	CM003562.1	41.048	229	450	168	391	360265	360945	5.49e-49	179
CDF91252.1	CM003570.1	40.449	267	450	179	444	765761	766552	1.15e-61	216
CDF91252.1	CM003570.1	42.326	215	450	183	391	768177	767533	8.82e-53	190
CDF91253.1	CM003560.1	60.702	598	604	24	604	1333465	1335228	0.0	622
CDF91254.1	CM003560.1	47.545	448	433	1	432	1333080	1331818	2.25e-116	373
CDF91255.1	CM003560.1	55.172	1015	968	10	968	1331467	1328507	0.0	1042
CDF91256.1	CM003560.1	57.195	820	795	1	795	1325836	1328265	0.0	884
CDF91257.1	CM003560.1	78.153	444	444	1	443	1325498	1324167	0.0	704
CDF91258.1	CM003566.1	40.000	220	212	7	209	551571	550918	6.51e-38	137
CDF91259.1	CM003560.1	53.263	475	467	1	454	1323673	1322255	1.60e-153	481
CDF91260.1	CM003566.1	58.511	470	470	1	467	553398	551992	0.0	567
CDF91260.1	CM003561.1	29.890	455	470	4	453	206715	205405	4.26e-58	206
CDF91260.1	CM003567.1	29.978	447	470	10	446	93643	92336	5.38e-43	161
CDF91260.1	CM003567.1	29.148	446	470	10	446	17773	16466	1.47e-40	154
CDF91261.1	CM003560.1	74.022	1201	1199	1	1199	1318246	1321848	0.0	1897
CDF91261.1	CM003562.1	30.488	328	1199	7	328	795295	794405	1.44e-45	179
CDF91261.1	CM003558.1	28.814	236	1199	52	286	596912	596301	1.74e-21	100
CDF91261.1	CM003558.1	26.126	222	1199	18	238	596888	596313	1.57e-16	84.3
CDF91261.1	CM003570.1	27.675	271	1199	52	321	260950	260237	1.64e-20	97.4
CDF91261.1	CM003570.1	27.203	261	1199	2	241	260845	260069	1.24e-19	94.4
CDF91261.1	CM003570.1	33.099	142	1199	25	166	260902	260477	1.40e-18	90.9
CDF91261.1	CM003570.1	25.980	204	1199	52	236	880764	881366	3.97e-11	66.6
CDF91261.1	CM003553.1	21.690	355	1199	17	323	51657	50716	1.53e-15	80.9
CDF91261.1	CM003553.1	25.357	280	1199	26	243	51510	50701	3.07e-13	73.6
CDF91262.1	CM003570.1	74.269	513	509	3	509	314585	313053	0.0	751
CDF91263.1	CM003570.1	39.267	191	231	47	231	315346	314786	1.24e-32	123
CDF91264.1	CM003569.1	66.201	716	716	1	715	357287	355161	0.0	986
CDF91265.1	CM003569.1	47.619	546	547	7	547	357599	359233	7.83e-175	546
CDF91266.1	CM003570.1	45.672	543	477	9	476	315892	317502	1.86e-130	416
CDF91267.1	CM003555.1	59.346	765	880	28	789	299276	301489	0.0	926
CDF91267.1	CM003553.1	57.497	767	880	24	789	80109	82334	0.0	911
CDF91268.1	CM003570.1	68.878	633	609	1	609	320086	318236	0.0	835
CDF91268.1	CM003569.1	70.861	604	609	1	594	361888	360125	0.0	805
CDF91268.1	CM003569.1	32.031	384	609	139	502	670237	671304	3.96e-44	168
CDF91268.1	CM003562.1	39.540	435	609	103	521	684119	685366	8.49e-78	268
CDF91268.1	CM003562.1	31.894	417	609	127	529	868598	867399	5.85e-55	201
CDF91268.1	CM003562.1	23.864	440	609	160	515	662977	664236	5.37e-16	80.9
CDF91268.1	CM003568.1	43.881	335	609	128	458	366388	365426	1.52e-72	253
CDF91268.1	CM003568.1	52.055	73	609	459	531	364439	364221	1.70e-17	85.5
CDF91268.1	CM003568.1	26.054	261	609	272	498	90190	89408	4.37e-16	81.3
CDF91268.1	CM003560.1	38.965	367	609	146	498	560255	561331	8.43e-70	245
CDF91268.1	CM003560.1	31.354	421	609	112	528	1024786	1023581	4.28e-54	198
CDF91268.1	CM003560.1	30.752	439	609	118	498	1122029	1120764	4.30e-51	189
CDF91268.1	CM003560.1	31.536	371	609	157	521	1210989	1209931	2.50e-44	169
CDF91268.1	CM003560.1	30.894	369	609	148	515	1344662	1345708	8.43e-43	164
CDF91268.1	CM003560.1	31.646	395	609	144	509	650501	651637	3.20e-42	162
CDF91269.1	CM003558.1	46.847	222	223	1	221	361980	362615	9.15e-58	195
CDF91270.1	CM003570.1	50.162	309	356	8	305	320456	321343	1.79e-84	278
CDF91270.1	LIOO01000002.1	40.559	143	356	31	162	25983	25576	1.16e-24	104
CDF91270.1	LIOO01000002.1	47.619	84	356	216	293	25451	25209	7.13e-12	65.5
CDF91271.1	CM003569.1	82.353	221	223	4	223	362847	362194	1.83e-121	378
CDF91272.1	CM003569.1	57.368	380	396	26	396	363192	364322	4.19e-139	437
CDF91273.1	CM003570.1	72.894	273	277	5	277	322507	321689	1.03e-141	438
CDF91273.1	LIOO01000002.1	71.000	200	277	5	204	24012	24611	3.53e-103	311
CDF91273.1	LIOO01000002.1	74.468	47	277	231	277	24688	24828	3.53e-103	81.3
CDF91274.1	CM003569.1	64.301	465	454	3	454	364744	366138	1.87e-178	553
CDF91275.1	CM003569.1	71.390	367	407	52	407	367507	366416	5.77e-163	506
CDF91276.1	CM003570.1	68.636	711	683	3	683	323446	325518	0.0	961
CDF91276.1	LIOO01000002.1	68.636	711	683	3	683	23074	21002	0.0	959
CDF91277.1	CM003569.1	82.059	340	377	30	369	368173	369192	0.0	604
CDF91277.1	CM003562.1	51.948	77	377	32	108	517362	517135	4.81e-17	82.0
CDF91278.1	CM003569.1	32.853	764	719	58	712	371664	369478	8.18e-90	307
CDF91279.1	CM003569.1	52.759	290	239	1	239	372254	373111	6.16e-79	256
CDF91280.1	CM003570.1	49.749	398	389	2	389	330929	329778	1.19e-135	426
CDF91280.1	LIOO01000002.1	49.497	398	389	2	389	15591	16742	5.27e-135	424
CDF91280.1	CM003562.1	25.956	366	389	34	378	897116	898099	1.08e-25	108
CDF91280.1	CM003568.1	33.714	175	389	208	381	658656	659159	2.85e-23	100
CDF91281.1	LIOO01000002.1	39.818	329	320	31	319	14282	15250	4.73e-69	232
CDF91281.1	CM003570.1	39.818	329	320	31	319	332238	331270	4.86e-69	232
CDF91282.1	LIOO01000002.1	63.554	332	309	1	307	12755	11763	1.05e-133	417
CDF91282.1	CM003570.1	63.554	332	309	1	307	339729	340721	1.07e-133	417
CDF91284.1	LIOO01000002.1	51.274	1334	1318	1	1314	7960	11622	0.0	1299
CDF91284.1	CM003570.1	51.124	1334	1318	1	1314	344524	340862	0.0	1296
CDF91285.1	LIOO01000002.1	58.224	687	649	17	649	5388	7433	0.0	803
CDF91285.1	CM003570.1	58.224	687	649	17	649	347096	345051	0.0	803
CDF91286.1	CM003558.1	94.536	183	183	1	183	548425	547877	2.28e-115	358
CDF91286.1	CM003560.1	56.425	179	183	1	179	1399996	1399463	1.35e-64	213
CDF91286.1	CM003560.1	53.591	181	183	1	181	1299903	1299364	4.86e-63	208
CDF91286.1	CM003569.1	49.714	175	183	1	174	582382	581861	8.46e-56	187
CDF91286.1	CM003570.1	32.609	184	183	1	175	453079	453627	8.13e-30	113
CDF91286.1	CM003570.1	33.529	170	183	12	174	133064	133567	2.74e-25	100
CDF91286.1	CM003567.1	32.759	174	183	16	176	516497	517012	1.28e-20	87.0
CDF91287.1	CM003564.1	44.226	407	402	2	395	373272	372082	1.79e-106	343
CDF91288.1	CM003561.1	52.624	686	669	6	668	59150	57174	0.0	680
CDF91289.1	CM003564.1	75.127	197	245	58	245	36564	35974	4.72e-100	317
CDF91290.1	CM003564.1	67.781	748	761	23	761	37090	39333	0.0	1072
CDF91290.1	CM003560.1	31.087	727	761	44	754	1229285	1227234	1.68e-89	307
CDF91290.1	CM003560.1	29.457	645	761	44	669	1226448	1224592	2.61e-74	263
CDF91290.1	CM003557.1	32.051	702	761	59	738	95373	93385	2.03e-88	304
CDF91290.1	CM003569.1	30.114	704	761	59	738	168971	166983	4.89e-81	282
CDF91290.1	CM003562.1	29.907	642	761	58	674	185883	184009	8.44e-70	249
CDF91291.1	CM003564.1	59.942	342	341	1	341	40521	39496	1.02e-142	444
CDF91292.1	CM003563.1	39.698	398	380	8	374	36433	37578	4.77e-79	263
CDF91293.1	CM003564.1	36.735	343	347	7	343	41746	40727	1.14e-68	232
CDF91294.1	CM003564.1	47.340	1673	1656	1	1654	41965	46908	0.0	1520
CDF91295.1	CM003564.1	72.145	359	359	1	359	47137	48213	2.13e-159	493
CDF91296.1	CM003564.1	55.542	1597	1528	7	1527	53094	48343	0.0	1768
CDF91297.1	CM003563.1	79.237	236	281	1	234	38467	37760	2.03e-118	372
CDF91299.1	CM003564.1	63.573	1444	1419	1	1418	54376	58698	0.0	1937
CDF91300.1	CM003563.1	49.597	248	310	66	310	40484	41227	1.48e-75	250
CDF91300.1	CM003563.1	39.228	311	310	10	309	39127	40050	8.25e-64	216
CDF91301.1	CM003564.1	45.179	363	414	31	381	59030	60112	5.09e-100	325
CDF91302.1	CM003564.1	82.143	84	87	1	84	60690	60439	4.09e-42	144
CDF91303.1	CM003564.1	32.489	237	230	5	228	60886	61581	4.18e-35	130
CDF91304.1	CM003563.1	42.674	778	771	1	767	43649	41385	0.0	609
CDF91305.1	CM003564.1	31.799	717	692	4	677	61812	63884	3.33e-75	263
CDF91306.1	CM003563.1	41.217	575	553	1	546	45614	43899	6.64e-119	385
CDF91307.1	CM003564.1	58.135	1051	1021	1	1021	68138	64998	0.0	1218
CDF91307.1	CM003560.1	26.738	935	1021	5	921	269633	267072	9.09e-75	270
CDF91308.1	CM003563.1	29.483	329	282	1	282	46798	45836	8.89e-22	94.0
CDF91309.1	CM003563.1	69.727	512	554	50	554	48681	47152	0.0	758
CDF91309.1	CM003569.1	23.966	580	554	58	554	478281	476695	3.61e-33	134
CDF91310.1	CM003563.1	64.943	174	172	1	172	49308	49829	5.00e-59	196
CDF91311.1	CM003563.1	40.249	241	250	2	230	50697	49975	2.50e-52	181
CDF91312.1	CM003563.1	48.889	135	127	1	127	50913	51311	7.73e-35	125
CDF91313.1	CM003564.1	62.476	525	540	21	539	69947	68373	0.0	673
CDF91313.1	CM003563.1	25.000	520	540	36	519	31122	29734	8.63e-26	111
CDF91314.1	CM003564.1	66.565	655	628	1	625	70525	72432	0.0	864
CDF91314.1	CM003567.1	55.224	670	628	2	628	96259	98190	0.0	726
CDF91314.1	CM003566.1	40.852	634	628	1	627	8496	10202	4.92e-136	438
CDF91315.1	CM003567.1	58.621	58	59	1	58	98544	98371	9.92e-20	79.0
CDF91316.1	CM003554.1	62.388	335	325	6	325	31283	30282	8.06e-135	421
CDF91318.1	CM003566.1	48.428	159	192	4	157	154781	155257	2.55e-45	158
CDF91321.1	CM003568.1	60.490	367	371	1	355	133326	132229	1.52e-145	454
CDF91321.1	CM003566.1	30.493	223	371	9	231	917481	918092	2.09e-25	107
CDF91321.1	CM003567.1	23.600	250	371	9	255	103280	103960	6.88e-15	75.1
CDF91322.1	CM003568.1	80.063	2227	2229	1	2220	125340	132011	0.0	3734
CDF91322.1	CM003567.1	54.775	2220	2229	21	2221	655502	648984	0.0	2504
CDF91322.1	CM003558.1	30.693	505	2229	59	559	620268	618961	5.49e-58	222
CDF91322.1	CM003558.1	31.520	533	2229	57	570	641721	640330	2.02e-57	220
CDF91322.1	CM003562.1	31.947	529	2229	57	570	660524	659133	5.65e-51	199
CDF91324.1	CM003568.1	63.877	227	213	1	213	123803	123141	1.54e-91	291
CDF91325.1	CM003559.1	50.000	450	495	5	447	107651	108979	1.02e-140	446
CDF91325.1	CM003555.1	37.047	386	495	60	423	41487	40462	1.52e-58	208
CDF91325.1	CM003569.1	39.130	322	495	127	427	753964	753050	9.34e-56	200
CDF91326.1	CM003568.1	67.713	223	223	1	221	122446	121778	4.72e-98	311
CDF91327.1	CM003559.1	63.158	171	171	1	171	106823	107329	7.96e-65	213
CDF91328.1	CM003559.1	79.104	268	270	1	263	105701	106504	3.39e-145	448
CDF91329.1	CM003568.1	52.566	643	585	2	585	121368	119452	0.0	668
CDF91329.1	CM003559.1	43.573	599	585	5	578	105297	103525	2.85e-161	509
CDF91330.1	CM003568.1	70.996	231	246	21	246	118619	119302	6.57e-113	354
CDF91331.1	CM003559.1	49.772	219	209	2	209	103182	102526	3.99e-63	210
CDF91332.1	CM003568.1	50.990	404	405	2	405	118333	117131	9.71e-131	413
CDF91333.1	CM003568.1	43.709	151	132	1	132	116523	116939	4.87e-33	120
CDF91334.1	CM003568.1	42.361	576	522	1	522	116286	114601	1.47e-123	397
CDF91334.1	CM003559.1	33.019	530	522	40	522	102259	100820	2.06e-77	264
CDF91335.1	CM003559.1	80.739	514	513	1	513	100566	99025	0.0	852
CDF91336.1	CM003559.1	36.557	517	524	26	524	97283	98833	8.47e-105	343
CDF91337.1	CM003559.1	73.420	918	912	1	910	94035	96788	0.0	1413
CDF91337.1	CM003559.1	22.346	358	912	144	454	75458	76450	3.63e-15	79.3
CDF91337.1	CM003559.1	22.712	295	912	338	600	75329	76198	5.58e-12	68.9
CDF91337.1	CM003570.1	27.444	266	912	338	600	260953	260231	6.51e-17	85.1
CDF91337.1	CM003570.1	24.082	245	912	244	486	260965	260258	1.56e-14	77.0
CDF91337.1	CM003570.1	24.096	249	912	257	496	880632	881369	1.27e-13	74.3
CDF91337.1	CM003558.1	29.375	160	912	338	497	596915	596442	1.15e-16	84.0
CDF91337.1	CM003558.1	26.923	182	912	339	508	562559	563098	7.11e-14	75.1
CDF91337.1	CM003558.1	25.110	227	912	144	369	596915	596313	6.89e-13	71.6
CDF91337.1	CM003558.1	23.188	276	912	343	601	597077	596313	3.02e-12	69.7
CDF91337.1	CM003558.1	25.101	247	912	346	539	428354	429091	7.45e-12	68.2
CDF91337.1	CM003558.1	24.378	201	912	258	456	596900	596310	1.79e-11	67.0
CDF91337.1	CM003562.1	25.000	248	912	253	496	795289	794552	2.64e-15	79.7
CDF91337.1	CM003566.1	26.875	160	912	336	495	567428	566955	3.66e-13	72.8
CDF91337.1	CM003566.1	25.431	232	912	337	549	567734	567045	2.27e-12	70.1
CDF91339.1	CM003559.1	42.692	260	244	3	242	93060	93803	2.04e-62	209
CDF91339.1	CM003560.1	27.848	158	244	118	239	1374697	1375161	7.24e-12	63.5
CDF91340.1	CM003559.1	53.769	597	714	163	712	91583	89811	0.0	590
CDF91341.1	CM003559.1	64.384	146	144	5	144	88910	88473	8.01e-65	211
CDF91342.1	CM003559.1	43.165	556	511	5	484	87953	86310	5.40e-116	375
CDF91342.1	CM003568.1	46.939	98	511	106	200	283079	283372	5.21e-20	92.8
CDF91342.1	CM003553.1	41.837	98	511	106	200	213658	213951	1.97e-16	81.6
CDF91342.1	CM003570.1	46.154	78	511	102	178	728527	728300	1.05e-11	66.2
CDF91343.1	CM003559.1	50.361	415	412	1	388	85759	84542	4.37e-118	377
CDF91344.1	CM003568.1	60.048	413	1073	1	405	112027	113265	2.94e-144	478
CDF91344.1	CM003559.1	48.564	383	1073	5	387	80949	82088	2.34e-118	402
CDF91345.1	CM003568.1	52.614	306	311	8	297	111803	110886	1.61e-96	310
CDF91345.1	CM003555.1	37.584	298	311	16	294	98033	97155	2.94e-50	177
CDF91346.1	CM003559.1	60.338	474	508	54	508	79897	78488	0.0	602
CDF91348.1	CM003559.1	39.350	277	316	31	305	78122	77292	2.60e-64	218
CDF91348.1	CM003568.1	33.438	317	316	8	315	110531	109623	4.36e-45	162
CDF91348.1	CM003563.1	39.881	168	316	57	222	318914	319378	6.21e-26	107
CDF91348.1	CM003560.1	37.143	175	316	44	216	448612	449079	1.94e-24	102
CDF91348.1	CM003560.1	37.634	186	316	44	227	729079	729576	2.01e-24	102
CDF91348.1	CM003567.1	39.053	169	316	57	220	105466	105915	2.35e-20	90.5
CDF91349.1	CM003568.1	61.574	432	415	1	413	108229	109512	6.79e-167	518
CDF91350.1	CM003568.1	49.911	561	564	1	559	107922	106276	0.0	593
CDF91351.1	CM003559.1	53.435	131	148	19	148	76799	77155	1.82e-42	148
CDF91352.1	CM003559.1	77.670	515	515	1	515	74909	76453	0.0	868
CDF91352.1	CM003559.1	28.912	294	515	188	474	56177	56968	4.69e-19	90.1
CDF91352.1	CM003559.1	27.076	277	515	231	492	56177	56878	1.36e-16	82.0
CDF91352.1	CM003559.1	25.606	371	515	191	514	94335	95411	5.64e-16	80.1
CDF91352.1	CM003559.1	24.483	290	515	159	429	56216	56959	1.39e-15	79.0
CDF91352.1	CM003559.1	22.785	395	515	146	513	94821	95846	1.02e-14	76.3
CDF91352.1	CM003559.1	33.636	110	515	405	513	56180	56506	1.17e-12	69.3
CDF91352.1	CM003559.1	27.333	150	515	372	514	56210	56656	4.38e-12	67.8
CDF91352.1	CM003559.1	28.125	224	515	139	342	56285	56911	5.97e-12	67.4
CDF91352.1	CM003559.1	24.691	243	515	291	513	56213	56815	2.36e-11	65.5
CDF91352.1	CM003553.1	29.825	342	515	124	442	51618	50683	2.42e-24	106
CDF91352.1	CM003558.1	27.211	294	515	240	513	597077	596319	7.89e-21	95.5
CDF91352.1	CM003558.1	33.333	168	515	141	306	596789	596313	7.00e-20	92.4
CDF91352.1	CM003558.1	25.670	261	515	172	430	596951	596316	3.06e-17	84.3
CDF91352.1	CM003558.1	22.835	254	515	278	513	428336	429085	7.74e-11	63.5
CDF91352.1	CM003561.1	26.587	252	515	225	475	145434	144760	1.03e-18	89.0
CDF91352.1	CM003561.1	25.250	400	515	139	494	145434	144400	1.10e-15	79.3
CDF91352.1	CM003562.1	29.032	186	515	127	305	795091	794552	1.12e-16	82.4
CDF91352.1	CM003562.1	22.984	248	515	248	482	795247	794522	1.01e-12	69.7
CDF91352.1	CM003562.1	31.429	140	515	139	275	794914	794519	2.72e-11	65.1
CDF91353.1	CM003568.1	55.791	1649	1602	1	1583	101288	105988	0.0	1778
CDF91353.1	CM003568.1	28.053	303	1602	1293	1569	710243	709440	1.57e-23	107
CDF91353.1	CM003568.1	28.269	283	1602	1286	1562	76733	75936	5.58e-23	106
CDF91353.1	CM003568.1	26.316	323	1602	1292	1574	446669	445725	7.01e-20	95.9
CDF91353.1	CM003568.1	28.679	265	1602	1267	1513	723289	723963	2.23e-16	84.3
CDF91353.1	CM003568.1	26.484	219	1602	1299	1516	486199	486771	3.43e-16	83.6
CDF91353.1	CM003568.1	23.411	299	1602	1291	1569	218269	217469	2.78e-12	70.9
CDF91353.1	CM003559.1	54.485	1360	1602	262	1602	70854	74696	0.0	1456
CDF91353.1	CM003559.1	27.795	331	1602	1255	1578	42018	41095	1.41e-25	114
CDF91353.1	CM003559.1	27.517	298	1602	1286	1574	230006	229212	9.56e-25	112
CDF91353.1	CM003559.1	27.273	242	1602	1292	1522	187092	186451	4.65e-18	89.7
CDF91353.1	CM003564.1	34.915	295	1602	1286	1573	474758	473964	9.71e-46	181
CDF91353.1	CM003564.1	30.667	300	1602	1292	1578	540330	541115	5.11e-26	116
CDF91353.1	CM003564.1	30.667	225	1602	1292	1516	614378	614947	2.02e-23	107
CDF91353.1	CM003564.1	24.199	281	1602	1251	1512	569924	570646	1.99e-12	71.2
CDF91353.1	CM003566.1	30.523	344	1602	1272	1574	838639	839571	2.11e-41	166
CDF91353.1	CM003566.1	24.012	329	1602	1277	1574	351346	352212	2.83e-17	87.4
CDF91353.1	CM003566.1	22.857	315	1602	1286	1574	312585	313421	1.35e-15	81.6
CDF91353.1	CM003563.1	32.886	298	1602	1283	1579	443182	443961	9.10e-37	151
CDF91353.1	CM003563.1	31.000	300	1602	1274	1569	221038	220256	1.59e-28	124
CDF91353.1	CM003563.1	27.797	295	1602	1291	1577	26936	26163	2.47e-19	94.0
CDF91353.1	CM003563.1	25.483	259	1602	1265	1513	368569	369255	1.30e-14	78.6
CDF91354.1	CM003568.1	79.045	377	413	47	413	100717	99608	0.0	620
CDF91354.1	CM003560.1	47.965	344	413	31	374	894512	893541	4.15e-104	337
CDF91354.1	CM003560.1	53.310	287	413	50	336	1391547	1392356	1.07e-102	333
CDF91354.1	CM003560.1	53.659	287	413	50	336	1295867	1296676	1.13e-102	333
CDF91354.1	CM003560.1	49.118	340	413	52	389	1146702	1145767	4.62e-101	328
CDF91354.1	CM003560.1	34.535	333	413	9	336	196604	195663	3.28e-62	216
CDF91354.1	LIOO01000003.1	49.118	340	413	52	389	17117	16182	4.42e-101	328
CDF91354.1	CM003570.1	36.478	318	413	37	338	202996	203898	1.08e-64	223
CDF91354.1	CM003567.1	35.974	303	413	39	336	223176	222319	1.51e-62	217
CDF91354.1	CM003567.1	36.879	282	413	76	335	154900	155739	2.30e-51	184
CDF91355.1	CM003568.1	76.712	73	73	1	73	99257	99475	1.48e-32	115
CDF91356.1	CM003568.1	57.088	776	739	7	738	99053	96729	0.0	829
CDF91356.1	CM003555.1	27.027	296	739	444	731	338786	339628	7.31e-24	107
CDF91356.1	CM003565.1	31.481	216	739	1	212	630001	630603	1.48e-20	96.3
CDF91357.1	CM003559.1	54.475	257	267	5	261	68459	69211	2.88e-89	288
CDF91358.1	CM003559.1	38.095	63	84	16	78	68264	68076	7.29e-12	57.8
CDF91358.1	CM003568.1	35.366	82	84	1	78	94164	93919	2.57e-11	56.2
CDF91360.1	CM003559.1	62.158	621	872	288	872	65305	67053	0.0	719
CDF91360.1	CM003559.1	49.593	123	872	1	117	64666	64995	4.95e-23	104
CDF91361.1	CM003568.1	64.327	342	328	1	328	92681	93706	2.50e-145	451
CDF91363.1	CM003569.1	28.337	427	442	33	437	1021242	1020079	3.12e-41	155
CDF91363.1	CM003566.1	28.878	419	442	32	432	988890	990068	1.89e-38	147
CDF91363.1	CM003568.1	22.042	431	442	47	436	52300	51044	8.34e-21	94.4
CDF91364.1	CM003562.1	77.597	308	308	1	308	455913	454990	2.17e-169	520
CDF91364.1	CM003560.1	23.755	261	308	52	283	464428	463670	3.01e-11	62.8
CDF91365.1	CM003560.1	90.305	361	361	1	361	1159732	1160814	0.0	669
CDF91366.1	CM003560.1	55.489	838	800	3	797	1163610	1161184	0.0	882
CDF91366.1	CM003555.1	46.491	114	800	9	118	385976	385638	1.01e-23	106
CDF91366.1	CM003555.1	28.649	185	800	352	530	384584	384042	9.59e-17	84.0
CDF91366.1	CM003566.1	25.616	203	800	356	524	505951	506559	5.79e-16	81.6
CDF91367.1	CM003560.1	43.769	329	629	9	331	1165053	1164082	1.60e-83	286
CDF91368.1	CM003566.1	48.894	407	417	14	417	865868	867073	1.02e-123	394
CDF91368.1	CM003567.1	33.613	238	417	114	327	396148	396807	2.70e-18	86.3
CDF91368.1	CM003565.1	29.075	227	417	114	324	397711	398379	7.53e-17	82.0
CDF91368.1	CM003568.1	24.554	224	417	122	330	563581	564204	5.10e-12	66.6
CDF91369.1	CM003566.1	33.197	735	702	3	699	867303	869474	1.40e-122	402
CDF91370.1	CM003566.1	58.998	878	891	22	884	872269	869648	0.0	1068
CDF91370.1	CM003562.1	23.558	416	891	34	426	393796	392789	1.21e-16	84.0
CDF91371.1	CM003566.1	60.698	1117	1110	1	1106	872861	876199	0.0	1377
CDF91371.1	CM003569.1	26.692	266	1110	67	322	825909	825145	4.94e-11	65.9
CDF91372.1	CM003560.1	42.070	1961	1916	1	1891	1170825	1165513	0.0	1254
CDF91373.1	CM003560.1	56.633	196	195	3	188	1171561	1172148	5.75e-72	234
CDF91374.1	CM003566.1	69.559	1337	1337	1	1337	880422	876427	0.0	1982
CDF91375.1	CM003566.1	46.512	129	127	1	126	880964	880578	4.13e-28	106
CDF91376.1	CM003566.1	66.740	905	878	1	874	881202	883841	0.0	1180
CDF91377.1	CM003566.1	52.535	434	416	7	416	885246	883951	1.99e-141	444
CDF91377.1	CM003558.1	33.871	248	416	176	416	719862	720566	2.71e-40	152
CDF91378.1	CM003560.1	63.614	797	803	1	791	1174869	1172515	0.0	1020
CDF91379.1	CM003560.1	94.643	56	56	1	56	1175690	1175857	3.92e-33	116
CDF91379.1	CM003566.1	89.286	56	56	1	56	886225	886392	4.83e-31	110
CDF91380.1	CM003566.1	67.322	967	985	17	983	890083	887183	0.0	1403
CDF91380.1	CM003570.1	27.792	403	985	24	372	832397	831189	2.65e-41	164
CDF91381.1	CM003566.1	54.902	51	94	3	53	890735	890887	9.58e-16	69.3
CDF91382.1	CM003560.1	52.335	621	591	1	591	1176354	1178204	0.0	595
CDF91383.1	CM003560.1	38.176	296	322	53	322	1179373	1180236	6.90e-44	159
CDF91384.1	CM003566.1	59.551	89	274	1	88	891297	891563	5.36e-29	114
CDF91385.1	CM003566.1	45.992	524	488	1	488	893878	892331	2.45e-147	464
CDF91386.1	CM003566.1	43.704	270	280	10	272	894676	895482	1.19e-68	229
CDF91387.1	CM003560.1	82.394	426	422	1	422	1181645	1180368	0.0	733
CDF91387.1	CM003566.1	71.220	410	422	12	420	491667	492896	0.0	621
CDF91387.1	CM003568.1	72.030	404	422	13	415	178220	177009	0.0	604
CDF91388.1	CM003566.1	50.000	76	73	1	71	897538	897311	4.10e-20	80.5
CDF91389.1	CM003560.1	65.517	58	60	3	60	1182093	1182266	7.99e-24	90.5
CDF91390.1	CM003566.1	44.928	690	671	1	659	899883	897817	0.0	588
CDF91390.1	CM003562.1	26.238	202	671	265	454	715906	716487	5.42e-11	64.7
CDF91391.1	CM003566.1	71.144	752	775	27	770	902387	900141	0.0	1090
CDF91391.1	CM003566.1	37.633	566	775	232	731	57718	56045	5.96e-113	377
CDF91391.1	CM003566.1	36.735	294	775	224	494	56767	55892	4.55e-48	183
CDF91391.1	CM003560.1	47.471	514	775	235	739	1278440	1279960	4.89e-144	467
CDF91391.1	CM003560.1	40.574	244	775	503	746	1278431	1279153	1.61e-50	191
CDF91391.1	CM003560.1	40.517	232	775	234	463	1279256	1279939	1.16e-48	185
CDF91391.1	CM003560.1	38.328	287	775	459	731	270946	270107	2.66e-48	184
CDF91391.1	CM003560.1	41.379	232	775	504	733	1073027	1072338	2.57e-46	178
CDF91391.1	CM003560.1	41.250	240	775	230	464	270802	270101	1.34e-45	176
CDF91391.1	CM003560.1	37.657	239	775	228	463	1073042	1072341	1.14e-43	170
CDF91391.1	CM003560.1	29.032	186	775	225	405	307087	307593	1.45e-12	70.5
CDF91391.1	CM003560.1	29.605	152	775	529	676	307168	307593	2.78e-12	69.3
CDF91391.1	CM003562.1	46.182	275	775	234	497	55353	54541	9.58e-66	237
CDF91391.1	CM003562.1	41.577	279	775	459	733	637814	638611	6.93e-54	201
CDF91391.1	CM003562.1	40.598	234	775	233	463	637922	638608	3.47e-48	184
CDF91391.1	CM003562.1	40.625	256	775	506	755	55350	54601	1.67e-47	182
CDF91391.1	CM003562.1	36.090	266	775	234	493	512489	511734	4.64e-38	152
CDF91391.1	CM003562.1	38.034	234	775	506	733	512486	511812	1.33e-33	138
CDF91391.1	CM003568.1	31.781	494	775	268	731	759609	761063	1.04e-58	216
CDF91391.1	CM003568.1	34.114	299	775	233	497	760377	761240	6.83e-44	171
CDF91391.1	CM003565.1	30.675	489	775	274	738	595673	597103	1.35e-57	213
CDF91391.1	CM003565.1	40.598	234	775	233	463	493075	492389	3.04e-47	181
CDF91391.1	CM003565.1	36.803	269	775	491	755	493114	492314	9.66e-47	179
CDF91391.1	CM003565.1	36.863	255	775	218	467	596336	597097	6.70e-43	167
CDF91393.1	CM003566.1	66.304	1285	1250	5	1250	906561	902728	0.0	1736
CDF91393.1	CM003564.1	44.802	529	1250	296	822	382743	381244	3.41e-134	454
CDF91393.1	CM003564.1	38.043	184	1250	1067	1250	380484	379945	1.42e-30	130
CDF91393.1	CM003556.1	34.356	163	1250	591	740	41214	41663	1.58e-16	84.3
CDF91393.1	CM003556.1	28.708	209	1250	303	487	43020	43637	4.70e-14	76.3
CDF91393.1	CM003562.1	28.112	249	1250	276	487	48880	48140	4.90e-15	79.3
CDF91393.1	CM003562.1	30.769	156	1250	589	740	48046	47597	2.63e-14	77.0
CDF91393.1	CM003562.1	28.000	200	1250	304	483	1020383	1020979	2.32e-13	73.9
CDF91393.1	CM003562.1	27.650	217	1250	301	484	51310	50663	1.62e-11	67.8
CDF91393.1	CM003562.1	28.652	178	1250	601	775	1021067	1021585	1.89e-11	67.8
CDF91394.1	CM003566.1	72.059	544	679	119	660	908748	907159	0.0	805
CDF91394.1	CM003560.1	45.648	471	679	131	578	1185054	1183723	1.64e-120	395
CDF91394.1	CM003562.1	43.529	85	679	321	405	86034	85786	6.22e-14	74.3
CDF91395.1	CM003560.1	50.490	204	181	1	181	1186038	1186643	1.70e-58	195
CDF91396.1	CM003566.1	65.544	653	648	20	648	911968	910028	0.0	859
CDF91396.1	CM003566.1	26.531	245	648	286	529	917481	918152	2.02e-15	79.3
CDF91397.1	CM003566.1	78.195	133	678	548	678	914786	915184	4.12e-63	227
CDF91397.1	CM003566.1	39.617	313	678	74	326	913421	914338	5.06e-47	179
CDF91398.1	CM003566.1	37.943	282	274	1	264	916312	917139	8.66e-41	149
CDF91399.1	CM003560.1	36.364	1067	1049	12	1046	1189787	1186923	0.0	624
CDF91400.1	CM003560.1	52.143	700	658	1	658	1190332	1192431	0.0	699
CDF91401.1	CM003566.1	71.091	339	347	8	346	917394	918410	1.10e-173	534
CDF91401.1	CM003566.1	27.273	253	347	37	260	911131	910385	4.11e-13	69.3
CDF91401.1	CM003567.1	29.658	263	347	6	261	103181	103960	2.59e-32	126
CDF91401.1	CM003568.1	22.260	292	347	37	288	133302	132436	3.48e-15	75.5
CDF91402.1	CM003560.1	87.097	93	98	5	97	1193768	1193490	5.67e-51	169
CDF91402.1	CM003566.1	86.022	93	98	5	97	918918	918640	2.84e-50	167
CDF91403.1	CM003560.1	42.804	271	264	5	244	1194935	1195744	4.19e-63	212
CDF91404.1	CM003566.1	37.156	218	198	2	195	920552	921205	7.38e-37	134
CDF91405.1	CM003566.1	48.077	104	111	1	103	921778	921467	9.36e-26	98.6
CDF91406.1	CM003560.1	43.607	1048	1037	1	1029	1196352	1199477	0.0	871
CDF91407.1	CM003566.1	68.810	933	938	7	937	924788	921990	0.0	1392
CDF91408.1	CM003566.1	76.051	1094	1127	22	1105	925192	928449	0.0	1657
CDF91409.1	CM003566.1	51.020	245	239	2	239	928871	929581	4.90e-77	251
CDF91410.1	CM003565.1	81.206	431	431	1	431	560830	559550	0.0	722
CDF91410.1	CM003558.1	52.500	200	431	5	202	84287	84883	2.88e-64	223
CDF91410.1	CM003558.1	43.750	112	431	314	425	84890	85207	1.28e-19	90.5
CDF91410.1	CM003555.1	52.000	200	431	5	202	359265	358669	2.90e-64	223
CDF91410.1	CM003555.1	39.024	123	431	303	425	358695	358345	9.19e-17	81.6
CDF91410.1	CM003563.1	47.739	199	431	5	202	451323	451916	2.09e-58	206
CDF91410.1	CM003563.1	45.536	112	431	314	425	451923	452249	3.62e-21	95.5
CDF91410.1	CM003569.1	53.608	97	431	1	97	873756	873466	2.18e-25	108
CDF91410.1	CM003569.1	55.172	87	431	111	197	873090	872830	2.69e-25	107
CDF91410.1	CM003569.1	44.643	112	431	316	426	872613	872284	1.07e-19	90.9
CDF91411.1	CM003566.1	37.716	289	294	17	294	930035	930793	6.63e-57	196
CDF91412.1	CM003565.1	74.585	2050	2056	8	2055	567463	561329	0.0	3242
CDF91413.1	CM003565.1	41.522	289	267	8	266	569404	568556	2.03e-58	199
CDF91414.1	CM003565.1	75.795	409	444	36	440	571225	569999	0.0	662
CDF91415.1	CM003565.1	40.333	600	549	22	507	573622	571889	2.74e-90	302
CDF91416.1	CM003565.1	58.480	171	192	23	191	574885	575397	3.18e-69	226
CDF91417.1	CM003566.1	49.248	266	260	1	260	935750	934962	6.57e-76	249
CDF91418.1	CM003565.1	58.037	815	809	1	782	579367	581799	0.0	941
CDF91418.1	CM003570.1	27.937	698	809	115	739	267693	269669	1.63e-69	249
CDF91419.1	CM003566.1	57.394	568	545	1	540	936616	938304	0.0	617
CDF91420.1	CM003565.1	76.111	360	382	1	359	583449	582370	0.0	574
CDF91421.1	CM003566.1	57.360	394	388	1	388	939701	938523	4.06e-153	476
CDF91422.1	CM003566.1	59.540	1436	1425	1	1422	940034	944323	0.0	1724
CDF91422.1	CM003562.1	31.091	669	1425	563	1213	761698	763524	1.54e-77	283
CDF91422.1	CM003555.1	31.525	590	1425	598	1176	180514	182103	6.47e-75	275
CDF91422.1	CM003568.1	31.570	605	1425	593	1183	140408	142045	7.06e-69	256
CDF91422.1	CM003565.1	30.804	672	1425	587	1227	379173	377356	1.32e-66	248
CDF91422.1	CM003565.1	28.233	634	1425	598	1214	68080	66365	1.63e-64	242
CDF91423.1	CM003553.1	46.346	520	522	1	517	277489	275957	5.71e-159	499
CDF91424.1	CM003564.1	71.401	521	540	21	540	18047	16485	0.0	799
CDF91424.1	CM003566.1	30.853	551	540	14	538	145201	143624	9.31e-66	231
CDF91424.1	CM003566.1	27.063	521	540	53	540	15124	16638	1.70e-37	147
CDF91424.1	CM003562.1	21.469	531	540	15	538	71393	69867	3.89e-30	124
CDF91424.1	CM003560.1	25.000	300	540	59	357	916699	917589	1.43e-26	113
CDF91424.1	CM003560.1	25.000	300	540	59	357	933622	934512	1.43e-26	113
CDF91424.1	CM003553.1	23.858	394	540	14	383	282393	283550	2.88e-18	87.8
CDF91425.1	CM003565.1	91.083	157	175	19	175	585075	584605	2.36e-90	286
CDF91425.1	CM003560.1	33.908	174	175	1	157	310210	309701	2.19e-20	86.3
CDF91426.1	CM003565.1	56.238	537	537	11	536	587111	585525	0.0	571
CDF91426.1	CM003553.1	22.096	353	537	70	413	142956	141997	5.73e-18	86.7
CDF91427.1	CM003566.1	71.154	364	372	8	370	945384	946475	0.0	578
CDF91428.1	CM003566.1	71.028	107	137	21	127	947099	946779	5.25e-49	166
CDF91430.1	CM003566.1	43.569	1827	1893	10	1813	947524	952953	0.0	1521
CDF91431.1	CM003565.1	57.480	127	124	1	124	587616	587990	8.35e-38	133
CDF91432.1	CM003565.1	73.333	330	342	13	342	588307	589284	5.73e-143	445
CDF91432.1	CM003564.1	30.380	237	342	87	313	297714	297034	1.61e-12	67.4
CDF91433.1	CM003567.1	52.991	351	375	24	372	748854	747814	1.54e-120	382
CDF91433.1	CM003570.1	50.423	355	375	28	375	44744	43695	7.25e-111	355
CDF91434.1	CM003565.1	65.991	444	454	16	454	589574	590905	0.0	626
CDF91434.1	CM003553.1	44.903	412	454	22	429	107318	106170	6.58e-116	373
CDF91435.1	CM003566.1	46.081	421	421	1	418	954773	953532	2.27e-120	384
CDF91436.1	CM003566.1	37.519	661	653	32	651	955160	957115	4.40e-130	422
CDF91437.1	CM003565.1	35.623	393	387	1	363	592345	591203	7.50e-51	182
CDF91438.1	CM003565.1	79.000	200	200	1	200	592632	593231	9.05e-113	352
CDF91439.1	CM003567.1	58.586	594	608	7	591	161660	159903	0.0	703
CDF91440.1	CM003566.1	54.132	1319	1309	14	1301	959243	963094	0.0	1368
CDF91441.1	CM003566.1	47.119	295	322	31	322	963526	964410	1.85e-78	259
CDF91441.1	CM003560.1	32.700	263	322	68	316	1260758	1259991	1.95e-26	108
CDF91442.1	CM003567.1	50.857	175	170	3	170	159162	159683	8.65e-52	176
CDF91443.1	CM003566.1	48.452	646	614	13	614	964818	966734	0.0	585
CDF91444.1	CM003566.1	57.206	680	670	1	664	967077	969023	0.0	766
CDF91445.1	CM003566.1	60.110	2176	2151	12	2115	969836	976270	0.0	2615
CDF91445.1	CM003567.1	31.767	532	2151	1298	1817	399256	397976	9.43e-56	214
CDF91445.1	CM003565.1	30.019	533	2151	1299	1794	261686	263011	8.30e-41	165
CDF91445.1	CM003556.1	32.203	354	2151	1509	1817	30986	29988	3.22e-31	134
CDF91445.1	CM003563.1	30.225	311	2151	1526	1798	111844	112707	6.84e-23	106
CDF91446.1	CM003566.1	34.607	445	435	1	411	978003	976681	3.63e-71	243
CDF91447.1	LIOO01000005.1	76.731	520	521	2	521	45632	47191	0.0	853
CDF91447.1	CM003563.1	76.731	520	521	2	521	2523	964	0.0	853
CDF91447.1	CM003561.1	76.731	520	521	2	521	242194	243753	0.0	853
CDF91447.1	CM003557.1	76.731	520	521	2	521	208044	209603	0.0	853
CDF91447.1	CM003553.1	76.731	520	521	2	521	296158	297717	0.0	853
CDF91448.1	CM003567.1	65.041	615	582	4	580	154531	156324	0.0	810
CDF91448.1	CM003567.1	38.267	277	582	99	375	223086	222304	2.31e-59	213
CDF91448.1	CM003566.1	69.174	545	582	41	581	982232	980661	0.0	793
CDF91448.1	CM003560.1	38.488	291	582	91	380	1295885	1296700	6.31e-59	212
CDF91448.1	CM003560.1	38.488	291	582	91	380	1391565	1392380	9.27e-59	211
CDF91448.1	CM003560.1	38.267	277	582	99	375	196430	195648	6.21e-58	209
CDF91448.1	CM003560.1	35.693	339	582	54	387	1146756	1145839	1.58e-57	207
CDF91448.1	CM003560.1	38.163	283	582	95	374	894428	893634	9.83e-55	199
CDF91448.1	LIOO01000003.1	35.693	339	582	54	387	17171	16254	1.48e-57	207
CDF91448.1	CM003568.1	39.649	285	582	98	372	100687	99854	2.57e-57	207
CDF91449.1	CM003566.1	58.128	203	200	3	200	982695	983288	1.49e-67	222
CDF91450.1	CM003566.1	29.395	347	1219	24	354	987334	986366	1.06e-19	94.7
CDF91451.1	CM003566.1	50.000	82	124	22	94	988228	987983	1.94e-14	67.0
CDF91452.1	CM003566.1	73.031	419	428	2	417	988824	990074	0.0	625
CDF91452.1	CM003569.1	29.426	418	428	12	417	1021284	1020088	1.73e-47	173
CDF91452.1	CM003568.1	25.054	467	428	6	417	52429	51050	2.16e-27	114
CDF91452.1	CM003562.1	25.290	431	428	27	420	523402	522134	2.20e-25	108
CDF91453.1	CM003567.1	56.639	1702	1637	21	1637	152541	147580	0.0	1777
CDF91454.1	CM003566.1	71.084	83	85	3	85	990489	990241	2.82e-37	130
CDF91456.1	CM003566.1	48.505	301	315	15	308	990866	991756	2.89e-92	298
CDF91457.1	CM003567.1	55.402	361	372	3	362	146238	147320	1.80e-131	414
CDF91458.1	CM003567.1	66.396	616	874	187	792	145410	143563	0.0	843
CDF91458.1	CM003563.1	41.495	535	874	252	782	366622	368100	3.27e-110	372
CDF91459.1	CM003566.1	33.287	718	687	1	668	994032	991945	5.42e-101	338
CDF91460.1	CM003567.1	49.206	252	305	1	246	143041	142295	9.39e-73	242
CDF91461.1	CM003566.1	87.843	255	254	1	254	995243	994479	3.20e-152	468
CDF91461.1	CM003567.1	87.843	255	254	1	254	140840	141604	3.86e-146	450
CDF91462.1	CM003567.1	80.882	204	221	17	220	140199	139588	1.02e-116	364
CDF91462.1	CM003567.1	27.841	176	221	13	181	249913	250422	5.72e-14	68.9
CDF91462.1	CM003569.1	27.746	173	221	10	180	594339	594839	3.77e-18	81.3
CDF91462.1	CM003561.1	28.313	166	221	23	187	132315	131839	2.93e-17	78.6
CDF91462.1	CM003561.1	25.843	178	221	27	199	207107	207610	3.21e-14	69.7
CDF91462.1	CM003566.1	26.108	203	221	7	204	644840	644271	5.49e-15	72.0
CDF91462.1	CM003566.1	27.647	170	221	27	184	586632	586135	5.82e-12	63.2
CDF91462.1	CM003568.1	25.749	167	221	23	187	330446	329946	2.95e-14	70.1
CDF91463.1	CM003567.1	59.307	693	997	372	997	137256	139316	0.0	804
CDF91463.1	CM003567.1	51.869	214	997	1	212	136575	137216	2.14e-64	237
CDF91463.1	CM003566.1	31.538	1021	997	1	997	998584	995660	1.56e-130	436
CDF91464.1	CM003566.1	47.357	454	412	1	412	998958	1000301	4.94e-125	397
CDF91465.1	CM003567.1	46.814	361	358	1	351	135898	134816	8.30e-104	333
CDF91466.1	CM003567.1	60.920	348	354	7	349	134466	133429	6.27e-139	434
CDF91467.1	CM003566.1	54.717	53	168	114	166	1001000	1001158	5.15e-19	56.2
CDF91467.1	CM003566.1	31.776	107	168	14	109	1000588	1000905	5.15e-19	53.1
CDF91468.1	CM003567.1	45.356	463	460	5	460	131922	133304	3.29e-142	449
CDF91469.1	CM003567.1	80.961	562	556	1	556	129863	131518	0.0	935
CDF91470.1	CM003567.1	76.897	580	586	5	584	127845	129584	0.0	926
CDF91470.1	CM003564.1	45.591	601	586	13	584	708776	707049	1.60e-139	446
CDF91473.1	CM003566.1	40.639	438	418	1	417	1001555	1002847	2.37e-92	303
CDF91473.1	CM003561.1	27.869	244	418	19	252	15203	15901	3.48e-14	73.6
CDF91473.1	CM003562.1	24.926	337	418	16	329	1027414	1026452	2.27e-11	64.7
CDF91474.1	CM003570.1	34.653	101	192	94	192	222289	222585	6.38e-14	68.2
CDF91475.1	CM003566.1	84.638	345	345	1	345	1004233	1003199	0.0	613
CDF91476.1	CM003567.1	49.068	322	440	1	298	125954	124992	1.02e-89	295
CDF91476.1	CM003567.1	62.791	43	440	299	341	124992	124864	1.02e-89	52.8
CDF91476.1	CM003567.1	55.102	98	440	342	439	124431	124144	2.34e-26	111
CDF91477.1	CM003567.1	49.369	1426	1626	215	1625	123249	119122	0.0	1364
CDF91477.1	CM003569.1	27.790	457	1626	220	665	598942	600267	2.84e-50	196
CDF91477.1	CM003569.1	26.244	583	1626	793	1357	600463	602157	2.18e-46	183
CDF91477.1	CM003569.1	24.654	434	1626	559	967	600772	601992	1.50e-15	81.6
CDF91477.1	CM003568.1	27.594	453	1626	220	665	317762	316437	6.06e-50	194
CDF91477.1	CM003568.1	26.960	523	1626	850	1357	316076	314553	3.19e-41	166
CDF91478.1	CM003566.1	84.706	170	176	7	176	1005597	1006106	3.60e-87	277
CDF91478.1	CM003567.1	81.657	169	176	8	176	118119	117613	1.36e-84	270
CDF91479.1	CM003567.1	80.153	131	419	299	419	114879	114487	1.56e-63	220
CDF91479.1	CM003566.1	86.726	113	419	307	419	1008014	1008352	2.78e-62	216
CDF91479.1	CM003568.1	45.455	110	419	310	416	408122	408451	9.60e-20	90.9
CDF91479.1	CM003560.1	47.368	114	419	313	419	51943	51614	2.73e-19	89.4
CDF91480.1	CM003567.1	63.491	1060	1045	1	1045	113291	110130	0.0	1375
CDF91480.1	CM003566.1	59.579	1044	1045	1	1030	1008970	1012080	0.0	1281
CDF91481.1	CM003567.1	41.641	963	904	16	904	109725	106909	0.0	687
CDF91482.1	CM003567.1	81.132	159	159	1	159	106258	106734	3.59e-88	279
CDF91483.1	CM003564.1	52.163	416	368	1	368	81701	82924	9.39e-121	383
CDF91483.1	CM003560.1	39.161	143	368	15	157	1348687	1348262	9.67e-24	102
CDF91483.1	CM003566.1	35.664	143	368	15	157	541686	542111	2.66e-20	91.7
CDF91484.1	CM003567.1	81.319	182	182	1	182	105394	105939	4.76e-101	317
CDF91484.1	CM003560.1	64.088	181	182	2	182	729052	729591	1.63e-74	241
CDF91484.1	CM003560.1	54.386	171	182	14	182	448603	449115	2.75e-53	180
CDF91484.1	CM003566.1	56.725	171	182	23	182	560313	559801	2.12e-53	181
CDF91484.1	CM003563.1	52.121	165	182	20	181	318899	319393	4.00e-44	154
CDF91484.1	CM003564.1	39.474	190	182	24	180	246008	245442	1.34e-31	118
CDF91485.1	CM003564.1	52.933	750	787	39	787	79158	81407	0.0	824
CDF91485.1	CM003569.1	21.362	749	787	65	775	274491	276485	1.26e-12	70.5
CDF91485.1	CM003570.1	22.145	429	787	124	536	211699	210542	4.28e-12	68.9
CDF91486.1	CM003567.1	61.502	213	219	6	218	104631	105227	1.07e-82	266
CDF91487.1	CM003567.1	71.499	407	408	4	403	103226	104443	0.0	621
CDF91487.1	CM003566.1	31.933	238	408	18	248	917469	918152	2.19e-28	116
CDF91488.1	CM003567.1	47.407	810	1150	351	1144	100521	102881	0.0	752
CDF91488.1	CM003567.1	54.448	281	1150	44	281	99246	100073	2.98e-78	283
CDF91488.1	CM003567.1	39.785	93	1150	46	129	327413	327135	1.68e-11	67.8
CDF91488.1	CM003564.1	49.674	614	1150	544	1150	76892	78733	0.0	676
CDF91488.1	CM003564.1	46.479	284	1150	57	281	74999	75823	2.14e-59	223
CDF91488.1	CM003560.1	34.328	201	1150	71	262	614654	614127	8.59e-22	101
CDF91488.1	CM003565.1	43.750	80	1150	58	127	343875	343636	3.97e-12	69.7
CDF91488.1	CM003562.1	49.231	65	1150	73	135	954844	954653	2.94e-11	67.0
CDF91490.1	CM003564.1	33.041	342	301	3	291	72658	73656	4.83e-47	167
CDF91492.1	CM003568.1	37.500	120	136	11	113	405663	406022	2.70e-16	72.8
CDF91493.1	CM003563.1	51.786	504	729	23	509	181005	179605	3.07e-137	446
CDF91494.1	CM003568.1	81.025	1054	1055	1	1053	405028	401870	0.0	1767
CDF91495.1	CM003568.1	61.053	95	145	46	140	401420	401136	7.04e-27	103
CDF91496.1	CM003568.1	58.730	378	395	16	393	399655	400782	2.44e-156	486
CDF91496.1	CM003563.1	57.520	379	395	17	395	182690	181566	6.51e-150	468
CDF91497.1	CM003563.1	67.686	229	226	1	223	184019	183333	2.96e-94	300
CDF91498.1	CM003568.1	62.069	232	238	3	232	398857	398162	2.81e-93	298
CDF91499.1	CM003568.1	39.151	424	408	10	408	397939	396689	2.39e-94	308
CDF91500.1	CM003563.1	61.702	188	188	1	188	184888	184328	6.94e-76	245
CDF91501.1	CM003568.1	52.746	965	933	1	933	396362	393504	0.0	957
CDF91502.1	CM003568.1	47.442	860	846	1	845	393122	390588	0.0	764
CDF91503.1	CM003568.1	61.400	500	579	82	578	388710	390197	0.0	644
CDF91503.1	CM003565.1	30.734	436	579	137	561	661836	660598	5.38e-53	194
CDF91503.1	CM003569.1	21.519	553	579	6	527	193777	195333	7.53e-23	102
CDF91503.1	CM003569.1	22.561	328	579	116	434	984011	984970	2.52e-17	85.1
CDF91504.1	CM003568.1	42.152	446	548	5	385	387448	386168	1.55e-72	251
CDF91505.1	CM003563.1	60.165	969	997	38	997	188049	185194	0.0	1194
CDF91505.1	CM003569.1	29.103	591	997	428	993	937617	936007	2.43e-50	193
CDF91505.1	CM003559.1	31.786	280	997	723	992	39614	40408	7.24e-35	144
CDF91505.1	CM003560.1	37.264	212	997	784	993	850611	851228	2.53e-29	125
CDF91505.1	CM003560.1	31.641	256	997	686	931	1336552	1335785	1.53e-26	116
CDF91505.1	CM003561.1	30.928	194	997	733	924	127238	127792	2.24e-18	90.1
CDF91506.1	CM003563.1	49.041	1095	1003	1	1003	191601	188362	0.0	949
CDF91506.1	CM003564.1	33.103	145	1003	858	1002	621183	621611	1.20e-16	84.3
CDF91507.1	CM003563.1	48.402	438	416	1	412	192016	193308	3.89e-131	415
CDF91508.1	CM003568.1	63.889	72	92	21	92	382105	382320	1.11e-24	94.7
CDF91509.1	CM003568.1	62.581	620	601	7	601	379792	381642	0.0	753
CDF91509.1	CM003563.1	51.719	640	601	1	601	195299	193380	0.0	627
CDF91510.1	CM003563.1	62.766	94	113	20	113	195809	195528	1.62e-38	135
CDF91511.1	CM003568.1	37.549	506	459	6	458	379284	377821	1.12e-94	311
CDF91512.1	CM003568.1	40.403	943	782	1	780	374769	377471	3.64e-175	558
CDF91514.1	CM003568.1	80.505	554	554	1	554	373975	372314	0.0	964
CDF91514.1	CM003554.1	77.798	554	554	1	554	27439	29100	0.0	928
CDF91515.1	CM003568.1	55.470	521	569	56	566	371867	370440	8.30e-168	527
CDF91515.1	CM003563.1	72.364	275	569	265	536	196601	197425	2.06e-142	454
CDF91516.1	CM003568.1	59.646	622	637	51	633	368356	370191	0.0	716
CDF91517.1	CM003563.1	53.344	643	641	1	641	199560	197662	0.0	697
CDF91518.1	CM003569.1	59.533	257	262	9	261	545777	546547	7.03e-95	303
CDF91519.1	CM003569.1	35.662	272	244	1	234	547645	546830	3.00e-42	151
CDF91520.1	CM003569.1	73.729	236	842	409	641	549580	548873	6.44e-120	399
CDF91520.1	CM003569.1	38.176	296	842	73	332	550939	550196	5.64e-28	120
CDF91520.1	CM003564.1	34.932	146	842	449	594	394803	395219	1.23e-20	97.1
CDF91520.1	CM003564.1	31.447	159	842	467	619	394758	395228	7.92e-19	90.9
CDF91520.1	CM003568.1	40.476	84	842	512	588	202078	202329	6.15e-13	71.6
CDF91520.1	CM003568.1	37.209	86	842	486	562	202084	202341	1.07e-12	70.9
CDF91520.1	CM003570.1	35.294	119	842	482	597	898526	898176	3.20e-12	69.3
CDF91520.1	CM003562.1	36.190	105	842	450	552	615754	616020	5.42e-11	65.5
CDF91521.1	CM003568.1	84.158	101	133	33	133	367442	367140	4.79e-56	186
CDF91522.1	CM003568.1	82.339	419	546	3	420	366682	365426	0.0	731
CDF91522.1	CM003568.1	87.500	72	546	421	492	364439	364224	4.99e-33	133
CDF91522.1	CM003568.1	25.114	438	546	96	467	90640	89360	1.08e-26	114
CDF91522.1	CM003570.1	42.424	462	546	101	544	319651	318281	1.09e-105	347
CDF91522.1	CM003569.1	42.619	420	546	101	506	361489	360242	2.50e-101	334
CDF91522.1	CM003569.1	31.452	372	546	110	464	670249	671304	5.74e-50	184
CDF91522.1	CM003562.1	41.629	442	546	68	501	684119	685423	1.94e-100	332
CDF91522.1	CM003562.1	32.093	430	546	86	493	868637	867384	4.17e-54	196
CDF91522.1	CM003562.1	23.678	397	546	153	477	663058	664236	3.37e-21	97.1
CDF91522.1	CM003558.1	35.639	477	546	66	517	672134	673561	8.06e-88	295
CDF91522.1	CM003558.1	29.372	446	546	85	456	508759	510060	7.63e-39	151
CDF91523.1	CM003569.1	49.077	758	767	1	739	553677	551485	0.0	655
CDF91524.1	CM003568.1	48.780	123	125	1	123	363050	363406	2.03e-36	129
CDF91524.1	CM003567.1	45.000	80	125	3	77	782573	782334	4.35e-15	68.9
CDF91524.1	CM003567.1	40.260	77	125	9	79	161384	161157	1.90e-11	58.5
CDF91525.1	CM003568.1	59.649	171	211	49	211	362011	362523	7.52e-67	221
CDF91526.1	CM003569.1	54.378	217	226	5	216	554726	554079	1.32e-71	235
CDF91527.1	CM003569.1	54.483	435	399	1	399	556244	554940	5.75e-154	479
CDF91527.1	CM003568.1	62.921	267	399	1	267	360526	361320	9.97e-114	364
CDF91528.1	CM003568.1	70.561	214	216	13	215	360239	359598	1.87e-102	323
CDF91529.1	CM003569.1	66.604	1066	1334	1	1063	559907	556782	0.0	1469
CDF91529.1	CM003569.1	27.796	313	1334	581	856	880198	881085	8.64e-15	79.0
CDF91529.1	CM003568.1	61.259	1128	1334	1	1094	355857	359171	0.0	1431
CDF91529.1	CM003568.1	26.575	508	1334	61	530	749749	751170	3.05e-35	145
CDF91529.1	CM003554.1	32.262	902	1334	11	877	88749	91247	6.53e-134	455
CDF91529.1	CM003565.1	33.253	415	1334	145	539	633255	632071	4.01e-53	204
CDF91530.1	CM003568.1	76.578	602	610	1	601	353598	355403	0.0	1007
CDF91530.1	CM003569.1	73.754	602	610	1	601	562158	560353	0.0	971
CDF91531.1	CM003569.1	27.737	137	270	30	161	563697	563302	1.97e-13	68.9
CDF91532.1	CM003568.1	40.214	373	645	63	414	352381	351410	9.42e-60	216
CDF91532.1	CM003568.1	66.667	54	645	577	630	350770	350609	4.16e-16	81.3
CDF91533.1	CM003569.1	47.959	294	283	1	283	566059	565211	2.53e-64	217
CDF91534.1	CM003568.1	65.294	1481	1442	1	1438	350263	345866	0.0	1902
CDF91534.1	CM003560.1	26.054	664	1442	579	1200	1238478	1236676	2.22e-38	156
CDF91534.1	CM003570.1	24.883	426	1442	819	1200	228067	226853	7.22e-18	89.0
CDF91535.1	CM003568.1	59.629	701	710	15	708	345288	343219	0.0	798
CDF91535.1	CM003565.1	39.399	632	710	126	707	495775	494054	7.00e-118	389
CDF91535.1	CM003564.1	22.807	399	710	279	670	288178	287051	9.46e-16	80.5
CDF91536.1	CM003568.1	33.921	227	229	3	226	342728	342051	6.51e-36	132
CDF91537.1	CM003569.1	52.695	167	212	1	159	567538	567038	8.71e-55	186
CDF91538.1	CM003568.1	86.735	196	223	25	220	341193	341780	4.16e-116	362
CDF91538.1	CM003568.1	33.333	192	223	17	205	195565	196122	4.21e-24	98.6
CDF91538.1	CM003568.1	32.370	173	223	48	214	263223	262732	4.68e-21	89.7
CDF91539.1	CM003569.1	56.391	133	131	1	131	568328	568726	2.75e-44	152
CDF91540.1	CM003568.1	59.502	321	288	1	287	339779	340741	3.68e-103	328
CDF91540.1	CM003568.1	30.061	163	288	12	167	330443	329958	7.66e-16	76.3
CDF91540.1	CM003568.1	26.994	163	288	8	130	479702	480190	6.38e-13	67.8
CDF91540.1	CM003568.1	29.412	187	288	12	177	323761	323228	3.67e-12	65.5
CDF91540.1	CM003569.1	58.333	312	288	1	283	569932	569024	6.14e-96	308
CDF91540.1	CM003569.1	29.817	218	288	6	219	594354	595001	1.39e-22	96.3
CDF91540.1	CM003569.1	27.545	167	288	4	169	403045	403533	6.13e-16	76.6
CDF91540.1	CM003562.1	54.438	169	288	8	174	276191	276697	7.70e-56	192
CDF91540.1	CM003562.1	32.704	159	288	11	168	956913	956440	3.08e-18	83.6
CDF91540.1	CM003561.1	37.805	164	288	11	173	207095	207583	5.31e-28	112
CDF91540.1	CM003561.1	34.756	164	288	12	174	132312	131827	3.39e-25	103
CDF91540.1	CM003566.1	36.145	166	288	1	164	644822	644325	3.22e-26	107
CDF91540.1	CM003566.1	33.121	157	288	12	154	586641	586177	1.77e-16	78.2
CDF91540.1	CM003566.1	28.125	160	288	11	169	703596	703129	2.80e-15	74.7
CDF91541.1	CM003568.1	54.706	340	301	1	299	337988	338974	2.39e-110	350
CDF91541.1	CM003563.1	38.298	94	301	222	297	253538	253819	8.84e-18	82.4
CDF91541.1	CM003569.1	39.024	82	301	217	297	639554	639781	7.33e-15	73.9
CDF91542.1	CM003569.1	58.882	304	328	27	319	570966	571868	1.39e-113	360
CDF91542.1	CM003569.1	30.526	285	328	46	317	514467	515285	1.35e-29	118
CDF91542.1	CM003569.1	26.241	282	328	45	302	326421	325621	7.68e-12	65.1
CDF91542.1	CM003570.1	31.046	306	328	29	318	666932	667798	4.01e-35	134
CDF91542.1	CM003570.1	28.571	287	328	42	313	594871	594041	1.50e-16	79.3
CDF91542.1	CM003570.1	29.508	183	328	148	308	577075	576527	1.65e-14	73.2
CDF91542.1	CM003570.1	28.061	196	328	42	228	594589	594011	5.10e-14	71.6
CDF91542.1	CM003570.1	22.619	336	328	20	319	577153	576185	8.95e-12	64.7
CDF91542.1	CM003558.1	29.464	336	328	8	318	429634	430614	3.87e-34	131
CDF91542.1	CM003564.1	26.298	289	328	41	318	558617	557787	8.04e-23	98.2
CDF91542.1	CM003564.1	25.959	339	328	12	319	128221	127226	2.22e-17	82.0
CDF91542.1	CM003564.1	25.830	271	328	87	327	558860	558060	4.17e-12	65.9
CDF91542.1	CM003565.1	28.328	293	328	43	319	135639	136469	2.43e-18	84.7
CDF91543.1	CM003569.1	66.048	377	384	9	381	573311	572181	7.98e-176	541
CDF91543.1	CM003560.1	59.190	321	384	60	380	111321	110362	3.05e-134	422
CDF91543.1	CM003558.1	57.680	319	384	58	375	613831	614787	1.92e-129	408
CDF91543.1	CM003558.1	42.903	310	384	60	357	599261	600184	1.83e-81	270
CDF91543.1	CM003565.1	44.509	346	384	37	365	111159	110122	7.13e-95	309
CDF91543.1	CM003564.1	45.373	335	384	39	354	566526	567530	1.99e-93	305
CDF91544.1	CM003569.1	26.619	1112	847	8	846	574048	577230	1.34e-44	174
CDF91544.1	CM003564.1	34.392	378	847	307	604	359273	358218	1.36e-23	106
CDF91544.1	CM003564.1	33.951	324	847	308	547	359012	358119	3.86e-21	98.6
CDF91546.1	CM003569.1	93.662	142	189	48	189	578841	578416	1.37e-85	273
CDF91546.1	CM003569.1	88.889	45	189	4	48	579368	579234	1.09e-18	81.6
CDF91546.1	CM003568.1	88.732	142	189	48	189	336524	336949	7.33e-83	265
CDF91546.1	CM003568.1	74.468	47	189	2	48	336041	336181	1.20e-15	72.8
CDF91547.1	CM003569.1	65.748	254	282	26	279	580861	581622	1.10e-109	347
CDF91548.1	CM003569.1	84.358	179	181	1	179	582382	581846	2.65e-102	321
CDF91548.1	CM003560.1	52.542	177	181	1	177	1299903	1299376	8.70e-60	199
CDF91548.1	CM003560.1	50.847	177	181	1	177	1399996	1399469	1.62e-58	195
CDF91548.1	CM003558.1	52.000	175	181	1	174	548425	547904	9.77e-58	193
CDF91548.1	CM003570.1	36.970	165	181	20	174	453136	453624	7.73e-30	113
CDF91548.1	CM003570.1	33.533	167	181	19	175	133082	133570	2.26e-25	100
CDF91548.1	CM003567.1	38.017	121	181	16	130	516500	516862	9.89e-20	84.3
CDF91549.1	CM003569.1	57.572	1697	1642	6	1640	582728	587659	0.0	1958
CDF91550.1	CM003569.1	55.954	613	578	3	577	590043	588217	0.0	663
CDF91550.1	CM003568.1	50.391	639	578	3	577	333519	335432	0.0	625
CDF91550.1	CM003566.1	34.718	602	578	1	577	424362	422638	6.75e-91	305
CDF91551.1	CM003558.1	67.660	235	225	2	225	138013	138717	3.55e-102	323
CDF91552.1	CM003558.1	71.105	353	352	1	352	403740	404798	1.69e-173	533
CDF91552.1	CM003564.1	33.333	243	352	4	241	170179	169541	5.29e-34	131
CDF91552.1	CM003569.1	29.583	240	352	4	239	943481	944083	2.15e-21	94.4
CDF91552.1	CM003568.1	28.151	238	352	4	239	694555	693956	3.93e-21	93.6
CDF91553.1	CM003558.1	59.693	1042	1035	1	1034	139044	142115	0.0	1259
CDF91554.1	CM003558.1	65.251	259	274	22	274	143061	142291	4.34e-109	345
CDF91555.1	CM003558.1	39.139	534	1746	421	939	402828	401251	1.25e-112	398
CDF91556.1	CM003558.1	56.719	707	656	1	653	145452	143347	0.0	812
CDF91557.1	CM003558.1	35.234	1561	1462	8	1429	150172	145799	0.0	731
CDF91558.1	CM003558.1	73.750	80	84	2	81	399136	398897	1.10e-33	119
CDF91559.1	CM003558.1	77.816	293	304	10	300	151449	150571	7.63e-159	489
CDF91560.1	CM003558.1	49.304	359	420	56	401	152123	153148	2.20e-101	329
CDF91561.1	CM003558.1	85.284	299	307	9	307	155783	154887	8.79e-175	535
CDF91561.1	CM003558.1	80.130	307	307	1	307	395965	396885	3.18e-169	519
CDF91561.1	CM003567.1	77.049	305	307	1	303	359119	358205	2.66e-157	484
CDF91561.1	CM003570.1	30.464	302	307	7	290	577102	576224	1.94e-29	117
CDF91561.1	CM003570.1	22.456	285	307	13	289	594877	594065	4.47e-17	80.5
CDF91561.1	CM003570.1	22.078	308	307	12	305	293294	292398	2.83e-16	78.2
CDF91561.1	CM003563.1	26.230	305	307	17	278	430341	429460	6.28e-23	97.8
CDF91561.1	CM003565.1	29.078	282	307	15	283	450796	449987	1.92e-21	93.6
CDF91562.1	CM003558.1	66.667	81	103	4	84	156609	156367	6.99e-36	127
CDF91563.1	CM003558.1	68.932	103	338	227	329	158783	159091	6.78e-45	163
CDF91564.1	CM003558.1	50.000	106	97	1	97	159676	159359	5.19e-21	84.3
CDF91565.1	CM003558.1	87.166	187	188	2	188	160652	161212	1.07e-89	285
CDF91565.1	CM003558.1	86.905	168	188	21	188	394674	394171	1.77e-78	253
CDF91567.1	CM003562.1	68.254	945	954	18	954	177654	174826	0.0	1274
CDF91567.1	CM003558.1	71.695	590	954	5	585	391073	392842	0.0	859
CDF91567.1	CM003558.1	71.925	374	954	584	954	392836	393957	0.0	568
CDF91567.1	CM003565.1	26.074	326	954	18	299	78566	77658	3.98e-14	75.9
CDF91568.1	CM003558.1	39.394	264	560	170	433	389536	390231	2.07e-47	177
CDF91569.1	CM003560.1	56.214	1046	1002	3	1002	954779	951735	0.0	1060
CDF91570.1	CM003558.1	95.489	133	147	15	147	387010	386612	6.91e-84	266
CDF91570.1	CM003560.1	73.864	176	147	2	147	955682	956209	2.75e-81	259
CDF91570.1	CM003560.1	48.551	138	147	9	146	861415	861002	1.23e-38	137
CDF91570.1	CM003560.1	44.138	145	147	4	146	681236	680802	6.12e-38	135
CDF91570.1	CM003560.1	34.532	139	147	15	146	1178840	1178424	1.48e-22	91.3
CDF91570.1	CM003560.1	32.667	150	147	3	139	963153	963602	2.27e-20	84.7
CDF91570.1	CM003562.1	39.007	141	147	4	144	651773	651351	1.26e-34	125
CDF91570.1	CM003562.1	33.987	153	147	3	139	314879	314421	5.04e-17	75.5
CDF91570.1	CM003569.1	41.912	136	147	4	138	126388	126795	1.21e-30	114
CDF91570.1	CM003567.1	37.333	150	147	4	139	301428	301877	1.68e-30	114
CDF91571.1	CM003558.1	52.600	1346	1267	1	1267	385234	381239	0.0	1272
CDF91572.1	CM003560.1	38.191	398	548	12	387	959480	958314	2.74e-82	279
CDF91573.1	CM003560.1	37.838	185	200	10	186	959839	960387	1.19e-30	116
CDF91574.1	CM003558.1	82.152	762	761	1	761	380879	378600	0.0	1313
CDF91574.1	CM003560.1	32.258	403	761	244	632	1278455	1279585	2.84e-43	168
CDF91574.1	CM003560.1	37.374	297	761	263	555	1279328	1280170	8.80e-43	167
CDF91574.1	CM003560.1	33.333	264	761	225	479	270844	270101	4.98e-26	114
CDF91574.1	CM003560.1	30.802	237	761	244	479	1073006	1072338	1.02e-24	109
CDF91574.1	CM003566.1	31.920	401	761	243	632	901730	900603	1.75e-39	157
CDF91574.1	CM003566.1	39.726	219	761	271	485	900836	900234	5.28e-35	142
CDF91574.1	CM003566.1	40.625	224	761	258	479	56671	56039	1.04e-34	141
CDF91574.1	CM003566.1	27.373	453	761	244	633	57694	56396	1.47e-30	128
CDF91574.1	CM003568.1	36.803	269	761	273	520	760479	761246	5.37e-39	155
CDF91574.1	CM003562.1	33.136	338	761	239	564	55344	54403	1.55e-38	154
CDF91574.1	CM003562.1	34.583	240	761	244	479	637943	638611	1.52e-31	131
CDF91574.1	CM003562.1	28.425	292	761	231	510	512513	511701	3.71e-17	85.1
CDF91575.1	CM003558.1	58.147	939	1020	1	928	378261	375526	0.0	1083
CDF91576.1	CM003558.1	58.308	331	452	32	362	373531	374520	1.32e-115	372
CDF91576.1	CM003560.1	55.307	358	452	36	375	961811	960741	1.11e-110	357
CDF91576.1	CM003560.1	30.458	371	452	50	411	47497	48597	2.47e-40	153
CDF91576.1	CM003559.1	29.661	354	452	50	392	266764	265706	1.88e-39	150
CDF91577.1	CM003560.1	29.026	503	572	91	567	562967	561540	4.36e-47	176
CDF91578.1	CM003560.1	78.378	296	272	1	271	963120	963998	4.63e-143	442
CDF91578.1	CM003560.1	35.772	123	272	39	161	955856	956185	1.80e-17	80.9
CDF91578.1	CM003560.1	28.800	125	272	42	166	1178771	1178430	4.55e-16	76.6
CDF91578.1	CM003560.1	37.255	102	272	51	152	861319	861050	1.39e-15	75.1
CDF91578.1	CM003560.1	28.986	138	272	27	162	681197	680820	2.97e-14	71.2
CDF91578.1	CM003567.1	41.975	162	272	7	167	301419	301895	5.65e-37	137
CDF91578.1	CM003562.1	40.000	130	272	38	167	651698	651348	1.06e-24	102
CDF91578.1	CM003569.1	33.803	142	272	19	160	126418	126795	9.02e-20	87.8
CDF91578.1	CM003558.1	36.441	118	272	39	156	386965	386651	1.84e-16	77.8
CDF91579.1	CM003558.1	51.235	162	158	1	157	372243	371764	4.93e-46	159
CDF91580.1	CM003560.1	56.983	537	565	1	462	964844	966451	0.0	592
CDF91580.1	CM003560.1	68.333	60	565	506	565	966761	966937	1.00e-19	92.4
CDF91583.1	CM003558.1	45.594	976	944	6	944	366256	369165	0.0	852
CDF91584.1	CM003560.1	78.333	360	367	8	367	973584	972505	0.0	610
CDF91585.1	CM003560.1	50.549	637	636	4	635	972161	970305	0.0	645
CDF91586.1	CM003558.1	59.002	922	915	1	909	363165	365918	0.0	1099
CDF91586.1	CM003558.1	29.124	491	915	292	776	690456	689119	5.92e-51	194
CDF91586.1	CM003558.1	34.177	158	915	609	766	449054	449518	4.24e-20	95.5
CDF91586.1	CM003558.1	28.866	194	915	298	476	447839	448333	2.33e-13	73.2
CDF91586.1	CM003562.1	38.658	626	915	235	818	855694	857487	1.13e-113	384
CDF91586.1	CM003562.1	37.584	149	915	620	768	823706	824146	1.17e-25	113
CDF91586.1	CM003562.1	25.382	327	915	292	596	821975	822868	8.72e-20	94.4
CDF91586.1	CM003564.1	31.949	554	915	298	808	238774	237221	8.10e-68	246
CDF91586.1	CM003569.1	30.020	493	915	288	768	200110	198785	1.06e-59	221
CDF91586.1	CM003569.1	29.960	504	915	296	784	227278	228669	3.38e-54	204
CDF91586.1	CM003569.1	26.590	173	915	601	766	388416	387898	1.21e-14	77.4
CDF91586.1	CM003570.1	30.697	531	915	300	791	399991	398456	1.34e-56	212
CDF91588.1	CM003558.1	51.282	234	218	2	217	359895	359194	2.02e-70	231
CDF91589.1	CM003560.1	83.468	248	248	1	248	968979	969722	4.10e-139	429
CDF91590.1	CM003560.1	65.017	303	310	24	309	967457	968365	2.22e-127	399
CDF91592.1	CM003560.1	58.211	615	613	2	613	974897	976684	0.0	766
CDF91592.1	CM003560.1	43.082	636	613	20	613	64104	65981	2.14e-177	557
CDF91592.1	CM003560.1	21.903	557	613	5	494	721358	719733	8.83e-35	140
CDF91592.1	CM003558.1	58.671	617	613	6	613	355634	353832	0.0	751
CDF91592.1	CM003558.1	42.974	612	613	22	613	358317	356545	7.60e-155	492
CDF91592.1	CM003558.1	23.104	567	613	5	563	481427	479787	7.33e-43	164
CDF91592.1	LIOO01000006.1	46.048	582	613	61	613	9548	7815	1.65e-179	563
CDF91592.1	CM003559.1	46.048	582	613	61	613	231477	233210	2.04e-179	563
CDF91592.1	CM003565.1	39.855	552	613	66	613	153461	151824	1.55e-129	419
CDF91593.1	CM003562.1	65.103	341	340	4	340	254432	253410	1.09e-151	470
CDF91594.1	CM003564.1	46.188	682	662	11	661	322811	320838	5.78e-172	543
CDF91595.1	CM003564.1	37.684	475	529	52	504	320078	318708	2.04e-101	334
CDF91596.1	CM003564.1	89.326	534	538	5	538	318218	316617	0.0	990
CDF91596.1	CM003564.1	30.185	540	538	1	532	517648	516074	1.51e-78	268
CDF91596.1	CM003564.1	31.015	532	538	15	533	181876	180311	3.94e-77	264
CDF91596.1	CM003564.1	30.114	528	538	26	531	303991	305541	3.43e-53	194
CDF91596.1	CM003560.1	30.224	536	538	17	532	622700	621114	2.94e-68	238
CDF91596.1	CM003560.1	28.625	538	538	1	530	1316427	1314856	2.74e-66	232
CDF91596.1	CM003560.1	28.893	533	538	28	535	661640	660090	1.61e-57	206
CDF91596.1	CM003553.1	27.481	524	538	15	531	231651	230137	4.22e-54	196
CDF91596.1	CM003561.1	27.919	197	538	207	398	82629	82063	1.24e-13	72.8
CDF91597.1	CM003562.1	43.886	1055	1020	33	1019	208514	211486	0.0	787
CDF91597.1	CM003564.1	42.078	385	1020	10	382	314789	315922	1.08e-88	312
CDF91598.1	CM003564.1	83.095	349	714	1	349	312377	313423	0.0	588
CDF91598.1	CM003564.1	72.533	375	714	347	714	313414	314532	0.0	552
CDF91598.1	CM003570.1	33.040	569	714	1	490	510139	508454	1.72e-74	262
CDF91598.1	CM003561.1	30.174	517	714	234	709	130077	128551	9.76e-52	194
CDF91598.1	CM003561.1	33.333	243	714	1	224	130898	130206	9.40e-28	119
CDF91598.1	CM003555.1	33.333	174	714	543	709	302910	303416	1.39e-15	80.1
CDF91599.1	CM003564.1	50.311	161	150	1	149	311006	311485	1.89e-48	165
CDF91600.1	CM003562.1	71.863	263	466	32	294	205501	206289	1.25e-129	413
CDF91600.1	CM003566.1	37.500	168	466	96	249	554481	553978	2.80e-29	120
CDF91600.1	CM003555.1	30.769	234	466	96	308	78744	79430	1.26e-19	91.3
CDF91602.1	CM003562.1	79.623	530	568	39	568	202937	201348	0.0	848
CDF91602.1	CM003565.1	55.327	535	568	37	568	153422	151824	1.50e-180	564
CDF91602.1	CM003558.1	44.405	563	568	14	568	355511	353832	3.65e-151	479
CDF91602.1	CM003558.1	38.591	596	568	16	568	358314	356545	5.07e-132	424
CDF91602.1	CM003558.1	28.699	561	568	5	550	481316	479694	1.96e-55	201
CDF91602.1	CM003560.1	42.266	556	568	17	568	64317	65981	7.32e-149	473
CDF91602.1	CM003560.1	42.230	547	568	24	568	975080	976684	1.73e-145	463
CDF91602.1	CM003560.1	25.734	579	568	50	544	721118	719439	4.05e-52	191
CDF91602.1	LIOO01000006.1	42.667	525	568	45	568	9386	7815	2.01e-146	466
CDF91604.1	CM003564.1	89.003	291	304	1	291	274533	273661	4.56e-178	544
CDF91605.1	CM003564.1	60.000	340	332	1	331	273123	272113	3.66e-140	437
CDF91607.1	CM003555.1	81.461	178	181	4	181	167032	166499	3.99e-100	315
CDF91608.1	CM003555.1	33.918	513	498	1	497	164786	166315	1.20e-84	284
CDF91609.1	CM003555.1	69.943	529	525	1	524	162982	164541	0.0	749
CDF91609.1	CM003568.1	29.756	205	525	257	461	65017	65565	1.25e-18	88.6
CDF91610.1	CM003555.1	55.860	657	642	1	642	160812	162698	0.0	739
CDF91610.1	CM003555.1	26.593	455	642	8	448	74330	75565	4.40e-34	138
CDF91611.1	CM003555.1	51.304	230	225	1	224	159840	160517	9.86e-64	212
CDF91612.1	CM003555.1	73.995	423	432	10	432	159267	157999	0.0	661
CDF91613.1	CM003555.1	60.965	228	226	1	225	157063	157746	1.13e-79	258
CDF91614.1	CM003554.1	47.264	201	305	47	237	85351	85914	1.33e-46	166
CDF91615.1	CM003555.1	36.522	230	228	1	224	151239	150559	4.00e-41	147
CDF91616.1	CM003554.1	54.951	515	517	1	515	88198	86681	0.0	577
CDF91617.1	CM003554.1	65.364	947	934	1	934	88722	91559	0.0	1313
CDF91617.1	CM003568.1	32.616	929	934	1	832	355857	358565	2.02e-146	480
CDF91617.1	CM003568.1	21.946	483	934	26	449	749569	750930	2.05e-13	73.6
CDF91617.1	CM003569.1	33.775	906	934	1	832	559907	557274	1.59e-145	478
CDF91617.1	CM003569.1	27.576	330	934	521	811	880135	881085	3.60e-20	95.5
CDF91617.1	CM003565.1	24.611	386	934	108	465	633348	632278	5.10e-16	82.0
CDF91619.1	CM003555.1	52.582	426	425	5	424	150251	148986	7.81e-145	454
CDF91620.1	CM003555.1	66.346	104	111	7	110	148543	148854	1.53e-43	149
CDF91621.1	CM003555.1	29.885	261	236	8	233	146986	146213	4.13e-30	116
CDF91622.1	CM003554.1	73.664	262	282	11	272	93012	92233	4.52e-130	405
CDF91622.1	CM003562.1	46.691	272	282	10	277	702956	703738	9.51e-71	235
CDF91623.1	CM003554.1	59.542	131	139	11	138	93823	94215	1.31e-45	156
CDF91624.1	CM003554.1	38.799	616	695	3	614	96450	94618	3.87e-147	473
CDF91625.1	CM003554.1	64.067	359	366	4	349	98038	96986	1.65e-143	448
CDF91625.1	CM003555.1	60.194	309	366	41	344	144660	145586	4.01e-122	387
CDF91625.1	CM003553.1	32.268	313	366	55	341	217554	216658	6.32e-37	140
CDF91625.1	CM003558.1	29.739	306	366	67	335	587814	588722	6.15e-34	132
CDF91625.1	CM003558.1	24.340	341	366	17	335	429637	430596	2.49e-19	88.6
CDF91625.1	CM003558.1	24.199	281	366	58	329	155753	154938	7.37e-15	75.1
CDF91625.1	CM003558.1	23.427	286	366	56	335	764065	763238	4.96e-13	69.3
CDF91625.1	CM003558.1	27.225	191	366	57	236	396328	396861	1.43e-12	67.8
CDF91625.1	CM003570.1	25.890	309	366	58	365	594859	593954	6.42e-29	117
CDF91625.1	CM003570.1	27.303	304	366	50	335	577096	576206	5.77e-28	114
CDF91625.1	CM003570.1	27.491	291	366	57	334	293276	292443	1.04e-19	89.7
CDF91625.1	CM003570.1	25.589	297	366	55	324	822244	823089	9.25e-17	80.9
CDF91625.1	CM003570.1	24.771	327	366	17	337	666881	667786	1.46e-16	80.1
CDF91625.1	CM003570.1	34.884	172	366	56	213	594583	594104	4.94e-14	72.4
CDF91626.1	CM003555.1	50.558	269	493	1	269	142147	142839	1.82e-69	240
CDF91626.1	CM003563.1	61.628	86	493	1	86	80958	80701	2.11e-28	118
CDF91626.1	CM003563.1	39.024	82	493	190	269	80655	80410	2.95e-13	71.2
CDF91627.1	CM003555.1	40.520	269	250	11	249	139937	139179	1.05e-37	139
CDF91628.1	CM003567.1	44.167	120	265	69	173	642670	642320	3.72e-29	114
CDF91629.1	CM003567.1	75.078	963	958	1	958	646546	643670	0.0	1487
CDF91629.1	CM003562.1	48.297	969	958	21	957	110304	113171	0.0	858
CDF91632.1	CM003567.1	65.569	334	347	13	346	245439	244438	2.59e-155	481
CDF91633.1	CM003568.1	68.997	758	912	153	906	140096	142354	0.0	1116
CDF91633.1	CM003555.1	43.836	657	912	259	906	180502	182373	2.97e-168	543
CDF91633.1	CM003562.1	44.444	675	912	255	909	761782	763725	9.31e-164	530
CDF91633.1	CM003565.1	43.628	667	912	259	910	68092	66158	1.43e-153	500
CDF91633.1	CM003565.1	38.244	672	912	253	902	379170	377212	5.64e-124	414
CDF91633.1	CM003566.1	28.878	606	912	258	803	941816	943597	3.69e-62	229
CDF91634.1	CM003568.1	65.714	455	484	31	483	139148	137787	0.0	600
CDF91634.1	CM003563.1	30.000	190	484	262	449	175542	174985	2.11e-20	94.0
CDF91635.1	CM003568.1	60.480	916	850	1	850	135003	137684	0.0	1065
CDF91635.1	CM003559.1	38.916	812	850	46	844	120464	122764	2.99e-166	535
CDF91635.1	CM003564.1	43.252	652	850	200	848	663685	661802	1.47e-161	521
CDF91639.1	CM003564.1	43.434	495	543	62	542	17963	16488	8.15e-130	417
CDF91639.1	CM003566.1	33.918	513	543	39	543	145108	143618	4.13e-84	284
CDF91639.1	CM003566.1	26.545	550	543	29	541	15043	16632	2.02e-43	165
CDF91639.1	CM003562.1	26.267	434	543	81	512	71234	69954	3.27e-38	149
CDF91639.1	CM003560.1	26.164	451	543	47	491	916633	917955	8.03e-32	130
CDF91639.1	CM003560.1	26.164	451	543	47	491	933556	934878	8.03e-32	130
CDF91639.1	CM003557.1	21.739	437	543	86	512	8941	7637	1.24e-21	98.2
CDF91643.1	CM003558.1	52.757	544	523	1	521	240086	238455	0.0	608
CDF91643.1	CM003558.1	26.282	312	523	94	373	570083	570961	4.85e-17	83.6
CDF91643.1	CM003558.1	27.545	167	523	94	260	303519	303025	7.68e-14	73.6
CDF91643.1	CM003563.1	30.019	523	523	13	522	334308	332773	1.77e-68	238
CDF91643.1	CM003569.1	29.505	505	523	55	522	248593	250047	5.71e-63	222
CDF91643.1	CM003566.1	29.832	476	523	55	522	70338	71723	1.55e-60	215
CDF91643.1	CM003570.1	29.365	504	523	27	520	780928	782400	1.33e-53	194
CDF91647.1	CM003559.1	61.644	292	521	60	343	144856	145731	2.31e-157	393
CDF91647.1	CM003559.1	48.503	167	521	343	509	145728	146204	2.31e-157	181
CDF91647.1	CM003557.1	30.365	438	521	60	488	8947	7649	1.51e-65	229
CDF91647.1	CM003562.1	28.605	423	521	57	461	446957	448195	9.03e-44	165
CDF91647.1	CM003560.1	29.339	242	521	57	293	916726	917439	3.19e-29	121
CDF91647.1	CM003560.1	29.339	242	521	57	293	933649	934362	3.19e-29	121
CDF91647.1	CM003564.1	23.241	469	521	55	495	17903	16566	4.13e-17	84.0
CDF91648.1	CM003560.1	32.130	554	554	5	532	563171	561573	1.16e-67	237
CDF91648.1	CM003558.1	31.319	182	554	125	303	621942	621409	3.18e-12	68.2
CDF91650.1	CM003555.1	28.471	569	643	65	618	28083	29753	1.63e-61	221
CDF91650.1	CM003563.1	27.257	587	643	13	579	511965	513662	1.95e-54	200
CDF91650.1	CM003565.1	25.850	588	643	27	612	7913	6219	2.02e-52	194
CDF91650.1	CM003559.1	25.983	458	643	152	607	301155	302495	1.30e-43	160
CDF91650.1	CM003559.1	30.435	69	643	74	142	300928	301128	1.30e-43	35.0
CDF91651.1	CM003560.1	51.724	203	252	1	173	27362	27970	1.35e-41	150
CDF91651.1	CM003560.1	60.645	155	252	29	173	27701	28165	1.10e-35	133
CDF91651.1	CM003560.1	60.577	104	252	29	126	28106	28417	2.81e-22	94.4
CDF91651.1	CM003569.1	57.778	135	252	1	115	30064	30468	4.21e-27	108
CDF91651.1	CM003569.1	54.622	119	252	83	178	30118	30474	1.87e-19	86.3
CDF91653.1	CM003561.1	73.021	341	413	1	341	5934	4915	3.80e-171	530
CDF91653.1	CM003557.1	26.437	348	413	53	389	117968	119005	4.39e-34	134
CDF91653.1	CM003563.1	26.254	339	413	57	390	202141	203097	2.70e-17	83.2
CDF91653.1	CM003562.1	23.514	387	413	47	383	895403	896497	1.57e-12	68.2
CDF91654.1	CM003560.1	98.928	653	653	1	653	910215	912173	0.0	1338
CDF91654.1	CM003560.1	98.928	653	653	1	653	927139	929097	0.0	1338
CDF91655.1	CM003560.1	99.922	1287	1287	1	1287	916101	912241	0.0	2653
CDF91655.1	CM003560.1	99.921	1271	1287	17	1287	932977	929165	0.0	2620
CDF91655.1	CM003565.1	71.773	1286	1287	4	1283	637462	641310	0.0	1899
CDF91656.1	CM003560.1	99.602	503	503	1	503	916582	918090	0.0	1021
CDF91656.1	CM003560.1	99.602	503	503	1	503	933505	935013	0.0	1021
CDF91656.1	CM003562.1	35.141	461	503	24	481	71303	69939	8.96e-84	282
CDF91656.1	CM003562.1	25.745	369	503	44	396	446930	448030	6.89e-23	101
CDF91656.1	CM003564.1	26.000	300	503	40	336	17933	17037	1.40e-29	122
CDF91656.1	CM003553.1	24.832	447	503	50	478	282579	283901	5.39e-27	114
CDF91656.1	CM003559.1	30.204	245	503	52	285	144856	145578	5.21e-26	111
CDF91657.1	CM003560.1	100.000	393	393	1	393	921085	919907	0.0	767
CDF91657.1	CM003560.1	100.000	358	393	36	393	937903	936830	0.0	693
CDF91657.1	CM003560.1	40.000	155	393	74	227	1130981	1131442	1.23e-36	140
CDF91657.1	LIOO01000003.1	40.000	155	393	74	227	531	992	1.28e-35	137
CDF91658.1	CM003560.1	99.472	379	611	233	611	942416	941280	0.0	776
CDF91658.1	CM003560.1	99.472	379	611	233	611	925493	924357	0.0	776
CDF91659.1	CM003563.1	76.559	401	400	1	400	20026	18848	0.0	644
CDF91659.1	CM003564.1	73.404	376	400	25	400	31905	30778	0.0	602
CDF91660.1	CM003556.1	50.476	210	219	2	209	21057	21677	6.59e-64	213
CDF91661.1	CM003556.1	52.988	251	249	1	249	22495	21791	9.09e-87	280
CDF91662.1	CM003563.1	41.431	531	487	1	487	21071	22645	1.17e-117	379
CDF91663.1	CM003563.1	56.797	537	573	8	533	24630	23194	0.0	569
CDF91663.1	CM003562.1	41.176	102	573	32	133	676502	676200	5.27e-17	84.0
CDF91663.1	CM003564.1	27.586	232	573	13	237	33471	32848	2.98e-14	75.1
CDF91663.1	CM003553.1	28.333	120	573	350	462	244797	245156	4.57e-11	64.7
CDF91664.1	CM003563.1	62.485	837	763	1	763	28184	25713	0.0	979
CDF91664.1	CM003563.1	29.167	264	763	351	607	221002	220232	4.22e-28	120
CDF91664.1	CM003563.1	31.873	251	763	354	599	443200	443925	7.21e-24	107
CDF91664.1	CM003563.1	25.446	224	763	351	555	368632	369276	4.19e-17	85.1
CDF91664.1	CM003563.1	30.147	136	763	426	551	266552	266956	9.57e-13	70.9
CDF91664.1	CM003567.1	46.599	397	763	291	682	445438	444308	1.27e-107	361
CDF91664.1	CM003567.1	31.727	249	763	350	594	253632	252898	7.08e-34	139
CDF91664.1	CM003567.1	26.837	313	763	357	612	824596	825522	7.92e-19	90.9
CDF91664.1	CM003567.1	28.837	215	763	351	552	517542	518147	3.01e-14	75.9
CDF91664.1	CM003565.1	46.939	392	763	291	677	461632	460517	1.09e-105	355
CDF91664.1	CM003565.1	44.147	299	763	345	641	532669	533547	9.81e-72	255
CDF91664.1	CM003565.1	28.793	323	763	331	614	419122	418181	3.60e-32	133
CDF91664.1	CM003565.1	30.882	204	763	354	544	484384	483812	6.55e-21	97.4
CDF91664.1	CM003565.1	26.383	235	763	427	621	517520	518206	4.78e-15	78.6
CDF91664.1	CM003565.1	31.847	157	763	424	562	446214	446678	1.79e-13	73.2
CDF91664.1	CM003565.1	30.319	188	763	414	563	320219	320776	5.76e-13	71.6
CDF91664.1	CM003570.1	43.854	301	763	343	641	160605	161489	6.46e-72	255
CDF91664.1	CM003570.1	29.680	438	763	293	676	741090	742376	1.80e-48	184
CDF91664.1	CM003570.1	34.733	262	763	350	610	151452	150694	4.29e-33	136
CDF91664.1	CM003570.1	31.298	262	763	350	610	262131	262874	4.50e-29	124
CDF91664.1	CM003570.1	29.514	288	763	357	618	279746	278895	1.34e-27	119
CDF91664.1	CM003570.1	27.820	266	763	350	594	257433	256657	2.06e-27	118
CDF91664.1	CM003570.1	27.682	289	763	350	611	282221	281412	5.56e-23	104
CDF91664.1	CM003570.1	24.012	329	763	341	613	659490	660428	1.21e-21	99.8
CDF91664.1	CM003570.1	27.303	304	763	351	612	486045	485167	2.16e-17	85.9
CDF91664.1	CM003570.1	28.372	215	763	364	556	495101	494460	1.44e-12	70.5
CDF91664.1	CM003570.1	24.382	283	763	296	552	854003	853230	2.12e-12	69.7
CDF91664.1	CM003570.1	33.071	127	763	439	559	467081	466704	2.45e-12	69.7
CDF91664.1	CM003564.1	42.140	299	763	345	641	614342	615220	4.22e-71	253
CDF91664.1	CM003564.1	29.252	294	763	328	609	474827	473964	2.46e-27	118
CDF91664.1	CM003564.1	28.169	284	763	327	594	540231	541067	2.71e-23	105
CDF91664.1	CM003564.1	30.667	225	763	357	568	647351	648004	3.28e-20	95.1
CDF91664.1	CM003564.1	29.048	210	763	351	551	570053	570658	1.35e-14	77.0
CDF91665.1	CM003563.1	53.038	790	811	34	810	31161	28843	0.0	805
CDF91665.1	CM003564.1	29.050	537	811	32	505	69938	68430	1.16e-25	113
CDF91666.1	CM003563.1	92.188	256	261	6	261	32300	33067	9.02e-159	486
CDF91666.1	CM003564.1	90.210	143	261	119	261	35191	35619	7.21e-133	265
CDF91666.1	CM003564.1	93.860	114	261	6	119	34853	35194	7.21e-133	225
CDF91667.1	CM003563.1	54.237	590	592	17	590	35116	33356	0.0	641
CDF91668.1	CM003561.1	73.153	555	528	1	527	60076	61728	0.0	825
CDF91669.1	CM003561.1	47.331	281	259	1	259	62694	61852	1.61e-77	253
CDF91670.1	CM003561.1	51.190	336	331	1	331	64929	65933	1.96e-116	369
CDF91671.1	CM003563.1	77.068	689	678	1	678	394907	392841	0.0	1097
CDF91672.1	CM003563.1	75.181	552	551	2	551	395351	397006	0.0	894
CDF91672.1	CM003559.1	25.280	447	551	129	538	154398	155732	1.41e-34	138
CDF91672.1	CM003566.1	27.306	542	551	56	551	96945	95359	5.44e-34	136
CDF91673.1	CM003563.1	86.364	462	462	1	462	397501	398886	0.0	832
CDF91674.1	CM003563.1	43.220	354	371	2	355	400200	399169	6.05e-91	297
CDF91677.1	CM003561.1	43.771	594	677	91	677	69556	67973	1.34e-142	459
CDF91677.1	CM003563.1	39.896	579	677	99	675	404016	402379	1.06e-125	410
CDF91677.1	CM003556.1	30.141	355	677	86	420	64566	63610	2.47e-37	149
CDF91677.1	CM003569.1	29.586	169	677	84	244	991821	991342	6.98e-12	67.8
CDF91678.1	CM003567.1	40.244	328	698	157	481	527451	526498	2.43e-59	216
CDF91678.1	CM003567.1	33.149	362	698	157	498	24026	22956	2.55e-44	171
CDF91678.1	CM003567.1	32.544	169	698	540	695	23153	22647	5.45e-17	84.3
CDF91678.1	CM003560.1	38.415	328	698	159	481	1212970	1212023	1.44e-50	190
CDF91678.1	CM003560.1	36.290	124	698	585	693	1212001	1211633	8.30e-13	70.9
CDF91679.1	CM003568.1	42.396	217	199	7	189	594765	594115	8.13e-47	162
CDF91680.1	CM003569.1	44.937	790	765	5	723	721639	719375	0.0	597
CDF91680.1	CM003561.1	42.136	674	765	9	663	72815	70887	1.41e-138	451
CDF91680.1	CM003562.1	28.753	473	765	14	389	439460	440821	8.97e-42	164
CDF91681.1	CM003561.1	64.245	523	520	1	519	74866	73370	0.0	675
CDF91681.1	CM003570.1	48.810	84	520	46	128	361941	362189	1.25e-17	85.5
CDF91681.1	CM003570.1	38.462	104	520	228	321	362481	362786	1.03e-13	72.8
CDF91681.1	CM003562.1	40.000	85	520	237	321	142406	142660	1.99e-13	72.0
CDF91682.1	CM003561.1	55.189	2274	2094	19	2092	85056	78334	0.0	2230
CDF91682.1	CM003564.1	28.061	196	2094	695	883	317618	317043	1.10e-14	79.3
CDF91683.1	CM003561.1	45.317	331	320	22	320	85513	86505	3.97e-76	252
CDF91684.1	CM003569.1	29.016	386	571	4	351	810954	809842	3.40e-34	137
CDF91684.1	CM003569.1	32.394	142	571	417	551	809484	809083	4.36e-15	77.8
CDF91686.1	CM003569.1	64.882	635	675	43	675	807719	805842	0.0	869
CDF91686.1	CM003557.1	31.022	274	675	138	367	64670	65485	7.76e-22	100
CDF91687.1	CM003569.1	62.836	409	410	3	409	804445	805650	3.65e-170	526
CDF91688.1	CM003561.1	84.154	751	752	1	751	107013	104761	0.0	1342
CDF91688.1	CM003555.1	38.686	548	752	196	736	225561	223993	4.71e-115	382
CDF91688.1	CM003570.1	31.643	414	752	193	603	117629	118591	4.18e-43	168
CDF91688.1	CM003570.1	45.205	73	752	651	723	119036	119254	1.15e-16	83.6
CDF91688.1	CM003570.1	29.703	202	752	536	732	117665	118249	1.95e-13	73.2
CDF91688.1	CM003566.1	30.385	260	752	351	603	620219	620857	5.67e-28	120
CDF91688.1	CM003566.1	30.964	197	752	546	742	619970	620545	1.01e-20	96.7
CDF91688.1	CM003566.1	37.647	85	752	651	735	621329	621574	3.59e-13	72.4
CDF91688.1	CM003566.1	26.087	276	752	491	734	516591	517376	3.63e-11	65.9
CDF91688.1	CM003568.1	31.641	256	752	348	603	185153	184506	1.47e-27	119
CDF91688.1	CM003568.1	29.474	190	752	546	735	185393	184839	5.83e-17	84.7
CDF91688.1	CM003568.1	34.021	97	752	628	723	184106	183816	1.35e-13	73.6
CDF91689.1	CM003569.1	82.335	1002	995	1	995	800499	803501	0.0	1738
CDF91689.1	CM003560.1	24.673	535	995	422	938	473464	474996	3.99e-33	138
CDF91690.1	CM003564.1	30.622	209	379	55	248	402019	401396	3.47e-21	94.4
CDF91691.1	CM003561.1	67.594	503	500	1	500	104433	102937	0.0	705
CDF91692.1	CM003561.1	42.012	169	153	1	149	102242	102745	3.09e-34	124
CDF91693.1	CM003567.1	55.932	177	178	1	175	266832	267359	1.86e-63	209
CDF91694.1	CM003567.1	63.840	401	421	32	418	267845	269038	9.69e-160	497
CDF91695.1	CM003569.1	48.706	657	715	68	700	724168	722240	0.0	583
CDF91696.1	CM003563.1	46.804	438	458	36	457	467156	468436	5.59e-126	402
CDF91697.1	CM003563.1	35.079	382	364	14	357	468790	469929	2.56e-60	208
CDF91698.1	CM003569.1	68.599	207	214	8	214	724949	725560	5.14e-94	298
CDF91698.1	CM003557.1	61.860	215	214	4	214	125379	124735	1.74e-80	260
CDF91698.1	CM003562.1	25.134	187	214	35	210	928069	928599	3.77e-12	63.5
CDF91701.1	CM003569.1	63.084	214	235	20	233	729454	728813	2.35e-89	286
CDF91701.1	CM003560.1	51.339	224	235	7	229	274937	275590	5.86e-63	211
CDF91702.1	CM003560.1	65.554	569	573	3	571	1432035	1430329	0.0	758
CDF91702.1	CM003562.1	27.462	528	573	32	551	681917	683443	7.34e-46	173
CDF91702.1	CM003565.1	22.394	518	573	51	547	545998	547482	1.64e-16	82.4
CDF91702.1	CM003568.1	22.328	524	573	63	517	53555	55081	2.32e-13	72.0
CDF91703.1	CM003557.1	75.431	232	272	38	269	122939	123634	1.09e-115	363
CDF91704.1	CM003557.1	51.724	493	448	1	448	122699	121221	1.06e-153	481
CDF91705.1	CM003557.1	48.253	601	609	49	609	119398	121107	4.10e-148	472
CDF91706.1	CM003569.1	57.996	1088	1087	9	1087	825996	822733	0.0	1295
CDF91707.1	CM003569.1	57.109	1273	1301	46	1301	526705	530388	0.0	1459
CDF91708.1	CM003560.1	84.211	190	190	1	190	310210	309641	7.66e-111	345
CDF91708.1	CM003565.1	40.132	152	190	23	170	585075	584659	2.20e-19	84.0
CDF91709.1	CM003569.1	71.179	229	226	2	226	525496	526182	3.09e-108	340
CDF91710.1	CM003560.1	70.060	167	330	163	329	308989	309489	2.24e-77	256
CDF91712.1	CM003560.1	80.516	426	457	32	457	306523	307800	0.0	741
CDF91712.1	CM003560.1	29.167	144	457	253	387	1279346	1279774	2.42e-14	74.3
CDF91712.1	CM003560.1	32.911	158	457	239	385	270742	270278	4.09e-14	73.6
CDF91712.1	CM003560.1	33.333	171	457	239	399	1072976	1072470	5.46e-14	73.2
CDF91712.1	CM003560.1	31.481	162	457	239	391	1278485	1278964	1.38e-12	68.9
CDF91712.1	CM003555.1	31.034	174	457	239	400	191129	190617	3.10e-16	80.5
CDF91712.1	CM003569.1	33.775	151	457	247	387	271697	272143	1.41e-14	75.1
CDF91712.1	CM003569.1	33.533	167	457	231	385	539631	539146	2.74e-14	74.3
CDF91712.1	CM003566.1	30.556	144	457	252	388	901658	901230	4.31e-14	73.6
CDF91712.1	CM003566.1	30.952	168	457	247	402	900860	900366	4.95e-13	70.5
CDF91712.1	LIOO01000001.1	33.333	171	457	239	399	12213	11707	5.27e-14	73.2
CDF91713.1	CM003569.1	52.542	236	240	1	236	524538	525245	3.85e-81	263
CDF91714.1	CM003560.1	59.146	492	490	6	485	306147	304684	0.0	597
CDF91715.1	CM003560.1	74.257	101	101	1	101	304358	304056	1.14e-48	163
CDF91716.1	CM003560.1	71.795	78	82	5	82	303379	303612	1.88e-29	107
CDF91717.1	CM003569.1	38.109	677	1164	504	1161	522832	521030	3.63e-118	404
CDF91717.1	CM003569.1	50.000	312	1164	20	317	524020	523112	4.49e-88	313
CDF91717.1	CM003560.1	35.309	793	1164	407	1161	301849	299783	3.21e-103	359
CDF91717.1	CM003560.1	39.359	343	1164	12	340	302797	301853	7.24e-55	209
CDF91718.1	CM003560.1	77.215	79	79	1	79	299450	299686	7.70e-37	128
CDF91719.1	CM003569.1	78.109	571	570	1	570	519027	520739	0.0	938
CDF91720.1	CM003560.1	54.472	615	615	6	610	298707	296869	0.0	671
CDF91720.1	CM003560.1	30.474	548	615	13	554	1204033	1205562	4.29e-68	240
CDF91720.1	CM003562.1	32.397	605	615	6	604	413465	415132	5.66e-77	266
CDF91720.1	CM003566.1	31.126	604	615	4	604	213845	212166	8.44e-76	263
CDF91720.1	CM003566.1	30.976	594	615	11	604	390398	392050	1.85e-72	253
CDF91721.1	CM003569.1	28.423	672	759	7	588	515732	517717	6.67e-70	249
CDF91722.1	CM003569.1	59.942	342	367	1	319	793853	794866	7.70e-126	397
CDF91723.1	CM003569.1	34.217	415	550	3	369	797013	795787	7.99e-52	190
CDF91723.1	CM003561.1	31.507	219	550	10	218	101581	100946	6.09e-26	112
CDF91724.1	CM003569.1	70.332	391	492	3	389	817732	816563	0.0	576
CDF91724.1	CM003569.1	47.214	341	492	1	332	1008793	1007783	5.27e-93	308
CDF91724.1	CM003567.1	44.231	364	492	7	364	858853	859923	9.01e-93	307
CDF91724.1	CM003567.1	42.582	364	492	43	380	668720	669805	5.45e-76	259
CDF91724.1	CM003566.1	43.213	361	492	24	364	803474	804532	4.55e-92	305
CDF91725.1	CM003554.1	38.132	257	406	16	251	57721	57011	1.05e-42	159
CDF91725.1	CM003569.1	32.381	210	406	29	182	814688	815275	5.94e-20	91.3
CDF91726.1	CM003569.1	60.209	573	548	11	546	812277	813914	0.0	588
CDF91726.1	CM003570.1	38.961	385	548	15	381	826373	825327	3.34e-79	270
CDF91727.1	CM003554.1	29.665	209	192	9	187	61131	60505	3.42e-25	100
CDF91728.1	CM003554.1	46.512	129	132	7	131	60251	59868	3.63e-35	126
CDF91729.1	CM003569.1	69.231	52	87	34	85	811690	811845	8.86e-22	86.3
CDF91730.1	CM003569.1	87.288	236	254	1	236	830593	829886	9.62e-140	432
CDF91730.1	CM003569.1	36.458	192	254	2	193	72385	72951	4.21e-31	120
CDF91730.1	CM003562.1	34.545	220	254	4	220	310423	309776	5.16e-42	151
CDF91730.1	CM003562.1	34.818	247	254	2	240	84825	85550	2.29e-38	140
CDF91730.1	CM003562.1	30.939	181	254	4	183	573558	574094	1.94e-19	86.3
CDF91730.1	CM003567.1	36.574	216	254	4	215	81140	80511	6.56e-34	128
CDF91730.1	CM003567.1	30.802	237	254	2	233	873536	874228	1.92e-25	103
CDF91731.1	CM003569.1	32.353	136	676	540	675	827256	826909	5.27e-17	84.3
CDF91732.1	CM003554.1	51.948	77	209	131	207	58552	58782	2.52e-18	81.3
CDF91733.1	LIOO01000004.1	41.830	612	644	45	637	5384	7141	1.29e-148	475
CDF91733.1	CM003554.1	41.830	612	644	45	637	115886	114129	1.42e-148	475
CDF91733.1	CM003562.1	28.842	423	644	228	637	1037771	1038967	3.82e-47	178
CDF91733.1	CM003555.1	24.000	625	644	112	637	154134	155984	2.11e-46	176
CDF91733.1	CM003568.1	26.195	481	644	196	637	49575	48223	3.51e-43	166
CDF91734.1	CM003555.1	61.538	234	232	1	232	173595	172894	1.21e-93	298
CDF91735.1	CM003554.1	66.412	131	171	4	134	77295	76903	3.61e-54	182
CDF91736.1	CM003554.1	46.530	634	1577	543	1163	73509	75248	1.11e-139	478
CDF91736.1	CM003554.1	52.830	424	1577	102	482	72756	73979	6.97e-101	359
CDF91736.1	CM003554.1	29.778	225	1577	89	313	73764	74345	1.73e-15	81.3
CDF91736.1	CM003554.1	31.163	215	1577	654	857	72756	73376	1.02e-13	75.5
CDF91736.1	CM003558.1	36.364	330	1577	374	635	205537	204587	6.77e-15	79.3
CDF91736.1	CM003558.1	35.156	128	1577	740	864	123175	122792	6.78e-13	72.8
CDF91737.1	CM003554.1	67.816	783	1064	1	760	81763	84108	0.0	1084
CDF91737.1	CM003554.1	36.508	126	1064	941	1064	84376	84741	4.44e-13	72.8
CDF91738.1	CM003555.1	44.281	883	1454	579	1453	170658	168076	0.0	730
CDF91738.1	CM003555.1	46.405	459	1454	1	450	172080	170791	1.04e-108	382
CDF91739.1	CM003555.1	94.400	125	125	1	125	172374	172748	2.87e-76	243
CDF91740.1	CM003554.1	40.127	157	1011	699	839	80080	79667	1.76e-12	70.5
CDF91741.1	CM003554.1	67.361	432	418	1	417	78963	77671	1.96e-167	519
CDF91741.1	CM003555.1	34.804	408	418	1	408	248757	247630	3.92e-67	230
CDF91741.1	CM003568.1	53.425	73	418	1	73	273372	273587	3.54e-15	76.6
CDF91741.1	CM003568.1	57.534	73	418	5	76	557935	558150	1.44e-14	74.7
CDF91741.1	CM003568.1	46.667	75	418	1	75	173455	173670	7.54e-12	66.2
CDF91741.1	CM003567.1	41.228	114	418	6	99	549067	549399	7.14e-13	69.3
CDF91742.1	CM003567.1	64.921	191	207	1	184	392999	392427	6.33e-79	255
CDF91743.1	CM003567.1	50.339	737	717	17	716	395557	393359	0.0	721
CDF91743.1	CM003569.1	28.740	254	717	111	358	334617	333940	7.75e-21	97.1
CDF91744.1	CM003567.1	79.667	300	304	4	303	396004	396903	1.04e-165	509
CDF91744.1	CM003565.1	62.542	299	304	9	301	397582	398478	1.12e-130	408
CDF91744.1	CM003568.1	26.667	225	304	59	269	563584	564189	1.25e-12	67.0
CDF91744.1	CM003568.1	28.634	227	304	26	239	633926	634540	3.99e-12	65.5
CDF91745.1	CM003565.1	42.366	989	1014	1	919	398761	401688	0.0	726
CDF91746.1	CM003567.1	80.778	900	939	28	924	400384	397685	0.0	1533
CDF91746.1	CM003556.1	33.013	521	939	361	827	31493	29988	7.44e-64	235
CDF91746.1	CM003566.1	31.911	539	939	395	827	973715	975292	8.79e-58	216
CDF91746.1	CM003565.1	31.309	527	939	339	808	261494	263023	2.98e-52	199
CDF91746.1	CM003563.1	28.602	472	939	385	810	111478	112713	5.09e-30	127
CDF91750.1	CM003568.1	92.593	108	108	1	108	592858	593181	1.86e-65	211
CDF91752.1	CM003564.1	50.345	580	675	98	669	123113	124693	0.0	580
CDF91753.1	CM003564.1	44.025	159	162	2	153	125484	125008	2.10e-39	140
CDF91754.1	CM003568.1	71.287	404	409	3	403	597754	598965	0.0	558
CDF91755.1	CM003568.1	44.199	543	544	5	535	599331	600944	5.68e-159	501
CDF91755.1	CM003560.1	27.894	527	544	13	481	821966	823498	1.28e-48	180
CDF91757.1	CM003568.1	61.338	613	591	2	586	606049	607734	0.0	663
CDF91758.1	CM003568.1	52.529	257	267	19	266	608135	608905	2.22e-91	293
CDF91759.1	CM003568.1	41.667	360	397	12	354	610259	609201	1.26e-89	295
CDF91760.1	CM003568.1	45.946	222	316	109	310	611626	612291	1.25e-61	210
CDF91761.1	CM003568.1	71.598	169	166	1	164	612562	613014	2.66e-75	243
CDF91762.1	CM003562.1	65.466	472	478	7	478	80009	81424	0.0	639
CDF91764.1	CM003560.1	52.874	348	390	46	390	956758	957720	1.89e-114	365
CDF91765.1	CM003568.1	45.816	1231	1232	8	1227	616047	619703	0.0	1133
CDF91765.1	CM003563.1	35.879	1257	1232	15	1230	130424	126768	0.0	781
CDF91766.1	CM003568.1	35.553	796	803	14	796	619997	622222	1.92e-155	501
CDF91767.1	CM003568.1	69.118	68	72	5	72	622502	622705	3.21e-28	103
CDF91768.1	CM003568.1	45.763	177	181	6	181	622987	623490	4.63e-45	157
CDF91769.1	CM003563.1	40.664	241	337	107	337	125472	126161	2.12e-53	187
CDF91770.1	CM003568.1	61.538	468	475	8	472	625231	623828	0.0	624
CDF91771.1	CM003568.1	68.016	2198	2194	11	2192	632060	625479	0.0	3202
CDF91772.1	CM003568.1	57.009	321	297	1	297	632509	633450	9.05e-98	313
CDF91773.1	CM003562.1	58.292	1218	1185	1	1178	800376	804011	0.0	1367
CDF91774.1	CM003562.1	70.455	352	353	13	353	476605	475565	1.30e-163	505
CDF91775.1	CM003562.1	67.787	1012	1028	21	1028	477088	480078	0.0	1368
CDF91776.1	CM003562.1	68.405	326	390	66	390	481404	480427	1.46e-155	484
CDF91777.1	CM003568.1	63.772	1071	1049	21	1049	639416	636273	0.0	1370
CDF91777.1	CM003566.1	35.889	287	1049	762	1047	720834	720034	1.56e-45	178
CDF91777.1	CM003566.1	28.159	277	1049	776	1045	601255	602007	1.19e-21	100
CDF91777.1	CM003558.1	26.271	236	1049	775	981	43886	43203	3.89e-13	72.8
CDF91778.1	CM003568.1	81.225	506	531	26	531	641480	639966	0.0	844
CDF91778.1	CM003568.1	62.863	517	531	16	531	642858	644405	0.0	658
CDF91778.1	CM003555.1	65.949	511	531	21	531	33503	31971	0.0	714
CDF91778.1	CM003570.1	38.213	526	531	11	522	41644	43215	1.01e-109	358
CDF91778.1	CM003570.1	33.137	510	531	26	522	23565	25061	8.84e-75	257
CDF91778.1	CM003565.1	39.279	499	531	26	517	153371	151890	1.04e-105	347
CDF91778.1	CM003569.1	38.330	527	531	26	530	102652	104211	9.28e-104	341
CDF91778.1	CM003569.1	34.375	512	531	22	517	799531	798044	1.40e-94	314
CDF91780.1	CM003568.1	48.771	1261	2003	1	1198	644965	648531	0.0	1047
CDF91780.1	CM003553.1	31.725	539	2003	1270	1791	270600	269134	3.08e-81	298
CDF91781.1	CM003568.1	47.288	590	743	8	586	651274	652938	4.58e-163	521
CDF91782.1	CM003555.1	60.041	483	487	13	487	31488	30070	0.0	561
CDF91782.1	CM003555.1	20.991	424	487	67	434	401075	399861	2.70e-14	74.7
CDF91782.1	CM003558.1	22.148	447	487	70	434	41395	42669	3.72e-15	77.4
CDF91782.1	CM003553.1	23.962	313	487	89	385	115960	116862	7.19e-14	73.2
CDF91783.1	CM003568.1	52.520	1230	1199	2	1195	657436	653753	0.0	1264
CDF91784.1	CM003559.1	29.238	407	383	8	365	107666	108838	4.26e-38	144
CDF91784.1	CM003555.1	31.310	313	383	45	344	41517	40621	1.01e-34	134
CDF91784.1	CM003569.1	30.094	319	383	41	344	754120	753212	2.01e-33	130
CDF91785.1	CM003557.1	38.365	159	515	8	165	54411	53938	1.40e-22	100
CDF91785.1	CM003560.1	36.842	133	515	26	158	1339142	1338753	3.75e-19	90.1
CDF91785.1	CM003570.1	34.722	144	515	38	157	60622	60191	2.18e-17	84.7
CDF91785.1	CM003567.1	37.313	134	515	48	157	634606	635007	5.17e-17	83.6
CDF91785.1	CM003566.1	32.308	130	515	29	158	549745	550125	1.09e-14	75.9
CDF91786.1	CM003569.1	52.137	468	598	116	571	460140	458764	3.99e-137	440
CDF91787.1	CM003559.1	52.549	1275	1427	168	1420	112341	116051	0.0	1287
CDF91787.1	CM003559.1	52.941	187	1427	1	187	111847	112389	2.41e-52	202
CDF91788.1	CM003563.1	45.299	351	347	9	338	75026	73980	9.86e-85	278
CDF91788.1	CM003570.1	44.444	351	347	9	338	221178	220132	2.74e-84	277
CDF91789.1	CM003568.1	64.000	350	350	1	350	658176	659225	2.80e-155	481
CDF91789.1	CM003569.1	32.381	210	350	90	284	18481	19101	5.14e-28	114
CDF91789.1	LIOO01000002.1	35.429	175	350	161	328	16197	16718	5.14e-22	96.3
CDF91789.1	CM003570.1	35.429	175	350	161	328	330323	329802	5.54e-22	96.3
CDF91789.1	CM003570.1	32.727	165	350	136	284	18809	19264	1.13e-20	92.4
CDF91789.1	CM003567.1	33.333	141	350	159	284	897090	896668	7.31e-20	89.7
CDF91790.1	CM003559.1	43.284	134	129	1	129	110597	110977	5.37e-31	114
CDF91791.1	CM003568.1	70.233	514	581	41	554	660925	659384	0.0	749
CDF91792.1	CM003555.1	28.829	222	267	36	255	192852	192211	1.29e-16	78.2
CDF91793.1	CM003555.1	63.288	444	460	24	457	193144	194463	0.0	593
CDF91794.1	CM003566.1	50.628	1195	1261	52	1237	521271	517957	0.0	1159
CDF91795.1	CM003568.1	71.166	489	482	1	482	662997	661540	0.0	709
CDF91796.1	CM003566.1	70.932	633	707	57	689	515571	517433	0.0	911
CDF91796.1	CM003566.1	23.917	531	707	168	656	27895	26375	1.55e-29	124
CDF91796.1	CM003566.1	25.225	555	707	150	677	104895	106517	7.92e-27	116
CDF91796.1	CM003566.1	31.602	231	707	462	685	103851	104501	4.49e-17	84.7
CDF91796.1	CM003566.1	23.789	227	707	444	666	29119	28451	1.10e-11	67.4
CDF91796.1	CM003570.1	46.217	608	707	90	695	31191	32981	6.23e-167	531
CDF91796.1	CM003565.1	27.841	528	707	192	699	622159	623715	1.75e-57	211
CDF91796.1	CM003565.1	25.225	555	707	165	699	624142	625776	2.96e-40	158
CDF91796.1	CM003567.1	28.270	474	707	238	688	840815	839427	7.64e-47	179
CDF91796.1	CM003560.1	23.267	649	707	53	677	772641	774440	2.23e-33	137
CDF91796.1	CM003560.1	23.742	497	707	221	689	771147	772514	6.86e-20	94.0
CDF91797.1	CM003566.1	46.335	805	982	2	753	511971	514322	0.0	602
CDF91797.1	CM003568.1	55.901	483	982	1	474	667074	665677	1.92e-167	543
CDF91797.1	CM003568.1	26.596	470	982	597	982	665169	663895	6.26e-11	65.5
CDF91798.1	CM003568.1	53.343	658	642	1	635	669428	667467	0.0	679
CDF91799.1	CM003566.1	89.286	252	252	1	252	510732	511487	4.39e-155	476
CDF91800.1	CM003560.1	46.008	739	702	16	702	84951	82759	0.0	632
CDF91801.1	CM003566.1	88.372	86	88	3	88	510128	510385	3.01e-47	158
CDF91801.1	CM003560.1	86.047	86	88	3	88	82371	82628	8.25e-46	154
CDF91802.1	CM003560.1	43.148	540	517	1	517	81475	79913	3.78e-113	367
CDF91802.1	CM003566.1	35.025	197	517	44	226	508969	508391	2.65e-22	100
CDF91803.1	CM003566.1	53.452	840	776	1	775	505042	507447	0.0	813
CDF91803.1	CM003560.1	28.177	181	776	304	484	1162455	1161973	8.07e-18	87.4
CDF91804.1	CM003566.1	40.608	362	327	1	326	504771	503782	4.99e-66	223
CDF91805.1	CM003560.1	88.918	379	382	4	382	78380	79516	0.0	692
CDF91805.1	CM003566.1	88.421	380	382	1	380	502363	503502	0.0	687
CDF91806.1	CM003560.1	45.522	268	272	6	270	76984	77781	5.48e-70	233
CDF91806.1	CM003560.1	33.036	224	272	44	257	489802	490413	1.04e-24	102
CDF91807.1	CM003566.1	51.142	219	195	1	195	500925	500269	1.24e-68	225
CDF91807.1	CM003566.1	44.792	192	195	8	194	501812	501240	2.97e-52	178
CDF91808.1	CM003560.1	42.232	914	835	4	833	73560	76121	1.28e-177	567
CDF91808.1	CM003566.1	53.161	348	835	320	657	498664	499659	1.83e-96	330
CDF91808.1	CM003566.1	68.908	119	835	716	834	499696	500025	1.10e-47	183
CDF91808.1	CM003566.1	63.077	65	835	2	66	498142	498336	9.70e-16	80.9
CDF91809.1	CM003560.1	45.128	585	592	28	592	71305	73044	8.13e-175	548
CDF91809.1	CM003567.1	26.878	599	592	12	575	359698	361299	1.36e-44	169
CDF91809.1	CM003561.1	29.470	302	592	28	318	213865	213116	3.89e-26	113
CDF91809.1	CM003561.1	33.945	109	592	437	545	212704	212381	1.42e-17	85.9
CDF91810.1	CM003560.1	56.200	1000	1259	3	971	66651	69419	0.0	1016
CDF91810.1	CM003560.1	45.055	273	1259	14	286	120324	119563	1.21e-63	238
CDF91810.1	CM003560.1	35.689	283	1259	17	287	802455	801619	2.03e-45	179
CDF91810.1	CM003560.1	52.381	147	1259	1118	1259	69657	70073	1.01e-31	134
CDF91810.1	CM003560.1	29.966	297	1259	22	290	1235221	1236057	2.53e-30	129
CDF91810.1	CM003560.1	28.472	288	1259	20	291	98934	99737	1.31e-25	114
CDF91810.1	CM003560.1	28.692	237	1259	86	292	137527	136832	4.74e-22	102
CDF91810.1	CM003560.1	27.155	232	1259	79	294	1110440	1111117	7.52e-22	102
CDF91810.1	CM003560.1	31.019	216	1259	22	232	1446825	1447430	2.66e-21	100
CDF91810.1	CM003560.1	28.099	242	1259	78	293	1114740	1115453	1.69e-19	94.4
CDF91810.1	CM003560.1	26.582	316	1259	26	303	1248649	1247777	4.55e-19	92.8
CDF91810.1	CM003560.1	30.653	199	1259	106	285	493389	493970	7.66e-19	92.0
CDF91810.1	CM003560.1	27.381	252	1259	81	308	1343235	1342492	5.93e-17	85.9
CDF91810.1	CM003560.1	27.064	218	1259	86	286	553644	552997	1.28e-16	84.7
CDF91810.1	CM003560.1	24.138	290	1259	20	305	45446	46234	2.57e-15	80.5
CDF91810.1	CM003560.1	32.292	192	1259	81	260	1202623	1203183	1.44e-12	71.2
CDF91810.1	CM003559.1	43.878	1078	1259	17	1067	230015	227280	0.0	696
CDF91810.1	CM003559.1	36.449	214	1259	82	285	186939	186301	4.24e-29	125
CDF91810.1	CM003559.1	29.934	304	1259	20	301	73779	74642	1.50e-27	120
CDF91810.1	CM003559.1	28.283	297	1259	26	292	41925	41101	8.78e-26	114
CDF91810.1	CM003559.1	39.286	140	1259	1122	1259	227345	226956	2.54e-19	93.6
CDF91810.1	LIOO01000006.1	42.897	1077	1259	17	1067	11008	13743	0.0	676
CDF91810.1	LIOO01000006.1	39.286	140	1259	1122	1259	13678	14067	2.75e-19	93.6
CDF91810.1	CM003565.1	52.393	397	1259	15	374	419074	417905	1.91e-115	398
CDF91810.1	CM003565.1	31.047	277	1259	20	290	532687	533451	4.05e-31	132
CDF91810.1	CM003565.1	29.964	277	1259	20	292	461470	460697	1.56e-27	120
CDF91810.1	CM003565.1	30.052	193	1259	79	233	446076	446648	7.09e-24	108
CDF91810.1	CM003565.1	35.882	170	1259	79	229	536082	536591	6.11e-21	99.0
CDF91810.1	CM003565.1	28.780	205	1259	26	226	484369	483809	6.73e-20	95.5
CDF91810.1	CM003565.1	29.389	262	1259	81	303	517421	518203	1.49e-17	87.8
CDF91810.1	CM003565.1	29.592	196	1259	67	234	598643	599227	2.86e-15	80.1
CDF91810.1	CM003565.1	26.277	274	1259	17	236	319931	320752	4.52e-13	73.2
CDF91810.1	CM003570.1	38.889	288	1259	17	291	279773	278943	2.31e-49	192
CDF91810.1	CM003570.1	33.220	295	1259	17	308	262125	262928	1.62e-41	166
CDF91810.1	CM003570.1	31.788	302	1259	15	294	257454	256609	6.23e-36	148
CDF91810.1	CM003570.1	32.852	277	1259	20	290	160629	161393	4.95e-33	138
CDF91810.1	CM003570.1	34.211	228	1259	79	304	151314	150652	2.42e-32	136
CDF91810.1	CM003570.1	27.707	314	1259	24	293	486033	485164	6.36e-22	102
CDF91810.1	CM003570.1	30.837	227	1259	79	290	282086	281415	4.27e-20	96.3
CDF91810.1	CM003570.1	26.807	332	1259	24	294	853871	852951	6.90e-20	95.5
CDF91810.1	CM003570.1	29.444	180	1259	94	232	741450	741986	7.91e-16	82.0
CDF91810.1	CM003570.1	28.936	235	1259	81	285	494990	494328	7.97e-16	82.0
CDF91810.1	CM003570.1	28.761	226	1259	81	294	467204	466599	2.70e-15	80.5
CDF91811.1	CM003560.1	91.753	97	114	2	98	63029	62739	6.40e-56	184
CDF91812.1	LIOO01000006.1	65.979	194	193	1	193	5781	5203	2.28e-85	273
CDF91812.1	LIOO01000006.1	56.316	190	193	4	192	7068	6505	2.02e-72	236
CDF91812.1	CM003559.1	65.979	194	193	1	193	235244	235822	2.31e-85	273
CDF91812.1	CM003559.1	56.316	190	193	4	192	233957	234520	2.04e-72	236
CDF91813.1	CM003559.1	38.430	484	479	46	478	237277	235898	5.01e-73	249
CDF91813.1	LIOO01000006.1	53.390	118	479	362	478	4810	5127	3.78e-63	113
CDF91813.1	LIOO01000006.1	34.595	185	479	46	210	3750	4304	3.78e-63	98.2
CDF91813.1	LIOO01000006.1	41.026	117	479	235	336	4349	4690	3.78e-63	68.9
CDF91814.1	CM003565.1	43.038	158	447	288	443	204127	203729	3.67e-28	117
CDF91814.1	CM003564.1	42.949	156	447	288	443	435264	435662	1.13e-26	112
CDF91814.1	CM003564.1	41.250	160	447	288	443	431608	432006	4.30e-26	110
CDF91815.1	CM003559.1	44.737	152	525	1	147	239079	238633	1.06e-20	95.1
CDF91815.1	LIOO01000006.1	44.737	152	525	1	147	1949	2395	7.55e-20	92.4
CDF91816.1	CM003559.1	36.854	445	354	1	341	239308	240615	3.33e-75	251
CDF91816.1	LIOO01000006.1	55.882	136	354	1	129	1720	1337	1.02e-38	145
CDF91816.1	LIOO01000006.1	36.161	224	354	167	341	1077	412	8.63e-32	125
CDF91817.1	CM003559.1	76.911	641	813	173	813	241405	243291	0.0	1024
CDF91817.1	CM003559.1	42.723	213	813	1	211	240896	241501	4.06e-36	146
CDF91818.1	CM003559.1	67.466	292	295	8	295	243675	244550	2.27e-136	424
CDF91819.1	CM003559.1	49.157	356	324	5	324	245790	244741	2.07e-98	317
CDF91820.1	CM003560.1	64.706	85	85	1	85	61664	61918	7.73e-37	129
CDF91821.1	CM003559.1	66.667	135	156	23	155	246033	246437	3.28e-59	196
CDF91822.1	CM003559.1	45.753	365	341	1	341	247561	246500	1.13e-95	309
CDF91823.1	CM003560.1	62.992	127	139	13	139	61379	61005	1.23e-51	174
CDF91823.1	CM003559.1	68.367	98	139	29	126	248028	248321	2.28e-43	150
CDF91825.1	CM003560.1	44.956	456	465	14	464	59545	60876	2.95e-130	414
CDF91825.1	CM003559.1	51.796	334	465	137	464	249497	248505	1.10e-110	358
CDF91826.1	CM003559.1	59.006	161	532	338	496	251264	251743	5.95e-55	199
CDF91826.1	CM003560.1	33.202	253	532	264	494	58488	57757	1.71e-30	125
CDF91826.1	CM003560.1	38.776	98	532	41	137	58974	58684	4.74e-11	64.3
CDF91827.1	CM003559.1	56.844	526	512	1	510	252689	254251	0.0	568
CDF91828.1	CM003559.1	40.153	782	774	46	773	256501	254333	1.41e-164	526
CDF91829.1	CM003560.1	56.053	380	382	1	368	55195	54095	2.98e-128	405
CDF91830.1	CM003559.1	55.246	467	517	23	483	259053	260435	5.14e-166	520
CDF91830.1	CM003560.1	46.356	494	517	25	517	53748	52276	9.69e-137	436
CDF91830.1	CM003569.1	25.592	211	517	29	218	231829	232458	5.66e-13	70.5
CDF91830.1	CM003554.1	27.338	139	517	5	139	96456	96049	9.70e-11	63.2
CDF91831.1	CM003559.1	46.875	416	399	1	377	260841	262007	1.23e-99	323
CDF91832.1	CM003559.1	39.290	761	734	1	733	262321	264579	3.18e-158	506
CDF91833.1	CM003560.1	58.779	131	131	1	129	52009	51617	7.82e-47	159
CDF91833.1	CM003568.1	50.562	89	131	41	129	408194	408457	2.28e-24	95.5
CDF91833.1	CM003566.1	45.631	103	131	27	129	1008062	1008349	6.51e-22	88.6
CDF91833.1	CM003567.1	49.462	93	131	37	129	114759	114490	2.26e-20	84.3
CDF91834.1	CM003559.1	45.455	253	261	12	253	264777	265520	1.32e-60	205
CDF91835.1	CM003560.1	54.738	707	729	46	724	49220	51322	0.0	721
CDF91836.1	CM003559.1	53.046	394	478	38	422	266974	265793	1.61e-124	399
CDF91836.1	CM003560.1	47.015	402	478	59	459	47377	48573	1.35e-104	341
CDF91836.1	CM003560.1	30.450	289	478	119	407	961715	960858	2.12e-33	133
CDF91836.1	CM003558.1	32.143	308	478	100	407	373585	374496	1.88e-43	163
CDF91837.1	CM003560.1	57.819	486	470	5	465	45416	46852	1.26e-179	556
CDF91837.1	CM003560.1	30.935	278	470	21	269	1343355	1342546	7.98e-26	110
CDF91837.1	CM003560.1	28.283	297	470	15	272	1235215	1236066	8.43e-24	103
CDF91837.1	CM003560.1	31.313	198	470	14	208	120309	119731	8.28e-21	94.7
CDF91837.1	CM003560.1	27.305	282	470	13	276	98928	99755	2.23e-20	93.6
CDF91837.1	CM003560.1	23.887	247	470	1	223	137716	137000	5.21e-19	89.4
CDF91837.1	CM003560.1	24.286	280	470	19	269	802434	801610	7.93e-18	85.5
CDF91837.1	CM003560.1	26.794	209	470	77	264	493365	493970	6.51e-17	82.8
CDF91837.1	CM003560.1	26.165	279	470	19	269	1114626	1115444	7.04e-17	82.4
CDF91837.1	CM003560.1	24.823	282	470	10	266	66696	67505	3.30e-15	77.4
CDF91837.1	CM003560.1	25.172	290	470	15	272	1248667	1247807	5.11e-15	76.6
CDF91837.1	CM003560.1	25.123	203	470	21	213	1446837	1447427	4.27e-11	64.3
CDF91837.1	CM003560.1	26.341	205	470	14	215	1202500	1203111	9.78e-11	63.2
CDF91837.1	CM003563.1	44.488	254	470	19	269	220990	220241	2.38e-62	218
CDF91837.1	CM003563.1	37.367	281	470	2	276	443152	443967	1.09e-48	178
CDF91837.1	CM003563.1	28.421	285	470	10	278	26963	26145	2.08e-24	105
CDF91837.1	CM003563.1	28.188	149	470	77	215	266528	266959	7.11e-14	73.2
CDF91837.1	CM003563.1	33.000	100	470	118	212	368962	369258	8.22e-11	63.2
CDF91837.1	LIOO01000005.1	39.483	271	470	12	280	4485	3706	5.78e-43	161
CDF91837.1	CM003557.1	39.483	271	470	12	280	156180	155401	5.89e-43	161
CDF91837.1	CM003557.1	23.718	312	470	21	265	152720	151794	3.29e-17	83.6
CDF91837.1	CM003557.1	28.571	217	470	15	220	110544	111188	4.28e-15	77.0
CDF91837.1	CM003569.1	36.179	246	470	35	269	974591	973863	9.42e-42	158
CDF91837.1	CM003569.1	34.701	268	470	21	269	311528	310743	5.49e-36	140
CDF91837.1	CM003569.1	26.113	337	470	13	329	956241	955252	2.70e-22	99.4
CDF91837.1	CM003569.1	27.473	273	470	15	275	789947	790753	7.56e-22	98.2
CDF91837.1	CM003569.1	28.111	217	470	6	213	308844	308209	6.68e-17	82.8
CDF91837.1	CM003569.1	28.070	228	470	16	214	95090	95758	2.33e-16	80.9
CDF91837.1	CM003569.1	27.354	223	470	12	212	1000729	1001361	7.78e-15	76.3
CDF91837.1	CM003569.1	27.523	218	470	15	220	839912	839268	1.82e-13	71.6
CDF91838.1	CM003560.1	50.825	303	515	213	499	43955	44854	3.08e-87	292
CDF91838.1	CM003553.1	36.129	155	515	181	329	47187	47630	4.43e-14	73.9
CDF91840.1	CM003554.1	33.613	238	229	2	226	29357	30064	1.46e-40	146
CDF91841.1	CM003560.1	55.604	455	462	1	449	41341	40034	3.19e-160	501
CDF91842.1	CM003560.1	70.799	363	363	4	363	34197	33142	3.62e-153	476
CDF91843.1	CM003559.1	58.879	321	322	7	322	270423	271379	4.20e-125	393
CDF91843.1	CM003560.1	56.231	329	322	4	322	34667	35647	1.07e-115	366
CDF91844.1	CM003560.1	79.365	126	127	1	126	35893	36270	1.62e-67	218
CDF91845.1	CM003559.1	41.975	324	420	103	415	274103	275053	2.05e-77	256
CDF91845.1	CM003559.1	33.333	90	420	1	89	273825	274073	2.05e-77	50.4
CDF91846.1	CM003559.1	71.770	836	836	1	829	277768	275267	0.0	1203
CDF91846.1	CM003558.1	43.056	216	836	7	212	345699	345055	9.55e-41	161
CDF91846.1	CM003562.1	35.714	98	836	14	108	791640	791930	3.67e-11	65.9
CDF91847.1	CM003559.1	76.797	306	317	12	317	281204	280287	2.81e-168	516
CDF91850.1	CM003559.1	59.429	700	714	22	713	284419	282320	0.0	859
CDF91850.1	CM003565.1	26.571	557	714	174	698	477036	478676	1.23e-41	162
CDF91851.1	CM003559.1	63.158	95	84	1	82	284892	285176	7.26e-33	117
CDF91852.1	CM003559.1	33.684	95	112	20	112	285573	285295	4.56e-11	56.6
CDF91853.1	CM003559.1	84.713	314	314	1	313	285837	286778	2.15e-175	537
CDF91854.1	CM003559.1	38.806	871	944	150	915	287806	290286	1.97e-113	384
CDF91855.1	CM003559.1	39.551	445	425	4	422	291911	290667	5.56e-58	204
CDF91857.1	CM003566.1	41.872	203	209	4	194	226681	226088	2.76e-44	156
CDF91858.1	CM003566.1	44.939	247	250	4	240	226923	227633	1.07e-57	196
CDF91859.1	CM003561.1	75.100	502	495	1	495	168019	169524	0.0	787
CDF91860.1	CM003566.1	58.025	405	847	12	414	230581	229391	1.04e-151	492
CDF91860.1	CM003566.1	42.373	177	847	643	819	229004	228531	7.70e-35	142
CDF91862.1	CM003561.1	37.037	837	755	4	752	172046	169674	1.02e-124	410
CDF91864.1	CM003561.1	47.175	761	1040	1	744	175811	178018	0.0	704
CDF91864.1	CM003561.1	50.519	289	1040	745	1028	178018	178881	0.0	238
CDF91865.1	CM003561.1	48.098	368	452	1	354	180445	179342	3.28e-104	339
CDF91866.1	CM003561.1	34.195	503	556	47	540	181260	182606	2.02e-84	286
CDF91867.1	CM003566.1	67.742	496	669	185	669	232450	230987	0.0	694
CDF91868.1	CM003561.1	66.545	275	276	3	266	182845	183669	5.31e-117	367
CDF91869.1	CM003566.1	65.395	367	366	1	366	233567	234661	4.31e-166	513
CDF91870.1	CM003561.1	43.889	360	367	13	364	183924	184979	8.60e-93	302
CDF91870.1	CM003558.1	30.741	270	367	24	287	540168	540794	4.50e-17	81.6
CDF91870.1	CM003558.1	28.488	172	367	131	299	184607	185095	5.48e-13	69.3
CDF91870.1	CM003558.1	34.821	112	367	123	230	275209	274883	3.14e-11	63.5
CDF91870.1	CM003570.1	30.244	205	367	40	244	485925	485425	2.06e-15	76.6
CDF91870.1	CM003570.1	34.234	111	367	131	240	659832	660158	8.92e-15	74.7
CDF91870.1	CM003570.1	25.993	277	367	28	289	853790	853125	2.39e-13	70.5
CDF91870.1	CM003570.1	24.599	187	367	46	232	467201	466749	4.47e-12	66.2
CDF91870.1	CM003565.1	30.872	149	367	135	283	484078	483719	7.88e-14	71.6
CDF91870.1	CM003565.1	36.893	103	367	131	232	517595	517885	7.15e-11	62.4
CDF91870.1	CM003560.1	39.831	118	367	135	242	137365	137030	3.15e-13	70.1
CDF91870.1	CM003560.1	27.500	240	367	50	289	1248523	1247981	3.16e-12	66.6
CDF91872.1	CM003566.1	38.293	867	797	1	781	235012	237555	1.01e-166	534
CDF91873.1	CM003566.1	87.420	469	469	1	469	239107	237701	0.0	877
CDF91873.1	CM003558.1	60.128	469	469	5	468	715871	717271	0.0	583
CDF91874.1	CM003561.1	58.201	378	370	2	370	186201	185068	6.69e-142	444
CDF91875.1	CM003566.1	66.839	193	251	33	219	240104	239526	1.19e-85	276
CDF91876.1	CM003561.1	48.783	1767	1569	30	1569	188752	193941	0.0	1374
CDF91876.1	CM003561.1	29.221	154	1569	694	843	95760	96218	1.98e-11	67.8
CDF91876.1	CM003568.1	46.497	157	1569	694	850	446693	446229	4.09e-37	152
CDF91876.1	CM003568.1	36.957	138	1569	990	1126	76190	75810	4.08e-25	113
CDF91876.1	CM003568.1	38.971	136	1569	992	1124	446024	445641	6.11e-25	112
CDF91876.1	CM003568.1	33.000	200	1569	648	842	76880	76290	1.09e-24	111
CDF91876.1	CM003568.1	30.986	142	1569	702	843	105101	105526	1.67e-15	81.3
CDF91876.1	CM003568.1	26.277	274	1569	619	841	710570	709758	7.37e-12	69.3
CDF91876.1	CM003562.1	42.675	157	1569	691	847	397766	397302	1.75e-30	130
CDF91876.1	CM003562.1	36.029	136	1569	992	1125	397151	396762	9.96e-17	85.5
CDF91876.1	CM003562.1	31.515	165	1569	693	842	886362	886856	1.66e-13	74.7
CDF91876.1	CM003570.1	39.583	192	1569	663	847	741150	741719	1.87e-30	130
CDF91876.1	CM003570.1	36.842	152	1569	692	843	160617	161069	1.89e-29	127
CDF91876.1	CM003570.1	36.601	153	1569	992	1139	161100	161531	1.29e-22	104
CDF91876.1	CM003570.1	32.667	150	1569	992	1139	741870	742280	1.67e-17	88.2
CDF91876.1	CM003570.1	33.835	133	1569	710	842	151407	151012	7.81e-17	85.9
CDF91876.1	CM003570.1	28.916	166	1569	682	844	257472	256984	1.22e-16	85.1
CDF91876.1	CM003570.1	32.121	165	1569	687	844	486072	485593	7.23e-14	75.9
CDF91876.1	CM003570.1	30.128	156	1569	693	848	262125	262568	1.02e-13	75.5
CDF91876.1	CM003570.1	29.221	154	1569	695	842	282221	281766	1.21e-12	72.0
CDF91876.1	CM003570.1	31.847	157	1569	696	841	279764	279297	1.75e-11	68.2
CDF91876.1	CM003570.1	33.333	120	1569	977	1096	151014	150694	2.12e-11	67.8
CDF91876.1	CM003564.1	33.537	164	1569	680	843	614312	614800	1.97e-29	127
CDF91876.1	CM003564.1	31.765	170	1569	680	843	474812	474303	1.58e-21	101
CDF91876.1	CM003564.1	35.652	115	1569	992	1104	614831	615148	1.91e-19	94.4
CDF91877.1	CM003566.1	77.143	595	594	1	594	240687	242471	0.0	982
CDF91878.1	CM003561.1	55.467	1125	1068	1	1068	197587	194369	0.0	1095
CDF91879.1	CM003566.1	87.037	108	119	5	112	243301	243624	3.10e-49	166
CDF91879.1	CM003561.1	84.259	108	119	5	112	198465	198788	1.31e-48	164
CDF91880.1	CM003566.1	52.454	326	315	5	314	243986	244951	5.26e-107	341
CDF91881.1	CM003561.1	81.139	281	274	7	274	199204	200040	1.61e-147	455
CDF91881.1	CM003553.1	34.483	174	274	96	267	148066	147545	2.37e-34	130
CDF91882.1	CM003561.1	63.756	1363	1310	1	1310	204287	200235	0.0	1775
CDF91883.1	CM003566.1	47.925	265	259	3	259	245186	245977	2.64e-71	236
CDF91885.1	CM003561.1	88.517	209	209	1	209	207071	207688	5.85e-121	375
CDF91885.1	CM003561.1	48.780	205	209	5	209	132327	131731	8.01e-59	197
CDF91885.1	CM003555.1	46.047	215	209	4	209	215319	214675	5.72e-52	178
CDF91885.1	CM003562.1	44.393	214	209	4	209	956928	956287	4.29e-50	172
CDF91885.1	CM003562.1	36.810	163	209	9	169	276200	276685	4.21e-27	106
CDF91885.1	CM003569.1	34.804	204	209	9	209	594369	594971	2.92e-35	130
CDF91885.1	CM003569.1	31.677	161	209	9	169	403066	403539	2.67e-23	95.9
CDF91885.1	CM003569.1	35.393	178	209	9	185	569902	569396	5.85e-23	94.7
CDF91885.1	CM003567.1	38.421	190	209	1	183	249913	250470	7.22e-35	129
CDF91885.1	CM003567.1	25.980	204	209	13	190	140169	139564	8.05e-16	73.9
CDF91886.1	CM003566.1	39.011	182	173	1	173	246621	246079	2.61e-38	137
CDF91887.1	CM003561.1	98.387	372	375	4	375	208679	209794	0.0	769
CDF91887.1	CM003563.1	47.222	360	375	8	364	173534	174613	6.74e-114	363
CDF91887.1	CM003560.1	46.154	377	375	8	368	1117107	1115977	1.02e-113	363
CDF91887.1	CM003564.1	36.036	444	375	7	372	178761	180065	2.04e-73	247
CDF91887.1	CM003564.1	25.862	290	375	4	264	440308	441156	5.50e-23	99.8
CDF91887.1	CM003564.1	36.301	146	375	224	366	441295	441708	2.26e-21	95.1
CDF91887.1	CM003568.1	28.261	230	375	6	228	265642	266316	5.58e-24	102
CDF91888.1	CM003561.1	39.235	497	509	5	497	211644	210157	1.04e-123	397
CDF91888.1	CM003561.1	19.444	504	509	14	506	150171	148699	2.32e-19	90.9
CDF91888.1	CM003560.1	21.609	435	509	48	474	24079	22838	3.15e-24	105
CDF91888.1	CM003560.1	23.112	437	509	59	478	1302605	1301370	1.31e-18	88.6
CDF91888.1	CM003560.1	21.250	480	509	14	474	371331	372710	5.01e-18	86.7
CDF91888.1	CM003560.1	20.868	484	509	11	474	1404441	1403065	2.37e-17	84.3
CDF91888.1	CM003560.1	20.632	475	509	14	471	87635	88996	4.15e-17	83.6
CDF91888.1	CM003560.1	21.097	474	509	14	474	362590	363969	4.26e-17	83.6
CDF91888.1	CM003560.1	21.042	480	509	14	474	365939	367318	6.58e-17	83.2
CDF91888.1	CM003560.1	20.000	520	509	15	494	1509107	1510603	1.78e-15	78.6
CDF91888.1	CM003560.1	22.759	435	509	38	462	1413411	1414637	5.49e-14	73.6
CDF91888.1	CM003566.1	21.195	519	509	13	505	270124	271590	1.95e-20	94.4
CDF91888.1	CM003567.1	19.590	439	509	14	437	270992	272260	4.38e-19	90.1
CDF91888.1	CM003563.1	20.545	477	509	14	474	249055	250434	5.26e-19	89.7
CDF91888.1	CM003563.1	21.795	468	509	19	474	245238	246602	3.24e-17	84.0
CDF91888.1	CM003563.1	20.213	470	509	19	475	241481	242848	2.05e-14	75.1
CDF91889.1	CM003566.1	51.630	184	186	1	183	246872	247417	2.60e-62	206
CDF91890.1	CM003566.1	45.614	969	941	1	939	250416	247519	0.0	890
CDF91891.1	CM003564.1	40.878	296	997	716	997	325914	326801	1.58e-65	241
CDF91891.1	CM003564.1	34.302	516	997	1	442	323358	324839	3.64e-52	199
CDF91892.1	CM003566.1	57.732	97	151	1	97	250711	251001	2.81e-30	113
CDF91893.1	CM003566.1	83.014	730	762	33	762	253520	251334	0.0	1296
CDF91893.1	CM003566.1	34.783	161	762	67	225	697414	697878	4.07e-19	91.7
CDF91893.1	CM003564.1	35.104	527	762	67	551	494119	492569	1.19e-78	275
CDF91893.1	CM003569.1	37.500	152	762	67	206	510073	509633	8.60e-19	90.5
CDF91893.1	CM003560.1	37.500	152	762	67	206	289697	289257	8.60e-19	90.5
CDF91893.1	CM003568.1	38.411	151	762	70	207	450334	450762	4.12e-14	75.5
CDF91894.1	CM003561.1	67.541	610	618	4	611	213907	212084	0.0	877
CDF91894.1	CM003567.1	46.865	606	618	5	608	359707	361476	1.14e-173	546
CDF91894.1	CM003560.1	29.391	558	618	19	518	71302	72876	2.50e-51	190
CDF91895.1	CM003566.1	58.165	1090	1042	1	1020	258323	255096	0.0	1252
CDF91896.1	CM003561.1	39.927	546	811	173	710	215592	217085	4.17e-122	405
CDF91896.1	CM003566.1	44.570	442	811	269	702	259024	260286	4.59e-111	372
CDF91896.1	CM003560.1	29.493	434	811	270	698	404040	405164	4.70e-44	171
CDF91896.1	CM003560.1	32.323	198	811	537	732	405318	405866	3.25e-24	108
CDF91896.1	CM003563.1	46.281	121	811	270	388	272422	272784	4.91e-30	127
CDF91896.1	CM003563.1	34.274	248	811	483	725	272920	273648	8.35e-29	123
CDF91896.1	CM003563.1	27.660	282	811	542	811	273736	274539	2.28e-21	99.4
CDF91897.1	CM003561.1	48.867	309	307	1	306	217500	218402	9.18e-91	294
CDF91898.1	CM003566.1	74.126	143	165	1	143	262158	261730	6.09e-71	230
CDF91899.1	CM003566.1	91.855	221	223	1	221	262626	263288	5.09e-139	428
CDF91901.1	CM003561.1	72.330	206	207	4	207	220241	219624	3.92e-98	310
CDF91902.1	CM003566.1	42.593	594	580	1	578	263571	265313	4.24e-142	454
CDF91903.1	CM003566.1	50.633	237	248	2	229	266165	265494	3.23e-63	212
CDF91904.1	CM003566.1	37.329	292	281	1	269	266518	267369	1.47e-37	139
CDF91905.1	CM003561.1	59.444	720	722	1	717	222638	220500	0.0	911
CDF91907.1	CM003561.1	55.455	440	419	1	419	222897	224213	3.53e-161	501
CDF91907.1	CM003566.1	43.198	419	419	6	419	267704	268948	1.79e-104	338
CDF91908.1	CM003561.1	48.803	543	539	6	529	226184	224559	2.30e-149	473
CDF91909.1	CM003567.1	63.736	364	366	1	364	4615	5703	5.68e-150	466
CDF91910.1	CM003562.1	61.266	395	393	1	393	1030474	1029353	2.03e-156	486
CDF91910.1	CM003566.1	31.618	408	393	41	393	383692	382478	2.02e-60	210
CDF91915.1	CM003566.1	59.894	379	409	23	400	11839	10706	3.09e-156	486
CDF91916.1	CM003560.1	36.479	551	553	5	545	563168	561558	1.38e-94	315
CDF91916.1	CM003558.1	35.821	134	553	124	257	621942	621544	1.53e-12	69.3
CDF91917.1	CM003563.1	35.199	679	669	2	618	458691	460721	1.63e-128	418
CDF91918.1	CM003569.1	68.023	516	516	1	513	41610	40078	0.0	711
CDF91918.1	CM003567.1	40.734	518	516	12	509	32687	34207	1.32e-108	354
CDF91918.1	CM003567.1	39.167	480	516	45	516	797982	796564	1.62e-98	325
CDF91919.1	CM003569.1	30.748	361	357	11	346	1036382	1035381	1.48e-30	122
CDF91919.1	CM003560.1	29.050	358	357	9	346	11677	12684	4.26e-27	111
CDF91919.1	CM003562.1	27.807	374	357	7	347	624807	623788	5.34e-26	108
CDF91919.1	CM003562.1	28.075	374	357	11	345	836359	835358	1.03e-25	107
CDF91920.1	CM003569.1	25.905	359	471	43	387	1021191	1020232	1.12e-18	88.2
CDF91920.1	CM003568.1	26.923	286	471	44	311	52294	51455	3.24e-16	80.5
CDF91920.1	CM003566.1	24.648	284	471	103	383	989112	989900	3.02e-15	77.4
CDF91922.1	CM003566.1	46.067	89	258	106	194	374882	374637	1.75e-33	80.5
CDF91922.1	CM003566.1	41.905	105	258	5	105	375193	374882	1.75e-33	78.6
CDF91924.1	CM003558.1	55.839	548	534	1	533	240086	238452	0.0	641
CDF91924.1	CM003558.1	25.069	363	534	49	376	569933	570955	2.09e-18	88.2
CDF91924.1	CM003558.1	28.144	167	534	105	271	303519	303025	1.17e-13	72.8
CDF91924.1	CM003563.1	30.040	506	534	37	532	334260	332776	1.21e-66	233
CDF91924.1	CM003569.1	27.930	512	534	54	532	248557	250044	1.82e-59	212
CDF91924.1	CM003566.1	28.392	479	534	64	532	70332	71720	4.21e-59	211
CDF91924.1	CM003570.1	29.231	520	534	25	531	780916	782400	5.35e-53	193
CDF91925.1	CM003565.1	33.261	460	664	7	447	662534	663904	6.67e-76	265
CDF91925.1	CM003569.1	27.504	669	664	3	623	430901	428928	3.41e-53	197
CDF91925.1	CM003569.1	22.899	690	664	7	630	443301	445304	8.14e-40	156
CDF91925.1	CM003566.1	26.018	442	664	8	423	653582	652335	5.83e-24	106
CDF91926.1	CM003569.1	49.555	337	343	1	336	1036388	1035381	2.19e-104	335
CDF91926.1	CM003560.1	51.039	337	343	2	336	11680	12684	7.63e-103	330
CDF91926.1	CM003562.1	45.954	346	343	2	341	836362	835340	1.60e-94	306
CDF91926.1	CM003562.1	45.029	342	343	3	341	624795	623776	2.04e-91	297
CDF91927.1	CM003553.1	42.636	129	260	129	256	275173	274808	8.31e-22	93.2
CDF91928.1	CM003553.1	67.146	417	411	1	411	273492	274742	0.0	585
CDF91928.1	CM003570.1	35.854	410	411	19	411	491203	492414	8.39e-58	203
CDF91929.1	CM003553.1	49.153	590	1356	789	1356	270603	269011	2.21e-161	538
CDF91929.1	CM003568.1	34.917	484	1356	808	1273	649021	650451	1.52e-84	305
CDF91930.1	CM003565.1	41.096	365	333	5	329	29074	30123	8.66e-67	226
CDF91930.1	CM003553.1	31.579	133	333	1	133	268759	268448	1.57e-12	67.4
CDF91931.1	CM003553.1	56.291	151	179	22	172	267538	267990	4.46e-56	188
CDF91932.1	CM003553.1	78.261	69	73	5	73	267193	266987	1.48e-33	119
CDF91933.1	CM003565.1	39.759	747	747	3	684	33168	31000	2.85e-137	446
CDF91934.1	CM003553.1	44.963	1092	1038	7	1037	266822	263670	0.0	860
CDF91934.1	CM003565.1	48.560	486	1038	554	1037	34663	35970	1.10e-139	464
CDF91934.1	CM003565.1	40.940	149	1038	15	163	33865	34308	1.33e-28	123
CDF91934.1	CM003555.1	25.182	548	1038	326	818	453347	451776	1.67e-32	136
CDF91934.1	CM003560.1	32.773	238	1038	580	805	905542	906219	7.10e-27	117
CDF91934.1	CM003564.1	28.846	208	1038	576	765	660382	659789	6.41e-13	72.0
CDF91935.1	CM003553.1	64.803	608	643	47	643	261405	263228	0.0	798
CDF91936.1	CM003553.1	52.528	356	347	5	347	259972	261006	1.67e-84	278
CDF91937.1	CM003553.1	56.734	349	410	9	351	259756	258713	2.61e-126	400
CDF91937.1	CM003570.1	34.629	283	410	52	325	258968	259804	1.00e-39	150
CDF91938.1	CM003565.1	83.364	547	548	1	547	37885	36245	0.0	981
CDF91940.1	CM003565.1	59.459	962	1255	310	1255	41438	38658	0.0	1115
CDF91940.1	CM003553.1	53.389	959	1255	307	1255	254877	257639	0.0	1035
CDF91941.1	CM003565.1	57.333	75	84	10	84	43057	42833	4.90e-25	95.1
CDF91943.1	CM003553.1	50.515	582	573	1	572	252252	253964	0.0	580
CDF91944.1	CM003565.1	40.696	1752	1815	22	1717	49164	44032	0.0	1077
CDF91944.1	CM003553.1	28.282	1828	1815	22	1806	246925	251949	1.16e-149	514
CDF91945.1	CM003553.1	99.200	125	128	4	128	245827	245453	8.23e-80	253
CDF91945.1	CM003565.1	99.200	125	128	4	128	50663	51037	8.56e-80	253
CDF91945.1	CM003566.1	98.701	77	128	1	77	50370	50140	6.63e-46	157
CDF91945.1	CM003566.1	98.701	77	128	1	77	50142	49912	8.69e-46	156
CDF91945.1	CM003566.1	98.701	77	128	1	77	49914	49684	8.69e-46	156
CDF91945.1	CM003566.1	98.701	77	128	1	77	49686	49456	8.69e-46	156
CDF91945.1	CM003566.1	98.701	77	128	1	77	49458	49228	8.69e-46	156
CDF91945.1	CM003566.1	100.000	76	128	1	76	49230	49003	1.38e-45	155
CDF91945.1	CM003566.1	100.000	76	128	1	76	486025	486252	1.54e-45	155
CDF91945.1	CM003560.1	56.000	50	128	1	50	763567	763716	3.53e-14	62.0
CDF91945.1	CM003560.1	34.286	70	128	51	114	763790	763993	3.53e-14	30.0
CDF91946.1	CM003553.1	58.615	1213	1131	10	1095	241557	245159	0.0	1246
CDF91947.1	CM003553.1	37.689	528	496	7	496	239300	240796	4.60e-89	297
CDF91948.1	CM003565.1	70.556	540	617	54	588	53134	51518	0.0	796
CDF91949.1	CM003553.1	45.172	290	294	27	291	237772	238617	1.03e-68	230
CDF91950.1	CM003553.1	50.226	665	671	12	660	236879	234906	0.0	662
CDF91951.1	CM003553.1	83.740	861	858	1	858	231942	234470	0.0	1465
CDF91952.1	CM003565.1	83.333	90	522	433	522	56038	56307	7.77e-49	180
CDF91953.1	CM003569.1	38.272	243	406	56	281	605759	605193	7.76e-29	118
CDF91953.1	CM003565.1	35.079	191	406	104	278	57204	56719	2.25e-17	83.2
CDF91954.1	CM003565.1	38.760	516	683	284	681	59447	57915	9.20e-98	329
CDF91954.1	CM003565.1	40.288	139	683	1	130	60029	59661	3.00e-11	65.9
CDF91956.1	CM003563.1	49.787	235	695	33	245	170011	170715	1.72e-69	246
CDF91956.1	CM003568.1	40.000	140	695	569	693	427099	427485	4.68e-22	100
CDF91957.1	CM003570.1	31.956	363	428	47	391	312625	311570	9.92e-48	174
CDF91959.1	CM003563.1	57.825	377	382	3	379	173504	174634	1.58e-147	460
CDF91959.1	CM003561.1	47.027	370	382	13	381	208691	209791	1.32e-115	369
CDF91959.1	CM003560.1	35.200	375	382	13	372	1117107	1115989	4.56e-74	249
CDF91959.1	CM003564.1	29.252	441	382	6	372	178743	180041	7.60e-45	164
CDF91959.1	CM003564.1	25.751	233	382	13	243	440320	440973	5.42e-16	78.6
CDF91959.1	CM003564.1	31.915	94	382	281	372	441421	441702	1.08e-11	65.5
CDF91959.1	CM003568.1	27.572	243	382	4	237	265615	266322	5.45e-18	84.7
CDF91960.1	CM003563.1	84.722	216	216	1	216	175530	174883	8.67e-125	387
CDF91960.1	CM003568.1	32.500	200	216	9	201	138425	137829	1.82e-25	102
CDF91961.1	CM003568.1	62.281	114	118	5	116	429284	428952	2.17e-43	149
CDF91962.1	CM003568.1	32.296	257	241	1	241	429662	430423	1.23e-34	129
CDF91963.1	CM003568.1	40.909	110	139	9	118	430580	430894	1.43e-22	90.9
CDF91964.1	CM003568.1	61.345	238	240	13	240	431851	432564	1.09e-71	236
CDF91965.1	CM003568.1	50.827	423	395	1	395	434020	432797	6.78e-115	367
CDF91966.1	CM003568.1	46.287	1616	1579	21	1579	414697	419418	0.0	1408
CDF91967.1	CM003568.1	50.000	62	82	11	72	414157	413972	3.78e-16	69.7
CDF91968.1	CM003563.1	43.038	237	190	1	184	176731	176024	2.28e-45	158
CDF91969.1	CM003568.1	58.131	535	537	6	537	413592	412027	0.0	617
CDF91970.1	CM003568.1	63.860	487	482	1	482	410290	411747	0.0	634
CDF91971.1	CM003568.1	49.689	161	305	1	142	409977	409525	1.24e-45	164
CDF91972.1	CM003568.1	90.351	114	114	1	114	408119	408460	4.02e-67	216
CDF91972.1	CM003560.1	54.286	105	114	11	114	51928	51614	1.88e-30	112
CDF91972.1	CM003566.1	40.708	113	114	2	114	1008023	1008352	2.05e-21	86.3
CDF91972.1	CM003567.1	41.593	113	114	2	114	114816	114487	4.82e-21	85.5
CDF91973.1	CM003568.1	55.882	374	370	2	370	406773	407888	7.24e-131	412
CDF91973.1	CM003566.1	54.400	375	370	1	370	1037546	1036428	2.46e-123	390
CDF91973.1	CM003559.1	53.600	375	370	1	370	11066	12184	1.21e-121	385
CDF91976.1	CM003566.1	69.437	373	417	43	415	11815	10697	2.28e-179	553
CDF91977.1	CM003570.1	86.834	319	319	1	319	39527	40480	0.0	586
CDF91978.1	CM003570.1	39.111	225	223	1	223	38575	39198	1.97e-37	137
CDF91979.1	CM003570.1	52.109	806	821	25	820	35864	38245	0.0	803
CDF91980.1	CM003570.1	37.349	581	572	13	540	33473	35191	4.37e-107	352
CDF91981.1	CM003570.1	65.650	754	730	3	730	30984	33200	0.0	931
CDF91981.1	CM003570.1	27.863	262	730	399	640	268815	269540	3.82e-14	75.5
CDF91981.1	CM003566.1	44.624	679	730	1	667	515412	517424	9.58e-174	551
CDF91981.1	CM003566.1	26.439	556	730	142	658	27895	26315	6.36e-35	142
CDF91981.1	CM003566.1	28.022	546	730	146	658	104928	106517	8.23e-34	138
CDF91981.1	CM003566.1	22.385	478	730	188	647	29824	28451	3.48e-21	98.2
CDF91981.1	CM003566.1	22.368	532	730	230	721	103179	104666	1.76e-19	92.8
CDF91981.1	CM003565.1	30.314	541	730	156	669	624151	625731	4.04e-56	207
CDF91981.1	CM003565.1	28.723	564	730	174	709	622156	623775	1.04e-49	187
CDF91981.1	CM003565.1	22.338	385	730	157	520	13309	12215	4.56e-16	81.6
CDF91981.1	CM003565.1	28.782	271	730	427	675	14395	13595	3.31e-15	79.0
CDF91981.1	CM003567.1	29.583	551	730	139	665	841004	839439	2.62e-53	199
CDF91981.1	CM003563.1	29.755	531	730	170	655	503369	504874	5.22e-40	158
CDF91981.1	CM003563.1	24.520	469	730	202	652	501518	502873	9.19e-18	87.0
CDF91982.1	CM003570.1	48.387	62	62	1	62	30485	30670	8.51e-18	73.6
CDF91983.1	CM003555.1	49.062	1066	1046	1	1044	51812	48759	0.0	902
CDF91984.1	CM003555.1	52.482	564	550	2	547	43529	45190	5.08e-179	558
CDF91986.1	CM003560.1	37.500	424	417	7	417	424852	423617	4.68e-75	253
CDF91987.1	CM003567.1	80.137	730	801	74	801	347103	344914	0.0	1229
CDF91988.1	CM003567.1	53.571	140	207	22	152	343882	344289	2.16e-37	136
CDF91989.1	CM003567.1	42.632	1269	1204	1	1200	343522	340199	0.0	637
CDF91989.1	CM003565.1	40.038	1054	1204	207	1202	357777	355021	8.84e-137	460
CDF91989.1	CM003565.1	33.074	514	1204	455	815	357822	356326	1.10e-14	78.2
CDF91989.1	CM003562.1	41.216	148	1204	1061	1200	706519	706085	1.39e-23	107
CDF91989.1	CM003562.1	40.773	233	1204	605	805	342286	342909	6.07e-12	69.3
CDF91989.1	CM003562.1	36.000	250	1204	259	496	707815	707267	7.94e-12	68.9
CDF91989.1	CM003562.1	38.519	270	1204	494	734	342187	342888	3.10e-11	67.0
CDF91989.1	CM003562.1	38.326	227	1204	406	616	707815	707264	4.09e-11	66.6
CDF91989.1	CM003562.1	36.014	286	1204	553	810	707926	707168	4.53e-11	66.2
CDF91990.1	CM003567.1	43.460	474	419	1	398	338124	339458	6.45e-109	351
CDF91991.1	CM003567.1	89.899	99	226	1	99	336601	336891	8.18e-52	178
CDF91991.1	CM003567.1	69.136	81	226	20	100	335570	335812	2.78e-35	130
CDF91992.1	CM003567.1	74.725	91	118	27	117	335543	335815	5.14e-43	148
CDF91992.1	CM003567.1	59.000	100	118	20	114	336589	336888	1.08e-34	124
CDF91993.1	CM003565.1	77.483	151	152	2	152	353929	353477	1.14e-79	254
CDF91995.1	CM003567.1	60.299	335	337	2	336	334706	333702	2.75e-135	423
CDF91996.1	CM003565.1	47.980	198	224	14	210	351731	352264	3.69e-54	185
CDF91996.1	CM003567.1	45.652	138	224	1	135	333111	333506	1.32e-30	117
CDF91997.1	CM003567.1	50.704	284	245	1	237	332252	331401	2.98e-74	243
CDF91998.1	CM003565.1	57.751	987	928	2	928	350976	348076	0.0	978
CDF91998.1	CM003569.1	38.636	308	928	617	907	1004167	1003361	1.28e-55	209
CDF91998.1	CM003569.1	36.765	136	928	395	530	1004449	1004174	6.92e-19	91.3
CDF91998.1	CM003561.1	40.000	190	928	772	920	229018	229584	1.47e-39	158
CDF91998.1	CM003561.1	56.667	90	928	617	706	228739	229008	4.73e-26	114
CDF91998.1	CM003561.1	36.765	136	928	395	530	228457	228732	3.63e-19	92.4
CDF91999.1	CM003565.1	46.825	126	277	1	123	347229	347606	2.33e-27	110
CDF92000.1	CM003565.1	34.864	479	566	136	566	344940	343630	1.87e-61	219
CDF92000.1	CM003567.1	32.340	470	566	168	566	328475	327135	4.03e-43	164
CDF92000.1	CM003567.1	36.471	85	566	484	563	99249	99494	6.31e-12	67.4
CDF92000.1	CM003555.1	59.649	57	566	504	560	421512	421342	1.70e-17	85.5
CDF92000.1	CM003555.1	51.613	62	566	503	562	212424	212242	2.32e-14	75.5
CDF92000.1	CM003562.1	48.333	60	566	503	560	954856	954680	4.59e-13	71.2
CDF92000.1	CM003560.1	48.148	54	566	504	557	851981	851820	1.00e-11	66.6
CDF92001.1	CM003565.1	49.771	436	796	5	424	319694	321001	9.39e-130	426
CDF92001.1	CM003565.1	22.432	370	796	21	382	532501	533406	5.79e-16	81.6
CDF92001.1	CM003565.1	25.309	324	796	77	386	419059	418211	3.71e-14	75.5
CDF92001.1	CM003565.1	25.475	263	796	154	389	461398	460721	3.58e-11	65.9
CDF92001.1	CM003555.1	33.663	303	796	74	357	417883	418689	6.74e-36	145
CDF92001.1	CM003562.1	29.752	363	796	24	375	886248	887162	7.44e-33	136
CDF92001.1	CM003562.1	23.140	363	796	76	396	891184	890258	1.31e-19	93.6
CDF92001.1	CM003570.1	27.761	335	796	71	386	279782	278964	1.48e-21	99.8
CDF92001.1	CM003570.1	27.414	321	796	62	380	262101	262838	5.10e-20	94.7
CDF92001.1	CM003570.1	24.534	322	796	65	382	160593	161348	1.84e-16	83.2
CDF92001.1	CM003570.1	25.843	178	796	219	394	151152	150682	1.98e-11	66.6
CDF92001.1	CM003559.1	27.679	336	796	63	386	230060	229230	1.00e-20	97.1
CDF92001.1	CM003559.1	24.359	312	796	83	382	41925	41149	4.36e-18	88.6
CDF92002.1	CM003567.1	39.086	394	550	176	545	325731	324589	5.44e-66	232
CDF92003.1	CM003567.1	54.938	162	172	2	163	323884	324369	3.23e-67	220
CDF92003.1	CM003567.1	26.582	158	172	4	144	533797	533360	1.49e-13	66.2
CDF92004.1	CM003567.1	59.059	425	452	10	434	323422	322190	1.04e-169	527
CDF92004.1	CM003560.1	52.055	73	452	315	380	668961	668743	2.79e-14	74.3
CDF92005.1	CM003567.1	61.135	458	462	11	462	320631	322001	1.21e-176	548
CDF92006.1	CM003565.1	48.523	237	197	1	197	322051	322737	6.87e-59	197
CDF92006.1	CM003568.1	57.732	97	197	99	195	196743	196462	2.09e-30	115
CDF92006.1	CM003558.1	57.732	97	197	99	195	242328	242609	3.04e-30	115
CDF92007.1	CM003567.1	49.782	689	650	1	649	318025	320019	0.0	611
CDF92008.1	CM003567.1	39.373	734	889	1	714	317470	315332	3.66e-132	437
CDF92008.1	CM003565.1	27.681	690	889	1	652	323195	325207	1.27e-52	199
CDF92009.1	CM003565.1	56.886	334	352	4	330	327487	326525	1.17e-118	376
CDF92010.1	CM003569.1	58.459	532	574	39	570	1041614	1043194	0.0	655
CDF92010.1	CM003564.1	55.240	563	574	18	570	627476	625800	0.0	645
CDF92013.1	CM003567.1	83.036	112	498	212	323	287101	286766	2.01e-62	219
CDF92013.1	CM003565.1	81.481	108	498	212	319	311525	311202	4.62e-58	207
CDF92014.1	CM003567.1	48.911	597	788	102	689	295770	297467	0.0	621
CDF92014.1	CM003567.1	50.000	66	788	5	70	295101	295286	1.92e-14	76.6
CDF92015.1	CM003565.1	72.244	508	498	1	489	315322	313799	0.0	756
CDF92016.1	CM003567.1	56.868	364	505	139	492	298533	299615	3.30e-130	416
CDF92016.1	CM003567.1	60.274	146	505	7	151	298135	298572	1.33e-49	182
CDF92017.1	CM003567.1	41.943	422	366	1	353	301148	299907	1.40e-94	307
CDF92018.1	CM003567.1	89.697	165	165	1	165	301410	301904	1.38e-99	312
CDF92018.1	CM003560.1	40.123	162	165	4	162	963138	963620	1.09e-36	132
CDF92018.1	CM003560.1	34.848	132	165	26	157	955835	956188	1.42e-22	92.0
CDF92018.1	CM003560.1	30.405	148	165	7	153	681236	680832	3.61e-19	82.0
CDF92018.1	CM003560.1	32.353	136	165	12	147	861415	861050	8.35e-19	81.3
CDF92018.1	CM003560.1	29.139	151	165	9	155	1178867	1178448	1.59e-18	80.5
CDF92018.1	CM003562.1	35.802	162	165	1	162	651791	651348	8.54e-35	127
CDF92018.1	CM003562.1	33.775	151	165	2	139	314891	314475	4.29e-18	79.0
CDF92018.1	CM003569.1	39.597	149	165	7	155	126388	126795	2.03e-29	111
CDF92018.1	CM003558.1	34.286	140	165	18	157	387010	386633	3.56e-25	99.4
CDF92019.1	CM003565.1	67.593	432	450	19	450	316245	317537	0.0	629
CDF92019.1	CM003567.1	49.887	443	450	12	450	718186	719511	1.15e-144	455
CDF92020.1	CM003565.1	35.283	547	529	1	529	319352	317805	1.99e-99	328
CDF92021.1	CM003565.1	44.444	108	118	4	111	342970	342647	1.58e-23	92.4
CDF92022.1	CM003567.1	52.772	523	512	4	512	303726	302170	3.44e-179	557
CDF92023.1	CM003567.1	27.734	256	261	45	255	306178	306897	3.35e-13	67.8
CDF92024.1	CM003567.1	49.502	402	381	1	381	308163	306967	1.97e-125	397
CDF92025.1	CM003565.1	81.440	361	361	1	361	341260	342336	0.0	608
CDF92026.1	CM003567.1	65.236	466	457	2	455	308611	310002	0.0	613
CDF92027.1	CM003565.1	67.447	427	433	1	409	339304	340539	0.0	582
CDF92028.1	CM003565.1	85.246	122	122	1	122	338582	338217	1.94e-67	218
CDF92029.1	CM003567.1	51.093	366	365	2	365	310216	311307	2.19e-122	387
CDF92030.1	CM003565.1	45.211	1044	1028	1	1027	334779	337883	0.0	932
CDF92031.1	CM003567.1	32.860	563	566	6	537	312932	311406	9.71e-62	219
CDF92032.1	CM003565.1	82.036	167	167	1	167	333833	334333	2.84e-90	285
CDF92033.1	CM003565.1	44.526	274	265	3	264	332594	333409	1.97e-66	222
CDF92034.1	CM003565.1	57.895	247	731	502	731	331509	332210	2.40e-44	171
CDF92036.1	CM003565.1	81.928	83	85	1	83	329353	329601	3.85e-45	152
CDF92040.1	CM003560.1	40.286	350	334	6	323	1316700	1317722	6.54e-64	218
CDF92042.1	CM003555.1	37.624	101	130	31	130	271324	271022	4.82e-16	71.6
CDF92042.1	CM003553.1	34.021	97	130	31	126	62954	63244	1.55e-12	61.6
CDF92043.1	CM003569.1	27.460	437	476	41	466	1021224	1020079	1.19e-28	119
CDF92043.1	CM003566.1	26.471	442	476	32	466	988908	990083	8.89e-27	113
CDF92043.1	CM003568.1	21.263	475	476	23	472	52345	51023	3.78e-15	77.0
CDF92044.1	CM003567.1	38.284	606	559	9	558	161657	159903	2.33e-119	387
CDF92044.1	CM003568.1	35.484	93	559	84	175	363071	363340	6.41e-11	64.3
CDF92045.1	CM003569.1	42.617	596	592	22	586	102418	104196	8.12e-148	471
CDF92045.1	CM003569.1	29.466	543	592	68	590	799546	798020	5.35e-61	218
CDF92045.1	CM003570.1	35.305	541	592	64	590	41656	43248	1.29e-102	340
CDF92045.1	CM003570.1	29.719	498	592	67	551	23514	24965	4.67e-53	195
CDF92045.1	CM003568.1	32.787	549	592	52	588	641567	639978	2.13e-90	304
CDF92045.1	CM003568.1	31.598	557	592	18	555	642702	644315	7.66e-73	253
CDF92045.1	CM003555.1	32.657	542	592	58	588	33554	31983	2.64e-85	290
CDF92045.1	LIOO01000006.1	29.452	584	592	26	580	9485	7845	1.26e-72	252
CDF92049.1	CM003561.1	57.906	468	468	1	468	239897	241297	0.0	591
CDF92049.1	CM003558.1	58.120	468	468	1	468	409074	407674	0.0	588
CDF92049.1	CM003558.1	59.621	369	468	100	468	410629	409523	4.41e-164	478
CDF92049.1	CM003558.1	51.000	100	468	1	100	410922	410623	4.41e-164	117
CDF92049.1	LIOO01000005.1	57.692	468	468	1	468	43325	44725	0.0	587
CDF92049.1	CM003563.1	57.692	468	468	1	468	4819	3419	0.0	587
CDF92049.1	CM003557.1	57.692	468	468	1	468	205737	207137	0.0	587
CDF92050.1	CM003566.1	58.305	295	291	1	289	13241	12357	3.22e-112	355
CDF92056.1	CM003566.1	55.078	512	548	55	548	15103	16638	1.75e-179	560
CDF92056.1	CM003566.1	27.647	510	548	60	546	145093	143624	1.56e-51	189
CDF92056.1	CM003564.1	27.509	538	548	27	548	18056	16485	2.04e-54	197
CDF92056.1	CM003557.1	21.025	566	548	13	538	9202	7553	9.51e-11	63.5
CDF92057.1	CM003564.1	75.192	782	801	20	801	689136	691421	0.0	1241
CDF92057.1	CM003570.1	31.068	721	801	86	774	914161	912050	3.69e-96	328
CDF92061.1	CM003564.1	37.156	218	238	1	204	676562	677215	1.24e-41	149
CDF92061.1	CM003553.1	31.674	221	238	1	206	210808	210191	1.38e-18	83.2
CDF92062.1	CM003569.1	67.740	1460	1498	2	1449	465268	460892	0.0	2112
CDF92062.1	CM003569.1	61.310	1512	1498	6	1449	153317	148782	0.0	1957
CDF92062.1	CM003569.1	31.633	1353	1498	154	1448	736159	732293	0.0	660
CDF92062.1	CM003569.1	23.341	1281	1498	150	1342	892621	896061	3.57e-65	244
CDF92062.1	CM003569.1	26.813	593	1498	813	1352	892468	894129	4.53e-34	142
CDF92062.1	CM003569.1	22.884	638	1498	138	755	894580	896319	6.75e-24	108
CDF92062.1	CM003569.1	23.729	649	1498	153	754	734014	732263	4.65e-21	99.8
CDF92062.1	CM003560.1	67.555	1464	1498	11	1449	253659	249271	0.0	2098
CDF92062.1	CM003560.1	39.857	1395	1498	62	1449	1045371	1041286	0.0	1051
CDF92062.1	CM003570.1	38.881	1376	1498	91	1447	443184	439171	0.0	983
CDF92062.1	CM003570.1	23.100	658	1498	853	1448	443028	441208	9.12e-22	102
CDF92062.1	CM003568.1	39.406	1010	1498	441	1447	20331	17371	0.0	765
CDF92062.1	CM003568.1	39.401	401	1498	64	459	21460	20279	2.93e-77	283
CDF92062.1	CM003568.1	21.418	649	1498	133	751	19149	17347	8.28e-19	92.4
CDF92062.1	CM003554.1	32.428	1363	1498	154	1447	109846	113739	0.0	657
CDF92062.1	CM003554.1	22.395	643	1498	153	751	111991	113763	1.23e-16	85.1
CDF92065.1	CM003560.1	42.857	91	97	1	90	1006903	1007175	1.86e-17	74.3
CDF92065.1	CM003559.1	35.870	92	97	1	90	196224	196499	5.09e-11	55.8
CDF92066.1	CM003570.1	68.074	379	427	44	420	927471	928607	2.82e-161	502
CDF92067.1	CM003563.1	64.865	37	63	6	42	173900	174010	6.63e-13	59.7
CDF92069.1	CM003568.1	28.224	535	615	67	574	31811	33295	1.39e-43	167
CDF92069.1	CM003559.1	29.344	259	615	223	463	14080	14808	2.24e-41	99.4
CDF92069.1	CM003559.1	33.333	147	615	74	211	13634	14047	2.24e-41	63.9
CDF92069.1	CM003559.1	27.184	103	615	473	574	14831	15094	2.24e-41	44.7
CDF92069.1	CM003558.1	26.612	605	615	73	615	183298	181646	1.85e-39	154
CDF92071.1	CM003566.1	31.868	455	605	76	528	70365	71723	2.10e-57	208
CDF92071.1	CM003569.1	27.061	558	605	76	598	248620	250260	1.04e-55	203
CDF92071.1	CM003570.1	27.193	456	605	72	527	781042	782403	1.87e-50	187
CDF92071.1	CM003562.1	27.412	456	605	72	527	306673	308034	2.43e-50	187
CDF92071.1	CM003563.1	26.543	486	605	52	528	334215	332773	6.46e-50	186
CDF92074.1	CM003570.1	29.983	597	632	108	630	599237	597486	1.39e-69	245
CDF92075.1	CM003557.1	33.400	497	513	22	510	9058	7661	6.34e-78	265
CDF92075.1	CM003562.1	29.895	475	513	52	513	446915	448276	5.23e-65	228
CDF92075.1	CM003559.1	35.017	297	513	66	362	144856	145719	5.19e-63	204
CDF92075.1	CM003559.1	26.966	89	513	398	486	145818	146084	5.19e-63	54.7
CDF92075.1	CM003560.1	32.195	205	513	63	267	916726	917337	3.44e-23	102
CDF92075.1	CM003560.1	32.195	205	513	63	267	933649	934260	3.44e-23	102
CDF92075.1	CM003553.1	25.000	360	513	66	409	282585	283595	1.27e-15	79.0
CDF92080.1	CM003565.1	63.636	66	104	31	96	526042	526239	4.46e-22	87.8
CDF92080.1	CM003565.1	62.121	66	104	31	96	522820	522623	9.90e-22	86.7
CDF92080.1	CM003564.1	65.152	66	104	31	96	596750	596947	1.03e-21	86.7
CDF92080.1	CM003564.1	62.121	66	104	31	96	597925	597728	1.90e-21	85.9
CDF92080.1	CM003564.1	50.633	79	104	18	96	601017	601253	4.04e-18	76.6
CDF92082.1	CM003553.1	42.586	526	543	21	543	282441	284006	2.15e-133	427
CDF92082.1	CM003560.1	23.571	420	543	69	487	916732	917940	1.01e-29	123
CDF92082.1	CM003560.1	23.571	420	543	69	487	933655	934863	1.01e-29	123
CDF92082.1	CM003562.1	21.577	482	543	71	543	71222	69861	3.89e-26	112
CDF92082.1	CM003562.1	24.542	273	543	49	319	446906	447706	5.44e-15	77.0
CDF92082.1	CM003566.1	21.455	536	543	16	543	145096	143618	1.68e-20	94.7
CDF92082.1	CM003557.1	22.515	493	543	21	481	9139	7730	1.83e-16	82.0
CDF92084.1	CM003570.1	57.353	340	338	1	335	381755	382768	2.26e-130	409
CDF92084.1	CM003568.1	26.364	330	338	12	331	763657	764604	1.90e-25	106
CDF92084.1	CM003560.1	25.904	332	338	13	331	1503640	1504584	7.73e-24	101
CDF92084.1	CM003564.1	26.074	326	338	18	334	716833	717768	6.77e-23	98.6
CDF92084.1	CM003564.1	25.672	335	338	13	334	10564	9614	2.63e-22	97.1
CDF92084.1	CM003559.1	25.301	332	338	12	334	2599	1646	1.24e-19	89.0
CDF92085.1	CM003568.1	90.121	496	496	1	496	7210	8697	0.0	937
CDF92085.1	CM003555.1	90.121	496	496	1	496	16616	18103	0.0	937
CDF92085.1	CM003560.1	61.350	489	496	8	496	1376740	1375274	0.0	658
CDF92085.1	CM003560.1	29.801	453	496	67	494	1369247	1370518	4.45e-43	162
CDF92087.1	CM003566.1	43.750	112	126	9	120	213800	213465	4.51e-23	91.7
CDF92087.1	CM003566.1	43.750	112	126	9	120	390416	390751	1.52e-22	90.1
CDF92087.1	CM003562.1	44.643	112	126	9	120	413498	413833	1.50e-22	90.1
CDF92087.1	CM003560.1	37.838	111	126	10	120	1204048	1204380	1.78e-20	84.3
CDF92087.1	CM003560.1	35.484	124	126	5	119	298686	298315	3.55e-16	72.0
CDF92088.1	CM003567.1	29.040	396	406	23	406	161093	159981	2.46e-43	160
CDF92090.1	CM003564.1	57.059	510	545	43	545	18008	16485	0.0	603
CDF92090.1	CM003566.1	30.530	547	545	6	543	145201	143624	1.84e-57	206
CDF92090.1	CM003566.1	25.577	520	545	59	545	15121	16638	7.77e-30	124
CDF92090.1	CM003562.1	25.919	517	545	62	543	71309	69867	1.29e-32	132
CDF92090.1	CM003560.1	27.247	356	545	6	358	916564	917568	2.19e-29	122
CDF92090.1	CM003560.1	27.247	356	545	6	358	933487	934491	2.19e-29	122
CDF92090.1	CM003553.1	22.222	486	545	73	534	282564	283964	4.09e-15	77.8
CDF92100.1	CM003566.1	30.702	570	560	1	557	390404	392089	6.61e-73	252
CDF92100.1	CM003566.1	30.000	570	560	1	557	213812	212127	3.89e-72	250
CDF92100.1	CM003562.1	30.957	575	560	1	557	413486	415171	1.35e-72	251
CDF92100.1	CM003560.1	26.952	538	560	6	518	1204048	1205619	1.78e-56	204
CDF92100.1	CM003560.1	26.456	601	560	2	544	298683	296887	2.93e-47	177
