CDF87166.1	CP097135.1	78.723	376	381	3	378	165690	166817	0.0	632
CDF87166.1	CP097135.1	26.873	387	381	9	378	9956	8907	1.34e-16	80.5
CDF87166.1	CP097133.1	28.852	305	381	1	302	513891	514718	2.63e-24	103
CDF87166.1	CP097144.1	27.187	320	381	3	319	846491	845622	2.53e-21	95.1
CDF87166.1	CP097144.1	28.996	269	381	2	267	406028	406750	6.56e-21	93.6
CDF87166.1	CP097146.1	28.155	309	381	3	305	129117	128287	1.59e-20	92.4
CDF87166.1	CP097143.1	26.425	386	381	8	378	255226	254180	6.38e-18	84.7
CDF87167.1	CP097139.1	58.755	691	683	2	683	174771	176837	0.0	824
CDF87167.1	CP097137.1	29.558	362	683	283	637	190213	191184	3.21e-29	123
CDF87168.1	CP097141.1	60.596	302	296	1	296	318544	317642	2.38e-127	398
CDF87169.1	CP097144.1	42.996	514	556	69	553	161717	160200	4.58e-116	377
CDF87169.1	CP097145.1	33.981	103	556	79	180	418253	417951	2.01e-12	68.9
CDF87170.1	CP097146.1	41.039	558	567	9	557	952019	950352	3.04e-135	433
CDF87170.1	CP097146.1	30.926	540	567	44	565	254978	256525	3.28e-65	230
CDF87170.1	CP097147.1	35.539	529	567	35	556	41740	43296	2.20e-96	321
CDF87170.1	CP097147.1	25.731	342	567	221	556	24162	25139	1.67e-44	101
CDF87170.1	CP097147.1	33.155	187	567	14	199	23554	24099	1.67e-44	96.7
CDF87170.1	CP097145.1	34.160	524	567	47	563	139825	141342	5.10e-90	302
CDF87170.1	CP097145.1	32.923	568	567	9	566	138558	136918	3.68e-79	271
CDF87170.1	CP097136.1	31.239	573	567	6	566	29568	27931	1.89e-83	283
CDF87170.1	CP097133.1	30.515	544	567	29	553	481403	479799	7.38e-75	258
CDF87170.1	CP097133.1	29.603	554	567	19	554	355600	353984	2.32e-72	251
CDF87170.1	CP097133.1	28.596	584	567	2	562	358423	356768	2.45e-62	221
CDF87171.1	CP097135.1	33.524	349	583	240	583	574413	575447	1.09e-55	202
CDF87171.1	CP097135.1	33.524	349	583	240	583	591339	592373	1.09e-55	202
CDF87172.1	CP097143.1	25.285	439	476	40	464	998413	999561	1.18e-28	119
CDF87172.1	CP097146.1	25.901	444	476	29	463	33299	34447	6.61e-28	116
CDF87172.1	CP097145.1	20.763	472	476	24	472	728968	730308	6.79e-19	89.0
CDF87174.1	CP097142.1	75.478	314	314	1	314	25502	26443	3.12e-164	505
CDF87175.1	CP097139.1	64.993	737	743	1	734	64458	62287	0.0	993
CDF87178.1	CP097138.1	48.990	198	203	1	196	421516	422109	4.58e-61	204
CDF87179.1	CP097138.1	91.852	405	405	1	405	421241	420027	0.0	782
CDF87179.1	CP097138.1	38.462	247	405	146	386	1003427	1004158	8.41e-52	185
CDF87179.1	CP097138.1	33.913	230	405	146	372	546299	546970	5.44e-34	133
CDF87179.1	CP097142.1	51.133	309	405	83	391	175181	176107	5.22e-100	325
CDF87179.1	CP097142.1	38.667	225	405	150	365	72031	71366	2.17e-41	155
CDF87179.1	CP097146.1	45.938	357	405	33	389	783218	782169	3.78e-98	319
CDF87179.1	CP097146.1	49.310	290	405	107	396	514758	515627	9.81e-91	298
CDF87179.1	CP097135.1	42.670	382	405	7	385	1245543	1246670	1.46e-87	289
CDF87179.1	CP097135.1	49.057	212	405	72	283	443484	444119	1.77e-87	221
CDF87179.1	CP097135.1	50.476	105	405	286	390	444125	444439	1.77e-87	119
CDF87179.1	CP097135.1	38.745	271	405	104	373	244145	243360	5.71e-61	212
CDF87179.1	CP097135.1	35.241	332	405	64	384	243443	242466	2.06e-53	190
CDF87179.1	CP097135.1	33.333	150	405	168	314	1209564	1209148	1.34e-13	71.6
CDF87179.1	CP097143.1	34.817	382	405	23	398	910737	909688	1.01e-57	202
CDF87179.1	CP097143.1	39.827	231	405	146	371	911223	910540	1.59e-50	181
CDF87179.1	CP097143.1	38.272	243	405	142	380	57035	56319	3.29e-48	175
CDF87179.1	CP097143.1	38.034	234	405	143	371	58016	57324	5.88e-43	159
CDF87180.1	CP097138.1	49.716	1056	1095	43	1088	799350	802106	0.0	871
CDF87180.1	CP097138.1	62.718	574	1095	525	1095	418500	416818	0.0	713
CDF87180.1	CP097138.1	32.069	290	1095	55	335	419445	418693	3.31e-19	92.8
CDF87181.1	CP097138.1	60.262	229	236	1	228	415731	416417	7.69e-82	265
CDF87182.1	CP097138.1	85.976	328	329	8	328	802783	803757	0.0	583
CDF87182.1	CP097144.1	31.016	187	329	9	188	21613	22161	4.15e-13	68.9
CDF87183.1	CP097142.1	67.781	658	822	80	717	607503	605560	0.0	923
CDF87183.1	CP097146.1	60.558	573	822	52	608	448227	446518	0.0	712
CDF87183.1	CP097144.1	28.535	389	822	104	467	873263	872133	4.43e-32	134
CDF87184.1	CP097146.1	33.970	733	693	8	689	443621	445765	1.69e-106	355
CDF87185.1	CP097146.1	32.734	278	284	12	232	443362	442529	1.61e-34	130
CDF87186.1	CP097146.1	39.645	169	173	13	172	441851	442342	6.19e-25	99.0
CDF87187.1	CP097145.1	27.881	269	282	23	278	260618	261361	1.31e-17	81.6
CDF87187.1	CP097142.1	27.715	267	282	14	265	457179	456478	2.33e-17	80.9
CDF87187.1	CP097140.1	29.018	224	282	30	248	110162	110776	6.60e-12	64.3
CDF87187.1	CP097140.1	29.767	215	282	29	228	400571	399987	5.91e-11	61.6
CDF87188.1	CP097142.1	54.397	307	333	16	322	604805	603915	1.52e-108	346
CDF87189.1	CP097146.1	49.189	185	246	2	185	440875	441408	6.73e-47	165
CDF87190.1	CP097142.1	52.887	1091	1087	10	1087	599382	602549	0.0	1103
CDF87190.1	CP097142.1	37.519	661	1087	360	992	289286	291223	8.76e-122	412
CDF87190.1	CP097136.1	48.810	672	1087	328	999	176721	178679	0.0	681
CDF87190.1	CP097138.1	46.386	664	1087	356	1004	296962	295007	0.0	593
CDF87190.1	CP097145.1	44.091	660	1087	361	993	640918	638990	1.00e-162	533
CDF87190.1	CP097143.1	31.597	595	1087	364	902	951312	953048	1.31e-76	276
CDF87191.1	CP097142.1	50.588	170	205	36	205	599077	598580	2.13e-46	162
CDF87193.1	CP097142.1	50.247	607	592	8	592	598361	596550	0.0	592
CDF87193.1	CP097147.1	36.228	334	592	153	476	688511	689485	2.59e-60	216
CDF87193.1	CP097133.1	36.228	334	592	153	476	457754	458728	2.98e-60	216
CDF87193.1	CP097135.1	32.589	448	592	157	592	827706	828980	7.19e-59	212
CDF87193.1	CP097146.1	25.614	570	592	93	590	439992	438367	5.85e-36	143
CDF87193.1	CP097146.1	27.829	327	592	153	478	653543	654424	1.54e-28	120
CDF87194.1	CP097146.1	44.886	352	333	1	333	437192	438226	3.43e-90	293
CDF87195.1	CP097146.1	79.195	298	305	12	305	436547	435654	9.47e-164	503
CDF87196.1	CP097146.1	36.809	633	589	22	580	433795	435513	3.45e-85	289
CDF87197.1	CP097142.1	46.457	127	116	6	113	596295	595915	1.32e-30	112
CDF87198.1	CP097142.1	43.787	1167	1141	8	1139	592328	595777	0.0	918
CDF87199.1	CP097142.1	74.000	350	351	1	350	592022	590991	3.56e-169	521
CDF87200.1	CP097142.1	75.157	318	325	6	322	589877	590830	5.11e-166	511
CDF87200.1	CP097133.1	26.908	249	325	83	312	391472	392089	6.14e-13	68.6
CDF87200.1	CP097138.1	24.242	297	325	52	320	881247	882026	6.75e-11	62.0
CDF87201.1	CP097146.1	61.725	661	610	1	609	426443	424536	0.0	795
CDF87202.1	CP097142.1	55.704	675	811	137	801	588385	586361	0.0	779
CDF87202.1	CP097142.1	61.589	151	811	1	150	588786	588334	5.74e-56	208
CDF87203.1	CP097146.1	48.420	696	653	1	653	422391	424415	0.0	593
CDF87203.1	CP097142.1	27.083	432	653	291	648	584878	586164	1.24e-32	134
CDF87204.1	CP097146.1	70.775	568	563	1	563	422058	420355	0.0	848
CDF87204.1	CP097146.1	30.634	284	563	53	317	298216	299010	6.76e-27	115
CDF87205.1	CP097146.1	40.000	325	610	6	293	418077	419003	5.14e-46	174
CDF87205.1	CP097146.1	40.959	271	610	393	610	419139	419945	7.50e-44	167
CDF87206.1	CP097142.1	67.297	370	369	1	367	581732	582841	3.94e-170	525
CDF87206.1	CP097144.1	58.242	364	369	6	366	745074	746150	4.67e-143	447
CDF87206.1	CP097138.1	53.803	355	369	19	367	784945	783890	4.93e-123	389
CDF87207.1	CP097146.1	82.971	276	290	10	285	416146	416973	2.36e-164	504
CDF87208.1	CP097147.1	96.354	192	212	1	192	857455	858030	9.75e-124	384
CDF87208.1	CP097140.1	48.731	197	212	9	184	123737	124327	2.96e-60	202
CDF87208.1	CP097145.1	56.111	180	212	8	187	457551	458081	1.28e-58	197
CDF87208.1	CP097145.1	39.462	223	212	12	193	301611	300943	2.34e-45	159
CDF87208.1	CP097145.1	30.233	172	212	12	178	450881	451363	1.39e-17	79.3
CDF87208.1	CP097145.1	29.814	161	212	23	181	441479	441039	4.19e-13	66.2
CDF87208.1	CP097143.1	47.761	201	212	12	212	596128	595568	6.62e-57	192
CDF87208.1	CP097143.1	29.730	185	212	1	182	654308	653793	3.60e-19	84.0
CDF87208.1	CP097143.1	28.161	174	212	12	181	713078	712614	2.88e-15	72.4
CDF87208.1	CP097142.1	47.126	174	212	12	184	547866	548363	5.57e-49	169
CDF87208.1	CP097142.1	29.787	188	212	9	177	465850	465293	1.04e-17	79.7
CDF87209.1	CP097147.1	30.579	1210	1392	63	1192	853030	856614	3.16e-154	518
CDF87210.1	CP097143.1	42.251	2639	2620	10	2582	1029865	1037706	0.0	2139
CDF87210.1	CP097147.1	22.957	1738	2620	968	2566	750445	755172	5.99e-112	400
CDF87211.1	CP097147.1	53.812	446	435	1	426	852042	850756	7.21e-120	383
CDF87212.1	CP097147.1	61.992	492	582	100	582	850269	848803	0.0	612
CDF87213.1	CP097147.1	55.338	665	638	11	638	848474	846537	0.0	680
CDF87213.1	CP097147.1	33.234	337	638	58	376	480181	479303	9.93e-47	177
CDF87213.1	CP097147.1	34.194	310	638	101	381	461348	460545	1.29e-38	152
CDF87213.1	CP097147.1	29.330	358	638	56	396	653959	654939	9.54e-33	134
CDF87213.1	CP097147.1	26.100	341	638	61	382	257515	256694	1.40e-17	86.3
CDF87213.1	CP097147.1	26.522	230	638	55	281	262222	262776	8.95e-14	73.6
CDF87213.1	CP097142.1	36.471	340	638	63	397	184064	184978	9.76e-63	225
CDF87213.1	CP097142.1	26.807	332	638	57	374	151160	150270	2.43e-25	110
CDF87213.1	CP097133.1	36.503	326	638	56	376	540213	541088	2.91e-53	196
CDF87213.1	CP097133.1	31.157	337	638	44	375	184393	185319	9.63e-38	149
CDF87213.1	CP097135.1	34.954	329	638	58	382	273814	274689	2.71e-51	191
CDF87213.1	CP097135.1	27.554	323	638	58	376	319988	319131	1.14e-23	105
CDF87213.1	CP097135.1	24.286	350	638	56	398	1396417	1397262	1.31e-16	82.8
CDF87213.1	CP097135.1	27.778	324	638	58	375	1471284	1470517	5.36e-15	77.8
CDF87213.1	CP097135.1	33.871	124	638	164	285	1023304	1022933	1.31e-14	76.6
CDF87213.1	CP097135.1	26.667	345	638	54	376	287284	286424	6.69e-13	70.9
CDF87213.1	CP097135.1	24.521	261	638	58	297	1379049	1379720	9.95e-12	67.0
CDF87213.1	CP097143.1	30.030	333	638	47	371	351670	352536	9.10e-34	137
CDF87213.1	CP097143.1	23.662	355	638	64	374	848180	849055	4.15e-14	74.7
CDF87214.1	CP097143.1	45.367	723	693	9	690	1027175	1025124	0.0	593
CDF87215.1	CP097136.1	89.434	530	531	1	530	201791	203368	0.0	934
CDF87215.1	CP097146.1	30.037	273	531	105	359	653564	654268	5.93e-19	89.7
CDF87216.1	CP097143.1	60.547	877	842	17	842	1021958	1024579	0.0	1028
CDF87217.1	CP097141.1	66.970	439	428	6	428	646897	645581	0.0	579
CDF87218.1	CP097136.1	52.688	930	894	9	890	198762	201488	0.0	951
CDF87218.1	CP097132.1	26.882	744	894	20	727	171563	173500	2.48e-53	201
CDF87219.1	CP097141.1	89.238	223	231	9	231	644587	645255	2.74e-135	418
CDF87220.1	CP097141.1	85.400	500	505	1	494	640285	641784	0.0	862
CDF87220.1	CP097133.1	25.822	426	505	40	443	472855	471608	1.14e-29	122
CDF87220.1	CP097133.1	25.495	404	505	100	479	29418	30602	7.14e-23	101
CDF87220.1	CP097135.1	26.996	263	505	223	468	135204	135959	1.04e-15	79.3
CDF87221.1	CP097136.1	58.478	289	287	1	287	197616	198470	1.52e-102	327
CDF87222.1	CP097141.1	45.173	808	789	1	786	639167	636987	0.0	702
CDF87222.1	CP097136.1	34.783	253	789	350	601	514029	514664	3.24e-31	130
CDF87222.1	CP097135.1	37.162	148	789	410	557	662812	663213	8.67e-21	97.1
CDF87223.1	CP097141.1	61.146	157	194	3	159	636769	636299	3.34e-62	206
CDF87224.1	CP097136.1	51.471	680	652	13	651	195391	197406	0.0	601
CDF87225.1	CP097136.1	65.310	516	505	6	505	193509	195056	0.0	668
CDF87226.1	CP097141.1	68.456	447	459	11	457	634705	636036	0.0	624
CDF87227.1	CP097141.1	52.874	261	275	8	268	633541	634320	4.67e-88	285
CDF87227.1	CP097147.1	31.667	240	275	53	275	741468	742145	3.24e-16	77.0
CDF87228.1	CP097141.1	71.856	334	386	52	384	615998	616999	7.66e-163	504
CDF87229.1	CP097141.1	43.269	728	662	1	660	617243	619408	5.02e-158	503
CDF87230.1	CP097141.1	54.403	318	370	51	368	619781	620722	2.38e-114	364
CDF87231.1	CP097136.1	57.768	457	428	1	428	191708	193051	2.15e-166	516
CDF87231.1	CP097139.1	45.532	235	428	196	428	98067	97372	1.19e-60	212
CDF87231.1	CP097139.1	47.297	74	428	94	167	98667	98446	1.25e-13	72.0
CDF87232.1	CP097142.1	69.811	159	195	37	195	565198	564731	2.46e-77	250
CDF87233.1	CP097141.1	46.875	128	122	4	122	147327	146986	9.07e-17	73.6
CDF87234.1	CP097141.1	61.785	594	582	13	563	148107	149888	0.0	746
CDF87234.1	CP097135.1	25.085	586	582	11	553	737711	736059	1.26e-34	139
CDF87235.1	CP097142.1	39.376	866	823	7	823	561984	564563	0.0	603
CDF87236.1	CP097142.1	42.346	503	451	1	451	561725	560220	5.45e-98	321
CDF87237.1	CP097141.1	41.379	174	201	22	183	151092	151607	6.14e-31	117
CDF87238.1	CP097142.1	71.341	328	310	1	310	559094	560077	8.22e-146	452
CDF87239.1	CP097141.1	37.113	388	354	1	354	153156	152011	1.27e-74	249
CDF87240.1	CP097141.1	35.654	474	402	1	399	153881	155281	1.05e-75	254
CDF87241.1	CP097141.1	60.884	294	290	1	290	155749	156630	2.90e-119	375
CDF87242.1	CP097138.1	75.444	338	370	20	357	1039700	1038687	0.0	578
CDF87244.1	CP097143.1	68.037	438	414	1	414	282018	280705	0.0	619
CDF87244.1	CP097137.1	25.604	414	414	1	399	36337	35246	4.42e-26	110
CDF87244.1	CP097135.1	25.485	361	414	6	351	405384	406331	7.44e-21	94.0
CDF87244.1	CP097139.1	21.823	362	414	3	350	349616	348666	4.29e-15	76.3
CDF87244.1	CP097141.1	23.457	324	414	41	350	551279	550443	2.70e-11	64.3
CDF87246.1	CP097143.1	48.392	3017	2985	1	2981	295757	286899	0.0	2935
CDF87247.1	CP097143.1	59.675	615	568	1	567	296133	297974	0.0	756
CDF87248.1	CP097135.1	40.153	391	620	27	414	695433	696593	2.62e-91	308
CDF87249.1	CP097143.1	69.656	524	534	21	534	299837	298266	0.0	776
CDF87249.1	CP097135.1	63.960	505	534	38	534	698977	697463	0.0	686
CDF87250.1	CP097146.1	64.773	176	182	8	181	612137	612664	1.77e-80	258
CDF87251.1	CP097146.1	66.447	304	307	2	303	613680	612769	3.67e-141	438
CDF87252.1	CP097146.1	61.019	785	793	10	789	613934	616258	0.0	961
CDF87254.1	CP097144.1	42.759	145	98	1	96	693506	693072	2.37e-33	119
CDF87255.1	CP097146.1	58.472	301	296	1	295	821543	820653	8.75e-101	322
CDF87256.1	CP097146.1	57.664	137	146	7	143	820010	820420	2.44e-50	170
CDF87256.1	CP097146.1	45.217	115	146	29	143	819409	819753	1.07e-32	120
CDF87257.1	CP097146.1	50.467	107	148	12	118	819415	819735	1.17e-32	120
CDF87257.1	CP097146.1	43.119	109	148	10	118	820076	820402	2.99e-26	101
CDF87258.1	CP097146.1	47.945	219	227	1	213	817161	817817	5.75e-62	207
CDF87258.1	CP097142.1	31.008	129	227	14	141	164915	164571	3.15e-11	61.2
CDF87259.1	CP097144.1	62.323	706	662	1	662	692756	690681	0.0	879
CDF87260.1	CP097146.1	69.203	276	290	1	275	816837	816037	2.83e-111	352
CDF87261.1	CP097144.1	63.753	469	467	4	467	688828	690231	0.0	637
CDF87261.1	CP097144.1	26.667	330	467	135	454	847741	848625	5.51e-24	104
CDF87261.1	CP097135.1	28.184	369	467	138	461	611187	610114	6.59e-28	116
CDF87261.1	CP097145.1	24.874	398	467	137	462	291548	292657	5.65e-27	113
CDF87261.1	CP097136.1	27.926	376	467	134	461	448823	447747	2.15e-26	112
CDF87261.1	CP097136.1	29.880	251	467	235	467	353298	354014	1.54e-21	97.1
CDF87261.1	CP097133.1	30.738	244	467	237	461	86536	85835	1.17e-23	103
CDF87262.1	CP097144.1	58.744	223	222	1	218	688413	687748	2.99e-86	277
CDF87262.1	CP097146.1	47.556	225	222	3	218	815488	814817	2.44e-61	205
CDF87262.1	CP097139.1	27.039	233	222	4	215	190706	191389	6.84e-19	83.6
CDF87263.1	CP097146.1	52.574	272	279	3	271	815506	814712	4.84e-88	285
CDF87263.1	CP097144.1	48.498	233	279	9	239	688407	687748	7.76e-65	218
CDF87263.1	CP097139.1	29.412	255	279	10	245	190706	191416	1.42e-23	99.0
CDF87264.1	CP097144.1	58.185	507	516	1	504	687549	686062	0.0	589
CDF87265.1	CP097144.1	51.116	448	455	2	443	684405	685745	3.24e-142	448
CDF87266.1	CP097144.1	33.333	162	1527	10	130	679270	679728	2.13e-13	74.3
CDF87267.1	CP097144.1	43.625	1098	1090	9	1089	678967	675689	0.0	897
CDF87268.1	CP097146.1	52.490	261	254	3	246	812546	813328	1.81e-77	253
CDF87269.1	CP097144.1	90.019	521	523	3	523	673902	675464	0.0	979
CDF87270.1	CP097144.1	71.774	248	730	486	730	671657	670914	4.69e-115	381
CDF87270.1	CP097143.1	31.053	190	730	533	718	352108	352623	1.24e-13	73.6
CDF87270.1	CP097143.1	45.714	70	730	523	592	92231	92025	3.40e-13	72.0
CDF87270.1	CP097143.1	28.636	220	730	174	380	92726	92103	1.18e-12	70.5
CDF87270.1	CP097141.1	34.343	99	730	533	631	159449	159171	4.88e-12	68.6
CDF87270.1	CP097141.1	27.152	151	730	175	325	159878	159456	8.12e-12	67.8
CDF87272.1	CP097144.1	63.687	358	371	16	371	667512	668582	1.40e-141	442
CDF87272.1	CP097144.1	37.857	140	371	18	135	549387	549791	1.65e-13	70.9
CDF87272.1	CP097145.1	34.218	377	371	11	368	507957	506911	2.39e-44	162
CDF87272.1	CP097145.1	25.806	434	371	6	364	482322	483614	2.99e-29	118
CDF87272.1	CP097145.1	45.455	77	371	12	88	607875	607654	8.01e-15	74.7
CDF87272.1	CP097145.1	40.426	94	371	5	97	223425	223144	5.96e-13	68.9
CDF87272.1	CP097143.1	29.504	383	371	20	357	300755	301855	5.94e-30	120
CDF87272.1	CP097137.1	27.000	400	371	17	366	88399	87254	1.06e-14	74.7
CDF87272.1	CP097136.1	39.474	114	371	13	125	245067	244777	1.67e-14	73.9
CDF87273.1	CP097146.1	72.727	154	155	1	149	811042	811503	6.98e-67	218
CDF87274.1	CP097139.1	77.835	388	392	12	391	313490	312327	0.0	612
CDF87274.1	CP097138.1	35.322	419	392	11	390	600123	601319	8.62e-70	237
CDF87274.1	CP097143.1	34.559	408	392	11	389	755177	753984	4.14e-66	226
CDF87274.1	CP097134.1	40.333	300	392	7	304	118139	117264	4.25e-59	206
CDF87274.1	CP097141.1	38.889	288	392	28	308	568952	568110	7.58e-54	191
CDF87275.1	CP097135.1	85.266	319	347	29	347	1172981	1173937	0.0	581
CDF87275.1	CP097139.1	78.779	344	347	4	347	311094	312122	0.0	570
CDF87276.1	CP097139.1	48.980	147	166	24	163	310463	310897	1.14e-47	164
CDF87277.1	CP097139.1	71.254	327	327	1	326	308908	309885	2.61e-160	494
CDF87277.1	CP097146.1	34.416	308	327	2	307	520450	521304	1.64e-49	176
CDF87277.1	CP097135.1	32.797	311	327	2	307	1197691	1198545	9.14e-44	159
CDF87277.1	CP097135.1	27.129	317	327	6	305	246296	247132	2.33e-19	87.8
CDF87277.1	CP097141.1	33.779	299	327	7	300	603634	604401	3.24e-42	154
CDF87277.1	CP097133.1	29.114	316	327	6	313	520222	521112	1.30e-35	135
CDF87278.1	CP097135.1	54.140	314	307	1	300	1171483	1172406	7.69e-104	331
CDF87278.1	CP097133.1	27.241	290	307	11	265	516738	517583	4.90e-20	89.4
CDF87278.1	CP097146.1	29.151	271	307	29	260	112817	113605	4.21e-18	83.6
CDF87279.1	CP097139.1	44.795	855	825	13	825	306040	308469	0.0	689
CDF87279.1	CP097135.1	41.974	841	825	36	825	1168564	1170936	0.0	605
CDF87280.1	CP097143.1	63.415	123	124	1	123	13545	13177	1.61e-49	167
CDF87281.1	CP097139.1	55.091	933	952	10	856	302093	304822	0.0	905
CDF87281.1	CP097139.1	41.887	265	952	17	280	79969	79184	5.31e-56	211
CDF87281.1	CP097139.1	30.000	260	952	25	271	496192	496938	5.94e-29	124
CDF87281.1	CP097139.1	24.889	225	952	11	222	154546	153872	2.52e-15	79.7
CDF87281.1	CP097139.1	30.882	136	952	98	222	256582	256184	2.27e-14	76.6
CDF87281.1	CP097139.1	51.515	66	952	885	949	305111	305308	7.84e-13	71.6
CDF87281.1	CP097135.1	46.457	254	952	30	279	1471269	1470517	2.98e-63	233
CDF87281.1	CP097135.1	29.326	341	952	8	321	179069	180070	9.18e-29	123
CDF87281.1	CP097135.1	27.228	202	952	25	224	1396423	1397022	5.60e-23	104
CDF87281.1	CP097135.1	28.041	296	952	26	293	407874	407005	1.56e-22	103
CDF87281.1	CP097135.1	27.523	218	952	68	281	1449850	1449206	1.26e-21	100
CDF87281.1	CP097135.1	23.050	282	952	25	278	714284	715120	2.82e-21	99.4
CDF87281.1	CP097135.1	26.007	273	952	25	281	1417795	1417004	2.97e-21	99.4
CDF87281.1	CP097135.1	27.727	220	952	31	224	287254	286601	2.54e-19	92.8
CDF87281.1	CP097135.1	25.424	236	952	24	235	1379046	1379741	5.31e-18	88.6
CDF87281.1	CP097135.1	27.184	206	952	93	278	1023352	1022747	1.20e-17	87.4
CDF87281.1	CP097135.1	27.228	202	952	30	222	75642	75046	2.03e-14	76.6
CDF87281.1	CP097135.1	27.179	195	952	31	220	273832	274404	2.58e-13	73.2
CDF87281.1	CP097135.1	22.393	326	952	28	274	962796	963737	5.06e-12	68.9
CDF87281.1	CP097135.1	24.257	202	952	94	278	411973	411386	1.59e-11	67.4
CDF87281.1	CP097145.1	36.093	302	952	5	278	70993	71892	1.95e-44	174
CDF87281.1	CP097145.1	28.571	301	952	20	280	676262	675363	1.93e-26	116
CDF87281.1	CP097145.1	29.911	224	952	25	222	704597	705262	3.34e-23	105
CDF87281.1	CP097145.1	30.566	265	952	25	223	334641	335423	2.26e-22	102
CDF87281.1	CP097145.1	28.390	236	952	16	240	57989	57291	1.18e-15	80.9
CDF87281.1	CP097145.1	30.332	211	952	89	280	563279	563878	3.00e-13	73.2
CDF87281.1	CP097145.1	25.287	174	952	45	210	295105	294590	2.14e-12	70.1
CDF87281.1	CP097132.1	39.844	256	952	29	278	156167	155436	2.06e-41	164
CDF87281.1	CP097132.1	28.249	354	952	29	310	152733	151702	5.54e-19	91.7
CDF87281.1	CP097132.1	24.138	232	952	11	228	110506	111189	1.18e-13	74.3
CDF87281.1	CP097146.1	33.684	285	952	25	278	79823	80662	1.57e-38	155
CDF87281.1	CP097146.1	36.900	271	952	30	279	743000	743791	1.91e-38	155
CDF87281.1	CP097146.1	28.761	226	952	25	236	98293	98967	1.10e-27	120
CDF87281.1	CP097146.1	27.303	304	952	24	316	264575	263688	3.15e-22	102
CDF87281.1	CP097146.1	28.000	225	952	30	222	959431	958775	3.18e-19	92.4
CDF87281.1	CP097146.1	23.333	270	952	31	282	745723	746520	4.96e-18	88.6
CDF87281.1	CP097146.1	28.846	156	952	125	279	214950	215390	6.30e-14	75.1
CDF87281.1	CP097146.1	33.898	118	952	98	210	793703	793353	2.92e-13	73.2
CDF87281.1	CP097146.1	28.571	196	952	31	222	410317	410880	5.02e-13	72.4
CDF87281.1	CP097146.1	35.200	125	952	100	222	53506	53162	9.69e-13	71.2
CDF87282.1	CP097135.1	38.339	566	679	100	650	1167592	1165895	2.18e-132	429
CDF87283.1	CP097139.1	40.373	322	317	6	289	301462	300500	2.34e-67	227
CDF87284.1	CP097139.1	63.934	183	185	1	183	300173	299625	8.61e-81	259
CDF87285.1	CP097139.1	73.913	3749	3728	1	3728	288261	299492	0.0	5824
CDF87285.1	CP097142.1	23.118	372	3728	3303	3662	57490	56513	1.85e-13	76.3
CDF87285.1	CP097141.1	23.249	357	3728	3318	3662	557999	558931	2.58e-13	75.5
CDF87286.1	CP097135.1	42.264	530	655	88	612	1163763	1162225	1.24e-123	403
CDF87286.1	CP097135.1	25.175	429	655	106	499	765123	763936	3.91e-13	71.6
CDF87286.1	CP097143.1	27.551	294	655	218	499	369877	369113	2.31e-17	85.5
CDF87286.1	CP097143.1	27.640	322	655	223	540	367566	366700	5.74e-16	80.9
CDF87286.1	CP097140.1	26.486	370	655	157	519	415432	414518	1.69e-11	66.2
CDF87287.1	CP097139.1	61.457	947	936	6	936	287416	284648	0.0	1177
CDF87287.1	CP097145.1	24.153	708	936	179	834	532485	530476	3.54e-37	150
CDF87287.1	CP097140.1	22.805	706	936	169	848	143635	141602	5.36e-35	144
CDF87288.1	CP097139.1	50.725	276	469	205	469	283637	282891	4.92e-72	246
CDF87288.1	CP097135.1	43.768	345	469	157	469	1160977	1160018	5.61e-69	238
CDF87289.1	CP097135.1	51.266	316	306	1	300	1158861	1159799	4.94e-95	306
CDF87290.1	CP097138.1	50.758	132	132	6	130	880439	880831	1.62e-38	135
CDF87290.1	CP097147.1	28.462	130	132	3	121	921602	921246	1.04e-11	59.3
CDF87291.1	CP097135.1	56.653	496	459	1	459	1158342	1156900	0.0	560
CDF87291.1	CP097135.1	26.030	461	459	24	446	916948	918045	1.09e-31	127
CDF87291.1	CP097143.1	27.314	443	459	50	446	585346	584300	4.28e-28	117
CDF87292.1	CP097139.1	72.931	580	580	2	580	281887	280175	0.0	818
CDF87292.1	CP097139.1	70.884	577	580	11	580	278128	276419	0.0	787
CDF87292.1	CP097139.1	65.411	584	580	7	580	274308	272587	0.0	729
CDF87292.1	CP097135.1	70.984	579	580	2	580	1154328	1152643	0.0	791
CDF87292.1	CP097135.1	66.839	579	580	2	580	1151012	1149294	0.0	770
CDF87292.1	CP097135.1	66.667	579	580	2	580	1145620	1143902	0.0	768
CDF87292.1	CP097135.1	51.630	552	580	23	563	13566	11917	0.0	591
CDF87292.1	CP097135.1	30.319	564	580	12	561	117841	119481	2.52e-77	266
CDF87292.1	CP097135.1	31.299	508	580	67	564	219687	221165	1.12e-71	249
CDF87292.1	CP097135.1	26.253	499	580	66	551	1492495	1493940	2.38e-46	174
CDF87292.1	CP097135.1	27.289	546	580	19	540	1429298	1427721	6.18e-43	164
CDF87292.1	CP097135.1	25.386	583	580	30	541	1233599	1231947	2.11e-37	147
CDF87292.1	CP097135.1	23.201	556	580	4	541	6268	7884	1.48e-20	95.1
CDF87292.1	CP097143.1	63.043	552	580	25	576	270324	271955	0.0	733
CDF87292.1	CP097144.1	68.172	487	580	76	562	271297	272751	0.0	681
CDF87292.1	CP097137.1	65.000	520	580	39	556	94733	96286	0.0	672
CDF87293.1	CP097135.1	74.211	570	569	5	568	1151012	1149306	0.0	865
CDF87293.1	CP097135.1	74.211	570	569	5	568	1145620	1143914	0.0	864
CDF87293.1	CP097135.1	72.420	562	569	7	568	1154313	1152655	0.0	791
CDF87293.1	CP097135.1	54.973	553	569	2	551	13557	11932	0.0	620
CDF87293.1	CP097135.1	31.606	579	569	9	566	117847	119493	3.76e-80	274
CDF87293.1	CP097135.1	30.565	566	569	3	558	219531	221150	1.02e-71	249
CDF87293.1	CP097135.1	25.845	503	569	79	567	1492543	1494012	7.78e-51	187
CDF87293.1	CP097135.1	28.330	533	569	36	532	1429235	1427724	6.94e-46	172
CDF87293.1	CP097135.1	23.951	572	569	28	530	1233581	1231959	2.69e-35	140
CDF87293.1	CP097135.1	22.892	581	569	5	561	6292	7962	9.14e-20	92.8
CDF87293.1	CP097139.1	73.333	570	569	5	568	274305	272599	0.0	827
CDF87293.1	CP097139.1	72.928	543	569	28	568	278044	276431	0.0	776
CDF87293.1	CP097139.1	69.435	566	569	3	568	281866	280187	0.0	772
CDF87293.1	CP097143.1	69.272	563	569	9	569	270276	271958	0.0	811
CDF87293.1	CP097144.1	68.451	523	569	30	551	271174	272739	0.0	721
CDF87293.1	CP097137.1	65.666	533	569	17	549	94697	96286	0.0	698
CDF87293.1	CP097137.1	22.376	505	569	52	528	33327	34769	3.62e-22	100
CDF87294.1	CP097135.1	76.589	645	646	4	646	1143384	1141489	0.0	1033
CDF87294.1	CP097139.1	56.731	624	646	34	646	272207	270345	0.0	745
CDF87295.1	CP097135.1	88.889	189	189	1	189	1140203	1139637	7.27e-114	354
CDF87296.1	CP097139.1	53.378	296	295	1	294	270128	269286	2.60e-86	280
CDF87296.1	CP097146.1	62.069	58	295	227	283	414914	414750	4.75e-20	89.0
CDF87296.1	CP097145.1	54.000	50	295	236	285	442496	442347	1.43e-18	84.7
CDF87297.1	CP097135.1	71.652	702	689	2	689	1139149	1137071	0.0	987
CDF87297.1	CP097139.1	44.035	461	689	206	658	158009	159391	1.29e-122	402
CDF87298.1	CP097145.1	34.234	222	492	91	311	118452	119069	5.40e-33	132
CDF87299.1	CP097135.1	62.759	290	290	1	288	1136002	1136871	1.93e-122	384
CDF87300.1	CP097139.1	85.714	105	200	26	130	268726	268412	1.08e-57	194
CDF87301.1	CP097135.1	43.750	320	330	1	318	1134775	1135710	2.70e-84	276
CDF87302.1	CP097135.1	75.839	1221	1224	1	1221	1130851	1134513	0.0	1969
CDF87303.1	CP097139.1	76.897	290	293	5	293	267013	267882	7.39e-150	462
CDF87303.1	CP097145.1	29.362	235	293	65	293	486748	487446	4.14e-28	112
CDF87304.1	CP097139.1	67.677	99	102	1	98	266323	266619	1.26e-38	134
CDF87305.1	CP097135.1	58.862	1529	1491	19	1490	1125672	1130156	0.0	1684
CDF87305.1	CP097138.1	42.775	346	1491	653	974	236867	235872	6.02e-80	292
CDF87305.1	CP097138.1	49.432	176	1491	1196	1371	235106	234582	1.94e-46	183
CDF87305.1	CP097138.1	28.289	304	1491	692	973	202805	201936	7.21e-27	118
CDF87305.1	CP097138.1	38.816	152	1491	1240	1389	201779	201327	2.04e-26	117
CDF87305.1	CP097146.1	42.006	319	1491	664	974	827329	826412	2.04e-71	264
CDF87305.1	CP097146.1	42.994	314	1491	664	974	854370	855251	2.26e-66	248
CDF87305.1	CP097146.1	47.468	158	1491	1217	1373	855291	855764	3.45e-40	162
CDF87305.1	CP097146.1	49.359	156	1491	1221	1375	826354	825887	2.76e-39	159
CDF87305.1	CP097146.1	25.117	426	1491	598	972	664503	665705	2.17e-23	107
CDF87305.1	CP097146.1	27.922	154	1491	1223	1373	666195	666656	1.19e-17	88.6
CDF87305.1	CP097140.1	41.846	325	1491	658	974	103302	104240	1.98e-68	254
CDF87305.1	CP097140.1	48.447	161	1491	1216	1375	104283	104765	1.38e-38	157
CDF87305.1	CP097133.1	40.952	315	1491	663	974	690656	689772	4.23e-63	237
CDF87305.1	CP097133.1	49.275	138	1491	1236	1372	689675	689262	4.90e-37	152
CDF87305.1	CP097133.1	23.898	431	1491	624	993	363895	365154	9.27e-27	118
CDF87305.1	CP097133.1	34.286	175	1491	1222	1389	365170	365694	2.04e-26	117
CDF87305.1	CP097133.1	26.836	354	1491	673	972	447899	448897	8.97e-24	108
CDF87305.1	CP097133.1	34.437	151	1491	1222	1360	449177	449629	1.12e-17	88.6
CDF87306.1	CP097139.1	53.229	511	520	47	520	263812	265224	2.96e-143	454
CDF87306.1	CP097133.1	31.944	432	520	42	362	627634	628920	7.88e-47	174
CDF87306.1	CP097145.1	34.254	181	520	50	228	591427	591921	5.01e-16	80.5
CDF87306.1	CP097138.1	27.000	200	520	149	342	794250	793729	5.45e-14	73.9
CDF87307.1	CP097138.1	65.217	368	396	27	393	249178	248075	1.28e-152	476
CDF87308.1	CP097135.1	84.899	298	300	3	300	273814	274707	8.25e-178	543
CDF87308.1	CP097135.1	29.766	299	300	1	288	319994	319131	1.43e-34	131
CDF87308.1	CP097135.1	26.644	289	300	3	287	1396423	1397181	3.59e-26	107
CDF87308.1	CP097135.1	27.273	308	300	9	299	1450009	1449176	1.10e-20	91.3
CDF87308.1	CP097135.1	26.349	315	300	2	288	287275	286424	1.13e-18	85.1
CDF87308.1	CP097135.1	25.532	235	300	2	211	1379040	1379732	3.63e-16	77.8
CDF87308.1	CP097135.1	34.167	120	300	105	208	1023253	1022900	5.13e-15	74.3
CDF87308.1	CP097135.1	29.018	224	300	7	206	1417783	1417142	6.17e-15	73.9
CDF87308.1	CP097135.1	30.201	149	300	57	200	412021	411581	8.20e-15	73.6
CDF87308.1	CP097135.1	27.036	307	300	9	287	407859	407044	3.25e-13	68.9
CDF87308.1	CP097135.1	27.064	218	300	8	206	179123	179764	5.27e-13	68.2
CDF87308.1	CP097135.1	25.333	225	300	9	224	75639	74974	2.09e-12	66.2
CDF87308.1	CP097135.1	23.464	179	300	53	214	963087	963617	2.25e-12	66.2
CDF87308.1	CP097135.1	26.875	160	300	44	200	714488	714958	7.14e-12	64.7
CDF87308.1	CP097135.1	21.782	202	300	3	201	1471284	1470685	1.53e-11	63.5
CDF87308.1	CP097147.1	37.374	297	300	3	288	480181	479303	1.15e-64	218
CDF87308.1	CP097147.1	36.364	319	300	2	294	848333	847386	3.28e-59	202
CDF87308.1	CP097147.1	35.862	290	300	30	292	461414	460548	9.09e-50	176
CDF87308.1	CP097147.1	30.492	305	300	9	294	653983	654888	1.20e-37	140
CDF87308.1	CP097147.1	25.763	295	300	9	287	279843	279040	1.38e-18	84.7
CDF87308.1	CP097147.1	24.911	281	300	7	287	262243	262974	1.25e-17	82.0
CDF87308.1	CP097147.1	26.636	214	300	9	206	257506	256874	1.01e-15	76.3
CDF87308.1	CP097147.1	25.389	193	300	7	195	160736	161293	7.71e-14	70.5
CDF87308.1	CP097147.1	25.000	200	300	9	200	282297	281710	4.21e-12	65.5
CDF87308.1	CP097147.1	26.816	179	300	49	209	489126	488596	1.71e-11	63.5
CDF87308.1	CP097147.1	31.690	142	300	8	147	735731	736153	2.66e-11	62.8
CDF87308.1	CP097147.1	28.108	185	300	17	199	151502	150957	3.19e-11	62.8
CDF87308.1	CP097133.1	37.919	298	300	3	291	540219	541097	2.11e-59	203
CDF87308.1	CP097133.1	33.113	302	300	9	294	184444	185340	2.17e-45	163
CDF87308.1	CP097133.1	24.399	291	300	7	287	13567	12797	4.53e-16	77.4
CDF87308.1	CP097133.1	28.571	203	300	9	200	729330	729935	3.81e-12	65.5
CDF87308.1	CP097142.1	33.110	299	300	3	295	184049	184933	2.77e-54	188
CDF87308.1	CP097142.1	29.966	297	300	8	286	151142	150270	9.08e-32	123
CDF87308.1	CP097142.1	33.548	155	300	49	200	249627	250085	5.45e-16	77.0
CDF87308.1	CP097142.1	26.804	194	300	7	199	206981	207559	1.27e-14	73.2
CDF87308.1	CP097142.1	31.724	145	300	61	196	132282	131848	1.01e-13	70.5
CDF87308.1	CP097142.1	25.789	190	300	7	195	135734	135177	2.58e-13	68.9
CDF87308.1	CP097144.1	33.673	294	300	9	288	517879	518718	1.77e-44	160
CDF87308.1	CP097144.1	23.203	306	300	2	298	253941	253135	2.19e-18	84.3
CDF87308.1	CP097144.1	25.258	194	300	7	199	445581	445003	4.65e-14	71.2
CDF87310.1	CP097135.1	40.483	331	376	23	342	274989	275969	1.96e-81	270
CDF87311.1	CP097138.1	50.690	580	553	21	553	251399	249660	0.0	565
CDF87312.1	CP097138.1	47.192	926	916	1	916	251705	254434	0.0	832
CDF87312.1	CP097135.1	34.626	361	916	566	910	1362415	1363458	1.21e-47	184
CDF87312.1	CP097136.1	29.235	366	916	561	913	408080	409141	7.54e-38	153
CDF87312.1	CP097142.1	27.107	439	916	515	911	422875	421586	3.14e-25	112
CDF87312.1	CP097141.1	27.954	347	916	591	908	494623	493616	7.05e-22	101
CDF87313.1	CP097144.1	55.273	512	557	57	530	576964	575456	2.65e-170	534
CDF87313.1	CP097142.1	33.047	233	557	123	340	211153	211779	1.64e-28	120
CDF87314.1	CP097135.1	46.043	556	479	2	479	277906	276242	9.48e-128	408
CDF87315.1	CP097144.1	48.269	491	503	17	500	574589	573138	1.46e-141	449
CDF87315.1	CP097144.1	47.047	491	503	17	500	572379	570928	1.73e-137	437
CDF87315.1	CP097144.1	28.049	328	503	182	497	463024	462095	1.94e-21	97.4
CDF87315.1	CP097136.1	44.177	498	503	7	502	300701	302158	6.17e-124	398
CDF87315.1	CP097146.1	40.040	497	503	7	500	1003352	1004806	2.38e-118	382
CDF87315.1	CP097147.1	37.876	499	503	6	500	426542	428005	1.23e-106	348
CDF87315.1	CP097133.1	33.534	498	503	14	498	233008	234465	3.50e-73	251
CDF87316.1	CP097144.1	64.072	501	500	1	500	574634	573132	0.0	678
CDF87316.1	CP097144.1	62.275	501	500	1	500	572424	570922	0.0	653
CDF87316.1	CP097144.1	28.667	450	500	54	474	463450	462158	4.63e-27	114
CDF87316.1	CP097146.1	45.565	496	500	1	495	1003340	1004797	3.64e-134	427
CDF87316.1	CP097136.1	45.547	494	500	5	498	300701	302152	2.24e-133	425
CDF87316.1	CP097147.1	41.616	495	500	5	498	426545	428005	2.75e-116	376
CDF87316.1	CP097133.1	33.054	478	500	21	493	233059	234456	2.26e-71	246
CDF87317.1	CP097144.1	46.026	604	600	7	600	570695	568896	0.0	567
CDF87318.1	CP097144.1	56.371	777	737	1	737	566447	568753	0.0	837
CDF87318.1	CP097145.1	27.528	356	737	13	335	474396	475433	2.24e-34	140
CDF87318.1	CP097147.1	26.645	304	737	1	260	235423	234524	1.11e-22	103
CDF87318.1	CP097143.1	26.111	360	737	5	330	200432	199380	5.02e-22	100
CDF87319.1	CP097135.1	54.342	357	377	34	377	278538	279608	9.60e-119	377
CDF87320.1	CP097135.1	61.170	376	380	15	379	280814	279687	3.69e-155	482
CDF87320.1	CP097142.1	27.492	331	380	45	358	512807	511863	1.78e-23	101
CDF87321.1	CP097144.1	63.388	366	359	2	354	566025	564934	3.36e-144	449
CDF87321.1	CP097147.1	29.630	297	359	52	342	589340	588492	5.98e-33	129
CDF87321.1	CP097147.1	30.729	192	359	138	325	571565	571014	9.89e-15	74.3
CDF87321.1	CP097147.1	24.759	311	359	52	341	293394	292540	1.11e-13	71.2
CDF87321.1	CP097147.1	26.074	326	359	36	348	661335	662243	1.71e-13	70.5
CDF87321.1	CP097145.1	29.167	312	359	57	358	614116	613292	6.35e-32	125
CDF87321.1	CP097145.1	30.412	194	359	59	237	473407	473970	5.22e-14	72.0
CDF87321.1	CP097145.1	24.812	266	359	94	349	473221	473979	2.30e-12	67.0
CDF87321.1	CP097142.1	29.054	296	359	43	328	532859	532053	6.09e-27	111
CDF87321.1	CP097142.1	25.888	197	359	147	341	217637	218206	1.04e-12	68.2
CDF87321.1	CP097141.1	28.289	304	359	37	328	171263	172081	1.87e-26	109
CDF87321.1	CP097141.1	28.155	309	359	57	351	602231	603112	4.08e-24	102
CDF87322.1	CP097144.1	57.414	789	814	1	729	564189	561937	0.0	806
CDF87323.1	CP097144.1	38.095	105	162	31	113	560985	560680	1.10e-15	72.0
CDF87324.1	CP097144.1	28.698	676	710	61	708	557793	555895	2.45e-60	219
CDF87325.1	CP097135.1	67.660	470	472	6	472	282584	281175	0.0	656
CDF87326.1	CP097144.1	48.804	1547	1499	7	1490	555512	550896	0.0	1462
CDF87326.1	CP097132.1	31.274	518	1499	956	1458	84520	82991	3.21e-72	267
CDF87326.1	CP097132.1	31.448	442	1499	123	560	86134	84977	2.26e-56	215
CDF87326.1	CP097132.1	35.294	119	1499	675	793	84850	84527	4.32e-11	66.6
CDF87326.1	CP097136.1	31.283	569	1499	937	1458	505504	507177	5.07e-70	260
CDF87326.1	CP097136.1	29.981	537	1499	270	792	504115	505569	2.55e-56	215
CDF87326.1	CP097135.1	30.458	568	1499	938	1459	659143	660810	1.91e-67	251
CDF87326.1	CP097135.1	29.213	534	1499	270	791	657751	659202	2.89e-53	205
CDF87326.1	CP097140.1	31.771	384	1499	951	1332	241333	242448	2.20e-48	189
CDF87326.1	CP097140.1	25.519	482	1499	86	563	239737	240906	2.45e-29	127
CDF87327.1	CP097144.1	50.000	242	230	3	229	549330	549995	3.42e-61	205
CDF87327.1	CP097144.1	42.029	69	230	21	88	667515	667721	2.86e-12	64.3
CDF87327.1	CP097145.1	58.209	67	230	22	88	507936	507736	3.29e-19	84.7
CDF87327.1	CP097145.1	50.000	66	230	20	83	223392	223195	2.30e-12	64.7
CDF87327.1	CP097145.1	47.692	65	230	23	86	482379	482573	7.28e-12	63.2
CDF87327.1	CP097145.1	43.243	74	230	14	86	607881	607669	1.58e-11	62.0
CDF87327.1	CP097140.1	50.746	67	230	22	87	340421	340621	5.62e-15	72.4
CDF87328.1	CP097135.1	79.020	1082	1090	10	1090	282938	286183	0.0	1848
CDF87328.1	CP097147.1	27.368	760	1090	369	1083	228812	226569	1.44e-72	264
CDF87328.1	CP097145.1	30.676	414	1090	579	966	433584	434747	7.58e-36	147
CDF87329.1	CP097135.1	65.175	514	503	1	501	287875	286337	0.0	696
CDF87329.1	CP097135.1	34.266	286	503	191	472	1396423	1397181	5.86e-39	150
CDF87329.1	CP097135.1	29.693	293	503	197	473	1450009	1449209	1.19e-31	128
CDF87329.1	CP097135.1	27.812	320	503	197	488	714302	715174	8.41e-27	114
CDF87329.1	CP097135.1	27.609	297	503	195	475	1417783	1416983	1.72e-22	100
CDF87329.1	CP097135.1	30.126	239	503	180	413	1471314	1470682	3.41e-22	99.8
CDF87329.1	CP097135.1	26.888	331	503	180	477	1379013	1379909	9.38e-22	98.2
CDF87329.1	CP097135.1	28.025	314	503	191	473	273814	274671	1.22e-21	97.8
CDF87329.1	CP097135.1	28.704	216	503	257	453	1023382	1022804	9.82e-15	76.3
CDF87329.1	CP097135.1	27.468	233	503	196	410	179123	179746	5.18e-14	73.9
CDF87329.1	CP097135.1	25.926	243	503	184	410	412231	411584	7.64e-14	73.2
CDF87329.1	CP097135.1	28.634	227	503	197	417	319970	319368	2.97e-13	71.2
CDF87329.1	CP097135.1	22.662	278	503	197	453	75639	74884	3.04e-11	64.7
CDF87329.1	CP097147.1	30.942	446	503	55	474	257923	256709	2.62e-45	169
CDF87329.1	CP097147.1	30.693	303	503	177	473	160682	161494	6.17e-35	138
CDF87329.1	CP097147.1	29.114	316	503	187	484	279873	279007	2.23e-29	121
CDF87329.1	CP097147.1	26.054	261	503	210	470	151487	150792	1.25e-23	103
CDF87329.1	CP097147.1	27.640	322	503	186	471	480196	479309	2.41e-22	100
CDF87329.1	CP097147.1	27.124	306	503	171	472	262171	262974	2.86e-21	96.7
CDF87329.1	CP097147.1	26.071	280	503	177	415	735686	736441	3.97e-19	90.1
CDF87329.1	CP097147.1	25.574	305	503	197	482	282297	281479	4.55e-14	73.9
CDF87329.1	CP097147.1	26.012	346	503	186	473	848348	847404	5.09e-14	73.9
CDF87329.1	CP097147.1	29.565	230	503	186	402	653950	654573	7.71e-14	73.2
CDF87329.1	CP097137.1	32.288	319	503	158	470	149378	148488	2.05e-44	167
CDF87329.1	CP097137.1	26.829	205	503	158	361	54089	53550	1.60e-11	65.9
CDF87329.1	CP097146.1	30.032	313	503	179	484	264620	263751	6.89e-40	153
CDF87329.1	CP097146.1	28.105	459	503	45	473	959824	958592	1.01e-38	150
CDF87329.1	CP097146.1	29.787	329	503	183	494	745681	746586	5.43e-29	120
CDF87329.1	CP097146.1	27.740	292	503	197	475	98311	99099	6.78e-24	104
CDF87329.1	CP097146.1	27.761	335	503	152	472	214509	215390	1.18e-21	97.8
CDF87329.1	CP097146.1	26.606	218	503	205	412	79916	80491	1.53e-15	78.6
CDF87329.1	CP097146.1	25.914	301	503	197	482	743003	743821	1.66e-15	78.6
CDF87329.1	CP097146.1	27.111	225	503	193	406	793931	793338	1.22e-14	75.9
CDF87329.1	CP097146.1	23.810	315	503	191	472	410299	411156	3.79e-14	74.3
CDF87329.1	CP097142.1	28.409	352	503	158	473	249288	250253	4.78e-36	142
CDF87329.1	CP097142.1	28.873	284	503	191	473	135746	134976	7.23e-30	123
CDF87329.1	CP097142.1	30.065	306	503	181	482	206942	207769	6.84e-28	117
CDF87329.1	CP097142.1	28.169	355	503	152	473	183950	184915	8.57e-21	95.1
CDF87329.1	CP097142.1	23.699	346	503	188	484	222573	221569	2.20e-16	81.3
CDF87329.1	CP097142.1	26.644	289	503	187	412	348515	347703	3.63e-14	74.3
CDF87329.1	CP097142.1	29.193	161	503	248	402	150980	150555	6.28e-12	67.0
CDF87330.1	CP097144.1	46.038	795	760	10	759	546780	549119	0.0	702
CDF87331.1	CP097144.1	45.669	127	126	1	125	546468	546100	6.93e-26	99.8
CDF87332.1	CP097135.1	87.324	355	353	1	353	289197	288136	0.0	620
CDF87333.1	CP097135.1	38.218	348	297	1	297	289439	290461	5.58e-40	147
CDF87334.1	CP097144.1	78.065	155	155	1	155	543859	544323	1.57e-80	257
CDF87335.1	CP097144.1	51.691	207	235	36	232	543520	542900	1.87e-58	197
CDF87336.1	CP097135.1	45.960	198	190	1	189	291185	290607	2.95e-48	166
CDF87337.1	CP097144.1	48.954	239	205	1	203	542631	541924	2.31e-63	210
CDF87338.1	CP097135.1	77.752	427	424	3	424	292698	291418	0.0	687
CDF87339.1	CP097135.1	65.658	760	761	3	761	293078	295357	0.0	1099
CDF87339.1	CP097135.1	52.335	728	761	17	744	295958	298141	0.0	849
CDF87339.1	CP097135.1	23.647	499	761	26	501	1071530	1072927	1.23e-29	125
CDF87339.1	CP097132.1	33.524	701	761	54	733	95380	93323	2.87e-101	342
CDF87339.1	CP097146.1	31.760	699	761	35	708	885485	887542	9.78e-99	335
CDF87339.1	CP097138.1	32.316	721	761	35	733	872829	874952	4.00e-97	330
CDF87339.1	CP097141.1	31.092	714	761	49	713	693152	691080	4.05e-82	286
CDF87340.1	CP097144.1	41.736	599	633	10	608	540220	541803	4.58e-141	453
CDF87341.1	CP097146.1	66.809	235	204	1	204	19391	20083	5.87e-95	301
CDF87342.1	CP097146.1	63.200	500	576	80	564	21735	20272	0.0	571
CDF87343.1	CP097146.1	53.191	235	230	1	227	23076	22372	1.60e-87	281
CDF87344.1	CP097146.1	59.278	194	184	1	183	23297	23875	1.90e-72	235
CDF87345.1	CP097146.1	61.127	1065	1070	8	1063	27197	24054	0.0	1281
CDF87346.1	CP097146.1	41.104	489	411	2	409	27540	29003	1.25e-102	332
CDF87347.1	CP097146.1	74.556	169	169	1	169	29558	29052	1.59e-86	275
CDF87348.1	CP097145.1	90.762	433	433	1	433	19787	18489	0.0	829
CDF87348.1	CP097145.1	26.196	397	433	20	388	567099	565978	5.59e-31	125
CDF87348.1	CP097138.1	47.971	419	433	20	430	149085	147829	7.94e-136	429
CDF87348.1	CP097147.1	36.364	242	433	91	323	671478	670762	2.02e-43	162
CDF87349.1	CP097145.1	51.641	1036	1031	2	1028	23118	20035	0.0	1030
CDF87349.1	CP097135.1	32.428	552	1031	481	1020	243899	242337	2.80e-68	250
CDF87349.1	CP097135.1	46.186	236	1031	729	963	244037	243354	1.13e-50	194
CDF87349.1	CP097135.1	39.695	262	1031	721	974	1245921	1246697	2.74e-42	167
CDF87349.1	CP097135.1	35.484	186	1031	689	868	443577	444128	5.15e-26	115
CDF87349.1	CP097135.1	31.515	165	1031	740	900	1209600	1209139	3.80e-11	66.2
CDF87349.1	CP097143.1	31.545	615	1031	474	1027	57890	56145	6.62e-64	236
CDF87349.1	CP097143.1	31.481	540	1031	441	955	911247	909742	1.35e-57	216
CDF87349.1	CP097143.1	39.662	237	1031	727	958	58016	57318	1.37e-42	169
CDF87349.1	CP097142.1	33.941	439	1031	611	1017	72331	71099	1.25e-63	235
CDF87349.1	CP097142.1	36.090	266	1031	727	981	175361	176149	4.66e-42	167
CDF87349.1	CP097138.1	38.000	300	1031	728	1011	1003421	1004224	1.97e-46	181
CDF87349.1	CP097138.1	40.171	234	1031	725	955	420821	420132	3.64e-41	164
CDF87349.1	CP097138.1	36.250	240	1031	720	954	546269	546961	7.02e-32	134
CDF87350.1	CP097145.1	59.589	146	145	1	144	23759	23325	7.79e-53	177
CDF87350.1	CP097143.1	59.091	66	145	73	138	151767	151579	3.28e-19	81.6
CDF87351.1	CP097145.1	35.866	329	1296	29	347	24632	25609	1.26e-52	202
CDF87352.1	CP097145.1	55.312	320	322	2	321	28826	27870	1.70e-121	383
CDF87352.1	CP097143.1	26.638	229	322	44	260	618824	619438	2.67e-17	81.6
CDF87352.1	CP097146.1	26.860	242	322	28	258	291488	290874	7.49e-16	77.0
CDF87353.1	CP097146.1	60.669	239	237	1	236	29992	30708	1.22e-98	313
CDF87354.1	CP097145.1	68.639	845	877	13	843	31859	29325	0.0	1192
CDF87354.1	CP097145.1	29.398	415	877	180	581	424945	423800	3.24e-40	160
CDF87354.1	CP097142.1	28.685	502	877	94	583	34943	36334	1.59e-42	167
CDF87354.1	CP097146.1	27.011	522	877	105	588	494775	496232	1.27e-35	145
CDF87354.1	CP097140.1	20.283	424	877	111	501	330430	329279	2.12e-11	66.6
CDF87355.1	CP097146.1	43.977	689	646	8	641	30929	32956	2.04e-159	506
CDF87355.1	CP097135.1	26.978	278	646	61	322	1318007	1317216	4.70e-16	81.3
CDF87356.1	CP097145.1	64.819	415	420	1	411	32435	33670	0.0	581
CDF87356.1	CP097145.1	40.761	368	420	46	413	706278	707342	3.66e-82	274
CDF87356.1	CP097134.1	42.857	364	420	47	410	285785	286834	1.28e-93	307
CDF87357.1	CP097146.1	72.637	402	419	16	417	33254	34459	0.0	628
CDF87357.1	CP097143.1	30.594	438	419	1	416	998296	999567	1.84e-54	194
CDF87357.1	CP097138.1	25.064	391	419	12	356	535347	536456	3.58e-22	98.2
CDF87357.1	CP097145.1	26.331	357	419	21	327	728947	730005	3.39e-21	95.1
CDF87358.1	CP097145.1	48.175	137	437	305	437	34168	33785	4.03e-19	89.4
CDF87359.1	CP097145.1	54.600	1000	1007	2	995	35219	37903	0.0	1019
CDF87359.1	CP097135.1	22.328	421	1007	583	1003	238825	239874	1.35e-18	90.5
CDF87360.1	CP097146.1	81.690	213	209	1	209	35454	34816	1.60e-112	351
CDF87361.1	CP097145.1	69.580	286	286	1	286	38196	39047	1.21e-137	427
CDF87362.1	CP097146.1	43.860	1368	1268	5	1262	39732	35776	0.0	991
CDF87363.1	CP097145.1	48.023	531	516	12	515	40783	39206	1.21e-158	498
CDF87363.1	CP097145.1	39.535	473	516	51	513	767428	768819	2.36e-108	353
CDF87363.1	CP097144.1	39.394	495	516	26	512	271216	272676	1.56e-112	365
CDF87363.1	CP097139.1	39.592	490	516	32	513	281743	280298	5.22e-111	361
CDF87363.1	CP097139.1	39.098	532	516	5	513	274275	272710	4.11e-109	356
CDF87363.1	CP097139.1	37.476	515	516	16	512	278065	276545	6.02e-106	347
CDF87363.1	CP097143.1	39.096	509	516	16	513	270378	271844	5.27e-111	361
CDF87363.1	CP097135.1	38.953	516	516	6	513	1150922	1149417	1.00e-110	360
CDF87363.1	CP097135.1	37.266	534	516	1	513	13566	11992	1.64e-110	360
CDF87363.1	CP097135.1	38.953	516	516	6	513	1145530	1144025	1.80e-110	360
CDF87363.1	CP097135.1	39.535	473	516	51	512	1154154	1152769	5.26e-105	344
CDF87363.1	CP097135.1	29.498	478	516	45	512	118012	119403	2.35e-61	217
CDF87363.1	CP097135.1	29.895	475	516	50	513	219705	221087	5.96e-58	207
CDF87363.1	CP097135.1	24.295	461	516	62	516	1492543	1493898	9.23e-34	135
CDF87363.1	CP097135.1	26.248	541	516	18	513	1429235	1427727	1.38e-28	119
CDF87363.1	CP097135.1	28.293	205	516	310	513	1232552	1231956	3.28e-19	90.5
CDF87363.1	CP097135.1	29.778	225	516	35	256	1233515	1232892	1.09e-14	75.9
CDF87363.1	CP097135.1	23.750	480	516	64	513	6526	7875	2.70e-14	74.7
CDF87363.1	CP097135.1	23.028	469	516	64	510	109108	107810	9.04e-13	69.7
CDF87364.1	CP097146.1	54.947	475	472	11	472	40120	41544	3.55e-151	475
CDF87365.1	CP097145.1	74.330	448	448	8	448	41175	42509	0.0	701
CDF87365.1	CP097134.1	26.667	240	448	155	366	260155	259457	8.96e-18	85.1
CDF87365.1	CP097134.1	23.746	299	448	83	372	221453	220707	1.43e-14	75.1
CDF87365.1	CP097134.1	23.411	299	448	94	364	240894	240079	1.79e-14	74.7
CDF87365.1	CP097134.1	25.333	225	448	83	287	260098	259430	4.81e-12	67.0
CDF87365.1	CP097134.1	25.773	194	448	162	346	240945	240379	1.46e-11	65.5
CDF87365.1	CP097147.1	28.472	144	448	135	278	261002	260574	7.86e-16	79.0
CDF87365.1	CP097135.1	23.077	234	448	136	364	204166	203531	2.73e-14	74.3
CDF87365.1	CP097135.1	26.667	150	448	85	234	204193	203744	1.08e-13	72.4
CDF87365.1	CP097135.1	27.485	171	448	120	276	998951	998439	2.36e-11	64.7
CDF87365.1	CP097143.1	22.712	295	448	87	364	381001	381744	4.55e-13	70.5
CDF87365.1	CP097143.1	23.026	152	448	83	233	576895	576443	3.64e-11	64.3
CDF87365.1	CP097143.1	26.923	130	448	115	244	576925	576536	7.04e-11	63.2
CDF87366.1	CP097146.1	40.506	395	382	1	378	43187	42006	4.49e-95	310
CDF87366.1	CP097140.1	32.178	202	382	80	278	149224	148670	9.62e-18	84.0
CDF87366.1	CP097141.1	27.805	205	382	79	278	141216	140665	2.00e-12	67.8
CDF87367.1	CP097146.1	67.633	207	215	1	195	44477	43857	1.33e-70	231
CDF87368.1	CP097146.1	81.416	113	115	3	115	44796	45119	4.20e-58	191
CDF87369.1	CP097145.1	51.988	327	318	2	317	43556	42576	1.68e-111	354
CDF87370.1	CP097145.1	58.075	322	322	2	321	44769	43825	3.88e-127	399
CDF87371.1	CP097136.1	50.671	298	296	1	294	530526	529636	6.62e-95	305
CDF87371.1	CP097139.1	27.273	297	296	2	294	505032	505886	1.94e-31	122
CDF87373.1	CP097136.1	50.133	1131	1055	4	1055	531858	535214	0.0	1068
CDF87373.1	CP097144.1	32.196	469	1055	588	1050	399569	398286	4.55e-58	218
CDF87373.1	CP097142.1	26.923	494	1055	576	1029	406794	405418	5.56e-36	147
CDF87373.1	CP097143.1	27.768	569	1055	588	1055	983220	984797	1.64e-34	142
CDF87374.1	CP097136.1	91.045	268	268	1	268	535765	536565	1.85e-157	483
CDF87374.1	CP097135.1	95.082	244	268	1	244	672830	673561	7.90e-156	478
CDF87375.1	CP097135.1	54.198	131	141	3	133	674239	674631	1.40e-42	148
CDF87376.1	CP097135.1	68.804	577	566	1	564	676690	674963	0.0	804
CDF87377.1	CP097136.1	72.076	419	401	1	400	536971	538227	0.0	626
CDF87378.1	CP097135.1	40.137	877	891	1	816	677577	680063	7.66e-170	546
CDF87379.1	CP097135.1	43.219	789	1248	479	1245	682781	680439	0.0	681
CDF87379.1	CP097135.1	48.515	101	1248	8	108	684125	683823	2.40e-19	93.6
CDF87380.1	CP097136.1	90.690	290	332	43	332	538798	539667	0.0	556
CDF87380.1	CP097136.1	46.012	326	332	7	332	346732	347706	1.55e-92	300
CDF87380.1	CP097135.1	32.258	186	332	94	272	460647	461204	2.64e-19	87.8
CDF87381.1	CP097135.1	72.059	476	476	1	476	685994	684576	0.0	722
CDF87382.1	CP097136.1	36.293	259	274	26	274	540605	539886	6.09e-36	134
CDF87383.1	CP097136.1	58.108	74	111	38	111	541235	541020	6.62e-14	64.7
CDF87384.1	CP097143.1	76.074	652	651	14	651	276072	274123	0.0	992
CDF87384.1	CP097135.1	69.881	674	651	1	651	690254	688239	0.0	975
CDF87384.1	CP097136.1	25.465	699	651	13	645	386468	384489	8.32e-53	195
CDF87385.1	CP097135.1	63.309	695	692	1	677	690489	692549	0.0	882
CDF87386.1	CP097143.1	43.079	1221	1216	9	1215	280244	276633	0.0	940
CDF87387.1	CP097135.1	58.453	698	738	33	728	694773	692758	0.0	846
CDF87387.1	CP097145.1	27.684	531	738	35	551	181967	180567	9.57e-47	179
CDF87388.1	CP097141.1	92.405	158	159	1	158	157690	158160	1.65e-96	303
CDF87390.1	CP097141.1	77.828	221	207	1	207	161550	162212	1.68e-102	323
CDF87391.1	CP097142.1	61.412	425	424	1	423	557105	558376	0.0	560
CDF87391.1	CP097141.1	63.882	407	424	23	424	163534	162314	4.71e-177	547
CDF87391.1	CP097146.1	50.814	307	424	90	396	481380	482264	7.19e-105	340
CDF87391.1	CP097133.1	46.104	308	424	89	396	613960	614847	1.38e-98	322
CDF87391.1	CP097133.1	37.671	292	424	90	379	599384	600247	1.21e-65	226
CDF87391.1	CP097135.1	46.602	309	424	90	396	1405408	1406289	7.80e-93	305
CDF87392.1	CP097142.1	61.044	249	256	5	253	555967	556713	4.02e-108	341
CDF87393.1	CP097142.1	92.658	395	395	1	395	554416	555600	0.0	728
CDF87393.1	CP097142.1	31.633	196	395	42	208	486665	486081	1.98e-14	73.9
CDF87393.1	CP097141.1	92.658	395	395	1	395	165280	164096	0.0	727
CDF87393.1	CP097141.1	29.534	386	395	17	384	388497	389645	8.79e-46	167
CDF87393.1	CP097135.1	58.839	379	395	19	393	492007	493143	2.01e-147	461
CDF87393.1	CP097135.1	44.022	368	395	24	390	177846	176749	1.12e-94	309
CDF87393.1	CP097135.1	36.828	372	395	24	387	311446	312558	4.98e-74	249
CDF87393.1	CP097135.1	29.897	388	395	24	378	956506	955358	1.15e-45	167
CDF87393.1	CP097135.1	25.874	429	395	15	383	400499	401785	7.56e-45	165
CDF87393.1	CP097135.1	28.974	390	395	29	376	866233	865094	4.09e-36	139
CDF87393.1	CP097146.1	39.211	380	395	2	368	384362	383235	3.81e-81	270
CDF87393.1	CP097146.1	32.425	367	395	42	388	693125	694222	7.48e-55	194
CDF87393.1	CP097139.1	32.172	373	395	14	383	214320	213205	1.57e-60	210
CDF87393.1	CP097139.1	33.073	384	395	24	385	427784	428911	1.17e-51	184
CDF87394.1	CP097142.1	49.164	299	444	1	282	552199	553089	5.78e-89	295
CDF87394.1	CP097141.1	47.351	302	444	1	279	166716	165835	1.64e-81	273
CDF87395.1	CP097141.1	92.405	79	87	9	87	167378	167142	7.98e-46	154
CDF87395.1	CP097142.1	91.139	79	87	9	87	551432	551668	1.25e-45	154
CDF87396.1	CP097142.1	69.910	555	587	39	587	549133	550794	0.0	804
CDF87397.1	CP097142.1	55.634	284	277	14	277	547668	548519	7.19e-103	327
CDF87397.1	CP097142.1	24.731	186	277	73	232	465847	465296	2.75e-12	65.5
CDF87397.1	CP097147.1	46.591	176	277	75	240	857488	858006	1.73e-46	165
CDF87397.1	CP097143.1	46.893	177	277	74	241	596131	595607	4.42e-44	158
CDF87397.1	CP097143.1	30.675	163	277	72	232	654284	653811	9.29e-16	75.9
CDF87397.1	CP097143.1	27.500	160	277	74	232	713081	712629	1.14e-12	66.6
CDF87397.1	CP097145.1	45.614	171	277	75	240	457563	458072	7.01e-42	152
CDF87397.1	CP097145.1	35.616	219	277	74	242	301614	300964	3.43e-37	138
CDF87397.1	CP097145.1	29.474	190	277	74	251	450878	451399	9.07e-19	84.7
CDF87397.1	CP097140.1	36.410	195	277	75	240	123746	124327	4.79e-37	138
CDF87398.1	CP097142.1	40.189	4118	4050	11	4047	547326	535087	0.0	3091
CDF87399.1	CP097141.1	55.641	390	403	12	395	168831	170000	1.29e-142	447
CDF87399.1	CP097142.1	53.968	378	403	19	395	534634	533504	7.35e-132	416
CDF87400.1	CP097142.1	74.172	302	301	1	300	532895	531990	1.43e-154	476
CDF87400.1	CP097141.1	75.172	290	301	13	300	171275	172144	4.26e-150	464
CDF87400.1	CP097141.1	26.756	299	301	27	299	602231	603103	2.63e-24	101
CDF87400.1	CP097141.1	28.111	217	301	28	231	570535	569885	7.73e-19	85.5
CDF87400.1	CP097145.1	27.835	291	301	23	299	614128	613322	2.11e-26	107
CDF87400.1	CP097147.1	27.619	315	301	2	299	589379	588474	2.82e-23	99.0
CDF87400.1	CP097147.1	26.421	299	301	27	293	571529	570654	2.05e-21	93.2
CDF87400.1	CP097147.1	24.667	300	301	22	299	293394	292519	3.04e-17	80.9
CDF87400.1	CP097144.1	23.885	314	301	21	300	565884	564976	1.39e-21	94.0
CDF87401.1	CP097142.1	51.079	417	414	3	414	530381	531628	1.39e-132	419
CDF87402.1	CP097141.1	39.125	754	731	1	731	172506	174755	2.04e-172	548
CDF87403.1	CP097141.1	45.983	361	360	1	354	175940	174888	7.85e-93	302
CDF87404.1	CP097141.1	82.658	2220	2216	1	2216	182958	176317	0.0	3860
CDF87404.1	CP097141.1	55.214	1074	2216	438	1481	625539	622378	0.0	1144
CDF87404.1	CP097141.1	30.000	390	2216	977	1348	625545	624382	9.73e-42	168
CDF87404.1	CP097146.1	45.588	408	2216	14	415	852224	853366	2.42e-96	348
CDF87405.1	CP097141.1	46.745	1275	1294	4	1163	187885	184241	0.0	991
CDF87405.1	CP097142.1	62.527	467	1294	695	1159	528502	529887	0.0	613
CDF87405.1	CP097142.1	34.957	349	1294	4	340	527263	528195	1.58e-53	205
CDF87406.1	CP097141.1	67.239	641	628	35	628	190585	188699	0.0	801
CDF87406.1	CP097141.1	28.710	310	628	324	614	255535	256428	5.84e-25	109
CDF87406.1	CP097141.1	26.570	207	628	326	518	82574	81981	1.59e-16	82.8
CDF87406.1	CP097141.1	26.429	280	628	314	583	115583	114801	4.89e-16	80.9
CDF87406.1	CP097141.1	27.542	236	628	326	545	159857	159210	1.27e-11	66.6
CDF87406.1	CP097135.1	37.248	298	628	308	586	179078	179944	8.83e-49	183
CDF87406.1	CP097135.1	32.759	290	628	322	603	1471278	1470442	7.27e-31	128
CDF87406.1	CP097135.1	26.645	304	628	314	585	714266	715126	3.61e-20	94.4
CDF87406.1	CP097135.1	28.761	226	628	366	589	1449841	1449197	2.71e-19	91.7
CDF87406.1	CP097135.1	28.395	243	628	319	539	1379040	1379747	1.89e-18	89.0
CDF87406.1	CP097135.1	26.512	215	628	326	537	1396441	1397055	1.32e-15	79.7
CDF87406.1	CP097135.1	23.129	294	628	314	583	1417813	1416995	8.60e-13	70.5
CDF87406.1	CP097135.1	25.084	299	628	317	583	287281	286430	1.95e-12	69.3
CDF87406.1	CP097135.1	27.451	204	628	324	521	319976	319392	1.85e-11	66.2
CDF87406.1	CP097146.1	39.073	302	628	309	597	742952	743830	1.38e-44	170
CDF87406.1	CP097146.1	31.128	257	628	339	583	79931	80662	7.21e-23	103
CDF87406.1	CP097146.1	27.037	270	628	322	583	264572	263790	3.48e-18	87.8
CDF87406.1	CP097146.1	26.263	297	628	317	588	98284	99108	2.01e-16	82.4
CDF87406.1	CP097146.1	27.063	303	628	324	607	53776	52937	8.97e-13	70.5
CDF87406.1	CP097146.1	26.403	303	628	317	586	959458	958589	1.83e-11	66.2
CDF87406.1	CP097146.1	24.364	275	628	326	583	214629	215387	7.52e-11	64.3
CDF87406.1	CP097147.1	36.424	302	628	318	605	282321	281446	1.66e-43	167
CDF87406.1	CP097147.1	32.482	274	628	324	583	257512	256718	2.40e-28	120
CDF87406.1	CP097147.1	29.964	277	628	315	587	151559	150777	1.30e-21	99.0
CDF87406.1	CP097147.1	28.374	289	628	309	589	262180	262989	2.36e-21	98.2
CDF87406.1	CP097147.1	28.754	313	628	312	586	480205	479300	1.89e-20	95.1
CDF87406.1	CP097147.1	30.396	227	628	314	533	160706	161350	6.34e-18	87.0
CDF87406.1	CP097134.1	30.435	299	628	326	594	242477	241632	1.87e-30	127
CDF87406.1	CP097134.1	35.000	80	628	326	403	274356	274595	9.82e-19	57.8
CDF87406.1	CP097134.1	30.128	156	628	441	571	274702	275127	9.82e-19	53.5
CDF87406.1	CP097134.1	26.259	278	628	324	589	79046	79846	5.09e-17	84.3
CDF87407.1	CP097141.1	67.308	52	52	1	52	192308	192153	5.16e-19	76.3
CDF87408.1	CP097141.1	57.983	595	526	1	521	194816	193035	0.0	672
CDF87408.1	CP097141.1	31.200	250	526	22	268	8752	9381	1.02e-32	132
CDF87409.1	CP097141.1	63.036	303	304	1	295	195100	196002	1.44e-128	402
CDF87409.1	CP097143.1	33.770	305	304	4	301	827365	826541	1.60e-41	152
CDF87410.1	CP097141.1	69.613	362	373	13	369	197254	196172	2.13e-176	543
CDF87411.1	CP097141.1	81.879	149	170	22	170	198174	197728	1.08e-79	255
CDF87412.1	CP097142.1	42.742	124	120	1	120	526662	526291	1.66e-28	107
CDF87413.1	CP097141.1	49.597	496	461	8	461	200021	198606	5.08e-125	399
CDF87414.1	CP097141.1	52.174	92	149	1	75	200324	200599	1.79e-41	94.4
CDF87414.1	CP097141.1	55.294	85	149	74	149	200595	200849	1.79e-41	90.5
CDF87415.1	CP097141.1	87.342	237	238	1	237	201699	200989	1.53e-141	436
CDF87416.1	CP097142.1	60.965	456	450	1	450	526071	524821	6.37e-152	476
CDF87417.1	CP097142.1	45.276	254	299	29	271	524430	523681	1.01e-62	213
CDF87418.1	CP097142.1	40.609	197	265	1	195	523376	522843	1.37e-12	66.2
CDF87419.1	CP097141.1	41.196	301	305	3	303	203176	204069	4.41e-79	260
CDF87420.1	CP097142.1	47.188	409	440	40	440	521566	522756	9.79e-116	372
CDF87421.1	CP097142.1	63.672	256	267	10	264	521113	520352	2.68e-111	351
CDF87422.1	CP097142.1	72.137	262	383	125	383	519255	520034	5.45e-125	395
CDF87422.1	CP097141.1	62.887	291	383	96	383	205337	204471	7.96e-124	392
CDF87422.1	CP097140.1	60.902	266	383	122	383	112712	113500	2.12e-103	333
CDF87422.1	CP097145.1	48.964	386	383	21	383	502588	503736	1.42e-99	322
CDF87422.1	CP097144.1	38.462	208	383	156	349	729536	730123	2.71e-25	107
CDF87423.1	CP097141.1	92.857	168	269	1	168	206895	207398	3.97e-105	333
CDF87425.1	CP097142.1	70.695	604	605	2	605	514842	516632	0.0	842
CDF87425.1	CP097138.1	54.789	522	605	86	605	855865	857427	4.01e-177	556
CDF87425.1	CP097134.1	44.887	577	605	35	605	77553	75832	3.44e-170	536
CDF87425.1	CP097135.1	43.323	644	605	3	605	1452646	1450748	6.83e-167	526
CDF87425.1	CP097135.1	40.436	596	605	20	605	541827	540043	7.73e-152	483
CDF87425.1	CP097135.1	27.826	575	605	74	576	795562	797265	7.08e-63	224
CDF87425.1	CP097146.1	48.746	558	605	56	605	254945	256546	3.28e-159	504
CDF87425.1	CP097146.1	33.729	590	605	20	588	952088	950364	1.79e-97	325
CDF87426.1	CP097142.1	83.161	386	386	1	386	512960	511803	0.0	686
CDF87426.1	CP097135.1	25.610	410	386	9	385	280823	279690	5.88e-23	100
CDF87427.1	CP097142.1	45.085	295	288	1	284	511598	510714	4.67e-79	259
CDF87428.1	CP097141.1	45.593	590	705	130	705	210465	212201	4.82e-164	522
CDF87428.1	CP097141.1	32.317	164	705	1	152	210061	210549	3.57e-12	68.9
CDF87428.1	CP097142.1	36.491	644	705	81	705	510213	508498	9.84e-115	379
CDF87428.1	CP097133.1	25.899	278	705	398	624	597194	596433	2.45e-17	85.5
CDF87428.1	CP097140.1	41.237	97	705	569	664	247477	247767	3.77e-16	81.6
CDF87428.1	CP097140.1	22.705	207	705	428	632	247414	247911	8.57e-13	70.9
CDF87428.1	CP097140.1	21.037	328	705	390	666	247429	248283	5.83e-12	68.2
CDF87428.1	CP097140.1	28.387	155	705	471	623	247363	247761	8.02e-11	64.3
CDF87428.1	CP097137.1	22.699	326	705	391	656	99721	100665	6.09e-15	77.8
CDF87429.1	CP097141.1	90.364	550	549	1	548	212625	214274	0.0	1029
CDF87429.1	CP097141.1	30.524	534	549	6	525	412051	413631	4.36e-82	278
CDF87429.1	CP097141.1	31.380	529	549	8	524	548401	549984	3.01e-71	247
CDF87429.1	CP097141.1	27.807	561	549	6	541	426138	424471	1.60e-55	201
CDF87429.1	CP097140.1	34.731	501	549	27	524	67350	68837	6.32e-79	270
CDF87429.1	CP097135.1	33.019	530	549	29	531	894068	895639	6.58e-79	269
CDF87429.1	CP097135.1	31.055	512	549	28	522	206123	207625	4.99e-63	223
CDF87429.1	CP097135.1	27.290	513	549	29	518	855094	856617	7.46e-52	190
CDF87430.1	CP097142.1	80.882	204	201	1	201	507732	508343	1.67e-105	331
CDF87431.1	CP097141.1	58.416	101	332	38	136	215937	215635	7.60e-29	115
CDF87431.1	CP097141.1	37.584	149	332	211	329	215129	214701	2.71e-16	78.6
CDF87431.1	CP097142.1	64.286	70	332	16	85	506718	506921	9.14e-23	98.2
CDF87431.1	CP097142.1	47.945	73	332	260	327	507243	507461	1.40e-13	70.5
CDF87431.1	CP097137.1	53.750	80	332	17	96	78831	79070	3.48e-20	90.5
CDF87431.1	CP097136.1	68.750	48	332	39	86	227627	227770	5.94e-16	77.8
CDF87432.1	CP097147.1	48.139	403	742	350	737	408102	409265	2.06e-100	339
CDF87432.1	CP097147.1	46.978	364	742	25	359	406872	407957	1.03e-89	307
CDF87433.1	CP097147.1	48.105	765	703	1	703	409681	411942	0.0	617
CDF87433.1	CP097147.1	42.405	316	703	419	702	869536	868616	2.47e-71	252
CDF87433.1	CP097147.1	33.878	245	703	410	646	598838	599521	4.22e-32	132
CDF87433.1	CP097136.1	63.665	322	703	388	698	241699	240737	6.94e-122	400
CDF87433.1	CP097136.1	35.968	253	703	416	650	187486	186776	6.06e-28	119
CDF87433.1	CP097138.1	38.947	285	703	406	676	546254	547078	3.93e-48	182
CDF87433.1	CP097138.1	38.934	244	703	415	650	1003412	1004113	9.98e-40	156
CDF87433.1	CP097138.1	31.667	300	703	389	681	420893	420033	1.24e-35	144
CDF87433.1	CP097135.1	41.200	250	703	418	664	244040	243327	4.94e-44	170
CDF87433.1	CP097135.1	33.438	320	703	409	695	243248	242325	3.79e-38	152
CDF87433.1	CP097135.1	32.692	260	703	418	670	1245942	1246688	2.08e-32	134
CDF87433.1	CP097135.1	41.406	128	703	421	546	443709	444089	1.67e-25	112
CDF87433.1	CP097143.1	33.243	370	703	360	701	57188	56136	4.61e-43	167
CDF87433.1	CP097143.1	33.962	318	703	382	695	910512	909631	1.22e-42	166
CDF87433.1	CP097143.1	38.545	275	703	417	682	911232	910447	2.84e-41	161
CDF87433.1	CP097143.1	39.224	232	703	424	650	57995	57324	5.17e-36	145
CDF87434.1	CP097133.1	54.915	468	468	5	468	599000	600382	8.76e-176	545
CDF87434.1	CP097133.1	40.000	315	468	132	443	613957	614856	5.39e-71	243
CDF87434.1	CP097135.1	34.852	439	468	1	438	1405051	1406283	5.76e-79	266
CDF87434.1	CP097146.1	40.984	305	468	141	443	481389	482273	7.39e-71	243
CDF87434.1	CP097141.1	37.908	306	468	140	434	163315	162404	1.96e-60	213
CDF87434.1	CP097142.1	38.047	297	468	135	424	557363	558247	2.96e-59	209
CDF87435.1	CP097147.1	34.987	383	795	214	576	412730	413869	7.60e-59	217
CDF87435.1	CP097147.1	33.058	121	795	3	119	412388	412738	1.51e-12	70.5
CDF87435.1	CP097147.1	49.123	57	795	737	793	413753	413923	6.79e-11	64.7
CDF87436.1	CP097133.1	60.759	553	542	1	541	600954	602603	0.0	656
CDF87437.1	CP097147.1	36.184	152	141	10	141	414388	413969	9.10e-21	85.9
CDF87438.1	CP097147.1	50.571	613	544	7	543	414869	416698	4.60e-172	538
CDF87439.1	CP097147.1	50.980	306	322	4	301	417798	416884	6.43e-95	306
CDF87440.1	CP097133.1	56.373	204	210	1	204	603658	604269	7.52e-87	278
CDF87442.1	CP097147.1	36.458	192	185	4	183	419715	419176	3.19e-27	106
CDF87443.1	CP097147.1	52.494	882	890	11	890	909035	906408	0.0	973
CDF87443.1	CP097141.1	32.325	727	890	152	859	40649	38583	3.29e-103	352
CDF87444.1	CP097138.1	80.634	284	283	2	283	743385	742534	2.60e-153	472
CDF87444.1	CP097138.1	56.432	241	283	23	263	928117	927398	8.81e-87	281
CDF87445.1	CP097138.1	47.799	159	154	1	154	743892	744368	4.29e-44	153
CDF87445.1	CP097138.1	34.868	152	154	3	153	406971	407390	1.06e-20	86.3
CDF87445.1	CP097136.1	38.211	123	154	32	153	128510	128869	3.24e-20	84.7
CDF87445.1	CP097135.1	38.636	132	154	27	154	655352	655738	4.28e-19	81.6
CDF87445.1	CP097135.1	36.364	121	154	33	153	560877	560527	7.34e-17	75.1
CDF87445.1	CP097135.1	32.576	132	154	1	132	835486	835866	2.41e-16	73.6
CDF87445.1	CP097135.1	32.075	106	154	22	126	343669	343980	1.14e-11	60.1
CDF87445.1	CP097146.1	37.594	133	154	6	138	928141	927761	7.11e-18	78.2
CDF87445.1	CP097133.1	38.017	121	154	33	153	387076	386726	6.35e-17	75.1
CDF87446.1	CP097136.1	39.000	100	132	29	126	267639	267340	3.26e-13	63.9
CDF87446.1	CP097140.1	40.000	75	132	50	123	235958	235734	7.05e-11	57.0
CDF87447.1	CP097147.1	59.854	137	169	24	154	783263	783673	1.18e-53	181
CDF87448.1	CP097138.1	44.115	1181	1175	1	1163	744709	748044	0.0	949
CDF87449.1	CP097147.1	37.149	463	461	5	457	781342	782643	8.89e-71	243
CDF87450.1	CP097138.1	90.244	246	256	1	245	748334	749071	1.05e-148	457
CDF87450.1	CP097138.1	35.458	251	256	6	250	973942	973196	8.90e-39	142
CDF87450.1	CP097138.1	33.333	177	256	6	181	485222	484695	4.41e-27	108
CDF87450.1	CP097146.1	35.294	204	256	6	205	223939	224550	1.05e-40	147
CDF87450.1	CP097146.1	37.209	172	256	6	177	982145	981636	7.18e-32	122
CDF87450.1	CP097144.1	37.089	213	256	5	216	81451	80819	1.64e-40	147
CDF87450.1	CP097144.1	32.432	222	256	1	218	873852	874505	1.34e-27	110
CDF87451.1	CP097147.1	59.286	140	139	1	139	780965	780546	1.82e-53	179
CDF87453.1	CP097147.1	51.584	221	206	1	206	780223	779576	2.42e-57	193
CDF87453.1	CP097138.1	40.664	241	206	1	206	749370	750092	1.39e-44	156
CDF87454.1	CP097147.1	42.661	511	495	58	495	777690	779213	6.52e-125	400
CDF87455.1	CP097141.1	83.891	329	332	1	329	459192	458206	0.0	585
CDF87455.1	CP097141.1	81.024	332	332	1	332	342889	343884	0.0	573
CDF87455.1	CP097138.1	83.133	332	332	1	332	859013	858018	0.0	585
CDF87456.1	CP097141.1	77.495	511	509	1	509	460734	462266	0.0	838
CDF87457.1	CP097138.1	41.562	397	403	22	402	860875	859718	3.01e-82	273
CDF87457.1	CP097145.1	35.498	231	403	4	217	492497	493129	3.44e-23	100
CDF87458.1	CP097138.1	63.465	583	580	8	578	863013	861277	0.0	780
CDF87459.1	CP097141.1	63.953	86	92	1	86	462849	462592	8.72e-34	120
CDF87460.1	CP097146.1	27.456	397	470	68	453	70498	69323	1.22e-32	130
CDF87460.1	CP097146.1	22.970	431	470	68	470	860454	859189	1.27e-22	100
CDF87460.1	CP097145.1	25.962	416	470	67	469	392514	391309	1.70e-27	115
CDF87460.1	CP097142.1	26.744	344	470	133	470	6733	7746	6.07e-26	110
CDF87461.1	CP097141.1	37.811	201	257	62	257	463735	463133	5.76e-43	136
CDF87461.1	CP097141.1	50.909	55	257	3	56	463896	463732	5.76e-43	54.3
CDF87462.1	CP097147.1	33.677	291	298	14	294	661401	662246	1.41e-37	140
CDF87462.1	CP097147.1	26.027	292	298	11	288	589334	588489	5.97e-23	97.8
CDF87462.1	CP097147.1	26.333	300	298	14	290	293388	292528	7.91e-20	88.6
CDF87462.1	CP097133.1	33.110	299	298	19	296	429865	430734	2.90e-34	130
CDF87462.1	CP097133.1	25.260	289	298	17	290	764205	763366	9.87e-13	67.4
CDF87462.1	CP097133.1	22.069	290	298	15	287	396110	396955	5.24e-12	65.1
CDF87462.1	CP097133.1	23.602	322	298	17	291	587901	588857	4.08e-11	62.4
CDF87462.1	CP097146.1	31.119	286	298	14	287	540078	539257	2.88e-31	122
CDF87462.1	CP097146.1	29.210	291	298	14	286	728094	728936	2.64e-27	110
CDF87462.1	CP097146.1	29.097	299	298	7	288	483542	482676	7.08e-26	106
CDF87462.1	CP097140.1	23.239	284	298	18	288	321498	322334	3.18e-19	86.7
CDF87462.1	CP097136.1	21.951	287	298	18	288	141013	141861	5.30e-17	80.1
CDF87463.1	CP097141.1	33.673	98	104	5	98	464532	464263	3.41e-13	62.4
CDF87464.1	CP097141.1	61.519	395	399	3	385	464742	465908	2.95e-142	446
CDF87465.1	CP097138.1	82.231	242	244	1	242	864087	864812	1.32e-137	425
CDF87466.1	CP097138.1	39.394	495	773	315	772	866239	864896	3.36e-86	298
CDF87466.1	CP097138.1	37.433	187	773	2	185	867355	866864	7.25e-16	81.3
CDF87467.1	CP097141.1	79.891	184	196	1	182	466187	466738	7.52e-97	306
CDF87468.1	CP097138.1	42.577	815	759	1	759	869903	872320	0.0	600
CDF87469.1	CP097138.1	78.846	312	325	13	324	767380	768315	1.42e-168	518
CDF87470.1	CP097145.1	31.984	247	294	29	271	24632	25369	2.89e-43	156
CDF87471.1	CP097138.1	66.482	722	726	5	726	872805	874952	0.0	1026
CDF87471.1	CP097132.1	48.446	708	726	29	726	95407	93323	0.0	697
CDF87471.1	CP097146.1	45.881	704	726	31	725	885530	887605	0.0	658
CDF87471.1	CP097135.1	34.621	699	726	46	724	293264	295264	8.77e-101	339
CDF87471.1	CP097135.1	29.587	703	726	38	724	296087	298102	2.93e-77	270
CDF87471.1	CP097141.1	30.283	743	726	3	706	693203	691080	4.82e-81	281
CDF87472.1	CP097138.1	62.930	785	783	7	783	877426	875093	0.0	1020
CDF87473.1	CP097138.1	67.204	372	405	8	369	879898	878816	3.70e-157	489
CDF87473.1	CP097138.1	33.577	137	405	105	239	516990	517400	1.42e-18	87.0
CDF87474.1	CP097138.1	49.324	148	142	1	141	880415	880855	1.42e-44	154
CDF87474.1	CP097147.1	37.143	105	142	29	130	921536	921228	1.95e-13	64.7
CDF87475.1	CP097141.1	71.341	164	161	2	161	471369	470878	1.31e-75	243
CDF87476.1	CP097138.1	67.505	954	948	1	948	881112	883949	0.0	1264
CDF87476.1	CP097133.1	62.051	946	948	4	948	391244	394063	0.0	1149
CDF87476.1	CP097142.1	24.615	325	948	12	292	589916	590812	8.99e-14	74.7
CDF87477.1	CP097138.1	55.749	287	284	7	284	884409	885257	1.66e-94	303
CDF87479.1	CP097141.1	46.296	108	102	1	102	474138	474461	1.94e-27	102
CDF87480.1	CP097141.1	69.038	239	245	3	241	475321	474605	4.24e-112	352
CDF87481.1	CP097141.1	73.864	176	176	1	176	476024	475500	2.19e-89	283
CDF87482.1	CP097138.1	44.792	96	99	5	99	885608	885895	3.08e-26	99.4
CDF87483.1	CP097138.1	69.884	259	257	2	257	886789	886013	5.30e-117	367
CDF87485.1	CP097138.1	87.500	368	370	3	370	819067	820170	0.0	672
CDF87485.1	CP097132.1	52.055	365	370	6	368	63172	62084	1.58e-119	379
CDF87485.1	CP097139.1	34.579	107	370	66	170	426992	427309	4.71e-11	63.2
CDF87486.1	CP097143.1	41.606	137	138	1	135	778237	778647	5.86e-28	106
CDF87487.1	CP097138.1	36.842	190	181	1	181	532268	532837	2.11e-27	106
CDF87488.1	CP097138.1	45.370	324	316	1	316	532083	531118	2.19e-94	305
CDF87488.1	CP097138.1	26.897	290	316	36	314	550506	551297	1.67e-19	88.2
CDF87490.1	CP097138.1	37.220	626	595	1	592	524561	526408	1.95e-100	333
CDF87491.1	CP097138.1	72.751	378	382	8	381	523205	524338	6.72e-179	550
CDF87491.1	CP097138.1	35.608	337	382	40	364	785662	786615	2.66e-46	168
CDF87492.1	CP097143.1	44.304	79	110	24	102	156250	156014	6.68e-18	76.3
CDF87493.1	CP097143.1	70.588	442	443	1	442	776245	777444	0.0	615
CDF87493.1	CP097138.1	67.873	442	443	1	442	521552	522733	0.0	604
CDF87494.1	CP097143.1	72.619	84	90	1	84	774718	774467	2.58e-39	136
CDF87494.1	CP097138.1	73.171	82	90	1	82	518367	518122	1.03e-38	134
CDF87495.1	CP097138.1	52.160	324	320	5	320	516987	517937	3.39e-105	336
CDF87495.1	CP097138.1	30.216	139	320	8	146	879613	879215	6.69e-16	77.4
CDF87496.1	CP097143.1	54.922	193	299	1	193	773505	774083	2.17e-74	246
CDF87497.1	CP097138.1	44.922	256	280	1	253	516073	516789	2.08e-56	194
CDF87498.1	CP097138.1	85.250	400	384	1	384	515862	514663	0.0	664
CDF87499.1	CP097143.1	87.179	78	78	1	78	772710	772477	4.69e-40	137
CDF87500.1	CP097143.1	55.854	521	509	1	507	770546	772075	0.0	575
CDF87500.1	CP097138.1	49.661	443	509	28	464	513010	514287	2.75e-142	451
CDF87500.1	CP097133.1	22.782	417	509	57	392	552577	553713	1.05e-14	75.9
CDF87501.1	CP097143.1	43.893	262	240	1	233	770283	769513	3.40e-58	197
CDF87502.1	CP097138.1	42.042	754	743	1	743	510135	512366	0.0	582
CDF87502.1	CP097135.1	26.700	397	743	381	743	231646	232791	2.57e-22	102
CDF87503.1	CP097138.1	63.617	481	474	1	474	509909	508482	0.0	601
CDF87504.1	CP097143.1	34.056	1477	1355	1	1337	763271	767611	0.0	730
CDF87505.1	CP097143.1	44.856	836	843	29	839	762951	760660	0.0	657
CDF87506.1	CP097143.1	44.368	870	862	1	850	757873	760479	0.0	717
CDF87507.1	CP097143.1	47.292	277	331	55	331	757408	756605	7.46e-78	258
CDF87509.1	CP097143.1	52.830	424	397	3	397	769186	767918	2.80e-129	409
CDF87509.1	CP097133.1	30.070	143	397	174	305	760713	761141	2.44e-11	64.3
CDF87510.1	CP097132.1	69.730	185	205	23	205	129638	130192	3.93e-65	215
CDF87511.1	CP097132.1	39.260	1271	1268	8	1268	130760	134545	0.0	925
CDF87512.1	CP097132.1	50.585	1196	1160	4	1157	138195	134647	0.0	1184
CDF87513.1	CP097138.1	71.338	157	238	10	166	507942	507472	7.01e-89	243
CDF87513.1	CP097138.1	56.579	76	238	168	238	507374	507147	7.01e-89	100
CDF87514.1	CP097138.1	77.810	347	349	1	347	506508	505468	0.0	577
CDF87515.1	CP097132.1	39.320	412	512	15	403	139342	140502	5.45e-60	213
CDF87516.1	CP097132.1	61.836	207	218	14	218	141731	141111	7.69e-86	275
CDF87516.1	CP097138.1	54.338	219	218	2	218	504523	505170	1.53e-77	251
CDF87516.1	CP097139.1	42.584	209	218	12	218	317815	318417	1.07e-44	157
CDF87517.1	CP097132.1	62.415	439	434	1	433	142045	143337	0.0	570
CDF87518.1	CP097138.1	72.469	563	558	7	558	504165	502483	0.0	839
CDF87518.1	CP097138.1	37.658	316	558	235	538	303791	304738	6.45e-62	220
CDF87518.1	CP097138.1	31.361	169	558	382	542	921215	921721	4.57e-18	87.0
CDF87518.1	CP097134.1	22.143	280	558	307	534	240897	240079	6.22e-15	77.0
CDF87518.1	CP097134.1	22.997	287	558	298	534	240669	239827	3.82e-12	68.2
CDF87520.1	CP097132.1	76.640	625	612	1	612	145663	143801	0.0	1015
CDF87521.1	CP097138.1	46.437	407	391	7	390	501944	500724	2.22e-112	360
CDF87522.1	CP097138.1	48.120	266	275	9	269	500526	499735	5.29e-70	233
CDF87523.1	CP097138.1	59.052	1160	1137	7	1136	496020	499445	0.0	1322
CDF87523.1	CP097138.1	27.216	959	1137	40	994	197719	195272	2.67e-88	313
CDF87523.1	CP097138.1	23.280	378	1137	621	994	491201	490242	4.32e-15	79.3
CDF87523.1	CP097138.1	24.585	301	1137	125	423	492257	491505	5.70e-15	79.0
CDF87523.1	CP097135.1	30.670	388	1137	575	950	528272	527163	2.84e-43	171
CDF87523.1	CP097135.1	24.390	328	1137	125	421	529610	528741	1.69e-17	87.4
CDF87523.1	CP097140.1	23.314	519	1137	367	843	240682	242061	9.44e-21	98.2
CDF87523.1	CP097147.1	24.803	254	1137	621	871	471648	472274	1.47e-14	77.8
CDF87523.1	CP097146.1	24.606	317	1137	688	948	833600	834535	8.79e-14	75.1
CDF87524.1	CP097132.1	38.462	273	260	10	260	146016	146834	7.63e-55	188
CDF87525.1	CP097144.1	46.361	371	377	3	372	884355	883282	7.00e-101	326
CDF87525.1	CP097144.1	25.627	359	377	21	365	846431	845457	5.00e-20	90.9
CDF87525.1	CP097144.1	27.309	249	377	6	252	406043	406729	8.01e-16	78.2
CDF87525.1	CP097134.1	45.946	370	377	5	372	308151	309221	4.85e-100	323
CDF87525.1	CP097133.1	25.405	370	377	12	365	513933	514931	5.90e-20	90.9
CDF87525.1	CP097146.1	24.047	341	377	36	365	129021	128083	5.82e-17	81.6
CDF87525.1	CP097132.1	25.175	286	377	29	289	20557	21378	6.65e-12	65.9
CDF87526.1	CP097138.1	88.660	873	924	53	924	492539	489921	0.0	1602
CDF87526.1	CP097138.1	25.741	742	924	84	736	197722	195530	4.78e-61	226
CDF87526.1	CP097138.1	26.316	304	924	450	706	497748	498650	1.53e-18	90.1
CDF87526.1	CP097138.1	24.551	334	924	146	423	496383	497366	1.69e-17	87.0
CDF87526.1	CP097147.1	86.395	882	924	48	924	470289	472928	0.0	1551
CDF87526.1	CP097135.1	30.056	356	924	84	394	529799	528741	9.44e-34	139
CDF87526.1	CP097135.1	22.378	572	924	170	704	1002474	1004024	8.61e-24	107
CDF87526.1	CP097135.1	28.808	302	924	451	712	528284	527388	9.61e-24	107
CDF87527.1	CP097138.1	46.243	945	872	1	872	476112	478796	0.0	696
CDF87527.1	CP097138.1	34.069	317	872	556	836	176071	177015	3.37e-48	185
CDF87527.1	CP097143.1	30.619	307	872	546	840	108857	107940	2.66e-45	176
CDF87527.1	CP097143.1	23.431	239	872	624	861	108839	108150	1.89e-13	73.6
CDF87527.1	CP097141.1	23.629	237	872	591	823	588883	588227	7.39e-14	74.7
CDF87527.1	CP097147.1	24.020	204	872	591	791	639494	638892	8.45e-12	68.2
CDF87528.1	CP097138.1	38.375	1071	1035	3	1013	482213	479091	0.0	687
CDF87528.1	CP097133.1	35.443	1027	1035	5	1009	209388	212291	1.18e-175	569
CDF87528.1	CP097136.1	22.777	461	1035	160	617	548595	547432	1.59e-24	110
CDF87530.1	CP097138.1	79.095	464	466	4	466	482890	484281	0.0	758
CDF87530.1	CP097145.1	28.726	463	466	24	466	111371	110070	5.58e-46	170
CDF87531.1	CP097133.1	44.022	184	186	4	182	209047	208511	7.67e-44	154
CDF87532.1	CP097138.1	82.573	241	252	12	252	485222	484500	6.27e-132	409
CDF87532.1	CP097138.1	31.461	178	252	12	188	748349	748879	3.34e-26	105
CDF87532.1	CP097138.1	27.717	184	252	12	189	973942	973394	1.30e-18	83.6
CDF87532.1	CP097146.1	35.263	190	252	2	191	982175	981612	1.62e-28	112
CDF87532.1	CP097146.1	29.388	245	252	10	248	223933	224637	5.22e-21	90.5
CDF87532.1	CP097144.1	30.876	217	252	12	227	81448	80822	8.30e-22	92.8
CDF87532.1	CP097144.1	24.229	227	252	12	236	873867	874523	5.58e-12	63.9
CDF87533.1	CP097138.1	50.588	170	186	14	183	485550	486059	1.36e-41	147
CDF87534.1	CP097133.1	46.966	1335	1451	1	1257	208281	204676	0.0	979
CDF87534.1	CP097133.1	39.819	442	1451	1054	1451	205701	204550	4.58e-43	172
CDF87535.1	CP097138.1	76.718	786	780	1	780	488660	486324	0.0	1229
CDF87535.1	CP097135.1	25.152	660	780	38	674	938032	939720	3.46e-43	168
CDF87535.1	CP097143.1	25.823	577	780	111	668	728424	726799	9.65e-32	132
CDF87535.1	CP097141.1	24.873	591	780	99	668	63012	61348	1.42e-27	119
CDF87536.1	CP097133.1	61.210	843	819	1	818	201568	204084	0.0	1031
CDF87536.1	CP097144.1	25.964	389	819	31	371	63099	64214	2.30e-22	102
CDF87536.1	CP097146.1	23.490	298	819	138	416	373663	372830	1.46e-13	73.6
CDF87537.1	CP097138.1	53.917	1085	1072	3	1070	471648	474869	0.0	1177
CDF87538.1	CP097138.1	48.000	500	492	1	491	469827	471320	3.57e-155	487
CDF87539.1	CP097138.1	55.729	192	192	1	192	469634	469083	6.91e-69	226
CDF87540.1	CP097138.1	78.417	278	269	1	264	468126	468959	4.28e-144	445
CDF87540.1	CP097146.1	42.381	210	269	23	232	374514	375086	2.98e-47	167
CDF87541.1	CP097138.1	40.271	221	247	6	215	467834	467181	1.07e-48	170
CDF87542.1	CP097138.1	35.969	784	719	1	718	464830	467028	1.76e-89	306
CDF87542.1	CP097133.1	38.953	611	719	163	719	199376	201121	8.12e-83	286
CDF87543.1	CP097133.1	49.425	261	370	123	370	198805	198026	5.24e-57	199
CDF87544.1	CP097138.1	77.542	708	733	28	733	462410	464527	0.0	1132
CDF87547.1	CP097144.1	49.300	357	360	25	360	901620	902684	7.88e-109	348
CDF87547.1	CP097147.1	49.300	357	360	25	360	14738	13674	8.68e-109	348
CDF87547.1	CP097146.1	49.300	357	360	25	360	1040047	1041111	8.68e-109	348
CDF87549.1	CP097133.1	50.400	375	384	36	384	194074	195189	1.12e-109	352
CDF87551.1	CP097138.1	30.565	301	461	5	292	459930	459064	2.67e-24	105
CDF87552.1	CP097138.1	84.724	707	708	1	707	458514	456394	0.0	1271
CDF87553.1	CP097133.1	35.263	933	902	1	902	193679	190998	4.22e-150	489
CDF87554.1	CP097138.1	59.489	822	815	6	814	456080	453627	0.0	1025
CDF87555.1	CP097138.1	71.206	257	461	200	456	452059	451289	1.03e-121	390
CDF87555.1	CP097138.1	37.500	256	461	203	456	1024420	1023680	6.57e-47	173
CDF87555.1	CP097138.1	48.077	104	461	1	97	452887	452579	1.07e-17	85.1
CDF87555.1	CP097144.1	39.062	256	461	203	456	851970	851230	2.07e-52	189
CDF87557.1	CP097135.1	60.922	412	393	1	393	1378466	1377231	3.71e-169	523
CDF87558.1	CP097139.1	74.783	230	226	1	225	107462	106773	5.94e-118	368
CDF87559.1	CP097135.1	60.638	376	843	1	334	1379013	1380140	1.27e-146	477
CDF87559.1	CP097135.1	42.254	284	843	4	275	1417816	1416974	3.99e-65	237
CDF87559.1	CP097135.1	37.500	272	843	542	767	1380222	1381028	2.75e-47	182
CDF87559.1	CP097135.1	30.769	273	843	2	269	1396390	1397181	5.25e-29	124
CDF87559.1	CP097135.1	31.274	259	843	15	256	1450015	1449251	1.89e-25	112
CDF87559.1	CP097135.1	25.510	294	843	5	268	714266	715120	4.33e-24	108
CDF87559.1	CP097135.1	27.891	294	843	11	271	287272	286421	6.48e-22	100
CDF87559.1	CP097135.1	26.378	254	843	17	258	1471266	1470550	1.41e-19	93.6
CDF87559.1	CP097135.1	28.395	243	843	17	220	407859	407206	3.56e-17	85.5
CDF87559.1	CP097135.1	27.184	206	843	88	268	1023340	1022747	1.69e-15	80.1
CDF87559.1	CP097135.1	25.893	224	843	72	276	179279	179872	5.17e-15	78.6
CDF87559.1	CP097135.1	24.113	282	843	15	271	412195	411377	7.38e-15	78.2
CDF87559.1	CP097135.1	26.667	225	843	17	229	319970	319338	5.31e-12	68.6
CDF87559.1	CP097135.1	22.034	295	843	17	272	75639	74770	1.05e-11	67.8
CDF87559.1	CP097135.1	23.963	217	843	11	224	273814	274440	1.29e-11	67.4
CDF87559.1	CP097146.1	39.716	282	843	4	275	98272	99108	1.71e-63	232
CDF87559.1	CP097146.1	30.000	270	843	10	270	264581	263784	1.71e-30	129
CDF87559.1	CP097146.1	30.769	273	843	11	269	745705	746511	8.52e-28	120
CDF87559.1	CP097146.1	27.407	270	843	10	268	214608	215387	2.43e-24	108
CDF87559.1	CP097146.1	27.778	216	843	31	236	79919	80536	6.53e-19	91.3
CDF87559.1	CP097146.1	29.688	192	843	54	217	959338	958766	9.92e-18	87.4
CDF87559.1	CP097146.1	32.667	150	843	75	217	743162	743599	1.16e-16	84.0
CDF87559.1	CP097146.1	25.751	233	843	15	229	53776	53117	1.73e-12	70.1
CDF87559.1	CP097139.1	35.018	277	843	8	274	496183	496989	3.67e-43	169
CDF87559.1	CP097139.1	25.468	267	843	16	278	79930	79160	5.42e-25	110
CDF87559.1	CP097139.1	26.147	218	843	11	227	302138	302770	8.59e-20	94.0
CDF87559.1	CP097139.1	35.345	116	843	118	229	154174	153827	9.76e-16	80.9
CDF87559.1	CP097139.1	26.562	192	843	89	256	256582	256046	7.12e-14	74.7
CDF87559.1	CP097144.1	34.767	279	843	7	282	445605	444790	1.55e-41	164
CDF87559.1	CP097144.1	30.515	272	843	2	268	253965	253171	2.52e-34	141
CDF87559.1	CP097144.1	24.116	311	843	17	264	824921	825829	6.60e-18	87.8
CDF87559.1	CP097144.1	24.000	225	843	17	229	517879	518511	9.08e-13	71.2
CDF87559.1	CP097142.1	35.125	279	843	7	282	206957	207772	2.79e-41	163
CDF87559.1	CP097142.1	31.010	287	843	2	283	135773	134943	5.22e-38	152
CDF87559.1	CP097142.1	31.034	203	843	72	272	249657	250259	1.75e-24	109
CDF87559.1	CP097142.1	27.632	228	843	5	229	184031	184690	3.89e-19	92.0
CDF87559.1	CP097142.1	25.994	327	843	10	272	69907	68960	2.54e-17	85.9
CDF87559.1	CP097142.1	31.138	167	843	114	259	348062	347568	2.07e-16	83.2
CDF87559.1	CP097142.1	29.600	125	843	109	229	150854	150480	1.57e-14	77.0
CDF87559.1	CP097142.1	24.242	231	843	73	272	132285	131617	4.89e-13	72.0
CDF87559.1	CP097142.1	28.966	145	843	90	214	222216	221794	1.09e-12	70.9
CDF87560.1	CP097135.1	50.000	220	208	3	208	1382580	1381921	7.13e-57	192
CDF87561.1	CP097135.1	68.852	61	78	11	69	1383206	1383388	8.57e-22	85.5
CDF87563.1	CP097135.1	90.551	127	136	10	136	1386073	1386453	6.48e-75	240
CDF87563.1	CP097139.1	90.476	126	136	11	136	110983	111360	4.63e-74	238
CDF87564.1	CP097139.1	58.465	443	444	3	443	111659	112987	1.51e-180	558
CDF87564.1	CP097135.1	27.189	434	444	40	439	494681	495964	5.54e-39	149
CDF87565.1	CP097139.1	58.065	279	290	17	289	113518	114315	1.62e-98	315
CDF87566.1	CP097139.1	76.106	226	216	1	213	115316	114642	5.87e-109	342
CDF87566.1	CP097147.1	27.119	177	216	12	184	814408	814851	1.86e-11	61.6
CDF87567.1	CP097135.1	60.777	283	280	1	279	1387214	1388062	7.69e-109	344
CDF87569.1	CP097146.1	36.887	591	562	52	556	346143	344542	2.25e-89	300
CDF87570.1	CP097146.1	44.604	695	629	27	625	344294	342258	1.77e-179	563
CDF87571.1	CP097146.1	63.884	623	681	18	624	184578	182758	0.0	739
CDF87572.1	CP097146.1	67.206	494	454	1	454	180772	182253	0.0	669
CDF87572.1	CP097139.1	45.492	244	454	209	452	71493	70882	1.16e-60	213
CDF87572.1	CP097139.1	44.211	95	454	4	97	71817	71533	3.98e-18	86.3
CDF87572.1	CP097133.1	46.122	245	454	209	453	84727	85332	2.81e-58	206
CDF87572.1	CP097133.1	52.083	96	454	4	97	84400	84687	1.04e-23	103
CDF87572.1	CP097136.1	45.306	245	454	209	453	355257	354652	8.74e-56	199
CDF87572.1	CP097136.1	53.125	96	454	4	97	355584	355297	6.29e-25	107
CDF87572.1	CP097142.1	53.608	97	454	1	97	107603	107893	3.31e-26	111
CDF87572.1	CP097142.1	57.471	87	454	209	295	107933	108193	8.08e-26	110
CDF87572.1	CP097142.1	47.863	117	454	338	451	108524	108868	1.90e-21	96.7
CDF87573.1	CP097146.1	66.599	491	474	1	474	180517	179045	0.0	663
CDF87573.1	CP097147.1	27.519	516	474	1	473	53171	51753	7.02e-52	188
CDF87574.1	CP097135.1	29.360	344	377	63	374	410603	409605	5.79e-46	167
CDF87575.1	CP097146.1	33.661	508	885	6	492	178760	177255	2.62e-78	278
CDF87575.1	CP097146.1	50.000	216	885	676	881	176588	175944	3.63e-55	207
CDF87576.1	CP097135.1	70.988	324	768	445	768	407874	406903	0.0	510
CDF87576.1	CP097135.1	37.824	386	768	95	451	408907	407855	0.0	183
CDF87576.1	CP097135.1	28.808	302	768	439	723	1417777	1416986	1.59e-24	109
CDF87576.1	CP097135.1	28.571	294	768	448	721	1450015	1449212	1.60e-21	99.4
CDF87576.1	CP097135.1	25.887	282	768	450	726	1471266	1470502	1.57e-17	86.7
CDF87576.1	CP097135.1	25.965	285	768	444	721	1396423	1397181	4.14e-17	85.1
CDF87576.1	CP097135.1	29.339	242	768	448	667	1379055	1379720	3.76e-16	82.0
CDF87576.1	CP097135.1	28.947	304	768	450	721	273832	274668	1.08e-13	73.9
CDF87576.1	CP097135.1	26.154	195	768	549	723	286942	286421	5.91e-13	71.6
CDF87576.1	CP097139.1	27.797	295	768	444	734	302138	302944	3.96e-25	111
CDF87576.1	CP097139.1	27.206	272	768	490	720	154357	153617	1.64e-15	79.7
CDF87576.1	CP097139.1	24.497	298	768	443	737	79948	79139	7.90e-15	77.8
CDF87576.1	CP097139.1	26.786	280	768	442	708	496186	496923	1.13e-12	70.5
CDF87576.1	CP097146.1	25.356	351	768	428	749	98278	99213	7.96e-22	100
CDF87576.1	CP097146.1	26.333	300	768	443	721	214608	215390	1.35e-17	86.7
CDF87576.1	CP097146.1	24.719	356	768	403	720	79667	80662	2.73e-14	75.9
CDF87576.1	CP097146.1	28.814	177	768	550	720	264257	263790	1.45e-11	67.0
CDF87576.1	CP097146.1	29.530	149	768	517	660	53548	53156	4.59e-11	65.5
CDF87576.1	CP097147.1	29.958	237	768	444	672	480181	479531	7.06e-21	97.4
CDF87576.1	CP097147.1	26.148	283	768	448	721	257512	256715	1.98e-17	86.3
CDF87576.1	CP097147.1	25.200	250	768	444	671	653965	654642	3.85e-15	78.6
CDF87576.1	CP097147.1	30.769	169	768	555	722	262543	262977	2.65e-11	66.2
CDF87576.1	CP097147.1	22.924	301	768	437	722	279849	279037	5.53e-11	65.1
CDF87576.1	CP097145.1	25.140	358	768	394	723	704459	705451	1.68e-20	96.3
CDF87576.1	CP097145.1	23.547	327	768	444	728	676247	675345	4.28e-17	85.1
CDF87576.1	CP097145.1	30.872	149	768	511	658	71344	71721	1.23e-11	67.4
CDF87576.1	CP097145.1	27.306	271	768	442	686	57959	57249	5.58e-11	65.1
CDF87577.1	CP097135.1	92.526	388	391	4	391	405375	406538	0.0	751
CDF87577.1	CP097137.1	45.623	377	391	7	383	36322	35240	1.01e-110	355
CDF87577.1	CP097139.1	33.598	378	391	4	379	349616	348528	1.98e-71	242
CDF87577.1	CP097141.1	32.960	446	391	4	388	551552	550236	1.13e-55	196
CDF87577.1	CP097141.1	26.106	226	391	7	232	289965	289327	3.26e-19	88.6
CDF87577.1	CP097143.1	23.711	388	391	6	322	282006	280894	8.98e-16	78.2
CDF87578.1	CP097135.1	45.383	379	504	1	374	403441	404568	1.05e-126	323
CDF87578.1	CP097135.1	51.079	139	504	384	504	404613	405029	1.05e-126	148
CDF87580.1	CP097135.1	62.740	416	406	1	406	399815	398580	6.71e-174	537
CDF87581.1	CP097146.1	68.169	355	356	1	354	175698	174634	7.74e-166	511
CDF87582.1	CP097135.1	59.023	266	919	31	296	397891	397103	1.49e-103	353
CDF87582.1	CP097135.1	40.617	389	919	531	915	396166	395078	4.53e-87	305
CDF87583.1	CP097146.1	37.931	377	371	8	358	174390	173293	2.90e-70	238
CDF87583.1	CP097146.1	27.682	289	371	31	306	496365	497174	3.86e-16	79.0
CDF87583.1	CP097145.1	27.931	290	371	30	306	423649	422837	1.47e-16	80.1
CDF87583.1	CP097140.1	29.305	331	371	14	322	329044	328127	1.14e-15	77.4
CDF87584.1	CP097146.1	63.826	575	600	28	600	172960	171236	0.0	794
CDF87584.1	CP097135.1	62.162	444	600	11	449	394735	393416	0.0	582
CDF87584.1	CP097138.1	35.732	403	600	88	447	811095	809923	2.41e-62	223
CDF87585.1	CP097135.1	65.865	624	841	17	636	387386	385530	0.0	860
CDF87585.1	CP097135.1	44.330	194	841	654	841	385459	384878	0.0	161
CDF87586.1	CP097146.1	65.693	137	200	17	153	170986	170591	8.51e-54	182
CDF87587.1	CP097146.1	70.548	438	511	77	504	170227	168923	0.0	647
CDF87587.1	CP097146.1	31.908	304	511	209	473	346878	347756	2.99e-31	127
CDF87587.1	CP097135.1	62.000	350	511	20	367	384272	383223	0.0	434
CDF87587.1	CP097135.1	71.154	156	511	361	510	383242	382775	0.0	232
CDF87587.1	CP097135.1	28.283	297	511	210	473	861224	862069	9.77e-17	82.4
CDF87587.1	CP097147.1	32.517	286	511	215	479	514066	513293	1.23e-32	131
CDF87588.1	CP097135.1	53.282	259	256	1	255	382480	381713	4.17e-79	258
CDF87589.1	CP097146.1	53.499	443	441	4	438	167474	168802	2.16e-141	445
CDF87591.1	CP097146.1	42.569	545	517	10	517	167212	165740	1.11e-87	294
CDF87592.1	CP097135.1	31.163	430	398	10	398	381256	379979	1.22e-63	219
CDF87593.1	CP097135.1	58.553	304	293	6	292	379602	378694	7.88e-103	328
CDF87594.1	CP097135.1	82.105	95	95	1	95	378248	378532	7.13e-50	166
CDF87595.1	CP097146.1	62.857	140	159	22	159	165090	165509	5.30e-54	181
CDF87596.1	CP097135.1	70.588	136	175	34	169	377345	377752	1.28e-62	207
CDF87597.1	CP097135.1	94.534	311	311	1	311	375769	376701	0.0	626
CDF87597.1	CP097135.1	54.754	305	311	7	311	226602	225706	1.39e-117	371
CDF87597.1	CP097135.1	57.914	278	311	7	284	130921	130094	7.51e-117	369
CDF87597.1	CP097135.1	54.902	306	311	7	311	622282	623193	4.34e-115	363
CDF87597.1	CP097135.1	41.176	289	311	19	306	1320302	1321159	1.62e-71	238
CDF87597.1	CP097145.1	53.333	300	311	7	293	680628	681521	3.97e-104	332
CDF87597.1	CP097144.1	42.414	290	311	19	307	223394	222549	1.81e-72	241
CDF87597.1	CP097144.1	34.365	323	311	11	294	155144	156097	3.74e-54	189
CDF87597.1	CP097147.1	42.481	266	311	23	287	203234	204022	9.36e-70	233
CDF87597.1	CP097136.1	45.560	259	311	51	308	429395	430138	3.67e-68	229
CDF87598.1	CP097146.1	49.458	461	460	7	456	163502	164851	2.60e-134	426
CDF87599.1	CP097138.1	35.766	274	354	62	328	626860	627642	4.14e-38	144
CDF87601.1	CP097138.1	68.493	146	140	1	140	628010	628447	2.32e-59	196
CDF87602.1	CP097138.1	49.289	211	214	3	205	629164	628532	1.72e-60	202
CDF87603.1	CP097138.1	61.146	157	154	1	154	629875	629405	6.59e-58	192
CDF87604.1	CP097138.1	30.198	606	571	1	569	631814	630054	7.08e-71	246
CDF87605.1	CP097146.1	44.648	327	292	1	292	163316	162351	7.71e-83	270
CDF87606.1	CP097138.1	65.327	199	189	1	189	632669	632073	9.90e-85	271
CDF87607.1	CP097133.1	50.543	184	184	1	184	493186	493716	1.70e-52	178
CDF87608.1	CP097133.1	40.461	477	450	34	442	495337	493937	1.01e-92	306
CDF87609.1	CP097146.1	43.625	800	789	1	789	155540	157927	0.0	664
CDF87610.1	CP097146.1	83.849	291	286	1	285	155239	154367	7.24e-167	511
CDF87611.1	CP097146.1	50.000	66	67	1	66	153954	154151	5.79e-15	65.9
CDF87612.1	CP097133.1	66.064	498	488	1	483	495803	497296	0.0	692
CDF87612.1	CP097144.1	54.483	435	488	51	479	834357	835655	2.54e-155	488
CDF87612.1	CP097138.1	31.724	435	488	86	480	121915	120632	3.87e-41	156
CDF87613.1	CP097146.1	45.698	1197	1133	1	1133	150198	153725	0.0	852
CDF87614.1	CP097146.1	53.873	284	267	1	261	149943	149092	2.20e-89	288
CDF87614.1	CP097138.1	32.903	155	267	100	251	1019627	1019184	2.08e-16	77.4
CDF87614.1	CP097138.1	30.270	185	267	95	253	344664	344125	1.13e-15	75.5
CDF87614.1	CP097143.1	32.051	156	267	99	247	344867	345295	3.31e-12	65.1
CDF87615.1	CP097146.1	48.470	2581	2997	438	2994	141178	148812	0.0	2450
CDF87615.1	CP097133.1	47.953	2565	2997	479	2994	505120	497498	0.0	2410
CDF87615.1	CP097133.1	40.000	305	2997	7	307	506719	505820	1.05e-63	242
CDF87616.1	CP097133.1	43.220	354	334	1	333	508177	507146	1.06e-74	249
CDF87617.1	CP097133.1	55.975	795	798	38	795	508480	510756	0.0	806
CDF87617.1	CP097133.1	27.442	430	798	231	630	672404	673543	2.57e-37	150
CDF87617.1	CP097139.1	34.406	404	798	250	642	214236	213184	1.50e-48	185
CDF87617.1	CP097139.1	32.546	381	798	245	617	427823	428830	2.92e-40	159
CDF87617.1	CP097143.1	32.741	394	798	237	623	118193	119230	1.31e-47	182
CDF87617.1	CP097143.1	27.655	452	798	241	630	688494	687274	4.58e-31	130
CDF87617.1	CP097135.1	31.842	380	798	241	620	177819	176836	1.29e-42	167
CDF87617.1	CP097135.1	30.394	431	798	228	639	956515	955355	5.75e-40	159
CDF87617.1	CP097135.1	30.250	400	798	244	626	866212	865118	1.71e-36	147
CDF87617.1	CP097135.1	27.637	474	798	188	627	400406	401740	2.65e-36	147
CDF87617.1	CP097135.1	28.744	414	798	241	642	492049	493110	1.86e-32	134
CDF87617.1	CP097135.1	28.109	402	798	249	645	311497	312552	4.73e-24	107
CDF87617.1	CP097141.1	29.440	411	798	236	635	388539	389627	2.64e-42	166
CDF87617.1	CP097141.1	28.678	401	798	241	640	165184	164141	1.39e-27	119
CDF87618.1	CP097133.1	84.562	434	440	5	438	512307	511006	0.0	763
CDF87621.1	CP097146.1	86.416	346	350	5	350	129108	128071	0.0	619
CDF87621.1	CP097144.1	83.815	346	350	5	350	846482	845445	0.0	604
CDF87621.1	CP097144.1	77.746	346	350	5	350	406040	407077	0.0	562
CDF87621.1	CP097144.1	28.097	331	350	31	346	884274	883303	5.80e-22	96.3
CDF87621.1	CP097133.1	74.499	349	350	2	350	513897	514943	5.38e-179	549
CDF87621.1	CP097133.1	29.123	285	350	1	278	311572	310814	3.98e-20	90.5
CDF87621.1	CP097134.1	28.455	369	350	4	350	308148	309215	1.26e-22	98.2
CDF87621.1	CP097135.1	25.815	368	350	13	341	165723	166805	3.04e-18	85.1
CDF87621.1	CP097135.1	27.515	338	350	13	337	9941	8958	6.94e-15	74.7
CDF87622.1	CP097133.1	72.470	247	288	42	288	515480	516220	2.43e-115	363
CDF87623.1	CP097146.1	47.778	90	95	3	91	127684	127953	1.25e-22	89.0
CDF87624.1	CP097146.1	43.794	1128	1015	1	1011	127158	123856	0.0	831
CDF87625.1	CP097133.1	91.163	215	215	1	215	529127	528483	4.71e-137	422
CDF87626.1	CP097133.1	58.091	241	235	1	230	527578	528300	5.97e-92	294
CDF87627.1	CP097133.1	28.788	198	224	57	224	526773	527366	2.60e-14	70.1
CDF87629.1	CP097146.1	34.646	254	267	1	241	123266	122505	6.32e-47	166
CDF87631.1	CP097133.1	64.923	325	328	4	328	520189	521163	1.56e-147	457
CDF87631.1	CP097146.1	38.065	310	328	14	315	520459	521343	1.48e-56	196
CDF87631.1	CP097135.1	37.898	314	328	8	317	1197682	1198590	2.36e-55	192
CDF87631.1	CP097135.1	32.544	338	328	14	328	246293	247207	6.24e-30	119
CDF87631.1	CP097139.1	30.149	335	328	15	314	308923	309876	2.39e-37	140
CDF87631.1	CP097141.1	29.470	302	328	14	306	603628	604431	4.88e-30	119
CDF87632.1	CP097146.1	72.122	947	956	1	941	115903	118743	0.0	1425
CDF87632.1	CP097134.1	27.360	625	956	294	885	277535	275820	8.29e-54	204
CDF87632.1	CP097139.1	29.223	592	956	328	867	336216	337934	4.58e-52	198
CDF87632.1	CP097135.1	34.629	283	956	601	874	666300	665482	1.35e-43	171
CDF87632.1	CP097135.1	34.156	243	956	648	867	186192	186917	9.25e-31	130
CDF87632.1	CP097137.1	25.626	519	956	332	820	118615	117170	2.48e-26	115
CDF87634.1	CP097133.1	61.438	306	304	1	292	516702	517592	5.83e-119	374
CDF87634.1	CP097146.1	66.013	306	304	1	295	112727	113638	4.93e-115	363
CDF87634.1	CP097135.1	28.873	284	304	11	288	1171507	1172310	5.30e-26	107
CDF87635.1	CP097146.1	62.633	281	282	1	274	111337	112179	3.69e-116	365
CDF87636.1	CP097135.1	52.730	641	588	1	584	1406657	1408579	0.0	641
CDF87637.1	CP097135.1	41.212	825	773	12	773	1411059	1408717	2.40e-146	474
CDF87638.1	CP097146.1	59.790	286	302	19	302	107487	106630	6.42e-116	366
CDF87639.1	CP097146.1	80.094	427	433	1	426	106345	105068	0.0	722
CDF87640.1	CP097135.1	72.727	209	214	5	212	1412877	1412251	1.90e-101	320
CDF87641.1	CP097135.1	31.150	565	586	1	521	1414680	1413100	1.73e-51	190
CDF87642.1	CP097135.1	58.389	298	287	1	287	1414903	1415784	3.23e-104	332
CDF87643.1	CP097146.1	61.198	1018	1028	1	1012	104360	101310	0.0	1356
CDF87643.1	CP097135.1	26.129	310	1028	14	303	1312584	1311703	8.10e-16	81.6
CDF87644.1	CP097135.1	58.945	436	1091	128	540	1417942	1416653	2.86e-157	517
CDF87644.1	CP097135.1	41.214	313	1091	176	461	1379040	1379963	9.52e-69	252
CDF87644.1	CP097135.1	27.181	298	1091	171	442	714266	715120	9.12e-32	134
CDF87644.1	CP097135.1	29.520	271	1091	174	443	1396414	1397181	2.05e-29	126
CDF87644.1	CP097135.1	28.125	288	1091	174	443	1450036	1449212	3.30e-29	125
CDF87644.1	CP097135.1	28.000	300	1091	177	444	287272	286424	7.18e-25	111
CDF87644.1	CP097135.1	25.497	302	1091	180	462	412198	411356	2.65e-21	99.8
CDF87644.1	CP097135.1	26.280	293	1091	121	393	178973	179764	1.39e-16	84.3
CDF87644.1	CP097135.1	31.383	188	1091	225	402	1023418	1022882	4.36e-16	82.4
CDF87644.1	CP097135.1	26.818	220	1091	181	388	319976	319383	1.61e-15	80.9
CDF87644.1	CP097135.1	27.419	248	1091	182	421	75642	74962	1.62e-15	80.9
CDF87644.1	CP097135.1	25.455	275	1091	175	444	1471290	1470514	6.30e-15	79.0
CDF87644.1	CP097135.1	25.306	245	1091	225	443	407739	407044	1.39e-14	77.8
CDF87644.1	CP097146.1	32.282	412	1091	661	1049	99811	100953	5.44e-49	190
CDF87644.1	CP097146.1	29.474	285	1091	177	443	745705	746511	5.13e-31	131
CDF87644.1	CP097146.1	28.431	306	1091	157	443	214554	215390	2.02e-22	103
CDF87644.1	CP097146.1	30.137	219	1091	176	390	264581	263964	9.14e-22	101
CDF87644.1	CP097146.1	31.799	239	1091	182	388	959431	958775	1.62e-19	94.0
CDF87644.1	CP097146.1	31.250	176	1091	227	388	80006	80491	4.50e-19	92.4
CDF87644.1	CP097146.1	30.137	219	1091	174	388	410290	410880	4.61e-19	92.4
CDF87644.1	CP097146.1	28.241	216	1091	183	387	743003	743587	4.69e-18	89.0
CDF87644.1	CP097146.1	28.889	225	1091	178	390	793934	793311	4.71e-16	82.4
CDF87644.1	CP097146.1	29.457	258	1091	153	390	53839	53156	2.66e-14	76.6
CDF87644.1	CP097141.1	32.517	286	1091	174	454	115574	114783	1.84e-43	172
CDF87644.1	CP097141.1	28.251	223	1091	175	388	255511	256140	1.17e-22	104
CDF87644.1	CP097141.1	24.742	291	1091	171	442	189643	188834	8.82e-15	78.2
CDF87644.1	CP097141.1	26.267	217	1091	182	384	82577	81975	2.53e-14	76.6
CDF87644.1	CP097141.1	25.410	244	1091	181	412	159863	159213	1.21e-13	74.7
CDF87644.1	CP097142.1	30.651	261	1091	171	431	135764	135030	9.47e-39	156
CDF87644.1	CP097142.1	31.295	278	1091	174	448	206960	207754	7.76e-35	144
CDF87644.1	CP097142.1	27.419	310	1091	171	443	249363	250250	1.02e-29	127
CDF87644.1	CP097142.1	27.245	323	1091	171	436	348521	347559	6.52e-21	98.6
CDF87644.1	CP097142.1	27.624	181	1091	238	407	132279	131761	4.19e-14	76.3
CDF87644.1	CP097142.1	25.296	253	1091	163	403	183974	184690	1.19e-13	74.7
CDF87644.1	CP097142.1	29.870	154	1091	253	388	222216	221794	3.85e-12	69.7
CDF87644.1	CP097147.1	29.392	296	1091	167	454	160685	161506	1.08e-38	156
CDF87644.1	CP097147.1	29.433	282	1091	173	454	151556	150765	3.65e-32	135
CDF87644.1	CP097147.1	29.052	327	1091	164	448	735662	736636	7.32e-32	134
CDF87644.1	CP097147.1	31.855	248	1091	174	405	257536	256841	1.36e-31	133
CDF87644.1	CP097147.1	28.289	304	1091	164	443	279906	279040	8.69e-28	120
CDF87644.1	CP097147.1	29.181	281	1091	174	443	262222	262974	1.03e-24	110
CDF87644.1	CP097147.1	28.311	219	1091	183	390	282297	281704	1.17e-19	94.4
CDF87644.1	CP097147.1	29.464	224	1091	177	393	480181	479558	4.76e-18	89.0
CDF87644.1	CP097147.1	29.185	233	1091	183	403	653983	654648	7.24e-14	75.5
CDF87644.1	CP097147.1	29.661	236	1091	177	386	848330	847665	3.77e-13	72.8
CDF87646.1	CP097135.1	56.918	318	314	3	312	1418826	1419776	1.24e-121	383
CDF87646.1	CP097146.1	41.967	305	314	3	307	292927	292022	1.02e-77	256
CDF87646.1	CP097146.1	28.049	328	314	1	310	96443	95529	3.69e-30	119
CDF87647.1	CP097135.1	63.025	119	119	1	111	1420116	1420472	5.62e-43	148
CDF87648.1	CP097146.1	51.327	226	228	2	225	95191	94529	3.21e-64	214
CDF87649.1	CP097135.1	33.333	366	313	1	313	1420841	1421911	2.17e-41	152
CDF87650.1	CP097135.1	37.775	953	973	22	959	1424875	1422062	0.0	651
CDF87651.1	CP097135.1	73.201	556	651	92	647	1427002	1425335	0.0	867
CDF87652.1	CP097146.1	68.522	575	581	22	578	92626	94347	0.0	771
CDF87652.1	CP097135.1	66.840	576	581	6	579	1429316	1427619	0.0	744
CDF87652.1	CP097135.1	30.496	564	581	62	551	1233575	1231938	1.13e-75	261
CDF87652.1	CP097135.1	28.877	561	581	24	560	117880	119436	2.78e-46	174
CDF87652.1	CP097135.1	27.289	557	581	56	578	13488	11884	1.29e-44	169
CDF87652.1	CP097135.1	27.257	587	581	12	562	1154373	1152715	2.51e-44	168
CDF87652.1	CP097135.1	30.707	495	581	92	566	219726	221150	1.80e-43	166
CDF87652.1	CP097135.1	27.080	565	581	21	562	1145605	1143974	1.56e-39	154
CDF87652.1	CP097135.1	26.186	485	581	90	548	1492519	1493898	5.70e-39	152
CDF87652.1	CP097135.1	27.018	570	581	21	562	1150997	1149366	6.65e-39	152
CDF87652.1	CP097135.1	22.847	569	581	31	555	6295	7905	8.89e-11	63.9
CDF87652.1	CP097145.1	26.825	548	581	56	575	767323	768909	4.74e-48	179
CDF87652.1	CP097145.1	24.815	540	581	55	545	40750	39212	2.10e-31	129
CDF87652.1	CP097136.1	26.642	548	581	56	575	19385	17799	3.53e-47	177
CDF87652.1	CP097143.1	26.173	554	581	34	562	270276	271895	1.05e-45	172
CDF87653.1	CP097135.1	44.892	323	353	41	353	1430681	1429746	4.45e-74	248
CDF87654.1	CP097146.1	32.550	298	323	51	322	91734	90862	1.36e-32	126
CDF87655.1	CP097145.1	70.115	435	436	2	436	111374	110070	0.0	663
CDF87655.1	CP097138.1	28.059	474	436	3	436	482953	484281	7.73e-43	160
CDF87656.1	CP097145.1	45.695	151	144	1	140	109442	109891	3.14e-38	135
CDF87656.1	CP097135.1	37.419	155	144	1	140	899625	900086	1.67e-23	93.6
CDF87657.1	CP097145.1	42.857	196	212	2	194	108668	109222	1.88e-42	150
CDF87658.1	CP097146.1	41.841	239	610	358	574	89308	88619	2.99e-37	147
CDF87658.1	CP097146.1	43.860	114	610	7	108	90202	89867	6.40e-21	96.7
CDF87658.1	CP097145.1	44.444	108	610	8	108	107638	107315	1.28e-19	92.4
CDF87659.1	CP097145.1	67.050	261	294	22	282	104586	103813	7.17e-109	345
CDF87660.1	CP097146.1	46.491	114	134	29	128	86216	85875	2.98e-28	106
CDF87661.1	CP097145.1	37.453	267	263	14	261	95803	96585	1.84e-48	170
CDF87662.1	CP097145.1	76.124	934	934	1	934	92496	95297	0.0	1458
CDF87663.1	CP097145.1	94.526	274	356	82	355	91093	91914	6.50e-175	538
CDF87664.1	CP097145.1	57.770	296	297	1	285	88399	89214	3.08e-101	323
CDF87664.1	CP097135.1	48.276	174	297	1	172	144381	144881	7.92e-45	161
CDF87664.1	CP097135.1	42.408	191	297	5	182	240940	241494	5.60e-42	153
CDF87665.1	CP097145.1	79.341	334	385	50	382	86730	87731	0.0	573
CDF87665.1	CP097145.1	25.498	251	385	54	271	239577	240296	4.78e-11	63.2
CDF87665.1	CP097146.1	36.306	314	385	59	370	111053	110136	5.56e-58	202
CDF87665.1	CP097146.1	25.862	290	385	57	309	719907	720752	4.99e-15	75.9
CDF87665.1	CP097141.1	44.643	224	385	51	261	560097	560762	2.44e-55	195
CDF87665.1	CP097133.1	28.870	239	385	61	260	403856	404563	3.13e-22	97.8
CDF87666.1	CP097145.1	57.377	488	545	56	536	86156	84705	0.0	569
CDF87667.1	CP097145.1	76.203	374	406	1	372	83309	84430	0.0	579
CDF87669.1	CP097146.1	45.894	207	192	2	192	83301	82681	1.97e-47	164
CDF87670.1	CP097145.1	59.609	614	602	25	601	81212	83029	0.0	695
CDF87670.1	CP097146.1	53.810	420	602	119	521	81334	82563	1.00e-149	476
CDF87670.1	CP097138.1	28.125	256	602	190	445	683255	683905	4.02e-29	122
CDF87670.1	CP097147.1	26.103	272	602	177	447	72311	71643	1.46e-14	76.3
CDF87671.1	CP097145.1	41.968	498	499	7	496	80754	79279	2.34e-119	384
CDF87672.1	CP097145.1	42.512	414	451	49	449	77773	79014	1.35e-109	354
CDF87673.1	CP097145.1	50.121	1650	1617	1	1614	77086	72182	0.0	1570
CDF87674.1	CP097145.1	59.757	907	873	1	873	69418	71943	0.0	970
CDF87674.1	CP097145.1	28.102	274	873	619	851	676178	675384	2.91e-22	102
CDF87674.1	CP097145.1	26.556	241	873	580	799	704597	705262	5.89e-18	88.2
CDF87674.1	CP097145.1	26.286	175	873	630	799	295048	294554	1.57e-13	73.6
CDF87674.1	CP097145.1	29.379	177	873	641	812	57827	57306	1.50e-11	67.4
CDF87674.1	CP097145.1	23.671	207	873	614	799	563111	563716	9.31e-11	64.7
CDF87674.1	CP097146.1	59.659	352	873	527	871	79661	80707	3.49e-126	419
CDF87674.1	CP097146.1	60.891	202	873	51	252	78713	79300	7.73e-73	261
CDF87674.1	CP097146.1	30.357	280	873	587	853	743006	743779	1.07e-25	113
CDF87674.1	CP097146.1	30.435	230	873	650	857	959272	958595	2.79e-23	105
CDF87674.1	CP097146.1	30.159	252	873	617	856	745783	746508	2.67e-22	102
CDF87674.1	CP097146.1	24.221	289	873	587	856	98314	99087	1.81e-20	96.3
CDF87674.1	CP097146.1	25.087	287	873	576	851	264605	263805	2.24e-19	92.8
CDF87674.1	CP097146.1	26.460	291	873	578	858	214605	215393	1.92e-16	83.2
CDF87674.1	CP097146.1	24.051	237	873	579	799	793940	793317	4.05e-13	72.4
CDF87674.1	CP097146.1	27.368	190	873	623	799	53695	53162	4.46e-12	68.9
CDF87674.1	CP097139.1	43.875	449	873	463	873	80398	79136	6.36e-102	347
CDF87674.1	CP097139.1	36.237	287	873	573	856	302117	302899	8.82e-43	168
CDF87674.1	CP097139.1	28.772	285	873	580	857	496192	496974	1.28e-24	110
CDF87674.1	CP097139.1	28.708	209	873	643	840	256642	256058	5.98e-17	85.1
CDF87674.1	CP097139.1	26.923	260	873	580	825	154504	153791	6.79e-17	84.7
CDF87674.1	CP097139.1	30.769	182	873	190	356	80794	80249	2.44e-13	73.2
CDF87674.1	CP097143.1	36.145	249	873	608	853	848354	849046	1.26e-39	158
CDF87674.1	CP097143.1	26.736	288	873	580	853	312915	313742	1.10e-22	103
CDF87674.1	CP097143.1	28.750	240	873	580	811	351706	352326	3.70e-21	98.6
CDF87674.1	CP097143.1	26.087	184	873	653	802	626350	626871	1.01e-11	67.8
CDF87674.1	CP097135.1	35.714	294	873	565	855	1471329	1470523	1.49e-39	158
CDF87674.1	CP097135.1	31.707	287	873	585	856	179123	179935	2.75e-28	122
CDF87674.1	CP097135.1	31.878	229	873	638	864	1449850	1449191	2.99e-27	118
CDF87674.1	CP097135.1	27.835	291	873	580	856	714284	715120	1.94e-25	112
CDF87674.1	CP097135.1	29.720	286	873	580	858	1396423	1397184	2.09e-22	102
CDF87674.1	CP097135.1	26.791	321	873	573	857	287302	286427	3.75e-22	102
CDF87674.1	CP097135.1	25.000	296	873	580	856	1417795	1416995	6.27e-21	97.8
CDF87674.1	CP097135.1	23.432	303	873	580	857	1379043	1379894	2.48e-20	95.9
CDF87674.1	CP097135.1	28.251	223	873	585	799	412192	411581	5.88e-16	81.6
CDF87674.1	CP097135.1	27.753	227	873	645	851	963090	963734	1.04e-13	74.3
CDF87674.1	CP097135.1	30.675	163	873	649	793	1023391	1022933	1.84e-13	73.6
CDF87674.1	CP097135.1	25.000	232	873	579	799	75660	75046	5.30e-13	72.0
CDF87674.1	CP097135.1	24.091	220	873	584	800	273826	274410	4.21e-11	65.9
CDF87674.1	CP097135.1	27.386	241	873	583	799	407868	407233	4.90e-11	65.5
CDF87676.1	CP097146.1	56.849	146	168	19	164	78192	77755	1.43e-51	175
CDF87677.1	CP097146.1	65.669	501	574	56	543	76165	77643	0.0	649
CDF87677.1	CP097145.1	55.108	646	574	1	572	67089	68945	0.0	649
CDF87678.1	CP097135.1	77.727	220	225	6	224	923240	923899	2.41e-114	357
CDF87678.1	CP097136.1	41.969	193	225	16	204	516193	516771	6.47e-45	158
CDF87678.1	CP097142.1	25.701	214	225	7	217	393228	392680	4.39e-19	84.0
CDF87679.1	CP097146.1	65.714	105	263	159	263	75060	75374	2.32e-49	173
CDF87679.1	CP097144.1	40.404	99	263	157	252	579384	579677	5.19e-15	73.2
CDF87680.1	CP097142.1	27.838	643	684	4	614	5897	4017	1.66e-72	255
CDF87680.1	CP097146.1	24.706	680	684	1	634	623626	625650	3.46e-55	203
CDF87680.1	CP097146.1	25.411	669	684	5	613	611226	609250	6.91e-45	172
CDF87680.1	CP097143.1	24.924	654	684	4	611	663074	661221	2.01e-35	143
CDF87681.1	CP097142.1	41.156	294	293	13	293	167118	167987	3.95e-66	222
CDF87681.1	CP097144.1	33.023	215	293	47	259	16200	15562	1.31e-29	117
CDF87681.1	CP097144.1	34.906	212	293	12	223	89918	89307	3.23e-29	115
CDF87681.1	CP097140.1	33.333	219	293	48	260	252704	252054	6.33e-29	115
CDF87687.1	CP097146.1	29.265	680	583	1	581	71971	73902	9.94e-57	205
CDF87688.1	CP097143.1	42.748	131	181	53	179	348944	349330	2.30e-20	86.3
CDF87689.1	CP097146.1	61.154	520	524	1	520	70780	69287	0.0	656
CDF87689.1	CP097146.1	43.418	433	524	98	519	860511	859216	5.83e-113	367
CDF87689.1	CP097145.1	21.902	347	524	112	456	392523	391495	2.84e-16	81.3
CDF87689.1	CP097142.1	25.368	272	524	210	479	6823	7602	2.43e-11	65.5
CDF87690.1	CP097146.1	81.935	155	186	32	186	68285	67824	1.58e-72	236
CDF87690.1	CP097146.1	65.455	55	186	1	55	68828	68664	1.74e-15	72.4
CDF87690.1	CP097145.1	84.459	148	186	39	186	64516	64073	3.43e-72	234
CDF87690.1	CP097145.1	86.842	38	186	1	38	65062	64949	1.16e-15	72.8
CDF87691.1	CP097145.1	91.429	140	144	5	144	62870	62451	1.19e-84	268
CDF87691.1	CP097146.1	90.780	141	144	4	144	66877	66455	8.99e-84	266
CDF87692.1	CP097146.1	71.731	520	536	40	535	65680	64124	0.0	783
CDF87692.1	CP097139.1	49.206	504	536	58	532	192042	193511	1.85e-146	464
CDF87692.1	CP097143.1	48.049	487	536	48	525	197921	196527	1.36e-137	439
CDF87693.1	CP097146.1	54.851	505	519	1	461	62273	63697	9.24e-139	441
CDF87693.1	CP097136.1	30.939	181	519	155	324	500933	501457	9.47e-17	82.8
CDF87693.1	CP097136.1	26.220	164	519	155	298	501212	501697	3.11e-12	68.2
CDF87693.1	CP097145.1	27.907	172	519	155	315	591427	591921	2.80e-11	65.1
CDF87693.1	CP097138.1	23.464	179	519	155	314	794247	793714	5.07e-11	64.3
CDF87694.1	CP097146.1	73.893	429	435	2	429	61188	59902	0.0	647
CDF87695.1	CP097145.1	37.059	340	350	46	350	61045	62037	4.72e-67	227
CDF87695.1	CP097136.1	40.000	110	350	124	233	211539	211228	1.48e-17	82.8
CDF87695.1	CP097137.1	29.508	183	350	50	232	37918	37541	2.03e-16	79.3
CDF87695.1	CP097137.1	42.157	102	350	132	233	112805	113089	6.49e-14	71.6
CDF87695.1	CP097138.1	36.937	111	350	123	233	101890	102204	2.44e-16	79.3
CDF87695.1	CP097143.1	23.256	215	350	36	250	654320	653844	9.32e-14	71.2
CDF87696.1	CP097146.1	42.391	460	406	3	403	58319	59689	3.02e-107	345
CDF87697.1	CP097146.1	57.182	369	356	1	356	57348	56242	5.00e-128	403
CDF87697.1	CP097142.1	44.201	319	356	10	322	279405	280247	7.75e-64	218
CDF87697.1	CP097135.1	41.243	354	356	9	356	322405	321401	1.45e-63	218
CDF87698.1	CP097145.1	50.916	273	263	11	263	60212	59394	6.79e-82	266
CDF87699.1	CP097146.1	80.952	126	142	17	142	55238	55615	1.73e-64	210
CDF87700.1	CP097145.1	58.416	202	207	16	207	58706	59296	8.92e-71	232
CDF87701.1	CP097145.1	80.533	375	382	1	371	58064	56943	0.0	645
CDF87701.1	CP097145.1	26.236	263	382	18	233	676280	675552	7.03e-16	78.2
CDF87701.1	CP097145.1	34.259	108	382	143	249	71443	71760	8.75e-12	65.5
CDF87701.1	CP097146.1	45.355	366	382	11	369	53848	52784	1.01e-98	320
CDF87701.1	CP097146.1	29.355	310	382	34	323	410308	411153	2.36e-25	107
CDF87701.1	CP097146.1	28.616	318	382	31	326	98284	99096	1.32e-19	89.7
CDF87701.1	CP097146.1	29.469	207	382	31	233	742985	743581	3.91e-14	72.8
CDF87701.1	CP097146.1	26.772	254	382	35	251	959434	958721	4.55e-13	69.7
CDF87701.1	CP097146.1	34.513	113	382	143	254	80213	80545	7.40e-12	65.9
CDF87701.1	CP097146.1	27.586	203	382	37	226	214629	215207	4.28e-11	63.5
CDF87701.1	CP097146.1	25.287	261	382	75	333	745864	746529	6.70e-11	62.8
CDF87701.1	CP097135.1	41.356	295	382	37	328	319970	319122	1.08e-69	236
CDF87701.1	CP097135.1	26.727	333	382	35	357	273826	274749	2.89e-25	106
CDF87701.1	CP097135.1	26.836	354	382	8	330	1417873	1416974	1.30e-18	86.7
CDF87701.1	CP097135.1	29.461	241	382	17	240	179060	179761	2.55e-18	85.9
CDF87701.1	CP097135.1	24.765	319	382	36	326	1379058	1379900	5.66e-17	81.6
CDF87701.1	CP097135.1	25.658	304	382	35	334	1396435	1397208	9.98e-16	77.8
CDF87701.1	CP097135.1	27.660	282	382	43	323	1449898	1449215	1.09e-15	77.8
CDF87701.1	CP097135.1	27.698	278	382	76	329	287128	286412	3.19e-13	70.1
CDF87701.1	CP097135.1	35.922	103	382	143	230	1023238	1022933	9.48e-12	65.5
CDF87701.1	CP097135.1	30.345	145	382	132	268	1470999	1470595	4.10e-11	63.5
CDF87701.1	CP097135.1	26.446	242	382	32	245	407874	407197	7.99e-11	62.4
CDF87701.1	CP097144.1	39.661	295	382	37	330	517879	518733	1.18e-65	224
CDF87701.1	CP097144.1	28.095	210	382	37	240	253920	253327	2.34e-15	76.6
CDF87701.1	CP097144.1	24.332	337	382	34	359	445584	444715	2.59e-14	73.6
CDF87701.1	CP097143.1	32.812	320	382	11	323	351652	352545	2.80e-39	148
CDF87701.1	CP097143.1	25.556	270	382	28	255	92723	91968	1.61e-15	77.4
CDF87701.1	CP097143.1	45.098	102	382	140	236	848594	848890	2.45e-15	76.6
CDF87701.1	CP097143.1	24.889	225	382	136	360	313290	313844	1.38e-12	68.2
CDF87702.1	CP097146.1	77.717	184	183	1	183	51989	52540	1.18e-92	293
CDF87703.1	CP097145.1	53.214	560	538	1	514	56388	54742	5.09e-139	443
CDF87704.1	CP097146.1	69.003	642	697	84	697	49555	51408	0.0	843
CDF87704.1	CP097137.1	63.407	634	697	95	697	17047	15227	0.0	783
CDF87704.1	CP097142.1	42.077	183	697	436	618	319895	320341	1.10e-40	159
CDF87704.1	CP097142.1	64.198	81	697	346	426	319442	319684	1.19e-27	119
CDF87704.1	CP097142.1	60.714	56	697	285	340	318947	319114	7.50e-18	87.4
CDF87705.1	CP097145.1	32.768	177	248	73	179	53681	54190	7.65e-12	63.5
CDF87706.1	CP097145.1	54.487	156	167	8	161	52868	52416	5.53e-46	159
CDF87707.1	CP097145.1	50.787	762	674	1	669	52183	49901	0.0	717
CDF87708.1	CP097146.1	60.965	456	486	12	465	45754	47088	1.34e-179	557
CDF87708.1	CP097146.1	44.348	345	486	3	345	236782	237789	2.06e-88	295
CDF87708.1	CP097144.1	46.218	357	486	15	352	668919	669983	2.32e-95	315
CDF87708.1	CP097144.1	42.532	308	486	30	332	859224	860111	5.35e-69	238
CDF87708.1	CP097143.1	40.115	349	486	6	339	812885	813886	1.01e-71	246
CDF87709.1	CP097145.1	68.498	273	274	4	274	48899	49708	2.59e-124	389
CDF87710.1	CP097145.1	60.989	910	893	1	893	48517	45806	0.0	1133
CDF87711.1	CP097145.1	32.075	265	270	11	267	44966	45685	3.54e-26	106
CDF87714.1	CP097144.1	70.571	350	350	1	350	874943	875989	1.41e-170	525
CDF87715.1	CP097135.1	79.030	1278	1282	2	1279	583720	587553	0.0	2108
CDF87715.1	CP097135.1	78.887	1222	1282	58	1279	600815	604480	0.0	2016
CDF87715.1	CP097135.1	72.222	72	1282	2	73	600645	600860	1.10e-21	101
CDF87715.1	CP097142.1	71.262	1284	1282	1	1280	30964	27116	0.0	1894
CDF87717.1	CP097135.1	73.391	233	247	1	230	830721	831395	2.85e-108	341
CDF87718.1	CP097135.1	60.797	301	299	6	299	832704	831805	3.66e-118	372
CDF87719.1	CP097135.1	65.051	495	609	132	600	833667	835148	0.0	622
CDF87719.1	CP097135.1	46.847	111	609	2	108	833073	833387	2.42e-17	85.1
CDF87720.1	CP097135.1	83.796	216	216	1	216	835486	836130	1.18e-120	375
CDF87720.1	CP097135.1	48.889	135	216	15	149	560919	560521	1.57e-37	137
CDF87720.1	CP097135.1	40.000	140	216	10	149	655316	655729	9.66e-31	117
CDF87720.1	CP097135.1	38.017	121	216	31	149	343705	344064	2.67e-20	87.4
CDF87720.1	CP097135.1	32.110	109	216	47	143	553445	553122	2.86e-15	72.8
CDF87720.1	CP097133.1	45.865	133	216	17	149	387112	386720	2.58e-34	127
CDF87720.1	CP097146.1	38.235	136	216	4	139	928147	927743	5.87e-25	100
CDF87720.1	CP097138.1	34.074	135	216	5	139	406968	407366	2.31e-22	93.2
CDF87720.1	CP097138.1	35.036	137	216	5	128	743895	744305	1.02e-18	82.8
CDF87720.1	CP097136.1	35.156	128	216	24	150	128498	128878	4.52e-22	92.4
CDF87721.1	CP097143.1	79.828	466	467	1	466	489820	488438	0.0	778
CDF87721.1	CP097133.1	28.322	459	467	9	450	127472	126180	3.28e-45	168
CDF87721.1	CP097139.1	28.029	421	467	32	431	143368	142166	4.19e-37	144
CDF87722.1	CP097143.1	58.333	168	170	5	170	490458	490949	2.54e-57	191
CDF87722.1	CP097135.1	53.293	167	170	1	166	836584	837084	3.54e-56	188
CDF87722.1	CP097146.1	33.333	171	170	5	163	844605	844093	1.28e-22	92.4
CDF87723.1	CP097135.1	42.105	152	152	4	152	837785	837330	1.26e-32	120
CDF87724.1	CP097135.1	33.550	462	415	2	415	838046	839422	7.38e-75	253
CDF87725.1	CP097143.1	44.269	253	252	9	251	491807	491067	1.31e-57	196
CDF87726.1	CP097135.1	46.107	1477	1469	3	1448	839908	844314	0.0	1241
CDF87727.1	CP097135.1	42.735	351	368	6	317	845920	844880	3.13e-68	231
CDF87728.1	CP097135.1	53.753	493	481	1	481	846192	847664	3.07e-174	541
CDF87729.1	CP097143.1	54.420	871	828	1	825	494612	492000	0.0	928
CDF87732.1	CP097143.1	70.526	190	205	1	190	496833	496264	4.19e-92	293
CDF87732.1	CP097143.1	27.108	166	205	3	168	537113	536628	1.81e-13	67.0
CDF87732.1	CP097135.1	54.749	179	205	1	179	851083	850547	4.97e-66	218
CDF87733.1	CP097143.1	55.618	356	365	7	361	618488	619540	2.01e-136	427
CDF87733.1	CP097135.1	57.407	54	365	180	233	722866	723027	2.38e-16	79.3
CDF87733.1	CP097146.1	30.345	145	365	155	287	291422	290988	4.71e-14	72.4
CDF87733.1	CP097145.1	27.160	162	365	177	327	28535	28053	3.43e-13	69.7
CDF87734.1	CP097135.1	47.222	324	707	9	310	854054	853086	5.85e-77	269
CDF87734.1	CP097135.1	39.494	395	707	378	707	852602	851472	2.08e-43	168
CDF87735.1	CP097143.1	49.315	146	149	3	146	618309	617872	1.42e-44	154
CDF87736.1	CP097143.1	79.076	368	370	6	370	617622	616522	0.0	636
CDF87737.1	CP097135.1	82.505	543	546	1	543	855031	856659	0.0	936
CDF87737.1	CP097135.1	26.880	532	546	22	535	894068	895603	1.52e-53	195
CDF87737.1	CP097135.1	26.577	523	546	20	533	206120	207628	4.27e-49	182
CDF87737.1	CP097141.1	27.205	533	546	22	538	412117	413640	3.44e-55	200
CDF87737.1	CP097141.1	28.879	464	546	18	471	548455	549807	1.01e-54	198
CDF87737.1	CP097141.1	26.172	512	546	22	529	212709	214178	6.96e-51	187
CDF87737.1	CP097141.1	24.816	544	546	29	546	426045	424477	2.60e-35	140
CDF87737.1	CP097140.1	27.593	540	546	1	536	67293	68843	2.30e-50	186
CDF87738.1	CP097135.1	74.074	648	649	10	646	857047	858990	0.0	995
CDF87738.1	CP097135.1	21.480	689	649	4	644	802828	800903	2.24e-11	65.9
CDF87738.1	CP097138.1	24.619	394	649	25	413	343488	342406	2.15e-14	75.9
CDF87739.1	CP097135.1	87.257	463	463	1	463	860618	859230	0.0	826
CDF87739.1	CP097147.1	41.892	444	463	25	463	97544	98827	4.25e-105	342
CDF87740.1	CP097135.1	54.620	368	376	19	376	860975	862069	8.10e-138	432
CDF87740.1	CP097135.1	29.050	179	376	92	260	383696	383250	3.72e-16	79.0
CDF87740.1	CP097146.1	35.294	323	376	64	369	346797	347735	1.75e-42	157
CDF87740.1	CP097146.1	25.329	304	376	86	375	169828	169019	1.28e-18	86.7
CDF87740.1	CP097147.1	25.200	250	376	97	335	514066	513416	1.45e-12	67.8
CDF87741.1	CP097143.1	80.515	272	271	1	270	615552	616367	2.62e-151	466
CDF87741.1	CP097146.1	35.521	259	271	7	253	787033	787800	5.20e-47	166
CDF87741.1	CP097141.1	31.016	187	271	1	185	564532	563978	1.15e-21	93.2
CDF87742.1	CP097135.1	31.486	451	598	180	597	863379	862198	4.10e-11	65.1
CDF87743.1	CP097143.1	51.987	302	290	1	285	615232	614327	9.81e-78	255
CDF87744.1	CP097143.1	70.286	875	870	1	870	608882	611506	0.0	1273
CDF87744.1	CP097143.1	28.481	316	870	573	864	730455	729532	2.35e-29	125
CDF87744.1	CP097145.1	29.286	280	870	615	866	144223	145035	2.36e-26	115
CDF87744.1	CP097133.1	26.877	253	870	601	807	44044	43298	1.33e-17	87.0
CDF87744.1	CP097141.1	25.623	281	870	576	804	558065	558889	1.60e-11	67.0
CDF87745.1	CP097135.1	53.938	584	624	43	620	866365	864662	0.0	599
CDF87745.1	CP097135.1	30.660	424	624	84	457	400550	401752	3.08e-42	163
CDF87745.1	CP097135.1	28.502	414	624	70	467	956530	955334	2.19e-40	157
CDF87745.1	CP097135.1	29.167	384	624	87	468	492046	493113	1.86e-36	145
CDF87745.1	CP097135.1	28.533	368	624	78	445	177831	176839	2.35e-27	117
CDF87745.1	CP097135.1	26.485	404	624	83	469	311458	312543	1.69e-26	114
CDF87745.1	CP097144.1	33.199	497	624	44	528	823727	822315	2.75e-57	208
CDF87745.1	CP097143.1	32.011	378	624	84	452	118193	119239	3.61e-47	178
CDF87745.1	CP097143.1	31.707	205	624	90	285	688488	687910	6.40e-19	90.5
CDF87745.1	CP097137.1	31.279	438	624	95	505	122391	121156	1.31e-44	170
CDF87745.1	CP097141.1	30.716	433	624	96	516	388578	389813	7.25e-44	168
CDF87745.1	CP097141.1	29.600	375	624	96	470	165160	164126	7.07e-25	109
CDF87746.1	CP097135.1	50.811	185	463	1	184	867222	867776	1.45e-52	189
CDF87746.1	CP097135.1	52.850	193	463	277	463	868251	868814	1.37e-51	187
CDF87747.1	CP097135.1	65.198	227	238	1	227	869622	868942	1.68e-102	324
CDF87748.1	CP097135.1	36.598	388	371	4	370	869863	871017	1.08e-66	227
CDF87749.1	CP097135.1	48.101	474	454	1	449	872595	871174	1.06e-143	452
CDF87750.1	CP097143.1	59.076	303	330	31	330	608601	607693	6.01e-119	376
CDF87751.1	CP097135.1	48.366	459	518	78	513	874259	872916	4.48e-121	390
CDF87751.1	CP097143.1	52.243	379	518	75	452	606294	607334	1.54e-113	369
CDF87752.1	CP097135.1	52.518	139	157	1	127	874939	875355	6.25e-33	121
CDF87753.1	CP097135.1	48.680	341	339	1	337	876575	875553	1.65e-111	355
CDF87754.1	CP097135.1	65.806	310	332	20	327	876810	877739	1.20e-140	438
CDF87755.1	CP097143.1	73.126	547	657	56	602	603695	605335	0.0	833
CDF87755.1	CP097146.1	67.244	577	657	64	640	429897	428203	0.0	808
CDF87755.1	CP097146.1	65.662	597	657	64	656	669955	668201	0.0	804
CDF87755.1	CP097140.1	30.533	488	657	87	566	386458	387915	5.04e-66	235
CDF87755.1	CP097133.1	26.866	536	657	87	608	261774	263375	8.70e-59	213
CDF87755.1	CP097133.1	30.140	501	657	77	567	131922	130447	1.76e-58	213
CDF87756.1	CP097135.1	46.585	732	683	1	671	877968	880088	1.13e-156	500
CDF87756.1	CP097144.1	40.625	128	683	352	477	728244	727861	1.65e-18	89.4
CDF87756.1	CP097146.1	36.290	124	683	352	474	876864	876493	3.42e-15	78.6
CDF87757.1	CP097143.1	74.734	657	646	1	645	601135	603102	0.0	1046
CDF87758.1	CP097135.1	39.769	694	798	5	673	880682	882727	2.22e-153	495
CDF87758.1	CP097143.1	34.735	547	798	36	572	600768	599173	3.12e-98	334
CDF87759.1	CP097135.1	78.788	66	639	560	625	883876	883679	1.32e-31	130
CDF87759.1	CP097135.1	46.927	179	639	335	497	884722	884207	8.71e-30	125
CDF87760.1	CP097143.1	59.477	459	443	1	440	598472	597114	0.0	561
CDF87761.1	CP097135.1	56.483	779	746	25	746	887024	889198	0.0	780
CDF87763.1	CP097135.1	65.488	707	718	1	699	891479	893590	0.0	972
CDF87764.1	CP097143.1	96.335	191	191	1	191	596140	595568	1.62e-124	385
CDF87764.1	CP097143.1	29.762	168	191	5	169	654275	653811	1.42e-14	69.7
CDF87764.1	CP097143.1	26.471	136	191	3	137	713084	712680	4.86e-13	65.5
CDF87764.1	CP097147.1	51.445	173	191	5	177	857488	858006	6.50e-57	191
CDF87764.1	CP097145.1	44.796	221	191	1	180	301623	300961	1.76e-54	184
CDF87764.1	CP097145.1	41.618	173	191	5	177	457563	458072	2.25e-38	138
CDF87764.1	CP097145.1	31.250	112	191	16	125	441479	441147	1.40e-12	63.9
CDF87764.1	CP097145.1	28.070	171	191	3	169	450875	451357	4.37e-12	62.8
CDF87764.1	CP097142.1	45.714	175	191	4	177	547863	548363	3.13e-45	158
CDF87764.1	CP097140.1	36.916	214	191	5	191	123746	124387	2.82e-39	140
CDF87765.1	CP097135.1	90.519	559	559	1	559	893984	895660	0.0	1041
CDF87765.1	CP097135.1	30.203	543	559	10	542	206075	207622	1.69e-63	224
CDF87765.1	CP097135.1	27.955	533	559	29	540	855094	856635	2.08e-53	195
CDF87765.1	CP097141.1	32.634	524	559	29	546	212709	214199	5.32e-81	276
CDF87765.1	CP097141.1	32.037	540	559	22	545	548446	549984	4.24e-71	247
CDF87765.1	CP097141.1	31.540	539	559	18	546	412084	413631	2.33e-70	245
CDF87765.1	CP097141.1	27.083	528	559	42	558	426027	424483	6.77e-43	164
CDF87765.1	CP097140.1	32.523	535	559	22	549	67335	68849	1.98e-71	248
CDF87766.1	CP097135.1	62.544	566	818	293	817	897562	899235	0.0	679
CDF87766.1	CP097143.1	57.195	549	818	337	818	592979	591375	0.0	577
CDF87767.1	CP097135.1	60.795	352	342	1	342	899625	900674	1.36e-140	438
CDF87767.1	CP097145.1	37.888	161	342	1	150	109439	109897	1.40e-22	97.8
CDF87768.1	CP097142.1	34.625	413	560	111	518	572962	574083	8.75e-61	217
CDF87769.1	CP097135.1	39.033	848	1223	383	1170	903320	905734	3.92e-164	541
CDF87769.1	CP097135.1	51.456	206	1223	1	201	902006	902602	2.61e-45	178
CDF87769.1	CP097141.1	60.317	63	1223	24	86	655309	655121	1.92e-19	94.0
CDF87769.1	CP097144.1	60.345	58	1223	26	83	99623	99796	7.83e-19	92.0
CDF87769.1	CP097136.1	48.750	80	1223	17	90	417865	417629	1.02e-11	68.6
CDF87769.1	CP097138.1	48.077	52	1223	30	81	617064	616909	6.96e-11	65.9
CDF87770.1	CP097135.1	33.629	1240	1131	83	1131	909959	906318	2.46e-169	554
CDF87771.1	CP097143.1	28.279	488	468	17	457	588606	587212	1.04e-41	157
CDF87772.1	CP097135.1	45.113	399	386	6	370	911747	910551	4.33e-100	324
CDF87772.1	CP097135.1	31.429	350	386	7	310	52675	53685	1.86e-49	178
CDF87772.1	CP097141.1	37.748	302	386	4	299	568988	568122	1.98e-58	204
CDF87772.1	CP097134.1	30.952	294	386	15	307	118079	117240	4.68e-39	147
CDF87772.1	CP097138.1	27.483	302	386	1	302	600138	600953	2.15e-33	130
CDF87772.1	CP097139.1	29.248	359	386	21	369	313427	312441	4.02e-33	130
CDF87773.1	CP097143.1	62.640	356	378	13	362	586031	587098	2.55e-159	494
CDF87774.1	CP097135.1	32.661	248	347	132	347	912977	912285	8.53e-17	80.5
CDF87775.1	CP097135.1	35.503	676	653	22	650	914139	916163	1.35e-124	406
CDF87776.1	CP097143.1	49.015	406	402	6	401	585502	584300	5.22e-131	414
CDF87776.1	CP097135.1	47.653	426	402	1	401	916801	918045	1.10e-117	375
CDF87777.1	CP097143.1	30.133	375	347	3	345	583087	584166	2.69e-43	158
CDF87778.1	CP097143.1	48.114	981	1076	176	1076	581604	578839	0.0	672
CDF87778.1	CP097135.1	43.200	125	1076	642	764	919720	920070	7.49e-19	91.7
CDF87779.1	CP097143.1	69.109	819	805	1	804	578374	575924	0.0	1181
CDF87779.1	CP097143.1	24.759	622	805	106	673	380068	381858	1.64e-27	119
CDF87779.1	CP097133.1	23.214	224	805	480	700	597038	596400	6.55e-19	91.3
CDF87779.1	CP097133.1	25.926	216	805	421	635	597038	596442	1.90e-15	79.7
CDF87779.1	CP097133.1	33.333	126	805	480	604	562677	563051	3.26e-11	65.9
CDF87779.1	CP097145.1	27.027	259	805	367	617	608566	609270	2.04e-17	86.3
CDF87779.1	CP097145.1	26.190	126	805	479	604	41508	41885	3.03e-12	69.3
CDF87779.1	CP097145.1	24.028	283	805	376	646	608461	609237	6.47e-11	65.1
CDF87779.1	CP097142.1	30.303	198	805	441	636	34186	33644	4.44e-17	85.1
CDF87779.1	CP097138.1	30.622	209	805	419	620	263697	264266	3.07e-16	82.4
CDF87780.1	CP097143.1	37.162	148	201	58	201	575387	574980	5.35e-21	89.0
CDF87781.1	CP097143.1	68.944	322	314	1	314	573428	574393	2.78e-120	379
CDF87782.1	CP097135.1	94.697	132	132	1	132	921460	921068	4.33e-76	243
CDF87782.1	CP097133.1	92.424	132	132	1	132	222476	222868	1.46e-74	239
CDF87783.1	CP097133.1	97.727	132	132	1	132	221780	221385	1.27e-80	256
CDF87783.1	CP097135.1	97.727	132	132	1	132	922278	922673	2.11e-80	255
CDF87783.1	CP097146.1	61.600	125	132	1	118	272570	272199	1.12e-33	122
CDF87784.1	CP097143.1	31.536	371	1132	7	289	570771	571823	1.80e-20	97.1
CDF87785.1	CP097135.1	48.352	91	761	407	497	926719	926991	7.47e-25	110
CDF87787.1	CP097135.1	63.133	632	612	1	611	930554	928680	0.0	747
CDF87788.1	CP097135.1	83.051	295	301	1	295	110708	109824	6.11e-171	523
CDF87788.1	CP097141.1	28.344	314	301	1	286	602192	603079	7.48e-18	82.8
CDF87788.1	CP097141.1	24.723	271	301	18	277	570538	569756	2.82e-11	62.8
CDF87788.1	CP097146.1	25.939	293	301	3	278	728070	728909	1.24e-15	76.3
CDF87789.1	CP097135.1	32.340	470	677	98	549	1492486	1493886	3.66e-72	254
CDF87789.1	CP097135.1	26.342	596	677	43	605	109297	107564	3.01e-62	224
CDF87789.1	CP097135.1	27.669	459	677	109	549	118039	119403	2.26e-47	179
CDF87789.1	CP097135.1	25.789	570	677	55	591	13530	11872	1.14e-41	162
CDF87789.1	CP097135.1	27.237	503	677	82	559	219636	221111	1.40e-41	162
CDF87789.1	CP097135.1	26.336	524	677	61	551	1145560	1144022	2.79e-37	149
CDF87789.1	CP097135.1	26.145	524	677	61	551	1150952	1149414	3.50e-36	145
CDF87789.1	CP097135.1	24.517	518	677	63	551	1154286	1152763	2.27e-34	139
CDF87789.1	CP097135.1	26.652	469	677	112	551	1429088	1427724	1.30e-30	128
CDF87789.1	CP097135.1	31.718	227	677	102	321	1233482	1232817	7.36e-17	84.0
CDF87789.1	CP097135.1	27.189	217	677	348	551	1232567	1231953	8.69e-11	64.3
CDF87789.1	CP097136.1	25.512	537	677	45	553	19451	17880	1.57e-43	168
CDF87789.1	CP097145.1	25.912	521	677	63	553	767290	768828	1.31e-42	165
CDF87789.1	CP097145.1	24.074	486	677	108	549	40636	39215	2.36e-30	127
CDF87789.1	CP097143.1	24.859	531	677	54	551	270294	271847	2.73e-40	158
CDF87789.1	CP097139.1	25.606	578	677	21	566	274320	272644	3.67e-39	154
CDF87789.1	CP097139.1	24.113	564	677	41	566	278104	276476	5.94e-37	147
CDF87789.1	CP097139.1	23.621	580	677	10	553	281938	280289	1.45e-35	143
CDF87790.1	CP097135.1	40.984	183	188	1	178	107222	106689	1.92e-33	124
CDF87791.1	CP097135.1	80.769	286	282	1	282	105717	106574	7.14e-162	496
CDF87792.1	CP097135.1	59.701	201	246	45	245	104736	105338	3.75e-79	258
CDF87793.1	CP097135.1	51.253	359	378	9	338	931623	932699	3.26e-106	341
CDF87794.1	CP097135.1	50.244	205	197	1	197	933658	933044	1.72e-66	219
CDF87795.1	CP097135.1	63.391	407	677	270	673	103467	102259	3.43e-173	547
CDF87795.1	CP097133.1	29.900	301	677	367	661	98569	97766	1.30e-24	108
CDF87796.1	CP097135.1	78.719	484	556	78	555	934391	935842	0.0	808
CDF87796.1	CP097135.1	29.134	381	556	134	497	568242	569330	5.86e-35	139
CDF87796.1	CP097144.1	24.825	286	556	134	404	832589	831795	1.75e-21	97.8
CDF87797.1	CP097135.1	53.282	259	406	37	288	937058	936306	1.31e-87	289
CDF87797.1	CP097135.1	33.610	241	406	16	253	100785	101489	9.96e-43	159
CDF87798.1	CP097135.1	73.104	699	696	1	691	937870	939948	0.0	1014
CDF87798.1	CP097138.1	26.504	698	696	11	615	488651	486654	2.19e-44	171
CDF87798.1	CP097143.1	27.815	453	696	32	457	728682	727393	2.68e-37	149
CDF87798.1	CP097141.1	27.602	442	696	42	455	63210	61948	2.28e-33	137
CDF87799.1	CP097135.1	67.601	321	329	5	325	99888	98926	6.08e-150	464
CDF87800.1	CP097135.1	53.165	553	557	1	553	940245	941864	0.0	621
CDF87801.1	CP097135.1	37.945	759	692	13	691	96368	98608	5.09e-131	426
CDF87802.1	CP097135.1	63.736	182	188	7	187	942525	941980	3.67e-74	240
CDF87803.1	CP097135.1	51.761	568	537	1	536	94404	96014	2.36e-166	521
CDF87804.1	CP097135.1	74.315	292	294	1	291	943355	944230	5.70e-150	463
CDF87805.1	CP097138.1	74.227	97	108	1	97	897341	897631	7.66e-47	158
CDF87806.1	CP097138.1	47.273	605	618	4	606	899622	897814	4.69e-171	539
CDF87807.1	CP097138.1	59.060	2042	2001	1	1999	899862	905897	0.0	2432
CDF87808.1	CP097135.1	74.956	571	578	8	577	90433	92130	0.0	853
CDF87808.1	CP097138.1	28.008	507	578	76	573	376731	375274	3.33e-41	159
CDF87809.1	CP097138.1	82.996	1088	1089	1	1088	907334	910585	0.0	1907
CDF87810.1	CP097138.1	70.916	251	273	17	267	911625	910873	4.95e-124	387
CDF87811.1	CP097139.1	63.902	205	214	1	205	378870	378256	1.94e-85	274
CDF87812.1	CP097139.1	89.071	183	183	1	183	379121	379669	2.65e-111	347
CDF87813.1	CP097139.1	48.263	259	718	473	717	380777	380049	8.11e-49	185
CDF87813.1	CP097138.1	48.108	185	718	542	717	912498	911944	1.18e-40	160
CDF87814.1	CP097141.1	82.705	584	583	1	582	470561	468810	0.0	1020
CDF87815.1	CP097138.1	36.496	274	261	3	257	914725	915516	6.59e-45	160
CDF87816.1	CP097138.1	56.399	461	445	1	445	917008	915665	1.11e-164	513
CDF87816.1	CP097137.1	25.065	387	445	16	344	170189	171283	3.69e-23	101
CDF87817.1	CP097138.1	51.122	624	616	35	616	920024	921811	0.0	596
CDF87817.1	CP097138.1	26.862	376	616	210	581	503463	502543	2.28e-33	135
CDF87817.1	CP097138.1	27.390	387	616	219	595	303815	304774	1.88e-32	133
CDF87818.1	CP097139.1	36.796	568	532	7	524	382870	384567	4.90e-120	388
CDF87818.1	CP097135.1	22.286	350	532	119	454	1400543	1399587	2.44e-14	75.1
CDF87819.1	CP097139.1	39.919	496	513	29	513	386324	384867	5.19e-123	395
CDF87820.1	CP097138.1	63.238	525	521	1	521	922215	923789	0.0	717
CDF87821.1	CP097138.1	61.732	358	561	1	351	925694	924651	4.09e-151	479
CDF87822.1	CP097138.1	48.684	76	77	3	70	926834	927055	9.58e-13	60.1
CDF87823.1	CP097138.1	84.262	305	307	1	304	928276	927365	2.07e-161	496
CDF87823.1	CP097138.1	56.432	241	307	54	293	743322	742600	5.79e-88	286
CDF87824.1	CP097138.1	61.504	226	226	2	225	928766	929443	4.23e-91	291
CDF87824.1	CP097135.1	28.634	227	226	6	223	993707	993048	2.55e-14	70.1
CDF87824.1	CP097140.1	32.857	140	226	66	205	136572	136895	3.11e-12	63.9
CDF87825.1	CP097138.1	50.978	920	1089	235	1089	932197	929477	0.0	846
CDF87825.1	CP097138.1	65.000	200	1089	1	198	933007	932408	1.63e-74	270
CDF87825.1	CP097147.1	25.459	381	1089	381	726	337407	336310	6.65e-12	68.9
CDF87826.1	CP097135.1	69.542	568	577	10	574	90439	92133	0.0	800
CDF87826.1	CP097138.1	26.036	507	577	71	574	376731	375259	1.09e-40	157
CDF87827.1	CP097139.1	37.214	481	1128	5	447	388571	390007	4.80e-91	322
CDF87827.1	CP097139.1	37.469	403	1128	732	1125	390683	391756	1.64e-60	227
CDF87828.1	CP097138.1	64.662	399	396	1	396	934696	935892	6.62e-165	511
CDF87829.1	CP097138.1	40.435	230	228	6	228	936844	936155	1.33e-59	201
CDF87831.1	CP097138.1	41.630	675	681	4	583	940436	938433	1.28e-140	454
CDF87833.1	CP097139.1	57.812	576	1233	1	567	402788	401190	0.0	672
CDF87833.1	CP097139.1	35.842	505	1233	759	1230	400751	399345	8.72e-74	270
CDF87833.1	CP097138.1	67.368	380	1233	108	482	943363	942224	7.42e-176	577
CDF87833.1	CP097138.1	26.431	367	1233	872	1230	941854	940847	3.14e-23	106
CDF87834.1	CP097139.1	34.719	409	356	1	322	403158	404351	4.63e-45	164
CDF87835.1	CP097138.1	30.263	304	267	2	261	944841	944008	3.02e-21	91.7
CDF87837.1	CP097138.1	77.291	982	985	4	980	948522	945580	0.0	1582
CDF87837.1	CP097144.1	52.426	845	985	145	972	646476	643993	0.0	887
CDF87838.1	CP097143.1	87.719	399	401	4	401	836292	835105	0.0	705
CDF87839.1	CP097143.1	41.627	209	204	1	202	837357	837935	2.17e-39	142
CDF87839.1	CP097138.1	40.299	201	204	1	197	583612	584157	7.19e-34	125
CDF87840.1	CP097138.1	35.740	277	228	15	224	588125	587295	1.72e-47	166
CDF87841.1	CP097138.1	65.077	650	634	1	631	588987	590912	0.0	844
CDF87842.1	CP097138.1	69.495	554	577	10	557	591743	593401	0.0	820
CDF87842.1	CP097139.1	28.489	523	577	22	530	16533	18053	8.61e-57	205
CDF87844.1	CP097143.1	56.402	906	885	9	875	838415	841006	0.0	942
CDF87844.1	CP097138.1	52.246	846	885	9	824	593978	596467	0.0	881
CDF87845.1	CP097143.1	87.137	482	482	1	482	841318	842763	0.0	890
CDF87846.1	CP097138.1	60.251	239	238	1	236	597794	597087	2.49e-95	303
CDF87847.1	CP097143.1	36.444	450	425	1	423	843160	844491	2.20e-67	231
CDF87848.1	CP097143.1	51.199	584	577	1	571	846172	844466	2.00e-169	532
CDF87848.1	CP097146.1	26.648	349	577	237	566	552080	551148	4.99e-24	106
CDF87850.1	CP097143.1	64.892	695	670	5	670	846989	849070	0.0	900
CDF87850.1	CP097143.1	29.123	285	670	383	666	312933	313754	1.76e-26	114
CDF87850.1	CP097143.1	27.358	318	670	383	665	351724	352545	1.18e-18	89.7
CDF87850.1	CP097143.1	24.771	327	670	382	667	626104	627042	6.67e-16	80.9
CDF87850.1	CP097141.1	42.177	294	670	377	664	255523	256317	3.65e-66	236
CDF87850.1	CP097141.1	26.389	288	670	383	665	115547	114801	2.55e-25	111
CDF87850.1	CP097141.1	31.416	226	670	457	665	189487	188834	1.78e-22	102
CDF87850.1	CP097141.1	25.769	260	670	383	640	159857	159183	5.58e-13	71.2
CDF87850.1	CP097145.1	31.268	339	670	364	665	676289	675369	1.24e-44	171
CDF87850.1	CP097145.1	33.333	291	670	382	662	71068	71883	6.02e-38	150
CDF87850.1	CP097145.1	23.875	289	670	383	610	334659	335420	1.78e-14	76.3
CDF87850.1	CP097145.1	34.337	166	670	457	610	57827	57345	5.60e-14	74.7
CDF87850.1	CP097145.1	29.944	177	670	439	609	295063	294545	9.45e-13	70.5
CDF87850.1	CP097134.1	30.421	309	670	377	665	242495	241665	1.52e-42	165
CDF87850.1	CP097134.1	27.273	330	670	342	665	78935	79828	3.46e-26	114
CDF87850.1	CP097134.1	29.612	206	670	416	608	129260	129865	6.62e-18	87.4
CDF87850.1	CP097132.1	31.818	286	670	383	667	156161	155430	3.86e-39	154
CDF87851.1	CP097138.1	55.901	322	312	1	312	598498	599433	4.86e-106	338
CDF87852.1	CP097138.1	47.952	415	731	297	707	600114	601337	1.49e-130	426
CDF87852.1	CP097139.1	33.489	427	731	301	699	313490	312336	2.20e-62	226
CDF87852.1	CP097134.1	37.847	288	731	300	576	118127	117273	2.77e-48	183
CDF87852.1	CP097143.1	35.556	315	731	295	579	755189	754248	1.72e-46	178
CDF87852.1	CP097141.1	34.768	302	731	302	579	568997	568122	2.19e-42	165
CDF87853.1	CP097143.1	55.046	218	217	4	217	850204	849551	8.18e-79	255
CDF87854.1	CP097138.1	79.221	308	307	1	307	602857	603780	2.24e-172	528
CDF87854.1	CP097135.1	24.460	278	307	51	298	1052304	1053113	8.30e-11	61.6
CDF87855.1	CP097138.1	73.855	1354	1353	1	1349	608258	604197	0.0	2131
CDF87856.1	CP097143.1	74.118	85	90	1	85	850514	850768	6.29e-31	112
CDF87857.1	CP097138.1	56.794	287	299	13	299	609486	608626	9.24e-105	333
CDF87858.1	CP097143.1	65.741	108	108	1	108	851115	851438	2.42e-48	162
CDF87859.1	CP097138.1	69.687	607	611	4	610	612135	610381	0.0	901
CDF87859.1	CP097138.1	22.653	490	611	128	592	987537	988865	4.77e-12	68.2
CDF87859.1	CP097132.1	39.866	597	611	8	598	9270	7573	2.26e-137	441
CDF87859.1	CP097134.1	31.206	423	611	137	545	171480	170254	2.98e-46	175
CDF87859.1	CP097135.1	26.087	368	611	135	496	599999	598944	1.15e-19	92.8
CDF87859.1	CP097135.1	26.087	368	611	135	496	583074	582019	1.15e-19	92.8
CDF87859.1	CP097140.1	21.856	485	611	137	601	16386	15001	7.55e-12	67.4
CDF87860.1	CP097141.1	91.538	130	130	1	130	79963	79574	8.38e-80	254
CDF87860.1	CP097143.1	96.512	86	130	45	130	854108	854365	2.09e-53	178
CDF87860.1	CP097143.1	76.000	50	130	1	50	853493	853642	4.63e-19	80.5
CDF87862.1	CP097139.1	39.091	440	483	83	435	41704	43014	4.56e-74	253
CDF87863.1	CP097143.1	74.043	836	832	1	819	58613	56124	0.0	1249
CDF87863.1	CP097143.1	36.885	610	832	172	777	911298	909658	1.47e-116	389
CDF87863.1	CP097143.1	35.621	306	832	519	812	911226	910366	1.79e-46	179
CDF87863.1	CP097143.1	37.589	282	832	195	474	910419	909634	1.41e-44	173
CDF87863.1	CP097135.1	39.234	627	832	200	812	244028	242316	7.28e-129	425
CDF87863.1	CP097135.1	39.068	279	832	518	796	244040	243252	5.59e-52	196
CDF87863.1	CP097135.1	38.431	255	832	517	767	1245939	1246673	2.83e-48	185
CDF87863.1	CP097135.1	37.456	283	832	196	476	243221	242388	3.47e-46	178
CDF87863.1	CP097135.1	41.958	143	832	517	656	443697	444125	1.26e-40	124
CDF87863.1	CP097135.1	36.264	91	832	656	746	444122	444382	1.26e-40	61.2
CDF87863.1	CP097135.1	34.322	236	832	195	426	1245939	1246631	1.16e-32	135
CDF87863.1	CP097135.1	37.241	145	832	189	330	443682	444110	7.84e-23	103
CDF87863.1	CP097135.1	27.835	194	832	180	370	1209669	1209142	5.79e-11	65.1
CDF87863.1	CP097145.1	30.237	549	832	293	808	21498	20050	1.55e-59	219
CDF87863.1	CP097145.1	33.229	319	832	195	510	20940	20077	6.07e-48	184
CDF87863.1	CP097142.1	34.085	355	832	495	812	72121	71069	3.21e-57	213
CDF87863.1	CP097142.1	36.806	288	832	468	746	175196	176047	1.97e-46	179
CDF87863.1	CP097142.1	33.829	269	832	196	453	72049	71258	8.17e-40	158
CDF87863.1	CP097142.1	35.193	233	832	195	425	175361	176047	1.64e-39	157
CDF87863.1	CP097138.1	31.942	479	832	196	650	1003421	1004776	8.52e-52	196
CDF87863.1	CP097138.1	36.268	284	832	518	796	1003421	1004224	2.01e-48	185
CDF87863.1	CP097138.1	41.026	234	832	516	746	420818	420129	3.96e-47	181
CDF87863.1	CP097138.1	36.765	272	832	485	746	546167	546967	2.17e-42	166
CDF87863.1	CP097138.1	37.607	234	832	195	425	420815	420129	6.70e-39	155
CDF87863.1	CP097138.1	36.638	232	832	196	425	546293	546967	5.60e-32	133
CDF87864.1	CP097139.1	38.079	302	273	8	270	44299	43403	2.26e-54	187
CDF87865.1	CP097138.1	32.839	472	695	239	695	349138	350541	1.03e-67	241
CDF87865.1	CP097138.1	33.511	188	695	29	158	347944	348507	5.16e-13	71.6
CDF87867.1	CP097138.1	84.858	317	325	8	324	355949	354999	0.0	563
CDF87867.1	CP097140.1	45.185	270	325	58	319	326336	327130	3.49e-72	241
CDF87868.1	CP097138.1	35.971	278	311	3	256	356274	357104	1.37e-51	181
CDF87869.1	CP097147.1	75.385	455	576	122	576	191554	190220	0.0	693
CDF87869.1	CP097144.1	39.407	236	576	368	571	30797	31498	5.65e-45	170
CDF87869.1	CP097144.1	27.982	218	576	155	340	30872	31504	2.11e-18	88.2
CDF87870.1	CP097147.1	42.748	131	203	1	118	189693	189301	2.18e-23	95.9
CDF87872.1	CP097147.1	69.118	408	422	3	410	185690	186901	0.0	603
CDF87872.1	CP097141.1	44.495	218	422	138	345	520740	520105	4.78e-48	175
CDF87872.1	CP097136.1	41.284	218	422	138	343	72740	73369	2.00e-46	170
CDF87873.1	CP097138.1	87.313	134	138	5	138	359744	359346	2.92e-78	249
CDF87874.1	CP097138.1	63.807	373	652	294	648	361205	362317	1.09e-134	435
CDF87874.1	CP097138.1	51.916	287	652	3	287	360158	361018	2.02e-85	292
CDF87875.1	CP097138.1	55.970	268	275	13	275	362607	363407	1.41e-98	315
CDF87876.1	CP097138.1	59.413	579	618	40	618	365235	363589	0.0	709
CDF87876.1	CP097147.1	50.000	614	618	10	618	183453	185246	0.0	610
CDF87877.1	CP097138.1	52.868	802	780	1	780	366030	368387	0.0	828
CDF87878.1	CP097147.1	69.767	43	65	1	43	182779	182651	3.81e-17	71.6
CDF87880.1	CP097138.1	53.533	368	369	1	364	368796	369842	1.47e-116	371
CDF87880.1	CP097147.1	41.623	382	369	1	369	178939	177860	6.50e-85	280
CDF87881.1	CP097138.1	36.184	152	372	1	149	370346	370798	4.01e-20	91.3
CDF87883.1	CP097138.1	73.554	121	127	1	121	371608	371970	9.43e-60	196
CDF87884.1	CP097147.1	46.515	617	556	1	556	173537	175372	2.74e-177	554
CDF87885.1	CP097147.1	60.501	919	946	1	905	170483	173167	0.0	1065
CDF87886.1	CP097138.1	50.485	206	189	12	189	372464	373060	2.33e-57	192
CDF87887.1	CP097147.1	68.670	233	257	34	257	169424	170122	2.06e-102	325
CDF87888.1	CP097138.1	81.696	448	543	96	543	374603	373263	0.0	775
CDF87888.1	CP097138.1	35.000	380	543	151	522	190242	191363	2.84e-54	197
CDF87888.1	CP097138.1	23.410	393	543	175	498	395683	394511	5.39e-19	90.1
CDF87888.1	CP097146.1	42.895	380	543	147	510	693113	694231	2.21e-83	282
CDF87888.1	CP097146.1	32.373	451	543	60	486	384506	383238	7.68e-45	169
CDF87888.1	CP097147.1	41.058	397	543	131	509	319732	318563	5.03e-82	278
CDF87888.1	CP097145.1	40.896	357	543	96	445	414857	415903	5.75e-74	254
CDF87888.1	CP097145.1	25.937	347	543	170	483	690891	691922	2.40e-27	116
CDF87888.1	CP097145.1	52.174	69	543	444	512	416885	417091	4.68e-16	80.5
CDF87888.1	CP097139.1	36.288	361	543	134	490	214293	213241	2.49e-67	235
CDF87888.1	CP097139.1	34.286	350	543	150	487	427835	428860	4.94e-47	176
CDF87889.1	CP097138.1	69.573	562	563	2	560	376863	375199	0.0	756
CDF87889.1	CP097145.1	35.337	549	563	15	501	727851	726235	6.23e-94	313
CDF87889.1	CP097135.1	27.579	475	563	47	502	90616	92004	1.34e-39	154
CDF87889.1	CP097142.1	26.306	555	563	33	561	122444	120801	6.08e-39	152
CDF87890.1	CP097138.1	83.254	209	244	36	244	377935	377309	1.61e-117	367
CDF87890.1	CP097147.1	82.775	209	244	36	244	168334	168960	4.43e-117	366
CDF87890.1	CP097145.1	42.262	168	244	78	237	615045	614542	3.44e-35	131
CDF87891.1	CP097147.1	62.658	158	265	16	173	166968	166495	2.32e-63	213
CDF87892.1	CP097138.1	28.831	385	342	11	339	381027	379891	2.30e-35	135
CDF87893.1	CP097138.1	49.005	402	538	11	314	381786	382988	1.97e-106	349
CDF87893.1	CP097139.1	33.333	144	538	104	240	498585	498998	2.69e-16	81.3
CDF87893.1	CP097146.1	42.157	102	538	80	181	556442	556714	3.11e-14	74.7
CDF87893.1	CP097141.1	30.000	130	538	103	229	696930	697289	3.32e-11	65.1
CDF87896.1	CP097138.1	94.262	122	122	1	122	387791	387426	3.96e-76	243
CDF87897.1	CP097138.1	56.250	192	176	2	176	388057	388632	1.47e-51	175
CDF87898.1	CP097147.1	88.146	329	359	31	359	160670	161656	0.0	622
CDF87898.1	CP097147.1	35.316	269	359	45	309	151556	150765	1.91e-44	162
CDF87898.1	CP097147.1	28.691	359	359	25	332	735656	736687	4.21e-44	161
CDF87898.1	CP097147.1	28.475	295	359	31	303	257563	256718	1.01e-35	137
CDF87898.1	CP097147.1	31.502	273	359	54	303	279846	279043	1.88e-35	136
CDF87898.1	CP097147.1	33.462	260	359	48	303	262228	262971	2.82e-34	132
CDF87898.1	CP097147.1	32.039	206	359	48	244	282318	281710	2.71e-26	109
CDF87898.1	CP097147.1	24.290	317	359	45	305	480193	479303	6.30e-17	81.3
CDF87898.1	CP097147.1	24.138	319	359	49	306	653965	654873	6.72e-15	75.1
CDF87898.1	CP097147.1	22.455	334	359	55	321	848312	847365	9.56e-12	65.1
CDF87898.1	CP097147.1	25.989	177	359	87	243	489150	488626	1.64e-11	64.3
CDF87898.1	CP097141.1	71.429	350	359	10	359	115676	114633	1.13e-175	540
CDF87898.1	CP097141.1	32.800	250	359	40	278	255496	256236	1.23e-33	130
CDF87898.1	CP097141.1	29.085	306	359	37	311	189661	188780	3.67e-20	90.9
CDF87898.1	CP097141.1	28.511	235	359	47	271	159881	159192	2.81e-19	88.2
CDF87898.1	CP097141.1	26.214	206	359	49	240	82592	81975	1.20e-14	74.3
CDF87898.1	CP097141.1	23.256	258	359	53	268	538969	539706	2.98e-12	66.6
CDF87898.1	CP097141.1	25.185	270	359	49	258	226247	227032	4.10e-12	66.2
CDF87898.1	CP097141.1	28.313	166	359	107	240	112321	111827	1.63e-11	64.3
CDF87898.1	CP097142.1	75.625	320	359	40	359	135773	134814	1.68e-171	528
CDF87898.1	CP097142.1	45.238	294	359	45	335	206957	207829	6.03e-77	256
CDF87898.1	CP097142.1	29.642	307	359	36	303	249342	250247	3.55e-41	153
CDF87898.1	CP097142.1	24.621	264	359	12	258	183965	184687	7.97e-18	84.0
CDF87898.1	CP097142.1	25.100	251	359	52	244	222546	221794	3.92e-17	81.6
CDF87898.1	CP097142.1	24.444	225	359	55	241	132513	131842	1.14e-14	74.3
CDF87898.1	CP097142.1	25.957	235	359	99	288	348227	347571	2.19e-13	70.1
CDF87898.1	CP097142.1	24.138	261	359	97	304	151010	150267	5.03e-12	66.2
CDF87898.1	CP097142.1	24.380	242	359	53	252	69883	69188	8.07e-12	65.5
CDF87898.1	CP097144.1	41.141	333	359	40	358	445623	444634	1.29e-74	249
CDF87898.1	CP097144.1	31.034	261	359	9	264	254043	253279	8.50e-35	134
CDF87898.1	CP097144.1	27.907	301	359	18	256	824807	825700	6.16e-22	96.3
CDF87898.1	CP097144.1	27.885	208	359	49	240	517861	518454	1.98e-11	64.3
CDF87898.1	CP097139.1	43.854	301	359	41	335	496168	497064	9.45e-73	244
CDF87898.1	CP097139.1	30.337	267	359	9	265	302030	302785	1.18e-30	122
CDF87898.1	CP097139.1	30.049	203	359	52	251	79936	79340	1.72e-26	109
CDF87898.1	CP097139.1	21.849	238	359	47	258	154510	153830	5.46e-15	75.1
CDF87898.1	CP097139.1	27.612	134	359	123	244	256582	256184	7.16e-11	62.4
CDF87899.1	CP097147.1	76.096	502	481	1	481	158536	160017	0.0	738
CDF87899.1	CP097145.1	53.925	293	481	5	293	346059	345187	5.85e-97	319
CDF87899.1	CP097139.1	53.242	293	481	5	293	359611	358739	2.11e-96	317
CDF87899.1	CP097136.1	47.853	326	481	5	293	401374	402351	1.56e-87	292
CDF87899.1	CP097141.1	25.792	221	481	12	219	255532	256158	7.88e-13	69.7
CDF87901.1	CP097138.1	55.319	376	379	4	373	389064	390185	2.08e-139	437
CDF87902.1	CP097147.1	60.125	321	315	1	315	157857	156895	1.33e-133	417
CDF87903.1	CP097138.1	48.333	660	580	7	580	390603	392543	5.12e-141	451
CDF87904.1	CP097138.1	60.624	513	538	20	531	394286	392757	0.0	637
CDF87906.1	CP097147.1	63.728	794	834	50	799	154181	156538	0.0	1032
CDF87907.1	CP097147.1	42.393	585	574	4	572	152114	153847	5.21e-145	462
CDF87907.1	CP097139.1	28.759	532	574	11	511	12006	13490	1.45e-40	157
CDF87909.1	CP097133.1	38.339	313	279	4	245	349748	348819	2.32e-56	194
CDF87911.1	CP097135.1	78.797	316	314	5	312	537953	538900	2.69e-175	536
CDF87912.1	CP097135.1	86.364	110	110	1	110	539588	539259	2.03e-65	211
CDF87913.1	CP097138.1	41.270	567	484	1	484	805728	807407	1.33e-118	382
CDF87914.1	CP097138.1	66.087	115	125	11	125	808026	808367	1.73e-44	152
CDF87916.1	CP097141.1	43.820	267	1165	907	1165	404304	403504	7.81e-70	256
CDF87916.1	CP097141.1	42.512	207	1165	1	193	406910	406296	3.71e-56	136
CDF87916.1	CP097141.1	34.035	285	1165	221	476	406218	405415	3.71e-56	101
CDF87917.1	CP097138.1	53.117	401	400	3	394	811098	809923	3.48e-139	437
CDF87917.1	CP097135.1	34.737	380	400	11	378	394483	393491	7.97e-58	202
CDF87917.1	CP097146.1	32.668	401	400	4	395	172780	171698	1.02e-53	191
CDF87918.1	CP097141.1	33.937	221	329	78	277	402707	402045	5.21e-37	139
CDF87919.1	CP097138.1	51.852	81	91	1	81	811878	811636	1.69e-16	71.2
CDF87920.1	CP097135.1	50.360	556	506	5	506	1055259	1056875	1.03e-144	458
CDF87921.1	CP097139.1	39.612	361	330	2	330	162220	161189	9.86e-62	211
CDF87922.1	CP097135.1	77.197	421	416	2	415	1058420	1057158	0.0	686
CDF87922.1	CP097139.1	65.877	422	416	1	416	159773	161038	0.0	584
CDF87923.1	CP097135.1	62.051	1365	1339	1	1338	1058999	1063060	0.0	1800
CDF87924.1	CP097135.1	67.157	204	215	15	215	1063423	1064034	9.44e-88	281
CDF87926.1	CP097135.1	44.740	903	810	3	810	1067036	1064379	0.0	707
CDF87926.1	CP097139.1	25.189	925	810	3	810	203331	200683	1.81e-52	197
CDF87927.1	CP097135.1	66.038	212	208	7	208	1068165	1067530	1.03e-88	283
CDF87927.1	CP097135.1	56.442	163	208	27	189	787622	787140	8.44e-55	186
CDF87927.1	CP097139.1	57.576	198	208	1	188	204340	203747	1.15e-74	243
CDF87927.1	CP097144.1	54.545	165	208	25	189	105748	106236	6.08e-49	169
CDF87927.1	CP097143.1	47.668	193	208	28	201	569801	569223	2.66e-48	167
CDF87927.1	CP097141.1	38.636	220	208	16	204	483916	484554	3.26e-31	118
CDF87928.1	CP097139.1	51.515	297	263	3	263	205372	204497	1.23e-84	274
CDF87929.1	CP097139.1	51.163	129	123	1	121	205605	205991	5.18e-40	139
CDF87930.1	CP097135.1	52.083	192	190	13	183	1068983	1068408	7.61e-62	205
CDF87931.1	CP097135.1	63.115	366	399	54	399	1070482	1069385	1.07e-155	484
CDF87932.1	CP097135.1	33.283	664	660	22	641	1071530	1073497	2.39e-101	339
CDF87932.1	CP097135.1	27.009	585	660	118	660	296321	298018	1.89e-42	164
CDF87932.1	CP097135.1	24.460	695	660	20	660	293141	295180	4.43e-40	157
CDF87932.1	CP097132.1	26.387	595	660	115	658	95134	93419	8.15e-27	115
CDF87932.1	CP097146.1	25.595	504	660	190	659	886028	887488	2.87e-26	114
CDF87932.1	CP097138.1	24.490	392	660	115	471	873132	874250	7.46e-14	73.9
CDF87932.1	CP097141.1	22.622	473	660	194	640	692630	691242	1.58e-12	69.7
CDF87933.1	CP097135.1	72.857	140	144	1	140	1074096	1073677	1.15e-58	194
CDF87934.1	CP097139.1	46.012	163	157	4	155	206261	206749	3.54e-37	133
CDF87935.1	CP097135.1	34.426	366	368	4	318	1075800	1074715	3.78e-43	159
CDF87935.1	CP097139.1	32.370	346	368	4	325	207943	207044	1.96e-26	110
CDF87936.1	CP097139.1	64.138	290	280	1	275	209257	208388	9.56e-111	350
CDF87937.1	CP097135.1	50.093	537	949	471	917	1078347	1076764	7.04e-156	508
CDF87938.1	CP097139.1	59.030	371	371	1	368	210668	209556	5.11e-150	467
CDF87939.1	CP097139.1	73.247	542	542	1	542	212640	211027	0.0	824
CDF87939.1	CP097136.1	29.978	457	542	3	455	361125	362456	4.01e-58	208
CDF87939.1	CP097136.1	25.967	543	542	5	534	90934	92388	1.35e-33	135
CDF87939.1	CP097143.1	30.652	460	542	3	455	83157	81829	5.09e-57	205
CDF87939.1	CP097143.1	25.726	482	542	1	458	856678	858054	1.03e-34	138
CDF87939.1	CP097132.1	30.435	460	542	3	455	128461	127133	1.87e-56	203
CDF87939.1	CP097141.1	29.847	459	542	5	457	386044	387366	3.06e-56	202
CDF87939.1	CP097141.1	27.137	468	542	5	458	514388	513069	4.05e-35	140
CDF87940.1	CP097135.1	64.929	633	622	1	604	1080686	1082581	0.0	822
CDF87941.1	CP097139.1	78.812	505	496	1	495	214542	213037	0.0	808
CDF87941.1	CP097139.1	42.233	412	496	75	471	427775	429007	5.66e-88	294
CDF87941.1	CP097143.1	39.674	368	496	66	422	118142	119236	2.53e-76	260
CDF87941.1	CP097143.1	31.905	420	496	70	420	688536	687295	5.44e-46	171
CDF87941.1	CP097144.1	37.592	407	496	35	428	823760	822543	7.84e-74	253
CDF87941.1	CP097146.1	36.272	397	496	57	435	693008	694195	2.99e-71	245
CDF87941.1	CP097146.1	33.570	423	496	16	420	384455	383247	1.99e-51	187
CDF87941.1	CP097147.1	35.903	454	496	51	480	319792	318455	4.01e-69	239
CDF87942.1	CP097139.1	66.106	416	424	1	388	214836	216080	3.25e-176	545
CDF87942.1	CP097135.1	66.106	416	424	1	387	1083202	1084446	3.65e-176	545
CDF87943.1	CP097135.1	43.878	294	283	1	283	1085700	1084843	9.16e-80	261
CDF87944.1	CP097135.1	46.609	693	648	1	645	1088131	1086083	2.82e-180	566
CDF87945.1	CP097139.1	36.299	281	266	2	264	216471	217307	1.85e-58	199
CDF87946.1	CP097135.1	43.369	279	275	1	272	1089206	1088373	1.24e-70	234
CDF87947.1	CP097139.1	82.292	384	387	1	384	217634	218785	0.0	689
CDF87948.1	CP097135.1	62.000	450	446	1	436	1089413	1090717	0.0	572
CDF87949.1	CP097139.1	76.087	368	359	1	359	220159	219083	0.0	566
CDF87950.1	CP097139.1	62.124	499	484	1	481	220382	221878	0.0	627
CDF87951.1	CP097139.1	40.237	169	192	22	185	222589	223080	4.98e-35	129
CDF87952.1	CP097142.1	63.218	174	171	2	171	307543	308064	1.18e-69	227
CDF87953.1	CP097144.1	43.069	202	204	1	200	350775	351380	1.40e-45	159
CDF87954.1	CP097144.1	48.613	757	778	32	760	353818	351596	0.0	677
CDF87954.1	CP097142.1	44.935	770	778	32	777	299849	302098	0.0	645
CDF87955.1	CP097144.1	65.625	896	877	1	877	354490	357159	0.0	1210
CDF87955.1	CP097146.1	47.587	891	877	4	873	800273	797817	0.0	803
CDF87956.1	CP097142.1	47.002	834	896	1	825	296655	299102	0.0	766
CDF87956.1	CP097136.1	23.946	664	896	21	669	361122	362888	7.70e-35	143
CDF87956.1	CP097136.1	24.632	544	896	23	556	90931	92439	1.94e-21	99.8
CDF87956.1	CP097143.1	25.045	555	896	20	563	83163	81619	1.43e-34	142
CDF87956.1	CP097143.1	25.603	539	896	24	548	856690	858210	1.39e-23	106
CDF87956.1	CP097132.1	24.729	554	896	21	563	128464	126923	6.48e-34	140
CDF87956.1	CP097133.1	24.957	581	896	9	563	78462	76855	8.81e-34	139
CDF87956.1	CP097133.1	27.244	312	896	174	474	555695	554817	1.67e-21	99.8
CDF87957.1	CP097142.1	32.030	537	502	6	498	296412	294859	3.25e-58	207
CDF87958.1	CP097133.1	74.667	300	299	2	299	155900	155004	1.10e-149	462
CDF87958.1	CP097133.1	72.667	300	299	2	299	396095	396991	4.57e-147	455
CDF87958.1	CP097133.1	25.249	301	299	4	293	764220	763357	4.87e-13	68.2
CDF87958.1	CP097133.1	22.857	315	299	4	295	587955	588836	1.83e-11	63.5
CDF87958.1	CP097144.1	75.000	296	299	2	295	359407	358520	1.46e-147	456
CDF87958.1	CP097147.1	29.333	300	299	1	282	571553	570672	3.24e-30	119
CDF87958.1	CP097147.1	23.427	286	299	4	281	589331	588513	4.12e-18	83.6
CDF87958.1	CP097147.1	21.254	287	299	5	283	293391	292552	1.62e-16	78.6
CDF87958.1	CP097139.1	25.325	308	299	10	275	92795	93691	1.97e-21	93.2
CDF87958.1	CP097136.1	27.208	283	299	12	282	141019	141840	8.31e-19	85.5
CDF87958.1	CP097136.1	28.804	184	299	116	291	141016	141558	9.80e-14	70.5
CDF87959.1	CP097144.1	62.736	636	646	2	635	360019	361902	0.0	832
CDF87959.1	CP097137.1	46.795	624	646	9	614	31121	32956	8.33e-179	562
CDF87959.1	CP097135.1	27.190	548	646	36	512	1445382	1443829	7.36e-42	162
CDF87960.1	CP097142.1	61.486	444	438	12	438	294479	293184	2.24e-167	520
CDF87961.1	CP097142.1	61.995	371	395	20	390	291735	292844	9.80e-147	459
CDF87962.1	CP097144.1	40.741	324	310	7	310	363679	362711	6.98e-72	239
CDF87963.1	CP097144.1	64.286	672	651	1	649	363930	365939	0.0	903
CDF87964.1	CP097144.1	76.417	441	436	1	436	367553	366231	0.0	692
CDF87965.1	CP097135.1	67.358	530	598	4	530	1492435	1494024	0.0	768
CDF87965.1	CP097135.1	29.921	508	598	20	502	13410	11953	2.79e-51	189
CDF87965.1	CP097135.1	29.207	517	598	33	531	1145398	1143932	4.53e-47	177
CDF87965.1	CP097135.1	29.167	504	598	33	521	1154139	1152676	1.57e-46	175
CDF87965.1	CP097135.1	29.014	517	598	33	531	1150790	1149324	4.54e-46	174
CDF87965.1	CP097135.1	28.753	473	598	33	494	118045	119433	2.27e-45	172
CDF87965.1	CP097135.1	29.487	468	598	33	487	219723	221093	1.38e-42	163
CDF87965.1	CP097135.1	25.208	480	598	29	484	1429106	1427730	9.92e-29	121
CDF87965.1	CP097135.1	24.528	530	598	34	499	1233446	1231917	6.14e-26	112
CDF87965.1	CP097135.1	23.404	470	598	26	481	109156	107816	6.45e-24	106
CDF87965.1	CP097135.1	23.355	471	598	42	484	6526	7872	4.86e-14	74.3
CDF87965.1	CP097145.1	29.423	537	598	20	531	767401	768915	4.28e-54	198
CDF87965.1	CP097145.1	27.235	481	598	33	484	40630	39215	1.12e-39	154
CDF87965.1	CP097136.1	29.609	537	598	20	531	19307	17793	4.74e-54	198
CDF87965.1	CP097143.1	29.735	491	598	32	502	270468	271883	2.73e-51	189
CDF87965.1	CP097144.1	31.288	489	598	33	503	271306	272721	6.45e-50	186
CDF87966.1	CP097135.1	63.585	530	659	100	629	1492450	1494039	0.0	729
CDF87966.1	CP097135.1	28.222	613	659	1	596	13566	11953	7.10e-53	196
CDF87966.1	CP097135.1	28.834	489	659	126	596	1145401	1143986	3.01e-46	176
CDF87966.1	CP097135.1	28.630	489	659	126	596	1150793	1149378	3.69e-45	172
CDF87966.1	CP097135.1	25.285	526	659	121	634	118030	119562	4.27e-43	166
CDF87966.1	CP097135.1	27.475	495	659	117	596	1154160	1152727	5.74e-42	163
CDF87966.1	CP097135.1	27.197	478	659	130	581	219738	221093	7.65e-40	156
CDF87966.1	CP097135.1	26.305	479	659	125	578	1429091	1427730	4.57e-34	138
CDF87966.1	CP097135.1	23.044	473	659	117	575	109156	107816	3.42e-20	94.7
CDF87966.1	CP097135.1	23.355	471	659	133	578	6526	7872	6.52e-20	93.6
CDF87966.1	CP097135.1	27.347	245	659	125	362	1233446	1232769	2.63e-16	82.0
CDF87966.1	CP097145.1	29.131	587	659	30	596	767260	768858	2.56e-56	206
CDF87966.1	CP097145.1	24.394	578	659	46	585	40903	39194	3.31e-37	148
CDF87966.1	CP097136.1	30.074	542	659	75	596	19382	17850	3.26e-56	206
CDF87966.1	CP097143.1	28.729	543	659	70	596	270315	271883	1.44e-52	195
CDF87966.1	CP097144.1	28.302	530	659	86	597	271228	272721	1.54e-49	186
CDF87967.1	CP097142.1	56.193	662	683	39	682	289307	291217	0.0	758
CDF87967.1	CP097142.1	35.312	674	683	40	682	600387	602264	1.07e-108	361
CDF87967.1	CP097138.1	38.973	662	683	40	682	296926	295049	1.32e-134	436
CDF87967.1	CP097136.1	36.141	653	683	39	682	176823	178652	3.71e-128	417
CDF87967.1	CP097145.1	37.009	662	683	40	673	640897	639029	4.75e-120	394
CDF87967.1	CP097143.1	29.680	593	683	40	567	951324	953030	2.16e-65	234
CDF87968.1	CP097144.1	42.918	233	229	11	229	368282	368968	3.02e-47	165
CDF87968.1	CP097146.1	30.588	170	229	14	173	257548	258039	2.28e-12	64.7
CDF87969.1	CP097144.1	34.320	507	509	8	504	370900	372381	1.46e-93	310
CDF87970.1	CP097142.1	31.797	651	660	15	641	286894	288759	4.59e-87	297
CDF87970.1	CP097133.1	27.536	414	660	70	442	94135	95289	3.35e-34	139
CDF87970.1	CP097147.1	25.526	333	660	69	358	252776	251787	4.88e-26	113
CDF87970.1	CP097147.1	26.611	357	660	20	357	798027	799028	1.03e-20	96.3
CDF87970.1	CP097138.1	26.299	308	660	69	371	93327	94220	7.26e-25	109
CDF87970.1	CP097136.1	28.533	368	660	184	523	34835	33810	5.16e-19	90.9
CDF87970.1	CP097136.1	28.704	108	660	69	168	35507	35193	1.51e-11	66.6
CDF87971.1	CP097142.1	78.827	392	392	1	392	285255	286430	0.0	666
CDF87972.1	CP097147.1	57.831	415	409	1	409	451647	452891	9.17e-154	479
CDF87972.1	CP097142.1	59.538	346	409	69	409	283642	284679	1.06e-128	407
CDF87972.1	CP097138.1	36.232	207	409	13	215	878326	877706	2.80e-36	140
CDF87973.1	CP097142.1	55.120	459	447	1	441	282556	281285	7.61e-123	392
CDF87974.1	CP097144.1	35.138	905	879	11	877	372754	375393	6.69e-157	508
CDF87975.1	CP097144.1	40.000	435	413	1	413	376747	375500	4.88e-79	265
CDF87976.1	CP097144.1	49.537	432	399	1	390	377476	378729	2.80e-115	369
CDF87977.1	CP097142.1	58.879	107	109	7	109	280751	281065	5.44e-39	136
CDF87978.1	CP097142.1	79.154	331	333	1	330	279351	280343	2.90e-168	517
CDF87978.1	CP097135.1	48.387	341	333	15	330	322414	321398	2.73e-81	268
CDF87978.1	CP097146.1	41.274	361	333	19	330	57306	56239	2.73e-65	221
CDF87979.1	CP097142.1	60.317	126	127	1	123	278509	278883	2.66e-44	152
CDF87980.1	CP097139.1	74.843	477	466	1	466	98787	97372	0.0	726
CDF87980.1	CP097136.1	41.702	235	466	234	466	192350	193051	5.73e-56	199
CDF87980.1	CP097136.1	42.268	97	466	3	98	191954	192241	5.71e-12	67.0
CDF87981.1	CP097142.1	61.574	216	260	59	260	278067	277420	2.11e-86	279
CDF87981.1	CP097132.1	35.294	187	260	98	258	56365	55811	8.00e-22	93.2
CDF87982.1	CP097139.1	80.000	95	95	1	95	99770	99492	2.28e-48	162
CDF87983.1	CP097142.1	69.286	280	452	130	401	276212	277036	4.07e-126	402
CDF87983.1	CP097142.1	38.710	248	452	178	385	576821	576102	1.48e-53	192
CDF87983.1	CP097146.1	51.145	131	452	256	385	397177	396785	1.46e-42	160
CDF87983.1	CP097146.1	41.772	79	452	175	253	397675	397460	9.22e-12	66.2
CDF87985.1	CP097142.1	38.988	336	384	4	330	421351	420395	1.14e-64	222
CDF87985.1	CP097140.1	28.954	373	384	4	359	375020	376063	1.08e-25	108
CDF87986.1	CP097140.1	75.449	167	167	1	167	376456	376956	1.44e-84	269
CDF87987.1	CP097142.1	50.853	586	567	5	567	418454	420199	0.0	577
CDF87988.1	CP097142.1	92.982	171	171	1	171	418164	417652	8.74e-105	327
CDF87989.1	CP097140.1	63.556	568	1032	299	855	378201	379898	0.0	752
CDF87989.1	CP097140.1	36.517	178	1032	29	201	377622	378092	6.36e-19	91.7
CDF87990.1	CP097140.1	31.707	205	225	24	225	381093	380551	2.81e-15	73.2
CDF87991.1	CP097142.1	36.680	1783	1681	9	1679	417036	411769	0.0	1074
CDF87992.1	CP097142.1	53.530	779	826	158	823	409301	411616	0.0	783
CDF87992.1	CP097142.1	47.222	108	826	29	129	408731	409051	2.28e-23	105
CDF87992.1	CP097135.1	23.125	320	826	328	646	605834	604938	4.05e-11	65.9
CDF87992.1	CP097135.1	23.125	320	826	328	646	588907	588011	4.05e-11	65.9
CDF87993.1	CP097142.1	72.989	174	174	1	174	408127	407606	4.62e-86	274
CDF87994.1	CP097147.1	65.583	369	369	1	369	901469	902575	4.44e-158	490
CDF87996.1	CP097140.1	70.513	234	274	41	274	402223	401522	1.38e-103	329
CDF87997.1	CP097141.1	57.277	639	663	15	630	20433	18628	0.0	611
CDF87997.1	CP097143.1	30.000	320	663	331	612	35848	36798	4.61e-38	151
CDF87998.1	CP097141.1	85.787	591	591	1	591	21109	22881	0.0	1031
CDF87998.1	CP097144.1	44.444	603	591	1	588	128139	129887	1.12e-147	470
CDF87999.1	CP097147.1	51.597	595	627	40	627	17265	15514	0.0	619
CDF87999.1	CP097146.1	51.597	595	627	40	627	1037520	1039271	0.0	619
CDF87999.1	CP097144.1	52.403	437	627	40	470	899155	900432	1.70e-165	446
CDF87999.1	CP097144.1	49.650	143	627	486	627	900416	900844	1.70e-165	155
CDF88000.1	CP097147.1	62.059	340	338	1	335	375887	376900	7.26e-144	447
CDF88000.1	CP097141.1	30.841	321	338	18	329	13088	12165	3.95e-34	131
CDF88000.1	CP097141.1	31.722	331	338	11	329	719775	720719	8.79e-33	127
CDF88000.1	CP097145.1	30.395	329	338	11	329	17663	16719	1.18e-33	130
CDF88000.1	CP097135.1	30.699	329	338	11	329	18841	17897	1.20e-32	127
CDF88000.1	CP097134.1	28.909	339	338	2	329	312995	313972	5.85e-30	119
CDF88001.1	CP097134.1	47.783	699	822	1	687	310043	312118	0.0	604
CDF88001.1	CP097134.1	45.522	134	822	687	819	312117	312518	0.0	121
CDF88001.1	CP097143.1	30.202	841	822	2	814	20432	17940	1.79e-117	392
CDF88002.1	CP097146.1	64.052	153	150	1	150	1022949	1023407	4.16e-34	124
CDF88008.1	CP097143.1	61.497	374	406	30	403	12125	11004	1.70e-161	501
CDF88009.1	CP097139.1	36.765	340	319	1	319	364684	363719	7.23e-47	168
CDF88009.1	CP097145.1	37.762	286	319	41	319	337750	338598	7.64e-44	159
CDF88012.1	CP097138.1	47.860	514	519	2	504	869306	867777	3.49e-153	483
CDF88012.1	CP097141.1	46.495	428	519	103	515	467342	468607	8.67e-116	375
CDF88014.1	CP097133.1	65.291	533	582	50	581	766521	768107	0.0	654
CDF88014.1	CP097144.1	28.200	461	582	57	491	416198	414873	3.96e-43	165
CDF88014.1	CP097147.1	22.880	507	582	89	554	916028	917494	1.77e-18	88.6
CDF88014.1	CP097134.1	24.480	433	582	46	446	9316	10587	9.77e-18	86.3
CDF88014.1	CP097142.1	24.249	433	582	46	446	659452	658181	1.69e-17	85.5
CDF88015.1	CP097141.1	79.430	491	555	37	527	14805	16277	0.0	827
CDF88015.1	CP097136.1	35.000	500	555	43	527	29448	27967	1.32e-84	286
CDF88015.1	CP097145.1	32.710	535	555	4	526	139732	141315	2.21e-84	285
CDF88015.1	CP097145.1	35.569	492	555	43	518	138438	136972	5.12e-79	270
CDF88015.1	CP097142.1	34.008	494	555	40	519	515073	516551	1.09e-80	275
CDF88015.1	CP097138.1	33.594	512	555	25	516	855832	857334	1.70e-79	271
CDF88017.1	CP097140.1	41.410	553	550	8	550	16614	14968	3.35e-138	441
CDF88017.1	CP097135.1	24.224	483	550	15	494	600131	598791	1.35e-33	135
CDF88017.1	CP097135.1	24.224	483	550	15	494	583206	581866	1.35e-33	135
CDF88017.1	CP097138.1	20.964	477	550	78	550	987552	988913	1.27e-25	110
CDF88017.1	CP097138.1	19.348	491	550	54	524	611904	610471	1.09e-15	79.3
CDF88017.1	CP097143.1	22.103	561	550	10	550	145503	143920	9.40e-22	99.0
CDF88017.1	CP097132.1	20.734	545	550	8	525	9186	7624	3.89e-19	90.5
CDF88018.1	CP097143.1	27.990	393	397	35	395	1047034	1045922	1.44e-20	92.8
CDF88018.1	CP097134.1	27.735	393	397	35	395	304563	303451	3.75e-20	91.7
CDF88018.1	CP097145.1	28.692	237	397	32	255	374563	373877	1.04e-17	84.3
CDF88018.1	CP097133.1	26.592	267	397	33	295	311572	310850	2.44e-11	64.3
CDF88020.1	CP097139.1	29.934	304	540	138	437	439996	440835	6.79e-27	114
CDF88021.1	CP097139.1	35.825	709	717	2	705	64446	62401	4.70e-132	430
CDF88022.1	CP097140.1	51.792	558	567	15	567	21461	23020	0.0	577
CDF88023.1	CP097135.1	59.302	344	343	2	343	1505050	1504028	8.60e-133	416
CDF88023.1	CP097146.1	57.849	344	343	1	343	18147	19172	4.50e-131	411
CDF88023.1	CP097138.1	53.869	336	343	3	336	222381	223382	5.91e-116	368
CDF88023.1	CP097138.1	48.085	235	343	110	342	434264	434962	2.48e-92	218
CDF88023.1	CP097138.1	58.929	112	343	2	113	433939	434274	2.48e-92	137
CDF88024.1	CP097138.1	58.524	393	398	6	398	28282	29385	2.84e-152	474
CDF88024.1	CP097143.1	31.308	428	398	24	398	384076	382832	3.04e-59	207
CDF88026.1	CP097145.1	58.514	323	316	5	316	718875	717943	4.08e-103	330
CDF88027.1	CP097145.1	78.309	272	506	1	272	717696	716881	1.59e-144	457
CDF88027.1	CP097145.1	89.340	197	506	271	467	716356	715766	5.15e-118	381
CDF88027.1	CP097136.1	31.987	297	506	207	468	159760	160647	1.07e-35	140
CDF88027.1	CP097138.1	30.814	172	506	316	474	328890	329405	4.37e-18	86.7
CDF88028.1	CP097145.1	57.500	440	417	1	417	715233	713938	1.50e-152	476
CDF88029.1	CP097145.1	61.039	154	413	1	153	712915	712454	1.69e-59	208
CDF88029.1	CP097145.1	50.532	188	413	236	413	711931	711371	3.47e-43	160
CDF88030.1	CP097134.1	51.913	366	350	1	350	288224	287139	6.13e-114	362
CDF88031.1	CP097145.1	81.614	446	446	1	446	709976	708639	0.0	767
CDF88032.1	CP097145.1	43.396	212	215	1	208	708231	707629	4.21e-31	118
CDF88033.1	CP097134.1	63.612	371	393	24	393	285788	286900	3.47e-168	520
CDF88033.1	CP097145.1	59.030	371	393	22	391	706278	707390	2.42e-154	480
CDF88033.1	CP097145.1	39.011	364	393	22	372	32579	33667	1.13e-80	268
CDF88034.1	CP097134.1	60.535	2093	2071	7	2070	279119	285373	0.0	2526
CDF88035.1	CP097134.1	51.859	1022	1006	1	1001	278786	275739	0.0	1040
CDF88035.1	CP097135.1	25.530	944	1006	85	963	668142	665485	1.15e-61	229
CDF88035.1	CP097135.1	31.852	270	1006	719	960	186123	186926	2.45e-36	148
CDF88035.1	CP097139.1	24.526	950	1006	109	959	335271	337940	1.50e-44	175
CDF88035.1	CP097137.1	26.238	606	1006	400	971	118696	117008	3.80e-34	141
CDF88036.1	CP097145.1	56.020	789	840	97	840	703568	705790	0.0	807
CDF88036.1	CP097145.1	37.791	344	840	442	743	334641	335663	3.44e-65	237
CDF88036.1	CP097145.1	25.000	320	840	370	663	70873	71721	1.77e-19	93.2
CDF88036.1	CP097145.1	26.073	303	840	442	727	676247	675357	4.58e-19	91.7
CDF88036.1	CP097145.1	26.667	225	840	456	673	295123	294512	6.29e-14	75.1
CDF88036.1	CP097134.1	67.974	306	840	536	839	274621	275511	2.57e-179	427
CDF88036.1	CP097134.1	66.456	158	840	378	535	274152	274619	2.57e-179	220
CDF88036.1	CP097134.1	28.231	294	840	448	727	79052	79840	1.67e-28	122
CDF88036.1	CP097134.1	27.184	309	840	442	743	242495	241605	1.58e-21	99.8
CDF88036.1	CP097134.1	30.380	237	840	447	672	129245	129898	2.05e-17	86.3
CDF88036.1	CP097141.1	31.900	442	840	361	796	115796	114633	3.39e-59	219
CDF88036.1	CP097141.1	29.588	267	840	418	676	189694	188984	4.10e-19	92.0
CDF88036.1	CP097141.1	26.199	271	840	441	694	255520	256254	1.15e-16	84.0
CDF88036.1	CP097141.1	23.755	261	840	447	699	159860	159159	3.36e-14	75.9
CDF88036.1	CP097141.1	24.296	284	840	422	677	226250	227032	1.45e-12	70.5
CDF88036.1	CP097142.1	38.889	306	840	442	744	206969	207805	1.94e-58	216
CDF88036.1	CP097142.1	37.419	310	840	436	738	135764	134919	1.06e-57	214
CDF88036.1	CP097142.1	22.989	435	840	410	783	249294	250499	8.84e-24	107
CDF88036.1	CP097142.1	30.279	251	840	489	708	348272	347574	8.38e-14	74.7
CDF88036.1	CP097142.1	26.446	242	840	440	677	184043	184687	4.59e-13	72.0
CDF88036.1	CP097142.1	25.076	331	840	375	663	222720	221794	1.77e-12	70.1
CDF88036.1	CP097144.1	39.145	304	840	442	742	445593	444763	4.68e-58	215
CDF88036.1	CP097144.1	27.273	308	840	435	740	253959	253144	1.36e-31	132
CDF88036.1	CP097144.1	27.037	270	840	448	672	824921	825691	2.31e-18	89.4
CDF88036.1	CP097144.1	26.316	247	840	441	677	517858	518508	9.54e-12	67.8
CDF88037.1	CP097145.1	70.370	135	133	1	133	702377	702781	3.43e-60	197
CDF88038.1	CP097145.1	35.608	469	427	9	420	700776	702173	1.78e-77	261
CDF88039.1	CP097134.1	53.039	181	181	2	181	271824	271285	9.41e-57	190
CDF88041.1	CP097134.1	58.382	346	668	1	340	264035	265036	6.79e-104	347
CDF88041.1	CP097134.1	43.346	263	668	426	666	265073	265804	1.53e-28	121
CDF88043.1	CP097134.1	86.154	65	195	1	65	263434	263240	2.53e-35	129
CDF88044.1	CP097134.1	51.099	182	177	1	168	262374	262919	4.86e-59	197
CDF88045.1	CP097134.1	64.216	721	678	1	661	261433	259301	0.0	850
CDF88045.1	CP097134.1	28.105	306	678	394	658	240804	239944	7.89e-20	93.6
CDF88045.1	CP097134.1	35.455	110	678	395	503	240153	239827	2.66e-14	75.5
CDF88045.1	CP097134.1	27.500	160	678	397	554	221192	220734	3.93e-14	75.1
CDF88045.1	CP097134.1	23.711	291	678	407	658	240891	240070	6.39e-14	74.3
CDF88045.1	CP097134.1	24.390	246	678	317	552	240537	239827	2.51e-13	72.4
CDF88045.1	CP097134.1	27.189	217	678	430	643	240951	240349	9.89e-12	67.4
CDF88045.1	CP097133.1	31.395	172	678	395	564	596897	596406	1.33e-22	102
CDF88045.1	CP097133.1	24.731	279	678	400	659	597185	596430	1.56e-19	92.4
CDF88045.1	CP097133.1	25.714	245	678	398	628	562701	563399	8.91e-16	80.5
CDF88045.1	CP097147.1	33.537	164	678	395	553	875351	875818	1.68e-20	95.9
CDF88045.1	CP097147.1	26.484	219	678	395	608	875225	875818	3.70e-17	84.7
CDF88045.1	CP097147.1	26.452	310	678	394	656	261038	260178	1.53e-14	76.3
CDF88045.1	CP097137.1	29.646	226	678	399	608	99622	100257	4.52e-20	94.4
CDF88045.1	CP097137.1	26.238	202	678	395	578	100060	100632	1.69e-12	69.7
CDF88045.1	CP097143.1	25.267	281	678	394	656	380986	381747	1.22e-19	92.8
CDF88045.1	CP097143.1	26.168	214	678	405	607	577021	576443	2.95e-14	75.5
CDF88045.1	CP097143.1	23.418	158	678	395	552	576895	576443	6.42e-12	67.8
CDF88045.1	CP097143.1	29.167	168	678	407	553	976849	977331	7.81e-12	67.4
CDF88046.1	CP097145.1	74.688	320	364	45	364	696116	695157	1.47e-162	503
CDF88047.1	CP097145.1	33.735	249	271	2	248	694342	695031	8.92e-43	154
CDF88048.1	CP097134.1	57.500	120	121	1	119	258575	258934	1.99e-42	146
CDF88048.1	CP097143.1	46.535	101	121	20	120	212061	211759	5.37e-28	105
CDF88048.1	CP097138.1	41.176	119	121	3	120	888430	888086	7.52e-27	102
CDF88049.1	CP097134.1	39.844	128	124	1	124	257863	258246	4.28e-27	103
CDF88050.1	CP097141.1	40.204	587	580	25	577	84825	86564	7.82e-143	456
CDF88050.1	CP097133.1	37.333	525	580	66	575	249318	247789	1.35e-118	385
CDF88051.1	CP097134.1	47.614	922	878	1	877	175569	172960	0.0	779
CDF88052.1	CP097141.1	32.389	247	230	35	224	87508	86774	3.85e-18	81.6
CDF88053.1	CP097134.1	74.118	85	129	1	85	172571	172317	6.87e-41	142
CDF88053.1	CP097134.1	54.795	73	129	60	129	172317	172099	4.46e-17	74.7
CDF88054.1	CP097141.1	58.120	117	115	4	112	88121	88468	3.60e-33	120
CDF88055.1	CP097134.1	71.397	451	511	33	483	171486	170134	0.0	705
CDF88055.1	CP097132.1	29.327	416	511	36	443	8943	7732	8.68e-51	186
CDF88055.1	CP097138.1	27.105	487	511	36	504	611799	610405	5.46e-41	157
CDF88055.1	CP097138.1	21.193	486	511	36	496	987555	988898	4.37e-18	86.7
CDF88055.1	CP097135.1	28.125	256	511	34	285	599996	599262	2.56e-22	100
CDF88055.1	CP097135.1	28.125	256	511	34	285	583071	582337	2.56e-22	100
CDF88055.1	CP097141.1	25.000	232	511	29	252	712432	713118	6.65e-13	70.1
CDF88056.1	CP097141.1	50.820	427	419	6	419	88732	89997	2.60e-141	444
CDF88057.1	CP097141.1	31.755	866	852	16	850	479040	476545	1.24e-106	361
CDF88057.1	CP097141.1	28.242	347	852	91	428	90542	91507	1.10e-35	145
CDF88058.1	CP097141.1	55.247	324	322	1	321	93226	92255	5.46e-108	344
CDF88059.1	CP097141.1	62.963	108	111	3	110	93456	93779	5.05e-45	153
CDF88060.1	CP097141.1	46.923	260	262	13	262	94727	93951	3.52e-77	253
CDF88062.1	CP097140.1	82.828	99	129	14	112	234426	234130	3.32e-51	172
CDF88062.1	CP097136.1	82.292	96	129	14	109	266344	266057	1.59e-49	167
CDF88063.1	CP097136.1	68.110	508	511	11	511	264628	263111	0.0	715
CDF88063.1	CP097136.1	64.612	503	511	11	511	271245	272747	0.0	682
CDF88063.1	CP097136.1	68.602	465	511	48	511	273364	274758	0.0	675
CDF88063.1	CP097138.1	29.730	518	511	46	511	160010	158469	2.00e-52	191
CDF88064.1	CP097140.1	52.263	243	252	13	252	238067	238795	7.95e-80	260
CDF88065.1	CP097140.1	74.090	1154	1140	1	1138	239320	242766	0.0	1733
CDF88065.1	CP097132.1	30.690	1072	1140	150	1136	86179	83006	1.00e-136	458
CDF88065.1	CP097136.1	28.924	892	1140	263	1023	504118	506772	7.87e-104	360
CDF88065.1	CP097135.1	29.538	887	1140	263	1023	657754	660402	2.42e-99	347
CDF88065.1	CP097135.1	25.044	563	1140	448	948	528911	527385	1.21e-18	91.3
CDF88065.1	CP097144.1	32.609	460	1140	679	1111	552440	551076	8.41e-56	212
CDF88065.1	CP097144.1	30.293	307	1140	245	520	554681	553767	3.22e-30	129
CDF88065.1	CP097144.1	30.097	206	1140	62	256	555446	554844	8.35e-15	78.6
CDF88066.1	CP097140.1	53.710	903	843	1	842	245706	243004	0.0	970
CDF88067.1	CP097136.1	76.094	297	297	1	297	262381	261491	2.80e-151	467
CDF88068.1	CP097140.1	68.833	600	600	23	598	246652	248445	0.0	852
CDF88068.1	CP097137.1	25.306	490	600	151	561	99235	100656	2.04e-28	120
CDF88068.1	CP097134.1	29.358	327	600	256	553	240996	240040	6.96e-26	112
CDF88068.1	CP097134.1	25.524	286	600	288	540	260074	259319	5.23e-14	74.3
CDF88068.1	CP097134.1	30.049	203	600	271	446	260005	259400	5.89e-14	74.3
CDF88068.1	CP097134.1	28.750	160	600	291	443	221291	220812	1.55e-13	72.8
CDF88068.1	CP097134.1	27.778	198	600	265	451	221246	220698	3.93e-13	71.6
CDF88068.1	CP097141.1	25.781	256	600	315	545	211239	211967	8.07e-21	96.3
CDF88068.1	CP097141.1	33.871	124	600	285	405	211773	212141	1.09e-13	73.2
CDF88068.1	CP097141.1	23.592	284	600	272	502	211359	212201	1.78e-13	72.8
CDF88068.1	CP097133.1	27.083	288	600	283	543	597191	596433	1.10e-20	95.9
CDF88068.1	CP097133.1	39.683	126	600	272	390	596801	596424	8.24e-15	77.0
CDF88068.1	CP097133.1	26.425	193	600	269	447	596936	596358	1.25e-12	69.7
CDF88068.1	CP097133.1	30.286	175	600	277	439	597038	596529	6.88e-12	67.4
CDF88069.1	CP097136.1	39.426	383	385	100	385	259791	258661	6.83e-73	246
CDF88069.1	CP097140.1	42.331	163	385	227	381	250118	250591	7.46e-39	147
CDF88069.1	CP097140.1	32.240	183	385	47	187	249194	249742	5.80e-15	75.5
CDF88070.1	CP097136.1	72.876	306	307	3	307	256216	255320	1.22e-150	466
CDF88070.1	CP097141.1	42.617	298	307	11	306	570574	569690	6.16e-71	237
CDF88070.1	CP097141.1	25.087	287	307	24	298	171320	172132	2.66e-17	81.3
CDF88070.1	CP097142.1	24.910	277	307	34	298	532784	532002	8.64e-16	76.6
CDF88070.1	CP097147.1	22.526	293	307	23	298	589313	588483	4.05e-15	74.7
CDF88070.1	CP097133.1	25.342	292	307	1	280	764250	763420	6.00e-14	71.2
CDF88070.1	CP097133.1	24.590	183	307	39	201	588318	588863	4.37e-11	62.4
CDF88071.1	CP097140.1	44.156	308	262	2	262	251725	250838	3.95e-65	218
CDF88071.1	CP097135.1	41.333	75	262	4	78	52349	52128	1.39e-15	75.1
CDF88071.1	CP097135.1	36.364	121	262	16	132	1472751	1472392	1.55e-15	74.7
CDF88072.1	CP097145.1	32.323	99	189	20	118	418265	417975	3.02e-14	68.9
CDF88072.1	CP097144.1	38.462	78	189	21	98	161696	161466	3.52e-11	60.1
CDF88073.1	CP097136.1	80.739	514	516	4	514	254504	252963	0.0	864
CDF88074.1	CP097140.1	61.719	256	285	32	285	252737	251970	4.99e-110	348
CDF88074.1	CP097144.1	40.072	277	285	9	285	89903	89106	8.69e-61	206
CDF88074.1	CP097144.1	39.223	283	285	3	285	16302	15475	1.07e-60	206
CDF88074.1	CP097142.1	31.818	264	285	30	285	167202	167987	1.47e-36	137
CDF88075.1	CP097136.1	47.071	495	467	2	461	251255	252712	1.77e-150	473
CDF88076.1	CP097136.1	56.034	116	166	33	148	250905	250561	1.87e-39	140
CDF88077.1	CP097140.1	55.776	303	347	1	302	254420	255328	2.82e-108	346
CDF88078.1	CP097136.1	68.289	637	616	1	616	248315	250222	0.0	911
CDF88079.1	CP097136.1	65.882	85	91	2	86	247318	247572	1.16e-32	117
CDF88081.1	CP097136.1	72.265	393	399	1	389	245067	243907	0.0	573
CDF88081.1	CP097140.1	34.651	430	399	1	386	340406	341695	1.51e-70	239
CDF88081.1	CP097145.1	57.534	73	399	1	73	507951	507736	1.19e-17	84.0
CDF88081.1	CP097145.1	44.737	76	399	1	76	482361	482588	5.51e-15	75.9
CDF88081.1	CP097145.1	47.887	71	399	1	71	607872	607669	1.69e-13	71.2
CDF88081.1	CP097145.1	50.000	66	399	4	68	223392	223195	6.34e-12	66.2
CDF88081.1	CP097143.1	36.842	95	399	8	99	300755	301003	8.58e-11	62.8
CDF88082.1	CP097140.1	55.992	484	479	3	479	256335	257741	1.22e-180	560
CDF88085.1	CP097140.1	66.314	472	807	1	465	260551	259163	5.20e-171	546
CDF88085.1	CP097147.1	35.417	336	807	1	333	678024	678872	4.89e-45	174
CDF88087.1	CP097136.1	43.333	120	163	10	116	240134	240493	6.98e-29	110
CDF88088.1	CP097140.1	45.833	336	319	48	318	264209	265207	8.86e-74	245
CDF88088.1	CP097136.1	37.981	208	319	41	223	238284	237676	3.18e-31	122
CDF88088.1	CP097136.1	48.624	109	319	214	307	237282	236956	1.09e-25	106
CDF88089.1	CP097136.1	24.611	386	355	8	343	236544	235405	2.17e-18	85.5
CDF88090.1	CP097140.1	77.717	368	376	1	368	266809	265706	0.0	591
CDF88090.1	CP097146.1	52.078	361	376	6	364	410197	411156	3.22e-112	358
CDF88090.1	CP097146.1	30.392	204	376	166	367	53479	52910	1.71e-24	104
CDF88090.1	CP097146.1	27.778	252	376	38	271	98287	98925	1.30e-20	92.8
CDF88090.1	CP097146.1	25.455	165	376	125	283	214791	215261	8.47e-12	65.5
CDF88090.1	CP097146.1	28.082	146	376	125	265	745879	746307	6.92e-11	62.8
CDF88090.1	CP097147.1	28.614	339	376	34	363	480196	479309	3.76e-32	127
CDF88090.1	CP097147.1	26.685	356	376	40	364	848330	847407	3.10e-30	121
CDF88090.1	CP097147.1	25.215	349	376	39	372	653962	654891	3.17e-27	112
CDF88090.1	CP097147.1	29.279	222	376	161	363	461189	460566	1.78e-16	80.1
CDF88090.1	CP097147.1	25.610	246	376	125	365	279672	279037	4.42e-13	69.7
CDF88090.1	CP097143.1	30.165	242	376	125	365	351859	352551	3.36e-29	118
CDF88090.1	CP097143.1	28.111	217	376	150	363	313218	313751	9.78e-15	74.7
CDF88090.1	CP097133.1	29.080	337	376	40	364	540219	541085	1.99e-28	115
CDF88090.1	CP097133.1	24.211	380	376	12	364	184351	185319	2.28e-24	103
CDF88091.1	CP097140.1	61.538	286	276	3	276	267987	267130	4.26e-109	345
CDF88092.1	CP097136.1	70.946	148	148	1	148	234935	234492	5.26e-70	226
CDF88093.1	CP097140.1	64.169	427	444	6	432	269548	268325	6.13e-177	548
CDF88094.1	CP097137.1	64.202	852	827	13	825	204327	206849	0.0	1058
CDF88094.1	CP097146.1	38.704	571	827	180	748	854331	855833	3.69e-116	388
CDF88094.1	CP097146.1	38.139	548	827	188	728	827344	825884	4.65e-104	352
CDF88094.1	CP097146.1	32.237	152	827	592	741	666252	666704	1.09e-15	80.5
CDF88094.1	CP097133.1	39.895	574	827	196	755	690644	689139	4.96e-111	373
CDF88094.1	CP097133.1	28.037	535	827	221	719	364207	365610	6.84e-51	193
CDF88094.1	CP097133.1	26.544	599	827	199	708	447890	449605	1.90e-40	160
CDF88094.1	CP097136.1	34.648	583	827	190	749	496668	498191	3.07e-93	320
CDF88094.1	CP097147.1	33.394	551	827	199	722	394189	392660	6.24e-70	251
CDF88095.1	CP097137.1	60.830	554	547	22	547	204031	202430	0.0	677
CDF88095.1	CP097141.1	29.412	391	547	64	442	98311	97256	1.54e-44	168
CDF88096.1	CP097140.1	50.442	339	353	24	349	288269	287298	2.20e-87	286
CDF88097.1	CP097140.1	43.269	208	203	1	203	287071	286505	2.34e-50	173
CDF88098.1	CP097140.1	46.713	1156	1073	1	1072	285829	282395	0.0	968
CDF88099.1	CP097140.1	49.286	140	140	1	139	282004	281585	2.17e-38	135
CDF88101.1	CP097140.1	43.527	1344	1299	1	1294	277909	273968	0.0	999
CDF88102.1	CP097140.1	36.467	968	1015	47	939	270632	273316	8.32e-152	498
CDF88105.1	CP097140.1	82.704	318	310	1	310	290810	291763	1.69e-174	534
CDF88105.1	CP097147.1	25.763	295	310	7	254	734622	733771	1.28e-19	88.2
CDF88106.1	CP097140.1	45.808	334	296	1	293	293004	293984	6.64e-78	256
CDF88107.1	CP097137.1	54.167	72	435	365	434	200138	199932	2.58e-13	70.9
CDF88108.1	CP097137.1	51.724	145	128	1	128	199672	199238	4.78e-31	114
CDF88109.1	CP097137.1	88.000	50	59	1	50	198346	198197	9.25e-25	93.2
CDF88110.1	CP097137.1	48.276	87	359	6	88	197811	197551	1.28e-15	77.0
CDF88110.1	CP097137.1	37.864	103	359	194	293	197484	197182	2.25e-12	67.0
CDF88111.1	CP097137.1	92.490	253	254	2	254	196177	195419	4.92e-148	455
CDF88111.1	CP097140.1	92.490	253	254	2	254	295076	295834	4.93e-148	455
CDF88111.1	CP097136.1	30.374	214	254	28	214	56630	56037	1.59e-16	77.4
CDF88112.1	CP097137.1	62.222	1170	1170	1	1170	195015	191506	0.0	1441
CDF88112.1	CP097137.1	24.226	743	1170	523	1169	103329	105398	4.64e-26	115
CDF88112.1	CP097141.1	23.280	756	1170	498	1167	306173	304071	7.50e-30	127
CDF88112.1	CP097141.1	29.310	290	1170	1	285	307473	306649	6.59e-25	111
CDF88112.1	CP097143.1	41.772	79	1170	1077	1155	286220	286453	1.13e-15	81.3
CDF88113.1	CP097137.1	61.148	1045	1037	1	1037	188227	191325	0.0	1335
CDF88113.1	CP097139.1	25.556	450	1037	635	1037	175521	176837	1.17e-20	97.4
CDF88113.1	CP097147.1	21.256	414	1037	656	1037	647443	648624	5.20e-16	82.4
CDF88114.1	CP097140.1	48.982	933	897	1	894	298870	296114	0.0	801
CDF88115.1	CP097140.1	48.421	95	159	65	159	299551	299835	1.16e-19	83.2
CDF88116.1	CP097140.1	51.836	463	534	3	455	300265	301644	2.61e-150	475
CDF88116.1	CP097140.1	34.596	396	534	40	414	415663	414512	3.08e-52	191
CDF88116.1	CP097143.1	37.472	451	534	38	432	368013	366697	4.29e-76	261
CDF88116.1	CP097143.1	37.292	421	534	20	432	370174	368990	1.10e-71	248
CDF88116.1	CP097135.1	34.395	471	534	23	444	765156	763777	2.38e-72	249
CDF88116.1	CP097135.1	25.734	443	534	40	419	1163694	1162441	6.34e-14	73.6
CDF88116.1	CP097147.1	23.896	385	534	16	388	254650	253643	1.96e-16	81.6
CDF88117.1	CP097133.1	61.017	236	237	1	233	707786	707079	5.22e-98	311
CDF88118.1	CP097140.1	61.432	433	434	23	434	355635	356918	0.0	562
CDF88119.1	CP097140.1	49.117	283	321	13	287	355380	354565	1.05e-82	271
CDF88120.1	CP097133.1	73.737	99	121	22	120	706601	706305	7.80e-46	156
CDF88121.1	CP097133.1	49.782	229	619	32	247	704209	704859	3.35e-60	217
CDF88121.1	CP097133.1	43.265	245	619	398	619	705487	706221	8.56e-59	213
CDF88122.1	CP097133.1	66.111	180	175	1	175	703947	703423	1.32e-76	247
CDF88123.1	CP097140.1	37.414	580	488	1	487	352568	354280	1.42e-82	278
CDF88124.1	CP097133.1	50.407	123	114	1	113	702954	703310	1.76e-30	112
CDF88125.1	CP097133.1	79.856	139	142	4	142	702319	702735	1.00e-70	228
CDF88126.1	CP097133.1	76.623	308	307	1	307	701074	701994	6.78e-160	492
CDF88127.1	CP097147.1	41.667	96	254	139	234	667247	667525	8.02e-17	78.6
CDF88128.1	CP097136.1	75.334	673	752	79	747	188047	186089	0.0	1023
CDF88128.1	CP097136.1	31.907	257	752	284	514	241603	240893	7.73e-24	107
CDF88128.1	CP097144.1	62.340	624	752	125	748	418651	416846	0.0	781
CDF88128.1	CP097147.1	41.060	453	752	277	720	598856	600127	4.20e-102	344
CDF88128.1	CP097147.1	35.145	276	752	254	518	869614	868868	1.34e-31	131
CDF88128.1	CP097147.1	33.068	251	752	278	514	411070	411771	2.74e-29	124
CDF88128.1	CP097138.1	40.856	257	752	282	537	420809	420072	2.20e-52	196
CDF88128.1	CP097138.1	35.798	257	752	278	528	1003412	1004143	5.21e-40	158
CDF88128.1	CP097138.1	32.377	244	752	279	519	546287	546970	8.94e-28	119
CDF88128.1	CP097142.1	39.394	264	752	282	544	175367	176125	9.57e-52	194
CDF88128.1	CP097142.1	35.366	246	752	274	514	72064	71360	5.43e-34	139
CDF88129.1	CP097136.1	51.961	306	270	2	270	184822	185730	6.19e-101	321
CDF88130.1	CP097136.1	52.227	741	718	8	718	181095	183311	0.0	768
CDF88130.1	CP097144.1	30.719	612	718	116	692	732130	733908	9.67e-55	203
CDF88130.1	CP097146.1	27.953	601	718	128	692	878964	880724	2.13e-50	189
CDF88130.1	CP097140.1	27.907	602	718	129	692	316825	318561	1.64e-47	181
CDF88131.1	CP097140.1	52.778	108	100	1	97	351662	351985	1.31e-33	120
CDF88132.1	CP097136.1	51.371	547	537	1	536	179139	180755	1.08e-162	511
CDF88133.1	CP097136.1	63.699	1157	1120	1	1120	175380	178814	0.0	1507
CDF88133.1	CP097138.1	50.619	646	1120	455	1080	296935	295007	0.0	636
CDF88133.1	CP097142.1	47.434	643	1120	451	1076	600366	602294	0.0	592
CDF88133.1	CP097142.1	37.424	660	1120	455	1085	289301	291274	4.72e-130	438
CDF88133.1	CP097145.1	42.688	677	1120	435	1081	640966	638951	2.10e-165	542
CDF88133.1	CP097143.1	29.985	647	1120	452	1023	951300	953213	3.35e-70	257
CDF88134.1	CP097136.1	83.590	195	195	1	195	174374	174958	2.41e-110	344
CDF88134.1	CP097141.1	26.582	158	195	5	162	439848	440306	9.18e-12	62.0
CDF88135.1	CP097140.1	70.750	400	418	13	412	351434	350238	0.0	619
CDF88136.1	CP097140.1	51.330	752	732	1	722	347833	350061	0.0	781
CDF88137.1	CP097146.1	52.747	91	397	17	105	310951	310679	2.49e-25	107
CDF88138.1	CP097147.1	66.370	562	599	10	555	49824	51479	0.0	727
CDF88139.1	CP097140.1	52.113	213	246	33	243	312089	312715	9.04e-67	222
CDF88140.1	CP097147.1	72.152	474	447	1	445	53171	51750	0.0	719
CDF88140.1	CP097146.1	26.602	515	447	1	444	180517	179048	1.90e-47	174
CDF88140.1	CP097139.1	26.776	366	447	164	442	58993	57959	1.39e-25	108
CDF88141.1	CP097140.1	50.000	92	168	1	87	313407	313132	4.47e-31	77.0
CDF88141.1	CP097140.1	40.449	89	168	84	167	313142	312876	4.47e-31	73.2
CDF88142.1	CP097140.1	50.746	67	80	7	69	157595	157395	3.49e-13	61.2
CDF88143.1	CP097142.1	50.781	256	255	1	252	162137	162865	1.28e-62	211
CDF88144.1	CP097142.1	53.355	611	703	69	671	161764	160091	0.0	642
CDF88145.1	CP097139.1	96.296	81	82	2	82	132352	132110	1.38e-48	162
CDF88145.1	CP097142.1	95.062	81	82	2	82	159503	159745	5.82e-48	160
CDF88146.1	CP097139.1	51.805	1967	1922	28	1918	135908	141667	0.0	1907
CDF88146.1	CP097146.1	34.397	1003	1922	37	981	895087	898029	1.62e-153	527
CDF88146.1	CP097132.1	38.633	761	1922	86	797	79116	76867	1.31e-144	500
CDF88146.1	CP097144.1	33.989	712	1922	87	751	458162	460201	3.95e-105	375
CDF88146.1	CP097142.1	33.381	704	1922	87	751	200659	198620	7.76e-104	372
CDF88147.1	CP097139.1	74.743	487	485	1	485	143425	141980	0.0	743
CDF88147.1	CP097143.1	28.571	427	485	2	418	489796	488543	4.51e-44	165
CDF88147.1	CP097133.1	25.747	435	485	8	422	127439	126225	1.01e-18	88.6
CDF88148.1	CP097139.1	45.742	728	751	1	712	259677	261650	1.87e-165	528
CDF88149.1	CP097135.1	54.916	712	696	1	687	1125114	1122979	0.0	751
CDF88150.1	CP097139.1	54.103	329	316	1	312	262267	263253	8.31e-108	343
CDF88151.1	CP097146.1	37.714	175	164	1	164	774103	774627	1.78e-31	117
CDF88152.1	CP097146.1	58.522	663	660	1	652	776749	774773	0.0	775
CDF88153.1	CP097147.1	66.391	604	596	1	596	224766	222973	0.0	832
CDF88154.1	CP097146.1	38.494	239	296	1	223	776997	777707	5.33e-42	153
CDF88155.1	CP097147.1	67.105	152	150	1	150	222242	222697	1.71e-65	214
CDF88156.1	CP097146.1	50.256	782	784	24	784	780277	777992	0.0	773
CDF88156.1	CP097147.1	44.459	785	784	8	782	212276	209970	0.0	731
CDF88156.1	CP097141.1	22.388	469	784	121	533	651105	649750	2.72e-15	79.3
CDF88157.1	CP097147.1	65.837	442	449	7	448	212676	213998	0.0	638
CDF88158.1	CP097147.1	23.425	619	684	87	641	216032	214221	8.32e-24	106
CDF88158.1	CP097147.1	36.913	149	684	2	142	216659	216213	5.89e-19	90.9
CDF88159.1	CP097146.1	78.824	170	173	5	173	780707	781216	6.80e-85	270
CDF88159.1	CP097133.1	37.584	149	173	23	171	438441	437998	1.56e-27	106
CDF88159.1	CP097138.1	31.579	133	173	41	167	319846	320244	5.38e-12	61.6
CDF88160.1	CP097140.1	57.692	130	146	12	141	236111	235722	1.09e-45	157
CDF88160.1	CP097136.1	56.604	106	146	36	141	267654	267337	7.93e-39	137
CDF88161.1	CP097147.1	73.043	115	115	1	115	858716	858372	1.82e-56	186
CDF88162.1	CP097147.1	74.771	218	215	4	215	857431	858081	1.05e-100	318
CDF88162.1	CP097145.1	53.476	187	215	7	193	457533	458084	5.16e-59	198
CDF88162.1	CP097145.1	41.589	214	215	17	189	301611	300970	5.47e-45	158
CDF88162.1	CP097145.1	27.778	198	215	6	200	450848	451414	9.51e-17	77.0
CDF88162.1	CP097145.1	32.919	161	215	28	186	441479	441039	5.74e-15	71.6
CDF88162.1	CP097140.1	44.541	229	215	8	215	123719	124387	5.21e-59	198
CDF88162.1	CP097143.1	47.739	199	215	17	215	596128	595568	2.48e-53	182
CDF88162.1	CP097143.1	29.670	182	215	9	187	654299	653793	9.67e-19	82.8
CDF88162.1	CP097143.1	29.915	117	215	17	132	713078	712731	3.51e-12	63.5
CDF88162.1	CP097142.1	47.701	174	215	17	189	547866	548363	3.33e-48	167
CDF88162.1	CP097142.1	30.516	213	215	12	198	465856	465224	5.27e-18	80.5
CDF88163.1	CP097133.1	42.994	1149	1135	16	1109	93931	97104	0.0	775
CDF88163.1	CP097136.1	41.750	400	1135	253	642	34856	33714	8.73e-67	247
CDF88163.1	CP097136.1	46.561	189	1135	44	217	35663	35121	1.56e-37	152
CDF88163.1	CP097138.1	31.701	388	1135	93	472	93330	94310	3.41e-45	177
CDF88163.1	CP097147.1	32.419	401	1135	40	431	798012	799040	3.33e-42	168
CDF88163.1	CP097147.1	32.172	373	1135	93	430	252773	251781	2.53e-40	162
CDF88163.1	CP097142.1	25.916	382	1135	75	432	286984	287925	2.11e-18	90.1
CDF88164.1	CP097133.1	60.870	598	668	15	586	99334	97598	0.0	686
CDF88164.1	CP097136.1	43.575	358	668	76	429	348636	349694	3.54e-79	274
CDF88164.1	CP097135.1	28.698	338	668	231	533	103242	102250	1.45e-30	127
CDF88165.1	CP097140.1	37.018	389	496	7	316	161271	160105	6.63e-71	244
CDF88166.1	CP097145.1	49.515	206	203	1	201	554426	555043	3.03e-63	210
CDF88167.1	CP097140.1	41.948	503	608	102	601	162281	163669	4.37e-115	377
CDF88168.1	CP097140.1	32.927	164	157	5	156	164247	163804	1.07e-19	83.2
CDF88169.1	CP097143.1	53.279	244	246	1	244	722510	723232	3.20e-81	263
CDF88170.1	CP097146.1	54.463	1210	1180	4	1179	663108	666722	0.0	1325
CDF88170.1	CP097146.1	34.532	139	1180	1023	1160	826297	825884	7.65e-18	88.6
CDF88170.1	CP097146.1	33.058	121	1180	1023	1141	855360	855716	3.35e-16	83.2
CDF88170.1	CP097133.1	29.212	736	1180	474	1175	447806	449707	3.69e-74	270
CDF88170.1	CP097133.1	24.808	391	1180	471	845	690731	689763	9.91e-23	104
CDF88170.1	CP097133.1	34.146	123	1180	1020	1141	689672	689307	1.73e-14	77.4
CDF88170.1	CP097143.1	27.626	695	1180	522	1155	192548	194422	5.66e-72	263
CDF88170.1	CP097143.1	26.703	367	1180	524	855	623550	622507	1.12e-19	94.7
CDF88170.1	CP097147.1	27.901	362	1180	495	841	394210	393263	5.40e-30	128
CDF88170.1	CP097135.1	26.276	392	1180	471	840	1127586	1128608	6.48e-27	118
CDF88170.1	CP097135.1	28.758	153	1180	1020	1170	1129395	1129850	3.06e-18	89.7
CDF88171.1	CP097143.1	63.953	430	443	13	442	720679	721968	0.0	607
CDF88171.1	CP097146.1	57.377	427	443	16	442	660137	661417	3.44e-177	548
CDF88171.1	CP097135.1	39.189	444	443	37	435	985829	984510	4.00e-87	289
CDF88172.1	CP097146.1	37.333	75	89	1	72	659014	659232	2.08e-14	65.1
CDF88173.1	CP097146.1	55.222	766	1112	15	748	655283	657505	0.0	785
CDF88174.1	CP097143.1	67.414	580	613	38	613	717994	719733	0.0	800
CDF88175.1	CP097146.1	85.780	436	446	14	445	653420	654727	0.0	784
CDF88175.1	CP097133.1	30.998	471	446	30	444	457697	459070	5.02e-49	179
CDF88175.1	CP097147.1	31.027	448	446	53	444	688517	689827	2.72e-47	173
CDF88175.1	CP097135.1	29.395	347	446	55	360	827706	828701	3.14e-27	114
CDF88175.1	CP097142.1	27.134	328	446	56	342	597878	596895	5.53e-25	107
CDF88176.1	CP097143.1	48.341	211	195	1	195	717101	716469	1.12e-53	182
CDF88179.1	CP097143.1	51.969	127	118	1	117	714060	713689	4.34e-28	105
CDF88181.1	CP097138.1	75.714	70	182	8	77	103881	104090	2.54e-35	129
CDF88181.1	CP097138.1	40.152	132	182	12	140	442942	442583	3.51e-23	94.4
CDF88181.1	CP097136.1	68.831	77	182	8	84	208728	208498	2.78e-31	117
CDF88181.1	CP097136.1	50.877	57	182	12	67	417823	417659	5.91e-11	58.9
CDF88181.1	CP097142.1	50.877	57	182	11	66	324629	324793	4.34e-13	65.1
CDF88181.1	CP097144.1	34.146	123	182	12	133	99629	99961	1.87e-12	63.5
CDF88181.1	CP097135.1	37.273	110	182	12	116	902087	902404	1.87e-12	63.5
CDF88181.1	CP097135.1	45.000	60	182	12	71	534253	534074	1.56e-11	60.8
CDF88182.1	CP097136.1	56.771	384	294	2	294	207009	205864	3.24e-130	406
CDF88182.1	CP097138.1	59.441	286	294	30	294	105715	106569	5.58e-104	331
CDF88183.1	CP097140.1	56.842	285	299	8	290	110159	111001	2.99e-99	318
CDF88183.1	CP097140.1	26.891	238	299	6	236	399501	398818	6.78e-12	64.7
CDF88183.1	CP097140.1	27.490	251	299	9	242	400568	399849	5.09e-11	62.0
CDF88183.1	CP097144.1	34.715	193	299	8	191	694463	693891	2.61e-21	92.8
CDF88183.1	CP097135.1	29.412	204	299	6	201	261720	262316	1.46e-12	66.6
CDF88184.1	CP097138.1	79.054	1036	1027	1	1027	106965	110069	0.0	1649
CDF88185.1	CP097138.1	84.012	1645	1648	1	1644	115502	110568	0.0	2862
CDF88186.1	CP097138.1	69.514	761	760	1	760	116157	118400	0.0	1104
CDF88187.1	CP097147.1	53.858	635	1156	528	1156	72743	70920	0.0	680
CDF88187.1	CP097144.1	35.972	581	1156	578	1156	619834	621387	1.07e-99	348
CDF88187.1	CP097138.1	28.767	219	1156	693	900	683252	683902	1.94e-18	90.5
CDF88187.1	CP097146.1	23.625	309	1156	623	879	425831	424923	2.06e-11	67.4
CDF88188.1	CP097144.1	35.043	351	351	4	331	617791	618804	7.58e-53	186
CDF88189.1	CP097147.1	39.068	901	769	1	766	76603	73973	5.97e-180	571
CDF88190.1	CP097144.1	56.359	1258	1292	96	1277	616846	613124	0.0	1294
CDF88190.1	CP097135.1	22.781	338	1292	556	883	177777	176815	8.06e-14	75.5
CDF88190.1	CP097133.1	21.429	434	1292	497	879	672269	673522	4.44e-12	69.7
CDF88191.1	CP097132.1	65.180	583	625	7	584	9321	7591	0.0	802
CDF88191.1	CP097138.1	39.372	541	625	58	589	612045	610426	1.35e-125	408
CDF88191.1	CP097138.1	23.265	533	625	78	606	987384	988898	5.26e-15	77.8
CDF88191.1	CP097134.1	31.042	451	625	130	565	171498	170176	2.55e-57	208
CDF88191.1	CP097135.1	25.843	445	625	134	570	599996	598716	3.25e-28	119
CDF88191.1	CP097135.1	25.843	445	625	134	570	583071	581791	3.25e-28	119
CDF88191.1	CP097140.1	21.285	498	625	61	539	16584	15154	1.85e-20	95.1
CDF88192.1	CP097144.1	70.463	1036	1021	1	1021	609619	612717	0.0	1535
CDF88193.1	CP097147.1	53.407	543	507	1	507	78443	76878	1.34e-171	535
CDF88194.1	CP097144.1	68.240	233	232	1	231	609123	608425	2.63e-104	329
CDF88195.1	CP097147.1	52.239	268	325	22	286	79562	78777	6.05e-80	263
CDF88196.1	CP097147.1	71.041	442	429	1	426	79857	81182	0.0	649
CDF88197.1	CP097147.1	59.443	323	332	7	321	82262	81294	1.24e-123	389
CDF88198.1	CP097147.1	51.852	594	584	2	582	82773	84554	0.0	605
CDF88199.1	CP097144.1	34.642	433	434	6	432	608073	606826	2.43e-74	252
CDF88200.1	CP097147.1	47.674	1569	1563	1	1561	89356	84890	0.0	1449
CDF88201.1	CP097147.1	31.301	246	252	12	241	90399	89665	2.64e-27	108
CDF88203.1	CP097144.1	41.200	983	908	1	901	601168	604083	0.0	637
CDF88204.1	CP097147.1	57.416	209	207	1	204	93738	94328	1.37e-75	245
CDF88205.1	CP097147.1	76.042	288	284	1	284	94747	95601	7.90e-126	393
CDF88206.1	CP097144.1	34.272	213	199	4	195	600325	600891	5.69e-29	111
CDF88207.1	CP097147.1	60.997	341	370	16	355	96918	95905	1.55e-141	442
CDF88207.1	CP097133.1	27.714	350	370	26	367	340159	339281	2.12e-26	109
CDF88207.1	CP097140.1	26.667	345	370	26	368	168003	168857	5.27e-25	105
CDF88207.1	CP097145.1	26.879	346	370	26	368	563021	563878	2.43e-23	100
CDF88207.1	CP097138.1	37.879	132	370	202	330	172006	171629	1.89e-14	73.6
CDF88208.1	CP097147.1	87.898	471	461	1	461	97484	98896	0.0	845
CDF88208.1	CP097135.1	41.892	444	461	19	446	860546	859230	3.53e-106	345
CDF88209.1	CP097147.1	91.558	154	159	4	157	99665	99204	1.78e-87	277
CDF88209.1	CP097136.1	56.688	157	159	1	157	96975	97439	8.23e-52	175
CDF88210.1	CP097147.1	39.713	209	193	2	192	100442	101068	1.57e-37	135
CDF88211.1	CP097144.1	68.531	286	298	1	283	599929	599090	3.86e-123	386
CDF88211.1	CP097147.1	69.784	278	298	1	275	101527	102330	1.48e-120	379
CDF88212.1	CP097142.1	66.279	258	258	1	258	305358	306125	6.31e-111	349
CDF88213.1	CP097135.1	66.782	1445	1494	43	1487	471242	475537	0.0	2083
CDF88213.1	CP097135.1	38.584	1384	1494	113	1475	1263385	1267521	0.0	1024
CDF88213.1	CP097135.1	20.614	684	1494	157	783	1265671	1267536	9.55e-24	108
CDF88213.1	CP097145.1	62.451	1028	1494	467	1493	761027	764065	0.0	1387
CDF88213.1	CP097145.1	62.069	406	1494	74	477	759841	761058	1.77e-156	527
CDF88213.1	CP097145.1	21.131	672	1494	157	776	762200	764047	7.60e-22	102
CDF88213.1	CP097147.1	42.770	1480	1494	34	1492	437531	433188	0.0	1217
CDF88213.1	CP097146.1	39.040	1396	1494	113	1475	589574	593695	0.0	1024
CDF88213.1	CP097146.1	37.798	1426	1494	113	1475	901557	905810	0.0	984
CDF88213.1	CP097146.1	35.924	1364	1494	160	1475	318340	322302	0.0	834
CDF88213.1	CP097146.1	24.390	984	1494	170	1108	161896	159200	2.24e-58	222
CDF88213.1	CP097146.1	24.767	537	1494	851	1355	161968	160415	9.14e-33	138
CDF88213.1	CP097146.1	25.400	500	1494	153	628	159952	158564	4.25e-28	122
CDF88213.1	CP097140.1	40.242	661	1494	845	1478	307453	305549	1.10e-143	489
CDF88213.1	CP097140.1	31.152	382	1494	160	528	309548	308472	2.87e-92	187
CDF88213.1	CP097140.1	36.187	257	1494	524	778	308487	307717	2.87e-92	171
CDF88213.1	CP097140.1	23.609	665	1494	157	768	307408	305588	5.29e-23	105
CDF88214.1	CP097142.1	58.434	166	240	1	166	306455	306949	1.63e-62	209
CDF88214.1	CP097142.1	47.475	99	240	139	237	306867	307160	1.43e-21	92.0
CDF88215.1	CP097147.1	80.284	1902	1901	1	1900	102898	108561	0.0	3145
CDF88216.1	CP097133.1	44.928	207	202	1	197	362098	362718	3.65e-49	169
CDF88217.1	CP097147.1	48.352	91	129	50	123	111662	111934	8.17e-22	88.2
CDF88217.1	CP097144.1	48.101	79	129	53	125	595983	595747	9.05e-19	79.3
CDF88218.1	CP097147.1	70.787	356	423	69	423	113236	114297	7.74e-174	538
CDF88218.1	CP097144.1	28.270	237	423	178	406	595080	594406	1.71e-15	77.8
CDF88219.1	CP097147.1	67.550	302	331	37	331	115340	114435	2.78e-136	426
CDF88220.1	CP097144.1	37.945	759	668	1	640	591980	594187	7.73e-117	384
CDF88221.1	CP097147.1	75.251	1196	1180	1	1175	116035	119619	0.0	1824
CDF88221.1	CP097145.1	39.203	954	1180	204	1112	594857	597616	0.0	639
CDF88221.1	CP097143.1	39.003	923	1180	204	1091	628379	631051	0.0	619
CDF88221.1	CP097137.1	29.412	425	1180	546	870	138608	139852	3.86e-39	158
CDF88221.1	CP097137.1	46.575	73	1180	1013	1085	139976	140194	4.83e-16	82.8
CDF88221.1	CP097137.1	27.863	262	1180	556	810	139631	140341	4.01e-14	76.3
CDF88221.1	CP097136.1	28.271	428	1180	558	888	221840	220602	2.81e-38	155
CDF88222.1	CP097144.1	64.599	274	290	17	290	590601	591422	1.59e-126	395
CDF88223.1	CP097147.1	77.397	146	146	1	146	120275	120712	1.97e-74	239
CDF88224.1	CP097144.1	52.453	530	507	1	507	588688	590241	3.80e-162	508
CDF88224.1	CP097147.1	47.451	510	507	1	507	122359	120908	4.09e-140	445
CDF88225.1	CP097144.1	34.352	1342	1342	25	1301	584123	588064	0.0	718
CDF88228.1	CP097144.1	32.640	625	622	115	622	577926	579698	9.45e-75	259
CDF88228.1	CP097146.1	35.354	99	622	521	618	75060	75350	8.05e-15	77.0
CDF88229.1	CP097147.1	51.580	696	668	1	668	124429	126492	0.0	721
CDF88230.1	CP097133.1	36.721	610	998	405	972	171610	169898	3.16e-109	373
CDF88231.1	CP097147.1	63.590	791	792	3	787	127320	129674	0.0	1042
CDF88231.1	CP097138.1	65.287	749	792	18	755	259143	261335	0.0	998
CDF88231.1	CP097132.1	39.117	634	792	19	632	33043	34935	1.60e-139	455
CDF88231.1	CP097146.1	35.082	610	792	24	612	988814	986991	1.91e-111	373
CDF88232.1	CP097138.1	23.958	288	444	75	355	262670	261993	7.31e-15	75.9
CDF88233.1	CP097138.1	75.902	859	883	7	862	263439	265973	0.0	1394
CDF88233.1	CP097135.1	27.991	443	883	1	382	204244	202946	1.05e-49	190
CDF88233.1	CP097135.1	29.130	230	883	51	255	999119	998439	8.16e-13	71.2
CDF88233.1	CP097135.1	26.630	184	883	80	258	728953	729471	5.47e-11	65.5
CDF88233.1	CP097147.1	29.646	226	883	69	294	260999	260346	7.87e-20	94.4
CDF88233.1	CP097147.1	33.088	136	883	126	259	261086	260694	2.08e-16	83.2
CDF88233.1	CP097140.1	25.952	289	883	28	267	247477	248301	5.42e-18	88.2
CDF88233.1	CP097133.1	30.275	218	883	95	311	597038	596403	3.10e-17	85.9
CDF88234.1	CP097138.1	68.493	292	309	26	307	267136	266261	4.44e-136	424
CDF88234.1	CP097133.1	26.692	266	309	38	295	345792	345205	9.97e-18	82.4
CDF88234.1	CP097134.1	35.211	142	309	16	156	31278	31664	3.05e-12	65.9
CDF88235.1	CP097147.1	90.783	217	217	1	217	130058	130708	3.15e-121	377
CDF88235.1	CP097138.1	90.783	217	217	1	217	267993	268643	3.15e-121	377
CDF88236.1	CP097138.1	35.909	440	486	54	481	269096	270307	9.63e-59	208
CDF88236.1	CP097147.1	31.635	471	486	54	479	131132	132475	7.12e-53	191
CDF88237.1	CP097147.1	92.778	180	189	10	189	133135	133674	5.45e-112	349
CDF88237.1	CP097147.1	29.545	176	189	19	185	447247	447759	5.48e-20	85.5
CDF88237.1	CP097135.1	35.714	182	189	6	187	122478	123002	8.26e-28	107
CDF88237.1	CP097135.1	35.714	168	189	20	187	222611	223093	2.25e-27	106
CDF88237.1	CP097146.1	32.335	167	189	20	186	472186	472668	1.68e-24	98.6
CDF88237.1	CP097133.1	31.609	174	189	18	189	548513	548013	1.83e-24	98.2
CDF88237.1	CP097144.1	29.371	143	189	12	148	516792	517220	2.61e-12	63.2
CDF88238.1	CP097147.1	73.080	1185	1177	1	1165	137441	133935	0.0	1718
CDF88238.1	CP097135.1	24.206	252	1177	781	1028	349275	349982	2.30e-11	67.4
CDF88239.1	CP097138.1	50.913	1259	1124	1	1118	271059	274829	0.0	1172
CDF88239.1	CP097147.1	29.501	1122	1124	1	1067	138091	141249	9.48e-124	419
CDF88240.1	CP097147.1	71.746	315	335	21	335	141746	142681	4.22e-153	474
CDF88241.1	CP097147.1	67.647	544	543	1	543	144452	142833	0.0	763
CDF88242.1	CP097147.1	58.577	239	235	1	235	144875	145588	1.88e-84	272
CDF88243.1	CP097138.1	38.961	1463	1476	9	1446	279187	275051	0.0	1017
CDF88243.1	CP097147.1	27.128	188	1476	1084	1269	619882	620358	1.10e-12	72.0
CDF88244.1	CP097138.1	72.527	455	446	1	446	279509	280873	0.0	704
CDF88245.1	CP097138.1	50.780	449	440	1	439	282427	281081	4.92e-149	467
CDF88246.1	CP097147.1	75.152	495	537	1	494	147410	145926	0.0	788
CDF88246.1	CP097138.1	40.488	410	537	55	462	396567	397712	2.37e-87	293
CDF88247.1	CP097147.1	87.293	181	181	1	181	147755	148297	3.39e-109	340
CDF88248.1	CP097147.1	49.604	631	631	1	621	150472	148589	0.0	578
CDF88249.1	CP097138.1	60.896	491	534	54	533	395962	394493	0.0	609
CDF88249.1	CP097138.1	25.114	438	534	95	526	374507	373401	8.95e-24	105
CDF88249.1	CP097138.1	22.715	361	534	145	494	190320	191192	2.13e-13	72.0
CDF88249.1	CP097145.1	25.420	417	534	141	530	690900	691979	3.29e-20	93.6
CDF88249.1	CP097139.1	25.670	448	534	83	514	214290	213256	1.19e-18	89.0
CDF88249.1	CP097146.1	24.036	441	534	111	526	693101	694192	1.29e-18	88.6
CDF88249.1	CP097146.1	25.000	460	534	83	525	384287	383205	3.15e-17	84.3
CDF88249.1	CP097137.1	24.895	478	534	70	533	122484	121285	3.27e-18	87.4
CDF88250.1	CP097147.1	58.445	373	369	8	369	151883	150768	3.75e-132	416
CDF88250.1	CP097147.1	36.398	261	369	107	362	160712	161488	4.86e-53	187
CDF88250.1	CP097147.1	29.642	307	369	79	362	257620	256718	1.03e-38	146
CDF88250.1	CP097147.1	33.463	257	369	108	362	262222	262971	5.03e-38	144
CDF88250.1	CP097147.1	27.273	286	369	104	368	279882	279025	3.12e-32	127
CDF88250.1	CP097147.1	29.213	267	369	117	363	282297	281509	1.38e-28	116
CDF88250.1	CP097147.1	28.622	283	369	110	343	735713	736561	4.08e-27	112
CDF88250.1	CP097147.1	25.497	302	369	107	364	480193	479303	8.27e-21	93.2
CDF88250.1	CP097147.1	25.902	305	369	115	362	848318	847410	1.61e-19	89.4
CDF88250.1	CP097147.1	23.101	316	369	111	362	653965	654864	1.11e-15	77.4
CDF88250.1	CP097147.1	27.586	174	369	158	321	461339	460821	3.90e-14	72.8
CDF88250.1	CP097141.1	34.815	270	369	98	362	115604	114801	4.01e-55	194
CDF88250.1	CP097141.1	33.213	277	369	106	364	189640	188828	2.60e-28	115
CDF88250.1	CP097141.1	28.364	275	369	114	368	255532	256338	3.41e-28	115
CDF88250.1	CP097141.1	28.731	268	369	55	305	82742	81972	7.06e-18	84.3
CDF88250.1	CP097141.1	26.977	215	369	117	321	159857	159231	1.82e-13	70.9
CDF88250.1	CP097141.1	31.293	147	369	186	308	539209	539640	3.03e-12	67.0
CDF88250.1	CP097141.1	25.664	226	369	166	356	112330	111686	1.81e-11	64.3
CDF88250.1	CP097142.1	35.821	268	369	107	369	135758	134967	5.24e-54	190
CDF88250.1	CP097142.1	31.271	291	369	111	364	249381	250253	9.12e-43	157
CDF88250.1	CP097142.1	33.080	263	369	104	362	206948	207736	1.03e-41	154
CDF88250.1	CP097142.1	28.426	197	369	116	309	184064	184648	1.55e-16	80.1
CDF88250.1	CP097142.1	26.744	258	369	152	362	222375	221605	3.83e-16	79.0
CDF88250.1	CP097142.1	25.926	216	369	184	362	150914	150270	1.11e-15	77.4
CDF88250.1	CP097142.1	27.976	168	369	210	356	348062	347559	3.02e-13	70.1
CDF88250.1	CP097142.1	27.083	144	369	170	302	132282	131851	3.52e-12	66.6
CDF88250.1	CP097142.1	27.717	184	369	149	310	69745	69206	7.09e-12	65.9
CDF88250.1	CP097135.1	31.673	281	369	94	359	1417846	1417004	3.45e-47	171
CDF88250.1	CP097135.1	33.096	281	369	103	364	1450051	1449209	3.49e-45	165
CDF88250.1	CP097135.1	31.559	263	369	108	369	1396414	1397199	5.40e-41	152
CDF88250.1	CP097135.1	28.772	285	369	107	364	714272	715126	6.84e-40	149
CDF88250.1	CP097135.1	32.517	286	369	110	364	1379040	1379897	3.33e-39	147
CDF88250.1	CP097135.1	31.633	294	369	100	362	287311	286430	2.66e-36	139
CDF88250.1	CP097135.1	31.915	282	369	109	364	179105	179941	1.07e-24	104
CDF88250.1	CP097135.1	29.388	245	369	117	352	1471266	1470550	1.47e-22	98.6
CDF88250.1	CP097135.1	26.182	275	369	114	363	412198	411383	4.94e-20	90.9
CDF88250.1	CP097135.1	25.893	224	369	162	362	1023406	1022747	1.27e-13	71.2
CDF88250.1	CP097135.1	22.968	283	369	56	323	75813	74998	3.42e-13	69.7
CDF88250.1	CP097135.1	27.723	202	369	111	306	273814	274404	4.98e-13	69.3
CDF88250.1	CP097135.1	25.267	281	369	117	368	407859	407038	6.44e-13	68.9
CDF88250.1	CP097135.1	24.883	213	369	168	356	963105	963731	4.72e-12	66.2
CDF88250.1	CP097135.1	29.208	202	369	128	312	319970	319371	2.90e-11	63.9
CDF88250.1	CP097134.1	34.164	281	369	103	364	79007	79834	8.18e-45	164
CDF88250.1	CP097134.1	33.520	179	369	211	364	274645	275181	1.21e-36	101
CDF88250.1	CP097134.1	33.981	103	369	101	203	274317	274616	1.21e-36	68.9
CDF88250.1	CP097134.1	26.545	275	369	117	364	242477	241659	3.31e-25	106
CDF88250.1	CP097134.1	31.707	205	369	117	303	129248	129856	1.54e-22	98.2
CDF88251.1	CP097133.1	54.144	181	178	6	178	346603	346079	1.31e-51	175
CDF88252.1	CP097135.1	55.752	226	213	1	213	531203	531802	1.34e-81	263
CDF88253.1	CP097133.1	76.206	311	299	1	299	345819	344890	3.17e-157	484
CDF88253.1	CP097134.1	41.475	217	299	3	218	31305	31922	5.64e-43	155
CDF88253.1	CP097138.1	34.545	110	299	9	117	267103	266801	6.86e-11	61.6
CDF88254.1	CP097135.1	65.112	1072	1050	12	1047	529829	526617	0.0	1466
CDF88254.1	CP097138.1	29.476	1011	1050	12	1007	197752	195053	3.19e-115	392
CDF88254.1	CP097138.1	29.712	451	1050	486	911	497715	499004	4.50e-45	177
CDF88254.1	CP097138.1	28.371	356	1050	22	371	492443	491520	1.05e-31	133
CDF88254.1	CP097138.1	30.351	313	1050	486	797	491366	490533	4.15e-28	122
CDF88254.1	CP097138.1	25.178	421	1050	24	374	496122	497291	4.80e-23	105
CDF88254.1	CP097147.1	28.371	356	1050	24	371	470412	471329	4.70e-33	138
CDF88254.1	CP097147.1	28.750	320	1050	476	794	471453	472307	1.90e-27	119
CDF88254.1	CP097140.1	23.923	673	1050	135	733	240109	242016	1.13e-20	97.4
CDF88255.1	CP097135.1	88.276	580	610	3	582	524629	526365	0.0	1054
CDF88255.1	CP097145.1	32.370	519	610	98	583	489570	491084	9.17e-64	227
CDF88255.1	CP097133.1	33.668	199	610	42	235	343062	343583	4.26e-23	70.5
CDF88255.1	CP097133.1	58.696	46	610	3	48	342946	343083	4.26e-23	55.5
CDF88255.1	CP097133.1	44.444	117	610	451	560	344248	344592	2.33e-19	91.7
CDF88255.1	CP097133.1	56.944	72	610	331	401	343682	343897	9.31e-16	80.1
CDF88255.1	CP097133.1	35.829	187	610	418	586	344153	344668	1.39e-15	79.3
CDF88255.1	CP097143.1	22.704	577	610	23	574	97258	95687	9.68e-17	83.2
CDF88256.1	CP097133.1	51.730	636	597	1	597	342564	340708	0.0	646
CDF88257.1	CP097133.1	61.285	576	1001	1	534	340240	338525	0.0	682
CDF88257.1	CP097133.1	35.379	277	1001	787	1000	337714	336917	1.36e-21	100
CDF88257.1	CP097140.1	45.938	320	1001	9	327	167958	168887	2.52e-84	298
CDF88257.1	CP097145.1	38.574	477	1001	9	465	562976	564277	4.25e-81	288
CDF88257.1	CP097145.1	25.660	265	1001	68	320	71179	71907	1.63e-13	73.9
CDF88257.1	CP097144.1	28.472	288	1001	36	313	253923	253177	4.71e-18	89.0
CDF88257.1	CP097139.1	29.304	273	1001	37	300	302105	302854	2.27e-16	83.2
CDF88258.1	CP097133.1	41.333	75	77	4	75	336607	336383	4.59e-15	66.6
CDF88259.1	CP097133.1	44.000	75	76	3	74	336607	336383	2.19e-18	75.9
CDF88260.1	CP097133.1	41.892	74	76	2	73	336607	336386	3.10e-16	69.7
CDF88262.1	CP097135.1	56.466	464	502	29	491	523781	522417	3.62e-170	531
CDF88263.1	CP097133.1	59.538	650	765	128	764	335673	333730	0.0	786
CDF88263.1	CP097133.1	44.595	148	765	3	146	336061	335657	6.71e-28	120
CDF88263.1	CP097135.1	24.068	295	765	314	556	611199	610351	4.37e-12	68.6
CDF88264.1	CP097133.1	41.848	368	361	1	350	333353	332301	4.73e-73	245
CDF88265.1	CP097135.1	84.946	372	372	1	372	520996	522105	0.0	668
CDF88265.1	CP097133.1	61.281	359	372	15	372	697615	696566	6.09e-142	444
CDF88266.1	CP097133.1	52.321	474	492	25	492	328024	329442	1.76e-172	537
CDF88266.1	CP097143.1	24.051	316	492	5	301	720679	721572	7.61e-12	66.6
CDF88266.1	CP097146.1	26.045	311	492	43	333	660248	661123	4.64e-11	64.3
CDF88267.1	CP097133.1	43.854	903	874	1	868	327362	324675	0.0	746
CDF88268.1	CP097135.1	64.378	772	722	22	722	517190	514884	0.0	944
CDF88270.1	CP097139.1	36.283	452	481	38	476	158042	159394	2.35e-91	303
CDF88270.1	CP097135.1	37.002	427	481	51	471	1138444	1137170	3.72e-82	276
CDF88271.1	CP097135.1	58.376	197	201	1	197	509842	509255	2.52e-75	244
CDF88271.1	CP097134.1	52.062	194	201	1	192	120133	119555	1.49e-61	205
CDF88271.1	CP097133.1	44.608	204	201	1	192	319418	318810	1.75e-48	167
CDF88272.1	CP097138.1	58.813	1112	1100	1	1098	347370	344041	0.0	1343
CDF88272.1	CP097146.1	28.804	184	1100	892	1069	149589	149119	2.51e-13	73.6
CDF88273.1	CP097147.1	52.264	1016	982	1	978	196802	193767	0.0	1073
CDF88274.1	CP097147.1	57.303	89	87	1	87	193397	193639	2.41e-22	87.8
CDF88275.1	CP097143.1	38.261	230	202	5	202	58894	59565	5.00e-37	135
CDF88276.1	CP097142.1	51.485	303	312	9	306	263576	264481	1.71e-104	333
CDF88278.1	CP097133.1	56.634	309	315	1	308	576202	577128	3.75e-109	347
CDF88278.1	CP097147.1	55.814	301	315	4	303	377385	378287	4.99e-108	343
CDF88279.1	CP097147.1	91.906	556	583	1	556	380370	378703	0.0	1085
CDF88280.1	CP097147.1	31.956	1355	2595	619	1888	381773	385411	2.51e-152	532
CDF88281.1	CP097133.1	59.608	255	283	30	280	579984	579220	4.18e-109	345
CDF88282.1	CP097147.1	50.703	854	826	1	826	387961	390492	0.0	881
CDF88282.1	CP097146.1	24.872	390	826	5	386	810769	809711	1.01e-17	87.4
CDF88283.1	CP097147.1	47.005	434	439	24	429	391946	390666	9.01e-116	372
CDF88285.1	CP097133.1	47.529	526	553	1	508	580641	582191	2.74e-147	468
CDF88285.1	CP097135.1	28.958	259	553	302	552	243917	243243	4.07e-16	80.9
CDF88285.1	CP097135.1	31.073	177	553	300	473	243104	242655	2.59e-13	72.0
CDF88286.1	CP097133.1	65.854	246	257	15	256	582824	583555	3.94e-95	304
CDF88288.1	CP097147.1	72.876	1895	1882	1	1882	398002	392402	0.0	2852
CDF88288.1	CP097140.1	36.096	543	1882	1260	1797	103251	104750	1.50e-85	312
CDF88288.1	CP097146.1	34.808	520	1882	1282	1797	827329	825902	8.31e-84	306
CDF88288.1	CP097146.1	35.529	577	1882	1254	1817	854295	855815	9.93e-84	306
CDF88288.1	CP097146.1	25.753	365	1882	1281	1600	664671	665720	6.89e-21	99.4
CDF88288.1	CP097146.1	32.593	135	1882	1664	1798	666252	666650	5.26e-16	83.6
CDF88288.1	CP097133.1	34.082	534	1882	1281	1804	690656	689247	2.02e-78	289
CDF88288.1	CP097133.1	31.550	542	1882	1310	1816	364207	365694	5.91e-57	218
CDF88288.1	CP097133.1	28.609	381	1882	1271	1597	447824	448903	1.14e-26	118
CDF88288.1	CP097133.1	29.870	154	1882	1664	1817	449255	449707	8.04e-17	86.3
CDF88288.1	CP097141.1	31.250	576	1882	1271	1797	491068	492639	3.05e-77	285
CDF88289.1	CP097135.1	86.375	389	393	5	393	233467	234633	0.0	717
CDF88289.1	CP097135.1	85.567	388	393	6	393	139616	140779	0.0	706
CDF88290.1	CP097147.1	90.000	180	198	4	183	399378	399917	2.31e-105	330
CDF88290.1	CP097133.1	90.395	177	198	4	180	585017	585547	4.21e-104	327
CDF88291.1	CP097133.1	78.912	147	147	1	147	586783	587223	7.78e-79	252
CDF88291.1	CP097147.1	78.912	147	147	1	147	401014	401454	1.01e-78	251
CDF88292.1	CP097133.1	73.067	375	379	9	379	587742	588866	5.01e-173	533
CDF88292.1	CP097133.1	25.758	330	379	56	379	764223	763354	3.90e-17	82.0
CDF88292.1	CP097133.1	22.561	328	379	60	375	396110	396973	3.48e-13	70.1
CDF88292.1	CP097133.1	22.866	328	379	60	375	155885	155022	2.41e-12	67.4
CDF88292.1	CP097133.1	20.930	258	379	15	266	155699	155022	8.98e-11	62.4
CDF88292.1	CP097136.1	31.373	357	379	33	379	140941	141879	2.57e-46	168
CDF88292.1	CP097140.1	30.091	329	379	48	372	321468	322331	4.79e-36	138
CDF88292.1	CP097140.1	25.507	345	379	42	372	81369	82298	4.44e-27	112
CDF88292.1	CP097147.1	27.987	318	379	61	373	589319	588489	6.19e-31	123
CDF88292.1	CP097147.1	26.807	332	379	60	374	571535	570648	6.79e-22	96.7
CDF88292.1	CP097147.1	23.214	336	379	46	368	293424	292549	7.64e-19	87.4
CDF88292.1	CP097147.1	27.854	219	379	38	249	589112	588528	3.84e-13	69.7
CDF88292.1	CP097147.1	23.404	329	379	62	378	661410	662243	4.39e-13	69.7
CDF88292.1	CP097146.1	24.848	330	379	51	368	728067	728927	8.44e-27	111
CDF88292.1	CP097146.1	27.469	324	379	62	378	483512	482661	1.86e-16	80.1
CDF88292.1	CP097146.1	24.383	324	379	60	377	540075	539242	2.41e-16	79.7
CDF88293.1	CP097133.1	61.972	213	220	1	207	589837	589208	2.67e-79	257
CDF88294.1	CP097133.1	52.500	40	79	18	57	590320	590439	8.11e-11	54.7
CDF88295.1	CP097147.1	66.667	240	239	1	239	402650	401931	8.88e-104	328
CDF88296.1	CP097133.1	54.187	406	394	4	393	591924	590710	6.91e-150	468
CDF88296.1	CP097136.1	23.529	408	394	5	392	43416	44555	6.30e-30	120
CDF88297.1	CP097133.1	84.601	552	555	3	554	593981	592326	0.0	983
CDF88298.1	CP097133.1	69.825	802	785	20	784	598598	596214	0.0	1139
CDF88298.1	CP097134.1	30.081	246	785	560	782	260089	259382	2.27e-26	115
CDF88298.1	CP097134.1	25.573	262	785	453	710	221474	220734	8.22e-19	90.9
CDF88298.1	CP097134.1	25.519	337	785	450	708	240831	239827	9.26e-19	90.5
CDF88298.1	CP097134.1	26.786	224	785	515	713	260098	259448	2.89e-18	89.0
CDF88298.1	CP097134.1	35.294	170	785	552	710	240945	240448	2.52e-17	85.9
CDF88298.1	CP097147.1	30.952	252	785	466	708	874976	875689	1.47e-25	112
CDF88298.1	CP097147.1	27.966	236	785	505	739	261065	260376	8.74e-22	100
CDF88298.1	CP097147.1	28.269	283	785	492	719	260984	260145	1.11e-18	90.1
CDF88298.1	CP097147.1	31.405	121	785	592	712	875204	875563	2.15e-15	79.7
CDF88298.1	CP097135.1	30.508	236	785	511	714	204085	203381	1.03e-21	100
CDF88298.1	CP097135.1	24.910	277	785	471	712	204037	203264	1.38e-13	73.6
CDF88298.1	CP097135.1	25.000	220	785	520	710	204184	203525	2.22e-13	73.2
CDF88298.1	CP097137.1	28.689	244	785	491	711	99547	100263	2.16e-20	95.9
CDF88298.1	CP097137.1	25.839	298	785	460	709	99616	100437	2.47e-16	82.8
CDF88299.1	CP097147.1	46.570	277	282	10	282	404370	405200	1.39e-68	229
CDF88300.1	CP097147.1	49.333	75	336	153	227	403702	403478	9.22e-19	86.3
CDF88300.1	CP097133.1	46.667	60	336	165	224	595617	595438	4.40e-12	65.9
CDF88301.1	CP097138.1	46.980	149	346	150	297	575743	575297	1.28e-40	150
CDF88302.1	CP097143.1	73.134	335	333	1	333	834383	833379	2.26e-157	486
CDF88302.1	CP097138.1	69.069	333	333	1	331	573734	572736	5.46e-152	471
CDF88303.1	CP097138.1	44.706	85	130	1	80	571786	572040	2.15e-14	67.0
CDF88304.1	CP097143.1	45.378	119	630	513	630	832833	833186	3.78e-31	129
CDF88304.1	CP097138.1	48.718	117	630	514	630	571078	571425	5.97e-25	109
CDF88305.1	CP097143.1	59.876	805	795	4	795	828200	830566	0.0	972
CDF88306.1	CP097138.1	82.740	365	366	1	363	567696	568790	0.0	641
CDF88306.1	CP097138.1	30.508	236	366	9	221	172381	171698	6.56e-20	90.5
CDF88306.1	CP097138.1	26.471	374	366	19	340	167577	168527	7.52e-14	71.6
CDF88306.1	CP097133.1	55.738	366	366	1	362	184390	185445	7.58e-128	403
CDF88306.1	CP097133.1	35.127	316	366	11	311	540213	541082	3.45e-47	171
CDF88306.1	CP097133.1	27.823	248	366	13	229	275673	274954	4.61e-15	75.5
CDF88306.1	CP097133.1	25.581	301	366	19	311	729330	730112	4.81e-14	72.4
CDF88306.1	CP097133.1	26.087	230	366	3	228	13600	12965	8.84e-14	71.6
CDF88306.1	CP097139.1	49.530	319	366	7	321	154522	153587	6.55e-94	305
CDF88306.1	CP097139.1	28.448	232	366	7	238	302120	302773	4.07e-22	97.1
CDF88306.1	CP097139.1	26.885	305	366	8	311	79960	79190	1.39e-19	89.4
CDF88306.1	CP097139.1	28.251	223	366	10	224	496183	496797	1.86e-18	85.9
CDF88306.1	CP097143.1	44.818	357	366	7	362	351688	352662	5.14e-92	300
CDF88306.1	CP097143.1	26.129	310	366	7	290	92738	91866	2.47e-19	88.6
CDF88306.1	CP097143.1	24.497	298	366	10	260	848153	848986	1.04e-16	80.5
CDF88306.1	CP097143.1	28.959	221	366	113	329	313278	313814	8.28e-15	74.7
CDF88306.1	CP097142.1	44.582	323	366	7	320	151175	150243	6.40e-78	259
CDF88306.1	CP097142.1	30.484	351	366	11	343	184043	185005	4.41e-40	150
CDF88306.1	CP097142.1	26.646	319	366	13	312	206969	207739	1.64e-18	86.3
CDF88306.1	CP097142.1	25.153	326	366	16	307	132522	131641	1.05e-15	77.4
CDF88306.1	CP097142.1	25.656	343	366	8	316	249366	250262	1.13e-14	74.3
CDF88306.1	CP097142.1	25.806	217	366	11	220	135752	135171	6.18e-14	72.0
CDF88308.1	CP097143.1	71.429	287	288	2	286	827389	826529	6.83e-147	454
CDF88308.1	CP097141.1	31.310	313	288	3	281	195097	196017	3.90e-40	147
CDF88309.1	CP097138.1	85.057	87	87	1	87	563842	563582	1.75e-44	150
CDF88310.1	CP097143.1	80.675	859	860	2	860	823436	820860	0.0	1434
CDF88311.1	CP097138.1	60.092	218	238	4	221	562687	562034	1.77e-87	281
CDF88313.1	CP097143.1	55.410	536	528	3	527	817607	819112	0.0	599
CDF88313.1	CP097141.1	28.090	445	528	75	513	141210	140050	5.88e-51	187
CDF88313.1	CP097140.1	27.742	465	528	58	506	149260	147998	2.72e-47	176
CDF88314.1	CP097138.1	88.618	123	127	5	127	560151	560519	4.45e-69	223
CDF88314.1	CP097143.1	89.344	122	127	6	127	816862	817227	5.30e-69	223
CDF88315.1	CP097138.1	64.433	194	298	105	298	558678	558097	7.09e-81	265
CDF88316.1	CP097143.1	53.047	558	560	10	560	812888	814528	0.0	576
CDF88316.1	CP097144.1	45.068	517	560	1	516	859152	860600	3.21e-130	419
CDF88316.1	CP097144.1	37.018	389	560	1	370	668898	670004	3.14e-67	236
CDF88316.1	CP097146.1	41.828	361	560	38	392	236875	237888	5.17e-85	288
CDF88316.1	CP097146.1	41.457	357	560	33	380	45793	46815	5.92e-76	261
CDF88317.1	CP097143.1	83.784	1887	1882	7	1880	806770	812388	0.0	3325
CDF88317.1	CP097138.1	81.618	1904	1882	1	1880	552110	557788	0.0	3232
CDF88317.1	CP097144.1	54.664	1769	1882	138	1858	853314	858602	0.0	2004
CDF88318.1	CP097138.1	52.632	304	387	86	380	550410	551312	6.01e-96	312
CDF88318.1	CP097138.1	23.793	290	387	114	374	531978	531127	9.43e-13	68.6
CDF88319.1	CP097143.1	23.045	243	584	184	417	804880	805569	1.77e-11	65.9
CDF88320.1	CP097143.1	82.372	312	312	1	312	802657	803592	2.18e-151	468
CDF88321.1	CP097138.1	41.333	150	154	13	153	549954	549520	8.85e-30	112
CDF88323.1	CP097143.1	55.405	148	779	17	162	801829	801440	7.48e-24	107
CDF88324.1	CP097138.1	60.588	170	179	14	179	547537	548034	9.91e-67	219
CDF88324.1	CP097147.1	31.034	87	179	80	166	634374	634114	1.07e-15	72.8
CDF88325.1	CP097138.1	72.099	362	362	1	362	546035	547120	1.48e-180	554
CDF88325.1	CP097138.1	37.662	231	362	85	307	1003415	1004101	2.20e-44	162
CDF88325.1	CP097138.1	32.328	232	362	87	312	420812	420126	1.48e-33	130
CDF88325.1	CP097147.1	39.922	258	362	67	312	411025	411786	9.86e-52	184
CDF88325.1	CP097147.1	32.759	290	362	25	312	869707	868865	1.42e-44	163
CDF88325.1	CP097147.1	34.211	228	362	87	312	598862	599536	1.34e-28	116
CDF88325.1	CP097135.1	38.362	232	362	87	316	244040	243351	8.99e-44	160
CDF88325.1	CP097135.1	35.017	297	362	70	355	243266	242433	3.04e-41	153
CDF88325.1	CP097135.1	34.694	245	362	75	312	1245906	1246631	1.77e-34	133
CDF88325.1	CP097135.1	42.478	113	362	89	201	443706	444041	5.03e-29	100
CDF88325.1	CP097135.1	29.070	86	362	229	312	444131	444385	5.03e-29	44.3
CDF88325.1	CP097143.1	38.696	230	362	87	311	57029	56343	1.89e-43	159
CDF88325.1	CP097143.1	37.500	232	362	88	312	910413	909736	6.03e-40	149
CDF88325.1	CP097143.1	36.328	256	362	89	336	58007	57246	5.81e-39	146
CDF88325.1	CP097143.1	38.596	228	362	88	307	911226	910552	2.52e-38	144
CDF88325.1	CP097136.1	35.926	270	362	64	312	241675	240878	1.53e-42	157
CDF88325.1	CP097136.1	33.745	243	362	85	312	187486	186773	1.29e-28	116
CDF88326.1	CP097143.1	50.972	926	893	1	891	799170	796480	0.0	847
CDF88327.1	CP097143.1	44.186	387	597	262	597	795245	796360	3.77e-71	248
CDF88327.1	CP097143.1	38.785	428	597	1	397	794204	795367	5.73e-49	182
CDF88327.1	CP097140.1	32.258	124	597	465	580	221386	221018	1.08e-12	70.1
CDF88328.1	CP097138.1	89.623	106	107	1	106	544556	544239	8.72e-43	147
CDF88328.1	CP097143.1	88.679	106	107	1	106	792674	792357	6.01e-42	144
CDF88329.1	CP097138.1	52.899	276	274	4	274	543095	543916	6.67e-92	295
CDF88330.1	CP097138.1	75.527	237	237	1	237	542694	541984	1.44e-126	393
CDF88332.1	CP097143.1	54.455	202	617	422	617	782442	783029	4.24e-51	189
CDF88333.1	CP097138.1	47.143	280	289	18	287	537655	538494	4.96e-74	245
CDF88334.1	CP097138.1	78.814	118	118	1	118	537334	536981	3.17e-60	197
CDF88335.1	CP097143.1	75.085	293	765	1	292	778995	779864	3.52e-145	470
CDF88336.1	CP097138.1	81.529	471	515	45	515	535236	536648	0.0	799
CDF88336.1	CP097146.1	26.651	424	515	103	513	33332	34450	3.22e-27	115
CDF88336.1	CP097143.1	25.342	438	515	93	515	998383	999567	8.46e-24	104
CDF88337.1	CP097138.1	49.007	302	287	18	287	533794	534684	1.79e-83	272
CDF88338.1	CP097141.1	77.805	410	409	1	409	396967	398163	0.0	656
CDF88338.1	CP097138.1	55.432	359	409	51	409	831537	830476	2.24e-133	421
CDF88339.1	CP097147.1	35.638	564	606	13	572	775232	776860	4.20e-100	333
CDF88339.1	CP097138.1	36.348	564	606	13	572	752342	750726	9.31e-99	329
CDF88339.1	CP097139.1	30.400	500	606	78	571	188905	190368	4.16e-70	246
CDF88339.1	CP097143.1	34.052	464	606	118	577	70669	72045	1.77e-68	241
CDF88339.1	CP097146.1	30.059	509	606	118	595	805909	804410	1.49e-61	220
CDF88340.1	CP097138.1	34.503	342	345	23	322	829975	828968	8.70e-54	189
CDF88341.1	CP097138.1	51.963	764	741	1	738	828425	826260	0.0	660
CDF88342.1	CP097141.1	41.341	537	516	1	506	398531	400069	2.99e-130	417
CDF88343.1	CP097138.1	82.822	489	492	2	490	823620	822154	0.0	862
CDF88344.1	CP097138.1	61.486	148	147	1	147	821549	821109	2.23e-57	190
CDF88345.1	CP097141.1	81.915	188	193	7	193	401062	400499	2.19e-96	304
CDF88345.1	CP097141.1	34.559	136	193	5	138	537568	537206	4.56e-13	65.5
CDF88345.1	CP097143.1	30.328	122	193	52	171	497504	497145	1.88e-12	63.9
CDF88346.1	CP097138.1	64.151	106	106	1	106	833501	833815	3.32e-45	154
CDF88347.1	CP097138.1	65.455	55	71	2	56	834474	834310	8.77e-22	85.1
CDF88348.1	CP097138.1	62.951	1938	1938	7	1912	840936	835186	0.0	2468
CDF88348.1	CP097143.1	30.859	256	1938	723	963	177048	176299	5.82e-23	106
CDF88349.1	CP097143.1	48.941	1888	1836	4	1836	179250	173653	0.0	1768
CDF88349.1	CP097138.1	23.795	664	1836	612	1235	838974	837250	5.06e-25	113
CDF88350.1	CP097138.1	78.406	389	398	2	390	842724	841558	0.0	618
CDF88351.1	CP097138.1	65.427	726	671	5	671	843014	845188	0.0	856
CDF88352.1	CP097138.1	67.838	370	380	1	362	846631	845522	4.92e-166	513
CDF88353.1	CP097143.1	67.575	367	874	512	874	108923	107826	2.02e-162	524
CDF88353.1	CP097138.1	30.519	308	874	530	836	477816	478700	2.78e-44	173
CDF88353.1	CP097138.1	32.733	333	874	530	828	176047	177003	3.89e-38	153
CDF88353.1	CP097138.1	24.464	233	874	611	830	176068	176700	5.07e-12	68.9
CDF88353.1	CP097147.1	26.800	250	874	551	793	639566	638844	5.66e-14	75.1
CDF88354.1	CP097143.1	70.370	351	492	142	492	172544	171492	6.28e-180	558
CDF88354.1	CP097135.1	25.191	262	492	142	398	1418874	1419635	1.42e-11	65.9
CDF88354.1	CP097146.1	24.370	238	492	170	399	292825	292148	5.52e-11	63.9
CDF88355.1	CP097143.1	71.255	247	242	1	242	170914	170174	5.39e-113	354
CDF88356.1	CP097143.1	52.258	155	158	19	158	169686	170144	5.36e-44	152
CDF88357.1	CP097143.1	57.537	544	537	1	529	169393	167789	0.0	639
CDF88357.1	CP097143.1	46.454	564	537	12	526	111315	112901	4.42e-157	495
CDF88357.1	CP097142.1	23.316	386	537	142	514	181494	182537	8.38e-17	82.8
CDF88358.1	CP097143.1	74.843	477	477	1	470	113267	114697	0.0	777
CDF88359.1	CP097143.1	37.234	282	339	67	339	165481	164696	2.16e-46	167
CDF88360.1	CP097143.1	71.810	337	336	1	336	163594	164604	1.17e-169	521
CDF88361.1	CP097143.1	73.469	49	50	2	50	117113	116967	5.37e-21	82.0
CDF88362.1	CP097141.1	74.144	1373	2152	781	2151	431601	435716	0.0	2172
CDF88362.1	CP097135.1	29.596	223	2152	1558	1776	445276	445914	8.15e-18	89.7
CDF88363.1	CP097141.1	68.932	206	202	1	201	436703	436098	4.68e-92	292
CDF88364.1	CP097143.1	67.063	756	754	13	754	117506	119728	0.0	937
CDF88364.1	CP097143.1	32.492	317	754	240	544	688521	687583	1.05e-36	148
CDF88364.1	CP097139.1	37.947	419	754	183	592	214482	213256	7.36e-78	273
CDF88364.1	CP097139.1	36.434	387	754	229	597	427745	428869	6.00e-61	222
CDF88364.1	CP097144.1	38.400	375	754	224	590	823655	822567	1.12e-71	254
CDF88364.1	CP097135.1	34.152	407	754	239	593	400532	401737	1.45e-67	242
CDF88364.1	CP097135.1	31.728	353	754	239	590	177849	176827	6.65e-53	198
CDF88364.1	CP097135.1	33.784	370	754	253	601	956461	955373	3.87e-51	192
CDF88364.1	CP097135.1	30.728	371	754	237	601	311446	312519	5.90e-50	189
CDF88364.1	CP097135.1	31.967	366	754	233	593	492001	493065	5.49e-49	186
CDF88364.1	CP097135.1	32.172	373	754	245	590	866233	865130	1.15e-46	179
CDF88364.1	CP097141.1	33.962	371	754	238	596	388521	389609	1.08e-58	216
CDF88364.1	CP097141.1	30.137	365	754	226	590	165253	164189	6.56e-42	164
CDF88365.1	CP097143.1	31.748	652	640	15	640	121971	120058	1.47e-97	327
CDF88366.1	CP097143.1	58.612	418	446	24	433	122374	123603	2.88e-147	462
CDF88367.1	CP097143.1	40.299	871	918	36	891	126330	123772	4.08e-163	528
CDF88367.1	CP097143.1	20.874	412	918	470	865	612971	614155	2.13e-13	73.6
CDF88367.1	CP097146.1	28.986	345	918	481	821	131907	132911	5.23e-48	185
CDF88367.1	CP097144.1	27.094	406	918	428	828	771574	772734	2.78e-43	170
CDF88368.1	CP097141.1	63.559	118	118	1	118	437147	437500	1.42e-48	164
CDF88369.1	CP097143.1	65.109	642	641	1	641	126851	128671	0.0	815
CDF88370.1	CP097141.1	48.832	471	470	5	470	439139	437727	8.17e-157	491
CDF88371.1	CP097143.1	30.328	976	975	19	974	128964	131780	1.36e-115	391
CDF88372.1	CP097141.1	85.492	193	215	23	215	439848	440426	2.63e-115	360
CDF88372.1	CP097146.1	31.579	190	215	9	197	601062	600496	1.95e-25	102
CDF88372.1	CP097147.1	29.843	191	215	13	201	720461	721033	4.57e-20	86.7
CDF88373.1	CP097143.1	49.195	435	432	8	432	132045	133325	1.98e-128	408
CDF88374.1	CP097143.1	71.811	784	780	1	780	133641	135911	0.0	1124
CDF88374.1	CP097142.1	47.818	550	780	5	547	442839	441208	4.79e-162	520
CDF88374.1	CP097142.1	41.053	95	780	685	779	441018	440734	3.95e-15	78.6
CDF88374.1	CP097146.1	37.828	267	780	20	283	710696	710037	2.90e-40	159
CDF88375.1	CP097143.1	42.710	775	810	10	771	139921	137612	0.0	613
CDF88376.1	CP097141.1	62.748	604	607	6	607	441310	443109	0.0	769
CDF88377.1	CP097141.1	45.942	616	611	1	610	443366	445141	2.52e-152	484
CDF88378.1	CP097143.1	63.040	671	670	1	670	142317	140329	0.0	858
CDF88380.1	CP097141.1	34.600	500	509	22	509	446973	445498	3.33e-78	266
CDF88381.1	CP097141.1	45.346	419	1011	5	422	449353	448148	1.44e-100	347
CDF88382.1	CP097141.1	62.764	709	705	1	705	450424	452520	0.0	869
CDF88382.1	CP097142.1	26.736	677	705	34	675	189083	187173	3.44e-41	161
CDF88383.1	CP097143.1	56.757	296	294	1	294	143713	142841	7.69e-88	285
CDF88384.1	CP097143.1	75.292	514	539	5	518	145461	143947	0.0	802
CDF88384.1	CP097143.1	22.841	521	539	7	514	15347	16816	3.24e-41	158
CDF88384.1	CP097141.1	30.268	522	539	22	517	712288	713829	1.01e-61	219
CDF88384.1	CP097138.1	25.536	513	539	16	511	987369	988871	4.33e-34	136
CDF88384.1	CP097135.1	23.544	395	539	78	463	599984	598818	9.97e-24	104
CDF88384.1	CP097135.1	23.544	395	539	78	463	583059	581893	9.97e-24	104
CDF88384.1	CP097140.1	20.709	536	539	10	516	16581	15010	2.53e-20	94.0
CDF88385.1	CP097143.1	75.053	473	473	1	473	146032	147414	0.0	765
CDF88386.1	CP097143.1	71.975	157	737	541	696	148325	147855	4.48e-126	239
CDF88386.1	CP097143.1	33.042	572	737	23	542	149874	148321	4.48e-126	231
CDF88388.1	CP097143.1	40.653	337	301	18	301	150391	151383	8.76e-78	256
CDF88389.1	CP097143.1	65.823	158	171	14	168	152037	151576	2.74e-61	202
CDF88389.1	CP097145.1	52.174	69	171	105	170	23540	23334	1.87e-17	77.4
CDF88390.1	CP097143.1	79.899	199	196	1	196	152521	153117	2.27e-97	307
CDF88390.1	CP097138.1	49.123	57	196	1	57	774722	774552	1.25e-13	67.4
CDF88390.1	CP097138.1	49.123	57	196	1	57	447921	447751	2.39e-13	66.6
CDF88393.1	CP097145.1	87.059	340	340	1	340	15316	16335	0.0	630
CDF88393.1	CP097135.1	87.059	340	340	1	340	16410	17429	0.0	630
CDF88393.1	CP097141.1	87.059	340	340	1	340	10678	11697	0.0	629
CDF88393.1	CP097141.1	86.765	340	340	1	340	722161	721142	0.0	626
CDF88394.1	CP097143.1	50.000	886	851	2	831	160956	158326	0.0	866
CDF88394.1	CP097143.1	26.587	252	851	428	652	694424	693768	9.32e-14	74.3
CDF88394.1	CP097141.1	21.635	416	851	386	745	53748	52525	2.44e-13	73.2
CDF88395.1	CP097143.1	53.200	500	456	1	447	161213	162712	7.35e-168	522
CDF88396.1	CP097141.1	75.622	402	421	18	419	383452	384657	0.0	612
CDF88396.1	CP097146.1	30.345	145	421	9	146	973070	972666	1.73e-11	65.1
CDF88397.1	CP097141.1	65.086	232	248	7	231	385559	384864	2.24e-102	324
CDF88399.1	CP097141.1	88.148	675	673	3	673	385912	387936	0.0	1189
CDF88399.1	CP097141.1	51.466	614	673	41	646	514394	512583	0.0	585
CDF88399.1	CP097132.1	64.812	611	673	38	646	128470	126644	0.0	796
CDF88399.1	CP097143.1	64.204	609	673	44	650	83148	81328	0.0	791
CDF88399.1	CP097143.1	47.091	550	673	43	575	856690	858324	6.56e-153	489
CDF88399.1	CP097136.1	64.356	606	673	44	645	361134	362948	0.0	791
CDF88399.1	CP097136.1	49.186	614	673	43	648	90934	92745	1.55e-176	557
CDF88399.1	CP097133.1	62.706	606	673	44	645	78387	76573	0.0	777
CDF88399.1	CP097133.1	27.313	670	673	6	634	556184	554220	4.52e-66	236
CDF88400.1	CP097143.1	46.591	176	165	11	164	163321	162794	1.92e-43	151
CDF88401.1	CP097141.1	75.584	770	762	1	760	388401	390707	0.0	1144
CDF88401.1	CP097141.1	29.293	396	762	20	410	165277	164129	2.04e-34	140
CDF88401.1	CP097144.1	38.544	467	762	41	504	823619	822246	2.91e-93	318
CDF88401.1	CP097139.1	37.088	364	762	41	402	214290	213232	2.38e-62	227
CDF88401.1	CP097139.1	33.676	389	762	16	393	427709	428851	1.66e-50	191
CDF88401.1	CP097143.1	33.598	378	762	41	410	118178	119284	2.60e-61	224
CDF88401.1	CP097143.1	28.315	445	762	38	414	688530	687253	7.80e-37	148
CDF88401.1	CP097135.1	33.512	373	762	24	392	177897	176827	4.36e-59	217
CDF88401.1	CP097135.1	30.809	383	762	38	411	492013	493119	9.56e-48	182
CDF88401.1	CP097135.1	28.908	467	762	41	440	400535	401887	4.30e-46	177
CDF88401.1	CP097135.1	28.868	433	762	34	437	866281	864998	5.61e-44	171
CDF88401.1	CP097135.1	31.298	393	762	49	411	956467	955340	1.02e-40	160
CDF88401.1	CP097135.1	26.494	385	762	33	407	311422	312531	1.34e-31	132
CDF88402.1	CP097141.1	64.038	317	323	1	317	428594	427650	5.34e-135	421
CDF88403.1	CP097141.1	73.367	199	199	1	199	392228	392815	9.35e-96	303
CDF88404.1	CP097141.1	56.527	835	824	1	822	395420	392958	0.0	922
CDF88405.1	CP097141.1	82.343	572	571	1	571	426156	424453	0.0	970
CDF88405.1	CP097141.1	27.176	563	571	13	565	212658	214259	2.48e-52	192
CDF88405.1	CP097141.1	28.224	535	571	31	552	412117	413640	2.74e-47	177
CDF88405.1	CP097141.1	25.940	532	571	32	550	548470	549990	1.21e-45	172
CDF88405.1	CP097135.1	26.748	572	571	1	557	206057	207658	4.70e-47	176
CDF88405.1	CP097135.1	25.573	567	571	4	560	893990	895642	5.67e-46	173
CDF88405.1	CP097135.1	23.561	556	571	25	560	855076	856668	9.04e-32	130
CDF88405.1	CP097140.1	25.437	515	571	44	551	67395	68846	4.01e-31	128
CDF88406.1	CP097141.1	71.584	644	655	1	634	424054	422129	0.0	938
CDF88407.1	CP097142.1	55.909	220	216	1	216	179054	179710	8.37e-74	241
CDF88408.1	CP097142.1	78.873	213	209	1	209	177020	176385	7.46e-114	355
CDF88409.1	CP097142.1	88.034	468	467	1	467	174752	176152	0.0	816
CDF88409.1	CP097142.1	32.645	242	467	200	432	72064	71348	3.68e-36	141
CDF88409.1	CP097138.1	51.768	311	467	142	452	421001	420069	1.16e-101	332
CDF88409.1	CP097138.1	37.918	269	467	205	451	1003421	1004218	2.17e-51	186
CDF88409.1	CP097138.1	33.750	240	467	205	437	546293	546994	2.62e-33	132
CDF88409.1	CP097146.1	45.732	328	467	138	465	783107	782127	1.27e-90	300
CDF88409.1	CP097146.1	47.403	308	467	156	463	514731	515639	4.38e-87	290
CDF88409.1	CP097135.1	48.214	280	467	168	446	1245831	1246670	5.79e-80	269
CDF88409.1	CP097135.1	45.894	207	467	141	347	443508	444128	1.86e-75	201
CDF88409.1	CP097135.1	42.453	106	467	348	453	444128	444445	1.86e-75	99.8
CDF88409.1	CP097135.1	45.652	230	467	205	434	244040	243360	8.81e-60	211
CDF88409.1	CP097135.1	38.224	259	467	192	442	243260	242496	1.38e-50	184
CDF88409.1	CP097136.1	38.610	259	467	206	456	187477	186704	6.62e-54	194
CDF88409.1	CP097136.1	29.965	287	467	205	465	241612	240791	8.27e-28	116
CDF88410.1	CP097142.1	64.107	599	609	23	609	172610	174397	0.0	715
CDF88410.1	CP097145.1	41.013	612	609	46	604	436378	438102	1.03e-123	402
CDF88410.1	CP097141.1	22.886	402	609	193	572	441847	443007	2.16e-12	68.9
CDF88411.1	CP097147.1	76.845	691	695	1	691	346190	344121	0.0	1070
CDF88411.1	CP097133.1	72.378	677	695	1	677	556115	554085	0.0	1000
CDF88411.1	CP097133.1	27.618	659	695	1	642	78399	76576	6.49e-73	256
CDF88411.1	CP097143.1	36.292	383	695	1	382	83160	82033	2.69e-72	254
CDF88411.1	CP097143.1	28.463	397	695	5	384	856693	857859	4.62e-44	170
CDF88411.1	CP097141.1	27.473	637	695	2	632	386038	387819	3.28e-72	254
CDF88411.1	CP097141.1	27.469	648	695	5	634	514385	512613	3.29e-59	216
CDF88411.1	CP097132.1	36.031	383	695	1	382	128464	127337	2.96e-71	251
CDF88412.1	CP097147.1	52.137	234	274	20	249	343082	343753	3.26e-77	253
CDF88413.1	CP097133.1	34.719	409	400	11	386	552538	553728	1.09e-69	237
CDF88414.1	CP097133.1	60.317	126	120	5	119	551968	551594	1.77e-44	152
CDF88415.1	CP097147.1	46.914	162	173	7	166	342385	342852	9.92e-37	132
CDF88416.1	CP097140.1	59.296	199	225	24	222	393324	392737	4.85e-78	253
CDF88417.1	CP097133.1	74.091	440	440	1	438	551320	550001	0.0	689
CDF88418.1	CP097133.1	37.809	283	245	3	241	548981	549796	1.88e-49	172
CDF88419.1	CP097133.1	51.761	284	281	1	280	708569	709405	3.80e-95	305
CDF88420.1	CP097133.1	45.000	120	123	7	115	709825	709466	1.44e-27	104
CDF88421.1	CP097133.1	23.967	363	593	261	543	710896	711972	4.90e-25	109
CDF88422.1	CP097141.1	30.699	772	778	63	778	356455	354200	4.64e-85	295
CDF88423.1	CP097133.1	58.910	477	655	19	463	714243	712903	0.0	534
CDF88423.1	CP097133.1	65.969	191	655	463	653	712904	712332	0.0	278
CDF88423.1	CP097136.1	33.333	189	655	457	633	466906	466370	3.69e-17	84.7
CDF88424.1	CP097133.1	73.684	228	231	3	229	715212	714529	3.49e-106	334
CDF88425.1	CP097133.1	33.333	102	97	1	97	715716	715411	2.68e-14	65.5
CDF88426.1	CP097133.1	72.819	493	493	1	493	715949	717418	0.0	753
CDF88426.1	CP097143.1	59.436	461	493	31	489	239398	238031	0.0	578
CDF88427.1	CP097145.1	43.137	204	225	36	217	450878	451447	4.14e-39	142
CDF88427.1	CP097145.1	33.143	175	225	37	190	457563	458051	2.04e-16	76.3
CDF88427.1	CP097145.1	26.471	170	225	27	165	301641	301132	9.63e-11	59.7
CDF88427.1	CP097146.1	43.575	179	225	31	196	460172	459666	5.21e-39	141
CDF88427.1	CP097146.1	33.333	144	225	33	170	651473	651090	1.53e-18	82.4
CDF88427.1	CP097142.1	42.347	196	225	32	194	465856	465281	1.53e-38	140
CDF88427.1	CP097142.1	27.136	199	225	35	216	547860	548420	1.37e-16	77.0
CDF88427.1	CP097133.1	43.137	204	225	34	225	718048	717458	1.93e-37	137
CDF88427.1	CP097144.1	35.122	205	225	36	225	250246	250845	3.88e-30	116
CDF88428.1	CP097133.1	38.042	1154	1623	9	1132	736766	733359	0.0	744
CDF88428.1	CP097133.1	36.634	202	1623	1439	1618	731636	731055	3.09e-21	100
CDF88429.1	CP097133.1	61.303	522	514	8	514	729291	730850	0.0	672
CDF88429.1	CP097133.1	27.969	261	514	12	268	13588	12848	4.05e-19	90.1
CDF88429.1	CP097133.1	30.818	159	514	74	220	275427	274969	6.90e-18	86.3
CDF88429.1	CP097133.1	27.027	296	514	19	279	540231	541082	2.80e-16	81.3
CDF88429.1	CP097133.1	25.779	353	514	11	314	184414	185415	8.31e-15	76.3
CDF88429.1	CP097135.1	31.410	312	514	4	295	1450075	1449167	1.93e-33	134
CDF88429.1	CP097135.1	30.545	275	514	20	279	1396438	1397178	1.38e-27	116
CDF88429.1	CP097135.1	29.930	284	514	12	279	1417804	1416995	7.60e-27	114
CDF88429.1	CP097135.1	27.027	296	514	8	279	287293	286430	6.77e-25	108
CDF88429.1	CP097135.1	26.667	300	514	14	285	1379040	1379906	1.68e-23	103
CDF88429.1	CP097135.1	27.744	328	514	16	327	412204	411254	1.03e-20	95.1
CDF88429.1	CP097135.1	26.736	288	514	19	279	714296	715120	3.41e-20	93.6
CDF88429.1	CP097135.1	26.295	251	514	60	279	75522	74782	2.14e-19	90.9
CDF88429.1	CP097135.1	31.034	203	514	21	219	1471266	1470688	7.74e-18	85.9
CDF88429.1	CP097135.1	28.782	271	514	65	313	963075	963839	7.43e-15	76.6
CDF88429.1	CP097135.1	26.667	225	514	12	219	179099	179746	1.19e-14	75.9
CDF88429.1	CP097135.1	29.032	155	514	74	214	1023391	1022933	1.12e-12	69.7
CDF88429.1	CP097135.1	25.424	236	514	64	273	407742	407065	2.87e-12	68.2
CDF88429.1	CP097147.1	32.292	288	514	16	285	279858	279025	2.49e-31	127
CDF88429.1	CP097147.1	31.963	219	514	71	283	160883	161500	1.12e-25	110
CDF88429.1	CP097147.1	27.402	281	514	16	279	257521	256718	3.11e-24	106
CDF88429.1	CP097147.1	28.025	314	514	21	317	262249	263115	4.19e-23	102
CDF88429.1	CP097147.1	28.788	264	514	28	291	151496	150753	3.11e-22	99.8
CDF88429.1	CP097147.1	28.629	248	514	10	220	735701	736432	7.69e-19	89.4
CDF88429.1	CP097147.1	30.769	208	514	91	283	282093	281500	1.02e-18	89.0
CDF88429.1	CP097147.1	25.166	302	514	19	279	480169	479309	2.00e-17	84.7
CDF88429.1	CP097147.1	30.952	252	514	65	296	489123	488404	7.21e-17	82.8
CDF88429.1	CP097147.1	24.832	298	514	21	279	653983	654864	1.48e-12	69.3
CDF88429.1	CP097146.1	30.961	281	514	16	285	745708	746526	3.14e-30	124
CDF88429.1	CP097146.1	30.627	271	514	16	282	264575	263781	3.93e-28	118
CDF88429.1	CP097146.1	29.286	280	514	12	279	98284	99087	1.57e-24	107
CDF88429.1	CP097146.1	31.884	207	514	77	279	214812	215387	2.62e-20	94.0
CDF88429.1	CP097146.1	30.380	158	514	73	220	80030	80491	2.26e-18	87.8
CDF88429.1	CP097146.1	30.244	205	514	91	283	743207	743800	3.50e-17	84.0
CDF88429.1	CP097146.1	25.600	250	514	75	290	959272	958535	4.07e-16	80.5
CDF88429.1	CP097146.1	37.069	116	514	122	233	793619	793278	2.07e-13	72.0
CDF88429.1	CP097142.1	32.444	225	514	55	277	249615	250241	1.16e-29	122
CDF88429.1	CP097142.1	32.701	211	514	75	279	135575	134982	3.20e-24	105
CDF88429.1	CP097142.1	30.303	297	514	4	280	206924	207739	8.51e-23	101
CDF88429.1	CP097142.1	29.333	225	514	77	281	132282	131623	1.27e-16	82.0
CDF88429.1	CP097142.1	27.755	245	514	65	275	348263	347553	7.03e-16	79.7
CDF88429.1	CP097142.1	25.346	217	514	102	279	69619	68972	3.16e-13	71.2
CDF88429.1	CP097142.1	30.256	195	514	21	210	184067	184615	1.02e-12	69.7
CDF88429.1	CP097142.1	30.201	149	514	93	223	222216	221785	2.75e-11	65.1
CDF88430.1	CP097133.1	41.031	446	419	1	412	729047	727767	1.35e-93	307
CDF88430.1	CP097141.1	32.765	293	419	17	296	353190	352363	2.68e-35	137
CDF88431.1	CP097141.1	39.189	370	431	1	356	350589	351698	3.30e-76	257
CDF88432.1	CP097141.1	65.963	379	340	1	340	340518	341654	2.49e-159	492
CDF88434.1	CP097141.1	83.611	720	1064	345	1064	348192	350351	0.0	1257
CDF88434.1	CP097141.1	77.374	358	1064	1	347	347132	348199	1.23e-172	561
CDF88434.1	CP097143.1	36.391	1003	1064	132	1064	915112	912212	2.17e-172	560
CDF88434.1	CP097138.1	24.124	485	1064	150	607	38322	37084	1.02e-26	117
CDF88434.1	CP097138.1	24.396	414	1064	157	526	1007530	1008591	7.90e-16	81.6
CDF88434.1	CP097136.1	26.154	390	1064	185	552	524522	523512	3.61e-16	82.8
CDF88435.1	CP097133.1	37.910	488	482	1	482	727480	726038	1.08e-98	324
CDF88436.1	CP097144.1	37.348	656	627	1	627	476806	478665	2.50e-127	413
CDF88436.1	CP097145.1	32.692	624	627	62	627	606323	604500	1.48e-94	318
CDF88437.1	CP097144.1	87.015	593	593	1	593	480753	478978	0.0	1095
CDF88437.1	CP097143.1	83.980	593	593	1	593	187296	185524	0.0	1051
CDF88438.1	CP097144.1	92.157	204	204	1	204	481825	481214	2.57e-126	390
CDF88438.1	CP097143.1	92.157	204	204	1	204	188571	187960	4.59e-126	390
CDF88441.1	CP097144.1	47.541	122	128	2	122	485209	485565	5.77e-32	117
CDF88442.1	CP097144.1	31.841	603	945	372	938	487384	488886	1.92e-51	196
CDF88442.1	CP097144.1	42.564	195	945	172	357	486472	487035	4.70e-22	101
CDF88442.1	CP097143.1	30.460	174	945	770	937	190258	190755	6.50e-12	68.6
CDF88443.1	CP097144.1	63.795	859	863	9	863	489499	492057	0.0	1132
CDF88444.1	CP097144.1	52.941	323	334	1	319	493403	492459	2.20e-108	345
CDF88445.1	CP097143.1	56.362	1116	1201	128	1201	191192	194479	0.0	1205
CDF88445.1	CP097143.1	25.846	325	1201	460	764	623871	622957	3.42e-17	86.3
CDF88445.1	CP097143.1	24.286	280	1201	946	1169	621000	620221	2.80e-13	73.6
CDF88445.1	CP097146.1	29.275	690	1201	562	1182	664752	666650	6.06e-71	260
CDF88445.1	CP097146.1	37.162	148	1201	1022	1169	855294	855716	1.73e-18	90.9
CDF88445.1	CP097146.1	25.000	320	1201	564	876	854451	855233	1.38e-16	84.3
CDF88445.1	CP097146.1	26.370	292	1201	563	841	827251	826526	4.69e-16	82.8
CDF88445.1	CP097146.1	34.646	127	1201	1042	1168	826309	825944	1.76e-15	80.9
CDF88445.1	CP097133.1	27.883	685	1201	563	1200	447953	449704	3.91e-64	239
CDF88445.1	CP097133.1	36.508	126	1201	1044	1169	689669	689307	3.34e-17	86.7
CDF88445.1	CP097133.1	25.079	315	1201	563	876	690575	689790	1.17e-16	84.7
CDF88445.1	CP097133.1	33.108	148	1201	1045	1190	365224	365643	9.35e-16	81.6
CDF88445.1	CP097147.1	25.846	325	1201	564	874	394126	393281	1.03e-20	98.2
CDF88445.1	CP097147.1	31.724	145	1201	1038	1181	393085	392663	5.50e-16	82.4
CDF88445.1	CP097141.1	32.919	161	1201	1044	1200	492229	492693	1.17e-17	87.8
CDF88446.1	CP097144.1	64.570	302	302	4	302	494851	493946	3.04e-134	418
CDF88446.1	CP097146.1	34.146	205	302	67	269	762837	763436	6.88e-33	127
CDF88446.1	CP097133.1	29.333	225	302	67	269	112927	112256	7.84e-30	118
CDF88447.1	CP097144.1	61.931	1295	1258	1	1250	495310	499080	0.0	1603
CDF88447.1	CP097143.1	29.710	690	1258	380	1043	951261	953048	2.42e-61	230
CDF88447.1	CP097145.1	40.187	321	1258	357	673	641041	640142	1.83e-51	199
CDF88447.1	CP097145.1	35.745	235	1258	715	942	640234	639530	3.47e-38	155
CDF88447.1	CP097136.1	31.757	444	1258	737	1175	177552	178664	2.30e-49	192
CDF88447.1	CP097136.1	41.502	253	1258	402	653	176817	177512	4.90e-49	191
CDF88447.1	CP097142.1	40.927	259	1258	393	650	289274	289996	2.57e-47	185
CDF88447.1	CP097142.1	31.393	481	1258	715	1181	601053	602285	2.80e-46	182
CDF88447.1	CP097142.1	39.394	264	1258	398	657	600366	601100	7.72e-45	177
CDF88447.1	CP097142.1	32.873	362	1258	736	1087	290045	291046	3.73e-34	142
CDF88448.1	CP097143.1	56.016	507	494	1	493	194770	196248	0.0	588
CDF88449.1	CP097143.1	75.899	473	466	1	466	197915	196497	0.0	706
CDF88449.1	CP097139.1	51.205	498	466	7	465	192036	193523	2.14e-148	467
CDF88449.1	CP097146.1	46.169	496	466	6	456	65638	64154	5.27e-142	448
CDF88450.1	CP097144.1	56.460	1339	1306	1	1306	499418	503428	0.0	1577
CDF88451.1	CP097144.1	53.974	302	314	12	313	503730	504635	5.01e-113	358
CDF88452.1	CP097143.1	84.146	82	84	1	82	205223	204984	3.52e-45	152
CDF88453.1	CP097143.1	47.209	1021	973	4	969	208536	205480	0.0	912
CDF88454.1	CP097144.1	73.643	516	513	1	513	506312	504780	0.0	778
CDF88454.1	CP097133.1	24.882	422	513	118	509	591870	590728	9.53e-20	92.0
CDF88454.1	CP097135.1	34.884	129	513	322	450	729112	729471	2.69e-13	71.6
CDF88455.1	CP097144.1	62.842	183	193	1	182	507184	506636	2.95e-76	247
CDF88456.1	CP097144.1	31.884	138	426	1	133	507822	508235	7.48e-15	75.9
CDF88458.1	CP097144.1	58.051	236	243	4	234	509459	510160	1.38e-87	281
CDF88459.1	CP097144.1	38.173	427	314	3	313	511596	510316	1.77e-75	250
CDF88460.1	CP097144.1	56.322	87	488	393	478	514234	514494	1.07e-29	122
CDF88461.1	CP097142.1	47.496	579	600	19	593	659497	657773	4.97e-158	500
CDF88461.1	CP097134.1	47.323	579	600	19	593	9271	10995	1.18e-157	499
CDF88461.1	CP097138.1	47.606	376	600	225	586	918303	919430	4.05e-154	322
CDF88461.1	CP097138.1	62.745	204	600	21	224	917692	918303	4.05e-154	241
CDF88461.1	CP097147.1	40.111	541	600	58	590	915986	917584	6.56e-120	390
CDF88461.1	CP097133.1	25.053	471	600	60	522	766596	767885	3.87e-20	94.0
CDF88462.1	CP097144.1	36.098	615	521	4	516	516468	514624	1.83e-116	377
CDF88463.1	CP097144.1	48.603	179	173	1	164	516777	517313	1.71e-50	172
CDF88463.1	CP097133.1	32.278	158	173	14	163	548501	548040	1.09e-17	78.2
CDF88463.1	CP097146.1	32.515	163	173	16	170	472192	472671	2.14e-17	77.4
CDF88463.1	CP097135.1	29.299	157	173	14	163	122520	122981	3.32e-15	71.2
CDF88463.1	CP097135.1	31.061	132	173	14	141	222611	222997	5.11e-15	70.5
CDF88464.1	CP097135.1	60.767	339	328	1	326	322405	321389	1.20e-128	404
CDF88464.1	CP097142.1	53.004	283	328	2	281	279405	280223	1.57e-85	280
CDF88464.1	CP097146.1	42.179	358	328	1	322	57309	56242	5.42e-66	223
CDF88465.1	CP097144.1	77.746	355	366	11	364	517789	518853	0.0	582
CDF88465.1	CP097144.1	25.267	281	366	34	305	253938	253207	7.07e-14	72.0
CDF88465.1	CP097144.1	27.014	211	366	38	239	445581	444985	5.98e-13	68.9
CDF88465.1	CP097135.1	63.661	366	366	1	361	320099	319005	1.91e-154	479
CDF88465.1	CP097135.1	34.122	296	366	40	320	273832	274674	7.92e-45	164
CDF88465.1	CP097135.1	25.243	309	366	40	322	287254	286415	6.39e-19	87.4
CDF88465.1	CP097135.1	25.439	342	366	33	323	1396420	1397406	2.02e-18	85.9
CDF88465.1	CP097135.1	25.210	238	366	38	250	1417783	1417112	5.23e-17	81.6
CDF88465.1	CP097135.1	27.843	255	366	8	240	1450102	1449374	6.86e-17	81.3
CDF88465.1	CP097135.1	25.926	243	366	38	250	1379055	1379747	2.17e-16	79.7
CDF88465.1	CP097135.1	29.231	195	366	74	255	179246	179815	9.58e-14	71.6
CDF88465.1	CP097135.1	25.962	208	366	34	233	1471284	1470691	5.20e-12	66.2
CDF88465.1	CP097145.1	39.667	300	366	40	327	57944	57054	2.33e-65	223
CDF88465.1	CP097145.1	24.696	247	366	29	232	676262	675552	1.51e-16	80.1
CDF88465.1	CP097145.1	26.255	259	366	33	260	704594	705340	7.67e-13	68.6
CDF88465.1	CP097146.1	36.644	292	366	40	322	53770	52907	4.06e-57	199
CDF88465.1	CP097146.1	28.852	305	366	33	317	410296	411153	8.47e-27	110
CDF88465.1	CP097146.1	33.182	220	366	33	239	264581	263958	1.64e-17	83.2
CDF88465.1	CP097146.1	25.424	236	366	39	250	98308	98970	1.54e-16	80.1
CDF88465.1	CP097146.1	27.309	249	366	36	250	959440	958730	1.15e-14	74.3
CDF88465.1	CP097146.1	28.571	217	366	34	231	745705	746313	1.70e-12	67.8
CDF88465.1	CP097146.1	25.571	219	366	33	229	214608	215219	1.07e-11	65.1
CDF88465.1	CP097143.1	32.099	324	366	5	317	351640	352545	2.86e-44	162
CDF88465.1	CP097143.1	25.589	297	366	26	259	848108	848950	1.30e-14	74.3
CDF88465.1	CP097143.1	25.097	259	366	38	254	92708	91968	2.03e-13	70.5
CDF88466.1	CP097135.1	64.837	583	587	3	577	318479	316731	0.0	798
CDF88466.1	CP097135.1	30.972	607	587	6	558	1218034	1219848	4.02e-84	286
CDF88466.1	CP097143.1	53.188	549	587	13	560	214123	212477	0.0	631
CDF88466.1	CP097143.1	51.885	557	587	2	557	390735	392405	0.0	612
CDF88466.1	CP097138.1	51.537	553	587	6	557	645296	643638	0.0	602
CDF88466.1	CP097144.1	23.633	512	587	23	481	455897	457327	3.89e-16	81.3
CDF88466.1	CP097136.1	24.125	514	587	8	482	116844	115417	2.83e-15	78.2
CDF88467.1	CP097143.1	24.186	430	463	28	450	998413	999558	2.61e-24	105
CDF88467.1	CP097146.1	25.806	403	463	8	396	33269	34342	4.38e-21	95.5
CDF88467.1	CP097145.1	24.096	415	463	7	390	728944	730158	2.66e-17	84.0
CDF88468.1	CP097144.1	56.222	450	468	35	468	519471	520784	4.75e-164	512
CDF88469.1	CP097135.1	75.701	107	107	1	107	316143	315826	1.59e-32	117
CDF88470.1	CP097135.1	79.558	181	199	2	182	314812	315354	3.77e-90	287
CDF88470.1	CP097144.1	78.571	182	199	1	182	522427	521882	7.08e-86	275
CDF88471.1	CP097135.1	96.324	136	143	8	143	313356	312949	2.31e-84	267
CDF88471.1	CP097144.1	96.296	135	143	9	143	524118	524522	1.36e-83	265
CDF88472.1	CP097144.1	43.448	290	337	48	337	525239	526009	4.24e-59	204
CDF88473.1	CP097135.1	93.049	446	443	1	443	311257	312594	0.0	837
CDF88473.1	CP097135.1	35.638	376	443	58	431	492013	493125	1.11e-71	244
CDF88473.1	CP097135.1	37.533	381	443	61	441	177846	176731	1.23e-70	241
CDF88473.1	CP097135.1	28.836	378	443	69	419	956479	955367	1.21e-35	139
CDF88473.1	CP097135.1	28.000	325	443	9	327	400409	401302	1.40e-27	115
CDF88473.1	CP097135.1	27.249	378	443	65	411	866236	865118	4.44e-26	110
CDF88473.1	CP097141.1	35.509	383	443	61	442	165211	164096	6.38e-61	213
CDF88473.1	CP097141.1	26.720	378	443	61	422	388527	389636	5.88e-33	131
CDF88473.1	CP097142.1	35.509	383	443	61	442	554485	555600	8.02e-61	213
CDF88473.1	CP097146.1	30.102	392	443	60	436	384290	383157	8.39e-53	189
CDF88473.1	CP097146.1	32.133	361	443	79	421	693125	694189	4.94e-48	176
CDF88473.1	CP097139.1	31.510	384	443	60	441	214293	213172	4.15e-52	187
CDF88473.1	CP097139.1	31.332	383	443	61	429	427784	428911	4.33e-43	161
CDF88475.1	CP097144.1	73.964	507	538	34	538	527935	526418	0.0	770
CDF88475.1	CP097144.1	46.882	465	538	91	535	24320	22953	1.86e-115	375
CDF88475.1	CP097135.1	59.665	538	538	3	538	309261	310865	0.0	629
CDF88476.1	CP097135.1	80.645	62	64	1	62	308687	308502	3.09e-19	77.8
CDF88477.1	CP097144.1	74.855	346	346	1	346	530146	529109	0.0	562
CDF88477.1	CP097133.1	30.894	123	346	6	117	562794	563162	7.21e-12	65.5
CDF88478.1	CP097135.1	77.289	273	272	1	272	307438	308256	6.97e-144	444
CDF88480.1	CP097144.1	30.000	150	203	68	201	530958	531404	2.10e-13	67.0
CDF88481.1	CP097144.1	36.264	91	129	1	91	531985	532257	1.94e-14	67.0
CDF88482.1	CP097144.1	36.620	284	275	1	272	532615	533466	1.13e-51	180
CDF88483.1	CP097144.1	64.706	187	192	4	190	534131	533592	1.73e-83	267
CDF88483.1	CP097144.1	26.994	163	192	9	162	324214	324630	2.00e-13	66.6
CDF88484.1	CP097147.1	37.597	258	280	6	252	475451	474678	1.25e-48	171
CDF88485.1	CP097135.1	68.067	238	243	1	238	307015	306308	3.37e-107	338
CDF88486.1	CP097144.1	54.728	349	362	6	351	534732	535778	1.67e-123	390
CDF88486.1	CP097136.1	22.843	394	362	7	358	358179	357052	1.31e-18	86.3
CDF88486.1	CP097133.1	21.053	361	362	33	354	82913	83950	3.51e-15	75.9
CDF88487.1	CP097135.1	39.143	350	523	31	370	302920	303918	4.49e-68	237
CDF88488.1	CP097144.1	30.919	718	697	1	690	539797	537653	2.06e-114	378
CDF88489.1	CP097135.1	54.964	413	416	10	415	302306	301083	1.00e-142	448
CDF88489.1	CP097147.1	34.307	274	416	101	364	874051	873278	1.58e-29	120
CDF88489.1	CP097138.1	25.070	355	416	74	377	227482	228528	1.29e-14	74.7
CDF88490.1	CP097135.1	49.782	458	433	1	432	300781	299423	7.50e-136	429
CDF88491.1	CP097135.1	59.504	121	136	1	121	298803	299165	3.59e-45	155
CDF88492.1	CP097136.1	47.987	298	294	1	292	530526	529633	3.21e-87	283
CDF88492.1	CP097139.1	31.864	295	294	7	293	505047	505892	1.45e-37	140
CDF88493.1	CP097135.1	64.400	250	236	1	235	670075	669326	1.75e-108	341
CDF88493.1	CP097136.1	64.898	245	236	1	234	529331	528600	8.03e-103	325
CDF88493.1	CP097147.1	47.727	88	236	134	218	431936	432199	1.65e-23	97.4
CDF88494.1	CP097136.1	40.361	664	600	4	600	526481	528439	4.50e-150	478
CDF88495.1	CP097136.1	54.445	2171	2137	1	2137	526184	519699	0.0	2437
CDF88495.1	CP097138.1	34.277	1590	2137	429	1972	1007314	1011975	0.0	899
CDF88495.1	CP097138.1	32.922	729	2137	483	1187	1010035	1012131	2.97e-97	351
CDF88495.1	CP097138.1	29.494	712	2137	462	1142	38406	36388	4.79e-71	265
CDF88495.1	CP097138.1	24.924	658	2137	1322	1943	38379	36502	5.87e-41	166
CDF88495.1	CP097143.1	32.530	166	2137	723	876	914188	913727	2.57e-15	81.3
CDF88495.1	CP097143.1	28.718	195	2137	495	686	915052	914549	7.36e-11	66.6
CDF88495.1	CP097141.1	31.875	160	2137	718	875	348342	348815	4.15e-14	77.4
CDF88496.1	CP097136.1	90.837	753	771	1	753	517242	519500	0.0	1444
CDF88496.1	CP097147.1	24.510	306	771	435	721	528314	529201	4.21e-24	107
CDF88497.1	CP097136.1	75.701	214	228	13	226	516193	516834	4.38e-106	334
CDF88497.1	CP097135.1	41.546	207	228	1	207	923234	923845	7.75e-46	161
CDF88497.1	CP097142.1	29.064	203	228	9	210	393213	392704	1.21e-19	85.9
CDF88498.1	CP097135.1	62.892	1245	1192	1	1191	668982	665263	0.0	1541
CDF88498.1	CP097135.1	28.889	225	1192	930	1136	186309	186983	6.81e-25	111
CDF88498.1	CP097146.1	26.853	823	1192	418	1160	116368	118674	1.39e-57	218
CDF88498.1	CP097134.1	23.827	831	1192	334	1124	278150	275841	1.35e-51	199
CDF88498.1	CP097139.1	36.364	209	1192	917	1114	337329	337934	3.31e-30	129
CDF88498.1	CP097137.1	34.228	149	1192	903	1051	117667	117236	8.41e-18	88.6
CDF88499.1	CP097136.1	52.335	835	855	4	823	513564	515816	0.0	797
CDF88499.1	CP097135.1	39.558	498	855	3	469	662311	663708	1.28e-108	367
CDF88499.1	CP097141.1	38.854	157	855	187	337	638006	637536	2.26e-24	108
CDF88500.1	CP097136.1	57.063	538	536	8	536	512793	511189	0.0	621
CDF88501.1	CP097136.1	39.278	443	760	240	660	509446	510624	2.26e-50	190
CDF88501.1	CP097136.1	51.471	136	760	17	149	508429	508821	2.35e-20	95.5
CDF88502.1	CP097136.1	72.650	1532	1699	14	1540	502951	507462	0.0	2341
CDF88502.1	CP097135.1	69.404	1510	1699	18	1514	656512	661011	0.0	2201
CDF88502.1	CP097135.1	43.750	96	1699	1606	1695	660964	661245	1.29e-11	68.6
CDF88502.1	CP097132.1	38.636	1056	1699	421	1467	85846	82961	0.0	666
CDF88502.1	CP097140.1	28.627	1020	1699	427	1441	240121	242760	9.38e-100	357
CDF88502.1	CP097144.1	34.750	541	1699	916	1448	552494	550977	4.06e-85	310
CDF88502.1	CP097144.1	27.094	561	1699	426	909	554636	552987	2.68e-51	199
CDF88503.1	CP097135.1	88.889	144	153	8	151	655307	655738	1.08e-83	266
CDF88503.1	CP097135.1	42.484	153	153	3	153	835489	835947	2.01e-36	130
CDF88503.1	CP097135.1	48.092	131	153	18	148	560913	560521	5.80e-35	127
CDF88503.1	CP097135.1	35.135	111	153	43	141	553457	553125	3.03e-18	79.0
CDF88503.1	CP097135.1	28.926	121	153	31	145	343705	344067	1.22e-16	74.3
CDF88503.1	CP097133.1	46.099	141	153	8	148	387142	386720	1.76e-36	131
CDF88503.1	CP097138.1	35.766	137	153	6	142	406968	407378	1.55e-29	111
CDF88503.1	CP097138.1	30.882	136	153	6	126	743895	744302	3.02e-12	61.6
CDF88503.1	CP097146.1	40.000	140	153	2	140	928156	927737	5.58e-29	109
CDF88503.1	CP097136.1	41.600	125	153	30	152	128513	128887	1.47e-26	102
CDF88503.1	CP097136.1	33.333	114	153	6	114	356118	356447	1.06e-14	68.9
CDF88504.1	CP097136.1	80.035	576	584	1	576	500552	502255	0.0	938
CDF88504.1	CP097137.1	30.179	391	584	42	391	175511	176617	7.01e-43	164
CDF88504.1	CP097139.1	29.412	289	584	37	299	119108	119956	2.92e-31	129
CDF88504.1	CP097145.1	28.497	193	584	9	200	591334	591903	3.28e-18	87.8
CDF88504.1	CP097145.1	28.022	182	584	223	403	591427	591924	9.21e-17	83.2
CDF88504.1	CP097134.1	25.329	304	584	130	401	102800	101892	7.49e-18	86.7
CDF88505.1	CP097136.1	70.867	1476	1423	2	1423	495576	499973	0.0	2038
CDF88505.1	CP097146.1	43.847	577	1423	356	925	854352	856007	9.84e-141	478
CDF88505.1	CP097146.1	43.487	522	1423	354	851	827353	825857	4.45e-120	416
CDF88505.1	CP097146.1	24.928	345	1423	372	663	664704	665726	5.37e-12	69.7
CDF88505.1	CP097140.1	45.776	509	1423	354	842	103296	104768	9.27e-124	427
CDF88505.1	CP097133.1	44.894	519	1423	359	871	690662	689166	3.00e-123	425
CDF88505.1	CP097133.1	31.893	486	1423	390	828	364207	365595	9.31e-55	210
CDF88505.1	CP097133.1	30.544	239	1423	350	557	447809	448462	3.62e-19	93.2
CDF88505.1	CP097133.1	33.735	166	1423	674	837	449159	449650	8.95e-17	85.5
CDF88505.1	CP097141.1	33.270	529	1423	368	837	491119	492642	1.30e-74	274
CDF88506.1	CP097135.1	87.007	608	607	1	607	653813	651990	0.0	1107
CDF88507.1	CP097136.1	56.332	229	227	6	224	493943	493257	1.28e-75	246
CDF88508.1	CP097135.1	61.189	286	316	1	276	651277	650420	5.96e-111	352
CDF88509.1	CP097136.1	49.870	768	740	1	738	493073	490821	0.0	744
CDF88510.1	CP097136.1	44.857	350	340	1	332	490527	489556	3.78e-59	204
CDF88511.1	CP097135.1	49.157	356	318	7	318	644844	643783	1.63e-100	322
CDF88512.1	CP097135.1	62.205	254	265	1	243	643589	642831	2.09e-99	317
CDF88513.1	CP097135.1	73.750	80	75	1	75	642457	642218	3.13e-36	126
CDF88514.1	CP097136.1	73.077	104	131	25	128	487748	487443	1.11e-44	153
CDF88515.1	CP097135.1	30.196	255	707	483	707	640304	639579	3.39e-22	101
CDF88515.1	CP097136.1	41.379	87	707	636	707	485030	484770	5.93e-14	74.7
CDF88516.1	CP097135.1	67.347	196	199	5	196	639289	638702	4.00e-89	284
CDF88517.1	CP097135.1	66.418	402	376	1	376	637361	638536	1.59e-153	477
CDF88518.1	CP097135.1	31.224	474	415	3	409	635738	637156	3.23e-67	230
CDF88520.1	CP097135.1	59.387	751	812	1	687	635369	633192	0.0	874
CDF88520.1	CP097135.1	38.136	118	812	703	812	632948	632595	5.80e-13	71.6
CDF88521.1	CP097135.1	45.389	965	891	8	891	629351	632242	0.0	838
CDF88522.1	CP097135.1	84.507	71	72	1	71	629103	628891	1.59e-36	127
CDF88523.1	CP097136.1	49.306	793	752	1	745	474733	477102	0.0	776
CDF88524.1	CP097135.1	81.000	100	106	3	101	628374	628673	1.39e-49	166
CDF88525.1	CP097136.1	62.170	341	339	7	339	474298	473276	9.23e-144	447
CDF88526.1	CP097136.1	50.649	2004	2137	224	2136	472168	466298	0.0	1971
CDF88527.1	CP097136.1	61.667	360	387	37	384	465084	466163	1.48e-152	475
CDF88528.1	CP097136.1	33.065	248	328	11	248	464773	464054	5.43e-32	125
CDF88529.1	CP097136.1	59.184	441	450	9	448	463917	462610	2.94e-177	549
CDF88530.1	CP097135.1	43.966	232	222	2	222	628188	627493	4.84e-55	187
CDF88531.1	CP097136.1	51.803	915	846	11	845	462344	459639	0.0	824
CDF88532.1	CP097138.1	51.792	614	586	5	584	316650	314809	0.0	608
CDF88533.1	CP097138.1	42.920	452	415	1	408	313235	314587	8.95e-115	368
CDF88534.1	CP097133.1	70.449	379	375	1	369	666259	665126	0.0	571
CDF88535.1	CP097133.1	52.874	87	88	1	80	664645	664905	4.67e-22	87.0
CDF88536.1	CP097138.1	79.070	516	508	1	508	312985	311438	0.0	837
CDF88537.1	CP097138.1	39.942	686	652	1	652	309193	311187	1.44e-108	359
CDF88538.1	CP097133.1	57.009	428	425	12	425	663151	664320	1.95e-145	456
CDF88539.1	CP097133.1	49.097	277	298	16	281	662711	661902	2.38e-70	234
CDF88540.1	CP097138.1	69.596	717	714	8	713	306757	308892	0.0	998
CDF88541.1	CP097138.1	82.099	324	324	1	324	305294	306265	2.40e-179	549
CDF88542.1	CP097138.1	64.065	615	570	4	570	303083	304900	0.0	801
CDF88542.1	CP097138.1	35.987	314	570	202	515	503454	502543	7.50e-58	208
CDF88542.1	CP097138.1	34.463	177	570	351	519	921215	921718	2.42e-23	103
CDF88544.1	CP097138.1	67.076	489	544	59	541	297734	299197	0.0	686
CDF88545.1	CP097138.1	90.066	755	777	1	755	297202	294944	0.0	1428
CDF88545.1	CP097136.1	49.688	642	777	92	728	176817	178676	0.0	630
CDF88545.1	CP097142.1	45.181	664	777	81	730	600345	602294	1.52e-171	547
CDF88545.1	CP097142.1	37.349	747	777	4	724	289037	291229	3.23e-140	456
CDF88545.1	CP097145.1	42.708	672	777	84	728	640930	638975	4.44e-164	525
CDF88545.1	CP097143.1	30.428	654	777	76	664	951267	953171	4.46e-78	274
CDF88546.1	CP097138.1	44.118	102	129	25	126	294358	294056	6.54e-18	77.0
CDF88547.1	CP097138.1	60.784	510	514	1	489	293790	292339	0.0	579
CDF88548.1	CP097138.1	92.411	224	259	36	259	291058	291729	4.47e-138	427
CDF88549.1	CP097133.1	38.462	104	151	48	151	659531	659220	1.37e-16	74.3
CDF88550.1	CP097138.1	51.743	545	517	22	517	289768	288134	1.61e-173	541
CDF88551.1	CP097144.1	57.143	63	435	371	432	514234	514422	1.13e-18	87.8
CDF88552.1	CP097133.1	49.391	986	947	1	947	658882	656024	0.0	925
CDF88553.1	CP097133.1	53.420	307	303	1	303	654977	655888	3.76e-110	349
CDF88554.1	CP097133.1	65.810	506	501	1	490	654798	653287	0.0	657
CDF88555.1	CP097133.1	41.470	721	794	160	790	650836	652974	2.10e-170	544
CDF88556.1	CP097138.1	70.500	600	599	1	599	285866	287665	0.0	908
CDF88556.1	CP097147.1	41.860	301	599	11	299	493547	492657	5.04e-62	221
CDF88556.1	CP097147.1	40.234	256	599	336	585	492380	491640	1.33e-49	184
CDF88557.1	CP097133.1	38.577	534	522	3	509	649918	648341	6.45e-117	379
CDF88558.1	CP097133.1	73.694	536	535	3	535	647990	646386	0.0	827
CDF88558.1	CP097133.1	21.717	396	535	169	526	299021	300208	5.80e-15	77.0
CDF88558.1	CP097133.1	21.763	556	535	53	521	453149	451566	1.18e-13	72.8
CDF88558.1	CP097132.1	21.288	559	535	20	535	31602	29998	1.94e-23	103
CDF88558.1	CP097143.1	21.795	390	535	185	535	426797	425646	4.68e-17	83.6
CDF88559.1	CP097133.1	77.322	366	360	2	360	645916	644819	0.0	595
CDF88560.1	CP097133.1	68.478	552	556	5	556	644316	642661	0.0	810
CDF88561.1	CP097138.1	36.533	375	371	4	358	284355	285458	2.60e-65	223
CDF88562.1	CP097138.1	73.810	126	127	2	127	284121	283747	8.00e-60	196
CDF88563.1	CP097133.1	86.655	1169	1177	2	1170	641906	638400	0.0	2131
CDF88563.1	CP097133.1	36.100	482	1177	5	466	620469	619087	8.12e-84	300
CDF88563.1	CP097138.1	86.894	1175	1177	1	1175	398160	401684	0.0	2117
CDF88563.1	CP097144.1	31.162	568	1177	7	509	655761	654118	2.22e-63	236
CDF88563.1	CP097145.1	31.274	518	1177	20	467	655812	654298	1.41e-62	234
CDF88564.1	CP097138.1	38.934	244	208	1	208	402657	401935	1.59e-38	139
CDF88565.1	CP097133.1	45.283	212	208	1	208	637495	638052	9.20e-49	169
CDF88566.1	CP097138.1	40.089	671	655	3	655	402948	404930	2.05e-161	513
CDF88566.1	CP097133.1	38.314	676	655	3	655	637254	635254	2.65e-149	478
CDF88567.1	CP097133.1	38.362	464	629	188	629	633791	634975	1.28e-69	245
CDF88568.1	CP097138.1	66.870	492	484	1	484	405187	406659	0.0	694
CDF88569.1	CP097138.1	96.988	166	169	1	166	406950	407447	2.35e-107	335
CDF88569.1	CP097138.1	39.394	99	169	36	131	744018	744314	3.48e-18	79.3
CDF88569.1	CP097144.1	37.654	162	169	1	148	301725	302210	6.73e-38	135
CDF88569.1	CP097135.1	40.909	132	169	16	147	560922	560527	1.21e-31	118
CDF88569.1	CP097135.1	38.583	127	169	14	139	655322	655702	6.59e-26	101
CDF88569.1	CP097135.1	37.594	133	169	32	151	553496	553098	3.03e-25	99.8
CDF88569.1	CP097135.1	35.971	139	169	10	141	343624	344040	3.63e-23	94.0
CDF88569.1	CP097135.1	34.127	126	169	7	130	835498	835875	2.84e-22	91.3
CDF88569.1	CP097133.1	41.538	130	169	18	147	387115	386726	1.24e-31	118
CDF88569.1	CP097146.1	41.549	142	169	7	147	928144	927719	1.26e-31	118
CDF88570.1	CP097138.1	28.462	260	257	8	252	408702	407938	2.43e-16	77.0
CDF88571.1	CP097133.1	62.523	547	560	28	558	631137	632648	0.0	644
CDF88571.1	CP097138.1	57.549	563	560	28	558	410569	409004	0.0	585
CDF88572.1	CP097138.1	74.167	480	481	4	478	411660	413099	0.0	770
CDF88573.1	CP097133.1	44.891	274	261	4	261	630033	630848	8.74e-68	226
CDF88575.1	CP097133.1	38.095	315	310	5	306	626797	625874	1.43e-48	172
CDF88576.1	CP097138.1	86.861	137	142	2	138	414239	413829	9.62e-78	248
CDF88576.1	CP097133.1	62.879	132	142	6	137	625264	625659	2.88e-46	158
CDF88577.1	CP097147.1	64.881	336	343	4	339	375893	376900	1.78e-156	484
CDF88577.1	CP097141.1	28.972	321	343	19	333	13088	12165	3.37e-34	132
CDF88577.1	CP097141.1	28.571	329	343	13	333	719778	720719	6.92e-34	131
CDF88577.1	CP097135.1	27.692	325	343	14	333	18835	17897	1.70e-32	127
CDF88577.1	CP097145.1	27.217	327	343	13	333	17660	16719	1.00e-31	124
CDF88577.1	CP097134.1	26.154	325	343	13	333	313031	313972	2.09e-28	115
CDF88579.1	CP097144.1	62.521	587	574	1	574	742941	744695	0.0	759
CDF88579.1	CP097135.1	23.507	268	574	114	377	1047268	1046537	9.93e-12	66.6
CDF88580.1	CP097146.1	60.652	399	383	1	382	202203	201022	9.55e-150	467
CDF88581.1	CP097144.1	48.760	1573	1555	1	1555	740116	735431	0.0	1490
CDF88582.1	CP097146.1	51.220	492	490	1	490	884432	882960	7.10e-170	530
CDF88583.1	CP097146.1	58.911	202	210	12	210	882190	882795	1.26e-79	257
CDF88584.1	CP097144.1	49.495	99	108	1	96	730910	730614	1.00e-27	103
CDF88585.1	CP097134.1	57.362	326	361	13	336	156890	155931	2.58e-114	364
CDF88585.1	CP097135.1	32.000	325	361	5	320	513301	514182	1.27e-44	163
CDF88585.1	CP097133.1	35.741	263	361	1	257	323168	323893	1.62e-40	151
CDF88586.1	CP097144.1	66.883	308	307	8	305	729371	730288	8.16e-127	397
CDF88586.1	CP097142.1	39.241	237	307	36	257	519273	519941	6.65e-34	130
CDF88586.1	CP097141.1	37.238	239	307	34	255	205238	204558	1.43e-31	123
CDF88586.1	CP097145.1	36.364	242	307	67	302	503086	503736	1.78e-29	117
CDF88586.1	CP097140.1	35.556	270	307	42	296	112760	113488	5.23e-27	109
CDF88587.1	CP097144.1	58.297	458	433	2	431	728271	726943	8.21e-161	501
CDF88587.1	CP097146.1	52.193	456	433	2	431	876891	875584	3.52e-148	464
CDF88587.1	CP097135.1	34.014	147	433	11	156	879129	879563	3.33e-12	67.4
CDF88588.1	CP097146.1	46.748	246	372	78	323	872017	871280	2.22e-73	246
CDF88589.1	CP097144.1	92.308	169	169	1	169	725836	725330	8.52e-105	327
CDF88589.1	CP097146.1	92.308	169	169	1	169	870094	869588	8.52e-105	327
CDF88590.1	CP097146.1	70.342	263	314	24	281	869182	868394	3.85e-122	384
CDF88591.1	CP097138.1	25.000	208	527	188	381	659001	659615	1.31e-11	66.2
CDF88592.1	CP097146.1	31.579	551	476	6	465	865614	864007	1.26e-49	181
CDF88593.1	CP097146.1	61.556	450	443	1	437	863427	862096	1.49e-179	555
CDF88593.1	CP097141.1	30.380	395	443	82	439	76059	77201	5.95e-40	152
CDF88594.1	CP097144.1	76.490	302	307	8	307	724100	725005	1.35e-162	500
CDF88594.1	CP097133.1	22.997	287	307	1	275	764250	763417	6.75e-11	61.6
CDF88595.1	CP097146.1	51.464	239	236	1	235	858348	859055	9.55e-76	247
CDF88597.1	CP097144.1	47.606	376	448	1	342	723344	722223	2.11e-111	359
CDF88598.1	CP097140.1	27.232	448	516	54	487	385164	383983	1.17e-26	113
CDF88599.1	CP097144.1	60.648	432	462	39	453	721652	720384	3.07e-171	532
CDF88600.1	CP097146.1	76.139	1010	982	1	982	854181	857198	0.0	1565
CDF88600.1	CP097146.1	46.296	486	982	54	524	827347	825893	2.58e-133	443
CDF88600.1	CP097146.1	29.655	145	982	390	533	666252	666683	1.08e-15	81.3
CDF88600.1	CP097133.1	55.932	944	982	9	933	690797	688044	0.0	1004
CDF88600.1	CP097133.1	31.181	542	982	77	564	364171	365733	1.07e-59	223
CDF88600.1	CP097133.1	28.049	246	982	65	284	447887	448597	3.01e-21	99.4
CDF88600.1	CP097133.1	34.586	133	982	392	523	449261	449653	6.05e-17	85.1
CDF88600.1	CP097140.1	45.301	532	982	19	524	103167	104759	1.10e-139	462
CDF88600.1	CP097136.1	42.014	576	982	58	605	496671	498368	1.82e-135	449
CDF88600.1	CP097137.1	39.636	550	982	51	524	204912	206558	3.39e-115	390
CDF88602.1	CP097146.1	72.335	394	393	2	392	852239	853420	0.0	618
CDF88602.1	CP097141.1	43.878	392	393	6	366	182889	181729	1.01e-109	352
CDF88604.1	CP097146.1	51.402	428	427	4	427	850328	851596	9.65e-145	454
CDF88605.1	CP097144.1	70.796	452	453	2	453	718481	719830	0.0	693
CDF88605.1	CP097142.1	52.308	455	453	1	453	352252	350906	8.59e-154	481
CDF88606.1	CP097146.1	57.522	791	778	1	777	847762	849996	0.0	947
CDF88606.1	CP097144.1	55.711	788	778	1	778	715853	718024	0.0	884
CDF88606.1	CP097142.1	28.049	328	778	112	431	491417	492352	2.99e-21	98.6
CDF88606.1	CP097142.1	26.829	246	778	503	748	492752	493297	5.10e-13	71.6
CDF88607.1	CP097144.1	77.703	148	148	3	147	715102	715542	2.96e-71	230
CDF88608.1	CP097146.1	62.473	469	637	1	425	794579	793188	0.0	578
CDF88608.1	CP097146.1	68.235	85	637	553	637	792572	792318	2.01e-33	136
CDF88608.1	CP097146.1	31.004	229	637	178	395	745711	746373	1.78e-19	92.0
CDF88608.1	CP097146.1	30.516	213	637	180	382	214623	215237	1.09e-16	83.2
CDF88608.1	CP097146.1	27.313	227	637	177	387	98296	98940	6.50e-15	77.4
CDF88608.1	CP097146.1	28.936	235	637	178	405	264572	263907	1.51e-12	69.7
CDF88608.1	CP097146.1	25.346	217	637	171	381	742973	743587	1.77e-11	66.2
CDF88608.1	CP097135.1	47.093	344	637	142	451	412315	411296	3.33e-83	285
CDF88608.1	CP097135.1	49.573	234	637	163	396	75696	75004	6.18e-73	255
CDF88608.1	CP097135.1	29.469	207	637	177	382	1396426	1397016	3.98e-17	84.7
CDF88608.1	CP097135.1	30.638	235	637	177	397	1450024	1449353	2.82e-16	82.0
CDF88608.1	CP097135.1	28.384	229	637	177	387	1417792	1417142	1.59e-13	72.8
CDF88608.1	CP097135.1	30.890	191	637	233	415	273976	274518	4.32e-13	71.6
CDF88608.1	CP097135.1	26.906	223	637	178	375	287266	286625	7.24e-12	67.4
CDF88608.1	CP097145.1	45.879	364	637	54	396	295528	294512	6.88e-80	275
CDF88608.1	CP097134.1	38.340	253	637	153	395	129161	129910	1.50e-46	176
CDF88608.1	CP097134.1	31.019	216	637	177	382	79037	79654	6.07e-18	87.4
CDF88608.1	CP097134.1	26.852	216	637	182	382	242477	241839	3.29e-11	65.5
CDF88608.1	CP097142.1	33.871	248	637	175	392	132534	131800	1.15e-35	143
CDF88608.1	CP097142.1	29.832	238	637	185	396	69874	69170	2.38e-21	98.2
CDF88608.1	CP097142.1	25.769	260	637	177	397	249384	250115	4.35e-13	71.6
CDF88609.1	CP097146.1	37.921	356	403	56	385	790938	791993	5.36e-74	249
CDF88610.1	CP097146.1	61.321	106	106	1	106	790181	790498	1.34e-36	129
CDF88612.1	CP097146.1	79.827	347	345	1	345	787018	788058	0.0	578
CDF88612.1	CP097143.1	32.056	287	345	6	291	615570	616367	8.83e-46	166
CDF88612.1	CP097141.1	26.250	240	345	2	232	564526	563849	1.17e-19	89.0
CDF88613.1	CP097146.1	77.439	328	326	1	324	786657	785674	2.47e-165	509
CDF88614.1	CP097147.1	65.394	419	435	26	430	219555	218299	0.0	580
CDF88615.1	CP097146.1	50.342	584	514	1	514	783710	785443	5.57e-179	557
CDF88616.1	CP097146.1	85.714	441	433	1	433	783434	782124	0.0	767
CDF88616.1	CP097146.1	43.366	309	433	114	422	514692	515618	4.22e-78	263
CDF88616.1	CP097138.1	43.548	372	433	69	433	421145	420033	5.15e-95	311
CDF88616.1	CP097138.1	40.562	249	433	158	400	1003394	1004113	1.18e-53	192
CDF88616.1	CP097138.1	33.687	377	433	49	401	545912	546970	4.45e-45	166
CDF88616.1	CP097142.1	45.652	322	433	112	432	175181	176146	3.80e-89	295
CDF88616.1	CP097142.1	37.302	252	433	171	408	72055	71309	2.21e-42	159
CDF88616.1	CP097135.1	41.076	353	433	78	429	1245657	1246706	7.81e-83	276
CDF88616.1	CP097135.1	44.186	215	433	101	315	443484	444128	3.10e-69	190
CDF88616.1	CP097135.1	41.071	112	433	318	426	444134	444469	3.10e-69	89.7
CDF88616.1	CP097135.1	44.444	234	433	173	406	244040	243348	3.30e-59	208
CDF88616.1	CP097135.1	38.683	243	433	159	401	243263	242535	2.87e-49	179
CDF88616.1	CP097135.1	31.788	151	433	197	345	1209564	1209142	5.04e-13	70.1
CDF88616.1	CP097144.1	41.365	249	433	173	418	418222	417479	1.77e-53	191
CDF88617.1	CP097146.1	44.393	214	214	1	207	781397	782038	7.53e-53	181
CDF88618.1	CP097147.1	57.679	293	296	1	292	217071	217949	9.09e-116	365
CDF88619.1	CP097147.1	69.804	255	261	2	256	859713	858949	1.25e-129	403
CDF88620.1	CP097147.1	72.414	145	158	3	147	860172	860606	1.11e-67	220
CDF88621.1	CP097147.1	45.703	512	470	1	470	860777	862252	8.50e-133	422
CDF88622.1	CP097145.1	41.877	277	259	4	259	340295	339477	2.79e-62	210
CDF88623.1	CP097145.1	41.520	171	185	8	169	340647	341153	2.08e-36	132
CDF88624.1	CP097139.1	61.916	428	431	6	431	355273	354002	0.0	561
CDF88625.1	CP097139.1	74.219	128	122	3	122	355560	355943	4.71e-48	162
CDF88625.1	CP097145.1	61.165	103	122	3	100	341360	341668	6.37e-36	128
CDF88626.1	CP097145.1	49.000	300	264	5	262	342967	342068	1.64e-87	282
CDF88626.1	CP097139.1	37.175	269	264	3	261	356997	356218	6.62e-51	177
CDF88627.1	CP097139.1	54.510	255	233	1	233	357287	358048	2.75e-76	249
CDF88628.1	CP097145.1	46.183	262	259	1	251	343524	344306	1.36e-67	225
CDF88629.1	CP097145.1	70.415	578	574	3	574	346248	344635	0.0	722
CDF88629.1	CP097139.1	82.353	391	574	6	396	359785	358634	0.0	677
CDF88629.1	CP097136.1	59.945	362	574	63	385	401350	402423	1.67e-143	457
CDF88629.1	CP097147.1	51.613	310	574	71	373	158548	159465	3.33e-97	323
CDF88629.1	CP097135.1	28.571	259	574	75	313	1417795	1417085	5.71e-13	70.9
CDF88630.1	CP097147.1	33.913	345	446	67	393	375869	376903	5.25e-58	205
CDF88630.1	CP097145.1	25.439	342	446	66	386	17711	16719	1.37e-17	84.3
CDF88630.1	CP097141.1	24.926	337	446	67	386	719730	720719	1.03e-15	78.6
CDF88630.1	CP097135.1	25.444	338	446	67	386	18886	17897	2.35e-15	77.4
CDF88631.1	CP097145.1	75.145	346	348	1	346	360575	361612	0.0	562
CDF88633.1	CP097139.1	50.688	509	505	2	500	361218	362723	5.21e-179	556
CDF88633.1	CP097138.1	29.077	509	505	24	501	123578	124993	6.08e-60	213
CDF88634.1	CP097145.1	64.341	129	129	1	129	347054	346668	1.80e-52	176
CDF88635.1	CP097139.1	38.095	105	101	4	101	363169	362858	6.06e-14	64.3
CDF88636.1	CP097145.1	78.745	494	494	1	493	358441	359922	0.0	795
CDF88636.1	CP097138.1	44.262	427	494	19	445	719846	718596	1.05e-113	368
CDF88636.1	CP097147.1	42.721	419	494	27	445	802382	803617	3.47e-111	361
CDF88637.1	CP097145.1	39.892	371	362	1	362	337537	338598	3.88e-63	216
CDF88637.1	CP097139.1	42.424	297	362	88	362	364591	363719	1.07e-59	206
CDF88638.1	CP097139.1	43.893	262	263	4	263	366087	366767	3.48e-61	207
CDF88639.1	CP097138.1	32.033	487	881	369	844	660711	662072	6.42e-67	243
CDF88639.1	CP097138.1	26.409	337	881	472	778	167571	168434	1.31e-20	97.1
CDF88639.1	CP097138.1	23.154	298	881	463	743	220715	221473	4.45e-19	92.0
CDF88639.1	CP097138.1	25.076	331	881	451	753	172432	171629	5.64e-17	85.1
CDF88639.1	CP097147.1	31.590	459	881	395	844	735485	736768	1.70e-66	242
CDF88639.1	CP097147.1	28.184	369	881	458	820	160694	161581	4.69e-37	150
CDF88639.1	CP097147.1	36.184	152	881	465	613	257536	257087	9.75e-21	97.4
CDF88639.1	CP097147.1	36.842	152	881	463	614	151559	151104	5.13e-17	85.1
CDF88639.1	CP097147.1	31.646	158	881	466	613	282321	281863	4.40e-12	68.9
CDF88639.1	CP097145.1	35.770	383	881	433	812	704504	705502	1.70e-64	236
CDF88639.1	CP097145.1	44.242	165	881	98	254	333699	334130	3.51e-28	121
CDF88639.1	CP097145.1	27.099	262	881	474	731	676229	675543	2.28e-14	76.6
CDF88639.1	CP097134.1	33.202	253	881	561	812	274624	275235	1.66e-57	146
CDF88639.1	CP097134.1	37.600	125	881	433	557	274245	274607	1.66e-57	95.9
CDF88639.1	CP097134.1	30.409	171	881	472	625	129242	129733	7.74e-16	81.3
CDF88639.1	CP097134.1	33.813	139	881	474	611	242477	242061	1.41e-13	73.9
CDF88639.1	CP097134.1	31.757	148	881	474	613	79052	79495	1.98e-13	73.6
CDF88639.1	CP097142.1	33.791	364	881	459	820	206942	207826	7.17e-46	178
CDF88639.1	CP097142.1	38.816	152	881	462	613	135764	135309	3.92e-33	137
CDF88639.1	CP097142.1	37.984	129	881	687	811	135293	134919	4.50e-21	98.6
CDF88640.1	CP097145.1	91.509	106	106	1	106	332807	333124	6.32e-54	178
CDF88640.1	CP097139.1	92.381	105	106	2	106	367792	367478	2.00e-53	177
CDF88641.1	CP097139.1	67.419	310	314	3	312	369038	369967	1.89e-140	437
CDF88642.1	CP097145.1	61.290	62	79	16	77	331319	331504	7.07e-22	85.9
CDF88643.1	CP097145.1	66.965	1117	1084	1	1084	331048	327719	0.0	1475
CDF88643.1	CP097135.1	36.675	409	1084	12	414	1227023	1228147	7.77e-71	259
CDF88643.1	CP097135.1	31.533	463	1084	571	1030	1228175	1229416	8.24e-64	237
CDF88643.1	CP097146.1	36.675	409	1084	12	414	544442	545566	7.97e-71	259
CDF88643.1	CP097146.1	31.533	463	1084	571	1030	545594	546835	9.91e-64	236
CDF88643.1	CP097142.1	22.453	530	1084	572	1065	124274	125749	7.89e-26	114
CDF88643.1	CP097142.1	27.157	313	1084	3	306	123170	123976	1.09e-24	110
CDF88643.1	CP097143.1	38.776	147	1084	20	166	706911	707324	7.02e-22	101
CDF88643.1	CP097143.1	38.514	148	1084	19	161	253736	253323	5.12e-17	85.5
CDF88645.1	CP097145.1	47.449	392	368	1	357	324807	325973	5.50e-112	357
CDF88645.1	CP097144.1	27.619	315	368	60	355	877001	877897	4.54e-22	97.1
CDF88645.1	CP097146.1	25.556	270	368	78	345	1028551	1029300	4.22e-18	84.7
CDF88646.1	CP097145.1	47.594	187	653	490	653	323751	323197	1.15e-39	155
CDF88647.1	CP097139.1	92.857	70	70	1	70	372731	372940	1.14e-39	136
CDF88648.1	CP097145.1	36.316	570	642	8	484	322304	320616	3.41e-69	244
CDF88649.1	CP097145.1	65.900	261	261	1	261	319781	319005	1.09e-117	369
CDF88650.1	CP097139.1	62.420	314	314	1	314	374225	373290	8.36e-128	400
CDF88651.1	CP097145.1	66.057	492	490	1	486	318637	317168	0.0	686
CDF88652.1	CP097145.1	44.267	1753	1678	27	1671	311725	316830	0.0	1349
CDF88653.1	CP097145.1	49.425	87	1154	6	92	311011	310757	1.33e-23	107
CDF88653.1	CP097139.1	47.368	95	1154	1	92	375807	376088	2.68e-20	96.7
CDF88654.1	CP097145.1	62.113	388	373	10	373	309536	308379	1.02e-149	466
CDF88654.1	CP097138.1	28.571	140	373	149	286	794136	793717	3.79e-13	69.7
CDF88655.1	CP097141.1	38.516	566	557	1	512	526901	528472	1.65e-84	286
CDF88656.1	CP097141.1	46.591	528	514	1	502	528929	530413	2.21e-132	423
CDF88656.1	CP097144.1	52.632	228	514	9	229	175407	174724	1.90e-69	241
CDF88659.1	CP097144.1	50.743	404	408	1	385	172740	173942	1.80e-140	441
CDF88660.1	CP097144.1	42.506	1341	1290	1	1290	172469	168537	0.0	1003
CDF88661.1	CP097144.1	39.752	322	326	6	326	167459	168385	1.31e-63	216
CDF88661.1	CP097133.1	29.545	132	326	201	315	525675	526043	1.30e-11	64.3
CDF88662.1	CP097141.1	53.247	154	150	4	147	531663	532121	2.44e-45	156
CDF88663.1	CP097144.1	65.517	435	431	1	430	165908	167212	0.0	609
CDF88664.1	CP097144.1	54.634	205	325	8	211	164725	165339	3.44e-73	244
CDF88664.1	CP097135.1	31.628	215	325	29	235	61934	61302	1.93e-26	108
CDF88664.1	CP097145.1	28.431	204	325	18	214	274564	273956	2.47e-17	81.6
CDF88665.1	CP097141.1	43.721	215	218	1	186	535013	534387	7.49e-43	152
CDF88667.1	CP097141.1	52.995	217	216	1	216	536473	537117	1.48e-74	243
CDF88668.1	CP097141.1	82.993	147	147	1	147	537583	537143	4.07e-83	264
CDF88668.1	CP097141.1	28.947	152	147	10	145	401056	400607	5.04e-12	60.8
CDF88668.1	CP097143.1	40.541	148	147	3	147	497603	497175	2.61e-28	107
CDF88669.1	CP097142.1	43.898	1098	1052	8	1051	74107	71000	0.0	831
CDF88669.1	CP097142.1	38.767	227	1052	702	925	175367	176047	1.46e-40	162
CDF88669.1	CP097135.1	30.348	603	1052	451	1032	243950	242304	9.46e-69	252
CDF88669.1	CP097135.1	42.105	228	1052	702	929	244037	243354	9.19e-51	195
CDF88669.1	CP097135.1	37.891	256	1052	677	926	1245870	1246631	1.42e-41	166
CDF88669.1	CP097135.1	31.757	148	1052	694	841	443679	444122	8.32e-33	93.6
CDF88669.1	CP097135.1	34.513	113	1052	841	951	444128	444454	8.32e-33	65.9
CDF88669.1	CP097143.1	31.365	491	1052	449	929	911145	909727	1.69e-68	251
CDF88669.1	CP097143.1	38.655	238	1052	702	935	57026	56313	9.72e-53	201
CDF88669.1	CP097143.1	38.197	233	1052	702	929	911226	910528	1.28e-42	169
CDF88669.1	CP097143.1	39.535	215	1052	717	926	57965	57321	8.33e-40	160
CDF88669.1	CP097145.1	30.706	609	1052	456	1029	21705	20035	1.20e-62	233
CDF88669.1	CP097146.1	40.969	227	1052	702	925	782903	782223	7.94e-45	176
CDF88669.1	CP097146.1	33.858	254	1052	678	927	514800	515558	5.33e-36	147
CDF88670.1	CP097141.1	55.993	534	618	65	548	538501	540099	0.0	649
CDF88670.1	CP097141.1	26.136	352	618	206	505	112552	111590	3.35e-19	91.3
CDF88670.1	CP097141.1	24.850	334	618	195	511	115553	114741	6.22e-14	74.3
CDF88670.1	CP097142.1	47.504	661	618	3	612	70441	68519	0.0	595
CDF88670.1	CP097142.1	26.627	338	618	197	508	132513	131599	6.40e-20	93.6
CDF88670.1	CP097142.1	33.333	183	618	240	418	249627	250085	4.00e-15	78.2
CDF88670.1	CP097142.1	25.738	237	618	195	421	135734	135150	4.25e-12	68.2
CDF88670.1	CP097134.1	28.302	318	618	195	504	129242	130072	7.20e-27	115
CDF88670.1	CP097134.1	32.796	186	618	238	420	79193	79660	3.44e-17	84.7
CDF88670.1	CP097135.1	26.769	325	618	196	504	75642	74764	3.63e-25	110
CDF88670.1	CP097135.1	31.120	241	618	193	420	1450015	1449383	1.18e-19	92.8
CDF88670.1	CP097135.1	26.619	278	618	234	507	412063	411356	1.98e-19	92.0
CDF88670.1	CP097135.1	24.046	262	618	187	435	1379040	1379753	3.15e-13	72.0
CDF88670.1	CP097135.1	26.812	276	618	247	519	1396582	1397220	5.26e-13	71.2
CDF88670.1	CP097135.1	29.255	188	618	240	421	963072	963584	7.01e-11	64.3
CDF88670.1	CP097146.1	32.524	206	618	228	432	793826	793275	4.32e-24	106
CDF88670.1	CP097146.1	28.692	237	618	187	418	98290	98925	1.51e-14	76.3
CDF88670.1	CP097146.1	30.882	136	618	283	418	214896	215237	1.64e-12	69.7
CDF88670.1	CP097146.1	29.167	144	618	280	419	80120	80494	2.32e-12	68.9
CDF88671.1	CP097141.1	72.000	125	273	143	267	541774	542148	9.13e-54	186
CDF88672.1	CP097142.1	41.480	892	913	59	890	67451	64833	0.0	676
CDF88672.1	CP097141.1	37.950	917	913	19	901	542992	545682	0.0	646
CDF88673.1	CP097141.1	46.222	450	410	6	410	547222	545885	3.99e-129	409
CDF88675.1	CP097141.1	80.800	125	125	1	125	547601	547975	1.94e-66	215
CDF88676.1	CP097141.1	86.299	562	559	1	559	548320	550005	0.0	1003
CDF88676.1	CP097141.1	30.341	557	559	14	555	412021	413634	2.10e-77	265
CDF88676.1	CP097141.1	30.970	536	559	26	558	212646	214214	7.85e-73	252
CDF88676.1	CP097141.1	26.857	525	559	49	556	426063	424510	1.74e-50	186
CDF88676.1	CP097135.1	35.619	525	559	36	554	206090	207637	1.09e-89	301
CDF88676.1	CP097135.1	31.203	532	559	41	552	894047	895618	1.59e-65	231
CDF88676.1	CP097135.1	30.185	487	559	44	510	855082	856506	4.02e-54	197
CDF88676.1	CP097140.1	35.849	530	559	29	552	67305	68837	5.36e-80	273
CDF88676.1	CP097143.1	25.000	152	559	25	172	650406	649951	2.99e-12	68.6
CDF88677.1	CP097141.1	86.985	461	459	1	459	551564	550218	0.0	808
CDF88677.1	CP097137.1	36.986	365	459	99	452	36208	35228	3.17e-70	241
CDF88677.1	CP097135.1	29.605	456	459	5	453	405372	406529	5.40e-59	208
CDF88677.1	CP097139.1	28.412	447	459	4	444	349622	348528	3.89e-51	185
CDF88677.1	CP097143.1	21.951	410	459	106	447	281898	280747	7.85e-12	66.6
CDF88678.1	CP097142.1	78.264	2466	2462	1	2462	63595	56213	0.0	3973
CDF88678.1	CP097141.1	71.347	2457	2462	20	2462	551945	559231	0.0	3618
CDF88678.1	CP097133.1	32.520	369	2462	2098	2462	44044	43022	6.45e-46	182
CDF88678.1	CP097133.1	32.653	392	2462	2073	2462	491912	492907	1.03e-45	182
CDF88678.1	CP097139.1	22.222	396	2462	2038	2386	298215	299366	9.72e-12	69.7
CDF88679.1	CP097141.1	47.482	139	141	1	139	559850	559437	5.93e-39	137
CDF88680.1	CP097141.1	69.972	353	352	1	350	560049	561107	1.11e-166	514
CDF88680.1	CP097145.1	42.460	252	352	9	258	86739	87431	1.41e-57	200
CDF88680.1	CP097146.1	39.928	278	352	24	298	111050	110277	7.26e-57	198
CDF88680.1	CP097146.1	25.547	274	352	20	270	719904	720707	4.61e-15	75.5
CDF88680.1	CP097133.1	29.305	331	352	25	287	403856	404830	1.35e-30	121
CDF88682.1	CP097142.1	45.796	1118	1059	1	1053	50326	53595	0.0	942
CDF88683.1	CP097141.1	68.750	192	192	2	192	561796	561221	4.24e-84	269
CDF88684.1	CP097141.1	73.913	322	322	1	321	563004	562039	2.65e-156	483
CDF88685.1	CP097142.1	37.079	267	278	5	264	50075	49323	4.64e-46	164
CDF88686.1	CP097141.1	75.065	385	384	1	383	564532	563381	0.0	612
CDF88686.1	CP097143.1	33.155	187	384	6	190	615567	616121	1.73e-22	98.6
CDF88686.1	CP097146.1	29.444	180	384	7	180	787033	787563	3.52e-18	85.5
CDF88687.1	CP097142.1	59.533	257	264	19	263	48466	49224	3.06e-95	305
CDF88688.1	CP097142.1	31.641	256	220	9	219	47468	48235	4.53e-27	107
CDF88689.1	CP097141.1	58.049	205	213	4	208	565340	564735	1.73e-74	243
CDF88690.1	CP097142.1	51.016	1280	1290	28	1286	46530	42712	0.0	1266
CDF88690.1	CP097142.1	22.921	445	1290	851	1277	653493	654752	3.83e-15	79.7
CDF88690.1	CP097142.1	23.538	650	1290	4	597	652926	654758	1.12e-14	78.2
CDF88690.1	CP097147.1	28.409	528	1290	772	1285	31515	33038	2.22e-47	185
CDF88690.1	CP097147.1	28.289	456	1290	183	622	31782	33092	1.07e-41	167
CDF88690.1	CP097135.1	23.028	951	1290	372	1281	744891	742288	4.05e-47	184
CDF88690.1	CP097135.1	24.022	358	1290	253	603	743331	742276	9.93e-23	104
CDF88690.1	CP097143.1	24.153	1151	1290	219	1275	29849	26634	1.38e-44	176
CDF88690.1	CP097143.1	27.362	508	1290	781	1275	525384	526868	9.59e-42	167
CDF88690.1	CP097143.1	27.529	425	1290	181	594	525633	526871	2.06e-37	153
CDF88690.1	CP097143.1	29.719	249	1290	1052	1281	106087	106824	2.53e-18	90.5
CDF88690.1	CP097143.1	32.589	224	1290	1080	1289	104176	104802	1.84e-17	87.4
CDF88690.1	CP097143.1	23.183	289	1290	345	603	27446	26604	3.10e-16	83.6
CDF88690.1	CP097143.1	31.193	218	1290	382	594	104140	104763	1.50e-15	81.3
CDF88690.1	CP097143.1	26.141	241	1290	381	607	106132	106848	4.28e-14	76.3
CDF88690.1	CP097143.1	21.090	422	1290	871	1275	29930	28737	1.51e-11	68.2
CDF88690.1	CP097144.1	29.500	400	1290	211	594	840935	839796	3.96e-38	155
CDF88690.1	CP097144.1	32.411	253	1290	1042	1289	840506	839757	1.15e-27	120
CDF88691.1	CP097142.1	77.756	1016	1015	2	1015	39463	42507	0.0	1663
CDF88691.1	CP097135.1	36.052	233	1015	392	618	1240640	1239999	6.59e-32	134
CDF88691.1	CP097147.1	28.426	197	1015	427	612	668791	669348	4.95e-21	98.6
CDF88691.1	CP097147.1	24.103	390	1015	1	387	878074	879066	1.48e-20	97.1
CDF88692.1	CP097141.1	44.920	187	178	5	177	565608	566156	3.62e-43	151
CDF88693.1	CP097141.1	56.675	397	395	1	394	566389	567570	3.23e-156	486
CDF88693.1	CP097138.1	27.594	453	395	54	388	436696	435356	1.12e-43	161
CDF88694.1	CP097141.1	74.341	417	407	1	405	569009	567765	0.0	614
CDF88694.1	CP097135.1	36.747	332	407	11	297	52675	53658	2.72e-64	222
CDF88694.1	CP097135.1	32.090	402	407	11	365	911744	910551	4.08e-57	201
CDF88694.1	CP097134.1	40.264	303	407	17	313	118085	117201	5.86e-60	209
CDF88694.1	CP097139.1	33.673	392	407	20	396	313442	312345	1.22e-52	188
CDF88694.1	CP097143.1	33.443	305	407	14	296	755144	754245	1.06e-50	182
CDF88695.1	CP097142.1	72.784	485	488	2	486	38403	36985	0.0	745
CDF88695.1	CP097145.1	31.621	253	488	6	227	682292	683047	4.62e-19	89.7
CDF88696.1	CP097142.1	63.782	624	622	1	622	34820	36688	0.0	868
CDF88696.1	CP097146.1	30.404	421	622	114	512	495042	496238	3.18e-50	187
CDF88696.1	CP097145.1	29.877	405	622	114	502	424969	423800	2.10e-49	184
CDF88696.1	CP097145.1	28.458	506	622	42	504	31613	30141	2.12e-44	169
CDF88696.1	CP097140.1	24.362	431	622	56	443	330430	329231	2.38e-11	65.9
CDF88697.1	CP097142.1	57.778	720	719	2	717	34378	32243	0.0	857
CDF88697.1	CP097133.1	31.140	228	719	89	301	597068	596397	3.73e-16	81.6
CDF88697.1	CP097143.1	32.099	162	719	94	246	576922	576443	1.21e-15	80.1
CDF88698.1	CP097142.1	39.683	189	180	15	178	31901	31365	1.89e-34	126
CDF88699.1	CP097141.1	81.905	315	315	1	315	570598	569666	2.94e-167	513
CDF88699.1	CP097141.1	26.122	245	315	4	242	171251	171937	4.53e-13	68.6
CDF88699.1	CP097141.1	23.264	288	315	41	305	602279	603112	1.99e-11	63.5
CDF88699.1	CP097136.1	40.550	291	315	16	303	256183	255335	1.79e-61	210
CDF88699.1	CP097136.1	26.280	293	315	25	292	141010	141861	2.65e-15	75.5
CDF88699.1	CP097142.1	26.132	287	315	26	302	532814	531993	7.68e-15	73.9
CDF88699.1	CP097133.1	30.899	178	315	41	196	588318	588845	5.28e-14	71.2
CDF88699.1	CP097147.1	25.267	281	315	24	293	589316	588513	1.60e-12	67.0
CDF88700.1	CP097147.1	57.190	306	303	1	302	661326	662243	7.42e-116	365
CDF88700.1	CP097147.1	29.225	284	303	30	297	589307	588489	9.10e-27	108
CDF88700.1	CP097147.1	25.839	298	303	29	299	293373	292528	2.51e-20	90.1
CDF88700.1	CP097147.1	21.562	320	303	9	297	571598	570651	2.57e-11	63.2
CDF88700.1	CP097133.1	51.227	326	303	1	302	429748	430725	1.91e-105	336
CDF88700.1	CP097133.1	25.321	312	303	43	303	587949	588866	1.55e-13	69.7
CDF88700.1	CP097133.1	25.952	289	303	28	302	764202	763357	3.66e-12	65.5
CDF88700.1	CP097146.1	28.239	301	303	18	297	483539	482676	5.98e-31	121
CDF88700.1	CP097146.1	29.412	289	303	26	296	540072	539257	7.09e-28	112
CDF88700.1	CP097146.1	27.402	281	303	28	286	728106	728909	1.11e-21	94.0
CDF88700.1	CP097141.1	26.537	309	303	13	296	602189	603085	1.33e-23	99.8
CDF88700.1	CP097140.1	24.324	296	303	28	296	321498	322331	1.48e-15	75.9
CDF88700.1	CP097140.1	24.675	308	303	21	296	81402	82298	4.80e-13	68.2
CDF88702.1	CP097132.1	31.535	482	534	52	527	9027	7645	7.81e-74	254
CDF88702.1	CP097134.1	31.517	422	534	78	498	171483	170254	2.03e-70	244
CDF88702.1	CP097138.1	30.208	480	534	64	525	611856	610495	1.37e-65	230
CDF88702.1	CP097135.1	26.539	471	534	34	479	600080	598854	1.52e-24	107
CDF88702.1	CP097135.1	26.539	471	534	34	479	583155	581929	1.52e-24	107
CDF88702.1	CP097141.1	23.312	459	534	77	523	712444	713748	1.45e-17	85.5
CDF88707.1	CP097141.1	28.535	785	785	18	767	40880	38562	2.29e-105	355
CDF88707.1	CP097147.1	25.289	779	785	35	774	908702	906459	6.95e-59	217
CDF88710.1	CP097135.1	36.544	353	340	1	328	205802	204756	1.26e-59	206
CDF88711.1	CP097135.1	36.036	555	552	2	544	953560	955176	1.13e-85	289
CDF88711.1	CP097133.1	25.743	303	552	118	411	622083	621232	1.26e-11	66.2
CDF88712.1	CP097133.1	27.571	457	567	78	523	239893	238550	7.68e-45	169
CDF88712.1	CP097133.1	23.967	242	567	78	308	303686	302964	8.03e-13	70.5
CDF88712.1	CP097133.1	23.875	289	567	13	288	569974	570810	4.23e-12	68.2
CDF88712.1	CP097139.1	26.316	532	567	8	521	188824	190365	3.86e-44	167
CDF88712.1	CP097143.1	26.027	438	567	91	521	70744	72024	2.01e-38	150
CDF88712.1	CP097147.1	25.049	507	567	16	517	775361	776839	1.75e-37	147
CDF88712.1	CP097138.1	26.126	444	567	79	517	752045	750747	7.54e-37	145
CDF88713.1	CP097139.1	48.763	283	320	42	311	448233	449081	1.74e-82	270
CDF88713.1	CP097147.1	43.902	287	320	38	311	221173	220313	1.10e-73	245
CDF88714.1	CP097141.1	33.151	365	347	6	325	699950	700993	2.58e-39	147
CDF88715.1	CP097146.1	33.597	253	269	32	265	1028554	1029309	1.29e-45	162
CDF88715.1	CP097144.1	28.889	270	269	32	264	877079	877873	2.71e-22	95.1
CDF88715.1	CP097145.1	26.280	293	269	22	262	325077	325937	1.23e-15	75.5
CDF88716.1	CP097147.1	35.632	261	560	304	554	113482	114264	3.36e-43	164
CDF88716.1	CP097138.1	27.675	271	560	42	290	368808	369566	1.77e-16	82.0
CDF88717.1	CP097146.1	43.537	1323	1315	10	1315	839555	843391	0.0	1067
CDF88718.1	CP097144.1	43.612	227	238	1	219	711289	711927	2.09e-55	189
CDF88718.1	CP097146.1	36.649	191	238	1	182	838534	839103	1.12e-32	124
CDF88719.1	CP097146.1	72.772	202	206	1	202	837666	838271	1.76e-97	308
CDF88720.1	CP097144.1	38.048	707	694	1	694	709030	711060	2.14e-131	427
CDF88721.1	CP097144.1	53.372	1038	1032	1	1027	705649	708723	0.0	1117
CDF88722.1	CP097146.1	84.783	92	105	14	105	836953	837228	1.25e-49	166
CDF88722.1	CP097144.1	87.500	88	105	18	105	704979	705242	1.37e-48	163
CDF88723.1	CP097146.1	57.792	308	303	1	299	835962	835039	1.51e-116	367
CDF88723.1	CP097143.1	33.884	121	303	183	299	632997	633356	8.27e-11	61.6
CDF88724.1	CP097146.1	66.996	1418	1463	43	1438	830687	834895	0.0	1905
CDF88724.1	CP097136.1	31.275	745	1463	474	1195	86991	88961	4.06e-87	314
CDF88724.1	CP097136.1	27.919	197	1463	1189	1379	89301	89870	1.91e-12	71.2
CDF88724.1	CP097136.1	23.810	336	1463	927	1203	505408	506388	1.85e-11	67.8
CDF88724.1	CP097140.1	23.440	529	1463	726	1211	240649	242073	3.89e-22	103
CDF88724.1	CP097138.1	20.772	544	1463	921	1442	196474	195146	2.32e-16	84.0
CDF88724.1	CP097138.1	24.065	428	1463	911	1298	497718	498839	2.65e-16	84.0
CDF88724.1	CP097135.1	25.309	324	1463	928	1204	659065	660021	2.40e-15	80.9
CDF88725.1	CP097144.1	61.664	1719	1709	4	1701	703211	698061	0.0	2171
CDF88726.1	CP097144.1	55.621	338	341	1	338	696729	697742	2.85e-130	409
CDF88727.1	CP097144.1	47.195	606	542	1	538	696488	694719	3.45e-139	444
CDF88728.1	CP097146.1	61.432	1522	1651	152	1636	828874	824501	0.0	1796
CDF88728.1	CP097146.1	47.233	506	1651	695	1197	854310	855764	3.41e-133	460
CDF88728.1	CP097146.1	30.719	153	1651	1047	1198	666210	666659	6.78e-16	82.8
CDF88728.1	CP097140.1	57.079	890	1651	467	1331	102564	105149	0.0	936
CDF88728.1	CP097133.1	45.574	531	1651	690	1212	690734	689205	8.68e-122	425
CDF88728.1	CP097133.1	31.115	511	1651	747	1222	364207	365685	1.63e-60	229
CDF88728.1	CP097133.1	29.249	253	1651	724	955	447887	448600	6.27e-20	96.3
CDF88728.1	CP097133.1	34.437	151	1651	1041	1189	449183	449632	1.65e-18	91.3
CDF88728.1	CP097136.1	40.000	555	1651	711	1232	496653	498248	1.34e-116	409
CDF88728.1	CP097137.1	37.037	567	1651	715	1214	204927	206612	1.90e-106	377
CDF88731.1	CP097144.1	67.041	267	273	1	267	694499	693699	3.92e-123	385
CDF88731.1	CP097140.1	30.882	272	273	14	271	110162	110905	3.57e-19	85.9
CDF88731.1	CP097140.1	26.961	204	273	10	205	400580	399993	3.16e-14	71.2
CDF88732.1	CP097146.1	58.678	242	235	3	233	823112	823810	9.57e-85	273
CDF88733.1	CP097146.1	53.205	312	308	6	308	822763	821828	4.20e-107	341
CDF88733.1	CP097134.1	27.007	137	308	26	161	49970	49611	1.25e-11	63.9
CDF88734.1	CP097146.1	45.278	413	453	38	434	617744	616521	2.22e-103	337
CDF88735.1	CP097143.1	97.015	67	67	1	67	658542	658742	7.73e-37	127
CDF88735.1	CP097146.1	97.015	67	67	1	67	618372	618172	1.35e-36	127
CDF88736.1	CP097143.1	31.923	827	805	37	799	655854	658217	5.68e-103	348
CDF88737.1	CP097146.1	73.177	809	798	1	797	618668	621088	0.0	1258
CDF88737.1	CP097138.1	31.057	454	798	241	692	46893	48179	1.47e-63	231
CDF88739.1	CP097143.1	82.648	219	217	1	217	654314	653664	7.02e-120	373
CDF88739.1	CP097143.1	28.571	175	217	1	175	713117	712608	7.50e-22	92.0
CDF88739.1	CP097143.1	29.167	168	217	14	168	596128	595634	5.21e-14	68.9
CDF88739.1	CP097146.1	36.937	222	217	1	217	460193	459549	1.15e-42	151
CDF88739.1	CP097146.1	28.161	174	217	2	175	651497	650991	2.65e-21	90.5
CDF88739.1	CP097146.1	36.905	168	217	1	168	484594	485085	9.17e-21	88.6
CDF88739.1	CP097136.1	35.047	214	217	13	217	211608	210982	1.77e-37	137
CDF88739.1	CP097142.1	33.184	223	217	10	204	465853	465194	8.19e-37	135
CDF88739.1	CP097142.1	31.138	167	217	14	175	547866	548360	3.49e-17	78.2
CDF88739.1	CP097137.1	42.328	189	217	1	181	112652	113209	2.04e-36	134
CDF88739.1	CP097137.1	40.000	170	217	13	182	37918	37415	1.73e-34	128
CDF88740.1	CP097143.1	54.748	674	640	15	640	651335	653320	0.0	728
CDF88740.1	CP097146.1	58.781	558	640	123	640	623048	621378	0.0	658
CDF88741.1	CP097143.1	88.504	548	572	1	546	650445	648802	0.0	974
CDF88741.1	CP097141.1	25.316	158	572	5	162	548377	548838	1.19e-11	66.6
CDF88743.1	CP097143.1	42.723	426	427	3	397	300752	302026	8.06e-100	325
CDF88743.1	CP097145.1	35.185	378	427	3	368	507933	506890	3.38e-52	187
CDF88743.1	CP097145.1	28.000	450	427	2	370	482376	483647	8.44e-39	148
CDF88743.1	CP097145.1	50.000	68	427	3	70	607854	607669	3.37e-13	70.5
CDF88743.1	CP097145.1	43.902	82	427	4	83	223380	223141	1.95e-11	65.1
CDF88743.1	CP097144.1	31.302	361	427	4	350	667524	668543	5.65e-32	127
CDF88743.1	CP097137.1	26.238	404	427	4	357	88390	87263	4.64e-16	79.3
CDF88743.1	CP097140.1	42.105	95	427	4	96	340427	340699	6.85e-13	69.7
CDF88744.1	CP097135.1	31.332	383	287	7	286	700820	699720	1.19e-34	131
CDF88745.1	CP097143.1	31.449	283	278	1	253	302319	303146	7.74e-29	114
CDF88746.1	CP097135.1	71.429	77	97	22	97	701501	701707	5.41e-25	95.9
CDF88747.1	CP097135.1	58.497	559	554	1	546	704862	703192	0.0	662
CDF88748.1	CP097135.1	38.765	405	530	1	378	705128	706342	2.67e-98	325
CDF88751.1	CP097135.1	31.369	526	583	59	572	708150	709715	8.17e-61	218
CDF88751.1	CP097144.1	29.291	536	583	74	574	416156	414597	1.60e-49	184
CDF88751.1	CP097133.1	28.442	552	583	26	560	766416	768047	3.77e-46	174
CDF88751.1	CP097147.1	23.265	490	583	88	522	916028	917482	3.05e-19	91.3
CDF88751.1	CP097134.1	21.277	517	583	32	505	9295	10797	2.05e-13	72.4
CDF88752.1	CP097144.1	70.513	1092	1092	1	1092	864370	861104	0.0	1537
CDF88752.1	CP097136.1	21.450	993	1092	26	960	378575	375756	6.62e-24	108
CDF88753.1	CP097138.1	67.945	1460	1459	18	1458	1027766	1032118	0.0	2062
CDF88753.1	CP097135.1	31.463	1408	1459	89	1451	746193	742249	0.0	629
CDF88753.1	CP097143.1	32.536	1254	1459	240	1447	103180	106848	1.18e-176	586
CDF88753.1	CP097143.1	29.507	1359	1459	197	1447	30437	26592	1.55e-159	535
CDF88753.1	CP097143.1	32.143	280	1459	1180	1448	526134	526880	6.35e-27	119
CDF88753.1	CP097143.1	29.185	233	1459	582	795	526233	526928	4.78e-19	92.8
CDF88753.1	CP097143.1	23.849	478	1459	1002	1448	29996	28677	7.41e-11	65.9
CDF88753.1	CP097139.1	29.549	1154	1459	340	1444	21482	18231	1.28e-146	496
CDF88753.1	CP097142.1	27.234	705	1459	604	1289	654276	656243	1.86e-104	289
CDF88753.1	CP097142.1	39.024	164	1459	1290	1447	656243	656725	1.86e-104	110
CDF88753.1	CP097142.1	30.924	249	1459	1195	1432	43416	42742	4.74e-23	106
CDF88753.1	CP097142.1	27.184	309	1459	1138	1434	45672	44797	3.11e-19	93.6
CDF88753.1	CP097142.1	30.698	215	1459	585	773	45432	44800	1.21e-14	78.6
CDF88754.1	CP097144.1	65.286	821	814	1	814	867571	865136	0.0	1015
CDF88755.1	CP097138.1	77.627	295	310	15	309	1033533	1032649	1.13e-158	489
CDF88755.1	CP097138.1	28.030	264	310	34	293	1024393	1023680	3.28e-14	72.0
CDF88755.1	CP097144.1	27.675	271	310	31	296	851952	851221	4.07e-11	62.4
CDF88756.1	CP097144.1	44.444	324	349	24	346	868802	867867	6.75e-89	290
CDF88756.1	CP097138.1	37.971	345	349	14	348	1034861	1033890	1.34e-66	226
CDF88757.1	CP097144.1	47.685	216	197	1	182	869748	869131	9.29e-48	165
CDF88758.1	CP097138.1	72.611	314	309	1	309	1036453	1035524	1.92e-138	431
CDF88759.1	CP097138.1	75.982	433	433	1	432	1038016	1036718	0.0	561
CDF88760.1	CP097144.1	43.431	274	256	1	256	870550	871368	6.32e-62	209
CDF88761.1	CP097144.1	67.093	626	586	1	579	873404	871527	0.0	862
CDF88761.1	CP097142.1	26.571	557	586	35	573	607461	605971	2.31e-35	141
CDF88761.1	CP097146.1	26.362	569	586	36	573	448083	446575	1.08e-34	139
CDF88762.1	CP097144.1	82.479	234	233	1	233	873852	874553	1.03e-130	405
CDF88762.1	CP097144.1	31.140	228	233	1	220	81463	80804	2.08e-27	108
CDF88762.1	CP097138.1	33.058	242	233	1	233	973957	973244	5.83e-34	127
CDF88762.1	CP097138.1	31.050	219	233	1	215	748334	748981	3.81e-27	107
CDF88762.1	CP097138.1	26.106	226	233	6	222	485222	484551	5.50e-14	69.3
CDF88762.1	CP097146.1	31.064	235	233	4	233	223933	224628	2.12e-29	114
CDF88762.1	CP097146.1	34.225	187	233	6	190	982145	981585	2.54e-25	102
CDF88763.1	CP097145.1	26.569	685	655	75	653	756704	754665	1.05e-62	225
CDF88763.1	CP097144.1	31.741	293	655	41	305	42180	43055	1.60e-40	158
CDF88763.1	CP097144.1	33.597	253	655	67	305	790047	789292	3.61e-38	151
CDF88763.1	CP097144.1	28.037	321	655	393	652	788787	787825	3.73e-32	132
CDF88763.1	CP097144.1	28.479	309	655	395	652	43494	44414	3.71e-25	110
CDF88764.1	CP097144.1	49.008	353	328	1	328	712370	713419	3.34e-106	339
CDF88765.1	CP097146.1	54.331	127	185	59	185	844455	844075	5.26e-43	151
CDF88765.1	CP097135.1	46.667	135	185	45	179	836677	837072	2.32e-34	126
CDF88765.1	CP097143.1	43.411	129	185	45	173	490545	490922	1.36e-28	110
CDF88766.1	CP097146.1	40.155	386	511	127	511	845304	846356	5.26e-95	283
CDF88766.1	CP097146.1	31.746	126	511	1	126	844925	845302	5.26e-95	83.2
CDF88767.1	CP097144.1	64.039	406	402	1	402	714839	713622	8.57e-155	482
CDF88768.1	CP097146.1	84.106	151	151	1	151	847012	846560	1.78e-81	259
CDF88769.1	CP097147.1	64.607	178	178	1	178	784873	784355	2.19e-68	223
CDF88769.1	CP097138.1	57.303	178	178	1	178	741668	742189	1.60e-63	209
CDF88770.1	CP097138.1	45.808	334	1084	633	966	739613	738612	4.01e-74	269
CDF88770.1	CP097138.1	31.250	176	1084	1	161	740774	740319	4.67e-17	85.9
CDF88771.1	CP097147.1	51.030	437	376	1	373	786651	787955	1.02e-121	386
CDF88772.1	CP097138.1	34.404	218	202	1	195	737342	737971	9.16e-25	99.8
CDF88773.1	CP097138.1	48.324	716	660	1	660	737033	734895	0.0	598
CDF88774.1	CP097147.1	44.481	308	305	1	305	788232	789143	1.27e-84	276
CDF88775.1	CP097138.1	45.079	315	308	1	306	733740	734675	9.87e-82	268
CDF88776.1	CP097135.1	39.368	348	328	18	324	1093581	1094612	1.10e-63	217
CDF88777.1	CP097135.1	41.509	265	255	9	255	1095489	1094698	5.62e-60	203
CDF88778.1	CP097139.1	73.416	726	731	1	726	224596	226773	0.0	1179
CDF88779.1	CP097135.1	39.250	693	628	1	628	1097789	1095786	3.46e-126	410
CDF88780.1	CP097139.1	93.103	58	58	1	58	227162	227335	7.69e-33	115
CDF88781.1	CP097135.1	69.444	72	72	1	72	1098188	1097973	5.10e-30	108
CDF88782.1	CP097139.1	42.857	1092	877	3	875	257047	253967	0.0	729
CDF88782.1	CP097139.1	27.425	299	877	18	309	79948	79175	2.28e-23	105
CDF88782.1	CP097139.1	27.511	229	877	19	237	302138	302734	1.89e-17	86.7
CDF88782.1	CP097139.1	28.139	231	877	19	240	496192	496806	4.62e-13	72.0
CDF88782.1	CP097139.1	26.360	239	877	6	226	154543	153902	5.54e-12	68.6
CDF88782.1	CP097136.1	31.343	268	877	3	236	414167	414952	2.52e-24	108
CDF88782.1	CP097138.1	30.556	252	877	14	236	172381	171689	4.86e-23	104
CDF88782.1	CP097138.1	31.687	243	877	19	239	585893	586564	1.33e-21	100
CDF88782.1	CP097138.1	26.415	318	877	19	282	167559	168428	4.42e-14	75.5
CDF88782.1	CP097138.1	28.235	255	877	19	241	220730	221452	2.25e-11	66.6
CDF88782.1	CP097135.1	27.612	268	877	23	282	1450015	1449251	1.48e-19	93.6
CDF88782.1	CP097135.1	28.010	382	877	19	340	962787	963848	2.68e-19	92.8
CDF88782.1	CP097135.1	27.414	321	877	19	328	1396423	1397229	3.99e-19	92.0
CDF88782.1	CP097135.1	28.916	249	877	17	237	287278	286604	2.73e-18	89.4
CDF88782.1	CP097135.1	26.871	294	877	19	290	714284	715108	1.16e-17	87.4
CDF88782.1	CP097135.1	30.705	241	877	23	241	1417783	1417142	1.13e-15	80.9
CDF88782.1	CP097135.1	29.756	205	877	25	224	1471266	1470721	1.59e-14	77.0
CDF88782.1	CP097135.1	29.870	154	877	103	239	1023337	1022915	4.93e-14	75.5
CDF88782.1	CP097135.1	27.004	237	877	25	247	75639	75004	4.40e-13	72.4
CDF88782.1	CP097135.1	28.000	175	877	90	254	412015	411527	1.01e-12	71.2
CDF88782.1	CP097135.1	27.755	245	877	23	241	1379055	1379717	2.53e-11	66.6
CDF88782.1	CP097142.1	25.874	286	877	25	282	249399	250211	2.52e-19	92.8
CDF88782.1	CP097142.1	29.091	275	877	25	263	132513	131743	3.04e-17	85.9
CDF88782.1	CP097142.1	23.846	260	877	19	271	184049	184726	5.86e-13	72.0
CDF88782.1	CP097142.1	26.045	311	877	19	322	135746	134922	4.80e-12	68.9
CDF88783.1	CP097135.1	90.253	277	407	24	300	1119367	1120197	1.15e-172	533
CDF88784.1	CP097135.1	58.103	506	476	4	476	1117567	1119048	3.50e-178	553
CDF88785.1	CP097139.1	50.867	173	220	1	166	253040	253555	8.38e-48	166
CDF88786.1	CP097135.1	46.771	449	433	1	433	1117278	1115983	6.92e-124	395
CDF88787.1	CP097135.1	76.804	194	169	1	169	1115701	1115120	2.49e-92	291
CDF88788.1	CP097135.1	42.496	1266	1422	186	1410	1113909	1110328	0.0	902
CDF88788.1	CP097139.1	36.789	598	1422	170	723	251891	250353	7.76e-75	275
CDF88788.1	CP097137.1	34.091	396	1422	603	976	29127	27970	3.37e-56	214
CDF88788.1	CP097137.1	25.581	215	1422	987	1193	28602	27958	8.98e-16	82.0
CDF88788.1	CP097143.1	28.704	432	1422	586	971	259297	260580	5.79e-42	168
CDF88788.1	CP097143.1	23.810	189	1422	1012	1191	260035	260601	2.36e-12	70.9
CDF88789.1	CP097146.1	28.267	329	337	15	308	766543	765617	6.00e-14	71.6
CDF88790.1	CP097139.1	66.000	50	92	43	92	247844	247695	9.38e-18	74.7
CDF88791.1	CP097139.1	53.333	1035	1131	105	1130	246793	243752	0.0	1088
CDF88791.1	CP097147.1	25.472	318	1131	687	995	257536	256724	2.37e-14	77.0
CDF88791.1	CP097145.1	29.921	254	1131	685	925	57983	57378	4.62e-13	72.8
CDF88791.1	CP097137.1	24.638	345	1131	674	1008	149318	148452	9.13e-12	68.6
CDF88791.1	CP097144.1	25.940	266	1131	736	1000	253788	253162	1.90e-11	67.4
CDF88792.1	CP097135.1	60.662	1027	1007	10	986	1106830	1109907	0.0	1191
CDF88793.1	CP097135.1	62.500	752	737	1	737	1106374	1104119	0.0	966
CDF88794.1	CP097139.1	46.369	537	529	6	523	241874	243481	3.26e-152	481
CDF88795.1	CP097135.1	45.243	515	511	13	511	1103710	1102166	9.76e-143	452
CDF88796.1	CP097139.1	56.196	815	1037	3	809	241135	238694	0.0	952
CDF88797.1	CP097139.1	54.922	386	363	1	363	236599	237720	5.21e-128	403
CDF88798.1	CP097135.1	54.945	91	90	1	88	1101976	1101704	8.38e-27	100
CDF88799.1	CP097135.1	59.401	367	353	1	352	1100273	1101370	2.06e-143	447
CDF88800.1	CP097142.1	30.742	862	880	10	842	156213	158636	1.76e-108	367
CDF88800.1	CP097139.1	29.763	887	880	2	861	185545	183044	8.56e-107	362
CDF88800.1	CP097140.1	26.012	519	880	4	486	76776	75289	1.20e-37	152
CDF88800.1	CP097145.1	24.036	441	880	51	482	538233	539399	2.12e-16	83.2
CDF88801.1	CP097139.1	58.929	392	385	1	377	235139	233964	1.78e-148	463
CDF88802.1	CP097139.1	83.333	714	714	1	714	231691	233832	0.0	1298
CDF88804.1	CP097135.1	71.354	384	378	1	378	1098391	1099533	0.0	556
CDF88805.1	CP097139.1	50.591	1016	963	1	963	228080	231067	0.0	959
CDF88805.1	CP097135.1	29.803	406	963	588	955	424796	423597	1.33e-37	152
CDF88805.1	CP097132.1	30.047	426	963	590	956	176296	177525	8.80e-37	149
CDF88806.1	CP097135.1	48.882	671	712	82	710	1120762	1122732	0.0	640
CDF88807.1	CP097139.1	41.590	327	316	4	315	258142	259110	2.24e-73	244
CDF88808.1	CP097146.1	51.558	642	606	1	595	363167	361257	0.0	612
CDF88808.1	CP097135.1	54.654	419	606	1	415	991149	989929	1.96e-144	461
CDF88808.1	CP097142.1	27.113	284	606	1	269	226104	225274	6.86e-15	77.0
CDF88809.1	CP097135.1	57.424	761	760	4	757	993893	991674	0.0	876
CDF88809.1	CP097146.1	41.012	751	760	22	757	365708	363507	1.40e-175	558
CDF88809.1	CP097140.1	36.893	103	760	73	174	136596	136898	5.92e-11	65.1
CDF88810.1	CP097146.1	49.809	787	767	2	762	368719	366383	0.0	726
CDF88811.1	CP097135.1	51.235	324	338	20	338	994530	995486	4.38e-105	336
CDF88812.1	CP097135.1	53.178	645	646	13	646	997596	995722	0.0	593
CDF88813.1	CP097146.1	62.687	268	281	2	260	368999	369790	1.56e-100	320
CDF88814.1	CP097135.1	69.136	324	347	2	323	999110	998145	2.83e-153	475
CDF88814.1	CP097135.1	26.019	319	347	35	324	204244	203396	1.21e-12	67.8
CDF88814.1	CP097138.1	26.459	257	347	5	219	263589	264299	3.00e-13	69.7
CDF88814.1	CP097134.1	27.778	270	347	18	273	240528	239836	7.43e-13	68.6
CDF88814.1	CP097143.1	28.745	247	347	54	281	556170	556868	2.45e-12	67.0
CDF88814.1	CP097136.1	22.356	331	347	28	327	286330	287244	2.28e-11	63.9
CDF88815.1	CP097146.1	47.843	255	355	33	279	370302	371066	7.59e-77	256
CDF88815.1	CP097146.1	46.602	103	355	254	355	370994	371293	8.54e-19	86.7
CDF88816.1	CP097135.1	65.847	366	373	13	373	999657	1000754	1.07e-170	526
CDF88817.1	CP097146.1	55.072	897	875	1	872	374029	371405	0.0	1004
CDF88817.1	CP097133.1	24.164	269	875	118	359	201985	202761	4.73e-16	82.0
CDF88818.1	CP097146.1	77.821	257	258	1	257	374409	375179	5.55e-134	415
CDF88818.1	CP097138.1	39.574	235	258	30	226	468180	468863	3.12e-46	164
CDF88819.1	CP097135.1	50.596	1006	983	1	982	1001289	1004282	0.0	974
CDF88819.1	CP097133.1	29.076	877	983	81	939	773765	776173	6.18e-90	315
CDF88819.1	CP097147.1	24.381	525	983	414	883	470727	472238	4.25e-24	108
CDF88819.1	CP097138.1	24.381	525	983	414	883	492122	490611	9.34e-24	107
CDF88819.1	CP097138.1	31.818	154	983	735	860	196168	195713	7.37e-13	71.6
CDF88819.1	CP097138.1	25.088	283	983	372	631	197503	196715	4.43e-11	65.9
CDF88820.1	CP097146.1	61.620	284	279	1	279	375714	376559	2.17e-120	377
CDF88820.1	CP097135.1	59.928	277	279	6	279	1004618	1005445	1.99e-113	357
CDF88821.1	CP097146.1	48.169	355	430	102	430	377335	378321	2.37e-89	295
CDF88821.1	CP097135.1	32.520	123	430	130	251	1006045	1006377	5.05e-12	67.0
CDF88823.1	CP097138.1	69.917	605	560	1	560	959071	957284	0.0	845
CDF88824.1	CP097138.1	59.414	239	218	1	218	959765	960481	7.98e-95	301
CDF88825.1	CP097139.1	52.778	252	256	2	252	409327	410055	2.88e-81	264
CDF88825.1	CP097138.1	48.062	258	256	1	256	960776	961534	2.88e-81	264
CDF88825.1	CP097145.1	38.496	226	256	36	250	685202	685840	6.92e-40	145
CDF88825.1	CP097134.1	38.428	229	256	33	250	246226	246873	2.92e-39	143
CDF88826.1	CP097138.1	62.319	138	352	1	138	962872	963285	3.72e-50	179
CDF88826.1	CP097146.1	35.556	135	352	3	103	556475	556870	5.36e-14	72.0
CDF88827.1	CP097138.1	41.176	680	742	18	663	968332	966428	2.99e-138	449
CDF88828.1	CP097139.1	50.257	1558	1482	1	1482	414772	410213	0.0	1441
CDF88828.1	CP097144.1	26.623	462	1482	997	1418	399593	398286	8.50e-33	138
CDF88828.1	CP097142.1	28.834	489	1482	980	1393	406848	405433	2.26e-31	133
CDF88828.1	CP097143.1	30.247	324	1482	1102	1407	983856	984749	1.06e-24	111
CDF88830.1	CP097139.1	77.667	2409	2394	11	2394	422530	415304	0.0	3910
CDF88831.1	CP097139.1	58.491	636	626	1	625	424645	422768	0.0	755
CDF88831.1	CP097133.1	27.885	208	626	337	544	60002	59388	1.73e-21	98.6
CDF88832.1	CP097139.1	45.082	244	260	1	244	424937	425665	1.47e-65	219
CDF88833.1	CP097139.1	58.868	530	536	3	532	426005	427507	0.0	580
CDF88834.1	CP097139.1	83.962	424	433	8	430	427781	429052	0.0	749
CDF88834.1	CP097139.1	41.063	414	433	3	415	214308	213109	1.28e-82	276
CDF88834.1	CP097143.1	35.714	364	433	8	364	118175	119236	2.81e-62	217
CDF88834.1	CP097143.1	27.885	416	433	9	362	688521	687295	7.64e-38	145
CDF88834.1	CP097141.1	33.417	398	433	6	388	388518	389660	3.89e-55	196
CDF88834.1	CP097141.1	32.000	375	433	3	374	165229	164153	1.88e-44	165
CDF88834.1	CP097144.1	35.967	367	433	9	367	823619	822552	1.47e-52	188
CDF88834.1	CP097144.1	22.384	411	433	42	419	615307	614189	7.70e-11	63.2
CDF88834.1	CP097147.1	33.594	384	433	8	373	319723	318608	6.09e-51	184
CDF88835.1	CP097138.1	44.444	189	182	1	175	970462	971028	2.31e-39	140
CDF88836.1	CP097139.1	81.336	509	518	1	509	429422	430945	0.0	864
CDF88837.1	CP097139.1	57.619	630	620	1	616	431307	433193	0.0	738
CDF88838.1	CP097138.1	78.251	446	446	1	446	971692	973008	0.0	730
CDF88838.1	CP097143.1	41.584	101	446	344	439	917686	917384	3.04e-16	80.5
CDF88838.1	CP097143.1	36.441	118	446	326	439	918232	917885	1.81e-12	68.6
CDF88838.1	CP097135.1	36.667	90	446	346	433	338016	338285	2.33e-12	68.2
CDF88838.1	CP097135.1	36.047	86	446	356	439	337485	337742	1.08e-11	65.9
CDF88838.1	CP097142.1	40.000	75	446	358	432	452950	453174	2.23e-11	65.1
CDF88839.1	CP097138.1	89.615	260	260	1	260	973963	973184	1.10e-156	481
CDF88839.1	CP097138.1	39.901	203	260	8	209	748349	748939	9.89e-41	148
CDF88839.1	CP097138.1	26.630	184	260	8	190	485222	484689	3.43e-19	85.5
CDF88839.1	CP097146.1	35.885	209	260	6	209	223933	224541	7.80e-37	136
CDF88839.1	CP097146.1	39.326	178	260	8	184	982145	981636	3.14e-34	129
CDF88839.1	CP097144.1	33.333	219	260	8	225	81448	80810	3.98e-36	134
CDF88839.1	CP097144.1	34.599	237	260	1	232	873852	874529	2.24e-33	126
CDF88840.1	CP097139.1	44.228	719	757	1	690	433929	436079	0.0	602
CDF88841.1	CP097138.1	85.484	434	437	1	434	975750	977051	0.0	757
CDF88841.1	CP097139.1	83.524	437	437	1	437	436920	438230	0.0	720
CDF88841.1	CP097144.1	66.590	437	437	1	437	905039	906349	0.0	630
CDF88841.1	CP097147.1	66.362	437	437	1	437	11303	9993	0.0	627
CDF88841.1	CP097146.1	66.362	437	437	1	437	1043481	1044791	0.0	627
CDF88842.1	CP097139.1	51.497	167	161	11	161	438537	439031	2.82e-45	156
CDF88843.1	CP097139.1	46.024	415	433	21	426	439888	441102	2.42e-110	356
CDF88844.1	CP097139.1	62.863	482	623	145	618	445660	447105	0.0	635
CDF88844.1	CP097139.1	59.091	66	623	7	72	444934	445131	3.65e-18	87.8
CDF88845.1	CP097139.1	71.571	401	399	1	399	448095	449291	0.0	599
CDF88845.1	CP097147.1	65.835	401	399	1	399	221299	220103	3.08e-178	549
CDF88846.1	CP097139.1	58.047	379	375	11	374	448128	449264	7.55e-147	458
CDF88846.1	CP097147.1	55.409	379	375	11	374	221266	220130	3.84e-141	442
CDF88847.1	CP097145.1	73.171	164	166	1	164	689426	688971	6.14e-73	236
CDF88848.1	CP097145.1	80.220	91	91	1	91	689939	689667	1.03e-47	160
CDF88849.1	CP097134.1	56.657	706	1348	5	694	253369	255456	0.0	786
CDF88849.1	CP097134.1	41.633	735	1348	688	1347	255437	257629	0.0	538
CDF88850.1	CP097145.1	53.292	638	633	21	633	694041	692230	0.0	589
CDF88851.1	CP097141.1	51.282	858	763	3	762	83936	81465	0.0	759
CDF88851.1	CP097141.1	27.143	210	763	424	631	115574	114990	5.83e-17	84.7
CDF88851.1	CP097141.1	27.941	204	763	433	629	189607	189029	3.47e-16	82.0
CDF88851.1	CP097139.1	29.148	223	763	410	629	302087	302713	1.90e-20	95.9
CDF88851.1	CP097139.1	31.429	210	763	425	630	496186	496779	3.93e-19	91.7
CDF88851.1	CP097139.1	29.126	206	763	426	628	79948	79382	5.57e-19	91.3
CDF88851.1	CP097146.1	28.571	217	763	427	630	98293	98910	1.92e-17	86.3
CDF88851.1	CP097146.1	25.116	215	763	421	629	742967	743572	1.75e-14	76.6
CDF88851.1	CP097146.1	27.957	186	763	449	628	79940	80470	4.33e-14	75.1
CDF88851.1	CP097146.1	27.228	202	763	432	624	264563	264003	2.14e-12	69.7
CDF88851.1	CP097142.1	28.431	204	763	427	630	135746	135174	4.60e-17	85.1
CDF88851.1	CP097142.1	25.121	207	763	427	632	206969	207556	2.64e-12	69.3
CDF88851.1	CP097142.1	24.664	223	763	430	646	184058	184678	2.37e-11	66.2
CDF88851.1	CP097135.1	25.701	214	763	430	630	179117	179734	2.55e-15	79.3
CDF88851.1	CP097135.1	28.079	203	763	431	628	1471272	1470706	5.57e-15	78.2
CDF88851.1	CP097135.1	26.484	219	763	433	631	1417777	1417169	5.09e-14	75.1
CDF88851.1	CP097135.1	30.201	149	763	496	628	1023367	1022936	1.03e-11	67.4
CDF88851.1	CP097135.1	27.523	218	763	432	628	1450012	1449410	1.35e-11	67.0
CDF88851.1	CP097135.1	27.650	217	763	418	625	1396381	1396986	1.92e-11	66.6
CDF88852.1	CP097141.1	73.469	49	51	3	51	80986	81132	2.67e-15	65.9
CDF88853.1	CP097141.1	96.923	130	130	1	130	79963	79574	5.37e-83	263
CDF88853.1	CP097143.1	96.512	86	130	45	130	854108	854365	9.59e-53	176
CDF88853.1	CP097143.1	88.000	50	130	1	50	853493	853642	8.43e-23	90.9
CDF88854.1	CP097141.1	93.651	126	139	6	131	78867	79244	5.81e-75	240
CDF88854.1	CP097134.1	94.309	123	139	6	128	177035	176667	2.44e-73	236
CDF88855.1	CP097141.1	49.333	225	231	3	226	78059	77391	4.60e-73	239
CDF88856.1	CP097134.1	40.303	2181	2145	1	2144	178684	185148	0.0	1580
CDF88857.1	CP097141.1	52.956	389	385	9	377	76062	77207	1.40e-118	377
CDF88857.1	CP097146.1	31.186	388	385	11	378	863184	862081	2.49e-47	171
CDF88858.1	CP097141.1	49.788	472	542	89	537	74120	75523	3.03e-146	464
CDF88859.1	CP097134.1	41.686	878	1244	342	1164	186653	189070	1.72e-161	535
CDF88860.1	CP097138.1	48.556	935	868	5	865	649317	652058	0.0	743
CDF88861.1	CP097138.1	67.929	1241	1221	2	1221	654667	658371	0.0	1717
CDF88862.1	CP097147.1	42.908	282	289	11	288	732641	733477	7.52e-73	241
CDF88863.1	CP097147.1	81.493	335	335	1	335	734742	733738	0.0	588
CDF88863.1	CP097140.1	25.850	294	335	42	324	290831	291571	5.61e-19	87.0
CDF88864.1	CP097138.1	43.197	463	453	5	430	658653	660041	3.32e-113	365
CDF88864.1	CP097146.1	26.627	169	453	179	344	866912	866415	1.15e-12	68.9
CDF88864.1	CP097143.1	23.028	317	453	17	314	543018	543923	3.69e-12	67.4
CDF88865.1	CP097138.1	79.225	568	573	9	573	660516	662207	0.0	944
CDF88865.1	CP097138.1	27.152	302	573	145	428	172459	171653	4.16e-21	97.1
CDF88865.1	CP097147.1	76.132	574	573	1	573	735212	736903	0.0	906
CDF88865.1	CP097147.1	28.198	344	573	177	512	160721	161599	1.32e-42	163
CDF88865.1	CP097147.1	27.509	269	573	176	428	257533	256856	1.53e-25	110
CDF88865.1	CP097147.1	28.425	292	573	177	467	151547	150819	3.59e-24	106
CDF88865.1	CP097147.1	24.918	305	573	177	478	262228	262971	6.50e-20	93.2
CDF88865.1	CP097147.1	27.376	263	573	160	416	282360	281710	4.71e-17	84.0
CDF88865.1	CP097147.1	26.587	252	573	178	423	480181	479552	2.88e-14	75.1
CDF88865.1	CP097147.1	22.264	265	573	178	429	653965	654645	7.82e-11	63.9
CDF88865.1	CP097145.1	30.591	474	573	101	546	334422	335819	3.28e-68	239
CDF88865.1	CP097145.1	33.245	379	573	164	525	704519	705550	7.15e-52	191
CDF88865.1	CP097145.1	26.616	263	573	178	416	71053	71721	4.28e-20	93.6
CDF88865.1	CP097145.1	27.615	239	573	184	417	676229	675540	1.75e-18	88.6
CDF88865.1	CP097139.1	31.105	389	573	167	546	496165	497172	1.86e-49	183
CDF88865.1	CP097139.1	24.548	387	573	30	416	80299	79361	2.56e-19	91.3
CDF88865.1	CP097139.1	27.961	304	573	178	473	302138	302887	9.30e-19	89.4
CDF88865.1	CP097139.1	26.070	257	573	176	418	154510	153866	3.70e-13	71.2
CDF88865.1	CP097144.1	30.105	382	573	152	520	445689	444691	3.67e-48	179
CDF88865.1	CP097144.1	25.000	368	573	171	534	253959	253030	1.44e-28	120
CDF88865.1	CP097144.1	25.869	259	573	173	420	517846	518478	1.72e-11	65.9
CDF88866.1	CP097138.1	43.191	514	485	1	485	662691	664208	3.52e-133	424
CDF88867.1	CP097147.1	64.759	891	852	1	848	739825	737174	0.0	1093
CDF88867.1	CP097138.1	28.177	181	852	628	802	794253	793726	8.67e-15	77.8
CDF88867.1	CP097136.1	24.638	207	852	605	799	500558	501145	5.21e-12	68.6
CDF88867.1	CP097136.1	27.429	175	852	629	803	500930	501436	1.55e-11	67.0
CDF88867.1	CP097136.1	25.806	186	852	628	803	501206	501745	3.58e-11	65.9
CDF88868.1	CP097138.1	82.260	1071	1108	38	1108	664588	667800	0.0	1784
CDF88868.1	CP097133.1	23.359	899	1108	180	1005	76110	73696	1.32e-41	166
CDF88868.1	CP097147.1	20.739	839	1108	170	920	466056	463693	2.62e-29	125
CDF88868.1	CP097143.1	25.723	346	1108	194	468	881642	880665	6.92e-16	82.0
CDF88869.1	CP097138.1	63.063	222	224	1	220	668645	667980	7.85e-91	290
CDF88870.1	CP097138.1	49.186	307	309	4	307	668936	669856	4.20e-96	309
CDF88870.1	CP097138.1	24.345	267	309	56	309	981821	981045	3.88e-11	62.4
CDF88870.1	CP097147.1	27.052	329	309	4	309	571562	570630	3.28e-23	99.0
CDF88870.1	CP097147.1	25.000	204	309	18	206	589037	588426	4.08e-12	65.5
CDF88870.1	CP097147.1	23.103	290	309	22	301	589307	588492	1.56e-11	63.9
CDF88870.1	CP097147.1	22.508	311	309	11	307	661386	662243	2.08e-11	63.5
CDF88870.1	CP097139.1	25.000	320	309	20	301	92795	93730	2.14e-18	84.3
CDF88870.1	CP097141.1	23.913	322	309	8	309	602198	603109	2.99e-16	78.2
CDF88870.1	CP097141.1	26.238	202	309	109	307	171302	171841	4.66e-14	71.6
CDF88870.1	CP097141.1	24.161	298	309	19	307	171317	172141	5.59e-14	71.2
CDF88870.1	CP097142.1	27.564	312	309	19	307	532817	531993	6.60e-16	77.0
CDF88870.1	CP097142.1	24.204	314	309	18	307	217643	218509	1.31e-13	70.1
CDF88870.1	CP097142.1	26.500	200	309	109	305	532832	532299	6.67e-11	62.0
CDF88871.1	CP097147.1	65.278	216	219	2	217	740169	740807	2.55e-92	294
CDF88872.1	CP097147.1	46.452	310	288	4	285	741192	742109	8.27e-84	273
CDF88872.1	CP097141.1	31.008	258	288	35	285	633574	634314	2.45e-24	101
CDF88873.1	CP097138.1	44.557	1185	1076	1	1076	670997	674434	0.0	769
CDF88873.1	CP097147.1	43.382	899	1076	1	794	742777	745350	0.0	635
CDF88873.1	CP097140.1	37.084	391	1076	205	576	152996	151980	4.43e-63	234
CDF88873.1	CP097145.1	36.769	359	1076	205	557	536242	535310	2.33e-57	216
CDF88875.1	CP097147.1	31.944	288	289	1	276	746548	747372	5.78e-32	124
CDF88876.1	CP097138.1	42.614	1645	1608	1	1607	679757	674871	0.0	1243
CDF88877.1	CP097138.1	41.970	660	653	33	652	680288	682252	6.61e-148	473
CDF88878.1	CP097147.1	45.653	2519	2532	5	2500	747940	755241	0.0	2176
CDF88878.1	CP097143.1	24.633	1295	2532	872	2010	1032826	1036413	1.84e-91	333
CDF88879.1	CP097138.1	67.156	953	947	1	947	682547	685396	0.0	1339
CDF88879.1	CP097146.1	33.465	254	947	236	457	81553	82314	8.75e-33	136
CDF88879.1	CP097145.1	30.943	265	947	230	448	81776	82567	7.63e-28	120
CDF88879.1	CP097147.1	29.630	243	947	224	457	72302	71628	6.34e-21	98.2
CDF88880.1	CP097138.1	63.253	332	340	17	340	685707	686702	4.47e-141	440
CDF88881.1	CP097138.1	40.132	152	172	22	171	687344	686892	9.84e-28	107
CDF88882.1	CP097138.1	69.865	594	600	1	581	687719	689470	0.0	773
CDF88883.1	CP097138.1	47.333	300	260	1	257	690670	689771	3.14e-87	281
CDF88884.1	CP097138.1	66.234	77	78	1	77	690900	691127	1.22e-26	99.4
CDF88885.1	CP097138.1	40.000	220	255	41	255	691943	691293	7.05e-44	157
CDF88886.1	CP097147.1	68.675	415	412	1	412	755652	756884	0.0	587
CDF88890.1	CP097138.1	33.755	237	497	1	222	759396	760061	3.42e-30	124
CDF88891.1	CP097138.1	64.192	458	459	10	459	757553	758911	0.0	623
CDF88891.1	CP097147.1	60.297	471	459	5	458	773522	772125	0.0	576
CDF88892.1	CP097138.1	32.209	652	735	2	561	754452	756353	4.70e-97	329
CDF88892.1	CP097138.1	53.636	110	735	621	726	756891	757220	1.46e-31	131
CDF88893.1	CP097147.1	65.873	630	638	2	610	774989	776872	0.0	848
CDF88893.1	CP097138.1	67.585	617	638	13	610	752546	750714	0.0	848
CDF88893.1	CP097146.1	29.102	512	638	154	630	805909	804413	2.32e-66	235
CDF88893.1	CP097139.1	30.453	486	638	133	608	188932	190371	1.08e-65	233
CDF88893.1	CP097143.1	30.450	578	638	50	621	70450	72054	1.32e-64	230
CDF88894.1	CP097142.1	45.185	135	217	1	133	261352	261756	2.62e-31	119
CDF88895.1	CP097142.1	38.926	149	327	7	155	261382	261792	3.27e-15	75.5
CDF88897.1	CP097142.1	37.673	361	323	1	318	256991	258046	9.78e-66	223
CDF88898.1	CP097142.1	70.635	252	245	1	245	256693	255944	2.60e-100	318
CDF88899.1	CP097142.1	37.524	525	455	6	450	255531	253981	2.90e-87	290
CDF88900.1	CP097147.1	83.537	164	215	1	164	206087	206578	8.59e-94	298
CDF88901.1	CP097147.1	51.613	186	249	83	248	207521	206979	2.74e-48	169
CDF88901.1	CP097138.1	64.789	71	249	109	179	338788	339000	1.14e-25	103
CDF88902.1	CP097133.1	28.138	494	590	72	556	698900	700207	3.59e-45	171
CDF88903.1	CP097133.1	84.324	370	369	1	369	697675	696566	0.0	650
CDF88903.1	CP097135.1	59.944	357	369	20	369	521038	522105	1.70e-140	439
CDF88904.1	CP097133.1	80.331	544	551	7	549	696128	694497	0.0	921
CDF88905.1	CP097138.1	77.682	466	483	17	482	334737	336134	0.0	756
CDF88907.1	CP097133.1	69.691	485	472	1	471	694136	692691	0.0	664
CDF88908.1	CP097144.1	31.164	584	572	21	567	416285	414585	4.89e-66	233
CDF88908.1	CP097133.1	29.220	551	572	22	549	766491	768065	9.87e-44	166
CDF88908.1	CP097138.1	26.383	235	572	67	298	917845	918531	2.30e-11	65.5
CDF88908.1	CP097147.1	26.923	130	572	67	196	916028	916417	5.93e-11	64.3
CDF88909.1	CP097144.1	32.453	530	579	52	552	416186	414660	2.95e-67	236
CDF88909.1	CP097133.1	29.240	513	579	30	523	766491	767948	4.56e-39	152
CDF88909.1	CP097138.1	29.518	166	579	78	223	917845	918333	7.97e-11	63.9
CDF88910.1	CP097138.1	49.796	245	247	12	247	330599	331327	2.15e-64	215
CDF88911.1	CP097138.1	73.962	626	640	1	624	327882	329744	0.0	945
CDF88911.1	CP097145.1	30.625	160	640	338	497	716221	715781	6.07e-15	77.4
CDF88911.1	CP097136.1	23.724	333	640	181	498	159754	160632	1.08e-14	76.6
CDF88912.1	CP097133.1	57.068	382	364	1	362	691281	692426	4.82e-143	446
CDF88913.1	CP097133.1	77.251	1033	1083	1	1033	691040	687966	0.0	1620
CDF88913.1	CP097133.1	30.181	497	1083	162	612	364207	365661	1.68e-53	204
CDF88913.1	CP097133.1	28.774	212	1083	128	320	447854	448462	1.93e-19	93.6
CDF88913.1	CP097133.1	29.448	163	1083	444	604	449189	449674	2.49e-16	83.6
CDF88913.1	CP097146.1	52.783	1006	1083	38	1005	854082	857018	0.0	1030
CDF88913.1	CP097146.1	46.042	480	1083	135	599	827326	825890	1.17e-133	447
CDF88913.1	CP097146.1	23.967	363	1083	132	430	664668	665720	3.04e-18	89.7
CDF88913.1	CP097146.1	32.877	146	1083	445	587	666189	666623	2.37e-16	83.6
CDF88913.1	CP097140.1	46.778	481	1083	135	599	103323	104762	6.41e-133	445
CDF88913.1	CP097136.1	41.196	602	1083	128	708	496656	498380	2.02e-132	444
CDF88913.1	CP097137.1	38.908	568	1083	137	628	204948	206627	3.55e-111	381
CDF88914.1	CP097140.1	77.215	158	197	38	195	400840	401313	1.17e-79	256
CDF88914.1	CP097133.1	70.186	161	197	37	197	687212	687694	2.66e-75	244
CDF88914.1	CP097142.1	55.215	163	197	35	197	390016	389528	2.84e-56	189
CDF88915.1	CP097138.1	75.358	349	352	1	340	326485	327531	1.06e-180	554
CDF88915.1	CP097143.1	25.948	343	352	1	331	556149	557018	9.86e-28	113
CDF88915.1	CP097135.1	23.887	247	352	7	249	998804	998127	4.11e-12	66.2
CDF88916.1	CP097133.1	70.227	440	447	10	447	686450	685131	0.0	652
CDF88917.1	CP097133.1	63.942	208	210	1	208	684414	685037	5.52e-90	287
CDF88917.1	CP097138.1	60.680	206	210	5	210	325462	326079	4.72e-85	273
CDF88918.1	CP097138.1	84.444	135	149	15	149	324771	325175	4.13e-75	241
CDF88919.1	CP097133.1	56.148	488	484	1	484	683735	682272	0.0	561
CDF88919.1	CP097138.1	47.845	464	484	12	472	323366	321975	1.75e-152	479
CDF88919.1	CP097136.1	26.777	422	484	78	473	19148	17922	2.91e-31	127
CDF88919.1	CP097145.1	26.540	422	484	78	473	767560	768786	6.94e-31	125
CDF88919.1	CP097145.1	23.750	480	484	26	478	40630	39230	1.02e-21	97.8
CDF88919.1	CP097144.1	27.250	400	484	78	451	271420	272589	1.52e-30	125
CDF88920.1	CP097133.1	33.012	415	369	4	361	681459	680218	5.45e-61	211
CDF88921.1	CP097138.1	63.492	378	373	1	372	320687	321811	4.04e-149	464
CDF88922.1	CP097133.1	59.600	500	491	33	488	679509	678031	0.0	581
CDF88922.1	CP097141.1	33.149	181	491	340	489	234322	233783	1.01e-27	116
CDF88922.1	CP097147.1	25.481	208	491	282	488	294429	293812	2.30e-22	100
CDF88923.1	CP097138.1	65.563	151	148	1	148	319810	320262	1.13e-61	202
CDF88923.1	CP097133.1	28.467	137	148	10	141	438396	438013	4.79e-15	69.7
CDF88924.1	CP097142.1	45.963	161	146	1	144	478120	478599	2.79e-32	119
CDF88925.1	CP097141.1	46.409	362	929	604	929	284367	285395	4.09e-78	278
CDF88925.1	CP097142.1	43.505	331	929	608	927	476975	476025	8.03e-68	247
CDF88926.1	CP097142.1	69.876	727	725	1	723	475684	473510	0.0	1062
CDF88926.1	CP097141.1	66.076	734	725	1	723	285927	288116	0.0	969
CDF88927.1	CP097142.1	63.822	539	546	16	545	473099	471486	0.0	730
CDF88928.1	CP097141.1	66.532	496	480	1	480	290013	288547	0.0	685
CDF88928.1	CP097147.1	22.645	499	480	17	473	627120	628499	7.80e-23	101
CDF88928.1	CP097139.1	30.000	210	480	17	218	349607	349005	5.64e-20	92.4
CDF88928.1	CP097139.1	27.600	250	480	234	468	349205	348528	2.55e-15	77.8
CDF88928.1	CP097137.1	42.857	98	480	374	470	35530	35246	2.50e-18	87.4
CDF88928.1	CP097137.1	24.232	293	480	13	300	36334	35552	1.25e-17	85.1
CDF88928.1	CP097135.1	25.890	309	480	17	322	405384	406214	2.55e-14	74.7
CDF88929.1	CP097142.1	40.036	562	533	1	533	469503	471119	1.97e-121	392
CDF88930.1	CP097142.1	67.811	233	214	1	213	465853	465155	4.81e-99	313
CDF88930.1	CP097142.1	30.108	186	214	3	181	547860	548393	1.50e-18	82.0
CDF88930.1	CP097146.1	50.239	209	214	4	212	460157	459567	8.49e-57	192
CDF88930.1	CP097146.1	30.811	185	214	4	188	651464	650952	2.78e-21	90.1
CDF88930.1	CP097146.1	29.825	171	214	1	171	484615	485094	8.14e-11	59.7
CDF88930.1	CP097145.1	55.682	176	214	2	175	450872	451378	2.40e-55	188
CDF88930.1	CP097145.1	28.571	266	214	1	210	301623	300835	6.02e-16	74.7
CDF88930.1	CP097145.1	31.395	172	214	5	169	457563	458051	2.59e-13	67.0
CDF88930.1	CP097145.1	31.792	173	214	1	172	441524	441042	4.64e-11	60.5
CDF88930.1	CP097143.1	36.066	183	214	1	182	654287	653769	2.68e-39	142
CDF88930.1	CP097143.1	30.811	185	214	4	188	713081	712569	3.09e-21	90.1
CDF88930.1	CP097136.1	34.978	223	214	2	213	211614	210979	4.14e-39	141
CDF88931.1	CP097141.1	58.361	1184	1163	3	1163	293839	290306	0.0	1369
CDF88932.1	CP097142.1	49.511	307	322	19	321	463803	464723	1.21e-79	262
CDF88932.1	CP097141.1	63.889	144	322	177	320	298709	298278	2.02e-65	221
CDF88932.1	CP097141.1	66.923	130	322	192	321	295007	294618	6.66e-60	206
CDF88935.1	CP097141.1	47.804	774	1468	1	673	300094	302367	3.98e-164	549
CDF88935.1	CP097141.1	37.615	327	1468	1166	1467	302740	303657	7.90e-18	89.0
CDF88935.1	CP097142.1	32.365	241	1468	1	224	461009	460296	2.00e-24	110
CDF88936.1	CP097141.1	64.181	751	1225	481	1225	306254	304008	0.0	956
CDF88936.1	CP097141.1	71.921	406	1225	1	405	307473	306256	0.0	611
CDF88936.1	CP097137.1	22.890	1315	1225	8	1199	101769	105377	8.00e-35	144
CDF88936.1	CP097137.1	28.444	225	1225	980	1204	192072	191515	1.82e-19	94.0
CDF88936.1	CP097143.1	23.217	771	1225	1	726	282731	284896	3.94e-19	92.8
CDF88936.1	CP097143.1	27.530	247	1225	952	1195	285827	286462	6.77e-18	89.0
CDF88937.1	CP097133.1	71.395	430	414	2	413	756246	757523	0.0	613
CDF88938.1	CP097141.1	37.237	333	580	2	304	307829	308824	5.59e-101	196
CDF88938.1	CP097141.1	45.070	284	580	310	580	308905	309738	5.59e-101	189
CDF88939.1	CP097133.1	72.941	340	660	321	660	754969	755985	1.43e-166	528
CDF88939.1	CP097133.1	53.302	212	660	1	211	754375	754974	8.62e-61	219
CDF88941.1	CP097141.1	72.864	199	210	1	199	310484	309888	4.14e-97	307
CDF88943.1	CP097141.1	46.403	834	807	4	757	315236	312765	0.0	689
CDF88943.1	CP097141.1	51.852	54	807	751	804	312784	312623	2.61e-12	69.7
CDF88943.1	CP097133.1	41.699	777	807	44	803	751125	753299	1.86e-178	568
CDF88943.1	CP097144.1	30.803	685	807	121	802	191285	189495	8.35e-66	238
CDF88944.1	CP097133.1	67.623	488	489	1	487	750087	748624	0.0	687
CDF88944.1	CP097143.1	34.316	475	489	1	464	874234	872855	4.20e-72	247
CDF88945.1	CP097133.1	60.959	146	145	1	145	747912	748349	6.90e-58	192
CDF88947.1	CP097141.1	63.636	594	588	12	588	317305	315548	0.0	735
CDF88948.1	CP097133.1	59.484	891	884	8	884	747243	744646	0.0	1078
CDF88948.1	CP097137.1	34.115	384	884	506	871	216100	214958	1.13e-52	199
CDF88949.1	CP097133.1	50.079	629	581	16	581	744328	742463	0.0	642
CDF88950.1	CP097141.1	62.791	301	297	1	297	318544	317642	6.30e-133	414
CDF88951.1	CP097133.1	55.402	435	484	1	435	740930	742150	3.77e-138	438
CDF88952.1	CP097141.1	29.231	195	322	133	321	319282	318740	3.51e-18	84.3
CDF88953.1	CP097141.1	49.541	109	251	49	152	320127	319801	6.98e-25	102
CDF88953.1	CP097133.1	50.538	93	251	44	136	739979	740251	6.42e-24	99.0
CDF88954.1	CP097133.1	40.804	821	808	41	807	739701	737299	7.50e-178	566
CDF88955.1	CP097138.1	39.942	343	351	11	336	523304	524308	9.29e-67	226
CDF88955.1	CP097138.1	35.030	334	351	13	338	785671	786654	4.61e-48	172
CDF88956.1	CP097141.1	48.649	222	241	21	238	321035	320382	1.41e-62	210
CDF88957.1	CP097141.1	70.667	75	87	1	75	321344	321568	6.76e-29	106
CDF88958.1	CP097133.1	49.375	320	310	1	307	718267	719220	1.25e-97	313
CDF88959.1	CP097133.1	58.543	398	395	4	395	719544	720704	7.74e-138	433
CDF88959.1	CP097143.1	33.560	441	395	4	395	894715	893435	2.03e-65	224
CDF88960.1	CP097141.1	47.165	829	810	2	795	321909	324350	0.0	706
CDF88960.1	CP097143.1	33.592	387	810	4	362	65576	64482	1.46e-49	189
CDF88961.1	CP097133.1	52.174	92	98	11	98	721026	721298	6.77e-25	95.5
CDF88962.1	CP097141.1	38.778	704	692	7	689	324665	326767	1.14e-156	500
CDF88963.1	CP097133.1	68.116	138	134	1	134	722261	721848	3.49e-58	192
CDF88964.1	CP097141.1	79.271	439	450	12	448	328020	329336	0.0	719
CDF88965.1	CP097141.1	62.774	411	407	1	407	329583	330806	1.57e-158	493
CDF88966.1	CP097133.1	49.818	548	522	7	522	724071	722449	8.01e-155	488
CDF88966.1	CP097141.1	47.723	505	522	36	522	332372	330864	2.65e-128	411
CDF88967.1	CP097141.1	48.795	664	593	1	581	334741	332759	2.60e-180	564
CDF88967.1	CP097147.1	25.000	292	593	133	418	257542	256859	3.88e-14	74.7
CDF88967.1	CP097134.1	26.180	233	593	282	509	79331	79945	3.85e-12	68.2
CDF88967.1	CP097135.1	25.946	185	593	293	468	1379361	1379876	1.14e-11	66.6
CDF88967.1	CP097135.1	28.966	145	593	286	429	1449700	1449320	1.49e-11	66.2
CDF88968.1	CP097133.1	46.809	423	403	1	395	724536	725786	5.93e-112	359
CDF88969.1	CP097141.1	37.709	899	802	19	802	337606	335063	3.92e-154	498
CDF88969.1	CP097146.1	41.818	110	802	689	794	505168	505497	1.16e-18	90.1
CDF88969.1	CP097146.1	30.818	159	802	632	782	505078	505539	1.15e-17	87.0
CDF88969.1	CP097147.1	36.090	133	802	663	793	892970	892572	2.29e-15	79.7
CDF88969.1	CP097144.1	50.877	57	802	718	773	327632	327462	1.79e-11	66.6
CDF88970.1	CP097147.1	29.499	339	331	6	327	375872	376882	3.12e-38	143
CDF88970.1	CP097141.1	25.126	199	331	138	327	12746	12165	9.59e-11	61.6
CDF88970.1	CP097135.1	25.628	199	331	138	327	18478	17897	9.59e-11	61.6
CDF88971.1	CP097141.1	71.689	219	228	5	222	338031	338687	8.73e-109	342
CDF88972.1	CP097141.1	46.973	479	462	8	460	338927	340303	5.02e-140	442
CDF88973.1	CP097143.1	67.442	344	326	1	326	182457	181438	6.13e-130	407
CDF88977.1	CP097147.1	45.625	160	140	9	140	780055	779576	8.36e-38	134
CDF88977.1	CP097138.1	36.508	189	140	8	140	749532	750092	2.79e-29	110
CDF88978.1	CP097144.1	57.778	135	178	42	176	474053	473649	8.40e-52	176
CDF88978.1	CP097142.1	47.668	193	178	1	176	180218	180796	2.09e-49	169
CDF88979.1	CP097142.1	67.391	414	474	2	414	181344	182585	0.0	609
CDF88979.1	CP097143.1	27.041	196	474	54	232	111792	112373	9.63e-16	79.0
CDF88979.1	CP097143.1	25.385	260	474	40	284	168997	168239	1.59e-15	78.2
CDF88980.1	CP097142.1	61.460	493	480	4	462	183548	184999	0.0	586
CDF88980.1	CP097142.1	27.344	256	480	190	432	151019	150270	2.56e-27	115
CDF88980.1	CP097142.1	28.194	227	480	138	357	135770	135120	6.73e-20	92.0
CDF88980.1	CP097142.1	30.818	159	480	192	348	249627	250097	3.31e-19	90.1
CDF88980.1	CP097142.1	27.551	196	480	146	339	206969	207550	4.98e-17	83.2
CDF88980.1	CP097142.1	27.660	188	480	192	344	222357	221794	4.03e-14	73.9
CDF88980.1	CP097142.1	26.009	223	480	152	338	132513	131851	7.31e-13	70.1
CDF88980.1	CP097142.1	27.477	222	480	152	344	69877	69212	2.97e-12	67.8
CDF88980.1	CP097147.1	34.943	352	480	151	477	848315	847290	1.55e-64	225
CDF88980.1	CP097147.1	37.855	317	480	137	434	480220	479303	4.49e-59	209
CDF88980.1	CP097147.1	31.633	294	480	173	438	461414	460548	7.80e-40	152
CDF88980.1	CP097147.1	29.630	378	480	133	473	653923	654999	1.13e-39	152
CDF88980.1	CP097147.1	28.085	235	480	152	369	257506	256829	7.25e-21	95.1
CDF88980.1	CP097147.1	26.377	345	480	139	472	262210	263118	9.22e-21	94.7
CDF88980.1	CP097147.1	27.363	201	480	152	338	279843	279244	1.52e-19	90.9
CDF88980.1	CP097147.1	25.463	216	480	152	358	160742	161353	1.85e-16	81.3
CDF88980.1	CP097147.1	27.139	339	480	43	371	151856	150882	3.57e-16	80.5
CDF88980.1	CP097147.1	27.225	191	480	152	337	282297	281731	7.61e-14	73.2
CDF88980.1	CP097147.1	24.812	266	480	146	356	735716	736468	2.90e-13	71.2
CDF88980.1	CP097133.1	40.864	301	480	142	434	540207	541088	1.42e-63	222
CDF88980.1	CP097133.1	33.007	306	480	152	440	184444	185346	2.50e-41	157
CDF88980.1	CP097133.1	28.372	215	480	152	357	13561	12938	1.37e-18	88.2
CDF88980.1	CP097133.1	31.081	222	480	152	359	729330	729977	4.11e-16	80.1
CDF88980.1	CP097133.1	23.830	235	480	152	348	275655	274957	1.01e-14	75.9
CDF88980.1	CP097135.1	32.468	308	480	136	438	273814	274683	5.26e-49	179
CDF88980.1	CP097135.1	30.201	298	480	152	434	319970	319131	2.30e-29	121
CDF88980.1	CP097135.1	29.952	207	480	146	348	1396423	1397028	2.81e-26	112
CDF88980.1	CP097135.1	27.468	233	480	151	359	1379058	1379747	6.79e-22	98.2
CDF88980.1	CP097135.1	27.830	212	480	152	348	1450009	1449377	3.59e-21	96.3
CDF88980.1	CP097135.1	26.621	293	480	71	334	287464	286637	4.18e-21	95.9
CDF88980.1	CP097135.1	30.159	189	480	109	289	75774	75226	1.23e-19	91.3
CDF88980.1	CP097135.1	27.749	191	480	152	338	1471266	1470703	9.74e-19	88.6
CDF88980.1	CP097135.1	27.966	236	480	146	348	714284	714970	2.21e-18	87.4
CDF88980.1	CP097135.1	27.111	225	480	151	359	1417780	1417112	1.69e-17	84.7
CDF88980.1	CP097135.1	28.571	161	480	213	356	1023358	1022876	1.09e-15	79.0
CDF88980.1	CP097135.1	27.136	199	480	158	337	962967	963554	8.65e-15	75.9
CDF88980.1	CP097135.1	25.879	313	480	147	433	407874	407044	1.96e-14	75.1
CDF88980.1	CP097135.1	25.751	233	480	151	364	179123	179815	3.54e-14	73.9
CDF88980.1	CP097135.1	26.263	198	480	151	334	412192	411611	2.52e-13	71.2
CDF88980.1	CP097143.1	31.790	324	480	123	441	351634	352578	2.16e-40	154
CDF88980.1	CP097143.1	24.812	266	480	152	368	848180	848959	4.54e-22	99.0
CDF88980.1	CP097143.1	31.481	162	480	190	348	313128	313601	1.04e-17	85.1
CDF88981.1	CP097142.1	57.576	66	70	3	68	185578	185381	1.15e-23	90.5
CDF88982.1	CP097144.1	41.148	209	201	6	201	473369	472749	2.48e-37	135
CDF88983.1	CP097142.1	64.885	131	131	1	131	186250	185858	4.17e-58	192
CDF88984.1	CP097142.1	62.745	102	108	7	108	186553	186858	6.07e-41	141
CDF88985.1	CP097142.1	69.944	712	722	1	707	189209	187083	0.0	1036
CDF88985.1	CP097141.1	26.109	586	722	43	598	450523	452211	1.29e-33	137
CDF88985.1	CP097138.1	21.801	422	722	44	419	991400	990195	3.31e-20	95.1
CDF88986.1	CP097144.1	50.244	410	319	1	319	472184	470955	2.13e-103	330
CDF88986.1	CP097133.1	28.704	216	319	12	225	597047	596436	3.78e-20	90.1
CDF88986.1	CP097133.1	30.846	201	319	12	205	596921	596361	1.43e-16	79.3
CDF88986.1	CP097133.1	23.792	269	319	51	318	597074	596427	8.01e-15	73.9
CDF88986.1	CP097147.1	25.705	319	319	9	314	261068	260178	2.61e-19	87.4
CDF88986.1	CP097147.1	25.676	222	319	7	224	875186	875818	4.96e-13	68.6
CDF88986.1	CP097147.1	23.552	259	319	1	252	875027	875779	8.24e-13	67.8
CDF88986.1	CP097140.1	29.474	190	319	13	202	247417	247941	8.46e-19	85.9
CDF88986.1	CP097140.1	30.409	171	319	58	225	247417	247884	8.16e-17	80.1
CDF88986.1	CP097135.1	25.694	288	319	13	266	204094	203267	1.01e-18	85.9
CDF88986.1	CP097135.1	28.846	156	319	72	226	204187	203738	9.80e-15	73.6
CDF88986.1	CP097135.1	24.521	261	319	58	313	1193431	1192664	4.02e-13	68.9
CDF88986.1	CP097135.1	23.381	278	319	51	288	204124	203321	1.58e-12	67.0
CDF88987.1	CP097142.1	61.479	771	782	10	780	191973	189703	0.0	1002
CDF88987.1	CP097134.1	23.486	677	782	95	751	24745	26664	4.91e-47	180
CDF88988.1	CP097144.1	59.140	465	481	15	477	469314	470690	5.77e-173	538
CDF88988.1	CP097142.1	40.095	419	481	57	469	193493	192267	1.54e-97	321
CDF88989.1	CP097144.1	40.921	369	331	1	328	468945	467863	4.74e-88	287
CDF88990.1	CP097144.1	57.518	419	410	1	407	466495	467751	1.99e-159	496
CDF88990.1	CP097142.1	39.387	424	410	7	407	195409	194171	3.44e-83	276
CDF88990.1	CP097146.1	27.492	331	410	5	306	757019	757954	1.29e-26	111
CDF88991.1	CP097144.1	61.739	115	115	1	115	465944	465600	8.25e-44	150
CDF88992.1	CP097144.1	52.187	343	345	19	326	464998	463970	2.19e-100	323
CDF88993.1	CP097142.1	50.417	240	238	2	235	196579	195863	1.58e-70	233
CDF88994.1	CP097142.1	70.560	1267	1262	1	1246	200725	196961	0.0	1799
CDF88994.1	CP097144.1	76.843	1058	1262	1	1047	458096	461230	0.0	1698
CDF88994.1	CP097146.1	37.281	743	1262	37	730	895273	897450	1.35e-131	446
CDF88994.1	CP097132.1	36.971	733	1262	40	730	79077	76924	2.38e-127	434
CDF88994.1	CP097139.1	31.907	771	1262	38	756	136127	138391	2.85e-102	358
CDF88995.1	CP097144.1	74.638	690	685	1	685	455594	457654	0.0	1048
CDF88995.1	CP097136.1	22.376	505	685	90	575	116832	115420	1.33e-18	89.7
CDF88995.1	CP097143.1	22.368	532	685	69	574	390720	392171	8.51e-13	70.9
CDF88995.1	CP097143.1	22.957	514	685	89	575	214123	212717	8.78e-11	64.3
CDF88996.1	CP097142.1	44.498	209	216	3	188	202173	201547	5.96e-47	164
CDF88997.1	CP097144.1	43.478	115	99	1	98	454525	454866	1.70e-22	88.6
CDF88999.1	CP097144.1	47.512	623	588	2	588	451355	449511	9.99e-177	554
CDF89000.1	CP097144.1	75.614	570	569	1	569	448777	447071	0.0	919
CDF89000.1	CP097142.1	73.684	570	569	1	569	203765	205474	0.0	891
CDF89001.1	CP097142.1	78.281	663	696	35	696	205991	207970	0.0	1070
CDF89001.1	CP097142.1	46.441	295	696	359	650	135758	134883	4.41e-79	275
CDF89001.1	CP097142.1	29.393	313	696	346	620	249327	250253	2.14e-35	143
CDF89001.1	CP097142.1	31.053	190	696	369	556	184067	184630	1.67e-19	92.4
CDF89001.1	CP097142.1	30.986	142	696	438	561	222216	221794	1.58e-14	76.3
CDF89001.1	CP097142.1	27.451	204	696	452	619	150869	150267	6.39e-13	71.2
CDF89001.1	CP097142.1	38.889	126	696	473	578	348029	347652	8.31e-13	70.9
CDF89001.1	CP097144.1	67.338	695	696	1	695	446622	444595	0.0	944
CDF89001.1	CP097144.1	32.927	246	696	362	603	253941	253207	1.94e-34	140
CDF89001.1	CP097144.1	29.808	208	696	363	559	517861	518460	3.74e-14	75.1
CDF89001.1	CP097144.1	25.806	248	696	369	561	824921	825664	2.39e-13	72.4
CDF89001.1	CP097139.1	48.087	366	696	342	693	496129	497214	1.85e-102	343
CDF89001.1	CP097139.1	32.114	246	696	363	604	302138	302866	1.45e-28	121
CDF89001.1	CP097139.1	32.195	205	696	364	564	79939	79352	1.26e-21	99.4
CDF89001.1	CP097139.1	27.476	313	696	355	619	154531	153614	1.37e-20	96.3
CDF89001.1	CP097141.1	45.763	295	696	359	650	115577	114702	2.69e-81	281
CDF89001.1	CP097141.1	28.571	315	696	342	632	189715	188792	5.55e-27	116
CDF89001.1	CP097141.1	31.933	238	696	345	571	255463	256173	7.54e-23	103
CDF89001.1	CP097141.1	27.500	240	696	336	559	159959	159276	1.80e-17	85.9
CDF89001.1	CP097141.1	26.667	210	696	361	558	82598	81972	6.19e-16	80.9
CDF89001.1	CP097147.1	46.441	295	696	359	650	160712	161587	4.33e-78	272
CDF89001.1	CP097147.1	29.830	352	696	362	665	735713	736750	3.46e-43	167
CDF89001.1	CP097147.1	35.472	265	696	354	618	151571	150789	7.09e-39	154
CDF89001.1	CP097147.1	30.996	271	696	355	603	257551	256754	2.46e-31	130
CDF89001.1	CP097147.1	30.070	286	696	354	618	279888	279043	2.14e-29	124
CDF89001.1	CP097147.1	33.208	265	696	360	618	262222	262971	6.98e-29	122
CDF89001.1	CP097147.1	31.308	214	696	361	568	282321	281689	2.22e-21	98.6
CDF89001.1	CP097147.1	26.045	311	696	354	620	480208	479303	1.71e-18	89.4
CDF89001.1	CP097147.1	28.968	252	696	363	593	653965	654678	3.65e-16	81.6
CDF89002.1	CP097142.1	64.409	635	603	1	603	208471	210351	0.0	801
CDF89003.1	CP097142.1	62.254	559	577	26	576	210910	212511	0.0	677
CDF89003.1	CP097144.1	30.250	400	577	98	466	576763	575768	6.50e-34	137
CDF89004.1	CP097142.1	53.846	143	148	1	138	213224	212805	7.18e-40	140
CDF89005.1	CP097144.1	46.314	814	835	43	835	443365	441020	0.0	659
CDF89005.1	CP097142.1	39.976	838	835	37	835	214530	216926	4.57e-172	551
CDF89006.1	CP097142.1	70.219	319	331	13	331	217583	218536	5.80e-157	485
CDF89006.1	CP097143.1	29.825	285	331	38	320	824845	824039	1.27e-24	103
CDF89006.1	CP097147.1	32.877	292	331	34	316	589319	588492	4.44e-24	102
CDF89006.1	CP097147.1	26.159	302	331	35	326	293379	292507	4.69e-19	87.0
CDF89006.1	CP097147.1	29.108	213	331	28	233	589055	588453	5.75e-16	77.8
CDF89006.1	CP097133.1	27.397	292	331	34	319	764208	763366	1.07e-19	89.0
CDF89006.1	CP097133.1	27.338	278	331	34	303	155882	155076	3.33e-19	87.4
CDF89006.1	CP097133.1	25.329	304	331	8	303	396065	396919	1.89e-18	85.1
CDF89006.1	CP097133.1	27.052	329	331	35	322	587901	588863	1.05e-17	82.8
CDF89006.1	CP097141.1	29.245	212	331	29	236	602513	603127	1.17e-18	85.9
CDF89006.1	CP097141.1	26.061	330	331	10	325	602153	603112	6.08e-18	83.6
CDF89007.1	CP097144.1	53.736	348	342	1	340	440645	439620	6.68e-117	370
CDF89007.1	CP097133.1	37.131	237	342	63	295	228474	227794	3.80e-39	146
CDF89008.1	CP097142.1	44.444	198	212	1	193	219444	218857	6.02e-45	158
CDF89009.1	CP097144.1	54.281	584	668	1	562	437469	439208	0.0	629
CDF89010.1	CP097142.1	52.688	186	167	3	160	220567	221124	5.87e-60	199
CDF89011.1	CP097142.1	60.000	465	509	56	509	222972	221578	9.54e-178	553
CDF89011.1	CP097142.1	28.947	190	509	250	439	249621	250088	3.57e-20	93.2
CDF89011.1	CP097142.1	26.016	246	509	193	438	135728	135159	1.01e-16	82.4
CDF89011.1	CP097142.1	32.394	142	509	298	438	207194	207565	1.34e-14	75.9
CDF89011.1	CP097134.1	28.906	256	509	187	439	79034	79657	7.33e-24	104
CDF89011.1	CP097134.1	26.786	280	509	187	446	242495	241815	2.94e-17	84.3
CDF89011.1	CP097134.1	25.896	251	509	186	431	129227	129850	7.28e-15	76.6
CDF89011.1	CP097135.1	31.443	194	509	249	439	1449853	1449386	3.85e-23	102
CDF89011.1	CP097135.1	29.249	253	509	187	439	1396423	1397019	1.57e-21	97.8
CDF89011.1	CP097135.1	25.926	270	509	187	439	714284	714961	8.45e-18	85.9
CDF89011.1	CP097135.1	38.333	120	509	327	437	286948	286613	3.49e-15	77.4
CDF89011.1	CP097135.1	25.000	268	509	191	438	1379055	1379702	1.93e-14	75.1
CDF89011.1	CP097135.1	30.405	148	509	299	441	75423	75037	2.81e-11	65.1
CDF89011.1	CP097147.1	29.778	225	509	224	443	279765	279211	1.35e-22	100
CDF89011.1	CP097147.1	26.772	254	509	193	445	160742	161335	2.90e-19	90.5
CDF89011.1	CP097147.1	28.218	202	509	249	438	257398	256892	6.73e-19	89.4
CDF89011.1	CP097147.1	26.471	272	509	176	447	262198	262833	2.04e-16	81.6
CDF89011.1	CP097147.1	28.431	204	509	246	449	151421	150918	2.74e-15	77.8
CDF89011.1	CP097146.1	29.200	250	509	193	439	745723	746328	2.49e-20	94.0
CDF89011.1	CP097146.1	25.595	336	509	182	482	959482	958655	4.05e-14	74.3
CDF89011.1	CP097146.1	29.474	190	509	250	438	264440	263970	2.83e-13	71.2
CDF89011.1	CP097146.1	31.250	112	509	327	438	214953	215237	4.21e-13	70.9
CDF89012.1	CP097142.1	71.307	352	355	4	346	224666	223611	3.26e-174	535
CDF89013.1	CP097142.1	80.000	365	378	1	364	226104	225010	0.0	620
CDF89013.1	CP097138.1	28.571	259	378	74	312	983449	982700	6.58e-24	102
CDF89013.1	CP097138.1	37.363	91	378	29	112	985519	985265	4.68e-12	66.2
CDF89013.1	CP097135.1	29.455	275	378	1	265	991149	990367	1.03e-21	95.9
CDF89013.1	CP097146.1	26.573	286	378	1	276	363167	362361	2.73e-16	79.7
CDF89014.1	CP097143.1	45.304	543	532	30	527	368157	366547	1.16e-139	444
CDF89014.1	CP097143.1	45.538	437	532	56	489	370180	368987	3.39e-115	374
CDF89014.1	CP097135.1	45.697	488	532	36	499	765240	763777	1.01e-131	422
CDF89014.1	CP097140.1	40.930	430	532	72	496	415678	414425	4.99e-82	278
CDF89014.1	CP097140.1	35.398	452	532	53	492	300328	301575	5.74e-74	254
CDF89014.1	CP097147.1	26.044	407	532	63	446	254623	253643	3.47e-23	103
CDF89015.1	CP097142.1	65.672	134	377	130	260	227705	228106	3.52e-52	185
CDF89015.1	CP097142.1	69.412	85	377	1	85	226802	227050	7.41e-37	140
CDF89016.1	CP097144.1	37.753	543	582	48	567	433580	431985	5.84e-102	338
CDF89017.1	CP097142.1	64.669	317	316	1	315	230100	229162	2.88e-139	433
CDF89020.1	CP097145.1	79.866	298	294	1	294	13747	14640	4.23e-156	481
CDF89020.1	CP097141.1	79.530	298	294	1	294	723730	722837	3.99e-155	478
CDF89020.1	CP097144.1	79.592	294	294	3	294	429587	430465	2.59e-151	467
CDF89021.1	CP097144.1	66.210	219	220	3	216	429117	428461	4.52e-94	299
CDF89021.1	CP097141.1	65.044	226	220	7	218	724099	724776	2.18e-92	294
CDF89021.1	CP097145.1	70.807	161	220	64	218	13180	12698	4.17e-75	235
CDF89021.1	CP097145.1	50.769	65	220	7	63	13374	13180	4.17e-75	62.8
CDF89022.1	CP097144.1	38.495	465	426	1	413	427001	428383	7.21e-98	319
CDF89023.1	CP097142.1	38.380	469	372	3	371	234657	236009	7.03e-67	228
CDF89024.1	CP097144.1	78.405	514	510	1	510	425182	426720	0.0	875
CDF89025.1	CP097144.1	64.390	615	608	1	605	424645	422810	0.0	847
CDF89026.1	CP097144.1	56.682	434	447	18	444	422495	421242	1.94e-137	434
CDF89027.1	CP097144.1	69.656	814	832	1	809	419257	416849	0.0	1132
CDF89027.1	CP097136.1	59.370	635	832	194	807	187972	186095	0.0	738
CDF89027.1	CP097136.1	32.226	301	832	336	609	241669	240803	9.45e-26	113
CDF89027.1	CP097147.1	45.497	433	832	353	782	598865	600127	2.38e-112	377
CDF89027.1	CP097147.1	39.394	231	832	353	581	869536	868868	4.53e-33	137
CDF89027.1	CP097147.1	33.455	275	832	349	606	411070	411843	4.44e-28	120
CDF89027.1	CP097135.1	43.515	239	832	352	589	244040	243342	1.68e-49	189
CDF89027.1	CP097135.1	47.445	137	832	355	490	443709	444116	2.53e-44	126
CDF89027.1	CP097135.1	38.095	105	832	496	600	444131	444439	2.53e-44	71.2
CDF89027.1	CP097135.1	44.635	233	832	353	581	1245945	1246628	2.52e-43	169
CDF89027.1	CP097135.1	39.749	239	832	351	588	243224	242517	1.98e-39	157
CDF89027.1	CP097135.1	29.299	157	832	368	522	1209585	1209148	2.73e-11	66.2
CDF89027.1	CP097142.1	40.467	257	832	353	607	175367	176125	3.94e-49	187
CDF89027.1	CP097142.1	36.100	241	832	350	577	72055	71360	1.85e-33	138
CDF89028.1	CP097144.1	62.407	540	562	21	559	416198	414588	0.0	687
CDF89028.1	CP097133.1	29.107	560	562	11	528	766518	768050	4.85e-50	185
CDF89028.1	CP097138.1	28.125	160	562	49	203	917845	918324	6.73e-14	73.9
CDF89028.1	CP097147.1	25.676	148	562	49	196	916028	916471	1.56e-13	72.4
CDF89029.1	CP097144.1	52.692	260	245	1	243	413740	414519	5.11e-86	277
CDF89030.1	CP097142.1	56.769	458	438	1	437	237730	239103	3.33e-174	540
CDF89030.1	CP097143.1	34.483	435	438	15	436	184084	182837	1.56e-85	284
CDF89031.1	CP097144.1	32.775	418	1209	851	1209	412090	413253	6.33e-33	138
CDF89032.1	CP097142.1	82.830	728	724	1	724	245588	243438	0.0	1259
CDF89032.1	CP097144.1	58.333	720	724	1	720	407793	409940	0.0	879
CDF89033.1	CP097142.1	63.127	518	503	1	503	247896	246355	0.0	675
CDF89033.1	CP097139.1	32.627	472	503	44	496	321885	323285	1.29e-70	243
CDF89034.1	CP097142.1	49.284	978	1640	47	958	249261	251888	0.0	753
CDF89034.1	CP097142.1	36.306	628	1640	1058	1639	252033	253685	1.59e-78	288
CDF89034.1	CP097142.1	27.654	358	1640	66	410	135830	134898	1.26e-34	144
CDF89034.1	CP097142.1	27.213	305	1640	85	385	206957	207742	6.54e-29	125
CDF89034.1	CP097142.1	35.211	142	1640	205	330	222216	221791	1.49e-20	98.2
CDF89034.1	CP097142.1	30.818	159	1640	177	333	184187	184657	1.98e-17	87.8
CDF89034.1	CP097142.1	28.151	238	1640	175	379	132351	131641	4.55e-17	86.7
CDF89034.1	CP097142.1	25.475	263	1640	33	277	128953	129600	4.89e-12	70.1
CDF89034.1	CP097135.1	51.000	400	1640	84	474	1450042	1448990	3.06e-111	392
CDF89034.1	CP097135.1	40.273	293	1640	86	378	1396414	1397163	6.11e-64	241
CDF89034.1	CP097135.1	32.915	319	1640	79	385	714254	715126	1.15e-51	200
CDF89034.1	CP097135.1	30.028	353	1640	64	383	287362	286430	1.20e-34	144
CDF89034.1	CP097135.1	26.364	330	1640	74	383	1417840	1416995	9.74e-25	112
CDF89034.1	CP097135.1	28.509	228	1640	187	387	1379226	1379903	4.64e-24	109
CDF89034.1	CP097135.1	29.555	247	1640	177	389	179246	179971	4.01e-19	93.6
CDF89034.1	CP097135.1	26.471	272	1640	80	345	75666	74995	8.53e-19	92.4
CDF89034.1	CP097135.1	32.903	155	1640	177	329	273952	274407	3.40e-15	80.5
CDF89034.1	CP097135.1	30.714	140	1640	200	323	1023349	1022933	4.09e-15	80.1
CDF89034.1	CP097135.1	33.544	158	1640	177	325	319868	319395	7.48e-15	79.3
CDF89034.1	CP097135.1	24.490	245	1640	92	329	412198	411581	1.95e-13	74.7
CDF89034.1	CP097135.1	26.966	267	1640	182	393	963090	963833	2.87e-13	73.9
CDF89034.1	CP097135.1	26.446	242	1640	175	412	1471155	1470478	2.00e-12	71.2
CDF89034.1	CP097134.1	48.565	418	1640	64	474	78959	80065	2.51e-105	374
CDF89034.1	CP097134.1	34.884	215	1640	178	379	129401	130042	6.57e-28	122
CDF89034.1	CP097134.1	29.832	238	1640	175	385	242357	241659	1.15e-23	108
CDF89034.1	CP097134.1	26.882	186	1640	225	385	274630	275181	2.49e-13	74.3
CDF89034.1	CP097143.1	31.529	314	1640	83	392	312897	313778	7.95e-50	194
CDF89034.1	CP097143.1	29.450	309	1640	89	383	848162	849055	2.46e-26	117
CDF89034.1	CP097143.1	26.587	252	1640	175	387	626299	627048	2.80e-24	110
CDF89034.1	CP097143.1	27.160	243	1640	177	386	351844	352554	3.91e-17	87.0
CDF89034.1	CP097147.1	35.202	321	1640	79	390	279891	279022	4.25e-49	192
CDF89034.1	CP097147.1	26.519	362	1640	43	383	257653	256718	2.95e-38	156
CDF89034.1	CP097147.1	30.794	315	1640	76	385	160685	161494	7.55e-38	155
CDF89034.1	CP097147.1	32.353	306	1640	86	390	262222	262992	1.56e-37	154
CDF89034.1	CP097147.1	32.558	215	1640	175	389	151409	150771	1.90e-29	127
CDF89034.1	CP097147.1	28.086	324	1640	119	386	480262	479300	1.49e-24	111
CDF89034.1	CP097147.1	30.000	230	1640	175	384	282183	281509	1.74e-21	101
CDF89034.1	CP097147.1	27.686	242	1640	177	378	489126	488464	1.94e-13	74.7
CDF89035.1	CP097144.1	75.597	377	375	1	375	405953	407077	0.0	574
CDF89035.1	CP097144.1	75.931	349	375	27	375	846491	845445	2.02e-179	551
CDF89035.1	CP097144.1	26.190	336	375	54	371	884274	883303	2.75e-19	88.6
CDF89035.1	CP097146.1	76.136	352	375	24	375	129126	128071	2.71e-180	554
CDF89035.1	CP097133.1	67.630	346	375	30	375	513906	514943	2.26e-160	497
CDF89035.1	CP097133.1	28.520	277	375	29	297	311563	310832	1.42e-18	86.7
CDF89035.1	CP097134.1	25.519	337	375	54	375	308226	309215	1.12e-17	83.6
CDF89035.1	CP097135.1	24.646	353	375	23	342	165675	166724	3.67e-17	82.0
CDF89035.1	CP097135.1	26.596	282	375	29	298	9968	9135	1.16e-11	65.1
CDF89036.1	CP097147.1	79.385	325	473	130	450	203042	204016	0.0	562
CDF89036.1	CP097144.1	62.414	290	473	161	450	223466	222600	1.60e-128	410
CDF89036.1	CP097144.1	33.793	290	473	194	446	155192	156061	9.36e-52	187
CDF89036.1	CP097135.1	61.034	290	473	161	450	1320230	1321096	1.11e-123	396
CDF89036.1	CP097135.1	42.248	258	473	185	441	226569	225799	1.58e-69	239
CDF89036.1	CP097135.1	42.248	258	473	185	441	130888	130118	3.69e-69	238
CDF89036.1	CP097135.1	43.775	249	473	194	441	622342	623085	1.08e-67	234
CDF89036.1	CP097135.1	43.182	264	473	190	450	375835	376623	7.86e-67	231
CDF89036.1	CP097136.1	64.378	233	473	218	450	429395	430093	5.33e-102	333
CDF89036.1	CP097145.1	39.116	294	473	161	441	680619	681470	3.21e-67	233
CDF89037.1	CP097147.1	42.380	479	479	20	476	197832	199196	1.16e-95	315
CDF89038.1	CP097138.1	64.948	582	584	1	577	343512	341791	0.0	800
CDF89038.1	CP097135.1	25.858	379	584	33	369	857176	858291	6.13e-19	90.1
CDF89039.1	CP097147.1	44.624	186	707	1	178	199515	200033	2.35e-29	124
CDF89040.1	CP097135.1	69.621	1478	1524	50	1517	471167	475537	0.0	2196
CDF89040.1	CP097135.1	37.860	1495	1524	82	1510	1263091	1267536	0.0	1028
CDF89040.1	CP097145.1	64.189	1036	1524	489	1520	761018	764068	0.0	1417
CDF89040.1	CP097145.1	64.885	393	1524	111	501	759880	761058	4.89e-161	541
CDF89040.1	CP097145.1	21.157	709	1524	140	806	762080	764053	3.40e-22	103
CDF89040.1	CP097147.1	43.528	1491	1524	31	1506	437603	433233	0.0	1245
CDF89040.1	CP097146.1	39.191	1434	1524	107	1510	589478	593710	0.0	1036
CDF89040.1	CP097146.1	38.493	1460	1524	107	1505	901461	905810	0.0	1009
CDF89040.1	CP097146.1	34.961	1393	1524	184	1524	318340	322356	0.0	846
CDF89040.1	CP097146.1	24.068	1180	1524	194	1313	161896	158660	2.64e-58	222
CDF89040.1	CP097146.1	25.636	511	1524	907	1385	161896	160415	1.97e-32	137
CDF89040.1	CP097146.1	24.040	495	1524	177	652	159952	158564	2.91e-27	120
CDF89040.1	CP097140.1	41.629	663	1524	875	1508	307453	305549	1.19e-149	507
CDF89040.1	CP097140.1	30.628	382	1524	184	552	309548	308472	1.55e-92	189
CDF89040.1	CP097140.1	34.432	273	1524	548	818	308487	307669	1.55e-92	170
CDF89040.1	CP097140.1	23.634	677	1524	181	801	307408	305552	2.07e-24	110
CDF89041.1	CP097133.1	66.088	634	656	26	656	261501	263393	0.0	900
CDF89041.1	CP097133.1	50.347	576	656	55	614	132099	130414	0.0	596
CDF89041.1	CP097140.1	65.571	639	656	18	653	386158	388068	0.0	881
CDF89041.1	CP097146.1	29.688	512	656	117	624	429828	428332	2.83e-64	230
CDF89041.1	CP097146.1	29.159	511	656	115	624	669892	668390	2.28e-61	221
CDF89041.1	CP097143.1	29.709	515	656	115	624	603782	605284	4.15e-62	223
CDF89042.1	CP097133.1	52.486	181	179	1	179	263791	264321	2.53e-56	189
CDF89043.1	CP097133.1	71.477	1171	1164	7	1164	267951	264502	0.0	1702
CDF89045.1	CP097133.1	74.562	971	957	1	953	291955	294819	0.0	1496
CDF89045.1	CP097133.1	28.814	177	957	435	608	265488	264976	5.50e-11	65.5
CDF89045.1	CP097145.1	39.973	753	957	237	933	278642	280867	7.00e-172	555
CDF89046.1	CP097133.1	64.664	283	295	19	295	291476	290628	5.53e-124	389
CDF89046.1	CP097133.1	56.827	271	295	25	295	269591	270397	3.32e-107	340
CDF89047.1	CP097133.1	88.325	394	393	1	393	271918	270737	0.0	716
CDF89047.1	CP097139.1	48.737	396	393	11	392	67508	66321	6.63e-113	361
CDF89047.1	CP097138.1	35.461	141	393	24	153	889884	889468	2.36e-12	67.4
CDF89048.1	CP097133.1	46.683	407	363	1	358	290370	289150	8.01e-112	357
CDF89049.1	CP097133.1	70.262	343	370	1	336	274068	273040	3.85e-161	499
CDF89050.1	CP097133.1	54.802	531	453	1	453	276054	274480	0.0	560
CDF89050.1	CP097133.1	30.216	417	453	30	442	13699	12617	4.87e-46	170
CDF89050.1	CP097133.1	27.234	235	453	74	300	184411	185076	5.07e-20	92.0
CDF89050.1	CP097133.1	33.548	155	453	144	294	729492	729935	9.65e-20	91.3
CDF89050.1	CP097133.1	28.444	225	453	76	296	540210	540839	4.27e-17	83.2
CDF89050.1	CP097142.1	35.165	364	453	58	417	206909	207841	1.90e-61	215
CDF89050.1	CP097142.1	37.079	267	453	76	338	135755	135033	5.92e-52	187
CDF89050.1	CP097142.1	28.775	351	453	39	352	249246	250253	5.62e-33	131
CDF89050.1	CP097142.1	27.481	262	453	56	315	183998	184708	8.49e-17	82.0
CDF89050.1	CP097142.1	30.544	239	453	81	290	132525	131845	1.70e-15	78.2
CDF89050.1	CP097142.1	26.966	267	453	79	294	222555	221794	8.82e-15	75.9
CDF89050.1	CP097142.1	27.660	235	453	83	294	69883	69212	1.30e-12	68.9
CDF89050.1	CP097142.1	30.102	196	453	129	313	151028	150468	8.07e-12	66.2
CDF89050.1	CP097144.1	36.812	345	453	73	417	445611	444721	3.84e-61	214
CDF89050.1	CP097144.1	32.444	225	453	85	307	253920	253300	7.20e-34	134
CDF89050.1	CP097144.1	27.645	293	453	83	323	824915	825733	3.39e-15	77.0
CDF89050.1	CP097144.1	27.083	240	453	70	296	517828	518472	1.53e-13	72.0
CDF89050.1	CP097145.1	32.506	403	453	19	405	704435	705505	1.96e-55	197
CDF89050.1	CP097145.1	41.290	155	453	78	232	334638	335078	3.05e-33	132
CDF89050.1	CP097145.1	29.461	241	453	85	295	676229	675540	8.59e-24	103
CDF89050.1	CP097145.1	28.692	237	453	79	294	71053	71721	2.57e-23	102
CDF89050.1	CP097145.1	29.317	249	453	80	313	57959	57288	3.39e-15	77.0
CDF89050.1	CP097145.1	25.616	203	453	93	294	295123	294554	8.96e-14	72.4
CDF89050.1	CP097141.1	38.783	263	453	76	338	115574	114852	4.07e-54	194
CDF89050.1	CP097141.1	30.556	288	453	85	364	255541	256362	1.21e-32	130
CDF89050.1	CP097141.1	28.464	267	453	85	338	189607	188870	4.66e-18	86.3
CDF89050.1	CP097141.1	27.039	233	453	85	306	159857	159234	7.46e-14	72.8
CDF89050.1	CP097141.1	25.843	267	453	52	301	82670	81936	9.53e-14	72.4
CDF89050.1	CP097141.1	28.216	241	453	77	294	538960	539640	1.85e-11	65.1
CDF89051.1	CP097133.1	67.826	460	457	1	456	277793	276429	0.0	654
CDF89053.1	CP097133.1	84.807	362	362	1	362	280223	281308	0.0	578
CDF89053.1	CP097135.1	84.807	362	362	1	362	477002	478087	0.0	577
CDF89054.1	CP097133.1	77.419	341	342	2	342	286012	284990	0.0	580
CDF89056.1	CP097135.1	78.365	208	208	1	208	478306	478929	1.66e-112	351
CDF89057.1	CP097135.1	28.049	656	571	1	571	479195	481129	1.57e-47	177
CDF89058.1	CP097133.1	78.070	228	253	26	253	287012	286329	5.47e-121	378
CDF89060.1	CP097135.1	66.176	68	93	12	79	483889	483686	5.51e-26	98.2
CDF89062.1	CP097133.1	69.132	311	301	1	301	295632	296564	1.47e-138	431
CDF89063.1	CP097133.1	53.488	301	299	4	298	297036	297914	3.75e-96	309
CDF89064.1	CP097133.1	67.927	661	670	10	670	298352	300328	0.0	970
CDF89065.1	CP097133.1	52.332	386	401	7	392	301659	300502	3.46e-134	423
CDF89065.1	CP097135.1	39.216	357	401	14	368	488947	487934	1.56e-79	265
CDF89066.1	CP097133.1	56.430	661	674	34	674	303908	301935	0.0	758
CDF89066.1	CP097133.1	31.364	220	674	123	334	570202	570837	1.16e-26	115
CDF89066.1	CP097133.1	27.155	232	674	98	325	239920	239234	5.06e-24	107
CDF89066.1	CP097140.1	25.654	191	674	108	298	118543	119115	8.91e-18	87.0
CDF89066.1	CP097140.1	25.238	210	674	89	298	116302	116919	1.78e-16	82.8
CDF89066.1	CP097145.1	27.128	188	674	114	298	504882	505445	4.92e-17	84.3
CDF89066.1	CP097145.1	26.222	225	674	456	668	505584	506258	6.99e-16	80.9
CDF89066.1	CP097145.1	25.328	229	674	447	669	723710	723030	9.88e-12	67.4
CDF89066.1	CP097139.1	29.146	199	674	467	661	189769	190347	9.09e-17	83.6
CDF89066.1	CP097139.1	26.786	224	674	100	310	189022	189687	6.69e-16	80.9
CDF89066.1	CP097146.1	24.766	214	674	116	328	805846	805238	3.08e-13	72.0
CDF89067.1	CP097135.1	65.239	397	394	3	393	490497	489316	4.50e-174	537
CDF89068.1	CP097133.1	49.367	553	568	16	566	306070	304412	5.39e-175	548
CDF89069.1	CP097135.1	49.123	228	229	6	229	491566	490895	1.20e-67	224
CDF89070.1	CP097135.1	84.848	396	396	1	396	491950	493137	0.0	716
CDF89070.1	CP097135.1	42.742	372	396	24	395	177849	176749	7.51e-94	306
CDF89070.1	CP097135.1	36.170	376	396	22	392	311437	312558	8.80e-75	251
CDF89070.1	CP097135.1	31.281	406	396	25	395	956506	955325	1.45e-49	178
CDF89070.1	CP097135.1	25.503	447	396	6	391	400469	401800	2.21e-42	157
CDF89070.1	CP097135.1	27.251	422	396	5	381	866350	865094	5.55e-34	133
CDF89070.1	CP097142.1	54.907	377	396	20	396	554470	555588	8.89e-130	410
CDF89070.1	CP097142.1	35.417	192	396	46	209	486656	486093	6.10e-17	81.6
CDF89070.1	CP097141.1	54.907	377	396	20	396	165226	164108	1.03e-129	410
CDF89070.1	CP097141.1	30.137	365	396	25	374	388527	389606	7.05e-52	185
CDF89070.1	CP097146.1	38.418	354	396	24	369	384290	383247	7.08e-81	269
CDF89070.1	CP097146.1	33.152	368	396	25	373	693071	694162	4.05e-56	197
CDF89070.1	CP097139.1	31.728	353	396	24	373	214293	213250	8.03e-56	197
CDF89070.1	CP097139.1	31.565	377	396	25	381	427784	428884	5.39e-49	177
CDF89071.1	CP097135.1	36.598	194	147	4	147	493802	493221	4.13e-30	112
CDF89072.1	CP097135.1	86.860	449	460	1	449	494654	496000	0.0	835
CDF89072.1	CP097139.1	28.054	442	460	29	438	111716	112978	6.99e-45	167
CDF89073.1	CP097133.1	29.963	267	600	337	595	308956	308246	1.02e-18	89.4
CDF89074.1	CP097133.1	60.704	341	348	9	348	311593	310571	1.67e-141	441
CDF89074.1	CP097133.1	27.273	363	348	11	345	513879	514934	1.49e-22	97.8
CDF89074.1	CP097144.1	27.913	369	348	10	345	846524	845454	1.22e-24	103
CDF89074.1	CP097144.1	26.519	362	348	13	345	406019	407068	1.26e-22	98.2
CDF89074.1	CP097146.1	28.090	356	348	19	345	129111	128080	1.25e-23	101
CDF89074.1	CP097143.1	24.024	333	348	23	315	255220	254276	2.83e-13	69.7
CDF89075.1	CP097133.1	51.913	183	190	1	182	311894	312415	4.71e-53	180
CDF89076.1	CP097133.1	84.722	144	155	13	155	313438	313869	5.05e-82	261
CDF89076.1	CP097135.1	84.138	145	155	12	155	497033	497467	6.27e-81	258
CDF89077.1	CP097135.1	41.304	598	632	25	618	499357	497717	1.05e-119	391
CDF89077.1	CP097133.1	57.915	259	632	244	478	315956	315189	5.80e-88	299
CDF89077.1	CP097133.1	68.841	138	632	495	629	314867	314454	8.87e-50	186
CDF89077.1	CP097133.1	52.000	75	632	130	196	316284	316060	8.78e-11	63.9
CDF89078.1	CP097135.1	55.000	900	898	10	896	502461	499798	0.0	974
CDF89079.1	CP097135.1	37.147	638	1019	416	1003	504696	503017	6.06e-79	282
CDF89080.1	CP097135.1	41.582	493	410	5	405	508410	506938	2.36e-106	343
CDF89081.1	CP097135.1	44.737	114	116	9	116	508665	509006	4.32e-27	102
CDF89082.1	CP097135.1	80.711	197	199	3	199	509839	509249	2.57e-108	339
CDF89082.1	CP097134.1	63.636	198	199	4	199	120127	119534	1.61e-79	256
CDF89082.1	CP097133.1	49.289	211	199	1	199	319421	318789	1.15e-64	214
CDF89083.1	CP097144.1	62.286	350	350	1	350	874943	875989	7.61e-151	468
CDF89084.1	CP097133.1	53.947	304	353	1	303	323168	324046	2.84e-105	337
CDF89084.1	CP097135.1	50.165	303	353	1	301	513292	514179	9.29e-101	325
CDF89084.1	CP097134.1	31.511	311	353	13	305	156890	155988	1.68e-39	147
CDF89085.1	CP097133.1	34.795	365	364	5	356	320778	319756	9.22e-59	204
CDF89086.1	CP097133.1	54.962	524	509	5	504	259091	260653	2.29e-178	555
CDF89086.1	CP097135.1	56.313	499	509	27	505	468658	470142	2.37e-175	546
CDF89087.1	CP097133.1	58.488	701	693	16	693	258398	256308	0.0	839
CDF89087.1	CP097145.1	46.667	330	693	387	692	766028	765042	2.81e-82	284
CDF89087.1	CP097139.1	43.807	331	693	386	693	507293	506304	2.35e-76	266
CDF89089.1	CP097135.1	94.688	320	437	1	320	443169	444128	0.0	594
CDF89089.1	CP097135.1	93.162	117	437	321	437	444128	444478	0.0	225
CDF89089.1	CP097135.1	48.404	376	437	46	419	1245558	1246670	1.81e-109	353
CDF89089.1	CP097135.1	45.815	227	437	181	407	244031	243360	4.72e-60	210
CDF89089.1	CP097135.1	38.428	229	437	180	406	243215	242535	1.99e-42	159
CDF89089.1	CP097135.1	34.320	169	437	187	352	1209612	1209136	1.74e-12	68.2
CDF89089.1	CP097138.1	49.387	326	437	106	431	421028	420054	9.68e-103	334
CDF89089.1	CP097138.1	39.062	256	437	163	411	1003394	1004131	1.40e-51	186
CDF89089.1	CP097138.1	34.783	230	437	180	406	546299	546970	4.33e-35	137
CDF89089.1	CP097146.1	46.129	310	437	118	427	514689	515618	2.81e-91	301
CDF89089.1	CP097146.1	38.743	382	437	53	434	783263	782145	1.14e-82	276
CDF89089.1	CP097142.1	49.615	260	437	165	424	175325	176104	7.08e-88	291
CDF89089.1	CP097142.1	32.780	241	437	171	401	72070	71360	6.99e-33	130
CDF89089.1	CP097144.1	42.105	247	437	181	424	418213	417476	1.47e-53	191
CDF89090.1	CP097135.1	80.952	273	280	8	280	445054	445872	3.01e-156	480
CDF89090.1	CP097133.1	31.489	235	280	30	248	105804	106460	1.15e-28	114
CDF89090.1	CP097133.1	25.000	344	280	30	280	468360	467380	6.43e-20	88.2
CDF89090.1	CP097136.1	28.159	277	280	30	280	333785	333003	1.43e-25	104
CDF89090.1	CP097141.1	30.583	206	280	82	280	433932	434531	9.93e-16	75.9
CDF89091.1	CP097135.1	41.016	256	338	17	270	447352	446648	1.01e-37	142
CDF89091.1	CP097135.1	75.000	36	338	303	338	446245	446138	1.19e-11	64.7
CDF89093.1	CP097135.1	68.125	160	159	1	159	448144	448623	7.64e-64	209
CDF89094.1	CP097135.1	47.087	412	611	7	417	449833	450981	5.95e-121	353
CDF89094.1	CP097135.1	34.021	194	611	429	611	451011	451496	5.95e-121	99.8
CDF89095.1	CP097133.1	52.162	2498	2489	1	2489	213624	221102	0.0	2655
CDF89096.1	CP097135.1	70.225	178	237	1	178	452696	452172	2.41e-78	255
CDF89097.1	CP097135.1	83.042	401	427	29	426	453206	454387	0.0	691
CDF89097.1	CP097135.1	27.386	241	427	199	415	1019945	1019223	1.17e-24	105
CDF89097.1	CP097137.1	37.391	230	427	196	418	222315	223001	1.57e-45	167
CDF89098.1	CP097133.1	97.727	132	132	1	132	221780	221385	1.27e-80	256
CDF89098.1	CP097135.1	97.727	132	132	1	132	922278	922673	2.11e-80	255
CDF89098.1	CP097146.1	61.600	125	132	1	118	272570	272199	1.12e-33	122
CDF89099.1	CP097135.1	93.939	132	131	1	131	921460	921068	4.83e-74	237
CDF89099.1	CP097133.1	91.667	132	131	1	131	222476	222868	1.60e-72	233
CDF89100.1	CP097133.1	79.808	104	106	1	104	223451	223140	2.80e-54	179
CDF89101.1	CP097133.1	75.650	731	824	90	820	227126	224940	0.0	1190
CDF89101.1	CP097135.1	73.861	746	824	81	824	457579	455345	0.0	1184
CDF89102.1	CP097135.1	76.238	202	210	11	210	458197	458796	3.69e-100	316
CDF89102.1	CP097140.1	33.742	163	210	38	196	221482	221000	1.49e-12	64.7
CDF89102.1	CP097143.1	31.452	124	210	83	205	795992	796354	4.04e-12	63.2
CDF89103.1	CP097133.1	65.370	257	283	1	256	228552	227782	4.46e-111	351
CDF89103.1	CP097144.1	37.455	275	283	16	281	440489	439680	7.88e-51	178
CDF89104.1	CP097133.1	75.922	461	469	10	469	228829	230211	0.0	715
CDF89105.1	CP097133.1	56.582	433	425	1	425	231651	230353	1.67e-155	485
CDF89106.1	CP097135.1	52.632	190	202	18	201	459352	459900	1.93e-53	182
CDF89106.1	CP097133.1	52.486	181	202	24	199	231995	232519	1.76e-44	156
CDF89107.1	CP097133.1	71.020	490	492	3	492	233017	234486	0.0	764
CDF89107.1	CP097136.1	34.249	473	492	15	485	300740	302146	6.99e-83	279
CDF89107.1	CP097146.1	33.475	472	492	15	483	1003391	1004794	2.77e-80	271
CDF89107.1	CP097144.1	33.608	485	492	15	485	574580	573144	3.03e-73	251
CDF89107.1	CP097144.1	32.432	481	492	15	485	572370	570934	2.72e-71	245
CDF89107.1	CP097144.1	26.140	329	492	150	463	463102	462158	1.74e-15	78.6
CDF89107.1	CP097147.1	32.983	476	492	15	485	426584	427999	8.97e-73	249
CDF89108.1	CP097135.1	54.624	465	462	1	458	460389	461729	1.06e-156	490
CDF89108.1	CP097136.1	29.565	230	462	48	270	538816	539481	4.34e-20	92.4
CDF89108.1	CP097136.1	33.099	142	462	85	225	346987	347394	1.32e-15	78.6
CDF89109.1	CP097135.1	54.500	400	376	9	369	463166	462006	7.84e-123	389
CDF89110.1	CP097133.1	43.490	384	697	331	690	235909	234806	3.44e-70	248
CDF89110.1	CP097133.1	33.790	219	697	10	220	236871	236338	4.26e-19	91.3
CDF89111.1	CP097135.1	63.652	564	961	393	955	465352	463712	0.0	767
CDF89112.1	CP097145.1	98.058	103	103	1	103	583787	583479	3.57e-61	199
CDF89112.1	CP097133.1	98.058	103	103	1	103	241668	241360	1.57e-60	197
CDF89113.1	CP097133.1	100.000	136	136	1	136	242316	242723	2.17e-85	270
CDF89113.1	CP097145.1	100.000	136	136	1	136	584463	584870	2.34e-85	270
CDF89113.1	CP097142.1	60.825	97	136	41	134	346002	345712	4.89e-34	123
CDF89114.1	CP097135.1	54.976	211	205	2	201	467027	467659	1.35e-70	231
CDF89115.1	CP097133.1	88.112	286	287	1	286	243960	243103	5.37e-174	531
CDF89115.1	CP097144.1	46.853	286	287	3	283	774018	774848	6.09e-84	273
CDF89116.1	CP097135.1	53.488	172	163	1	162	439405	439896	1.39e-55	186
CDF89117.1	CP097135.1	44.223	251	247	3	247	438240	438929	1.52e-53	184
CDF89117.1	CP097135.1	41.758	91	247	144	233	1455464	1455736	7.28e-13	66.6
CDF89117.1	CP097133.1	41.176	238	247	1	238	247393	246812	2.37e-48	169
CDF89117.1	CP097147.1	28.622	283	247	7	246	250648	249842	1.31e-16	77.4
CDF89118.1	CP097133.1	54.886	614	614	3	611	249558	247783	0.0	655
CDF89118.1	CP097141.1	40.854	492	614	147	611	85122	86564	1.07e-110	364
CDF89119.1	CP097135.1	43.243	111	116	6	116	437319	437020	1.66e-12	61.2
CDF89120.1	CP097135.1	50.424	589	607	22	586	435038	436768	7.08e-163	514
CDF89120.1	CP097135.1	68.421	38	607	570	607	436719	436832	3.81e-12	68.2
CDF89121.1	CP097135.1	96.296	243	321	79	321	433523	434251	1.63e-158	489
CDF89122.1	CP097135.1	71.630	497	498	4	488	430140	431630	0.0	742
CDF89122.1	CP097146.1	31.288	163	498	23	183	410284	410727	2.19e-14	75.1
CDF89122.1	CP097147.1	30.247	162	498	31	181	480172	479735	4.34e-11	64.3
CDF89123.1	CP097135.1	60.488	205	221	17	221	429357	428743	1.48e-86	278
CDF89124.1	CP097133.1	67.544	912	911	2	910	253742	251007	0.0	1273
CDF89125.1	CP097132.1	37.483	739	637	6	633	149925	147874	3.51e-97	326
CDF89126.1	CP097132.1	80.263	304	307	3	306	150489	151400	1.06e-166	511
CDF89127.1	CP097132.1	74.771	436	416	3	416	152814	151513	0.0	674
CDF89127.1	CP097132.1	29.268	328	416	21	342	156200	155376	8.31e-30	121
CDF89127.1	CP097138.1	35.688	269	416	24	282	167547	168329	1.79e-31	126
CDF89127.1	CP097138.1	26.708	322	416	27	321	220727	221602	2.07e-20	92.8
CDF89127.1	CP097138.1	27.957	279	416	11	274	567681	568388	3.56e-18	85.9
CDF89127.1	CP097135.1	32.226	301	416	31	319	179117	179920	3.51e-27	113
CDF89127.1	CP097135.1	25.309	324	416	17	333	1471314	1470478	8.29e-22	97.1
CDF89127.1	CP097135.1	24.579	297	416	27	321	1396420	1397169	1.56e-19	90.1
CDF89127.1	CP097135.1	26.606	327	416	27	337	287275	286379	3.79e-18	85.9
CDF89127.1	CP097135.1	23.636	385	416	32	396	1379055	1380089	3.94e-16	79.7
CDF89127.1	CP097135.1	26.619	278	416	32	283	1417783	1417112	1.50e-15	77.8
CDF89127.1	CP097135.1	27.315	216	416	75	287	1449841	1449329	9.87e-15	75.1
CDF89127.1	CP097135.1	25.444	338	416	14	320	714251	715108	9.80e-14	72.0
CDF89127.1	CP097135.1	24.590	244	416	32	273	273826	274422	1.30e-12	68.6
CDF89127.1	CP097135.1	27.170	265	416	97	331	1023355	1022699	1.43e-12	68.6
CDF89127.1	CP097141.1	28.383	303	416	32	319	255535	256305	1.06e-23	102
CDF89127.1	CP097141.1	31.449	283	416	31	301	189616	188963	1.25e-18	87.4
CDF89127.1	CP097141.1	24.333	300	416	24	312	115577	114852	4.17e-17	82.8
CDF89127.1	CP097141.1	27.273	286	416	25	276	226238	227011	1.34e-16	80.9
CDF89127.1	CP097147.1	29.181	281	416	28	290	257527	256829	1.28e-23	102
CDF89127.1	CP097147.1	24.771	327	416	34	348	282297	281437	6.14e-22	97.4
CDF89127.1	CP097147.1	26.953	256	416	21	273	480202	479561	1.43e-18	87.0
CDF89127.1	CP097147.1	27.660	282	416	4	272	461540	460851	1.71e-16	80.9
CDF89127.1	CP097147.1	24.042	287	416	28	312	160724	161437	5.06e-16	79.3
CDF89127.1	CP097147.1	28.517	263	416	28	273	653965	654615	6.81e-15	75.9
CDF89127.1	CP097147.1	26.108	203	416	69	270	151418	150948	1.26e-11	65.5
CDF89128.1	CP097132.1	39.354	991	948	2	907	156233	153468	0.0	613
CDF89128.1	CP097132.1	29.167	264	948	39	284	110557	111324	1.85e-24	109
CDF89128.1	CP097132.1	25.904	332	948	18	279	152796	151801	3.40e-24	108
CDF89128.1	CP097141.1	38.224	259	948	39	280	255535	256311	1.49e-45	177
CDF89128.1	CP097141.1	35.632	261	948	41	283	189607	188834	5.80e-31	130
CDF89128.1	CP097141.1	27.941	272	948	11	271	115625	114852	2.60e-29	125
CDF89128.1	CP097141.1	28.767	219	948	22	222	82637	81984	4.13e-15	79.0
CDF89128.1	CP097141.1	28.462	260	948	34	281	159878	159120	5.23e-15	78.6
CDF89128.1	CP097141.1	27.976	168	948	87	225	112330	111827	5.95e-13	72.0
CDF89128.1	CP097135.1	38.911	257	948	35	283	1471284	1470520	1.57e-44	174
CDF89128.1	CP097135.1	31.599	269	948	35	280	1450027	1449224	5.64e-28	121
CDF89128.1	CP097135.1	29.457	258	948	35	288	1396423	1397193	1.13e-27	120
CDF89128.1	CP097135.1	31.833	311	948	1	280	179021	179926	1.55e-27	119
CDF89128.1	CP097135.1	34.222	225	948	34	231	287275	286601	1.10e-26	117
CDF89128.1	CP097135.1	30.516	213	948	35	229	1417795	1417157	6.15e-23	104
CDF89128.1	CP097135.1	25.649	308	948	10	283	714197	715120	3.00e-22	102
CDF89128.1	CP097135.1	25.652	230	948	25	229	1379013	1379702	8.47e-21	97.8
CDF89128.1	CP097135.1	27.306	271	948	39	278	407865	407062	1.58e-18	90.1
CDF89128.1	CP097135.1	29.808	208	948	33	229	319994	319383	7.42e-17	84.7
CDF89128.1	CP097135.1	26.500	200	948	41	234	273832	274431	9.81e-17	84.3
CDF89128.1	CP097135.1	27.103	321	948	35	279	962787	963737	4.85e-15	79.0
CDF89128.1	CP097135.1	26.941	219	948	91	283	1023382	1022747	1.02e-13	74.3
CDF89128.1	CP097135.1	27.632	228	948	13	229	75711	75046	1.96e-13	73.6
CDF89128.1	CP097135.1	25.389	193	948	41	216	412189	411620	6.93e-12	68.6
CDF89128.1	CP097139.1	36.691	278	948	15	283	302078	302899	3.32e-43	170
CDF89128.1	CP097139.1	33.465	254	948	41	290	79927	79169	2.44e-35	145
CDF89128.1	CP097139.1	28.163	245	948	35	271	496192	496923	6.66e-25	111
CDF89128.1	CP097139.1	28.226	248	948	34	260	154507	153764	2.19e-15	80.1
CDF89128.1	CP097139.1	28.571	203	948	76	262	256663	256082	2.69e-12	69.7
CDF89128.1	CP097143.1	31.633	294	948	40	283	848177	849055	3.70e-39	157
CDF89128.1	CP097143.1	25.246	305	948	10	283	312837	313751	3.26e-22	102
CDF89128.1	CP097143.1	29.016	193	948	41	229	351724	352290	1.25e-15	80.9
CDF89128.1	CP097143.1	25.000	268	948	28	231	626068	626868	4.78e-13	72.4
CDF89129.1	CP097132.1	68.741	691	678	1	678	171557	173617	0.0	974
CDF89129.1	CP097144.1	25.881	653	678	4	634	181809	183560	2.64e-52	194
CDF89129.1	CP097136.1	28.684	509	678	179	630	199473	200927	7.39e-50	187
CDF89130.1	CP097135.1	72.789	441	1688	1250	1688	424886	423573	0.0	697
CDF89130.1	CP097135.1	55.897	390	1688	40	426	427390	426233	1.11e-175	428
CDF89130.1	CP097135.1	37.799	418	1688	430	846	426224	425148	1.11e-175	208
CDF89130.1	CP097132.1	76.485	404	1688	38	440	173995	175191	0.0	649
CDF89130.1	CP097132.1	61.957	460	1688	1234	1688	176179	177546	0.0	611
CDF89130.1	CP097132.1	52.222	180	1688	665	839	175612	176148	1.15e-44	177
CDF89130.1	CP097139.1	30.221	407	1688	1282	1684	229940	231058	2.46e-39	160
CDF89130.1	CP097139.1	28.906	256	1688	1294	1539	90043	90801	2.70e-20	97.4
CDF89130.1	CP097142.1	29.787	235	1688	1313	1539	445683	446378	1.10e-20	98.6
CDF89131.1	CP097146.1	63.004	546	550	4	548	194610	192973	0.0	741
CDF89131.1	CP097147.1	61.538	546	550	4	548	55641	54004	0.0	717
CDF89131.1	CP097147.1	59.524	546	550	4	548	830245	828611	0.0	698
CDF89132.1	CP097135.1	83.838	99	434	336	434	421321	421025	2.96e-51	185
CDF89133.1	CP097146.1	63.333	300	301	5	301	191824	192723	7.64e-128	400
CDF89133.1	CP097135.1	62.701	311	301	1	301	419859	420791	1.61e-127	399
CDF89133.1	CP097142.1	35.971	278	301	9	283	164915	164226	1.86e-40	149
CDF89134.1	CP097146.1	86.429	420	419	1	419	187758	189017	0.0	765
CDF89135.1	CP097135.1	76.093	389	392	2	390	417736	418902	0.0	627
CDF89135.1	CP097146.1	73.529	374	392	18	390	185874	186995	0.0	595
CDF89136.1	CP097146.1	74.528	212	212	1	212	341957	341322	5.30e-107	336
CDF89137.1	CP097135.1	43.836	438	415	6	413	1389646	1388339	2.61e-106	343
CDF89138.1	CP097135.1	35.586	888	774	6	774	1393973	1391367	9.92e-139	452
CDF89138.1	CP097146.1	32.290	703	774	33	709	336743	338593	3.82e-94	322
CDF89139.1	CP097144.1	29.134	127	247	22	143	516810	517190	1.90e-12	65.1
CDF89139.1	CP097146.1	29.600	125	247	16	140	472162	472533	3.02e-12	64.7
CDF89139.1	CP097147.1	28.226	124	247	17	140	133144	133512	5.69e-12	63.9
CDF89139.1	CP097135.1	27.160	162	247	4	161	222551	223018	3.92e-11	61.2
CDF89139.1	CP097135.1	27.273	154	247	12	161	122484	122927	7.42e-11	60.5
CDF89140.1	CP097135.1	39.726	219	219	2	208	1395031	1394375	9.78e-34	126
CDF89141.1	CP097135.1	82.064	591	631	42	630	1396396	1398156	0.0	999
CDF89141.1	CP097135.1	43.046	302	631	24	298	1450132	1449227	2.84e-71	249
CDF89141.1	CP097135.1	39.116	294	631	48	310	714275	715156	6.07e-59	213
CDF89141.1	CP097135.1	34.884	301	631	35	302	287329	286430	1.65e-40	158
CDF89141.1	CP097135.1	28.782	271	631	48	302	1417804	1416995	5.42e-30	125
CDF89141.1	CP097135.1	28.772	285	631	55	303	273826	274668	2.31e-27	117
CDF89141.1	CP097135.1	30.675	326	631	48	299	962778	963740	1.39e-26	114
CDF89141.1	CP097135.1	29.210	291	631	57	303	75639	74779	1.80e-25	111
CDF89141.1	CP097135.1	27.368	285	631	55	313	412195	411356	5.18e-25	109
CDF89141.1	CP097135.1	27.857	280	631	57	302	1379061	1379891	6.97e-22	99.8
CDF89141.1	CP097135.1	27.341	267	631	51	303	1471284	1470517	1.05e-18	89.7
CDF89141.1	CP097135.1	30.719	153	631	107	242	1023391	1022933	1.33e-18	89.4
CDF89141.1	CP097135.1	28.870	239	631	25	252	320063	319371	4.02e-17	84.7
CDF89141.1	CP097135.1	27.241	290	631	45	300	179072	179929	8.70e-17	83.6
CDF89141.1	CP097135.1	28.571	217	631	54	248	407868	407233	2.72e-14	75.5
CDF89141.1	CP097134.1	43.000	300	631	17	303	78941	79831	1.32e-67	239
CDF89141.1	CP097134.1	26.103	272	631	57	301	242477	241668	1.14e-22	102
CDF89141.1	CP097134.1	28.834	326	631	11	301	129098	130051	2.16e-22	101
CDF89141.1	CP097134.1	29.956	227	631	93	291	274453	275130	1.13e-17	86.3
CDF89141.1	CP097142.1	38.908	293	631	48	303	249372	250250	9.22e-64	228
CDF89141.1	CP097142.1	34.028	288	631	48	323	135755	134901	3.64e-42	163
CDF89141.1	CP097142.1	32.389	247	631	48	291	206960	207694	1.93e-32	133
CDF89141.1	CP097142.1	26.901	342	631	13	303	183911	184912	3.01e-27	117
CDF89141.1	CP097142.1	28.125	256	631	51	249	222555	221791	2.86e-22	101
CDF89141.1	CP097142.1	26.910	301	631	54	303	132522	131626	9.14e-19	89.7
CDF89141.1	CP097142.1	27.829	327	631	44	298	348524	347553	9.88e-17	83.2
CDF89141.1	CP097142.1	33.721	172	631	95	249	151022	150522	2.74e-16	82.0
CDF89141.1	CP097142.1	28.384	229	631	55	248	69883	69212	1.82e-12	69.3
CDF89141.1	CP097146.1	42.647	272	631	48	303	745696	746511	1.26e-57	209
CDF89141.1	CP097146.1	37.736	265	631	50	302	264581	263790	3.42e-42	163
CDF89141.1	CP097146.1	26.543	324	631	22	316	98176	99144	7.06e-32	131
CDF89141.1	CP097146.1	32.222	270	631	49	304	214605	215393	4.09e-31	129
CDF89141.1	CP097146.1	29.524	210	631	52	253	742988	743605	4.74e-21	97.1
CDF89141.1	CP097146.1	27.336	289	631	55	302	959434	958598	2.37e-18	88.6
CDF89141.1	CP097146.1	25.604	207	631	44	248	410278	410880	3.67e-18	87.8
CDF89141.1	CP097146.1	30.918	207	631	52	248	793934	793317	4.67e-18	87.4
CDF89141.1	CP097146.1	24.161	298	631	51	316	79823	80692	1.97e-17	85.5
CDF89141.1	CP097146.1	28.821	229	631	55	269	53776	53099	1.27e-12	70.1
CDF89141.1	CP097143.1	37.013	308	631	48	319	312906	313829	4.15e-57	208
CDF89141.1	CP097143.1	29.467	319	631	51	302	626089	627036	3.09e-28	120
CDF89141.1	CP097143.1	29.562	274	631	51	292	351706	352515	1.24e-23	105
CDF89141.1	CP097143.1	24.232	293	631	57	302	848180	849055	2.72e-19	91.7
CDF89142.1	CP097146.1	62.500	400	436	40	432	346806	347984	4.07e-165	513
CDF89142.1	CP097146.1	28.916	332	436	38	356	169891	169022	1.33e-31	127
CDF89142.1	CP097135.1	36.275	306	436	61	358	861212	862069	1.17e-45	168
CDF89142.1	CP097135.1	34.921	189	436	65	253	383696	383217	7.71e-29	104
CDF89142.1	CP097135.1	29.167	96	436	257	352	383152	382904	7.71e-29	40.4
CDF89142.1	CP097147.1	26.071	280	436	70	336	514066	513380	3.97e-17	82.8
CDF89143.1	CP097135.1	34.444	180	178	1	160	1398463	1398996	2.90e-25	100
CDF89144.1	CP097135.1	50.864	521	524	6	524	1400630	1399101	1.57e-170	533
CDF89145.1	CP097146.1	43.323	337	324	6	322	348302	349309	4.74e-88	286
CDF89145.1	CP097136.1	26.623	308	324	8	299	370998	370084	4.22e-28	113
CDF89146.1	CP097135.1	45.397	478	487	1	471	978214	976781	4.77e-134	426
CDF89147.1	CP097146.1	70.478	586	579	1	578	349577	351331	0.0	845
CDF89147.1	CP097146.1	27.381	252	579	3	213	308266	307532	4.29e-18	87.4
CDF89147.1	CP097146.1	36.697	109	579	386	490	308269	307943	7.84e-11	63.9
CDF89148.1	CP097146.1	62.994	481	504	25	500	70702	69287	0.0	624
CDF89148.1	CP097146.1	39.293	509	504	3	497	860745	859222	1.60e-110	359
CDF89148.1	CP097145.1	21.522	381	504	64	436	392619	391495	1.23e-15	79.0
CDF89149.1	CP097135.1	79.379	805	807	1	795	980983	978587	0.0	1285
CDF89149.1	CP097143.1	46.164	730	807	94	796	74595	76748	0.0	632
CDF89150.1	CP097135.1	40.120	167	156	2	155	983961	983467	7.19e-28	106
CDF89151.1	CP097135.1	58.150	454	528	31	478	985838	984477	0.0	565
CDF89151.1	CP097146.1	39.862	434	528	45	474	660245	661411	5.95e-83	280
CDF89151.1	CP097143.1	38.532	436	528	45	479	720796	721983	4.12e-82	278
CDF89151.1	CP097133.1	24.342	456	528	40	463	328045	329142	4.50e-11	64.3
CDF89152.1	CP097146.1	31.071	560	556	40	556	355676	357319	1.56e-82	280
CDF89154.1	CP097146.1	49.606	127	866	166	282	359033	358653	1.10e-30	129
CDF89155.1	CP097139.1	87.887	355	355	1	355	143671	144735	0.0	650
CDF89156.1	CP097139.1	80.095	211	214	5	214	145083	145715	2.96e-92	293
CDF89156.1	CP097136.1	31.847	157	214	56	212	96999	97442	5.32e-16	74.7
CDF89156.1	CP097147.1	33.099	142	214	71	212	99608	99201	5.24e-15	72.0
CDF89157.1	CP097139.1	73.293	996	981	1	976	148946	145977	0.0	1468
CDF89158.1	CP097139.1	57.882	812	803	12	801	151669	149234	0.0	975
CDF89158.1	CP097146.1	35.309	776	803	67	801	724256	721980	2.04e-141	461
CDF89159.1	CP097139.1	52.068	701	642	4	639	157141	155039	0.0	689
CDF89159.1	CP097144.1	41.573	534	642	152	635	145494	143911	1.01e-110	365
CDF89160.1	CP097139.1	64.366	623	603	1	601	157568	159418	0.0	821
CDF89160.1	CP097135.1	36.111	612	603	5	603	1138891	1137113	4.99e-112	368
CDF89161.1	CP097139.1	51.989	352	407	50	390	195097	196137	2.55e-108	348
CDF89161.1	CP097139.1	50.000	114	407	277	390	197432	197773	7.54e-31	124
CDF89161.1	CP097139.1	49.123	114	407	277	390	199068	199409	1.43e-30	123
CDF89162.1	CP097142.1	72.483	149	147	1	147	153805	154239	1.60e-56	188
CDF89163.1	CP097139.1	74.324	148	150	1	147	193931	194374	7.12e-67	218
CDF89164.1	CP097142.1	32.979	188	183	17	180	154921	154373	1.25e-18	81.3
CDF89165.1	CP097139.1	68.803	234	235	1	230	190700	191401	6.01e-105	331
CDF89165.1	CP097146.1	30.126	239	235	3	227	815485	814823	1.44e-21	91.7
CDF89165.1	CP097144.1	25.424	236	235	3	227	688404	687754	3.17e-16	76.3
CDF89167.1	CP097142.1	76.246	863	861	1	861	156183	158765	0.0	1409
CDF89167.1	CP097139.1	67.288	859	861	6	860	185551	182975	0.0	1244
CDF89167.1	CP097140.1	24.407	885	861	4	786	76785	74176	4.74e-53	200
CDF89168.1	CP097139.1	73.288	292	296	7	296	182504	181629	7.64e-150	462
CDF89168.1	CP097135.1	52.508	299	296	1	295	1031635	1032510	2.16e-97	312
CDF89169.1	CP097139.1	48.759	564	555	1	555	179779	181455	0.0	565
CDF89170.1	CP097135.1	41.834	349	338	1	336	1015008	1016054	6.82e-80	264
CDF89171.1	CP097135.1	79.934	304	307	1	304	1016387	1017298	2.28e-172	528
CDF89173.1	CP097139.1	48.988	247	245	1	245	177773	177036	4.03e-72	237
CDF89173.1	CP097139.1	49.187	246	245	1	244	179036	178302	4.13e-71	234
CDF89173.1	CP097140.1	35.593	236	245	1	225	232988	233656	5.23e-21	90.5
CDF89173.1	CP097136.1	33.482	224	245	4	225	277252	276611	3.59e-20	87.8
CDF89174.1	CP097135.1	60.845	355	416	59	411	1020230	1019169	1.21e-133	422
CDF89174.1	CP097135.1	26.482	253	416	142	394	453683	454354	1.04e-25	108
CDF89174.1	CP097137.1	25.385	260	416	148	401	222306	223013	1.36e-15	77.8
CDF89175.1	CP097139.1	66.955	693	684	1	684	174765	176837	0.0	957
CDF89175.1	CP097137.1	29.577	426	684	275	684	190174	191325	4.99e-30	126
CDF89175.1	CP097147.1	23.775	694	684	47	679	646735	648609	1.14e-23	105
CDF89175.1	CP097141.1	34.194	155	684	63	209	673919	673467	2.43e-12	69.3
CDF89176.1	CP097135.1	40.942	276	294	26	294	1032913	1033740	2.19e-70	234
CDF89177.1	CP097135.1	68.836	292	292	1	292	1031635	1032510	5.25e-139	431
CDF89177.1	CP097139.1	51.864	295	292	7	292	182504	181632	1.43e-97	313
CDF89178.1	CP097135.1	36.190	105	105	5	105	1031194	1030880	1.35e-22	89.4
CDF89179.1	CP097135.1	42.933	375	916	529	881	1029540	1030664	3.03e-70	254
CDF89179.1	CP097135.1	38.172	372	916	1	334	1028076	1029179	2.90e-47	183
CDF89180.1	CP097135.1	63.014	292	290	1	288	1027059	1026193	2.85e-123	386
CDF89180.1	CP097135.1	29.075	227	290	47	253	1439631	1438981	9.09e-21	90.9
CDF89181.1	CP097135.1	69.753	1663	1651	1	1651	1025689	1020713	0.0	2414
CDF89181.1	CP097135.1	29.082	196	1651	778	970	1449766	1449230	1.33e-16	85.1
CDF89181.1	CP097135.1	26.481	287	1651	773	1038	1396627	1397415	1.77e-16	84.7
CDF89181.1	CP097135.1	28.780	205	1651	777	970	1471074	1470535	3.48e-15	80.5
CDF89181.1	CP097135.1	27.826	230	1651	771	975	287059	286430	5.67e-15	79.7
CDF89181.1	CP097135.1	34.043	141	1651	778	913	1379274	1379684	1.82e-14	78.2
CDF89181.1	CP097135.1	28.500	200	1651	775	963	1417582	1417031	7.73e-13	72.8
CDF89181.1	CP097135.1	31.429	140	1651	774	913	75444	75064	6.19e-12	69.7
CDF89181.1	CP097135.1	32.000	125	1651	814	932	274135	274467	9.74e-12	68.9
CDF89181.1	CP097135.1	28.636	220	1651	778	975	407661	407047	1.61e-11	68.2
CDF89181.1	CP097135.1	25.248	202	1651	778	975	714581	715120	3.20e-11	67.4
CDF89181.1	CP097147.1	23.617	470	1651	1032	1465	626386	625085	3.52e-21	100
CDF89181.1	CP097147.1	29.954	217	1651	777	975	257314	256718	1.60e-14	78.2
CDF89181.1	CP097147.1	25.991	227	1651	772	983	282111	281488	2.40e-14	77.8
CDF89181.1	CP097147.1	31.250	144	1651	774	913	461273	460878	2.81e-14	77.4
CDF89181.1	CP097147.1	33.333	141	1651	778	917	160943	161305	4.85e-14	76.6
CDF89181.1	CP097147.1	31.967	122	1651	790	911	848042	847683	1.54e-13	75.1
CDF89181.1	CP097147.1	25.243	206	1651	780	975	279603	279043	1.77e-13	74.7
CDF89181.1	CP097147.1	34.667	150	1651	790	932	654235	654660	2.09e-13	74.7
CDF89181.1	CP097147.1	33.333	120	1651	812	926	479854	479537	3.12e-13	73.9
CDF89181.1	CP097147.1	28.986	138	1651	776	913	262423	262788	6.14e-12	69.7
CDF89181.1	CP097144.1	31.579	209	1651	776	975	253728	253171	6.63e-19	92.8
CDF89181.1	CP097144.1	28.934	197	1651	778	966	445374	444862	2.00e-13	74.7
CDF89181.1	CP097139.1	32.692	208	1651	774	975	302342	302899	1.97e-18	91.3
CDF89181.1	CP097139.1	28.358	201	1651	775	970	79744	79205	1.88e-17	87.8
CDF89181.1	CP097139.1	28.497	193	1651	778	966	496420	496932	7.79e-15	79.3
CDF89181.1	CP097139.1	28.992	238	1651	778	970	244870	244166	2.87e-13	73.9
CDF89181.1	CP097139.1	34.559	136	1651	804	932	154192	153815	5.96e-13	73.2
CDF89181.1	CP097139.1	28.472	144	1651	779	917	256582	256181	6.42e-13	72.8
CDF89181.1	CP097137.1	32.692	208	1651	775	975	149060	148485	8.65e-17	85.9
CDF89182.1	CP097139.1	56.190	210	214	5	214	173974	173357	2.09e-71	234
CDF89184.1	CP097135.1	72.587	1036	1070	20	1054	1035440	1038547	0.0	1625
CDF89184.1	CP097138.1	23.684	380	1070	284	624	38352	37282	2.66e-12	70.1
CDF89185.1	CP097135.1	63.680	625	602	1	602	1040648	1038786	0.0	790
CDF89185.1	CP097147.1	29.464	224	602	380	601	700615	700037	4.81e-20	94.0
CDF89186.1	CP097138.1	35.038	391	534	112	498	412014	413069	3.44e-64	226
CDF89187.1	CP097139.1	53.134	367	351	1	351	172148	173245	1.44e-117	373
CDF89188.1	CP097139.1	72.321	112	114	2	113	171736	171401	9.10e-42	144
CDF89189.1	CP097139.1	73.765	648	647	1	647	171037	169106	0.0	1013
CDF89189.1	CP097139.1	26.650	394	647	235	597	166786	167907	3.27e-17	85.1
CDF89189.1	CP097136.1	30.870	460	647	136	590	300851	302140	8.36e-52	192
CDF89189.1	CP097144.1	28.937	508	647	115	606	574532	573078	3.39e-50	187
CDF89189.1	CP097144.1	27.593	482	647	115	593	572322	570931	2.89e-46	176
CDF89189.1	CP097144.1	22.414	406	647	170	570	463312	462158	1.73e-13	72.8
CDF89189.1	CP097146.1	27.133	457	647	136	590	1003502	1004794	3.91e-46	175
CDF89189.1	CP097147.1	27.214	463	647	120	579	426647	427960	1.02e-44	171
CDF89190.1	CP097139.1	54.587	218	253	35	251	168351	168977	6.25e-71	234
CDF89191.1	CP097135.1	68.254	1260	1243	8	1242	1044984	1041283	0.0	1578
CDF89191.1	CP097146.1	25.000	556	1243	575	1093	252783	251194	1.43e-33	140
CDF89192.1	CP097139.1	75.910	577	577	1	577	166204	167928	0.0	917
CDF89192.1	CP097139.1	23.800	500	577	81	551	170707	169301	6.03e-15	77.4
CDF89192.1	CP097136.1	27.922	462	577	63	520	300743	302029	2.28e-38	150
CDF89192.1	CP097147.1	28.604	437	577	90	520	426656	427882	3.44e-38	150
CDF89192.1	CP097144.1	27.183	504	577	58	552	572388	570961	1.69e-36	144
CDF89192.1	CP097144.1	26.535	505	577	58	550	574598	573177	5.31e-33	134
CDF89192.1	CP097146.1	24.324	444	577	81	520	1003439	1004683	1.15e-29	124
CDF89193.1	CP097139.1	37.194	449	432	1	407	164572	165894	3.60e-89	295
CDF89194.1	CP097135.1	64.126	538	570	30	567	1047733	1046120	0.0	710
CDF89194.1	CP097144.1	24.306	288	570	185	440	743292	744119	2.06e-16	82.0
CDF89195.1	CP097135.1	42.606	683	631	4	631	1050271	1048262	4.97e-149	476
CDF89195.1	CP097147.1	30.000	150	631	11	160	877766	877362	1.81e-13	72.8
CDF89196.1	CP097139.1	28.363	684	645	18	643	162434	164329	1.95e-69	245
CDF89196.1	CP097147.1	25.832	511	645	196	640	881006	879477	4.95e-29	122
CDF89197.1	CP097135.1	58.373	209	221	6	199	1050836	1051462	1.90e-78	254
CDF89198.1	CP097135.1	66.364	330	335	11	334	1052223	1053212	6.52e-150	465
CDF89198.1	CP097138.1	31.200	125	335	150	269	603280	603651	8.36e-11	62.0
CDF89199.1	CP097135.1	55.660	212	204	1	204	1054434	1053799	9.26e-69	226
CDF89200.1	CP097141.1	68.966	116	126	1	112	232073	232420	4.82e-49	166
CDF89201.1	CP097141.1	49.180	671	780	14	666	226187	227905	0.0	584
CDF89201.1	CP097141.1	27.076	277	780	33	303	159878	159213	3.61e-22	101
CDF89201.1	CP097141.1	27.170	265	780	34	297	115565	114939	2.02e-15	79.7
CDF89201.1	CP097141.1	22.478	347	780	38	381	255535	256317	1.90e-12	70.1
CDF89201.1	CP097139.1	27.273	363	780	29	382	154519	153617	1.65e-33	138
CDF89201.1	CP097139.1	24.367	316	780	30	292	257011	256160	5.57e-13	71.6
CDF89201.1	CP097139.1	21.345	342	780	49	384	302102	302905	1.11e-11	67.4
CDF89201.1	CP097147.1	26.613	372	780	29	382	653950	654864	2.46e-30	127
CDF89201.1	CP097147.1	27.089	347	780	29	303	461747	460770	4.79e-26	114
CDF89201.1	CP097147.1	28.691	359	780	55	383	848357	847407	1.21e-25	112
CDF89201.1	CP097147.1	27.402	281	780	109	382	480055	479309	1.07e-24	109
CDF89201.1	CP097147.1	29.798	198	780	86	277	282252	281731	1.82e-13	73.2
CDF89201.1	CP097147.1	29.710	138	780	170	295	257227	256862	3.77e-11	65.9
CDF89201.1	CP097144.1	28.455	246	780	141	382	518074	518712	1.35e-28	122
CDF89201.1	CP097144.1	28.834	163	780	126	284	253761	253339	3.44e-11	65.9
CDF89201.1	CP097138.1	29.360	344	780	59	382	567705	568634	1.45e-28	122
CDF89201.1	CP097138.1	25.683	183	780	141	296	167781	168326	8.64e-14	74.3
CDF89201.1	CP097138.1	23.826	298	780	9	296	220655	221473	2.43e-13	72.8
CDF89202.1	CP097141.1	55.893	823	967	192	967	224706	222454	0.0	842
CDF89203.1	CP097141.1	62.109	607	1771	49	654	221913	220105	0.0	782
CDF89203.1	CP097141.1	51.776	732	1771	647	1376	220127	217932	0.0	687
CDF89203.1	CP097141.1	69.175	412	1771	1361	1771	217969	216749	1.29e-168	570
CDF89203.1	CP097141.1	79.592	49	1771	1	49	222058	221912	3.95e-16	83.6
CDF89204.1	CP097142.1	58.268	254	240	2	240	500131	500880	1.46e-94	301
CDF89206.1	CP097142.1	51.310	1717	1622	24	1622	506043	501130	0.0	1628
CDF89207.1	CP097139.1	46.284	592	643	1	548	407880	406189	3.42e-144	462
CDF89207.1	CP097138.1	54.088	477	643	4	461	951363	949978	3.05e-143	459
CDF89208.1	CP097133.1	29.276	608	589	6	580	183468	181732	1.39e-56	205
CDF89208.1	CP097145.1	27.920	548	589	6	534	749553	748051	1.71e-41	160
CDF89208.1	CP097134.1	28.401	419	589	192	587	301551	300364	3.02e-29	122
CDF89208.1	CP097134.1	35.385	130	589	6	133	302048	301680	7.94e-18	86.7
CDF89209.1	CP097142.1	26.667	360	364	1	347	14900	15940	7.78e-22	96.3
CDF89209.1	CP097144.1	25.905	359	364	1	348	1993	3024	9.42e-21	92.8
CDF89209.1	CP097135.1	26.453	344	364	1	333	2049	3035	1.97e-20	92.0
CDF89209.1	CP097133.1	26.453	344	364	1	333	791128	790142	2.21e-20	91.7
CDF89209.1	CP097138.1	26.453	344	364	1	333	1056733	1055747	2.45e-20	91.7
CDF89209.1	CP097138.1	29.286	140	364	203	336	10116	10517	4.06e-11	63.2
CDF89210.1	CP097138.1	76.415	106	125	1	106	952166	952483	3.31e-52	174
CDF89210.1	CP097139.1	68.750	112	125	1	112	408702	409037	5.84e-49	165
CDF89211.1	CP097141.1	37.830	341	293	2	292	472629	471610	7.12e-68	227
CDF89212.1	CP097146.1	37.584	298	328	73	325	814296	813418	6.05e-43	157
CDF89213.1	CP097138.1	73.608	413	427	8	418	954082	952844	0.0	622
CDF89214.1	CP097139.1	66.416	399	397	1	397	448095	449285	7.30e-179	551
CDF89214.1	CP097147.1	64.322	398	397	1	396	221299	220112	1.53e-172	533
CDF89215.1	CP097135.1	52.692	260	257	1	256	784331	785110	6.30e-76	249
CDF89216.1	CP097135.1	57.981	426	400	1	400	786596	785364	6.41e-138	434
CDF89217.1	CP097135.1	90.741	162	162	1	162	787625	787140	2.19e-99	311
CDF89217.1	CP097135.1	58.025	162	162	3	162	1068102	1067617	4.94e-56	187
CDF89217.1	CP097144.1	74.375	160	162	3	162	105757	106236	9.23e-79	252
CDF89217.1	CP097143.1	62.416	149	162	3	142	569801	569355	3.91e-57	190
CDF89217.1	CP097139.1	57.055	163	162	2	161	204235	203747	1.01e-51	175
CDF89217.1	CP097141.1	42.553	188	162	4	151	483943	484494	2.28e-34	125
CDF89218.1	CP097135.1	43.796	137	118	1	118	788150	788557	1.22e-25	98.6
CDF89219.1	CP097135.1	85.479	365	365	1	365	788982	790076	0.0	659
CDF89220.1	CP097143.1	42.935	368	327	1	327	397042	398139	2.10e-85	279
CDF89221.1	CP097135.1	46.171	1345	1302	1	1298	790502	794401	0.0	1083
CDF89222.1	CP097143.1	56.403	1023	954	2	953	398479	401421	0.0	1041
CDF89223.1	CP097135.1	57.337	368	379	1	363	797647	798750	7.26e-143	447
CDF89224.1	CP097135.1	52.475	202	251	51	249	799536	799000	6.21e-55	188
CDF89226.1	CP097143.1	35.135	259	491	105	358	403886	404605	5.17e-33	132
CDF89227.1	CP097143.1	61.171	461	470	15	469	405251	406627	0.0	583
CDF89228.1	CP097143.1	47.688	692	675	1	673	407361	409409	0.0	653
CDF89230.1	CP097135.1	57.221	727	721	1	716	802819	800669	0.0	843
CDF89230.1	CP097135.1	21.584	644	721	26	628	857176	858984	6.38e-12	68.2
CDF89231.1	CP097143.1	50.683	805	911	122	909	412042	409715	0.0	769
CDF89231.1	CP097145.1	41.168	719	911	218	909	752485	750356	1.27e-164	532
CDF89232.1	CP097143.1	35.122	205	209	12	209	412206	412802	2.41e-27	107
CDF89233.1	CP097143.1	60.751	293	299	5	296	413739	412861	2.64e-128	401
CDF89233.1	CP097147.1	52.560	293	299	5	296	672994	672134	3.45e-103	329
CDF89234.1	CP097135.1	44.714	454	434	1	434	803475	804806	1.33e-112	362
CDF89236.1	CP097135.1	52.222	990	934	1	933	807825	804916	0.0	999
CDF89237.1	CP097143.1	70.000	100	100	1	100	414489	414193	1.13e-42	146
CDF89238.1	CP097143.1	39.349	953	914	5	912	414688	417420	0.0	629
CDF89239.1	CP097135.1	68.020	197	213	21	213	808080	808670	1.97e-65	217
CDF89240.1	CP097135.1	55.859	512	502	1	502	808932	810449	3.90e-177	551
CDF89241.1	CP097143.1	49.281	765	723	1	723	419855	417666	0.0	716
CDF89242.1	CP097135.1	47.409	521	473	4	473	812448	810955	9.95e-107	347
CDF89243.1	CP097143.1	46.975	281	274	1	274	420490	421317	3.12e-53	184
CDF89244.1	CP097143.1	51.376	327	324	1	317	422749	421772	1.26e-100	323
CDF89246.1	CP097143.1	81.765	680	675	1	672	427607	425568	0.0	1190
CDF89246.1	CP097132.1	58.942	643	675	33	665	31869	29941	0.0	797
CDF89246.1	CP097133.1	21.984	373	675	269	635	647453	646428	3.20e-16	82.0
CDF89247.1	CP097135.1	71.592	1841	1981	167	1977	820275	814810	0.0	2679
CDF89247.1	CP097136.1	33.333	264	1981	791	1038	109295	110050	1.53e-32	138
CDF89247.1	CP097141.1	35.498	231	1981	781	983	482077	481391	1.50e-31	134
CDF89249.1	CP097135.1	41.687	415	397	1	393	825232	826338	1.86e-84	280
CDF89250.1	CP097135.1	72.546	652	675	39	675	827130	828989	0.0	906
CDF89250.1	CP097147.1	37.900	438	675	248	670	688523	689818	3.02e-91	310
CDF89250.1	CP097133.1	37.900	438	675	248	670	457766	459061	3.10e-91	310
CDF89250.1	CP097142.1	32.960	446	675	250	673	597875	596547	6.20e-71	250
CDF89250.1	CP097146.1	27.697	343	675	248	579	653555	654472	4.29e-27	117
CDF89251.1	CP097135.1	53.179	346	332	4	327	830225	829188	3.57e-105	336
CDF89252.1	CP097146.1	29.940	167	226	4	167	1028518	1029018	3.05e-20	87.4
CDF89252.1	CP097144.1	30.645	124	226	14	129	877076	877447	1.05e-12	65.5
CDF89252.1	CP097145.1	25.767	163	226	14	165	325092	325574	5.01e-11	60.5
CDF89253.1	CP097146.1	25.448	279	334	19	290	1028512	1029309	8.07e-21	92.4
CDF89253.1	CP097144.1	25.090	279	334	20	286	877043	877864	1.47e-18	85.5
CDF89254.1	CP097145.1	27.068	266	292	33	288	260618	261361	9.81e-15	73.2
CDF89254.1	CP097140.1	28.390	236	292	28	259	110126	110779	2.96e-14	71.6
CDF89255.1	CP097146.1	39.629	593	617	39	617	669937	668171	2.78e-145	464
CDF89255.1	CP097146.1	40.171	585	617	39	617	429879	428137	2.44e-142	456
CDF89255.1	CP097143.1	39.966	593	617	39	617	603737	605503	1.14e-143	460
CDF89255.1	CP097133.1	28.676	544	617	4	516	132093	130495	6.75e-62	222
CDF89255.1	CP097133.1	26.616	526	617	1	513	261594	263162	5.57e-60	216
CDF89255.1	CP097140.1	28.113	530	617	24	535	386350	387912	1.68e-59	214
CDF89256.1	CP097146.1	47.449	588	595	14	594	1030218	1031951	4.21e-173	543
CDF89261.1	CP097134.1	57.057	333	333	1	332	16718	15720	1.14e-130	409
CDF89261.1	CP097140.1	53.453	333	333	3	333	13303	14301	6.01e-112	356
CDF89261.1	CP097136.1	25.862	290	333	2	287	325256	326077	4.78e-12	65.9
CDF89262.1	CP097142.1	22.701	511	475	3	462	640418	641911	1.35e-25	109
CDF89263.1	CP097145.1	40.407	1621	1557	1	1554	192292	197052	0.0	1150
CDF89264.1	CP097135.1	62.500	1056	1067	21	1067	22961	26071	0.0	1327
CDF89265.1	CP097145.1	73.800	500	516	3	502	198895	197402	0.0	782
CDF89266.1	CP097145.1	49.697	495	469	1	469	200944	199472	5.50e-152	477
CDF89267.1	CP097145.1	71.116	457	459	4	459	201527	202897	0.0	716
CDF89268.1	CP097145.1	60.283	778	799	1	767	203395	205680	0.0	925
CDF89269.1	CP097145.1	65.859	454	451	6	447	206188	207546	0.0	617
CDF89269.1	CP097134.1	25.287	174	451	221	368	225810	226331	1.39e-11	65.5
CDF89270.1	CP097145.1	62.243	972	971	4	969	207904	210813	0.0	1279
CDF89271.1	CP097145.1	34.356	326	448	114	429	211510	212475	3.25e-44	164
CDF89273.1	CP097145.1	38.647	207	440	114	314	211510	212121	4.41e-39	149
CDF89274.1	CP097145.1	36.490	433	1100	431	840	213700	214890	9.85e-40	160
CDF89274.1	CP097145.1	46.739	184	1100	14	185	212926	213465	1.11e-25	114
CDF89275.1	CP097145.1	59.028	288	282	10	282	215903	216766	3.50e-102	325
CDF89276.1	CP097145.1	73.547	344	349	5	346	218007	216982	2.56e-170	524
CDF89276.1	CP097145.1	47.024	336	349	14	346	147547	146552	7.29e-101	325
CDF89276.1	CP097142.1	24.390	246	349	85	315	270735	269998	1.19e-12	67.8
CDF89276.1	CP097144.1	23.288	219	349	88	293	396467	397111	4.51e-12	66.2
CDF89276.1	CP097143.1	25.366	205	349	92	282	875664	876251	1.77e-11	64.3
CDF89277.1	CP097145.1	48.000	350	360	1	324	219630	218584	2.33e-97	315
CDF89278.1	CP097145.1	75.346	361	364	6	364	221160	220105	6.69e-179	549
CDF89279.1	CP097145.1	46.743	614	571	1	555	223395	221671	5.31e-156	493
CDF89279.1	CP097145.1	56.923	65	571	3	67	507939	507751	2.80e-12	68.6
CDF89279.1	CP097145.1	50.746	67	571	3	69	607860	607672	2.72e-11	65.5
CDF89279.1	CP097140.1	40.187	107	571	3	105	340418	340726	1.69e-12	69.3
CDF89279.1	CP097136.1	47.692	65	571	3	67	245055	244864	3.76e-11	65.1
CDF89280.1	CP097145.1	28.906	384	947	573	947	224692	223697	2.03e-33	139
CDF89280.1	CP097135.1	24.786	585	947	391	933	28235	26640	4.32e-27	118
CDF89281.1	CP097145.1	42.051	780	706	1	705	228063	225772	1.02e-165	527
CDF89282.1	CP097145.1	52.878	469	466	7	457	228400	229800	7.20e-149	468
CDF89283.1	CP097145.1	82.039	206	206	1	206	230058	230675	5.44e-116	361
CDF89284.1	CP097135.1	57.025	484	489	11	489	30604	29186	0.0	581
CDF89285.1	CP097135.1	45.098	408	406	1	404	30855	32018	7.18e-108	347
CDF89286.1	CP097145.1	51.376	872	846	7	846	234632	232029	0.0	934
CDF89287.1	CP097145.1	87.500	432	432	1	432	235371	236666	0.0	791
CDF89288.1	CP097145.1	55.759	547	564	1	545	238621	236981	0.0	637
CDF89289.1	CP097135.1	70.667	300	309	6	305	32515	33414	2.52e-137	427
CDF89290.1	CP097145.1	66.209	583	525	1	525	239196	240944	0.0	788
CDF89290.1	CP097145.1	25.792	221	525	86	301	86754	87359	1.36e-12	69.3
CDF89291.1	CP097135.1	55.689	167	163	1	163	34114	33614	7.96e-50	169
CDF89292.1	CP097145.1	46.032	252	276	11	257	241553	242293	2.60e-67	225
CDF89293.1	CP097145.1	56.939	771	748	25	748	242947	245127	0.0	856
CDF89294.1	CP097135.1	47.680	776	753	4	753	36667	34436	0.0	700
CDF89295.1	CP097145.1	67.961	103	267	160	262	246077	246379	8.98e-38	139
CDF89296.1	CP097135.1	25.188	266	465	130	388	37404	38183	7.73e-23	100
CDF89297.1	CP097145.1	31.915	188	193	7	192	246605	247165	2.81e-32	120
CDF89298.1	CP097145.1	41.395	215	207	1	204	248062	247436	1.55e-45	159
CDF89299.1	CP097145.1	54.944	799	789	1	783	248419	250761	0.0	876
CDF89300.1	CP097145.1	59.211	76	87	5	79	251267	251040	3.03e-26	99.0
CDF89302.1	CP097135.1	51.865	1126	1090	16	1090	42404	39078	0.0	1143
CDF89303.1	CP097135.1	61.212	330	339	1	329	42891	43880	6.93e-142	442
CDF89303.1	CP097146.1	26.552	290	339	79	325	705048	705854	2.64e-13	69.7
CDF89304.1	CP097145.1	37.234	188	272	83	260	252123	252683	1.97e-25	104
CDF89305.1	CP097145.1	93.148	613	613	1	613	253016	254854	0.0	1153
CDF89305.1	CP097135.1	92.985	613	613	1	613	44262	46100	0.0	1150
CDF89305.1	CP097136.1	61.741	609	613	5	611	361119	362939	0.0	742
CDF89305.1	CP097136.1	45.805	596	613	10	594	90937	92673	5.57e-158	501
CDF89305.1	CP097133.1	60.661	605	613	9	611	78390	76582	0.0	735
CDF89305.1	CP097133.1	32.883	444	613	4	437	556121	554802	9.11e-64	227
CDF89305.1	CP097132.1	62.349	579	613	9	586	128455	126734	0.0	714
CDF89306.1	CP097135.1	56.818	572	586	1	571	48228	46513	0.0	705
CDF89306.1	CP097135.1	34.388	474	586	2	465	133797	135158	5.62e-72	250
CDF89307.1	CP097145.1	44.444	72	220	59	130	255486	255665	4.70e-11	60.5
CDF89310.1	CP097145.1	71.789	436	436	1	435	256333	257607	0.0	657
CDF89311.1	CP097145.1	50.663	377	429	4	364	259123	258014	5.41e-115	369
CDF89312.1	CP097135.1	63.231	359	348	1	348	52370	51315	1.18e-146	456
CDF89312.1	CP097145.1	31.683	303	348	7	301	260236	259391	1.07e-43	160
CDF89312.1	CP097136.1	32.867	143	348	17	151	400831	400424	2.32e-20	91.3
CDF89312.1	CP097140.1	47.143	70	348	11	79	251710	251501	1.19e-16	80.1
CDF89313.1	CP097145.1	65.972	288	289	3	289	260573	261436	1.33e-128	401
CDF89313.1	CP097142.1	27.869	244	289	20	253	457152	456439	1.45e-12	66.6
CDF89314.1	CP097145.1	56.359	857	835	15	820	264117	261622	0.0	878
CDF89315.1	CP097145.1	75.806	248	244	1	244	265433	264696	1.53e-124	387
CDF89316.1	CP097135.1	63.538	554	527	4	527	52657	54294	0.0	689
CDF89316.1	CP097135.1	33.506	385	527	10	361	911744	910665	1.07e-54	197
CDF89316.1	CP097141.1	30.185	487	527	7	487	568988	567786	3.92e-64	225
CDF89316.1	CP097139.1	28.448	348	527	11	345	313466	312573	5.89e-36	142
CDF89316.1	CP097143.1	27.826	345	527	13	337	755156	754236	4.38e-35	139
CDF89316.1	CP097134.1	28.116	345	527	15	350	118097	117213	4.51e-33	133
CDF89317.1	CP097145.1	41.689	746	728	10	699	270573	268657	2.39e-132	431
CDF89317.1	CP097135.1	41.772	632	728	112	695	56339	54639	7.51e-106	354
CDF89320.1	CP097135.1	26.734	793	652	15	601	65148	62791	3.11e-68	241
CDF89321.1	CP097145.1	41.035	541	504	3	497	275401	277011	4.83e-122	392
CDF89322.1	CP097145.1	62.726	1049	1041	44	1040	277754	280873	0.0	1306
CDF89322.1	CP097133.1	38.400	875	1041	197	1036	292300	294753	3.32e-178	577
CDF89322.1	CP097133.1	25.418	299	1041	509	789	265488	264688	1.20e-11	67.8
CDF89323.1	CP097135.1	72.308	130	151	20	149	65566	65955	2.82e-63	207
CDF89324.1	CP097145.1	84.241	349	356	1	349	281414	282460	0.0	613
CDF89325.1	CP097145.1	48.611	72	110	35	100	283752	283955	6.99e-11	56.2
CDF89326.1	CP097145.1	88.972	535	537	3	537	285260	286864	0.0	998
CDF89327.1	CP097145.1	26.591	440	324	1	322	287287	288579	1.29e-18	85.5
CDF89328.1	CP097135.1	69.565	207	193	1	193	68807	68187	1.99e-88	281
CDF89329.1	CP097145.1	37.313	402	419	11	394	288823	290010	3.32e-74	251
CDF89330.1	CP097135.1	38.559	472	440	1	440	70520	69201	6.50e-85	283
CDF89330.1	CP097137.1	38.983	118	440	72	188	129000	129353	4.89e-20	92.0
CDF89331.1	CP097135.1	71.402	1077	1040	6	1037	74075	70851	0.0	1571
CDF89333.1	CP097145.1	75.949	158	149	1	149	293636	293163	1.31e-77	248
CDF89334.1	CP097145.1	62.660	782	724	1	716	296476	294134	0.0	831
CDF89334.1	CP097145.1	27.232	224	724	379	577	704615	705265	1.50e-15	79.7
CDF89334.1	CP097145.1	24.554	224	724	377	576	71065	71721	9.09e-15	77.4
CDF89334.1	CP097145.1	31.690	142	724	379	518	676229	675807	1.21e-13	73.6
CDF89334.1	CP097135.1	38.298	658	724	118	718	76560	74647	5.21e-135	439
CDF89334.1	CP097135.1	43.132	364	724	352	709	412264	411293	1.94e-86	297
CDF89334.1	CP097135.1	28.289	304	724	379	678	1396441	1397181	1.93e-23	105
CDF89334.1	CP097135.1	29.954	217	724	374	576	1450024	1449389	3.01e-19	92.0
CDF89334.1	CP097135.1	26.754	228	724	377	576	714296	714958	8.42e-16	80.9
CDF89334.1	CP097135.1	23.478	345	724	368	681	287284	286418	1.79e-15	79.7
CDF89334.1	CP097135.1	28.788	198	724	377	572	273826	274398	3.95e-14	75.1
CDF89334.1	CP097135.1	28.241	216	724	374	577	1417792	1417154	5.41e-14	74.7
CDF89334.1	CP097135.1	27.604	192	724	379	564	1471266	1470721	3.85e-13	72.0
CDF89334.1	CP097135.1	28.758	153	724	431	570	1023391	1022933	1.25e-11	67.0
CDF89334.1	CP097135.1	21.598	338	724	377	688	1379055	1379942	5.09e-11	65.1
CDF89334.1	CP097135.1	27.727	220	724	378	575	179123	179746	8.82e-11	64.3
CDF89334.1	CP097146.1	57.456	228	724	370	594	793946	793263	2.18e-85	294
CDF89334.1	CP097146.1	31.535	241	724	376	606	745714	746394	1.05e-20	96.7
CDF89334.1	CP097146.1	28.873	284	724	358	617	214551	215378	1.61e-20	95.9
CDF89334.1	CP097146.1	28.070	228	724	372	570	79820	80473	3.29e-17	85.1
CDF89334.1	CP097146.1	27.442	215	724	376	577	98302	98928	3.57e-14	75.5
CDF89334.1	CP097146.1	29.545	220	724	364	575	742967	743587	1.59e-12	70.1
CDF89334.1	CP097134.1	37.553	237	724	368	593	129215	129922	8.50e-45	172
CDF89334.1	CP097134.1	30.806	211	724	374	576	79037	79654	1.06e-21	99.8
CDF89334.1	CP097134.1	25.234	214	724	379	576	242477	241839	1.10e-14	77.0
CDF89334.1	CP097134.1	28.319	113	724	479	577	274663	274998	1.79e-12	51.2
CDF89334.1	CP097134.1	29.870	77	724	379	455	274356	274580	1.79e-12	38.9
CDF89334.1	CP097142.1	27.941	340	724	379	687	132513	131599	4.82e-35	142
CDF89334.1	CP097142.1	26.136	352	724	363	683	69931	68954	2.40e-28	121
CDF89334.1	CP097142.1	26.923	208	724	372	574	184049	184627	1.31e-15	80.1
CDF89334.1	CP097142.1	30.460	174	724	420	590	249621	250115	1.47e-15	79.7
CDF89334.1	CP097142.1	26.289	194	724	379	570	135728	135177	1.39e-13	73.6
CDF89335.1	CP097135.1	57.339	218	204	5	204	78136	77483	7.07e-61	203
CDF89336.1	CP097145.1	71.465	389	398	1	389	299309	300475	0.0	584
CDF89337.1	CP097145.1	45.833	336	297	1	297	301623	300631	1.88e-84	275
CDF89337.1	CP097145.1	42.408	191	297	5	195	457563	458063	1.38e-34	131
CDF89337.1	CP097145.1	28.966	145	297	3	146	450875	451249	5.13e-13	68.2
CDF89337.1	CP097145.1	29.231	195	297	1	195	441524	441039	8.83e-12	64.3
CDF89337.1	CP097143.1	46.569	204	297	1	201	596140	595601	5.33e-53	184
CDF89337.1	CP097143.1	25.258	194	297	5	197	654275	653790	7.60e-13	67.4
CDF89337.1	CP097143.1	28.369	141	297	3	142	713084	712725	4.21e-11	62.4
CDF89337.1	CP097142.1	45.128	195	297	4	198	547863	548363	2.59e-49	174
CDF89337.1	CP097142.1	28.947	228	297	1	211	465853	465230	2.25e-18	84.3
CDF89337.1	CP097147.1	44.792	192	297	5	196	857488	858000	8.20e-44	158
CDF89337.1	CP097140.1	37.383	214	297	5	198	123746	124327	6.19e-37	138
CDF89338.1	CP097145.1	90.000	240	245	1	238	303654	304373	8.43e-141	434
CDF89339.1	CP097135.1	56.853	197	267	1	197	78617	79204	3.63e-70	233
CDF89340.1	CP097145.1	56.869	313	307	1	307	305559	304663	3.69e-104	332
CDF89341.1	CP097145.1	36.242	298	1018	729	1018	306817	306047	3.60e-32	135
CDF89342.1	CP097141.1	56.460	565	551	3	551	524938	526632	0.0	593
CDF89343.1	CP097135.1	76.235	1073	1073	1	1073	132945	136157	0.0	1751
CDF89343.1	CP097135.1	31.224	490	1073	274	740	48258	46831	2.74e-59	222
CDF89343.1	CP097133.1	26.190	252	1073	760	1007	472258	471542	3.36e-17	86.3
CDF89343.1	CP097141.1	26.407	231	1073	771	997	641023	641664	1.27e-15	80.9
CDF89344.1	CP097135.1	43.750	288	279	3	277	137901	137044	1.52e-66	223
CDF89345.1	CP097135.1	48.974	390	445	59	445	228675	229775	3.01e-103	336
CDF89346.1	CP097135.1	89.398	415	437	1	415	233410	234651	0.0	774
CDF89346.1	CP097135.1	87.351	419	437	22	435	139616	140869	0.0	753
CDF89347.1	CP097135.1	56.579	76	81	5	78	141355	141579	6.15e-20	80.5
CDF89347.1	CP097135.1	48.780	82	81	1	78	235188	235430	3.60e-17	72.8
CDF89348.1	CP097135.1	58.416	101	106	6	106	316125	315826	4.80e-19	79.3
CDF89348.1	CP097135.1	57.447	47	106	1	47	235935	236075	1.44e-13	63.5
CDF89348.1	CP097135.1	65.432	81	106	26	106	236311	236553	1.28e-12	60.8
CDF89349.1	CP097135.1	34.737	285	266	1	266	237052	237903	7.70e-39	142
CDF89350.1	CP097135.1	37.843	547	493	1	491	142055	143689	1.36e-105	345
CDF89351.1	CP097135.1	74.378	402	412	3	401	238657	239856	0.0	565
CDF89351.1	CP097145.1	28.342	374	412	61	397	36782	37897	5.16e-32	127
CDF89352.1	CP097135.1	90.539	835	829	1	829	244667	242163	0.0	1534
CDF89352.1	CP097135.1	45.161	248	829	205	444	1245927	1246667	2.33e-51	194
CDF89352.1	CP097135.1	50.360	139	829	213	348	443709	444125	6.11e-50	140
CDF89352.1	CP097135.1	39.130	92	829	345	436	444113	444388	6.11e-50	75.5
CDF89352.1	CP097135.1	43.966	232	829	480	710	1245933	1246628	1.27e-49	189
CDF89352.1	CP097135.1	42.958	142	829	485	624	443706	444125	6.81e-39	124
CDF89352.1	CP097135.1	31.304	115	829	624	732	444122	444466	6.81e-39	54.7
CDF89352.1	CP097135.1	29.268	164	829	495	655	1209600	1209142	5.28e-13	72.0
CDF89352.1	CP097135.1	30.263	152	829	234	380	1209564	1209139	2.74e-11	66.2
CDF89352.1	CP097143.1	44.133	571	829	211	775	911226	909631	2.68e-146	476
CDF89352.1	CP097143.1	38.746	622	829	216	778	57995	56145	1.64e-131	433
CDF89352.1	CP097143.1	39.146	281	829	160	439	910512	909724	2.73e-56	209
CDF89352.1	CP097143.1	36.918	279	829	210	472	57029	56193	3.02e-51	194
CDF89352.1	CP097143.1	37.631	287	829	483	752	58013	57159	1.22e-50	192
CDF89352.1	CP097145.1	32.384	562	829	244	773	21708	20053	1.79e-73	262
CDF89352.1	CP097145.1	44.915	236	829	211	441	20934	20230	2.36e-52	197
CDF89352.1	CP097138.1	45.126	277	829	207	477	1003415	1004239	8.03e-65	236
CDF89352.1	CP097138.1	41.538	260	829	213	468	420803	420078	8.39e-58	214
CDF89352.1	CP097138.1	43.515	239	829	482	713	1003418	1004122	2.99e-56	209
CDF89352.1	CP097138.1	42.291	227	829	485	711	420806	420126	3.15e-52	197
CDF89352.1	CP097138.1	37.262	263	829	465	718	546221	546991	6.56e-41	162
CDF89352.1	CP097138.1	37.975	237	829	211	441	546296	547000	1.73e-40	160
CDF89352.1	CP097142.1	31.800	500	829	250	721	72760	71315	5.06e-62	227
CDF89352.1	CP097142.1	45.217	230	829	210	436	175364	176053	2.16e-56	210
CDF89352.1	CP097142.1	37.358	265	829	470	730	175325	176077	2.04e-50	191
CDF89352.1	CP097142.1	37.358	265	829	211	461	72046	71252	9.51e-46	177
CDF89353.1	CP097135.1	59.358	187	152	1	150	245567	245031	4.08e-67	218
CDF89354.1	CP097135.1	70.418	311	312	1	311	246272	247204	2.21e-150	465
CDF89354.1	CP097135.1	30.128	312	312	10	296	1197706	1198566	4.56e-32	124
CDF89354.1	CP097146.1	30.719	306	312	6	287	520453	521298	1.10e-30	120
CDF89354.1	CP097133.1	31.546	317	312	7	293	520216	521100	8.05e-27	109
CDF89354.1	CP097141.1	26.573	286	312	6	282	603622	604401	1.52e-23	99.8
CDF89354.1	CP097139.1	28.829	333	312	9	305	308923	309876	7.33e-23	97.8
CDF89355.1	CP097135.1	58.896	163	172	14	172	147790	147305	3.05e-61	202
CDF89355.1	CP097134.1	31.847	157	172	15	171	222848	222474	8.87e-21	87.0
CDF89356.1	CP097135.1	48.994	696	689	3	671	148196	150253	0.0	669
CDF89358.1	CP097140.1	51.247	361	348	2	330	190212	189139	6.91e-108	345
CDF89358.1	CP097135.1	51.130	354	348	11	348	151596	150574	1.07e-106	341
CDF89359.1	CP097140.1	83.514	740	736	1	736	190711	192912	0.0	1311
CDF89359.1	CP097142.1	43.500	400	736	334	702	78790	77603	1.22e-108	363
CDF89360.1	CP097140.1	38.006	321	330	18	328	194092	193211	5.84e-66	223
CDF89361.1	CP097140.1	53.898	295	294	1	294	194868	195749	1.69e-100	321
CDF89362.1	CP097136.1	42.808	292	270	1	270	323604	322750	1.53e-56	194
CDF89364.1	CP097136.1	74.954	547	548	6	547	322488	320851	0.0	866
CDF89365.1	CP097136.1	82.516	469	469	1	469	319259	320665	0.0	820
CDF89365.1	CP097140.1	82.366	465	469	1	465	200700	199306	0.0	810
CDF89365.1	CP097145.1	25.514	243	469	132	359	122871	122206	3.91e-18	86.7
CDF89365.1	CP097146.1	23.926	326	469	73	373	1036239	1035289	7.86e-18	85.5
CDF89365.1	CP097147.1	23.116	199	469	194	373	18939	19508	5.88e-14	63.5
CDF89365.1	CP097147.1	27.885	104	469	73	172	18557	18868	5.88e-14	30.8
CDF89367.1	CP097136.1	59.200	625	624	1	617	316536	318401	0.0	773
CDF89368.1	CP097136.1	52.381	105	226	14	112	315493	315807	1.88e-21	90.9
CDF89369.1	CP097140.1	49.216	638	621	1	621	204812	206626	7.54e-170	535
CDF89370.1	CP097136.1	63.514	518	511	1	511	314915	313383	0.0	689
CDF89370.1	CP097137.1	25.901	444	511	99	499	132026	133246	1.41e-27	116
CDF89371.1	CP097140.1	38.274	452	426	1	417	208204	206903	1.25e-94	310
CDF89372.1	CP097136.1	44.625	614	645	9	612	313017	311197	1.43e-168	533
CDF89373.1	CP097140.1	56.981	265	262	4	261	209261	208488	3.61e-89	287
CDF89374.1	CP097136.1	43.863	611	794	69	596	307577	305793	2.92e-137	448
CDF89374.1	CP097136.1	51.031	194	794	611	791	305576	304995	4.95e-56	208
CDF89374.1	CP097146.1	27.629	485	794	362	755	704487	705878	6.13e-31	130
CDF89375.1	CP097136.1	47.403	154	102	1	102	304233	304694	7.00e-30	109
CDF89376.1	CP097140.1	89.552	134	135	2	135	210168	209767	1.02e-76	245
CDF89376.1	CP097136.1	89.552	134	135	2	135	303369	303770	1.02e-76	245
CDF89377.1	CP097136.1	77.976	504	516	11	514	300650	302161	0.0	855
CDF89377.1	CP097146.1	60.624	513	516	2	513	1003274	1004812	0.0	679
CDF89377.1	CP097147.1	48.594	498	516	17	511	426512	428005	1.79e-165	518
CDF89377.1	CP097144.1	43.725	510	516	13	511	574649	573138	1.61e-132	423
CDF89377.1	CP097144.1	44.358	514	516	13	513	572439	570916	8.76e-132	421
CDF89377.1	CP097144.1	27.245	323	516	203	507	463024	462098	7.33e-23	102
CDF89377.1	CP097133.1	32.411	506	516	11	509	232963	234465	2.61e-80	272
CDF89378.1	CP097136.1	84.677	124	125	1	124	299384	299755	8.22e-64	207
CDF89378.1	CP097141.1	37.719	114	125	7	120	416079	415738	7.94e-26	99.4
CDF89378.1	CP097137.1	33.333	117	125	14	121	116154	116492	1.42e-11	58.9
CDF89378.1	CP097147.1	31.818	132	125	3	121	502266	501874	1.88e-11	58.5
CDF89379.1	CP097136.1	41.270	126	119	1	118	298899	298528	1.59e-25	98.2
CDF89380.1	CP097140.1	60.477	797	802	1	797	213685	211295	0.0	999
CDF89381.1	CP097140.1	57.295	658	660	10	660	215905	213938	0.0	798
CDF89382.1	CP097136.1	77.444	900	896	1	896	295528	298191	0.0	1469
CDF89382.1	CP097140.1	74.442	896	896	1	896	218919	216313	0.0	1420
CDF89383.1	CP097140.1	71.613	155	155	1	155	219981	219517	6.14e-77	247
CDF89384.1	CP097140.1	60.699	229	227	1	227	220233	220919	2.22e-94	300
CDF89385.1	CP097140.1	49.807	259	394	151	394	221698	220970	1.31e-65	225
CDF89385.1	CP097135.1	38.462	117	394	237	350	458302	458649	1.67e-14	74.3
CDF89386.1	CP097140.1	63.576	151	153	3	153	222659	222207	2.34e-64	211
CDF89387.1	CP097136.1	76.130	863	864	1	860	291988	294570	0.0	1353
CDF89388.1	CP097140.1	50.980	306	299	1	299	223765	222866	1.51e-81	267
CDF89389.1	CP097136.1	59.968	632	610	1	610	289624	291387	0.0	734
CDF89390.1	CP097136.1	61.783	157	161	1	156	288643	289113	9.88e-63	206
CDF89390.1	CP097140.1	62.585	147	161	10	156	226231	225791	2.51e-61	202
CDF89391.1	CP097136.1	73.993	546	556	10	555	283465	281834	0.0	887
CDF89391.1	CP097147.1	39.706	544	556	19	552	556431	554833	5.33e-131	421
CDF89392.1	CP097140.1	47.122	469	630	205	630	228425	229783	1.76e-122	399
CDF89392.1	CP097140.1	76.404	89	630	4	92	227885	228151	3.82e-37	147
CDF89392.1	CP097136.1	36.199	442	630	6	414	280774	279563	1.48e-63	227
CDF89394.1	CP097136.1	43.850	187	194	1	163	278307	278840	3.65e-29	112
CDF89396.1	CP097136.1	62.528	443	438	4	437	276217	274904	2.91e-180	557
CDF89397.1	CP097136.1	64.552	536	552	21	552	271149	272747	0.0	711
CDF89397.1	CP097136.1	62.011	537	552	19	552	264706	263111	0.0	678
CDF89397.1	CP097136.1	58.532	545	552	13	552	273151	274758	0.0	651
CDF89397.1	CP097138.1	27.787	583	552	23	552	160205	158469	3.07e-54	197
CDF89398.1	CP097136.1	62.205	254	389	163	375	269701	270462	2.36e-94	308
CDF89398.1	CP097140.1	51.210	248	389	122	369	236987	237640	3.34e-75	253
CDF89399.1	CP097136.1	63.000	100	104	1	96	268365	268664	1.34e-35	126
CDF89400.1	CP097140.1	71.329	143	143	1	141	236156	235728	2.66e-64	210
CDF89400.1	CP097136.1	75.000	128	143	16	143	267720	267337	4.74e-53	178
CDF89401.1	CP097141.1	84.615	104	184	1	104	95453	95764	2.78e-56	189
CDF89401.1	CP097141.1	82.927	82	184	103	184	96076	96321	1.32e-40	144
CDF89401.1	CP097142.1	84.615	104	184	1	104	109556	109867	5.42e-56	188
CDF89401.1	CP097142.1	81.707	82	184	103	184	110168	110413	3.30e-40	143
CDF89402.1	CP097142.1	57.787	687	702	1	682	112790	110757	0.0	766
CDF89403.1	CP097138.1	61.973	1044	1013	17	1013	729314	732373	0.0	1242
CDF89404.1	CP097147.1	80.258	466	503	37	502	47902	49299	0.0	774
CDF89405.1	CP097136.1	64.301	479	546	75	546	37705	36278	0.0	635
CDF89405.1	CP097146.1	55.769	416	546	86	501	300242	301483	4.55e-151	478
CDF89405.1	CP097134.1	35.806	391	546	146	492	208493	207378	9.05e-52	189
CDF89406.1	CP097146.1	65.198	227	269	1	226	302186	302860	2.13e-88	285
CDF89406.1	CP097135.1	28.472	144	269	16	154	1140041	1139640	7.01e-12	63.9
CDF89407.1	CP097136.1	52.029	961	958	13	917	35672	32802	0.0	929
CDF89407.1	CP097133.1	40.084	474	958	5	463	93952	95193	2.78e-95	330
CDF89407.1	CP097138.1	30.387	362	958	69	422	93330	94196	9.16e-37	149
CDF89407.1	CP097147.1	30.479	397	958	69	429	252773	251751	1.28e-36	149
CDF89407.1	CP097147.1	43.750	144	958	277	416	798597	799028	1.53e-22	103
CDF89407.1	CP097147.1	30.723	166	958	11	172	798003	798461	1.51e-15	80.5
CDF89407.1	CP097142.1	33.858	127	958	50	172	286993	287349	4.97e-14	75.5
CDF89408.1	CP097136.1	58.384	495	668	4	469	30652	32112	5.45e-180	566
CDF89409.1	CP097146.1	53.255	937	945	12	942	305908	303122	0.0	996
CDF89409.1	CP097135.1	25.888	394	945	242	626	172213	171137	4.21e-22	102
CDF89410.1	CP097146.1	76.172	256	280	1	256	307216	306452	8.07e-133	413
CDF89411.1	CP097144.1	41.667	1092	1100	2	1077	246528	249782	0.0	862
CDF89412.1	CP097146.1	59.885	349	336	1	336	308569	307532	1.17e-119	378
CDF89412.1	CP097146.1	31.683	202	336	93	283	349583	350146	1.92e-19	88.2
CDF89412.1	CP097146.1	26.733	202	336	92	288	350753	351286	2.94e-11	63.5
CDF89412.1	CP097138.1	36.449	107	336	81	187	725151	724852	8.15e-11	62.0
CDF89413.1	CP097146.1	73.546	533	546	7	537	298024	299613	0.0	786
CDF89413.1	CP097146.1	29.048	420	546	74	424	421890	420679	4.11e-34	137
CDF89415.1	CP097144.1	90.385	208	207	1	207	250222	250845	1.45e-126	392
CDF89415.1	CP097144.1	27.219	169	207	9	169	140484	140008	1.50e-15	73.2
CDF89415.1	CP097137.1	42.135	178	207	7	184	112706	113212	2.39e-38	139
CDF89415.1	CP097137.1	36.893	206	207	1	202	37942	37352	3.43e-36	132
CDF89415.1	CP097143.1	37.981	208	207	10	207	654275	653664	1.62e-36	133
CDF89415.1	CP097143.1	32.121	165	207	9	173	713081	712614	6.68e-23	94.7
CDF89415.1	CP097143.1	26.344	186	207	4	177	596146	595607	8.39e-15	71.2
CDF89415.1	CP097136.1	37.143	175	207	8	178	211611	211117	1.58e-32	122
CDF89415.1	CP097146.1	34.091	220	207	1	207	460193	459549	3.31e-32	121
CDF89415.1	CP097146.1	32.121	165	207	9	173	651464	650997	6.19e-23	94.7
CDF89415.1	CP097146.1	33.333	153	207	21	173	484660	485100	1.08e-20	88.2
CDF89416.1	CP097146.1	51.402	749	784	3	740	295436	297652	0.0	724
CDF89417.1	CP097146.1	56.693	254	384	35	281	293859	294590	3.08e-87	287
CDF89417.1	CP097140.1	31.210	157	384	58	195	237113	237583	7.13e-17	81.3
CDF89418.1	CP097146.1	56.954	302	322	14	315	292924	292019	4.03e-117	370
CDF89418.1	CP097146.1	26.415	318	322	1	311	96434	95547	5.04e-19	86.7
CDF89418.1	CP097135.1	43.450	313	322	5	315	1418841	1419767	9.57e-85	277
CDF89419.1	CP097146.1	58.466	378	377	1	377	291584	290451	1.08e-146	457
CDF89419.1	CP097145.1	33.094	139	377	80	217	28526	28143	7.52e-14	72.0
CDF89419.1	CP097143.1	29.114	158	377	7	139	618701	619174	1.80e-13	70.9
CDF89419.1	CP097135.1	45.161	62	377	80	141	722866	723051	1.08e-11	65.1
CDF89420.1	CP097146.1	56.709	1513	1645	179	1624	285879	290045	0.0	1552
CDF89421.1	CP097146.1	88.333	120	122	1	120	284765	284406	6.37e-70	225
CDF89422.1	CP097146.1	36.719	256	320	66	317	280612	279941	4.78e-35	134
CDF89423.1	CP097144.1	65.000	160	152	1	152	255238	255711	1.76e-52	177
CDF89425.1	CP097146.1	53.465	202	208	5	206	278935	279519	1.58e-69	228
CDF89426.1	CP097146.1	60.517	271	245	1	244	278726	277914	3.53e-104	329
CDF89427.1	CP097144.1	53.745	534	540	9	540	257095	258603	0.0	568
CDF89428.1	CP097146.1	80.556	360	365	7	365	276546	277625	0.0	595
CDF89429.1	CP097144.1	67.077	325	383	70	383	259323	260267	5.16e-136	427
CDF89430.1	CP097144.1	46.429	588	585	6	580	265607	263874	6.16e-166	523
CDF89430.1	CP097144.1	46.655	583	585	9	580	262703	260982	1.47e-164	518
CDF89430.1	CP097146.1	44.463	596	585	1	580	273960	275705	6.97e-162	511
CDF89430.1	CP097145.1	27.700	426	585	187	577	598770	599945	6.36e-42	161
CDF89430.1	CP097145.1	33.898	177	585	13	183	598056	598502	5.03e-12	67.8
CDF89431.1	CP097144.1	68.566	579	661	18	595	265565	263832	0.0	861
CDF89431.1	CP097144.1	60.469	597	661	11	604	262694	260910	0.0	772
CDF89431.1	CP097146.1	64.014	578	661	6	580	273972	275702	0.0	809
CDF89431.1	CP097145.1	29.730	592	661	84	578	598269	599945	1.77e-55	204
CDF89432.1	CP097146.1	95.200	125	131	1	125	272570	272196	6.55e-67	217
CDF89432.1	CP097135.1	63.810	105	131	23	126	922326	922637	3.03e-35	126
CDF89432.1	CP097133.1	63.810	105	131	23	126	221732	221421	3.78e-35	126
CDF89433.1	CP097146.1	50.532	564	548	5	521	271613	269970	1.71e-154	488
CDF89434.1	CP097144.1	39.673	489	444	1	438	180552	179089	3.71e-106	344
CDF89435.1	CP097138.1	74.312	109	124	16	124	450085	450411	3.59e-38	134
CDF89436.1	CP097138.1	41.469	803	836	62	828	779825	777450	0.0	595
CDF89437.1	CP097138.1	59.645	394	424	25	404	776017	777192	1.26e-155	486
CDF89438.1	CP097138.1	94.231	104	105	2	105	449313	449624	6.01e-61	198
CDF89439.1	CP097138.1	75.641	156	156	1	156	774722	774258	8.78e-69	223
CDF89439.1	CP097138.1	75.641	156	156	1	156	447921	447457	1.48e-63	208
CDF89439.1	CP097143.1	35.556	90	156	1	87	152521	152790	5.91e-13	63.9
CDF89440.1	CP097138.1	50.943	212	222	26	222	773632	773000	3.16e-60	202
CDF89442.1	CP097138.1	45.665	173	225	12	184	445744	446262	1.39e-48	169
CDF89443.1	CP097138.1	45.923	233	377	8	217	442984	442295	1.03e-37	143
CDF89443.1	CP097138.1	69.643	56	377	21	76	103893	104060	2.00e-19	89.0
CDF89443.1	CP097136.1	67.857	56	377	21	76	208716	208549	6.90e-19	87.4
CDF89443.1	CP097146.1	43.750	64	377	19	82	505168	505353	2.90e-12	67.0
CDF89443.1	CP097144.1	41.892	74	377	20	92	99626	99841	3.17e-12	67.0
CDF89443.1	CP097133.1	45.312	64	377	23	86	350344	350153	5.59e-12	66.2
CDF89445.1	CP097138.1	43.670	703	656	1	656	521009	519057	4.22e-122	399
CDF89445.1	CP097144.1	42.601	223	656	424	642	291025	291672	1.71e-37	149
CDF89446.1	CP097138.1	72.984	707	687	1	687	768710	770830	0.0	1032
CDF89447.1	CP097138.1	31.447	919	803	11	802	438612	441284	2.29e-121	402
CDF89449.1	CP097138.1	55.140	214	212	1	212	437908	437267	1.16e-80	260
CDF89450.1	CP097138.1	56.197	468	465	14	464	436732	435329	4.32e-172	535
CDF89450.1	CP097141.1	30.961	281	465	77	357	566728	567375	1.62e-40	154
CDF89451.1	CP097138.1	64.945	271	252	1	251	782581	781769	3.97e-108	341
CDF89451.1	CP097138.1	31.455	213	252	4	197	101824	102435	4.72e-18	82.0
CDF89451.1	CP097145.1	47.257	237	252	1	237	441524	440865	7.97e-53	182
CDF89451.1	CP097145.1	29.469	207	252	5	201	450881	451498	5.08e-14	70.1
CDF89451.1	CP097145.1	30.055	183	252	5	172	457563	458096	6.00e-13	67.0
CDF89451.1	CP097146.1	54.857	175	252	1	175	484615	485133	9.04e-51	176
CDF89451.1	CP097146.1	32.039	206	252	5	202	460154	459567	9.41e-19	84.0
CDF89451.1	CP097137.1	38.095	168	252	4	165	37918	37436	7.84e-28	110
CDF89451.1	CP097137.1	35.802	162	252	5	165	112715	113191	8.11e-24	99.0
CDF89451.1	CP097134.1	35.294	187	252	5	176	167762	167202	6.21e-23	96.3
CDF89452.1	CP097138.1	34.722	144	194	29	169	321308	321730	3.35e-21	89.4
CDF89454.1	CP097138.1	85.882	340	340	1	340	430516	429497	0.0	617
CDF89455.1	CP097138.1	79.317	498	500	4	499	785656	787149	0.0	804
CDF89455.1	CP097138.1	35.224	335	500	11	323	523316	524287	1.05e-36	144
CDF89456.1	CP097138.1	54.930	142	144	7	139	428810	429235	2.88e-43	150
CDF89457.1	CP097138.1	70.645	310	290	1	290	427444	428370	3.04e-148	458
CDF89458.1	CP097138.1	59.259	297	260	1	258	426998	426120	6.30e-105	332
CDF89460.1	CP097138.1	56.126	857	835	2	834	789598	792141	0.0	991
CDF89461.1	CP097138.1	55.159	252	243	1	238	793119	792376	8.25e-84	271
CDF89462.1	CP097138.1	50.273	549	519	1	515	424067	425677	6.58e-152	479
CDF89463.1	CP097138.1	71.739	230	514	240	461	794391	793708	2.17e-102	336
CDF89463.1	CP097147.1	28.877	187	514	273	454	737854	737315	4.35e-18	86.7
CDF89463.1	CP097136.1	31.319	182	514	278	459	500663	501157	2.77e-16	81.3
CDF89463.1	CP097136.1	25.547	274	514	182	440	500621	501388	5.27e-11	64.3
CDF89463.1	CP097146.1	27.835	194	514	270	458	62723	63235	2.63e-13	71.6
CDF89463.1	CP097133.1	28.667	150	514	320	458	627937	628368	2.14e-11	65.5
CDF89465.1	CP097138.1	69.767	43	168	19	61	796341	796213	5.96e-12	61.6
CDF89466.1	CP097142.1	38.472	707	679	6	679	11520	9406	8.95e-161	512
CDF89466.1	CP097146.1	36.932	704	679	9	679	1018989	1021094	2.28e-152	488
CDF89466.1	CP097146.1	36.068	707	679	1	679	1024982	1027063	3.49e-130	423
CDF89466.1	CP097145.1	36.648	704	679	28	679	734622	736685	2.13e-142	459
CDF89466.1	CP097143.1	38.451	710	679	6	679	24698	22578	4.03e-138	446
CDF89466.1	CP097143.1	25.880	483	679	226	679	565804	567228	4.38e-39	154
CDF89467.1	CP097139.1	64.506	617	714	44	660	11098	9296	0.0	837
CDF89467.1	CP097142.1	46.820	566	714	97	659	660627	662324	2.36e-178	564
CDF89467.1	CP097136.1	49.643	560	714	97	651	24043	25716	7.66e-174	551
CDF89467.1	CP097134.1	54.255	282	714	97	378	8152	7307	2.45e-154	323
CDF89467.1	CP097134.1	39.024	287	714	376	659	7314	6454	2.45e-154	240
CDF89469.1	CP097137.1	29.391	558	632	99	626	31193	32692	3.71e-56	205
CDF89469.1	CP097144.1	29.081	533	632	73	595	360028	361464	9.06e-53	195
CDF89469.1	CP097135.1	24.042	574	632	104	600	1445373	1443886	8.52e-32	131
CDF89470.1	CP097139.1	44.444	585	561	3	556	11985	13703	2.36e-144	459
CDF89470.1	CP097147.1	29.490	529	561	2	480	152111	153673	3.93e-54	197
CDF89471.1	CP097143.1	86.232	138	143	6	143	25462	25049	7.59e-77	246
CDF89473.1	CP097139.1	30.111	631	626	9	618	15687	13819	3.36e-76	264
CDF89474.1	CP097139.1	57.895	513	544	30	542	16542	18053	0.0	620
CDF89474.1	CP097138.1	27.385	566	544	2	533	591662	593308	1.47e-56	204
CDF89475.1	CP097143.1	68.841	1656	1643	11	1643	31466	26529	0.0	2340
CDF89475.1	CP097143.1	32.220	1437	1643	277	1626	102832	106860	0.0	635
CDF89475.1	CP097143.1	23.748	539	1643	1098	1618	525372	526898	2.17e-29	127
CDF89475.1	CP097143.1	26.398	447	1643	490	913	525594	526850	1.95e-21	100
CDF89475.1	CP097139.1	57.323	1188	1643	459	1635	21647	18183	0.0	1352
CDF89475.1	CP097139.1	34.419	430	1643	11	432	22905	21673	3.27e-60	228
CDF89475.1	CP097142.1	38.767	1460	1643	8	1464	652122	656243	0.0	1045
CDF89475.1	CP097142.1	56.111	180	1643	1465	1639	656243	656776	1.22e-49	194
CDF89475.1	CP097142.1	33.197	244	1643	1370	1606	43416	42742	1.02e-25	115
CDF89475.1	CP097142.1	24.503	453	1643	497	919	46122	44797	9.69e-22	102
CDF89475.1	CP097142.1	27.817	284	1643	1349	1615	45564	44776	1.01e-20	98.6
CDF89475.1	CP097142.1	27.350	234	1643	684	914	43437	42760	3.15e-15	80.5
CDF89475.1	CP097135.1	32.657	1430	1643	264	1623	746193	742261	0.0	701
CDF89475.1	CP097138.1	31.620	1167	1643	548	1626	1028834	1032097	8.31e-162	546
CDF89475.1	CP097138.1	27.519	258	1643	708	943	1031375	1032100	1.55e-13	75.1
CDF89476.1	CP097139.1	44.318	264	294	8	251	24225	23437	2.52e-59	202
CDF89476.1	CP097143.1	30.038	263	294	5	258	32685	31987	2.99e-25	104
CDF89477.1	CP097143.1	82.353	255	256	1	255	33869	33105	6.92e-145	446
CDF89477.1	CP097139.1	81.176	255	256	1	255	26209	25445	2.75e-143	442
CDF89478.1	CP097139.1	66.616	656	706	13	649	28557	26602	0.0	891
CDF89479.1	CP097143.1	55.500	600	686	85	654	35404	37128	0.0	642
CDF89479.1	CP097141.1	32.468	308	686	241	543	19467	18667	3.89e-36	145
CDF89480.1	CP097139.1	67.117	222	225	5	225	29652	29002	6.51e-98	310
CDF89482.1	CP097143.1	80.303	264	262	1	260	39169	38378	1.25e-145	449
CDF89483.1	CP097143.1	56.139	3160	3110	1	3110	48883	39452	0.0	3638
CDF89484.1	CP097139.1	50.690	1884	1851	1	1849	30264	35867	0.0	1825
CDF89486.1	CP097143.1	48.023	177	227	1	176	51983	51456	3.22e-48	168
CDF89487.1	CP097143.1	35.645	519	499	1	495	53723	52236	1.42e-81	275
CDF89488.1	CP097139.1	45.310	693	555	1	555	38148	36106	0.0	572
CDF89489.1	CP097147.1	39.458	332	353	24	342	375890	376882	4.76e-72	242
CDF89489.1	CP097141.1	28.467	274	353	81	342	12947	12165	4.26e-18	84.7
CDF89489.1	CP097141.1	24.924	329	353	36	342	719784	720719	5.65e-15	75.1
CDF89489.1	CP097145.1	25.382	327	353	36	342	17654	16719	1.37e-17	83.2
CDF89489.1	CP097135.1	24.390	328	353	36	342	18832	17897	1.44e-16	80.1
CDF89489.1	CP097134.1	24.364	275	353	81	342	313190	313972	1.71e-11	64.3
CDF89490.1	CP097147.1	62.060	369	407	1	359	489447	488341	1.97e-153	478
CDF89490.1	CP097147.1	28.889	225	407	104	319	279690	279055	1.21e-16	80.9
CDF89490.1	CP097147.1	30.769	143	407	127	265	282108	281710	1.22e-13	71.6
CDF89490.1	CP097147.1	26.020	196	407	71	265	160769	161311	2.01e-13	70.9
CDF89490.1	CP097147.1	30.000	160	407	162	319	262516	262959	3.03e-12	67.4
CDF89490.1	CP097147.1	26.168	214	407	105	314	151403	150816	5.08e-12	66.6
CDF89490.1	CP097135.1	55.618	356	407	1	349	962760	963827	1.16e-133	422
CDF89490.1	CP097135.1	26.791	321	407	5	320	1396408	1397169	6.30e-21	94.4
CDF89490.1	CP097135.1	29.439	214	407	111	319	1449829	1449227	1.70e-18	86.7
CDF89490.1	CP097135.1	24.887	221	407	116	320	412015	411395	3.49e-15	76.6
CDF89490.1	CP097135.1	29.577	213	407	105	298	179246	179845	3.99e-15	76.3
CDF89490.1	CP097135.1	25.339	221	407	105	317	1417651	1417013	4.01e-13	70.1
CDF89490.1	CP097139.1	27.823	248	407	106	350	256651	255938	5.46e-24	103
CDF89490.1	CP097139.1	33.099	142	407	126	266	496402	496797	9.26e-17	81.3
CDF89490.1	CP097133.1	32.016	253	407	105	339	729459	730166	2.50e-18	86.3
CDF89490.1	CP097133.1	22.857	280	407	6	279	540207	540872	1.14e-12	68.6
CDF89490.1	CP097146.1	28.070	228	407	104	321	745861	746502	5.81e-18	85.1
CDF89490.1	CP097146.1	34.783	138	407	131	264	743204	743587	1.18e-15	78.2
CDF89490.1	CP097146.1	27.556	225	407	95	313	214743	215363	2.48e-14	73.9
CDF89491.1	CP097135.1	61.494	174	181	4	174	965047	964526	7.80e-65	213
CDF89492.1	CP097147.1	82.663	398	398	1	398	485360	486553	0.0	694
CDF89492.1	CP097140.1	33.744	406	398	3	397	25384	24233	4.99e-53	189
CDF89493.1	CP097147.1	64.740	692	739	23	711	482848	484917	0.0	956
CDF89494.1	CP097135.1	57.756	722	726	11	722	257601	259754	0.0	861
CDF89495.1	CP097135.1	59.358	903	884	1	884	254594	257248	0.0	1103
CDF89496.1	CP097138.1	85.638	376	376	1	376	239751	240878	0.0	681
CDF89497.1	CP097138.1	69.591	1174	1411	283	1404	237971	234546	0.0	1629
CDF89497.1	CP097138.1	28.247	308	1411	691	974	202805	201936	3.77e-25	112
CDF89497.1	CP097138.1	34.731	167	1411	1242	1405	201839	201342	2.59e-24	110
CDF89497.1	CP097135.1	41.860	344	1411	654	983	1127655	1128638	1.98e-78	286
CDF89497.1	CP097135.1	50.307	163	1411	1230	1392	1129311	1129799	2.01e-44	176
CDF89497.1	CP097146.1	36.818	440	1411	545	983	854103	855275	2.15e-71	264
CDF89497.1	CP097146.1	39.394	330	1411	660	978	827341	826403	1.58e-67	251
CDF89497.1	CP097146.1	45.109	184	1411	1216	1398	855252	855776	1.15e-40	164
CDF89497.1	CP097146.1	47.500	160	1411	1242	1398	826354	825878	7.12e-37	151
CDF89497.1	CP097140.1	39.339	333	1411	660	978	103308	104249	4.19e-67	250
CDF89497.1	CP097140.1	46.667	165	1411	1236	1398	104280	104774	2.22e-38	156
CDF89497.1	CP097133.1	38.272	324	1411	660	983	690662	689748	7.53e-67	249
CDF89497.1	CP097133.1	52.083	144	1411	1259	1399	689669	689241	2.85e-39	159
CDF89497.1	CP097133.1	37.278	169	1411	1225	1388	365107	365610	9.48e-27	118
CDF89497.1	CP097133.1	26.944	360	1411	643	973	364087	365091	1.14e-20	98.2
CDF89497.1	CP097133.1	25.272	368	1411	660	973	447863	448897	8.14e-19	92.0
CDF89497.1	CP097133.1	31.973	147	1411	1242	1386	449192	449632	4.44e-17	86.3
CDF89498.1	CP097138.1	50.712	351	357	1	346	229628	230626	1.15e-100	324
CDF89499.1	CP097138.1	41.406	256	273	15	262	229421	228663	2.31e-54	187
CDF89500.1	CP097135.1	64.169	307	299	1	299	253625	252705	3.92e-116	366
CDF89500.1	CP097147.1	23.667	300	299	17	299	589307	588474	1.49e-14	72.8
CDF89500.1	CP097147.1	23.975	317	299	6	292	571550	570654	2.12e-13	69.3
CDF89500.1	CP097147.1	18.954	306	299	17	298	293370	292519	9.59e-11	61.2
CDF89500.1	CP097147.1	26.923	208	299	5	186	571256	570654	9.86e-11	61.2
CDF89500.1	CP097133.1	24.832	298	299	14	295	764205	763366	1.80e-13	69.3
CDF89500.1	CP097146.1	24.296	284	299	13	281	728100	728906	3.67e-13	68.6
CDF89500.1	CP097141.1	23.203	306	299	13	299	171314	172141	1.25e-12	67.0
CDF89501.1	CP097138.1	51.420	352	360	8	357	227476	228528	2.14e-114	364
CDF89501.1	CP097147.1	26.211	351	360	2	345	874156	873275	1.53e-19	89.0
CDF89501.1	CP097135.1	22.472	356	360	5	356	302120	301206	1.04e-15	77.4
CDF89502.1	CP097138.1	65.928	1083	1079	1	1077	223773	227015	0.0	1508
CDF89503.1	CP097135.1	59.231	130	172	38	167	252068	252457	1.06e-48	167
CDF89504.1	CP097135.1	42.500	120	121	1	100	251595	251236	1.20e-11	58.9
CDF89505.1	CP097135.1	54.545	737	729	12	704	248634	250811	0.0	785
CDF89506.1	CP097145.1	65.842	404	427	24	424	591334	592509	2.41e-165	513
CDF89506.1	CP097139.1	26.963	382	427	50	406	263806	264849	5.58e-22	97.8
CDF89506.1	CP097133.1	29.102	323	427	92	396	627931	628857	1.96e-20	93.2
CDF89506.1	CP097138.1	27.624	181	427	54	223	794250	793708	8.39e-17	81.6
CDF89506.1	CP097136.1	28.191	188	427	49	234	500651	501205	1.53e-16	80.9
CDF89506.1	CP097136.1	25.448	279	427	55	302	501212	502009	3.26e-14	73.6
CDF89506.1	CP097136.1	26.816	179	427	55	228	500933	501454	2.98e-13	70.9
CDF89507.1	CP097140.1	73.714	350	356	7	351	188281	187238	1.30e-177	545
CDF89508.1	CP097145.1	44.512	492	505	23	491	578587	577145	9.25e-128	409
CDF89509.1	CP097145.1	75.188	133	522	380	512	579323	578934	8.57e-65	227
CDF89509.1	CP097145.1	33.431	341	522	86	369	580532	579573	8.89e-24	104
CDF89509.1	CP097143.1	44.444	81	522	413	491	385031	384822	7.84e-14	73.2
CDF89509.1	CP097135.1	40.196	102	522	394	491	768358	768086	2.98e-13	71.6
CDF89509.1	CP097146.1	33.010	103	522	408	510	505180	505461	3.20e-12	68.2
CDF89509.1	CP097146.1	34.524	84	522	408	491	505264	505494	2.07e-11	65.5
CDF89510.1	CP097144.1	45.175	456	408	1	405	243272	244630	9.48e-116	370
CDF89511.1	CP097140.1	59.451	328	325	3	323	186900	185932	2.85e-118	374
CDF89512.1	CP097140.1	46.259	147	157	13	151	183739	183311	3.50e-29	110
CDF89513.1	CP097145.1	62.879	264	236	4	236	585956	585165	5.08e-100	317
CDF89513.1	CP097145.1	33.766	154	236	70	218	518101	518553	8.05e-24	98.2
CDF89513.1	CP097145.1	30.939	181	236	61	232	440089	439559	9.92e-22	92.0
CDF89513.1	CP097135.1	25.610	164	236	71	220	608592	608107	9.15e-11	60.1
CDF89514.1	CP097140.1	61.934	486	469	1	462	183053	181611	0.0	571
CDF89514.1	CP097136.1	34.475	467	469	5	460	397370	396054	2.64e-71	244
CDF89514.1	CP097136.1	23.631	347	469	2	327	27277	26291	1.54e-11	65.5
CDF89514.1	CP097133.1	34.021	485	469	6	467	41583	42938	2.59e-69	238
CDF89515.1	CP097145.1	72.615	325	329	1	325	575223	576188	2.30e-162	500
CDF89516.1	CP097140.1	66.736	481	485	4	482	177638	179080	0.0	639
CDF89517.1	CP097140.1	61.408	710	702	13	702	177171	175057	0.0	889
CDF89518.1	CP097145.1	84.722	72	72	1	72	573697	573912	1.03e-38	133
CDF89519.1	CP097140.1	61.887	265	262	1	262	172808	172017	9.05e-107	337
CDF89520.1	CP097145.1	58.868	936	973	40	962	569388	572192	0.0	1135
CDF89521.1	CP097145.1	64.257	498	476	1	476	567619	569085	0.0	622
CDF89521.1	CP097145.1	27.273	209	476	203	411	512332	512883	2.65e-12	68.2
CDF89522.1	CP097140.1	54.887	532	710	1	509	167961	169502	1.69e-171	544
CDF89522.1	CP097133.1	46.417	321	710	1	310	340201	339248	2.15e-85	294
CDF89522.1	CP097147.1	23.867	331	710	15	287	96888	95905	3.22e-17	85.1
CDF89522.1	CP097147.1	27.273	297	710	9	293	262198	262956	8.07e-17	84.0
CDF89522.1	CP097147.1	26.230	244	710	67	292	279717	279061	4.67e-13	71.6
CDF89522.1	CP097147.1	32.639	144	710	105	248	151325	150945	4.71e-13	71.6
CDF89522.1	CP097147.1	30.814	172	710	72	236	654112	654573	1.53e-11	66.6
CDF89522.1	CP097141.1	29.956	227	710	28	246	255541	256140	3.23e-16	82.0
CDF89522.1	CP097135.1	31.122	196	710	105	293	1471071	1470535	6.72e-16	80.9
CDF89522.1	CP097135.1	28.431	204	710	105	292	1417573	1417013	7.34e-14	74.3
CDF89522.1	CP097135.1	25.121	207	710	106	305	714584	715141	5.22e-13	71.6
CDF89522.1	CP097135.1	25.214	234	710	69	294	1449850	1449227	1.38e-11	67.0
CDF89522.1	CP097135.1	23.529	289	710	17	295	1396414	1397169	3.12e-11	65.9
CDF89523.1	CP097145.1	58.549	386	378	3	378	557954	556797	1.19e-151	472
CDF89524.1	CP097145.1	59.645	451	444	5	444	547972	549324	8.18e-165	513
CDF89525.1	CP097145.1	50.084	597	566	1	561	549636	551357	7.26e-163	513
CDF89526.1	CP097145.1	32.474	194	185	7	173	551635	552216	1.05e-27	107
CDF89527.1	CP097140.1	51.198	334	319	1	317	167153	166152	1.57e-106	340
CDF89528.1	CP097140.1	48.393	529	499	3	499	164465	166000	2.60e-146	462
CDF89529.1	CP097145.1	76.177	361	361	1	361	553590	552511	0.0	580
CDF89529.1	CP097146.1	43.666	371	361	1	358	549576	550667	4.94e-86	283
CDF89529.1	CP097140.1	32.578	353	361	30	361	171584	170535	7.86e-46	166
CDF89529.1	CP097134.1	28.177	362	361	22	354	91149	92204	2.51e-21	94.4
CDF89530.1	CP097144.1	42.105	95	140	52	138	747745	747461	1.91e-20	84.7
CDF89531.1	CP097144.1	60.282	355	376	7	354	749243	748191	7.91e-139	435
CDF89531.1	CP097147.1	54.494	356	376	27	373	44843	43794	1.66e-119	379
CDF89532.1	CP097144.1	52.356	382	381	13	380	749243	748134	6.18e-123	390
CDF89532.1	CP097147.1	50.838	358	381	28	379	44840	43806	1.32e-109	351
CDF89533.1	CP097144.1	57.714	350	373	10	352	749234	748197	6.40e-130	409
CDF89533.1	CP097147.1	52.707	351	373	27	371	44843	43806	6.89e-115	366
CDF89535.1	CP097146.1	53.846	286	306	37	306	198966	199823	1.64e-102	327
CDF89536.1	CP097144.1	75.862	58	58	1	58	751270	751097	2.58e-27	100
CDF89538.1	CP097144.1	34.590	743	806	41	772	754057	751847	2.91e-143	466
CDF89539.1	CP097144.1	43.400	553	552	1	552	756427	754769	2.28e-149	473
CDF89540.1	CP097144.1	40.297	1412	1415	10	1410	760981	756779	0.0	1018
CDF89541.1	CP097144.1	94.167	120	153	17	136	761937	761578	5.32e-74	238
CDF89542.1	CP097144.1	55.270	1129	1071	1	1067	65346	68630	0.0	1164
CDF89542.1	CP097144.1	55.179	1091	1071	1	1068	765517	762362	0.0	1143
CDF89542.1	CP097133.1	35.461	423	1071	359	772	470305	469055	2.26e-79	285
CDF89542.1	CP097135.1	30.561	553	1071	397	906	619444	621087	5.13e-67	246
CDF89543.1	CP097144.1	49.840	313	293	1	291	765874	766812	3.06e-89	289
CDF89544.1	CP097144.1	49.505	202	168	1	167	767067	767666	2.88e-49	168
CDF89545.1	CP097144.1	47.573	206	195	1	192	767953	768558	1.24e-50	173
CDF89546.1	CP097144.1	53.556	478	455	1	451	63015	64412	1.05e-160	501
CDF89546.1	CP097133.1	24.088	411	455	24	409	201646	202776	1.71e-23	102
CDF89547.1	CP097144.1	34.312	443	406	4	406	770010	768706	1.49e-67	231
CDF89548.1	CP097144.1	58.324	919	911	7	907	770728	773451	0.0	1068
CDF89548.1	CP097146.1	38.114	753	911	1	738	130875	133079	3.33e-142	467
CDF89548.1	CP097143.1	23.598	517	911	179	676	125445	123985	2.24e-32	135
CDF89549.1	CP097144.1	58.824	306	298	1	298	773934	774848	1.22e-119	376
CDF89549.1	CP097133.1	47.464	276	298	34	298	243936	243112	2.47e-82	269
CDF89550.1	CP097144.1	43.272	1583	1622	121	1622	61970	57312	0.0	1201
CDF89551.1	CP097144.1	44.804	433	414	2	414	776336	775038	1.36e-117	376
CDF89552.1	CP097144.1	70.093	107	208	1	107	776603	776923	8.44e-49	169
CDF89553.1	CP097144.1	41.904	1124	1141	42	1134	56940	53668	0.0	816
CDF89554.1	CP097144.1	48.974	341	369	34	369	778477	777479	1.35e-100	325
CDF89555.1	CP097144.1	69.597	273	266	1	266	53414	52596	8.12e-118	369
CDF89556.1	CP097144.1	83.408	223	224	1	223	51500	52168	2.46e-123	383
CDF89556.1	CP097144.1	72.727	220	224	5	224	779674	779015	3.92e-108	340
CDF89557.1	CP097144.1	30.218	321	325	41	325	50951	49995	1.31e-37	141
CDF89558.1	CP097144.1	71.540	383	385	3	385	782921	781773	0.0	598
CDF89559.1	CP097144.1	61.386	101	106	6	100	49532	49834	2.60e-33	119
CDF89560.1	CP097144.1	38.351	558	1126	29	567	786085	784775	1.19e-76	277
CDF89560.1	CP097144.1	40.706	425	1126	16	435	46450	47553	2.18e-68	251
CDF89560.1	CP097144.1	35.961	609	1126	539	1126	47674	49191	2.78e-67	248
CDF89560.1	CP097144.1	80.000	100	1126	989	1088	783712	783413	1.54e-48	188
CDF89561.1	CP097144.1	44.013	309	302	4	298	787464	786550	4.10e-75	248
CDF89562.1	CP097144.1	76.712	292	293	2	293	45623	44757	2.19e-151	467
CDF89563.1	CP097144.1	51.776	929	906	29	901	790599	787831	0.0	901
CDF89563.1	CP097144.1	50.423	946	906	1	904	41661	44417	0.0	890
CDF89563.1	CP097145.1	35.414	833	906	88	901	756989	754674	4.16e-143	469
CDF89564.1	CP097144.1	42.177	294	272	1	270	39774	40655	1.27e-65	220
CDF89565.1	CP097144.1	63.235	68	223	1	67	38765	38962	3.04e-16	75.9
CDF89566.1	CP097144.1	57.895	399	380	1	380	790992	792110	8.48e-124	392
CDF89567.1	CP097144.1	34.301	379	539	3	365	38252	37149	2.42e-60	215
CDF89568.1	CP097144.1	59.176	752	730	1	729	792421	794613	0.0	875
CDF89569.1	CP097144.1	63.576	604	611	5	602	794944	796752	0.0	822
CDF89570.1	CP097147.1	50.154	325	321	1	321	25606	26559	8.65e-109	346
CDF89570.1	CP097144.1	49.846	325	321	1	321	890746	889793	2.99e-107	342
CDF89570.1	CP097143.1	51.258	318	321	8	321	2831	1893	1.19e-106	340
CDF89571.1	CP097144.1	67.041	534	505	1	504	36514	34919	0.0	725
CDF89571.1	CP097136.1	52.113	355	505	142	496	80591	79671	2.14e-117	379
CDF89571.1	CP097147.1	32.000	350	505	143	486	448934	448044	2.69e-49	181
CDF89572.1	CP097144.1	42.885	1012	1140	169	1118	29489	32305	0.0	712
CDF89572.1	CP097144.1	46.602	103	1140	20	119	28949	29242	6.19e-16	82.0
CDF89572.1	CP097147.1	44.118	204	1140	602	802	190774	190235	1.74e-46	182
CDF89572.1	CP097147.1	27.500	200	1140	605	804	191455	190928	3.54e-20	96.3
CDF89573.1	CP097144.1	50.581	947	1191	24	889	803450	800703	0.0	843
CDF89573.1	CP097141.1	61.017	59	1191	92	150	270790	270966	5.31e-18	89.0
CDF89574.1	CP097144.1	41.581	291	281	2	278	804544	805401	3.22e-69	231
CDF89575.1	CP097144.1	31.648	455	543	121	543	806850	805516	2.02e-62	221
CDF89576.1	CP097144.1	51.515	495	472	1	472	808967	807486	2.07e-163	510
CDF89577.1	CP097144.1	55.203	567	592	16	574	810386	812086	0.0	649
CDF89578.1	CP097144.1	71.895	459	482	27	480	813686	812310	0.0	709
CDF89578.1	CP097144.1	43.100	471	482	27	480	27120	28484	3.46e-123	395
CDF89578.1	CP097132.1	29.310	232	482	83	292	98884	98225	2.48e-13	71.2
CDF89579.1	CP097144.1	80.723	83	85	1	83	814099	814347	1.45e-40	139
CDF89580.1	CP097144.1	54.762	84	312	232	307	26078	26329	1.28e-12	67.0
CDF89581.1	CP097144.1	47.938	970	950	4	948	817472	814605	0.0	888
CDF89582.1	CP097144.1	74.125	514	507	1	507	24476	22938	0.0	756
CDF89582.1	CP097144.1	47.854	466	507	46	502	527764	526427	1.56e-120	388
CDF89582.1	CP097135.1	45.708	466	507	46	502	309519	310856	6.97e-115	372
CDF89583.1	CP097145.1	83.103	290	285	1	285	486577	487446	1.86e-164	504
CDF89583.1	CP097139.1	31.624	234	285	58	285	267193	267882	1.16e-27	111
CDF89584.1	CP097145.1	34.234	555	474	16	445	484565	486175	2.11e-68	236
CDF89585.1	CP097140.1	36.388	371	488	113	461	77784	78779	5.38e-51	186
CDF89586.1	CP097145.1	48.218	477	482	1	441	482361	483764	1.86e-132	421
CDF89586.1	CP097145.1	37.557	442	482	1	440	507951	506821	2.78e-75	256
CDF89586.1	CP097145.1	53.521	71	482	1	71	607872	607669	5.86e-16	79.7
CDF89586.1	CP097143.1	29.877	405	482	3	388	300740	301855	2.13e-33	133
CDF89586.1	CP097144.1	28.385	384	482	8	388	667524	668540	6.61e-30	122
CDF89586.1	CP097144.1	37.748	151	482	7	135	549390	549821	3.79e-15	77.0
CDF89586.1	CP097137.1	29.442	394	482	8	385	88390	87296	3.70e-18	86.7
CDF89586.1	CP097140.1	41.818	110	482	1	108	340406	340708	5.01e-15	76.6
CDF89587.1	CP097140.1	47.140	944	918	4	915	76767	73954	0.0	867
CDF89587.1	CP097142.1	29.167	552	918	11	552	156225	157796	5.93e-55	207
CDF89587.1	CP097139.1	28.546	557	918	9	552	185515	183941	5.22e-54	204
CDF89587.1	CP097145.1	21.777	349	918	138	476	538446	539399	2.24e-14	76.6
CDF89588.1	CP097145.1	28.814	295	320	2	264	480945	481781	3.50e-21	93.2
CDF89589.1	CP097145.1	64.824	199	161	1	161	480136	479540	5.27e-67	219
CDF89589.1	CP097140.1	70.186	161	161	1	161	73706	73224	6.37e-64	210
CDF89590.1	CP097145.1	60.094	213	264	2	195	478928	478299	3.26e-67	224
CDF89590.1	CP097145.1	75.926	54	264	202	255	478079	477918	5.05e-20	88.2
CDF89591.1	CP097145.1	50.000	920	914	1	914	474363	476981	0.0	849
CDF89591.1	CP097144.1	30.114	352	914	3	352	566456	567436	1.86e-35	145
CDF89591.1	CP097143.1	26.741	359	914	4	338	200432	199422	6.85e-21	97.8
CDF89591.1	CP097147.1	23.171	410	914	4	379	235411	234245	2.15e-14	76.6
CDF89592.1	CP097140.1	58.750	240	244	1	238	72707	71997	1.82e-92	296
CDF89593.1	CP097145.1	65.556	540	523	10	523	472369	473985	0.0	736
CDF89593.1	CP097147.1	32.288	319	523	208	514	571529	570654	1.20e-41	159
CDF89593.1	CP097147.1	24.606	317	523	208	520	589316	588474	8.79e-15	76.3
CDF89593.1	CP097139.1	25.220	341	523	209	517	92795	93739	5.47e-22	99.4
CDF89593.1	CP097138.1	21.429	350	523	186	522	668915	669862	1.83e-21	97.4
CDF89593.1	CP097133.1	26.183	317	523	208	520	396116	396973	2.01e-20	94.4
CDF89593.1	CP097133.1	26.174	298	523	208	501	155879	155076	4.08e-18	87.0
CDF89593.1	CP097133.1	24.606	317	523	237	520	429856	430725	2.55e-11	65.1
CDF89594.1	CP097142.1	56.635	422	487	67	487	6592	7842	1.41e-156	491
CDF89594.1	CP097145.1	31.237	493	487	4	472	392694	391234	7.65e-59	209
CDF89594.1	CP097146.1	23.060	451	487	24	442	860535	859225	2.22e-18	87.4
CDF89594.1	CP097146.1	24.476	429	487	2	411	70651	69389	2.24e-13	71.6
CDF89596.1	CP097140.1	45.813	836	823	7	823	69378	71825	0.0	651
CDF89597.1	CP097145.1	57.221	367	366	1	362	472076	471033	1.21e-126	399
CDF89598.1	CP097140.1	88.046	527	527	1	527	67293	68873	0.0	931
CDF89598.1	CP097141.1	34.646	508	527	14	515	212685	214196	1.05e-80	274
CDF89598.1	CP097141.1	34.906	530	527	5	515	548410	549984	8.29e-76	259
CDF89598.1	CP097141.1	28.464	534	527	1	515	412048	413628	1.30e-60	215
CDF89598.1	CP097141.1	25.000	524	527	35	524	426027	424495	1.01e-37	147
CDF89598.1	CP097135.1	33.892	537	527	15	519	894047	895630	2.50e-75	258
CDF89598.1	CP097135.1	29.310	522	527	12	518	206096	207640	2.13e-56	202
CDF89598.1	CP097135.1	26.151	543	527	1	517	855031	856638	2.74e-47	176
CDF89599.1	CP097145.1	63.057	831	815	1	813	468105	470588	0.0	1072
CDF89600.1	CP097146.1	41.265	332	346	18	344	451099	452088	1.63e-77	257
CDF89601.1	CP097145.1	48.958	96	105	6	101	467326	467613	1.03e-25	98.2
CDF89602.1	CP097146.1	56.283	1130	1179	53	1172	455632	452243	0.0	1361
CDF89602.1	CP097145.1	52.702	1129	1179	47	1167	463496	466882	0.0	1238
CDF89602.1	CP097144.1	27.257	1163	1179	69	1163	123534	120121	3.61e-125	425
CDF89603.1	CP097145.1	68.286	1441	1401	1	1398	458672	462961	0.0	1910
CDF89604.1	CP097145.1	79.058	191	188	1	187	457539	458111	2.18e-102	321
CDF89604.1	CP097145.1	36.000	225	188	9	185	301611	300937	2.22e-33	124
CDF89604.1	CP097145.1	30.864	162	188	9	167	450881	451360	3.21e-15	71.6
CDF89604.1	CP097147.1	57.297	185	188	1	175	857455	858009	4.26e-62	206
CDF89604.1	CP097142.1	46.369	179	188	9	182	547866	548399	2.89e-47	163
CDF89604.1	CP097142.1	30.000	190	188	4	167	465856	465293	1.97e-16	75.1
CDF89604.1	CP097140.1	42.289	201	188	2	174	123725	124327	3.28e-47	163
CDF89604.1	CP097143.1	41.618	173	188	9	174	596128	595610	1.16e-40	144
CDF89604.1	CP097143.1	30.909	165	188	6	167	654284	653808	2.88e-16	74.7
CDF89604.1	CP097143.1	28.070	171	188	9	171	713078	712614	4.27e-14	68.6
CDF89605.1	CP097145.1	39.648	1362	1392	33	1324	453496	456966	0.0	597
CDF89606.1	CP097146.1	55.922	667	668	1	657	457081	459054	0.0	733
CDF89607.1	CP097146.1	80.569	211	211	1	211	460178	459549	4.36e-111	347
CDF89607.1	CP097146.1	34.884	172	211	2	171	651482	650991	9.42e-25	100
CDF89607.1	CP097146.1	33.735	166	211	3	167	484609	485094	1.78e-19	84.7
CDF89607.1	CP097145.1	56.938	209	211	7	211	450875	451501	5.02e-75	244
CDF89607.1	CP097145.1	32.558	172	211	1	164	457539	458048	2.13e-17	79.0
CDF89607.1	CP097145.1	31.138	167	211	3	168	441530	441042	2.16e-16	75.9
CDF89607.1	CP097145.1	33.913	115	211	39	147	61399	61734	1.46e-11	61.6
CDF89607.1	CP097142.1	50.962	208	211	8	185	465844	465221	1.88e-53	182
CDF89607.1	CP097142.1	32.500	160	211	8	164	547863	548339	3.34e-19	84.0
CDF89607.1	CP097143.1	40.113	177	211	4	178	654290	653769	3.51e-40	144
CDF89607.1	CP097143.1	34.884	172	211	2	171	713099	712608	1.58e-24	99.4
CDF89607.1	CP097143.1	28.402	169	211	7	164	596134	595634	9.01e-19	82.8
CDF89607.1	CP097136.1	42.675	157	211	8	164	211608	211147	1.34e-39	142
CDF89608.1	CP097146.1	57.363	584	561	1	561	462188	460473	0.0	642
CDF89609.1	CP097146.1	71.884	345	340	1	338	462780	463814	3.16e-158	489
CDF89610.1	CP097145.1	42.857	574	553	18	551	448660	450330	9.57e-135	431
CDF89611.1	CP097147.1	62.338	462	459	10	459	645127	646509	0.0	599
CDF89612.1	CP097147.1	39.966	1191	1106	1	1105	652193	648720	0.0	828
CDF89613.1	CP097147.1	71.856	167	176	2	168	652540	653040	9.00e-81	259
CDF89614.1	CP097133.1	90.698	258	258	1	258	405851	405078	1.52e-156	480
CDF89615.1	CP097133.1	88.889	90	98	4	93	406547	406278	3.30e-51	170
CDF89615.1	CP097147.1	89.011	91	98	1	91	653548	653276	4.68e-45	152
CDF89615.1	CP097135.1	35.955	89	98	9	96	452453	452202	7.45e-11	55.5
CDF89616.1	CP097133.1	73.196	97	105	1	96	407569	407279	8.12e-44	149
CDF89616.1	CP097139.1	40.845	71	105	14	84	99728	99519	4.44e-12	59.3
CDF89617.1	CP097133.1	60.397	755	720	1	720	412118	414376	0.0	927
CDF89618.1	CP097133.1	49.015	406	365	12	361	415717	414503	4.53e-106	340
CDF89619.1	CP097133.1	68.142	226	228	1	225	416103	416780	1.92e-101	320
CDF89620.1	CP097147.1	62.629	388	436	33	415	653842	654999	1.57e-164	511
CDF89620.1	CP097147.1	33.438	317	436	78	379	848312	847383	2.53e-42	159
CDF89620.1	CP097147.1	32.177	317	436	71	372	480184	479303	6.51e-35	137
CDF89620.1	CP097147.1	29.960	247	436	152	381	461261	460533	2.48e-31	126
CDF89620.1	CP097147.1	26.647	334	436	76	389	257512	256679	9.98e-17	81.6
CDF89620.1	CP097147.1	31.818	220	436	72	274	279861	279256	2.71e-16	80.5
CDF89620.1	CP097147.1	28.634	227	436	75	296	282306	281674	5.18e-16	79.3
CDF89620.1	CP097147.1	25.210	238	436	54	284	160673	161314	9.78e-16	78.6
CDF89620.1	CP097147.1	29.104	134	436	152	284	151325	150951	1.10e-11	65.9
CDF89620.1	CP097147.1	23.103	290	436	72	319	735716	736546	3.81e-11	63.9
CDF89620.1	CP097139.1	45.915	355	436	61	413	154537	153494	5.27e-100	326
CDF89620.1	CP097139.1	28.194	227	436	69	284	496183	496797	6.93e-22	97.8
CDF89620.1	CP097139.1	25.991	227	436	70	296	79951	79325	6.23e-16	79.3
CDF89620.1	CP097139.1	23.132	281	436	25	298	302024	302773	5.46e-15	76.3
CDF89620.1	CP097142.1	35.156	384	436	36	414	151238	150144	7.66e-69	236
CDF89620.1	CP097142.1	31.165	369	436	29	377	183899	184930	1.53e-43	162
CDF89620.1	CP097142.1	29.555	247	436	72	303	206969	207613	3.89e-17	82.8
CDF89620.1	CP097142.1	25.833	240	436	63	296	135770	135123	7.25e-17	82.0
CDF89620.1	CP097142.1	28.205	273	436	112	381	249627	250271	6.86e-12	66.6
CDF89620.1	CP097138.1	39.024	328	436	60	380	567696	568664	1.66e-68	235
CDF89620.1	CP097138.1	29.832	238	436	71	282	172372	171692	1.01e-17	84.7
CDF89620.1	CP097133.1	36.986	365	436	57	409	184393	185442	9.03e-65	224
CDF89620.1	CP097133.1	31.715	309	436	70	372	540213	541088	3.20e-39	149
CDF89620.1	CP097133.1	29.956	227	436	72	296	13579	12941	1.08e-15	78.6
CDF89620.1	CP097133.1	31.496	127	436	173	296	275310	274933	2.31e-14	74.3
CDF89620.1	CP097133.1	27.451	204	436	74	274	729318	729905	4.97e-13	70.1
CDF89621.1	CP097133.1	52.776	1459	1413	1	1409	417033	421382	0.0	1546
CDF89622.1	CP097147.1	49.423	1040	1014	1	1013	655250	658360	0.0	1023
CDF89623.1	CP097133.1	39.077	650	648	42	648	421756	423669	8.90e-121	395
CDF89624.1	CP097133.1	62.759	290	288	1	288	424775	423906	1.10e-115	364
CDF89625.1	CP097133.1	51.316	760	727	1	727	427404	425146	0.0	739
CDF89626.1	CP097133.1	55.762	538	507	1	507	427790	429394	0.0	615
CDF89627.1	CP097147.1	72.981	322	321	1	318	658700	659665	2.86e-164	505
CDF89628.1	CP097147.1	38.192	343	339	4	333	660058	661065	6.02e-63	215
CDF89629.1	CP097147.1	71.661	307	305	1	305	661326	662246	1.03e-148	460
CDF89629.1	CP097147.1	29.123	285	305	30	300	589310	588486	1.01e-23	100
CDF89629.1	CP097147.1	25.510	294	305	31	301	293373	292528	4.75e-18	83.6
CDF89629.1	CP097147.1	24.749	299	305	29	300	571526	570648	1.27e-15	76.3
CDF89629.1	CP097133.1	58.716	327	305	1	305	429748	430728	1.42e-125	394
CDF89629.1	CP097133.1	25.723	311	305	11	304	764265	763357	4.08e-13	68.6
CDF89629.1	CP097146.1	30.872	298	305	27	304	483518	482661	9.39e-34	129
CDF89629.1	CP097146.1	33.219	292	305	28	303	540072	539242	4.09e-27	110
CDF89629.1	CP097146.1	25.503	298	305	28	304	728100	728957	7.18e-23	97.8
CDF89629.1	CP097141.1	26.230	305	305	19	304	602201	603103	4.33e-23	98.2
CDF89629.1	CP097140.1	26.224	286	305	30	298	321498	322331	1.50e-18	84.7
CDF89629.1	CP097140.1	23.197	319	305	12	298	81369	82298	4.11e-15	74.7
CDF89630.1	CP097147.1	79.297	256	273	17	272	663206	662439	1.90e-134	417
CDF89631.1	CP097147.1	46.691	272	275	16	269	664375	663563	1.40e-70	234
CDF89632.1	CP097147.1	55.319	94	126	12	101	665765	665484	1.93e-30	112
CDF89633.1	CP097133.1	54.276	304	329	52	329	431873	430965	1.31e-103	332
CDF89633.1	CP097138.1	35.398	226	329	114	329	613870	613220	4.93e-38	142
CDF89634.1	CP097147.1	70.000	80	243	5	84	667292	667531	1.94e-36	135
CDF89636.1	CP097133.1	71.809	188	188	2	188	432743	433306	6.36e-93	294
CDF89637.1	CP097147.1	59.060	298	296	1	293	668788	669666	7.84e-115	362
CDF89637.1	CP097135.1	35.519	183	296	6	188	1240535	1240029	2.63e-35	133
CDF89637.1	CP097142.1	30.256	195	296	4	191	40741	41292	6.19e-24	100
CDF89637.1	CP097139.1	26.829	164	296	2	163	318770	319222	1.28e-11	63.9
CDF89638.1	CP097147.1	46.512	172	191	18	188	669885	670346	3.71e-43	152
CDF89639.1	CP097133.1	28.631	241	211	1	211	434616	433894	3.57e-29	112
CDF89641.1	CP097133.1	97.279	147	147	1	147	438435	437995	2.38e-89	282
CDF89641.1	CP097146.1	37.415	147	147	1	146	780770	781210	2.57e-26	102
CDF89641.1	CP097138.1	34.058	138	147	14	141	319837	320241	1.18e-18	80.1
CDF89642.1	CP097133.1	62.896	442	446	8	444	438963	440288	0.0	601
CDF89643.1	CP097147.1	50.107	467	438	1	428	671928	670531	1.79e-144	454
CDF89643.1	CP097138.1	38.509	322	438	125	438	148881	147964	2.62e-46	170
CDF89643.1	CP097145.1	35.540	287	438	139	422	19496	18702	7.78e-44	163
CDF89643.1	CP097145.1	31.351	185	438	192	363	566679	566137	1.51e-13	71.6
CDF89644.1	CP097147.1	88.055	293	293	1	293	673012	672134	1.49e-180	551
CDF89644.1	CP097143.1	49.158	297	293	1	290	413757	412870	4.22e-97	311
CDF89645.1	CP097147.1	43.486	568	496	4	491	673485	675155	8.95e-135	429
CDF89646.1	CP097133.1	71.749	223	227	5	226	441942	441274	5.37e-109	342
CDF89647.1	CP097133.1	85.000	440	926	41	479	445752	444457	0.0	814
CDF89648.1	CP097133.1	71.594	778	774	14	774	447434	449710	0.0	1139
CDF89648.1	CP097133.1	29.703	202	774	161	358	690656	690093	1.40e-21	99.8
CDF89648.1	CP097133.1	34.302	172	774	579	748	365092	365604	8.51e-21	97.1
CDF89648.1	CP097133.1	30.935	139	774	625	762	689657	689241	2.96e-17	85.5
CDF89648.1	CP097146.1	28.377	733	774	139	772	664605	666707	2.42e-76	269
CDF89648.1	CP097146.1	28.216	241	774	167	403	854385	855044	8.96e-21	97.1
CDF89648.1	CP097146.1	32.821	195	774	168	352	827311	826787	5.31e-20	94.7
CDF89648.1	CP097146.1	36.364	132	774	625	755	855366	855761	4.77e-19	91.3
CDF89648.1	CP097146.1	32.450	151	774	599	748	826363	825917	3.82e-17	85.1
CDF89648.1	CP097143.1	28.986	690	774	189	772	192551	194476	4.36e-71	253
CDF89648.1	CP097143.1	28.000	200	774	190	357	623550	622957	2.81e-16	82.4
CDF89648.1	CP097137.1	25.546	595	774	168	748	204957	206534	1.28e-39	157
CDF89648.1	CP097132.1	25.394	634	774	148	759	103606	105261	1.30e-37	151
CDF89649.1	CP097133.1	74.527	1374	1374	4	1366	454001	449883	0.0	2145
CDF89650.1	CP097147.1	60.096	624	615	1	614	678024	679703	0.0	709
CDF89650.1	CP097140.1	39.024	246	615	1	223	260551	259829	1.18e-43	167
CDF89651.1	CP097147.1	56.688	157	159	4	159	680323	679853	8.69e-63	206
CDF89652.1	CP097147.1	69.912	678	682	5	682	682749	680716	0.0	1012
CDF89652.1	CP097133.1	67.305	679	682	5	682	456521	454485	0.0	971
CDF89653.1	CP097147.1	35.262	363	349	9	343	684654	683680	1.27e-36	139
CDF89657.1	CP097147.1	54.360	344	365	30	353	686876	687883	8.53e-95	308
CDF89658.1	CP097147.1	94.144	444	459	1	444	688511	689839	0.0	865
CDF89658.1	CP097133.1	94.144	444	459	1	444	457754	459082	0.0	865
CDF89658.1	CP097135.1	38.688	442	459	5	437	827706	828974	6.77e-87	289
CDF89658.1	CP097142.1	30.556	468	459	7	442	597875	596541	1.21e-60	213
CDF89658.1	CP097146.1	30.155	451	459	3	442	653549	654730	1.63e-47	174
CDF89658.1	CP097146.1	25.481	208	459	7	199	439800	439177	1.19e-13	72.4
CDF89659.1	CP097133.1	37.919	298	271	4	271	459518	460402	1.55e-53	185
CDF89660.1	CP097133.1	58.750	160	156	2	156	460999	460520	1.19e-61	203
CDF89661.1	CP097133.1	81.543	661	663	1	661	463449	461467	0.0	1114
CDF89661.1	CP097147.1	54.829	642	663	17	655	691863	690043	0.0	741
CDF89662.1	CP097147.1	85.915	142	142	1	142	692573	692148	3.69e-82	261
CDF89663.1	CP097133.1	59.890	182	177	1	177	464585	464055	1.37e-67	221
CDF89664.1	CP097133.1	57.879	660	641	1	641	466773	464827	0.0	772
CDF89665.1	CP097133.1	65.403	422	410	1	409	468483	467308	0.0	558
CDF89665.1	CP097133.1	29.557	406	410	1	402	105711	106640	4.14e-46	169
CDF89665.1	CP097136.1	29.167	408	410	1	405	333878	332943	1.97e-43	161
CDF89665.1	CP097135.1	25.541	231	410	171	385	445294	445872	3.21e-13	70.5
CDF89666.1	CP097133.1	84.421	475	485	3	476	470479	469055	0.0	853
CDF89666.1	CP097144.1	35.745	470	485	20	479	66369	67745	1.46e-89	298
CDF89666.1	CP097144.1	32.462	459	485	22	468	764584	763253	2.84e-79	268
CDF89666.1	CP097135.1	33.000	400	485	97	477	619441	620625	6.29e-67	232
CDF89667.1	CP097147.1	34.483	377	422	52	364	693044	694159	3.43e-48	175
CDF89668.1	CP097133.1	91.699	518	517	1	517	472945	471395	0.0	962
CDF89668.1	CP097133.1	28.239	301	517	93	386	29427	30299	3.51e-25	108
CDF89668.1	CP097141.1	26.379	417	517	39	446	640450	641631	1.93e-30	125
CDF89668.1	CP097135.1	27.165	254	517	235	468	135243	135959	8.21e-19	89.4
CDF89669.1	CP097133.1	34.341	364	362	1	361	474239	473211	8.15e-54	189
CDF89670.1	CP097147.1	54.977	442	446	3	443	694907	696124	7.73e-145	456
CDF89671.1	CP097147.1	34.004	447	413	4	410	697706	696417	1.04e-68	234
CDF89672.1	CP097133.1	32.645	242	231	7	230	475439	474813	1.82e-28	111
CDF89673.1	CP097133.1	34.360	422	455	39	429	476966	475764	2.63e-39	150
CDF89674.1	CP097147.1	82.070	541	529	1	528	700945	699323	0.0	852
CDF89674.1	CP097135.1	29.911	224	529	109	301	1039454	1038789	9.35e-22	98.6
CDF89675.1	CP097133.1	38.610	518	548	4	446	477299	478849	4.89e-105	345
CDF89675.1	CP097133.1	40.000	110	548	454	547	479063	479392	6.22e-18	86.7
CDF89676.1	CP097133.1	71.823	543	578	20	560	481430	479802	0.0	825
CDF89676.1	CP097133.1	24.954	549	578	19	553	355615	354002	4.89e-53	194
CDF89676.1	CP097133.1	24.329	559	578	14	560	358372	356741	1.15e-42	163
CDF89676.1	CP097146.1	31.380	529	578	35	556	951926	950373	5.63e-87	294
CDF89676.1	CP097146.1	28.625	538	578	52	558	254993	256507	2.57e-52	192
CDF89676.1	CP097145.1	30.680	515	578	34	540	139780	141291	2.70e-75	260
CDF89676.1	CP097145.1	28.727	550	578	1	542	138570	136972	8.92e-70	244
CDF89676.1	CP097147.1	30.114	528	578	33	556	41740	43287	5.80e-73	253
CDF89676.1	CP097147.1	29.379	177	578	26	202	23593	24099	5.86e-37	87.0
CDF89676.1	CP097147.1	24.422	303	578	242	540	24192	25088	5.86e-37	85.5
CDF89676.1	CP097136.1	28.223	574	578	7	560	29628	27943	1.41e-71	249
CDF89677.1	CP097147.1	48.526	882	800	15	800	701252	703855	0.0	803
CDF89678.1	CP097133.1	52.280	899	866	1	866	484421	481941	0.0	884
CDF89679.1	CP097133.1	94.595	111	141	1	111	484989	485321	3.97e-71	229
CDF89680.1	CP097133.1	63.131	2376	2287	1	2287	485804	492907	0.0	3025
CDF89680.1	CP097133.1	30.607	379	2287	1949	2287	44125	43022	2.20e-45	181
CDF89680.1	CP097142.1	30.361	471	2287	1876	2287	57562	56213	6.51e-44	176
CDF89680.1	CP097141.1	31.340	418	2287	1928	2287	558005	559231	7.72e-43	172
CDF89681.1	CP097147.1	53.320	512	814	1	468	706385	704859	7.32e-175	558
CDF89682.1	CP097138.1	37.267	161	252	117	252	633669	634127	1.02e-19	87.0
CDF89683.1	CP097138.1	43.452	336	327	1	323	634308	635285	9.28e-67	226
CDF89684.1	CP097147.1	37.793	299	279	5	271	708333	707500	4.44e-46	164
CDF89685.1	CP097147.1	71.154	104	108	1	103	708555	708866	5.94e-49	164
CDF89686.1	CP097147.1	40.174	575	1126	371	887	711432	709714	8.16e-103	357
CDF89686.1	CP097147.1	34.101	217	1126	882	1098	709542	709009	1.13e-33	140
CDF89687.1	CP097147.1	49.353	1082	1014	5	1009	713336	716509	0.0	926
CDF89688.1	CP097138.1	47.596	208	189	1	187	636078	635455	1.41e-39	141
CDF89689.1	CP097147.1	54.404	193	161	1	161	717436	716858	1.96e-62	206
CDF89690.1	CP097147.1	72.857	140	140	1	140	717699	718118	8.71e-70	226
CDF89691.1	CP097138.1	63.607	621	593	28	593	639020	637161	0.0	731
CDF89692.1	CP097138.1	47.138	297	327	3	295	640344	639466	4.68e-83	273
CDF89693.1	CP097147.1	31.210	157	196	36	185	718505	718966	9.55e-18	79.3
CDF89694.1	CP097147.1	87.931	174	174	1	174	719656	719135	2.07e-103	323
CDF89694.1	CP097138.1	87.356	174	174	1	174	641205	640684	1.03e-102	322
CDF89695.1	CP097147.1	87.805	287	287	1	287	720257	721117	2.00e-179	547
CDF89695.1	CP097146.1	30.726	179	287	75	252	601032	600505	4.79e-19	85.9
CDF89695.1	CP097141.1	28.022	182	287	78	259	439845	440384	7.95e-16	76.3
CDF89696.1	CP097147.1	50.115	866	952	37	867	724251	721942	0.0	702
CDF89696.1	CP097140.1	36.975	119	952	320	426	86057	85701	1.83e-15	80.1
CDF89696.1	CP097140.1	42.683	82	952	529	605	85316	85077	1.93e-11	67.0
CDF89696.1	CP097145.1	38.525	122	952	320	426	499075	498710	2.59e-15	79.7
CDF89696.1	CP097145.1	44.048	84	952	528	606	498247	498002	1.90e-14	77.0
CDF89696.1	CP097134.1	37.795	127	952	490	600	228493	228867	1.02e-11	67.8
CDF89697.1	CP097138.1	94.585	277	366	1	277	642917	642087	3.06e-175	539
CDF89697.1	CP097147.1	79.710	276	366	1	276	538915	538088	1.29e-140	440
CDF89698.1	CP097147.1	78.365	208	210	1	208	729972	729349	7.34e-112	350
CDF89699.1	CP097147.1	72.813	423	409	3	408	730380	731648	0.0	610
CDF89700.1	CP097134.1	73.699	346	351	7	350	189726	190763	7.36e-170	523
CDF89700.1	CP097141.1	60.140	286	351	21	304	73408	72551	5.25e-117	371
CDF89700.1	CP097143.1	51.000	300	351	8	302	864434	865324	1.38e-88	290
CDF89701.1	CP097134.1	57.722	395	383	1	382	192149	190977	2.03e-148	463
CDF89702.1	CP097134.1	53.916	332	333	1	332	192428	193414	7.70e-117	370
CDF89703.1	CP097141.1	50.299	1171	1180	32	1155	68758	72162	0.0	1121
CDF89703.1	CP097135.1	36.869	198	1180	288	485	611193	610615	3.12e-32	135
CDF89703.1	CP097135.1	34.682	173	1180	859	1013	610614	610108	3.45e-22	102
CDF89703.1	CP097136.1	39.086	197	1180	289	485	448814	448230	5.93e-32	134
CDF89703.1	CP097136.1	37.107	159	1180	870	1013	448205	447741	1.28e-19	94.4
CDF89703.1	CP097144.1	35.897	156	1180	868	1014	689764	690222	5.50e-20	95.5
CDF89703.1	CP097144.1	26.238	202	1180	287	484	689221	689748	1.21e-12	71.2
CDF89703.1	CP097140.1	28.986	207	1180	285	485	33914	34495	1.23e-12	71.2
CDF89704.1	CP097134.1	59.686	955	928	1	926	196316	193557	0.0	1079
CDF89704.1	CP097141.1	58.911	937	928	1	926	65503	68127	0.0	1012
CDF89704.1	CP097145.1	40.269	668	928	316	922	645639	643657	2.44e-145	476
CDF89705.1	CP097141.1	82.763	789	789	1	788	63462	61096	0.0	1379
CDF89705.1	CP097143.1	55.200	750	789	34	781	728778	726583	0.0	831
CDF89705.1	CP097135.1	25.183	683	789	55	708	937936	939714	1.00e-34	142
CDF89705.1	CP097138.1	23.748	619	789	150	719	488366	486627	1.60e-29	125
CDF89706.1	CP097134.1	33.793	290	1413	1126	1413	197456	196761	1.61e-31	134
CDF89706.1	CP097143.1	30.137	219	1413	1123	1341	744451	743858	3.35e-21	100
CDF89706.1	CP097143.1	30.366	191	1413	1124	1313	100825	101355	7.89e-20	95.5
CDF89707.1	CP097141.1	51.540	617	601	1	597	59028	60821	0.0	572
CDF89708.1	CP097141.1	32.746	284	343	14	269	57999	58811	6.18e-34	131
CDF89709.1	CP097141.1	53.664	846	778	1	778	57800	55281	0.0	861
CDF89711.1	CP097141.1	49.893	467	558	65	514	54078	52678	2.27e-151	479
CDF89711.1	CP097140.1	43.151	438	558	75	504	87482	88774	2.84e-108	355
CDF89712.1	CP097141.1	49.775	1997	2009	6	1985	52069	46106	0.0	1882
CDF89713.1	CP097141.1	66.566	332	330	1	322	45835	44855	8.04e-147	456
CDF89714.1	CP097141.1	39.137	649	624	6	624	42690	44618	1.15e-135	437
CDF89715.1	CP097141.1	43.750	272	261	1	261	41569	42381	4.67e-68	226
CDF89717.1	CP097143.1	63.345	281	289	7	286	824866	824024	8.52e-124	388
CDF89717.1	CP097142.1	32.168	286	289	16	281	217652	218503	6.84e-33	126
CDF89717.1	CP097142.1	28.571	175	289	5	170	217946	218452	5.57e-14	70.9
CDF89717.1	CP097141.1	31.746	189	289	15	189	602546	603103	4.99e-23	97.8
CDF89717.1	CP097141.1	26.059	307	289	1	282	602192	603100	2.19e-22	95.9
CDF89717.1	CP097147.1	27.076	277	289	9	267	589322	588522	2.98e-19	86.7
CDF89717.1	CP097147.1	25.993	277	289	14	277	661419	662225	4.68e-14	71.2
CDF89717.1	CP097147.1	22.000	300	289	4	277	571550	570654	3.37e-12	65.5
CDF89717.1	CP097136.1	25.773	291	289	14	282	141019	141873	6.18e-19	85.5
CDF89717.1	CP097136.1	22.997	287	289	17	286	256150	255332	8.71e-12	64.3
CDF89719.1	CP097143.1	30.326	521	616	19	527	70519	72024	5.70e-58	210
CDF89719.1	CP097146.1	27.400	573	616	75	607	805912	804221	8.36e-54	197
CDF89719.1	CP097147.1	27.887	459	616	71	526	775487	776848	1.68e-53	197
CDF89719.1	CP097138.1	27.887	459	616	71	526	752099	750738	6.32e-53	195
CDF89719.1	CP097139.1	26.854	499	616	52	533	188926	190404	1.38e-50	188
CDF89720.1	CP097133.1	55.495	555	545	1	544	240190	238556	0.0	639
CDF89720.1	CP097133.1	22.248	436	545	16	388	569842	571086	1.81e-16	82.0
CDF89720.1	CP097133.1	25.000	264	545	31	282	303911	303144	1.32e-14	75.9
CDF89720.1	CP097139.1	28.466	541	545	13	544	188830	190365	8.82e-63	222
CDF89720.1	CP097147.1	29.264	516	545	34	542	775361	776845	1.09e-52	192
CDF89720.1	CP097143.1	26.454	533	545	21	544	70465	72024	6.00e-52	190
CDF89720.1	CP097146.1	27.969	522	545	63	543	805987	804488	1.41e-50	186
CDF89721.1	CP097136.1	49.164	299	291	1	291	530526	529630	1.02e-90	293
CDF89721.1	CP097139.1	30.201	298	291	2	290	505032	505889	2.63e-39	145
CDF89722.1	CP097133.1	55.861	546	549	4	548	240187	238550	0.0	635
CDF89722.1	CP097133.1	25.253	297	549	118	381	570205	571059	7.90e-18	86.3
CDF89722.1	CP097133.1	25.668	187	549	98	284	303695	303144	2.97e-13	71.6
CDF89722.1	CP097139.1	28.386	539	549	15	545	188830	190362	1.11e-62	222
CDF89722.1	CP097143.1	29.387	473	549	78	545	70636	72021	3.85e-59	211
CDF89722.1	CP097146.1	29.434	530	549	51	545	805996	804488	2.96e-58	209
CDF89722.1	CP097147.1	30.814	516	549	34	544	775382	776845	3.99e-56	202
CDF89726.1	CP097138.1	75.620	484	486	1	484	31219	32670	0.0	764
CDF89726.1	CP097137.1	76.446	484	486	1	484	229958	228510	0.0	763
CDF89726.1	CP097134.1	40.084	479	486	34	468	50740	52158	1.37e-83	281
CDF89726.1	CP097135.1	38.669	481	486	36	473	1460696	1459269	9.31e-82	275
CDF89727.1	CP097137.1	58.759	274	265	1	265	227414	228235	3.80e-96	307
CDF89728.1	CP097138.1	71.210	587	588	1	586	34766	33006	0.0	887
CDF89730.1	CP097138.1	47.059	255	285	5	251	39228	39911	8.52e-60	204
CDF89731.1	CP097137.1	55.738	549	540	1	539	226712	225078	0.0	579
CDF89732.1	CP097137.1	67.669	266	261	1	261	224775	223978	1.12e-124	389
CDF89733.1	CP097138.1	41.351	370	354	1	354	42935	44041	1.38e-85	281
CDF89734.1	CP097137.1	46.341	123	120	1	120	223432	223800	2.35e-32	117
CDF89735.1	CP097135.1	44.251	287	308	13	292	246302	247141	4.97e-70	234
CDF89735.1	CP097135.1	33.981	309	308	8	291	1197697	1198545	6.37e-37	139
CDF89735.1	CP097146.1	30.814	344	308	1	303	520426	521358	4.03e-32	124
CDF89735.1	CP097133.1	31.269	323	308	13	304	520228	521124	1.17e-28	114
CDF89735.1	CP097139.1	29.936	314	308	4	277	308902	309777	3.74e-27	110
CDF89735.1	CP097141.1	25.597	293	308	5	287	603613	604410	5.63e-23	98.2
CDF89737.1	CP097138.1	76.836	708	705	1	705	46305	48428	0.0	1148
CDF89737.1	CP097146.1	36.461	373	705	198	561	619415	620527	6.00e-70	248
CDF89738.1	CP097137.1	86.364	242	588	347	588	222315	223040	1.25e-139	447
CDF89738.1	CP097137.1	54.891	368	588	1	348	221055	222116	2.98e-100	333
CDF89738.1	CP097135.1	39.655	232	588	347	577	453695	454369	1.11e-46	176
CDF89738.1	CP097135.1	23.735	257	588	346	579	1019957	1019202	1.32e-15	79.3
CDF89739.1	CP097138.1	64.737	570	562	1	562	48780	50453	0.0	677
CDF89740.1	CP097138.1	50.000	382	377	6	376	50653	51783	4.17e-117	373
CDF89741.1	CP097138.1	71.598	169	185	1	166	52479	51973	2.93e-74	241
CDF89742.1	CP097138.1	46.078	1020	1016	3	1016	52730	55738	0.0	822
CDF89743.1	CP097138.1	58.400	250	251	4	251	55895	56644	1.35e-94	302
CDF89744.1	CP097138.1	73.145	957	959	1	956	56834	59704	0.0	1474
CDF89744.1	CP097135.1	24.582	419	959	17	399	1247138	1248298	1.77e-11	67.0
CDF89745.1	CP097138.1	85.897	78	279	162	239	60338	60105	2.84e-39	144
CDF89746.1	CP097137.1	27.822	381	341	1	340	219068	217986	9.33e-24	101
CDF89747.1	CP097138.1	63.553	653	685	20	664	63028	61091	0.0	847
CDF89748.1	CP097138.1	67.494	806	794	3	794	63767	66169	0.0	1100
CDF89749.1	CP097137.1	44.410	322	340	12	330	216997	217887	6.36e-75	249
CDF89749.1	CP097133.1	31.677	322	340	18	324	764202	763375	3.13e-34	132
CDF89749.1	CP097141.1	21.006	338	340	17	333	602231	603112	4.81e-15	75.1
CDF89749.1	CP097147.1	36.585	82	340	247	328	589322	589077	3.99e-12	66.2
CDF89750.1	CP097137.1	73.292	483	508	26	508	216349	214901	0.0	771
CDF89750.1	CP097133.1	29.293	396	508	109	496	745806	744664	5.01e-48	177
CDF89751.1	CP097138.1	57.174	913	888	1	887	66404	69130	0.0	1024
CDF89752.1	CP097138.1	60.902	266	283	19	279	69472	70254	8.64e-106	336
CDF89753.1	CP097138.1	55.135	185	185	4	184	70890	70336	9.77e-64	210
CDF89755.1	CP097137.1	32.189	233	241	12	235	214718	214029	6.29e-26	104
CDF89756.1	CP097137.1	59.574	188	201	12	199	213388	213951	7.84e-68	223
CDF89757.1	CP097137.1	53.191	282	298	16	296	213107	212277	6.76e-96	308
CDF89758.1	CP097137.1	57.508	626	984	1	590	209141	210997	0.0	665
CDF89758.1	CP097137.1	63.636	308	984	687	964	211070	211993	9.15e-118	397
CDF89758.1	CP097141.1	37.559	639	984	252	880	247449	249152	7.12e-107	365
CDF89758.1	CP097138.1	43.681	451	984	142	576	74058	72763	2.08e-103	355
CDF89758.1	CP097138.1	52.692	260	984	695	942	72588	71809	1.67e-75	271
CDF89758.1	CP097142.1	45.714	315	984	252	560	494682	495584	1.33e-69	253
CDF89758.1	CP097142.1	39.429	175	984	709	880	495876	496337	1.09e-28	123
CDF89759.1	CP097138.1	39.355	310	712	342	633	75519	76448	4.61e-62	224
CDF89759.1	CP097137.1	27.778	270	712	379	647	207747	206938	1.48e-28	121
CDF89760.1	CP097136.1	89.978	449	449	1	449	234038	232692	0.0	843
CDF89761.1	CP097138.1	48.550	655	870	260	870	77918	79867	0.0	580
CDF89762.1	CP097138.1	37.500	128	128	1	123	80661	81026	7.44e-20	82.4
CDF89762.1	CP097140.1	36.000	100	128	13	112	139360	139647	2.28e-14	67.0
CDF89763.1	CP097136.1	71.739	184	184	1	184	231856	232407	5.14e-95	300
CDF89764.1	CP097136.1	42.901	648	580	1	572	229378	231312	3.49e-153	486
CDF89765.1	CP097136.1	43.844	333	785	43	338	226874	227794	1.86e-55	206
CDF89765.1	CP097137.1	68.000	50	785	281	330	78891	79040	3.72e-17	85.5
CDF89765.1	CP097141.1	70.588	51	785	283	333	215934	215782	1.53e-16	83.2
CDF89765.1	CP097142.1	71.739	46	785	283	328	506781	506918	2.59e-15	79.3
CDF89766.1	CP097138.1	75.645	349	347	1	347	84894	85901	1.89e-163	504
CDF89766.1	CP097136.1	68.012	322	347	15	336	226365	225427	4.50e-140	437
CDF89767.1	CP097136.1	34.383	381	386	42	385	224914	223781	4.14e-58	203
CDF89768.1	CP097138.1	60.223	269	278	11	277	86820	86017	1.18e-109	347
CDF89768.1	CP097136.1	50.000	254	278	1	248	222806	223567	1.29e-72	240
CDF89769.1	CP097138.1	24.000	425	400	13	398	88339	87101	2.06e-32	128
CDF89770.1	CP097136.1	89.344	610	610	1	610	222101	220272	0.0	1118
CDF89770.1	CP097137.1	37.523	549	610	79	602	138611	140236	2.17e-113	372
CDF89770.1	CP097147.1	28.111	434	610	85	500	117757	118758	4.53e-44	168
CDF89770.1	CP097147.1	41.333	75	610	513	587	119122	119346	4.47e-11	64.7
CDF89770.1	CP097147.1	29.444	180	610	423	600	117829	118353	4.83e-11	64.7
CDF89770.1	CP097143.1	27.465	426	610	88	500	629435	630415	8.89e-40	155
CDF89770.1	CP097143.1	27.869	183	610	423	604	629498	630022	8.60e-14	73.6
CDF89770.1	CP097145.1	26.818	440	610	74	500	595871	596893	6.85e-36	143
CDF89770.1	CP097145.1	30.601	183	610	423	604	595976	596500	7.02e-16	80.5
CDF89772.1	CP097136.1	38.384	198	186	1	186	218748	219302	1.04e-24	99.0
CDF89773.1	CP097138.1	58.163	294	290	1	289	90275	89415	4.62e-110	348
CDF89774.1	CP097138.1	50.972	463	560	1	453	92240	90996	3.56e-127	410
CDF89775.1	CP097138.1	56.273	805	787	4	775	92886	95255	0.0	853
CDF89775.1	CP097147.1	35.417	384	787	132	456	252773	251643	9.46e-54	201
CDF89775.1	CP097147.1	40.264	303	787	132	415	798174	799028	2.32e-52	197
CDF89775.1	CP097133.1	33.426	359	787	132	458	94135	95184	2.91e-45	175
CDF89775.1	CP097142.1	32.476	311	787	132	430	287050	287955	2.51e-34	140
CDF89775.1	CP097136.1	39.227	181	787	243	421	34838	34329	1.61e-28	122
CDF89775.1	CP097136.1	31.776	107	787	131	229	35507	35193	4.42e-12	68.6
CDF89776.1	CP097138.1	38.889	342	468	114	415	96212	97150	6.09e-65	226
CDF89777.1	CP097138.1	52.927	427	422	1	421	99238	98051	2.12e-147	462
CDF89778.1	CP097138.1	30.612	343	348	10	347	99465	100364	1.28e-40	150
CDF89779.1	CP097138.1	78.437	371	370	1	370	100505	101581	0.0	593
CDF89780.1	CP097136.1	32.242	397	916	1	323	218187	217084	1.69e-29	125
CDF89781.1	CP097136.1	39.692	519	1162	27	500	212110	213483	2.27e-73	268
CDF89781.1	CP097136.1	42.000	100	1162	1026	1122	214192	214491	1.53e-11	67.8
CDF89782.1	CP097138.1	87.387	222	219	1	219	101785	102450	1.61e-128	398
CDF89782.1	CP097138.1	34.463	177	219	4	174	782596	782087	4.62e-18	80.9
CDF89782.1	CP097136.1	83.408	223	219	1	219	211647	210979	3.52e-124	385
CDF89782.1	CP097137.1	48.370	184	219	1	184	37942	37406	6.99e-50	172
CDF89782.1	CP097137.1	43.503	177	219	7	183	112691	113218	3.76e-46	162
CDF89782.1	CP097146.1	42.675	157	219	14	167	460157	459687	4.46e-39	141
CDF89782.1	CP097146.1	31.210	157	219	14	170	651464	651003	1.75e-20	88.2
CDF89782.1	CP097146.1	33.333	162	219	14	174	484624	485106	3.13e-13	67.0
CDF89782.1	CP097142.1	35.685	241	219	14	219	465844	465155	2.58e-37	136
CDF89782.1	CP097142.1	30.857	175	219	11	179	547854	548366	7.64e-15	71.6
CDF89783.1	CP097136.1	45.324	139	130	3	124	210328	210714	2.44e-11	58.2
CDF89784.1	CP097136.1	48.454	194	149	1	145	210059	209478	5.35e-44	152
CDF89785.1	CP097133.1	30.488	164	225	17	180	493246	493701	4.14e-15	72.4
CDF89786.1	CP097146.1	98.113	212	215	4	215	651479	650844	1.69e-142	437
CDF89786.1	CP097146.1	33.533	167	215	6	166	460166	459666	3.17e-24	98.6
CDF89786.1	CP097143.1	97.642	212	215	4	215	713096	712461	1.33e-141	435
CDF89786.1	CP097143.1	29.825	171	215	2	166	654299	653790	7.02e-22	92.0
CDF89786.1	CP097143.1	26.471	136	215	8	142	596134	595730	2.52e-12	63.9
CDF89786.1	CP097145.1	35.057	174	215	4	166	450857	451378	1.59e-24	99.8
CDF89786.1	CP097145.1	30.000	110	215	59	164	441368	441039	1.99e-12	64.3
CDF89786.1	CP097145.1	32.800	125	215	10	126	457563	457913	6.05e-12	62.8
CDF89786.1	CP097136.1	31.818	154	215	9	159	211608	211147	2.52e-22	93.2
CDF89786.1	CP097137.1	31.056	161	215	9	166	37918	37436	4.92e-22	92.4
CDF89786.1	CP097137.1	30.380	158	215	9	164	112712	113185	1.61e-19	85.1
CDF89787.1	CP097143.1	58.854	192	191	1	190	712057	711482	6.09e-70	228
CDF89788.1	CP097143.1	77.898	371	384	14	383	711114	710020	0.0	589
CDF89788.1	CP097142.1	29.231	195	384	178	367	489104	488553	1.18e-11	65.1
CDF89789.1	CP097143.1	59.011	283	278	1	278	709662	708832	1.09e-100	321
CDF89790.1	CP097143.1	74.846	648	643	1	643	706773	708707	0.0	1011
CDF89790.1	CP097143.1	30.337	267	643	4	243	253865	253083	1.41e-21	99.0
CDF89790.1	CP097135.1	33.158	190	643	22	199	1226981	1227544	5.16e-25	110
CDF89790.1	CP097146.1	32.979	188	643	24	199	544406	544963	1.98e-24	108
CDF89790.1	CP097146.1	28.452	239	643	47	265	653567	654262	9.75e-12	67.0
CDF89790.1	CP097145.1	40.397	151	643	35	175	331021	330572	5.00e-20	94.0
CDF89790.1	CP097141.1	35.897	117	643	41	153	236155	236490	5.12e-17	84.3
CDF89791.1	CP097143.1	58.017	474	429	1	429	706588	705167	2.18e-176	545
CDF89792.1	CP097146.1	79.494	395	395	1	395	648755	649939	0.0	671
CDF89793.1	CP097146.1	86.667	60	63	2	61	647779	647600	1.11e-23	90.1
CDF89793.1	CP097143.1	86.667	60	63	2	61	704435	704256	1.14e-23	90.1
CDF89794.1	CP097143.1	34.320	338	344	9	344	703715	702708	1.19e-58	203
CDF89795.1	CP097146.1	52.615	325	634	1	302	645339	646283	2.72e-93	314
CDF89796.1	CP097143.1	67.105	304	656	5	302	701832	700921	2.31e-136	440
CDF89796.1	CP097143.1	53.846	78	656	579	655	700422	700189	2.54e-20	95.1
CDF89797.1	CP097143.1	66.171	269	262	1	262	699098	699880	9.56e-114	357
CDF89798.1	CP097143.1	47.985	273	272	5	272	698757	697939	4.33e-90	290
CDF89798.1	CP097146.1	41.026	273	272	8	272	644555	643755	6.52e-70	232
CDF89799.1	CP097143.1	56.944	216	316	61	275	697146	697778	1.99e-67	227
CDF89800.1	CP097143.1	54.054	148	154	5	152	696677	696243	1.21e-42	149
CDF89801.1	CP097146.1	52.364	275	271	1	271	644567	643755	6.29e-94	301
CDF89801.1	CP097143.1	40.942	276	271	2	271	698757	697939	1.91e-71	236
CDF89802.1	CP097143.1	53.521	923	1196	1	838	695768	693186	0.0	904
CDF89803.1	CP097143.1	74.395	785	775	2	775	691245	688909	0.0	1212
CDF89803.1	CP097146.1	34.673	199	775	579	775	641730	641248	1.15e-26	116
CDF89804.1	CP097143.1	75.000	588	586	12	586	688545	686794	0.0	878
CDF89804.1	CP097143.1	31.387	411	586	19	420	118175	119230	3.11e-45	171
CDF89804.1	CP097139.1	32.353	408	586	15	420	214308	213262	1.87e-42	163
CDF89804.1	CP097139.1	29.710	414	586	20	423	427784	428857	9.07e-38	149
CDF89804.1	CP097147.1	28.710	411	586	18	419	319726	318644	8.40e-36	142
CDF89804.1	CP097135.1	27.184	412	586	17	420	492013	493056	1.36e-33	136
CDF89804.1	CP097135.1	24.876	402	586	19	420	177849	176827	4.86e-30	125
CDF89804.1	CP097135.1	26.540	422	586	25	421	866233	865127	3.30e-29	122
CDF89804.1	CP097135.1	27.511	458	586	19	449	956509	955361	1.14e-28	120
CDF89804.1	CP097135.1	25.229	436	586	17	447	311437	312522	6.38e-25	108
CDF89804.1	CP097135.1	31.081	222	586	19	239	400532	401149	2.20e-23	104
CDF89804.1	CP097141.1	27.751	418	586	20	425	388527	389606	1.55e-33	135
CDF89804.1	CP097141.1	26.841	421	586	2	420	165271	164189	4.75e-26	112
CDF89805.1	CP097143.1	81.905	105	110	3	107	686222	686536	5.60e-50	167
CDF89806.1	CP097143.1	79.130	805	799	1	799	683300	685624	0.0	1262
CDF89806.1	CP097147.1	33.228	632	799	143	746	585184	586917	1.06e-95	327
CDF89806.1	CP097133.1	35.702	591	799	168	714	168563	166935	2.56e-95	326
CDF89806.1	CP097133.1	35.714	574	799	168	741	606533	608116	5.22e-87	301
CDF89806.1	CP097136.1	40.185	433	799	169	599	83646	84848	1.33e-85	297
CDF89806.1	CP097138.1	36.345	498	799	269	712	127292	125835	2.31e-82	287
CDF89808.1	CP097143.1	65.680	1183	1167	1	1167	672617	669087	0.0	1534
CDF89809.1	CP097146.1	77.401	354	395	39	392	631874	632935	0.0	597
CDF89810.1	CP097146.1	59.325	622	615	2	613	631039	629183	0.0	785
CDF89811.1	CP097146.1	62.264	212	291	2	213	628100	628735	4.16e-86	280
CDF89812.1	CP097143.1	37.453	267	284	32	284	668209	668970	7.86e-47	166
CDF89813.1	CP097143.1	71.347	349	364	1	349	666597	667643	7.11e-174	535
CDF89813.1	CP097146.1	58.671	346	364	10	354	626650	627687	4.91e-143	446
CDF89815.1	CP097143.1	68.958	480	833	2	479	398479	399918	0.0	713
CDF89816.1	CP097143.1	30.171	759	754	11	742	663068	661044	2.24e-102	345
CDF89816.1	CP097146.1	29.461	723	754	3	701	623617	625629	5.67e-92	315
CDF89816.1	CP097146.1	28.011	714	754	10	698	611226	609223	2.21e-79	277
CDF89816.1	CP097142.1	25.921	733	754	2	706	5921	3975	1.68e-50	191
CDF89817.1	CP097139.1	78.679	530	530	1	530	105553	103964	0.0	875
CDF89817.1	CP097144.1	26.761	213	530	289	494	284613	284032	1.18e-12	69.7
CDF89818.1	CP097135.1	33.678	1063	1395	347	1313	1374021	1377011	3.33e-130	446
CDF89819.1	CP097135.1	43.693	547	507	1	504	1370708	1372255	1.86e-120	388
CDF89819.1	CP097135.1	44.444	63	507	198	260	372947	372759	2.71e-12	68.2
CDF89819.1	CP097139.1	36.735	490	507	53	504	101900	103297	2.15e-83	281
CDF89819.1	CP097143.1	38.298	94	507	179	257	869467	869748	1.01e-13	72.8
CDF89820.1	CP097144.1	49.765	426	399	9	394	187101	185836	1.56e-126	401
CDF89821.1	CP097135.1	66.406	128	158	30	157	1370022	1370405	4.25e-57	190
CDF89822.1	CP097144.1	29.947	374	349	7	348	188445	187417	1.38e-19	89.0
CDF89823.1	CP097144.1	46.104	154	142	1	142	188664	189125	3.57e-43	149
CDF89824.1	CP097135.1	77.500	320	319	1	316	1367730	1368689	1.25e-165	509
CDF89825.1	CP097144.1	71.040	808	768	3	768	191882	189459	0.0	1157
CDF89825.1	CP097133.1	31.156	597	768	252	756	751548	753296	4.49e-64	232
CDF89825.1	CP097141.1	31.194	561	768	248	719	314450	312783	3.78e-59	217
CDF89826.1	CP097144.1	42.127	489	793	333	793	193747	195171	3.81e-113	378
CDF89826.1	CP097135.1	33.188	458	793	335	777	1365179	1363950	2.07e-63	231
CDF89827.1	CP097135.1	57.793	3317	3279	1	3279	1353676	1363479	0.0	3776
CDF89827.1	CP097136.1	44.094	381	3279	2900	3277	408023	409144	9.66e-88	322
CDF89827.1	CP097141.1	35.079	382	3279	2924	3278	494701	493595	6.77e-44	176
CDF89827.1	CP097138.1	34.167	360	3279	2926	3272	253376	254416	3.95e-41	167
CDF89827.1	CP097142.1	28.431	408	3279	2919	3276	422719	421577	1.74e-24	112
CDF89828.1	CP097144.1	55.957	470	423	1	422	196937	195543	3.18e-153	479
CDF89829.1	CP097144.1	43.032	653	609	11	606	197247	199151	3.46e-152	484
CDF89830.1	CP097135.1	73.206	627	628	1	622	1351374	1353227	0.0	887
CDF89831.1	CP097135.1	77.717	184	184	1	183	1350712	1350161	5.84e-93	294
CDF89832.1	CP097144.1	66.026	156	160	1	156	199460	199927	4.18e-57	190
CDF89833.1	CP097144.1	83.163	196	196	1	196	203163	203750	5.38e-113	352
CDF89833.1	CP097135.1	81.026	195	196	1	195	1349547	1348963	8.99e-111	346
CDF89833.1	CP097133.1	29.101	189	196	4	182	92955	92404	1.51e-17	78.6
CDF89834.1	CP097135.1	52.187	686	657	1	657	1346766	1348784	0.0	663
CDF89835.1	CP097144.1	46.277	376	380	18	378	204479	205579	4.78e-79	263
CDF89835.1	CP097135.1	49.180	244	380	8	235	1346048	1345362	2.75e-47	171
CDF89836.1	CP097144.1	90.909	132	146	15	146	206410	206015	3.09e-79	253
CDF89836.1	CP097135.1	92.308	130	146	17	146	1344291	1344680	5.27e-79	252
CDF89837.1	CP097144.1	67.611	247	259	17	257	208204	207464	1.89e-112	353
CDF89838.1	CP097135.1	67.198	439	435	3	435	1342783	1341467	0.0	620
CDF89839.1	CP097135.1	77.701	435	435	1	435	1339945	1341246	0.0	723
CDF89840.1	CP097135.1	92.537	134	136	2	135	1339116	1338715	7.24e-80	254
CDF89840.1	CP097144.1	91.111	135	136	2	136	209314	209718	7.90e-80	254
CDF89841.1	CP097135.1	34.559	136	269	140	269	1338103	1338510	1.65e-18	84.0
CDF89842.1	CP097135.1	41.873	566	576	16	569	153601	151919	1.41e-135	434
CDF89842.1	CP097135.1	27.578	446	576	135	556	145918	147195	1.70e-34	138
CDF89842.1	CP097136.1	26.386	451	576	142	565	12797	14098	1.19e-28	120
CDF89842.1	CP097145.1	26.386	451	576	142	565	773897	772596	1.20e-28	120
CDF89843.1	CP097135.1	53.666	641	689	50	679	1334561	1336438	0.0	699
CDF89843.1	CP097135.1	31.517	679	689	23	678	273268	271484	5.50e-81	280
CDF89843.1	CP097138.1	31.818	660	689	52	678	247835	246126	8.23e-83	285
CDF89844.1	CP097144.1	70.919	533	558	23	551	271162	272748	0.0	740
CDF89844.1	CP097144.1	22.708	480	558	121	532	20178	18823	7.77e-13	70.5
CDF89844.1	CP097137.1	74.127	487	558	59	545	94829	96286	0.0	704
CDF89844.1	CP097143.1	61.194	536	558	28	553	270333	271922	0.0	682
CDF89844.1	CP097135.1	62.500	536	558	23	553	1150937	1149339	0.0	678
CDF89844.1	CP097135.1	62.313	536	558	23	553	1145545	1143947	0.0	676
CDF89844.1	CP097135.1	59.964	552	558	2	553	1154334	1152688	0.0	650
CDF89844.1	CP097135.1	53.953	506	558	44	549	13443	11926	0.0	600
CDF89844.1	CP097135.1	32.540	504	558	67	551	219717	221174	2.09e-73	254
CDF89844.1	CP097135.1	30.572	507	558	63	553	118027	119487	2.72e-71	248
CDF89844.1	CP097135.1	28.487	509	558	49	537	1492486	1493931	1.82e-52	192
CDF89844.1	CP097135.1	27.568	584	558	10	554	1429265	1427646	1.24e-43	166
CDF89844.1	CP097135.1	24.908	546	558	50	529	1233512	1231950	3.48e-32	131
CDF89844.1	CP097135.1	21.835	545	558	10	541	6346	7917	2.15e-18	88.2
CDF89844.1	CP097139.1	62.936	545	558	10	551	281848	280226	0.0	662
CDF89844.1	CP097139.1	61.495	535	558	23	553	274233	272632	0.0	642
CDF89844.1	CP097139.1	64.242	495	558	59	553	277945	276464	0.0	634
CDF89845.1	CP097140.1	75.000	160	161	1	160	400837	401316	2.56e-80	257
CDF89845.1	CP097133.1	71.069	159	161	2	160	687215	687691	1.86e-75	243
CDF89845.1	CP097142.1	56.250	160	161	1	160	390010	389531	1.25e-56	189
CDF89846.1	CP097135.1	50.106	1413	1361	1	1359	1334155	1329959	0.0	1335
CDF89847.1	CP097144.1	46.520	546	534	5	531	211669	210053	1.27e-139	444
CDF89848.1	CP097144.1	82.258	186	187	1	186	211960	212517	4.58e-91	289
CDF89848.1	CP097135.1	59.669	181	187	1	180	1329278	1328736	2.02e-67	221
CDF89849.1	CP097135.1	48.454	582	570	9	570	1326775	1328457	2.91e-170	534
CDF89850.1	CP097144.1	63.099	355	339	10	338	213821	212772	8.86e-138	430
CDF89851.1	CP097144.1	53.071	635	659	85	659	214286	216163	0.0	626
CDF89852.1	CP097135.1	34.500	200	237	1	167	1323900	1324472	7.88e-19	84.0
CDF89853.1	CP097144.1	41.667	564	483	1	473	220024	221607	5.99e-106	345
CDF89854.1	CP097135.1	47.407	135	138	5	138	1321579	1321977	1.83e-39	139
CDF89855.1	CP097144.1	61.351	696	711	28	707	224477	222516	0.0	734
CDF89855.1	CP097144.1	35.235	298	711	415	675	155168	156061	2.43e-55	204
CDF89855.1	CP097135.1	57.902	734	711	1	705	1319045	1321174	0.0	718
CDF89855.1	CP097135.1	43.214	280	711	415	691	375823	376659	3.42e-68	243
CDF89855.1	CP097135.1	40.134	299	711	386	683	130969	130079	7.26e-66	236
CDF89855.1	CP097135.1	42.105	285	711	391	674	622273	623097	1.26e-65	235
CDF89855.1	CP097135.1	40.625	288	711	386	672	226650	225793	1.71e-65	235
CDF89855.1	CP097147.1	62.416	298	711	391	683	203135	204028	1.40e-125	411
CDF89855.1	CP097136.1	68.033	244	711	448	691	429398	430129	7.50e-109	362
CDF89855.1	CP097145.1	36.177	293	711	391	670	680619	681470	7.34e-58	212
CDF89856.1	CP097135.1	57.229	332	331	1	325	1318193	1317210	5.10e-115	364
CDF89856.1	CP097146.1	25.185	270	331	71	321	31121	31924	3.14e-15	75.5
CDF89857.1	CP097144.1	52.575	369	351	1	351	226043	225006	6.25e-114	362
CDF89858.1	CP097135.1	63.077	520	519	1	504	1315461	1317014	0.0	676
CDF89859.1	CP097144.1	60.584	274	268	2	267	226254	227075	6.94e-108	341
CDF89860.1	CP097144.1	38.372	602	615	1	589	227163	228875	6.49e-120	391
CDF89860.1	CP097135.1	22.754	334	615	258	591	300202	299417	1.21e-11	66.6
CDF89861.1	CP097135.1	86.335	161	409	120	280	1313359	1313841	1.10e-88	292
CDF89862.1	CP097135.1	65.253	990	986	1	986	1312692	1309726	0.0	1363
CDF89862.1	CP097146.1	26.087	230	986	37	259	104321	103668	1.29e-13	74.3
CDF89863.1	CP097144.1	76.098	205	211	7	211	229149	229763	9.36e-107	335
CDF89864.1	CP097144.1	55.294	170	176	6	175	230425	229916	2.37e-61	203
CDF89865.1	CP097144.1	69.942	1028	1006	39	1005	230948	233878	0.0	1328
CDF89866.1	CP097144.1	80.000	70	70	1	70	234529	234320	1.03e-33	119
CDF89867.1	CP097135.1	64.855	276	273	1	273	1309523	1308702	1.54e-120	377
CDF89868.1	CP097135.1	42.000	250	240	3	237	1308431	1307682	3.19e-61	206
CDF89869.1	CP097135.1	66.162	396	396	1	396	1306427	1307605	2.44e-175	541
CDF89870.1	CP097135.1	37.758	678	640	6	636	1304347	1306155	6.92e-122	397
CDF89870.1	CP097135.1	28.338	367	640	97	431	264091	263018	2.41e-32	133
CDF89871.1	CP097135.1	73.684	76	91	16	91	1303843	1303616	2.13e-36	127
CDF89872.1	CP097138.1	34.748	377	473	22	375	93234	94316	4.77e-50	182
CDF89872.1	CP097133.1	33.732	418	473	5	385	93988	95181	4.91e-47	174
CDF89872.1	CP097147.1	35.792	366	473	15	344	798018	799040	5.49e-39	150
CDF89872.1	CP097147.1	31.719	413	473	51	395	252776	251586	6.44e-36	140
CDF89872.1	CP097136.1	39.252	214	473	178	384	34820	34221	3.06e-29	120
CDF89872.1	CP097136.1	34.146	123	473	49	163	35513	35181	9.02e-15	75.9
CDF89872.1	CP097142.1	27.083	336	473	39	351	286999	287943	1.48e-23	103
CDF89873.1	CP097134.1	28.244	524	585	52	574	297679	296189	1.08e-65	232
CDF89874.1	CP097144.1	77.869	366	377	9	374	236000	234903	0.0	606
CDF89875.1	CP097133.1	45.933	209	183	1	180	362098	362718	1.71e-50	172
CDF89877.1	CP097144.1	40.874	389	547	1	355	236867	237919	4.05e-60	214
CDF89877.1	CP097144.1	42.632	190	547	390	547	238268	238834	2.98e-34	137
CDF89877.1	CP097135.1	54.348	92	547	32	123	1303417	1303142	7.78e-22	99.0
CDF89878.1	CP097135.1	48.711	388	776	402	771	1300652	1299579	7.73e-104	350
CDF89878.1	CP097135.1	29.514	288	776	43	267	1301912	1301121	1.12e-15	80.5
CDF89879.1	CP097144.1	54.762	168	527	1	163	241451	240969	1.13e-52	192
CDF89879.1	CP097144.1	47.619	168	527	249	413	240224	239748	1.23e-35	141
CDF89880.1	CP097135.1	44.685	922	878	4	864	1296269	1299010	0.0	753
CDF89881.1	CP097135.1	30.055	722	2457	1686	2362	1294018	1295877	1.43e-71	267
CDF89881.1	CP097138.1	34.804	204	2457	1732	1934	529830	530303	5.86e-30	130
CDF89882.1	CP097135.1	50.872	631	600	1	600	1286938	1288827	0.0	654
CDF89883.1	CP097136.1	91.515	165	165	1	165	49446	48952	5.94e-99	310
CDF89883.1	CP097135.1	91.515	165	165	1	165	1285380	1285874	5.94e-99	310
CDF89884.1	CP097136.1	47.383	745	767	29	759	52276	50138	0.0	641
CDF89885.1	CP097136.1	64.000	500	495	8	493	52823	54316	0.0	660
CDF89886.1	CP097135.1	40.462	823	812	10	793	1282253	1284703	0.0	611
CDF89887.1	CP097136.1	82.900	269	269	1	269	54606	55373	1.13e-141	438
CDF89888.1	CP097135.1	58.065	372	369	1	363	1281925	1280813	3.04e-148	462
CDF89889.1	CP097136.1	76.045	359	378	20	377	56981	55905	0.0	580
CDF89889.1	CP097140.1	30.804	224	378	136	345	295154	295750	1.29e-14	74.3
CDF89889.1	CP097137.1	30.357	224	378	136	345	196099	195503	1.72e-14	73.9
CDF89890.1	CP097135.1	38.000	350	349	15	345	1280438	1279389	1.87e-79	263
CDF89891.1	CP097135.1	52.653	245	227	4	227	1278469	1279161	1.69e-65	218
CDF89892.1	CP097135.1	40.994	322	310	2	309	1278122	1277163	7.99e-78	256
CDF89893.1	CP097144.1	61.035	657	658	10	658	181635	183599	0.0	846
CDF89893.1	CP097132.1	25.081	618	658	62	612	171566	173398	8.24e-44	168
CDF89894.1	CP097144.1	51.943	283	251	1	251	184557	183718	4.36e-85	275
CDF89895.1	CP097135.1	52.863	227	234	7	233	1276819	1276139	1.35e-78	255
CDF89896.1	CP097135.1	48.800	500	835	14	495	1273236	1274666	7.43e-146	475
CDF89896.1	CP097146.1	44.567	543	835	1	533	599842	598310	4.82e-138	452
CDF89897.1	CP097135.1	70.000	210	212	1	209	1272623	1271994	2.23e-95	302
CDF89898.1	CP097146.1	85.441	261	261	1	261	601116	600334	8.11e-158	484
CDF89898.1	CP097141.1	28.977	176	261	33	207	439848	440372	8.28e-20	87.4
CDF89898.1	CP097147.1	29.609	179	261	29	204	720479	721012	1.39e-17	80.9
CDF89899.1	CP097135.1	48.739	1309	1260	1	1260	1271702	1267836	0.0	1244
CDF89900.1	CP097146.1	45.638	298	304	1	288	601528	602421	4.46e-84	274
CDF89901.1	CP097146.1	71.591	88	93	5	92	602912	602649	3.36e-38	133
CDF89902.1	CP097146.1	61.871	973	966	1	965	603203	606115	0.0	1264
CDF89903.1	CP097146.1	53.968	504	530	31	530	607812	606307	0.0	582
CDF89904.1	CP097146.1	68.456	447	443	1	441	597339	595999	0.0	627
CDF89905.1	CP097135.1	65.157	1501	1485	6	1484	1263073	1267560	0.0	2107
CDF89905.1	CP097135.1	39.075	1492	1485	8	1471	471161	475501	0.0	1061
CDF89905.1	CP097135.1	21.988	664	1485	852	1476	471575	473461	1.29e-25	114
CDF89905.1	CP097146.1	65.903	1484	1485	6	1481	589286	593725	0.0	2097
CDF89905.1	CP097146.1	62.435	1536	1485	2	1472	901218	905813	0.0	2002
CDF89905.1	CP097146.1	31.345	1375	1485	151	1480	318364	322329	0.0	657
CDF89905.1	CP097146.1	30.973	339	1485	853	1182	159946	158993	2.97e-34	143
CDF89905.1	CP097146.1	25.135	557	1485	153	682	161896	160343	3.00e-33	139
CDF89905.1	CP097146.1	24.910	558	1485	839	1354	161977	160397	1.04e-32	137
CDF89905.1	CP097146.1	21.716	571	1485	141	684	159937	158375	3.53e-19	93.6
CDF89905.1	CP097147.1	38.147	1392	1485	90	1471	437318	433236	0.0	958
CDF89905.1	CP097145.1	38.654	1040	1485	456	1480	761042	764065	0.0	754
CDF89905.1	CP097145.1	41.555	373	1485	94	462	759955	761049	0.0	271
CDF89905.1	CP097145.1	23.161	639	1485	141	751	762203	763984	7.10e-22	102
CDF89905.1	CP097140.1	35.095	681	1485	827	1473	307480	305552	1.12e-108	382
CDF89905.1	CP097140.1	35.206	267	1485	508	773	308487	307693	1.03e-70	154
CDF89905.1	CP097140.1	29.189	370	1485	151	508	309524	308484	1.03e-70	132
CDF89906.1	CP097146.1	70.592	1486	1498	14	1493	589271	593722	0.0	2198
CDF89906.1	CP097146.1	63.134	1538	1498	10	1485	901200	905813	0.0	2017
CDF89906.1	CP097146.1	30.853	1384	1498	166	1486	318364	322308	0.0	639
CDF89906.1	CP097146.1	25.302	992	1498	168	1121	161896	159173	2.10e-65	245
CDF89906.1	CP097146.1	27.544	570	1498	852	1367	161977	160397	1.74e-33	140
CDF89906.1	CP097146.1	24.275	552	1498	153	687	159946	158411	5.89e-26	115
CDF89906.1	CP097135.1	68.568	1508	1498	5	1488	1263055	1267533	0.0	2195
CDF89906.1	CP097135.1	40.903	1396	1498	110	1494	471452	475528	0.0	1086
CDF89906.1	CP097147.1	38.865	1392	1498	105	1484	437318	433236	0.0	1017
CDF89906.1	CP097145.1	38.476	1037	1498	471	1496	761030	764074	0.0	747
CDF89906.1	CP097145.1	42.486	346	1498	134	476	760039	761046	0.0	276
CDF89906.1	CP097145.1	24.885	651	1498	156	766	762203	763984	4.19e-29	126
CDF89906.1	CP097140.1	34.249	692	1498	829	1486	307516	305552	3.47e-109	384
CDF89906.1	CP097140.1	28.571	378	1498	168	523	309518	308484	1.41e-66	139
CDF89906.1	CP097140.1	33.871	248	1498	523	769	308487	307750	1.41e-66	134
CDF89906.1	CP097140.1	23.077	663	1498	156	766	307405	305600	1.26e-19	94.7
CDF89907.1	CP097135.1	69.444	1440	1460	24	1459	1263232	1267551	0.0	2153
CDF89907.1	CP097135.1	39.519	1455	1460	5	1449	471257	475501	0.0	1058
CDF89907.1	CP097146.1	70.069	1440	1460	24	1459	589421	593725	0.0	2149
CDF89907.1	CP097146.1	65.058	1471	1460	24	1450	901404	905813	0.0	2019
CDF89907.1	CP097146.1	31.044	1398	1460	127	1456	318364	322332	0.0	626
CDF89907.1	CP097146.1	25.365	548	1460	804	1322	160015	158465	2.24e-34	143
CDF89907.1	CP097146.1	26.766	538	1460	846	1332	161896	160397	2.25e-33	140
CDF89907.1	CP097146.1	25.487	565	1460	121	658	161914	160343	1.33e-30	130
CDF89907.1	CP097146.1	25.434	346	1460	112	449	159952	158984	4.22e-22	103
CDF89907.1	CP097147.1	38.054	1398	1460	66	1449	437318	433236	0.0	972
CDF89907.1	CP097145.1	38.851	1027	1460	432	1449	761030	764026	0.0	743
CDF89907.1	CP097145.1	43.391	348	1460	92	436	760030	761055	0.0	281
CDF89907.1	CP097145.1	24.000	650	1460	51	666	762071	763762	1.88e-26	117
CDF89907.1	CP097140.1	34.339	696	1460	793	1451	307516	305552	1.42e-110	387
CDF89907.1	CP097140.1	26.455	378	1460	127	484	309524	308484	2.87e-61	132
CDF89907.1	CP097140.1	32.035	231	1460	499	728	308448	307756	2.87e-61	123
CDF89907.1	CP097140.1	22.886	686	1460	82	730	307477	305591	1.38e-19	94.7
CDF89908.1	CP097146.1	27.376	263	236	1	235	587640	586879	3.98e-21	90.5
CDF89909.1	CP097135.1	54.936	233	254	20	251	1261494	1262183	6.57e-84	271
CDF89910.1	CP097146.1	94.836	1220	1223	4	1223	586011	582352	0.0	2445
CDF89910.1	CP097146.1	37.126	1204	1223	25	1215	703071	699766	0.0	756
CDF89910.1	CP097147.1	27.976	1151	1223	78	1166	568503	565435	1.27e-106	370
CDF89911.1	CP097146.1	80.556	144	155	1	144	581350	581781	6.55e-78	249
CDF89912.1	CP097135.1	94.152	171	171	1	171	1260934	1260422	1.45e-107	335
CDF89912.1	CP097142.1	38.158	76	171	46	121	176891	176673	4.05e-12	62.0
CDF89913.1	CP097135.1	64.343	502	527	22	522	1258447	1259952	0.0	714
CDF89914.1	CP097135.1	68.710	473	491	16	488	1257418	1256009	0.0	702
CDF89915.1	CP097135.1	60.417	336	336	2	335	1254835	1255839	3.27e-128	402
CDF89916.1	CP097135.1	80.282	213	214	2	214	1253834	1254472	1.03e-107	338
CDF89916.1	CP097141.1	54.502	211	214	5	210	665690	666301	5.08e-60	201
CDF89917.1	CP097135.1	48.239	568	603	18	541	1251222	1252904	8.81e-155	491
CDF89918.1	CP097135.1	82.400	125	155	13	137	1250530	1250156	8.96e-56	186
CDF89919.1	CP097135.1	62.553	948	945	1	945	1247084	1249915	0.0	1242
CDF89919.1	CP097141.1	26.548	953	945	3	874	662210	665026	4.15e-78	278
CDF89919.1	CP097138.1	21.687	415	945	1	392	56834	57988	6.24e-12	68.6
CDF89920.1	CP097146.1	41.569	510	500	8	485	580703	579201	8.46e-112	363
CDF89921.1	CP097135.1	91.142	429	427	1	427	1245441	1246724	0.0	785
CDF89921.1	CP097135.1	48.276	261	427	48	306	443337	444119	2.18e-90	259
CDF89921.1	CP097135.1	48.039	102	427	310	409	444128	444424	2.18e-90	90.9
CDF89921.1	CP097135.1	45.679	243	427	167	408	244040	243336	2.75e-54	193
CDF89921.1	CP097135.1	43.966	232	427	164	395	243230	242538	3.33e-49	178
CDF89921.1	CP097135.1	31.677	161	427	180	337	1209597	1209148	2.55e-14	73.9
CDF89921.1	CP097146.1	43.353	346	427	72	415	783191	782157	7.57e-85	282
CDF89921.1	CP097146.1	36.761	389	427	49	411	514437	515600	2.12e-78	263
CDF89921.1	CP097138.1	42.818	362	427	50	409	421121	420087	1.92e-84	281
CDF89921.1	CP097138.1	39.184	245	427	167	405	1003421	1004143	1.06e-43	162
CDF89921.1	CP097138.1	35.656	244	427	158	395	546257	546967	7.83e-32	127
CDF89921.1	CP097142.1	49.645	282	427	130	409	175253	176089	8.47e-81	270
CDF89921.1	CP097142.1	34.818	247	427	163	396	72061	71345	5.10e-36	140
CDF89921.1	CP097143.1	39.615	260	427	161	410	57047	56280	2.50e-52	187
CDF89921.1	CP097143.1	43.220	236	427	168	397	911226	910534	1.37e-50	182
CDF89921.1	CP097143.1	38.163	283	427	115	394	910554	909742	5.66e-49	178
CDF89921.1	CP097143.1	34.979	243	427	159	396	58037	57321	5.24e-36	139
CDF89922.1	CP097135.1	62.457	293	504	77	369	1243856	1244734	2.00e-114	370
CDF89923.1	CP097146.1	42.708	96	200	109	196	578305	578036	2.41e-12	63.5
CDF89924.1	CP097146.1	38.605	645	589	4	589	576015	577832	3.90e-116	379
CDF89924.1	CP097139.1	26.182	550	589	74	589	474476	475993	4.83e-54	197
CDF89925.1	CP097146.1	77.372	274	269	1	269	575533	574712	5.18e-130	404
CDF89926.1	CP097146.1	32.165	799	734	1	734	574455	572113	7.64e-100	337
CDF89927.1	CP097135.1	77.679	336	328	1	328	1242459	1243466	3.92e-167	514
CDF89928.1	CP097146.1	53.292	319	312	1	312	571705	570749	1.24e-112	357
CDF89929.1	CP097146.1	79.939	329	325	1	325	562371	563357	8.79e-175	536
CDF89930.1	CP097146.1	57.175	899	884	1	884	561900	559258	0.0	985
CDF89931.1	CP097146.1	54.730	148	724	57	173	556466	556909	1.99e-44	171
CDF89931.1	CP097138.1	38.168	131	724	59	185	962875	963255	1.69e-16	82.8
CDF89931.1	CP097138.1	40.310	129	724	63	188	382239	382589	2.09e-14	76.3
CDF89931.1	CP097139.1	37.903	124	724	50	172	498555	498890	2.49e-16	82.4
CDF89932.1	CP097146.1	38.254	630	550	6	544	555611	553734	2.69e-115	375
CDF89933.1	CP097146.1	34.876	605	498	4	480	552956	551142	2.38e-106	347
CDF89933.1	CP097143.1	28.395	324	498	215	478	845440	844481	5.32e-21	95.9
CDF89934.1	CP097146.1	78.049	369	368	1	368	549561	550667	0.0	604
CDF89934.1	CP097145.1	40.872	367	368	8	368	553596	552520	2.31e-82	272
CDF89934.1	CP097140.1	34.343	396	368	1	368	171656	170544	1.55e-49	177
CDF89934.1	CP097134.1	30.194	361	368	37	368	91155	92216	1.06e-26	110
CDF89935.1	CP097135.1	65.203	592	625	1	583	1240607	1238838	0.0	780
CDF89935.1	CP097142.1	27.754	472	625	8	392	40696	42093	2.49e-36	145
CDF89935.1	CP097147.1	36.458	192	625	23	201	668797	669363	1.37e-30	127
CDF89937.1	CP097135.1	63.710	496	482	1	482	1233946	1235391	0.0	597
CDF89937.1	CP097139.1	45.070	71	482	409	479	121310	121119	1.31e-13	72.4
CDF89937.1	CP097137.1	42.029	69	482	411	479	177518	177327	4.74e-12	67.4
CDF89937.1	CP097134.1	26.122	245	482	1	241	131355	130678	8.17e-12	66.6
CDF89938.1	CP097135.1	58.333	552	534	14	534	1233572	1231917	0.0	659
CDF89938.1	CP097135.1	31.288	489	534	56	526	1429091	1427712	1.02e-72	251
CDF89938.1	CP097135.1	28.337	487	534	58	520	118051	119403	2.10e-40	155
CDF89938.1	CP097135.1	29.051	506	534	41	521	219666	221087	1.45e-39	153
CDF89938.1	CP097135.1	26.253	499	534	59	524	1145389	1144016	4.43e-31	127
CDF89938.1	CP097135.1	24.291	494	534	62	523	1492543	1493907	1.97e-30	125
CDF89938.1	CP097135.1	26.052	499	534	59	524	1150781	1149408	6.60e-30	124
CDF89938.1	CP097135.1	24.071	565	534	6	524	1154331	1152757	3.53e-28	118
CDF89938.1	CP097135.1	24.219	512	534	41	525	13380	11980	2.70e-27	115
CDF89938.1	CP097135.1	24.444	405	534	62	448	109114	108023	8.67e-13	70.1
CDF89938.1	CP097146.1	30.675	489	534	56	526	92869	94248	6.05e-71	246
CDF89938.1	CP097143.1	25.219	571	534	4	524	270258	271853	1.14e-37	147
CDF89938.1	CP097133.1	28.074	431	534	87	512	683492	682299	1.31e-33	135
CDF89938.1	CP097145.1	25.502	498	534	57	521	40624	39212	2.11e-30	125
CDF89938.1	CP097145.1	24.219	512	534	41	525	767431	768831	8.07e-29	120
CDF89939.1	CP097135.1	55.781	640	622	1	622	1229844	1231739	0.0	689
CDF89940.1	CP097146.1	91.330	842	842	1	842	544409	546934	0.0	1622
CDF89940.1	CP097135.1	91.330	842	842	1	842	1226990	1229515	0.0	1622
CDF89940.1	CP097142.1	26.711	906	842	4	828	123173	125749	8.03e-88	305
CDF89940.1	CP097145.1	38.765	405	842	19	386	330994	329807	4.77e-72	258
CDF89940.1	CP097145.1	30.019	513	842	356	809	329410	327881	2.26e-62	228
CDF89940.1	CP097143.1	33.889	180	842	8	185	706869	707375	3.86e-24	108
CDF89940.1	CP097143.1	24.331	411	842	397	802	252770	251724	1.76e-21	99.8
CDF89940.1	CP097143.1	37.419	155	842	13	162	253754	253326	4.97e-19	91.7
CDF89941.1	CP097146.1	52.686	484	521	37	520	542796	544136	1.35e-170	533
CDF89942.1	CP097141.1	45.053	657	654	3	629	261456	259510	3.86e-168	532
CDF89944.1	CP097135.1	55.849	265	276	12	274	1225747	1224971	2.77e-80	262
CDF89944.1	CP097145.1	32.624	282	276	1	274	628465	627635	1.11e-43	157
CDF89944.1	CP097134.1	35.897	234	276	42	275	132787	132101	6.11e-38	140
CDF89945.1	CP097135.1	27.778	198	174	3	166	1224425	1223832	6.80e-17	75.9
CDF89946.1	CP097135.1	67.273	110	109	1	109	1223253	1223582	5.34e-29	107
CDF89946.1	CP097146.1	53.125	96	109	14	109	222931	223209	2.70e-12	60.1
CDF89947.1	CP097146.1	64.164	293	293	8	293	540120	539242	4.81e-123	385
CDF89947.1	CP097146.1	29.333	300	293	11	288	483563	482679	3.76e-29	115
CDF89947.1	CP097146.1	23.129	294	293	20	287	728094	728936	7.72e-16	76.6
CDF89947.1	CP097147.1	29.825	285	293	15	288	589340	588492	2.10e-32	125
CDF89947.1	CP097147.1	29.153	295	293	8	288	661365	662225	6.11e-28	112
CDF89947.1	CP097147.1	28.383	303	293	26	290	571520	570648	8.67e-21	91.3
CDF89947.1	CP097147.1	23.288	292	293	20	287	293388	292540	1.39e-13	69.7
CDF89947.1	CP097141.1	27.815	302	293	11	288	602198	603085	2.05e-22	95.9
CDF89947.1	CP097141.1	27.684	177	293	117	292	171317	171835	4.35e-16	77.4
CDF89947.1	CP097133.1	27.619	315	293	9	293	429817	430722	1.38e-20	90.5
CDF89947.1	CP097133.1	25.000	300	293	8	293	764250	763360	6.97e-16	76.6
CDF89947.1	CP097133.1	23.649	296	293	17	290	155897	155034	4.06e-12	65.5
CDF89947.1	CP097140.1	25.667	300	293	22	290	81417	82304	3.16e-20	89.7
CDF89947.1	CP097140.1	23.701	308	293	3	288	321429	322331	1.37e-13	69.7
CDF89948.1	CP097136.1	26.207	290	305	9	274	140995	141840	9.51e-25	103
CDF89948.1	CP097147.1	26.168	321	305	11	303	816681	817637	2.24e-24	102
CDF89948.1	CP097147.1	27.778	198	305	87	276	589361	588813	3.53e-12	65.9
CDF89948.1	CP097147.1	25.483	259	305	9	250	589331	588594	1.47e-11	63.9
CDF89948.1	CP097140.1	27.636	275	305	14	274	321495	322313	1.13e-23	100
CDF89948.1	CP097140.1	26.578	301	305	15	282	81423	82304	4.47e-17	80.5
CDF89948.1	CP097133.1	23.673	245	305	58	276	588099	588833	9.27e-13	67.4
CDF89948.1	CP097141.1	24.407	295	305	15	282	602234	603103	9.19e-11	61.2
CDF89949.1	CP097135.1	43.564	101	106	10	103	1222394	1222092	5.17e-22	87.8
CDF89950.1	CP097135.1	68.182	132	221	94	220	1221383	1221766	8.22e-52	178
CDF89950.1	CP097135.1	58.586	99	221	1	90	1220323	1220607	1.40e-20	88.2
CDF89951.1	CP097142.1	66.816	223	223	1	223	374170	374838	1.17e-95	304
CDF89952.1	CP097139.1	89.688	320	320	1	320	71832	70873	0.0	590
CDF89952.1	CP097136.1	64.596	322	320	1	320	355599	354646	4.75e-138	430
CDF89952.1	CP097133.1	63.863	321	320	1	320	84385	85338	4.25e-136	424
CDF89952.1	CP097142.1	48.744	199	320	7	204	107615	108208	4.98e-61	209
CDF89952.1	CP097142.1	45.536	112	320	207	315	108530	108865	2.11e-20	90.9
CDF89952.1	CP097146.1	50.000	116	320	204	317	181900	182247	6.23e-33	127
CDF89952.1	CP097146.1	61.628	86	320	114	198	181438	181695	8.56e-29	115
CDF89952.1	CP097146.1	41.000	100	320	1	100	180766	181062	1.78e-16	79.0
CDF89953.1	CP097139.1	58.304	566	560	2	541	73932	72247	0.0	681
CDF89954.1	CP097142.1	44.986	1047	1034	1	1025	375082	378192	0.0	918
CDF89955.1	CP097139.1	49.438	534	580	2	489	78174	76576	8.24e-156	493
CDF89956.1	CP097144.1	62.855	1233	1279	1	1228	391195	387527	0.0	1583
CDF89957.1	CP097144.1	41.617	668	714	105	712	385265	387175	1.33e-150	484
CDF89958.1	CP097144.1	55.833	120	145	1	120	384639	384280	7.94e-39	137
CDF89960.1	CP097144.1	40.000	195	192	19	192	384015	383434	7.00e-40	142
CDF89960.1	CP097144.1	46.053	76	192	112	182	161726	161502	2.24e-12	63.5
CDF89963.1	CP097144.1	60.000	165	164	1	164	382421	381927	2.11e-67	220
CDF89964.1	CP097140.1	75.333	300	322	23	321	18656	17763	1.44e-151	469
CDF89965.1	CP097144.1	38.308	201	309	139	297	381216	381770	8.97e-37	138
CDF89966.1	CP097144.1	35.366	164	261	69	217	379157	379636	2.98e-25	103
CDF89967.1	CP097139.1	57.101	338	341	35	335	96649	95636	9.04e-123	387
CDF89967.1	CP097143.1	37.433	187	341	142	326	166921	167454	3.20e-31	123
CDF89967.1	CP097143.1	35.176	199	341	132	326	115663	115094	2.56e-28	114
CDF89967.1	CP097147.1	32.948	173	341	156	326	424436	424882	1.86e-19	88.6
CDF89969.1	CP097142.1	75.510	637	642	6	641	384584	382680	0.0	1023
CDF89971.1	CP097142.1	69.043	491	447	1	447	385714	387138	0.0	622
CDF89972.1	CP097142.1	63.063	444	435	3	435	387513	388844	0.0	568
CDF89972.1	CP097139.1	56.552	435	435	1	432	95189	93903	5.34e-162	504
CDF89973.1	CP097139.1	75.882	340	362	23	362	92738	93754	9.79e-178	546
CDF89973.1	CP097147.1	29.080	337	362	25	354	571577	570654	2.15e-40	150
CDF89973.1	CP097147.1	22.713	317	362	45	354	661419	662225	9.63e-15	74.3
CDF89973.1	CP097147.1	25.681	257	362	30	273	589067	588369	3.66e-12	66.6
CDF89973.1	CP097145.1	25.071	351	362	42	362	473044	473982	1.02e-24	104
CDF89973.1	CP097146.1	25.387	323	362	42	356	540066	539251	7.00e-20	90.1
CDF89973.1	CP097146.1	22.321	336	362	29	354	483548	482679	1.76e-13	70.5
CDF89973.1	CP097144.1	26.441	295	362	42	325	359383	358625	1.75e-19	89.0
CDF89974.1	CP097133.1	77.551	294	296	2	295	764238	763357	4.30e-158	486
CDF89974.1	CP097133.1	23.203	306	296	10	295	429850	430725	5.61e-11	62.0
CDF89974.1	CP097141.1	31.290	310	296	1	291	602192	603091	5.52e-37	138
CDF89974.1	CP097141.1	26.415	212	296	11	209	602525	603154	6.07e-13	67.8
CDF89974.1	CP097137.1	30.864	324	296	2	295	216979	217887	9.10e-34	129
CDF89974.1	CP097147.1	26.621	293	296	7	289	589334	588492	1.87e-24	102
CDF89974.1	CP097147.1	25.733	307	296	13	295	293379	292519	3.42e-21	92.4
CDF89974.1	CP097147.1	24.161	298	296	12	291	571532	570648	5.15e-13	68.2
CDF89974.1	CP097147.1	24.503	302	296	10	285	816681	817556	7.49e-13	67.4
CDF89974.1	CP097146.1	26.198	313	296	1	295	728058	728957	1.48e-22	96.7
CDF89974.1	CP097146.1	25.623	281	296	14	289	540066	539257	3.00e-11	62.8
CDF89975.1	CP097133.1	62.449	245	308	63	307	762488	763222	6.17e-109	346
CDF89976.1	CP097133.1	66.601	509	869	322	821	760191	761717	0.0	684
CDF89977.1	CP097133.1	42.191	493	468	1	466	759138	757693	7.08e-124	396
CDF89978.1	CP097142.1	67.137	922	921	1	921	457170	454471	0.0	1217
CDF89978.1	CP097145.1	27.027	259	921	7	245	260624	261367	2.20e-11	66.6
CDF89979.1	CP097139.1	47.436	78	104	27	104	91757	91990	1.12e-20	84.0
CDF89980.1	CP097146.1	47.701	348	407	44	391	481329	482342	8.38e-117	373
CDF89980.1	CP097135.1	48.580	317	407	70	386	1405405	1406352	3.69e-109	351
CDF89980.1	CP097133.1	43.478	345	407	38	378	613855	614889	1.32e-99	323
CDF89980.1	CP097133.1	39.806	309	407	70	368	599381	600307	9.20e-74	249
CDF89980.1	CP097141.1	42.763	304	407	71	360	163321	162413	5.41e-80	267
CDF89980.1	CP097142.1	40.867	323	407	71	378	557372	558340	1.64e-76	257
CDF89981.1	CP097142.1	51.360	625	553	1	553	452317	454191	0.0	597
CDF89981.1	CP097138.1	41.772	79	553	206	284	972733	972969	7.01e-12	67.0
CDF89982.1	CP097142.1	36.066	183	156	1	156	451556	452101	1.27e-25	100
CDF89983.1	CP097142.1	45.643	241	253	24	251	451267	450554	8.53e-57	194
CDF89985.1	CP097142.1	43.103	290	364	79	359	447817	446954	3.27e-66	226
CDF89986.1	CP097139.1	72.854	431	443	1	430	89926	91218	0.0	656
CDF89986.1	CP097142.1	72.468	385	443	46	430	445638	446792	0.0	606
CDF89986.1	CP097146.1	27.507	349	443	63	378	751784	752803	2.00e-28	117
CDF89986.1	CP097147.1	27.824	363	443	63	384	273557	272505	3.06e-28	117
CDF89986.1	CP097135.1	26.158	367	443	61	391	424703	423633	5.84e-21	95.1
CDF89987.1	CP097142.1	69.973	373	565	193	565	443932	445047	0.0	546
CDF89987.1	CP097142.1	86.979	192	565	1	192	443355	443930	0.0	345
CDF89988.1	CP097142.1	88.402	707	701	1	701	442845	440734	0.0	1264
CDF89988.1	CP097143.1	47.786	542	701	3	536	133653	135260	3.84e-162	516
CDF89988.1	CP097143.1	38.947	95	701	607	701	135624	135908	3.04e-13	72.4
CDF89988.1	CP097146.1	37.692	260	701	23	282	710690	710028	5.57e-42	164
CDF89989.1	CP097142.1	88.889	198	201	1	198	439508	438915	2.04e-122	379
CDF89990.1	CP097142.1	79.147	211	232	21	231	438029	438661	2.08e-99	315
CDF89991.1	CP097142.1	70.312	128	129	1	128	437615	437232	1.28e-55	184
CDF89992.1	CP097142.1	75.765	392	414	4	394	435715	436890	0.0	603
CDF89992.1	CP097135.1	40.650	123	414	145	264	615941	615573	4.60e-21	94.7
CDF89993.1	CP097142.1	35.678	597	492	1	491	435000	433222	1.51e-101	333
CDF89994.1	CP097142.1	72.043	93	138	46	138	432565	432843	3.48e-41	144
CDF89994.1	CP097142.1	72.727	44	138	1	44	432033	432164	3.69e-15	69.7
CDF89994.1	CP097139.1	72.093	86	138	44	129	88675	88932	4.61e-39	137
CDF89994.1	CP097139.1	72.727	44	138	1	44	88148	88279	3.69e-15	69.7
CDF89995.1	CP097142.1	61.176	85	97	13	97	430594	430340	3.48e-32	116
CDF89996.1	CP097142.1	57.519	266	268	2	264	429447	430244	1.10e-97	312
CDF89998.1	CP097139.1	73.415	410	419	10	418	85733	84525	0.0	622
CDF89998.1	CP097142.1	70.466	386	419	5	390	428682	427525	0.0	588
CDF89999.1	CP097139.1	60.270	370	395	23	389	83152	84252	2.20e-144	452
CDF90000.1	CP097139.1	30.323	155	154	2	153	82644	82216	2.62e-11	59.3
CDF90001.1	CP097142.1	78.814	236	236	1	236	426383	427090	2.04e-128	398
CDF90002.1	CP097142.1	46.097	1499	1446	1	1446	425992	421568	0.0	1301
CDF90002.1	CP097135.1	25.606	289	1446	1168	1446	1362670	1363479	3.46e-20	96.7
CDF90002.1	CP097138.1	24.561	456	1446	1018	1440	253226	254419	2.39e-19	94.0
CDF90002.1	CP097141.1	22.864	398	1446	1070	1441	494704	493604	1.64e-14	77.8
CDF90002.1	CP097136.1	23.611	288	1446	1168	1441	408347	409138	3.08e-14	77.0
CDF90003.1	CP097139.1	50.604	994	988	47	982	81682	79001	0.0	780
CDF90003.1	CP097139.1	41.445	263	988	679	938	302114	302899	1.19e-52	201
CDF90003.1	CP097139.1	31.852	270	988	690	944	496201	496989	4.95e-23	105
CDF90003.1	CP097139.1	27.586	203	988	737	926	256633	256046	1.12e-17	87.4
CDF90003.1	CP097139.1	24.688	320	988	664	939	154555	153614	3.22e-15	79.7
CDF90003.1	CP097145.1	36.682	657	988	362	938	69967	71892	6.51e-112	380
CDF90003.1	CP097145.1	31.973	294	988	693	943	676229	675354	2.71e-33	138
CDF90003.1	CP097145.1	30.000	250	988	660	881	704525	705262	1.59e-23	106
CDF90003.1	CP097145.1	27.857	280	988	693	907	334659	335495	7.29e-20	94.7
CDF90003.1	CP097145.1	29.843	191	988	701	881	295123	294554	6.57e-18	88.2
CDF90003.1	CP097145.1	27.239	268	988	696	933	563069	563857	1.67e-14	77.0
CDF90003.1	CP097145.1	28.700	223	988	692	894	57947	57306	1.52e-11	67.4
CDF90003.1	CP097146.1	42.857	357	988	611	939	79607	80665	1.85e-86	305
CDF90003.1	CP097146.1	31.449	283	988	690	953	742994	743833	4.19e-31	131
CDF90003.1	CP097146.1	28.223	287	988	693	965	264560	263703	4.37e-26	115
CDF90003.1	CP097146.1	28.293	205	988	693	881	98311	98925	3.79e-21	99.0
CDF90003.1	CP097146.1	29.457	258	988	687	926	745705	746472	1.05e-20	97.4
CDF90003.1	CP097146.1	29.703	202	988	693	881	793919	793317	1.38e-17	87.4
CDF90003.1	CP097146.1	27.064	218	988	741	931	959272	958619	1.41e-15	80.9
CDF90003.1	CP097146.1	27.341	267	988	690	938	214620	215387	5.17e-15	79.0
CDF90003.1	CP097146.1	30.317	221	988	684	881	53800	53162	7.36e-13	71.6
CDF90003.1	CP097135.1	38.676	287	988	683	963	1471296	1470451	5.63e-46	179
CDF90003.1	CP097135.1	32.852	277	988	688	938	179111	179935	2.60e-29	125
CDF90003.1	CP097135.1	32.381	210	988	732	938	1449841	1449215	1.44e-28	123
CDF90003.1	CP097135.1	27.961	304	988	687	954	287272	286382	4.22e-27	118
CDF90003.1	CP097135.1	29.044	272	988	693	933	714302	715105	5.31e-26	114
CDF90003.1	CP097135.1	29.779	272	988	678	943	1396396	1397196	1.52e-25	113
CDF90003.1	CP097135.1	25.000	284	988	692	941	1379058	1379900	3.92e-21	99.0
CDF90003.1	CP097135.1	26.136	264	988	629	881	75828	75046	1.21e-20	97.4
CDF90003.1	CP097135.1	28.502	207	988	692	881	412192	411581	3.83e-18	89.0
CDF90003.1	CP097135.1	22.260	292	988	685	948	1417813	1416965	5.46e-18	88.6
CDF90003.1	CP097135.1	29.596	223	988	692	899	273829	274467	5.96e-17	85.1
CDF90003.1	CP097135.1	29.412	153	988	740	875	1023391	1022933	7.31e-15	78.2
CDF90003.1	CP097135.1	25.402	311	988	693	972	407859	406942	4.83e-14	75.5
CDF90003.1	CP097135.1	27.650	217	988	736	933	963090	963734	5.04e-14	75.5
CDF90003.1	CP097135.1	28.125	224	988	693	899	319970	319326	6.31e-11	65.5
CDF90003.1	CP097141.1	35.249	261	988	693	937	255541	256317	4.67e-40	160
CDF90003.1	CP097141.1	30.903	288	988	690	960	189616	188762	2.01e-29	125
CDF90003.1	CP097141.1	29.237	236	988	690	915	115556	114885	7.08e-25	111
CDF90003.1	CP097141.1	28.431	204	988	687	874	82592	81984	7.09e-18	88.2
CDF90003.1	CP097141.1	25.445	393	988	556	931	160241	159129	6.38e-13	72.0
CDF90003.1	CP097141.1	29.252	147	988	756	883	539233	539646	6.93e-12	68.6
CDF90004.1	CP097142.1	47.340	564	579	1	522	273615	275216	4.42e-129	416
CDF90005.1	CP097142.1	30.000	460	424	2	424	272119	273426	1.74e-49	179
CDF90006.1	CP097139.1	41.848	184	237	58	230	74848	74297	9.54e-40	144
CDF90007.1	CP097142.1	48.029	279	271	1	270	262498	263316	5.13e-67	224
CDF90008.1	CP097139.1	29.740	269	354	1	218	45026	45778	1.93e-17	82.8
CDF90009.1	CP097143.1	65.695	1029	1009	1	1009	65672	62622	0.0	1405
CDF90009.1	CP097141.1	34.770	348	1009	42	366	321927	322922	1.20e-42	169
CDF90010.1	CP097143.1	69.392	526	595	69	594	70456	72030	0.0	710
CDF90010.1	CP097146.1	30.798	526	595	102	595	805996	804476	1.59e-72	252
CDF90010.1	CP097147.1	30.386	622	595	1	594	775028	776860	3.35e-72	251
CDF90010.1	CP097138.1	34.649	456	595	142	594	752081	750726	3.62e-69	242
CDF90010.1	CP097139.1	31.013	474	595	131	594	188971	190371	1.21e-65	232
CDF90011.1	CP097143.1	61.006	159	246	92	246	73150	73626	7.69e-60	202
CDF90013.1	CP097143.1	85.620	911	911	1	911	74097	76820	0.0	1604
CDF90013.1	CP097135.1	47.159	704	911	167	860	980692	978617	0.0	630
CDF90014.1	CP097139.1	46.734	689	812	161	812	47145	49013	3.06e-140	457
CDF90015.1	CP097139.1	53.426	788	924	247	924	51698	49353	0.0	786
CDF90015.1	CP097139.1	34.320	169	924	1	147	52790	52293	6.93e-17	84.7
CDF90016.1	CP097132.1	92.212	642	642	1	642	128464	126539	0.0	1140
CDF90016.1	CP097143.1	90.343	642	642	1	642	83160	81244	0.0	1140
CDF90016.1	CP097143.1	47.538	589	642	3	574	856687	858384	2.35e-163	518
CDF90016.1	CP097133.1	79.507	649	642	1	642	78399	76453	0.0	1046
CDF90016.1	CP097133.1	29.348	644	642	1	601	556115	554202	1.33e-68	242
CDF90016.1	CP097136.1	80.650	646	642	1	642	361122	363047	0.0	1043
CDF90016.1	CP097136.1	47.890	616	642	5	612	90937	92754	5.57e-175	551
CDF90016.1	CP097141.1	63.622	613	642	5	615	386047	387879	0.0	795
CDF90016.1	CP097141.1	50.409	611	642	5	607	514385	512583	0.0	575
CDF90017.1	CP097143.1	46.388	263	272	5	256	84495	83707	1.47e-75	248
CDF90018.1	CP097143.1	26.857	350	386	46	378	85704	84727	3.27e-18	85.5
CDF90019.1	CP097143.1	56.473	533	520	1	520	755474	753915	0.0	563
CDF90019.1	CP097139.1	32.464	422	520	98	499	313490	312315	1.59e-61	218
CDF90019.1	CP097141.1	36.306	314	520	108	413	568970	568119	9.46e-55	197
CDF90019.1	CP097134.1	36.137	321	520	96	415	118130	117255	1.88e-53	194
CDF90019.1	CP097138.1	30.788	419	520	97	498	600123	601226	2.48e-51	187
CDF90020.1	CP097135.1	28.833	1037	1194	177	1173	1001304	1004153	7.04e-101	353
CDF90020.1	CP097133.1	27.641	691	1194	490	1172	774311	776173	1.70e-67	249
CDF90020.1	CP097138.1	29.189	185	1194	977	1134	196141	195602	1.15e-12	71.6
CDF90021.1	CP097143.1	37.575	668	1758	2	621	86623	88503	2.51e-103	369
CDF90021.1	CP097143.1	75.309	162	1758	1596	1757	90613	91098	9.13e-71	263
CDF90021.1	CP097143.1	31.200	125	1758	412	526	753226	752852	8.93e-13	72.4
CDF90022.1	CP097143.1	50.901	222	247	20	241	750888	751538	3.25e-72	238
CDF90023.1	CP097143.1	29.924	264	381	1	213	750173	749409	1.55e-24	104
CDF90025.1	CP097143.1	55.177	734	688	18	686	93533	91458	0.0	796
CDF90025.1	CP097143.1	24.324	259	688	266	519	351724	352347	4.19e-17	84.7
CDF90025.1	CP097143.1	25.954	262	688	266	496	626107	626850	9.49e-12	67.4
CDF90025.1	CP097141.1	28.267	329	688	227	550	159983	159123	1.34e-36	147
CDF90025.1	CP097141.1	26.887	212	688	314	520	226475	227050	1.84e-13	72.8
CDF90025.1	CP097133.1	26.159	302	688	224	519	184339	185115	1.60e-16	82.8
CDF90025.1	CP097138.1	25.641	273	688	258	519	567726	568430	2.47e-14	75.9
CDF90025.1	CP097144.1	26.887	212	688	245	446	672713	672117	1.30e-13	73.6
CDF90025.1	CP097144.1	36.905	84	688	441	518	671507	671256	1.32e-12	70.1
CDF90026.1	CP097143.1	71.264	87	89	1	87	94729	94469	1.78e-40	139
CDF90027.1	CP097143.1	81.101	545	554	14	554	97297	95663	0.0	935
CDF90027.1	CP097139.1	27.323	538	554	26	554	127623	126130	5.44e-40	155
CDF90027.1	CP097134.1	26.211	351	554	234	547	161612	160587	4.30e-25	109
CDF90027.1	CP097135.1	22.998	487	554	106	546	524989	526341	6.03e-14	73.9
CDF90028.1	CP097147.1	83.237	346	357	15	356	698054	699091	0.0	603
CDF90029.1	CP097143.1	45.117	1372	1609	300	1608	747544	743582	0.0	1078
CDF90029.1	CP097143.1	37.050	888	1609	733	1564	99043	101583	3.97e-160	541
CDF90029.1	CP097143.1	50.633	79	1609	53	125	748177	747941	3.22e-16	84.0
CDF90029.1	CP097132.1	28.877	187	1609	1338	1522	89237	88710	2.10e-13	74.3
CDF90030.1	CP097143.1	41.939	949	910	1	910	743119	740387	1.14e-165	535
CDF90031.1	CP097143.1	65.809	272	300	29	300	739411	740217	1.81e-129	404
CDF90031.1	CP097143.1	58.333	300	300	1	300	736988	737869	3.13e-121	381
CDF90032.1	CP097143.1	54.595	185	185	2	184	735639	736193	1.26e-63	210
CDF90032.1	CP097135.1	42.105	95	185	65	159	655400	655684	1.72e-20	86.7
CDF90032.1	CP097135.1	34.000	100	185	65	164	560850	560551	4.64e-18	79.7
CDF90032.1	CP097135.1	29.814	161	185	30	179	835501	835956	2.63e-15	71.6
CDF90032.1	CP097135.1	29.703	101	185	64	152	553472	553170	2.02e-11	60.5
CDF90032.1	CP097138.1	29.730	148	185	25	170	406956	407384	4.33e-19	82.8
CDF90032.1	CP097133.1	34.000	100	185	65	164	387049	386750	8.57e-19	82.0
CDF90032.1	CP097146.1	35.556	90	185	65	154	928042	927773	7.03e-16	73.6
CDF90033.1	CP097143.1	57.585	1905	1891	1	1891	735213	729514	0.0	2226
CDF90033.1	CP097143.1	28.316	392	1891	1508	1886	610394	611491	2.56e-34	144
CDF90033.1	CP097145.1	37.124	299	1891	1619	1889	144148	145041	4.10e-49	192
CDF90035.1	CP097143.1	86.504	778	779	1	778	728898	726565	0.0	1418
CDF90035.1	CP097141.1	53.867	750	779	41	772	63360	61117	0.0	814
CDF90035.1	CP097138.1	26.936	594	779	159	706	488330	486654	1.41e-33	138
CDF90035.1	CP097135.1	25.734	443	779	56	476	937927	939174	3.02e-30	127
CDF90036.1	CP097143.1	60.090	1556	1549	10	1544	102211	106857	0.0	1897
CDF90036.1	CP097143.1	31.852	1328	1549	306	1545	30395	26580	0.0	639
CDF90036.1	CP097143.1	26.270	571	1549	978	1528	525252	526871	2.15e-31	133
CDF90036.1	CP097143.1	31.405	242	1549	653	883	526257	526970	9.45e-17	85.5
CDF90036.1	CP097135.1	41.944	1564	1549	28	1549	746700	742240	0.0	1125
CDF90036.1	CP097139.1	33.361	1220	1549	371	1544	21683	18213	0.0	632
CDF90036.1	CP097138.1	29.853	1427	1549	208	1547	1027997	1032103	3.26e-174	581
CDF90036.1	CP097142.1	28.176	1228	1549	213	1386	652836	656243	1.36e-144	406
CDF90036.1	CP097142.1	40.123	162	1549	1387	1542	656243	656728	1.36e-144	127
CDF90036.1	CP097142.1	33.040	227	1549	1308	1534	43365	42724	2.85e-23	107
CDF90036.1	CP097142.1	28.016	257	1549	1291	1534	45504	44776	5.03e-21	99.8
CDF90036.1	CP097142.1	31.169	231	1549	640	850	45459	44794	4.67e-17	86.7
CDF90036.1	CP097142.1	27.465	284	1549	601	853	43512	42730	6.68e-13	72.8
CDF90037.1	CP097143.1	81.124	445	445	1	445	723890	725221	0.0	716
CDF90037.1	CP097132.1	31.795	390	445	54	437	117975	119003	1.92e-42	159
CDF90037.1	CP097138.1	26.327	452	445	4	432	163430	162243	4.07e-26	110
CDF90037.1	CP097137.1	27.246	334	445	7	335	239149	240012	1.01e-22	100
CDF90037.1	CP097139.1	24.330	448	445	18	439	321131	320043	1.35e-14	75.1
CDF90038.1	CP097136.1	59.794	194	209	13	205	434058	433477	3.55e-78	253
CDF90039.1	CP097133.1	79.848	526	526	1	526	186065	187642	0.0	900
CDF90040.1	CP097133.1	79.261	352	348	1	347	184390	185445	0.0	593
CDF90040.1	CP097133.1	35.593	295	348	19	304	540237	541082	8.91e-50	177
CDF90040.1	CP097133.1	27.119	177	348	55	225	275463	274951	1.17e-15	77.0
CDF90040.1	CP097133.1	27.650	217	348	13	223	13579	12965	2.20e-15	76.3
CDF90040.1	CP097133.1	26.512	215	348	19	219	417129	417755	2.05e-11	63.9
CDF90040.1	CP097138.1	59.146	328	348	1	319	567696	568679	5.17e-128	402
CDF90040.1	CP097138.1	30.204	245	348	1	218	172396	171689	6.16e-20	90.1
CDF90040.1	CP097138.1	28.400	250	348	12	221	661017	661742	9.81e-16	77.4
CDF90040.1	CP097138.1	24.576	354	348	19	317	167577	168515	2.18e-13	70.1
CDF90040.1	CP097138.1	25.600	250	348	84	307	220979	221620	7.43e-12	65.5
CDF90040.1	CP097143.1	47.093	344	348	5	347	351682	352662	7.35e-98	316
CDF90040.1	CP097143.1	23.373	338	348	17	307	848174	849064	2.52e-17	82.0
CDF90040.1	CP097143.1	25.581	258	348	55	309	313125	313766	1.44e-15	76.6
CDF90040.1	CP097139.1	46.839	348	348	7	346	154522	153506	5.79e-95	308
CDF90040.1	CP097139.1	29.630	243	348	12	249	496189	496881	5.34e-22	96.3
CDF90040.1	CP097139.1	31.390	223	348	19	239	79927	79304	3.26e-20	90.9
CDF90040.1	CP097139.1	25.667	300	348	7	304	302120	302899	9.14e-20	89.4
CDF90040.1	CP097142.1	42.643	333	348	7	328	151175	150204	1.06e-76	255
CDF90040.1	CP097142.1	30.952	336	348	19	340	184067	184999	2.33e-40	150
CDF90040.1	CP097142.1	25.223	337	348	13	309	249381	250262	1.81e-20	91.7
CDF90040.1	CP097142.1	29.464	224	348	12	223	206966	207577	8.89e-17	80.5
CDF90040.1	CP097142.1	26.190	210	348	11	213	135752	135177	5.07e-14	72.0
CDF90041.1	CP097133.1	51.042	1583	1580	1	1551	183525	178816	0.0	1588
CDF90041.1	CP097145.1	48.521	1589	1580	1	1551	749610	744949	0.0	1469
CDF90041.1	CP097134.1	38.806	402	1580	197	575	301548	300352	1.07e-137	249
CDF90041.1	CP097134.1	39.552	268	1580	575	804	300353	299550	1.07e-137	185
CDF90041.1	CP097134.1	27.957	186	1580	1	182	302105	301587	1.07e-137	76.3
CDF90041.1	CP097134.1	41.304	46	1580	831	876	299508	299374	1.07e-137	42.7
CDF90041.1	CP097134.1	22.167	406	1580	847	1222	301503	300352	5.03e-11	58.5
CDF90041.1	CP097134.1	33.333	72	1580	1237	1304	300326	300126	5.03e-11	27.7
CDF90042.1	CP097133.1	57.426	101	102	1	101	178257	177955	1.12e-30	112
CDF90043.1	CP097133.1	57.308	520	500	1	500	176304	177863	0.0	615
CDF90044.1	CP097133.1	65.278	576	552	1	552	174353	176074	0.0	736
CDF90045.1	CP097133.1	79.286	140	177	22	161	174013	173600	9.40e-70	227
CDF90046.1	CP097133.1	67.243	1157	1110	1	1107	173227	169829	0.0	1530
CDF90047.1	CP097133.1	47.143	490	510	21	508	233008	234465	1.50e-151	478
CDF90047.1	CP097136.1	41.263	475	510	35	506	300737	302140	1.18e-107	351
CDF90047.1	CP097146.1	37.137	517	510	3	506	1003265	1004794	3.22e-93	310
CDF90047.1	CP097144.1	36.266	466	510	54	506	574520	573150	1.39e-87	293
CDF90047.1	CP097144.1	33.902	528	510	4	506	572496	570940	1.10e-85	288
CDF90047.1	CP097144.1	27.011	348	510	170	510	463102	462086	7.77e-23	101
CDF90047.1	CP097147.1	34.864	479	510	35	509	426581	428002	1.41e-84	285
CDF90049.1	CP097133.1	85.864	856	865	18	864	169427	166875	0.0	1453
CDF90049.1	CP097133.1	35.714	546	865	307	837	606530	608014	1.89e-84	295
CDF90049.1	CP097147.1	32.047	674	865	207	843	584926	586815	1.04e-91	317
CDF90049.1	CP097136.1	38.095	567	865	309	829	83646	85316	2.62e-89	310
CDF90049.1	CP097138.1	32.577	617	865	295	839	127556	125826	2.96e-89	310
CDF90049.1	CP097143.1	35.938	576	865	308	844	683741	685372	2.06e-88	307
CDF90050.1	CP097133.1	70.808	668	709	3	668	164495	166423	0.0	1016
CDF90050.1	CP097145.1	30.523	344	709	138	468	512356	513249	2.03e-29	124
CDF90051.1	CP097136.1	29.710	138	119	2	117	437990	437586	3.90e-14	65.9
CDF90052.1	CP097133.1	85.185	81	95	15	95	162742	162984	3.87e-43	147
CDF90053.1	CP097136.1	87.111	450	449	1	449	435808	437157	0.0	835
CDF90053.1	CP097146.1	26.750	400	449	11	383	994272	993115	3.95e-30	122
CDF90054.1	CP097135.1	62.264	530	515	7	512	565460	567049	0.0	708
CDF90055.1	CP097135.1	77.658	555	569	15	569	567783	569441	0.0	933
CDF90055.1	CP097135.1	29.487	390	569	168	530	934559	935668	1.23e-35	142
CDF90055.1	CP097144.1	26.645	304	569	164	466	832601	831696	1.35e-30	126
CDF90056.1	CP097135.1	65.986	147	149	1	147	569944	570384	3.07e-59	196
CDF90057.1	CP097135.1	91.034	145	151	7	151	571299	571733	3.74e-87	276
CDF90058.1	CP097135.1	39.189	370	363	1	361	571971	573059	8.14e-77	256
CDF90059.1	CP097136.1	62.719	228	229	1	228	441169	440495	3.96e-99	314
CDF90059.1	CP097135.1	35.912	181	229	7	183	607608	607132	7.66e-28	109
CDF90060.1	CP097136.1	51.538	520	544	51	544	441638	443158	4.05e-157	495
CDF90061.1	CP097136.1	65.254	472	478	6	476	443427	444827	0.0	586
CDF90062.1	CP097136.1	54.373	263	284	22	282	445869	445081	7.34e-84	273
CDF90063.1	CP097136.1	59.907	429	403	1	402	446245	447525	3.89e-163	506
CDF90064.1	CP097135.1	69.778	225	216	1	216	608598	607927	1.80e-97	308
CDF90064.1	CP097145.1	26.289	194	216	3	193	440059	439523	1.13e-11	62.0
CDF90065.1	CP097135.1	46.058	241	295	1	221	608846	609559	3.15e-60	205
CDF90066.1	CP097135.1	49.837	921	852	10	852	612810	610096	0.0	848
CDF90066.1	CP097136.1	44.928	828	852	33	850	450041	447735	0.0	647
CDF90066.1	CP097136.1	23.051	295	852	565	846	353238	353996	4.24e-11	65.9
CDF90066.1	CP097141.1	37.500	200	852	489	683	69550	70134	5.81e-34	140
CDF90066.1	CP097141.1	36.686	169	852	684	848	71335	71790	2.05e-19	92.8
CDF90066.1	CP097142.1	27.664	441	852	491	849	633715	632489	7.48e-33	136
CDF90066.1	CP097144.1	27.513	378	852	491	846	689230	690213	2.30e-27	119
CDF90067.1	CP097135.1	44.660	103	124	26	124	613536	613252	8.71e-18	76.6
CDF90068.1	CP097135.1	68.783	189	190	2	190	614541	613981	4.27e-85	272
CDF90069.1	CP097136.1	74.095	359	437	19	377	451622	450546	0.0	570
CDF90069.1	CP097133.1	40.206	291	437	42	326	615598	616452	2.48e-68	234
CDF90070.1	CP097136.1	69.318	88	86	1	86	452528	452791	1.90e-32	116
CDF90071.1	CP097135.1	50.093	539	495	8	495	616502	614916	2.22e-169	528
CDF90071.1	CP097142.1	39.098	133	495	187	314	436138	436527	8.07e-23	101
CDF90072.1	CP097135.1	63.063	111	107	5	107	617729	618061	4.76e-33	119
CDF90073.1	CP097135.1	71.236	890	891	7	883	619039	621675	0.0	1306
CDF90073.1	CP097144.1	31.607	560	891	138	692	66606	68156	5.40e-75	268
CDF90073.1	CP097144.1	30.590	559	891	138	692	764356	762812	4.04e-65	238
CDF90073.1	CP097133.1	37.500	368	891	137	501	470194	469151	9.80e-75	267
CDF90074.1	CP097136.1	44.569	626	626	5	625	454767	452923	8.88e-163	515
CDF90075.1	CP097136.1	88.382	241	238	1	238	455246	455965	8.72e-141	434
CDF90076.1	CP097136.1	36.516	419	383	5	381	457413	456202	6.20e-68	231
CDF90077.1	CP097135.1	83.117	308	308	1	308	622270	623193	0.0	557
CDF90077.1	CP097135.1	54.902	306	308	5	308	375787	376701	3.38e-118	372
CDF90077.1	CP097135.1	50.327	306	308	4	308	226605	225706	4.02e-106	338
CDF90077.1	CP097135.1	50.327	306	308	4	308	130924	130025	8.62e-106	337
CDF90077.1	CP097135.1	40.678	295	308	2	286	1320230	1321111	4.26e-70	234
CDF90077.1	CP097145.1	50.662	302	308	2	290	680619	681521	7.52e-100	320
CDF90077.1	CP097144.1	40.678	295	308	2	286	223466	222585	4.38e-71	237
CDF90077.1	CP097144.1	35.644	303	308	12	276	155156	156058	5.99e-57	196
CDF90077.1	CP097147.1	40.959	271	308	22	291	203237	204037	1.84e-70	235
CDF90077.1	CP097136.1	45.417	240	308	49	287	429395	430111	1.56e-69	233
CDF90078.1	CP097135.1	29.720	286	321	1	230	623582	624400	1.34e-38	144
CDF90081.1	CP097142.1	30.376	372	344	1	322	358105	359184	1.42e-34	133
CDF90082.1	CP097144.1	82.143	504	533	30	533	285429	283918	0.0	886
CDF90082.1	CP097139.1	25.909	220	533	292	488	104710	104093	2.62e-14	75.1
CDF90083.1	CP097144.1	35.227	528	473	1	473	281911	283467	4.44e-66	229
CDF90084.1	CP097144.1	44.053	454	509	68	509	279539	278226	8.11e-105	343
CDF90085.1	CP097144.1	54.481	1261	1272	7	1250	274178	277945	0.0	1431
CDF90086.1	CP097142.1	74.449	227	227	1	227	359773	360444	2.25e-109	343
CDF90086.1	CP097142.1	29.878	164	227	23	186	438038	438529	8.46e-11	59.7
CDF90087.1	CP097139.1	43.035	402	365	1	337	57668	56541	5.94e-67	228
CDF90089.1	CP097139.1	48.052	616	538	1	538	59764	57950	0.0	586
CDF90089.1	CP097147.1	26.124	356	538	225	535	52682	51759	7.56e-28	117
CDF90089.1	CP097146.1	23.353	334	538	225	526	179926	179078	3.24e-15	77.8
CDF90090.1	CP097139.1	51.261	119	109	1	106	59924	60280	3.15e-33	119
CDF90091.1	CP097142.1	69.869	229	255	22	249	361404	360718	4.17e-108	341
CDF90092.1	CP097142.1	67.530	502	510	16	507	362297	363799	0.0	711
CDF90092.1	CP097139.1	53.728	456	510	23	471	60539	61906	2.88e-164	514
CDF90094.1	CP097139.1	84.848	99	119	21	119	65692	65988	3.36e-52	174
CDF90095.1	CP097139.1	66.749	403	408	6	408	67508	66315	5.36e-176	543
CDF90095.1	CP097133.1	49.752	404	408	5	407	271891	270737	1.03e-118	379
CDF90095.1	CP097138.1	33.793	145	408	19	148	889884	889468	3.67e-13	70.1
CDF90096.1	CP097139.1	61.616	297	290	1	287	68529	67645	1.64e-118	372
CDF90097.1	CP097142.1	44.973	736	1084	399	1084	366606	368744	1.01e-168	550
CDF90097.1	CP097142.1	40.617	389	1084	38	369	365241	366353	4.46e-56	212
CDF90097.1	CP097133.1	25.306	1063	1084	59	1082	282124	284736	1.04e-74	271
CDF90098.1	CP097142.1	89.113	496	500	5	500	369530	371017	0.0	916
CDF90098.1	CP097139.1	40.619	485	500	15	491	69194	70594	5.80e-102	334
CDF90099.1	CP097142.1	62.779	763	762	1	762	371459	373732	0.0	1043
CDF90100.1	CP097137.1	50.348	719	854	68	779	145577	147670	0.0	695
CDF90100.1	CP097146.1	30.218	642	854	32	658	261194	262795	2.29e-70	253
CDF90101.1	CP097146.1	66.667	411	452	23	430	264674	263442	0.0	578
CDF90101.1	CP097146.1	33.219	292	452	56	317	959443	958598	1.87e-36	142
CDF90101.1	CP097146.1	33.071	254	452	55	295	745705	746451	6.28e-35	137
CDF90101.1	CP097146.1	31.507	219	452	53	259	98287	98931	2.52e-28	117
CDF90101.1	CP097146.1	30.072	276	452	54	317	214608	215387	1.25e-23	103
CDF90101.1	CP097146.1	31.270	307	452	58	327	53779	52892	5.03e-21	95.1
CDF90101.1	CP097146.1	24.296	284	452	62	322	79844	80677	6.71e-21	94.7
CDF90101.1	CP097146.1	24.415	299	452	61	343	743003	743848	5.05e-17	82.8
CDF90101.1	CP097146.1	29.091	220	452	57	265	793931	793287	4.74e-15	76.6
CDF90101.1	CP097137.1	60.628	414	452	45	452	149303	148077	5.73e-161	502
CDF90101.1	CP097137.1	29.870	154	452	53	205	53999	53550	1.71e-13	71.6
CDF90101.1	CP097135.1	38.078	281	452	54	329	1396420	1397208	1.08e-45	169
CDF90101.1	CP097135.1	35.690	297	452	45	317	287296	286430	3.57e-44	164
CDF90101.1	CP097135.1	32.852	277	452	55	317	1450027	1449215	2.38e-36	141
CDF90101.1	CP097135.1	29.330	358	452	44	371	714245	715258	3.13e-34	135
CDF90101.1	CP097135.1	30.165	242	452	54	275	1379040	1379756	3.43e-24	105
CDF90101.1	CP097135.1	32.127	221	452	53	259	1417801	1417151	1.58e-21	96.7
CDF90101.1	CP097135.1	26.146	371	452	33	392	1471341	1470304	3.91e-20	92.4
CDF90101.1	CP097135.1	31.527	203	452	55	251	273814	274392	4.46e-18	86.3
CDF90101.1	CP097135.1	26.693	251	452	38	267	179054	179785	9.43e-16	79.0
CDF90101.1	CP097135.1	27.876	226	452	112	320	1023391	1022738	2.23e-15	77.8
CDF90101.1	CP097135.1	27.402	281	452	56	319	412204	411380	8.84e-15	75.9
CDF90101.1	CP097135.1	29.915	234	452	55	277	319988	319320	1.51e-14	75.1
CDF90101.1	CP097147.1	34.286	280	452	53	317	257533	256718	1.33e-44	166
CDF90101.1	CP097147.1	35.349	215	452	55	257	279861	279226	3.40e-35	138
CDF90101.1	CP097147.1	33.913	230	452	54	281	160721	161389	2.53e-34	135
CDF90101.1	CP097147.1	29.435	248	452	72	317	151493	150789	1.68e-29	121
CDF90101.1	CP097147.1	29.699	266	452	54	317	262228	262971	3.37e-22	99.0
CDF90101.1	CP097147.1	23.024	291	452	61	339	282297	281446	3.42e-19	89.7
CDF90101.1	CP097147.1	35.922	103	452	159	257	461159	460863	1.74e-12	68.6
CDF90101.1	CP097147.1	25.424	295	452	61	317	480163	479309	3.03e-12	67.8
CDF90101.1	CP097147.1	32.768	177	452	102	258	489129	488620	2.85e-11	64.7
CDF90101.1	CP097138.1	32.890	301	452	54	319	220727	221617	1.13e-41	157
CDF90101.1	CP097138.1	27.119	295	452	54	305	167556	168428	8.19e-23	100
CDF90101.1	CP097138.1	31.004	229	452	60	261	172354	171677	4.00e-22	98.6
CDF90101.1	CP097138.1	29.565	230	452	53	253	585887	586543	1.16e-15	78.6
CDF90104.1	CP097137.1	74.444	90	937	848	936	152821	152552	9.34e-43	169
CDF90105.1	CP097143.1	43.260	319	297	9	290	644290	645225	1.72e-52	183
CDF90106.1	CP097138.1	39.543	569	525	5	525	207955	209640	4.18e-138	440
CDF90106.1	CP097143.1	30.952	378	525	95	438	221112	220051	2.25e-31	128
CDF90107.1	CP097143.1	21.835	545	586	36	550	718144	719709	3.96e-17	84.3
CDF90108.1	CP097143.1	45.492	1464	1251	15	1251	637927	642228	0.0	1088
CDF90109.1	CP097138.1	40.496	363	344	1	340	210091	211173	1.27e-75	252
CDF90110.1	CP097143.1	42.857	182	163	1	157	636312	635767	4.31e-31	116
CDF90111.1	CP097143.1	66.126	555	563	10	560	634010	635656	0.0	781
CDF90111.1	CP097138.1	28.194	227	563	123	337	298094	298750	1.68e-12	69.3
CDF90111.1	CP097147.1	23.793	290	563	109	369	340824	339979	5.62e-12	67.4
CDF90112.1	CP097143.1	59.322	177	192	13	189	632832	633353	9.33e-69	225
CDF90112.1	CP097146.1	30.935	139	192	52	189	835443	835042	1.93e-13	66.6
CDF90113.1	CP097142.1	26.347	167	485	1	159	468449	467970	9.74e-13	69.7
CDF90113.1	CP097146.1	25.490	306	485	1	284	265673	266569	2.80e-11	64.7
CDF90115.1	CP097143.1	33.113	604	566	9	564	499020	500804	2.28e-105	347
CDF90116.1	CP097143.1	86.622	299	299	1	299	498725	497829	8.90e-173	528
CDF90117.1	CP097143.1	75.000	156	156	1	156	497612	497145	2.46e-80	256
CDF90117.1	CP097141.1	39.456	147	156	4	146	537577	537143	1.75e-29	111
CDF90118.1	CP097144.1	40.659	91	119	31	117	747742	747470	3.99e-15	68.6
CDF90119.1	CP097143.1	44.468	1392	1511	187	1507	624165	620053	0.0	1124
CDF90119.1	CP097143.1	24.103	390	1511	369	731	192554	193603	3.11e-15	80.5
CDF90119.1	CP097143.1	24.051	316	1511	1189	1489	193700	194470	9.39e-11	65.5
CDF90119.1	CP097133.1	28.431	204	1511	367	568	447950	448459	3.34e-17	87.0
CDF90119.1	CP097146.1	28.070	228	1511	362	570	664737	665348	5.44e-17	86.3
CDF90119.1	CP097146.1	25.153	326	1511	1141	1450	665718	666602	2.41e-11	67.8
CDF90120.1	CP097143.1	54.976	613	567	1	566	625603	627426	0.0	604
CDF90120.1	CP097143.1	27.863	262	567	194	450	313122	313766	9.17e-28	117
CDF90120.1	CP097143.1	27.848	237	567	218	449	848465	849064	1.17e-18	89.0
CDF90120.1	CP097138.1	46.256	454	567	128	567	220703	221920	2.06e-111	364
CDF90120.1	CP097138.1	28.488	344	567	132	447	167544	168467	2.85e-29	122
CDF90120.1	CP097138.1	24.024	333	567	137	434	661020	661910	2.90e-17	84.7
CDF90120.1	CP097135.1	38.739	222	567	232	447	287035	286427	1.33e-43	166
CDF90120.1	CP097135.1	29.573	328	567	124	446	1396384	1397178	1.67e-32	132
CDF90120.1	CP097135.1	25.397	378	567	90	446	714125	715120	3.33e-27	115
CDF90120.1	CP097135.1	28.475	295	567	171	457	1449952	1449182	7.95e-27	114
CDF90120.1	CP097135.1	26.733	303	567	142	425	1417780	1417046	6.79e-26	112
CDF90120.1	CP097135.1	25.767	326	567	142	450	1379058	1379903	1.45e-21	98.2
CDF90120.1	CP097135.1	28.636	220	567	232	440	1471068	1470529	3.03e-12	68.6
CDF90120.1	CP097137.1	30.855	269	567	218	474	149090	148377	1.42e-38	150
CDF90120.1	CP097146.1	29.674	337	567	218	548	264395	263556	8.04e-37	145
CDF90120.1	CP097146.1	24.922	321	567	143	442	98311	99099	3.65e-22	100
CDF90120.1	CP097146.1	27.619	315	567	137	446	214611	215387	2.65e-21	97.4
CDF90120.1	CP097146.1	28.049	246	567	224	446	959242	958598	1.31e-20	95.5
CDF90120.1	CP097146.1	23.636	330	567	130	452	745684	746526	4.46e-19	90.5
CDF90120.1	CP097146.1	23.022	278	567	137	391	79823	80500	1.41e-13	72.8
CDF90120.1	CP097146.1	25.439	228	567	232	446	743210	743788	9.74e-11	63.5
CDF90121.1	CP097143.1	83.893	1043	1045	1	1043	628127	631255	0.0	1774
CDF90121.1	CP097145.1	82.775	1045	1045	1	1045	594605	597736	0.0	1764
CDF90121.1	CP097147.1	37.771	1014	1045	54	1033	116596	119532	0.0	637
CDF90121.1	CP097136.1	27.778	432	1045	426	763	221873	220602	8.41e-38	153
CDF90121.1	CP097136.1	31.250	176	1045	458	625	220835	220311	1.65e-14	77.4
CDF90121.1	CP097137.1	28.217	443	1045	418	758	138581	139876	3.66e-32	135
CDF90121.1	CP097137.1	30.481	187	1045	444	625	139661	140221	5.48e-18	88.6
CDF90121.1	CP097137.1	36.792	106	1045	864	969	139880	140194	2.18e-14	77.0
CDF90122.1	CP097145.1	47.059	595	580	4	580	598224	599945	5.59e-168	528
CDF90122.1	CP097144.1	33.824	408	580	212	580	265031	263883	4.95e-63	224
CDF90122.1	CP097144.1	31.616	427	580	191	580	262181	260991	1.28e-58	211
CDF90122.1	CP097146.1	32.918	401	580	219	580	274569	275696	5.35e-53	194
CDF90122.1	CP097146.1	31.720	186	580	20	182	274215	274715	3.09e-12	68.6
CDF90123.1	CP097143.1	65.517	232	234	3	234	631684	632367	4.76e-90	288
CDF90124.1	CP097145.1	61.384	448	447	1	447	601456	600125	0.0	561
CDF90125.1	CP097145.1	72.199	241	238	1	238	601921	602643	3.11e-118	369
CDF90126.1	CP097143.1	83.047	407	413	4	410	501161	502381	0.0	717
CDF90126.1	CP097145.1	78.240	409	413	3	411	603110	604336	0.0	667
CDF90126.1	CP097135.1	72.683	410	413	3	410	340885	342111	0.0	624
CDF90127.1	CP097134.1	76.527	311	310	1	310	105358	104432	3.29e-160	493
CDF90128.1	CP097145.1	55.827	369	369	2	369	610723	609623	1.07e-127	403
CDF90129.1	CP097134.1	49.837	307	306	1	306	104160	103384	3.91e-90	292
CDF90130.1	CP097145.1	62.606	353	365	18	360	611892	612920	1.28e-135	425
CDF90130.1	CP097134.1	56.615	325	365	55	360	102866	101895	4.67e-117	372
CDF90131.1	CP097134.1	54.000	100	132	32	131	101438	101139	9.99e-29	108
CDF90132.1	CP097134.1	51.842	380	370	1	370	95575	94436	2.37e-128	405
CDF90133.1	CP097145.1	70.330	273	280	4	276	614134	613316	1.49e-129	404
CDF90133.1	CP097141.1	28.387	310	280	9	276	602228	603109	7.27e-28	111
CDF90133.1	CP097141.1	28.767	292	280	10	276	171317	172150	2.63e-25	103
CDF90133.1	CP097142.1	30.137	292	280	8	274	532823	531993	1.49e-25	104
CDF90133.1	CP097147.1	28.425	292	280	13	279	589307	588459	1.55e-25	104
CDF90133.1	CP097147.1	25.676	296	280	2	274	661386	662243	3.54e-15	74.3
CDF90133.1	CP097147.1	25.321	312	280	2	270	571544	570648	1.37e-14	72.4
CDF90133.1	CP097144.1	26.087	299	280	21	270	565833	564964	4.63e-24	100
CDF90134.1	CP097134.1	79.359	499	495	1	495	94084	92594	0.0	806
CDF90135.1	CP097134.1	85.556	360	362	3	362	91152	92231	0.0	640
CDF90135.1	CP097140.1	32.153	367	362	2	353	171590	170556	3.32e-38	144
CDF90135.1	CP097146.1	27.933	358	362	5	355	549675	550661	1.24e-25	107
CDF90135.1	CP097145.1	27.095	358	362	5	353	553500	552532	5.11e-21	93.6
CDF90136.1	CP097145.1	52.597	308	278	3	278	615408	614485	6.26e-102	324
CDF90136.1	CP097138.1	42.697	178	278	102	278	377797	377309	4.22e-35	132
CDF90136.1	CP097147.1	42.697	178	278	102	278	168472	168960	5.16e-35	132
CDF90137.1	CP097145.1	77.045	379	379	1	379	607872	606796	3.40e-154	479
CDF90137.1	CP097145.1	31.915	376	379	1	364	507951	506944	4.00e-33	130
CDF90137.1	CP097145.1	53.521	71	379	1	68	482361	482573	1.25e-16	80.5
CDF90137.1	CP097145.1	46.753	77	379	5	77	223389	223162	7.15e-11	62.8
CDF90137.1	CP097144.1	37.500	176	379	6	177	549387	549860	6.44e-16	78.6
CDF90137.1	CP097144.1	25.964	389	379	8	359	667524	668525	2.36e-14	73.6
CDF90137.1	CP097136.1	39.259	135	379	1	130	245067	244687	2.91e-15	76.3
CDF90137.1	CP097140.1	49.333	75	379	1	72	340406	340630	1.23e-14	74.3
CDF90137.1	CP097143.1	50.000	90	379	6	89	300749	300997	9.85e-14	71.6
CDF90138.1	CP097143.1	91.094	393	489	1	392	502700	503878	0.0	763
CDF90139.1	CP097134.1	38.021	192	409	10	187	106651	106112	5.14e-56	129
CDF90139.1	CP097134.1	33.149	181	409	226	403	106067	105531	5.14e-56	106
CDF90141.1	CP097134.1	25.556	270	309	50	307	107887	108573	1.90e-12	66.6
CDF90142.1	CP097134.1	60.780	487	515	34	515	109037	110482	0.0	593
CDF90143.1	CP097134.1	52.033	246	262	13	255	111372	110635	9.62e-70	231
CDF90144.1	CP097134.1	64.740	173	187	15	187	111773	112291	5.13e-76	246
CDF90145.1	CP097145.1	60.053	378	393	1	378	615764	616894	1.67e-151	472
CDF90145.1	CP097134.1	32.099	324	393	40	354	112952	113794	1.89e-32	128
CDF90146.1	CP097134.1	80.696	316	326	7	322	118154	117207	1.68e-171	526
CDF90146.1	CP097139.1	43.310	284	326	33	303	313442	312600	8.73e-62	211
CDF90146.1	CP097141.1	37.013	308	326	5	303	569015	568122	1.57e-60	207
CDF90146.1	CP097143.1	36.842	323	326	11	306	755192	754239	1.88e-55	193
CDF90146.1	CP097138.1	34.364	291	326	16	303	600123	600944	4.61e-48	171
CDF90147.1	CP097134.1	54.749	179	188	8	181	118441	118974	1.87e-59	198
CDF90148.1	CP097134.1	73.000	200	296	1	200	120133	119534	5.55e-101	323
CDF90148.1	CP097135.1	63.500	200	296	1	200	509842	509249	7.45e-82	268
CDF90148.1	CP097133.1	47.664	214	296	1	200	319418	318789	1.29e-56	195
CDF90149.1	CP097145.1	83.019	477	471	2	471	619363	617933	0.0	818
CDF90149.1	CP097134.1	75.771	454	471	17	470	122128	120767	0.0	729
CDF90149.1	CP097147.1	45.952	457	471	36	470	543716	545086	1.78e-131	418
CDF90152.1	CP097134.1	85.130	269	269	1	269	131355	130561	2.55e-156	480
CDF90152.1	CP097135.1	25.896	251	269	1	238	1233946	1234695	4.20e-13	67.8
CDF90155.1	CP097145.1	73.585	318	313	1	313	629906	628956	8.03e-159	489
CDF90156.1	CP097134.1	66.418	1072	1049	9	1049	136671	133540	0.0	1338
CDF90156.1	CP097146.1	33.433	335	1049	379	702	591779	592726	5.99e-44	173
CDF90156.1	CP097146.1	33.333	312	1049	397	690	159949	159035	1.32e-43	172
CDF90156.1	CP097146.1	36.879	282	1049	394	655	161953	161117	2.15e-42	168
CDF90156.1	CP097146.1	25.752	532	1049	379	899	903894	905237	8.66e-41	163
CDF90156.1	CP097146.1	24.307	613	1049	392	986	901683	903347	9.62e-40	159
CDF90156.1	CP097146.1	23.440	657	1049	359	990	589592	591346	3.89e-38	154
CDF90156.1	CP097146.1	34.783	230	1049	384	610	320443	321078	7.55e-27	117
CDF90156.1	CP097146.1	21.622	481	1049	403	877	318340	319608	6.94e-17	85.1
CDF90156.1	CP097135.1	34.944	269	1049	379	639	1265605	1266402	2.52e-40	161
CDF90156.1	CP097135.1	35.069	288	1049	361	638	473564	474397	6.79e-39	157
CDF90156.1	CP097135.1	23.840	625	1049	300	897	1263262	1264881	3.31e-33	138
CDF90156.1	CP097135.1	24.314	510	1049	401	898	471587	472933	2.43e-32	135
CDF90156.1	CP097135.1	23.830	235	1049	726	952	1266418	1267110	2.21e-11	67.0
CDF90156.1	CP097147.1	34.084	311	1049	344	638	435251	434340	6.33e-40	160
CDF90156.1	CP097147.1	21.512	516	1049	402	894	437153	435801	1.27e-25	114
CDF90156.1	CP097145.1	26.013	469	1049	367	827	762098	763258	6.44e-40	160
CDF90156.1	CP097145.1	28.253	269	1049	390	640	760063	760845	3.06e-23	105
CDF90157.1	CP097134.1	84.135	416	416	1	416	137559	138806	0.0	712
CDF90158.1	CP097134.1	40.263	457	571	125	562	140338	139025	9.82e-110	344
CDF90158.1	CP097134.1	38.095	105	571	4	103	140741	140427	9.82e-110	71.2
CDF90160.1	CP097134.1	42.991	321	345	37	342	141996	141043	3.00e-75	251
CDF90161.1	CP097134.1	39.759	249	292	42	288	143600	144307	1.08e-45	163
CDF90161.1	CP097134.1	32.593	135	292	1	125	143448	143798	9.61e-13	67.0
CDF90162.1	CP097135.1	31.601	481	573	36	499	118033	119403	1.57e-64	228
CDF90162.1	CP097135.1	32.049	493	573	35	511	219708	221120	6.58e-63	223
CDF90162.1	CP097135.1	26.426	526	573	46	537	1492543	1494039	1.67e-48	181
CDF90162.1	CP097135.1	27.108	498	573	33	513	13389	11953	6.97e-48	179
CDF90162.1	CP097135.1	28.429	503	573	44	524	1150778	1149345	1.18e-43	166
CDF90162.1	CP097135.1	28.429	503	573	44	524	1145386	1143953	1.58e-43	166
CDF90162.1	CP097135.1	28.542	480	573	33	498	1429112	1427733	1.45e-42	163
CDF90162.1	CP097135.1	29.600	500	573	44	524	1154127	1152694	8.40e-42	160
CDF90162.1	CP097135.1	22.692	520	573	45	533	6517	7980	7.99e-21	95.9
CDF90162.1	CP097135.1	21.294	479	573	36	496	109141	107816	4.10e-20	94.0
CDF90162.1	CP097135.1	28.804	184	573	40	221	1233446	1232904	8.54e-19	89.7
CDF90162.1	CP097137.1	26.087	483	573	26	500	33357	34778	2.44e-52	192
CDF90162.1	CP097137.1	25.567	485	573	44	513	94871	96271	6.55e-44	167
CDF90162.1	CP097136.1	26.679	521	573	33	531	19286	17799	5.07e-50	185
CDF90162.1	CP097145.1	27.183	504	573	33	513	767422	768858	2.83e-49	183
CDF90162.1	CP097145.1	23.077	494	573	42	500	40621	39212	1.37e-33	135
CDF90162.1	CP097143.1	26.824	507	573	44	534	270483	271928	4.19e-49	182
CDF90164.1	CP097134.1	56.090	977	975	1	975	147447	144580	0.0	1130
CDF90165.1	CP097136.1	80.114	699	706	7	705	129665	131761	0.0	1204
CDF90166.1	CP097136.1	77.665	197	213	5	197	128441	129022	6.28e-92	293
CDF90166.1	CP097135.1	39.669	121	213	29	149	655373	655729	1.59e-24	99.4
CDF90166.1	CP097135.1	39.837	123	213	27	149	560883	560521	1.92e-23	96.3
CDF90166.1	CP097135.1	38.136	118	213	35	150	835585	835935	9.86e-23	94.4
CDF90166.1	CP097135.1	32.743	113	213	31	141	343708	344040	5.03e-11	60.1
CDF90166.1	CP097135.1	24.603	126	213	43	156	553454	553101	6.31e-11	59.7
CDF90166.1	CP097138.1	41.176	119	213	29	147	407040	407390	2.37e-24	99.0
CDF90166.1	CP097138.1	34.862	109	213	40	145	744036	744359	4.44e-15	72.0
CDF90166.1	CP097133.1	36.735	147	213	27	165	387082	386648	1.02e-23	97.1
CDF90166.1	CP097146.1	37.063	143	213	3	141	928159	927737	8.30e-23	94.4
CDF90167.1	CP097134.1	42.466	73	98	22	94	155142	155360	5.43e-15	67.4
CDF90168.1	CP097134.1	54.651	86	91	6	91	154903	154649	2.05e-23	90.9
CDF90169.1	CP097134.1	57.674	215	215	1	215	154475	153831	2.22e-84	271
CDF90170.1	CP097134.1	50.000	352	353	10	353	152684	153733	1.68e-113	361
CDF90171.1	CP097136.1	88.062	578	567	1	567	125365	127098	0.0	1016
CDF90171.1	CP097145.1	26.364	330	567	43	356	285479	286462	9.95e-15	76.6
CDF90172.1	CP097136.1	51.699	559	512	1	512	123169	124821	3.21e-168	526
CDF90174.1	CP097145.1	27.915	283	347	64	343	260624	261361	4.60e-15	75.1
CDF90175.1	CP097134.1	38.223	484	523	48	466	165697	164249	3.11e-101	333
CDF90175.1	CP097136.1	46.491	228	523	54	274	122559	121882	6.48e-75	215
CDF90175.1	CP097136.1	27.717	184	523	274	428	121885	121334	6.48e-75	84.0
CDF90176.1	CP097145.1	25.735	408	553	38	410	724646	723432	1.72e-30	125
CDF90176.1	CP097146.1	28.061	196	553	47	239	805906	805334	3.64e-16	80.9
CDF90176.1	CP097138.1	20.957	439	553	45	483	752087	750903	2.51e-11	65.5
CDF90176.1	CP097147.1	20.825	485	553	4	483	775403	776683	4.89e-11	64.3
CDF90178.1	CP097136.1	57.143	504	469	1	469	400885	399407	1.40e-175	545
CDF90178.1	CP097135.1	32.919	161	469	28	187	52304	51837	2.09e-20	93.6
CDF90178.1	CP097145.1	32.836	134	469	28	160	260188	259808	3.22e-15	77.4
CDF90179.1	CP097146.1	85.753	372	438	67	438	1036329	1035214	0.0	687
CDF90179.1	CP097147.1	87.156	218	438	221	438	18930	19583	0.0	413
CDF90179.1	CP097147.1	83.226	155	438	67	221	18467	18931	0.0	275
CDF90179.1	CP097144.1	87.168	226	438	213	438	897450	896773	1.79e-134	425
CDF90179.1	CP097144.1	84.571	175	438	67	241	897964	897440	3.12e-97	318
CDF90179.1	CP097145.1	31.905	210	438	158	364	122877	122293	4.68e-26	110
CDF90179.1	CP097136.1	25.538	325	438	99	413	319481	320377	1.29e-18	87.8
CDF90180.1	CP097136.1	44.646	495	564	2	472	405592	404138	6.37e-127	409
CDF90181.1	CP097136.1	69.536	453	517	3	447	401356	402690	0.0	624
CDF90181.1	CP097139.1	59.437	355	517	3	357	359629	358658	8.55e-137	436
CDF90181.1	CP097145.1	59.375	352	517	3	354	346077	345115	1.24e-135	432
CDF90181.1	CP097147.1	46.440	323	517	9	330	158548	159414	7.56e-84	283
CDF90182.1	CP097147.1	46.366	399	351	2	351	597563	596382	4.93e-106	340
CDF90183.1	CP097147.1	61.879	926	892	1	890	590915	588210	0.0	1118
CDF90183.1	CP097147.1	33.220	295	892	506	782	293388	292540	3.13e-34	141
CDF90183.1	CP097147.1	26.821	302	892	504	784	571544	570651	6.68e-24	107
CDF90183.1	CP097147.1	26.786	280	892	511	784	661413	662228	9.10e-21	97.4
CDF90183.1	CP097146.1	31.419	296	892	506	782	728094	728936	1.23e-30	129
CDF90183.1	CP097146.1	30.363	303	892	501	789	483536	482661	1.50e-24	109
CDF90183.1	CP097146.1	27.852	298	892	483	773	540135	539287	1.28e-22	103
CDF90183.1	CP097141.1	30.201	298	892	508	786	602228	603094	3.30e-26	115
CDF90183.1	CP097141.1	28.521	284	892	512	786	171326	172132	1.50e-18	90.1
CDF90183.1	CP097141.1	28.774	212	892	587	786	602186	602791	1.34e-12	70.9
CDF90183.1	CP097141.1	27.074	229	892	509	730	570541	569873	1.41e-12	70.5
CDF90183.1	CP097136.1	28.873	284	892	512	786	141019	141867	6.08e-25	111
CDF90183.1	CP097136.1	23.607	305	892	510	798	256156	255320	1.39e-13	73.9
CDF90183.1	CP097136.1	28.421	190	892	508	684	141307	141870	4.56e-12	68.9
CDF90183.1	CP097140.1	28.873	284	892	512	786	321504	322340	3.94e-24	108
CDF90183.1	CP097140.1	25.074	339	892	475	786	81321	82307	4.86e-13	72.0
CDF90183.1	CP097140.1	27.451	204	892	500	690	321765	322361	5.26e-12	68.9
CDF90184.1	CP097138.1	37.714	350	332	1	332	181728	180718	5.82e-50	177
CDF90185.1	CP097138.1	35.106	282	270	1	270	181972	182769	1.16e-41	151
CDF90186.1	CP097138.1	64.865	1443	1523	1	1404	187540	183242	0.0	1862
CDF90186.1	CP097146.1	40.299	402	1523	1	355	390308	389118	4.81e-82	299
CDF90186.1	CP097146.1	33.123	317	1523	510	799	388499	387624	7.12e-40	161
CDF90187.1	CP097138.1	48.148	513	524	48	518	188123	189535	4.29e-112	365
CDF90187.1	CP097138.1	41.117	197	524	33	198	716503	715949	2.53e-13	71.6
CDF90187.1	CP097138.1	32.727	330	524	48	335	350835	351611	5.78e-11	63.9
CDF90187.1	CP097144.1	36.982	338	524	36	300	342854	341928	1.42e-14	75.9
CDF90187.1	CP097142.1	33.578	408	524	14	395	311537	312580	1.68e-12	68.9
CDF90188.1	CP097138.1	72.193	561	557	1	556	189819	191486	0.0	801
CDF90188.1	CP097138.1	34.190	389	557	116	499	374498	373374	3.05e-62	221
CDF90188.1	CP097138.1	28.877	187	557	165	334	395686	395153	5.09e-11	64.3
CDF90188.1	CP097146.1	32.282	412	557	109	502	693038	694228	1.14e-61	219
CDF90188.1	CP097146.1	28.078	463	557	60	475	384560	383250	8.61e-38	148
CDF90188.1	CP097147.1	31.731	416	557	109	507	319753	318548	1.36e-59	213
CDF90188.1	CP097135.1	34.901	404	557	93	477	956587	955400	6.77e-58	208
CDF90188.1	CP097135.1	32.124	386	557	119	503	177849	176746	2.45e-51	189
CDF90188.1	CP097135.1	32.778	360	557	133	487	492049	493089	1.80e-47	177
CDF90188.1	CP097135.1	29.947	374	557	106	477	311404	312489	3.36e-38	149
CDF90188.1	CP097135.1	31.967	366	557	142	478	866194	865124	5.82e-37	145
CDF90188.1	CP097135.1	31.873	251	557	127	366	400544	401245	6.48e-30	124
CDF90188.1	CP097143.1	30.337	356	557	127	475	118187	119227	7.87e-48	178
CDF90188.1	CP097143.1	27.924	419	557	127	479	688512	687286	4.06e-36	143
CDF90189.1	CP097147.1	55.932	118	118	1	118	587431	587775	1.28e-41	144
CDF90190.1	CP097147.1	78.852	941	922	1	922	584311	587109	0.0	1483
CDF90190.1	CP097133.1	39.572	561	922	303	852	606533	608116	4.59e-100	343
CDF90190.1	CP097133.1	31.476	664	922	209	824	168824	166938	2.71e-91	317
CDF90190.1	CP097138.1	36.130	584	922	288	822	127562	125838	2.79e-99	341
CDF90190.1	CP097143.1	31.105	733	922	178	858	683375	685465	1.47e-95	330
CDF90190.1	CP097136.1	35.750	593	922	304	822	83646	85352	9.84e-91	316
CDF90191.1	CP097147.1	47.898	547	542	1	538	582235	583830	8.05e-112	365
CDF90193.1	CP097147.1	94.286	245	245	1	245	580630	579896	3.67e-155	475
CDF90194.1	CP097147.1	85.938	64	134	63	126	572403	572212	6.39e-35	125
CDF90194.1	CP097147.1	70.833	72	134	57	128	578070	577855	2.74e-34	124
CDF90195.1	CP097147.1	68.923	325	323	1	322	571604	570630	3.92e-154	476
CDF90195.1	CP097147.1	29.582	311	323	21	320	589331	588474	5.37e-28	113
CDF90195.1	CP097147.1	31.841	201	323	27	222	589031	588468	3.85e-19	87.0
CDF90195.1	CP097147.1	22.045	313	323	26	323	293379	292510	1.47e-16	79.3
CDF90195.1	CP097147.1	23.765	324	323	12	320	661359	662243	3.81e-15	75.1
CDF90195.1	CP097139.1	31.861	317	323	27	314	92795	93730	5.27e-46	166
CDF90195.1	CP097145.1	31.077	325	323	26	321	473041	473979	2.21e-42	155
CDF90195.1	CP097145.1	21.824	307	323	24	322	614122	613316	3.91e-13	68.9
CDF90195.1	CP097144.1	32.026	306	323	16	315	359416	358538	4.67e-35	134
CDF90195.1	CP097144.1	28.934	197	323	21	197	565596	565021	1.38e-13	70.5
CDF90195.1	CP097144.1	25.090	279	323	62	316	565761	564964	8.67e-12	64.7
CDF90195.1	CP097133.1	32.432	296	323	19	308	396095	396940	2.26e-34	132
CDF90195.1	CP097133.1	32.646	291	323	24	308	155885	155055	1.59e-32	126
CDF90195.1	CP097133.1	27.099	262	323	69	315	588108	588848	4.08e-16	78.2
CDF90195.1	CP097133.1	25.753	299	323	21	314	764220	763375	4.64e-16	77.8
CDF90195.1	CP097133.1	23.333	330	323	8	320	429805	430725	2.41e-12	66.6
CDF90196.1	CP097147.1	61.290	62	76	9	70	570126	569941	2.89e-20	81.3
CDF90198.1	CP097147.1	86.201	1203	1195	1	1195	568758	565150	0.0	2204
CDF90198.1	CP097146.1	30.210	1046	1195	115	1100	702846	699892	3.74e-114	393
CDF90198.1	CP097146.1	28.021	1142	1195	78	1100	585789	582523	2.15e-104	363
CDF90199.1	CP097138.1	75.499	951	942	1	942	197863	195014	0.0	1477
CDF90199.1	CP097138.1	28.119	978	942	48	856	496125	499034	1.07e-89	313
CDF90199.1	CP097138.1	27.459	732	942	47	770	492443	490485	6.53e-63	232
CDF90199.1	CP097135.1	29.236	903	942	26	804	529871	527196	1.03e-100	346
CDF90199.1	CP097135.1	28.729	181	942	535	712	1003470	1003922	3.62e-13	72.8
CDF90199.1	CP097147.1	27.596	732	942	47	770	470406	472364	8.33e-63	231
CDF90199.1	CP097140.1	24.699	664	942	171	701	240136	242043	3.89e-19	92.4
CDF90199.1	CP097136.1	23.114	623	942	149	689	87219	88961	6.72e-18	88.2
CDF90200.1	CP097138.1	67.961	412	415	13	415	193532	194764	0.0	560
CDF90202.1	CP097141.1	46.910	356	332	7	330	510368	509349	1.23e-83	274
CDF90203.1	CP097136.1	91.250	160	160	1	160	96975	97454	1.79e-91	288
CDF90203.1	CP097147.1	58.170	153	160	6	156	99659	99201	1.35e-50	172
CDF90204.1	CP097141.1	57.930	744	742	12	742	506955	509162	0.0	874
CDF90205.1	CP097141.1	32.629	1183	1143	2	1139	506618	503127	1.59e-160	528
CDF90206.1	CP097141.1	66.974	651	771	1	640	500621	502561	0.0	862
CDF90206.1	CP097141.1	32.692	156	771	610	765	502470	502928	1.61e-23	105
CDF90207.1	CP097136.1	92.063	126	126	1	126	98149	98526	3.50e-76	243
CDF90207.1	CP097135.1	38.462	91	126	6	96	93750	94022	1.95e-21	87.0
CDF90209.1	CP097141.1	23.822	1125	1127	1	1063	496838	500038	4.09e-63	235
CDF90210.1	CP097141.1	50.365	822	849	53	849	496018	493592	0.0	776
CDF90210.1	CP097136.1	31.635	373	849	482	847	408092	409144	1.26e-43	171
CDF90210.1	CP097135.1	30.446	381	849	480	848	1362406	1363476	1.79e-42	167
CDF90210.1	CP097138.1	27.224	371	849	484	840	253376	254407	3.64e-25	111
CDF90210.1	CP097142.1	25.407	307	849	558	845	422449	421583	2.34e-17	86.3
CDF90211.1	CP097136.1	79.724	217	216	1	216	103466	104110	3.49e-117	365
CDF90212.1	CP097136.1	47.235	669	668	14	662	106668	104731	0.0	605
CDF90213.1	CP097141.1	64.624	1077	1038	1	1038	490264	493479	0.0	1382
CDF90213.1	CP097146.1	31.774	620	1038	264	855	854388	856049	6.26e-87	307
CDF90213.1	CP097146.1	33.911	519	1038	264	768	827311	825902	5.03e-84	298
CDF90213.1	CP097140.1	34.038	520	1038	264	768	103338	104750	5.73e-83	295
CDF90213.1	CP097147.1	31.818	572	1038	254	769	394219	392657	2.09e-79	284
CDF90213.1	CP097136.1	31.894	602	1038	191	769	496533	498104	7.94e-77	276
CDF90214.1	CP097141.1	78.704	108	108	1	108	489527	489850	2.44e-55	182
CDF90215.1	CP097141.1	58.285	1376	1332	1	1332	489295	485225	0.0	1595
CDF90216.1	CP097141.1	57.868	394	400	1	392	483925	485103	3.99e-144	451
CDF90216.1	CP097143.1	38.071	394	400	5	392	569804	568701	4.51e-63	218
CDF90216.1	CP097135.1	43.069	202	400	6	206	1068102	1067596	1.57e-34	134
CDF90216.1	CP097135.1	40.351	171	400	6	175	787619	787200	1.60e-29	120
CDF90216.1	CP097144.1	42.932	191	400	6	194	105757	106230	4.18e-30	121
CDF90216.1	CP097139.1	40.933	193	400	6	196	204232	203744	1.12e-29	120
CDF90217.1	CP097136.1	61.571	1426	1446	7	1420	107645	111877	0.0	1785
CDF90217.1	CP097141.1	49.269	1437	1446	4	1417	483637	479432	0.0	1357
CDF90217.1	CP097135.1	37.799	209	1446	563	769	818355	817777	3.82e-35	145
CDF90219.1	CP097136.1	82.890	263	265	1	263	112373	113161	3.77e-150	462
CDF90220.1	CP097136.1	85.057	87	87	1	87	113418	113678	8.93e-48	160
CDF90221.1	CP097134.1	67.097	620	614	3	608	160180	158357	0.0	861
CDF90222.1	CP097136.1	57.117	555	546	4	545	116826	115171	0.0	617
CDF90222.1	CP097144.1	22.397	509	546	5	459	455879	457324	4.04e-20	93.6
CDF90222.1	CP097143.1	24.330	485	546	5	461	390780	392177	3.60e-13	71.2
CDF90222.1	CP097138.1	24.691	486	546	5	461	645263	643866	4.66e-13	70.9
CDF90223.1	CP097134.1	57.531	478	470	8	470	161987	160563	0.0	580
CDF90223.1	CP097139.1	29.032	465	470	19	462	127404	126151	2.13e-45	169
CDF90224.1	CP097136.1	39.357	249	247	3	241	117816	117070	4.48e-56	191
CDF90225.1	CP097136.1	40.357	280	220	1	220	118013	118849	4.17e-53	182
CDF90226.1	CP097133.1	41.154	260	321	95	321	35297	36076	1.53e-55	193
CDF90227.1	CP097146.1	28.457	376	694	257	611	93142	94230	3.65e-32	133
CDF90227.1	CP097135.1	26.913	379	694	259	611	1428812	1427730	1.13e-28	122
CDF90227.1	CP097135.1	27.252	444	694	223	646	118240	119487	3.21e-25	110
CDF90227.1	CP097135.1	25.238	420	694	218	624	13173	11956	7.66e-24	106
CDF90227.1	CP097135.1	24.934	381	694	252	612	1145113	1144025	2.26e-23	105
CDF90227.1	CP097135.1	26.728	434	694	210	623	219879	221120	1.71e-22	102
CDF90227.1	CP097135.1	24.672	381	694	252	612	1150505	1149417	2.25e-22	102
CDF90227.1	CP097135.1	26.178	382	694	252	611	1153854	1152769	5.12e-22	100
CDF90227.1	CP097135.1	23.838	495	694	141	611	1492471	1493886	1.13e-21	99.8
CDF90227.1	CP097135.1	31.373	204	694	409	612	1232546	1231956	2.44e-17	85.5
CDF90227.1	CP097136.1	25.000	420	694	218	624	19070	17853	1.53e-24	108
CDF90227.1	CP097145.1	24.762	420	694	218	624	767638	768855	6.90e-24	106
CDF90227.1	CP097145.1	21.244	579	694	64	612	40897	39212	2.95e-19	91.7
CDF90227.1	CP097144.1	26.256	438	694	197	611	271438	272676	1.75e-22	102
CDF90228.1	CP097133.1	50.796	754	678	1	677	32831	35056	0.0	645
CDF90229.1	CP097133.1	59.002	461	461	1	459	31146	32516	0.0	583
CDF90230.1	CP097147.1	86.595	649	737	89	737	598328	600274	0.0	1179
CDF90230.1	CP097147.1	36.207	232	737	265	491	869545	868865	1.02e-33	138
CDF90230.1	CP097147.1	33.891	239	737	263	486	411067	411771	4.11e-30	127
CDF90230.1	CP097144.1	44.064	438	737	268	693	418219	416915	2.25e-113	377
CDF90230.1	CP097136.1	37.807	529	737	207	697	187687	186143	2.02e-102	345
CDF90230.1	CP097136.1	32.653	245	737	268	486	241609	240893	3.76e-27	117
CDF90230.1	CP097135.1	36.466	266	737	239	502	244127	243330	8.14e-50	188
CDF90230.1	CP097135.1	41.322	242	737	263	500	243233	242511	2.27e-43	168
CDF90230.1	CP097135.1	38.314	261	737	257	504	1245900	1246670	4.90e-40	158
CDF90230.1	CP097135.1	41.830	153	737	257	401	443658	444116	3.33e-36	107
CDF90230.1	CP097135.1	32.673	101	737	409	509	444137	444439	3.33e-36	63.2
CDF90230.1	CP097135.1	33.548	155	737	283	435	1209585	1209142	3.66e-15	78.6
CDF90230.1	CP097138.1	40.574	244	737	270	509	420803	420072	9.74e-48	182
CDF90230.1	CP097138.1	35.540	287	737	255	516	1003385	1004239	2.87e-40	159
CDF90230.1	CP097138.1	35.217	230	737	265	491	546287	546970	2.51e-26	114
CDF90231.1	CP097147.1	59.631	379	361	2	361	602063	600933	1.29e-142	445
CDF90231.1	CP097145.1	24.167	240	361	31	257	575235	575930	2.68e-12	67.0
CDF90232.1	CP097133.1	82.545	550	550	1	550	29055	30689	0.0	915
CDF90232.1	CP097133.1	28.667	300	550	130	420	472669	471788	5.23e-28	118
CDF90232.1	CP097141.1	26.923	390	550	115	495	640567	641676	1.11e-22	101
CDF90233.1	CP097147.1	64.665	1149	1175	59	1173	603158	606559	0.0	1482
CDF90234.1	CP097147.1	66.474	173	186	15	185	611253	611750	3.63e-74	240
CDF90235.1	CP097147.1	55.385	845	836	1	836	614521	612023	0.0	840
CDF90235.1	CP097147.1	24.138	435	836	5	421	170558	171646	1.14e-16	84.0
CDF90236.1	CP097133.1	43.892	966	1175	271	1175	26072	23301	0.0	732
CDF90236.1	CP097147.1	35.496	817	1175	274	996	615975	618332	8.00e-135	454
CDF90237.1	CP097133.1	74.396	207	212	6	212	22474	23094	5.20e-108	338
CDF90238.1	CP097133.1	35.654	589	666	78	659	249327	247795	9.40e-101	337
CDF90238.1	CP097141.1	30.637	581	666	105	659	85062	86552	6.36e-80	276
CDF90239.1	CP097147.1	43.258	749	726	1	719	619087	621312	0.0	622
CDF90239.1	CP097138.1	22.749	211	726	240	412	276091	275468	1.34e-11	67.0
CDF90240.1	CP097133.1	62.736	1060	982	1	982	19645	16532	0.0	1361
CDF90241.1	CP097133.1	68.951	1182	1161	2	1161	16042	12596	0.0	1632
CDF90241.1	CP097133.1	27.754	472	1161	761	1154	275907	274513	1.95e-39	159
CDF90241.1	CP097133.1	31.280	211	1161	883	1077	729459	730079	2.78e-17	86.7
CDF90241.1	CP097133.1	25.080	311	1161	833	1093	184423	185316	9.72e-15	78.2
CDF90241.1	CP097142.1	40.116	344	1161	813	1155	206906	207922	1.19e-73	268
CDF90241.1	CP097142.1	38.235	306	1161	828	1127	135764	134865	5.99e-57	216
CDF90241.1	CP097142.1	24.367	316	1161	821	1101	249342	250265	1.09e-24	110
CDF90241.1	CP097142.1	26.953	256	1161	803	1047	183935	184684	2.96e-16	83.2
CDF90241.1	CP097142.1	36.429	140	1161	914	1034	222210	221794	5.11e-16	82.4
CDF90241.1	CP097142.1	31.061	132	1161	936	1047	348059	347664	8.73e-11	65.1
CDF90241.1	CP097144.1	40.346	347	1161	813	1158	445656	444631	1.27e-73	268
CDF90241.1	CP097144.1	26.460	291	1161	840	1122	253920	253114	1.19e-25	114
CDF90241.1	CP097144.1	26.582	316	1161	840	1095	824921	825847	4.28e-14	76.3
CDF90241.1	CP097139.1	37.853	354	1161	813	1155	496129	497175	4.53e-67	248
CDF90241.1	CP097139.1	27.444	266	1161	840	1096	79927	79181	4.22e-25	112
CDF90241.1	CP097139.1	28.514	249	1161	834	1079	302138	302872	5.31e-25	112
CDF90241.1	CP097139.1	28.804	184	1161	911	1076	256582	256046	8.24e-14	75.1
CDF90241.1	CP097139.1	27.111	225	1161	834	1047	154504	153833	2.94e-12	70.1
CDF90241.1	CP097147.1	38.961	308	1161	820	1125	160682	161587	5.87e-61	228
CDF90241.1	CP097147.1	27.988	343	1161	833	1129	735713	736717	2.90e-36	149
CDF90241.1	CP097147.1	33.333	270	1161	817	1080	151595	150813	1.20e-31	134
CDF90241.1	CP097147.1	29.562	274	1161	823	1076	257557	256754	1.01e-27	120
CDF90241.1	CP097147.1	30.483	269	1161	831	1093	262222	262971	1.49e-25	114
CDF90241.1	CP097147.1	28.261	276	1161	825	1077	279888	279076	8.66e-24	108
CDF90241.1	CP097147.1	29.924	264	1161	832	1076	282321	281548	1.08e-21	101
CDF90241.1	CP097147.1	24.444	315	1161	825	1094	480208	479306	3.74e-18	89.4
CDF90241.1	CP097147.1	28.676	272	1161	791	1046	653857	654642	1.88e-15	80.5
CDF90242.1	CP097147.1	48.528	1053	1045	1	1045	621695	624793	0.0	1083
CDF90242.1	CP097133.1	49.190	988	1045	65	1045	12156	9202	0.0	1035
CDF90243.1	CP097133.1	41.538	195	199	1	195	8903	8331	2.61e-53	181
CDF90244.1	CP097141.1	50.461	434	494	6	426	571322	572602	1.28e-132	422
CDF90245.1	CP097147.1	83.399	506	526	22	526	626470	624956	0.0	882
CDF90245.1	CP097135.1	25.874	429	526	50	443	1022578	1021415	3.71e-22	99.8
CDF90246.1	CP097141.1	33.729	421	399	1	384	574024	572846	1.96e-62	216
CDF90247.1	CP097141.1	56.757	111	117	1	108	574667	574350	3.57e-32	117
CDF90248.1	CP097147.1	54.209	487	466	5	464	627108	628514	5.27e-166	517
CDF90248.1	CP097141.1	22.756	479	466	9	429	289965	288655	1.06e-16	82.0
CDF90248.1	CP097137.1	25.500	200	466	8	197	36325	35759	6.27e-12	66.6
CDF90249.1	CP097147.1	88.219	365	368	2	366	629792	630886	0.0	699
CDF90250.1	CP097147.1	64.271	473	469	2	469	631427	632845	0.0	592
CDF90252.1	CP097141.1	42.923	431	401	3	397	576119	577402	1.43e-108	349
CDF90254.1	CP097141.1	73.077	104	104	1	104	577850	577539	5.35e-45	153
CDF90255.1	CP097141.1	58.333	96	102	7	102	578547	578810	1.85e-32	117
CDF90256.1	CP097147.1	52.336	214	220	7	220	634599	634027	1.96e-68	226
CDF90256.1	CP097138.1	31.973	147	220	38	184	547579	547998	1.20e-24	100
CDF90257.1	CP097147.1	63.889	360	364	8	364	634911	635948	1.53e-142	445
CDF90258.1	CP097141.1	51.211	289	288	4	288	579772	578912	3.93e-89	288
CDF90259.1	CP097147.1	79.851	402	401	1	393	636282	637472	0.0	640
CDF90261.1	CP097141.1	63.992	1022	1116	137	1110	586368	583309	0.0	1320
CDF90262.1	CP097141.1	56.992	1137	1153	8	1127	590725	587609	0.0	1117
CDF90262.1	CP097147.1	43.065	1168	1153	1	1122	641240	638274	0.0	735
CDF90262.1	CP097138.1	28.185	259	1153	670	907	176041	176772	2.09e-14	77.0
CDF90263.1	CP097141.1	37.519	669	1592	972	1585	593635	595431	3.57e-113	397
CDF90263.1	CP097141.1	43.523	193	1592	596	772	592912	593490	2.86e-29	126
CDF90263.1	CP097141.1	30.526	285	1592	5	260	591166	591813	5.11e-13	73.2
CDF90264.1	CP097141.1	42.574	303	272	1	254	596619	595720	6.31e-51	177
CDF90265.1	CP097143.1	46.835	474	520	55	512	318970	317591	7.15e-122	393
CDF90265.1	CP097143.1	46.774	62	520	3	64	319387	319202	6.04e-11	63.9
CDF90265.1	CP097146.1	39.899	396	520	60	446	924568	925695	7.23e-93	309
CDF90265.1	CP097146.1	52.113	71	520	3	70	923881	924093	6.44e-16	80.1
CDF90266.1	CP097141.1	70.213	47	247	201	246	597131	596991	2.23e-11	62.0
CDF90267.1	CP097147.1	94.505	91	92	2	92	642149	642421	5.79e-52	172
CDF90267.1	CP097141.1	94.505	91	92	2	92	601002	601274	6.26e-52	172
CDF90268.1	CP097141.1	77.570	321	315	2	315	602198	603157	3.49e-165	508
CDF90268.1	CP097141.1	26.102	295	315	13	298	171317	172141	1.18e-19	88.6
CDF90268.1	CP097133.1	32.558	301	315	4	294	764232	763369	6.35e-42	153
CDF90268.1	CP097133.1	26.144	306	315	12	298	429856	430725	2.44e-20	90.5
CDF90268.1	CP097133.1	24.514	257	315	57	298	588108	588863	2.46e-20	90.5
CDF90268.1	CP097147.1	32.281	285	315	16	295	589307	588483	7.80e-34	130
CDF90268.1	CP097147.1	30.952	294	315	15	291	293373	292540	6.56e-32	124
CDF90268.1	CP097147.1	27.036	307	315	11	294	571535	570648	2.60e-21	93.2
CDF90268.1	CP097147.1	25.597	293	315	12	298	661407	662243	1.15e-20	91.3
CDF90268.1	CP097147.1	30.846	201	315	111	295	571535	570954	2.85e-13	69.3
CDF90268.1	CP097147.1	27.419	186	315	13	192	589034	588495	1.15e-12	67.4
CDF90268.1	CP097147.1	22.368	304	315	12	288	816687	817556	2.80e-12	66.2
CDF90268.1	CP097147.1	27.225	191	315	11	197	293052	292525	5.14e-12	65.5
CDF90268.1	CP097146.1	31.208	298	315	13	291	728103	728936	1.43e-31	123
CDF90268.1	CP097146.1	26.042	288	315	11	292	540075	539257	3.94e-18	84.0
CDF90268.1	CP097146.1	27.184	309	315	12	303	483515	482646	6.65e-17	80.1
CDF90268.1	CP097146.1	30.270	185	315	11	195	728415	728945	8.68e-12	64.7
CDF90268.1	CP097136.1	26.045	311	315	4	298	140983	141876	4.50e-25	104
CDF90268.1	CP097136.1	21.147	279	315	29	298	256108	255338	5.37e-11	62.4
CDF90269.1	CP097141.1	71.886	281	282	3	282	603616	604458	2.71e-137	426
CDF90269.1	CP097146.1	36.082	291	282	5	267	520453	521295	1.38e-46	166
CDF90269.1	CP097135.1	34.843	287	282	9	267	1197706	1198536	7.32e-43	155
CDF90269.1	CP097135.1	30.743	296	282	5	273	246287	247150	1.18e-29	116
CDF90269.1	CP097139.1	32.686	309	282	1	265	308902	309816	7.59e-42	152
CDF90269.1	CP097133.1	33.108	296	282	6	266	520216	521076	1.33e-33	128
CDF90270.1	CP097147.1	51.692	325	438	118	437	643713	642739	2.43e-105	342
CDF90271.1	CP097141.1	59.688	320	321	8	319	609672	608773	8.41e-122	384
CDF90272.1	CP097141.1	61.686	261	259	5	254	610656	611438	6.24e-110	347
CDF90273.1	CP097141.1	56.500	200	187	4	187	612178	611579	4.63e-73	237
CDF90274.1	CP097147.1	34.615	182	184	2	180	644401	644895	1.57e-20	87.0
CDF90275.1	CP097133.1	78.032	569	576	1	569	137694	135988	0.0	961
CDF90275.1	CP097141.1	77.580	562	576	1	560	613159	614844	0.0	931
CDF90276.1	CP097141.1	75.817	153	154	1	153	615419	614961	1.61e-76	245
CDF90277.1	CP097133.1	52.083	48	51	1	48	135358	135501	1.25e-14	63.9
CDF90279.1	CP097133.1	69.194	211	219	8	218	134715	134083	1.22e-95	303
CDF90280.1	CP097133.1	87.190	242	240	1	240	133212	133934	1.63e-144	444
CDF90280.1	CP097136.1	22.368	228	240	16	240	345893	345270	1.65e-11	62.4
CDF90281.1	CP097133.1	61.905	609	606	2	597	132177	130351	0.0	773
CDF90281.1	CP097133.1	53.774	530	606	79	602	261762	263348	0.0	609
CDF90281.1	CP097140.1	51.509	530	606	79	602	386446	388032	0.0	591
CDF90281.1	CP097146.1	27.068	532	606	76	604	429846	428284	6.34e-56	204
CDF90281.1	CP097146.1	28.508	449	606	84	523	669883	668576	7.46e-53	194
CDF90281.1	CP097143.1	28.889	450	606	83	523	603788	605098	6.24e-54	197
CDF90282.1	CP097133.1	63.333	60	168	1	59	128661	128840	8.76e-19	81.3
CDF90282.1	CP097141.1	54.000	50	168	6	54	632846	632995	1.49e-11	60.5
CDF90283.1	CP097133.1	61.050	457	448	1	448	127490	126120	0.0	570
CDF90283.1	CP097143.1	28.959	442	448	4	428	489805	488486	2.28e-51	186
CDF90285.1	CP097141.1	66.359	217	250	35	250	631573	630926	9.38e-98	311
CDF90287.1	CP097133.1	54.167	192	1370	1197	1370	120400	119852	6.88e-45	177
CDF90287.1	CP097140.1	33.333	123	1370	264	386	345368	345003	2.75e-12	70.5
CDF90288.1	CP097141.1	49.505	202	205	1	202	629721	630320	1.19e-64	214
CDF90289.1	CP097141.1	58.304	283	278	1	278	629398	628550	3.30e-115	362
CDF90290.1	CP097141.1	51.271	708	668	1	668	626303	628366	0.0	695
CDF90291.1	CP097133.1	58.389	149	150	1	149	118780	119190	3.17e-51	173
CDF90292.1	CP097133.1	66.431	283	292	10	292	117220	118068	2.13e-125	392
CDF90293.1	CP097141.1	81.021	1117	1115	1	1115	625629	622279	0.0	1902
CDF90293.1	CP097141.1	56.379	1066	1115	31	1086	181638	178492	0.0	1170
CDF90293.1	CP097141.1	29.262	393	1115	579	956	181644	180478	2.81e-36	149
CDF90294.1	CP097141.1	70.229	524	529	10	528	146500	144935	0.0	771
CDF90295.1	CP097142.1	59.207	353	353	2	351	566602	565550	9.38e-134	419
CDF90296.1	CP097141.1	58.000	950	884	1	884	144536	141705	0.0	1043
CDF90297.1	CP097141.1	70.470	447	450	1	446	141246	139906	0.0	681
CDF90297.1	CP097140.1	41.784	426	450	13	404	149221	147959	7.34e-96	315
CDF90297.1	CP097143.1	27.689	437	450	13	420	817844	819130	6.56e-52	187
CDF90299.1	CP097141.1	32.211	891	853	5	849	136933	134450	4.84e-119	397
CDF90301.1	CP097141.1	52.218	496	496	1	496	131058	132296	1.25e-99	327
CDF90301.1	CP097141.1	41.786	280	496	222	496	129259	128573	5.93e-51	186
CDF90301.1	CP097141.1	55.689	167	496	338	496	133379	132879	1.76e-50	184
CDF90301.1	CP097141.1	39.130	207	496	1	207	129433	128960	1.66e-22	100
CDF90301.1	CP097141.1	45.370	108	496	20	126	133484	133269	8.37e-13	69.7
CDF90301.1	CP097142.1	45.010	511	496	1	496	144773	145909	6.16e-96	317
CDF90301.1	CP097142.1	43.574	498	496	1	496	143189	142095	6.85e-88	293
CDF90301.1	CP097142.1	64.000	50	496	398	446	146719	146570	5.67e-18	67.4
CDF90301.1	CP097142.1	37.736	53	496	444	496	146577	146419	5.67e-18	40.8
CDF90304.1	CP097141.1	32.121	165	179	21	177	127910	128386	9.70e-26	101
CDF90305.1	CP097141.1	48.734	158	508	1	150	120270	119797	3.03e-36	142
CDF90305.1	CP097141.1	32.174	345	508	167	495	119526	118561	6.41e-29	120
CDF90305.1	CP097145.1	50.000	66	508	11	76	507942	507745	8.40e-11	63.5
CDF90306.1	CP097142.1	71.817	919	917	1	916	140990	138240	0.0	1373
CDF90306.1	CP097141.1	28.571	196	917	165	349	322362	322922	3.15e-11	66.2
CDF90307.1	CP097141.1	40.748	481	557	57	503	117775	116336	1.04e-103	342
CDF90308.1	CP097142.1	82.094	363	417	67	417	135902	134814	0.0	630
CDF90308.1	CP097142.1	45.734	293	417	104	393	206960	207829	4.13e-80	268
CDF90308.1	CP097142.1	28.526	312	417	89	361	249342	250247	1.75e-39	149
CDF90308.1	CP097142.1	26.877	253	417	110	302	222546	221794	4.63e-18	85.5
CDF90308.1	CP097142.1	25.979	281	417	51	315	183890	184684	6.45e-18	85.1
CDF90308.1	CP097142.1	25.221	226	417	157	346	348218	347571	1.65e-14	74.7
CDF90308.1	CP097141.1	74.293	389	417	35	417	115799	114633	0.0	617
CDF90308.1	CP097141.1	31.933	238	417	78	302	255451	256140	8.91e-29	118
CDF90308.1	CP097141.1	30.293	307	417	98	373	189652	188768	5.49e-23	100
CDF90308.1	CP097141.1	26.316	228	417	107	323	159875	159210	3.51e-16	79.7
CDF90308.1	CP097141.1	26.906	223	417	102	307	82607	81948	5.38e-16	79.3
CDF90308.1	CP097141.1	26.160	237	417	111	305	538969	539649	3.36e-13	70.5
CDF90308.1	CP097141.1	26.515	264	417	107	315	226247	227029	5.64e-13	69.7
CDF90308.1	CP097147.1	76.562	320	417	98	417	160697	161656	1.81e-177	548
CDF90308.1	CP097147.1	33.219	292	417	72	361	151616	150789	7.09e-46	168
CDF90308.1	CP097147.1	29.787	376	417	76	399	735626	736723	1.27e-44	165
CDF90308.1	CP097147.1	32.660	297	417	89	361	279903	279043	1.67e-37	144
CDF90308.1	CP097147.1	32.979	282	417	106	372	262228	263022	9.19e-36	139
CDF90308.1	CP097147.1	28.929	280	417	104	361	257536	256718	7.46e-35	136
CDF90308.1	CP097147.1	32.195	205	417	105	302	282321	281710	9.26e-25	105
CDF90308.1	CP097147.1	24.679	312	417	99	363	480205	479303	6.55e-16	79.0
CDF90308.1	CP097147.1	26.316	228	417	107	308	653965	654621	1.98e-14	74.3
CDF90308.1	CP097147.1	28.272	191	417	135	305	489180	488614	1.93e-13	71.2
CDF90308.1	CP097144.1	45.918	294	417	104	394	445602	444730	3.10e-81	271
CDF90308.1	CP097144.1	29.720	286	417	42	322	254106	253279	5.26e-38	145
CDF90308.1	CP097144.1	25.670	261	417	112	314	824918	825700	1.44e-15	77.8
CDF90308.1	CP097144.1	30.288	208	417	107	298	517861	518454	2.23e-11	64.7
CDF90308.1	CP097139.1	43.624	298	417	102	393	496177	497064	3.45e-73	248
CDF90308.1	CP097139.1	32.301	226	417	107	323	302138	302785	3.20e-27	113
CDF90308.1	CP097139.1	29.557	203	417	110	309	79936	79340	8.15e-24	103
CDF90308.1	CP097139.1	22.458	236	417	107	323	154504	153812	2.53e-13	70.9
CDF90308.1	CP097139.1	29.710	138	417	181	306	256582	256172	2.63e-11	64.3
CDF90309.1	CP097142.1	46.970	132	133	1	131	134436	134044	8.92e-36	128
CDF90311.1	CP097141.1	62.866	307	787	505	776	112504	111584	1.92e-169	416
CDF90311.1	CP097141.1	32.550	596	787	3	508	114122	112494	1.92e-169	199
CDF90311.1	CP097141.1	26.531	343	787	464	774	538954	539901	1.61e-22	102
CDF90311.1	CP097141.1	21.835	316	787	473	775	255538	256368	2.05e-12	69.7
CDF90311.1	CP097142.1	53.295	516	787	269	777	133089	131599	2.23e-168	538
CDF90311.1	CP097142.1	27.703	296	787	508	774	69814	68951	2.36e-21	99.0
CDF90311.1	CP097142.1	27.313	227	787	550	769	249663	250253	1.12e-17	87.0
CDF90311.1	CP097142.1	26.531	196	787	598	767	150827	150270	2.28e-12	69.7
CDF90311.1	CP097142.1	32.215	149	787	549	696	135572	135168	1.47e-11	67.0
CDF90311.1	CP097134.1	38.535	314	787	463	773	129215	130072	2.03e-61	224
CDF90311.1	CP097134.1	27.928	222	787	549	769	79232	79834	2.62e-18	89.0
CDF90311.1	CP097134.1	26.480	321	787	473	780	242480	241626	9.92e-15	77.4
CDF90311.1	CP097146.1	35.556	270	787	465	731	793946	793230	1.08e-43	170
CDF90311.1	CP097146.1	28.959	221	787	549	768	745897	746511	1.33e-19	93.2
CDF90311.1	CP097146.1	30.531	226	787	474	696	264560	263979	1.20e-17	87.0
CDF90311.1	CP097146.1	28.333	240	787	467	695	79820	80479	2.51e-13	72.8
CDF90311.1	CP097146.1	26.733	303	787	473	768	214626	215390	2.80e-12	69.3
CDF90311.1	CP097135.1	30.275	327	787	456	773	412243	411368	4.20e-39	155
CDF90311.1	CP097135.1	28.528	326	787	473	773	75642	74764	2.64e-33	137
CDF90311.1	CP097135.1	29.767	215	787	549	763	1449811	1449227	1.38e-19	93.2
CDF90311.1	CP097135.1	29.091	220	787	549	768	1396597	1397181	1.53e-18	89.7
CDF90311.1	CP097135.1	23.453	307	787	471	769	714293	715126	7.89e-16	80.9
CDF90311.1	CP097135.1	30.588	170	787	529	694	273913	274395	5.56e-13	71.6
CDF90311.1	CP097135.1	26.160	237	787	474	696	1379061	1379693	5.65e-12	68.6
CDF90311.1	CP097135.1	26.000	250	787	550	783	963111	963782	1.67e-11	67.0
CDF90312.1	CP097142.1	83.333	138	138	1	138	130936	131349	4.85e-76	243
CDF90313.1	CP097142.1	35.704	717	724	7	629	127975	130038	4.98e-107	357
CDF90313.1	CP097142.1	49.474	95	724	632	722	130240	130524	5.71e-24	107
CDF90313.1	CP097137.1	26.368	201	724	318	510	149273	148734	1.42e-13	73.6
CDF90313.1	CP097146.1	25.904	166	724	318	479	264578	264120	3.78e-13	72.0
CDF90313.1	CP097134.1	32.738	168	724	320	476	79040	79495	1.91e-11	66.6
CDF90313.1	CP097132.1	27.215	158	724	320	477	156173	155745	3.77e-11	65.5
CDF90314.1	CP097141.1	79.787	94	94	1	94	111094	111375	6.49e-49	163
CDF90315.1	CP097141.1	77.907	344	348	5	348	109699	110730	0.0	569
CDF90316.1	CP097142.1	74.510	255	403	155	403	126577	127341	1.70e-120	384
CDF90317.1	CP097142.1	55.710	1007	952	2	952	122834	125842	0.0	1091
CDF90317.1	CP097135.1	28.104	886	952	100	924	1226981	1229482	3.17e-91	318
CDF90317.1	CP097146.1	27.991	886	952	100	924	544400	546901	5.89e-91	317
CDF90317.1	CP097145.1	25.690	471	952	468	877	329299	327914	3.17e-28	122
CDF90317.1	CP097145.1	28.529	333	952	118	393	331003	330062	5.01e-24	108
CDF90317.1	CP097143.1	27.869	183	952	120	284	253739	253203	1.45e-11	67.4
CDF90318.1	CP097142.1	69.501	541	589	1	536	122540	120918	0.0	736
CDF90318.1	CP097138.1	28.817	524	589	48	563	376737	375211	2.80e-49	183
CDF90318.1	CP097145.1	24.094	552	589	29	512	727827	726211	3.57e-27	116
CDF90319.1	CP097142.1	47.647	510	450	7	449	119106	120602	1.24e-139	441
CDF90320.1	CP097142.1	41.974	841	746	1	742	118290	115819	1.67e-176	560
CDF90321.1	CP097141.1	63.127	678	679	15	664	109015	106985	0.0	869
CDF90321.1	CP097139.1	34.286	140	679	111	248	334356	334775	1.33e-19	92.8
CDF90322.1	CP097141.1	33.333	198	207	18	200	106426	105833	1.61e-22	93.6
CDF90323.1	CP097141.1	57.286	398	398	5	398	105558	104368	1.06e-152	476
CDF90323.1	CP097133.1	44.215	242	398	108	343	544031	543357	2.85e-47	172
CDF90324.1	CP097142.1	53.828	431	502	1	426	114913	113636	4.84e-159	499
CDF90325.1	CP097146.1	60.506	514	576	58	571	12885	11344	0.0	683
CDF90325.1	CP097141.1	55.277	559	576	19	572	102455	104125	0.0	667
CDF90326.1	CP097141.1	63.934	122	116	1	116	101198	100833	1.21e-48	164
CDF90327.1	CP097141.1	48.881	268	268	7	257	99782	100579	2.90e-75	247
CDF90327.1	CP097135.1	40.876	274	268	3	256	371874	371083	7.27e-50	174
CDF90328.1	CP097136.1	84.420	828	811	1	811	406724	409150	0.0	1381
CDF90328.1	CP097135.1	45.198	354	811	459	809	1362412	1363473	1.03e-94	324
CDF90328.1	CP097141.1	31.200	375	811	459	809	494701	493598	1.70e-40	160
CDF90328.1	CP097138.1	31.356	354	811	461	802	253376	254407	8.00e-36	145
CDF90328.1	CP097142.1	27.070	314	811	533	807	422446	421583	1.67e-22	102
CDF90329.1	CP097138.1	27.254	477	484	1	413	180507	179089	4.84e-36	141
CDF90330.1	CP097138.1	62.186	677	781	1	605	175495	177513	0.0	775
CDF90330.1	CP097138.1	35.806	310	781	142	449	477846	478676	4.86e-49	186
CDF90330.1	CP097143.1	28.997	369	781	140	495	108833	107844	4.33e-37	149
CDF90330.1	CP097147.1	26.087	391	781	154	535	639581	638577	2.47e-14	76.3
CDF90331.1	CP097136.1	88.889	261	260	1	260	410713	409931	3.36e-159	488
CDF90332.1	CP097136.1	49.861	359	304	1	304	411015	412085	7.72e-95	305
CDF90333.1	CP097136.1	50.739	203	177	1	176	412394	413002	3.06e-60	200
CDF90334.1	CP097136.1	42.577	1226	1120	8	1120	413843	417238	0.0	726
CDF90334.1	CP097138.1	47.941	340	1120	94	433	172438	171482	3.07e-88	313
CDF90334.1	CP097138.1	28.464	267	1120	117	363	661020	661736	3.26e-19	92.8
CDF90334.1	CP097138.1	26.857	350	1120	117	423	167559	168437	3.06e-17	86.3
CDF90334.1	CP097138.1	25.670	261	1120	117	363	585893	586555	4.61e-12	69.3
CDF90334.1	CP097142.1	32.890	301	1120	111	381	348521	347649	4.39e-37	151
CDF90334.1	CP097142.1	29.581	382	1120	79	429	249261	250238	2.07e-24	110
CDF90334.1	CP097142.1	25.704	284	1120	103	385	135788	135093	9.54e-21	97.8
CDF90334.1	CP097142.1	25.373	335	1120	101	431	206918	207733	1.93e-18	90.5
CDF90334.1	CP097142.1	25.087	287	1120	108	388	184022	184735	1.52e-15	80.9
CDF90334.1	CP097135.1	32.692	260	1120	107	363	1450057	1449389	7.59e-26	114
CDF90334.1	CP097135.1	27.879	330	1120	114	442	1396414	1397199	1.28e-25	114
CDF90334.1	CP097135.1	25.862	348	1120	111	440	714266	715144	1.99e-23	106
CDF90334.1	CP097135.1	31.408	277	1120	96	363	1471335	1470685	2.93e-20	96.3
CDF90334.1	CP097135.1	25.937	347	1120	121	456	1379055	1379948	1.90e-19	93.6
CDF90334.1	CP097135.1	28.269	283	1120	104	363	287302	286607	1.45e-17	87.4
CDF90334.1	CP097135.1	26.488	336	1120	117	435	1417795	1416959	4.63e-17	85.9
CDF90334.1	CP097135.1	26.087	276	1120	118	379	179105	179812	2.07e-12	70.5
CDF90334.1	CP097135.1	23.228	254	1120	123	372	75639	75007	2.24e-12	70.5
CDF90334.1	CP097135.1	22.022	277	1120	88	363	412294	411581	2.90e-12	70.1
CDF90334.1	CP097134.1	30.151	199	1120	245	431	274666	275172	1.87e-25	82.4
CDF90334.1	CP097134.1	33.333	99	1120	116	214	274335	274592	1.87e-25	52.4
CDF90334.1	CP097134.1	29.653	317	1120	117	429	79034	79819	3.43e-22	102
CDF90334.1	CP097134.1	24.269	342	1120	37	363	242720	241839	3.49e-14	76.3
CDF90334.1	CP097134.1	25.692	253	1120	117	359	129227	129859	3.29e-12	69.7
CDF90335.1	CP097138.1	59.848	924	893	12	892	167553	170174	0.0	992
CDF90335.1	CP097138.1	28.707	317	893	14	312	220730	221602	1.10e-26	116
CDF90335.1	CP097138.1	26.936	297	893	8	280	172354	171626	3.01e-18	89.4
CDF90335.1	CP097138.1	26.235	324	893	11	304	661011	661886	4.22e-18	88.6
CDF90335.1	CP097138.1	24.823	282	893	14	278	585893	586606	3.94e-14	75.9
CDF90335.1	CP097138.1	30.732	205	893	142	308	568062	568613	4.56e-13	72.4
CDF90335.1	CP097135.1	29.936	314	893	12	324	1396417	1397205	2.80e-33	138
CDF90335.1	CP097135.1	29.968	317	893	1	308	287308	286451	8.26e-31	130
CDF90335.1	CP097135.1	32.692	260	893	59	315	1449853	1449215	2.94e-28	122
CDF90335.1	CP097135.1	26.686	341	893	13	332	1417798	1416938	5.76e-25	111
CDF90335.1	CP097135.1	26.710	307	893	63	364	714506	715276	1.19e-22	103
CDF90335.1	CP097135.1	25.515	388	893	14	382	1471284	1470283	6.37e-22	101
CDF90335.1	CP097135.1	26.316	266	893	20	263	407859	407206	8.21e-16	81.3
CDF90335.1	CP097135.1	23.494	332	893	11	326	179081	179968	5.78e-15	78.6
CDF90335.1	CP097144.1	29.831	295	893	20	311	253920	253183	2.92e-33	138
CDF90335.1	CP097144.1	27.869	305	893	2	305	445623	444865	2.79e-25	112
CDF90335.1	CP097144.1	25.150	334	893	15	303	824906	825805	1.24e-13	73.9
CDF90335.1	CP097144.1	28.090	267	893	6	264	517837	518487	1.96e-12	70.1
CDF90335.1	CP097141.1	28.146	302	893	9	305	115595	114846	2.72e-32	135
CDF90335.1	CP097141.1	27.832	309	893	12	303	255502	256284	2.44e-19	92.8
CDF90335.1	CP097141.1	26.633	199	893	74	269	226511	227026	1.93e-13	73.6
CDF90335.1	CP097141.1	25.194	258	893	19	269	189610	188975	2.04e-11	67.0
CDF90335.1	CP097141.1	27.564	156	893	132	287	159584	159189	3.41e-11	66.2
CDF90335.1	CP097142.1	28.669	293	893	13	305	135749	135027	1.73e-30	129
CDF90335.1	CP097142.1	29.070	258	893	60	315	249621	250247	2.96e-24	108
CDF90335.1	CP097142.1	26.797	306	893	2	306	206939	207700	9.08e-24	107
CDF90335.1	CP097142.1	24.373	279	893	18	257	222543	221794	5.06e-16	82.0
CDF90335.1	CP097142.1	25.818	275	893	9	264	151172	150504	7.38e-15	78.2
CDF90335.1	CP097142.1	24.771	218	893	74	269	348227	347667	1.30e-12	70.9
CDF90335.1	CP097142.1	26.364	220	893	73	278	132285	131752	7.65e-12	68.2
CDF90336.1	CP097138.1	40.992	383	517	6	385	165352	166266	3.95e-76	260
CDF90337.1	CP097138.1	54.167	144	220	3	146	164627	164199	3.38e-46	162
CDF90337.1	CP097138.1	40.000	85	220	136	220	164232	163978	4.50e-14	69.3
CDF90338.1	CP097136.1	33.585	530	482	7	479	418981	417659	1.09e-59	211
CDF90338.1	CP097136.1	55.556	54	482	427	478	208710	208552	4.32e-11	64.3
CDF90338.1	CP097142.1	61.404	57	482	422	478	324623	324793	4.47e-19	89.7
CDF90338.1	CP097144.1	69.231	52	482	427	478	327623	327468	1.38e-18	88.2
CDF90338.1	CP097138.1	50.769	65	482	419	481	103875	104066	2.14e-12	68.6
CDF90339.1	CP097138.1	62.664	458	455	5	455	163421	162048	0.0	600
CDF90339.1	CP097132.1	34.837	399	455	13	399	117888	119009	7.68e-59	207
CDF90339.1	CP097143.1	27.546	432	455	15	383	723947	725155	3.23e-25	108
CDF90339.1	CP097139.1	28.016	257	455	144	396	320750	320052	2.72e-18	86.7
CDF90339.1	CP097137.1	24.759	311	455	15	312	239185	239994	1.01e-15	79.0
CDF90340.1	CP097138.1	55.172	377	376	2	376	161720	160599	1.09e-133	420
CDF90340.1	CP097147.1	25.824	364	376	30	359	330940	329918	4.70e-23	100
CDF90340.1	CP097145.1	25.077	323	376	39	358	123039	122185	6.82e-17	81.3
CDF90341.1	CP097138.1	76.667	150	154	1	150	157600	157151	6.62e-77	246
CDF90342.1	CP097138.1	90.756	119	119	1	119	156017	155661	3.32e-68	220
CDF90342.1	CP097136.1	89.076	119	119	1	119	420484	420840	1.65e-62	204
CDF90343.1	CP097138.1	76.806	526	507	1	506	154820	153246	0.0	830
CDF90344.1	CP097138.1	69.531	128	127	1	127	152243	152626	1.69e-57	190
CDF90345.1	CP097138.1	56.395	516	533	8	502	149696	151240	0.0	602
CDF90346.1	CP097138.1	80.449	445	448	3	444	149154	147820	0.0	777
CDF90346.1	CP097145.1	49.760	416	448	26	441	19730	18498	1.74e-137	434
CDF90346.1	CP097145.1	28.571	336	448	17	328	567126	566137	7.25e-34	134
CDF90346.1	CP097147.1	37.826	230	448	109	334	671445	670768	2.49e-42	159
CDF90347.1	CP097135.1	25.858	437	641	13	390	516803	515592	5.82e-23	103
CDF90349.1	CP097138.1	62.271	2669	2675	9	2674	138972	146963	0.0	3380
CDF90349.1	CP097143.1	25.795	283	2675	1386	1656	628292	629122	3.16e-17	88.2
CDF90349.1	CP097145.1	26.022	269	2675	1395	1656	594812	595600	8.56e-17	86.7
CDF90350.1	CP097138.1	58.974	429	429	1	429	137318	138601	1.69e-173	537
CDF90351.1	CP097138.1	45.673	1537	1581	1	1443	132133	136572	0.0	1096
CDF90351.1	CP097136.1	39.116	1764	1581	1	1556	426981	421864	0.0	988
CDF90352.1	CP097138.1	54.008	237	226	2	226	131041	131730	3.00e-71	234
CDF90353.1	CP097136.1	99.209	253	312	60	312	429392	430150	3.98e-171	525
CDF90353.1	CP097136.1	90.164	61	312	1	61	428690	428872	7.32e-28	112
CDF90353.1	CP097144.1	62.903	310	312	6	312	223466	222537	7.79e-133	415
CDF90353.1	CP097144.1	37.201	293	312	37	289	155192	156061	5.99e-63	214
CDF90353.1	CP097135.1	63.226	310	312	6	312	1320230	1321159	6.65e-132	412
CDF90353.1	CP097135.1	46.809	282	312	29	305	226566	225724	9.26e-85	276
CDF90353.1	CP097135.1	45.745	282	312	29	305	130885	130043	4.46e-84	275
CDF90353.1	CP097135.1	42.373	295	312	6	299	622273	623130	7.22e-77	254
CDF90353.1	CP097135.1	43.214	280	312	29	305	375823	376659	1.69e-75	250
CDF90353.1	CP097147.1	59.197	299	312	5	297	203132	204028	3.69e-121	381
CDF90353.1	CP097145.1	39.510	286	312	29	301	680664	681521	2.80e-70	235
CDF90354.1	CP097138.1	75.269	186	201	16	201	130689	130132	1.10e-98	311
CDF90354.1	CP097139.1	29.032	186	201	29	195	317875	318399	3.18e-12	63.2
CDF90354.1	CP097132.1	27.473	182	201	28	195	141674	141129	1.22e-11	61.6
CDF90355.1	CP097147.1	62.712	118	85	1	85	865326	865679	1.72e-39	136
CDF90357.1	CP097143.1	51.000	300	312	1	294	1039784	1040683	8.05e-99	317
CDF90358.1	CP097147.1	56.771	192	195	1	191	867883	868458	9.58e-61	202
CDF90358.1	CP097143.1	46.734	199	195	1	194	1041223	1041813	4.57e-55	186
CDF90359.1	CP097147.1	81.465	437	431	1	431	869923	868613	0.0	730
CDF90359.1	CP097147.1	43.692	325	431	118	431	411061	411942	6.74e-77	259
CDF90359.1	CP097147.1	35.556	225	431	122	341	598856	599515	1.28e-33	132
CDF90359.1	CP097136.1	52.675	243	431	125	347	241609	240881	1.72e-74	252
CDF90359.1	CP097136.1	38.430	242	431	125	348	187477	186773	2.33e-34	135
CDF90359.1	CP097145.1	34.639	332	431	104	416	21000	20068	1.40e-47	174
CDF90359.1	CP097138.1	40.171	234	431	124	348	1003421	1004116	9.42e-47	171
CDF90359.1	CP097138.1	33.475	236	431	111	344	546254	546958	1.31e-41	156
CDF90359.1	CP097138.1	38.115	244	431	114	347	420845	420129	1.76e-38	147
CDF90359.1	CP097135.1	34.936	312	431	119	418	243236	242340	2.76e-43	161
CDF90359.1	CP097135.1	38.053	226	431	125	347	244037	243366	7.43e-42	157
CDF90359.1	CP097135.1	38.189	254	431	103	348	1245897	1246631	1.20e-37	144
CDF90359.1	CP097135.1	43.357	143	431	119	257	443685	444113	4.01e-30	122
CDF90360.1	CP097143.1	35.224	335	325	1	323	1042924	1041974	1.07e-39	147
CDF90360.1	CP097147.1	46.715	137	325	181	304	870576	870172	1.52e-28	115
CDF90361.1	CP097147.1	57.842	695	684	1	684	871061	873127	0.0	807
CDF90362.1	CP097147.1	69.811	318	321	4	321	874147	873194	1.75e-160	494
CDF90362.1	CP097135.1	30.292	274	321	80	319	301889	301086	7.60e-28	112
CDF90362.1	CP097138.1	27.982	218	321	132	318	227926	228552	1.58e-11	63.9
CDF90363.1	CP097147.1	47.100	431	463	36	459	874544	875815	7.71e-125	399
CDF90363.1	CP097147.1	23.790	248	463	232	460	260879	260178	7.88e-15	75.9
CDF90363.1	CP097147.1	27.222	180	463	224	396	261050	260520	3.56e-13	70.9
CDF90363.1	CP097147.1	30.247	162	463	304	461	261050	260574	1.70e-11	65.5
CDF90363.1	CP097134.1	33.333	162	463	309	463	260098	259613	8.81e-22	97.8
CDF90363.1	CP097134.1	36.134	119	463	257	375	240183	239827	1.30e-18	87.8
CDF90363.1	CP097134.1	23.385	325	463	183	459	240792	239827	1.13e-17	85.1
CDF90363.1	CP097134.1	25.108	231	463	234	461	221420	220734	9.78e-16	79.0
CDF90363.1	CP097134.1	22.745	255	463	234	460	260065	259316	2.46e-15	77.8
CDF90363.1	CP097134.1	27.811	169	463	258	417	240957	240454	2.68e-15	77.4
CDF90363.1	CP097134.1	29.078	141	463	279	418	240246	239824	2.26e-13	71.2
CDF90363.1	CP097134.1	27.059	170	463	304	463	240945	240442	8.64e-11	63.2
CDF90363.1	CP097133.1	24.111	253	463	226	462	597191	596433	2.05e-21	96.7
CDF90363.1	CP097133.1	36.641	131	463	255	380	596819	596427	3.48e-20	92.8
CDF90363.1	CP097133.1	30.201	149	463	317	462	562590	563027	5.38e-11	63.9
CDF90363.1	CP097135.1	25.830	271	463	183	420	204190	203390	1.88e-18	87.4
CDF90363.1	CP097135.1	24.255	235	463	257	461	204229	203525	3.48e-14	73.9
CDF90363.1	CP097135.1	29.213	178	463	298	460	998969	998436	2.84e-11	64.7
CDF90363.1	CP097135.1	28.916	166	463	257	417	1193431	1192934	9.69e-11	63.2
CDF90363.1	CP097143.1	24.380	242	463	234	459	381022	381744	1.47e-17	84.7
CDF90363.1	CP097143.1	25.909	220	463	258	460	577093	576440	2.25e-17	84.0
CDF90364.1	CP097147.1	56.923	650	642	1	642	877856	875907	0.0	728
CDF90365.1	CP097147.1	85.658	767	757	1	756	881759	879459	0.0	1388
CDF90366.1	CP097143.1	60.705	397	393	2	393	1043483	1044670	2.24e-143	449
CDF90367.1	CP097147.1	70.000	70	103	9	78	882326	882535	6.75e-29	107
CDF90368.1	CP097147.1	75.655	267	266	1	265	882848	883648	7.02e-135	418
CDF90369.1	CP097147.1	67.731	1534	1524	3	1523	884137	888735	0.0	2205
CDF90370.1	CP097147.1	58.113	265	697	7	261	889332	890126	2.22e-92	314
CDF90371.1	CP097147.1	51.966	356	418	45	375	892979	891912	6.16e-118	377
CDF90371.1	CP097141.1	31.088	193	418	44	228	335593	335060	4.45e-15	76.3
CDF90371.1	CP097138.1	37.719	114	418	23	134	29551	29880	9.96e-14	72.0
CDF90371.1	CP097146.1	31.034	145	418	26	168	505144	505539	6.71e-13	69.3
CDF90371.1	CP097146.1	35.593	118	418	74	184	505165	505509	7.40e-12	66.2
CDF90372.1	CP097147.1	81.169	154	161	8	161	893445	893888	2.13e-75	243
CDF90373.1	CP097147.1	41.718	163	159	1	159	894570	894082	1.12e-37	134
CDF90375.1	CP097147.1	60.476	630	645	28	645	901057	899174	0.0	758
CDF90376.1	CP097142.1	55.620	685	653	2	653	407370	405331	0.0	741
CDF90376.1	CP097144.1	30.636	519	653	128	626	399743	398340	9.31e-52	192
CDF90376.1	CP097143.1	28.952	601	653	125	628	983049	984734	1.22e-42	165
CDF90376.1	CP097136.1	30.326	521	653	178	650	533775	535208	1.37e-41	161
CDF90376.1	CP097139.1	29.668	482	653	182	634	411628	410384	4.00e-33	135
CDF90377.1	CP097142.1	69.969	323	325	1	321	404249	405217	2.19e-159	491
CDF90378.1	CP097142.1	40.964	83	101	14	94	403984	403736	2.10e-16	71.6
CDF90379.1	CP097140.1	30.385	260	354	50	284	381537	382283	1.56e-22	97.8
CDF90380.1	CP097140.1	64.451	346	357	12	356	383641	382604	1.17e-159	494
CDF90381.1	CP097142.1	55.016	309	317	4	304	402721	403641	8.19e-111	352
CDF90381.1	CP097141.1	25.943	212	317	28	224	391845	391210	1.35e-18	85.5
CDF90382.1	CP097140.1	41.351	1110	1075	40	1072	393903	397151	0.0	761
CDF90382.1	CP097142.1	43.419	585	1075	545	1071	400697	398991	1.09e-123	418
CDF90382.1	CP097142.1	51.082	231	1075	134	351	401969	401277	2.09e-67	248
CDF90383.1	CP097142.1	61.340	388	389	3	369	398708	397551	6.96e-161	499
CDF90384.1	CP097140.1	86.027	365	371	2	366	398438	397344	0.0	662
CDF90385.1	CP097142.1	53.581	782	752	1	737	397260	394972	0.0	805
CDF90387.1	CP097142.1	70.619	194	304	111	304	393237	392656	2.98e-89	289
CDF90387.1	CP097135.1	26.794	209	304	119	296	923258	923878	2.01e-19	87.4
CDF90387.1	CP097136.1	25.980	204	304	123	293	516193	516798	1.07e-12	67.4
CDF90388.1	CP097140.1	62.249	249	249	1	249	399498	398752	8.45e-105	331
CDF90388.1	CP097140.1	49.225	258	249	1	249	400574	399801	2.14e-80	261
CDF90389.1	CP097142.1	45.180	695	641	1	641	392406	390370	0.0	575
CDF90390.1	CP097139.1	40.468	299	294	9	294	152764	151904	7.37e-57	196
CDF90391.1	CP097139.1	32.207	503	516	20	511	188884	190362	1.14e-79	270
CDF90391.1	CP097143.1	34.447	479	516	50	511	70639	72021	1.06e-72	250
CDF90391.1	CP097133.1	30.057	529	516	1	514	240112	238550	1.83e-63	223
CDF90391.1	CP097147.1	26.233	507	516	8	508	775337	776839	7.34e-62	218
CDF90391.1	CP097138.1	26.981	467	516	44	508	752132	750747	6.30e-60	213
CDF90393.1	CP097143.1	63.002	573	572	1	570	8800	10518	0.0	740
CDF90393.1	CP097141.1	49.153	354	572	217	562	658956	657919	4.95e-102	337
CDF90393.1	CP097141.1	30.818	159	572	1	158	659820	659356	5.13e-23	102
CDF90393.1	CP097144.1	49.432	352	572	219	562	97440	98471	8.07e-98	325
CDF90393.1	CP097144.1	34.597	211	572	5	212	96564	97142	7.75e-29	121
CDF90394.1	CP097143.1	39.080	87	102	12	97	213406	213146	5.46e-11	56.2
CDF90395.1	CP097133.1	57.083	240	258	19	254	582836	583546	3.13e-78	255
CDF90396.1	CP097137.1	71.884	345	400	1	343	239113	240144	1.55e-171	530
CDF90396.1	CP097132.1	25.926	351	400	53	387	117969	119006	2.54e-32	128
CDF90396.1	CP097139.1	26.289	388	400	20	391	321134	320034	1.91e-20	92.8
CDF90396.1	CP097138.1	22.947	414	400	12	381	163427	162243	1.23e-11	65.5
CDF90400.1	CP097133.1	66.697	1102	1094	20	1094	666670	669927	0.0	1477
CDF90401.1	CP097133.1	73.893	429	421	1	420	671360	670074	0.0	671
CDF90402.1	CP097133.1	59.072	733	836	122	836	672020	674182	0.0	846
CDF90402.1	CP097133.1	26.037	434	836	246	619	508939	510186	5.52e-35	143
CDF90402.1	CP097145.1	39.062	384	836	206	587	414830	415915	5.26e-71	254
CDF90402.1	CP097145.1	23.138	376	836	290	615	690891	691904	9.75e-13	70.9
CDF90402.1	CP097135.1	32.266	406	836	238	621	956548	955403	5.48e-56	209
CDF90402.1	CP097135.1	30.170	411	836	264	632	400559	401755	3.95e-52	197
CDF90402.1	CP097135.1	31.609	348	836	271	618	177792	176836	5.16e-44	172
CDF90402.1	CP097135.1	29.834	362	836	271	627	492076	493074	2.06e-40	160
CDF90402.1	CP097135.1	30.000	380	836	270	626	866203	865115	4.75e-37	149
CDF90402.1	CP097135.1	26.753	385	836	241	621	311413	312486	1.58e-34	141
CDF90402.1	CP097146.1	32.432	407	836	234	621	693011	694150	2.73e-54	204
CDF90402.1	CP097146.1	26.799	403	836	229	621	384356	383247	2.89e-38	153
CDF90402.1	CP097147.1	34.474	409	836	234	621	319780	318641	1.21e-53	202
CDF90403.1	CP097138.1	42.857	154	152	1	152	317327	316908	3.05e-24	96.3
CDF90404.1	CP097133.1	64.603	743	702	1	702	676971	674779	0.0	963
CDF90404.1	CP097138.1	45.302	596	702	103	695	319289	317613	1.61e-174	552
CDF90405.1	CP097141.1	44.689	1092	990	5	985	282733	279623	0.0	772
CDF90405.1	CP097142.1	43.096	956	990	9	919	479049	481745	0.0	680
CDF90406.1	CP097141.1	64.800	625	624	1	624	277570	279438	0.0	852
CDF90407.1	CP097141.1	54.602	804	824	11	795	277198	274832	0.0	898
CDF90408.1	CP097141.1	70.154	325	318	1	317	273573	274547	5.10e-157	484
CDF90408.1	CP097141.1	23.734	316	318	2	306	177228	176341	2.06e-13	69.7
CDF90409.1	CP097142.1	25.767	163	242	95	234	482453	481965	1.28e-11	62.8
CDF90410.1	CP097141.1	36.717	591	1065	188	731	271012	272655	3.38e-90	317
CDF90410.1	CP097141.1	58.442	77	1065	21	97	270745	270975	2.25e-25	113
CDF90410.1	CP097144.1	60.000	60	1065	36	95	803294	803115	9.31e-18	88.2
CDF90411.1	CP097141.1	38.151	768	682	1	682	269797	267506	3.29e-153	490
CDF90412.1	CP097141.1	59.184	490	486	5	486	267289	265829	4.06e-168	524
CDF90414.1	CP097141.1	60.571	875	869	1	869	259188	256573	0.0	1046
CDF90415.1	CP097141.1	61.094	969	1465	515	1460	253588	256422	0.0	1101
CDF90415.1	CP097141.1	30.739	257	1465	1146	1397	115610	114879	4.46e-25	112
CDF90415.1	CP097141.1	27.740	292	1465	1167	1443	189607	188792	5.89e-23	105
CDF90415.1	CP097141.1	29.091	220	1465	1161	1362	159875	159282	2.68e-15	80.5
CDF90415.1	CP097141.1	23.343	347	1465	1165	1426	226259	227293	3.24e-14	77.0
CDF90415.1	CP097141.1	23.510	302	1465	1077	1361	82850	81978	9.50e-11	65.5
CDF90415.1	CP097143.1	38.855	332	1465	1161	1446	848162	849139	4.10e-60	228
CDF90415.1	CP097143.1	26.667	300	1465	1161	1436	312915	313775	1.97e-24	110
CDF90415.1	CP097143.1	28.621	290	1465	1167	1426	351724	352545	8.60e-24	108
CDF90415.1	CP097143.1	28.333	240	1465	1225	1427	626347	627039	4.89e-21	99.4
CDF90415.1	CP097134.1	35.315	286	1465	1161	1426	242495	241665	7.40e-43	171
CDF90415.1	CP097134.1	30.435	276	1465	1161	1426	79034	79828	4.33e-27	119
CDF90415.1	CP097134.1	32.420	219	1465	1165	1370	129242	129883	5.26e-24	109
CDF90415.1	CP097145.1	34.000	300	1465	1161	1426	676247	675369	2.34e-42	169
CDF90415.1	CP097145.1	30.662	287	1465	1165	1430	71065	71904	4.23e-31	132
CDF90415.1	CP097145.1	27.119	295	1465	1160	1426	704594	705442	2.60e-19	94.0
CDF90415.1	CP097145.1	30.526	190	1465	1266	1427	57644	57081	6.89e-19	92.4
CDF90415.1	CP097145.1	27.551	196	1465	1174	1366	295126	294554	2.67e-14	77.4
CDF90415.1	CP097145.1	29.054	148	1465	1165	1311	334653	335078	3.00e-13	73.9
CDF90415.1	CP097132.1	37.634	279	1465	1165	1442	156167	155394	1.38e-40	164
CDF90415.1	CP097132.1	25.641	273	1465	1167	1428	110563	111327	5.33e-17	86.3
CDF90416.1	CP097141.1	75.439	114	158	45	158	251377	251718	1.56e-55	186
CDF90417.1	CP097141.1	57.212	208	217	1	208	250337	250960	1.27e-76	249
CDF90418.1	CP097142.1	48.511	1175	1154	1	1128	494040	497132	0.0	927
CDF90418.1	CP097141.1	44.360	1188	1154	1	1147	246828	249983	0.0	825
CDF90418.1	CP097137.1	44.444	342	1154	221	539	209981	210988	1.99e-74	271
CDF90418.1	CP097137.1	37.234	188	1154	683	836	211136	211690	7.35e-29	124
CDF90418.1	CP097138.1	40.810	321	1154	224	521	73773	72814	1.90e-61	230
CDF90418.1	CP097138.1	35.417	192	1154	683	849	72546	71980	3.38e-28	122
CDF90420.1	CP097142.1	50.276	724	754	25	740	491216	493351	0.0	705
CDF90420.1	CP097141.1	45.481	697	754	52	746	244289	246379	0.0	688
CDF90420.1	CP097144.1	26.052	618	754	92	667	716093	717715	5.27e-22	100
CDF90420.1	CP097146.1	34.940	166	754	539	688	849274	849762	1.03e-16	84.0
CDF90421.1	CP097141.1	52.090	622	556	1	556	242009	243829	0.0	582
CDF90422.1	CP097141.1	64.680	671	667	1	661	241102	239090	0.0	924
CDF90423.1	CP097141.1	55.846	804	803	13	803	236143	238500	0.0	904
CDF90423.1	CP097143.1	35.130	538	803	19	545	253742	252252	3.95e-84	293
CDF90423.1	CP097143.1	39.316	117	803	18	128	706899	707237	1.74e-15	80.1
CDF90423.1	CP097146.1	37.086	151	803	18	149	544454	544894	1.20e-19	93.6
CDF90423.1	CP097146.1	32.051	156	803	1	148	653495	653944	8.39e-12	67.8
CDF90423.1	CP097135.1	37.086	151	803	18	149	1227035	1227475	1.20e-19	93.6
CDF90423.1	CP097145.1	36.667	150	803	17	149	331006	330569	7.92e-14	74.3
CDF90424.1	CP097142.1	78.689	305	302	1	302	489437	488523	7.19e-164	503
CDF90425.1	CP097142.1	62.441	213	260	48	260	487759	488397	3.90e-91	293
CDF90426.1	CP097142.1	60.000	745	717	1	717	487154	484929	0.0	917
CDF90426.1	CP097142.1	29.954	217	717	130	345	554485	555039	3.08e-13	72.4
CDF90426.1	CP097144.1	28.041	592	717	101	674	823754	822297	2.94e-53	198
CDF90426.1	CP097141.1	29.389	507	717	173	674	388638	389864	1.47e-47	181
CDF90426.1	CP097141.1	29.954	217	717	130	345	165211	164657	2.05e-13	72.8
CDF90426.1	CP097137.1	26.316	532	717	171	691	122334	121021	4.82e-39	154
CDF90426.1	CP097143.1	26.353	425	717	128	551	118172	119230	6.30e-38	151
CDF90426.1	CP097143.1	31.839	223	717	129	348	688524	687910	5.87e-20	94.4
CDF90427.1	CP097141.1	41.975	405	499	147	498	234955	233777	8.80e-86	287
CDF90427.1	CP097141.1	77.083	48	499	1	48	235627	235484	4.47e-19	89.7
CDF90427.1	CP097133.1	35.465	172	499	327	495	678507	678031	1.02e-23	104
CDF90427.1	CP097147.1	28.959	221	499	277	495	294354	293812	9.36e-17	82.4
CDF90428.1	CP097142.1	49.699	499	499	1	473	483201	484676	6.67e-121	389
CDF90429.1	CP097138.1	47.447	1136	1093	16	1062	812400	815762	0.0	1039
CDF90430.1	CP097141.1	59.305	489	467	1	467	453713	455173	0.0	588
CDF90431.1	CP097138.1	61.964	560	556	7	554	817749	816070	0.0	728
CDF90431.1	CP097138.1	25.387	323	556	18	307	996083	995190	6.74e-14	73.6
CDF90432.1	CP097138.1	67.857	252	250	1	250	818804	818061	3.74e-97	309
CDF90433.1	CP097138.1	56.478	301	300	1	299	887050	887952	1.60e-109	347
CDF90434.1	CP097143.1	70.588	102	105	3	104	212061	211759	6.73e-46	155
CDF90434.1	CP097138.1	66.019	103	105	3	105	888391	888083	4.30e-45	153
CDF90434.1	CP097134.1	43.434	99	105	3	101	258635	258928	6.08e-27	101
CDF90434.1	CP097136.1	35.714	98	105	1	94	529331	529038	4.91e-14	65.1
CDF90434.1	CP097135.1	32.653	98	105	1	94	670075	669782	4.99e-12	59.3
CDF90435.1	CP097143.1	45.445	933	874	4	870	217748	215115	0.0	715
CDF90437.1	CP097138.1	86.618	411	413	1	411	889905	888673	0.0	749
CDF90437.1	CP097139.1	31.579	171	413	1	161	67490	67026	3.46e-13	70.5
CDF90437.1	CP097133.1	36.170	141	413	8	146	271849	271457	7.64e-13	69.3
CDF90438.1	CP097138.1	79.381	485	485	4	484	890411	891865	0.0	818
CDF90439.1	CP097138.1	40.085	469	475	5	461	892216	893601	7.85e-100	327
CDF90440.1	CP097143.1	48.174	712	712	8	712	221454	219403	0.0	654
CDF90440.1	CP097138.1	29.954	434	712	121	528	208222	209454	2.06e-31	130
CDF90441.1	CP097138.1	89.686	223	252	30	252	896283	896951	3.56e-119	372
CDF90441.1	CP097143.1	86.937	222	252	31	252	222731	223396	2.98e-117	367
CDF90441.1	CP097143.1	83.784	37	252	1	36	222282	222392	9.63e-11	60.5
CDF90442.1	CP097135.1	72.148	973	970	1	970	947556	944638	0.0	1460
CDF90443.1	CP097135.1	36.592	757	926	192	923	949728	947809	1.88e-91	318
CDF90444.1	CP097135.1	36.971	449	424	28	423	951757	950420	2.89e-87	289
CDF90445.1	CP097135.1	88.816	152	168	17	168	93678	94133	6.29e-85	270
CDF90445.1	CP097136.1	40.217	92	168	41	132	98164	98439	1.69e-20	86.3
CDF90446.1	CP097135.1	56.213	338	326	3	325	93377	92364	6.21e-126	395
CDF90447.1	CP097135.1	49.351	616	562	1	562	957305	959140	5.21e-174	545
CDF90447.1	CP097144.1	26.903	565	562	1	547	293252	294730	1.18e-49	184
CDF90448.1	CP097135.1	61.022	372	369	2	368	959674	960714	5.93e-153	475
CDF90449.1	CP097147.1	46.331	954	1177	293	1171	509445	512222	0.0	717
CDF90450.1	CP097147.1	57.802	1083	1038	1	1038	493953	497183	0.0	1268
CDF90451.1	CP097147.1	67.119	663	652	1	651	493568	491607	0.0	908
CDF90451.1	CP097138.1	43.945	289	652	13	298	285914	286747	2.35e-65	233
CDF90451.1	CP097138.1	40.458	262	652	398	652	286889	287662	7.26e-51	189
CDF90452.1	CP097147.1	50.198	253	249	9	247	490740	491489	1.73e-70	233
CDF90453.1	CP097135.1	60.793	227	214	1	213	961030	961683	1.73e-84	271
CDF90454.1	CP097138.1	53.509	114	606	2	115	617079	616765	1.20e-29	124
CDF90454.1	CP097135.1	51.852	54	606	5	58	902087	902248	6.21e-13	70.9
CDF90454.1	CP097144.1	33.721	86	606	5	90	99629	99886	3.45e-11	65.1
CDF90454.1	CP097136.1	50.000	56	606	3	56	208722	208555	4.38e-11	64.7
CDF90455.1	CP097143.1	27.458	590	571	3	560	854645	856339	5.29e-63	223
CDF90457.1	CP097143.1	80.864	162	160	1	160	859259	858774	1.53e-87	277
CDF90458.1	CP097143.1	66.479	1420	1360	3	1360	859779	863831	0.0	1778
CDF90458.1	CP097138.1	52.842	950	1360	419	1358	620881	623568	0.0	1004
CDF90459.1	CP097143.1	61.605	349	345	1	345	864404	865438	9.35e-137	427
CDF90459.1	CP097134.1	50.325	308	345	34	338	189786	190700	5.68e-88	287
CDF90459.1	CP097141.1	48.582	282	345	36	313	73390	72551	4.63e-83	273
CDF90460.1	CP097143.1	55.814	344	394	54	394	868759	869775	2.80e-115	368
CDF90460.1	CP097135.1	49.602	377	394	49	394	373859	372741	3.50e-105	339
CDF90460.1	CP097135.1	35.106	94	394	292	385	1371251	1371487	8.53e-12	65.9
CDF90460.1	CP097139.1	35.106	94	394	292	385	102359	102595	2.37e-13	70.5
CDF90462.1	CP097135.1	41.418	268	273	1	267	371871	371071	2.72e-62	210
CDF90462.1	CP097141.1	38.433	268	273	5	263	99788	100576	1.90e-46	165
CDF90463.1	CP097135.1	64.122	262	263	7	263	369989	370759	7.00e-104	329
CDF90464.1	CP097143.1	35.146	239	218	1	216	870607	869915	1.12e-36	134
CDF90465.1	CP097135.1	64.419	267	290	1	265	369575	368775	1.49e-122	384
CDF90466.1	CP097143.1	74.328	335	348	13	345	871812	870808	2.75e-171	527
CDF90467.1	CP097135.1	39.333	150	174	31	174	368143	367703	2.18e-24	97.4
CDF90468.1	CP097135.1	54.176	467	470	1	446	367283	365898	4.20e-158	495
CDF90469.1	CP097143.1	82.845	478	479	2	479	874228	872795	0.0	830
CDF90469.1	CP097133.1	32.704	477	479	1	464	750087	748678	1.72e-61	216
CDF90471.1	CP097139.1	62.201	209	231	1	209	452831	453454	2.64e-84	271
CDF90472.1	CP097139.1	82.099	486	488	2	487	456569	458026	0.0	824
CDF90472.1	CP097138.1	78.439	487	488	1	487	979461	980921	0.0	815
CDF90473.1	CP097139.1	30.060	499	535	62	533	458632	460047	1.55e-60	215
CDF90474.1	CP097138.1	57.418	364	350	1	348	982130	981051	3.75e-136	426
CDF90474.1	CP097138.1	23.513	353	350	9	344	668960	669844	1.52e-12	67.4
CDF90474.1	CP097147.1	27.356	329	350	19	338	293361	292549	5.27e-26	108
CDF90474.1	CP097147.1	27.692	260	350	87	345	589220	588483	7.63e-23	99.0
CDF90474.1	CP097147.1	27.817	284	350	79	343	571457	570651	5.19e-15	75.1
CDF90474.1	CP097147.1	28.500	200	350	148	342	571529	570963	8.99e-12	65.1
CDF90474.1	CP097146.1	27.083	336	350	10	338	728085	728927	1.91e-25	106
CDF90474.1	CP097146.1	25.954	262	350	68	310	483482	482736	1.90e-13	70.5
CDF90474.1	CP097136.1	23.324	343	350	13	350	141001	141882	6.75e-19	87.0
CDF90474.1	CP097144.1	26.619	278	350	87	350	565770	564946	3.42e-17	81.6
CDF90475.1	CP097139.1	37.383	107	281	166	270	460547	460233	7.36e-15	73.2
CDF90476.1	CP097138.1	52.202	1090	1004	1	1003	985591	982499	0.0	1036
CDF90476.1	CP097142.1	26.471	204	1004	728	927	225747	225193	5.91e-16	82.0
CDF90476.1	CP097142.1	38.095	105	1004	1	95	226104	225790	1.58e-11	67.4
CDF90476.1	CP097135.1	30.303	132	1004	736	862	990786	990391	1.83e-13	73.9
CDF90476.1	CP097146.1	29.134	127	1004	738	859	362798	362418	2.33e-12	70.1
CDF90477.1	CP097139.1	69.763	1561	1529	1	1529	466273	461603	0.0	2188
CDF90478.1	CP097139.1	49.342	304	301	1	295	466591	467499	8.21e-76	250
CDF90479.1	CP097139.1	55.319	564	670	94	646	469366	467687	0.0	636
CDF90480.1	CP097144.1	61.071	971	965	1	965	817728	820640	0.0	1283
CDF90481.1	CP097138.1	52.652	773	797	1	747	991577	989298	0.0	810
CDF90481.1	CP097142.1	28.365	208	797	46	245	189122	188511	3.00e-17	85.5
CDF90482.1	CP097144.1	35.678	398	424	41	420	820914	821963	1.16e-61	214
CDF90483.1	CP097138.1	71.374	262	261	1	261	992586	991804	3.03e-127	396
CDF90484.1	CP097138.1	26.359	368	380	21	377	993891	992803	1.52e-41	154
CDF90485.1	CP097144.1	87.327	505	493	1	492	823748	822234	0.0	905
CDF90485.1	CP097141.1	40.929	452	493	31	474	388527	389873	3.93e-96	317
CDF90485.1	CP097141.1	30.366	382	493	16	393	165256	164153	1.18e-40	155
CDF90485.1	CP097139.1	38.504	361	493	29	389	214296	213238	6.87e-73	250
CDF90485.1	CP097139.1	34.316	373	493	31	393	427784	428884	4.41e-53	192
CDF90485.1	CP097143.1	38.227	361	493	29	381	118172	119230	1.15e-71	246
CDF90485.1	CP097143.1	32.616	279	493	21	287	688551	687724	5.69e-31	126
CDF90485.1	CP097137.1	34.498	458	493	43	475	122403	121051	1.90e-66	231
CDF90486.1	CP097138.1	53.672	708	715	4	706	997489	999576	0.0	817
CDF90487.1	CP097144.1	53.606	513	509	8	489	824831	826366	1.81e-170	532
CDF90487.1	CP097144.1	26.266	316	509	31	341	253932	253159	9.87e-23	101
CDF90487.1	CP097137.1	28.704	324	509	17	337	149306	148485	1.19e-30	125
CDF90487.1	CP097147.1	25.490	306	509	34	338	257509	256715	1.28e-28	119
CDF90487.1	CP097147.1	25.466	322	509	29	337	282315	281512	1.13e-18	88.6
CDF90487.1	CP097147.1	26.641	259	509	35	291	160742	161350	7.48e-18	85.9
CDF90487.1	CP097147.1	24.746	295	509	3	281	279939	279217	3.96e-17	83.6
CDF90487.1	CP097147.1	25.630	238	509	105	340	262387	262980	1.00e-15	79.3
CDF90487.1	CP097147.1	23.431	239	509	102	337	151376	150789	5.53e-15	77.0
CDF90487.1	CP097146.1	25.595	336	509	15	337	264617	263790	5.13e-27	114
CDF90487.1	CP097146.1	25.087	287	509	20	295	98275	98976	1.25e-16	82.0
CDF90487.1	CP097146.1	23.853	327	509	32	342	745714	746523	2.81e-16	80.9
CDF90487.1	CP097146.1	24.169	331	509	33	348	742997	743821	7.11e-15	76.6
CDF90487.1	CP097146.1	26.702	191	509	103	287	959272	958748	2.53e-12	68.6
CDF90487.1	CP097146.1	24.118	340	509	13	341	214563	215372	2.98e-12	68.2
CDF90487.1	CP097139.1	26.727	333	509	34	366	302153	302956	2.23e-23	103
CDF90487.1	CP097139.1	27.564	312	509	34	339	496207	496977	2.55e-18	87.4
CDF90487.1	CP097139.1	25.000	276	509	82	347	79873	79160	4.23e-16	80.5
CDF90487.1	CP097139.1	26.404	178	509	103	278	256621	256184	1.00e-12	69.7
CDF90488.1	CP097138.1	83.471	242	242	1	241	1000562	999837	2.13e-135	419
CDF90489.1	CP097138.1	42.727	220	218	12	217	1001462	1000905	2.09e-44	157
CDF90490.1	CP097144.1	81.679	131	138	8	138	827055	827447	3.64e-52	175
CDF90491.1	CP097138.1	54.712	1422	1368	1	1366	1002197	1006330	0.0	1351
CDF90491.1	CP097138.1	36.842	247	1368	382	624	420803	420084	6.36e-45	177
CDF90491.1	CP097138.1	40.693	231	1368	377	605	546287	546955	8.65e-42	167
CDF90491.1	CP097135.1	45.324	278	1368	377	651	244049	243237	2.18e-62	234
CDF90491.1	CP097135.1	41.473	258	1368	378	631	243224	242487	9.52e-48	187
CDF90491.1	CP097135.1	40.000	145	1368	382	523	443709	444128	2.06e-42	116
CDF90491.1	CP097135.1	42.857	91	1368	525	615	444131	444400	2.06e-42	75.9
CDF90491.1	CP097135.1	39.024	246	1368	379	619	1245942	1246658	6.53e-39	158
CDF90491.1	CP097143.1	33.562	438	1368	380	809	911226	910084	2.40e-57	218
CDF90491.1	CP097143.1	32.675	456	1368	379	806	58013	56706	5.87e-52	201
CDF90491.1	CP097143.1	39.437	284	1368	379	646	57029	56193	7.00e-50	194
CDF90491.1	CP097143.1	39.773	264	1368	380	643	910413	909679	1.48e-48	189
CDF90491.1	CP097146.1	40.486	247	1368	372	609	782945	782223	1.58e-49	192
CDF90491.1	CP097146.1	37.768	233	1368	382	609	514878	515552	1.37e-40	163
CDF90491.1	CP097142.1	38.078	281	1368	379	654	175364	176134	1.79e-48	189
CDF90491.1	CP097142.1	35.537	242	1368	377	610	72055	71345	1.01e-38	157
CDF90492.1	CP097144.1	58.785	461	468	3	457	828956	827577	3.42e-164	512
CDF90492.1	CP097133.1	32.278	316	468	2	303	622218	621322	6.93e-25	107
CDF90493.1	CP097144.1	32.500	240	355	123	352	829494	830213	9.00e-32	125
CDF90494.1	CP097138.1	75.000	1968	1962	1	1960	1006618	1012518	0.0	3137
CDF90494.1	CP097138.1	30.618	712	1962	1134	1804	38370	36343	1.20e-80	296
CDF90494.1	CP097138.1	33.583	533	1962	234	750	38532	37048	3.42e-69	258
CDF90494.1	CP097136.1	34.889	1714	1962	134	1789	525200	520185	0.0	973
CDF90494.1	CP097143.1	30.435	207	1962	1135	1339	915097	914537	5.69e-15	80.1
CDF90494.1	CP097143.1	32.051	156	1962	1371	1518	914191	913742	1.02e-11	69.3
CDF90495.1	CP097138.1	50.901	222	206	10	204	1013277	1012630	8.78e-51	174
CDF90496.1	CP097144.1	61.500	200	195	1	193	831043	830459	1.89e-65	216
CDF90496.1	CP097138.1	48.438	128	195	26	141	1014042	1013659	2.39e-32	121
CDF90497.1	CP097144.1	65.766	555	555	1	555	833042	831378	0.0	769
CDF90497.1	CP097135.1	31.153	321	555	148	448	568230	569186	2.89e-36	143
CDF90497.1	CP097135.1	26.437	261	555	152	390	934559	935314	9.57e-20	92.4
CDF90498.1	CP097144.1	69.101	534	530	1	529	834072	835667	0.0	773
CDF90498.1	CP097133.1	53.286	426	530	102	523	496016	497278	2.53e-151	478
CDF90498.1	CP097138.1	27.105	380	530	131	474	121921	120806	4.57e-28	118
CDF90499.1	CP097144.1	69.118	136	141	6	141	836020	836418	7.35e-63	206
CDF90500.1	CP097138.1	57.831	1079	1001	1	968	1017922	1014752	0.0	1162
CDF90501.1	CP097138.1	33.121	157	171	2	146	1018112	1018552	1.14e-15	72.4
CDF90502.1	CP097138.1	41.746	527	678	155	672	1020137	1018647	7.38e-110	364
CDF90502.1	CP097143.1	37.576	165	678	332	492	344843	345316	3.13e-24	107
CDF90502.1	CP097146.1	33.971	209	678	294	489	149718	149122	2.57e-23	104
CDF90503.1	CP097144.1	31.250	320	308	3	308	837488	836565	1.67e-34	131
CDF90504.1	CP097144.1	83.333	510	509	1	509	839243	837714	0.0	899
CDF90505.1	CP097144.1	79.450	618	699	68	685	841559	839709	0.0	1033
CDF90505.1	CP097143.1	33.592	387	699	291	671	525765	526916	7.87e-54	199
CDF90505.1	CP097143.1	31.437	334	699	385	692	27503	26526	7.80e-35	141
CDF90505.1	CP097143.1	35.636	275	699	415	665	106042	106836	3.57e-31	130
CDF90505.1	CP097143.1	26.160	237	699	425	655	29438	28737	1.91e-20	95.5
CDF90505.1	CP097143.1	24.900	249	699	461	695	104188	104904	6.22e-14	74.3
CDF90505.1	CP097147.1	30.880	557	699	148	688	31509	33104	1.35e-51	193
CDF90505.1	CP097142.1	29.436	479	699	232	682	46113	44704	5.43e-49	185
CDF90505.1	CP097142.1	31.646	237	699	431	662	43416	42724	1.02e-27	119
CDF90505.1	CP097142.1	35.780	109	699	417	524	655926	656243	6.26e-15	77.8
CDF90505.1	CP097142.1	23.238	383	699	315	687	653718	654842	7.49e-15	77.4
CDF90505.1	CP097142.1	38.182	110	699	557	666	656393	656716	7.96e-14	74.3
CDF90505.1	CP097135.1	33.762	311	699	362	665	743187	742276	7.47e-41	160
CDF90505.1	CP097135.1	25.962	312	699	368	671	745107	744229	1.99e-19	92.4
CDF90506.1	CP097144.1	71.693	809	836	48	833	844650	842227	0.0	1197
CDF90507.1	CP097144.1	59.656	1222	1184	7	1184	847165	850824	0.0	1509
CDF90507.1	CP097144.1	26.687	326	1184	201	488	689221	690192	7.56e-24	108
CDF90507.1	CP097136.1	29.348	184	1184	306	486	353412	353945	6.57e-17	85.5
CDF90507.1	CP097133.1	26.699	206	1184	286	487	86479	85883	1.33e-15	81.3
CDF90507.1	CP097135.1	23.229	353	1184	203	485	611190	610150	3.63e-13	73.2
CDF90508.1	CP097138.1	50.584	257	289	32	280	1021287	1020523	6.00e-75	248
CDF90509.1	CP097138.1	40.034	587	555	7	552	1021586	1023301	2.58e-113	369
CDF90510.1	CP097138.1	55.335	403	403	1	403	1024825	1023668	1.45e-133	421
CDF90510.1	CP097138.1	38.224	259	403	151	400	452056	451286	1.25e-49	179
CDF90510.1	CP097138.1	27.839	273	403	159	402	1033485	1032688	1.80e-14	74.3
CDF90510.1	CP097144.1	56.790	405	403	1	403	852384	851218	3.44e-131	414
CDF90511.1	CP097144.1	71.917	1638	1929	291	1928	853995	858662	0.0	2460
CDF90511.1	CP097144.1	74.888	223	1929	1	222	853311	853979	1.96e-103	370
CDF90511.1	CP097138.1	51.944	1929	1929	7	1928	552587	557791	0.0	1967
CDF90511.1	CP097143.1	56.654	1022	1929	914	1928	809476	812391	0.0	1160
CDF90511.1	CP097143.1	58.571	560	1929	286	845	807793	809457	0.0	698
CDF90511.1	CP097143.1	47.368	209	1929	7	215	807187	807771	9.31e-52	201
CDF90512.1	CP097144.1	67.135	569	570	1	569	859152	860825	0.0	726
CDF90512.1	CP097144.1	40.169	356	570	20	349	668928	669992	1.78e-70	245
CDF90512.1	CP097143.1	48.081	495	570	4	475	812876	814351	1.25e-147	469
CDF90512.1	CP097146.1	45.358	377	570	1	372	236788	237888	2.87e-99	329
CDF90512.1	CP097146.1	39.244	344	570	34	367	45808	46833	1.88e-74	257
CDF90513.1	CP097138.1	60.000	40	44	3	42	1025896	1025777	4.41e-11	53.5
CDF90514.1	CP097138.1	67.532	154	200	1	154	1026589	1026128	5.34e-71	232
CDF90516.1	CP097135.1	70.450	555	543	1	543	712440	710779	0.0	821
CDF90517.1	CP097135.1	67.460	126	181	1	125	712812	713189	9.99e-53	179
CDF90518.1	CP097143.1	45.736	258	238	1	237	307301	306540	1.33e-70	233
CDF90519.1	CP097143.1	36.111	288	325	107	323	308622	307762	1.22e-48	173
CDF90520.1	CP097143.1	32.913	793	718	1	707	312147	309835	1.23e-123	405
CDF90521.1	CP097143.1	54.346	1231	1201	2	1201	312630	316061	0.0	1190
CDF90521.1	CP097143.1	23.810	336	1201	137	423	626065	627036	4.11e-23	105
CDF90521.1	CP097143.1	26.667	300	1201	144	423	848159	849055	2.14e-22	103
CDF90521.1	CP097143.1	25.965	285	1201	214	447	351832	352665	7.83e-16	82.0
CDF90521.1	CP097135.1	53.433	1209	1201	6	1201	713933	717118	0.0	1172
CDF90521.1	CP097135.1	37.589	282	1201	142	423	1396414	1397178	8.89e-56	212
CDF90521.1	CP097135.1	31.962	316	1201	109	420	1450132	1449224	9.31e-47	183
CDF90521.1	CP097135.1	28.383	303	1201	135	423	1417825	1416995	3.63e-31	132
CDF90521.1	CP097135.1	28.165	316	1201	137	423	287281	286430	1.78e-28	123
CDF90521.1	CP097135.1	26.384	307	1201	144	420	1379040	1379882	1.59e-23	107
CDF90521.1	CP097135.1	26.201	229	1201	214	424	412057	411383	3.10e-21	99.8
CDF90521.1	CP097135.1	28.251	223	1201	150	369	1471269	1470685	1.30e-15	81.3
CDF90521.1	CP097135.1	24.891	229	1201	146	369	75654	75046	1.70e-15	80.9
CDF90521.1	CP097135.1	23.585	318	1201	148	433	179117	179956	3.32e-13	73.2
CDF90521.1	CP097135.1	23.952	334	1201	137	419	962763	963737	1.41e-12	71.2
CDF90521.1	CP097135.1	26.437	174	1201	199	369	273895	274407	1.09e-11	68.2
CDF90521.1	CP097135.1	25.000	204	1201	244	423	1023340	1022747	1.50e-11	67.8
CDF90521.1	CP097142.1	34.091	308	1201	135	431	249351	250271	5.32e-52	200
CDF90521.1	CP097142.1	27.839	273	1201	139	411	135764	135033	1.73e-30	130
CDF90521.1	CP097142.1	28.938	273	1201	141	411	206957	207691	4.72e-26	115
CDF90521.1	CP097142.1	29.956	227	1201	151	373	184067	184657	5.65e-20	95.5
CDF90521.1	CP097142.1	32.394	142	1201	246	370	222216	221791	1.64e-18	90.9
CDF90521.1	CP097142.1	26.621	293	1201	214	455	151025	150156	4.81e-16	82.8
CDF90521.1	CP097142.1	23.856	306	1201	151	423	132513	131629	6.86e-15	79.0
CDF90521.1	CP097134.1	33.803	284	1201	141	420	79022	79819	3.58e-46	181
CDF90521.1	CP097134.1	27.976	168	1201	265	411	274627	275127	1.31e-21	77.0
CDF90521.1	CP097134.1	23.009	113	1201	145	257	274338	274598	1.31e-21	44.7
CDF90521.1	CP097134.1	25.610	246	1201	195	422	129314	130051	4.01e-17	86.3
CDF90521.1	CP097134.1	23.856	306	1201	145	424	242495	241662	2.18e-15	80.5
CDF90521.1	CP097147.1	30.488	328	1201	141	457	279873	278965	8.84e-40	160
CDF90521.1	CP097147.1	31.868	273	1201	139	411	160706	161437	1.06e-35	147
CDF90521.1	CP097147.1	30.508	295	1201	149	423	257512	256718	2.45e-34	142
CDF90521.1	CP097147.1	27.915	283	1201	142	423	262222	262971	5.61e-34	141
CDF90521.1	CP097147.1	28.231	294	1201	136	429	151571	150771	3.52e-32	135
CDF90521.1	CP097147.1	30.909	165	1201	214	372	282189	281701	1.23e-18	91.3
CDF90521.1	CP097147.1	26.148	283	1201	144	385	735713	736480	2.77e-17	86.7
CDF90521.1	CP097147.1	24.907	269	1201	202	427	480094	479297	3.48e-17	86.3
CDF90521.1	CP097147.1	29.762	168	1201	218	376	461339	460839	2.99e-14	76.6
CDF90521.1	CP097147.1	26.923	234	1201	143	359	653959	654573	3.11e-12	70.1
CDF90522.1	CP097135.1	31.447	318	268	8	259	718674	717784	4.88e-27	108
CDF90523.1	CP097143.1	56.105	344	368	32	364	317308	316277	8.94e-132	414
CDF90524.1	CP097135.1	44.048	252	316	1	240	719554	720291	4.61e-56	194
CDF90525.1	CP097143.1	60.518	618	593	4	590	319420	317573	0.0	738
CDF90525.1	CP097146.1	36.511	556	593	59	584	924322	925926	7.25e-100	332
CDF90525.1	CP097146.1	36.719	128	593	4	129	923848	924225	4.99e-19	90.5
CDF90526.1	CP097135.1	47.700	413	431	20	431	721868	720642	2.59e-132	419
CDF90526.1	CP097143.1	49.864	369	431	69	431	320862	319768	5.99e-116	372
CDF90528.1	CP097135.1	48.193	332	326	5	324	722473	723465	1.43e-95	308
CDF90528.1	CP097143.1	61.111	54	326	136	189	618995	619156	1.61e-17	82.4
CDF90528.1	CP097146.1	55.102	49	326	136	184	291347	291201	2.66e-12	66.2
CDF90529.1	CP097135.1	74.826	1585	1588	4	1588	723720	728474	0.0	2534
CDF90530.1	CP097135.1	54.927	1167	1142	1	1139	728776	732213	0.0	1246
CDF90530.1	CP097147.1	25.000	264	1142	85	326	77666	76884	4.91e-11	66.2
CDF90531.1	CP097143.1	69.741	347	346	2	346	321831	322871	1.64e-164	507
CDF90532.1	CP097135.1	82.547	636	640	8	640	734474	732570	0.0	1070
CDF90533.1	CP097143.1	40.948	232	265	10	226	323791	323129	1.16e-45	162
CDF90534.1	CP097143.1	67.896	651	633	1	633	325962	324013	0.0	900
CDF90535.1	CP097143.1	71.111	90	125	35	124	326729	326998	1.32e-41	144
CDF90536.1	CP097143.1	55.172	377	357	1	357	328201	327071	4.33e-138	432
CDF90537.1	CP097143.1	60.697	402	397	3	395	344147	345343	8.73e-158	490
CDF90537.1	CP097138.1	37.500	160	397	232	386	1019645	1019175	7.49e-24	102
CDF90537.1	CP097146.1	31.410	156	397	237	379	149580	149134	1.78e-13	71.2
CDF90538.1	CP097135.1	37.153	288	257	1	255	735849	735001	4.10e-39	143
CDF90539.1	CP097135.1	36.511	556	526	1	525	737687	736023	3.11e-106	348
CDF90539.1	CP097141.1	24.783	460	526	2	437	148113	149435	4.16e-28	118
CDF90540.1	CP097135.1	51.497	501	512	28	512	739515	738046	6.28e-157	493
CDF90540.1	CP097143.1	43.711	485	512	42	512	348092	346692	4.61e-125	402
CDF90541.1	CP097143.1	65.341	176	173	1	173	348803	349330	3.64e-74	239
CDF90544.1	CP097135.1	70.891	1515	1524	5	1519	746781	742255	0.0	2271
CDF90544.1	CP097143.1	39.747	1580	1524	22	1519	102235	106857	0.0	1086
CDF90544.1	CP097143.1	34.818	1212	1524	390	1517	30128	26589	0.0	689
CDF90544.1	CP097143.1	26.793	474	1524	1047	1502	525492	526868	9.15e-33	138
CDF90544.1	CP097143.1	23.992	521	1524	376	857	525423	526907	4.24e-24	109
CDF90544.1	CP097139.1	34.768	1185	1524	396	1517	21641	18219	0.0	664
CDF90544.1	CP097138.1	35.746	898	1524	648	1519	1029494	1032094	9.91e-162	543
CDF90544.1	CP097138.1	23.260	503	1524	188	660	1027922	1029349	4.78e-25	112
CDF90544.1	CP097138.1	22.444	401	1524	490	839	1030907	1032028	4.97e-11	66.6
CDF90544.1	CP097142.1	30.160	998	1524	410	1373	653421	656243	1.82e-149	425
CDF90544.1	CP097142.1	40.625	160	1524	1376	1517	656249	656728	1.82e-149	124
CDF90544.1	CP097142.1	23.559	590	1524	958	1509	46491	44776	3.68e-24	109
CDF90544.1	CP097142.1	32.110	218	1524	1295	1509	43365	42724	2.43e-22	103
CDF90544.1	CP097142.1	28.870	239	1524	633	843	45492	44800	2.04e-18	90.9
CDF90544.1	CP097142.1	25.000	344	1524	1182	1516	653787	654788	6.66e-17	85.9
CDF90544.1	CP097142.1	26.050	238	1524	634	840	43404	42757	6.07e-13	72.8
CDF90545.1	CP097143.1	60.591	609	688	2	597	357267	355483	0.0	751
CDF90546.1	CP097135.1	43.656	662	808	1	656	749818	751785	2.53e-171	548
CDF90548.1	CP097143.1	50.861	871	836	1	836	358020	360596	0.0	859
CDF90549.1	CP097143.1	57.494	407	520	8	397	360944	362137	4.93e-139	442
CDF90550.1	CP097143.1	52.444	675	682	11	678	364536	362521	0.0	722
CDF90551.1	CP097135.1	84.000	50	77	1	50	753164	753015	3.65e-25	85.5
CDF90551.1	CP097135.1	76.923	26	77	51	76	752941	752864	3.65e-25	43.1
CDF90551.1	CP097143.1	53.947	76	77	1	76	49531	49304	2.29e-19	78.6
CDF90551.1	CP097143.1	53.947	76	77	1	76	50671	50444	2.36e-19	78.6
CDF90551.1	CP097143.1	53.947	76	77	1	76	50443	50216	2.38e-19	78.6
CDF90551.1	CP097143.1	53.947	76	77	1	76	50215	49988	2.38e-19	78.6
CDF90551.1	CP097143.1	53.947	76	77	1	76	49987	49760	2.38e-19	78.6
CDF90551.1	CP097143.1	53.947	76	77	1	76	49759	49532	2.38e-19	78.6
CDF90551.1	CP097143.1	51.429	70	77	1	70	495510	495719	2.82e-16	70.1
CDF90551.1	CP097140.1	54.167	72	77	5	76	53150	53365	3.45e-19	78.2
CDF90551.1	CP097142.1	54.167	72	77	5	76	617793	617578	3.95e-19	78.2
CDF90552.1	CP097135.1	61.538	221	225	1	220	753372	754034	7.95e-94	298
CDF90553.1	CP097135.1	56.176	1700	1668	1	1668	759231	754138	0.0	1844
CDF90554.1	CP097143.1	51.770	226	234	1	224	365452	364775	1.78e-76	249
CDF90555.1	CP097143.1	40.854	164	172	11	171	365711	366202	6.63e-38	136
CDF90556.1	CP097135.1	65.426	376	370	1	369	760834	759713	4.61e-176	541
CDF90557.1	CP097135.1	39.158	475	676	30	464	763022	761715	1.82e-76	266
CDF90558.1	CP097146.1	60.119	504	533	33	532	232178	233665	0.0	637
CDF90559.1	CP097146.1	67.871	249	240	1	240	234031	234768	3.54e-110	346
CDF90560.1	CP097146.1	46.891	386	409	40	409	236001	234868	4.35e-107	345
CDF90561.1	CP097132.1	80.916	393	391	1	389	117834	119009	0.0	666
CDF90561.1	CP097138.1	36.585	410	391	8	389	163430	162222	4.20e-61	212
CDF90561.1	CP097143.1	30.805	435	391	9	387	723902	725197	2.54e-39	148
CDF90561.1	CP097137.1	28.912	294	391	50	339	239278	240144	3.34e-31	124
CDF90561.1	CP097139.1	29.032	403	391	3	387	321173	320049	1.03e-29	120
CDF90562.1	CP097146.1	65.094	106	105	1	105	222892	223209	3.92e-19	79.3
CDF90562.1	CP097135.1	53.636	110	105	1	105	1223253	1223582	9.91e-17	72.4
CDF90563.1	CP097146.1	84.444	135	143	9	143	222151	221747	2.06e-75	242
CDF90564.1	CP097146.1	51.335	487	446	1	446	221241	219874	2.52e-141	446
CDF90566.1	CP097146.1	59.444	360	359	5	358	218428	219504	8.16e-144	448
CDF90566.1	CP097132.1	25.410	366	359	5	357	98944	97916	9.60e-27	110
CDF90567.1	CP097132.1	77.778	603	610	8	609	112010	113818	0.0	960
CDF90568.1	CP097146.1	33.333	261	368	17	266	215792	216541	1.26e-29	119
CDF90569.1	CP097132.1	50.577	1386	1222	1	1219	107260	111318	0.0	1187
CDF90569.1	CP097132.1	25.830	271	1222	953	1219	156206	155439	1.85e-18	90.5
CDF90569.1	CP097146.1	53.819	1113	1222	126	1222	212229	215393	0.0	1088
CDF90569.1	CP097146.1	31.655	278	1222	960	1219	264584	263793	1.52e-25	114
CDF90569.1	CP097146.1	30.070	286	1222	952	1214	98257	99069	4.85e-24	108
CDF90569.1	CP097146.1	28.179	291	1222	953	1219	745678	746505	4.22e-20	95.9
CDF90569.1	CP097146.1	26.690	281	1222	962	1214	79823	80644	2.24e-18	90.5
CDF90569.1	CP097146.1	30.702	228	1222	959	1170	793967	793317	8.40e-18	88.6
CDF90569.1	CP097146.1	27.599	279	1222	964	1219	742991	743785	7.83e-16	82.0
CDF90569.1	CP097146.1	27.854	219	1222	958	1171	410287	410883	1.56e-12	71.2
CDF90569.1	CP097146.1	25.680	331	1222	936	1219	959506	958601	2.18e-11	67.4
CDF90569.1	CP097135.1	32.056	287	1222	943	1222	1396375	1397184	5.72e-32	135
CDF90569.1	CP097135.1	33.716	261	1222	966	1208	1450015	1449251	4.27e-29	125
CDF90569.1	CP097135.1	30.282	284	1222	954	1214	1417825	1417013	3.60e-26	115
CDF90569.1	CP097135.1	28.231	294	1222	953	1219	714257	715117	1.65e-25	114
CDF90569.1	CP097135.1	28.114	281	1222	966	1219	412195	411389	8.38e-21	98.2
CDF90569.1	CP097135.1	27.609	297	1222	959	1219	287281	286433	4.67e-20	95.9
CDF90569.1	CP097135.1	27.491	291	1222	961	1214	1379040	1379873	1.89e-19	94.0
CDF90569.1	CP097135.1	26.950	282	1222	958	1218	179096	179929	1.92e-17	87.4
CDF90569.1	CP097135.1	30.357	224	1222	956	1170	75669	75046	4.65e-16	82.8
CDF90569.1	CP097135.1	28.287	251	1222	968	1210	1471266	1470550	2.28e-14	77.0
CDF90569.1	CP097135.1	23.790	248	1222	1006	1221	407766	407044	5.43e-14	75.9
CDF90569.1	CP097135.1	24.893	233	1222	1012	1214	963060	963731	3.43e-12	70.1
CDF90569.1	CP097135.1	25.926	189	1222	1058	1219	1023304	1022750	1.43e-11	67.8
CDF90569.1	CP097134.1	31.418	261	1222	966	1214	79046	79810	6.01e-28	121
CDF90569.1	CP097134.1	28.826	281	1222	968	1221	129248	130057	1.62e-22	103
CDF90569.1	CP097134.1	32.934	167	1222	1068	1208	274630	275127	1.03e-19	87.0
CDF90569.1	CP097134.1	23.810	84	1222	962	1045	274338	274565	1.03e-19	28.5
CDF90569.1	CP097134.1	25.088	283	1222	968	1219	242477	241668	1.80e-13	74.3
CDF90569.1	CP097143.1	27.852	298	1222	953	1219	312888	313748	8.44e-27	118
CDF90569.1	CP097143.1	26.994	326	1222	962	1219	626089	627033	1.70e-18	90.9
CDF90570.1	CP097132.1	48.333	300	299	1	299	106575	105676	5.59e-95	305
CDF90570.1	CP097146.1	24.912	285	299	53	293	209688	208834	1.75e-18	84.7
CDF90571.1	CP097146.1	29.000	300	294	16	291	211188	210313	7.37e-22	94.4
CDF90571.1	CP097146.1	26.400	250	294	55	294	209538	208801	5.33e-16	77.0
CDF90571.1	CP097132.1	26.721	247	294	47	287	106371	105682	9.21e-14	70.1
CDF90573.1	CP097146.1	37.027	370	330	1	330	209901	208807	1.30e-74	248
CDF90573.1	CP097132.1	28.516	256	330	71	324	106419	105685	3.00e-23	99.4
CDF90574.1	CP097146.1	54.167	480	483	16	482	207243	208679	1.91e-171	534
CDF90575.1	CP097146.1	66.418	134	1128	527	660	205023	205424	1.97e-54	207
CDF90576.1	CP097132.1	80.484	579	1059	481	1059	103594	105327	0.0	977
CDF90576.1	CP097146.1	35.793	542	1059	505	1035	827311	825890	4.20e-82	293
CDF90576.1	CP097146.1	33.929	560	1059	504	1058	854385	855836	2.72e-74	269
CDF90576.1	CP097146.1	38.514	148	1059	881	1026	666189	666632	1.92e-24	110
CDF90576.1	CP097146.1	25.000	360	1059	498	810	664665	665696	3.49e-15	79.7
CDF90576.1	CP097140.1	36.127	537	1059	505	1035	103338	104762	3.29e-77	278
CDF90576.1	CP097137.1	34.946	558	1059	495	1027	204930	206537	1.00e-73	267
CDF90576.1	CP097136.1	34.011	541	1059	504	1030	496692	498098	4.75e-73	265
CDF90578.1	CP097132.1	58.727	911	897	1	897	100393	97883	0.0	1023
CDF90578.1	CP097146.1	26.173	405	897	527	889	218383	219513	6.00e-29	124
CDF90579.1	CP097132.1	52.980	453	424	14	410	97304	95946	3.95e-150	470
CDF90580.1	CP097132.1	72.928	724	751	26	749	95467	93311	0.0	1137
CDF90580.1	CP097146.1	60.590	746	751	4	746	885383	887611	0.0	968
CDF90580.1	CP097138.1	46.941	752	751	7	745	872745	874952	0.0	690
CDF90580.1	CP097135.1	32.659	692	751	61	742	293252	295261	4.67e-99	335
CDF90580.1	CP097135.1	30.758	673	751	60	720	296087	298024	3.29e-85	295
CDF90580.1	CP097135.1	24.786	351	751	175	506	1071914	1072939	1.97e-16	82.8
CDF90580.1	CP097141.1	29.834	724	751	48	725	693158	691080	2.75e-71	253
CDF90581.1	CP097146.1	53.382	828	760	1	760	890400	887947	0.0	788
CDF90582.1	CP097132.1	42.792	1526	1435	1	1427	92903	88605	0.0	1015
CDF90582.1	CP097143.1	25.112	223	1435	1184	1386	744445	743816	1.41e-11	68.2
CDF90582.1	CP097143.1	26.111	180	1435	1184	1362	100828	101334	5.69e-11	66.2
CDF90583.1	CP097132.1	69.759	291	302	1	287	88173	87307	1.43e-113	359
CDF90584.1	CP097132.1	74.944	1341	1334	4	1322	86704	82709	0.0	2087
CDF90584.1	CP097135.1	39.013	1033	1334	286	1233	657736	660795	0.0	681
CDF90584.1	CP097136.1	38.027	1044	1334	283	1243	504091	507195	0.0	677
CDF90584.1	CP097136.1	36.735	98	1334	181	278	503467	503760	9.84e-11	65.5
CDF90584.1	CP097140.1	30.645	1054	1334	190	1232	239827	242760	2.63e-126	432
CDF90584.1	CP097144.1	36.347	531	1334	716	1235	552539	550989	1.65e-96	342
CDF90584.1	CP097144.1	31.936	501	1334	147	578	555230	553755	7.39e-67	249
CDF90584.1	CP097144.1	35.669	157	1334	616	760	553346	552915	2.75e-17	87.0
CDF90585.1	CP097146.1	78.982	452	469	1	452	892243	890888	0.0	741
CDF90586.1	CP097132.1	50.988	253	249	1	242	81715	82464	1.13e-77	253
CDF90587.1	CP097132.1	27.917	480	495	57	495	80075	81502	2.19e-34	136
CDF90587.1	CP097146.1	31.977	172	495	324	495	893109	892594	1.78e-25	109
CDF90589.1	CP097146.1	69.899	1588	1590	1	1572	895063	899769	0.0	2264
CDF90589.1	CP097132.1	49.902	1531	1590	1	1519	79299	75010	0.0	1380
CDF90589.1	CP097139.1	38.285	828	1590	9	810	135935	138337	5.20e-152	516
CDF90589.1	CP097144.1	36.388	753	1590	76	818	458204	460336	9.16e-129	446
CDF90589.1	CP097142.1	36.211	776	1590	64	818	200686	198485	1.09e-128	445
CDF90590.1	CP097146.1	82.609	115	110	1	110	900424	900080	3.25e-52	174
CDF90590.1	CP097132.1	86.585	82	110	29	110	74530	74775	5.83e-35	124
CDF90590.1	CP097143.1	37.838	74	110	25	98	306788	306567	7.19e-12	58.9
CDF90591.1	CP097146.1	45.557	619	806	1	601	908692	907100	4.55e-125	413
CDF90593.1	CP097146.1	56.410	1248	1230	14	1208	912692	909048	0.0	1400
CDF90594.1	CP097146.1	65.236	233	230	1	230	912999	913697	5.36e-93	296
CDF90595.1	CP097146.1	60.325	431	497	96	496	914083	915345	1.54e-167	523
CDF90595.1	CP097147.1	39.458	332	497	110	431	428654	429640	3.49e-67	233
CDF90596.1	CP097132.1	45.946	111	834	733	834	72104	71781	5.63e-18	88.2
CDF90597.1	CP097132.1	37.817	394	444	45	427	71428	70391	6.06e-68	234
CDF90598.1	CP097132.1	54.167	168	167	1	161	69735	70226	8.60e-56	187
CDF90599.1	CP097146.1	81.628	958	956	1	956	918452	915579	0.0	1631
CDF90600.1	CP097146.1	44.676	1343	1335	24	1320	919176	923138	0.0	1080
CDF90601.1	CP097146.1	53.900	718	740	62	740	923881	925941	0.0	758
CDF90601.1	CP097143.1	37.119	590	740	59	635	319396	317813	4.15e-115	382
CDF90602.1	CP097146.1	47.107	363	338	1	338	926252	927328	2.01e-87	285
CDF90602.1	CP097132.1	42.067	416	338	1	338	68980	67742	1.14e-77	258
CDF90603.1	CP097146.1	65.584	154	164	8	161	928168	927710	9.14e-65	212
CDF90603.1	CP097135.1	46.154	130	164	21	150	655316	655702	3.55e-32	119
CDF90603.1	CP097135.1	44.167	120	164	29	148	560910	560554	1.92e-27	105
CDF90603.1	CP097135.1	36.879	141	164	13	152	835489	835911	4.53e-27	104
CDF90603.1	CP097135.1	39.286	112	164	42	151	343705	344040	1.44e-19	83.2
CDF90603.1	CP097135.1	32.353	136	164	39	161	553505	553098	1.07e-18	80.9
CDF90603.1	CP097138.1	40.845	142	164	16	157	406968	407390	1.86e-31	117
CDF90603.1	CP097138.1	36.364	132	164	7	133	743901	744290	1.91e-17	77.0
CDF90603.1	CP097144.1	36.478	159	164	10	151	301713	302189	1.01e-25	100
CDF90603.1	CP097133.1	42.500	120	164	29	148	387109	386753	1.87e-25	100
CDF90604.1	CP097132.1	51.429	280	277	1	266	66747	67586	7.75e-78	255
CDF90605.1	CP097146.1	60.129	311	302	3	290	929515	928583	6.18e-125	392
CDF90606.1	CP097146.1	81.130	1664	1661	1	1659	930329	935314	0.0	2853
CDF90606.1	CP097146.1	32.004	978	1661	351	1264	512698	509951	1.73e-126	440
CDF90606.1	CP097146.1	31.707	164	1661	1494	1654	509647	509165	1.58e-15	81.6
CDF90606.1	CP097135.1	33.934	610	1661	450	1054	215643	213982	6.21e-103	366
CDF90606.1	CP097135.1	53.521	71	1661	1168	1238	213459	213250	1.26e-17	88.6
CDF90606.1	CP097135.1	29.787	141	1661	1515	1654	212691	212272	6.24e-14	76.3
CDF90607.1	CP097132.1	75.250	1002	1002	8	1002	63480	66461	0.0	1259
CDF90607.1	CP097146.1	32.491	277	1002	396	666	247054	247746	1.94e-23	106
CDF90608.1	CP097132.1	89.373	367	369	1	367	63184	62084	0.0	677
CDF90608.1	CP097138.1	50.954	367	369	5	369	819076	820170	2.44e-113	361
CDF90609.1	CP097146.1	27.419	248	293	44	245	936952	936233	3.27e-21	92.4
CDF90609.1	CP097132.1	28.028	289	293	27	290	61026	61847	5.31e-19	85.9
CDF90610.1	CP097146.1	75.652	115	192	69	173	941322	940978	7.70e-52	177
CDF90611.1	CP097146.1	48.240	966	901	6	901	945353	948199	0.0	869
CDF90612.1	CP097132.1	83.034	501	503	3	503	58813	60315	0.0	850
CDF90612.1	CP097146.1	68.938	499	503	5	503	949870	948374	0.0	703
CDF90613.1	CP097146.1	67.179	585	579	6	576	952076	950328	0.0	813
CDF90613.1	CP097146.1	29.705	542	579	41	563	254957	256513	7.89e-68	238
CDF90613.1	CP097147.1	38.448	554	579	36	575	41737	43356	1.38e-110	362
CDF90613.1	CP097147.1	28.775	351	579	238	579	24183	25202	1.26e-56	138
CDF90613.1	CP097147.1	29.208	202	579	7	207	23503	24090	1.26e-56	99.8
CDF90613.1	CP097136.1	36.219	566	579	21	579	29571	27928	7.78e-104	343
CDF90613.1	CP097145.1	36.314	548	579	33	574	139753	141339	3.33e-99	330
CDF90613.1	CP097145.1	34.397	564	579	15	574	138564	136918	4.28e-93	311
CDF90613.1	CP097133.1	35.098	510	579	57	555	481328	479832	7.15e-95	317
CDF90613.1	CP097133.1	29.787	564	579	33	579	355573	353948	2.25e-74	257
CDF90613.1	CP097133.1	31.376	545	579	15	546	358360	356822	2.82e-73	254
CDF90614.1	CP097146.1	30.000	1060	1037	6	1036	953215	956247	7.23e-113	385
CDF90615.1	CP097146.1	28.808	663	636	6	629	958272	956308	2.39e-65	232
CDF90617.1	CP097146.1	45.533	347	293	1	292	960631	961653	1.04e-75	250
CDF90618.1	CP097146.1	50.000	778	841	38	758	964156	961883	0.0	666
CDF90619.1	CP097132.1	60.150	266	275	1	264	56575	55802	1.58e-100	320
CDF90619.1	CP097142.1	31.538	260	275	19	257	278136	277438	9.19e-23	96.7
CDF90620.1	CP097146.1	34.535	666	671	19	670	966506	964569	7.66e-123	402
CDF90621.1	CP097132.1	33.517	543	485	21	478	54465	52855	1.29e-78	266
CDF90621.1	CP097138.1	28.025	157	485	13	154	698620	698153	3.33e-11	64.7
CDF90623.1	CP097146.1	44.168	523	418	1	417	968555	970117	1.92e-116	372
CDF90624.1	CP097146.1	64.659	631	643	20	643	970663	972531	0.0	833
CDF90626.1	CP097132.1	68.675	415	404	1	403	48362	49606	0.0	620
CDF90627.1	CP097146.1	68.715	179	186	8	186	973178	972645	1.51e-79	256
CDF90628.1	CP097146.1	90.323	124	160	34	157	973918	974289	1.77e-76	246
CDF90629.1	CP097132.1	43.564	808	772	1	768	48101	45753	0.0	587
CDF90631.1	CP097146.1	41.719	477	554	108	546	978076	976664	5.39e-108	354
CDF90632.1	CP097132.1	53.179	173	174	3	173	45521	45003	2.49e-59	197
CDF90633.1	CP097132.1	47.170	106	121	16	119	44586	44897	1.16e-25	99.0
CDF90634.1	CP097132.1	62.667	75	97	22	96	44336	44112	3.72e-29	107
CDF90635.1	CP097146.1	69.697	726	734	7	732	980934	978772	0.0	1068
CDF90636.1	CP097132.1	28.302	742	737	56	736	43813	42050	2.13e-52	196
CDF90637.1	CP097146.1	76.817	289	284	1	284	982166	981303	2.50e-150	463
CDF90637.1	CP097146.1	36.923	195	284	6	194	223933	224508	9.48e-33	125
CDF90637.1	CP097138.1	41.243	177	284	8	176	973942	973415	5.01e-33	126
CDF90637.1	CP097138.1	37.209	172	284	8	177	748349	748864	1.98e-32	125
CDF90637.1	CP097138.1	39.535	172	284	8	177	485222	484707	1.31e-26	108
CDF90637.1	CP097144.1	34.940	249	284	8	254	81448	80801	7.40e-33	126
CDF90637.1	CP097144.1	34.483	174	284	8	181	873867	874382	5.73e-23	97.4
CDF90638.1	CP097132.1	72.838	659	653	1	650	41838	39862	0.0	999
CDF90639.1	CP097132.1	56.327	245	244	1	243	39643	38912	1.06e-89	288
CDF90640.1	CP097132.1	41.876	1034	969	11	968	35687	38746	0.0	712
CDF90640.1	CP097146.1	38.279	883	969	36	883	986586	984016	1.22e-172	558
CDF90640.1	CP097143.1	21.121	464	969	36	496	20429	19191	1.56e-21	100
CDF90640.1	CP097134.1	20.663	784	969	37	782	310052	312127	9.61e-18	87.8
CDF90641.1	CP097132.1	63.800	779	773	19	773	32995	35295	0.0	976
CDF90641.1	CP097146.1	46.479	639	773	38	676	988820	986937	0.0	590
CDF90641.1	CP097147.1	38.260	724	773	2	720	127296	129326	6.00e-146	473
CDF90641.1	CP097138.1	36.919	688	773	22	708	259107	261068	9.50e-146	472
CDF90642.1	CP097132.1	79.586	725	725	1	725	32073	29935	0.0	1223
CDF90642.1	CP097143.1	55.778	649	725	81	724	427511	425586	0.0	764
CDF90642.1	CP097133.1	24.607	382	725	328	701	647438	646404	6.02e-20	94.4
CDF90643.1	CP097146.1	61.111	198	201	1	196	989420	990010	2.35e-81	262
CDF90643.1	CP097147.1	31.707	123	201	31	150	89026	88673	1.53e-11	61.2
CDF90645.1	CP097146.1	63.772	403	394	1	394	990262	991464	2.97e-165	512
CDF90646.1	CP097146.1	87.903	124	142	19	142	991987	991616	1.18e-61	202
CDF90647.1	CP097146.1	38.560	861	827	49	827	997492	994913	0.0	590
CDF90647.1	CP097132.1	35.198	858	827	50	823	26448	28937	1.01e-149	486
CDF90648.1	CP097146.1	43.545	519	545	22	494	999808	998297	4.64e-104	342
CDF90649.1	CP097146.1	30.600	866	833	1	810	1000260	1002665	1.76e-87	303
CDF90650.1	CP097146.1	75.483	518	518	1	518	1003256	1004809	0.0	857
CDF90650.1	CP097136.1	62.548	518	518	1	518	300608	302155	0.0	688
CDF90650.1	CP097147.1	54.637	496	518	26	517	426518	428005	0.0	574
CDF90650.1	CP097144.1	44.200	500	518	29	517	574634	573138	5.13e-130	416
CDF90650.1	CP097144.1	43.520	517	518	18	517	572475	570928	9.36e-129	412
CDF90650.1	CP097144.1	26.441	295	518	209	493	463024	462158	2.71e-21	97.1
CDF90650.1	CP097133.1	36.383	470	518	48	513	233059	234459	2.03e-86	290
CDF90651.1	CP097132.1	37.263	475	610	36	502	24590	25981	2.18e-97	325
CDF90652.1	CP097132.1	54.450	191	185	1	184	23632	24192	2.83e-51	175
CDF90653.1	CP097132.1	59.375	384	387	1	384	22206	23351	4.63e-161	499
CDF90653.1	CP097132.1	51.295	386	387	1	384	20500	21648	4.62e-129	407
CDF90653.1	CP097135.1	28.338	367	387	19	377	9899	8898	3.02e-31	124
CDF90653.1	CP097135.1	30.597	268	387	28	271	165789	166511	1.54e-17	83.6
CDF90653.1	CP097143.1	27.324	355	387	21	372	255160	254189	1.56e-28	116
CDF90654.1	CP097132.1	77.093	454	459	7	459	18628	19989	0.0	728
CDF90654.1	CP097146.1	77.974	454	459	7	459	1006452	1005097	0.0	724
CDF90658.1	CP097141.1	31.288	489	524	47	523	712408	713856	1.43e-68	238
CDF90658.1	CP097143.1	30.314	541	524	10	524	145476	143920	2.61e-68	238
CDF90658.1	CP097143.1	26.355	535	524	12	522	15353	16936	1.19e-50	186
CDF90658.1	CP097138.1	22.747	466	524	38	492	987453	988820	3.96e-34	136
CDF90658.1	CP097138.1	28.000	200	524	93	285	611718	611125	1.58e-13	72.4
CDF90658.1	CP097135.1	28.704	324	524	42	359	600041	599094	2.84e-30	124
CDF90658.1	CP097135.1	28.704	324	524	42	359	583116	582169	2.84e-30	124
CDF90658.1	CP097140.1	23.507	536	524	4	499	16590	15037	6.28e-29	120
CDF90661.1	CP097147.1	72.000	325	325	1	325	25591	26565	3.80e-164	505
CDF90661.1	CP097144.1	71.385	325	325	1	325	890761	889787	5.74e-162	499
CDF90661.1	CP097143.1	64.615	325	325	1	325	2858	1887	6.16e-146	453
CDF90662.1	CP097144.1	79.002	581	584	4	584	892887	891151	0.0	907
CDF90662.1	CP097143.1	69.468	583	584	2	584	3207	4949	0.0	831
CDF90662.1	CP097147.1	81.844	347	584	238	584	24162	25202	0.0	582
CDF90662.1	CP097147.1	74.894	235	584	4	238	23467	24165	0.0	328
CDF90662.1	CP097147.1	31.538	520	584	71	568	41791	43311	1.22e-67	238
CDF90662.1	CP097142.1	43.919	592	584	2	584	514899	516632	3.88e-146	465
CDF90662.1	CP097134.1	38.305	590	584	24	584	77586	75832	3.25e-133	428
CDF90663.1	CP097141.1	75.510	441	443	1	439	36484	37806	0.0	704
CDF90664.1	CP097142.1	44.948	287	295	9	291	236396	237253	1.41e-71	238
CDF90665.1	CP097133.1	61.456	467	465	1	465	409182	407782	0.0	613
CDF90665.1	CP097133.1	59.957	467	465	1	465	411032	409632	0.0	599
CDF90665.1	CP097140.1	59.529	467	465	1	465	5124	3724	0.0	605
CDF90665.1	CP097137.1	59.529	467	465	1	465	5117	3717	0.0	605
CDF90665.1	CP097139.1	59.529	467	465	1	465	518320	519720	0.0	603
CDF90665.1	CP097132.1	59.529	467	465	1	465	205613	207013	0.0	603
CDF90667.1	CP097147.1	66.867	166	165	1	165	433604	433107	2.39e-75	243
CDF90667.1	CP097135.1	44.355	124	165	1	124	475136	475504	2.41e-34	125
CDF90667.1	CP097135.1	39.516	124	165	1	123	1267153	1267521	6.97e-24	95.9
CDF90667.1	CP097145.1	44.094	127	165	1	127	763661	764038	4.10e-34	125
CDF90667.1	CP097146.1	37.795	127	165	1	126	321937	322314	4.52e-27	104
CDF90667.1	CP097146.1	35.484	124	165	1	123	905442	905810	3.48e-24	96.7
CDF90667.1	CP097146.1	39.516	124	165	1	123	593327	593695	9.50e-24	95.5
CDF90667.1	CP097140.1	34.868	152	165	1	148	305923	305474	8.88e-27	103
CDF90668.1	CP097133.1	35.169	563	540	13	537	545933	547576	1.28e-97	323
CDF90669.1	CP097147.1	80.165	121	140	20	140	431912	432274	3.33e-65	213
CDF90669.1	CP097135.1	44.318	88	140	28	115	669631	669377	7.76e-24	94.4
CDF90669.1	CP097136.1	43.023	86	140	30	115	528896	528648	5.60e-23	92.0
CDF90670.1	CP097133.1	72.523	1827	1833	6	1832	622275	616807	0.0	2808
CDF90670.1	CP097133.1	36.087	460	1833	633	1081	641846	640482	9.68e-75	276
CDF90670.1	CP097138.1	35.404	483	1833	609	1081	398175	399587	1.59e-72	269
CDF90670.1	CP097144.1	31.325	498	1833	633	1068	655707	654226	5.40e-63	238
CDF90670.1	CP097144.1	27.918	437	1833	62	449	828857	827571	1.97e-21	101
CDF90670.1	CP097145.1	30.237	506	1833	633	1068	655806	654301	1.43e-58	223
CDF90671.1	CP097133.1	63.812	467	432	1	429	615235	616629	0.0	573
CDF90671.1	CP097136.1	35.616	365	432	17	373	451622	450699	3.94e-67	231
CDF90672.1	CP097147.1	67.324	355	385	26	378	428576	429640	1.40e-159	495
CDF90672.1	CP097146.1	40.419	334	385	52	383	914128	915090	4.90e-67	229
CDF90673.1	CP097133.1	66.010	406	397	1	397	613711	614922	0.0	585
CDF90673.1	CP097133.1	37.202	336	397	65	387	599342	600349	3.19e-74	250
CDF90673.1	CP097146.1	58.735	332	397	65	396	481341	482333	1.19e-138	436
CDF90673.1	CP097135.1	50.158	317	397	78	394	1405408	1406352	4.34e-113	362
CDF90673.1	CP097141.1	40.000	380	397	9	372	163522	162398	3.65e-93	305
CDF90673.1	CP097142.1	46.078	306	397	78	370	557372	558289	5.74e-93	304
CDF90674.1	CP097133.1	39.947	378	347	1	345	613470	612358	1.44e-81	269
CDF90675.1	CP097146.1	29.705	643	651	35	651	1019319	1021094	1.04e-74	260
CDF90675.1	CP097146.1	27.411	591	651	65	651	1025447	1027063	2.02e-60	218
CDF90675.1	CP097146.1	23.515	421	651	188	586	15723	16946	3.42e-20	94.7
CDF90675.1	CP097142.1	29.338	634	651	47	651	11175	9406	6.77e-69	243
CDF90675.1	CP097145.1	29.295	553	651	105	651	735084	736685	4.42e-66	235
CDF90675.1	CP097143.1	25.122	613	651	63	651	565585	567228	2.90e-49	185
CDF90675.1	CP097143.1	25.641	390	651	65	437	24227	23091	5.25e-36	144
CDF90676.1	CP097133.1	30.946	391	535	238	518	610832	612004	7.27e-40	154
CDF90676.1	CP097133.1	51.220	82	535	46	127	609818	610063	1.58e-18	88.6
CDF90677.1	CP097147.1	63.674	479	486	4	479	423869	425284	0.0	581
CDF90677.1	CP097143.1	31.746	189	486	174	345	166897	167454	1.52e-23	103
CDF90677.1	CP097139.1	32.353	204	486	183	352	96247	95642	7.44e-17	82.8
CDF90678.1	CP097147.1	31.288	326	289	4	286	423519	422635	1.20e-32	125
CDF90679.1	CP097144.1	39.713	209	502	59	265	672746	672171	3.52e-42	160
CDF90679.1	CP097144.1	32.759	174	502	308	471	671519	671016	8.97e-22	98.2
CDF90679.1	CP097141.1	28.856	201	502	61	250	159974	159450	1.53e-11	65.9
CDF90679.1	CP097133.1	24.221	289	502	185	470	540288	541085	3.47e-11	64.7
CDF90680.1	CP097147.1	46.753	231	231	1	230	421896	422567	1.98e-66	220
CDF90681.1	CP097147.1	37.938	485	447	1	434	420151	421530	1.69e-85	285
CDF90682.1	CP097133.1	76.202	853	836	1	836	605855	608386	0.0	1305
CDF90682.1	CP097133.1	36.545	550	836	218	712	168566	166956	7.03e-91	314
CDF90682.1	CP097147.1	37.857	560	836	219	747	585250	586899	4.86e-104	352
CDF90682.1	CP097143.1	40.839	453	836	296	715	684038	685360	8.25e-91	313
CDF90682.1	CP097138.1	46.224	331	836	385	715	126821	125841	2.33e-89	309
CDF90682.1	CP097138.1	27.922	154	836	200	351	127580	127128	5.50e-15	78.6
CDF90682.1	CP097136.1	39.211	431	836	200	614	83586	84854	1.74e-80	283
CDF90684.1	CP097146.1	43.443	488	427	3	427	796117	797577	1.34e-128	408
CDF90684.1	CP097140.1	27.536	207	427	195	399	247417	247941	5.73e-15	76.3
CDF90684.1	CP097134.1	25.714	280	427	163	424	260086	259322	5.70e-13	69.7
CDF90684.1	CP097137.1	25.833	240	427	149	384	99586	100149	9.67e-12	65.9
CDF90685.1	CP097146.1	66.827	832	814	1	814	800285	797802	0.0	1157
CDF90685.1	CP097144.1	46.352	891	814	5	809	354499	357147	0.0	749
CDF90686.1	CP097144.1	55.305	443	417	1	415	656571	657893	1.67e-152	476
CDF90687.1	CP097146.1	80.122	327	324	1	324	801752	800772	2.50e-179	549
CDF90688.1	CP097146.1	79.176	461	447	1	447	802523	803902	0.0	758
CDF90688.1	CP097140.1	27.483	302	447	116	401	247477	248298	1.62e-14	74.7
CDF90689.1	CP097144.1	44.783	460	448	2	444	659393	658026	1.79e-118	380
CDF90690.1	CP097144.1	45.148	474	455	1	454	661185	662603	8.59e-134	424
CDF90691.1	CP097146.1	47.264	658	647	1	645	810778	808808	0.0	594
CDF90691.1	CP097147.1	24.348	345	647	55	359	388138	389136	8.30e-14	73.9
CDF90692.1	CP097144.1	51.396	788	748	1	748	665133	662800	0.0	781
CDF90693.1	CP097144.1	45.145	587	543	1	531	665483	667222	1.83e-152	482
CDF90694.1	CP097135.1	67.969	384	377	1	377	1174429	1175568	6.66e-172	530
CDF90695.1	CP097135.1	29.851	737	821	151	821	1176563	1178620	5.07e-47	181
CDF90695.1	CP097135.1	26.730	419	821	1	399	1175786	1177003	7.50e-22	100
CDF90696.1	CP097135.1	49.541	109	113	5	113	1179213	1178887	4.33e-34	122
CDF90697.1	CP097139.1	63.714	587	577	2	577	313818	315557	0.0	715
CDF90697.1	CP097135.1	50.000	590	577	1	577	1179741	1181411	7.91e-175	548
CDF90698.1	CP097135.1	47.951	903	924	26	854	1184485	1181852	0.0	803
CDF90699.1	CP097135.1	63.251	283	272	1	272	1185945	1185097	1.36e-112	355
CDF90700.1	CP097139.1	35.798	595	572	1	571	315810	317552	2.45e-105	347
CDF90701.1	CP097139.1	60.386	207	208	3	208	317797	318417	4.62e-83	267
CDF90701.1	CP097132.1	33.810	210	208	5	208	141734	141111	3.58e-36	132
CDF90701.1	CP097138.1	36.620	213	208	2	208	504535	505170	3.02e-35	130
CDF90702.1	CP097135.1	51.724	551	631	86	629	1187992	1186367	0.0	616
CDF90703.1	CP097139.1	69.681	376	376	1	376	321164	320037	0.0	568
CDF90703.1	CP097132.1	30.311	386	376	21	376	117909	119015	4.29e-34	132
CDF90703.1	CP097138.1	27.913	412	376	4	371	163427	162231	7.09e-24	102
CDF90703.1	CP097137.1	26.962	293	376	56	335	239278	240144	1.04e-13	71.6
CDF90703.1	CP097143.1	27.200	250	376	141	371	9760	10491	4.78e-11	63.2
CDF90704.1	CP097139.1	71.660	494	489	1	489	321834	323303	0.0	748
CDF90704.1	CP097142.1	35.106	470	489	20	483	247749	246376	3.51e-77	262
CDF90705.1	CP097135.1	49.000	300	413	134	412	1189330	1190229	3.54e-85	282
CDF90706.1	CP097146.1	85.479	1460	1458	1	1458	513457	509078	0.0	2612
CDF90706.1	CP097146.1	32.033	974	1458	252	1167	931379	934126	1.64e-122	424
CDF90706.1	CP097146.1	30.247	162	1458	1269	1429	934817	935299	5.40e-17	86.3
CDF90706.1	CP097135.1	33.885	1511	1458	7	1439	216585	212254	0.0	720
CDF90707.1	CP097146.1	94.931	434	434	1	434	514341	515642	0.0	843
CDF90707.1	CP097146.1	41.813	342	434	85	422	783194	782169	3.82e-79	266
CDF90707.1	CP097138.1	51.237	283	434	140	422	420923	420075	1.42e-91	301
CDF90707.1	CP097138.1	37.229	231	434	180	404	1003430	1004113	2.24e-44	164
CDF90707.1	CP097138.1	36.000	225	434	179	400	546299	546955	2.35e-37	144
CDF90707.1	CP097142.1	47.403	308	434	131	433	175217	176140	2.01e-86	287
CDF90707.1	CP097142.1	32.000	275	434	154	418	72118	71306	5.85e-36	140
CDF90707.1	CP097135.1	43.564	303	434	117	418	1245762	1246670	2.14e-78	263
CDF90707.1	CP097135.1	48.039	204	434	117	320	443520	444125	6.21e-77	211
CDF90707.1	CP097135.1	45.263	95	434	321	415	444131	444415	6.21e-77	94.4
CDF90707.1	CP097135.1	40.889	225	434	180	404	244031	243366	2.08e-51	185
CDF90707.1	CP097135.1	39.407	236	434	179	413	243215	242508	3.53e-46	170
CDF90707.1	CP097135.1	30.539	167	434	186	347	1209612	1209148	5.41e-12	66.6
CDF90707.1	CP097136.1	39.179	268	434	165	424	187516	186716	8.62e-51	183
CDF90707.1	CP097136.1	34.959	246	434	180	405	241603	240878	1.17e-35	139
CDF90708.1	CP097135.1	61.039	462	448	1	448	1193893	1192529	7.42e-180	556
CDF90708.1	CP097134.1	26.923	156	448	168	316	260071	259616	5.81e-11	63.5
CDF90708.1	CP097133.1	23.451	226	448	153	373	597038	596382	7.16e-11	63.2
CDF90709.1	CP097135.1	58.915	645	633	1	622	1196066	1194219	0.0	656
CDF90710.1	CP097146.1	50.727	550	558	17	558	516229	517869	3.07e-176	551
CDF90711.1	CP097146.1	62.552	478	463	1	443	519558	518167	0.0	586
CDF90712.1	CP097135.1	59.434	212	209	11	208	1196742	1197371	1.20e-81	263
CDF90713.1	CP097146.1	61.093	311	311	2	311	520432	521361	1.06e-127	400
CDF90713.1	CP097135.1	61.093	311	311	2	311	1197673	1198602	9.91e-127	397
CDF90713.1	CP097135.1	32.131	305	311	11	290	246293	247132	2.22e-35	134
CDF90713.1	CP097133.1	38.305	295	311	11	292	520219	521088	3.92e-55	191
CDF90713.1	CP097139.1	32.609	322	311	1	294	308890	309846	1.21e-47	170
CDF90713.1	CP097141.1	35.231	281	311	12	283	603631	604389	3.46e-43	157
CDF90714.1	CP097135.1	30.520	865	736	1	735	1201343	1198785	4.73e-87	300
CDF90718.1	CP097146.1	81.967	122	126	5	126	521978	521613	3.90e-67	217
CDF90719.1	CP097146.1	54.398	432	426	28	420	523804	522512	7.18e-121	385
CDF90720.1	CP097135.1	45.383	509	522	25	521	1203263	1204708	6.25e-144	456
CDF90721.1	CP097135.1	74.203	345	333	1	333	1205912	1204878	1.23e-174	536
CDF90722.1	CP097143.1	52.632	532	543	1	502	368253	366664	4.32e-160	504
CDF90722.1	CP097143.1	44.910	501	543	1	499	370297	368966	2.74e-134	429
CDF90722.1	CP097135.1	48.015	529	543	1	504	765348	763774	1.02e-147	468
CDF90722.1	CP097135.1	25.269	372	543	201	517	1163355	1162261	1.40e-11	66.2
CDF90722.1	CP097140.1	37.764	474	543	55	513	300328	301617	8.14e-83	280
CDF90722.1	CP097140.1	40.855	421	543	69	478	415663	414491	1.02e-81	277
CDF90722.1	CP097147.1	23.364	428	543	36	449	254701	253643	6.19e-23	102
CDF90723.1	CP097143.1	47.290	535	566	1	471	368253	366673	3.33e-132	424
CDF90723.1	CP097143.1	46.482	469	566	9	461	370270	368978	2.97e-115	375
CDF90723.1	CP097135.1	42.115	520	566	1	463	765348	763795	1.99e-116	379
CDF90723.1	CP097135.1	29.329	283	566	173	421	1163376	1162534	1.14e-14	76.3
CDF90723.1	CP097140.1	40.640	406	566	61	449	415663	414494	1.91e-77	266
CDF90723.1	CP097140.1	38.278	418	566	23	428	300259	301449	4.58e-76	261
CDF90723.1	CP097147.1	24.731	372	566	61	421	254584	253643	8.98e-20	92.8
CDF90724.1	CP097143.1	48.532	511	532	39	532	368139	366679	5.18e-138	440
CDF90724.1	CP097143.1	49.425	348	532	187	528	370009	368984	8.97e-98	323
CDF90724.1	CP097143.1	54.930	71	532	39	108	370219	370007	3.31e-17	84.3
CDF90724.1	CP097135.1	42.105	551	532	2	528	765357	763807	2.35e-122	395
CDF90724.1	CP097135.1	29.110	292	532	233	493	1163355	1162519	2.01e-15	78.6
CDF90724.1	CP097140.1	36.774	465	532	54	514	415720	414491	1.26e-77	265
CDF90724.1	CP097140.1	36.449	321	532	183	497	300538	301467	4.88e-57	205
CDF90724.1	CP097147.1	27.660	329	532	174	485	254527	253643	6.02e-19	89.7
CDF90726.1	CP097143.1	43.275	855	807	1	807	378355	375815	0.0	686
CDF90727.1	CP097135.1	55.186	511	528	23	512	766068	767543	8.41e-165	517
CDF90728.1	CP097135.1	38.377	727	763	25	716	769888	767897	1.39e-114	381
CDF90728.1	CP097143.1	46.933	375	763	359	731	385568	384597	7.13e-84	291
CDF90728.1	CP097143.1	41.925	322	763	1	286	386858	385923	5.92e-53	198
CDF90728.1	CP097145.1	44.318	88	763	577	653	579248	578997	2.10e-13	73.2
CDF90729.1	CP097143.1	27.458	295	261	1	261	388191	387322	6.07e-27	108
CDF90730.1	CP097143.1	51.699	559	592	41	582	388571	390190	2.45e-176	553
CDF90730.1	CP097135.1	34.687	591	592	6	578	770870	772405	2.64e-101	336
CDF90731.1	CP097135.1	70.753	465	448	1	448	774288	772900	0.0	612
CDF90731.1	CP097145.1	33.333	234	448	221	447	493247	493939	3.50e-28	117
CDF90732.1	CP097143.1	35.795	352	549	269	548	394559	395551	1.35e-42	162
CDF90732.1	CP097143.1	31.765	255	549	37	254	393590	394318	1.04e-24	108
CDF90733.1	CP097135.1	26.510	1109	2478	509	1539	777742	780849	1.95e-99	359
CDF90733.1	CP097135.1	63.372	172	2478	2304	2469	781915	782430	6.83e-66	248
CDF90734.1	CP097135.1	41.967	305	276	24	276	783702	782806	1.31e-60	206
CDF90734.1	CP097143.1	42.612	291	276	16	276	396661	395840	7.48e-58	197
CDF90735.1	CP097146.1	57.715	499	481	1	481	379534	380991	1.96e-163	511
CDF90736.1	CP097146.1	72.131	61	57	1	57	382511	382693	1.97e-21	83.6
CDF90737.1	CP097135.1	63.636	44	71	27	70	1009226	1009095	3.84e-13	60.8
CDF90738.1	CP097146.1	78.054	483	478	1	478	384566	383121	0.0	788
CDF90738.1	CP097146.1	32.979	376	478	98	449	693098	694186	1.96e-48	178
CDF90738.1	CP097135.1	39.718	355	478	88	436	492019	493056	6.30e-83	278
CDF90738.1	CP097135.1	35.526	380	478	88	461	177849	176758	2.97e-65	227
CDF90738.1	CP097135.1	32.061	393	478	88	466	311443	312573	2.87e-54	195
CDF90738.1	CP097135.1	28.750	400	478	86	451	956515	955358	1.61e-36	142
CDF90738.1	CP097135.1	28.689	244	478	88	326	400532	401254	3.56e-25	108
CDF90738.1	CP097135.1	37.615	109	478	328	436	401420	401728	4.77e-18	86.3
CDF90738.1	CP097135.1	24.923	325	478	158	436	866032	865130	5.16e-18	86.3
CDF90738.1	CP097141.1	38.542	384	478	61	439	165301	164180	9.75e-72	246
CDF90738.1	CP097141.1	29.121	364	478	87	433	388521	389582	4.19e-37	144
CDF90738.1	CP097142.1	40.056	357	478	86	439	554476	555516	6.88e-71	243
CDF90738.1	CP097142.1	30.418	263	478	56	274	486851	486081	1.77e-14	75.1
CDF90738.1	CP097139.1	32.682	358	478	85	436	214302	213262	2.94e-47	174
CDF90738.1	CP097139.1	34.987	383	478	83	436	427766	428848	6.77e-43	161
CDF90739.1	CP097135.1	58.014	443	425	1	412	1011317	1010028	1.36e-146	459
CDF90739.1	CP097146.1	52.539	453	425	1	412	386343	385021	2.32e-137	433
CDF90740.1	CP097146.1	70.756	1019	1033	1	1001	390308	387294	0.0	1489
CDF90740.1	CP097138.1	39.796	392	1033	1	388	187540	186503	2.17e-80	287
CDF90740.1	CP097138.1	33.216	283	1033	601	871	186073	185234	5.48e-41	164
CDF90741.1	CP097142.1	42.615	413	397	1	397	149371	148169	2.30e-101	328
CDF90742.1	CP097146.1	48.294	381	448	14	394	392440	391346	4.55e-122	390
CDF90743.1	CP097142.1	55.571	736	716	10	716	567394	569577	0.0	803
CDF90743.1	CP097133.1	37.910	670	716	28	681	195601	197517	1.61e-131	429
CDF90744.1	CP097142.1	78.238	193	193	1	193	570335	569757	1.30e-106	333
CDF90745.1	CP097146.1	55.635	417	406	1	403	394731	393502	1.41e-125	398
CDF90746.1	CP097142.1	59.766	599	583	1	582	571045	572814	0.0	710
CDF90748.1	CP097146.1	80.882	68	112	45	112	395623	395420	1.74e-35	126
CDF90749.1	CP097146.1	50.175	572	662	46	590	398341	396752	2.90e-151	483
CDF90749.1	CP097142.1	45.554	551	662	51	592	577406	576063	4.56e-117	384
CDF90749.1	CP097142.1	42.675	157	662	450	599	276581	277048	2.15e-34	139
CDF90749.1	CP097142.1	50.000	62	662	305	359	276386	276571	7.68e-11	64.3
CDF90750.1	CP097146.1	66.452	465	465	1	464	400241	398868	0.0	623
CDF90751.1	CP097146.1	52.764	398	390	1	390	400801	401985	3.18e-125	397
CDF90752.1	CP097146.1	39.145	912	899	1	885	404961	402331	4.51e-177	568
CDF90753.1	CP097142.1	65.306	147	146	1	146	578654	579094	5.59e-64	209
CDF90754.1	CP097146.1	51.562	448	445	2	441	408870	407539	5.73e-155	484
CDF90754.1	CP097138.1	33.333	210	445	3	202	247301	246720	7.26e-17	82.4
CDF90754.1	CP097135.1	31.905	210	445	1	202	272653	272063	3.04e-13	70.9
CDF90755.1	CP097146.1	43.137	255	239	3	239	409772	409011	7.21e-56	190
CDF90756.1	CP097146.1	88.462	338	343	5	342	410152	411165	0.0	639
CDF90756.1	CP097146.1	29.568	301	343	59	338	53773	52922	5.09e-26	108
CDF90756.1	CP097146.1	32.589	224	343	51	253	98284	98937	2.59e-23	100
CDF90756.1	CP097146.1	27.308	260	343	54	294	745705	746445	8.47e-15	74.3
CDF90756.1	CP097146.1	25.322	233	343	50	259	214599	215261	4.16e-14	72.4
CDF90756.1	CP097146.1	26.540	211	343	52	248	264584	263967	8.21e-12	65.1
CDF90756.1	CP097140.1	54.545	363	343	18	338	266800	265721	1.94e-106	340
CDF90756.1	CP097143.1	31.667	300	343	50	338	351691	352545	5.04e-36	137
CDF90756.1	CP097143.1	28.205	195	343	143	294	92423	91863	4.89e-11	62.8
CDF90756.1	CP097139.1	29.341	334	343	31	338	154597	153617	2.11e-33	129
CDF90756.1	CP097139.1	38.393	112	343	144	247	256513	256184	1.43e-15	76.6
CDF90756.1	CP097139.1	25.105	239	343	38	261	496147	496833	1.61e-12	67.4
CDF90756.1	CP097139.1	25.909	220	343	60	268	302156	302782	3.84e-12	66.2
CDF90756.1	CP097133.1	30.128	312	343	49	341	540204	541091	5.24e-32	125
CDF90756.1	CP097133.1	27.832	309	343	52	340	184420	185322	9.00e-27	110
CDF90756.1	CP097133.1	22.271	229	343	51	269	13588	12923	1.07e-11	64.7
CDF90756.1	CP097133.1	30.357	168	343	91	247	729447	729935	9.13e-11	62.0
CDF90758.1	CP097142.1	42.169	249	211	1	199	580177	579431	1.91e-49	171
CDF90758.1	CP097146.1	46.154	208	211	1	199	412149	411550	1.94e-48	168
CDF90759.1	CP097146.1	87.080	387	388	1	387	413309	414469	0.0	681
CDF90760.1	CP097133.1	69.076	249	247	4	247	93069	92323	5.92e-113	355
CDF90760.1	CP097144.1	27.386	241	247	13	245	203124	203798	2.58e-16	76.6
CDF90760.1	CP097135.1	27.604	192	247	30	220	1349532	1349002	1.07e-14	72.0
CDF90761.1	CP097133.1	50.847	1180	1157	66	1157	91938	88618	0.0	1044
CDF90762.1	CP097136.1	44.501	782	816	1	756	352005	354137	0.0	594
CDF90762.1	CP097136.1	24.232	293	816	467	713	448586	447747	5.46e-14	75.1
CDF90762.1	CP097133.1	51.899	474	816	348	810	86908	85577	1.60e-145	473
CDF90762.1	CP097133.1	53.913	115	816	104	213	87478	87134	9.38e-30	126
CDF90762.1	CP097144.1	31.325	249	816	489	719	689524	690231	1.32e-21	100
CDF90762.1	CP097144.1	28.910	211	816	502	696	848014	848619	3.90e-14	75.5
CDF90762.1	CP097135.1	26.421	299	816	467	713	610971	610114	3.00e-18	89.0
CDF90762.1	CP097145.1	29.927	137	816	583	717	292286	292669	4.34e-12	68.9
CDF90763.1	CP097136.1	89.905	317	325	8	324	355599	354649	0.0	594
CDF90763.1	CP097133.1	87.077	325	325	1	324	84361	85335	0.0	589
CDF90763.1	CP097139.1	62.928	321	325	7	324	71835	70876	1.35e-132	415
CDF90763.1	CP097142.1	51.208	207	325	7	212	107594	108208	1.95e-67	228
CDF90763.1	CP097142.1	43.750	112	325	215	320	108530	108865	3.11e-19	87.4
CDF90763.1	CP097146.1	62.069	87	325	122	207	181438	181698	7.77e-29	115
CDF90763.1	CP097146.1	46.154	117	325	212	323	181900	182250	9.53e-28	112
CDF90763.1	CP097146.1	47.500	120	325	8	125	180766	181119	1.87e-24	102
CDF90764.1	CP097136.1	70.588	255	250	1	250	356097	356846	1.25e-119	374
CDF90764.1	CP097144.1	34.559	136	250	3	124	301728	302132	5.18e-17	79.0
CDF90764.1	CP097138.1	35.965	114	250	6	115	406962	407288	6.67e-17	78.6
CDF90764.1	CP097133.1	33.945	109	250	10	116	387142	386825	9.30e-12	63.2
CDF90765.1	CP097133.1	58.118	425	433	10	433	82700	83974	2.01e-177	548
CDF90765.1	CP097136.1	56.613	431	433	5	433	358332	357040	1.62e-171	531
CDF90765.1	CP097144.1	22.841	359	433	82	422	534816	535778	5.47e-20	91.7
CDF90766.1	CP097133.1	76.923	78	82	1	78	81925	82158	1.33e-39	136
CDF90767.1	CP097136.1	87.624	202	202	1	202	359633	360232	5.19e-117	364
CDF90767.1	CP097133.1	88.000	200	202	1	200	81072	80479	1.62e-116	362
CDF90767.1	CP097140.1	50.820	61	202	95	155	412746	412910	2.06e-11	60.8
CDF90768.1	CP097133.1	40.730	356	325	1	324	79740	78679	5.97e-75	249
CDF90769.1	CP097133.1	84.746	649	644	1	644	78399	76453	0.0	1130
CDF90769.1	CP097133.1	27.581	649	644	1	608	556115	554190	2.47e-68	241
CDF90769.1	CP097136.1	84.938	644	644	1	644	361122	363047	0.0	1110
CDF90769.1	CP097136.1	48.124	613	644	5	609	90937	92736	4.64e-174	548
CDF90769.1	CP097143.1	79.503	644	644	1	644	83160	81244	0.0	1018
CDF90769.1	CP097143.1	47.101	552	644	3	535	856687	858312	2.96e-156	497
CDF90769.1	CP097132.1	80.310	645	644	1	644	128464	126539	0.0	1016
CDF90769.1	CP097141.1	62.500	616	644	4	617	386044	387879	0.0	786
CDF90769.1	CP097141.1	49.592	613	644	5	609	514385	512586	0.0	572
CDF90770.1	CP097133.1	82.649	1072	1071	1	1071	76212	72997	0.0	1844
CDF90770.1	CP097147.1	26.384	849	1071	1	789	466101	463690	7.40e-59	221
CDF90770.1	CP097138.1	24.485	825	1071	34	785	665014	667239	5.53e-43	170
CDF90771.1	CP097136.1	30.400	125	161	36	160	363532	363906	7.66e-14	66.6
CDF90772.1	CP097133.1	95.690	116	118	1	116	72682	72335	3.59e-72	231
CDF90773.1	CP097133.1	60.027	1491	1472	16	1472	67256	71692	0.0	1802
CDF90773.1	CP097136.1	45.461	1476	1472	1	1466	368548	364397	0.0	1280
CDF90774.1	CP097136.1	33.175	211	301	96	293	369136	369759	4.36e-17	80.5
CDF90775.1	CP097133.1	61.407	526	544	22	544	66572	65022	0.0	668
CDF90776.1	CP097133.1	30.491	387	364	1	364	63830	64918	6.50e-23	99.4
CDF90777.1	CP097136.1	74.157	356	360	1	351	371082	370015	0.0	588
CDF90777.1	CP097146.1	25.503	298	360	26	302	348314	349165	1.30e-20	92.4
CDF90778.1	CP097136.1	39.157	166	242	17	175	373950	373453	6.05e-28	110
CDF90779.1	CP097133.1	57.073	410	432	4	400	63070	61841	4.96e-142	447
CDF90780.1	CP097136.1	81.345	1115	1115	1	1115	378638	375300	0.0	1875
CDF90780.1	CP097144.1	23.100	658	1115	1	625	864361	862478	2.12e-13	73.9
CDF90781.1	CP097136.1	40.800	750	1098	417	1098	381253	379133	5.44e-150	496
CDF90781.1	CP097135.1	48.387	93	1098	44	136	358887	359156	2.32e-21	100
CDF90781.1	CP097135.1	27.660	188	1098	537	719	359988	360533	6.74e-18	88.6
CDF90781.1	CP097143.1	26.042	192	1098	544	703	515436	516008	1.18e-13	74.7
CDF90782.1	CP097136.1	70.968	93	162	1	91	383768	384046	2.80e-36	130
CDF90783.1	CP097136.1	52.167	669	661	38	656	386444	384480	0.0	684
CDF90783.1	CP097135.1	25.073	686	661	41	653	690185	688257	9.05e-36	144
CDF90783.1	CP097143.1	25.678	627	661	70	655	275895	274135	2.96e-34	139
CDF90784.1	CP097133.1	51.720	756	740	24	740	61352	59169	0.0	738
CDF90784.1	CP097133.1	23.830	235	740	507	731	445443	444757	8.24e-11	64.3
CDF90784.1	CP097139.1	27.624	181	740	468	648	423619	423077	1.11e-19	93.2
CDF90785.1	CP097136.1	64.526	327	1101	776	1079	388148	387183	4.73e-115	393
CDF90785.1	CP097136.1	42.967	519	1101	1	489	390248	388809	7.43e-103	357
CDF90785.1	CP097133.1	43.043	460	1101	616	1022	57430	58728	3.97e-92	324
CDF90786.1	CP097133.1	47.992	473	460	1	455	54602	53220	2.51e-128	409
CDF90787.1	CP097136.1	52.326	86	154	61	146	391162	390905	3.70e-19	81.6
CDF90788.1	CP097136.1	50.909	110	187	71	179	392238	391915	6.44e-31	116
CDF90789.1	CP097136.1	91.870	123	141	19	141	393816	394184	5.33e-73	235
CDF90789.1	CP097133.1	91.870	123	141	19	141	52193	51825	5.33e-73	235
CDF90790.1	CP097133.1	44.385	2814	2794	1	2794	51382	43022	0.0	2360
CDF90790.1	CP097133.1	31.921	354	2794	2448	2794	491972	492907	7.71e-48	189
CDF90790.1	CP097142.1	32.754	403	2794	2421	2794	57397	56213	2.84e-49	194
CDF90790.1	CP097141.1	32.615	371	2794	2453	2794	558137	559231	2.00e-48	191
CDF90791.1	CP097136.1	57.507	353	359	18	355	395544	394510	5.52e-119	377
CDF90792.1	CP097136.1	55.234	449	445	1	439	397376	396042	2.09e-153	480
CDF90792.1	CP097136.1	21.192	453	445	2	440	27271	26066	1.22e-20	94.0
CDF90792.1	CP097133.1	51.828	465	445	1	444	41574	42944	1.04e-141	446
CDF90792.1	CP097140.1	31.881	505	445	2	439	183044	181605	4.61e-68	234
CDF90793.1	CP097133.1	67.105	76	169	94	169	41128	41355	3.36e-30	114
CDF90794.1	CP097133.1	74.176	364	409	51	409	40457	39366	0.0	573
CDF90795.1	CP097136.1	75.397	126	211	1	126	397668	398045	2.58e-62	207
CDF90795.1	CP097133.1	34.328	201	211	16	211	39056	38568	4.06e-28	109
CDF90796.1	CP097133.1	77.519	129	131	3	131	37981	38367	1.22e-63	207
CDF90797.1	CP097147.1	80.594	572	572	1	571	792171	790456	0.0	986
CDF90797.1	CP097138.1	80.803	573	572	1	572	726885	728600	0.0	977
CDF90799.1	CP097147.1	60.436	551	529	1	529	793372	795024	0.0	697
CDF90800.1	CP097138.1	71.150	513	513	1	513	725148	723610	0.0	787
CDF90800.1	CP097135.1	41.772	237	513	236	471	130822	130118	5.27e-59	210
CDF90800.1	CP097135.1	40.928	237	513	236	471	226503	225799	7.42e-58	206
CDF90800.1	CP097135.1	36.519	293	513	206	497	622309	623130	3.23e-53	193
CDF90800.1	CP097135.1	39.918	243	513	231	471	375871	376596	7.36e-51	186
CDF90800.1	CP097135.1	38.996	259	513	217	474	1320326	1321078	2.85e-48	178
CDF90800.1	CP097136.1	42.478	226	513	247	471	429395	430066	1.85e-53	194
CDF90800.1	CP097144.1	37.540	309	513	199	469	155138	156040	8.91e-52	189
CDF90800.1	CP097144.1	38.610	259	513	217	474	223370	222618	7.98e-48	177
CDF90800.1	CP097145.1	35.943	281	513	205	471	680652	681470	2.27e-50	184
CDF90801.1	CP097147.1	55.357	728	719	1	700	796869	799052	0.0	771
CDF90801.1	CP097147.1	33.533	334	719	411	692	252773	251790	1.04e-37	150
CDF90801.1	CP097138.1	41.980	293	719	411	696	93330	94190	4.70e-54	201
CDF90801.1	CP097133.1	34.595	370	719	362	696	93985	95064	6.86e-41	160
CDF90801.1	CP097136.1	42.197	173	719	524	696	34841	34335	2.39e-24	108
CDF90801.1	CP097136.1	33.898	177	719	357	516	35672	35166	5.52e-16	81.3
CDF90801.1	CP097142.1	24.917	301	719	411	692	287050	287910	3.53e-17	85.1
CDF90802.1	CP097147.1	64.660	382	400	1	382	800400	799288	2.12e-171	530
CDF90803.1	CP097138.1	33.947	380	391	3	372	720907	722022	8.56e-66	225
CDF90804.1	CP097147.1	73.547	499	506	4	502	802367	803812	0.0	762
CDF90804.1	CP097138.1	75.810	463	506	4	466	719846	718491	0.0	738
CDF90804.1	CP097145.1	41.250	480	506	9	481	358519	359922	7.71e-123	395
CDF90805.1	CP097147.1	68.476	571	571	5	571	806499	804799	0.0	819
CDF90806.1	CP097147.1	57.220	928	892	1	888	809642	806865	0.0	1031
CDF90807.1	CP097138.1	41.767	249	253	14	252	717725	716979	7.52e-61	205
CDF90808.1	CP097138.1	52.900	431	379	15	379	716269	714995	2.04e-123	391
CDF90809.1	CP097147.1	25.769	260	229	2	229	810801	810043	2.05e-12	64.7
CDF90810.1	CP097147.1	56.000	50	50	1	50	811319	811170	1.19e-15	66.6
CDF90811.1	CP097147.1	73.795	332	376	44	371	811894	812886	2.78e-148	462
CDF90812.1	CP097147.1	94.400	125	145	21	145	813486	813112	3.54e-74	238
CDF90812.1	CP097138.1	94.355	124	145	22	145	714299	714670	1.89e-73	236
CDF90813.1	CP097138.1	32.258	465	443	9	418	713395	712019	1.79e-74	253
CDF90814.1	CP097147.1	74.872	195	188	1	188	814378	814962	2.73e-101	318
CDF90815.1	CP097147.1	46.749	323	334	1	278	816189	815335	9.16e-75	249
CDF90816.1	CP097147.1	52.478	343	351	1	342	816672	817622	2.97e-108	346
CDF90816.1	CP097133.1	22.599	354	351	4	351	764214	763294	1.05e-12	68.2
CDF90816.1	CP097136.1	22.741	321	351	6	313	141007	141825	7.87e-12	65.5
CDF90817.1	CP097147.1	57.353	340	341	5	338	818784	817765	7.31e-127	399
CDF90818.1	CP097147.1	69.602	352	413	54	404	820687	819632	5.82e-156	486
CDF90818.1	CP097146.1	40.000	390	413	39	386	242166	240997	1.73e-80	269
CDF90819.1	CP097138.1	75.948	1451	1450	7	1449	707364	711701	0.0	2224
CDF90820.1	CP097147.1	56.159	276	371	116	370	822287	821460	1.49e-97	316
CDF90821.1	CP097138.1	40.171	351	310	1	310	705836	706864	1.76e-60	207
CDF90822.1	CP097138.1	56.571	350	352	24	352	704418	705467	6.47e-133	417
CDF90823.1	CP097147.1	47.225	1207	1189	1	1187	826861	823244	0.0	1123
CDF90823.1	CP097143.1	29.529	403	1189	5	404	899552	898494	3.11e-44	175
CDF90823.1	CP097143.1	24.701	251	1189	13	260	489778	489080	5.39e-12	69.3
CDF90825.1	CP097138.1	58.500	400	427	36	427	700790	701986	4.46e-160	498
CDF90828.1	CP097147.1	51.345	446	420	1	420	763085	761784	2.79e-139	438
CDF90828.1	CP097147.1	48.899	227	420	128	354	760180	760842	1.91e-66	228
CDF90828.1	CP097138.1	52.198	364	420	48	408	698716	697664	1.69e-117	376
CDF90828.1	CP097138.1	42.629	251	420	144	394	696547	697269	8.38e-59	206
CDF90828.1	CP097143.1	46.262	214	420	141	354	559203	559829	2.00e-57	202
CDF90828.1	CP097135.1	45.714	210	420	147	354	183338	183946	8.65e-54	192
CDF90830.1	CP097138.1	73.663	1010	999	14	993	128270	125304	0.0	1490
CDF90830.1	CP097133.1	34.119	636	999	257	885	606533	608167	3.14e-94	328
CDF90830.1	CP097133.1	33.387	620	999	244	817	168602	166950	2.16e-86	305
CDF90830.1	CP097147.1	35.738	596	999	242	813	585205	586809	4.86e-94	327
CDF90830.1	CP097143.1	43.284	335	999	497	811	684377	685381	1.41e-76	275
CDF90830.1	CP097136.1	35.772	492	999	230	713	83556	84848	3.03e-76	274
CDF90831.1	CP097147.1	75.805	901	903	1	898	843391	846093	0.0	1430
CDF90832.1	CP097138.1	69.261	501	496	1	495	123503	124999	0.0	738
CDF90832.1	CP097139.1	31.504	492	496	36	492	361326	362723	1.23e-65	229
CDF90833.1	CP097133.1	28.818	406	657	64	460	496118	497245	1.00e-37	150
CDF90833.1	CP097144.1	27.273	429	657	33	448	834399	835580	1.94e-32	133
CDF90834.1	CP097136.1	73.881	268	288	22	288	205319	204528	6.72e-130	405
CDF90835.1	CP097144.1	62.753	247	253	8	253	622179	622919	1.31e-109	345
CDF90836.1	CP097147.1	87.368	95	100	6	100	70234	69950	1.35e-49	166
CDF90836.1	CP097144.1	87.368	95	100	6	100	623732	624016	1.55e-49	166
CDF90838.1	CP097144.1	38.298	94	72	2	71	625002	624721	3.34e-16	69.3
CDF90840.1	CP097144.1	70.268	1083	1075	1	1068	627184	630420	0.0	1593
CDF90841.1	CP097144.1	69.863	219	220	1	219	631306	630656	1.44e-88	283
CDF90842.1	CP097147.1	81.203	133	180	48	180	68018	67620	3.64e-72	234
CDF90843.1	CP097147.1	33.173	624	636	24	623	67184	65355	6.25e-81	278
CDF90843.1	CP097144.1	28.287	502	636	1	481	631853	633349	1.29e-45	173
CDF90844.1	CP097147.1	59.283	474	434	25	434	63789	65201	4.64e-171	530
CDF90845.1	CP097147.1	33.012	415	362	11	361	61987	63216	1.42e-53	189
CDF90847.1	CP097144.1	59.206	554	524	4	522	634764	636380	0.0	658
CDF90847.1	CP097147.1	59.672	548	524	6	523	60843	59233	0.0	651
CDF90848.1	CP097144.1	63.265	245	249	6	248	636893	637624	2.66e-106	335
CDF90849.1	CP097145.1	50.466	644	606	1	606	631595	633460	0.0	569
CDF90850.1	CP097144.1	64.641	362	357	10	357	639041	637956	1.97e-148	462
CDF90851.1	CP097145.1	65.605	314	291	1	291	634723	633794	4.91e-120	377
CDF90852.1	CP097145.1	70.707	594	645	53	645	635215	636987	0.0	923
CDF90853.1	CP097145.1	34.959	246	216	7	215	637317	638045	1.72e-25	102
CDF90854.1	CP097144.1	75.000	220	220	4	220	639649	640308	5.98e-112	350
CDF90855.1	CP097145.1	61.111	90	114	22	110	638530	638799	1.62e-31	115
CDF90856.1	CP097144.1	77.720	386	386	1	386	640592	641749	0.0	647
CDF90857.1	CP097140.1	48.341	211	206	4	206	320822	320190	3.46e-64	213
CDF90858.1	CP097140.1	64.646	99	99	1	99	319729	320025	4.48e-38	133
CDF90859.1	CP097145.1	59.402	569	577	6	570	427627	425945	0.0	697
CDF90859.1	CP097146.1	57.867	572	577	6	570	492464	494149	0.0	672
CDF90860.1	CP097141.1	58.744	1704	1671	1	1665	378360	373312	0.0	2040
CDF90861.1	CP097141.1	48.438	704	923	235	923	370991	372931	9.91e-151	492
CDF90861.1	CP097141.1	34.790	595	923	64	612	370649	372265	5.93e-44	172
CDF90861.1	CP097146.1	31.678	423	923	309	685	479407	478229	6.95e-18	88.2
CDF90861.1	CP097143.1	31.633	392	923	297	620	794753	795838	2.40e-13	73.2
CDF90862.1	CP097141.1	46.275	1463	1351	5	1350	365819	369988	0.0	1081
CDF90862.1	CP097146.1	25.784	733	1351	415	1093	733465	735459	3.32e-63	237
CDF90862.1	CP097147.1	26.811	787	1351	415	1118	289723	287552	5.07e-62	233
CDF90863.1	CP097141.1	31.235	413	312	2	310	364233	362995	4.84e-57	197
CDF90864.1	CP097142.1	82.186	247	247	1	247	164921	164181	1.67e-130	405
CDF90864.1	CP097135.1	35.811	296	247	4	245	419892	420776	4.74e-51	177
CDF90864.1	CP097146.1	35.052	291	247	3	245	191836	192708	4.23e-49	171
CDF90864.1	CP097146.1	30.172	116	247	1	113	817206	817553	3.61e-12	64.3
CDF90865.1	CP097142.1	58.529	340	323	4	323	166477	165458	8.22e-134	418
CDF90866.1	CP097142.1	58.609	302	297	1	297	167082	167987	1.04e-113	359
CDF90866.1	CP097140.1	36.820	239	297	62	297	252668	251970	1.62e-44	160
CDF90866.1	CP097144.1	33.068	251	297	47	297	89837	89106	1.13e-40	149
CDF90866.1	CP097144.1	35.211	213	297	48	260	16203	15571	1.88e-38	142
CDF90867.1	CP097142.1	52.709	406	356	1	349	169367	168156	2.31e-138	432
CDF90868.1	CP097142.1	84.056	646	644	1	644	171667	169748	0.0	1130
CDF90868.1	CP097141.1	81.677	644	644	1	644	360604	362505	0.0	1084
CDF90869.1	CP097133.1	67.010	582	576	1	576	558201	556465	0.0	830
CDF90870.1	CP097133.1	67.805	205	204	1	203	558479	559093	5.08e-92	292
CDF90871.1	CP097147.1	36.877	301	780	9	288	349323	348442	1.17e-49	188
CDF90871.1	CP097147.1	64.356	101	780	680	780	347083	346781	1.20e-35	145
CDF90871.1	CP097133.1	37.931	319	780	464	780	560101	559268	1.17e-45	176
CDF90871.1	CP097133.1	31.714	350	780	38	346	561280	560279	1.29e-32	135
CDF90872.1	CP097133.1	65.772	149	146	1	146	562285	561842	2.36e-61	202
CDF90873.1	CP097133.1	63.836	318	318	1	317	562521	563465	6.68e-136	424
CDF90873.1	CP097133.1	27.751	209	318	20	224	597017	596427	1.36e-15	76.3
CDF90873.1	CP097134.1	25.105	239	318	61	295	260098	259400	6.63e-15	74.3
CDF90873.1	CP097134.1	26.840	231	318	57	283	221210	220578	4.84e-13	68.6
CDF90873.1	CP097134.1	32.022	178	318	19	186	240924	240400	5.45e-11	62.4
CDF90873.1	CP097144.1	27.895	190	318	94	275	530134	529595	7.87e-14	70.9
CDF90873.1	CP097143.1	36.000	125	318	57	180	576907	576536	3.13e-13	69.3
CDF90873.1	CP097145.1	23.645	203	318	113	315	608383	608934	3.19e-13	68.9
CDF90874.1	CP097147.1	59.168	649	642	4	639	349626	351566	0.0	800
CDF90875.1	CP097133.1	59.932	292	321	28	319	563877	564752	1.51e-125	394
CDF90876.1	CP097147.1	61.343	432	450	27	450	353212	351917	0.0	576
CDF90877.1	CP097147.1	52.305	499	427	1	427	355787	357274	1.33e-159	497
CDF90877.1	CP097137.1	32.447	376	427	4	342	170204	171220	9.24e-43	159
CDF90878.1	CP097147.1	50.000	138	205	71	205	357851	357438	6.28e-40	143
CDF90879.1	CP097147.1	75.676	111	116	1	111	358642	358313	3.77e-53	177
CDF90880.1	CP097147.1	60.987	446	454	11	454	359008	360342	0.0	581
CDF90881.1	CP097147.1	62.606	353	351	11	351	360872	361930	8.82e-149	462
CDF90882.1	CP097133.1	56.667	450	450	1	449	566244	564904	6.12e-177	548
CDF90882.1	CP097147.1	53.795	448	450	5	449	363335	361992	7.39e-168	522
CDF90882.1	CP097144.1	30.303	429	450	23	449	659675	660877	5.04e-58	205
CDF90883.1	CP097133.1	55.319	846	846	16	846	569148	566641	0.0	915
CDF90884.1	CP097147.1	61.029	272	274	2	273	364557	363763	2.29e-105	334
CDF90885.1	CP097133.1	59.116	543	584	37	579	570007	571542	0.0	614
CDF90885.1	CP097133.1	34.946	186	584	105	290	303686	303138	1.36e-26	114
CDF90885.1	CP097133.1	27.219	169	584	122	288	239842	239342	3.08e-14	75.1
CDF90885.1	CP097133.1	23.039	204	584	376	577	302579	301974	1.44e-11	66.2
CDF90885.1	CP097145.1	23.636	495	584	20	496	504681	505994	4.45e-27	115
CDF90885.1	CP097140.1	23.203	487	584	40	493	118366	119706	5.26e-25	109
CDF90885.1	CP097140.1	24.370	476	584	49	493	116212	117510	6.89e-24	105
CDF90885.1	CP097147.1	25.347	288	584	20	305	775319	776140	1.04e-17	86.3
CDF90885.1	CP097138.1	29.310	174	584	134	305	751961	751446	6.64e-17	83.6
CDF90886.1	CP097147.1	44.218	441	458	14	453	367745	369040	2.57e-127	405
CDF90887.1	CP097147.1	75.362	483	485	3	485	369418	370866	0.0	783
CDF90887.1	CP097147.1	24.793	484	485	18	481	507461	506052	1.68e-27	115
CDF90887.1	CP097137.1	25.926	324	485	165	479	84970	84026	7.65e-34	92.0
CDF90887.1	CP097137.1	29.605	152	485	17	167	85421	84981	7.65e-34	69.7
CDF90888.1	CP097133.1	89.787	235	236	2	236	572504	571800	1.68e-132	410
CDF90888.1	CP097147.1	90.171	234	236	3	236	371912	371211	2.13e-132	410
CDF90890.1	CP097144.1	43.169	366	346	8	346	901593	902684	3.70e-95	308
CDF90890.1	CP097147.1	43.169	366	346	8	346	14765	13674	4.08e-95	308
CDF90890.1	CP097146.1	43.169	366	346	8	346	1040020	1041111	4.08e-95	308
CDF90891.1	CP097133.1	46.341	205	471	1	184	574950	574342	1.98e-40	154
CDF90891.1	CP097147.1	68.750	96	471	1	95	375090	374803	8.92e-38	146
CDF90893.1	CP097137.1	53.271	107	338	196	293	78738	79052	1.45e-24	103
CDF90893.1	CP097136.1	73.469	49	338	241	289	227624	227770	4.36e-19	87.4
CDF90893.1	CP097141.1	61.765	68	338	231	298	215955	215764	1.87e-18	85.5
CDF90893.1	CP097142.1	71.739	46	338	242	287	506781	506918	9.15e-15	74.3
CDF90894.1	CP097137.1	80.172	348	494	148	493	85024	83981	1.65e-179	557
CDF90894.1	CP097137.1	70.303	165	494	2	165	85466	84972	7.88e-74	253
CDF90894.1	CP097147.1	41.226	473	494	24	483	507437	506043	8.48e-101	331
CDF90894.1	CP097147.1	28.903	474	494	22	478	369481	370848	1.66e-41	158
CDF90895.1	CP097138.1	31.786	280	257	1	238	29593	30426	7.43e-35	130
CDF90895.1	CP097147.1	26.182	275	257	6	257	892979	892200	1.10e-16	78.2
CDF90895.1	CP097146.1	35.606	132	257	7	135	505258	505623	1.04e-13	69.3
CDF90896.1	CP097145.1	62.143	280	301	14	293	744565	743726	1.83e-119	376
CDF90897.1	CP097137.1	63.636	77	76	1	75	86051	86281	3.32e-29	106
CDF90898.1	CP097137.1	49.673	153	148	4	148	86795	86337	3.69e-45	155
CDF90899.1	CP097143.1	30.310	419	346	1	333	225201	223945	5.64e-53	186
CDF90900.1	CP097143.1	45.283	159	149	1	146	226115	225639	1.10e-33	123
CDF90901.1	CP097137.1	60.587	477	468	12	468	88465	87053	4.68e-161	503
CDF90901.1	CP097145.1	29.659	381	468	35	406	507930	506938	1.33e-29	121
CDF90901.1	CP097145.1	24.877	406	468	26	385	482355	483530	4.06e-22	99.0
CDF90901.1	CP097144.1	38.824	255	468	32	280	667515	668192	1.08e-24	106
CDF90901.1	CP097144.1	43.262	141	468	35	166	549393	549782	4.54e-17	83.2
CDF90901.1	CP097143.1	26.471	442	468	35	433	300755	301993	2.30e-21	96.7
CDF90901.1	CP097136.1	40.833	120	468	35	149	245046	244687	2.01e-11	65.1
CDF90902.1	CP097138.1	58.974	429	429	1	429	137318	138601	9.75e-174	538
CDF90903.1	CP097137.1	44.118	102	103	1	99	89594	89899	1.27e-18	77.8
CDF90904.1	CP097147.1	26.648	364	299	1	298	504906	505991	3.31e-25	104
CDF90905.1	CP097137.1	43.412	721	632	1	623	92279	90246	8.31e-158	501
CDF90906.1	CP097137.1	55.844	77	197	1	75	98062	97850	8.00e-19	82.4
CDF90910.1	CP097137.1	63.918	1225	1219	1	1218	101745	105416	0.0	1587
CDF90910.1	CP097137.1	30.120	166	1219	12	170	194985	194503	1.32e-14	77.8
CDF90910.1	CP097143.1	41.718	163	1219	1050	1212	286046	286498	1.95e-31	133
CDF90910.1	CP097141.1	24.411	807	1219	494	1213	306209	304059	6.00e-29	125
CDF90911.1	CP097137.1	59.099	2154	2143	1	2143	105795	112223	0.0	2682
CDF90912.1	CP097137.1	88.889	216	218	1	216	112652	113296	5.01e-121	376
CDF90912.1	CP097137.1	46.535	202	218	17	216	37930	37325	9.93e-60	201
CDF90912.1	CP097136.1	40.789	228	218	3	216	211659	210979	2.81e-50	173
CDF90912.1	CP097138.1	39.352	216	218	14	216	101803	102450	2.69e-46	162
CDF90912.1	CP097138.1	33.951	162	218	22	180	782569	782087	1.54e-23	96.7
CDF90912.1	CP097146.1	39.706	204	218	21	217	460157	459552	1.13e-43	154
CDF90912.1	CP097146.1	34.211	152	218	33	182	484660	485112	1.24e-21	91.3
CDF90912.1	CP097146.1	29.775	178	218	6	178	651506	650997	1.93e-20	87.8
CDF90912.1	CP097143.1	39.352	216	218	11	216	654305	653664	7.69e-39	140
CDF90912.1	CP097143.1	30.508	177	218	7	178	713117	712614	1.26e-21	91.3
CDF90912.1	CP097143.1	27.976	168	218	21	173	596131	595634	4.46e-18	80.9
CDF90913.1	CP097137.1	56.760	858	860	1	856	114129	116600	0.0	949
CDF90913.1	CP097147.1	55.068	888	860	1	856	504273	501772	0.0	940
CDF90913.1	CP097141.1	33.081	529	860	50	564	417774	416425	7.12e-72	258
CDF90914.1	CP097147.1	48.189	635	588	1	588	501433	499571	1.78e-167	527
CDF90915.1	CP097147.1	52.905	327	322	4	321	514114	513173	9.61e-111	352
CDF90915.1	CP097146.1	34.752	282	322	20	282	169795	168995	1.20e-43	159
CDF90915.1	CP097146.1	24.820	278	322	6	240	346860	347639	8.69e-15	73.9
CDF90915.1	CP097135.1	39.310	145	322	14	158	383699	383268	1.26e-27	112
CDF90915.1	CP097135.1	27.234	235	322	16	226	861227	861904	2.98e-12	66.2
CDF90916.1	CP097147.1	61.043	729	1010	1	723	526194	524053	0.0	877
CDF90917.1	CP097147.1	74.603	189	189	1	189	522288	522854	4.20e-94	298
CDF90918.1	CP097147.1	48.000	350	351	1	336	521971	520928	8.78e-96	310
CDF90919.1	CP097147.1	59.268	1230	1215	1	1215	516987	520670	0.0	1509
CDF90920.1	CP097147.1	67.500	120	119	1	118	516614	516255	3.86e-48	162
CDF90921.1	CP097147.1	40.214	373	364	1	348	514805	515887	1.54e-47	171
CDF90922.1	CP097147.1	51.237	849	789	4	787	526667	529210	0.0	879
CDF90922.1	CP097136.1	23.796	685	789	187	786	517443	519410	2.48e-40	159
CDF90923.1	CP097147.1	60.974	1171	1177	3	1168	531889	535395	0.0	1466
CDF90924.1	CP097147.1	39.514	658	659	1	651	535744	537534	2.64e-144	463
CDF90925.1	CP097147.1	88.489	278	338	1	278	538915	538082	4.25e-161	497
CDF90925.1	CP097138.1	73.597	303	338	1	303	642917	642009	1.05e-147	459
CDF90926.1	CP097147.1	31.928	498	482	1	482	539278	540663	4.05e-55	197
CDF90927.1	CP097137.1	61.803	610	602	1	602	122463	120646	0.0	783
CDF90927.1	CP097144.1	31.020	461	602	20	470	823586	822294	8.52e-58	209
CDF90927.1	CP097141.1	29.724	471	602	13	473	388539	389867	3.69e-51	189
CDF90927.1	CP097141.1	29.073	399	602	7	398	165211	164120	1.63e-29	123
CDF90927.1	CP097139.1	32.312	359	602	25	377	214242	213256	7.54e-48	179
CDF90927.1	CP097139.1	29.921	381	602	14	377	427799	428854	9.31e-34	137
CDF90927.1	CP097143.1	28.721	383	602	20	393	118211	119284	2.35e-47	178
CDF90927.1	CP097143.1	23.877	423	602	12	375	688512	687295	2.92e-28	119
CDF90928.1	CP097137.1	61.179	407	434	29	423	122748	123959	1.14e-173	538
CDF90929.1	CP097147.1	74.026	231	235	1	231	541586	540897	2.77e-114	358
CDF90930.1	CP097147.1	58.713	373	391	1	372	541863	542981	3.30e-145	454
CDF90931.1	CP097137.1	62.981	208	207	1	207	124643	125251	1.94e-58	196
CDF90932.1	CP097147.1	68.354	474	476	4	476	543659	545071	0.0	667
CDF90932.1	CP097145.1	44.586	471	476	6	476	619282	617951	3.85e-130	414
CDF90932.1	CP097134.1	44.776	469	476	8	476	122116	120782	4.60e-129	411
CDF90933.1	CP097147.1	78.512	484	519	37	518	545732	547183	0.0	809
CDF90934.1	CP097137.1	62.861	832	850	19	849	125587	128058	0.0	1094
CDF90935.1	CP097137.1	52.980	151	151	1	151	128641	128207	3.61e-30	113
CDF90936.1	CP097137.1	88.485	165	306	1	160	128925	129419	2.65e-91	295
CDF90936.1	CP097137.1	88.957	163	306	144	306	129355	129843	3.04e-84	275
CDF90936.1	CP097135.1	34.000	150	306	27	163	70310	69864	1.04e-20	91.3
CDF90937.1	CP097137.1	43.777	466	461	1	458	131406	130069	5.15e-124	396
CDF90938.1	CP097137.1	68.050	482	530	49	530	131834	133279	0.0	722
CDF90938.1	CP097136.1	24.385	447	530	112	529	314606	313389	1.01e-27	117
CDF90939.1	CP097137.1	40.758	211	228	27	228	136135	136728	2.54e-40	145
CDF90940.1	CP097147.1	36.453	716	686	13	686	558915	556900	8.56e-99	332
CDF90941.1	CP097147.1	65.263	570	566	1	566	556506	554833	0.0	803
CDF90941.1	CP097136.1	39.377	546	566	30	566	283450	281843	8.56e-129	414
CDF90943.1	CP097137.1	49.030	361	347	1	347	134832	135890	7.78e-107	342
CDF90944.1	CP097147.1	61.994	321	345	21	340	552538	551582	2.01e-126	398
CDF90945.1	CP097147.1	60.212	661	734	80	734	551043	549067	0.0	811
CDF90945.1	CP097143.1	24.473	474	734	89	537	303932	305317	1.33e-26	115
CDF90945.1	CP097133.1	23.409	487	734	89	537	769233	770618	4.48e-25	110
CDF90945.1	CP097138.1	24.695	328	734	353	674	730667	731572	2.06e-11	66.2
CDF90947.1	CP097147.1	49.544	329	694	1	320	560580	561521	4.81e-75	263
CDF90947.1	CP097138.1	48.485	132	694	1	120	198523	198882	5.00e-29	123
CDF90948.1	CP097138.1	56.977	430	425	1	403	200694	199441	3.45e-136	430
CDF90949.1	CP097138.1	72.848	906	880	1	880	203798	201105	0.0	1289
CDF90949.1	CP097138.1	29.394	330	880	312	621	236744	235842	5.93e-30	127
CDF90949.1	CP097138.1	39.103	156	880	636	790	235034	234576	2.16e-26	115
CDF90949.1	CP097133.1	36.553	673	880	243	878	364030	365907	7.49e-114	383
CDF90949.1	CP097133.1	29.541	501	880	296	787	690617	689268	9.20e-58	215
CDF90949.1	CP097133.1	34.104	173	880	636	806	449192	449704	4.83e-17	85.1
CDF90949.1	CP097141.1	33.761	545	880	310	818	491179	492729	7.09e-78	276
CDF90949.1	CP097146.1	31.853	518	880	312	815	854454	855848	4.69e-65	237
CDF90949.1	CP097146.1	32.582	488	880	312	789	827245	825896	1.82e-62	229
CDF90949.1	CP097146.1	27.692	195	880	604	788	666099	666650	2.98e-16	82.8
CDF90949.1	CP097136.1	32.649	487	880	312	787	496761	498101	8.85e-65	236
CDF90951.1	CP097138.1	34.831	178	349	180	348	205961	206404	2.15e-27	112
CDF90951.1	CP097147.1	33.684	190	349	163	349	564468	564911	1.45e-25	107
CDF90952.1	CP097138.1	37.333	225	238	48	238	207248	206583	4.39e-37	136
CDF90953.1	CP097136.1	60.678	295	303	2	289	93996	93112	2.01e-119	376
CDF90953.1	CP097145.1	38.047	297	303	2	288	669563	670435	5.61e-56	193
CDF90954.1	CP097141.1	90.723	636	645	1	634	514481	512574	0.0	1173
CDF90954.1	CP097141.1	53.102	548	645	28	565	386038	387660	8.48e-179	562
CDF90954.1	CP097136.1	80.480	625	645	15	639	90889	92763	0.0	1054
CDF90954.1	CP097136.1	49.756	615	645	31	630	361134	362948	0.0	571
CDF90954.1	CP097143.1	53.249	631	645	30	637	856690	858570	0.0	637
CDF90954.1	CP097143.1	49.918	613	645	31	631	83148	81340	3.14e-176	555
CDF90954.1	CP097133.1	48.943	615	645	31	630	78387	76573	0.0	568
CDF90954.1	CP097133.1	31.884	414	645	7	402	556196	554970	1.90e-49	185
CDF90954.1	CP097132.1	50.245	613	645	31	631	128452	126644	2.85e-177	558
CDF90955.1	CP097141.1	53.041	592	592	6	584	514964	516730	0.0	622
CDF90956.1	CP097136.1	74.918	1216	1216	1	1215	86463	90098	0.0	1910
CDF90956.1	CP097146.1	29.193	805	1216	126	833	831821	834166	5.12e-84	301
CDF90956.1	CP097146.1	23.160	462	1216	780	1201	833543	834880	3.00e-16	83.2
CDF90956.1	CP097138.1	20.946	740	1216	151	833	197716	195773	3.36e-15	79.7
CDF90957.1	CP097136.1	71.546	970	915	1	915	83160	86054	0.0	1330
CDF90957.1	CP097133.1	37.043	575	915	125	687	168566	166956	1.47e-94	327
CDF90957.1	CP097133.1	38.479	447	915	105	543	606470	607762	2.16e-77	275
CDF90957.1	CP097143.1	30.842	736	915	17	702	683381	685405	6.53e-91	316
CDF90957.1	CP097147.1	34.918	610	915	109	691	585220	586809	7.23e-91	316
CDF90957.1	CP097138.1	35.317	504	915	93	527	127628	126138	9.71e-83	291
CDF90958.1	CP097145.1	33.291	781	731	22	729	756989	754665	6.23e-130	424
CDF90958.1	CP097144.1	30.351	827	731	20	728	41949	44414	1.04e-102	345
CDF90958.1	CP097144.1	31.308	856	731	23	728	790368	787825	2.31e-102	344
CDF90959.1	CP097145.1	75.382	719	1277	557	1275	752494	750341	0.0	1175
CDF90959.1	CP097143.1	40.813	713	1277	568	1271	411790	409712	3.29e-157	523
CDF90960.1	CP097141.1	87.898	157	157	1	157	518255	517785	6.59e-93	293
CDF90960.1	CP097136.1	87.742	155	157	1	155	81896	82360	1.76e-90	286
CDF90961.1	CP097136.1	75.943	424	452	8	431	80738	79491	0.0	666
CDF90961.1	CP097144.1	50.382	393	452	35	380	36031	34910	4.34e-123	393
CDF90961.1	CP097147.1	33.438	317	452	53	359	448964	448044	9.85e-54	192
CDF90962.1	CP097136.1	54.286	420	397	1	397	78825	77632	2.18e-129	409
CDF90963.1	CP097135.1	61.290	341	341	3	341	1505047	1504028	1.28e-132	416
CDF90963.1	CP097146.1	59.649	342	341	1	341	18147	19172	5.08e-132	414
CDF90963.1	CP097138.1	53.892	334	341	3	334	222381	223382	2.46e-111	354
CDF90963.1	CP097138.1	47.436	234	341	110	340	434264	434962	1.25e-90	218
CDF90963.1	CP097138.1	61.261	111	341	3	113	433942	434274	1.25e-90	133
CDF90964.1	CP097136.1	55.556	225	230	7	229	76732	77400	1.91e-76	249
CDF90965.1	CP097141.1	90.385	104	111	5	108	519223	519534	6.35e-62	201
CDF90965.1	CP097136.1	80.769	104	111	5	108	76200	75889	1.05e-55	184
CDF90966.1	CP097136.1	59.593	344	412	6	344	74318	75349	4.72e-145	454
CDF90966.1	CP097143.1	36.152	343	412	4	295	564488	563466	5.05e-65	224
CDF90966.1	CP097138.1	32.178	202	412	95	295	853181	852621	2.74e-25	107
CDF90967.1	CP097141.1	64.387	424	510	69	461	521229	519958	0.0	575
CDF90967.1	CP097136.1	56.250	400	510	75	468	72359	73549	1.73e-153	483
CDF90967.1	CP097147.1	39.908	218	510	201	412	186095	186706	4.62e-42	160
CDF90968.1	CP097136.1	66.224	527	528	1	524	70027	71562	0.0	733
CDF90968.1	CP097136.1	26.981	467	528	102	518	157134	158483	3.04e-36	143
CDF90969.1	CP097141.1	68.000	100	225	1	100	521573	521872	1.23e-55	143
CDF90969.1	CP097141.1	42.400	125	225	112	225	521928	522278	1.23e-55	90.1
CDF90971.1	CP097136.1	64.029	139	145	15	145	66085	66501	7.87e-56	186
CDF90972.1	CP097136.1	77.835	388	388	1	388	65039	63879	0.0	665
CDF90973.1	CP097136.1	62.322	491	495	4	491	63113	61644	0.0	628
CDF90973.1	CP097141.1	58.233	498	495	1	490	522737	524230	0.0	609
CDF90973.1	CP097142.1	29.180	305	495	196	493	171013	170264	1.07e-19	91.7
CDF90974.1	CP097136.1	50.000	154	168	16	168	61433	60981	3.80e-45	156
CDF90975.1	CP097146.1	30.830	253	542	3	247	408873	408181	1.32e-27	117
CDF90975.1	CP097138.1	29.958	237	542	1	228	247319	246702	3.57e-12	68.2
CDF90975.1	CP097135.1	30.222	225	542	7	224	272638	272057	9.89e-12	66.6
CDF90976.1	CP097135.1	32.727	220	231	5	198	131803	132453	7.19e-23	95.5
CDF90977.1	CP097135.1	87.399	373	373	1	373	226812	225706	0.0	680
CDF90977.1	CP097135.1	85.714	378	373	1	373	131155	130025	0.0	679
CDF90977.1	CP097135.1	54.754	305	373	75	373	375787	376701	1.14e-117	374
CDF90977.1	CP097135.1	51.220	328	373	53	373	622213	623193	7.03e-110	352
CDF90977.1	CP097135.1	40.625	288	373	59	344	1320215	1321075	1.68e-68	233
CDF90977.1	CP097145.1	53.710	283	373	73	342	680622	681470	6.94e-102	328
CDF90977.1	CP097136.1	49.004	251	373	119	368	429395	430132	8.97e-79	262
CDF90977.1	CP097144.1	38.344	326	373	21	344	223592	222621	6.98e-73	245
CDF90977.1	CP097144.1	32.895	304	373	87	350	155168	156076	2.26e-51	183
CDF90977.1	CP097147.1	42.688	253	373	91	342	203234	203989	2.01e-68	232
CDF90979.1	CP097135.1	83.168	202	201	1	201	225328	224723	1.66e-109	342
CDF90980.1	CP097135.1	40.270	370	437	10	344	128385	129446	1.82e-56	200
CDF90981.1	CP097135.1	70.273	952	953	1	949	127749	124894	0.0	1403
CDF90982.1	CP097135.1	90.756	119	120	2	120	124315	124671	2.38e-63	206
CDF90982.1	CP097135.1	89.916	119	120	2	120	224048	224404	9.78e-63	204
CDF90983.1	CP097135.1	97.238	181	181	1	181	222569	223111	2.00e-118	367
CDF90983.1	CP097135.1	96.685	181	181	1	181	122478	123020	1.53e-117	364
CDF90983.1	CP097133.1	54.696	181	181	1	180	548546	548004	2.07e-63	209
CDF90983.1	CP097146.1	54.802	177	181	1	176	472144	472674	7.96e-63	207
CDF90983.1	CP097147.1	37.288	177	181	8	173	447235	447759	7.48e-29	110
CDF90983.1	CP097147.1	35.329	167	181	15	174	133165	133665	1.88e-27	106
CDF90983.1	CP097144.1	32.283	127	181	15	135	516816	517196	6.45e-19	82.0
CDF90984.1	CP097135.1	55.211	355	388	66	388	120888	121952	3.47e-117	373
CDF90985.1	CP097135.1	59.413	749	686	1	684	117736	119973	0.0	860
CDF90985.1	CP097135.1	61.778	675	686	54	684	219603	221603	0.0	798
CDF90985.1	CP097135.1	30.654	535	686	51	557	1150946	1149384	4.01e-70	248
CDF90985.1	CP097135.1	30.654	535	686	51	557	1145554	1143992	7.64e-70	247
CDF90985.1	CP097135.1	30.255	509	686	63	557	1154223	1152733	5.85e-66	236
CDF90985.1	CP097135.1	29.885	522	686	60	557	13479	11959	1.24e-63	229
CDF90985.1	CP097135.1	27.912	498	686	92	569	1429097	1427661	6.01e-43	166
CDF90985.1	CP097135.1	27.655	499	686	99	581	1492543	1493997	6.21e-40	157
CDF90985.1	CP097135.1	28.870	239	686	88	322	1233461	1232766	1.57e-21	99.0
CDF90985.1	CP097135.1	24.889	225	686	333	553	1232567	1231944	3.65e-13	72.0
CDF90985.1	CP097135.1	21.561	538	686	32	543	109321	107813	5.25e-11	65.1
CDF90985.1	CP097139.1	31.818	528	686	60	570	274173	272629	2.06e-74	261
CDF90985.1	CP097139.1	30.040	496	686	91	570	277921	276461	1.52e-68	243
CDF90985.1	CP097139.1	27.749	573	686	7	557	281953	280265	1.14e-67	241
CDF90985.1	CP097143.1	32.593	540	686	46	557	270303	271877	1.04e-73	258
CDF90985.1	CP097137.1	31.467	518	686	77	579	94808	96331	1.03e-72	256
CDF90985.1	CP097137.1	22.745	510	686	77	545	33339	34775	9.80e-20	93.2
CDF90985.1	CP097144.1	30.354	537	686	77	592	271255	272835	2.61e-71	251
CDF90986.1	CP097135.1	54.844	1311	1259	1	1259	113364	117182	0.0	1340
CDF90987.1	CP097143.1	73.077	78	79	4	79	570337	570104	8.33e-35	122
CDF90988.1	CP097135.1	39.352	216	217	1	197	218095	217490	9.63e-40	143
CDF90989.1	CP097143.1	73.854	371	370	1	370	569813	568701	0.0	556
CDF90989.1	CP097141.1	36.294	394	370	4	370	483937	485103	7.56e-63	216
CDF90989.1	CP097135.1	61.184	152	370	2	153	787628	787200	1.02e-52	187
CDF90989.1	CP097135.1	51.765	170	370	5	174	1068102	1067617	3.52e-46	167
CDF90989.1	CP097144.1	55.882	170	370	5	174	105757	106236	1.38e-50	181
CDF90989.1	CP097139.1	50.296	169	370	5	172	204232	203750	1.67e-42	157
CDF90990.1	CP097135.1	90.231	1556	1737	1	1551	216603	211939	0.0	2934
CDF90990.1	CP097146.1	33.809	1541	1737	12	1451	513427	509132	0.0	733
CDF90990.1	CP097146.1	32.192	730	1737	207	874	931328	933496	1.41e-98	353
CDF90990.1	CP097146.1	49.383	81	1737	1049	1128	933836	934078	4.13e-18	90.1
CDF90990.1	CP097146.1	31.206	141	1737	1305	1444	934880	935299	1.79e-15	81.6
CDF90991.1	CP097135.1	56.364	220	259	42	259	208446	207787	2.03e-83	270
CDF90992.1	CP097135.1	85.606	528	528	1	528	206057	207640	0.0	919
CDF90992.1	CP097135.1	30.627	542	528	7	522	894011	895609	1.86e-64	226
CDF90992.1	CP097135.1	28.030	528	528	22	524	855088	856629	1.21e-49	183
CDF90992.1	CP097141.1	33.911	519	528	19	527	548452	549990	2.97e-91	305
CDF90992.1	CP097141.1	29.297	512	528	23	524	412114	413625	7.18e-70	242
CDF90992.1	CP097141.1	30.664	512	528	23	523	212706	214190	5.27e-66	231
CDF90992.1	CP097141.1	28.977	528	528	24	528	426066	424513	4.54e-56	202
CDF90992.1	CP097140.1	31.992	522	528	14	528	67326	68846	6.62e-71	245
CDF90993.1	CP097143.1	55.043	347	338	2	331	568456	567419	1.45e-126	398
CDF90994.1	CP097135.1	64.689	354	358	8	358	205787	204726	3.78e-147	458
CDF90995.1	CP097143.1	48.184	413	474	10	388	564515	563277	1.78e-127	407
CDF90995.1	CP097136.1	33.898	354	474	13	361	74297	75256	1.17e-67	234
CDF90995.1	CP097138.1	27.273	187	474	151	337	853139	852621	7.10e-23	101
CDF90996.1	CP097147.1	48.984	443	427	1	423	312863	311565	3.20e-131	416
CDF90997.1	CP097146.1	39.616	573	615	45	612	429888	428182	3.86e-130	421
CDF90997.1	CP097146.1	39.479	537	615	48	581	669937	668339	5.36e-127	411
CDF90997.1	CP097143.1	40.037	537	615	48	581	603737	605335	2.31e-128	416
CDF90997.1	CP097140.1	28.492	537	615	32	543	386347	387912	1.51e-56	206
CDF90997.1	CP097133.1	27.567	526	615	34	543	261666	263228	6.13e-51	189
CDF90997.1	CP097133.1	25.970	593	615	2	552	132174	130417	8.29e-48	179
CDF90999.1	CP097146.1	49.584	361	903	579	897	704847	705896	2.49e-94	326
CDF90999.1	CP097146.1	34.529	446	903	91	523	703791	704948	2.68e-49	189
CDF90999.1	CP097136.1	44.578	83	903	812	891	305375	305127	7.15e-11	65.1
CDF91000.1	CP097147.1	67.091	1021	1029	7	1024	307318	310380	0.0	1457
CDF91001.1	CP097146.1	68.925	428	428	1	426	707457	706174	0.0	640
CDF91002.1	CP097147.1	56.430	902	861	1	861	304128	306815	0.0	986
CDF91003.1	CP097146.1	94.286	70	70	1	70	708050	708259	1.66e-41	141
CDF91004.1	CP097146.1	68.207	887	898	36	896	711266	708657	0.0	1176
CDF91004.1	CP097143.1	39.313	262	898	227	444	133701	134471	1.61e-41	164
CDF91004.1	CP097142.1	37.643	263	898	231	444	442779	442006	8.31e-40	159
CDF91005.1	CP097147.1	71.622	74	322	57	130	303393	303172	6.51e-28	113
CDF91005.1	CP097147.1	55.405	74	322	243	316	303387	303169	1.49e-18	85.5
CDF91006.1	CP097147.1	55.729	576	536	6	532	302115	300463	0.0	621
CDF91007.1	CP097146.1	65.842	404	427	26	426	712699	713904	0.0	564
CDF91007.1	CP097133.1	26.484	219	427	88	302	597062	596433	9.79e-16	78.6
CDF91008.1	CP097146.1	45.283	212	227	6	216	714998	714366	1.50e-55	189
CDF91008.1	CP097147.1	28.448	232	227	9	216	299342	300037	4.99e-34	127
CDF91009.1	CP097147.1	79.668	241	239	4	239	299330	300052	4.63e-130	403
CDF91009.1	CP097146.1	31.330	233	239	4	235	715001	714363	4.41e-32	122
CDF91011.1	CP097146.1	54.595	185	182	1	181	717009	716455	1.19e-59	199
CDF91012.1	CP097146.1	46.614	502	467	1	467	718706	717261	8.57e-116	373
CDF91013.1	CP097146.1	64.902	869	859	1	858	719028	721607	0.0	1146
CDF91013.1	CP097146.1	25.397	252	859	299	543	111047	110388	8.05e-14	74.7
CDF91013.1	CP097141.1	27.536	276	859	299	561	560127	560867	1.78e-15	80.1
CDF91013.1	CP097145.1	24.699	332	859	299	620	86763	87635	2.83e-15	79.3
CDF91014.1	CP097146.1	48.188	938	879	4	879	724718	721962	0.0	864
CDF91014.1	CP097139.1	32.737	895	879	13	877	151774	149222	1.67e-135	446
CDF91015.1	CP097147.1	87.031	293	298	2	294	297045	297923	8.07e-162	497
CDF91016.1	CP097146.1	31.008	258	179	5	179	725076	725849	2.74e-26	103
CDF91017.1	CP097147.1	82.609	207	268	24	230	295789	296403	6.32e-118	370
CDF91018.1	CP097147.1	59.770	435	330	7	330	295113	293809	1.91e-154	478
CDF91018.1	CP097133.1	25.877	228	330	103	329	678714	678031	1.64e-25	106
CDF91018.1	CP097141.1	24.895	237	330	149	329	234490	233786	7.05e-16	77.4
CDF91019.1	CP097146.1	52.975	353	312	1	311	727285	726227	1.08e-118	374
CDF91020.1	CP097146.1	59.197	299	296	2	294	728070	728966	2.24e-126	395
CDF91020.1	CP097146.1	26.780	295	296	11	290	540075	539242	2.86e-18	84.0
CDF91020.1	CP097146.1	23.746	299	296	12	296	483515	482646	5.61e-15	73.9
CDF91020.1	CP097147.1	64.667	300	296	6	294	293400	292510	1.87e-124	390
CDF91020.1	CP097147.1	32.862	283	296	12	284	589319	588495	1.02e-33	129
CDF91020.1	CP097141.1	30.323	310	296	10	296	602222	603118	2.69e-34	130
CDF91020.1	CP097141.1	27.178	287	296	4	284	171290	172120	1.18e-18	85.1
CDF91020.1	CP097141.1	27.426	237	296	14	239	570535	569846	9.53e-16	76.3
CDF91020.1	CP097133.1	28.028	289	296	12	287	764208	763369	6.07e-24	100
CDF91020.1	CP097133.1	27.778	306	296	15	291	429865	430725	8.87e-22	94.4
CDF91020.1	CP097133.1	26.316	285	296	9	280	396104	396943	1.20e-18	85.1
CDF91020.1	CP097133.1	25.614	285	296	9	280	155891	155052	2.71e-16	77.8
CDF91020.1	CP097136.1	28.276	290	296	14	284	141013	141855	2.12e-23	99.0
CDF91020.1	CP097136.1	27.273	176	296	8	173	141295	141819	1.19e-11	63.9
CDF91021.1	CP097146.1	55.290	293	273	1	273	729509	730384	6.03e-102	324
CDF91022.1	CP097146.1	79.452	146	145	1	145	730992	730555	6.99e-77	246
CDF91023.1	CP097146.1	85.827	127	173	30	155	731738	731358	1.38e-70	229
CDF91023.1	CP097147.1	69.231	169	173	2	161	291468	291965	4.75e-70	228
CDF91024.1	CP097147.1	48.010	1156	1109	59	1106	290128	286751	0.0	941
CDF91024.1	CP097146.1	48.506	1004	1109	145	1109	733366	736284	0.0	873
CDF91024.1	CP097141.1	28.687	739	1109	177	854	367142	369232	4.49e-75	272
CDF91025.1	CP097146.1	42.258	310	298	1	298	737499	736609	5.76e-74	245
CDF91026.1	CP097147.1	41.274	361	338	1	336	286347	285295	1.05e-87	286
CDF91027.1	CP097147.1	60.236	508	480	1	479	282954	281449	0.0	585
CDF91027.1	CP097147.1	32.850	207	480	188	392	160718	161311	2.66e-25	108
CDF91027.1	CP097147.1	30.769	273	480	193	459	262240	262974	1.34e-24	106
CDF91027.1	CP097147.1	28.070	285	480	195	459	257509	256715	2.11e-23	103
CDF91027.1	CP097147.1	28.000	300	480	188	458	480187	479309	4.50e-22	99.0
CDF91027.1	CP097147.1	29.565	230	480	232	458	151418	150789	1.57e-21	97.4
CDF91027.1	CP097147.1	27.129	317	480	191	458	653968	654864	1.36e-18	88.2
CDF91027.1	CP097147.1	27.046	281	480	194	459	279849	279040	1.63e-17	84.7
CDF91027.1	CP097147.1	28.387	155	480	237	385	461339	460881	1.77e-14	75.1
CDF91027.1	CP097147.1	30.000	190	480	221	392	489159	488623	3.21e-13	70.9
CDF91027.1	CP097147.1	25.000	240	480	178	389	848366	847668	5.21e-12	67.0
CDF91027.1	CP097146.1	59.768	517	480	1	477	742325	743845	0.0	575
CDF91027.1	CP097146.1	31.469	286	480	197	458	79844	80662	3.57e-28	117
CDF91027.1	CP097146.1	27.481	262	480	154	392	98212	98925	3.85e-19	89.7
CDF91027.1	CP097146.1	29.482	251	480	183	415	745660	746394	1.49e-17	84.7
CDF91027.1	CP097146.1	23.322	283	480	196	468	264560	263760	4.27e-15	77.0
CDF91027.1	CP097146.1	28.926	242	480	250	464	959263	958580	4.46e-15	77.0
CDF91027.1	CP097146.1	26.073	303	480	193	475	214620	215456	5.31e-15	76.6
CDF91027.1	CP097146.1	25.893	224	480	185	396	793955	793305	2.29e-14	74.7
CDF91027.1	CP097146.1	28.505	214	480	267	460	53545	52916	9.65e-13	69.7
CDF91027.1	CP097135.1	40.647	278	480	193	458	179117	179935	1.82e-51	187
CDF91027.1	CP097135.1	34.701	268	480	196	460	1471266	1470514	1.01e-31	128
CDF91027.1	CP097135.1	30.000	210	480	191	397	1396426	1397031	3.47e-22	99.4
CDF91027.1	CP097135.1	27.817	284	480	196	459	1450021	1449212	8.83e-21	94.7
CDF91027.1	CP097135.1	32.934	167	480	233	395	714491	714967	9.82e-21	94.7
CDF91027.1	CP097135.1	28.378	222	480	256	458	1023367	1022747	1.74e-19	90.9
CDF91027.1	CP097135.1	25.524	286	480	196	459	1417777	1416992	3.92e-19	89.7
CDF91027.1	CP097135.1	25.738	237	480	196	399	1379061	1379726	2.80e-16	80.9
CDF91027.1	CP097135.1	28.621	290	480	196	458	287254	286430	6.10e-16	79.7
CDF91027.1	CP097135.1	24.590	244	480	196	423	412189	411512	3.36e-14	74.3
CDF91027.1	CP097135.1	32.667	150	480	260	392	963138	963575	3.42e-14	74.3
CDF91027.1	CP097135.1	25.907	193	480	196	385	273832	274389	9.66e-13	69.7
CDF91027.1	CP097141.1	38.000	300	480	188	477	189631	188777	3.56e-46	171
CDF91027.1	CP097141.1	29.153	295	480	195	472	255538	256371	9.90e-29	119
CDF91027.1	CP097141.1	30.415	217	480	249	459	115388	114798	2.61e-22	99.8
CDF91027.1	CP097141.1	30.000	200	480	216	391	226412	226993	1.03e-16	82.0
CDF91027.1	CP097141.1	28.837	215	480	192	395	159869	159255	4.31e-15	77.0
CDF91027.1	CP097141.1	28.169	142	480	248	386	82400	81981	2.86e-11	64.7
CDF91027.1	CP097139.1	33.922	283	480	195	470	302153	302935	2.45e-38	148
CDF91027.1	CP097139.1	30.714	280	480	196	472	79927	79148	1.60e-32	130
CDF91027.1	CP097139.1	30.333	300	480	112	392	495934	496794	8.66e-24	104
CDF91027.1	CP097139.1	28.502	207	480	196	389	154486	153881	5.07e-16	80.1
CDF91027.1	CP097139.1	29.927	137	480	266	392	256582	256184	3.18e-12	67.8
CDF91028.1	CP097146.1	65.278	216	224	9	224	744348	744977	9.85e-87	278
CDF91029.1	CP097147.1	47.831	922	873	1	873	279981	277387	0.0	732
CDF91029.1	CP097147.1	35.766	274	873	35	308	262225	262980	2.44e-40	160
CDF91029.1	CP097147.1	34.228	298	873	42	338	160739	161557	1.42e-37	151
CDF91029.1	CP097147.1	28.664	307	873	19	306	257581	256715	3.54e-31	131
CDF91029.1	CP097147.1	28.151	238	873	69	305	151466	150789	1.52e-25	112
CDF91029.1	CP097147.1	29.680	219	873	43	255	480163	479558	3.92e-19	92.0
CDF91029.1	CP097147.1	29.091	275	873	43	305	282297	281512	4.05e-19	92.0
CDF91029.1	CP097147.1	25.552	317	873	43	306	848312	847407	3.79e-16	82.4
CDF91029.1	CP097147.1	27.925	265	873	67	300	489207	488464	1.78e-15	80.1
CDF91029.1	CP097147.1	25.725	276	873	14	244	735644	736432	2.63e-13	73.2
CDF91029.1	CP097147.1	29.464	224	873	35	239	653959	654588	1.63e-12	70.5
CDF91029.1	CP097146.1	72.267	375	873	1	366	745570	746685	5.78e-171	549
CDF91029.1	CP097146.1	37.915	211	873	37	244	264578	263970	4.96e-35	143
CDF91029.1	CP097146.1	28.975	283	873	37	306	98293	99090	4.77e-31	130
CDF91029.1	CP097146.1	33.478	230	873	39	260	793931	793278	4.01e-22	101
CDF91029.1	CP097146.1	26.510	298	873	38	308	959443	958589	9.77e-20	94.0
CDF91029.1	CP097146.1	29.091	275	873	43	306	743003	743791	4.64e-19	91.7
CDF91029.1	CP097146.1	26.510	298	873	26	306	214590	215390	8.19e-19	90.9
CDF91029.1	CP097146.1	28.065	310	873	36	318	79817	80686	2.19e-18	89.7
CDF91029.1	CP097146.1	26.667	285	873	88	332	410413	411213	1.08e-11	67.8
CDF91029.1	CP097135.1	41.758	273	873	34	306	1396414	1397181	5.64e-57	213
CDF91029.1	CP097135.1	39.667	300	873	30	308	1450048	1449206	5.66e-53	200
CDF91029.1	CP097135.1	32.192	292	873	33	305	714272	715120	1.87e-38	154
CDF91029.1	CP097135.1	30.887	327	873	23	317	287329	286394	1.48e-30	129
CDF91029.1	CP097135.1	26.667	375	873	30	381	1417825	1416785	1.10e-26	116
CDF91029.1	CP097135.1	29.371	286	873	38	305	412204	411386	5.31e-26	114
CDF91029.1	CP097135.1	25.444	338	873	24	330	1379016	1379942	3.01e-23	105
CDF91029.1	CP097135.1	30.333	300	873	39	306	75651	74779	1.01e-21	100
CDF91029.1	CP097135.1	31.086	267	873	74	317	963012	963770	4.66e-21	98.2
CDF91029.1	CP097135.1	25.912	274	873	37	306	1471284	1470517	3.75e-15	79.0
CDF91029.1	CP097135.1	23.333	300	873	47	321	179114	179968	1.55e-14	77.0
CDF91029.1	CP097135.1	26.168	214	873	37	247	273814	274425	5.28e-14	75.1
CDF91029.1	CP097135.1	22.523	222	873	103	305	1023382	1022747	2.60e-12	69.7
CDF91029.1	CP097135.1	29.048	210	873	42	240	319973	319395	6.88e-11	65.1
CDF91029.1	CP097142.1	35.494	324	873	23	311	249339	250265	6.06e-51	194
CDF91029.1	CP097142.1	35.374	294	873	42	334	135731	134925	1.53e-38	155
CDF91029.1	CP097142.1	29.080	337	873	28	364	206942	207877	2.06e-30	129
CDF91029.1	CP097142.1	32.273	220	873	102	306	132285	131626	1.88e-22	102
CDF91029.1	CP097142.1	28.516	256	873	43	248	222537	221782	5.87e-22	101
CDF91029.1	CP097142.1	30.097	206	873	37	237	184049	184624	1.09e-20	97.1
CDF91029.1	CP097142.1	26.822	343	873	33	301	348515	347553	1.59e-15	80.1
CDF91029.1	CP097134.1	40.559	286	873	33	308	79022	79837	3.26e-50	191
CDF91029.1	CP097134.1	30.063	316	873	3	304	129122	130051	1.49e-26	116
CDF91029.1	CP097134.1	28.169	284	873	41	305	242483	241665	1.31e-20	97.1
CDF91029.1	CP097134.1	24.725	182	873	149	306	274660	275178	2.85e-17	57.4
CDF91029.1	CP097134.1	30.928	97	873	43	138	274356	274622	2.85e-17	49.7
CDF91030.1	CP097147.1	85.149	101	107	7	107	276588	276890	1.50e-55	183
CDF91030.1	CP097146.1	84.158	101	107	7	107	748584	748282	5.35e-55	181
CDF91032.1	CP097147.1	36.111	144	128	6	120	274413	274832	7.85e-19	79.7
CDF91033.1	CP097146.1	44.762	210	209	4	206	750648	751259	5.53e-53	181
CDF91034.1	CP097147.1	70.413	436	429	1	425	273623	272316	0.0	622
CDF91034.1	CP097146.1	62.442	434	429	1	423	751718	753019	7.17e-180	555
CDF91034.1	CP097139.1	27.596	366	429	23	372	90112	91080	5.25e-26	110
CDF91034.1	CP097142.1	26.554	354	429	23	362	445689	446636	2.90e-24	104
CDF91034.1	CP097132.1	25.767	326	429	81	361	176539	177441	1.71e-13	71.6
CDF91035.1	CP097147.1	57.395	453	439	3	439	271444	270086	8.72e-137	432
CDF91036.1	CP097146.1	48.667	300	297	3	292	753410	754297	4.10e-87	283
CDF91037.1	CP097147.1	62.763	854	859	30	859	267238	269787	0.0	1081
CDF91037.1	CP097147.1	25.000	212	859	618	810	32358	32969	5.86e-11	65.1
CDF91037.1	CP097142.1	25.601	707	859	205	856	88703	86805	7.91e-56	209
CDF91039.1	CP097141.1	61.290	217	225	3	218	8749	9399	1.53e-91	292
CDF91039.1	CP097141.1	29.880	251	225	2	212	194756	194004	9.48e-30	115
CDF91040.1	CP097147.1	40.127	157	159	3	149	266711	266244	2.71e-30	114
CDF91042.1	CP097146.1	81.544	298	331	35	331	755572	756465	2.40e-170	523
CDF91043.1	CP097147.1	36.713	286	288	1	280	265233	266078	2.14e-55	191
CDF91045.1	CP097147.1	53.103	838	904	1	813	262123	264528	0.0	722
CDF91045.1	CP097147.1	34.007	297	904	23	290	279912	279022	1.28e-43	171
CDF91045.1	CP097147.1	30.859	256	904	22	264	160664	161416	1.49e-30	129
CDF91045.1	CP097147.1	32.231	242	904	51	283	151502	150789	5.67e-29	124
CDF91045.1	CP097147.1	28.674	279	904	36	287	257530	256700	5.28e-28	121
CDF91045.1	CP097147.1	29.043	303	904	29	305	282321	281437	1.07e-26	116
CDF91045.1	CP097147.1	27.431	288	904	36	265	735713	736564	1.40e-21	100
CDF91045.1	CP097147.1	27.899	276	904	37	284	480181	479363	6.42e-18	88.2
CDF91045.1	CP097147.1	24.290	317	904	36	284	848333	847407	2.79e-16	82.8
CDF91045.1	CP097147.1	24.920	313	904	26	283	653932	654864	4.43e-11	65.9
CDF91045.1	CP097147.1	30.000	150	904	90	221	489084	488644	5.42e-11	65.5
CDF91045.1	CP097135.1	38.889	252	904	34	278	1396414	1397163	1.26e-47	184
CDF91045.1	CP097135.1	31.884	345	904	34	349	1450036	1449002	1.03e-45	177
CDF91045.1	CP097135.1	26.502	283	904	34	283	714275	715120	4.33e-35	144
CDF91045.1	CP097135.1	29.818	275	904	37	302	1471284	1470463	3.30e-32	134
CDF91045.1	CP097135.1	30.282	284	904	34	284	1417804	1416992	2.39e-28	122
CDF91045.1	CP097135.1	28.723	282	904	37	283	287272	286430	6.78e-25	110
CDF91045.1	CP097135.1	31.000	200	904	43	228	75639	75046	3.59e-21	99.0
CDF91045.1	CP097135.1	28.720	289	904	29	283	1379055	1379891	9.18e-21	97.4
CDF91045.1	CP097135.1	30.769	208	904	100	283	1023349	1022747	1.84e-19	93.2
CDF91045.1	CP097135.1	30.636	173	904	128	283	411898	411386	5.07e-18	88.6
CDF91045.1	CP097135.1	24.573	293	904	29	286	179102	179944	1.68e-16	83.6
CDF91045.1	CP097135.1	29.032	186	904	41	218	273826	274380	1.19e-13	74.3
CDF91045.1	CP097135.1	28.261	230	904	90	290	407700	407017	9.46e-12	67.8
CDF91045.1	CP097134.1	31.356	354	904	34	344	79025	80083	1.74e-45	177
CDF91045.1	CP097134.1	31.694	183	904	127	284	274633	275178	1.38e-27	89.4
CDF91045.1	CP097134.1	27.368	95	904	32	119	274323	274607	1.38e-27	52.4
CDF91045.1	CP097134.1	26.990	289	904	43	296	242477	241626	1.57e-20	96.7
CDF91045.1	CP097134.1	34.400	125	904	106	224	129488	129859	1.35e-17	87.0
CDF91045.1	CP097146.1	35.036	274	904	35	286	745699	746517	3.26e-42	167
CDF91045.1	CP097146.1	30.403	273	904	34	284	98284	99090	8.60e-27	117
CDF91045.1	CP097146.1	29.889	271	904	43	289	743003	743800	2.78e-25	112
CDF91045.1	CP097146.1	27.597	308	904	36	312	214608	215456	2.59e-24	108
CDF91045.1	CP097146.1	28.731	268	904	36	283	264581	263790	2.84e-24	108
CDF91045.1	CP097146.1	28.862	246	904	37	242	79823	80533	2.84e-22	102
CDF91045.1	CP097146.1	27.451	306	904	31	283	959467	958598	2.01e-16	83.2
CDF91045.1	CP097146.1	29.358	218	904	38	232	793934	793293	1.09e-14	77.4
CDF91045.1	CP097142.1	28.611	360	904	34	346	249372	250427	8.44e-40	159
CDF91045.1	CP097142.1	32.520	246	904	34	271	135755	135033	1.78e-32	135
CDF91045.1	CP097142.1	32.567	261	904	34	283	206960	207736	5.46e-32	134
CDF91045.1	CP097142.1	32.692	208	904	37	233	184049	184660	1.21e-25	113
CDF91045.1	CP097142.1	30.973	226	904	89	278	348227	347556	1.38e-18	90.5
CDF91045.1	CP097142.1	32.394	142	904	105	229	222216	221791	5.61e-18	88.2
CDF91046.1	CP097146.1	66.736	484	488	7	487	756899	758350	0.0	689
CDF91046.1	CP097144.1	31.081	296	488	64	343	466558	467391	1.90e-27	115
CDF91047.1	CP097146.1	46.226	212	384	177	384	759101	758469	1.90e-54	192
CDF91048.1	CP097146.1	67.216	668	674	9	673	761938	759947	0.0	955
CDF91049.1	CP097147.1	64.270	445	428	3	428	261440	260106	0.0	613
CDF91049.1	CP097147.1	30.769	169	428	108	272	875051	875557	8.03e-17	82.0
CDF91049.1	CP097147.1	25.103	243	428	174	403	875123	875815	6.53e-12	66.6
CDF91049.1	CP097133.1	29.114	237	428	109	338	597053	596349	1.53e-23	102
CDF91049.1	CP097133.1	21.162	241	428	187	424	597074	596376	2.75e-13	70.9
CDF91049.1	CP097140.1	30.345	290	428	134	416	247483	248304	2.75e-23	101
CDF91049.1	CP097140.1	27.273	264	428	107	322	247531	248298	1.26e-18	87.4
CDF91049.1	CP097145.1	29.915	234	428	128	353	41550	42245	6.81e-20	91.3
CDF91049.1	CP097138.1	30.137	219	428	102	296	263481	264137	8.61e-20	91.3
CDF91049.1	CP097138.1	31.053	190	428	112	296	263697	264263	1.25e-17	84.3
CDF91049.1	CP097138.1	29.480	173	428	88	256	263754	264260	1.33e-16	81.3
CDF91050.1	CP097146.1	78.202	445	436	1	436	762255	763589	0.0	723
CDF91050.1	CP097133.1	42.157	306	436	161	427	113002	112085	6.33e-69	236
CDF91050.1	CP097144.1	35.266	207	436	184	385	494668	494054	6.48e-34	134
CDF91051.1	CP097147.1	68.715	358	352	1	352	258951	260024	3.65e-177	544
CDF91051.1	CP097140.1	37.302	252	352	52	298	39381	40121	6.66e-41	152
CDF91052.1	CP097146.1	57.520	379	392	29	391	764933	763806	1.20e-149	467
CDF91053.1	CP097147.1	66.504	818	756	3	756	258106	255653	0.0	1069
CDF91053.1	CP097147.1	30.822	292	756	165	450	151619	150789	3.71e-36	146
CDF91053.1	CP097147.1	29.964	277	756	184	457	160721	161509	1.67e-32	134
CDF91053.1	CP097147.1	30.534	262	756	192	451	262249	262974	5.70e-30	126
CDF91053.1	CP097147.1	28.188	298	756	191	459	279846	278998	3.44e-28	120
CDF91053.1	CP097147.1	29.667	300	756	190	450	480169	479309	9.59e-28	119
CDF91053.1	CP097147.1	28.076	317	756	167	450	282414	281512	2.91e-24	108
CDF91053.1	CP097147.1	27.299	348	756	137	428	735533	736531	1.59e-22	102
CDF91053.1	CP097147.1	30.000	180	756	231	400	461339	460839	1.32e-16	83.6
CDF91053.1	CP097146.1	33.951	324	756	146	456	264695	263772	6.18e-44	170
CDF91053.1	CP097146.1	31.310	313	756	164	461	98239	99114	7.91e-38	151
CDF91053.1	CP097146.1	30.769	377	756	100	450	959671	958598	1.54e-37	150
CDF91053.1	CP097146.1	28.777	278	756	191	451	745720	746511	5.34e-29	123
CDF91053.1	CP097146.1	28.622	283	756	191	451	743000	743791	1.85e-24	108
CDF91053.1	CP097146.1	25.874	286	756	182	451	214602	215390	2.55e-21	98.6
CDF91053.1	CP097146.1	27.715	267	756	200	445	79916	80647	2.76e-18	89.0
CDF91053.1	CP097146.1	28.241	216	756	190	392	793925	793317	1.95e-17	86.3
CDF91053.1	CP097146.1	26.754	228	756	192	406	53770	53120	2.64e-17	85.9
CDF91053.1	CP097146.1	25.869	259	756	229	451	410416	411156	3.84e-12	68.9
CDF91053.1	CP097137.1	33.574	277	756	190	456	149261	148467	1.09e-43	169
CDF91053.1	CP097137.1	29.870	154	756	186	332	54005	53550	5.43e-16	81.3
CDF91053.1	CP097137.1	33.071	127	756	341	459	52940	52593	1.80e-12	70.1
CDF91053.1	CP097135.1	34.932	292	756	162	451	1396375	1397181	1.48e-41	163
CDF91053.1	CP097135.1	28.879	464	756	42	452	287749	286424	6.56e-40	158
CDF91053.1	CP097135.1	34.043	282	756	190	451	1450015	1449212	1.29e-39	157
CDF91053.1	CP097135.1	30.887	327	756	159	450	714182	715120	9.36e-38	151
CDF91053.1	CP097135.1	29.102	323	756	184	471	1379040	1379966	3.35e-35	143
CDF91053.1	CP097135.1	28.758	306	756	174	459	1417828	1416959	1.15e-33	138
CDF91053.1	CP097135.1	25.597	293	756	183	473	1471290	1470451	3.00e-22	101
CDF91053.1	CP097135.1	28.014	282	756	188	451	407871	407044	5.40e-18	87.8
CDF91053.1	CP097135.1	26.014	296	756	187	451	273817	274668	5.88e-18	87.8
CDF91053.1	CP097135.1	24.194	310	756	163	450	412261	411386	5.18e-17	84.7
CDF91053.1	CP097135.1	27.660	282	756	192	450	179126	179935	6.03e-17	84.7
CDF91053.1	CP097135.1	30.476	210	756	258	450	1023337	1022747	9.46e-17	84.0
CDF91053.1	CP097135.1	30.275	218	756	190	396	319976	319371	1.41e-15	80.1
CDF91053.1	CP097135.1	22.884	319	756	192	446	962805	963737	1.18e-11	67.4
CDF91053.1	CP097142.1	33.929	224	756	228	451	249618	250250	1.13e-40	160
CDF91053.1	CP097142.1	29.537	281	756	184	457	135749	134961	3.48e-32	133
CDF91053.1	CP097142.1	30.877	285	756	183	454	206948	207748	1.86e-27	118
CDF91053.1	CP097142.1	29.858	211	756	192	397	184067	184660	7.56e-19	90.9
CDF91053.1	CP097142.1	26.792	265	756	227	451	222369	221602	1.52e-18	89.7
CDF91053.1	CP097142.1	26.408	284	756	206	450	151064	150270	2.44e-15	79.3
CDF91053.1	CP097142.1	25.311	241	756	242	454	132285	131617	1.63e-13	73.2
CDF91053.1	CP097142.1	24.638	276	756	193	404	348482	347667	2.17e-13	72.8
CDF91054.1	CP097147.1	72.613	398	416	22	416	254791	253640	0.0	583
CDF91054.1	CP097143.1	30.548	347	416	103	415	370117	369116	7.21e-33	130
CDF91054.1	CP097143.1	26.935	323	416	122	415	367746	366823	1.22e-21	96.7
CDF91054.1	CP097135.1	26.377	345	416	104	415	764922	763939	2.56e-18	86.3
CDF91054.1	CP097140.1	25.069	363	416	103	415	300379	301431	1.48e-15	77.8
CDF91054.1	CP097140.1	23.117	385	416	103	415	415663	414578	7.15e-13	69.3
CDF91055.1	CP097147.1	55.523	679	637	17	623	253187	251187	0.0	688
CDF91055.1	CP097147.1	34.877	324	637	119	435	798165	799043	1.58e-41	161
CDF91055.1	CP097138.1	37.432	366	637	121	478	93327	94289	5.34e-57	207
CDF91055.1	CP097133.1	30.340	412	637	122	500	94135	95241	1.82e-37	149
CDF91055.1	CP097142.1	28.261	322	637	122	434	287050	287922	7.68e-24	106
CDF91055.1	CP097136.1	35.652	230	637	242	466	34865	34269	9.24e-23	102
CDF91055.1	CP097136.1	34.507	142	637	90	222	35603	35190	1.60e-15	79.3
CDF91056.1	CP097147.1	53.307	257	290	4	259	248755	249525	2.60e-98	315
CDF91057.1	CP097147.1	37.286	700	710	1	631	248233	246326	5.18e-74	260
CDF91058.1	CP097147.1	37.647	255	235	5	227	245567	244851	1.58e-43	155
CDF91059.1	CP097147.1	77.493	1093	1097	4	1096	240907	244179	0.0	1769
CDF91060.1	CP097146.1	64.848	330	324	1	324	766519	765530	6.47e-153	473
CDF91061.1	CP097147.1	35.413	641	586	1	586	240145	238247	1.36e-95	319
CDF91062.1	CP097147.1	57.959	245	263	1	243	237954	237226	9.91e-93	297
CDF91064.1	CP097147.1	38.608	733	750	1	725	235423	233282	1.89e-159	511
CDF91064.1	CP097144.1	31.034	174	750	1	173	566447	566935	1.12e-17	87.0
CDF91064.1	CP097145.1	27.451	306	750	19	299	474417	475277	3.13e-15	79.0
CDF91064.1	CP097143.1	31.973	147	750	5	132	200432	199992	9.39e-12	67.4
CDF91065.1	CP097146.1	36.199	663	635	9	634	770432	768444	1.90e-124	405
CDF91066.1	CP097146.1	56.195	452	448	1	448	772033	770699	1.80e-169	526
CDF91067.1	CP097146.1	52.303	304	304	1	304	773190	772279	2.04e-112	356
CDF91068.1	CP097147.1	50.275	364	367	4	363	232978	231887	4.68e-122	386
CDF91069.1	CP097147.1	44.545	220	194	1	194	231272	231904	6.65e-33	122
CDF91070.1	CP097147.1	51.952	1511	1468	1	1468	231035	226524	0.0	1578
CDF91070.1	CP097135.1	27.034	762	1468	710	1446	284018	286141	1.58e-64	242
CDF91070.1	CP097145.1	24.603	504	1468	926	1385	433599	434984	1.38e-19	94.7
CDF91071.1	CP097146.1	59.322	177	188	1	176	773393	773923	3.43e-70	229
CDF91072.1	CP097147.1	28.621	290	405	100	358	225472	226296	1.48e-26	111
CDF91073.1	CP097138.1	60.119	672	675	7	669	247841	245826	0.0	806
CDF91073.1	CP097135.1	48.810	672	675	2	645	273211	271295	0.0	613
CDF91073.1	CP097135.1	34.107	431	675	9	403	1334567	1335820	5.24e-68	241
CDF91073.1	CP097135.1	41.129	124	675	453	576	1336097	1336435	5.84e-23	103
CDF91073.1	CP097146.1	30.493	223	675	188	392	408864	408208	2.22e-15	79.0
CDF91074.1	CP097138.1	45.661	703	670	3	667	243595	245697	0.0	602
CDF91075.1	CP097135.1	58.015	131	141	1	127	270977	270588	3.18e-42	147
CDF91076.1	CP097138.1	37.681	207	250	36	237	242759	242154	4.66e-34	128
CDF91077.1	CP097135.1	72.830	265	265	1	265	270126	269332	4.15e-133	413
CDF91078.1	CP097135.1	42.925	1463	1444	7	1444	264937	269238	0.0	1109
CDF91079.1	CP097135.1	58.435	575	617	55	616	264379	262661	0.0	651
CDF91079.1	CP097135.1	24.561	399	617	136	498	1304605	1305711	9.51e-23	102
CDF91080.1	CP097135.1	50.951	263	285	25	281	261717	262502	8.95e-80	261
CDF91080.1	CP097143.1	32.283	254	285	27	277	973121	973876	1.46e-31	122
CDF91080.1	CP097142.1	26.816	179	285	27	191	457149	456616	4.70e-12	65.1
CDF91080.1	CP097144.1	26.131	199	285	25	211	694469	693885	6.52e-11	61.6
CDF91081.1	CP097135.1	48.071	337	334	23	334	260986	260009	1.13e-84	277
CDF91082.1	CP097145.1	78.307	189	190	1	189	500651	501217	1.88e-100	316
CDF91082.1	CP097138.1	77.778	189	190	1	189	241681	241115	1.95e-100	316
CDF91083.1	CP097147.1	65.636	550	539	5	539	480858	482507	0.0	749
CDF91084.1	CP097147.1	87.417	302	304	2	303	480196	479291	0.0	565
CDF91084.1	CP097147.1	35.404	322	304	5	299	848336	847404	3.91e-56	194
CDF91084.1	CP097147.1	32.107	299	304	25	299	461441	460560	9.73e-48	170
CDF91084.1	CP097147.1	31.875	320	304	7	299	653965	654870	8.62e-39	144
CDF91084.1	CP097147.1	28.618	304	304	11	297	257512	256718	9.66e-28	112
CDF91084.1	CP097147.1	29.139	302	304	1	300	262213	262980	8.10e-24	100
CDF91084.1	CP097147.1	27.333	300	304	13	298	282297	281509	3.72e-20	89.7
CDF91084.1	CP097147.1	26.241	282	304	21	297	151502	150789	8.37e-20	88.6
CDF91084.1	CP097147.1	25.556	270	304	33	297	279753	279043	8.43e-19	85.5
CDF91084.1	CP097147.1	22.951	305	304	7	299	160724	161494	2.87e-17	80.9
CDF91084.1	CP097133.1	53.667	300	304	5	299	540213	541088	3.86e-99	318
CDF91084.1	CP097133.1	31.875	320	304	4	301	184417	185328	1.68e-51	181
CDF91084.1	CP097133.1	32.558	172	304	53	213	275451	274957	2.74e-22	95.9
CDF91084.1	CP097133.1	25.333	225	304	7	222	13579	12938	1.23e-16	79.3
CDF91084.1	CP097133.1	24.497	298	304	11	296	729324	730109	9.88e-16	76.3
CDF91084.1	CP097135.1	37.908	306	304	7	299	273814	274671	8.08e-64	216
CDF91084.1	CP097135.1	31.208	298	304	11	299	319976	319131	8.79e-35	132
CDF91084.1	CP097135.1	29.010	293	304	7	297	1396423	1397178	6.42e-33	127
CDF91084.1	CP097135.1	28.339	307	304	11	300	1450015	1449206	5.10e-27	109
CDF91084.1	CP097135.1	28.479	309	304	9	300	179114	179944	7.95e-27	109
CDF91084.1	CP097135.1	28.213	319	304	11	303	287260	286412	4.52e-24	101
CDF91084.1	CP097135.1	27.564	312	304	1	292	407889	407062	2.41e-23	99.0
CDF91084.1	CP097135.1	24.540	326	304	11	299	1379055	1379897	1.32e-20	90.9
CDF91084.1	CP097135.1	24.841	314	304	7	299	1417795	1416989	2.09e-19	87.4
CDF91084.1	CP097135.1	24.265	272	304	36	304	714455	715141	1.18e-17	82.0
CDF91084.1	CP097135.1	28.788	198	304	13	207	1471266	1470691	1.62e-17	81.6
CDF91084.1	CP097135.1	30.814	172	304	47	203	1023370	1022933	3.73e-14	71.6
CDF91084.1	CP097135.1	28.049	246	304	52	292	963072	963734	2.12e-13	69.3
CDF91084.1	CP097135.1	28.108	185	304	34	210	75576	75049	2.31e-12	66.2
CDF91084.1	CP097135.1	27.811	169	304	5	157	430206	430679	5.83e-11	62.0
CDF91084.1	CP097138.1	37.700	313	304	5	301	567726	568646	3.79e-62	211
CDF91084.1	CP097138.1	31.461	267	304	1	221	167541	168326	9.58e-23	97.4
CDF91084.1	CP097138.1	29.600	250	304	7	230	172369	171635	5.11e-20	89.4
CDF91084.1	CP097138.1	29.258	229	304	7	209	585893	586555	1.72e-15	75.9
CDF91084.1	CP097142.1	36.789	299	304	3	299	184037	184915	8.90e-61	207
CDF91084.1	CP097142.1	29.870	308	304	12	301	151142	150258	8.32e-37	138
CDF91084.1	CP097142.1	28.814	295	304	15	304	249510	250268	2.34e-28	114
CDF91084.1	CP097142.1	25.329	304	304	3	299	135758	134976	4.79e-18	83.2
CDF91084.1	CP097142.1	25.484	310	304	3	299	206957	207742	1.84e-17	81.6
CDF91084.1	CP097142.1	26.923	234	304	6	218	132492	131806	3.36e-11	62.8
CDF91085.1	CP097135.1	30.645	372	313	1	313	966543	965428	1.42e-44	161
CDF91087.1	CP097147.1	77.976	168	168	1	168	469145	468675	1.60e-82	263
CDF91087.1	CP097135.1	55.039	129	168	1	129	970153	970539	3.59e-43	150
CDF91088.1	CP097135.1	51.163	172	175	3	171	971297	970782	3.89e-47	162
CDF91088.1	CP097147.1	45.652	184	175	1	175	467799	468308	2.41e-38	137
CDF91089.1	CP097147.1	47.368	152	220	18	160	466535	466978	4.75e-36	132
CDF91090.1	CP097147.1	58.782	985	988	9	985	466206	463255	0.0	1195
CDF91090.1	CP097133.1	26.322	889	988	80	911	76095	73627	2.09e-59	222
CDF91090.1	CP097138.1	22.036	835	988	77	841	665026	667236	6.56e-33	137
CDF91090.1	CP097143.1	24.308	325	988	87	373	881642	880734	1.31e-12	70.9
CDF91091.1	CP097147.1	52.201	159	207	41	199	462847	462371	1.01e-47	166
CDF91092.1	CP097147.1	65.109	599	605	1	595	461954	460302	0.0	728
CDF91092.1	CP097147.1	32.534	292	605	216	505	480121	479309	4.55e-46	174
CDF91092.1	CP097147.1	32.765	293	605	245	511	848201	847392	1.29e-38	151
CDF91092.1	CP097147.1	32.283	254	605	274	513	654202	654900	4.23e-30	125
CDF91092.1	CP097147.1	29.299	157	605	248	402	282177	281725	1.44e-16	82.8
CDF91092.1	CP097147.1	24.549	277	605	246	505	257395	256718	4.69e-14	74.3
CDF91092.1	CP097147.1	25.792	221	605	200	417	160736	161344	1.59e-13	72.8
CDF91092.1	CP097147.1	31.737	167	605	248	413	262351	262827	1.13e-12	70.1
CDF91092.1	CP097147.1	27.879	165	605	248	410	151403	150942	1.24e-12	69.7
CDF91092.1	CP097147.1	26.708	161	605	248	405	279687	279229	7.04e-11	64.3
CDF91092.1	CP097133.1	36.268	284	605	223	505	540309	541082	1.86e-49	184
CDF91092.1	CP097133.1	29.137	278	605	248	511	184561	185334	1.70e-26	114
CDF91092.1	CP097133.1	26.570	207	605	209	411	13540	12965	6.46e-13	70.9
CDF91092.1	CP097135.1	35.563	284	605	223	505	273895	274665	1.80e-42	163
CDF91092.1	CP097135.1	29.858	211	605	297	505	319709	319137	1.65e-19	92.0
CDF91092.1	CP097135.1	26.688	311	605	206	502	1449997	1449224	2.29e-15	78.6
CDF91092.1	CP097135.1	26.486	185	605	222	401	75579	75064	5.52e-15	77.4
CDF91092.1	CP097135.1	27.219	169	605	248	414	1396564	1397037	4.85e-14	74.3
CDF91092.1	CP097135.1	31.250	144	605	270	401	1023352	1022933	5.76e-14	74.3
CDF91092.1	CP097135.1	26.415	212	605	212	414	1471266	1470661	1.35e-13	73.2
CDF91092.1	CP097135.1	27.391	230	605	206	423	1417765	1417109	4.25e-13	71.2
CDF91092.1	CP097135.1	25.543	184	605	222	401	412132	411599	6.57e-13	70.9
CDF91092.1	CP097135.1	22.678	366	605	177	499	1379016	1380035	1.49e-12	69.7
CDF91092.1	CP097135.1	28.488	172	605	248	418	714503	714991	3.11e-11	65.5
CDF91092.1	CP097142.1	32.836	268	605	241	505	184166	184909	7.54e-40	155
CDF91092.1	CP097142.1	33.610	241	605	274	506	150914	150267	1.35e-31	130
CDF91092.1	CP097142.1	24.419	258	605	248	502	249627	250238	8.78e-13	70.5
CDF91092.1	CP097142.1	22.712	295	605	126	413	135923	135138	9.10e-12	67.0
CDF91092.1	CP097139.1	35.811	296	605	240	518	154384	153566	1.32e-38	151
CDF91092.1	CP097139.1	23.196	194	605	218	410	79879	79352	9.22e-15	76.6
CDF91092.1	CP097139.1	26.943	193	605	222	412	302216	302746	7.79e-13	70.5
CDF91093.1	CP097147.1	65.652	690	688	5	679	457215	459212	0.0	855
CDF91093.1	CP097136.1	27.835	194	688	29	221	501212	501757	2.96e-14	75.5
CDF91093.1	CP097136.1	27.119	236	688	29	256	500933	501574	2.48e-13	72.4
CDF91094.1	CP097135.1	41.485	458	429	1	429	971865	973226	1.55e-106	345
CDF91095.1	CP097147.1	47.995	798	795	1	795	454506	456899	0.0	796
CDF91096.1	CP097147.1	62.766	94	96	4	96	454174	453893	7.28e-36	126
CDF91097.1	CP097135.1	55.450	422	410	1	410	974562	973300	6.04e-157	489
CDF91098.1	CP097147.1	69.892	93	96	4	96	453226	453504	4.05e-40	139
CDF91099.1	CP097135.1	82.150	493	508	4	496	976399	974924	0.0	879
CDF91099.1	CP097138.1	40.775	542	508	13	504	646964	648574	1.04e-121	392
CDF91100.1	CP097147.1	67.711	415	409	1	409	451647	452891	0.0	577
CDF91100.1	CP097142.1	59.483	348	409	68	409	283642	284679	3.95e-129	409
CDF91100.1	CP097142.1	47.887	71	409	1	71	283118	283327	4.89e-11	63.5
CDF91100.1	CP097138.1	44.843	223	409	1	217	878374	877706	2.32e-55	196
CDF91101.1	CP097135.1	25.978	358	372	45	368	1401326	1402237	3.96e-13	69.7
CDF91101.1	CP097147.1	64.286	42	372	331	372	449891	449766	5.12e-13	69.3
CDF91102.1	CP097147.1	76.142	394	396	2	395	449219	448038	0.0	656
CDF91102.1	CP097136.1	34.603	315	396	83	393	80630	79701	2.12e-55	195
CDF91102.1	CP097144.1	32.670	352	396	94	396	36010	34964	6.36e-55	194
CDF91103.1	CP097135.1	60.108	554	542	2	540	1404096	1402453	0.0	632
CDF91104.1	CP097147.1	76.768	198	198	1	198	447214	447807	1.06e-104	328
CDF91104.1	CP097147.1	30.682	176	198	12	182	133162	133662	4.36e-20	86.3
CDF91104.1	CP097146.1	37.725	167	198	16	182	472189	472665	2.70e-31	118
CDF91104.1	CP097133.1	36.047	172	198	12	183	548510	548022	1.13e-30	116
CDF91104.1	CP097135.1	35.829	187	198	1	182	122478	122996	6.12e-30	114
CDF91104.1	CP097135.1	35.519	183	198	5	182	222581	223087	1.93e-29	113
CDF91104.1	CP097144.1	30.357	168	198	14	175	516813	517304	5.24e-15	71.2
CDF91105.1	CP097135.1	46.970	132	124	1	119	1404732	1404355	6.36e-17	73.9
CDF91107.1	CP097135.1	53.459	477	479	1	477	1405051	1406370	3.43e-165	516
CDF91107.1	CP097146.1	53.463	361	479	124	477	481263	482345	9.48e-133	422
CDF91107.1	CP097133.1	47.175	354	479	130	473	613864	614919	8.64e-112	362
CDF91107.1	CP097133.1	33.929	448	479	4	432	598997	600244	2.03e-76	259
CDF91107.1	CP097147.1	36.420	486	479	1	475	445709	444381	1.44e-102	335
CDF91107.1	CP097142.1	45.367	313	479	153	449	557363	558301	1.09e-85	286
CDF91108.1	CP097133.1	62.903	372	376	6	376	529924	531039	9.44e-165	509
CDF91108.1	CP097146.1	31.624	117	376	75	191	349580	349921	1.05e-12	68.6
CDF91109.1	CP097133.1	49.746	197	549	353	544	531823	531242	1.85e-50	186
CDF91109.1	CP097133.1	58.491	53	549	1	53	533317	533159	7.96e-13	70.1
CDF91110.1	CP097133.1	44.565	92	183	81	170	533932	533675	1.08e-15	72.8
CDF91111.1	CP097147.1	54.630	108	337	47	150	443166	443489	5.42e-32	125
CDF91112.1	CP097133.1	43.116	552	514	7	513	536685	538289	1.11e-142	452
CDF91113.1	CP097147.1	51.087	92	294	205	292	441534	441259	4.56e-23	97.8
CDF91114.1	CP097133.1	68.012	347	343	1	343	538801	539841	2.26e-162	501
CDF91114.1	CP097144.1	29.952	207	343	65	260	694454	693873	9.71e-11	62.0
CDF91115.1	CP097133.1	91.216	296	297	1	294	540198	541085	0.0	563
CDF91115.1	CP097133.1	36.455	299	297	14	294	184444	185319	8.39e-52	181
CDF91115.1	CP097133.1	27.907	258	297	1	222	275694	274933	1.45e-18	84.7
CDF91115.1	CP097133.1	28.328	293	297	12	292	729324	730109	4.24e-17	80.5
CDF91115.1	CP097133.1	25.000	224	297	5	220	13588	12950	6.36e-12	64.7
CDF91115.1	CP097147.1	52.333	300	297	2	293	480199	479309	5.22e-98	314
CDF91115.1	CP097147.1	39.308	318	297	8	294	848330	847407	2.99e-62	211
CDF91115.1	CP097147.1	37.193	285	297	36	293	461414	460566	1.96e-53	186
CDF91115.1	CP097147.1	33.224	304	297	8	294	653965	654867	2.60e-44	159
CDF91115.1	CP097147.1	30.897	301	297	12	294	257512	256715	7.23e-24	100
CDF91115.1	CP097147.1	29.693	293	297	4	294	262219	262974	1.60e-22	96.3
CDF91115.1	CP097147.1	29.756	205	297	14	213	282297	281701	2.12e-22	96.3
CDF91115.1	CP097147.1	23.934	305	297	5	293	160715	161488	2.44e-18	84.0
CDF91115.1	CP097147.1	26.141	241	297	55	294	279687	279040	3.49e-14	71.6
CDF91115.1	CP097147.1	24.268	239	297	55	293	151403	150789	7.84e-14	70.5
CDF91115.1	CP097147.1	29.255	188	297	55	223	489126	488581	9.21e-13	67.4
CDF91115.1	CP097142.1	40.000	295	297	8	294	184049	184912	2.75e-64	217
CDF91115.1	CP097142.1	31.438	299	297	13	293	151142	150270	9.34e-40	146
CDF91115.1	CP097142.1	27.160	243	297	55	294	249627	250250	9.54e-19	85.1
CDF91115.1	CP097142.1	28.169	213	297	5	214	135755	135144	2.29e-16	78.2
CDF91115.1	CP097142.1	26.599	297	297	7	297	206966	207748	1.99e-14	72.4
CDF91115.1	CP097142.1	34.694	147	297	67	203	132282	131854	1.18e-11	63.9
CDF91115.1	CP097135.1	38.276	290	297	12	296	273826	274674	6.78e-59	202
CDF91115.1	CP097135.1	31.650	297	297	6	294	319994	319134	4.08e-35	133
CDF91115.1	CP097135.1	32.579	221	297	7	221	1396420	1397046	5.88e-26	106
CDF91115.1	CP097135.1	26.623	308	297	12	294	1379055	1379894	5.77e-24	100
CDF91115.1	CP097135.1	33.171	205	297	14	211	1471266	1470682	6.65e-22	94.7
CDF91115.1	CP097135.1	28.112	249	297	47	294	1449868	1449212	2.50e-20	90.1
CDF91115.1	CP097135.1	27.203	261	297	4	243	179096	179863	8.51e-18	82.4
CDF91115.1	CP097135.1	28.526	312	297	12	296	287260	286421	1.43e-17	81.6
CDF91115.1	CP097135.1	27.213	305	297	9	294	407874	407044	2.39e-17	81.3
CDF91115.1	CP097135.1	26.132	287	297	7	223	962784	963617	1.72e-16	78.6
CDF91115.1	CP097135.1	25.166	302	297	7	293	1417798	1416995	6.89e-16	76.6
CDF91115.1	CP097135.1	30.189	212	297	8	207	75660	75055	2.60e-15	75.1
CDF91115.1	CP097135.1	27.879	165	297	53	216	714497	714979	9.64e-15	73.2
CDF91115.1	CP097135.1	36.792	106	297	113	204	1023250	1022933	1.01e-14	73.2
CDF91115.1	CP097135.1	28.571	224	297	13	223	412192	411542	1.14e-13	70.1
CDF91115.1	CP097135.1	28.916	166	297	8	158	430212	430679	8.17e-11	61.2
CDF91115.1	CP097143.1	37.543	293	297	4	293	351691	352545	2.23e-52	183
CDF91115.1	CP097143.1	24.332	337	297	7	295	848159	849061	4.32e-19	86.3
CDF91115.1	CP097143.1	24.606	317	297	5	293	312906	313751	2.09e-16	78.2
CDF91115.1	CP097143.1	24.820	278	297	4	219	626077	626886	3.74e-11	62.4
CDF91116.1	CP097147.1	65.934	364	348	1	341	440316	439231	2.68e-162	501
CDF91116.1	CP097133.1	63.788	359	348	1	332	541752	542825	9.69e-154	476
CDF91117.1	CP097133.1	67.917	240	539	302	538	544025	543330	1.75e-107	352
CDF91117.1	CP097133.1	48.171	164	539	21	180	544592	544131	7.08e-34	136
CDF91117.1	CP097141.1	45.200	250	539	294	529	105261	104536	8.29e-49	181
CDF91118.1	CP097133.1	64.516	62	65	1	61	545351	545536	5.20e-16	68.6
CDF91121.1	CP097145.1	63.393	224	227	1	224	11927	12598	2.27e-98	311
CDF91121.1	CP097141.1	62.946	224	227	1	224	725547	724876	3.91e-98	311
CDF91122.1	CP097139.1	53.834	626	619	2	619	11152	9278	0.0	705
CDF91122.1	CP097142.1	46.575	584	619	15	597	660525	662252	1.39e-173	546
CDF91122.1	CP097136.1	44.803	558	619	52	606	24043	25701	3.32e-151	481
CDF91122.1	CP097134.1	45.401	337	619	15	350	8254	7256	5.07e-90	304
CDF91122.1	CP097134.1	45.221	272	619	326	597	7329	6526	7.73e-69	242
CDF91125.1	CP097144.1	52.111	900	846	29	846	71735	69123	0.0	868
CDF91126.1	CP097144.1	79.464	112	206	1	111	71990	72325	2.21e-55	187
CDF91127.1	CP097144.1	47.345	452	444	5	444	74393	73065	1.62e-124	397
CDF91128.1	CP097144.1	59.330	209	203	1	202	76835	76209	1.88e-75	245
CDF91129.1	CP097144.1	70.922	141	159	6	146	77095	77517	8.10e-64	209
CDF91130.1	CP097144.1	54.382	890	847	18	847	77863	80508	0.0	799
CDF91131.1	CP097144.1	86.400	250	250	1	250	81460	80711	3.10e-148	456
CDF91131.1	CP097144.1	30.357	224	250	3	217	873861	874508	7.20e-23	95.9
CDF91131.1	CP097138.1	36.100	241	250	4	227	748346	749065	1.20e-41	150
CDF91131.1	CP097138.1	32.273	220	250	5	218	973942	973286	2.80e-33	126
CDF91131.1	CP097138.1	28.627	255	250	5	250	485222	484512	8.43e-22	92.8
CDF91131.1	CP097146.1	37.963	216	250	5	214	223939	224574	3.85e-36	134
CDF91131.1	CP097146.1	40.462	173	250	5	177	982145	981633	4.70e-34	128
CDF91134.1	CP097144.1	56.452	62	69	1	62	9468	9283	8.02e-21	82.4
CDF91135.1	CP097144.1	39.328	506	499	1	488	11391	9877	7.42e-103	337
CDF91136.1	CP097144.1	67.075	571	584	21	584	11809	13521	0.0	782
CDF91137.1	CP097144.1	45.549	1247	1201	1	1200	85402	81809	0.0	1038
CDF91138.1	CP097144.1	75.000	460	470	1	460	15156	13777	0.0	737
CDF91139.1	CP097144.1	47.006	668	653	14	653	86925	88910	0.0	586
CDF91140.1	CP097144.1	59.609	307	311	5	311	16395	15475	4.79e-129	404
CDF91140.1	CP097144.1	46.875	256	311	56	311	89873	89106	9.39e-77	254
CDF91140.1	CP097140.1	38.750	240	311	76	311	252689	251970	2.95e-47	169
CDF91140.1	CP097142.1	33.462	260	311	69	311	167232	167987	1.81e-36	137
CDF91141.1	CP097144.1	68.391	522	532	6	527	92041	90476	0.0	789
CDF91143.1	CP097144.1	91.304	437	446	9	445	93939	92629	0.0	813
CDF91143.1	CP097144.1	88.303	436	446	9	444	18072	16765	0.0	791
CDF91143.1	CP097137.1	40.268	447	446	1	445	38292	39593	5.46e-109	352
CDF91143.1	CP097143.1	29.581	453	446	3	444	562877	561543	2.58e-56	200
CDF91144.1	CP097144.1	65.733	607	606	3	605	20499	18757	0.0	815
CDF91144.1	CP097134.1	25.965	285	606	1	275	297676	296936	6.31e-11	64.3
CDF91145.1	CP097139.1	68.879	437	439	1	436	470446	471756	0.0	617
CDF91146.1	CP097139.1	48.634	183	199	22	199	469653	470195	2.52e-43	152
CDF91147.1	CP097144.1	82.258	310	299	1	299	21601	22530	1.72e-173	531
CDF91147.1	CP097138.1	31.250	192	299	2	187	802777	803325	3.35e-13	68.6
CDF91148.1	CP097140.1	35.000	280	379	27	247	80258	79452	9.22e-30	120
CDF91148.1	CP097145.1	32.011	353	379	77	375	488795	487779	2.57e-22	97.8
CDF91149.1	CP097145.1	42.652	558	526	5	526	489456	491084	1.73e-130	418
CDF91149.1	CP097135.1	31.667	540	526	6	517	524821	526338	6.14e-62	219
CDF91150.1	CP097146.1	29.373	606	623	31	623	1019436	1021094	6.81e-68	239
CDF91150.1	CP097146.1	28.346	508	623	31	528	1025447	1026922	2.60e-48	181
CDF91150.1	CP097146.1	21.869	535	623	101	611	15585	17045	3.59e-24	107
CDF91150.1	CP097142.1	27.603	605	623	31	623	11064	9406	3.00e-63	226
CDF91150.1	CP097145.1	25.373	603	623	31	623	734982	736685	5.16e-62	222
CDF91150.1	CP097143.1	24.355	620	623	29	623	565585	567228	1.22e-42	164
CDF91150.1	CP097143.1	23.279	610	623	31	623	24227	22578	6.20e-38	150
CDF91151.1	CP097142.1	28.453	601	623	33	623	11064	9406	5.96e-69	243
CDF91151.1	CP097146.1	28.856	603	623	33	623	1019436	1021094	2.54e-67	238
CDF91151.1	CP097146.1	27.002	537	623	33	552	1025447	1026991	1.98e-53	197
CDF91151.1	CP097146.1	20.661	605	623	38	611	15366	17045	5.55e-23	103
CDF91151.1	CP097145.1	28.315	558	623	73	623	735084	736685	5.62e-66	234
CDF91151.1	CP097143.1	25.763	524	623	30	530	565582	567108	2.93e-45	172
CDF91151.1	CP097143.1	26.357	387	623	33	404	24227	23091	6.77e-36	144
CDF91152.1	CP097146.1	29.125	594	602	16	602	1019427	1021094	4.36e-75	260
CDF91152.1	CP097146.1	27.919	591	602	19	602	1025447	1027063	3.36e-67	237
CDF91152.1	CP097146.1	27.027	333	602	142	459	15723	16688	2.79e-20	94.7
CDF91152.1	CP097142.1	28.264	605	602	11	602	11088	9406	9.00e-71	247
CDF91152.1	CP097145.1	28.136	590	602	25	602	735000	736685	5.04e-67	236
CDF91152.1	CP097143.1	27.243	602	602	19	602	24227	22578	1.54e-48	181
CDF91152.1	CP097143.1	25.796	628	602	3	602	565537	567228	2.63e-46	175
CDF91153.1	CP097145.1	62.545	275	305	4	275	491294	492097	1.47e-107	342
CDF91154.1	CP097145.1	65.560	482	459	1	459	492494	493939	0.0	627
CDF91154.1	CP097135.1	28.636	440	459	34	459	774063	772903	2.81e-37	144
CDF91154.1	CP097138.1	31.163	215	459	4	211	860944	860303	1.57e-19	90.9
CDF91155.1	CP097145.1	80.000	60	60	1	60	494338	494517	2.21e-30	108
CDF91156.1	CP097140.1	55.128	312	308	3	308	81396	82316	1.80e-108	345
CDF91156.1	CP097140.1	32.188	320	308	2	308	321468	322349	2.16e-40	149
CDF91156.1	CP097136.1	30.195	308	308	13	308	141016	141876	4.00e-31	122
CDF91156.1	CP097133.1	29.206	315	308	27	302	587949	588845	1.27e-21	94.0
CDF91156.1	CP097133.1	27.184	309	308	3	302	764226	763375	1.15e-18	85.5
CDF91156.1	CP097133.1	25.497	302	308	9	302	429853	430707	2.76e-17	81.3
CDF91156.1	CP097133.1	27.638	199	308	7	202	396416	396964	2.42e-11	63.2
CDF91156.1	CP097147.1	27.063	303	308	9	302	661404	662225	5.64e-20	89.4
CDF91156.1	CP097147.1	26.708	322	308	13	307	571523	570627	2.22e-19	87.4
CDF91156.1	CP097147.1	24.497	298	308	14	308	589307	588474	1.18e-18	85.1
CDF91156.1	CP097147.1	23.810	294	308	14	291	816699	817535	3.47e-11	62.8
CDF91156.1	CP097141.1	25.796	314	308	13	308	602237	603103	8.61e-19	85.5
CDF91156.1	CP097141.1	22.508	311	308	6	308	171302	172141	1.27e-13	70.1
CDF91157.1	CP097140.1	87.831	189	200	12	200	83085	82519	6.59e-109	340
CDF91157.1	CP097145.1	82.199	191	200	10	200	495503	494931	3.02e-102	322
CDF91158.1	CP097140.1	36.667	210	217	18	212	84484	83858	4.03e-33	124
CDF91159.1	CP097145.1	54.721	466	787	5	430	499195	497876	1.21e-155	501
CDF91159.1	CP097145.1	41.294	201	787	641	787	497278	496676	3.58e-26	114
CDF91159.1	CP097140.1	53.465	202	787	6	205	86174	85593	6.14e-63	229
CDF91159.1	CP097134.1	36.145	166	787	265	415	228502	228993	1.03e-18	90.5
CDF91159.1	CP097147.1	36.364	121	787	45	165	723504	723178	3.29e-16	82.4
CDF91159.1	CP097147.1	45.783	83	787	308	388	722961	722728	2.87e-14	75.9
CDF91160.1	CP097140.1	66.987	2393	2464	1	2322	97176	90061	0.0	3225
CDF91161.1	CP097140.1	51.848	1028	1022	10	1022	97760	100840	0.0	1014
CDF91162.1	CP097140.1	46.632	193	205	3	191	101568	100996	1.36e-33	125
CDF91163.1	CP097140.1	68.932	1339	1326	27	1323	102027	105992	0.0	1759
CDF91163.1	CP097146.1	48.858	1226	1326	166	1323	828190	824654	0.0	1056
CDF91163.1	CP097146.1	45.191	551	1326	389	934	854172	855764	2.68e-141	477
CDF91163.1	CP097146.1	32.624	141	1326	796	935	666240	666659	3.75e-16	83.2
CDF91163.1	CP097133.1	44.930	503	1326	457	955	690647	689187	7.99e-129	440
CDF91163.1	CP097133.1	31.275	502	1326	483	944	364207	365658	4.72e-58	220
CDF91163.1	CP097133.1	31.980	197	1326	460	635	447887	448444	2.56e-19	93.6
CDF91163.1	CP097133.1	35.099	151	1326	770	918	449159	449608	2.40e-17	87.0
CDF91163.1	CP097136.1	41.250	560	1326	447	981	496653	498269	3.31e-123	423
CDF91163.1	CP097137.1	38.230	565	1326	451	950	204927	206609	2.59e-111	387
CDF91164.1	CP097138.1	75.916	191	191	1	191	241681	241109	2.16e-98	310
CDF91164.1	CP097145.1	74.869	191	191	1	191	500651	501223	1.90e-97	307
CDF91165.1	CP097140.1	77.295	1013	1016	1	1012	106625	109657	0.0	1678
CDF91166.1	CP097140.1	56.401	289	302	14	302	110162	111025	8.07e-108	342
CDF91166.1	CP097144.1	31.120	241	302	14	242	694460	693789	9.04e-16	76.6
CDF91167.1	CP097140.1	80.882	272	551	280	551	112688	113503	4.53e-157	495
CDF91167.1	CP097145.1	79.412	272	551	280	551	502924	503739	3.54e-153	484
CDF91167.1	CP097145.1	52.439	82	551	1	80	502480	502719	1.09e-11	66.6
CDF91167.1	CP097141.1	64.729	258	551	294	550	205241	204471	9.10e-114	370
CDF91167.1	CP097142.1	65.891	258	551	294	550	519264	520034	3.26e-113	369
CDF91167.1	CP097144.1	40.741	189	551	304	484	729485	730003	2.07e-23	103
CDF91168.1	CP097140.1	30.769	351	357	19	356	114694	115584	6.19e-26	108
CDF91169.1	CP097140.1	63.916	521	545	21	541	116245	117807	0.0	679
CDF91169.1	CP097140.1	63.514	518	545	21	534	118432	119985	0.0	677
CDF91169.1	CP097145.1	39.668	542	545	2	539	504741	506258	2.13e-116	378
CDF91169.1	CP097133.1	23.640	533	545	4	512	570004	571485	5.27e-26	112
CDF91169.1	CP097133.1	28.272	191	545	55	245	303686	303114	8.08e-20	92.4
CDF91169.1	CP097133.1	22.628	274	545	69	337	239848	239051	1.76e-12	68.9
CDF91170.1	CP097145.1	80.488	410	407	1	407	507951	506725	0.0	661
CDF91170.1	CP097145.1	34.651	430	407	1	352	482361	483638	2.72e-67	230
CDF91170.1	CP097145.1	63.014	73	407	1	73	607872	607660	1.80e-19	89.7
CDF91170.1	CP097145.1	45.349	86	407	4	87	223392	223135	1.12e-15	78.2
CDF91170.1	CP097145.1	29.457	129	407	209	335	607221	606841	1.27e-12	68.6
CDF91170.1	CP097144.1	36.134	357	407	7	349	667521	668579	3.79e-47	172
CDF91170.1	CP097144.1	44.144	111	407	6	106	549387	549719	2.55e-17	83.2
CDF91170.1	CP097143.1	33.005	406	407	6	368	300749	301957	1.84e-44	164
CDF91170.1	CP097137.1	27.920	351	407	8	299	88390	87386	1.85e-20	92.8
CDF91170.1	CP097140.1	48.039	102	407	1	100	340406	340711	2.06e-18	86.7
CDF91171.1	CP097145.1	43.730	311	310	1	304	508612	509517	1.37e-76	253
CDF91172.1	CP097145.1	63.077	455	460	1	438	511066	509705	0.0	608
CDF91173.1	CP097145.1	75.753	631	632	1	627	511396	513228	0.0	879
CDF91173.1	CP097133.1	33.003	303	632	337	592	164906	165784	1.23e-29	124
CDF91174.1	CP097145.1	67.729	753	749	2	749	515787	513532	0.0	1081
CDF91174.1	CP097137.1	28.000	250	749	39	283	36322	35600	3.32e-23	104
CDF91174.1	CP097139.1	27.083	240	749	36	263	349616	348930	2.34e-15	79.3
CDF91174.1	CP097135.1	23.932	234	749	39	264	405384	406064	9.37e-12	67.4
CDF91174.1	CP097143.1	28.144	167	749	580	743	281187	280720	1.47e-11	67.0
CDF91175.1	CP097140.1	72.131	244	244	1	244	123695	124387	7.79e-112	351
CDF91175.1	CP097147.1	45.755	212	244	16	227	857479	858021	1.39e-56	192
CDF91175.1	CP097145.1	38.934	244	244	1	244	457509	458114	2.22e-49	172
CDF91175.1	CP097145.1	32.653	245	244	19	222	301611	300970	4.46e-32	122
CDF91175.1	CP097145.1	32.258	124	244	19	140	450881	451249	1.93e-12	65.1
CDF91175.1	CP097145.1	24.645	211	244	30	238	441479	440982	9.57e-12	63.2
CDF91175.1	CP097143.1	37.500	216	244	19	234	596128	595580	2.84e-38	140
CDF91175.1	CP097143.1	32.877	146	244	10	148	654305	653871	1.23e-13	68.6
CDF91175.1	CP097143.1	32.283	127	244	19	144	713078	712701	1.69e-13	68.2
CDF91175.1	CP097142.1	36.408	206	244	19	223	547866	548366	8.83e-38	139
CDF91175.1	CP097142.1	24.880	209	244	19	216	465841	465290	4.59e-12	63.9
CDF91176.1	CP097145.1	34.182	275	304	43	302	517361	516630	3.20e-30	119
CDF91177.1	CP097145.1	71.951	164	170	2	165	518104	518595	5.79e-78	250
CDF91177.1	CP097145.1	36.257	171	170	3	164	440056	439562	2.26e-25	100
CDF91177.1	CP097145.1	35.443	158	170	3	157	585659	585201	5.53e-23	93.2
CDF91178.1	CP097140.1	70.312	384	383	1	382	126870	128021	0.0	575
CDF91179.1	CP097140.1	43.444	633	1523	1	609	132720	130987	1.63e-130	449
CDF91179.1	CP097140.1	32.031	384	1523	1146	1516	129416	128280	2.27e-51	199
CDF91179.1	CP097140.1	30.882	340	1523	498	810	130988	130047	1.30e-11	68.6
CDF91180.1	CP097145.1	70.671	283	281	1	281	519694	518846	1.34e-129	404
CDF91180.1	CP097140.1	50.714	280	281	1	280	133994	133155	2.87e-95	305
CDF91181.1	CP097145.1	37.042	683	898	367	889	522481	524487	1.52e-96	332
CDF91181.1	CP097145.1	90.244	41	898	260	300	522289	522411	1.51e-15	80.5
CDF91182.1	CP097145.1	40.385	364	343	6	289	524939	526009	1.27e-68	231
CDF91182.1	CP097140.1	41.463	205	343	99	294	134565	135173	2.01e-46	167
CDF91184.1	CP097145.1	69.281	153	150	1	150	526662	527120	1.17e-68	223
CDF91184.1	CP097140.1	66.225	151	150	1	150	139315	139767	3.15e-64	210
CDF91185.1	CP097140.1	50.541	370	353	2	353	140055	141161	1.93e-106	341
CDF91186.1	CP097145.1	45.088	397	386	1	380	527611	528792	8.28e-104	335
CDF91187.1	CP097145.1	33.613	238	227	7	214	529810	529097	2.80e-23	96.3
CDF91188.1	CP097140.1	70.909	935	918	1	918	144169	141392	0.0	1343
CDF91188.1	CP097145.1	57.188	946	918	1	918	532848	530221	0.0	1073
CDF91188.1	CP097139.1	23.447	789	918	162	918	286993	284726	1.94e-48	186
CDF91189.1	CP097140.1	59.857	700	700	1	699	144892	146976	0.0	914
CDF91190.1	CP097140.1	58.933	806	760	1	748	149767	147395	0.0	872
CDF91190.1	CP097141.1	36.891	431	760	151	578	141234	140032	4.43e-74	262
CDF91190.1	CP097143.1	27.902	448	760	130	552	817712	819010	1.26e-42	166
CDF91190.1	CP097146.1	28.819	288	760	81	343	43148	42312	7.41e-18	87.4
CDF91191.1	CP097140.1	68.025	319	305	8	305	150527	151444	4.63e-139	432
CDF91191.1	CP097137.1	32.749	171	305	129	299	45509	45003	3.72e-33	127
CDF91192.1	CP097145.1	51.471	476	572	119	563	533326	534753	2.15e-160	506
CDF91193.1	CP097140.1	53.295	698	673	1	660	153644	151617	0.0	690
CDF91193.1	CP097145.1	55.556	504	673	152	648	536374	534926	2.76e-178	562
CDF91193.1	CP097147.1	33.687	377	673	167	482	743239	744366	6.24e-56	205
CDF91193.1	CP097138.1	36.842	285	673	221	482	671693	672547	1.85e-49	186
CDF91194.1	CP097145.1	62.946	645	657	21	652	538020	539906	0.0	848
CDF91194.1	CP097139.1	24.784	347	657	169	494	185152	184181	1.80e-15	79.3
CDF91194.1	CP097142.1	23.555	467	657	51	494	156237	157553	1.24e-13	73.2
CDF91195.1	CP097145.1	65.476	168	176	9	176	540308	540811	7.62e-66	216
CDF91196.1	CP097145.1	33.580	405	391	19	391	542764	543876	1.64e-47	172
CDF91197.1	CP097140.1	61.876	501	490	1	485	155509	154007	0.0	650
CDF91198.1	CP097140.1	76.611	419	424	2	418	155766	157022	0.0	704
CDF91199.1	CP097145.1	48.601	858	821	1	820	546576	544051	0.0	761
CDF91200.1	CP097136.1	81.863	408	412	5	412	346513	347715	0.0	647
CDF91200.1	CP097136.1	48.611	288	412	122	406	538801	539658	1.73e-85	283
CDF91200.1	CP097135.1	34.463	177	412	171	339	460644	461171	1.83e-19	89.7
CDF91201.1	CP097133.1	36.017	708	832	146	827	99848	101923	3.61e-112	376
CDF91202.1	CP097136.1	87.317	205	205	1	205	345884	345270	2.41e-123	382
CDF91202.1	CP097133.1	25.112	223	205	3	205	133275	133934	1.65e-13	67.4
CDF91203.1	CP097133.1	56.627	83	103	12	94	102367	102119	8.69e-27	101
CDF91204.1	CP097136.1	35.669	157	145	16	144	344923	344453	4.63e-24	95.5
CDF91204.1	CP097133.1	31.013	158	145	5	136	102684	103157	2.02e-20	85.1
CDF91205.1	CP097136.1	53.086	1426	1372	3	1368	344093	339888	0.0	1480
CDF91206.1	CP097136.1	44.660	103	117	13	110	339435	339743	5.65e-24	94.0
CDF91207.1	CP097136.1	85.117	766	767	1	766	338705	336408	0.0	1338
CDF91208.1	CP097133.1	56.381	431	401	1	401	103383	104654	7.08e-145	454
CDF91209.1	CP097133.1	64.286	196	215	20	215	105334	104753	1.26e-70	231
CDF91210.1	CP097136.1	81.113	503	504	4	504	334499	336007	0.0	865
CDF91210.1	CP097145.1	25.359	418	504	105	486	683402	684589	2.55e-21	97.1
CDF91211.1	CP097133.1	63.713	474	459	1	458	105711	107114	0.0	586
CDF91211.1	CP097133.1	30.077	389	459	1	310	468483	467329	7.80e-46	169
CDF91211.1	CP097136.1	64.789	426	459	1	407	333878	332604	7.74e-180	556
CDF91211.1	CP097135.1	30.769	234	459	32	249	445120	445773	6.68e-25	107
CDF91212.1	CP097133.1	53.281	381	372	8	371	108670	107528	8.59e-134	420
CDF91213.1	CP097136.1	38.667	525	666	101	586	331537	330122	4.29e-69	244
CDF91213.1	CP097133.1	44.056	143	666	16	156	109602	109934	3.68e-27	117
CDF91214.1	CP097133.1	53.236	479	763	118	557	113482	112061	1.92e-157	506
CDF91214.1	CP097146.1	43.564	303	763	246	548	762726	763571	1.11e-69	249
CDF91214.1	CP097144.1	33.603	247	763	283	527	494662	493976	1.35e-34	141
CDF91215.1	CP097133.1	79.866	149	661	277	425	115901	115455	2.02e-70	248
CDF91215.1	CP097133.1	88.182	110	661	32	141	116477	116148	1.83e-50	189
CDF91216.1	CP097136.1	76.471	85	89	1	85	191078	190824	7.74e-41	140
CDF91216.1	CP097136.1	62.921	89	89	1	89	329402	329157	9.35e-31	111
CDF91217.1	CP097136.1	57.266	578	561	1	561	327148	328875	0.0	707
CDF91218.1	CP097136.1	85.610	549	571	23	571	325130	326776	0.0	971
CDF91218.1	CP097142.1	35.093	322	571	67	387	18602	17685	2.26e-45	171
CDF91218.1	CP097140.1	27.946	297	571	73	352	13315	14187	5.01e-21	96.7
CDF91218.1	CP097134.1	26.255	259	571	92	333	16646	15870	1.43e-18	89.0
CDF91219.1	CP097143.1	41.810	232	614	352	566	532442	533107	7.87e-41	158
CDF91219.1	CP097143.1	61.111	126	614	1	126	531800	532147	1.05e-37	149
CDF91220.1	CP097143.1	52.593	405	387	1	378	533857	535002	7.29e-107	343
CDF91222.1	CP097135.1	66.870	492	588	80	570	153415	151940	0.0	730
CDF91222.1	CP097135.1	27.991	443	588	141	564	145912	147195	1.18e-45	172
CDF91222.1	CP097136.1	27.912	455	588	144	564	12779	14053	4.84e-34	137
CDF91222.1	CP097145.1	27.912	455	588	144	564	773915	772641	4.84e-34	137
CDF91223.1	CP097143.1	66.038	265	278	1	262	536174	535416	3.51e-83	271
CDF91224.1	CP097135.1	34.810	158	181	6	147	154343	154780	4.08e-17	77.0
CDF91225.1	CP097135.1	79.503	1732	2135	2	1722	161707	156527	0.0	2858
CDF91225.1	CP097135.1	77.009	448	2135	1691	2135	156621	155278	0.0	737
CDF91226.1	CP097135.1	37.025	605	593	15	593	162420	163973	2.31e-112	368
CDF91227.1	CP097143.1	65.116	172	175	1	172	537122	536610	2.10e-76	246
CDF91227.1	CP097143.1	33.537	164	175	6	166	496821	496330	3.36e-22	91.3
CDF91227.1	CP097135.1	29.114	158	175	6	160	851071	850598	3.44e-14	68.2
CDF91229.1	CP097143.1	69.266	436	465	30	465	539824	538526	0.0	632
CDF91230.1	CP097143.1	72.007	568	577	1	562	540552	542219	0.0	830
CDF91231.1	CP097135.1	32.328	232	201	10	185	164808	164158	7.21e-24	97.1
CDF91232.1	CP097143.1	89.262	447	515	1	446	542685	544025	0.0	837
CDF91232.1	CP097146.1	42.615	413	515	4	411	867695	866502	2.02e-99	328
CDF91233.1	CP097143.1	44.245	278	271	3	271	545265	544444	8.01e-73	241
CDF91234.1	CP097143.1	73.333	105	108	1	105	545600	545914	6.57e-45	153
CDF91235.1	CP097143.1	65.854	246	253	11	253	546839	546102	8.28e-103	326
CDF91236.1	CP097135.1	80.637	377	382	2	378	165687	166817	0.0	646
CDF91236.1	CP097135.1	27.665	394	382	1	378	9965	8907	1.85e-17	83.2
CDF91236.1	CP097133.1	32.069	290	382	1	287	513891	514664	8.78e-27	111
CDF91236.1	CP097146.1	28.649	370	382	3	366	129117	128113	1.46e-24	104
CDF91236.1	CP097144.1	28.763	372	382	3	366	846491	845487	1.21e-23	102
CDF91236.1	CP097144.1	30.112	269	382	2	267	406028	406750	1.77e-22	98.6
CDF91236.1	CP097143.1	26.042	384	382	8	378	255226	254180	8.07e-21	93.6
CDF91237.1	CP097135.1	66.752	391	564	1	374	169229	168060	1.42e-166	523
CDF91237.1	CP097135.1	79.070	43	564	459	501	167519	167391	6.71e-17	83.6
CDF91238.1	CP097135.1	73.626	182	196	1	182	170117	169572	6.65e-90	286
CDF91239.1	CP097135.1	86.911	191	191	1	191	170365	170937	7.52e-115	357
CDF91240.1	CP097143.1	77.612	402	421	20	420	548452	547247	0.0	650
CDF91241.1	CP097143.1	57.980	307	307	4	307	550244	549327	5.39e-124	389
CDF91242.1	CP097135.1	67.500	720	723	28	722	173233	171074	0.0	972
CDF91242.1	CP097146.1	24.818	411	723	354	720	305197	304010	4.53e-21	97.8
CDF91243.1	CP097135.1	64.800	250	551	1	250	173791	174519	1.59e-88	297
CDF91243.1	CP097135.1	62.069	116	551	437	551	174805	175152	1.28e-38	150
CDF91243.1	CP097143.1	63.469	271	551	1	246	551171	551968	7.51e-88	295
CDF91243.1	CP097141.1	35.461	141	551	4	143	648595	648173	3.51e-20	94.0
CDF91244.1	CP097135.1	39.744	78	77	6	77	175676	175446	3.46e-11	55.5
CDF91245.1	CP097143.1	47.642	848	809	5	809	553386	555884	0.0	780
CDF91246.1	CP097143.1	83.502	297	294	1	294	556149	557039	3.45e-172	526
CDF91246.1	CP097138.1	27.273	341	294	1	279	326485	327480	2.72e-26	107
CDF91247.1	CP097143.1	66.993	306	304	1	303	558318	557401	2.92e-140	436
CDF91248.1	CP097135.1	83.603	494	513	5	483	177927	176473	0.0	824
CDF91248.1	CP097135.1	40.000	390	513	30	414	492016	493167	5.77e-86	288
CDF91248.1	CP097135.1	37.795	381	513	32	403	311446	312588	5.93e-70	242
CDF91248.1	CP097135.1	31.215	362	513	39	372	956482	955400	3.24e-38	148
CDF91248.1	CP097135.1	36.019	211	513	28	236	400523	401155	5.05e-35	139
CDF91248.1	CP097135.1	25.971	412	513	1	371	866326	865130	3.42e-28	118
CDF91248.1	CP097135.1	30.769	143	513	252	394	401378	401797	4.45e-16	80.5
CDF91248.1	CP097141.1	42.120	368	513	32	397	165211	164111	1.05e-79	270
CDF91248.1	CP097141.1	31.398	379	513	27	383	388512	389645	1.16e-53	194
CDF91248.1	CP097142.1	42.120	368	513	32	397	554485	555585	1.14e-79	270
CDF91248.1	CP097142.1	34.356	163	513	50	197	486665	486180	3.72e-14	74.3
CDF91248.1	CP097146.1	35.770	383	513	29	394	384296	383172	1.88e-64	226
CDF91248.1	CP097146.1	31.707	369	513	41	389	693098	694201	5.23e-47	174
CDF91248.1	CP097143.1	34.659	352	513	31	371	118175	119230	2.83e-57	205
CDF91248.1	CP097143.1	29.299	314	513	31	325	688524	687583	6.85e-28	117
CDF91250.1	CP097135.1	66.327	98	106	1	98	180652	180359	5.69e-44	150
CDF91251.1	CP097135.1	64.466	515	502	1	498	180985	182526	0.0	682
CDF91252.1	CP097143.1	53.394	442	450	14	442	558663	559982	9.57e-151	473
CDF91252.1	CP097135.1	52.876	452	450	1	449	182840	184120	3.32e-136	431
CDF91252.1	CP097138.1	43.678	261	450	185	444	696544	697317	3.61e-65	226
CDF91252.1	CP097138.1	41.048	229	450	168	391	698506	697826	5.39e-49	179
CDF91252.1	CP097147.1	40.449	267	450	179	444	760207	760998	1.13e-61	216
CDF91252.1	CP097147.1	42.326	215	450	183	391	762623	761979	8.66e-53	190
CDF91253.1	CP097135.1	60.702	598	604	24	604	189019	187256	0.0	622
CDF91254.1	CP097135.1	47.545	448	433	1	432	189404	190666	2.21e-116	373
CDF91255.1	CP097135.1	55.074	1015	968	10	968	191017	193977	0.0	1041
CDF91256.1	CP097135.1	57.195	820	795	1	795	196648	194219	0.0	884
CDF91257.1	CP097135.1	78.153	444	444	1	443	196986	198317	0.0	704
CDF91258.1	CP097143.1	40.000	220	212	7	209	561059	560406	6.39e-38	137
CDF91259.1	CP097135.1	53.263	475	467	1	454	198811	200229	1.58e-153	481
CDF91260.1	CP097143.1	58.511	470	470	1	467	562886	561480	0.0	567
CDF91260.1	CP097137.1	29.890	455	470	4	453	38298	39608	4.19e-58	206
CDF91260.1	CP097144.1	29.978	447	470	10	446	93939	92632	5.28e-43	161
CDF91260.1	CP097144.1	29.148	446	470	10	446	18072	16765	1.44e-40	154
CDF91261.1	CP097135.1	73.938	1201	1199	1	1199	204238	200636	0.0	1897
CDF91261.1	CP097138.1	30.488	328	1199	7	328	263445	264335	1.41e-45	179
CDF91261.1	CP097133.1	28.814	236	1199	52	286	597035	596424	1.71e-21	100
CDF91261.1	CP097133.1	26.126	222	1199	18	238	597011	596436	1.54e-16	84.3
CDF91261.1	CP097147.1	27.675	271	1199	52	321	261047	260334	1.61e-20	97.4
CDF91261.1	CP097147.1	27.203	261	1199	2	241	260942	260166	1.21e-19	94.4
CDF91261.1	CP097147.1	33.099	142	1199	25	166	260999	260574	1.37e-18	90.9
CDF91261.1	CP097147.1	25.980	204	1199	52	236	875213	875815	3.90e-11	66.6
CDF91261.1	CP097140.1	21.690	355	1199	17	323	247330	248271	1.50e-15	80.9
CDF91261.1	CP097140.1	25.357	280	1199	26	243	247477	248286	3.01e-13	73.6
CDF91262.1	CP097147.1	74.269	513	509	3	509	314682	313150	0.0	751
CDF91263.1	CP097147.1	39.267	191	231	47	231	315443	314883	1.22e-32	123
CDF91264.1	CP097146.1	66.201	716	716	1	715	697243	699369	0.0	986
CDF91265.1	CP097146.1	47.619	546	547	7	547	696931	695297	7.69e-175	546
CDF91266.1	CP097147.1	45.672	543	477	9	476	315989	317599	1.83e-130	416
CDF91267.1	CP097136.1	59.346	765	880	28	789	295591	297804	0.0	926
CDF91267.1	CP097140.1	57.497	767	880	24	789	218868	216643	0.0	911
CDF91268.1	CP097147.1	68.878	633	609	1	609	320185	318335	0.0	835
CDF91268.1	CP097146.1	70.861	604	609	1	594	692642	694405	0.0	805
CDF91268.1	CP097146.1	32.031	384	609	139	502	384302	383235	3.89e-44	168
CDF91268.1	CP097138.1	39.540	435	609	103	521	374621	373374	8.34e-78	268
CDF91268.1	CP097138.1	31.894	417	609	127	529	190140	191339	5.74e-55	201
CDF91268.1	CP097138.1	23.864	440	609	160	515	395764	394505	5.27e-16	80.9
CDF91268.1	CP097145.1	43.881	335	609	128	458	414935	415897	1.49e-72	253
CDF91268.1	CP097145.1	52.055	73	609	459	531	416885	417103	1.67e-17	85.5
CDF91268.1	CP097145.1	26.054	261	609	272	498	691140	691922	4.29e-16	81.3
CDF91268.1	CP097135.1	38.965	367	609	146	498	956479	955403	8.28e-70	245
CDF91268.1	CP097135.1	31.354	421	609	112	528	491941	493146	4.20e-54	198
CDF91268.1	CP097135.1	30.752	439	609	118	498	400463	401728	4.22e-51	189
CDF91268.1	CP097135.1	31.536	371	609	157	521	311500	312558	2.46e-44	169
CDF91268.1	CP097135.1	30.894	369	609	148	515	177819	176773	8.27e-43	164
CDF91268.1	CP097135.1	31.646	395	609	144	509	866233	865097	3.14e-42	162
CDF91269.1	CP097133.1	46.847	222	223	1	221	362098	362733	8.98e-58	195
CDF91270.1	CP097147.1	50.162	309	356	8	305	320555	321442	1.75e-84	278
CDF91271.1	CP097146.1	82.353	221	223	4	223	691683	692336	1.80e-121	378
CDF91272.1	CP097146.1	57.368	380	396	26	396	691338	690208	4.12e-139	437
CDF91273.1	CP097147.1	72.894	273	277	5	277	322606	321788	1.01e-141	438
CDF91274.1	CP097146.1	64.301	465	454	3	454	689786	688392	1.84e-178	553
CDF91275.1	CP097146.1	71.390	367	407	52	407	687023	688114	5.67e-163	506
CDF91276.1	CP097147.1	71.163	645	683	3	629	323543	325417	0.0	916
CDF91277.1	CP097146.1	82.059	340	377	30	369	686357	685338	0.0	604
CDF91277.1	CP097138.1	51.948	77	377	32	108	541420	541647	4.73e-17	82.0
CDF91278.1	CP097146.1	32.853	764	719	58	712	682866	685052	8.03e-90	307
CDF91279.1	CP097146.1	52.759	290	239	1	239	682276	681419	6.04e-79	256
CDF91280.1	CP097147.1	49.497	398	389	2	389	331024	329873	5.35e-135	424
CDF91280.1	CP097138.1	25.956	366	389	34	378	161624	160641	1.06e-25	108
CDF91280.1	CP097145.1	33.714	175	389	208	381	122664	122161	2.80e-23	100
CDF91281.1	CP097147.1	39.818	329	320	31	319	332333	331365	4.77e-69	232
CDF91282.1	CP097147.1	63.554	332	309	1	307	333860	334852	1.05e-133	417
CDF91284.1	CP097147.1	51.274	1334	1318	1	1314	338655	334993	0.0	1299
CDF91285.1	CP097147.1	58.224	687	649	17	649	341226	339181	0.0	803
CDF91286.1	CP097133.1	94.536	183	183	1	183	548546	547998	2.24e-115	358
CDF91286.1	CP097135.1	56.425	179	183	1	179	122478	123011	1.33e-64	213
CDF91286.1	CP097135.1	53.591	181	183	1	181	222569	223108	4.77e-63	208
CDF91286.1	CP097146.1	49.714	175	183	1	174	472144	472665	8.30e-56	187
CDF91286.1	CP097147.1	32.609	184	183	1	175	447214	447762	7.98e-30	113
CDF91286.1	CP097147.1	33.529	170	183	12	174	133159	133662	2.69e-25	100
CDF91286.1	CP097144.1	32.759	174	183	16	176	516816	517331	1.26e-20	87.0
CDF91287.1	CP097141.1	44.226	407	402	2	395	357024	358214	1.76e-106	343
CDF91288.1	CP097137.1	52.624	686	669	6	668	185894	187870	0.0	680
CDF91289.1	CP097141.1	75.127	197	245	58	245	693780	694370	4.64e-100	317
CDF91290.1	CP097141.1	67.781	748	761	23	761	693254	691011	0.0	1072
CDF91290.1	CP097135.1	31.087	727	761	44	754	293204	295255	1.65e-89	307
CDF91290.1	CP097135.1	29.457	645	761	44	669	296042	297898	2.57e-74	263
CDF91290.1	CP097135.1	22.747	466	761	80	520	1071701	1072975	9.95e-11	64.3
CDF91290.1	CP097132.1	32.051	702	761	59	738	95371	93383	1.99e-88	304
CDF91290.1	CP097146.1	30.114	704	761	59	738	885560	887548	4.80e-81	282
CDF91290.1	CP097138.1	29.907	642	761	58	674	872892	874766	8.28e-70	249
CDF91291.1	CP097141.1	59.942	342	341	1	341	689823	690848	1.00e-142	444
CDF91292.1	CP097139.1	39.698	398	380	8	374	486712	485567	4.68e-79	263
CDF91293.1	CP097141.1	36.735	343	347	7	343	688598	689617	1.12e-68	232
CDF91294.1	CP097141.1	47.340	1673	1656	1	1654	688379	683436	0.0	1520
CDF91295.1	CP097141.1	72.145	359	359	1	359	683207	682131	2.09e-159	493
CDF91296.1	CP097141.1	55.542	1597	1528	7	1527	677250	682001	0.0	1765
CDF91297.1	CP097139.1	79.237	236	281	1	234	484678	485385	2.00e-118	372
CDF91299.1	CP097141.1	63.573	1444	1419	1	1418	675968	671646	0.0	1937
CDF91300.1	CP097139.1	49.597	248	310	66	310	482661	481918	1.45e-75	250
CDF91300.1	CP097139.1	39.228	311	310	10	309	484018	483095	8.10e-64	216
CDF91301.1	CP097141.1	45.179	363	414	31	381	671314	670232	4.29e-100	325
CDF91302.1	CP097141.1	82.143	84	87	1	84	669656	669907	4.01e-42	144
CDF91303.1	CP097141.1	32.489	237	230	5	228	669460	668765	4.10e-35	130
CDF91304.1	CP097139.1	42.674	778	771	1	767	479496	481760	0.0	609
CDF91305.1	CP097141.1	29.697	660	692	4	620	668534	666633	7.11e-66	198
CDF91305.1	CP097141.1	56.667	60	692	618	677	666640	666461	7.11e-66	70.9
CDF91306.1	CP097139.1	41.217	575	553	1	546	477531	479246	6.52e-119	385
CDF91307.1	CP097141.1	58.135	1051	1021	1	1021	662207	665347	0.0	1218
CDF91307.1	CP097135.1	26.738	935	1021	5	921	1247099	1249660	8.92e-75	270
CDF91308.1	CP097139.1	29.483	329	282	1	282	476347	477309	8.73e-22	94.0
CDF91309.1	CP097139.1	69.727	512	554	50	554	474464	475993	0.0	758
CDF91309.1	CP097146.1	23.966	580	554	58	554	576246	577832	3.54e-33	134
CDF91310.1	CP097139.1	64.943	174	172	1	172	473837	473316	4.90e-59	196
CDF91311.1	CP097139.1	40.249	241	250	2	230	472448	473170	2.45e-52	181
CDF91312.1	CP097139.1	48.889	135	127	1	127	472232	471834	7.59e-35	125
CDF91313.1	CP097141.1	62.476	525	540	21	539	660398	661972	0.0	673
CDF91313.1	CP097139.1	25.000	520	540	36	519	492023	493411	8.48e-26	111
CDF91314.1	CP097141.1	66.565	655	628	1	625	659820	657913	0.0	864
CDF91314.1	CP097144.1	55.224	670	628	2	628	96555	98486	0.0	726
CDF91314.1	CP097143.1	40.852	634	628	1	627	8800	10506	4.83e-136	438
CDF91315.1	CP097144.1	58.621	58	59	1	58	98840	98667	9.74e-20	79.0
CDF91316.1	CP097140.1	62.388	335	325	6	325	388539	389540	7.94e-135	421
CDF91318.1	CP097143.1	48.428	159	192	4	157	155087	155563	2.50e-45	158
CDF91321.1	CP097145.1	60.490	367	371	1	355	648003	649100	1.49e-145	454
CDF91321.1	CP097143.1	30.493	223	371	9	231	926965	927576	2.05e-25	107
CDF91321.1	CP097144.1	23.600	250	371	9	255	103576	104256	6.76e-15	75.1
CDF91322.1	CP097145.1	80.063	2227	2229	1	2220	655989	649318	0.0	3734
CDF91322.1	CP097144.1	54.775	2220	2229	21	2221	655821	649303	0.0	2504
CDF91322.1	CP097133.1	30.693	505	2229	59	559	620394	619087	5.39e-58	222
CDF91322.1	CP097133.1	31.520	533	2229	57	570	641852	640461	1.98e-57	220
CDF91322.1	CP097138.1	31.947	529	2229	57	570	398217	399608	5.55e-51	199
CDF91324.1	CP097145.1	63.877	227	213	1	213	657527	658189	2.37e-91	291
CDF91325.1	CP097134.1	50.000	450	495	5	447	208622	207294	1.01e-140	446
CDF91325.1	CP097136.1	37.047	386	495	60	423	37444	36419	1.50e-58	208
CDF91325.1	CP097146.1	39.130	322	495	127	427	300566	301480	9.17e-56	200
CDF91326.1	CP097145.1	67.713	223	223	1	221	658884	659552	4.63e-98	311
CDF91327.1	CP097134.1	63.158	171	171	1	171	209451	208945	7.81e-65	213
CDF91328.1	CP097134.1	79.104	268	270	1	263	210573	209770	4.20e-145	448
CDF91329.1	CP097145.1	52.566	643	585	2	585	659962	661878	0.0	668
CDF91329.1	CP097134.1	49.764	424	585	156	578	211484	212749	3.48e-139	445
CDF91329.1	CP097134.1	33.333	144	585	5	132	210978	211385	6.32e-12	67.4
CDF91330.1	CP097145.1	70.996	231	246	21	246	662711	662028	6.45e-113	354
CDF91331.1	CP097134.1	49.772	219	209	2	209	213092	213748	3.91e-63	210
CDF91332.1	CP097145.1	50.990	404	405	2	405	662997	664199	9.54e-131	413
CDF91333.1	CP097145.1	43.709	151	132	1	132	664807	664391	4.78e-33	120
CDF91334.1	CP097145.1	42.361	576	522	1	522	665044	666729	1.45e-123	397
CDF91334.1	CP097134.1	33.019	530	522	40	522	214015	215454	2.02e-77	264
CDF91335.1	CP097134.1	80.739	514	513	1	513	215708	217249	0.0	852
CDF91336.1	CP097134.1	36.557	517	524	26	524	218991	217441	8.31e-105	343
CDF91337.1	CP097134.1	73.420	918	912	1	910	222239	219486	0.0	1413
CDF91337.1	CP097134.1	22.346	358	912	144	454	240816	239824	3.56e-15	79.3
CDF91337.1	CP097134.1	22.712	295	912	338	600	240945	240076	5.48e-12	68.9
CDF91337.1	CP097147.1	27.444	266	912	338	600	261050	260328	6.39e-17	85.1
CDF91337.1	CP097147.1	24.082	245	912	244	486	261062	260355	1.53e-14	77.0
CDF91337.1	CP097147.1	24.096	249	912	257	496	875081	875818	1.25e-13	74.3
CDF91337.1	CP097133.1	29.375	160	912	338	497	597038	596565	1.13e-16	84.0
CDF91337.1	CP097133.1	26.923	182	912	339	508	562680	563219	6.98e-14	75.1
CDF91337.1	CP097133.1	25.110	227	912	144	369	597038	596436	6.76e-13	71.6
CDF91337.1	CP097133.1	23.188	276	912	343	601	597200	596436	2.96e-12	69.7
CDF91337.1	CP097133.1	24.378	201	912	258	456	597023	596433	1.76e-11	67.0
CDF91337.1	CP097133.1	24.696	247	912	346	539	428465	429202	2.82e-11	66.2
CDF91337.1	CP097138.1	25.000	248	912	253	496	263451	264188	2.59e-15	79.7
CDF91337.1	CP097143.1	26.875	160	912	336	495	576916	576443	3.59e-13	72.8
CDF91337.1	CP097143.1	25.431	232	912	337	549	577222	576533	2.22e-12	70.1
CDF91339.1	CP097134.1	42.692	260	244	3	242	223214	222471	2.00e-62	209
CDF91339.1	CP097135.1	27.848	158	244	118	239	147778	147314	7.11e-12	63.5
CDF91340.1	CP097134.1	53.769	597	714	163	712	224691	226463	0.0	590
CDF91341.1	CP097134.1	64.384	146	144	5	144	227365	227802	7.86e-65	211
CDF91342.1	CP097134.1	43.165	556	511	5	484	228322	229965	5.30e-116	375
CDF91342.1	CP097145.1	46.939	98	511	106	200	498244	497951	5.12e-20	92.8
CDF91342.1	CP097140.1	41.837	98	511	106	200	85316	85023	1.94e-16	81.6
CDF91342.1	CP097147.1	46.154	78	511	102	178	722973	722746	1.03e-11	66.2
CDF91343.1	CP097134.1	50.361	415	412	1	388	230515	231732	4.29e-118	377
CDF91344.1	CP097145.1	60.048	413	1073	1	405	669303	668065	2.89e-144	478
CDF91344.1	CP097134.1	48.564	383	1073	5	387	235325	234186	2.30e-118	402
CDF91345.1	CP097145.1	52.614	306	311	8	297	669527	670444	1.58e-96	310
CDF91345.1	CP097136.1	37.584	298	311	16	294	93993	93115	2.89e-50	177
CDF91346.1	CP097134.1	60.338	474	508	54	508	236377	237786	0.0	602
CDF91348.1	CP097134.1	39.350	277	316	31	305	238152	238982	2.55e-64	218
CDF91348.1	CP097145.1	33.438	317	316	8	315	670799	671707	4.28e-45	162
CDF91348.1	CP097139.1	39.881	168	316	57	222	204226	203762	6.09e-26	107
CDF91348.1	CP097135.1	37.143	175	316	44	216	1068120	1067653	1.90e-24	102
CDF91348.1	CP097135.1	37.634	186	316	44	227	787652	787155	1.97e-24	102
CDF91348.1	CP097144.1	39.053	169	316	57	220	105763	106212	2.31e-20	90.5
CDF91349.1	CP097145.1	61.574	432	415	1	413	673101	671818	6.67e-167	518
CDF91350.1	CP097145.1	49.911	561	564	1	559	673408	675054	0.0	593
CDF91351.1	CP097134.1	53.435	131	148	19	148	239475	239119	1.78e-42	148
CDF91352.1	CP097134.1	77.670	515	515	1	515	241365	239821	0.0	868
CDF91352.1	CP097134.1	28.912	294	515	188	474	260101	259310	4.61e-19	90.1
CDF91352.1	CP097134.1	27.076	277	515	231	492	260101	259400	1.33e-16	82.0
CDF91352.1	CP097134.1	25.606	371	515	191	514	221939	220863	5.53e-16	80.1
CDF91352.1	CP097134.1	24.483	290	515	159	429	260062	259319	1.36e-15	79.0
CDF91352.1	CP097134.1	22.785	395	515	146	513	221453	220428	1.00e-14	76.3
CDF91352.1	CP097134.1	33.636	110	515	405	513	260098	259772	1.15e-12	69.3
CDF91352.1	CP097134.1	27.333	150	515	372	514	260068	259622	4.30e-12	67.8
CDF91352.1	CP097134.1	28.125	224	515	139	342	259993	259367	5.86e-12	67.4
CDF91352.1	CP097134.1	24.691	243	515	291	513	260065	259463	2.32e-11	65.5
CDF91352.1	CP097140.1	29.825	342	515	124	442	247369	248304	2.38e-24	106
CDF91352.1	CP097133.1	27.211	294	515	240	513	597200	596442	7.75e-21	95.5
CDF91352.1	CP097133.1	33.333	168	515	141	306	596912	596436	6.87e-20	92.4
CDF91352.1	CP097133.1	25.670	261	515	172	430	597074	596439	3.01e-17	84.3
CDF91352.1	CP097137.1	26.587	252	515	225	475	99592	100266	1.01e-18	89.0
CDF91352.1	CP097137.1	25.250	400	515	139	494	99592	100626	1.08e-15	79.3
CDF91352.1	CP097138.1	29.032	186	515	127	305	263649	264188	1.10e-16	82.4
CDF91352.1	CP097138.1	22.984	248	515	248	482	263493	264218	9.89e-13	69.7
CDF91352.1	CP097138.1	31.429	140	515	139	275	263826	264221	2.67e-11	65.1
CDF91353.1	CP097145.1	55.791	1649	1602	1	1583	680042	675342	0.0	1778
CDF91353.1	CP097145.1	28.053	303	1602	1293	1569	71074	71877	1.54e-23	107
CDF91353.1	CP097145.1	28.269	283	1602	1286	1562	704597	705394	5.48e-23	106
CDF91353.1	CP097145.1	26.316	323	1602	1292	1574	334659	335603	6.88e-20	95.9
CDF91353.1	CP097145.1	28.679	265	1602	1267	1513	58028	57354	2.19e-16	84.3
CDF91353.1	CP097145.1	26.484	219	1602	1299	1516	295126	294554	3.36e-16	83.6
CDF91353.1	CP097145.1	23.411	299	1602	1291	1569	563057	563857	2.73e-12	70.9
CDF91353.1	CP097134.1	54.485	1360	1602	262	1602	245420	241578	0.0	1456
CDF91353.1	CP097134.1	27.517	298	1602	1286	1574	79034	79828	1.15e-24	111
CDF91353.1	CP097134.1	27.273	242	1602	1292	1522	129248	129889	4.57e-18	89.7
CDF91353.1	CP097134.1	29.949	197	1602	1368	1562	274585	275127	2.85e-15	80.5
CDF91353.1	CP097141.1	34.915	295	1602	1286	1573	255523	256317	9.53e-46	181
CDF91353.1	CP097141.1	30.333	300	1602	1292	1578	189607	188822	3.00e-25	113
CDF91353.1	CP097141.1	30.667	225	1602	1292	1516	115547	114978	1.98e-23	107
CDF91353.1	CP097141.1	24.199	281	1602	1251	1512	160004	159282	1.95e-12	71.2
CDF91353.1	CP097143.1	30.523	344	1602	1272	1574	848123	849055	2.07e-41	166
CDF91353.1	CP097143.1	24.012	329	1602	1277	1574	351679	352545	2.78e-17	87.4
CDF91353.1	CP097143.1	22.857	315	1602	1286	1574	312915	313751	1.32e-15	81.6
CDF91353.1	CP097139.1	32.886	298	1602	1283	1579	79954	79175	8.94e-37	151
CDF91353.1	CP097139.1	31.000	300	1602	1274	1569	302102	302884	1.56e-28	124
CDF91353.1	CP097139.1	27.797	295	1602	1291	1577	496207	496980	2.42e-19	94.0
CDF91353.1	CP097139.1	25.483	259	1602	1265	1513	154567	153881	1.27e-14	78.6
CDF91354.1	CP097145.1	79.045	377	413	47	413	680613	681722	0.0	620
CDF91354.1	CP097135.1	47.965	344	413	31	374	622219	623190	4.07e-104	337
CDF91354.1	CP097135.1	53.310	287	413	50	336	130927	130118	1.05e-102	333
CDF91354.1	CP097135.1	53.310	287	413	50	336	226608	225799	8.41e-102	330
CDF91354.1	CP097135.1	49.118	340	413	52	389	375787	376722	4.53e-101	328
CDF91354.1	CP097135.1	34.535	333	413	9	336	1320128	1321069	3.22e-62	216
CDF91354.1	CP097147.1	36.478	318	413	37	338	203093	203995	1.07e-64	223
CDF91354.1	CP097144.1	35.974	303	413	39	336	223484	222627	1.49e-62	217
CDF91354.1	CP097144.1	36.879	282	413	76	335	155204	156043	2.26e-51	184
CDF91354.1	CP097136.1	43.750	240	413	97	336	429398	430066	1.77e-60	211
CDF91355.1	CP097145.1	76.712	73	73	1	73	682073	681855	1.46e-32	115
CDF91356.1	CP097145.1	57.088	776	739	7	738	682277	684601	0.0	829
CDF91356.1	CP097136.1	27.027	296	739	444	731	335102	335944	7.18e-24	107
CDF91356.1	CP097142.1	31.481	216	739	1	212	38430	37828	1.45e-20	96.3
CDF91357.1	CP097134.1	54.086	257	267	5	261	247815	247063	2.58e-88	285
CDF91358.1	CP097134.1	38.095	63	84	16	78	248010	248198	7.15e-12	57.8
CDF91358.1	CP097145.1	35.366	82	84	1	78	687166	687411	2.52e-11	56.2
CDF91360.1	CP097134.1	61.997	621	872	288	872	250969	249221	0.0	718
CDF91360.1	CP097134.1	49.593	123	872	1	117	251608	251279	4.78e-23	104
CDF91361.1	CP097145.1	64.327	342	328	1	328	688649	687624	2.46e-145	451
CDF91363.1	CP097146.1	28.337	427	442	33	437	33293	34456	3.07e-41	155
CDF91363.1	CP097143.1	28.878	419	442	32	432	998374	999552	1.86e-38	147
CDF91363.1	CP097145.1	22.042	431	442	47	436	729031	730287	8.19e-21	94.4
CDF91364.1	CP097138.1	77.597	308	308	1	308	602857	603780	2.13e-169	520
CDF91364.1	CP097135.1	23.755	261	308	52	283	1052304	1053062	2.95e-11	62.8
CDF91365.1	CP097135.1	90.305	361	361	1	361	362757	361675	0.0	669
CDF91366.1	CP097135.1	55.489	838	800	3	797	358878	361304	0.0	881
CDF91366.1	CP097136.1	46.491	114	800	9	118	382294	381956	9.89e-24	106
CDF91366.1	CP097136.1	28.649	185	800	352	530	380902	380360	9.42e-17	84.0
CDF91366.1	CP097143.1	25.616	203	800	356	524	515436	516044	5.69e-16	81.6
CDF91367.1	CP097135.1	43.769	329	629	9	331	357435	358406	1.57e-83	286
CDF91368.1	CP097143.1	48.894	407	417	14	417	875352	876557	9.98e-124	394
CDF91368.1	CP097144.1	33.613	238	417	114	327	396464	397123	2.66e-18	86.3
CDF91368.1	CP097142.1	29.075	227	417	114	324	270729	270061	7.39e-17	82.0
CDF91368.1	CP097145.1	24.554	224	417	122	330	217743	217120	5.00e-12	66.6
CDF91369.1	CP097143.1	33.197	735	702	3	699	876787	878958	1.37e-122	402
CDF91370.1	CP097143.1	58.998	878	891	22	884	881753	879132	0.0	1068
CDF91370.1	CP097138.1	23.558	416	891	34	426	664975	665982	1.19e-16	84.0
CDF91371.1	CP097143.1	60.698	1117	1110	1	1106	882345	885683	0.0	1377
CDF91371.1	CP097146.1	26.692	266	1110	67	322	228614	229378	4.85e-11	65.9
CDF91372.1	CP097135.1	42.070	1961	1916	1	1891	351663	356975	0.0	1254
CDF91373.1	CP097135.1	56.633	196	195	3	188	350927	350340	5.65e-72	234
CDF91374.1	CP097143.1	69.559	1337	1337	1	1337	889906	885911	0.0	1982
CDF91375.1	CP097143.1	46.512	129	127	1	126	890448	890062	4.05e-28	106
CDF91376.1	CP097143.1	66.740	905	878	1	874	890686	893325	0.0	1180
CDF91377.1	CP097143.1	52.535	434	416	7	416	894730	893435	1.96e-141	444
CDF91377.1	CP097133.1	33.871	248	416	176	416	720000	720704	2.66e-40	152
CDF91378.1	CP097135.1	63.614	797	803	1	791	347619	349973	0.0	1020
CDF91379.1	CP097135.1	94.643	56	56	1	56	346798	346631	3.85e-33	116
CDF91379.1	CP097143.1	89.286	56	56	1	56	895709	895876	4.74e-31	110
CDF91380.1	CP097143.1	67.322	967	985	17	983	899567	896667	0.0	1403
CDF91380.1	CP097147.1	27.792	403	985	24	372	826843	825635	2.60e-41	164
CDF91381.1	CP097143.1	54.902	51	94	3	53	900219	900371	9.41e-16	69.3
CDF91382.1	CP097135.1	52.335	621	591	1	591	346134	344284	0.0	595
CDF91383.1	CP097135.1	38.176	296	322	53	322	343115	342252	6.77e-44	159
CDF91384.1	CP097143.1	59.551	89	274	1	88	900781	901047	5.26e-29	114
CDF91385.1	CP097143.1	45.992	524	488	1	488	903362	901815	2.41e-147	464
CDF91386.1	CP097143.1	43.704	270	280	10	272	904160	904966	1.16e-68	229
CDF91387.1	CP097135.1	82.394	426	422	1	422	340840	342117	0.0	733
CDF91387.1	CP097143.1	71.220	410	422	12	420	501152	502381	0.0	621
CDF91387.1	CP097145.1	72.030	404	422	13	415	603107	604318	0.0	604
CDF91388.1	CP097143.1	50.000	76	73	1	71	907022	906795	4.03e-20	80.5
CDF91389.1	CP097135.1	65.517	58	60	3	60	340392	340219	7.85e-24	90.5
CDF91390.1	CP097143.1	44.928	690	671	1	659	909367	907301	0.0	588
CDF91390.1	CP097138.1	26.238	202	671	265	454	342834	342253	5.32e-11	64.7
CDF91391.1	CP097143.1	71.144	752	775	27	770	911871	909625	0.0	1090
CDF91391.1	CP097143.1	37.633	566	775	232	731	58019	56346	5.85e-113	377
CDF91391.1	CP097143.1	36.735	294	775	224	494	57068	56193	4.46e-48	183
CDF91391.1	CP097135.1	47.471	514	775	235	739	244037	242517	4.80e-144	467
CDF91391.1	CP097135.1	40.574	244	775	503	746	244046	243324	1.58e-50	191
CDF91391.1	CP097135.1	40.517	232	775	234	463	243221	242538	1.14e-48	185
CDF91391.1	CP097135.1	38.328	287	775	459	731	1245786	1246625	2.61e-48	184
CDF91391.1	CP097135.1	41.250	240	775	230	464	1245930	1246631	1.32e-45	176
CDF91391.1	CP097135.1	41.549	142	775	504	643	443697	444122	7.49e-41	117
CDF91391.1	CP097135.1	40.860	93	775	641	733	444113	444385	7.49e-41	68.6
CDF91391.1	CP097135.1	42.282	149	775	228	374	443682	444128	1.69e-37	121
CDF91391.1	CP097135.1	32.558	86	775	378	463	444137	444382	1.69e-37	53.5
CDF91391.1	CP097135.1	29.032	186	775	225	405	1209645	1209139	1.42e-12	70.5
CDF91391.1	CP097135.1	29.605	152	775	529	676	1209564	1209139	2.73e-12	69.3
CDF91391.1	CP097138.1	46.182	275	775	234	497	1003421	1004233	9.41e-66	237
CDF91391.1	CP097138.1	41.577	279	775	459	733	420923	420126	6.81e-54	201
CDF91391.1	CP097138.1	40.598	234	775	233	463	420815	420129	3.41e-48	184
CDF91391.1	CP097138.1	40.625	256	775	506	755	1003424	1004173	1.64e-47	182
CDF91391.1	CP097138.1	36.090	266	775	234	493	546293	547048	4.55e-38	152
CDF91391.1	CP097138.1	38.034	234	775	506	733	546296	546970	1.31e-33	138
CDF91391.1	CP097145.1	31.781	494	775	268	731	21708	20254	1.02e-58	216
CDF91391.1	CP097145.1	34.114	299	775	233	497	20940	20077	6.70e-44	171
CDF91391.1	CP097142.1	30.675	489	775	274	738	72760	71330	1.32e-57	213
CDF91391.1	CP097142.1	40.598	234	775	233	463	175361	176047	2.99e-47	181
CDF91391.1	CP097142.1	36.803	269	775	491	755	175322	176122	9.48e-47	179
CDF91391.1	CP097142.1	36.863	255	775	218	467	72097	71336	6.58e-43	167
CDF91393.1	CP097143.1	66.304	1285	1250	5	1250	916045	912212	0.0	1736
CDF91393.1	CP097141.1	54.839	217	1250	296	510	347552	348196	4.04e-124	252
CDF91393.1	CP097141.1	39.016	305	1250	520	822	348174	349052	4.04e-124	212
CDF91393.1	CP097141.1	38.043	184	1250	1067	1250	349812	350351	2.25e-30	129
CDF91393.1	CP097136.1	34.356	163	1250	591	740	523967	523518	1.57e-16	84.3
CDF91393.1	CP097136.1	28.708	209	1250	303	487	522161	521544	4.65e-14	76.3
CDF91393.1	CP097138.1	28.112	249	1250	276	487	1009894	1010634	4.81e-15	79.3
CDF91393.1	CP097138.1	30.769	156	1250	589	740	1010728	1011177	2.58e-14	77.0
CDF91393.1	CP097138.1	28.000	200	1250	304	483	38355	37759	2.28e-13	73.9
CDF91393.1	CP097138.1	27.650	217	1250	301	484	1007464	1008111	1.59e-11	67.8
CDF91393.1	CP097138.1	28.652	178	1250	601	775	37671	37153	1.85e-11	67.8
CDF91394.1	CP097143.1	72.059	544	679	119	660	918232	916643	0.0	805
CDF91394.1	CP097135.1	45.435	471	679	131	578	337431	338762	6.86e-120	393
CDF91394.1	CP097138.1	43.529	85	679	321	405	972739	972987	6.10e-14	74.3
CDF91395.1	CP097135.1	50.490	204	181	1	181	336446	335841	1.67e-58	195
CDF91396.1	CP097143.1	65.544	653	648	20	648	921452	919512	0.0	859
CDF91396.1	CP097143.1	26.531	245	648	286	529	926965	927636	1.99e-15	79.3
CDF91397.1	CP097143.1	78.195	133	678	548	678	924270	924668	4.04e-63	227
CDF91397.1	CP097143.1	39.617	313	678	74	326	922905	923822	4.96e-47	179
CDF91398.1	CP097143.1	37.943	282	274	1	264	925796	926623	8.50e-41	149
CDF91399.1	CP097135.1	36.457	1067	1049	12	1046	332695	335559	0.0	624
CDF91400.1	CP097135.1	52.286	700	658	1	658	332150	330051	0.0	701
CDF91401.1	CP097143.1	71.091	339	347	8	346	926878	927894	1.08e-173	534
CDF91401.1	CP097143.1	27.273	253	347	37	260	920615	919869	4.04e-13	69.3
CDF91401.1	CP097144.1	29.658	263	347	6	261	103477	104256	2.54e-32	126
CDF91401.1	CP097145.1	22.260	292	347	37	288	648027	648893	3.41e-15	75.5
CDF91402.1	CP097135.1	87.097	93	98	5	97	328723	329001	5.57e-51	169
CDF91402.1	CP097143.1	86.022	93	98	5	97	928402	928124	2.79e-50	167
CDF91403.1	CP097135.1	42.804	271	264	5	244	327556	326747	4.11e-63	212
CDF91404.1	CP097143.1	37.156	218	198	2	195	930036	930689	7.25e-37	134
CDF91405.1	CP097143.1	48.077	104	111	1	103	931262	930951	9.19e-26	98.6
CDF91406.1	CP097135.1	43.040	546	1037	499	1032	324640	323006	0.0	446
CDF91406.1	CP097135.1	44.118	510	1037	1	503	326139	324625	0.0	433
CDF91407.1	CP097143.1	68.810	933	938	7	937	934272	931474	0.0	1392
CDF91408.1	CP097143.1	76.051	1094	1127	22	1105	934676	937933	0.0	1657
CDF91409.1	CP097143.1	51.020	245	239	2	239	938355	939065	4.81e-77	251
CDF91410.1	CP097142.1	81.206	431	431	1	431	107603	108883	0.0	722
CDF91410.1	CP097133.1	52.500	200	431	5	202	84403	84999	2.83e-64	223
CDF91410.1	CP097133.1	43.750	112	431	314	425	85006	85323	1.25e-19	90.5
CDF91410.1	CP097136.1	52.000	200	431	5	202	355581	354985	2.85e-64	223
CDF91410.1	CP097136.1	39.024	123	431	303	425	355011	354661	9.02e-17	81.6
CDF91410.1	CP097139.1	47.739	199	431	5	202	71814	71221	2.05e-58	206
CDF91410.1	CP097139.1	45.536	112	431	314	425	71214	70888	3.55e-21	95.5
CDF91410.1	CP097146.1	53.608	97	431	1	97	180772	181062	2.14e-25	108
CDF91410.1	CP097146.1	55.172	87	431	111	197	181438	181698	2.64e-25	107
CDF91410.1	CP097146.1	44.643	112	431	316	426	181915	182244	1.05e-19	90.9
CDF91411.1	CP097143.1	37.716	289	294	17	294	939519	940277	6.50e-57	196
CDF91412.1	CP097142.1	74.585	2050	2056	8	2055	100970	107104	0.0	3242
CDF91413.1	CP097142.1	41.522	289	267	8	266	99029	99877	1.99e-58	199
CDF91414.1	CP097142.1	75.795	409	444	36	440	97208	98434	0.0	662
CDF91415.1	CP097142.1	40.333	600	549	22	507	94811	96544	2.69e-90	302
CDF91416.1	CP097142.1	58.480	171	192	23	191	93548	93036	3.13e-69	226
CDF91417.1	CP097143.1	49.248	266	260	1	260	945234	944446	6.45e-76	249
CDF91418.1	CP097142.1	58.037	815	809	1	782	89066	86634	0.0	941
CDF91418.1	CP097147.1	27.937	698	809	115	739	267790	269766	1.60e-69	249
CDF91419.1	CP097143.1	57.394	568	545	1	540	946100	947788	0.0	617
CDF91420.1	CP097142.1	76.111	360	382	1	359	84984	86063	0.0	574
CDF91421.1	CP097143.1	57.360	394	388	1	388	949185	948007	3.98e-153	476
CDF91422.1	CP097143.1	59.540	1436	1425	1	1422	949518	953807	0.0	1724
CDF91422.1	CP097138.1	31.091	669	1425	563	1213	297043	295217	1.52e-77	283
CDF91422.1	CP097136.1	31.525	590	1425	598	1176	176817	178406	6.35e-75	275
CDF91422.1	CP097145.1	31.570	605	1425	593	1183	640921	639284	4.59e-69	256
CDF91422.1	CP097142.1	30.804	672	1425	587	1227	289268	291085	1.29e-66	248
CDF91422.1	CP097142.1	28.233	634	1425	598	1214	600378	602093	1.60e-64	242
CDF91423.1	CP097140.1	46.346	520	522	1	517	21485	23017	5.62e-159	499
CDF91424.1	CP097141.1	71.401	521	540	21	540	712297	713859	0.0	801
CDF91424.1	CP097143.1	30.853	551	540	14	538	145503	143926	9.14e-66	231
CDF91424.1	CP097143.1	27.063	521	540	53	540	15428	16942	1.67e-37	147
CDF91424.1	CP097138.1	21.469	531	540	15	538	987381	988907	3.82e-30	124
CDF91424.1	CP097135.1	25.000	300	540	59	357	600032	599142	1.40e-26	113
CDF91424.1	CP097135.1	25.000	300	540	59	357	583107	582217	1.40e-26	113
CDF91424.1	CP097140.1	23.858	394	540	14	383	16581	15424	2.83e-18	87.8
CDF91425.1	CP097142.1	91.083	157	175	19	175	83358	83828	2.32e-90	286
CDF91425.1	CP097135.1	33.908	174	175	1	157	1206522	1207031	2.15e-20	86.3
CDF91426.1	CP097142.1	56.238	537	537	11	536	81322	82908	0.0	571
CDF91426.1	CP097140.1	22.096	353	537	70	413	156024	156983	5.63e-18	86.7
CDF91427.1	CP097143.1	71.154	364	372	8	370	954868	955959	0.0	578
CDF91428.1	CP097143.1	71.028	107	137	21	127	956583	956263	5.16e-49	166
CDF91430.1	CP097143.1	43.569	1827	1893	10	1813	957008	962437	0.0	1521
CDF91431.1	CP097142.1	57.480	127	124	1	124	80817	80443	8.19e-38	133
CDF91432.1	CP097142.1	73.333	330	342	13	342	80126	79149	5.63e-143	445
CDF91432.1	CP097141.1	30.380	237	342	87	313	432348	433028	1.58e-12	67.4
CDF91433.1	CP097144.1	52.991	351	375	24	372	749177	748137	1.51e-120	382
CDF91433.1	CP097147.1	50.423	355	375	28	375	44840	43791	7.12e-111	355
CDF91434.1	CP097142.1	65.991	444	454	16	454	78859	77528	0.0	626
CDF91434.1	CP097140.1	44.903	412	454	22	429	191659	192807	6.47e-116	373
CDF91435.1	CP097143.1	46.081	421	421	1	418	964257	963016	2.22e-120	384
CDF91436.1	CP097143.1	37.519	661	653	32	651	964644	966599	4.32e-130	422
CDF91437.1	CP097142.1	35.623	393	387	1	363	76088	77230	7.36e-51	182
CDF91438.1	CP097142.1	79.000	200	200	1	200	75801	75202	8.89e-113	352
CDF91439.1	CP097144.1	58.586	594	608	7	591	161960	160203	0.0	703
CDF91440.1	CP097143.1	54.132	1319	1309	14	1301	968727	972578	0.0	1368
CDF91441.1	CP097143.1	47.119	295	322	31	322	973010	973894	1.81e-78	259
CDF91441.1	CP097135.1	32.700	263	322	68	316	261723	262490	1.91e-26	108
CDF91442.1	CP097144.1	50.857	175	170	3	170	159464	159985	8.50e-52	176
CDF91443.1	CP097143.1	48.452	646	614	13	614	974302	976218	0.0	585
CDF91444.1	CP097143.1	57.206	680	670	1	664	976561	978507	0.0	766
CDF91445.1	CP097143.1	60.110	2176	2151	12	2115	979320	985754	0.0	2615
CDF91445.1	CP097144.1	31.767	532	2151	1298	1817	399572	398292	9.26e-56	214
CDF91445.1	CP097142.1	30.019	533	2151	1299	1794	406758	405433	8.15e-41	165
CDF91445.1	CP097136.1	32.203	354	2151	1509	1817	534195	535193	3.21e-31	134
CDF91445.1	CP097139.1	30.225	311	2151	1526	1798	411301	410438	6.71e-23	106
CDF91446.1	CP097143.1	34.607	445	435	1	411	987487	986165	3.56e-71	243
CDF91447.1	CP097137.1	76.923	520	521	2	521	2815	1256	0.0	853
CDF91447.1	CP097139.1	76.731	520	521	2	521	520617	522176	0.0	853
CDF91447.1	CP097132.1	76.731	520	521	2	521	207920	209479	0.0	853
CDF91447.1	CP097140.1	76.346	520	521	2	521	2828	1269	0.0	849
CDF91447.1	CP097143.1	78.846	520	521	2	521	988352	989911	0.0	848
CDF91448.1	CP097144.1	65.041	615	582	4	580	154835	156628	0.0	810
CDF91448.1	CP097144.1	38.267	277	582	99	375	223394	222612	2.27e-59	213
CDF91448.1	CP097143.1	69.174	545	582	41	581	991716	990145	0.0	793
CDF91448.1	CP097135.1	38.488	291	582	91	380	226590	225775	3.81e-59	213
CDF91448.1	CP097135.1	38.488	291	582	91	380	130909	130094	9.10e-59	211
CDF91448.1	CP097135.1	38.267	277	582	99	375	1320302	1321084	6.09e-58	209
CDF91448.1	CP097135.1	35.693	339	582	54	387	375733	376650	1.55e-57	207
CDF91448.1	CP097135.1	38.163	283	582	95	374	622303	623097	9.65e-55	199
CDF91448.1	CP097145.1	39.649	285	582	98	372	680643	681476	2.53e-57	207
CDF91448.1	CP097147.1	37.736	265	582	111	375	203258	204004	3.92e-57	206
CDF91449.1	CP097143.1	58.128	203	200	3	200	992179	992772	1.46e-67	222
CDF91450.1	CP097143.1	29.395	347	1219	24	354	996818	995850	1.04e-19	94.7
CDF91451.1	CP097143.1	50.000	82	124	22	94	997712	997467	1.91e-14	67.0
CDF91452.1	CP097143.1	73.031	419	428	2	417	998308	999558	0.0	625
CDF91452.1	CP097146.1	29.426	418	428	12	417	33251	34447	1.70e-47	173
CDF91452.1	CP097145.1	25.054	467	428	6	417	728902	730281	2.12e-27	114
CDF91452.1	CP097138.1	25.290	431	428	27	420	535380	536648	2.16e-25	108
CDF91453.1	CP097144.1	56.639	1702	1637	21	1637	152844	147883	0.0	1777
CDF91454.1	CP097143.1	71.084	83	85	3	85	999973	999725	2.76e-37	130
CDF91456.1	CP097143.1	48.505	301	315	15	308	1000350	1001240	2.84e-92	298
CDF91457.1	CP097144.1	55.402	361	372	3	362	146541	147623	1.77e-131	414
CDF91458.1	CP097144.1	66.396	616	874	187	792	145713	143866	0.0	843
CDF91458.1	CP097139.1	41.495	535	874	252	782	156514	155036	3.21e-110	372
CDF91459.1	CP097143.1	33.287	718	687	1	668	1003516	1001429	5.32e-101	338
CDF91460.1	CP097144.1	49.206	252	305	1	246	143344	142598	9.22e-73	242
CDF91461.1	CP097143.1	87.843	255	254	1	254	1004727	1003963	3.14e-152	468
CDF91461.1	CP097144.1	87.843	255	254	1	254	141143	141907	3.79e-146	450
CDF91462.1	CP097144.1	80.882	204	221	17	220	140502	139891	3.96e-116	362
CDF91462.1	CP097144.1	27.841	176	221	13	181	250222	250731	5.61e-14	68.9
CDF91462.1	CP097146.1	27.746	173	221	10	180	460187	459687	3.70e-18	81.3
CDF91462.1	CP097137.1	28.313	166	221	23	187	112712	113188	2.88e-17	78.6
CDF91462.1	CP097137.1	25.843	178	221	27	199	37906	37403	3.15e-14	69.7
CDF91462.1	CP097143.1	26.108	203	221	7	204	654326	653757	5.39e-15	72.0
CDF91462.1	CP097143.1	27.647	170	221	27	184	596119	595622	5.71e-12	63.2
CDF91462.1	CP097145.1	25.749	167	221	23	187	450878	451378	2.90e-14	70.1
CDF91463.1	CP097144.1	59.307	693	997	372	997	137559	139619	0.0	803
CDF91463.1	CP097144.1	51.869	214	997	1	212	136878	137519	2.20e-64	237
CDF91463.1	CP097143.1	31.538	1021	997	1	997	1008068	1005144	1.53e-130	436
CDF91464.1	CP097143.1	47.357	454	412	1	412	1008442	1009785	4.85e-125	397
CDF91465.1	CP097144.1	46.814	361	358	1	351	136201	135119	8.14e-104	333
CDF91466.1	CP097144.1	60.920	348	354	7	349	134769	133732	6.16e-139	434
CDF91467.1	CP097143.1	54.717	53	168	114	166	1010484	1010642	5.05e-19	56.2
CDF91467.1	CP097143.1	31.776	107	168	14	109	1010072	1010389	5.05e-19	53.1
CDF91468.1	CP097144.1	45.356	463	460	5	460	132225	133607	3.23e-142	449
CDF91469.1	CP097144.1	80.961	562	556	1	556	130166	131821	0.0	935
CDF91470.1	CP097144.1	76.897	580	586	5	584	128148	129887	0.0	926
CDF91470.1	CP097141.1	45.591	601	586	13	584	21145	22872	1.57e-139	446
CDF91473.1	CP097143.1	40.639	438	418	1	417	1011041	1012333	2.33e-92	303
CDF91473.1	CP097137.1	27.869	244	418	19	252	229844	229146	3.42e-14	73.6
CDF91473.1	CP097138.1	24.926	337	418	16	329	31324	32286	2.23e-11	64.7
CDF91474.1	CP097147.1	34.653	101	192	94	192	222386	222682	6.26e-14	68.2
CDF91475.1	CP097143.1	84.638	345	345	1	345	1013719	1012685	0.0	613
CDF91476.1	CP097144.1	50.546	366	440	1	342	126255	125161	6.92e-106	343
CDF91476.1	CP097144.1	55.102	98	440	342	439	124731	124444	2.39e-26	111
CDF91477.1	CP097144.1	49.369	1426	1626	215	1625	123549	119422	0.0	1364
CDF91477.1	CP097146.1	27.790	457	1626	220	665	455584	454259	2.79e-50	196
CDF91477.1	CP097146.1	26.244	583	1626	793	1357	454063	452369	2.14e-46	183
CDF91477.1	CP097146.1	24.654	434	1626	559	967	453754	452534	1.48e-15	81.6
CDF91477.1	CP097145.1	27.594	453	1626	220	665	463562	464887	5.95e-50	194
CDF91477.1	CP097145.1	26.960	523	1626	850	1357	465248	466771	3.13e-41	166
CDF91478.1	CP097143.1	84.706	170	176	7	176	1015083	1015592	3.53e-87	277
CDF91478.1	CP097144.1	81.765	170	176	7	176	118420	117911	2.78e-85	271
CDF91479.1	CP097144.1	80.153	131	419	299	419	115177	114785	1.53e-63	220
CDF91479.1	CP097143.1	86.726	113	419	307	419	1017500	1017838	2.73e-62	216
CDF91479.1	CP097145.1	45.455	110	419	310	416	373202	372873	9.42e-20	90.9
CDF91479.1	CP097135.1	47.368	114	419	313	419	1464787	1465116	2.68e-19	89.4
CDF91480.1	CP097144.1	63.491	1060	1045	1	1045	113588	110427	0.0	1375
CDF91480.1	CP097143.1	59.579	1044	1045	1	1030	1018456	1021566	0.0	1281
CDF91481.1	CP097144.1	41.641	963	904	16	904	110022	107206	0.0	687
CDF91482.1	CP097144.1	81.132	159	159	1	159	106555	107031	3.53e-88	279
CDF91483.1	CP097141.1	52.163	416	368	1	368	648643	647420	8.08e-120	380
CDF91483.1	CP097135.1	39.161	143	368	15	157	173794	174219	9.49e-24	102
CDF91483.1	CP097143.1	35.664	143	368	15	157	551174	551599	2.61e-20	91.7
CDF91484.1	CP097144.1	81.319	182	182	1	182	105691	106236	4.67e-101	317
CDF91484.1	CP097135.1	64.088	181	182	2	182	787679	787140	1.60e-74	241
CDF91484.1	CP097135.1	54.386	171	182	14	182	1068129	1067617	2.70e-53	180
CDF91484.1	CP097143.1	56.725	171	182	23	182	569801	569289	2.08e-53	181
CDF91484.1	CP097139.1	52.121	165	182	20	181	204241	203747	3.92e-44	154
CDF91484.1	CP097141.1	38.947	190	182	24	180	483943	484509	1.49e-30	115
CDF91485.1	CP097141.1	52.933	750	787	39	787	651186	648937	0.0	824
CDF91485.1	CP097146.1	21.362	749	787	65	775	780040	778046	1.23e-12	70.5
CDF91485.1	CP097147.1	22.145	429	787	124	536	211796	210639	4.20e-12	68.9
CDF91486.1	CP097144.1	61.502	213	219	6	218	104927	105523	1.05e-82	266
CDF91487.1	CP097144.1	71.499	407	408	4	403	103522	104739	0.0	621
CDF91487.1	CP097143.1	31.933	238	408	18	248	926953	927636	2.15e-28	116
CDF91488.1	CP097144.1	47.407	810	1150	351	1144	100817	103177	0.0	752
CDF91488.1	CP097144.1	54.448	281	1150	44	281	99542	100369	2.92e-78	283
CDF91488.1	CP097144.1	39.785	93	1150	46	129	327728	327450	1.65e-11	67.8
CDF91488.1	CP097141.1	49.674	614	1150	544	1150	653452	651611	0.0	676
CDF91488.1	CP097141.1	46.479	284	1150	57	281	655345	654521	2.10e-59	223
CDF91488.1	CP097135.1	34.328	201	1150	71	262	902081	902608	8.44e-22	101
CDF91488.1	CP097142.1	43.750	80	1150	58	127	324566	324805	3.90e-12	69.7
CDF91488.1	CP097138.1	49.231	65	1150	73	135	103893	104084	2.89e-11	67.0
CDF91490.1	CP097141.1	33.041	342	301	3	291	657687	656689	4.74e-47	167
CDF91492.1	CP097145.1	37.500	120	136	11	113	375661	375302	2.65e-16	72.8
CDF91493.1	CP097139.1	51.786	504	729	23	509	342135	343535	3.01e-137	446
CDF91494.1	CP097145.1	81.025	1054	1055	1	1053	376296	379454	0.0	1767
CDF91495.1	CP097145.1	61.053	95	145	46	140	379904	380188	6.91e-27	103
CDF91496.1	CP097145.1	58.730	378	395	16	393	381669	380542	2.39e-156	486
CDF91496.1	CP097139.1	57.520	379	395	17	395	340450	341574	6.39e-150	468
CDF91497.1	CP097139.1	67.686	229	226	1	223	339121	339807	2.91e-94	300
CDF91498.1	CP097145.1	62.069	232	238	3	232	382466	383161	2.76e-93	298
CDF91499.1	CP097145.1	39.151	424	408	10	408	383384	384634	2.34e-94	308
CDF91500.1	CP097139.1	61.702	188	188	1	188	338252	338812	6.81e-76	245
CDF91501.1	CP097145.1	52.746	965	933	1	933	384961	387819	0.0	957
CDF91502.1	CP097145.1	47.442	860	846	1	845	388201	390735	0.0	764
CDF91503.1	CP097145.1	61.400	500	579	82	578	392613	391126	0.0	644
CDF91503.1	CP097142.1	30.734	436	579	137	561	6592	7830	5.28e-53	194
CDF91503.1	CP097146.1	21.519	553	579	6	527	860754	859198	7.40e-23	102
CDF91503.1	CP097146.1	22.561	328	579	116	434	70513	69554	2.47e-17	85.1
CDF91504.1	CP097145.1	42.152	446	548	5	385	393875	395155	1.52e-72	251
CDF91505.1	CP097139.1	60.165	969	997	38	997	335091	337946	0.0	1194
CDF91505.1	CP097146.1	29.103	591	997	428	993	116911	118521	2.39e-50	193
CDF91505.1	CP097134.1	31.786	280	997	723	992	276668	275874	7.11e-35	144
CDF91505.1	CP097135.1	29.674	337	997	686	995	185931	186923	1.75e-29	126
CDF91505.1	CP097135.1	37.264	212	997	784	993	666120	665503	2.48e-29	125
CDF91505.1	CP097137.1	30.928	194	997	733	924	117790	117236	2.20e-18	90.1
CDF91506.1	CP097139.1	49.041	1095	1003	1	1003	331539	334778	0.0	949
CDF91506.1	CP097141.1	33.103	145	1003	858	1002	108742	108314	1.18e-16	84.3
CDF91507.1	CP097139.1	48.402	438	416	1	412	331124	329832	3.82e-131	415
CDF91508.1	CP097145.1	63.889	72	92	21	92	399218	399003	1.09e-24	94.7
CDF91509.1	CP097145.1	62.581	620	601	7	601	401531	399681	0.0	753
CDF91509.1	CP097139.1	51.719	640	601	1	601	327841	329760	0.0	627
CDF91510.1	CP097139.1	62.766	94	113	20	113	327331	327612	1.59e-38	135
CDF91511.1	CP097145.1	37.549	506	459	6	458	402039	403502	1.10e-94	311
CDF91512.1	CP097145.1	40.403	943	782	1	780	406554	403852	3.57e-175	558
CDF91514.1	CP097145.1	80.505	554	554	1	554	407348	409009	0.0	964
CDF91514.1	CP097140.1	77.798	554	554	1	554	392383	390722	0.0	928
CDF91515.1	CP097145.1	55.470	521	569	56	566	409456	410883	8.15e-168	527
CDF91515.1	CP097139.1	72.364	275	569	265	536	326539	325715	2.02e-142	454
CDF91516.1	CP097145.1	59.646	622	637	51	633	412967	411132	0.0	716
CDF91517.1	CP097139.1	53.344	643	641	1	641	323580	325478	0.0	697
CDF91518.1	CP097146.1	59.533	257	262	9	261	508750	507980	6.90e-95	303
CDF91519.1	CP097146.1	35.662	272	244	1	234	506882	507697	2.95e-42	151
CDF91520.1	CP097146.1	73.729	236	842	409	641	504946	505653	6.32e-120	399
CDF91520.1	CP097146.1	38.176	296	842	73	332	503587	504330	5.54e-28	120
CDF91520.1	CP097141.1	34.932	146	842	449	594	335488	335072	1.21e-20	97.1
CDF91520.1	CP097141.1	31.447	159	842	467	619	335533	335063	7.78e-19	90.9
CDF91520.1	CP097145.1	40.476	84	842	512	588	579248	578997	6.04e-13	71.6
CDF91520.1	CP097145.1	37.209	86	842	486	562	579242	578985	1.05e-12	70.9
CDF91520.1	CP097147.1	35.294	119	842	482	597	892976	892626	3.14e-12	69.3
CDF91520.1	CP097138.1	36.190	105	842	450	552	443005	442739	5.32e-11	65.5
CDF91521.1	CP097145.1	66.304	92	133	33	119	413881	414150	2.23e-32	118
CDF91521.1	CP097145.1	71.795	39	133	95	133	414068	414184	1.14e-13	65.1
CDF91522.1	CP097145.1	82.339	419	546	3	420	414641	415897	0.0	731
CDF91522.1	CP097145.1	87.500	72	546	421	492	416885	417100	4.90e-33	133
CDF91522.1	CP097145.1	25.114	438	546	96	467	690690	691970	1.06e-26	114
CDF91522.1	CP097147.1	42.424	462	546	101	544	319750	318380	1.07e-105	347
CDF91522.1	CP097146.1	42.619	420	546	101	506	693041	694288	2.46e-101	334
CDF91522.1	CP097146.1	31.452	372	546	110	464	384290	383235	5.64e-50	184
CDF91522.1	CP097138.1	41.629	442	546	68	501	374621	373317	1.91e-100	332
CDF91522.1	CP097138.1	32.093	430	546	86	493	190101	191354	4.10e-54	196
CDF91522.1	CP097138.1	23.678	397	546	153	477	395683	394505	3.31e-21	97.1
CDF91522.1	CP097133.1	35.639	477	546	66	517	672266	673693	7.91e-88	295
CDF91522.1	CP097133.1	29.372	446	546	85	456	508879	510180	7.49e-39	151
CDF91523.1	CP097146.1	49.077	758	767	1	739	500849	503041	0.0	655
CDF91524.1	CP097145.1	48.780	123	125	1	123	418274	417918	1.99e-36	129
CDF91524.1	CP097144.1	45.000	80	125	3	77	782897	782658	4.27e-15	68.9
CDF91524.1	CP097144.1	40.260	77	125	9	79	161684	161457	1.87e-11	58.5
CDF91525.1	CP097145.1	59.649	171	211	49	211	419313	418801	7.38e-67	221
CDF91526.1	CP097146.1	54.378	217	226	5	216	499800	500447	1.30e-71	235
CDF91527.1	CP097146.1	54.483	435	399	1	399	498282	499586	5.64e-154	479
CDF91527.1	CP097145.1	62.921	267	399	1	267	420798	420004	9.79e-114	364
CDF91528.1	CP097145.1	70.561	214	216	13	215	421085	421726	1.84e-102	323
CDF91529.1	CP097146.1	66.604	1066	1334	1	1063	494619	497744	0.0	1469
CDF91529.1	CP097146.1	27.796	313	1334	581	856	174330	173443	8.48e-15	79.0
CDF91529.1	CP097145.1	61.259	1128	1334	1	1094	425467	422153	0.0	1431
CDF91529.1	CP097145.1	26.575	508	1334	61	530	31568	30147	3.00e-35	145
CDF91529.1	CP097140.1	32.262	902	1334	11	877	330613	328115	6.54e-134	455
CDF91529.1	CP097142.1	33.253	415	1334	145	539	35174	36358	3.94e-53	204
CDF91530.1	CP097145.1	76.578	602	610	1	601	427726	425921	0.0	1007
CDF91530.1	CP097146.1	73.754	602	610	1	601	492368	494173	0.0	971
CDF91531.1	CP097146.1	27.737	137	270	30	161	490829	491224	1.93e-13	68.9
CDF91532.1	CP097145.1	40.214	373	645	63	414	428943	429914	9.25e-60	216
CDF91532.1	CP097145.1	66.667	54	645	577	630	430554	430715	4.08e-16	81.3
CDF91533.1	CP097146.1	47.959	294	283	1	283	488467	489315	2.48e-64	217
CDF91534.1	CP097145.1	65.294	1481	1442	1	1438	431061	435458	0.0	1902
CDF91534.1	CP097135.1	26.054	664	1442	579	1200	284009	285811	1.95e-38	156
CDF91534.1	CP097147.1	24.883	426	1442	819	1200	228164	226950	7.09e-18	89.0
CDF91535.1	CP097145.1	59.629	701	710	15	708	436036	438105	0.0	798
CDF91535.1	CP097142.1	39.399	632	710	126	707	172661	174382	6.88e-118	389
CDF91535.1	CP097141.1	22.807	399	710	279	670	441883	443010	9.28e-16	80.5
CDF91536.1	CP097145.1	33.921	227	229	3	226	438596	439273	6.39e-36	132
CDF91537.1	CP097146.1	52.695	167	212	1	159	486988	487488	8.55e-55	186
CDF91538.1	CP097145.1	86.735	196	223	25	220	440131	439544	4.09e-116	362
CDF91538.1	CP097145.1	33.333	192	223	17	205	585761	585204	4.13e-24	98.6
CDF91538.1	CP097145.1	32.370	173	223	48	214	518101	518592	4.59e-21	89.7
CDF91539.1	CP097146.1	56.391	133	131	1	131	486198	485800	2.70e-44	152
CDF91540.1	CP097145.1	59.502	321	288	1	287	441545	440583	3.61e-103	328
CDF91540.1	CP097145.1	30.061	163	288	12	167	450881	451366	7.52e-16	76.3
CDF91540.1	CP097145.1	26.994	163	288	8	130	301623	301135	6.27e-13	67.8
CDF91540.1	CP097145.1	29.412	187	288	12	177	457563	458096	3.60e-12	65.5
CDF91540.1	CP097146.1	58.333	312	288	1	283	484594	485502	6.03e-96	308
CDF91540.1	CP097146.1	29.817	218	288	6	219	460172	459525	1.36e-22	96.3
CDF91540.1	CP097146.1	27.545	167	288	4	169	651485	650997	6.02e-16	76.6
CDF91540.1	CP097138.1	54.438	169	288	8	174	782581	782075	7.56e-56	192
CDF91540.1	CP097138.1	32.704	159	288	11	168	101824	102297	3.02e-18	83.6
CDF91540.1	CP097137.1	37.805	164	288	11	173	37918	37430	5.21e-28	112
CDF91540.1	CP097137.1	34.756	164	288	12	174	112715	113200	3.33e-25	103
CDF91540.1	CP097143.1	36.145	166	288	1	164	654308	653811	3.16e-26	107
CDF91540.1	CP097143.1	33.121	157	288	12	154	596128	595664	1.74e-16	78.2
CDF91540.1	CP097143.1	28.125	160	288	11	169	713081	712614	2.75e-15	74.7
CDF91541.1	CP097145.1	54.706	340	301	1	299	443336	442350	2.34e-110	350
CDF91541.1	CP097139.1	38.298	94	301	222	297	269603	269322	8.67e-18	82.4
CDF91541.1	CP097146.1	39.024	82	301	217	297	414980	414753	7.19e-15	73.9
CDF91542.1	CP097146.1	58.882	304	328	27	319	483560	482658	1.36e-113	360
CDF91542.1	CP097146.1	30.526	285	328	46	317	540060	539242	1.33e-29	118
CDF91542.1	CP097146.1	26.241	282	328	45	302	728109	728909	7.54e-12	65.1
CDF91542.1	CP097147.1	31.046	306	328	29	318	661377	662243	3.93e-35	134
CDF91542.1	CP097147.1	28.571	287	328	42	313	589319	588489	1.47e-16	79.3
CDF91542.1	CP097147.1	29.508	183	328	148	308	571523	570975	1.71e-14	73.2
CDF91542.1	CP097147.1	28.061	196	328	42	228	589037	588459	5.00e-14	71.6
CDF91542.1	CP097147.1	22.619	336	328	20	319	571601	570633	9.03e-12	64.7
CDF91542.1	CP097133.1	29.464	336	328	8	318	429745	430725	3.80e-34	131
CDF91542.1	CP097141.1	26.298	289	328	41	318	171311	172141	7.89e-23	98.2
CDF91542.1	CP097141.1	25.959	339	328	12	319	602111	603106	2.18e-17	82.0
CDF91542.1	CP097141.1	25.830	271	328	87	327	171068	171868	4.09e-12	65.9
CDF91542.1	CP097142.1	28.328	293	328	43	319	532817	531987	2.39e-18	84.7
CDF91543.1	CP097146.1	66.048	377	384	9	381	481215	482345	7.84e-176	541
CDF91543.1	CP097135.1	59.190	321	384	60	380	1405408	1406367	3.00e-134	422
CDF91543.1	CP097133.1	57.680	319	384	58	375	613957	614913	1.88e-129	408
CDF91543.1	CP097133.1	42.581	310	384	60	357	599384	600307	3.30e-80	267
CDF91543.1	CP097142.1	44.509	346	384	37	365	557297	558334	7.00e-95	309
CDF91543.1	CP097141.1	45.373	335	384	39	354	163402	162398	1.96e-93	305
CDF91544.1	CP097146.1	26.619	1112	847	8	846	480478	477296	1.32e-44	174
CDF91544.1	CP097141.1	34.392	378	847	307	604	371027	372082	1.33e-23	106
CDF91544.1	CP097141.1	33.951	324	847	308	547	371288	372181	3.79e-21	98.6
CDF91546.1	CP097146.1	93.662	142	189	48	189	475685	476110	1.35e-85	273
CDF91546.1	CP097146.1	88.889	45	189	4	48	475158	475292	1.07e-18	81.6
CDF91546.1	CP097145.1	88.732	142	189	48	189	444800	444375	7.20e-83	265
CDF91546.1	CP097145.1	74.468	47	189	2	48	445283	445143	1.18e-15	72.8
CDF91547.1	CP097146.1	65.748	254	282	26	279	473665	472904	1.08e-109	347
CDF91548.1	CP097146.1	84.358	179	181	1	179	472144	472680	2.60e-102	321
CDF91548.1	CP097135.1	52.542	177	181	1	177	222569	223096	8.54e-60	199
CDF91548.1	CP097135.1	50.847	177	181	1	177	122478	123005	1.59e-58	195
CDF91548.1	CP097133.1	52.000	175	181	1	174	548546	548025	9.59e-58	193
CDF91548.1	CP097147.1	36.970	165	181	20	174	447271	447759	7.59e-30	113
CDF91548.1	CP097147.1	33.533	167	181	19	175	133177	133665	2.22e-25	100
CDF91548.1	CP097144.1	38.017	121	181	16	130	516819	517181	9.71e-20	84.3
CDF91549.1	CP097146.1	57.572	1697	1642	6	1640	471798	466867	0.0	1958
CDF91550.1	CP097146.1	55.954	613	578	3	577	464483	466309	0.0	663
CDF91550.1	CP097145.1	50.391	639	578	3	577	447805	445892	0.0	625
CDF91550.1	CP097143.1	34.718	602	578	1	577	424720	422996	6.62e-91	305
CDF91551.1	CP097133.1	67.660	235	225	2	225	138130	138834	3.48e-102	323
CDF91552.1	CP097133.1	71.105	353	352	1	352	403847	404905	1.66e-173	533
CDF91552.1	CP097141.1	33.333	243	352	4	241	560127	560765	5.20e-34	131
CDF91552.1	CP097146.1	29.583	240	352	4	239	111047	110445	2.12e-21	94.4
CDF91552.1	CP097145.1	28.151	238	352	4	239	86763	87362	3.85e-21	93.6
CDF91553.1	CP097133.1	59.693	1042	1035	1	1034	139161	142232	0.0	1259
CDF91554.1	CP097133.1	65.251	259	274	22	274	143178	142408	4.26e-109	345
CDF91555.1	CP097133.1	39.139	534	1746	421	939	402935	401358	3.00e-111	394
CDF91556.1	CP097133.1	56.719	707	656	1	653	145569	143464	0.0	812
CDF91557.1	CP097133.1	35.234	1561	1462	8	1429	150289	145916	0.0	731
CDF91558.1	CP097133.1	73.750	80	84	2	81	399242	399003	1.08e-33	119
CDF91559.1	CP097133.1	77.816	293	304	10	300	151566	150688	7.49e-159	489
CDF91560.1	CP097133.1	49.304	359	420	56	401	152240	153265	6.48e-101	328
CDF91561.1	CP097133.1	85.284	299	307	9	307	155900	155004	8.63e-175	535
CDF91561.1	CP097133.1	80.130	307	307	1	307	396071	396991	3.12e-169	519
CDF91561.1	CP097144.1	77.049	305	307	1	303	359434	358520	2.61e-157	484
CDF91561.1	CP097147.1	30.464	302	307	7	290	571550	570672	1.54e-29	117
CDF91561.1	CP097147.1	22.456	285	307	13	289	589325	588513	4.39e-17	80.5
CDF91561.1	CP097147.1	22.078	308	307	12	305	293391	292495	2.78e-16	78.2
CDF91561.1	CP097139.1	26.230	305	307	17	278	92795	93676	6.16e-23	97.8
CDF91561.1	CP097142.1	29.078	282	307	15	283	217643	218452	1.88e-21	93.6
CDF91562.1	CP097133.1	66.667	81	103	4	84	156726	156484	6.86e-36	127
CDF91563.1	CP097133.1	68.932	103	338	227	329	158898	159206	6.66e-45	163
CDF91564.1	CP097133.1	50.000	106	97	1	97	159791	159474	5.10e-21	84.3
CDF91565.1	CP097133.1	87.166	187	188	2	188	394837	394277	8.28e-90	285
CDF91565.1	CP097133.1	87.166	187	188	2	188	160768	161328	1.05e-89	285
CDF91567.1	CP097133.1	72.727	946	954	12	954	391226	394063	0.0	1423
CDF91567.1	CP097138.1	68.254	945	954	18	954	881121	883949	0.0	1274
CDF91567.1	CP097142.1	26.074	326	954	18	299	589892	590800	3.90e-14	75.9
CDF91568.1	CP097133.1	39.394	264	560	170	433	389641	390336	2.04e-47	177
CDF91569.1	CP097135.1	56.214	1046	1002	3	1002	561948	564992	0.0	1060
CDF91570.1	CP097133.1	95.489	133	147	15	147	387115	386717	6.78e-84	266
CDF91570.1	CP097135.1	73.864	176	147	2	147	561045	560518	2.70e-81	259
CDF91570.1	CP097135.1	48.551	138	147	9	146	655316	655729	1.20e-38	137
CDF91570.1	CP097135.1	44.138	145	147	4	146	835498	835932	6.01e-38	135
CDF91570.1	CP097135.1	34.532	139	147	15	146	343648	344064	1.46e-22	91.3
CDF91570.1	CP097135.1	32.667	150	147	3	139	553574	553125	2.23e-20	84.7
CDF91570.1	CP097138.1	39.007	141	147	4	144	406968	407390	1.24e-34	125
CDF91570.1	CP097138.1	33.987	153	147	3	139	743892	744350	4.95e-17	75.5
CDF91570.1	CP097146.1	41.912	136	147	4	138	928144	927737	1.18e-30	114
CDF91570.1	CP097144.1	37.333	150	147	4	139	301743	302192	1.65e-30	114
CDF91571.1	CP097133.1	52.600	1346	1267	1	1267	385337	381342	0.0	1272
CDF91572.1	CP097135.1	38.191	398	548	12	387	557247	558413	2.69e-82	279
CDF91573.1	CP097135.1	37.838	185	200	10	186	556888	556340	1.17e-30	116
CDF91574.1	CP097133.1	82.283	762	761	1	761	380982	378703	0.0	1316
CDF91574.1	CP097135.1	32.258	403	761	244	632	244022	242892	2.79e-43	168
CDF91574.1	CP097135.1	37.374	297	761	263	555	243149	242307	8.63e-43	167
CDF91574.1	CP097135.1	33.333	264	761	225	479	1245888	1246631	4.89e-26	114
CDF91574.1	CP097135.1	30.556	144	761	244	386	443718	444119	2.48e-19	65.9
CDF91574.1	CP097135.1	31.579	95	761	385	479	444113	444385	2.48e-19	47.8
CDF91574.1	CP097143.1	31.920	401	761	243	632	911214	910087	1.72e-39	157
CDF91574.1	CP097143.1	39.726	219	761	271	485	910320	909718	5.18e-35	142
CDF91574.1	CP097143.1	40.625	224	761	258	479	56972	56340	1.02e-34	141
CDF91574.1	CP097143.1	27.373	453	761	244	633	57995	56697	1.44e-30	128
CDF91574.1	CP097145.1	36.803	269	761	273	520	20838	20071	5.27e-39	155
CDF91574.1	CP097138.1	33.136	338	761	239	564	1003430	1004371	1.52e-38	154
CDF91574.1	CP097138.1	34.583	240	761	244	479	420794	420126	1.49e-31	131
CDF91574.1	CP097138.1	28.425	292	761	231	510	546269	547081	3.64e-17	85.1
CDF91575.1	CP097133.1	58.147	939	1020	1	928	378364	375629	0.0	1082
CDF91576.1	CP097133.1	58.308	331	452	32	362	373633	374622	6.98e-116	372
CDF91576.1	CP097135.1	55.307	358	452	36	375	554916	555986	1.09e-110	357
CDF91576.1	CP097135.1	30.458	371	452	50	411	1469233	1468133	2.43e-40	153
CDF91576.1	CP097134.1	29.661	354	452	50	392	42278	43336	1.84e-39	150
CDF91577.1	CP097135.1	29.026	503	572	91	567	953767	955194	4.28e-47	176
CDF91578.1	CP097135.1	78.378	296	272	1	271	553607	552729	4.55e-143	442
CDF91578.1	CP097135.1	35.772	123	272	39	161	560871	560542	1.76e-17	80.9
CDF91578.1	CP097135.1	28.800	125	272	42	166	343717	344058	4.47e-16	76.6
CDF91578.1	CP097135.1	37.255	102	272	51	152	655412	655681	1.37e-15	75.1
CDF91578.1	CP097135.1	28.986	138	272	27	162	835537	835914	2.91e-14	71.2
CDF91578.1	CP097144.1	41.975	162	272	7	167	301734	302210	5.55e-37	137
CDF91578.1	CP097138.1	40.000	130	272	38	167	407043	407393	1.05e-24	102
CDF91578.1	CP097146.1	33.803	142	272	19	160	928114	927737	8.85e-20	87.8
CDF91578.1	CP097133.1	36.441	118	272	39	156	387070	386756	1.81e-16	77.8
CDF91579.1	CP097133.1	51.235	162	158	1	157	372361	371882	4.84e-46	159
CDF91580.1	CP097135.1	56.983	537	565	1	462	551883	550276	0.0	592
CDF91580.1	CP097135.1	68.333	60	565	506	565	549966	549790	9.83e-20	92.4
CDF91583.1	CP097133.1	45.594	976	944	6	944	366374	369283	0.0	852
CDF91584.1	CP097135.1	78.333	360	367	8	367	543143	544222	0.0	610
CDF91585.1	CP097135.1	50.549	637	636	4	635	544566	546422	0.0	645
CDF91586.1	CP097133.1	59.002	922	915	1	909	363283	366036	0.0	1099
CDF91586.1	CP097133.1	29.124	491	915	292	776	690590	689253	5.81e-51	194
CDF91586.1	CP097133.1	34.177	158	915	609	766	449168	449632	4.17e-20	95.5
CDF91586.1	CP097133.1	28.866	194	915	298	476	447953	448447	2.29e-13	73.2
CDF91586.1	CP097138.1	38.658	626	915	235	818	203045	201252	1.11e-113	384
CDF91586.1	CP097138.1	37.584	149	915	620	768	235034	234594	1.15e-25	113
CDF91586.1	CP097138.1	25.382	327	915	292	596	236765	235872	8.56e-20	94.4
CDF91586.1	CP097141.1	31.949	554	915	298	808	491179	492732	7.96e-68	246
CDF91586.1	CP097146.1	30.020	493	915	288	768	854421	855746	1.04e-59	221
CDF91586.1	CP097146.1	29.960	504	915	296	784	827254	825863	3.32e-54	204
CDF91586.1	CP097146.1	26.590	173	915	601	766	666114	666632	1.19e-14	77.4
CDF91586.1	CP097147.1	30.697	531	915	300	791	394123	392588	1.31e-56	212
CDF91588.1	CP097133.1	51.282	234	218	2	217	360013	359312	1.99e-70	231
CDF91589.1	CP097135.1	83.468	248	248	1	248	547748	547005	4.02e-139	429
CDF91590.1	CP097135.1	65.017	303	310	24	309	549270	548362	2.17e-127	399
CDF91592.1	CP097135.1	58.211	615	613	2	613	541830	540043	0.0	766
CDF91592.1	CP097135.1	43.082	636	613	20	613	1452625	1450748	2.10e-177	557
CDF91592.1	CP097135.1	21.903	557	613	5	494	795373	796998	8.67e-35	140
CDF91592.1	CP097133.1	58.671	617	613	6	613	355750	353948	0.0	751
CDF91592.1	CP097133.1	42.974	612	613	22	613	358435	356663	7.46e-155	492
CDF91592.1	CP097133.1	23.239	568	613	5	563	481544	479901	7.31e-42	161
CDF91592.1	CP097134.1	46.048	582	613	61	613	77565	75832	1.70e-179	563
CDF91592.1	CP097142.1	39.855	552	613	66	613	514995	516632	1.52e-129	419
CDF91592.1	CP097138.1	40.146	548	613	66	613	855820	857427	1.32e-126	410
CDF91593.1	CP097138.1	65.103	341	340	4	340	804341	805363	1.07e-151	470
CDF91594.1	CP097141.1	51.830	519	662	168	661	407876	409429	7.88e-163	517
CDF91595.1	CP097141.1	37.684	475	529	52	504	410189	411559	2.01e-101	334
CDF91596.1	CP097141.1	89.326	534	538	5	538	412048	413649	0.0	990
CDF91596.1	CP097141.1	30.185	540	538	1	532	212625	214199	1.48e-78	268
CDF91596.1	CP097141.1	31.015	532	538	15	533	548428	549993	3.86e-77	264
CDF91596.1	CP097141.1	30.114	528	538	26	531	426072	424522	3.36e-53	194
CDF91596.1	CP097135.1	30.224	536	538	17	532	894035	895621	2.88e-68	238
CDF91596.1	CP097135.1	28.625	538	538	1	530	206057	207628	3.64e-66	232
CDF91596.1	CP097135.1	28.893	533	538	28	535	855094	856644	1.59e-57	206
CDF91596.1	CP097140.1	27.481	524	538	15	531	67323	68837	4.15e-54	196
CDF91596.1	CP097137.1	27.919	197	538	207	398	162410	162976	1.22e-13	72.8
CDF91597.1	CP097138.1	43.886	1055	1020	33	1019	850261	847289	0.0	787
CDF91597.1	CP097141.1	36.331	278	1020	117	382	415156	414344	8.13e-42	166
CDF91597.1	CP097141.1	52.941	119	1020	10	128	415478	415122	7.04e-37	150
CDF91598.1	CP097141.1	77.809	721	714	1	714	417891	415735	0.0	1139
CDF91598.1	CP097137.1	30.012	803	714	1	709	114129	116477	5.09e-84	290
CDF91598.1	CP097147.1	33.040	569	714	1	490	504273	502588	1.69e-74	262
CDF91598.1	CP097136.1	33.333	174	714	543	709	299225	299731	1.36e-15	80.1
CDF91599.1	CP097141.1	47.656	128	150	34	149	419166	418783	7.32e-36	125
CDF91599.1	CP097141.1	69.231	26	150	1	26	419260	419183	7.32e-36	40.0
CDF91600.1	CP097138.1	71.863	263	466	32	294	853274	852486	1.22e-129	413
CDF91600.1	CP097143.1	37.500	168	466	96	249	563969	563466	2.75e-29	120
CDF91600.1	CP097136.1	30.769	234	466	96	308	74705	75391	1.23e-19	91.3
CDF91602.1	CP097138.1	79.623	530	568	39	568	855838	857427	0.0	848
CDF91602.1	CP097142.1	55.327	535	568	37	568	515034	516632	1.47e-180	564
CDF91602.1	CP097133.1	44.405	563	568	14	568	355627	353948	3.59e-151	479
CDF91602.1	CP097133.1	38.591	596	568	16	568	358432	356663	4.98e-132	424
CDF91602.1	CP097133.1	28.648	562	568	5	550	481433	479808	3.03e-54	197
CDF91602.1	CP097135.1	42.266	556	568	17	568	1452412	1450748	7.19e-149	473
CDF91602.1	CP097135.1	42.230	547	568	24	568	541647	540043	1.70e-145	463
CDF91602.1	CP097135.1	25.734	579	568	50	544	795613	797292	3.97e-52	191
CDF91602.1	CP097134.1	42.667	525	568	45	568	77403	75832	2.06e-146	466
CDF91604.1	CP097141.1	89.003	291	304	1	291	455532	456404	4.47e-178	544
CDF91605.1	CP097141.1	60.294	340	332	1	331	456942	457952	1.91e-141	440
CDF91607.1	CP097136.1	81.461	178	181	4	181	163333	162800	3.92e-100	315
CDF91608.1	CP097136.1	33.918	513	498	1	497	161087	162616	1.18e-84	284
CDF91609.1	CP097136.1	69.943	529	525	1	524	159283	160842	0.0	749
CDF91609.1	CP097145.1	29.756	205	525	257	461	716314	715766	1.23e-18	88.6
CDF91610.1	CP097136.1	55.860	657	642	1	642	157113	158999	0.0	739
CDF91610.1	CP097136.1	26.593	455	642	8	448	70291	71526	4.32e-34	138
CDF91611.1	CP097136.1	51.304	230	225	1	224	156140	156817	9.68e-64	212
CDF91612.1	CP097136.1	73.995	423	432	10	432	155566	154298	0.0	661
CDF91613.1	CP097136.1	60.965	228	226	1	225	153362	154045	1.11e-79	258
CDF91614.1	CP097140.1	47.264	201	305	47	237	334017	333454	1.83e-46	166
CDF91615.1	CP097136.1	36.522	230	228	1	224	147538	146858	3.93e-41	147
CDF91616.1	CP097140.1	54.951	515	517	1	515	331164	332681	0.0	577
CDF91617.1	CP097140.1	65.364	947	934	1	934	330640	327803	0.0	1313
CDF91617.1	CP097145.1	32.616	929	934	1	832	425467	422759	1.98e-146	480
CDF91617.1	CP097145.1	21.946	483	934	26	449	31748	30387	2.01e-13	73.6
CDF91617.1	CP097146.1	33.775	906	934	1	832	494619	497252	1.56e-145	478
CDF91617.1	CP097146.1	27.576	330	934	521	811	174393	173443	3.53e-20	95.5
CDF91617.1	CP097142.1	24.611	386	934	108	465	35081	36151	5.01e-16	82.0
CDF91619.1	CP097136.1	52.582	426	425	5	424	146550	145285	7.67e-145	454
CDF91620.1	CP097136.1	66.346	104	111	7	110	144842	145153	1.51e-43	149
CDF91621.1	CP097136.1	29.885	261	236	8	233	143285	142512	4.05e-30	116
CDF91622.1	CP097140.1	73.664	262	282	11	272	326348	327127	4.45e-130	405
CDF91622.1	CP097138.1	46.691	272	282	10	277	355784	355002	9.33e-71	235
CDF91623.1	CP097140.1	59.542	131	139	11	138	325537	325145	1.29e-45	156
CDF91624.1	CP097140.1	37.752	694	695	3	692	322909	324975	4.73e-161	513
CDF91625.1	CP097140.1	64.067	359	366	4	349	321321	322373	1.63e-143	448
CDF91625.1	CP097140.1	32.268	313	366	55	341	81420	82316	6.21e-37	140
CDF91625.1	CP097136.1	60.194	309	366	41	344	140959	141885	3.94e-122	387
CDF91625.1	CP097133.1	29.739	306	366	67	335	587937	588845	6.04e-34	132
CDF91625.1	CP097133.1	24.340	341	366	17	335	429748	430707	2.45e-19	88.6
CDF91625.1	CP097133.1	24.199	281	366	58	329	155870	155055	7.23e-15	75.1
CDF91625.1	CP097133.1	23.427	286	366	56	335	764202	763375	4.87e-13	69.3
CDF91625.1	CP097133.1	27.225	191	366	57	236	396434	396967	1.41e-12	67.8
CDF91625.1	CP097147.1	25.890	309	366	58	365	589307	588402	6.30e-29	117
CDF91625.1	CP097147.1	28.289	304	366	50	335	571544	570654	5.72e-28	114
CDF91625.1	CP097147.1	27.491	291	366	57	334	293373	292540	1.02e-19	89.7
CDF91625.1	CP097147.1	25.589	297	366	55	324	816690	817535	9.08e-17	80.9
CDF91625.1	CP097147.1	24.771	327	366	17	337	661326	662231	1.43e-16	80.1
CDF91625.1	CP097147.1	34.884	172	366	56	213	589031	588552	4.85e-14	72.4
CDF91625.1	CP097142.1	25.987	304	366	56	349	217649	218533	1.39e-23	101
CDF91625.1	CP097142.1	27.000	300	366	56	341	532814	531993	6.80e-23	99.4
CDF91625.1	CP097142.1	29.947	187	366	34	214	217892	218434	3.51e-12	66.6
CDF91626.1	CP097136.1	50.558	269	493	1	269	138443	139135	1.82e-69	240
CDF91626.1	CP097139.1	61.628	86	493	1	86	442187	442444	2.07e-28	118
CDF91626.1	CP097139.1	39.024	82	493	190	269	442490	442735	2.89e-13	71.2
CDF91627.1	CP097136.1	40.520	269	250	11	249	136233	135475	1.03e-37	139
CDF91628.1	CP097144.1	44.167	120	265	69	173	642990	642640	3.65e-29	114
CDF91629.1	CP097144.1	75.078	963	958	1	958	646866	643990	0.0	1487
CDF91629.1	CP097138.1	48.297	969	958	21	957	948471	945604	0.0	858
CDF91632.1	CP097144.1	65.569	334	347	13	346	245748	244747	2.54e-155	481
CDF91633.1	CP097145.1	68.997	758	912	153	906	641233	638975	0.0	1117
CDF91633.1	CP097136.1	43.836	657	912	259	906	176805	178676	2.91e-168	543
CDF91633.1	CP097138.1	44.444	675	912	255	909	296959	295016	9.14e-164	530
CDF91633.1	CP097142.1	43.628	667	912	259	910	600366	602300	1.40e-153	500
CDF91633.1	CP097142.1	38.244	672	912	253	902	289271	291229	5.53e-124	414
CDF91633.1	CP097143.1	28.878	606	912	258	803	951300	953081	3.63e-62	229
CDF91634.1	CP097145.1	65.714	455	484	31	483	642181	643542	0.0	600
CDF91634.1	CP097139.1	30.000	190	484	262	449	347599	348156	2.07e-20	94.0
CDF91635.1	CP097145.1	60.480	916	850	1	850	646326	643645	0.0	1064
CDF91635.1	CP097134.1	38.916	812	850	46	844	195875	193575	2.93e-166	535
CDF91635.1	CP097141.1	43.252	652	850	200	848	66238	68121	1.44e-161	521
CDF91639.1	CP097141.1	43.232	495	543	62	542	712381	713856	2.35e-129	415
CDF91639.1	CP097143.1	33.918	513	543	39	543	145410	143920	4.05e-84	284
CDF91639.1	CP097143.1	26.545	550	543	29	541	15347	16936	1.99e-43	165
CDF91639.1	CP097138.1	26.267	434	543	81	512	987540	988820	3.21e-38	149
CDF91639.1	CP097135.1	26.164	451	543	47	491	600098	598776	7.88e-32	130
CDF91639.1	CP097135.1	26.164	451	543	47	491	583173	581851	7.88e-32	130
CDF91639.1	CP097132.1	21.739	437	543	86	512	8943	7639	1.22e-21	98.2
CDF91643.1	CP097133.1	52.757	544	523	1	521	240190	238559	0.0	608
CDF91643.1	CP097133.1	26.282	312	523	94	373	570205	571083	4.76e-17	83.6
CDF91643.1	CP097133.1	27.545	167	523	94	260	303638	303144	8.22e-14	73.2
CDF91643.1	CP097139.1	30.019	523	523	13	522	188830	190365	1.74e-68	238
CDF91643.1	CP097146.1	29.505	505	523	55	522	805939	804485	5.61e-63	222
CDF91643.1	CP097143.1	29.832	476	523	55	522	70639	72024	1.52e-60	215
CDF91643.1	CP097147.1	29.365	504	523	27	520	775373	776845	1.31e-53	194
CDF91647.1	CP097134.1	56.769	458	521	60	509	171483	170134	0.0	571
CDF91647.1	CP097132.1	30.365	438	521	60	488	8949	7651	1.48e-65	229
CDF91647.1	CP097138.1	28.605	423	521	57	461	611814	610576	8.86e-44	165
CDF91647.1	CP097135.1	29.339	242	521	57	293	600005	599292	3.14e-29	121
CDF91647.1	CP097135.1	29.339	242	521	57	293	583080	582367	3.14e-29	121
CDF91647.1	CP097141.1	23.441	465	521	54	495	712438	713778	1.70e-18	88.2
CDF91648.1	CP097135.1	32.130	554	554	5	532	953563	955161	1.14e-67	237
CDF91648.1	CP097133.1	31.319	182	554	125	303	622068	621535	3.12e-12	68.2
CDF91650.1	CP097136.1	28.471	569	643	65	618	24040	25710	1.60e-61	221
CDF91650.1	CP097139.1	27.257	587	643	13	579	11167	9470	1.92e-54	200
CDF91650.1	CP097142.1	25.850	588	643	27	612	660549	662243	1.99e-52	194
CDF91650.1	CP097134.1	26.970	330	643	27	354	8230	7307	3.94e-31	129
CDF91650.1	CP097134.1	26.554	177	643	437	612	7059	6535	2.47e-12	68.9
CDF91651.1	CP097135.1	51.724	203	252	1	173	1489368	1488760	1.33e-41	150
CDF91651.1	CP097135.1	60.645	155	252	29	173	1489029	1488565	1.08e-35	133
CDF91651.1	CP097135.1	60.577	104	252	29	126	1488624	1488313	2.76e-22	94.4
CDF91651.1	CP097146.1	57.778	135	252	1	115	1024473	1024069	4.13e-27	108
CDF91651.1	CP097146.1	54.622	119	252	83	178	1024419	1024063	1.83e-19	86.3
CDF91653.1	CP097137.1	73.021	341	413	1	341	239113	240132	3.73e-171	530
CDF91653.1	CP097132.1	26.496	351	413	50	389	117960	119006	3.85e-34	134
CDF91653.1	CP097139.1	26.254	339	413	57	390	320999	320043	2.65e-17	83.2
CDF91653.1	CP097138.1	23.514	387	413	47	383	163337	162243	1.54e-12	68.2
CDF91654.1	CP097135.1	98.928	653	653	1	653	589591	587633	0.0	1338
CDF91654.1	CP097135.1	98.438	640	653	14	653	606479	604560	0.0	1306
CDF91655.1	CP097135.1	99.922	1287	1287	1	1287	583705	587565	0.0	2653
CDF91655.1	CP097135.1	99.919	1227	1287	61	1287	600812	604492	0.0	2531
CDF91655.1	CP097135.1	84.615	78	1287	1	78	600630	600863	3.36e-30	129
CDF91655.1	CP097142.1	71.773	1286	1287	4	1283	30967	27119	0.0	1899
CDF91656.1	CP097135.1	99.602	503	503	1	503	600149	598641	0.0	1021
CDF91656.1	CP097135.1	99.602	503	503	1	503	583224	581716	0.0	1021
CDF91656.1	CP097138.1	35.141	461	503	24	481	987471	988835	8.80e-84	282
CDF91656.1	CP097138.1	25.745	369	503	44	396	611841	610741	6.76e-23	101
CDF91656.1	CP097141.1	26.000	300	503	40	336	712411	713307	1.34e-29	122
CDF91656.1	CP097140.1	24.832	447	503	50	478	16395	15073	5.30e-27	114
CDF91656.1	CP097134.1	30.204	245	503	52	285	171483	170761	5.03e-26	111
CDF91657.1	CP097135.1	100.000	393	393	1	393	578721	579899	0.0	767
CDF91657.1	CP097135.1	100.000	393	393	1	393	595646	596824	0.0	767
CDF91657.1	CP097135.1	40.000	155	393	74	227	391509	391048	1.20e-36	140
CDF91658.1	CP097135.1	99.472	379	611	233	611	574311	575447	0.0	776
CDF91658.1	CP097135.1	99.472	379	611	233	611	591237	592373	0.0	776
CDF91659.1	CP097139.1	76.559	401	400	1	400	503118	504296	0.0	644
CDF91659.1	CP097141.1	73.404	376	400	25	400	698444	699571	0.0	602
CDF91660.1	CP097136.1	50.476	210	219	2	209	544117	543497	6.50e-64	213
CDF91661.1	CP097136.1	52.988	251	249	1	249	542679	543383	8.96e-87	280
CDF91662.1	CP097139.1	41.431	531	487	1	487	502072	500498	1.15e-117	379
CDF91663.1	CP097139.1	56.797	537	573	8	533	498513	499949	0.0	569
CDF91663.1	CP097138.1	41.176	102	573	32	133	382239	382541	5.18e-17	84.0
CDF91663.1	CP097141.1	27.586	232	573	13	237	696879	697502	2.93e-14	75.1
CDF91663.1	CP097140.1	28.333	120	573	350	462	54177	53818	4.48e-11	64.7
CDF91664.1	CP097139.1	62.485	837	763	1	763	494959	497430	0.0	979
CDF91664.1	CP097139.1	29.167	264	763	351	607	302138	302908	4.14e-28	120
CDF91664.1	CP097139.1	31.873	251	763	354	599	79936	79211	7.07e-24	107
CDF91664.1	CP097139.1	25.446	224	763	351	555	154504	153860	4.11e-17	85.1
CDF91664.1	CP097139.1	30.147	136	763	426	551	256588	256184	9.39e-13	70.9
CDF91664.1	CP097144.1	46.599	397	763	291	682	445755	444625	1.24e-107	361
CDF91664.1	CP097144.1	31.727	249	763	350	594	253941	253207	6.95e-34	139
CDF91664.1	CP097144.1	26.837	313	763	357	612	824921	825847	7.77e-19	90.9
CDF91664.1	CP097144.1	28.837	215	763	351	552	517861	518466	2.96e-14	75.9
CDF91664.1	CP097142.1	46.939	392	763	291	677	206807	207922	1.07e-105	355
CDF91664.1	CP097142.1	44.147	299	763	345	641	135764	134886	9.63e-72	255
CDF91664.1	CP097142.1	28.793	323	763	331	614	249318	250259	3.54e-32	133
CDF91664.1	CP097142.1	30.882	204	763	354	544	184052	184624	6.43e-21	97.4
CDF91664.1	CP097142.1	26.383	235	763	427	621	150914	150228	4.70e-15	78.6
CDF91664.1	CP097142.1	31.847	157	763	424	562	222225	221761	1.75e-13	73.2
CDF91664.1	CP097142.1	30.319	188	763	414	563	348224	347667	5.65e-13	71.6
CDF91664.1	CP097147.1	43.854	301	763	343	641	160700	161584	6.34e-72	255
CDF91664.1	CP097147.1	29.680	438	763	293	676	735536	736822	1.77e-48	184
CDF91664.1	CP097147.1	34.733	262	763	350	610	151547	150789	4.21e-33	136
CDF91664.1	CP097147.1	31.298	262	763	350	610	262228	262971	4.41e-29	124
CDF91664.1	CP097147.1	29.514	288	763	357	618	279843	278992	1.31e-27	119
CDF91664.1	CP097147.1	27.820	266	763	350	594	257530	256754	2.02e-27	118
CDF91664.1	CP097147.1	27.682	289	763	350	611	282318	281509	5.46e-23	104
CDF91664.1	CP097147.1	24.012	329	763	341	613	653935	654873	1.19e-21	99.8
CDF91664.1	CP097147.1	27.303	304	763	351	612	480181	479303	2.12e-17	85.9
CDF91664.1	CP097147.1	28.372	215	763	364	556	489237	488596	1.41e-12	70.5
CDF91664.1	CP097147.1	24.382	283	763	296	552	848450	847677	2.08e-12	69.7
CDF91664.1	CP097147.1	33.071	127	763	439	559	461216	460839	2.41e-12	69.7
CDF91664.1	CP097141.1	42.140	299	763	345	641	115583	114705	4.14e-71	253
CDF91664.1	CP097141.1	29.252	294	763	328	609	255454	256317	2.42e-27	118
CDF91664.1	CP097141.1	27.817	284	763	327	594	189706	188870	1.42e-22	102
CDF91664.1	CP097141.1	30.667	225	763	357	568	82574	81921	3.22e-20	95.1
CDF91664.1	CP097141.1	29.048	210	763	351	551	159875	159270	1.32e-14	77.0
CDF91665.1	CP097139.1	53.038	790	811	34	810	491984	494302	0.0	805
CDF91665.1	CP097141.1	29.050	537	811	32	505	660407	661915	1.14e-25	113
CDF91666.1	CP097141.1	92.188	256	261	6	261	695496	694729	7.73e-159	487
CDF91666.1	CP097139.1	92.188	256	261	6	261	490845	490078	8.85e-159	486
CDF91667.1	CP097139.1	54.237	590	592	17	590	488029	489789	0.0	641
CDF91668.1	CP097137.1	73.153	555	528	1	527	184964	183312	0.0	826
CDF91669.1	CP097137.1	47.331	281	259	1	259	182346	183188	1.58e-77	253
CDF91670.1	CP097137.1	51.190	336	331	1	331	180111	179107	1.93e-116	369
CDF91671.1	CP097139.1	77.068	689	678	1	678	128229	130295	0.0	1097
CDF91672.1	CP097139.1	75.181	552	551	2	551	127785	126130	0.0	894
CDF91672.1	CP097134.1	25.280	447	551	129	538	161939	160605	1.39e-34	138
CDF91672.1	CP097143.1	27.306	542	551	56	551	97249	95663	5.34e-34	136
CDF91673.1	CP097139.1	86.364	462	462	1	462	125635	124250	0.0	832
CDF91674.1	CP097139.1	43.220	354	371	2	355	122936	123967	5.94e-91	297
CDF91677.1	CP097137.1	43.771	594	677	91	677	175484	177067	1.32e-142	459
CDF91677.1	CP097139.1	39.896	579	677	99	675	119120	120757	1.04e-125	410
CDF91677.1	CP097136.1	30.141	355	677	86	420	500615	501571	2.46e-37	149
CDF91677.1	CP097146.1	29.586	169	677	84	244	62708	63187	6.86e-12	67.8
CDF91678.1	CP097144.1	40.244	328	698	157	481	527770	526817	2.38e-59	216
CDF91678.1	CP097144.1	33.149	362	698	157	498	24326	23256	2.51e-44	171
CDF91678.1	CP097144.1	32.544	169	698	540	695	23453	22947	5.35e-17	84.3
CDF91678.1	CP097135.1	38.415	328	698	159	481	309519	310466	1.41e-50	190
CDF91678.1	CP097135.1	36.290	124	698	585	693	310488	310856	8.15e-13	70.9
CDF91679.1	CP097145.1	42.396	217	199	7	189	186557	187207	7.98e-47	162
CDF91680.1	CP097146.1	44.937	790	765	5	723	332897	335161	0.0	597
CDF91680.1	CP097137.1	41.988	674	765	9	663	172225	174153	2.62e-138	450
CDF91680.1	CP097138.1	28.753	473	765	14	389	619311	617950	8.80e-42	164
CDF91681.1	CP097137.1	64.245	523	520	1	519	170174	171670	0.0	675
CDF91681.1	CP097147.1	48.810	84	520	46	128	356072	356320	1.22e-17	85.5
CDF91681.1	CP097147.1	38.462	104	520	228	321	356612	356917	1.01e-13	72.8
CDF91681.1	CP097138.1	40.000	85	520	237	321	916369	916115	1.95e-13	72.0
CDF91682.1	CP097137.1	55.189	2274	2094	19	2092	159983	166705	0.0	2233
CDF91682.1	CP097141.1	28.061	196	2094	695	883	412648	413223	1.08e-14	79.3
CDF91683.1	CP097137.1	45.317	331	320	22	320	159526	158534	3.90e-76	252
CDF91684.1	CP097146.1	29.016	386	571	4	351	243570	244682	3.34e-34	137
CDF91684.1	CP097146.1	32.394	142	571	417	551	245040	245441	4.28e-15	77.8
CDF91686.1	CP097146.1	64.882	635	675	43	675	246805	248682	0.0	869
CDF91686.1	CP097132.1	31.022	274	675	138	367	64665	65480	7.62e-22	100
CDF91687.1	CP097146.1	62.836	409	410	3	409	250079	248874	3.58e-170	526
CDF91688.1	CP097137.1	84.154	751	752	1	751	138026	140278	0.0	1342
CDF91688.1	CP097136.1	38.686	548	752	196	736	221867	220299	4.63e-115	382
CDF91688.1	CP097147.1	31.643	414	752	193	603	117724	118686	4.10e-43	168
CDF91688.1	CP097147.1	45.205	73	752	651	723	119131	119349	1.13e-16	83.6
CDF91688.1	CP097147.1	29.703	202	752	536	732	117760	118344	1.91e-13	73.2
CDF91688.1	CP097143.1	30.385	260	752	351	603	629705	630343	5.57e-28	120
CDF91688.1	CP097143.1	30.964	197	752	546	742	629456	630031	9.87e-21	96.7
CDF91688.1	CP097143.1	37.647	85	752	651	735	630815	631060	3.52e-13	72.4
CDF91688.1	CP097143.1	26.087	276	752	491	734	526077	526862	3.57e-11	65.9
CDF91688.1	CP097145.1	31.641	256	752	348	603	596174	596821	1.45e-27	119
CDF91688.1	CP097145.1	29.474	190	752	546	735	595934	596488	5.72e-17	84.7
CDF91688.1	CP097145.1	34.021	97	752	628	723	597221	597511	1.33e-13	73.6
CDF91689.1	CP097146.1	82.335	1002	995	1	995	254025	251023	0.0	1738
CDF91689.1	CP097135.1	24.673	535	995	422	938	1043268	1041736	3.91e-33	138
CDF91690.1	CP097141.1	30.622	209	379	55	248	328266	328889	3.95e-21	94.4
CDF91691.1	CP097137.1	67.594	503	500	1	500	140606	142102	0.0	705
CDF91692.1	CP097137.1	42.012	169	153	1	149	142797	142294	3.03e-34	124
CDF91693.1	CP097144.1	55.932	177	178	1	175	267143	267670	1.83e-63	209
CDF91694.1	CP097144.1	63.840	401	421	32	418	268156	269349	9.51e-160	497
CDF91695.1	CP097146.1	48.706	657	715	68	700	330368	332296	0.0	583
CDF91696.1	CP097139.1	46.804	438	458	36	457	55981	54701	5.49e-126	402
CDF91697.1	CP097139.1	35.079	382	364	14	357	54347	53208	2.52e-60	208
CDF91698.1	CP097146.1	68.599	207	214	8	214	329587	328976	5.04e-94	298
CDF91698.1	CP097132.1	64.390	205	214	14	214	125350	124736	2.21e-80	259
CDF91698.1	CP097138.1	25.134	187	214	35	210	130668	130138	3.70e-12	63.5
CDF91701.1	CP097146.1	63.084	214	235	20	233	325080	325721	2.30e-89	286
CDF91701.1	CP097135.1	51.339	224	235	7	229	1241795	1241142	5.75e-63	211
CDF91702.1	CP097135.1	65.554	569	573	3	571	90442	92148	0.0	758
CDF91702.1	CP097138.1	27.462	528	573	32	551	376824	375298	7.20e-46	173
CDF91702.1	CP097142.1	22.394	518	573	51	547	122435	120951	1.61e-16	82.4
CDF91702.1	CP097145.1	22.328	524	573	63	517	727776	726250	2.27e-13	72.0
CDF91703.1	CP097132.1	75.431	232	272	38	269	122940	123635	1.07e-115	363
CDF91704.1	CP097132.1	51.724	493	448	1	448	122700	121222	1.04e-153	481
CDF91705.1	CP097132.1	48.253	601	609	49	609	119399	121108	5.63e-148	472
CDF91706.1	CP097146.1	57.996	1088	1087	9	1087	228527	231790	0.0	1295
CDF91707.1	CP097146.1	57.109	1273	1301	46	1301	527822	524139	0.0	1459
CDF91708.1	CP097135.1	84.211	190	190	1	190	1206522	1207091	7.52e-111	345
CDF91708.1	CP097142.1	40.132	152	190	23	170	83358	83774	2.16e-19	84.0
CDF91709.1	CP097146.1	71.179	229	226	2	226	529031	528345	3.03e-108	340
CDF91710.1	CP097135.1	70.060	167	330	163	329	1207743	1207243	2.20e-77	256
CDF91712.1	CP097135.1	80.516	426	457	32	457	1210209	1208932	0.0	741
CDF91712.1	CP097135.1	29.167	144	457	253	387	243131	242703	2.38e-14	74.3
CDF91712.1	CP097135.1	32.911	158	457	239	385	1245990	1246454	4.02e-14	73.6
CDF91712.1	CP097135.1	31.481	162	457	239	391	243992	243513	1.36e-12	68.9
CDF91712.1	CP097136.1	31.034	174	457	239	400	187432	186920	3.04e-16	80.5
CDF91712.1	CP097146.1	33.775	151	457	247	387	782834	782388	1.38e-14	75.1
CDF91712.1	CP097146.1	33.533	167	457	231	385	514896	515381	2.69e-14	74.3
CDF91712.1	CP097143.1	30.556	144	457	252	388	911142	910714	4.23e-14	73.6
CDF91712.1	CP097143.1	30.952	168	457	247	402	910344	909850	4.86e-13	70.5
CDF91712.1	CP097144.1	29.697	165	457	246	399	418156	417668	5.36e-14	73.2
CDF91713.1	CP097146.1	52.542	236	240	1	236	529989	529282	3.78e-81	263
CDF91714.1	CP097135.1	59.146	492	490	6	485	1210585	1212048	0.0	597
CDF91715.1	CP097135.1	74.257	101	101	1	101	1212374	1212676	1.12e-48	163
CDF91716.1	CP097135.1	71.795	78	82	5	82	1213353	1213120	1.84e-29	107
CDF91717.1	CP097146.1	38.109	677	1164	504	1161	531695	533497	3.56e-118	404
CDF91717.1	CP097146.1	50.000	312	1164	20	317	530507	531415	4.41e-88	313
CDF91717.1	CP097135.1	35.309	793	1164	407	1161	1214883	1216949	3.15e-103	359
CDF91717.1	CP097135.1	39.359	343	1164	12	340	1213935	1214879	7.10e-55	209
CDF91718.1	CP097135.1	77.215	79	79	1	79	1217282	1217046	7.56e-37	128
CDF91719.1	CP097146.1	78.109	571	570	1	570	535500	533788	0.0	938
CDF91720.1	CP097135.1	54.472	615	615	6	610	1218025	1219863	0.0	671
CDF91720.1	CP097135.1	30.474	548	615	13	554	318458	316929	4.21e-68	240
CDF91720.1	CP097138.1	32.397	605	615	6	604	645305	643638	5.55e-77	266
CDF91720.1	CP097143.1	31.126	604	615	4	604	214165	212486	8.29e-76	263
CDF91720.1	CP097143.1	30.976	594	615	11	604	390753	392405	1.82e-72	253
CDF91721.1	CP097146.1	28.423	672	759	7	588	538795	536810	6.55e-70	249
CDF91722.1	CP097146.1	59.942	342	367	1	319	260672	259659	7.55e-126	397
CDF91723.1	CP097146.1	34.217	415	550	3	369	257512	258738	7.84e-52	190
CDF91723.1	CP097137.1	31.507	219	550	10	218	143458	144093	5.98e-26	112
CDF91724.1	CP097146.1	70.332	391	492	3	389	236791	237960	0.0	576
CDF91724.1	CP097146.1	47.214	341	492	1	332	45736	46746	5.17e-93	308
CDF91724.1	CP097144.1	44.231	364	492	7	364	859176	860246	8.84e-93	307
CDF91724.1	CP097144.1	42.582	364	492	43	380	669039	670124	5.35e-76	259
CDF91724.1	CP097143.1	43.213	361	492	24	364	812960	814018	4.46e-92	305
CDF91725.1	CP097140.1	38.132	257	406	16	251	361663	362373	8.79e-43	159
CDF91725.1	CP097146.1	32.381	210	406	29	182	239836	239249	5.83e-20	91.3
CDF91726.1	CP097146.1	60.209	573	548	11	546	242247	240610	0.0	588
CDF91726.1	CP097147.1	38.961	385	548	15	381	820819	819773	3.28e-79	270
CDF91727.1	CP097140.1	29.665	209	192	9	187	358253	358879	3.37e-25	100
CDF91728.1	CP097140.1	46.512	129	132	7	131	359133	359516	3.57e-35	126
CDF91729.1	CP097146.1	69.231	52	87	34	85	242834	242679	8.70e-22	86.3
CDF91730.1	CP097146.1	87.288	236	254	1	236	223930	224637	9.44e-140	432
CDF91730.1	CP097146.1	36.458	192	254	2	193	982151	981585	4.13e-31	120
CDF91730.1	CP097138.1	34.545	220	254	4	220	748349	748996	5.07e-42	151
CDF91730.1	CP097138.1	34.818	247	254	2	240	973948	973223	2.25e-38	140
CDF91730.1	CP097138.1	30.939	181	254	4	183	485222	484686	1.91e-19	86.3
CDF91730.1	CP097144.1	36.574	216	254	4	215	81448	80819	6.44e-34	128
CDF91730.1	CP097144.1	30.802	237	254	2	233	873861	874553	1.89e-25	103
CDF91731.1	CP097146.1	32.353	136	676	540	675	227267	227614	5.17e-17	84.3
CDF91732.1	CP097140.1	51.948	77	209	131	207	360832	360602	2.48e-18	81.3
CDF91733.1	CP097140.1	41.830	612	644	45	637	303477	305234	1.40e-148	475
CDF91733.1	CP097138.1	28.842	423	644	228	637	20967	19771	3.75e-47	178
CDF91733.1	CP097136.1	24.000	625	644	112	637	150433	152283	2.07e-46	176
CDF91733.1	CP097145.1	26.195	481	644	196	637	731756	733108	3.45e-43	166
CDF91734.1	CP097136.1	61.538	234	232	1	232	169896	169195	1.19e-93	298
CDF91735.1	CP097140.1	66.412	131	171	4	134	342074	342466	3.55e-54	182
CDF91736.1	CP097140.1	46.530	634	1577	543	1163	345860	344121	9.97e-140	479
CDF91736.1	CP097140.1	52.830	424	1577	102	482	346613	345390	6.63e-101	359
CDF91736.1	CP097140.1	29.778	225	1577	89	313	345605	345024	1.79e-15	81.3
CDF91736.1	CP097140.1	31.163	215	1577	654	857	346613	345993	1.03e-13	75.5
CDF91736.1	CP097133.1	36.364	330	1577	374	635	205656	204706	4.48e-15	80.1
CDF91736.1	CP097133.1	35.156	128	1577	740	864	123292	122909	6.66e-13	72.8
CDF91737.1	CP097140.1	67.816	783	1064	1	760	337605	335260	0.0	1084
CDF91737.1	CP097140.1	36.508	126	1064	941	1064	334992	334627	4.38e-13	72.8
CDF91738.1	CP097136.1	44.168	883	1454	579	1453	166959	164377	0.0	728
CDF91738.1	CP097136.1	46.405	459	1454	1	450	168381	167092	1.08e-108	382
CDF91739.1	CP097136.1	94.400	125	125	1	125	168675	169049	2.82e-76	243
CDF91740.1	CP097140.1	40.127	157	1011	699	839	339288	339701	1.26e-12	71.2
CDF91741.1	CP097140.1	67.361	432	418	1	417	340406	341698	1.93e-167	519
CDF91741.1	CP097136.1	34.804	408	418	1	408	245067	243940	3.85e-67	230
CDF91741.1	CP097145.1	53.425	73	418	1	73	507951	507736	3.47e-15	76.6
CDF91741.1	CP097145.1	57.534	73	418	5	76	223389	223174	1.42e-14	74.7
CDF91741.1	CP097145.1	46.667	75	418	1	75	607872	607657	7.40e-12	66.2
CDF91741.1	CP097144.1	41.228	114	418	6	99	549387	549719	7.01e-13	69.3
CDF91742.1	CP097144.1	64.921	191	207	1	184	393315	392743	6.22e-79	255
CDF91743.1	CP097144.1	50.339	737	717	17	716	395873	393675	0.0	721
CDF91743.1	CP097146.1	28.740	254	717	111	358	719913	720590	7.61e-21	97.1
CDF91744.1	CP097144.1	79.667	300	304	4	303	396320	397219	1.03e-165	509
CDF91744.1	CP097142.1	62.542	299	304	9	301	270858	269962	1.10e-130	408
CDF91744.1	CP097145.1	26.667	225	304	59	269	217740	217135	1.22e-12	67.0
CDF91744.1	CP097145.1	28.634	227	304	26	239	147394	146780	3.92e-12	65.5
CDF91745.1	CP097142.1	42.366	989	1014	1	919	269679	266752	0.0	726
CDF91746.1	CP097144.1	80.778	900	939	28	924	400700	398001	0.0	1533
CDF91746.1	CP097136.1	33.013	521	939	361	827	533688	535193	7.45e-64	235
CDF91746.1	CP097143.1	31.911	539	939	395	827	983199	984776	8.63e-58	216
CDF91746.1	CP097142.1	31.309	527	939	339	808	406950	405421	2.93e-52	199
CDF91746.1	CP097139.1	28.602	472	939	385	810	411667	410432	5.00e-30	127
CDF91750.1	CP097145.1	92.593	108	108	1	108	188464	188141	2.85e-65	211
CDF91752.1	CP097141.1	51.034	580	675	98	669	607220	605640	0.0	580
CDF91753.1	CP097141.1	44.025	159	162	2	153	604849	605325	2.07e-39	140
CDF91754.1	CP097145.1	71.287	404	409	3	403	183568	182357	0.0	558
CDF91755.1	CP097145.1	44.199	543	544	5	535	181991	180378	5.58e-159	501
CDF91755.1	CP097135.1	27.894	527	544	13	481	694767	693235	1.25e-48	180
CDF91757.1	CP097145.1	61.338	613	591	2	586	175272	173587	0.0	663
CDF91758.1	CP097145.1	52.529	257	267	19	266	173185	172415	2.18e-91	293
CDF91759.1	CP097145.1	41.667	360	397	12	354	171061	172119	1.24e-89	295
CDF91760.1	CP097145.1	45.946	222	316	109	310	169694	169029	1.23e-61	210
CDF91761.1	CP097145.1	71.598	169	166	1	164	168758	168306	2.61e-75	243
CDF91762.1	CP097138.1	65.466	472	478	7	478	978764	977349	0.0	639
CDF91764.1	CP097135.1	52.874	348	390	46	390	559969	559007	1.85e-114	365
CDF91765.1	CP097145.1	45.816	1231	1232	8	1227	165273	161617	0.0	1133
CDF91765.1	CP097139.1	35.879	1257	1232	15	1230	392720	396376	0.0	781
CDF91766.1	CP097145.1	35.553	796	803	14	796	161323	159098	1.88e-155	501
CDF91767.1	CP097145.1	69.118	68	72	5	72	158818	158615	3.15e-28	103
CDF91768.1	CP097145.1	45.763	177	181	6	181	158333	157830	4.55e-45	157
CDF91769.1	CP097139.1	40.664	241	337	107	337	397672	396983	2.08e-53	187
CDF91770.1	CP097145.1	61.538	468	475	8	472	156089	157492	0.0	624
CDF91771.1	CP097145.1	68.016	2198	2194	11	2192	149261	155842	0.0	3202
CDF91772.1	CP097145.1	57.009	321	297	1	297	148811	147870	8.88e-98	313
CDF91773.1	CP097138.1	58.292	1218	1185	1	1178	258364	254729	0.0	1367
CDF91774.1	CP097138.1	70.455	352	353	13	353	582166	583206	1.28e-163	505
CDF91775.1	CP097138.1	67.787	1012	1028	21	1028	581683	578693	0.0	1368
CDF91776.1	CP097138.1	68.405	326	390	66	390	577367	578344	1.43e-155	484
CDF91777.1	CP097145.1	63.772	1071	1049	21	1049	141904	145047	0.0	1370
CDF91777.1	CP097143.1	35.889	287	1049	762	1047	730320	729520	1.53e-45	178
CDF91777.1	CP097143.1	28.159	277	1049	776	1045	610742	611494	1.17e-21	100
CDF91777.1	CP097133.1	26.271	236	1049	775	981	43999	43316	3.82e-13	72.8
CDF91778.1	CP097145.1	81.225	506	531	26	531	139840	141354	0.0	844
CDF91778.1	CP097145.1	62.863	517	531	16	531	138462	136915	0.0	658
CDF91778.1	CP097136.1	65.949	511	531	21	531	29460	27928	0.0	714
CDF91778.1	CP097147.1	38.213	526	531	11	522	41740	43311	9.87e-110	358
CDF91778.1	CP097147.1	31.287	342	531	192	522	24162	25157	5.16e-66	163
CDF91778.1	CP097147.1	37.500	144	531	26	169	23662	24090	5.16e-66	105
CDF91778.1	CP097142.1	39.279	499	531	26	517	515085	516566	1.02e-105	347
CDF91778.1	CP097146.1	38.330	527	531	26	530	951881	950322	9.11e-104	341
CDF91778.1	CP097146.1	34.375	512	531	22	517	254993	256480	1.37e-94	314
CDF91780.1	CP097145.1	48.850	1261	2003	1	1198	136355	132789	0.0	1048
CDF91780.1	CP097140.1	31.725	539	2003	1270	1791	28375	29841	3.03e-81	298
CDF91781.1	CP097145.1	47.288	590	743	8	586	130046	128382	4.50e-163	521
CDF91782.1	CP097136.1	60.041	483	487	13	487	27445	26027	0.0	561
CDF91782.1	CP097136.1	20.991	424	487	67	434	397394	396180	2.65e-14	74.7
CDF91782.1	CP097133.1	22.148	447	487	70	434	41508	42782	3.65e-15	77.4
CDF91782.1	CP097140.1	23.962	313	487	89	385	183017	182115	7.07e-14	73.2
CDF91783.1	CP097145.1	52.520	1230	1199	2	1195	123884	127567	0.0	1264
CDF91784.1	CP097134.1	29.238	407	383	8	365	208607	207435	4.18e-38	144
CDF91784.1	CP097136.1	31.310	313	383	45	344	37474	36578	9.93e-35	134
CDF91784.1	CP097146.1	30.094	319	383	41	344	300410	301318	1.97e-33	130
CDF91785.1	CP097132.1	38.365	159	515	8	165	54408	53935	1.37e-22	100
CDF91785.1	CP097135.1	36.842	133	515	26	158	183341	183730	3.34e-19	90.5
CDF91785.1	CP097147.1	34.722	144	515	38	157	60717	60286	2.14e-17	84.7
CDF91785.1	CP097144.1	37.313	134	515	48	157	634926	635327	5.07e-17	83.6
CDF91785.1	CP097143.1	32.308	130	515	29	158	559233	559613	1.07e-14	75.9
CDF91786.1	CP097146.1	52.137	468	598	116	571	594387	595763	3.92e-137	440
CDF91787.1	CP097134.1	52.913	1442	1427	1	1420	204424	200219	0.0	1484
CDF91788.1	CP097139.1	45.299	351	347	9	338	448119	449165	9.68e-85	278
CDF91788.1	CP097147.1	44.444	351	347	9	338	221275	220229	2.69e-84	277
CDF91789.1	CP097145.1	64.000	350	350	1	350	123144	122095	2.75e-155	481
CDF91789.1	CP097146.1	32.381	210	350	90	284	1036056	1035436	5.04e-28	114
CDF91789.1	CP097147.1	35.429	175	350	161	328	330418	329897	5.19e-22	96.3
CDF91789.1	CP097147.1	32.727	165	350	136	284	18906	19361	1.11e-20	92.4
CDF91789.1	CP097144.1	33.333	141	350	159	284	897417	896995	7.17e-20	89.7
CDF91789.1	CP097136.1	23.750	240	350	82	308	319622	320320	4.41e-17	81.6
CDF91790.1	CP097134.1	43.284	134	129	1	129	205675	205295	5.27e-31	114
CDF91791.1	CP097145.1	70.233	514	581	41	554	120395	121936	0.0	749
CDF91792.1	CP097136.1	28.829	222	267	36	255	189155	188514	1.27e-16	78.2
CDF91793.1	CP097136.1	63.288	444	460	24	457	189447	190766	0.0	593
CDF91794.1	CP097143.1	50.628	1195	1261	52	1237	530757	527443	0.0	1159
CDF91795.1	CP097145.1	71.166	489	482	1	482	118323	119780	0.0	709
CDF91796.1	CP097143.1	70.932	633	707	57	689	525057	526919	0.0	911
CDF91796.1	CP097143.1	23.917	531	707	168	656	28199	26679	1.52e-29	124
CDF91796.1	CP097143.1	25.225	555	707	150	677	105199	106821	7.77e-27	116
CDF91796.1	CP097143.1	31.602	231	707	462	685	104155	104805	4.41e-17	84.7
CDF91796.1	CP097143.1	23.789	227	707	444	666	29423	28755	1.08e-11	67.4
CDF91796.1	CP097147.1	46.217	608	707	90	695	31287	33077	6.12e-167	531
CDF91796.1	CP097142.1	27.841	528	707	192	699	46272	44716	1.72e-57	211
CDF91796.1	CP097142.1	25.225	555	707	165	699	44289	42655	2.90e-40	158
CDF91796.1	CP097144.1	28.270	474	707	238	688	841139	839751	7.50e-47	179
CDF91796.1	CP097135.1	23.267	649	707	53	677	744090	742291	2.19e-33	137
CDF91796.1	CP097135.1	23.742	497	707	221	689	745584	744217	6.73e-20	94.0
CDF91797.1	CP097143.1	46.335	805	982	2	753	521456	523807	0.0	602
CDF91797.1	CP097145.1	55.901	483	982	1	474	114245	115642	1.89e-167	543
CDF91797.1	CP097145.1	26.596	470	982	597	982	116150	117424	6.15e-11	65.5
CDF91798.1	CP097145.1	53.343	658	642	1	635	111891	113852	0.0	679
CDF91799.1	CP097143.1	89.286	252	252	1	252	520217	520972	4.31e-155	476
CDF91800.1	CP097135.1	46.008	739	702	16	702	1431778	1433970	0.0	632
CDF91801.1	CP097143.1	88.372	86	88	3	88	519613	519870	2.96e-47	158
CDF91801.1	CP097135.1	86.047	86	88	3	88	1434358	1434101	8.10e-46	154
CDF91802.1	CP097135.1	43.148	540	517	1	517	1435254	1436816	3.71e-113	367
CDF91802.1	CP097143.1	35.025	197	517	44	226	518454	517876	2.61e-22	100
CDF91803.1	CP097143.1	53.452	840	776	1	775	514527	516932	0.0	813
CDF91803.1	CP097135.1	28.177	181	776	304	484	360033	360515	7.40e-18	87.4
CDF91803.1	CP097136.1	29.213	89	776	302	390	380881	380615	9.99e-11	64.3
CDF91804.1	CP097143.1	40.608	362	327	1	326	514256	513267	4.90e-66	223
CDF91805.1	CP097135.1	88.918	379	382	4	382	1438349	1437213	0.0	692
CDF91805.1	CP097143.1	88.421	380	382	1	380	511848	512987	0.0	687
CDF91806.1	CP097135.1	45.522	268	272	6	270	1439745	1438948	5.38e-70	233
CDF91806.1	CP097135.1	33.036	224	272	44	257	1026930	1026319	1.02e-24	102
CDF91807.1	CP097143.1	51.142	219	195	1	195	510410	509754	1.21e-68	225
CDF91807.1	CP097143.1	44.792	192	195	8	194	511297	510725	2.92e-52	178
CDF91808.1	CP097135.1	42.232	914	835	4	833	1443169	1440608	1.25e-177	567
CDF91808.1	CP097143.1	53.161	348	835	320	657	508149	509144	1.80e-96	330
CDF91808.1	CP097143.1	68.908	119	835	716	834	509181	509510	1.08e-47	183
CDF91808.1	CP097143.1	63.077	65	835	2	66	507627	507821	9.53e-16	80.9
CDF91809.1	CP097135.1	45.128	585	592	28	592	1445424	1443685	7.98e-175	548
CDF91809.1	CP097144.1	26.878	599	592	12	575	360013	361614	1.34e-44	169
CDF91809.1	CP097137.1	29.470	302	592	28	318	31148	31897	3.82e-26	113
CDF91809.1	CP097137.1	33.945	109	592	437	545	32309	32632	1.40e-17	85.9
CDF91810.1	CP097135.1	56.200	1000	1259	3	971	1450078	1447310	0.0	1016
CDF91810.1	CP097135.1	45.055	273	1259	14	286	1396405	1397166	1.19e-63	238
CDF91810.1	CP097135.1	35.689	283	1259	17	287	714275	715111	2.00e-45	179
CDF91810.1	CP097135.1	29.808	312	1259	7	290	287302	286430	2.99e-32	135
CDF91810.1	CP097135.1	52.381	147	1259	1118	1259	1447072	1446656	9.90e-32	134
CDF91810.1	CP097135.1	28.472	288	1259	20	291	1417795	1416992	1.29e-25	114
CDF91810.1	CP097135.1	28.692	237	1259	86	292	1379202	1379897	4.65e-22	102
CDF91810.1	CP097135.1	27.155	232	1259	79	294	412051	411374	7.26e-22	102
CDF91810.1	CP097135.1	31.019	216	1259	22	232	75651	75046	2.61e-21	100
CDF91810.1	CP097135.1	26.582	316	1259	26	303	273832	274704	4.46e-19	92.8
CDF91810.1	CP097135.1	30.653	199	1259	106	285	1023343	1022762	7.52e-19	92.0
CDF91810.1	CP097135.1	28.099	242	1259	78	293	407751	407038	2.19e-17	87.0
CDF91810.1	CP097135.1	27.381	252	1259	81	308	179246	179989	5.82e-17	85.9
CDF91810.1	CP097135.1	27.064	218	1259	86	286	963090	963737	1.25e-16	84.7
CDF91810.1	CP097135.1	24.138	290	1259	20	305	1471284	1470496	2.52e-15	80.5
CDF91810.1	CP097135.1	32.292	192	1259	81	260	319868	319308	1.42e-12	71.2
CDF91810.1	CP097134.1	44.995	989	1259	17	979	79025	81535	0.0	675
CDF91810.1	CP097134.1	36.449	214	1259	82	285	129401	130039	4.16e-29	125
CDF91810.1	CP097134.1	29.934	304	1259	20	301	242495	241632	1.47e-27	120
CDF91810.1	CP097134.1	29.016	193	1259	125	292	274618	275181	1.68e-22	85.1
CDF91810.1	CP097134.1	27.885	104	1259	26	126	274356	274616	1.68e-22	40.0
CDF91810.1	CP097142.1	52.393	397	1259	15	374	249366	250535	1.87e-115	398
CDF91810.1	CP097142.1	31.047	277	1259	20	290	135746	134982	3.97e-31	132
CDF91810.1	CP097142.1	29.964	277	1259	20	292	206969	207742	1.53e-27	120
CDF91810.1	CP097142.1	30.052	193	1259	79	233	222363	221791	6.96e-24	108
CDF91810.1	CP097142.1	35.882	170	1259	79	229	132351	131842	6.00e-21	99.0
CDF91810.1	CP097142.1	28.780	205	1259	26	226	184067	184627	6.60e-20	95.5
CDF91810.1	CP097142.1	29.389	262	1259	81	303	151013	150231	1.46e-17	87.8
CDF91810.1	CP097142.1	29.592	196	1259	67	234	69790	69206	2.81e-15	80.1
CDF91810.1	CP097142.1	26.277	274	1259	17	236	348512	347691	4.43e-13	73.2
CDF91810.1	CP097147.1	38.889	288	1259	17	291	279870	279040	2.27e-49	192
CDF91810.1	CP097147.1	33.220	295	1259	17	308	262222	263025	1.59e-41	166
CDF91810.1	CP097147.1	31.788	302	1259	15	294	257551	256706	6.12e-36	148
CDF91810.1	CP097147.1	32.852	277	1259	20	290	160724	161488	4.86e-33	138
CDF91810.1	CP097147.1	34.211	228	1259	79	304	151409	150747	2.38e-32	136
CDF91810.1	CP097147.1	27.707	314	1259	24	293	480169	479300	6.24e-22	102
CDF91810.1	CP097147.1	30.837	227	1259	79	290	282183	281512	4.19e-20	96.3
CDF91810.1	CP097147.1	26.807	332	1259	24	294	848318	847398	6.78e-20	95.5
CDF91810.1	CP097147.1	29.444	180	1259	94	232	735896	736432	7.76e-16	82.0
CDF91810.1	CP097147.1	28.936	235	1259	81	285	489126	488464	7.83e-16	82.0
CDF91810.1	CP097147.1	28.761	226	1259	81	294	461339	460734	2.65e-15	80.5
CDF91810.1	CP097146.1	37.456	283	1259	18	293	745699	746517	1.92e-47	186
CDF91810.1	CP097146.1	34.296	277	1259	20	290	264578	263790	3.14e-32	135
CDF91810.1	CP097146.1	29.825	285	1259	20	291	98293	99090	3.84e-29	125
CDF91810.1	CP097146.1	28.571	266	1259	13	272	214590	215333	3.75e-23	106
CDF91810.1	CP097146.1	30.738	244	1259	76	293	959317	958589	8.06e-21	98.6
CDF91810.1	CP097146.1	28.514	249	1259	21	258	793934	793257	1.36e-20	97.8
CDF91810.1	CP097146.1	29.046	241	1259	79	303	743117	743833	1.53e-19	94.4
CDF91810.1	CP097146.1	28.251	223	1259	79	290	80000	80662	1.77e-18	90.9
CDF91810.1	CP097146.1	29.936	157	1259	79	232	410416	410880	1.34e-14	78.2
CDF91811.1	CP097135.1	91.753	97	114	2	98	1453700	1453990	6.29e-56	184
CDF91812.1	CP097134.1	65.979	194	193	1	193	73799	73221	2.26e-85	273
CDF91812.1	CP097134.1	56.316	190	193	4	192	75085	74522	2.00e-72	236
CDF91813.1	CP097134.1	38.430	484	479	46	478	71766	73145	8.08e-73	249
CDF91814.1	CP097142.1	43.038	158	447	288	443	464322	464720	3.60e-28	117
CDF91814.1	CP097141.1	42.949	156	447	288	443	295019	294621	1.10e-26	112
CDF91814.1	CP097141.1	41.250	160	447	288	443	298676	298278	4.23e-26	110
CDF91815.1	CP097134.1	44.737	152	525	1	147	69964	70410	1.04e-20	95.1
CDF91816.1	CP097134.1	37.188	441	354	1	341	69735	68428	5.31e-76	253
CDF91817.1	CP097134.1	70.307	815	813	1	813	68148	65752	0.0	1165
CDF91818.1	CP097134.1	67.466	292	295	8	295	65368	64493	2.23e-136	424
CDF91819.1	CP097134.1	49.157	356	324	5	324	63253	64302	2.03e-98	317
CDF91820.1	CP097135.1	64.706	85	85	1	85	1455065	1454811	7.59e-37	129
CDF91821.1	CP097134.1	66.667	135	156	23	155	63010	62606	3.22e-59	196
CDF91822.1	CP097134.1	45.753	365	341	1	341	61482	62543	1.11e-95	309
CDF91823.1	CP097135.1	62.992	127	139	13	139	1455350	1455724	1.21e-51	174
CDF91823.1	CP097134.1	68.367	98	139	29	126	61015	60722	2.23e-43	150
CDF91825.1	CP097135.1	44.956	456	465	14	464	1457184	1455853	2.90e-130	414
CDF91825.1	CP097134.1	51.796	334	465	137	464	59546	60538	1.08e-110	358
CDF91826.1	CP097134.1	59.006	161	532	338	496	57779	57300	5.84e-55	199
CDF91826.1	CP097135.1	33.202	253	532	264	494	1458241	1458972	1.62e-30	125
CDF91826.1	CP097135.1	38.776	98	532	41	137	1457755	1458045	5.15e-11	64.3
CDF91827.1	CP097134.1	56.844	526	512	1	510	56354	54792	0.0	568
CDF91828.1	CP097134.1	40.153	782	774	46	773	52542	54710	1.39e-164	526
CDF91829.1	CP097135.1	56.053	380	382	1	368	1461535	1462635	2.92e-128	405
CDF91830.1	CP097134.1	55.246	467	517	23	483	49988	48606	5.05e-166	520
CDF91830.1	CP097135.1	46.356	494	517	25	517	1462982	1464454	9.52e-137	436
CDF91830.1	CP097146.1	25.592	211	517	29	218	822703	822074	5.56e-13	70.5
CDF91830.1	CP097140.1	27.338	139	517	5	139	322903	323310	9.56e-11	63.2
CDF91831.1	CP097134.1	46.875	416	399	1	377	48200	47034	1.21e-99	323
CDF91832.1	CP097134.1	39.290	761	734	1	733	46720	44462	3.12e-158	506
CDF91833.1	CP097135.1	58.779	131	131	1	129	1464721	1465113	7.67e-47	159
CDF91833.1	CP097145.1	50.562	89	131	41	129	373130	372867	2.24e-24	95.5
CDF91833.1	CP097143.1	45.631	103	131	27	129	1017548	1017835	6.39e-22	88.6
CDF91833.1	CP097144.1	49.462	93	131	37	129	115057	114788	2.22e-20	84.3
CDF91834.1	CP097134.1	45.455	253	261	12	253	44265	43522	1.30e-60	205
CDF91835.1	CP097135.1	54.738	707	729	46	724	1467510	1465408	0.0	721
CDF91836.1	CP097134.1	53.046	394	478	38	422	42068	43249	1.58e-124	399
CDF91836.1	CP097135.1	47.015	402	478	59	459	1469353	1468157	1.33e-104	341
CDF91836.1	CP097135.1	30.450	289	478	119	407	555012	555869	2.08e-33	133
CDF91836.1	CP097133.1	32.468	308	478	100	407	373687	374598	1.53e-44	166
CDF91837.1	CP097135.1	57.819	486	470	5	465	1471314	1469878	1.23e-179	556
CDF91837.1	CP097135.1	30.935	278	470	21	269	179126	179935	7.83e-26	110
CDF91837.1	CP097135.1	28.283	297	470	15	272	287272	286421	1.63e-24	106
CDF91837.1	CP097135.1	31.313	198	470	14	208	1396420	1396998	8.13e-21	94.7
CDF91837.1	CP097135.1	27.305	282	470	13	276	1417801	1416974	2.19e-20	93.6
CDF91837.1	CP097135.1	23.887	247	470	1	223	1379013	1379729	5.11e-19	89.4
CDF91837.1	CP097135.1	24.286	280	470	19	269	714296	715120	7.78e-18	85.5
CDF91837.1	CP097135.1	26.794	209	470	77	264	1023367	1022762	6.39e-17	82.8
CDF91837.1	CP097135.1	26.165	279	470	19	269	407865	407047	2.26e-16	80.9
CDF91837.1	CP097135.1	24.823	282	470	10	266	1450033	1449224	3.24e-15	77.4
CDF91837.1	CP097135.1	25.172	290	470	15	272	273814	274674	5.02e-15	76.6
CDF91837.1	CP097135.1	25.123	203	470	21	213	75639	75049	4.19e-11	64.3
CDF91837.1	CP097135.1	26.341	205	470	14	215	319991	319380	9.60e-11	63.2
CDF91837.1	CP097139.1	44.488	254	470	19	269	302150	302899	2.34e-62	218
CDF91837.1	CP097139.1	37.367	281	470	2	276	79984	79169	1.07e-48	178
CDF91837.1	CP097139.1	28.421	285	470	10	278	496180	496998	2.04e-24	105
CDF91837.1	CP097139.1	28.188	149	470	77	215	256612	256181	6.98e-14	73.2
CDF91837.1	CP097139.1	33.000	100	470	118	212	154174	153878	8.07e-11	63.2
CDF91837.1	CP097132.1	39.483	271	470	12	280	156188	155409	5.78e-43	161
CDF91837.1	CP097132.1	23.718	312	470	21	265	152727	151801	3.23e-17	83.6
CDF91837.1	CP097132.1	28.571	217	470	15	220	110545	111189	4.20e-15	77.0
CDF91837.1	CP097146.1	36.179	246	470	35	269	79934	80662	9.25e-42	158
CDF91837.1	CP097146.1	34.701	268	470	21	269	743003	743788	5.39e-36	140
CDF91837.1	CP097146.1	26.113	337	470	13	329	98287	99276	2.65e-22	99.4
CDF91837.1	CP097146.1	27.473	273	470	15	275	264578	263772	7.42e-22	98.2
CDF91837.1	CP097146.1	28.111	217	470	6	213	745687	746322	6.56e-17	82.8
CDF91837.1	CP097146.1	28.070	228	470	16	214	959443	958775	2.28e-16	80.9
CDF91837.1	CP097146.1	27.354	223	470	12	212	53800	53168	7.63e-15	76.3
CDF91837.1	CP097146.1	27.523	218	470	15	220	214611	215255	1.79e-13	71.6
CDF91837.1	CP097145.1	34.364	291	470	11	270	71041	71895	1.94e-40	154
CDF91837.1	CP097145.1	30.634	284	470	21	264	676229	675384	2.01e-29	121
CDF91837.1	CP097145.1	28.873	284	470	19	268	704609	705439	4.06e-23	102
CDF91837.1	CP097145.1	29.442	197	470	86	265	563291	563860	9.83e-15	75.9
CDF91837.1	CP097145.1	26.047	215	470	21	220	57944	57327	1.68e-11	65.5
CDF91837.1	CP097145.1	30.345	145	470	19	160	334653	335078	6.51e-11	63.5
CDF91838.1	CP097135.1	50.825	303	515	213	499	1472775	1471876	3.02e-87	292
CDF91838.1	CP097140.1	35.948	153	515	181	327	251800	251363	1.92e-13	72.0
CDF91840.1	CP097140.1	33.613	238	229	2	226	390465	389758	1.43e-40	146
CDF91841.1	CP097135.1	55.604	455	462	1	449	1475389	1476696	3.13e-160	501
CDF91842.1	CP097135.1	70.799	363	363	4	363	1482533	1483588	3.55e-153	476
CDF91843.1	CP097134.1	58.879	321	322	7	322	38634	37678	4.12e-125	393
CDF91843.1	CP097135.1	56.231	329	322	4	322	1482063	1481083	1.05e-115	366
CDF91844.1	CP097135.1	79.365	126	127	1	126	1480837	1480460	1.59e-67	218
CDF91845.1	CP097134.1	39.019	428	420	1	415	35231	34002	3.39e-91	300
CDF91846.1	CP097134.1	71.770	836	836	1	829	31287	33788	0.0	1203
CDF91846.1	CP097133.1	43.056	216	836	7	212	345813	345169	9.37e-41	161
CDF91846.1	CP097138.1	35.714	98	836	14	108	267100	266810	3.60e-11	65.9
CDF91847.1	CP097134.1	76.797	306	317	12	317	27851	28768	2.76e-168	516
CDF91850.1	CP097134.1	59.429	700	714	22	713	24637	26736	0.0	859
CDF91850.1	CP097142.1	26.571	557	714	174	698	191403	189763	1.21e-41	162
CDF91851.1	CP097134.1	63.158	95	84	1	82	24164	23880	7.13e-33	117
CDF91852.1	CP097134.1	33.684	95	112	20	112	23482	23760	4.48e-11	56.6
CDF91853.1	CP097134.1	84.713	314	314	1	313	23217	22276	2.11e-175	537
CDF91854.1	CP097134.1	38.806	871	944	150	915	21248	18768	1.93e-113	384
CDF91855.1	CP097134.1	39.551	445	425	4	422	17143	18387	5.46e-58	204
CDF91857.1	CP097143.1	41.872	203	209	4	194	227004	226411	2.71e-44	156
CDF91858.1	CP097143.1	44.939	247	250	4	240	227246	227956	1.05e-57	196
CDF91859.1	CP097137.1	75.100	502	495	1	495	77001	75496	0.0	787
CDF91860.1	CP097143.1	52.449	490	847	12	492	230906	229515	2.73e-155	503
CDF91860.1	CP097143.1	44.318	176	847	644	819	229325	228855	1.52e-35	145
CDF91862.1	CP097137.1	37.037	837	755	4	752	72974	75346	1.50e-124	410
CDF91864.1	CP097137.1	48.095	1050	1040	1	1028	69208	66137	0.0	947
CDF91865.1	CP097137.1	48.098	368	452	1	354	64572	65675	3.22e-104	339
CDF91866.1	CP097137.1	34.195	503	556	47	540	63757	62411	1.99e-84	286
CDF91867.1	CP097143.1	67.742	496	669	185	669	232774	231311	0.0	694
CDF91868.1	CP097137.1	66.545	275	276	3	266	62172	61348	5.22e-117	367
CDF91869.1	CP097143.1	65.395	367	366	1	366	233891	234985	4.24e-166	513
CDF91870.1	CP097137.1	43.889	360	367	13	364	61093	60038	8.44e-93	302
CDF91870.1	CP097133.1	30.741	270	367	24	287	540291	540917	4.42e-17	81.6
CDF91870.1	CP097133.1	28.488	172	367	131	299	184726	185214	5.38e-13	69.3
CDF91870.1	CP097133.1	34.821	112	367	123	230	275325	274999	3.09e-11	63.5
CDF91870.1	CP097147.1	30.244	205	367	40	244	480061	479561	2.02e-15	76.6
CDF91870.1	CP097147.1	34.234	111	367	131	240	654277	654603	8.76e-15	74.7
CDF91870.1	CP097147.1	25.993	277	367	28	289	848237	847572	2.35e-13	70.5
CDF91870.1	CP097147.1	24.599	187	367	46	232	461336	460884	4.39e-12	66.2
CDF91870.1	CP097142.1	30.872	149	367	135	283	184358	184717	7.74e-14	71.6
CDF91870.1	CP097142.1	36.893	103	367	131	232	150839	150549	7.02e-11	62.4
CDF91870.1	CP097135.1	39.831	118	367	135	242	1379364	1379699	3.09e-13	70.1
CDF91870.1	CP097135.1	27.500	240	367	50	289	273958	274500	3.11e-12	66.6
CDF91872.1	CP097143.1	38.293	867	797	1	781	235336	237879	9.88e-167	534
CDF91873.1	CP097143.1	87.420	469	469	1	469	239431	238025	0.0	877
CDF91873.1	CP097133.1	60.128	469	469	5	468	716009	717409	0.0	583
CDF91874.1	CP097137.1	58.201	378	370	2	370	58816	59949	6.56e-142	444
CDF91875.1	CP097143.1	66.321	193	251	33	219	240428	239850	3.77e-85	275
CDF91876.1	CP097137.1	48.756	1768	1569	30	1569	56264	51072	0.0	1373
CDF91876.1	CP097137.1	29.221	154	1569	694	843	149279	148821	1.94e-11	67.8
CDF91876.1	CP097145.1	46.497	157	1569	694	850	334635	335099	4.01e-37	152
CDF91876.1	CP097145.1	36.957	138	1569	990	1126	705140	705520	4.01e-25	113
CDF91876.1	CP097145.1	38.971	136	1569	992	1124	335304	335687	6.00e-25	112
CDF91876.1	CP097145.1	33.000	200	1569	648	842	704450	705040	1.07e-24	111
CDF91876.1	CP097145.1	30.986	142	1569	702	843	676229	675804	1.64e-15	81.3
CDF91876.1	CP097145.1	26.277	274	1569	619	841	70747	71559	7.23e-12	69.3
CDF91876.1	CP097138.1	42.675	157	1569	691	847	661005	661469	1.72e-30	130
CDF91876.1	CP097138.1	36.029	136	1569	992	1125	661620	662009	9.78e-17	85.5
CDF91876.1	CP097138.1	31.515	165	1569	693	842	172378	171884	1.63e-13	74.7
CDF91876.1	CP097147.1	39.583	192	1569	663	847	735596	736165	1.84e-30	130
CDF91876.1	CP097147.1	36.842	152	1569	692	843	160712	161164	1.85e-29	127
CDF91876.1	CP097147.1	36.601	153	1569	992	1139	161195	161626	1.26e-22	104
CDF91876.1	CP097147.1	32.667	150	1569	992	1139	736316	736726	1.64e-17	88.2
CDF91876.1	CP097147.1	33.835	133	1569	710	842	151502	151107	7.66e-17	85.9
CDF91876.1	CP097147.1	28.916	166	1569	682	844	257569	257081	1.20e-16	85.1
CDF91876.1	CP097147.1	32.121	165	1569	687	844	480208	479729	7.10e-14	75.9
CDF91876.1	CP097147.1	30.128	156	1569	693	848	262222	262665	1.00e-13	75.5
CDF91876.1	CP097147.1	29.221	154	1569	695	842	282318	281863	1.19e-12	72.0
CDF91876.1	CP097147.1	31.847	157	1569	696	841	279861	279394	1.72e-11	68.2
CDF91876.1	CP097147.1	33.333	120	1569	977	1096	151109	150789	2.08e-11	67.8
CDF91876.1	CP097141.1	33.537	164	1569	680	843	115613	115125	1.93e-29	127
CDF91876.1	CP097141.1	31.765	170	1569	680	843	255469	255978	1.56e-21	101
CDF91876.1	CP097141.1	35.652	115	1569	992	1104	115094	114777	1.88e-19	94.4
CDF91877.1	CP097143.1	77.143	595	594	1	594	241011	242795	0.0	982
CDF91878.1	CP097137.1	55.467	1125	1068	1	1068	47426	50644	0.0	1095
CDF91879.1	CP097143.1	87.037	108	119	5	112	243626	243949	3.04e-49	166
CDF91879.1	CP097137.1	84.259	108	119	5	112	46548	46225	1.29e-48	164
CDF91880.1	CP097143.1	52.454	326	315	5	314	244311	245276	5.16e-107	341
CDF91881.1	CP097137.1	81.139	281	274	7	274	45809	44973	1.58e-147	455
CDF91881.1	CP097140.1	34.483	174	274	96	267	150914	151435	2.33e-34	130
CDF91882.1	CP097137.1	63.756	1363	1310	1	1310	40726	44778	0.0	1775
CDF91883.1	CP097143.1	47.925	265	259	3	259	245511	246302	2.60e-71	236
CDF91885.1	CP097137.1	88.517	209	209	1	209	37942	37325	5.74e-121	375
CDF91885.1	CP097137.1	48.780	205	209	5	209	112700	113296	7.86e-59	197
CDF91885.1	CP097136.1	46.047	215	209	4	209	211623	210979	5.62e-52	178
CDF91885.1	CP097138.1	44.393	214	209	4	209	101809	102450	4.22e-50	172
CDF91885.1	CP097138.1	36.810	163	209	9	169	782572	782087	4.13e-27	106
CDF91885.1	CP097146.1	34.804	204	209	9	209	460157	459555	2.86e-35	130
CDF91885.1	CP097146.1	31.677	161	209	9	169	651464	650991	2.62e-23	95.9
CDF91885.1	CP097146.1	35.393	178	209	9	185	484624	485130	5.74e-23	94.7
CDF91885.1	CP097144.1	38.421	190	209	1	183	250222	250779	7.09e-35	129
CDF91885.1	CP097144.1	25.980	204	209	13	190	140472	139867	1.30e-15	73.6
CDF91886.1	CP097143.1	39.011	182	173	1	173	246946	246404	2.56e-38	137
CDF91887.1	CP097137.1	98.387	372	375	4	375	36334	35219	0.0	769
CDF91887.1	CP097139.1	47.222	360	375	8	364	349607	348528	6.62e-114	363
CDF91887.1	CP097135.1	46.154	377	375	8	368	405384	406514	1.00e-113	363
CDF91887.1	CP097141.1	36.036	444	375	7	372	551543	550239	2.00e-73	247
CDF91887.1	CP097141.1	25.862	290	375	4	264	289977	289129	5.40e-23	99.8
CDF91887.1	CP097141.1	36.301	146	375	224	366	288990	288577	2.22e-21	95.1
CDF91887.1	CP097145.1	28.261	230	375	6	228	515682	515008	5.48e-24	102
CDF91888.1	CP097137.1	39.235	497	509	5	497	33369	34856	1.02e-123	397
CDF91888.1	CP097137.1	19.444	504	509	14	506	94856	96328	2.28e-19	90.9
CDF91888.1	CP097135.1	21.609	435	509	48	474	1492651	1493892	3.09e-24	105
CDF91888.1	CP097135.1	23.112	437	509	59	478	219867	221102	1.53e-18	88.2
CDF91888.1	CP097135.1	21.250	480	509	14	474	1145401	1144022	4.92e-18	86.7
CDF91888.1	CP097135.1	20.868	484	509	11	474	118033	119409	2.33e-17	84.3
CDF91888.1	CP097135.1	20.632	475	509	14	471	1429094	1427733	4.07e-17	83.6
CDF91888.1	CP097135.1	21.097	474	509	14	474	1154142	1152763	4.18e-17	83.6
CDF91888.1	CP097135.1	21.042	480	509	14	474	1150793	1149414	6.46e-17	83.2
CDF91888.1	CP097135.1	20.000	520	509	15	494	13368	11872	1.75e-15	78.6
CDF91888.1	CP097135.1	22.759	435	509	38	462	109063	107837	5.39e-14	73.6
CDF91888.1	CP097143.1	21.195	519	509	13	505	270453	271919	1.91e-20	94.4
CDF91888.1	CP097144.1	19.590	439	509	14	437	271303	272571	4.30e-19	90.1
CDF91888.1	CP097139.1	20.545	477	509	14	474	274086	272707	5.17e-19	89.7
CDF91888.1	CP097139.1	21.795	468	509	19	474	277903	276539	3.18e-17	84.0
CDF91888.1	CP097139.1	20.213	470	509	19	475	281659	280292	2.01e-14	75.1
CDF91889.1	CP097143.1	51.630	184	186	1	183	247197	247742	2.55e-62	206
CDF91890.1	CP097143.1	45.614	969	941	1	939	250741	247844	0.0	890
CDF91891.1	CP097141.1	40.878	296	997	716	997	404391	403504	1.30e-65	241
CDF91891.1	CP097141.1	37.915	211	997	1	183	406910	406296	7.51e-31	130
CDF91892.1	CP097143.1	58.000	150	151	1	150	251036	251485	4.92e-50	169
CDF91893.1	CP097143.1	83.014	730	762	33	762	253847	251661	0.0	1296
CDF91893.1	CP097143.1	34.783	161	762	67	225	706899	707363	3.99e-19	91.7
CDF91893.1	CP097141.1	35.104	527	762	67	551	236158	237708	1.17e-78	275
CDF91893.1	CP097146.1	37.500	152	762	67	206	544454	544894	8.44e-19	90.5
CDF91893.1	CP097135.1	37.500	152	762	67	206	1227035	1227475	8.44e-19	90.5
CDF91893.1	CP097145.1	38.411	151	762	70	207	330994	330566	4.04e-14	75.5
CDF91894.1	CP097137.1	67.541	610	618	4	611	31106	32929	0.0	877
CDF91894.1	CP097144.1	46.865	606	618	5	608	360022	361791	1.11e-173	546
CDF91894.1	CP097135.1	29.391	558	618	19	518	1445427	1443853	2.46e-51	190
CDF91895.1	CP097143.1	58.165	1090	1042	1	1020	258650	255423	0.0	1252
CDF91896.1	CP097137.1	39.927	546	811	173	710	29421	27928	4.10e-122	405
CDF91896.1	CP097143.1	44.570	442	811	269	702	259351	260613	4.50e-111	372
CDF91896.1	CP097135.1	29.493	434	811	270	698	1112691	1111567	4.61e-44	171
CDF91896.1	CP097135.1	32.323	198	811	537	732	1111413	1110865	3.19e-24	108
CDF91896.1	CP097139.1	46.281	121	811	270	388	250718	250356	4.82e-30	127
CDF91896.1	CP097139.1	34.274	248	811	483	725	250220	249492	8.19e-29	123
CDF91896.1	CP097139.1	27.660	282	811	542	811	249404	248601	2.24e-21	99.4
CDF91897.1	CP097137.1	48.867	309	307	1	306	27513	26611	9.01e-91	294
CDF91898.1	CP097143.1	74.126	143	165	1	143	262484	262056	5.97e-71	230
CDF91899.1	CP097143.1	91.855	221	223	1	221	262952	263614	5.00e-139	428
CDF91901.1	CP097137.1	72.330	206	207	4	207	24772	25389	3.85e-98	310
CDF91902.1	CP097143.1	42.593	594	580	1	578	263897	265639	4.17e-142	454
CDF91903.1	CP097143.1	50.000	238	248	2	230	266493	265819	2.14e-62	209
CDF91904.1	CP097143.1	37.329	292	281	1	269	266846	267697	1.44e-37	139
CDF91905.1	CP097137.1	58.091	618	722	109	717	22681	24513	0.0	758
CDF91905.1	CP097137.1	58.871	124	722	1	122	22374	22745	4.23e-40	158
CDF91907.1	CP097137.1	55.455	440	419	1	419	22115	20799	3.47e-161	501
CDF91907.1	CP097143.1	43.198	419	419	6	419	268032	269276	1.76e-104	338
CDF91908.1	CP097137.1	48.803	543	539	6	529	18828	20453	2.26e-149	473
CDF91909.1	CP097144.1	63.736	364	366	1	364	4914	6002	5.58e-150	466
CDF91910.1	CP097138.1	61.266	395	393	1	393	28264	29385	1.99e-156	486
CDF91910.1	CP097143.1	31.618	408	393	41	393	384046	382832	1.98e-60	210
CDF91915.1	CP097143.1	59.894	379	409	23	400	12143	11010	3.03e-156	486
CDF91916.1	CP097135.1	36.479	551	553	5	545	953566	955176	1.36e-94	315
CDF91916.1	CP097133.1	35.821	134	553	124	257	622068	621670	1.50e-12	69.3
CDF91917.1	CP097139.1	35.199	679	669	2	618	64446	62416	1.60e-128	418
CDF91918.1	CP097146.1	68.023	516	516	1	513	1012927	1014459	0.0	711
CDF91918.1	CP097144.1	40.734	518	516	12	509	32988	34508	1.30e-108	354
CDF91918.1	CP097144.1	39.167	480	516	45	516	798307	796889	1.59e-98	325
CDF91919.1	CP097146.1	30.748	361	357	11	346	18153	19154	1.45e-30	122
CDF91919.1	CP097135.1	29.050	358	357	9	346	1505053	1504046	4.18e-27	111
CDF91919.1	CP097138.1	28.075	374	357	11	345	222381	223382	1.02e-25	107
CDF91919.1	CP097138.1	25.926	243	357	122	347	434285	434950	5.22e-20	60.5
CDF91919.1	CP097138.1	32.031	128	357	7	120	433930	434274	5.22e-20	53.9
CDF91920.1	CP097146.1	25.905	359	471	43	387	33344	34303	1.09e-18	88.2
CDF91920.1	CP097145.1	26.923	286	471	44	311	729037	729876	3.18e-16	80.5
CDF91920.1	CP097143.1	24.648	284	471	103	383	998596	999384	2.97e-15	77.4
CDF91922.1	CP097143.1	41.732	254	258	5	254	375547	374816	2.22e-58	198
CDF91924.1	CP097133.1	55.839	548	534	1	533	240190	238556	0.0	641
CDF91924.1	CP097133.1	25.069	363	534	49	376	570055	571077	2.05e-18	88.2
CDF91924.1	CP097133.1	28.144	167	534	105	271	303638	303144	1.17e-13	72.8
CDF91924.1	CP097139.1	30.040	506	534	37	532	188878	190362	1.19e-66	233
CDF91924.1	CP097146.1	27.930	512	534	54	532	805975	804488	1.79e-59	212
CDF91924.1	CP097143.1	28.392	479	534	64	532	70633	72021	4.13e-59	211
CDF91924.1	CP097147.1	29.231	520	534	25	531	775361	776845	5.25e-53	193
CDF91925.1	CP097142.1	33.261	460	664	7	447	5894	4524	6.54e-76	265
CDF91925.1	CP097146.1	27.504	669	664	3	623	623626	625599	3.35e-53	197
CDF91925.1	CP097146.1	22.899	690	664	7	630	611226	609223	7.99e-40	156
CDF91925.1	CP097143.1	26.018	442	664	8	423	663068	661821	5.72e-24	106
CDF91926.1	CP097146.1	49.555	337	343	1	336	18147	19154	2.15e-104	335
CDF91926.1	CP097135.1	51.039	337	343	2	336	1505050	1504046	7.49e-103	330
CDF91926.1	CP097138.1	45.954	346	343	2	341	222378	223400	1.57e-94	306
CDF91926.1	CP097138.1	40.084	237	343	110	341	434264	434962	8.52e-76	186
CDF91926.1	CP097138.1	55.556	108	343	3	110	433942	434265	8.52e-76	115
CDF91927.1	CP097140.1	42.636	129	260	129	256	23802	24167	8.16e-22	93.2
CDF91928.1	CP097140.1	67.146	417	411	1	411	25483	24233	0.0	585
CDF91928.1	CP097147.1	35.854	410	411	19	411	485339	486550	8.24e-58	203
CDF91929.1	CP097140.1	49.153	590	1356	789	1356	28372	29964	2.18e-161	538
CDF91929.1	CP097145.1	34.917	484	1356	808	1273	132299	130869	1.40e-84	305
CDF91930.1	CP097142.1	41.096	365	333	5	329	639384	638335	8.50e-67	226
CDF91930.1	CP097140.1	31.579	133	333	1	133	30216	30527	1.54e-12	67.4
CDF91931.1	CP097140.1	56.291	151	179	22	172	31437	30985	4.38e-56	188
CDF91932.1	CP097140.1	78.261	69	73	5	73	31782	31988	1.46e-33	119
CDF91933.1	CP097142.1	39.759	747	747	3	684	635291	637459	2.80e-137	446
CDF91934.1	CP097140.1	44.963	1092	1038	7	1037	32153	35305	0.0	860
CDF91934.1	CP097142.1	48.560	486	1038	554	1037	633796	632489	1.08e-139	464
CDF91934.1	CP097142.1	40.940	149	1038	15	163	634594	634151	1.30e-28	123
CDF91934.1	CP097136.1	25.182	548	1038	326	818	449669	448098	1.64e-32	136
CDF91934.1	CP097135.1	32.773	238	1038	580	805	611190	610513	6.97e-27	117
CDF91934.1	CP097141.1	28.846	208	1038	576	765	69541	70134	6.29e-13	72.0
CDF91935.1	CP097140.1	64.803	608	643	47	643	37570	35747	0.0	798
CDF91936.1	CP097140.1	52.528	356	347	5	347	39003	37969	1.64e-84	278
CDF91937.1	CP097140.1	56.734	349	410	9	351	39219	40262	2.57e-126	400
CDF91937.1	CP097147.1	34.629	283	410	52	325	259065	259901	9.85e-40	150
CDF91938.1	CP097142.1	83.364	547	548	1	547	630574	632214	0.0	981
CDF91940.1	CP097142.1	59.459	962	1255	310	1255	627021	629801	0.0	1115
CDF91940.1	CP097140.1	53.389	959	1255	307	1255	44097	41335	0.0	1035
CDF91941.1	CP097142.1	57.333	75	84	10	84	625402	625626	4.81e-25	95.1
CDF91943.1	CP097140.1	50.515	582	573	1	572	46722	45010	0.0	580
CDF91944.1	CP097142.1	40.696	1752	1815	22	1717	619295	624427	0.0	1077
CDF91944.1	CP097140.1	28.282	1828	1815	22	1806	52049	47025	1.14e-149	514
CDF91945.1	CP097140.1	99.200	125	128	4	128	53147	53521	8.08e-80	253
CDF91945.1	CP097142.1	99.200	125	128	4	128	617796	617422	8.40e-80	253
CDF91945.1	CP097143.1	98.701	77	128	1	77	50671	50441	6.51e-46	157
CDF91945.1	CP097143.1	98.701	77	128	1	77	50443	50213	8.53e-46	156
CDF91945.1	CP097143.1	98.701	77	128	1	77	50215	49985	8.53e-46	156
CDF91945.1	CP097143.1	98.701	77	128	1	77	49987	49757	8.53e-46	156
CDF91945.1	CP097143.1	98.701	77	128	1	77	49759	49529	8.53e-46	156
CDF91945.1	CP097143.1	100.000	76	128	1	76	49531	49304	1.36e-45	155
CDF91945.1	CP097143.1	100.000	76	128	1	76	495510	495737	1.51e-45	155
CDF91945.1	CP097135.1	56.000	50	128	1	50	753164	753015	3.47e-14	62.0
CDF91945.1	CP097135.1	34.286	70	128	51	114	752941	752738	3.47e-14	30.0
CDF91946.1	CP097140.1	58.615	1213	1131	10	1095	57417	53815	0.0	1246
CDF91947.1	CP097140.1	37.689	528	496	7	496	59674	58178	4.52e-89	297
CDF91948.1	CP097142.1	70.556	540	617	54	588	615324	616940	0.0	796
CDF91949.1	CP097140.1	45.172	290	294	27	291	61202	60357	1.01e-68	230
CDF91950.1	CP097140.1	50.226	665	671	12	660	62095	64068	0.0	662
CDF91951.1	CP097140.1	83.740	861	858	1	858	67032	64504	0.0	1465
CDF91952.1	CP097142.1	83.333	90	522	433	522	612420	612151	7.62e-49	180
CDF91953.1	CP097146.1	38.272	243	406	56	281	448767	449333	7.62e-29	118
CDF91953.1	CP097142.1	35.079	191	406	104	278	611254	611739	2.21e-17	83.2
CDF91954.1	CP097142.1	38.760	516	683	284	681	609011	610543	9.03e-98	329
CDF91954.1	CP097142.1	40.288	139	683	1	130	608429	608797	2.95e-11	65.9
CDF91956.1	CP097139.1	49.787	235	695	33	245	353130	352426	1.69e-69	246
CDF91956.1	CP097145.1	40.000	140	695	569	693	354230	353844	4.60e-22	100
CDF91957.1	CP097147.1	31.956	363	428	47	391	312722	311667	9.74e-48	174
CDF91959.1	CP097139.1	57.825	377	382	3	379	349637	348507	1.55e-147	460
CDF91959.1	CP097137.1	47.027	370	382	13	381	36322	35222	1.30e-115	369
CDF91959.1	CP097135.1	35.200	375	382	13	372	405384	406502	4.47e-74	249
CDF91959.1	CP097141.1	29.252	441	382	6	372	551561	550263	7.46e-45	164
CDF91959.1	CP097141.1	25.751	233	382	13	243	289965	289312	5.32e-16	78.6
CDF91959.1	CP097141.1	31.915	94	382	281	372	288864	288583	1.06e-11	65.5
CDF91959.1	CP097145.1	27.572	243	382	4	237	515709	515002	5.35e-18	84.7
CDF91960.1	CP097139.1	84.722	216	216	1	216	347611	348258	8.51e-125	387
CDF91960.1	CP097145.1	32.500	200	216	9	201	642904	643500	1.79e-25	102
CDF91961.1	CP097145.1	62.281	114	118	5	116	352045	352377	2.13e-43	149
CDF91962.1	CP097145.1	32.296	257	241	1	241	351667	350906	1.21e-34	129
CDF91963.1	CP097145.1	40.909	110	139	9	118	350749	350435	1.41e-22	90.9
CDF91964.1	CP097145.1	61.345	238	240	13	240	349478	348765	1.07e-71	236
CDF91965.1	CP097145.1	50.827	423	395	1	395	347309	348532	6.65e-115	367
CDF91966.1	CP097145.1	46.287	1616	1579	21	1579	366627	361906	0.0	1408
CDF91967.1	CP097145.1	50.000	62	82	11	72	367167	367352	3.71e-16	69.7
CDF91968.1	CP097139.1	43.038	237	190	1	184	346409	347116	2.23e-45	158
CDF91969.1	CP097145.1	58.131	535	537	6	537	367732	369297	0.0	617
CDF91970.1	CP097145.1	63.860	487	482	1	482	371034	369577	0.0	634
CDF91971.1	CP097145.1	49.689	161	305	1	142	371347	371799	1.22e-45	164
CDF91972.1	CP097145.1	90.351	114	114	1	114	373205	372864	3.94e-67	216
CDF91972.1	CP097135.1	54.286	105	114	11	114	1464802	1465116	1.85e-30	112
CDF91972.1	CP097143.1	40.708	113	114	2	114	1017509	1017838	2.01e-21	86.3
CDF91972.1	CP097144.1	41.593	113	114	2	114	115114	114785	4.73e-21	85.5
CDF91973.1	CP097145.1	55.882	374	370	2	370	374551	373436	7.11e-131	412
CDF91973.1	CP097143.1	54.400	375	370	1	370	1047034	1045916	2.41e-123	390
CDF91973.1	CP097134.1	53.867	375	370	1	370	304563	303445	4.19e-122	387
CDF91976.1	CP097143.1	69.437	373	417	43	415	12119	11001	2.24e-179	553
CDF91977.1	CP097147.1	86.834	319	319	1	319	39623	40576	0.0	586
CDF91978.1	CP097147.1	39.111	225	223	1	223	38671	39294	1.93e-37	137
CDF91979.1	CP097147.1	52.109	806	821	25	820	35960	38341	0.0	803
CDF91980.1	CP097147.1	37.349	581	572	13	540	33569	35287	4.29e-107	352
CDF91981.1	CP097147.1	65.650	754	730	3	730	31080	33296	0.0	931
CDF91981.1	CP097147.1	27.863	262	730	399	640	268912	269637	3.75e-14	75.5
CDF91981.1	CP097143.1	44.624	679	730	1	667	524898	526910	9.40e-174	551
CDF91981.1	CP097143.1	26.439	556	730	142	658	28199	26619	6.24e-35	142
CDF91981.1	CP097143.1	28.022	546	730	146	658	105232	106821	8.08e-34	138
CDF91981.1	CP097143.1	22.385	478	730	188	647	30128	28755	3.41e-21	98.2
CDF91981.1	CP097143.1	22.368	532	730	230	721	103483	104970	1.73e-19	92.8
CDF91981.1	CP097142.1	30.314	541	730	156	669	44280	42700	3.96e-56	207
CDF91981.1	CP097142.1	28.723	564	730	174	709	46275	44656	1.02e-49	187
CDF91981.1	CP097142.1	22.338	385	730	157	520	655149	656243	4.48e-16	81.6
CDF91981.1	CP097142.1	28.782	271	730	427	675	654063	654863	3.25e-15	79.0
CDF91981.1	CP097144.1	29.583	551	730	139	665	841328	839763	2.57e-53	199
CDF91981.1	CP097139.1	29.755	531	730	170	655	19763	18258	5.12e-40	158
CDF91981.1	CP097139.1	24.520	469	730	202	652	21614	20259	9.02e-18	87.0
CDF91982.1	CP097147.1	48.387	62	62	1	62	30581	30766	8.36e-18	73.6
CDF91983.1	CP097136.1	49.062	1066	1046	1	1044	47769	44716	0.0	902
CDF91984.1	CP097136.1	52.482	564	550	2	547	39486	41147	4.99e-179	558
CDF91986.1	CP097135.1	37.500	424	417	7	417	1091879	1093114	4.60e-75	253
CDF91987.1	CP097144.1	80.137	730	801	74	801	347419	345230	0.0	1229
CDF91988.1	CP097144.1	53.571	140	207	22	152	344198	344605	2.12e-37	136
CDF91989.1	CP097144.1	42.632	1269	1204	1	1200	343838	340515	0.0	637
CDF91989.1	CP097142.1	40.038	1054	1204	207	1202	310664	313420	8.68e-137	460
CDF91989.1	CP097142.1	33.074	514	1204	455	815	310619	312115	1.08e-14	78.2
CDF91989.1	CP097138.1	41.216	148	1204	1061	1200	352221	352655	1.37e-23	107
CDF91989.1	CP097138.1	40.773	233	1204	605	805	716485	715862	5.96e-12	69.3
CDF91989.1	CP097138.1	36.000	250	1204	259	496	350925	351473	7.80e-12	68.9
CDF91989.1	CP097138.1	38.519	270	1204	494	734	716584	715883	3.04e-11	67.0
CDF91989.1	CP097138.1	38.326	227	1204	406	616	350925	351476	4.02e-11	66.6
CDF91989.1	CP097138.1	36.014	286	1204	553	810	350814	351572	4.44e-11	66.2
CDF91990.1	CP097144.1	43.460	474	419	1	398	338440	339774	6.33e-109	351
CDF91991.1	CP097144.1	89.899	99	226	1	99	336917	337207	4.91e-52	179
CDF91991.1	CP097144.1	61.290	93	226	20	112	335885	336163	2.31e-31	119
CDF91992.1	CP097144.1	74.725	91	118	27	117	335858	336130	5.05e-43	148
CDF91992.1	CP097144.1	59.000	100	118	20	114	336905	337204	7.90e-35	124
CDF91993.1	CP097142.1	77.483	151	152	2	152	314512	314964	1.11e-79	254
CDF91995.1	CP097144.1	60.299	335	337	2	336	335021	334017	2.70e-135	423
CDF91996.1	CP097142.1	47.980	198	224	14	210	316710	316177	3.62e-54	185
CDF91996.1	CP097144.1	45.652	138	224	1	135	333426	333821	1.30e-30	117
CDF91997.1	CP097144.1	50.704	284	245	1	237	332567	331716	2.93e-74	243
CDF91998.1	CP097142.1	57.751	987	928	2	928	317465	320365	0.0	978
CDF91998.1	CP097146.1	38.636	308	928	617	907	50362	51168	1.26e-55	209
CDF91998.1	CP097146.1	36.765	136	928	395	530	50080	50355	6.80e-19	91.3
CDF91998.1	CP097137.1	40.000	190	928	772	920	15994	15428	1.44e-39	158
CDF91998.1	CP097137.1	56.667	90	928	617	706	16273	16004	4.65e-26	114
CDF91998.1	CP097137.1	36.765	136	928	395	530	16555	16280	3.56e-19	92.4
CDF91999.1	CP097142.1	46.825	126	277	1	123	321212	320835	2.29e-27	110
CDF92000.1	CP097142.1	34.864	479	566	136	566	323501	324811	1.84e-61	219
CDF92000.1	CP097144.1	32.340	470	566	168	566	328790	327450	3.95e-43	164
CDF92000.1	CP097144.1	36.471	85	566	484	563	99545	99790	6.19e-12	67.4
CDF92000.1	CP097136.1	59.649	57	566	504	560	417832	417662	1.67e-17	85.5
CDF92000.1	CP097136.1	51.613	62	566	503	562	208728	208546	2.28e-14	75.5
CDF92000.1	CP097138.1	48.333	60	566	503	560	103881	104057	4.51e-13	71.2
CDF92000.1	CP097135.1	48.148	54	566	504	557	664750	664911	9.83e-12	66.6
CDF92001.1	CP097142.1	49.771	436	796	5	424	348749	347442	9.21e-130	426
CDF92001.1	CP097142.1	22.432	370	796	21	382	135932	135027	5.68e-16	81.6
CDF92001.1	CP097142.1	25.309	324	796	77	386	249381	250229	3.64e-14	75.5
CDF92001.1	CP097142.1	25.475	263	796	154	389	207041	207718	3.52e-11	65.9
CDF92001.1	CP097136.1	33.663	303	796	74	357	414203	415009	6.62e-36	145
CDF92001.1	CP097138.1	29.752	363	796	24	375	172492	171578	7.31e-33	136
CDF92001.1	CP097138.1	23.140	363	796	76	396	167556	168482	1.29e-19	93.6
CDF92001.1	CP097147.1	27.761	335	796	71	386	279879	279061	1.45e-21	99.8
CDF92001.1	CP097147.1	27.414	321	796	62	380	262198	262935	5.00e-20	94.7
CDF92001.1	CP097147.1	24.534	322	796	65	382	160688	161443	1.81e-16	83.2
CDF92001.1	CP097147.1	25.843	178	796	219	394	151247	150777	1.95e-11	66.6
CDF92001.1	CP097134.1	27.679	336	796	63	386	78980	79810	1.47e-20	96.3
CDF92001.1	CP097134.1	25.108	231	796	162	382	274498	275133	9.23e-13	70.9
CDF92002.1	CP097144.1	39.086	394	550	176	545	326046	324904	5.34e-66	232
CDF92003.1	CP097144.1	54.938	162	172	2	163	324199	324684	3.17e-67	220
CDF92003.1	CP097144.1	26.582	158	172	4	144	534116	533679	1.46e-13	66.2
CDF92004.1	CP097144.1	59.059	425	452	10	434	323737	322505	1.02e-169	527
CDF92004.1	CP097135.1	52.055	73	452	315	380	847773	847991	2.74e-14	74.3
CDF92005.1	CP097144.1	61.135	458	462	11	462	320946	322316	1.18e-176	548
CDF92006.1	CP097142.1	48.523	237	197	1	197	346392	345706	6.75e-59	197
CDF92006.1	CP097145.1	57.732	97	197	99	195	584583	584864	2.05e-30	115
CDF92006.1	CP097133.1	57.732	97	197	99	195	242436	242717	2.99e-30	115
CDF92007.1	CP097144.1	49.782	689	650	1	649	318340	320334	0.0	611
CDF92008.1	CP097144.1	39.373	734	889	1	714	317785	315647	3.59e-132	437
CDF92008.1	CP097142.1	27.681	690	889	1	652	345248	343236	1.24e-52	199
CDF92009.1	CP097142.1	56.886	334	352	4	330	340955	341917	1.15e-118	376
CDF92010.1	CP097146.1	58.459	532	574	39	570	12921	11341	0.0	655
CDF92010.1	CP097141.1	55.240	563	574	18	570	102449	104125	0.0	645
CDF92013.1	CP097144.1	83.036	112	498	212	323	287412	287077	1.97e-62	219
CDF92013.1	CP097142.1	81.481	108	498	212	319	356918	357241	4.53e-58	207
CDF92014.1	CP097144.1	45.946	703	788	102	787	296083	298044	0.0	643
CDF92014.1	CP097144.1	50.000	66	788	5	70	295414	295599	1.91e-14	76.6
CDF92015.1	CP097142.1	72.244	508	498	1	489	353121	354644	0.0	756
CDF92016.1	CP097144.1	58.954	497	505	7	492	298449	299930	0.0	594
CDF92017.1	CP097144.1	41.943	422	366	1	353	301463	300222	1.38e-94	307
CDF92018.1	CP097144.1	89.697	165	165	1	165	301725	302219	1.35e-99	312
CDF92018.1	CP097135.1	40.123	162	165	4	162	553589	553107	1.07e-36	132
CDF92018.1	CP097135.1	34.848	132	165	26	157	560892	560539	1.39e-22	92.0
CDF92018.1	CP097135.1	30.405	148	165	7	153	835498	835902	3.54e-19	82.0
CDF92018.1	CP097135.1	32.353	136	165	12	147	655316	655681	8.19e-19	81.3
CDF92018.1	CP097135.1	29.139	151	165	9	155	343621	344040	1.56e-18	80.5
CDF92018.1	CP097138.1	35.802	162	165	1	162	406950	407393	8.38e-35	127
CDF92018.1	CP097138.1	33.775	151	165	2	139	743880	744296	4.22e-18	79.0
CDF92018.1	CP097146.1	39.597	149	165	7	155	928144	927737	1.99e-29	111
CDF92018.1	CP097133.1	34.286	140	165	18	157	387115	386738	3.49e-25	99.4
CDF92019.1	CP097142.1	67.593	432	450	19	450	352198	350906	0.0	629
CDF92019.1	CP097144.1	49.887	443	450	12	450	718505	719830	1.13e-144	455
CDF92020.1	CP097142.1	35.283	547	529	1	529	349091	350638	1.95e-99	328
CDF92021.1	CP097142.1	44.444	108	118	4	111	325471	325794	1.55e-23	92.4
CDF92022.1	CP097144.1	52.772	523	512	4	512	304041	302485	3.38e-179	557
CDF92023.1	CP097144.1	27.734	256	261	45	255	306493	307212	3.29e-13	67.8
CDF92024.1	CP097144.1	49.502	402	381	1	381	308478	307282	1.93e-125	397
CDF92025.1	CP097142.1	81.440	361	361	1	361	327181	326105	0.0	608
CDF92026.1	CP097144.1	65.236	466	457	2	455	308926	310317	0.0	613
CDF92027.1	CP097142.1	67.447	427	433	1	409	329137	327902	0.0	582
CDF92028.1	CP097142.1	85.246	122	122	1	122	329860	330225	1.90e-67	218
CDF92029.1	CP097144.1	51.093	366	365	2	365	310531	311622	2.15e-122	387
CDF92030.1	CP097142.1	45.211	1044	1028	1	1027	333663	330559	0.0	932
CDF92031.1	CP097144.1	32.860	563	566	6	537	313247	311721	9.53e-62	219
CDF92032.1	CP097142.1	82.036	167	167	1	167	334609	334109	2.79e-90	285
CDF92033.1	CP097142.1	44.526	274	265	3	264	335848	335033	1.93e-66	222
CDF92034.1	CP097142.1	57.895	247	731	502	731	336933	336232	2.36e-44	171
CDF92036.1	CP097142.1	81.928	83	85	1	83	339089	338841	3.78e-45	152
CDF92040.1	CP097135.1	40.286	350	334	6	323	205784	204762	6.42e-64	218
CDF92042.1	CP097136.1	37.624	101	130	31	130	267639	267337	4.73e-16	71.6
CDF92042.1	CP097140.1	34.021	97	130	31	126	236024	235734	1.52e-12	61.6
CDF92043.1	CP097146.1	27.460	437	476	41	466	33311	34456	1.17e-28	119
CDF92043.1	CP097143.1	26.471	442	476	32	466	998392	999567	8.73e-27	113
CDF92043.1	CP097145.1	21.263	475	476	23	472	728986	730308	3.71e-15	77.0
CDF92044.1	CP097144.1	38.284	606	559	9	558	161957	160203	2.29e-119	387
CDF92044.1	CP097145.1	35.484	93	559	84	175	418253	417984	6.29e-11	64.3
CDF92045.1	CP097146.1	42.617	596	592	22	586	952115	950337	7.97e-148	471
CDF92045.1	CP097146.1	29.466	543	592	68	590	254978	256504	5.25e-61	218
CDF92045.1	CP097147.1	35.305	541	592	64	590	41752	43344	1.26e-102	340
CDF92045.1	CP097147.1	27.010	311	592	246	551	24162	25061	8.45e-45	110
CDF92045.1	CP097147.1	34.043	188	592	67	246	23611	24165	8.45e-45	88.6
CDF92045.1	CP097145.1	32.787	549	592	52	588	139753	141342	2.09e-90	304
CDF92045.1	CP097145.1	31.598	557	592	18	555	138618	137005	7.52e-73	253
CDF92045.1	CP097136.1	32.657	542	592	58	588	29511	27940	2.59e-85	290
CDF92045.1	CP097134.1	29.452	584	592	26	580	77502	75862	1.30e-72	252
CDF92049.1	CP097133.1	58.120	468	468	1	468	411032	409632	0.0	592
CDF92049.1	CP097133.1	58.120	468	468	1	468	409182	407782	0.0	588
CDF92049.1	CP097140.1	57.906	468	468	1	468	5124	3724	0.0	591
CDF92049.1	CP097137.1	57.906	468	468	1	468	5117	3717	0.0	591
CDF92049.1	CP097139.1	57.692	468	468	1	468	518320	519720	0.0	587
CDF92049.1	CP097132.1	57.692	468	468	1	468	205613	207013	0.0	587
CDF92050.1	CP097143.1	58.305	295	291	1	289	13545	12661	3.16e-112	355
CDF92056.1	CP097143.1	55.078	512	548	55	548	15407	16942	1.72e-179	560
CDF92056.1	CP097143.1	27.647	510	548	60	546	145395	143926	1.53e-51	189
CDF92056.1	CP097141.1	27.829	539	548	27	548	712288	713859	9.49e-54	196
CDF92056.1	CP097132.1	21.025	566	548	13	538	9204	7555	9.34e-11	63.5
CDF92057.1	CP097141.1	75.192	782	801	20	801	40787	38502	0.0	1241
CDF92057.1	CP097147.1	31.068	721	801	86	774	908612	906501	3.62e-96	328
CDF92061.1	CP097141.1	37.156	218	238	1	204	53361	52708	1.21e-41	149
CDF92061.1	CP097140.1	31.674	221	238	1	206	88166	88783	1.32e-18	83.2
CDF92062.1	CP097146.1	67.740	1460	1498	2	1449	589259	593635	0.0	2112
CDF92062.1	CP097146.1	61.310	1512	1498	6	1449	901215	905750	0.0	1957
CDF92062.1	CP097146.1	31.633	1353	1498	154	1448	318373	322239	0.0	660
CDF92062.1	CP097146.1	23.341	1281	1498	150	1342	161905	158465	3.50e-65	244
CDF92062.1	CP097146.1	26.813	593	1498	813	1352	162058	160397	4.44e-34	142
CDF92062.1	CP097146.1	22.884	638	1498	138	755	159946	158207	6.62e-24	108
CDF92062.1	CP097146.1	23.729	649	1498	153	754	320518	322269	4.57e-21	99.8
CDF92062.1	CP097135.1	67.555	1464	1498	11	1449	1263073	1267461	0.0	2098
CDF92062.1	CP097135.1	39.857	1395	1498	62	1449	471356	475441	0.0	1051
CDF92062.1	CP097147.1	38.881	1376	1498	91	1447	437315	433302	0.0	983
CDF92062.1	CP097147.1	23.100	658	1498	853	1448	437159	435339	8.95e-22	102
CDF92062.1	CP097145.1	39.406	1010	1498	441	1447	761000	763960	0.0	765
CDF92062.1	CP097145.1	39.401	401	1498	64	459	759871	761052	2.88e-77	283
CDF92062.1	CP097145.1	21.418	649	1498	133	751	762182	763984	8.13e-19	92.4
CDF92062.1	CP097140.1	36.953	663	1498	814	1447	307516	305624	2.21e-113	397
CDF92062.1	CP097140.1	33.333	243	1498	521	762	308454	307726	2.34e-33	140
CDF92062.1	CP097140.1	34.728	239	1498	154	388	309515	308838	3.43e-32	136
CDF92062.1	CP097140.1	22.274	642	1498	153	751	307372	305600	5.14e-17	86.3
CDF92065.1	CP097135.1	42.857	91	97	1	90	509824	509552	1.83e-17	74.3
CDF92065.1	CP097134.1	35.870	92	97	1	90	120115	119840	5.00e-11	55.8
CDF92066.1	CP097147.1	68.074	379	427	44	420	921922	923058	2.77e-161	502
CDF92067.1	CP097139.1	64.865	37	63	6	42	349241	349131	6.51e-13	59.7
CDF92069.1	CP097134.1	28.075	374	615	223	577	301548	300523	3.41e-44	132
CDF92069.1	CP097134.1	33.333	147	615	74	211	301994	301581	3.41e-44	63.9
CDF92069.1	CP097145.1	28.224	535	615	67	574	749520	748036	1.37e-43	167
CDF92069.1	CP097133.1	26.612	605	615	73	615	183417	181765	1.75e-39	154
CDF92071.1	CP097143.1	31.868	455	605	76	528	70666	72024	2.07e-57	208
CDF92071.1	CP097146.1	27.061	558	605	76	598	805912	804272	1.02e-55	203
CDF92071.1	CP097147.1	27.193	456	605	72	527	775487	776848	1.84e-50	187
CDF92071.1	CP097138.1	27.412	456	605	72	527	752099	750738	2.38e-50	187
CDF92071.1	CP097139.1	26.543	486	605	52	528	188923	190365	6.34e-50	186
CDF92074.1	CP097147.1	29.983	597	632	108	630	593685	591934	1.36e-69	245
CDF92075.1	CP097132.1	33.400	497	513	22	510	9060	7663	6.23e-78	265
CDF92075.1	CP097134.1	32.067	421	513	66	486	171483	170254	3.87e-73	251
CDF92075.1	CP097138.1	29.895	475	513	52	513	611856	610495	5.13e-65	228
CDF92075.1	CP097135.1	32.195	205	513	63	267	600005	599394	3.38e-23	102
CDF92075.1	CP097135.1	32.195	205	513	63	267	583080	582469	3.38e-23	102
CDF92075.1	CP097140.1	25.000	360	513	66	409	16389	15379	1.25e-15	79.0
CDF92080.1	CP097142.1	63.636	66	104	31	96	142391	142194	4.38e-22	87.8
CDF92080.1	CP097142.1	62.121	66	104	31	96	145613	145810	9.72e-22	86.7
CDF92080.1	CP097141.1	65.152	66	104	31	96	133175	132978	1.01e-21	86.7
CDF92080.1	CP097141.1	62.121	66	104	31	96	132000	132197	1.86e-21	85.9
CDF92080.1	CP097141.1	50.633	79	104	18	96	128908	128672	3.96e-18	76.6
CDF92082.1	CP097140.1	42.586	526	543	21	543	16533	14968	2.12e-133	427
CDF92082.1	CP097135.1	23.571	420	543	69	487	599999	598791	9.94e-30	123
CDF92082.1	CP097135.1	23.571	420	543	69	487	583074	581866	9.94e-30	123
CDF92082.1	CP097138.1	21.577	482	543	71	543	987552	988913	3.82e-26	112
CDF92082.1	CP097138.1	24.542	273	543	49	319	611865	611065	5.34e-15	77.0
CDF92082.1	CP097143.1	21.455	536	543	16	543	145398	143920	1.65e-20	94.7
CDF92082.1	CP097132.1	22.515	493	543	21	481	9141	7732	1.80e-16	82.0
CDF92084.1	CP097147.1	57.353	340	338	1	335	375887	376900	2.22e-130	409
CDF92084.1	CP097145.1	26.364	330	338	12	331	17660	16713	1.86e-25	106
CDF92084.1	CP097135.1	25.904	332	338	13	331	18835	17891	7.59e-24	101
CDF92084.1	CP097141.1	26.074	326	338	18	334	13088	12153	6.64e-23	98.6
CDF92084.1	CP097141.1	25.595	336	338	12	334	719778	720731	2.49e-22	97.1
CDF92084.1	CP097134.1	25.301	332	338	12	334	313031	313984	1.22e-19	89.0
CDF92085.1	CP097145.1	90.121	496	496	1	496	774122	772635	0.0	937
CDF92085.1	CP097136.1	90.121	496	496	1	496	12572	14059	0.0	937
CDF92085.1	CP097135.1	61.350	489	496	8	496	145735	147201	0.0	658
CDF92085.1	CP097135.1	29.801	453	496	67	494	153229	151958	4.37e-43	162
CDF92087.1	CP097143.1	43.750	112	126	9	120	214120	213785	4.43e-23	91.7
CDF92087.1	CP097143.1	43.750	112	126	9	120	390771	391106	1.49e-22	90.1
CDF92087.1	CP097138.1	44.643	112	126	9	120	645272	644937	1.48e-22	90.1
CDF92087.1	CP097135.1	37.838	111	126	10	120	318443	318111	1.74e-20	84.3
CDF92087.1	CP097135.1	35.484	124	126	5	119	1218046	1218417	3.48e-16	72.0
CDF92088.1	CP097144.1	29.040	396	406	23	406	161393	160281	2.41e-43	160
CDF92090.1	CP097141.1	57.451	510	545	43	545	712336	713859	0.0	610
CDF92090.1	CP097143.1	30.530	547	545	6	543	145503	143926	1.80e-57	206
CDF92090.1	CP097143.1	25.577	520	545	59	545	15425	16942	7.63e-30	124
CDF92090.1	CP097138.1	25.919	517	545	62	543	987465	988907	1.26e-32	132
CDF92090.1	CP097135.1	27.247	356	545	6	358	600167	599163	2.15e-29	122
CDF92090.1	CP097135.1	27.247	356	545	6	358	583242	582238	2.15e-29	122
CDF92090.1	CP097140.1	22.222	486	545	73	534	16410	15010	4.01e-15	77.8
CDF92100.1	CP097143.1	30.702	570	560	1	557	390759	392444	6.49e-73	252
CDF92100.1	CP097143.1	30.000	570	560	1	557	214132	212447	3.82e-72	250
CDF92100.1	CP097138.1	30.957	575	560	1	557	645284	643599	1.32e-72	251
CDF92100.1	CP097135.1	26.952	538	560	6	518	318443	316872	1.75e-56	204
CDF92100.1	CP097135.1	26.456	601	560	2	544	1218049	1219845	2.87e-47	177
