observed,ridge,random_forest,gradient_boosting,mlp_ensemble
0.0612692432389354,0.11185472095910864,0.061368713087783945,0.06316708502941623,0.06535622519019123
0.3458301258011143,0.27203550134755006,0.3401010685954785,0.34243135386404017,0.3439304197154651
0.2578323422235332,0.2402432459079249,0.25236638923379046,0.26185406722746024,0.26055638318686297
0.048603806857927,-0.004356475727682829,0.04671648843286614,0.04770644389280925,0.0493787844176559
0.1021014811085543,0.08420634873016676,0.1041256158449411,0.11325117644537626,0.10263437144270846
0.3115348622902801,0.26434303987570773,0.31249797837180887,0.30485333998525266,0.3077698003950342
0.1755321722308885,0.17986555665702952,0.17399180230101213,0.1772701138208404,0.17546915951961628
0.1619576798587882,0.12420817630179559,0.15944806793316962,0.16832591657905058,0.15225339791253703
0.1944077214327164,0.22658121351272753,0.19358425473359664,0.19708355424392776,0.19550804525792914
0.1032895126857634,0.19198633224730935,0.10322126591179698,0.09952781077989267,0.10114114920684744
0.3363789181727851,0.34453238334874325,0.3236062356776989,0.31338266887689165,0.33764301513334216
0.3004951482964358,0.30980031747366943,0.29738664017882155,0.2827701868789675,0.29791101379396956
0.022582856698678,0.1114050898866192,0.02334370043714932,0.025402621865414702,0.01737769628848939
0.2494761544061832,0.23091959072613633,0.24867029904845145,0.25282841132870865,0.2478221190308761
0.3361687631374592,0.25374351883043467,0.33759129266267485,0.34262465937455727,0.3336422575338208
0.3553820909577075,0.2810961788630116,0.3488136668384261,0.33418127327534985,0.35356615845680917
0.0499625714365662,0.07214423969701572,0.04709748791425386,0.06274775881927006,0.04775681167903102
0.3477898405486684,0.31516026621213616,0.34673828301493115,0.33817444623138604,0.3482408220833554
0.0208752526596978,-0.032230160635005056,0.032937195515986444,0.022914757490036436,0.0169771922682583
0.1949437280007226,0.1844297135786901,0.19640729619999053,0.17141192796030535,0.17942166559400827
0.0610418450154351,0.14744566816527116,0.07765291425823616,0.03531324231586996,0.05347660155298913
0.3859391533041998,0.30139659277121555,0.38544420809181074,0.3781582209526092,0.38539541997293636
0.2237241492279915,0.168961951222823,0.22493941290387842,0.22314766788843723,0.22421657364723235
0.417619865697688,0.3962576456720147,0.41639357258847487,0.407362194316939,0.4202791035364619
0.2642339829469974,0.30622919153381123,0.24511049034953672,0.24342496805374325,0.2647274271727573
0.3329643958252514,0.31474207655533903,0.33422757855582913,0.33228361004457846,0.33394620042412343
0.0165144567150051,0.3285653358755165,0.022025596007062054,0.029777093972751984,0.018021543467215927
0.0430210355887356,0.027518826883886682,0.04535133416490366,0.033655835479517386,0.04183742821845225
0.1969180080898765,0.2075852264316431,0.20125275312300195,0.21304054004142284,0.20022633606684642
0.2601104476637407,0.2514793015988529,0.2640467770999976,0.24650863690604027,0.26123630159329514
0.311474915037613,0.20677853106681343,0.30147931436738373,0.299317944125008,0.2988863978101841
0.0670861066552658,0.056939095978184084,0.0677428279168828,0.06424459247081787,0.0697961034022133
0.3595565216241747,0.30703795080011465,0.3583092610712118,0.3641161170927267,0.3605544235395305
0.158997021766105,0.3591211643142832,0.18196801064993137,0.2120301861730895,0.233147225432204
0.0843091953080915,0.15277686674204305,0.08467618353573353,0.0832690991708677,0.08078069767120728
0.092919210778525,0.17574708038455572,0.09136752932354483,0.10067494559797631,0.09562604527118435
0.2479230072599592,0.15155844042634817,0.24698361541241595,0.22248581229137993,0.21566813813654181
0.0931079133165254,0.0969996997280792,0.09277561492664622,0.08841573437040556,0.09122279084834288
0.2708748400283358,0.22694745674934141,0.27358578950380336,0.28222340900897497,0.2701969613038279
0.1321488007699534,0.21912691571727236,0.13505615933191692,0.13658348962327785,0.13076596666740997
0.2689071947874589,0.2554798309926401,0.2707941954543949,0.2699906344172353,0.2698251414819219
0.2154809865459203,0.16488827678893733,0.21493939953766197,0.22497676485718424,0.21578371107746536
0.1502053163473249,0.2819576616293247,0.15242195089238905,0.14701202836745889,0.14719663894135177
0.3156425328965643,0.3009955993239757,0.32984622959117116,0.3528395351006144,0.31679272392134045
0.1717967533655312,0.17264935543205415,0.16882164284045936,0.15483139985916958,0.17527818826040895
0.0923875791632752,0.10410707533184703,0.092267174674429,0.08915656144881672,0.08976745621814466
0.3508406221594655,0.27627555085418376,0.34444007795831305,0.34701314303475317,0.35214020667833584
0.0377544632807027,0.13631498150001,0.03647977124081558,0.04358790021302508,0.03766082639023972
0.174942413886471,0.10094884483548015,0.16867167135724492,0.14790761286396217,0.16159168165025517
0.2048924061934718,0.1759995198179113,0.20626731139452809,0.20808253444867747,0.20889806483609824
0.3081075660979738,0.2772871858971321,0.3053218052635917,0.3106651015819204,0.30024652655508277
0.153608830307719,0.15237937787529596,0.15414025723629,0.15296463958844755,0.15620998128230096
0.1952739493532616,0.24468719798271765,0.1950276063868995,0.20078158836546084,0.18989538909047318
0.1259932278409718,0.14574481894479782,0.125926989501418,0.1305828007720443,0.12466039605788008
0.1802442594712796,0.25979433460202195,0.186413575806135,0.17847192638805154,0.17229005887219478
0.1635930398796282,0.20857718385974972,0.1635913832061009,0.173374489898528,0.1702629838273792
0.1858036685293264,0.2277825139809176,0.18432573319933823,0.191956932236489,0.1859032590233472
0.1811017265726674,0.12733144974357877,0.18137758576589258,0.1825708901927533,0.18312646402004937
0.0087283380900447,-0.056168919427371844,0.0320122501991678,0.001036015199960427,0.021684319972408883
0.3447111854488792,0.3202795935033169,0.34593764316554554,0.33560533063318915,0.3434482827892144
0.3317003244176986,0.31288748036110803,0.32818079145032225,0.32141842937773807,0.2233157398927903
0.113504122664658,0.05643697104040463,0.11766715321420143,0.1227066139126248,0.11082894711942108
0.3893884531954754,0.3015447543585632,0.38439528392862293,0.37849732426568655,0.3906806390463738
0.1891758497650501,0.19287231675875957,0.18788974846202663,0.17092589465765906,0.188314685889385
0.21195238436137,0.1713965046726143,0.21246814252430174,0.20040889213588328,0.2136400952852952
0.0311372683072512,0.024135402925302474,0.0270392686366734,0.04251151587210117,0.030455685763395378
0.1764294701759764,0.12696648009596617,0.1769129931071475,0.17078534682550933,0.1756320012647124
0.2095666436095972,0.21514766898782725,0.20840943611501614,0.22168560079795796,0.21173372168869525
0.2868234342563759,0.2076135666658441,0.2870011294617939,0.27955854559991045,0.2871175062874777
0.3134105323431567,0.27693638768061235,0.30757822817265845,0.29984864126318667,0.3078895664123777
0.109732922588495,0.1506210315098478,0.10804271115768627,0.10717783780912549,0.09329116607145138
0.1601211788085946,0.23386038517788665,0.1680334804306472,0.17005331802456225,0.16841815610305624
0.1903589437015807,0.18069500772688477,0.18888283833461791,0.18480518825794184,0.18763935423098266
0.2259304246810398,0.2131010385206523,0.24494249362445028,0.23083873898268759,0.21328428657327314
0.3512811108789257,0.33736465302470786,0.3508508321730547,0.34362876788078633,0.3500415431155418
0.1270034338149726,0.10065226435262525,0.12518148081697428,0.12472569765901054,0.12366512181145124
0.1965291229039858,0.18773968451380202,0.19535007206451407,0.18068557694983936,0.18682806416969724
0.2967134036732682,0.20637142946862472,0.2926460076998726,0.2707607078283253,0.2887894841340016
0.3865388072083821,0.35303063426349846,0.382068146032835,0.38513477921664935,0.3640713080086949
0.0541228480289449,0.08252786602104399,0.05382599843437475,0.054872237342305084,0.056665641846448886
0.2979957555156673,0.22702524766787152,0.30087304047807284,0.2925321615406076,0.2969405831972438
0.0862974429035359,0.04966965302976478,0.09091493000402681,0.09025041541134349,0.08745414064102106
0.2260101067217464,0.20254713102409957,0.22724958387379635,0.22158903169219962,0.22485922850763362
0.1895970030211659,0.21847934789224197,0.19264695181509967,0.20167065992280245,0.18883371138905503
0.0264149313185438,-0.0071334278922096095,0.026261855779134126,0.019552036407047148,0.025544346962938058
0.2211499242634781,0.24513308140064966,0.2197166408579577,0.2180039338688817,0.21714173678714238
0.4341310228769384,0.40735250866333284,0.42826097746131503,0.41705039854219694,0.4369671420477263
0.0422882191172835,0.21785969366039162,0.046316616670796965,0.05415485575039456,0.04496947293846761
0.2239620776638949,0.26628601282133046,0.22181277787610404,0.22935320534574224,0.22893621670664005
0.0855655213509907,0.04024003382508248,0.09296617323516053,0.09585816373805751,0.08716021690936288
0.0070493267744494,0.04078035514299802,0.00787137339710651,0.023990061566083794,0.016790981879497804
0.0324920953062637,0.16425464629730602,0.03895065683617584,0.04755473395159699,0.0361782786917645
0.1322116468661534,0.17384473098147862,0.13537545549820457,0.13241083688371935,0.12615801706353563
0.1384394274439199,0.19758954200288437,0.13794618565303152,0.14171798178505055,0.13585589139391102
0.411143209674224,0.3702927981229106,0.4451007538700254,0.4388005585300522,0.4129242951894363
0.1400674755694847,0.21294145756759708,0.13983597240403317,0.1443699155338898,0.13833829657119695
0.0611301509392322,0.39933504514522306,0.15238292169040604,0.1519493578804042,0.15089149146439446
0.3497536679402193,0.3271915215218722,0.3486243738211283,0.34152800741314787,0.3511410981779681
0.0844169635461693,0.05850344892060719,0.08757989484610625,0.09504358856448504,0.08562549895215535
0.2503382607811483,0.1943082188480527,0.24562773799956483,0.2445791432160904,0.2539937884244678
0.229095509844557,0.17876998999200802,0.2486720756381915,0.22116314752757968,0.22891305543831075
0.1501710773054778,0.12930154219941403,0.15029700346459982,0.15601811820659128,0.15058862649059207
0.2043035427255443,0.1778414244454384,0.19704702640355015,0.1827271484096241,0.20520804199499404
0.3594578963798512,0.35892477561646824,0.3521999350955552,0.34766089542756573,0.35956333420648423
0.1583249671257485,0.12587759507844212,0.15771992410117933,0.1621580384706904,0.16022987013871132
0.233264669366519,0.21165498470243121,0.23424585912522086,0.22322996644610618,0.23842510131600267
0.2056575946046259,0.2699236357171927,0.2058508230540138,0.20846297833080513,0.20896078563090273
0.2645707627099773,0.25371825874481796,0.26175822988188585,0.2731318763076371,0.26365344089364023
0.2897166239394306,0.31498384704557375,0.27965277660666343,0.29180040711905425,0.29267940433026374
0.1061367521524391,0.09427744717192649,0.10522304127624094,0.10257462211827224,0.10380678326906127
0.1227185488057166,0.12343976647229873,0.12024227059089408,0.13037575188303044,0.12292112776542859
0.1409249689989033,0.15362390236127166,0.13902243422382557,0.13994964062572765,0.14533113179487084
0.3296406491165625,0.28361007643513736,0.3346688095654169,0.3273813142322815,0.3286706807583184
0.0355961466096214,-0.025001922076361677,0.04139899920387439,0.037699096325583,0.030734325357279314
0.1551273414555986,0.1556170519517241,0.1516113960461416,0.14735556808241243,0.154365580536793
0.1462628401233126,0.13177003048820818,0.1431705404423243,0.1519024558515089,0.1460607420926233
0.108438681371907,0.1443407129223422,0.11707152373352976,0.11231010300537303,0.11546821770941366
0.1445388054843805,0.18040894931835116,0.14934869112737964,0.1532900403771081,0.13168454010959146
0.2170672974162716,0.26904535947545594,0.2365092776993411,0.23778664502119523,0.22145876863313632
0.0511858794689778,0.03839372558563192,0.050972291057306045,0.0483596971317085,0.05716462129462239
0.3182471245854157,0.24005899879670137,0.3124723459619324,0.29915302267787486,0.3226464662715848
0.194965543451558,0.136775365318151,0.1954747093120582,0.19891419680001612,0.194360895953185
0.2791088247345111,0.28297375405185804,0.27477825871253486,0.2739414367566832,0.27951325633242863
0.1397891749463294,0.18533625970771542,0.1376980022774197,0.16800171579314857,0.14286642492440843
0.2559423695986726,0.22800622691916317,0.25612615733829364,0.2700732082648149,0.25487366414957097
0.2521731139350917,0.23251839456764756,0.24698935118260076,0.21352967817677346,0.18879312878039345
0.2194520434613925,0.15079708302394243,0.20793594070368476,0.19893229897090592,0.2087986772916249
0.2078734069544881,0.17524047144738428,0.20987753396008646,0.2233296748139183,0.21030717016753364
0.3470836848289742,0.33015747122980454,0.34653387580796635,0.34530522985540013,0.34869390593280014
0.1433859268319943,0.13915351783529606,0.1433978023344106,0.14314115940646302,0.1472432445745903
0.3384215133583191,0.3415676945898225,0.34002413591249103,0.3347097937044122,0.341385688768338
0.106550257653171,0.27040319538458796,0.09568606190526464,0.10890146887761559,0.10044216141295367
0.3734357156028697,0.34113418490407815,0.37282670906655546,0.3594353804532396,0.3756659131938661
0.2988624695512683,0.3130811672432422,0.2953276930575689,0.2930032828931091,0.29694138890463817
0.225027342881204,0.23264914715957247,0.22917017623501829,0.2329478387322993,0.22312456648492876
0.3225206787757037,0.3369373523979822,0.3302957900808274,0.3196243860632217,0.3233993702798156
0.0372167066038876,0.34453640097303223,0.20906260043364644,0.2397443935807583,0.26631563889254606
0.2616652870846866,0.2444504059986311,0.26391222082363175,0.26313182479410263,0.2622740819661642
0.038422594704269,0.11989014909535076,0.06587598276874942,0.0274603090631052,0.03928101380182904
0.0666579045927006,0.1716215750147915,0.06640855825211518,0.06885825609562708,0.06557771410918452
0.0804232587887209,0.13720870428453963,0.1403936500855204,0.07685212701842627,0.10221395130850393
0.1890720976047029,0.2185781126895363,0.19196927008795742,0.20038131158636796,0.18887863508329472
0.2631063016057547,0.23537695181159957,0.2613377984892754,0.26672392714620385,0.26337088042343354
0.0301584070248827,0.18243152601146703,0.03009878959892469,0.033917037080636134,0.02898589354443209
0.3297728696263798,0.277997116773356,0.32805888822306645,0.3149431937288712,0.327676848832423
0.2253843846706178,0.15515292957973315,0.230229668742627,0.21883625997173,0.21727827393441318
0.0592167224496763,0.08472353479728044,0.06062665931994007,0.06260706650919987,0.061196687832433816
0.2930945023949796,0.2462494816080816,0.29074434173852554,0.2991528251098591,0.29430992217796426
0.1529859980790728,0.06860414097117465,0.14825842349681317,0.1443318994996443,0.13412800240394354
0.0406288195416579,0.01893959196407477,0.03922941844045497,0.040343756214373756,0.04264703569665824
0.0347017951250226,0.06416785011128634,0.050774231860472,0.030791992317305547,0.04545219468153161
0.0694368440492933,0.11775667097887406,0.0693727624181712,0.07100831350494025,0.06530056793506288
0.2196747761044206,0.22180853244213694,0.2164598690578879,0.21627818194024695,0.21726128185571608
0.2700259792828665,0.18687223895681063,0.26628836643625187,0.2713619637889223,0.2715081581967407
0.3336593392079565,0.29873541681820537,0.3319888517675741,0.3354150067544231,0.3338296719336223
0.0976317119922539,0.11819865817148208,0.0991770987454801,0.11254670866663122,0.0950647673334129
0.0865107282749643,0.16571573624834854,0.08669327382410459,0.09806683800246985,0.08691572017864459
0.4081934271913904,0.38153668053934686,0.41209447173618896,0.4099703486638392,0.4074030843264754
0.2730075876434917,0.2341988808494242,0.27135219230510826,0.2674988342879002,0.2812286948128892
0.2384036897487403,0.19585910681023178,0.23592542057574525,0.24991306062654825,0.23829430269408594
0.2130787100519363,0.1607992397576327,0.20742320281017249,0.19372926722845668,0.21476128938430805
0.0119498910169736,0.20063241129599288,0.012386406966522783,0.020979629338583283,0.012992503179158394
0.148755397953274,0.18773108562996815,0.1476308454106321,0.15301132631640627,0.13267640106865436
0.0166823070789,0.05972659159900043,0.016844257573970775,0.007647670557773943,0.02000340258435679
0.1377095266629892,0.09490464867029572,0.1357719180519242,0.12928618933618785,0.1322054234636718
0.4008656785464773,0.3310905404777825,0.3989351880498181,0.3804550602667097,0.40423137709626056
0.0682178501748543,0.22689028203462788,0.06876136763231981,0.0751478568428977,0.06960194975897055
0.0948102953259038,0.14105150477157485,0.09706646005116304,0.12638452454122506,0.09703828514913157
0.3590017848490455,0.32321593364474227,0.3583572438993159,0.37386326797747027,0.36426160219279446
0.1087781580291522,0.0753756409852484,0.10560213188237588,0.10601803209485462,0.10754312146362315
0.250139255311849,0.21863320098978406,0.2542538846915491,0.23771662410222127,0.2502120891659931
0.238581468944477,0.24244148873133897,0.2356368437533909,0.24665952605710617,0.23787035161916617
0.0384755076623071,0.130236926648018,0.03477116367476711,0.03045796794051722,0.05746489748434298
0.2873434446316295,0.2285851878150182,0.2862303018098963,0.2724944994323533,0.27544772926691213
0.209464169493059,0.13830960202797918,0.20491545492428775,0.1753768508740543,0.20493797547222314
0.0892747524727266,0.10790961609674449,0.09116436487045675,0.08931846780123535,0.08292528854597156
0.335977620985871,0.25862852308819695,0.33965626801270465,0.31706061103092725,0.33632900834919477
0.1932462477778096,0.13603881424626746,0.20265875914400644,0.1864035849075244,0.1945491727323747
0.2873157450884911,0.24443969379791566,0.2836715868503983,0.27546989002982886,0.2902415156710994
0.0425860637382045,0.18225503529426945,0.03932173343897519,0.05029859961400852,0.044549587275365884
0.2069829281954275,0.17669964849080871,0.2072446392730891,0.199403122537775,0.20987211711941725
0.1465094311480186,0.21628158390220736,0.14786026693391582,0.15578024671317747,0.15213581750998734
0.1615105502483054,0.20695507272662336,0.1569106090649862,0.1675731625413306,0.16073443978258534
0.430609880894311,0.34868558684222983,0.42268714773341365,0.41293821207124226,0.4321599065681454
0.3807630405230343,0.34362891733545203,0.3803855423654048,0.3751537461133299,0.384940894338969
0.3312124320351823,0.30587552391661416,0.32671317218775686,0.33062277552176855,0.33125758577105324
0.3245407254028886,0.3078624243417265,0.33014428894397485,0.3229433371521641,0.32354265031810037
0.1410705390430476,0.2860442485881522,0.13262556430579234,0.1041221339262191,0.10609655444143444
0.1520654883475815,0.2335072906982965,0.15168447276650776,0.15517824517067247,0.15590600338258342
0.2872931227832236,0.25007649849380953,0.2837263991772014,0.2919503467057811,0.28907393736203757
0.0807102586359036,0.05624616007525912,0.09206040442123488,0.09328717742822122,0.08441531253019122
0.0755575458888572,0.03292435369898669,0.06855626263405783,0.06444525011623083,0.06562826933087756
0.3450052352131427,0.28854732906039604,0.3428454268332705,0.3461303750008032,0.34577613204142665
0.0275587921087319,-0.010951016253655771,0.03480919903212444,0.016421330462589267,0.03455776457390071
0.1623369002314642,0.13653917225838533,0.16672333232723163,0.1727192372544747,0.16336379029500595
0.1523544759230091,0.13115287652352836,0.15068480616383337,0.153348425066755,0.15116905642306938
0.0953533712189889,0.1309966202858926,0.09506394335134837,0.09384818655325135,0.1077477704752691
0.3427160305180211,0.3085304360517115,0.3282847220848303,0.3478350492496211,0.3423902240696495
0.3083278435353301,0.26682062665433987,0.30305085706400847,0.31812679839972663,0.3076812835508544
0.1538392065904506,0.2790022839344976,0.153934281019,0.14469940067958648,0.15764429093977825
0.2049885315259123,0.21794614997711992,0.19744352525084752,0.19545577700044783,0.21065434968617386
0.043128151431559,0.3080541817738339,0.04549621128501349,0.027075554425378127,0.045347452098503147
0.0610008989083312,0.22134832876057903,0.061465007404495196,0.06755701713908409,0.060309213600076336
0.2298489405022844,0.25581446254704515,0.22205580924157392,0.21413724501488968,0.23064801390123618
0.2463966396080791,0.221023820223296,0.24271048165312747,0.24661941360655673,0.24682832009565497
0.1342197243856927,0.11030186819620788,0.13484231863261897,0.1405450257291614,0.1340752113268381
0.0411371114702077,0.06623842531040705,0.03913359013754603,0.043166051125611775,0.04143341698082899
0.3234916579789691,0.3005571671636726,0.3220660914081843,0.3096445330715385,0.3234144584368817
0.1791465235652157,0.19801377505134254,0.17333605219034254,0.1807823160525303,0.17443219651487163
0.1814916999161686,0.20214337786354022,0.17975303974725348,0.18418067878483668,0.18389281398187177
0.2766374141944209,0.19436182680905245,0.2694621356179819,0.23406961603099682,0.2613661783162233
0.1134153969735293,0.12672999562651943,0.11128642555616629,0.0906329150627942,0.09210851684578167
0.2646525330621061,0.24007572044543435,0.2620562683222543,0.2733992871653906,0.26579944461369465
0.1603815341581231,0.17236187680480855,0.15894605507433995,0.16447681671695602,0.1621154150484593
0.273529026004073,0.22967384190491505,0.2713284658814906,0.2754647587068354,0.27556592455275936
0.4392108017209051,0.4292140240580231,0.434827109012278,0.43107676416272156,0.4368688054490352
0.1780480726476482,0.22064426286393854,0.18204415718480788,0.18480441780457355,0.181243443580405
0.2704868268737432,0.23323897712109992,0.27714045058592435,0.2460564193315662,0.2681269463091507
0.0712092836395452,0.09238162189578288,0.07110808145507401,0.07397765352229035,0.07332641366221337
0.2732024075844602,0.2266744618328378,0.2731514826688634,0.27608573332086545,0.27926566374669914
0.2436441471521542,0.26956822271854464,0.2440442349321668,0.24884430002628516,0.2439286349894219
0.1636386261535758,0.10625183710612088,0.16626261472520598,0.17787167767000275,0.16575026151126457
0.0714555509241613,0.001723210575332812,0.07513185715329526,0.07934028249403362,0.07373157852571237
0.0262758733990202,0.07787256825160636,0.07726500842268863,0.055230790440807725,0.07345860451608621
0.0921492733363487,0.10478692156780899,0.09223138801436813,0.08963685738115125,0.09050860890847898
0.1947836434051971,0.26332609992933326,0.1948510856062451,0.1969581833177433,0.1960746927873475
0.0918914875625513,0.07030926396972981,0.09588005739287121,0.09482271407254625,0.0938355292655576
0.0435020358764259,0.006414885344474153,0.05257891458334315,0.051518666374944566,0.04619758887532033
0.1746442718506051,0.15355321040167358,0.1748510330417776,0.17255679692786297,0.1757324311691166
0.1082289041884705,0.06496564863960491,0.10627764541221434,0.10910544379233507,0.10473211143103407
0.1969234271828507,0.159432477272831,0.19672463853052985,0.2003486339314189,0.19571218853054512
0.4274666117602877,0.38655563001734605,0.4266156700956175,0.40721994372828,0.4277218508318611
0.3491167813124793,0.2699664180956022,0.3387229502320552,0.34808055809787813,0.3570964086297678
0.3032234285925497,0.22065691671100263,0.3016109422062442,0.2955546327279338,0.3053462682316309
0.3301071215894031,0.2679446886819132,0.32771059325497637,0.31779470385824005,0.3281676812706435
0.1220131550345819,0.12015606309793816,0.13082387744044985,0.11884679499849707,0.12424267671970157
0.008264383663176,-0.025841193983080712,0.011117309426060842,-0.016011943530441147,0.013237035804636792
0.2996198924317907,0.27027684588545575,0.29980909855287413,0.2949617184841741,0.2975419290238329
0.1350699173093066,0.10464427633182462,0.1345419214551069,0.1336530378963803,0.1343894439480048
0.1026442633570925,0.1239707508521724,0.10435338488321091,0.09965419969885113,0.10297415843380346
0.1030727618928744,0.12023410437488938,0.09988624629751973,0.09650997776758312,0.10256113435985545
0.4081900969962632,0.3608325014166279,0.41284326652383885,0.4099703486638392,0.4066807529598305
0.0597424780264527,0.11086780152808635,0.13575713938936698,0.055428386054203985,0.14817374037488612
0.1947583552844119,0.19036079768321498,0.19938646934996077,0.1849557157532116,0.19650483294684692
0.2147378532865405,0.22427590215085014,0.21319328205418764,0.21900168396897285,0.21438291968658257
0.2965841731300244,0.2901203625019378,0.29770326441220385,0.30173347850911464,0.2932487282333725
0.320252968869203,0.29836902271587795,0.3209757887224972,0.3322393932426072,0.3199834268929071
0.1073942573528641,0.1778048615389596,0.10794998661804883,0.1165388953870118,0.10451242844857671
0.1937600142182915,0.21375943434204075,0.1961399146798114,0.1995693059970069,0.19427270262294377
0.1396346587093281,0.07851655876402622,0.14519919611260174,0.15336380090431695,0.13812081512892566
0.0723069605990918,0.08368349638614038,0.07731954389493575,0.04834793958469949,0.07712931985591148
0.0440413145308007,0.09377414881623541,0.04668824787293457,0.04608990638369351,0.05141431803288741
0.0830533928198839,0.22198184225178488,0.08214236299105586,0.1162993619872595,0.0744982712096189
0.0540450144585415,0.1851055341054812,0.06671832415359745,0.09439053863289994,0.07305653931829
0.3329746443026454,0.22955251149949135,0.33061624667040734,0.3136042078759336,0.3258622238407819
0.0960313117794447,0.11719649346152317,0.09231111502554566,0.09366520298743371,0.09670089036490552
0.0766555175982888,0.08424060219677058,0.07938465215193255,0.07675746974660365,0.07086481132926789
0.0200292741293205,0.047386461087405546,0.019639097112152462,0.021522920799370203,0.026453203784720082
0.1188799962669955,0.1078605358360182,0.11435532258235298,0.11881918611127824,0.12030675618616012
0.2559689231239553,0.2243759380837804,0.25944509117859105,0.25839604974372404,0.255729003872081
0.1394620282519628,0.19452779551382193,0.14357615896760906,0.1512621547214192,0.13630563621732983
0.1477230196217474,0.09673347025396105,0.1451090328958178,0.1531669786029432,0.14785032788506142
0.3891441408739343,0.329087471166403,0.38763158520819907,0.3878327934187008,0.38499567584981936
0.255234187858373,0.2193544480893136,0.2509931162565049,0.23037591491465134,0.24596528505803975
0.3964476811273641,0.3439182749720905,0.3915526876202303,0.3839697560235431,0.39448762884834665
0.3599439730280241,0.2821979893229719,0.35526833237667793,0.3543319399672852,0.36422235699677735
0.3842217401135001,0.34406597636481245,0.3831236594291723,0.3692987050807903,0.38258171387081774
0.224426045973656,0.19672669034304519,0.22469154984898396,0.23292889201607128,0.2275970464068294
0.2725168347879493,0.20181057303203837,0.27380701318945794,0.27608573332086545,0.2775887572118493
0.1163406611839018,0.12935117430838095,0.11750920868154505,0.11215449550198016,0.11540493996274437
0.0994636686674776,0.1193548266347956,0.09517476440106089,0.09591996483564633,0.09969929656506721
0.39221390395557,0.34005329565442627,0.39201268280700385,0.3795667806876999,0.3937652251495427
0.3651301378408847,0.29288961556424525,0.36114954364321983,0.3686669235995066,0.36900276237522756
0.3705289219790049,0.32051990562160926,0.3618968271326629,0.35959542613417983,0.3591991837579641
0.2337062261145972,0.18236984249445698,0.23134585083001294,0.23089317721759747,0.23553839230886126
0.0615802075600366,-0.0032113301048848075,0.06737400905035949,0.06931622106100362,0.05720697361785043
0.2630718041123094,0.29386842731925567,0.2677609918883039,0.26686007306605675,0.26303489736487407
0.3988049238881682,0.3829227779537805,0.3938974375323669,0.3999117166889944,0.4003910683525442
0.134375584417507,0.15557400172749178,0.13706015468775656,0.125979409950455,0.13815568575833762
0.0869825480428676,0.09306831953069081,0.08801045436181994,0.09111571126314712,0.08357467035922658
0.1855528025363195,0.16661262039073227,0.1844357264802529,0.18510505274134667,0.18965117563830605
0.1064660878970729,0.13623947856692387,0.10500463782702613,0.09763992232255636,0.11011477793061712
0.365182725611799,0.2838256869035726,0.3524194852275513,0.3331950211193054,0.3612251674900195
0.1729720254531668,0.14263332682972876,0.16920721840230427,0.17259048559688853,0.18067382362361287
0.2802775662754653,0.29976597388425563,0.2756873650273259,0.2794007958249839,0.2808042526648912
0.1267301415985851,0.08745304762362534,0.11633631562007248,0.08593781924281664,0.10877543762214778
0.229329541761911,0.21465879463865212,0.22951355787616365,0.23237336349223217,0.22911631319760734
0.058858424385574,0.1558668594103616,0.058510393798274336,0.061915053407273844,0.05700468079620041
0.1962490334217661,0.23971703601004826,0.19342915756568368,0.1974856215389053,0.19539030690791764
0.3008692669625933,0.2820212018957811,0.30163345368945876,0.3002599118203355,0.2990404035533899
0.253619623723107,0.21150061853383045,0.25342952368491944,0.26451571352256564,0.25388554730883
0.0870826296362898,0.06894973411691085,0.0852820093781406,0.08702888254832804,0.08907272432295706
0.0993023642769536,0.1757590455274083,0.09866366055431447,0.060187316078172536,0.07788793809103382
0.3100576424689625,0.2678567133009422,0.3129165753645521,0.31548421143883315,0.30957774515221403
0.1109572278928047,0.09722516209448098,0.11185831699655159,0.10957222886095568,0.1109288574677045
0.0493837054189045,0.03422777233911983,0.04853741293940585,0.06296471229358802,0.05332135736467232
0.3973640230614327,0.31744547919655863,0.38898733205079805,0.3999117166889944,0.3921164044965891
0.3250668818195677,0.3356808428268072,0.3237783893005363,0.32052781006538694,0.32794199469293106
0.2120171197526238,0.19986457334600294,0.20508463414951353,0.20700297115933283,0.21261448384060735
0.1421469496979365,0.13505571887151963,0.1432074316900025,0.14295354391133175,0.1402037261246667
0.0215057694390087,0.31447012802216007,0.02312854746603773,0.016395312109644018,0.01682297530280618
0.0927978974685761,0.13136109942001276,0.09685921228697811,0.1011010478497514,0.09266370670733153
0.2732814029708569,0.2512710109004782,0.274542046834254,0.2724893041771134,0.27914038277569253
0.2491415609114425,0.22840959182322348,0.2630168289915636,0.22292664068933793,0.2498789089183862
0.1070655794796486,0.0781196702043358,0.10717420834751216,0.11331308153140796,0.1065628331428146
0.1571295010561991,0.1852742207624647,0.15651502318919536,0.16611964017625155,0.15807566305725543
0.3809338200897376,0.3328268516707381,0.3784405045163117,0.3709831571309023,0.3836473658798227
0.1854500199448217,0.14276191277886857,0.18767172191032777,0.19228609997525534,0.18755446636825818
0.2321147003665005,0.17091448648093738,0.23255907405152607,0.2202509962069491,0.23569971174819543
0.2133675781352471,0.16599449419720513,0.21626030874899063,0.2172852034043797,0.21570290425975158
0.16235125887328,0.19864472050019477,0.1606293227955375,0.17368867241961353,0.16159275175498608
0.2341787140379956,0.18994494582055818,0.22737122342618188,0.239684389218774,0.23947769379552106
0.2969946467731768,0.2570305965627027,0.2898753846574815,0.2876103936923105,0.29886763722711296
0.2817642986843612,0.21287625609955496,0.277620283500905,0.26984196989242654,0.24105484531801205
0.3492448245629287,0.2968728998425744,0.34733128862877594,0.36007153516814056,0.35012753210084807
0.2921118413855973,0.23760960603230621,0.29449925194699533,0.28256218465460115,0.2919072402423234
0.206768472365252,0.2154669988122392,0.20569337507218555,0.20363775777503632,0.2063203828813664
0.1213766376821402,0.1711894832213405,0.12599758708748052,0.12967347007174443,0.11763888762237258
0.0380543179911159,0.10465637328832803,0.03759145266914143,0.04888380184551114,0.03987334465583742
0.0558515174372423,0.12782890729232452,0.05659563464712115,0.08028764040648603,0.056969623580678905
0.1424377728714278,0.14598582437260202,0.143718246732292,0.153348425066755,0.14331771396133747
0.2950950082347133,0.27917669048848437,0.31644610375091453,0.28973295851396125,0.30230028381235363
0.2969070453839615,0.3006246236085145,0.2972705919372179,0.30124750546587004,0.297550462584959
0.112184140317996,0.10275260322649823,0.12413110098405129,0.08835140138384286,0.08970342282802635
0.2738910825060398,0.27001904365986396,0.2723736304496125,0.26938090817572147,0.27466197814840426
0.3260368979315307,0.2765413064063825,0.33412361273480096,0.3273813142322815,0.32753917098721963
0.2665274631472228,0.2975758611699839,0.2668829156948125,0.26923407810612343,0.2689315644337839
0.1043443176273229,0.08269909521570065,0.10451856192653831,0.09960512912664063,0.11001010737874059
0.2228748695609507,0.16660605382154917,0.22553045352465234,0.24759839509290046,0.2208912164152086
0.3781898722198306,0.34594811607401793,0.379564403723564,0.3785899379425365,0.3801245617202044
0.3156558942667469,0.27079693921166187,0.314982610173766,0.3208415343727782,0.3143511377979385
0.1382311676944101,0.16801723258902648,0.13841681164016448,0.14202029947810887,0.13896520324747402
0.2876407051615258,0.3038834473954747,0.2717406112290625,0.29032850307193053,0.26860064436281517
0.1964494365611197,0.16142774330672854,0.19484501908673635,0.19545395127523743,0.19564624687801482
0.277206693579648,0.2481943935175324,0.27920370528617133,0.282160570454705,0.27595901444253335
0.033727417068196,0.10568968978234657,0.03265426363102396,0.03934543694612711,0.03629771460584467
0.2693417513312209,0.20044393021879672,0.26930945036235215,0.2774325115970409,0.26888325286128373
0.1121044064747319,0.08305574334916395,0.11176473680570034,0.10214963485751273,0.11699342744666734
0.133982536024754,0.21723344588991522,0.14943021959942426,0.1313982833907422,0.13482933621877646
0.2743526835181694,0.21735946606860762,0.26704881843444656,0.2904930225285435,0.2653147803027867
0.0323589272004414,0.17010933904431652,0.03171766370043858,0.03854164985270359,0.030324498574833304
0.0916147830975113,0.08648207632235076,0.08920458397315306,0.07241191113497747,0.08880232688561819
0.1610020340207492,0.16931988615051263,0.17500678473539766,0.16862468647697626,0.17046107043373934
0.2073639161433115,0.2617582513755213,0.20496943039087867,0.20848751943860647,0.2071319991824579
0.3466289538510974,0.2519670423801436,0.34173601107524204,0.3268035707514032,0.34476472696835225
0.2693501192906809,0.24742218474488503,0.2694185066589798,0.2706333428589187,0.27118062465370735
0.1429234566396525,0.12506593206597819,0.1436738499309773,0.153348425066755,0.14329139489018888
0.0982922520079725,0.09977611907069706,0.09212334400243959,0.0877241442864011,0.09357163049453986
0.1148935989584244,0.11306637650063368,0.11498538461267908,0.11677378625670794,0.11520152695628143
0.1968272473218526,0.2399407211846713,0.18893467525404,0.1899857038678945,0.1973422878417675
0.0613775239472915,0.0436826015575581,0.06425255149954733,0.06979250723104055,0.06008535483117409
0.0957290772358415,0.167977334047958,0.09843049414759457,0.1071984659830878,0.091222898782702
0.369322207415257,0.265086713070234,0.36721449140742224,0.3626896826482586,0.36363294275147495
0.2542122943007268,0.2937903983133866,0.2744031695880296,0.2601078576977358,0.25010200926072634
0.0371889744840026,0.09402233576005177,0.03971069707989038,0.02995928380223521,0.03980933215781875
0.0932432409572514,0.0854429096625362,0.09653731553551974,0.10121781860978675,0.08759908847592236
0.2713036494220351,0.23869873345390855,0.27170679519904073,0.27986527896244695,0.2725401348874076
0.1074336795675677,0.15188181431608444,0.10600726768448891,0.12926834518838953,0.10819545186857513
0.1114520403537302,0.04064002052692789,0.0999686646517513,0.10197294231399313,0.10659126652497294
0.057646810871788,0.12401412961257993,0.05792968924534185,0.04965204063312804,0.05222359788321346
0.2270555971851336,0.1913065753961366,0.22893157432744923,0.23360650561640692,0.22524883535395687
0.1063403544282685,0.17117341424804,0.11319875238636216,0.11134331463803453,0.0929729643624596
0.1748448546857958,0.1693071986504563,0.17532214702007035,0.17413493201145192,0.1715153268994722
0.3485993017973292,0.2966147505399355,0.3503434851580416,0.31672407660557794,0.3477764439008464
0.4146597399891019,0.3580969987480704,0.41075489348708205,0.40223851738622185,0.4137893484472298
0.3740082501953085,0.28579891639228117,0.3562121211504844,0.35195296615858135,0.3703623204658781
0.0267512912043729,0.04572714342535128,0.030400040988514655,0.03328344605312722,0.030262525784284504
0.1503059937213577,0.21719365323013368,0.1506022259300563,0.15406334908699587,0.14748309102281593
0.2154560014696893,0.21997528795212443,0.21197426183397705,0.2147072633666808,0.21580313488871566
0.2113919442598665,0.23064718743319496,0.20727220194766902,0.20580869389104273,0.20012818358212128
0.0568464713674549,0.14079112229347054,0.05680933175752154,0.06467763113588267,0.053196711096579606
0.0562055302218974,0.02866860721162573,0.05523541057418529,0.055466310313579806,0.055822902960383614
0.4487174142190115,0.39027997156568744,0.42755699153871757,0.43814338626413063,0.44497638996884525
0.2643903338837698,0.270172250988117,0.29446527210092494,0.267351017397551,0.26697926935237026
0.3118342497917994,0.28418659628484777,0.3128385664866197,0.31074213311725835,0.3117064336360601
0.0479392616771678,0.13680780050515384,0.04821699629557461,0.05777355786384035,0.05281995102954433
0.2656211808850036,0.18415010807584248,0.260721937839232,0.2441079783053098,0.26163351054849643
0.3949190938785697,0.3513819013702051,0.39487573640467427,0.40058816998396235,0.39598648034087053
0.1881831621918075,0.18914673093265275,0.18171995013436393,0.1710996409661196,0.18739385705038847
0.130456609218422,0.0530022853054313,0.13581629244669743,0.1446072173378449,0.12392293102215242
0.0555875290244297,0.31689370088282476,0.05370010884503067,0.04375332540301847,0.05092939239424926
0.3653039913447906,0.29938791084987415,0.3645120136358073,0.34773133303951764,0.36513288396973403
0.1841743559886366,0.1829345531072398,0.1866070788878998,0.1842439868211775,0.1875646592287165
0.1739767712506945,0.1547631377516357,0.1683145925069907,0.158047428091493,0.1636026261141824
0.1607129328839741,0.2371671422880648,0.1554027780629855,0.16745582216401816,0.16456626093840243
0.0404030814161624,0.07259782546776834,0.04204204723025124,0.0353796711222968,0.03899574335047799
0.0496657186002972,0.1387075753922331,0.0497321073812273,0.05133947708960127,0.050816429637911845
0.2724539379099188,0.23600262242351275,0.26924553680954777,0.26451571352256564,0.27359917645391435
0.2857811723775435,0.3009755128233217,0.29520076224353586,0.33824271286908125,0.28847899874565935
0.1502929030142208,0.1715127858188692,0.15274598472202314,0.1468123263102035,0.1505289268449635
0.0047033045520241,0.013841357528240839,0.02844218268881267,-0.0017023483879210505,0.01736363247234462
0.0206108790894404,0.16826285727218232,0.021587101846413524,0.03311845355498271,0.01941876243883655
0.2386605283140494,0.21048581332156172,0.23379030188179675,0.2477411107767242,0.24202042060271953
0.141910685682542,0.1901395254210405,0.1402477422685067,0.14744643979742647,0.13770076480357893
0.1829335470462501,0.2058285859521439,0.1845007412916234,0.19682822157596458,0.1841037602728699
0.0212191684963178,0.1442834426235569,0.02061793874796547,0.0244676633573663,0.021066330150809776
0.2394938170241394,0.17929029606890065,0.2437833339940938,0.23175331798599422,0.2382140889254762
0.1653474903284753,0.1799161289807487,0.16437696336770238,0.1583129471546146,0.17096972297772178
0.2799863634509955,0.2433201943967571,0.27958127541771866,0.28572190044699564,0.27959212798042377
0.2562895058580683,0.2310091358201472,0.25630873714694064,0.2564082387082229,0.26094501343780435
0.0109645310975045,-0.025027369804668242,0.010312304379995403,0.01079483642033199,0.015236762158262382
0.1896829098211745,0.15447910910628443,0.19183675813777554,0.19765800827015004,0.19187902535235693
0.1085668649622448,0.14582708873411782,0.10500767811673509,0.10785869048132733,0.0948183274726937
0.2383941165318733,0.20966023038423906,0.23445733394996163,0.24022952712056792,0.23995779452696295
0.3649802929892921,0.3484569972137211,0.36567253934848526,0.36125909848461335,0.36502778658814644
0.3841583522183129,0.34817825745268205,0.37892409583262743,0.37900657941220633,0.38593796959586585
0.0267911404373722,0.16537786246615574,0.027745020930456613,0.04224891795896282,0.0282373229170433
0.2214437510344221,0.24592987510921285,0.21954432501357354,0.20580869389104273,0.22105891399491454
0.110685010772261,0.20312205906201775,0.110370972428577,0.1177055752788431,0.106387847619176
0.2495202782436908,0.25477126543892653,0.2326863964013637,0.25218037805990906,0.25065977002491757
0.248274981009351,0.24000201562684964,0.2501578335733704,0.2451769209156231,0.2507085740532455
0.1299993861113653,0.144283843054902,0.12328410604110156,0.13085591535217547,0.12787666583987842
0.0770838035089078,0.11305618920606698,0.08298085003169361,0.08912125027118632,0.07206324748673316
0.4332052048444887,0.38256607995724123,0.4236419862845604,0.4116721616058816,0.4357822673810176
0.1306493733729362,0.1984463386602569,0.12925278320942776,0.13947949733027998,0.11212103228375872
0.050131037351675,-0.002797614385486258,0.04402851960401097,0.026360491929324527,0.035926451293341696
0.2700156572022411,0.22960613169596722,0.272434880753754,0.2799601266764169,0.2672877971603723
0.2279882198849909,0.14379534526749777,0.22207390507184485,0.20313531007552424,0.2183810666032057
0.1438922172911704,0.10568737162552491,0.14092944074182426,0.13342261068897956,0.14161382949407333
0.180549781914336,0.14981445808314503,0.17623229406298668,0.17091582219530047,0.17374393380291284
0.4207964580224564,0.37505678682979493,0.41648882444160606,0.40669333285820447,0.4198395182338833
0.2977826878176102,0.2751261940630653,0.2936622654501108,0.29502189298429815,0.2994532106460822
0.1114120707313587,0.1576952282648043,0.11269252785806776,0.1069712391883766,0.11228432352697229
0.1673063057968539,0.23871947291763407,0.16525084312443228,0.17605657616616863,0.16755131133876494
0.0203544811054371,0.15394118231626475,0.0463275913389284,0.06392998001133407,0.02575309477699319
0.1696712240909134,0.2382320326175514,0.16323771806069295,0.17383286130118225,0.15663246113589677
0.0850143525238738,0.06457825217796781,0.08800906933384253,0.09043186187515528,0.08402795090919926
0.4541096201741842,0.41350452822333494,0.44576916398450217,0.4219129100053105,0.45260426441530255
0.2311208562369991,0.19142491137357348,0.22615671609426266,0.20218427225938848,0.23009854315365796
0.3525346614603551,0.29027285670813935,0.35554251398401737,0.35646087792041414,0.351598359538546
0.2275790994497483,0.18580963603195733,0.22859989242798676,0.24259190983861717,0.22879383017184737
0.1014313124604676,0.2103944443534132,0.10367546143882929,0.10891890835682838,0.10671856239309863
0.140483750493038,0.06844797783047149,0.14214392435782197,0.1384644595013428,0.14109363983881845
0.2487799247423065,0.2218776703869983,0.24875087576977906,0.2485677060571386,0.2524814069635417
0.2317535085134178,0.18525069612869616,0.22623172895638782,0.2202101591942564,0.23174963382008737
0.0937439398052716,0.0816812871423646,0.09178790493444824,0.06984731555170509,0.08548544772435454
0.178433847551199,0.15612588336019392,0.1967100404169996,0.1845045587435317,0.17829653901601764
0.0311064783006617,0.022208797844759542,0.03524825630094189,0.023461142932365883,0.030610480757701296
0.2114273314454987,0.14668747625671175,0.21000558617440523,0.19728814857045032,0.20983682384688737
0.2420779388046789,0.1992970240258134,0.23778005403528268,0.23033111697739275,0.24843025496716659
0.1557576616559168,0.0738535516690564,0.14809288299598633,0.144060956464532,0.14448508237435753
0.1609154722664394,0.1299651914513252,0.15821739402871648,0.15466920945027035,0.16214617587202312
0.2132712286902879,0.16835372531834064,0.213278055151322,0.2049198865325501,0.21668812583838853
0.3090863729321634,0.2998429800201736,0.30924038503893136,0.2958073672415841,0.3094887404047407
0.0444451637426653,0.06931154100506437,0.042026034672683524,0.044550314925827623,0.05106632809031584
0.187426339051323,0.22520762163729696,0.1940049610387213,0.19299630458255468,0.18484955093935743
0.166273343939964,0.18843388070898787,0.16283761584812442,0.17135253995964894,0.16650107568175207
0.2785617336003304,0.2464687834873301,0.2780065016201901,0.2757764178505431,0.27911515120839525
0.4156960745236649,0.33311218957058114,0.4134355894348663,0.40940168932035825,0.4164884061513314
0.138777744627174,0.18445463358688338,0.1378363242143223,0.14664117521428002,0.13773276181763836
0.0506045581080658,0.09708622171728117,0.050663498074489575,0.05637024298916926,0.0525071692378976
0.1686320227577954,0.15285887674927576,0.16882705130780531,0.17477730595136023,0.16707404506640913
0.1595767856102365,0.13600261828170893,0.16005596898823782,0.16166197342850974,0.1623419714156982
0.3743168727669592,0.3041411728184692,0.370531461967015,0.3659748319977671,0.37281890769224607
0.1642008801247112,0.13620831136928674,0.16418101947704503,0.15297287708590188,0.15850452374848362
0.1636785883421575,0.20603495246644193,0.16298862216508833,0.16101458162549753,0.16214571881897152
0.1457024586570321,0.16914634560750755,0.1715175205781093,0.14937104420042277,0.17597497881404328
0.3758134455274128,0.3123603166776885,0.3722100053974916,0.36316701809066615,0.38010655775173907
0.2775666728464704,0.27368037864435774,0.27556821461781267,0.27543001915935883,0.2673090981607049
0.2185064251594985,0.3105557731660444,0.2414837057603597,0.24735575039309818,0.2247566684023951
0.1362999446184772,0.22562000216472666,0.13671739535864633,0.14276185919822004,0.14179559377084297
0.1718620910650813,0.15391798786263042,0.17427529855804724,0.17570261741376836,0.1689309616078986
0.1201484205998853,0.153102273701519,0.12039078707111188,0.11745191030115434,0.12239660637605858
0.381865561566061,0.31508760378170464,0.39253703775532417,0.38548634000962634,0.37793099767184024
0.1459097875168656,0.09854344522413776,0.15974956234551974,0.16502690914744583,0.14320839082494358
0.2518586719463822,0.1857038166747083,0.2498123115509362,0.2730798254610935,0.2519303687307464
0.2372738761069278,0.22078890229939346,0.23512669569703254,0.25766669695342864,0.23502137782163962
0.1109662584366206,0.10504315156244898,0.10976433328068555,0.11505149603736095,0.11171799210597677
0.0521030487072742,0.0599956968093229,0.05154643604552182,0.05214936464047232,0.06117876486240588
0.0495636920568636,0.12664740596888244,0.050740952684296126,0.07227478849831566,0.0567325976003454
0.3133592302785079,0.24564096284311154,0.31049232957397044,0.3099828601414753,0.3147727966276309
0.098188789211563,0.060110301679097866,0.09993156770393809,0.09981562648110971,0.08977545021196248
0.3097313910186443,0.2606469983343721,0.30625734946031324,0.31463270441164287,0.30921158536803767
0.2433057583793035,0.2609539650953415,0.23890745959007476,0.24683636708087472,0.2439687884213318
0.1696534674228639,0.11234907914936937,0.16902209398844156,0.17910641133155122,0.1677891236491064
0.1193604984359226,0.13351265417427494,0.11740427404982401,0.12216573090863643,0.11700331784611531
0.2844758561931346,0.2446501688588956,0.2814717209667596,0.27391800904037167,0.28526455393401157
0.2077859045969199,0.21419824458280717,0.20156486190010098,0.20332716394649555,0.20798003676632604
0.1419412559836128,0.13954648386407914,0.14451180280433232,0.14798336171141155,0.14122717954145075
0.109010511308058,0.18281866434238314,0.10681296921677177,0.11701163746400556,0.1112336405761893
0.2010637527058497,0.19199642933956354,0.1951969013818125,0.18868380968476525,0.19918869489968555
0.336243470191925,0.33011871919576435,0.335626421598356,0.3423381287570293,0.33830667348883486
0.0416190289461104,0.05101541315602326,0.044006445800729724,0.037272307576222206,0.03253967427182133
0.1079598761452293,0.12193926454391693,0.10677194835811517,0.12011762941131902,0.10836796716297448
0.2628801429503944,0.21570398911159247,0.2645695311006513,0.2655289128859317,0.26307340837657894
0.2282875704373251,0.20619827630781823,0.22879571715415356,0.22507309991898827,0.20999377857145798
0.2665631339263153,0.24317984115758556,0.26454071919145417,0.27536672435729453,0.2620588527059878
0.3708381162683923,0.2792556522175056,0.36120344317279307,0.361694085372587,0.3412044667720033
0.1935514753438889,0.14663310478369868,0.1925869784921796,0.17559785257979546,0.19616375977261372
0.2279121829223795,0.14660688294667634,0.23195544691603823,0.25300795931510445,0.24247464209141772
0.2731394865977333,0.29613344961187976,0.2745594599546088,0.2742896575104331,0.2757733874053669
0.2530706807320167,0.30875090246581116,0.2864404604026405,0.3022814527538857,0.19581929154798114
0.1088226685559264,0.24370831622444164,0.21587183360217413,0.07701795525881891,0.17899487921022325
0.0792867416677113,0.09084405074723481,0.08837854566526962,0.06615634386661971,0.07505709885309501
0.2908429166271678,0.22937517638150745,0.29212374660374313,0.2882353056235887,0.2909075607188007
0.2212352429541072,0.20530870492585587,0.218991280352384,0.21373427043924836,0.21739847569936552
0.1977602928889437,0.17945302483921932,0.20076499555464186,0.20553348303092156,0.19695366361722594
0.1525603597363781,0.07845525088226793,0.14659239988963768,0.15297994425889097,0.11870914774766798
0.2812040660887664,0.3099649043736037,0.2775779177701361,0.33707485157086675,0.2810608167057502
0.0865694980164915,0.20622784431450827,0.0846720542046387,0.10416130367459878,0.08903429664254751
0.4180617661357709,0.32214531444415484,0.4160223010164916,0.4007782218208253,0.41930830659773066
0.1286347521853479,0.22668595519382737,0.14032916790202057,0.14554187306958524,0.13183837744591614
0.1563509040951852,0.17786411096706128,0.15789625627970982,0.15335566748680862,0.15950523075384618
0.1299122163729142,0.2213142112027523,0.13014529871403963,0.1396815529382802,0.12797642447200022
0.3409239810091478,0.29640473220816316,0.3416606812110281,0.34038143957317907,0.3408635969992443
0.246286759237081,0.20454641012477537,0.2421705527871266,0.2437318518755395,0.24705186590475722
0.1982532188145802,0.16853960290338424,0.1946150716493254,0.19178636009429123,0.19990524910480215
0.1304069251312464,0.14310292403257963,0.12999543633376257,0.13121162133140135,0.1307472049482225
0.2554230526326541,0.2784399247348911,0.24263063684668235,0.2412556387020131,0.25750696148441726
0.2887931003533885,0.219756261513889,0.2883727711017793,0.29345943537699576,0.2879036022388506
0.3103151634028082,0.26002087997738366,0.31374750080423097,0.30989571393837,0.3081806008660332
0.0156117446029224,0.054280248602551956,0.05117450769380739,0.020280494090941188,0.042066964948384564
0.1460741972799538,0.14178673550828808,0.1420502952184269,0.1497405021085224,0.14374031425178604
0.4118356805892214,0.39523029736373716,0.40220518789665927,0.39819665766422646,0.41251098169400374
0.430493268676671,0.40763907368745594,0.4315885118050071,0.42916374047170347,0.4313376601657183
0.209747483166564,0.16607921576402518,0.21001882878709777,0.20910245225568416,0.21195751025998866
0.0868584698835475,0.04279499250030633,0.08979961234241647,0.05848821089007101,0.07719189319882729
0.1602830896057388,0.16036264683965593,0.15904048733761994,0.17089888002864817,0.1555996526603632
0.3165752613606484,0.2609663900047564,0.31365029919402804,0.3132574934727998,0.3168144826564051
0.3869894025525714,0.33281545803648777,0.3793106989317225,0.37900657941220633,0.382747861535754
0.3447806239061543,0.2809444941896295,0.3404796519592408,0.33883101376166014,0.3509044255143718
0.1346465626113128,0.08267520479212397,0.13213130217738564,0.1361554450401992,0.1320155444776275
0.2665294029865619,0.19239804715105535,0.2652426021339701,0.2700732082648149,0.272690968766086
0.0900790958749483,0.08773528967701419,0.08808818008930182,0.0873281597923855,0.09233675474498965
0.0784576996204844,0.07093466518571825,0.08189296417030456,0.08244202075023366,0.08098306120927641
0.331065044538948,0.2880457176727673,0.3299723570185617,0.32705043991284066,0.33467354842080477
0.1082278913606144,0.11082008561292572,0.1084994862033742,0.10630139393399385,0.10636845316944366
0.0987435183865473,0.07227513302157726,0.10453425208433119,0.07711279865864572,0.09096169152404365
0.1968151133445145,0.15907665441560537,0.20391850709705422,0.191321777279025,0.19977306064964084
0.3376693102474886,0.2671595882478102,0.33288404163860924,0.3185051987169421,0.3416131910898619
0.0400334351754002,0.1374112412465764,0.04144492970037579,0.0376648364333,0.037484280603755894
0.3874434244674533,0.2943712683221171,0.3886326933175709,0.38522301003251025,0.3846164204537995
0.1817674334730582,0.18225099902862762,0.17803332356798557,0.17481046283065796,0.18367834410447798
0.0306925037836093,0.19165071769127134,0.028377677815812744,0.032161500505462265,0.02996825498803779
0.0393105090655854,0.03342332353907734,0.033182037863287675,0.01771661153660371,0.045077919185057276
0.1117688032759455,0.10099190334457009,0.11100164557115477,0.10629921251537801,0.10872335437423201
0.2298343777329048,0.1677753374213818,0.2233663931108463,0.23149698666027155,0.23550860751340985
0.0934505347697048,0.1729111286751189,0.0932704961222201,0.09512278112759644,0.09040899960649071
0.2532469672629229,0.24727943345053888,0.2688005919258369,0.23122538911504148,0.2603148257894692
0.0682829801644496,0.09051721517123638,0.06907507714243454,0.06912543984853906,0.06511314409473513
0.3825393043007721,0.3242617143863473,0.3759019686451136,0.3716365871731718,0.3850543810981514
0.1385787861576889,0.16927250806511127,0.1400564028232506,0.14248336944438866,0.1349921080775463
0.2493508940068676,0.2943035562490016,0.2425808722653381,0.23748883574049912,0.2494059344270428
0.4197690293158669,0.38618888726076367,0.4192341713172147,0.407362194316939,0.41822512123232825
0.1514896542872425,0.09245037949583332,0.15432162347114867,0.15118208738600325,0.14706034910972768
0.1204687870706588,0.19327161500965012,0.12054700763861466,0.1261272141640329,0.1215606089407271
0.0698310153481383,0.13692760151039712,0.07010219703228754,0.06767145364842778,0.06950194909829124
0.369882587387229,0.30057402471074185,0.37103777981775,0.36496135545305236,0.37066424601129383
0.1687216695030328,0.18236614856536537,0.18276478807500934,0.19102178889744142,0.17215812787220092
0.12509705349386,0.12476680789479204,0.12092411861861438,0.12397613218927117,0.127149765985109
0.0401344268416035,0.008628122567726548,0.037945916730516796,0.038982062182697695,0.04273905779770544
0.1707955673130193,0.20043341180328222,0.17035551769549834,0.16267903375833037,0.17128008286536026
0.3328008554034052,0.31526766098985104,0.3254708703878973,0.31837779707710956,0.3315485020748009
0.0474214895655668,0.10818211189415178,0.04753872910063564,-0.012246280019761656,0.04461481245509772
0.3277481437798165,0.2705272136682212,0.32571337865904737,0.3164550414853247,0.32234497039651516
0.2436488945128291,0.18303395627496366,0.24461881314996858,0.2607332480374166,0.24152300855776265
0.1903523235677644,0.23504478500604692,0.19333289047386665,0.19067572809957628,0.1878634913849947
0.2038844526492058,0.2471307808217717,0.195472087689671,0.21011058892029072,0.2015415905343516
0.074673757680216,0.15455035177911688,0.14206081928182157,0.09945708816580423,0.11800848935065349
0.0895981266777422,0.22391225999598435,0.08827341275993308,0.09120005421927199,0.0894990557163165
0.1540623688738856,0.16109988811059628,0.1540330869434226,0.15374428178276758,0.15318735328684085
0.4206984197052601,0.3249847430578655,0.414702589969219,0.40533381933168355,0.4224667307020599
0.2046517554228569,0.18351422600317188,0.20836019031048006,0.177110087272054,0.19883281561929084
0.1891561100804438,0.1648902668955129,0.18869201089623894,0.19164036291606867,0.18878320696419656
0.3012880593804837,0.29016169153133975,0.30022819969871617,0.3002599118203355,0.2992037082478192
0.46239623288339,0.39462653480216103,0.45462273696933236,0.4478396315375957,0.4540712582476833
0.1820743975091636,0.14069592698043631,0.17973845885818923,0.17273518472244428,0.18419824040978178
0.1640054534933925,0.16149146767897699,0.16372014221506337,0.16667724217207402,0.16346452146900964
0.346851155850837,0.3256958702183605,0.3478051476139088,0.34242083875100454,0.34159168329523776
0.0440442027652283,0.14459445004401827,0.043315379650957844,0.05113597543038951,0.04435372151990767
0.1810728867895113,0.11451101226898666,0.17776778675112007,0.17389824951623892,0.1841786311167377
0.4277590573002447,0.3415851397643686,0.42208590027470044,0.413100652397854,0.42849729032959705
0.0534972444129578,0.06284887239392367,0.05253805881253926,0.04567742820928907,0.04536025306746087
0.1881678224053421,0.12384572819516279,0.19225036764026426,0.19546172841955803,0.18631979672536164
0.1924650364883013,0.15975922528284045,0.1773343854132231,0.19765908807630075,0.1906602874915182
0.329497720111425,0.27329315874625504,0.3296934212009561,0.33118227907426434,0.32606107860928674
0.1134635389281856,0.1281242024515994,0.11665238503399104,0.11850548958348651,0.11240083587035365
0.2693491740557845,0.22716543751868537,0.2674213056195064,0.27288533241042173,0.2719859969805377
0.3844103556197931,0.3274715827938453,0.36686607815047056,0.3341458608942649,0.36555589562072965
0.0759248246989452,0.17016897313060758,0.0734133709923332,0.08650430891615357,0.07038544141134967
0.2421860498169384,0.28583716853039626,0.2297336645940959,0.2278934179780167,0.23901704349360897
0.4016715521657816,0.37626050505220365,0.4007247993007711,0.38745158782861616,0.4015482715870303
0.3406928814241197,0.24252525612722375,0.32610447358391204,0.3197476431705552,0.3403971052041418
0.2510999995935091,0.21866818706894497,0.2488184611287595,0.24389429220215122,0.2522783333224923
0.3257349903426768,0.27997313160523896,0.3217436076107504,0.31173548920078087,0.328151311540763
0.3425966501556844,0.2901298961669737,0.3467068398341915,0.33560533063318915,0.34836435531259846
0.1233167460767894,0.0808237791717206,0.11317542651330306,0.08431447791717349,0.11107829429532856
0.0855038442813771,0.06694315322586566,0.08614294375376172,0.08945279410872312,0.08455188201006002
0.3197124933735145,0.3680100902513268,0.40500543540170214,0.3897108438781706,0.2913938924151377
0.1263443359002682,0.1700964335370324,0.12439893014087121,0.12461872818886677,0.12943198952037815
0.0243683796087871,0.20880800626113988,0.023544232432353235,0.024649109821178107,0.023720328230550442
0.1746510624852144,0.16806248010630992,0.16927597833376176,0.15806328167665384,0.1651243256424721
0.0131333497157451,0.0924317297445458,0.011824605316329437,0.022753547226925717,0.01950725186797418
0.2275786469706371,0.15839071720855327,0.22023661496722505,0.21405744599926746,0.22986544781997767
0.2634722622888911,0.27762789147427513,0.26616367411588787,0.2779898705989012,0.2652805607573707
0.1773833389250788,0.1893601555032075,0.183995357871463,0.15856004590607597,0.17953051782698076
0.2728958743990993,0.21556561749920397,0.26389229710147555,0.26045702525198927,0.2721944162450321
0.0349394460769011,0.12971288595751396,0.03468802190822787,0.05325643630670409,0.03603776129339649
0.0606441154991511,0.09159432466142814,0.06329917153782245,0.06453969430031051,0.0631616905880285
0.1987958348481083,0.1800063500395704,0.20170007674578974,0.19876164182445685,0.19997661603368386
0.1981152778666871,0.13748323490708106,0.19259428460328618,0.17820746150283612,0.1780206640814904
0.0974665387794894,0.10233761693111845,0.09660000377746056,0.09426848127527226,0.09474313361057492
0.1554247145995459,0.1402784379310632,0.15062790135743168,0.14387444699770063,0.1577250712124823
0.4464904675758488,0.36570273543258736,0.43093184390113065,0.43350241019262026,0.4328601792567134
0.0480243085909084,0.09095055370632524,0.03983486890090447,0.04726026686321209,0.04798375717720502
0.1126525475402623,0.09709402764438754,0.11400720368734585,0.11553238717997422,0.11110752797294761
0.1580793814507692,0.18291306635825466,0.16194290450116375,0.1602653031132671,0.1549225247252832
0.3126143922503782,0.2855010218367807,0.31613342891870366,0.30769090727619475,0.3140614884662642
0.3785234335189713,0.3168920065972095,0.3721045706695213,0.3718683026194485,0.3792171616786324
0.1121744825702908,0.06540703713819113,0.10943708715540292,0.117551366083153,0.11241331817961123
0.097335863639908,0.1859023825050694,0.09346212713102413,0.11307489033184391,0.09406531124150945
0.0489221663580952,0.029011711453675204,0.05206519945775508,0.06142968990066406,0.04974101530283147
0.2324870132616169,0.1899785909246566,0.2567952105349758,0.21844986136130276,0.21873001627771216
0.3114464104617678,0.24658788636140344,0.3122099523248251,0.3066420025323233,0.3142931019038798
0.3008461537477011,0.22402388600978454,0.2971603132044692,0.2859974937034732,0.2880349384367518
0.3510751606505646,0.2718409252913923,0.35133431162517964,0.3579547676262118,0.35340931154720734
0.1146568020110002,0.13343432455998153,0.11407000168806623,0.10887238024383014,0.11453385647658545
0.435986869185531,0.3857651590822061,0.43943028825064895,0.43846368447064554,0.4355084883723855
0.3164939837421087,0.28089237482301305,0.30762728315008164,0.30475997260557247,0.3189115379644628
0.2793419042488215,0.2712059301334681,0.27345790403669684,0.27028131807077277,0.2814169623495
0.1470139150083358,0.1436353804466347,0.14793842461966497,0.1467302294660204,0.14430600414489803
0.2399680753426369,0.21391078431758054,0.23634041691679875,0.2445292806221084,0.24343840542343767
0.2851978862122151,0.23113622075934986,0.28849845124848134,0.29695075204548416,0.28937433075205793
0.1739918695350046,0.23965403773489785,0.18209771979591424,0.19519943936913678,0.17713168871521184
0.4306882785508414,0.3781369291161695,0.42083298508398403,0.41807574544400067,0.4288290186804318
0.1440123774281019,0.19805631284726177,0.14835328840636297,0.15394283177428386,0.13437044967425488
0.4307922630421938,0.35954836194881445,0.43231783473422286,0.3995975639712849,0.4297298067032528
0.0606194165452373,0.0925526179056459,0.060724437094740506,0.060069855802865106,0.06267201954691627
0.2460161108026133,0.22018799429378738,0.24707795929309787,0.2379853911996513,0.24606905521015662
0.1677636162092304,0.2137020148797511,0.16827886874017828,0.16844967649725565,0.1618930477374215
0.2525371356860316,0.27892224015576816,0.2492658507240337,0.25498397223322944,0.2518316194963603
0.2306066945750129,0.20837342823297228,0.23393770239460968,0.238763568426433,0.2303436360786293
0.0445324355567292,0.05904060287810986,0.046679187402283426,0.04665025580795896,0.037692488387391906
0.211267690804689,0.22059066315999584,0.20810098176079853,0.20928731225838845,0.21054993334604727
0.151045503108565,0.2086265421065987,0.15184048493934207,0.14484135371170784,0.14629706589391878
0.1816299216508281,0.2033431720504504,0.18405003806363926,0.1731054630160399,0.18414660632354787
0.1624425943746757,0.21036377003862905,0.1577867757524759,0.16896151381387745,0.16547801207515983
0.198237338923338,0.1916950762782103,0.1968884515904522,0.20122453864378018,0.18500974967884978
0.3203863299931578,0.2707933637105494,0.31878062115683375,0.3132380092654287,0.31900807610048154
0.0685798263578424,0.20718483066821167,0.07534573076597083,0.09629507730571711,0.1326741034970767
0.0256519289460852,0.03848978781361792,0.02877056012308526,0.0349747804650881,0.024792657010151417
0.0967323867750235,0.11674473217633116,0.09298314795073179,0.09243574949453234,0.09205313145823801
0.0514979154235863,0.19274627809632652,0.048640303447643474,0.06851791164558393,0.06734242109872235
0.1291860437038645,0.08584869220411159,0.13521946804451804,0.13136085242036363,0.12479734686927028
0.1562085484940535,0.12076690197243987,0.16048664911857433,0.16629229763928452,0.15702466294826553
0.1994400762850054,0.2106144222848733,0.19931745347580393,0.19439835168852362,0.19899449239279315
0.1221141845153476,0.08473807025435909,0.13033697054409626,0.14756364778323575,0.13099818780401504
0.3349749170044822,0.28767181679528286,0.33408597639965315,0.3311804178760411,0.3366112096969521
0.2553372882617307,0.20250269043111527,0.2528254577668012,0.2492771880458266,0.24919054824611414
0.1989216497710855,0.1971445300100458,0.21840734460074182,0.20314623062995682,0.20164609927777497
0.2516733981238836,0.22947281521686322,0.24980092481195168,0.24873573652323278,0.2542688249227595
0.2653326556492103,0.26350644698581516,0.2715507582152099,0.29578175718478544,0.2602850476148067
0.1848856229159388,0.24186684651759272,0.18378888015253458,0.18632219128190672,0.17590415580694801
0.3401242958518571,0.3271980939393463,0.34296583641342904,0.3449903611736153,0.3414990912386848
0.0861006185411186,0.101414828663868,0.08772423449936548,0.09145440833943097,0.08933960125567504
0.3470318944016012,0.35526603392780387,0.3433343522463848,0.3401330213882506,0.3460317343968192
0.116676130848036,0.12354128571122204,0.11359607136397365,0.1196727560930773,0.1168957203181814
0.2056304885239106,0.15850823513236778,0.1996741759918455,0.20369657259616425,0.20781621282830529
0.0499620759765534,0.31023789514537475,0.16213407004226543,0.09220083323008013,0.2137781518600778
0.1489484712846386,0.18351152846934735,0.14701312889033497,0.16170751603862826,0.11798836606779244
0.0804807364615403,0.23929224151048675,0.0809937867598577,0.08739159837268982,0.07453516879895414
0.2433175423995603,0.21748935471748945,0.2447406346449779,0.23876853302215223,0.24292579660869382
0.3468051911775343,0.28975652383135186,0.3597600670357976,0.3621423070116093,0.340094790928381
0.0121632410719771,0.13903971818690838,0.011934996579264326,0.015441825590310649,0.014761183464544447
0.2192168727483978,0.18987343635080028,0.2198142264665835,0.2191545126599829,0.22040370902441922
0.2305067000487796,0.22539350440860395,0.22226698108387438,0.2109903245578637,0.23209642804580058
0.1198990349417264,0.1415303417068125,0.119231262141817,0.12665410113064832,0.13021813166452248
0.0851960727016208,0.20019213375260492,0.14511638282385508,0.07946958429961178,0.13292442679882774
0.4100167291728198,0.3540534958880137,0.41496604814358573,0.41595419177684206,0.38491330750961666
0.0850245341444566,0.04489892417023619,0.08253162842720956,0.08605547839618323,0.0871118304531151
0.1506034235506365,0.09041256621436977,0.15092930084786585,0.14566866197632042,0.15160520921044246
0.136469747189883,0.08091442229474799,0.13558448853642727,0.13036742715514643,0.13253086586783014
0.3209676765705247,0.3266844455192308,0.31778833461397504,0.312449973633869,0.30924849583825587
0.0582925785185267,0.14980893270917886,0.05734798950019241,0.05607379996111238,0.05743280267094612
0.1767813392126959,0.1999532463694583,0.17646562086306963,0.1692870752422794,0.17685730892971158
0.1212156116677972,0.16541912210388174,0.1187788689953607,0.13171803359535506,0.1272183267212684
0.3922482985893675,0.28884661531667355,0.391504970138562,0.3872442051608312,0.38582367067402756
0.1940986593006949,0.2527702172656213,0.19220078946266375,0.17482042096937153,0.18958336567340475
0.0093829954576861,0.08607872528688362,0.009588217134914747,0.02141884391551117,0.010040752211022503
0.0164407294448402,0.05202443092666159,0.016622540801655327,0.020189112556491046,0.025001627500300588
0.3609909215268296,0.32155855538314854,0.3612867001461573,0.36163775534631537,0.36341876134629264
0.3051353992489251,0.3072598379372725,0.30491683887016297,0.2869097412758791,0.30397448579953146
0.155374978866309,0.19398006628535325,0.15445184591024108,0.1779184941591809,0.14883086799382855
0.3111163284612244,0.2574589090809881,0.30832520197055474,0.3134781445574014,0.3124997607833341
0.2472539082419715,0.27323636912169297,0.2434945240698255,0.23883450362200476,0.24808318320457062
0.0633471746122086,0.03952225176200447,0.05720254021986622,0.05406427421111627,0.05949838151906951
0.1248167755964771,0.15812255384724697,0.12726502411214421,0.1326821552047874,0.12251470354842423
0.1532235224045061,0.2020669819932145,0.15311391972330365,0.15104632192804254,0.15558177121353076
0.4033735878248318,0.3888525012239577,0.3992021508464799,0.3863172926694885,0.4009645521254043
0.1211282378949433,0.06381478214666711,0.13672305018400926,0.12633633706880917,0.11489741800305445
0.0617617565293667,0.027840922492596565,0.0530374737352349,0.057398247080418636,0.059003990492392154
0.1055084373627311,0.12772194835873335,0.10253807593908724,0.09809334408190477,0.10610120303616462
0.3187842653441788,0.3183464609689641,0.31411087766134715,0.30261222272911736,0.31904424751012267
0.0154704405987018,0.13056912359716785,0.04367545993461393,0.0305873544747971,0.02716200778193577
0.376204600849662,0.32335325356102856,0.3733951537732472,0.36203921172985554,0.3769286376705875
0.0284806814422995,0.09127739096305695,0.028635100159345388,0.03176649208885477,0.04096089845174607
0.0701286931287323,0.2244226471603991,0.06976870002372622,0.07215447810512422,0.06967422775358774
0.3935759461485554,0.395614633597704,0.39012109365109665,0.3870591758899087,0.30018118007365807
0.1007522576014666,0.20358179447533287,0.09458973553702915,0.12887223683232243,0.09814702131116051
0.3072646220138839,0.2871404871974714,0.30285890808847016,0.31540826845556047,0.3061450228166887
0.3737384115678944,0.2991424743367878,0.36777198848574355,0.35770438867747156,0.37065798260052857
0.3145607702518993,0.24607057858771736,0.31349334235153153,0.31414975641197035,0.31642207252483273
0.1631335231845123,0.19518863330401864,0.16884531422682236,0.17073271968314258,0.1562822067015149
0.3668053458107906,0.35272702183869076,0.3682520178192104,0.35764571746528906,0.36536082012784477
0.2181894793518829,0.1953437369797814,0.2131713620103793,0.19233586029757332,0.21086230116201513
0.1210329201171469,0.09141608688093136,0.12864145999112633,0.1433769935165317,0.13753927964725424
0.102445501906866,0.12837896120949038,0.10796696965157594,0.09730352232922988,0.10248807945861978
0.170976299085797,0.1297582580315355,0.16667296844514676,0.16848127379592157,0.1699299493776263
0.0260666812848562,0.10498613363679617,0.02654033193301855,0.024628742220722016,0.028927155944626515
0.3505592993450289,0.34815747172161493,0.3509912329945854,0.35057149859049336,0.3501249548840733
0.0455819425797892,0.23853391362905163,0.048158033483480474,0.0348125880444943,0.047084659542134456
0.2139846227018748,0.17312011438304073,0.2127516050012013,0.19917998466842637,0.213857826437782
0.1598441338250118,0.12340887839165006,0.16239859760184358,0.16687749967413862,0.1569432243878866
0.1565114843536795,0.11920494921552188,0.15593431983605083,0.16385436978351386,0.1569510936645846
0.0801467907942091,0.018428888720084302,0.07567967835070748,0.06381609976368217,0.07305184821919176
0.1078883252504923,0.30502932987080267,0.10610397358568285,0.11852978745329427,0.1083699078427505
0.0264132206267296,0.009959712581017355,0.06023808534844279,0.019306869160323804,0.04703452450778545
0.3495627822377992,0.30847417820167655,0.34804798323225966,0.3428611776945054,0.3501416596033272
0.1684839922125482,0.19363494198336378,0.1642634608344253,0.16213209411567595,0.1474438287137573
0.0695484795212292,0.05153282065559672,0.07213700295298336,0.07538191925586063,0.06895807628217974
0.4018827221245754,0.33527528689914504,0.39557126187448016,0.3893059960829827,0.39538439290438804
0.0199369689349229,0.12698565226581537,0.07045001733137785,0.030183570419787007,0.015321931605477767
0.1425535379406957,0.14988696080163377,0.14345331342148476,0.15012197217269999,0.14309608107765967
0.0981830929867626,0.34559269454166186,0.08241236470602485,0.1071935346183932,0.09969290090472595
0.2258853593959356,0.2299201925184696,0.22755551164859994,0.22890498013187277,0.22440631206904854
0.0147994913963249,0.17812697438847314,0.012338571167684302,0.02448666949456638,0.01990469915586481
0.0056611740544748,0.12109253814215884,0.006832754609827819,0.01906605210369595,0.00611826501731597
0.4040061777342726,0.37177311488489573,0.39981512126519786,0.3893171311257758,0.4043477533549238
0.2791257241717669,0.2809523643592874,0.27498765456938357,0.2726760783330465,0.2774853426642893
0.1873446840229,0.1069809319849278,0.1855388849765485,0.2006123230340298,0.179245346126183
0.1605140820533497,0.14846059607050893,0.1578214819918106,0.14183155867828973,0.1485388974334819
0.2770597613112365,0.25416289613940196,0.27664314840579274,0.27796466521430474,0.2796451458181048
0.0511217649089308,0.24659118550723447,0.2701951016043781,0.18943045310290094,0.24823921567588392
0.2282204701083441,0.23009177951699977,0.22965894546729662,0.22345220343612718,0.22871352539277018
0.3185773890395941,0.31135021116271566,0.3172841172685089,0.320443206218946,0.31915992129117793
0.175089263330361,0.16581684188325294,0.17464129479892349,0.17704684064678078,0.17220078242210382
0.3557555711923323,0.32539228821039967,0.38045540093722413,0.36624865397418055,0.35748806457391347
0.247548117535117,0.22868011955734552,0.25722392347243916,0.2450373632869454,0.2509095234836049
0.0419618756553451,0.04786180842426563,0.04332296882396422,0.04993033134424074,0.03849269885755997
0.2532754372275547,0.2526510458806699,0.25336517104220835,0.26010879697839634,0.2522452739156466
0.0179618514443673,-0.030629026092155065,0.01567062696423713,0.013981887700651882,0.025428313772263834
0.3872071429960908,0.3283013302978075,0.3852598302298693,0.3778725558742451,0.3878465424021248
0.3112437757161292,0.23873256016145225,0.3084915571953029,0.3066420025323233,0.28624453298436425
0.3603964136587125,0.32045979367189675,0.36287886855079743,0.34932510832596764,0.3616254765511182
0.1461872271691921,0.16887566795742393,0.1512175775255176,0.1492426951008957,0.15367012909679362
0.0575610980035567,0.01930493757279514,0.06211212145171313,0.06077482056863115,0.05848143202449348
0.0518911523565892,0.06483983415998656,0.05114841255060807,0.04622105880268116,0.042580215657506915
0.1802635011570626,0.17849782211923923,0.18089068761691507,0.18058446321125096,0.1795594126761016
0.0453210885795203,0.21348374909012133,0.044746120310793294,0.0623519951613715,0.04555122360971844
0.1683011160461577,0.20107491395530108,0.16743367810437348,0.1772781870258944,0.1624988998662514
0.1934528317005371,0.2283978421081037,0.1945335093220583,0.1833828322972238,0.19655952667693163
0.0663723608634908,0.1264581510503498,0.0663251542393291,0.06848476846546574,0.06839079903497094
0.4292358310300334,0.3580863719350812,0.415171856533755,0.41111285127368163,0.42681496120909823
0.0297440715987503,0.1448377900574439,0.029405692362441633,0.041777024028332166,0.03225263988346785
0.0309071874995834,0.18434606669994993,0.030374316305074287,0.041917999595295796,0.032026184464871675
0.2562899170387651,0.19580556316603043,0.25784170053351946,0.2563633734557929,0.25537694783160403
0.253554376061303,0.22944355279340095,0.2431768173321824,0.23504056287032277,0.2592215884077078
0.0851041650024863,0.171729697935739,0.08521912358743716,0.08384572230728635,0.08350804318215106
0.1136826425383846,0.10514274736861527,0.11030097168840508,0.11182099893590229,0.11348683691796335
0.1897160237271195,0.13452302060605137,0.1818462966525673,0.1687402962640381,0.19700142333459386
0.2153509109701887,0.15506613394367114,0.21911667087207784,0.2190230798680642,0.21524071769463324
0.3468439183540998,0.2897398048207129,0.3443006890863807,0.33626540480910994,0.3448372347548379
0.0390383322964256,0.08777054342273921,0.03633918674049846,0.03813318678395989,0.04553155875044849
0.0783320422221986,0.054774606131521075,0.07382740443343822,0.07706602793441344,0.07440869813326177
0.0766587608339234,0.06876542802888935,0.08115079330380753,0.08121389165940548,0.07560858972139878
0.3032175525205883,0.28942031864828816,0.30027771232735884,0.3071527160319517,0.30497360125369805
0.3872264941457048,0.32942175742256247,0.3840501785858313,0.3737403860148881,0.38422876570640974
0.1262129433612037,0.2177439578645303,0.1198361065483241,0.13727320533583764,0.12527654457418738
0.1157888667415328,0.12780387122778997,0.11560429749823162,0.11798167452628462,0.1126886151905678
0.0799750130277587,0.1612088684594263,0.08014273902378673,0.09423592219054283,0.09374092723124468
0.0909378003394208,0.09016820284732535,0.09430015120258707,0.08398050563487519,0.0851684124921244
0.0499351856529875,0.2791243423871472,0.048845532232546646,0.040584545539497835,0.04362625845357096
0.2729731213223274,0.2932346167823358,0.2748723440153205,0.2761258883310478,0.27268718943025544
0.0787473016601803,0.17889630530776335,0.07855868477809709,0.08169311944340989,0.07530043718195002
0.1896288990995637,0.17368802185428134,0.17926815287838227,0.17371290408786877,0.1871335929361805
0.316430308769271,0.27329375056889815,0.3154145303903399,0.3073315791410035,0.31350846866045157
0.1062929135774558,0.16724727046705984,0.1057006037586606,0.11159917114696527,0.10983698810742944
0.3069853599665018,0.2549736869928195,0.3061106386860652,0.31436731493571973,0.307174640626444
0.3842519242356884,0.33225899209647913,0.3821699073192093,0.3826345198671226,0.38636601299429013
0.1512191690558779,0.10552599224265365,0.1556268478533841,0.15275306703354527,0.1468397671622327
0.4092442563752385,0.31873368114795964,0.39932338102930465,0.3890188604515253,0.4068234642649422
0.3205156966655812,0.2697770986588943,0.3194674090533588,0.33033915400384106,0.31948384514755157
0.1668648044294222,0.10948469652343909,0.16202828212725587,0.161581934865447,0.15912326570680013
0.2115329974446744,0.16968789774481396,0.21226098776382588,0.2150819428567413,0.21245503061006712
0.2523750598726841,0.22394045413443614,0.26879558585711083,0.23560363160815634,0.2581045011724862
0.1052164944207956,0.17613028140760126,0.10478904775411424,0.11371768744111924,0.11124830083734509
0.2546700255494615,0.1664943374622635,0.2557107563674902,0.24330633744370475,0.24551957327687593
0.4085102893321421,0.3222978534108771,0.3892580730758961,0.38734353854721854,0.4097553249746442
0.2164463750099485,0.2546725760502926,0.21442776090561144,0.21925003765146117,0.22062447775097885
0.1302063877888485,0.15988014988483243,0.13014322280416285,0.1277308573458804,0.12656626101354665
0.2984484314551368,0.23028301981977303,0.29645797725560635,0.3030441268146152,0.3007015517347672
0.1333712804805307,0.10671091010845828,0.13101535289741248,0.1267405863231679,0.12877901936856184
0.1958035314399855,0.2010273282712943,0.20026542169538342,0.18563439244751143,0.19628876852804916
0.1456380945907022,0.13027253215540938,0.14290894804198062,0.1497405021085224,0.13999935804812927
0.1143128708604264,0.14929545535778538,0.11692919663690589,0.11036271800009641,0.10804082548567547
0.3354365449030853,0.3446113730524043,0.3395153412332524,0.3224351785108905,0.334678719673991
0.3100391908421338,0.2596865932668475,0.3136772804726722,0.31863679241768716,0.3085571517487099
0.0550848335013641,-0.005296852612392988,0.05491627969452385,0.05019683503867275,0.045552780676449994
0.0400426543520037,0.13819682454034804,0.06746107276156724,0.010254709648598488,0.07020291947179827
0.0769145240108769,0.14148845070180033,0.07482334426839903,0.08145016280705113,0.0741906198626317
0.3479318998166414,0.305260074661496,0.3487266212544272,0.347409784298858,0.34815805238949293
0.1812352630821343,0.21986926159338138,0.1846484076036511,0.1767777336187454,0.1828375617113399
0.1387432451169291,0.17250687533039505,0.1373618167589742,0.14171798178505055,0.1434440886785721
0.1616712399432335,0.15871357613538023,0.1615472277819104,0.15437570794107117,0.15523814572878886
0.3169489436919143,0.234710941996554,0.3170296476499169,0.31173548920078087,0.3167834055550437
0.1354397260582671,0.08244197018002838,0.1390485192574873,0.14779363057178127,0.13489467978981495
0.0910127895124499,0.0690901782039437,0.09283564264952925,0.09201614044641465,0.08800221006091215
0.3825386230069935,0.31939210123462897,0.3814513841228311,0.3782269198000006,0.38095461929144264
0.0175285938148557,0.04339075882829513,0.017071561274489708,0.018266617972931897,0.026768103168069823
0.3808226414010203,0.3217006959745101,0.3852936738586294,0.3940794351399477,0.3689651893869751
0.1035375086449831,0.17422094232714966,0.10586566737526025,0.10652017523012157,0.11146357948796118
0.4593603322864951,0.39774032233242296,0.44999446950745325,0.4401817196827068,0.45671686305943293
0.1823069185518804,0.24071843169478846,0.18210788950738335,0.18383094896354965,0.18162274650353855
0.0698498154409215,0.0301820500860821,0.06905634137029538,0.07340302820074476,0.07250323903076454
0.0461270428706811,0.12385012237776323,0.04618817652281831,0.050917628002187965,0.04549324666213063
0.0064145549738586,0.12294107633608578,0.006751844729831637,0.02112453333337324,0.00570240402288272
0.2957771006095986,0.27298769484588914,0.2921593251291682,0.3129508516503665,0.298156767180228
0.0459399748822543,0.3034324240690661,0.04607647917480462,0.035025150266554964,0.035115670143277246
0.0920667183725978,0.12439451515063552,0.08997504761690343,0.09025583797214443,0.09130611346656872
0.2207758881186095,0.2280082901077462,0.2191256502568848,0.23245674970887337,0.21706624391687734
0.1461919978050588,0.08250202094582787,0.14708064053971406,0.14381953938898026,0.14027675935967912
0.2980245772014827,0.2940407847390916,0.298671850093661,0.28337783414375434,0.29727986002323065
0.1075821739455234,0.13620976925573192,0.10757508495586461,0.1042302672393872,0.1067019201233093
0.1945343757403493,0.18067885417162885,0.1963988351325094,0.19199231168812728,0.20035819530843318
0.3464147042775301,0.315220666167972,0.3466473592021622,0.33098585302314326,0.3455585627930088
0.4146151477671086,0.3776255439638921,0.4183877067978673,0.41932147723915936,0.41222993631318994
0.1521556304406956,0.09956569410129376,0.15223675337657738,0.14858229640730786,0.1525351692654277
0.2319661891193538,0.21651205859412362,0.23282828348075033,0.22337774558554857,0.23803229240218077
0.0968858263535483,0.10806887732200274,0.10138899553093993,0.09591861886692475,0.10687187432017367
0.1682275188374789,0.16045143927926803,0.1645283840409328,0.15417744969448965,0.17027886852018576
0.1294201695072617,0.21244184150530257,0.129621280516674,0.1407323683317193,0.1283310536715399
0.1177052552526633,0.13000294780035132,0.11625149489286758,0.1173907399114963,0.11744984404955856
0.1190633802180435,0.09437454682397901,0.11626156153427246,0.12259356201563727,0.12045710947293813
0.2197192419748139,0.2440470856786974,0.21805713650076086,0.21643140947440379,0.22446743256962148
0.3249186835401527,0.2705825603761449,0.3218762555728699,0.3178512834679662,0.325056050169541
0.0888984748387751,0.15505883708010054,0.08840804005471624,0.09501084794471075,0.08614961803352075
0.2112792554993579,0.23323670899517618,0.21141891994717182,0.197361268717283,0.21089692003272226
0.2800663103664649,0.24383379401337077,0.2747999546581485,0.27374093748859185,0.2826978746718488
0.1704718263789073,0.16835040588892744,0.16644258390430328,0.1628270704183734,0.16987132069840177
0.1574164977716946,0.1263658760308221,0.15692310148284488,0.1615561155127612,0.15935945186514613
0.2931406502688582,0.25836364967994707,0.28892743394934217,0.28963237847112355,0.2951625053448431
0.1140414693310943,0.13161229808408598,0.11271357851782454,0.09854890994488917,0.10843403090826562
0.2734150188488637,0.27715065055641636,0.27210181629208335,0.28339876751184595,0.2729842109926102
0.0403725163836107,0.06834781120080452,0.04186824649791802,0.05628679857009075,0.04397857915359545
0.3098554234014231,0.25685499377136023,0.31507028594705655,0.3173534106775129,0.3139035192714335
0.2835038690209573,0.29271715314893715,0.2810795286931621,0.2658887732943731,0.28496473107921494
0.0652889732899827,0.12881346879231304,0.0738912360095826,0.11241041281367418,0.06366805866474037
0.1048029456107994,0.06630784764789202,0.1047006946381729,0.11217754753059801,0.10645206165074934
0.0279273582132778,0.22940054778014107,0.02833000362677622,0.053837887144890906,0.034609823915864237
0.0394020428101309,0.12157873118162708,0.04724840946132695,0.053215169763705675,0.04715825068130109
0.13045792643418,0.193209200689407,0.1343795235487473,0.1429004955519253,0.13474171529350257
0.017090955237158,0.19342178371339613,0.025047236971610588,0.03145105414539529,0.01698103620943394
0.1100509909758149,0.08675547678651943,0.10869287059355508,0.11563494604368064,0.11210766932446688
0.1240427891901347,0.1211290810419555,0.1230266916137938,0.10458140302293584,0.11865951839063904
0.0506974494624999,0.051194865762648284,0.044892968426845724,0.03350352725182394,0.05263810057403271
0.2282305714722914,0.16283096683121465,0.2023541725050388,0.1908744841937439,0.2062396776280032
0.1311069711084148,0.06740664362862647,0.13092410077071398,0.12670006187119634,0.13056659708669055
0.2601041738113258,0.257443718201945,0.26544949532926326,0.28877590880562737,0.26091279570566245
0.0391688198051637,0.031203539462689223,0.044002676365382194,0.040718494136814595,0.04250085499326184
0.3142355330808128,0.21728774710712084,0.31680038696547336,0.30989571393837,0.3108807955316165
0.1336081358142616,0.05839610445180882,0.1345114510695425,0.14004481628178256,0.12963886754074536
0.2092330906900493,0.21048352443549959,0.21869150544238938,0.22651343380209682,0.22003427608005638
0.2326555710974021,0.21235086645781004,0.23196966955342083,0.22539318543527243,0.23734192305403257
0.2708084474807528,0.2383061558177595,0.2729803804548028,0.27119788275476703,0.27532806261240694
0.3432221677920795,0.25252751377941046,0.32563081843167896,0.31631389111863917,0.3226522238926553
0.2380017833219923,0.21241199910269276,0.23813830254662036,0.25526689009866954,0.23785031854875024
0.1625225568786634,0.221339233856032,0.16086977028447072,0.17198227243600678,0.15076676769623337
0.0473391908265926,0.07420815558764865,0.048755106775893564,0.058598076507437515,0.04643512498814585
0.0945554532798894,0.16669021188153627,0.09612409423460638,0.09254565283803083,0.10165812159303451
0.0636479508481919,0.08686097011856445,0.06759343037433795,0.0696757364710052,0.06408028203084021
0.0814844238359065,0.12208581972126828,0.08530741070661256,0.060622232235062044,0.0780692909262838
0.1010470378006749,0.1605705607305011,0.10305107952754963,0.11450539940259816,0.10093760060746362
0.2192520274611018,0.25072667341359967,0.22148780178198274,0.22594926201098564,0.21402766540401608
0.3528129396227678,0.29235666444161545,0.35168693527576117,0.34173950273142806,0.3002303614939358
0.0575040536315424,0.04355624150332499,0.05986316751140198,0.025124763695495402,0.07173182244237886
0.3449017553585143,0.2666519169267916,0.34297342191860075,0.3389173496270474,0.34756161425239845
0.1673172179602733,0.14243359897754548,0.16367573836981242,0.1655849967086292,0.16802373640996196
0.3786980154326396,0.3307356662447914,0.37714413885571635,0.36038760969790273,0.38057005967258883
0.0530736686155115,0.19466358581597035,0.08840398248277272,0.11019028413133655,0.1501625135365443
0.418521885239169,0.3812528049769046,0.4175624098096675,0.38946371487485343,0.4155276255412225
0.2935973939641992,0.2642971875170683,0.2971572936856967,0.2807262179645467,0.2876710816134384
0.1987742606579952,0.15547267820249722,0.19696506776930345,0.20140794967816636,0.19882117969310809
0.1594507810600386,0.2583572818149944,0.15722573039549043,0.15405966461014534,0.1622714883444947
0.1519150097747707,0.14698342708299922,0.1538757919421297,0.14026039356279146,0.15639158771384123
0.115336034277048,0.22143730035869985,0.11516470445844978,0.01696946984311355,0.09480882711597471
0.2501474577958517,0.23867656440305848,0.24825241021820324,0.24442658824053112,0.24818992442283405
0.0618689113442066,0.3384156642388685,0.06089449574136756,0.05815058652533305,0.06712705530423273
0.157976817865958,0.19436666196185315,0.1460045150410991,0.15711531930726388,0.16021510490249624
0.1394009468693913,0.17360120209407198,0.13788532062042233,0.14644946645773835,0.13220948015387007
0.1453620603665393,0.13415504152831603,0.14476142235964576,0.1482101990408787,0.14392422483775652
0.170081161549787,0.21735274631038576,0.17517063067538935,0.175852715915899,0.16957728251556264
0.3124686015599099,0.26878464227353427,0.3132879753515808,0.30896108724877236,0.30788049916300786
0.3805123279019454,0.33950144386608105,0.3810069329133711,0.37257391907708515,0.3785819616082908
0.0340979265420075,0.14449282735169464,0.033473709540557256,0.03620332664648256,0.044634256115088436
0.2970690499933517,0.32646703267008786,0.2893745011688271,0.2892919529897402,0.29866734235842396
0.2407916041127223,0.21461017270144328,0.2388963128059729,0.25166508926116143,0.2421656142646249
0.1524784109701505,0.18338404642109093,0.1521617973626369,0.0928733917828176,0.08512249485817833
0.3387765267747549,0.2812383735088371,0.333349907669524,0.31625345515191716,0.33946934194301603
0.1911577941385432,0.2068426148119087,0.19664706054112982,0.1927577179102599,0.19160044475267918
0.2650480614329343,0.2014590493229551,0.2609283238925007,0.2441079783053098,0.2591823794751654
0.3377440215771379,0.35869419281353515,0.3373064103135201,0.33793049797754765,0.3387576487537471
0.1971040039956772,0.15744194988460153,0.19507620440712914,0.18386267707397616,0.1941855551520973
0.1912850575111018,0.30885961003432216,0.18847931400498533,0.18264325648350846,0.19151090983557562
0.0833764736455144,0.10577416467429433,0.08018711595249779,0.09117716056757129,0.08167745056195365
0.1218285301564991,0.15619041117796564,0.12260040279150985,0.12203893770482938,0.12019353157848993
0.3171840454559793,0.252340271326346,0.315693884927004,0.3151648060030158,0.31732497496826156
0.0321198319060934,0.06997398661911575,0.03740453244203898,0.033669024694332306,0.043473217663527776
0.1085623106068148,0.1609266530598548,0.07709461721513038,0.12755511961494098,0.09466101218599551
0.3510325461286621,0.3263959696913701,0.34545032159279176,0.35010660708677244,0.35107557381000054
0.2228047672311568,0.29088619569855156,0.2274023931790446,0.25453461740103145,0.22818109525980143
0.146033480170727,0.1469626880672129,0.1463519784345276,0.15056068514690166,0.1438766167460841
0.3174836887227407,0.2966407133464749,0.31716855277224726,0.31505987967227084,0.31947415095815046
0.1863110405550483,0.13019711788971317,0.19115419547689186,0.20233050840306369,0.1853579403021913
0.2939404393331118,0.23540085996240018,0.2932294845977987,0.3009360029510205,0.29206293092117447
0.0107021191410277,0.011656282894054348,0.010738333644333665,0.019136393675313543,0.02448078156624638
0.1198441428943422,0.15169648197073138,0.11978301333054041,0.1330924686502368,0.12392038808175429
0.2076057436973122,0.1905145933576104,0.20397127538105442,0.1980035150860824,0.20619201578989185
0.0233864435997069,0.1551714205561384,0.022700911495679283,0.0293881459410656,0.02363536723691384
0.208200513633634,0.18324069936522994,0.2083300545652077,0.21443433541225826,0.2100039698398767
0.1130102181792446,0.15335871922003708,0.11276438760771218,0.10666662694450772,0.11591421845818448
0.1340395811086697,0.07852826272345405,0.13369088305756172,0.12478024283685916,0.12559735940622557
0.2029405385812416,0.18030299435359942,0.2026500244865346,0.20972387974302298,0.2052544258623791
0.1161240679614758,0.13215822424697676,0.11696477540485949,0.13123245849774834,0.11344854051285425
0.254057473309538,0.2487072941893691,0.2523696862100573,0.2615843476063394,0.257853030221745
0.0430283303941184,0.13386199943740787,0.1468362942733875,0.06372712527108906,0.1350600063027351
0.0726120944363594,0.09770459776294244,0.07261210989045523,0.07552629223894487,0.07158674816371961
0.2077792292470309,0.24410911279043615,0.20165538131077948,0.2053855620458327,0.2100463649662422
0.3680340177050724,0.29039686327081676,0.3653513686431268,0.36004645527270773,0.36843005754156916
0.1699256872202027,0.16746992935951732,0.17125909319459842,0.17374467034614738,0.16236951694344448
0.3430551006287198,0.3216345344093167,0.3641225186384654,0.36397593843310005,0.3416949523041528
0.0690459015476589,0.03891139702767321,0.071665981064632,0.06339851619285626,0.061097415015290826
0.3843696584925533,0.37625969274914284,0.38602051433062373,0.38483784643052943,0.3823830569407362
0.2598033779336545,0.22395978025332086,0.26170614554179006,0.27190678347390207,0.27086896342872147
0.1618032975343993,0.13325286128960606,0.17799259560575456,0.18124764889456527,0.15987593454012378
0.1383115919804545,0.2370406533606117,0.13882194266438502,0.13314424490876992,0.13618320681546173
0.0875959267498123,0.1045551407146589,0.08653568673617662,0.08938973408432954,0.0823331503081683
0.3883986739403509,0.32594774353441947,0.37136394697222896,0.34721660316335207,0.38720173343492653
0.2202981523091429,0.18402948027022947,0.21830726259288497,0.2009901346818116,0.2079449493555922
0.1054492493685787,0.16681005764515647,0.10463398612897286,0.10873147684609993,0.10351615945108272
0.1801785067011051,0.15805306527256702,0.17289906150976847,0.16630225165627643,0.1749625682312384
0.168248189228992,0.1481053125478068,0.16788001956332188,0.16883135133542496,0.16958399353766068
0.1185666215564296,0.17208245359527474,0.1198458250876938,0.13636945205846732,0.1121982376230974
0.2287050181240339,0.17244887646702223,0.2306667912496508,0.252965060785608,0.22943739397052648
0.1261095992485029,0.15176497280108736,0.1264765546339013,0.13751446535078088,0.12873621980460448
0.1452262812509005,0.2139122184171665,0.14325217834071824,0.14278288679429402,0.1289067375708241
0.3392447306373538,0.32609393924833696,0.3376994435999714,0.3462279757553069,0.34040987482460966
0.373723280564063,0.3420845971654016,0.3734309460610961,0.35764571746528906,0.3740364970369727
0.0222475544015012,0.03436887145461259,0.02268591313360661,0.021754343145700267,0.027728652975876445
0.2267829960981857,0.2121905357734205,0.2241478235963452,0.2055435677552815,0.22307129180536595
0.3078074139020726,0.2703044051039821,0.30456287092807527,0.3045081750374075,0.30968546991704327
0.0566663755160963,0.04989367291516622,0.05915921691195592,0.06460547079723437,0.05350636115146763
0.2275437216080346,0.2220437534837829,0.2307337702670615,0.20678896603581062,0.2215760900501456
0.1958914857340695,0.19300291038405745,0.1952071733290248,0.1918481254406364,0.19852480010307244
0.2171183807357882,0.18116420002568098,0.21604982717787816,0.2172852034043797,0.21848727380891111
0.192950335683105,0.15567251899561124,0.19429074228427073,0.19693778155455838,0.19076604183586693
0.3168730946913844,0.3150838593942333,0.3148842064338879,0.31776295941838556,0.3176341558917388
0.0359846132320798,0.012549247718347756,0.04040481054098686,0.03743379741366624,0.035007055657032354
0.3484047017855457,0.2798116088259606,0.34698504845808387,0.34250086536854496,0.3494602164788331
0.4176639863358167,0.3793981351484227,0.41218406598033447,0.40223851738622185,0.4013057601735378
0.129123485820405,0.08848864642612048,0.12915715860472754,0.13896046971918247,0.12974950666208646
0.0552517228556999,0.07128390653400235,0.05441676887870004,0.05130080793512172,0.06514416427239543
0.0137319790836793,-0.0052692696340819745,0.011140790607571853,0.018142217253938803,0.030312230986436407
0.1320003957170362,0.10830204617618927,0.12609243517347976,0.13018049147812105,0.1303218485385625
0.2800820544934124,0.24966969492739405,0.28062772268543595,0.29195963051035684,0.27923191176676393
0.2188186044174601,0.21833098908622875,0.2194136427521342,0.21847214460254089,0.2182611213976479
0.2860654125270754,0.3263952928988444,0.2667892532719043,0.2677399383814882,0.2870710374936595
0.1425245631022453,0.08974913747801264,0.1415050078356197,0.1390795754342652,0.13624219649591368
0.0811004329073274,0.26794722585952035,0.0809524813656162,0.08534842563395047,0.08281169825974379
0.4242020796076224,0.35715754890129614,0.42122012653522034,0.41687596841463737,0.42587122715877673
0.2407918097319092,0.23729086628586266,0.24505600027777646,0.23799833167574178,0.2454782170725422
0.2660946273442142,0.275446062504344,0.26858830211059825,0.262831984036405,0.26884218604830473
0.1002413842488423,0.09176085275726717,0.09041204220895628,0.09017396335945534,0.09909817259871524
0.3475910536554659,0.2663595897325698,0.332851744670475,0.3219789161660543,0.33619799394983113
0.2101728511045651,0.20702569251100078,0.20658002218098603,0.20204306411914041,0.2103844778028196
0.1559126022211359,0.2290766832289206,0.15227009062001012,0.06615032250569466,0.13151914419207483
0.1369406827547348,0.11865311817332597,0.13645501272316263,0.12976452075672185,0.13642047303465513
0.1262908326809719,0.14063388201899588,0.12531044393847318,0.14865090734516193,0.12979175235812823
0.1412315156812384,0.21094397664976597,0.14005548686970723,0.14456072412776064,0.14236026600707363
0.0580931985336602,0.018467991578989262,0.05714550106709856,0.053900006614927685,0.0571715596682976
0.2789076227199943,0.2572808862546416,0.2754477578415734,0.26734579703037237,0.28062032206320764
0.0237873968448497,0.030044781972860757,0.022186454595438953,0.022616360634843093,0.030819406572034976
0.0658682136869216,0.08549034013458866,0.06578286062339658,0.06648339892873018,0.0666602937847051
0.1022583455941952,0.1588457872495352,0.10141064449025652,0.1198973531336714,0.09827242924434816
0.1889880295683332,0.15951706253644704,0.1889138737471155,0.18329926457513374,0.18802181988896974
0.2929446464358584,0.2454895888831236,0.29058967223418986,0.28353986870309167,0.28730297296974017
0.0492735651762512,0.13896266599242985,0.0495421111030638,0.05716679533384186,0.052537184334466414
0.1063207353728337,0.05556243961843116,0.12037925134948876,0.10741656310917264,0.10449938622001356
0.1427480209216861,0.07631979562160857,0.14134940650207448,0.14395206228390384,0.14584606177163645
0.1831501485012317,0.2317068259263292,0.19146498123467798,0.20369899591560306,0.18312820802207483
0.3130753465488939,0.2945216879357891,0.3042029229106298,0.3071176463681981,0.30997778648976426
0.1088091336801624,0.07669475618927474,0.10823576783582967,0.11649551694540947,0.11118875546077353
0.155181820775865,0.19002628191946153,0.16063121728349383,0.159887064606678,0.1522995653253365
0.3074774586700873,0.331385822256832,0.3034614809141896,0.30261222272911736,0.307776575591393
0.1773548120343035,0.15746408876141235,0.17849785389904388,0.18001457794913034,0.17626542015922736
0.2899550849668644,0.24004752023780657,0.27864253472279055,0.2785928669033517,0.2867627715830562
0.332015840626523,0.26643788734343476,0.3330847083555943,0.33746864061246706,0.32904793885047134
0.216049067496645,0.24965165884069532,0.21588133832201084,0.21455247037573086,0.22009642702819932
0.2281541539903534,0.22337220954727627,0.23047091491797905,0.24761740123010054,0.23222344303285508
0.3542308577138961,0.2806649386191905,0.3538359212371384,0.35117857223093946,0.35302549400378425
0.2686251030842185,0.21970828562784095,0.26768707085553045,0.2648058063032261,0.2675391529932868
0.1148006498053961,0.11984344514732556,0.12136439252719884,0.13083199225129769,0.11589754701977388
0.2745625344326435,0.2508843389201054,0.2784531127780744,0.2733537055840775,0.27419245553323435
0.3499504766555095,0.31352311373157227,0.34978232605651893,0.3468748223471346,0.3504533240462102
0.1645833720606799,0.1839275284668786,0.16404126766604685,0.1679551982222285,0.16227469729122612
0.0299174731116019,0.1927154020338422,0.031535648257272446,0.04447900052943076,0.02955672090877979
0.1075786190913498,0.1285760479177507,0.11340397502339243,0.11340487580009069,0.11052415046665198
0.0275007810109167,0.03905831265401749,0.027626723866914442,0.02382046361638358,0.03530721051750223
0.1768732906649988,0.18997937900120482,0.17251292488062167,0.18679919386947494,0.16794824400002367
0.1283834470018643,0.06357733635545754,0.13538571280927106,0.12343548840246003,0.12071743999433168
0.350393677366176,0.280571930121765,0.34894122385707227,0.35513995962977984,0.3500473743325445
0.0508020885440776,0.10720219573462414,0.05079872112912955,0.04172073474457874,0.05358431178009852
0.3266149018464129,0.24389495045410414,0.3203598062423149,0.3256881824409936,0.3231596406771702
0.1161559030977862,0.1528272202760732,0.11820205276595007,0.1289789743437343,0.11411648852124834
0.3892569249485357,0.32432526330336686,0.38339315850080113,0.3786787707294984,0.3921070375152455
0.1455711187305735,0.13592698528564956,0.14704678488979292,0.14820031518572954,0.14160231969105058
0.1839044101053672,0.1154640013433852,0.19264349345277706,0.16957786627506927,0.17888165821205684
0.2168821906474219,0.2454145672669387,0.2170669905774874,0.2153141885391231,0.2184618199953127
0.0928284537978246,0.03679142299667332,0.09305646865085246,0.08732025174441227,0.09594284176560892
0.3685142902194399,0.33401427207545725,0.3594028963874393,0.34847525423691944,0.37076299012975344
0.1264613155926469,0.10839892419405668,0.12923568855553794,0.13020007617171458,0.12549240605355308
0.0759027137325988,0.019137554409255325,0.07272651305411336,0.075391487655109,0.07339082348454072
0.2068137125573571,0.17685296561947209,0.20330877098445546,0.21630465679503952,0.2078966401582812
0.1172668553636238,0.17331180115200392,0.1167233388984455,0.1257511921046812,0.1143929843972404
0.076946482897868,0.05839001255572998,0.07546327800640419,0.07582608422276632,0.07325828737364438
0.0069969056438296,0.14614894978500387,0.006750560387653181,0.023118697717097045,0.009907778014626313
0.1692929738432728,0.19372147158032285,0.1705517919301165,0.17817884341780094,0.16587013051533547
0.1420719657903364,0.07858536618925013,0.13730667568953023,0.13101106283166683,0.13478336166010615
0.1986844619363894,0.30737092978172764,0.19688522723226765,0.22694092231821997,0.1955382351166409
0.3728768729741634,0.29266351637556054,0.3473591438740539,0.329950801776772,0.3683236558873811
0.0796242982649168,0.10634283795491019,0.07806052411994614,0.060423931953585815,0.0926481385954879
0.1640914912885449,0.2686867821156137,0.1592189057507531,0.17077906390504335,0.17482331735734913
0.2787232021127588,0.1968762486106492,0.2710260395118962,0.2837706891703897,0.2762412781404847
0.0356740168461907,0.002578999159296741,0.032014786516651995,0.02808883644536019,0.03861548598132855
0.1251485359497076,0.11982803832884054,0.12168365605146356,0.1240171963493564,0.11863010309825761
0.3697887921837773,0.34962540265082753,0.36814367408026094,0.36544792655264374,0.36804413902623445
0.2543653335608014,0.21378992167747998,0.2521982764584425,0.25849568312997534,0.25601493215647564
0.4000577671317765,0.3462353066130121,0.39202119088555987,0.3951948127663638,0.3981483231922506
0.1502831484003488,0.14296682294332697,0.15206308379580089,0.15374428178276758,0.15110931779072848
0.145795491437442,0.15900732019844202,0.1476930405035504,0.150869480904274,0.15125908176218955
0.0630504683694799,0.12676243408647345,0.06232252112971589,0.06429613630436527,0.06343649893964777
0.19944307236657,0.17329219972188692,0.19837941324463246,0.19334942881984915,0.1967868864942372
0.2770656818657809,0.20921822824256478,0.2744215687360757,0.2918220106851706,0.2777164369290182
0.2051079613172953,0.124787798172505,0.2014470656764662,0.20957457399402166,0.19967864770275376
0.1413405000646647,0.15973554371178067,0.14047884180632997,0.14543366882369052,0.14143043527486893
0.2047088229840067,0.2778602741410956,0.19681164350488434,0.21677080444161198,0.20074781777145026
0.25793285003301,0.20751807919591478,0.2593857974622908,0.2700405526623819,0.2570618075573105
0.1639929623093294,0.1932854398983971,0.16171905349340304,0.16182022789593686,0.15314918654225557
0.0804985695955275,0.03987612182639294,0.07896593783784712,0.07611253393758,0.08107235566168897
0.1063854720600548,0.11581915728576116,0.10747246918589926,0.10795928448636082,0.10965896063829887
0.0745864857419901,0.09185062027746774,0.07270508608175437,0.09065074129426517,0.0833027676806876
0.018471433464656,0.11488115496866183,0.018627228910587032,0.02324819318071254,0.016928493960819063
0.1625695628703381,0.17384709207106594,0.1613313752129555,0.17231538617575679,0.15406937474153087
0.0174885381447699,0.043660322768732523,0.023527460778357972,0.0014212694968313668,0.015094788562631401
0.0085635021183413,0.10584610259459988,0.00832203094184384,0.019653104012539734,0.012124435671142667
0.1733836509075427,0.18091079612276498,0.1729201402947112,0.16089863759034423,0.16874990201212708
0.1383952176819971,0.19425812072319976,0.1217791923795189,0.13817133413961635,0.14659709703867843
0.1466186031082229,0.1332744693159834,0.1481740752541436,0.14830221592499984,0.1464520087552067
0.2748347276176692,0.18886245303410565,0.2722234923130106,0.2588882820201044,0.27330835812523074
0.1162795447223755,0.22167588825299409,0.12635012745939667,0.12830092340570234,0.11826400327499657
0.2376796529723761,0.20576355979317515,0.2365979292121435,0.24456792633084587,0.23732552904974963
0.079367274049855,0.05421256284287995,0.07804684209941014,0.07430627743669747,0.07832932069153191
0.2351180514065862,0.2153130640542132,0.2311406818499851,0.23051256344120455,0.232787685362203
0.0161667583147085,0.02540886512279622,0.016227444332986354,0.02187254732332286,0.02491846618158151
0.1045592837232799,0.04604664068800912,0.10676367448764487,0.11346786823192041,0.10602237647513127
0.2420515575465592,0.29650957312481274,0.25987487662058256,0.31649423255898146,0.2832896321060286
0.1510436536168909,0.1585817438060945,0.15542329892657064,0.16084605758240134,0.1532849445552125
0.1708124006016721,0.19676573832526983,0.17092475559274214,0.1705049140872334,0.1692054575405085
0.3144032712816254,0.27496069839743104,0.3092174435158017,0.3405839973082809,0.30424086553566865
0.2243901068323963,0.19177866744711797,0.199955206673595,0.18918259398670412,0.2050050182836646
0.2574727952589584,0.20664271802279843,0.26274340561317255,0.2455702517007475,0.24973411954286567
0.1002397810405377,0.08750238587295348,0.10361001971141835,0.10236566929504018,0.08910532271157004
0.0463718228956946,0.0982621902963462,0.04628459061943655,0.05108057860465661,0.046050534750176744
0.1803053250162704,0.266799423177545,0.1735865669788246,0.1874139999380912,0.19016324514316024
0.1527466318233865,0.23574183078437955,0.1525008339942878,0.17013151321972828,0.15348652825684314
0.2308600606295761,0.20900552688075724,0.23014416879948105,0.21928477500287813,0.2315952972937915
0.2090429749086232,0.2563999505406904,0.20703792408422464,0.2088520178041263,0.20671794924719356
0.167724226321061,0.3267430429920604,0.17018171345431884,0.24931750936717598,0.2555884957368633
0.1968309126977737,0.14852178182017917,0.1288358297513349,0.15152602229598516,0.16338169131220065
0.1937616692108805,0.1474814620139573,0.19764076805479888,0.18541743897319343,0.19464764636872656
0.3059054686289925,0.25950075752256035,0.30547333575890323,0.3138255605217533,0.30460473813935296
0.3463399905412677,0.33796509913128614,0.3472271890330569,0.33931697761065865,0.3530545629793459
0.1422490534602082,0.18371198740071532,0.14036711950164413,0.14646544712947654,0.14774572275618625
0.0290276040446507,0.1464667741106465,0.02905013949393518,0.03545044141816415,0.030683344299892168
0.0632191224758048,0.18162644471118622,0.08629659477031063,0.08688548135131131,0.13320017151012348
0.0127684178542457,0.06585483937156295,0.011793264484201394,0.013470071660651627,0.01605566086201357
0.2416722809340688,0.2235160807847169,0.24298957265679183,0.23464737702680924,0.2427201613428422
0.3354044870214349,0.2363984576164412,0.33214485472417743,0.3283152467349803,0.33470892095647253
0.1307150134170939,0.25497433314750473,0.10982559231981677,0.14744100311513347,0.13554740091069356
0.3321885501359871,0.2863983357147056,0.32974370852525375,0.3239622664085765,0.3316447283453795
0.2864937140890481,0.19878810357287616,0.2893910806499929,0.28042917390065547,0.289940859761638
0.1624617270564946,0.21338512513732902,0.1621119865495356,0.16599354305099828,0.16117675348186017
0.2848118717110716,0.26042861838367404,0.2845333889375542,0.2913913217055879,0.2825895226139902
0.0860764152181766,0.15098429504815652,0.08594626224064163,0.09539840287260386,0.08679369013535942
0.1467735658847663,0.17162059084318676,0.15045009886815475,0.10966806659973145,0.14332494303900883
0.1540593057237448,0.29116329091371507,0.15344831854895455,0.15110514234543101,0.1458731812566428
0.359966196702059,0.28390460775163495,0.35295891749384556,0.35959378249272317,0.3563822682567666
0.0616985047404177,0.1123403122710826,0.06140853408027221,0.064503424852181,0.058111080771130065
0.096976428740441,0.07791105454669575,0.1131616695873745,0.12252430206297019,0.11385688621928045
0.1218560848225346,0.08184742329360084,0.12103575423744337,0.11678899636486667,0.12257151764905952
0.2089145986304834,0.22194327256258672,0.20467563176525763,0.2176203123217301,0.20909810733229542
0.429163571724676,0.3845182965723133,0.41795156375363474,0.4036943622223131,0.42916729888231914
0.108336576155165,0.1049256695315311,0.11785474407974439,0.10587142110562651,0.09966788522319102
0.314266289043521,0.2165193716427476,0.3031112522725371,0.2842208527790819,0.2931117190794738
0.0334538840342639,0.03788655347467523,0.041189135762932115,0.03829233441419208,0.03558127791005834
0.1355608944247174,0.18664820991000772,0.13628097316601,0.14308292957041874,0.14210529848719686
0.1141970206716736,0.043882262045385034,0.112372861348125,0.10298451915750259,0.11185908829144305
0.3432584821483882,0.30081561253037786,0.3414780181542905,0.34000375918392983,0.34799665515293876
0.2270167209421008,0.17006462536887038,0.2268607092708974,0.23770799348342184,0.22668976394869658
0.1677277361359535,0.17579459908041947,0.1663700640047208,0.17089888002864817,0.1677364323407742
0.0995696569847017,0.08261864486084856,0.09505327730392078,0.09168260839926105,0.09406756020456437
0.1756979754461401,0.1884531174933181,0.17100224466864672,0.1739160793479293,0.174247771688676
0.1432596543435548,0.1324982744440763,0.1455800722936014,0.14852438811387067,0.139971812429953
0.2067386708869235,0.2017223141807749,0.20230820474217,0.20437356846416818,0.20853360345656693
0.2952208455078139,0.21506856453588846,0.2959942752119174,0.29463831207015473,0.2961935150650436
0.1795892902161918,0.21754077686867096,0.1813392168104475,0.18406082334487983,0.17079635396261023
0.2186857799810145,0.21374884965878835,0.21779975236077148,0.2142624023619341,0.22041703929786421
0.3608775189345383,0.28452841290425684,0.35585802573970443,0.35535065460945486,0.35798409691638894
0.2321822694282077,0.22413823744816805,0.23048819070064808,0.2278959478623737,0.23214731180726336
0.1389171344983068,0.14955328330534828,0.14383491992026756,0.1603591486502764,0.14008560697892194
0.2004698505037133,0.1344737389641908,0.20111700606974262,0.20966901018079598,0.2013396400443605
0.2997152140716028,0.27398099307270796,0.300605665538411,0.2949617184841741,0.2989976830664042
0.1694570432077713,0.169126882863763,0.16733683476148292,0.1731941941445864,0.16731175602009463
0.4190518399322332,0.35112920597727815,0.42130118014426,0.41967535950986606,0.4201346328604328
0.2783275067612811,0.24225146377782533,0.2797820568633838,0.25384688609244493,0.2676685376373054
0.0988240754478796,0.1815730367089245,0.10460204698133375,0.10486027461053324,0.09991470344370684
0.2047309058410669,0.21340782630430455,0.19383472900526452,0.18411961630851376,0.20638521004332389
0.037998491084234,0.3029446610193417,0.044859363054517896,0.04139874493842999,0.04384106837084969
0.1261162334612545,0.11711080915161393,0.12366774905741053,0.12804493060523983,0.13423019166875214
0.1130719427000522,0.346433396391425,0.11372195241343369,-0.02255767013714297,0.05108305077161599
0.3591212716548076,0.2682305221105963,0.3569968860752923,0.3592771959361441,0.3610399510161938
0.091518639233812,0.13860687288819137,0.10511462549685889,0.09224318164452783,0.10122012394475015
0.233428272856589,0.16389072973098623,0.2343895887613937,0.2551192845828189,0.23351245520890015
0.3238535325625239,0.2652681667865866,0.32070937414561884,0.33241317448300384,0.3202507810553918
0.0818003756437252,0.058040605123902855,0.07871118262354881,0.08294719880670844,0.08233557693413533
0.2039220986234024,0.19240718311691413,0.20400748033373955,0.20401040628871508,0.20524673440692492
0.0822780120413844,0.044647292506235836,0.08077540660758922,0.07696289524357787,0.08021805693741962
0.2735197505303331,0.2958235334139772,0.26977572752839685,0.26867846518233035,0.27549992868255657
0.1549123151502549,0.12158297888188056,0.1528385162961284,0.14514633901695487,0.15667138823084176
0.1931027195487167,0.14986113537781917,0.19805886812584617,0.21003852539756224,0.1958718183903968
0.3451830240782622,0.31856294449031897,0.34541883953927066,0.33639160153729775,0.34886814766913093
0.166746811797296,0.14425092459956115,0.16150125630948606,0.16013836007918036,0.16706608384151517
0.3844990451546823,0.36482273836526347,0.3815225750655515,0.37230062545182924,0.3885759928319753
0.2375777576376787,0.2544882272738946,0.23705512834385484,0.23911303890693777,0.2385088890750719
0.2385743155926796,0.2567437815548137,0.23440810218456837,0.2242567115316924,0.23577143079264137
0.2800948644954526,0.2990388636225417,0.34893374172354075,0.3236984945829627,0.3247741489492606
0.3190867052476182,0.2525436891695492,0.3194734301650585,0.2954977133196604,0.3255428979554197
0.3614682384014274,0.3107267818767297,0.3573638251804981,0.3505565879689457,0.36136060168926454
0.2826567671053572,0.22919340571455193,0.2756950760934463,0.2650346791046434,0.28217560016105786
0.2957519701507805,0.23608641767942518,0.29138687720255696,0.30230799053900076,0.2939817096391602
0.1653812772419346,0.18520307101961103,0.1707235129611385,0.17104210030035924,0.1670162889043397
0.0784313164486657,0.18790734957050167,0.07787456880692023,0.0911407293381904,0.07437417530681463
0.3310652659980687,0.27347606136885155,0.31807920303862147,0.31811487093559576,0.326443975656847
0.3186495033217446,0.3016545304666917,0.31948365204032736,0.3038236706499212,0.3201728694409824
0.0314015466471224,0.1943647614637061,0.030995433050333254,0.03509068386945775,0.032702521689746765
0.1675354853242189,0.12725400809288515,0.16561492233130248,0.15914336899729098,0.16981286303270932
0.0245237165513376,0.027901969041520286,0.034019607575825936,-0.01848969750932207,0.017430133278057206
0.3112599677920591,0.3279118442109888,0.3010694300003833,0.3037581072649143,0.31244505577605813
0.3202204053612124,0.3086394938068576,0.3198127900174552,0.3203247198496358,0.3196931315956587
0.1525859894784478,0.10285812426600993,0.15365710825960463,0.15862431287231418,0.15062967536210808
0.2643028188587543,0.21877127994112136,0.26586288254205814,0.2545115059506146,0.25593663471287265
0.0503112009644377,0.16752223169106148,0.05038239942024922,0.05901429638608568,0.05072989618295942
0.4497200068449689,0.36711678393970154,0.43830113240508256,0.4175836362046543,0.44625100999050193
0.2080763610916678,0.21947636887128597,0.20768481486388107,0.2010551324660154,0.21055458548316874
0.3636605760069026,0.32916441600559715,0.3580944197180658,0.35198673234893385,0.36303399023209665
0.1065966277769079,0.16164837212033603,0.11431869233191821,0.12420101988083482,0.11240384386347302
0.251497692463041,0.2382573403632545,0.2565791448507836,0.2557307836561383,0.24956036521368197
0.089793755161167,0.11860098072558463,0.09371150753061755,0.10052109421950847,0.08819479818141479
0.1579192631876182,0.1368428840168125,0.1532386298378168,0.1458627417685198,0.15823324837548342
0.0418707620312553,0.2068905659072778,0.11984085168637959,0.06353203102541925,0.2252444302065563
0.0699431649753652,0.03956443235787918,0.08022449418475842,0.07365224653776466,0.08313541756294818
0.1297569037387383,0.13858638076959212,0.1298060781475135,0.14184684831564873,0.13047279947034024
0.3017728979682981,0.25089320834084106,0.2975459259467198,0.28288410941129993,0.2920411534804342
0.0478143296941845,0.06421118605501105,0.061151984130117625,0.056517611775043025,0.04545401788813527
0.2733288512333439,0.27112209948499866,0.27079528919888307,0.27156415306337217,0.27320596127008373
0.0881661059473015,0.30055879712034717,0.18947750211485784,0.1319444572390955,0.2309399022193542
0.1593549106560363,0.20505697944743898,0.16069026416508572,0.16576067301912356,0.15877531653365917
0.1753669624526604,0.19430664371031028,0.17395305679061812,0.16660133392818868,0.17404401401031902
0.1017330313239452,0.10116842019887193,0.09630411745391987,0.09232315109501354,0.10030533386338447
0.3508691520611066,0.32112751212776197,0.3500587366722245,0.34725608946153635,0.34975464727729466
0.2248894008828441,0.18502936369123088,0.2281079485672347,0.20386803428230285,0.22665631561827398
0.2254077972707736,0.17748369029197392,0.22733179906258086,0.2199932057199384,0.22730670045993148
0.0201504368032525,0.018197412321262207,0.0210452331971674,0.008942984587289307,0.017617618839319275
0.2778720431500318,0.22340823429867823,0.27924340378595947,0.29253847579760683,0.2782064918467042
0.1287521090403916,0.1418251605248963,0.12655074878562037,0.12488582509006776,0.14318656914973443
0.3046769806525164,0.3039455105352932,0.3037099486069661,0.29626916098409944,0.3076590049418123
0.2721440224288422,0.2829957899482263,0.27207692562043095,0.2856280374336364,0.27284771305736505
0.3300239486678408,0.3186242407088313,0.3292005441456082,0.3322393932426072,0.3283506654120318
0.0255889734603837,0.27912852765054974,0.024148337274518823,0.03263016767240547,0.021647252583678445
0.2829951733035635,0.26765015322884633,0.28236431025764874,0.28309514910472294,0.2824549697422283
0.1532337088448204,0.1150526456561682,0.15526099006347777,0.1615561155127612,0.15421255023592514
0.1191913875816481,0.09853865896216932,0.1221291911536209,0.13531965336797386,0.11870997043255752
0.1353152245158873,0.11038992226645622,0.13578372839183805,0.13693661420838305,0.13746524575985672
0.2748706764739421,0.27455841988432034,0.2762044853520489,0.2760755987033026,0.2820017437726177
0.2394500574716531,0.2827217889385577,0.23707616331239706,0.23264954566839935,0.239334005287811
0.0362446279872888,0.17100274046396038,0.05710768583060035,0.05526155191692098,0.04016636841747603
0.1090889799309725,0.22027008875933513,0.10505593187500657,0.11013018317061406,0.10872377947899552
0.1217879476369117,0.22645701434113616,0.11828894795050073,0.10916731851122359,0.11739995550020658
0.1722510399785529,0.1715046755608589,0.16931506086451328,0.17001712997292207,0.1654336009536914
0.352445268245688,0.27971074726408923,0.3521376723569983,0.31609372970832417,0.34825837717491404
0.1682570588321119,0.15601018249787055,0.16733917781249477,0.17538795248996525,0.1700762963675265
0.2345149099715451,0.24826935577776085,0.22480835876127025,0.2274040800377384,0.2345628579117144
0.0989526456482816,0.0905366973785878,0.10149487893785505,0.10102058590442399,0.09694350630949058
0.1371049239004024,0.15026847699966145,0.13812231499012909,0.15849543165001254,0.13888724712778597
0.0975096101464181,0.09964783239087673,0.09950168063305358,0.09592686286346966,0.09548669989985928
0.1454956712996347,0.1998540062444936,0.1417518310294212,0.16903591557454384,0.14937999715791866
0.1210208526949439,0.06065891949746452,0.12787109110123485,0.11838359684472248,0.11212786707917206
0.1609870963764876,0.2210671092644271,0.16201315929583046,0.17066313910831923,0.1640468116496788
0.1527119683204743,0.18347443085694173,0.15305842718138268,0.14856713540828845,0.15395853472832705
0.2551515589392802,0.24124952925403334,0.24297290776274902,0.23261942779031441,0.25156116626196534
0.381723950024021,0.3656811396312448,0.38101181188763333,0.374254901934738,0.3822754224641091
0.1192613649340539,0.1896265024044622,0.12789901510358045,0.1325716923083803,0.12161017958550872
0.0622127170883992,0.1481474634332598,0.06167249836361017,0.07089690334838604,0.06514355838267578
0.3157483820427149,0.2470587643760322,0.31280477118771916,0.31012134083902115,0.3128759537590198
0.1847006373942479,0.19575589249996878,0.18320932898047693,0.19031846132730654,0.1821693576587607
0.1640924097205578,0.14874550488614557,0.163383427513364,0.1731445170801838,0.16601210079340006
0.1331099737017194,0.09156721148760971,0.1326016350447681,0.13333591462058178,0.13407305102098893
0.1014183942060022,0.024978485815020796,0.1009630984543151,0.09421362131285542,0.092278148937724
0.110432631954425,0.07369404952486258,0.10993965608879273,0.10957222886095568,0.11180643914846837
0.2429826575164461,0.2595057328802607,0.24266396492502143,0.24824887065545778,0.244482134261062
0.0628005518388053,0.3033479465078891,0.061080255078776714,0.04589691564310951,0.05466457930778048
0.4129373673779747,0.3472198104272263,0.4055648391164323,0.4059657387838168,0.4111652569369843
0.1271768936829738,0.1361698799775033,0.12411372928578705,0.13103678060194288,0.14018750513375838
0.0060503496748064,0.12599474491365104,0.006851333768155167,0.005540491423643122,0.011574889070249339
0.1827161811892764,0.2056353917978228,0.17731216983056727,0.18806928863729147,0.19169865912538456
0.1630677471763927,0.17563578049897102,0.15710762732015246,0.15518707003227605,0.1633396719912525
0.1822759899557648,0.11091776113681129,0.18294352221390095,0.18582592639263235,0.17475996382885922
0.0524154183483815,0.15141404684010773,0.07242072172262101,0.0835053033441504,0.052516219053252954
0.2969739719797947,0.22467127668835532,0.2993251710388449,0.30956827794175085,0.2883033660341486
0.4114426989546041,0.3604245730374638,0.40279835407249637,0.3954405415631799,0.4139297836969623
0.4536134514158498,0.3983690706803852,0.45758979206202743,0.46130258516439193,0.45340143496218543
0.206363693040378,0.2680649669535299,0.1843615841370292,0.16424846192785902,0.2859782870385583
0.3939366127873052,0.3052965764797837,0.3893368770108573,0.3890188604515253,0.39461495608659014
0.3456177574163304,0.2977538746021459,0.34741099857235386,0.34911867117253315,0.3506845005758369
0.0196876538763503,-0.017353534511832858,0.024944897918576306,0.03864923147559563,0.020017755332965865
0.4146575503933088,0.3939233562534518,0.4123169564111468,0.40373278757355785,0.4157027733815671
0.1822388280620539,0.1341064218542929,0.1720736025032722,0.17899377849968723,0.17438684757250628
0.1504457633656044,0.13230198538042515,0.1468763448982643,0.14832884187979362,0.1489564091292371
0.169426497830998,0.2631190565767721,0.16928925965630123,0.18341900959934743,0.17681812146507525
0.0735370003206783,0.07318560134552927,0.07320186865631462,0.07059066992884237,0.08280455784114826
0.0886719277083571,0.06663679048099624,0.08914012308254822,0.08126744766457698,0.08287248641162097
0.0676482521745439,0.17101516015164975,0.06685395908375011,0.07252291066973666,0.06518958992921897
0.0536958130954102,0.10778575339750823,0.05375386563909164,0.06225042797942394,0.05562052287706187
0.0096475690318841,0.06409176686455564,0.009479369842043572,0.018516375719173386,0.018940558778079875
0.325024829647737,0.2699014788924286,0.31237947257277776,0.2948919826151153,0.2653233671698295
0.1518497500890557,0.14024344682355205,0.15312479117070854,0.15697993770252638,0.15243966616191137
0.0099593726552371,0.09275298441022733,0.009463376282430611,0.011895538944992328,0.015651010058765884
0.0955384017298691,0.13511940018189406,0.10315639350589027,0.10686926334836908,0.09316218140223748
0.2034110576870519,0.21323881400603076,0.1987677603882342,0.2049786400162204,0.20356272349763857
0.3189789996982496,0.262687343489718,0.31766687263607846,0.32812642083900967,0.3158141040213463
0.1367267299222325,0.09993947012707324,0.13762429210550647,0.14273020836177702,0.13354573299190284
0.0778336604125075,0.10055919177108305,0.07419831702823827,0.040631386650612514,0.0709664521812425
0.2049695147671775,0.21863988860721564,0.2039706712225948,0.2018381945498709,0.20093623878080705
0.122012894130694,0.2059141066887854,0.12204806202328261,0.12726849110047847,0.12048027656564979
0.2609255294778096,0.24984401127271014,0.2609275643112304,0.2844980827975107,0.2557098265535197
0.2786697323719769,0.2572772373372885,0.27353155348981106,0.28356911354982844,0.28286750642213454
0.3865649980682218,0.3590760894106434,0.38637187399946704,0.3663361794211649,0.3854605454715922
0.1238424671096082,0.054423952820051635,0.12497525416529387,0.12852966229554985,0.12071506744815716
0.4158707003118166,0.3509045779327181,0.4105242076914414,0.4032972268147766,0.4126867151136427
0.0328772381250893,0.07040400768779875,0.031177002333130824,0.026781104773085,0.03270549581019984
0.3075358696902106,0.27024602499352535,0.31032082312694875,0.3190652940458426,0.3088091051231388
0.1612059720264795,0.14008724397948658,0.15007476594104452,0.16203185663601163,0.16392285188348102
0.2102129929748619,0.1852041474321497,0.20918025324756465,0.20875360320618105,0.21423178001595816
0.0726505802884833,0.22559609710679782,0.07004786179148775,0.07210301664045196,0.07540706764194076
0.1108145684429154,0.05942981900247085,0.10914954032924042,0.10248415178880836,0.10180000741421982
0.1834472771732,0.17066555703312566,0.18222805464472605,0.1820812977437981,0.18631512890584534
0.1688022488879614,0.12351401276032928,0.17105003187243534,0.16675901367261156,0.17687269767087085
0.2051539385921454,0.26314353059662,0.19530381323781906,0.20056801196709756,0.20652131726434325
0.0363144654440344,0.07293914062801586,0.03239794854648324,0.043559910233633425,0.03748005698112342
0.081752869465839,0.09655520776324203,0.0792011612113811,0.08106624343104915,0.08521550712791166
0.2111370083433729,0.2547112705798996,0.2061254939747262,0.20981395724709173,0.21005873381978132
0.2597783237212356,0.26617627625206386,0.25334862702570277,0.24965782063891462,0.25882707096821467
0.0765140866868004,0.06815733583325606,0.07631672844250369,0.07453296646282831,0.07150112290242017
0.2827256878488028,0.27013342867406864,0.280803079341228,0.27493986691592925,0.2080863321136967
0.1684961739228052,0.10588028663995216,0.17132416496052927,0.16854754130805355,0.17167063143489988
0.0917342190664811,0.14456042986443177,0.09229772863107971,0.09017396335945534,0.08307439104457459
0.3120759836702715,0.23744377038971948,0.3124284333310443,0.30896108724877236,0.2802106475977092
0.0247151497320213,0.16246662771380954,0.022955659685578986,0.03865108610377902,0.026111640252385
0.394122946185575,0.32433948901145365,0.3951837579685215,0.3779940845531164,0.3943956750146516
0.1987832537190783,0.39975647925405366,0.23735664619877625,0.2735404295212068,0.2450422526187231
0.1193652559570321,0.12237869506388269,0.12077106178753676,0.12538907137039912,0.11486795691819514
0.1948229094021958,0.2427062360674,0.1929808287224174,0.1964412018518507,0.1946677520309735
0.309352843173003,0.28108876806271516,0.3081025960425186,0.2958073672415841,0.3067216778515799
0.0455039097929969,0.0638361373708744,0.04693701302440172,0.05469589097671436,0.0461317659460531
0.111449964228872,0.08116741655652268,0.11538743009229666,0.11700873353162039,0.11069153834193739
0.1938025174925116,0.2182045718386756,0.1964858396758918,0.19319687384428988,0.1922940724136409
0.1890046800816508,0.1840514694186579,0.18911722205634898,0.1708826874918016,0.19103339422239013
0.1722192288646009,0.17820063881785805,0.16828622496591022,0.17296704065039512,0.17514724462492143
0.4244230139898458,0.3757070518515518,0.4115592828921982,0.4227694398583009,0.3409393838561338
0.0910305687703963,0.06786718480180623,0.0891860523638666,0.08916819035441098,0.09144533839901088
0.1711722944318719,0.11018304030165807,0.17887122770006572,0.17803174960765122,0.1708653311978077
0.2863458541555479,0.24664977235367416,0.288868131221125,0.2991276599975658,0.28455792166658983
0.3056978568643177,0.312891522042521,0.3226281678492838,0.3524984099342791,0.2854656270951188
0.0871267156869399,0.03429223317267549,0.08319937489641487,0.0907547825712407,0.08693179637821424
0.0292555902917757,0.043163287976496906,0.04188411415049059,0.014226129513442825,0.03978404038985795
0.0229077942248086,0.14759175651391274,0.05304137490085225,0.061999302576136804,0.03804737369506563
0.0735577100156002,0.06479476199477499,0.06913893802580476,0.06350121067425497,0.06324792827097232
0.4491555383959688,0.36796158850190597,0.4510030765326774,0.4498192497896173,0.4475015408036199
0.1908378532130145,0.22039552329560608,0.18961502801341124,0.19751223146351932,0.18679466854140067
0.2171212440414295,0.18700681101480748,0.21435809812781012,0.19476568972260963,0.2125036404639114
0.0315540771657762,0.07855243471455717,0.040039694103532884,0.02594361913084824,0.03399050277962875
0.370920216425401,0.2677493046374286,0.36434415716238894,0.36203921172985554,0.3752051480038851
0.1079083573314487,0.0996361330584857,0.10650480194874021,0.11066754376868626,0.10329622838239265
0.2905390281865016,0.25699930024594025,0.29275004293594337,0.30138959171869106,0.28935578260851247
0.0680929378541948,0.16940414111959462,0.20572220175495326,0.1146879998840485,0.18932185937965937
0.1760380815105962,0.19813137628997415,0.17279930754411274,0.16660133392818868,0.17847294275807352
0.2855639874541494,0.22989876418424315,0.2848814223008697,0.27680661847293636,0.28753125396732665
0.0591931171868542,0.2226126863361376,0.058499355744982,0.054964964792403995,0.06140393401166244
0.4181837106404572,0.32422811725506007,0.4100551517226271,0.3972826606114028,0.3986374103730498
0.2688127623861681,0.2351814105876467,0.26988042811185003,0.2774325115970409,0.2688324116115241
0.1480167179624295,0.1355484540354451,0.14742677458608847,0.14619910668890365,0.1474499661332741
0.1382889190369746,0.15572067095830044,0.13859724485473876,0.13504033411056385,0.13891336196052642
0.1330302574522485,0.13434891375678926,0.1383928574620823,0.1437483152817513,0.1358958396682335
0.1798547275181015,0.11701916642045337,0.18111089678010261,0.1924386549508146,0.1804658697945525
0.3878296056531796,0.2934410799489727,0.38405770820615637,0.38569568233931467,0.38936504588581855
0.2646238475779229,0.2207268705933512,0.26413342084061936,0.2682465641684634,0.2674587003759872
0.1397103751904373,0.0747798789737951,0.14250701388549297,0.1484994482930877,0.1434510076889343
0.0664697738496824,0.07826138642055588,0.07782342574591591,0.0849308535290882,0.06668718072635307
0.145881692834647,0.1926650857710848,0.14553204678329007,0.14823571556685408,0.14094700676329946
0.2683452877432112,0.2667463992975526,0.2597907375864728,0.26384872667527903,0.2720876109827161
0.1669679529141328,0.1693035124908793,0.16678858250561804,0.15203046917071372,0.16880961280362233
0.2233607056975993,0.21202127183160072,0.22215502848499777,0.22484611412981648,0.21531713191018578
0.2802543144970496,0.250650255020987,0.2774850888605743,0.26734579703037237,0.28121966008124205
0.2207564510062376,0.25646293870091125,0.2176159906473204,0.21449167369894853,0.22216021616401066
0.0709193454308576,0.02960034221377611,0.06975069256432487,0.060824030740617964,0.06374960437365014
0.1168682921878607,0.1864104269239935,0.11649187260455461,0.12489116142310185,0.11620198883175059
0.3294907485196509,0.2588806325300251,0.3332439635929859,0.34211531171613907,0.3300975358025104
0.1509454060217075,0.1624952820758085,0.1489287078235159,0.15412866178921217,0.1475378821973084
0.309492531705298,0.28976109115172566,0.3056191020857624,0.31898261254695615,0.3077187734598139
0.2631943657752059,0.26129674429545796,0.26315280876394564,0.25711606279605154,0.26448962937499343
0.3044007858318461,0.26928214396002026,0.30247963603650685,0.29966780238413737,0.3054728563595966
0.287032824940953,0.22824962802485452,0.2853203881059417,0.27915049785511875,0.2906351402039892
0.1458177278486218,0.12776777532236624,0.14588729188029023,0.14640174031205444,0.1475514985376182
0.1334020926898627,0.07544772975604973,0.13303715119225754,0.13021758921237886,0.12865395435202237
0.0687419907241474,0.1548650944390692,0.06687686834737848,0.07228055637658515,0.07692184565530621
0.2381379042102132,0.223606893341162,0.23977401281393493,0.24283450074514973,0.24069837370940927
0.1985369911825174,0.1431088151027636,0.19475501120489003,0.20233050840306369,0.19124858626604457
0.07164632984297,0.08791262436236635,0.07073906591962889,0.07001636110429876,0.0710151091610704
0.2691873781225106,0.29701643389727994,0.27026565732874647,0.27472064751477265,0.2683545939190836
0.3818205147858681,0.3493341639426511,0.38145164463326225,0.3885376264696451,0.38501511861161214
0.287774812598888,0.2489284799695426,0.28828665873144105,0.2827879270776342,0.28946702235769134
0.1496585262087933,0.12689369927055302,0.15304004981468314,0.1615561155127612,0.1515361849071987
0.0668629393305046,0.0863974394692107,0.07321618657381908,0.06396251977358008,0.06148828982294593
0.1472131075349325,0.2863457598430389,0.15858280336870373,0.2792357676081731,0.24160803695550323
0.0900236239149478,0.10357476027891427,0.09041199855675812,0.08798823147064197,0.09229088306525027
0.2927473577737308,0.2844796779137003,0.3060417627378082,0.32197447948495983,0.28878637607997126
0.3795096734539533,0.34840001587092284,0.37492178266218423,0.3746088691787835,0.38150125841699356
0.1578335596152378,0.1274612799047235,0.16319018370298471,0.17030060922338391,0.15736600097799874
0.4067966592507534,0.32730064807992765,0.40835195582935707,0.38445465000664386,0.4101870760704309
0.064490286424434,0.24253053963063725,0.06333934935614112,0.054728101325779016,0.030914934482346834
0.1337019742507138,0.20072363593079762,0.14116217079738413,0.14865578466731227,0.1394191594753645
0.2262226266667454,0.2565166344642725,0.22141889145019453,0.21413724501488968,0.22863478933519596
0.0881922746170812,0.06750281962450821,0.08864480785134381,0.08215757734285477,0.09378064038170844
0.2163525240045856,0.19821003009031893,0.21873235104819458,0.21901237421954878,0.21630459038117697
0.3162539391216439,0.2548753717006428,0.31430083184752644,0.3262348307949338,0.31540527099170934
0.3417984728713906,0.3136752241761828,0.3830019119739773,0.37934830563837585,0.3445873159642852
0.0543874895630224,0.2934907194271631,0.05430408765827599,0.03852920892118841,0.05234338728178284
0.2705422198189168,0.23247294015615336,0.2708157435135079,0.2650346791046434,0.2701598948367382
0.0436649868405484,0.04855528650118551,0.04407118012456126,0.04775321296261772,0.04490833585208302
0.1725513741754711,0.18293794263525312,0.17096334789790676,0.16879259696725227,0.17348284470379977
0.3697939211161463,0.34465265584034743,0.3605486809120452,0.3677273465500335,0.37081273923316643
0.3302442199821805,0.26542477403385967,0.3323542267614787,0.3291269933570057,0.3325628015570805
0.3731366653867171,0.3015543169308028,0.37154982769365846,0.3670482253347042,0.37264843119742797
0.0291613560603455,0.014506510586398347,0.02866043961856064,0.018193634127740263,0.02960354702070268
0.2177997502030971,0.19030887693839107,0.2171205558367439,0.21635052137040334,0.21475323232815935
0.2128852182420613,0.3592300595172266,0.23271153619102833,0.34161546968419065,0.22449315440416498
0.3020077442320423,0.23414731851907072,0.3020500632117242,0.28955217593241583,0.30641674604803243
0.3338017923913851,0.2906258757674608,0.3242158113860742,0.3030496173948789,0.33049113344041126
0.2191424302485909,0.22437549225186545,0.21974416404868718,0.22467379327854936,0.2084326849309169
0.2711612440719813,0.269123820419937,0.27198139220833456,0.26984978419125566,0.2723683596508814
0.1301912509524153,0.1664678365406334,0.11776156083863727,0.11601472619669526,0.10704284402255752
0.3041022647281461,0.2595526356245902,0.3019433702219525,0.3143623698578971,0.3063722893524477
0.0831599773182974,0.15876046138643668,0.07237108964201591,0.06530349279998525,0.07809054161525024
0.0689689855494257,0.06653486184608867,0.07499983985339152,0.08135176067423507,0.06584020011738419
0.0477661033551171,0.09112761562704286,0.04800917404571468,0.05230988611135322,0.04713232489354839
0.1867735951681736,0.13601833626906668,0.18730672690956665,0.1969321456878221,0.18867409078647676
0.2688744712310031,0.2209685238769365,0.2683120194418883,0.2796838324986351,0.2781657191863881
0.0734885806175449,0.10272431569309048,0.07347360200219405,0.07579428838701467,0.06878358496412844
0.0171880860159988,0.07708544394678246,0.017590586912776224,0.016608321446532136,0.027695758316043827
0.1530557199756045,0.16850573565107785,0.15321400885739422,0.13976112128078128,0.1551570324489469
0.283947607534469,0.20791354331067652,0.2774331834747099,0.26156576618474847,0.2791435560894409
0.1008606926275327,0.10751248276836753,0.08781693696872729,0.09498377602223886,0.10352295737243764
0.2733367992365906,0.25521145521076627,0.2820324737559648,0.28349070178729757,0.2724823019272904
0.1966516534126862,0.17873089195895678,0.1979688407097872,0.19465531916924428,0.20012376645151334
0.0602394672283068,0.007530681306662457,0.06247935676345899,0.06869439017576612,0.05863729979820446
0.2086106927849177,0.22684300430791357,0.2036107135721289,0.20644879585944012,0.21035413888379279
0.1866111672569693,0.22264818062988556,0.18419463963803215,0.19315188031588154,0.1855468848988297
0.283840508039991,0.19119050547507163,0.28358539609678546,0.28174280877307245,0.28352165181537037
0.1468417902641818,0.0789324259618495,0.1465379856200031,0.14148199123693292,0.14446781973088452
0.2703862626407055,0.20603816025067656,0.2688620161241242,0.2796838324986351,0.27140687452094525
0.1510367139109252,0.13267778887331452,0.15117906896570565,0.16485046665844866,0.14883300774538533
0.2323123521964217,0.3442808062073869,0.2868850044337218,0.30709437356771624,0.2458554854690913
0.2439130613464045,0.2071843023161468,0.24499082368392616,0.2314544899694196,0.24233602599278173
0.0549011695125646,0.061786847928384625,0.05510280299573188,0.061213835400362133,0.05367183539164801
0.1656549753480732,0.16490552672957765,0.17020703027315198,0.16964609528819205,0.16868293200100073
0.1348332750262883,0.10701494250879895,0.13876421416479895,0.14549312999702047,0.13480216305283527
0.2056478964639663,0.12363227383009812,0.2013298493917332,0.18804014960562385,0.20160746100295085
0.0224719650487317,0.021116811675412933,0.025940253364273226,0.01986340838606184,0.030303471857747188
0.3912518751726855,0.33562743516048393,0.38280720408511587,0.37873682465588576,0.3908294704098876
0.064640583971423,0.12445026653989263,0.06478141626876004,0.07071822583567518,0.06577671192174032
0.0907128836212307,0.12560264775136087,0.09387923258366747,0.10175627533118414,0.09123567918251725
0.2285096008021704,0.23459437629002747,0.2223471426490066,0.21714557088011396,0.2275185578582278
0.2438024462645621,0.2342285204545963,0.22658371374130748,0.22279917560203977,0.24707330257255808
0.2918814703302896,0.28002966820613545,0.30998477131852814,0.30909877614962217,0.3034093365036177
0.1539896709539162,0.1851220827427603,0.15168760453075422,0.1594461398561995,0.15711926239175908
0.2114239182038435,0.19668544462089652,0.22943137455879167,0.20004341823315383,0.20439410491163254
0.0210959887314002,0.06089575697946109,0.020743280259639944,0.0198591622050619,0.024456925514660142
0.2929682974520438,0.25469730841616206,0.3323974311442377,0.3352186351637757,0.29749804099322874
0.1767496491503464,0.18519716921883628,0.13329599603078043,0.16696403332447526,0.16017793624619814
0.2667063594120402,0.20019474864424025,0.2692295087434452,0.27551673043284736,0.2681165238497606
0.321893742565019,0.26895707442564987,0.31876881988698536,0.32987071960791714,0.31916080979518185
0.1624119983038928,0.17547099137149913,0.16194205512388368,0.15530259528767976,0.16495188845327413
0.3589859461314337,0.3112693544481817,0.3506433605224374,0.3401153634359883,0.3534405425243011
0.1565985722975592,0.1555877610190422,0.15751784274995204,0.1521145860439494,0.15833408903766566
0.0210982934474486,0.05127706352610306,0.029402794869388547,0.019500869163000485,0.02381642609048932
0.0731267690931617,0.13674130778759486,0.07307367947276938,0.07946452985085568,0.07328456952641538
0.0795863100575617,0.09036782448972065,0.08575737685152328,0.08483558481557031,0.08051280240157191
0.2700819479563434,0.21655602297412013,0.2739841488745304,0.2821062078493855,0.27066598050554724
0.0753729328436422,0.09109494336009291,0.07752516843011656,0.07734233523735014,0.07893658347709828
0.1901369673862716,0.1811333366721728,0.19306749557668476,0.19876164182445685,0.19182808101316834
0.3574942255512732,0.24682453340845611,0.34983645355834975,0.3158325254744886,0.349045745924151
0.4473292893853685,0.4125340576080438,0.432709732364286,0.4316095377709019,0.44643081375419486
0.0156957030990062,0.12163351683033378,0.014759711687836767,0.021731791558342674,0.023900866353880928
0.1371570082906648,0.140745537491234,0.13873550053183603,0.1407481956558396,0.13726246977808154
0.2032069201064601,0.16423819242580295,0.2029549305028583,0.20182616900949918,0.20707287256077728
0.3174281621933251,0.24138264266960247,0.31318975451522474,0.3158398045132499,0.32052293851709035
0.0644181374415296,0.05142682662726339,0.06435014835648262,0.05884863202043186,0.06562975728773564
0.2119313295474557,0.3025470774026547,0.25866453524363275,0.2471587803180292,0.20946191670606437
0.2295806813456624,0.2360323191593135,0.22619518867366784,0.23808584418038858,0.23488868608829422
0.2505023398695921,0.22395568318941628,0.2473852175110934,0.24930004157584443,0.251913358010787
0.3112014718469092,0.29038894779031077,0.3098090988253589,0.301070792715289,0.2744017672653672
0.2395114042069552,0.2523410751798769,0.2327408246625992,0.22316663892489574,0.2420920634912485
0.2235250156094676,0.17473301346520706,0.22235473791958896,0.2191262799828035,0.22453834739197026
0.1001821548656435,0.15985754665508212,0.09929116234772858,0.05679508927114578,0.09050004493959685
0.1803100694135092,0.11770363996703702,0.18443862310241918,0.18025087171253545,0.1763896967253336
0.023163672738346,0.05285961101249734,0.0222261706229301,0.03196675249675508,0.025797824607346143
0.184743789680658,0.21475660648240602,0.1871135929587422,0.19564252272298827,0.18111136107788875
0.3369954674164075,0.22836104476694374,0.33507394748237157,0.32415800006706386,0.3326914143067733
0.1178809444526901,0.11354989183017272,0.12897526103249538,0.12412956560206202,0.11483423273109136
0.1486359578976117,0.1964132315446009,0.1483389330431817,0.14852027498227247,0.1460292126248536
0.400811139852554,0.34102072199467964,0.3968894786578523,0.39415333577276557,0.3993036604115291
0.4314891783938281,0.3347048171231616,0.41424286808453875,0.4103942726985121,0.43055344792257283
0.176921874501212,0.11062569056223712,0.18097411004127759,0.18119796641412997,0.18159749004295295
0.2862250579954524,0.29189989889903656,0.28827623368106503,0.28408274275025747,0.2871150756477756
0.0416741321546847,0.07507161161359183,0.0426728650324681,0.05596181017774968,0.04489822685648328
0.0244487716307073,0.3105556813886468,0.024637427464900146,0.005572484748464856,0.03231628136394578
0.281154487280942,0.23387214490384184,0.2782026190239229,0.28015071632982613,0.2808079472659234
0.0232181410927914,0.34053184403995024,0.022349787815444024,0.029485520788610258,0.021059554988876426
0.0104296050809834,0.005862255427422747,0.01412895636509617,-0.004245722696576453,0.007815119308255606
0.1358014584624932,0.19640539844769134,0.1373357420490688,0.1443350910584399,0.13506122546604243
0.0186933721118089,0.032644648793707876,0.018544210219429334,0.01951017073008161,0.0358085287563168
0.324865729560784,0.30649813500546846,0.32593300237012135,0.31864408263292743,0.32465934522609585
0.1487496511150253,0.1403103071426908,0.14528884187226057,0.15381642178477642,0.1426629445411771
0.078279328412349,0.12699014127387942,0.08576931893213803,0.06580447607631716,0.07647512529562245
0.2159958906077425,0.31329753198703936,0.22142997497037187,0.1812691369172572,0.25289843538409756
0.3038485916594451,0.3183981346459377,0.2934446774234582,0.30475997260557247,0.3023704144554761
0.3581814763786731,0.3213074598673304,0.34978968841791297,0.3512529033308386,0.3606037326331414
0.0570429472074031,0.05598873064671006,0.056899636282744304,0.05654581621806728,0.05349010164723657
0.3256464182074488,0.21357988837691053,0.32330668279968056,0.31990709931009464,0.2825690250491328
0.0752112858323263,0.15046589422284698,0.07422597074594664,0.08153631177337202,0.07677217354124025
0.4662700608713972,0.43314294513369,0.45802393493241,0.44921059229805427,0.46515536347241004
0.1212299755743235,0.12507896897089296,0.12076926140911641,0.12395932908517222,0.11887618138362491
0.3521679596136242,0.30392646473750157,0.34712542257569656,0.3412870677627944,0.31917612403839846
0.1750764480674354,0.16865409086640343,0.17241969272033633,0.16634828004962093,0.169212255533457
0.2188912256365663,0.18062588626141696,0.22081053875511625,0.19290004357204849,0.21539129603393992
0.2433047248841074,0.23369895505030946,0.24316735380263704,0.23996227833844125,0.24236861702220533
0.1155649988018235,0.17194005770327483,0.11227621343036273,0.11994400402829554,0.11599515249157404
0.2579007550556118,0.20700952015610424,0.2568304143608026,0.26763484359925976,0.26512674954478904
0.0561367130351982,0.07112231993042059,0.06385585084220037,0.06292702182821615,0.04457704939950313
0.4033430186424385,0.33465789529250634,0.39548695982125287,0.3939444446935044,0.40340808699928765
0.2579364358529856,0.23376350624078374,0.24439459788152804,0.23504056287032277,0.2628407453625942
0.2924261196351705,0.2638300644114711,0.2873408202811711,0.27493986691592925,0.2861908489550697
0.0822696830946859,0.06388786546745087,0.08493135467273724,0.08900934650674562,0.07889012393716197
0.1860952334037902,0.15004551385524034,0.18797995549617408,0.19228609997525534,0.18821433997110049
0.2819528671942218,0.2457288509119491,0.2629955904794168,0.25415356139905504,0.2825095347488752
0.1555878439273639,0.16459464000409962,0.1542137161113569,0.15526713086052968,0.1568516611278919
0.4182105407541389,0.38504745090651166,0.4134016262895081,0.3882646780339529,0.4215859316732843
0.2362757865913828,0.2519232348857036,0.24651504604724583,0.2573954596889055,0.2346121414649621
0.2392135433678265,0.21308978471540968,0.24347451556556565,0.25967847292445007,0.2407135462672243
0.2389652470897826,0.2632501654586242,0.23686496148953476,0.24332897902017686,0.2368155711609119
0.0806526927858967,0.11496689551204593,0.07820184527992889,0.08200761747936812,0.08423390817836847
0.1920255987146721,0.19701361915861926,0.1930408522266205,0.19979819720948086,0.18992512346891485
0.259189739360975,0.1875753510623255,0.25070084252966973,0.23182319465155696,0.20479959301835948
0.1037259080685295,0.08564071824917133,0.1019741715666109,0.10619067218328176,0.09883734399737967
0.3258274845176447,0.2736768376846769,0.32514540731148556,0.3156342599258287,0.32406635952972557
0.4440558983643202,0.4086433578697921,0.4496543208772252,0.44656776746837035,0.444889274384646
0.2190544991980426,0.2703802305352507,0.22397584788586836,0.22594926201098564,0.2132117956387491
0.1819798309709177,0.13673110863816343,0.18171828745884638,0.18199582056269795,0.18198546656317077
0.2683168919732804,0.30323581174342257,0.26793455726510906,0.27059018869627177,0.26933648082529904
0.3101647728849601,0.3250253248246441,0.3065957062782379,0.3028200316942307,0.30893240914694237
0.3225613190445149,0.2593110604754735,0.3273535057949201,0.31625345515191716,0.3235799792152275
0.3262432410698841,0.3080528718090316,0.32486657253737855,0.32499775884195,0.3288786086914862
0.0946123398902897,0.13765343418367382,0.09478858796486302,0.055557810452322144,0.05701057984284663
0.0488757334558613,0.12902674756544685,0.04847298911992053,0.05069500851874199,0.04866463810345674
0.0818618306088234,0.08887293829629837,0.08174321128847714,0.07515864839242255,0.08404101960625626
0.0488176307609809,0.07311537329281904,0.04500476290745367,0.051957969065466,0.04763840699720976
0.2279913462355998,0.25989593378542325,0.22785101637756638,0.22925705978231758,0.2249432217247974
0.1883256609084804,0.22071806180399153,0.18420451551234546,0.18286558577920742,0.1862937178374268
0.3386676106461486,0.3179626778000834,0.3342221815564197,0.33857707098957646,0.33959881058109004
0.297034331471606,0.22994069572085107,0.29301763186732616,0.2945918409470002,0.28874773912781987
0.2990790093077541,0.32462431467008457,0.31499135288515206,0.353951047293547,0.2999777201822548
0.108945111866577,0.1290864482339026,0.10704435829261025,0.12117229148662403,0.11543395921809674
0.3821410784438498,0.3206301750039604,0.38261069997147745,0.3788548847417841,0.37865095386076036
0.4255757105390523,0.3674405490418781,0.4227766530588871,0.39547598403931433,0.42316851595240806
0.1372415862115593,0.26452563849326427,0.1393589107888171,0.11498882185736817,0.1354090851400671
0.3221472982698143,0.29310617348459445,0.3082644582181597,0.310348033646849,0.3255296480162671
0.1441244087658058,0.23614942325468538,0.14352981010746088,0.1444981251968797,0.1419786617770059
0.1412027618159021,0.10206315640701014,0.14108187828275437,0.13983863754097037,0.14154805887929905
0.1775551125154924,0.1836889428925484,0.17142544460255563,0.17483311810988503,0.1858551009205934
0.3572336898311563,0.3471889112478951,0.36124359886172974,0.3545899452685284,0.35834325486140883
0.2979123456442978,0.27195946376825253,0.30572379506536224,0.3280037488974496,0.29781847805636125
0.0359834619838586,0.04955749182322439,0.041633197614800665,0.03728124243810698,0.0383868975674407
0.2365617358242862,0.2050418553351558,0.245671286642042,0.2547431900106038,0.23522708185178692
0.1487569997974508,0.13861287646116208,0.15018126860158323,0.14190065158316933,0.14799928665016546
0.1805415090827056,0.14175768285312532,0.1774990080355969,0.1815744530628713,0.18284647714456764
0.0469386477182567,0.12718917308279273,0.04676921674681642,0.05478929653312698,0.05503710881106647
0.0674983199389609,0.020253278712743655,0.06764522074489661,0.07066042455291055,0.07113845191302852
0.0273511263956344,0.08778265187166681,0.028120789562504758,0.03765792782530064,0.028880243000348714
0.1743250814871311,0.24120482171268412,0.16949671826115753,0.16085450004082397,0.1778732564521816
0.1117192199764421,0.0594566302349977,0.11324383032939009,0.11893388735615097,0.11296366968924124
0.2618040372721354,0.22793370475397876,0.24468386330471484,0.22634904930555894,0.24200855815302952
0.2150301780881428,0.12110806636977071,0.21065819900337382,0.18645595533613754,0.19606514386521615
0.2454319249291091,0.22816625735742535,0.22729037900770327,0.21091537984969524,0.23164096623132552
0.3167674810662744,0.27302434851958607,0.3148049961233468,0.32015672849302484,0.3155329137876328
0.2485158382972405,0.21900388428330558,0.24927265671161014,0.25155585237123357,0.24994660022100387
0.1023365882509357,0.16341987808378194,0.10934278717002513,0.1105574657229707,0.10808224586989915
0.2732077577914353,0.19849793832183543,0.28054964960391576,0.27228309863988664,0.2731093651214291
0.1528535096977104,0.16086882172772793,0.15975788272155686,0.16650226743085783,0.15711039761800843
0.011190342592836,0.04484678085492272,0.011081172776635801,0.01944009884797221,0.019882208461683322
0.0985832076139625,0.10745195255827024,0.102967073539226,0.09441121588826941,0.09489318972316649
0.2171324502776598,0.17512111231163818,0.2180076286537329,0.20735992316360793,0.2151854496947987
0.1974280801730789,0.3288444285044152,0.1993421011930232,0.2175769146489017,0.20096730338915805
0.1092070505208937,0.09092701539323692,0.10974921324947585,0.11056224633174867,0.1098982858197151
0.4231916528976198,0.38956204394785754,0.42052448698386335,0.4200115855768778,0.42274472770679966
0.1142831550125585,0.07394848614416966,0.11540270527394808,0.12254515267822459,0.11279896130851472
0.3296692815266462,0.29763012980398884,0.3270864798802761,0.3289628295767619,0.33201354589392285
0.2222624934993557,0.18199323271309115,0.2198845233314472,0.20727951268597244,0.2140384595795763
0.0273314769460445,0.12072519561239983,0.02855740416429864,0.06861560729609917,0.042978079684396486
0.2226887602220011,0.23040303873152285,0.26371788127512386,0.2867529521983684,0.28400049549345063
0.2187257955261675,0.13695705460447957,0.21957869038244374,0.21534500906853388,0.2272759141879371
0.197692643896278,0.21337034299506963,0.19551048773995297,0.19082828307513555,0.19942575032709814
0.1610649884005933,0.1425918448748834,0.15814114182963637,0.15958845789106982,0.16153630802599084
0.0779357469907575,0.05038178503216814,0.08891546376905529,0.06540174749174409,0.07080761527517969
0.1489164527133893,0.1849685526993625,0.16544737938429752,0.17721732775441168,0.12489221936926628
0.2454448378222962,0.17978509812172092,0.24705608541728064,0.25681426440789146,0.24850918738325692
0.1911081185578398,0.14494461686054916,0.1894226339741758,0.19764902779388505,0.19099871608417432
0.1630886172141352,0.15097565687579173,0.16240934385424155,0.15947377493549658,0.1665005632212651
0.2271653060098539,0.17481934157779325,0.22518464371401017,0.22467029525653134,0.23110757839627621
0.4643250406627142,0.37817571634547187,0.46140797250124566,0.4621443632354682,0.45343135585904254
0.2265977547198794,0.2271309765826513,0.21685641203351969,0.20878929180332043,0.222542390151459
0.4127411370114999,0.36726948732345566,0.4004781520405807,0.38992390953477135,0.41288017370479047
0.1753444348594395,0.24997424437022506,0.18747063290496221,0.183269370275029,0.17923379164414874
0.3057602177225949,0.24200312382037006,0.3078255119929085,0.30606193460897,0.30802254941056567
0.0526947153066454,0.053037588917584144,0.05877667244415903,0.03518790141145107,0.06182431381802593
0.067117953355616,0.14904389485025896,0.06707059061364556,0.07068633061824067,0.06928795788986969
0.2333439901515606,0.17294413762358005,0.2295118528626753,0.23442791286345097,0.23263500249052615
0.3846669829389705,0.35156597571960796,0.3824997968157102,0.3621136883984943,0.38678254349786034
0.1623406396578086,0.1618179689390027,0.16024436857684357,0.16912553899695482,0.16239326351337877
0.0833192500341701,0.1604366691474996,0.08251727933835375,0.08569919350961831,0.08295497637379413
0.4017515426246383,0.37806149499318253,0.39226080142242076,0.3855721406985167,0.4036215105235003
0.3734123318800095,0.34858537682934576,0.3743515979289641,0.37013645935636036,0.37046132376160773
0.2579168413654332,0.22751708737509563,0.2593467011692855,0.25972447570239743,0.2581475454784642
0.1639223030799149,0.16165919999923573,0.16142429479588039,0.1609605326263454,0.1639584565856405
0.1386961018941347,0.1954427185034087,0.13953752806346215,0.14510102200079947,0.14003577020967242
0.0650704950536758,0.15996758088416269,0.06473729100859497,0.06885825609562708,0.06253014859985576
0.1232490214687484,0.22099706802568997,0.11813185821365645,0.13904103300717927,0.12293297216374806
0.1485601738704636,0.18147499653151566,0.1511055053571399,0.15039007635636428,0.14868161178137942
0.2188661006386274,0.18235505630797563,0.21883022038234662,0.21108431138916992,0.21941491906599486
0.1787300728294288,0.189110927127102,0.17660394681209918,0.18340000246399477,0.1789700869590725
0.035907035460421,0.016326146324117996,0.037165954063440636,0.024462957206782612,0.03347198027767971
0.2048716204971706,0.18794292517802214,0.20355635130021885,0.2085858575134064,0.2067324169923534
0.2746871556068488,0.2449861788840798,0.26054612218448703,0.23997259310274768,0.2685765146713727
0.2754828773241823,0.24547562485725796,0.260150246024724,0.25934549706308146,0.27393913922874297
0.0213520707501689,0.0543377216263638,0.03611326329555428,0.027136276652460975,0.03377369227122985
0.2919630345679714,0.2109789402966563,0.28838931345001906,0.300401620160495,0.29835288336639376
0.2455610446115611,0.18293716463065027,0.24575172420167382,0.2607332480374166,0.24351416987587204
0.28406832956781,0.2596761188575521,0.28079294482509565,0.28558884488303143,0.2816377316496629
0.2753320236458989,0.2332813689183841,0.2738832723863706,0.28015071632982613,0.27325423986617225
0.2321436987480677,0.22092006759367025,0.23196597018479884,0.2439132983393513,0.23438813423239027
0.2780820903438034,0.2113653264927051,0.2819318507524474,0.2837355170578443,0.2743847711436835
0.1755049237836094,0.18401880406092994,0.17211846288657168,0.16138531759776453,0.17451707647327205
0.2368675610462868,0.16375977328293886,0.2399740430563701,0.25157575408609506,0.24060149006823228
0.073885404363645,0.1286814202774751,0.07333441077088865,0.08017546224379894,0.07702567506411703
0.2301791060976049,0.1686232240011849,0.22667662119835238,0.22710202935246357,0.23056796642179242
0.3191700309249799,0.24489071356066083,0.3153764404251837,0.3092502622386213,0.31956829441481427
0.2946124374996585,0.3117266914598195,0.281806431450135,0.2881697614052802,0.2970516817512415
0.3321585116937198,0.31172109836484463,0.3329724299522383,0.3335858328761753,0.3338754546891625
0.1014134673518252,0.07142602020464425,0.10334610946814143,0.10451660160330399,0.10009477723221254
0.1167984035706514,0.24692008358490014,0.11643294049283232,0.10980571925656589,0.10857017849932134
0.1217872217833602,0.16072849430936145,0.12546890781528441,0.1282032941577846,0.12027358058502173
0.2533674485661501,0.2289076179846115,0.2535333486015913,0.2660028533819774,0.24822739777340294
0.0237692466173732,-0.004541646160177992,0.03507592097637787,0.03322785028963396,0.02224556106809213
0.2723614587191418,0.2586052085082244,0.2693393424529893,0.2664387533378682,0.27420308059692033
0.1889494971724021,0.22362824346964866,0.18372484627717423,0.18378377234205062,0.1885905011551749
0.1457554928781117,0.17315541168252066,0.14993816550411518,0.16036454158557387,0.1456469068643667
0.253320195046911,0.196562499232992,0.25341448720859605,0.2539671151945665,0.2521506595946971
0.0746158030811392,0.04932199397592457,0.07476227599945047,0.07819602287894163,0.0736941833281516
0.0191021632449381,0.27943182560564517,0.022146039384346984,0.03002730148712263,0.023852321532366095
0.1363804450366841,0.1083253111901031,0.1328065850010509,0.13780369170592713,0.1383501535079728
0.1184757487562098,0.13344740989128348,0.11916123573761613,0.12253319660101036,0.11792099345248826
0.2774206778016586,0.24508879538095815,0.2935447763707932,0.28218432882319905,0.2798133455704901
0.2574596662147135,0.24916759001241626,0.2595281473070902,0.263224278824988,0.2564793052833695
0.0694106851594542,0.08992274435639774,0.07055614485207876,0.07109155868293977,0.07931930658966233
0.1789324186232524,0.21671434843131004,0.18211407246815864,0.1859900005312661,0.1805649134224779
0.1928182524719521,0.197923659670015,0.19640208829222622,0.18799218639176116,0.19044635672196258
0.3830511394403972,0.38228880901385026,0.37034713629327076,0.3764879499787725,0.3823272961687084
0.0300932467836207,0.04215921398857786,0.040642963897014946,0.03502150806124709,0.03051741914167123
0.079569537107568,0.07248734489950273,0.08201834475580426,0.08108093105522086,0.0822321490287683
0.2504400108963324,0.24017944746601622,0.25103494807001714,0.25266642024814884,0.25038441389698984
0.217783693587724,0.17738765283213895,0.2201688307667897,0.21804997657257014,0.2192223208765416
0.1625272017334832,0.19327721710302043,0.15584433191367875,0.1412743850947078,0.1547344817528405
0.1730556778383293,0.17812884948896268,0.1682873180010926,0.15522982552272238,0.16265801068797908
0.3263756337540816,0.24272585608187713,0.32808289998855245,0.3291269933570057,0.3285639190449664
0.1424622764780341,0.2643943513643534,0.14116469061272327,0.14458493320982949,0.14097053710445584
0.0179326350877723,0.236728264099662,0.021087529330477455,-0.0030521645948917635,0.019834652789470775
0.2694228143139534,0.2925834077962041,0.2799224070372466,0.3006393166227731,0.2701078127977844
0.0487776841643273,-0.0015862715064271504,0.04924062190455902,0.06814063930170734,0.04890445594076123
0.1430939249829995,0.09254360545388475,0.14475329164642348,0.15595828252716068,0.14318560643638736
0.1326725350073075,0.1405048391250023,0.1332074328688664,0.1291789917967173,0.12102514746703434
0.0922893102517535,0.0672589865298634,0.08809856647879002,0.08964280039758205,0.09196067913490072
0.2386797001406382,0.20229400037815395,0.2439635540939438,0.2339369427245172,0.2411079213089537
0.2631503722906524,0.21953317075977294,0.26194881876707116,0.26388893960209625,0.2621326249491551
0.0487889751748618,0.2591020886540177,0.04942212598081577,0.03157207905146858,0.046852990805408515
0.1643906295243114,0.1079858564309963,0.1610363660770356,0.17460576458853933,0.1410977631987523
0.2789542743292845,0.24087993610222946,0.2763918435323728,0.27391800904037167,0.28143835884326024
0.0281981286487492,0.06727252646632689,0.028602337242605445,0.03371804589094748,0.032726912575739356
0.2264692043673393,0.1954223099042196,0.22945884111087372,0.23811198911663065,0.22698218716811694
0.0713587232995074,0.1652709527208813,0.07107398906327493,0.07749759693167481,0.07488781606028477
0.2999546761726722,0.2890201332995722,0.3018793674512076,0.30116813333645337,0.29991386845348916
0.296475900209069,0.279818308471715,0.2914878399558348,0.29577737990892067,0.2964514356591728
0.1027393575039374,0.06441422398716437,0.10348003596241538,0.10934623623917336,0.10399590910907017
0.2439482909790657,0.26363597775529435,0.23270187542324114,0.23474572502884353,0.23275469069710328
0.131842331513915,0.1828664780613314,0.13028725297914895,0.1388586661652441,0.12803797908966555
0.0705186685115521,0.2238289540334222,0.06752648218639519,0.07980975048605306,0.06981574292006563
0.1375526057354771,0.1000230269253416,0.13669118762518634,0.13371861949711084,0.13876610078698065
0.287445537475491,0.23353139443337306,0.2860079128347345,0.29261787895561864,0.2855145887896636
0.2803615351723551,0.27599561040496223,0.2765829816139385,0.2783992013764848,0.28162413351666354
0.2172923586855434,0.19844334547605733,0.21712757580594783,0.20679815778593102,0.21602075962547285
0.1514555832173075,0.1204935040677075,0.15135490253305092,0.1372733782116285,0.16237699901262054
0.2193682905847358,0.1860872654820855,0.22148578779516787,0.2305355189673,0.22338887685129935
0.3610636595232368,0.3487234681196043,0.3590288187145481,0.3514450543237945,0.3669608367374005
0.0582987225105047,0.050503890090722536,0.07034863798178985,0.06119031816769281,0.05073046272535242
0.0651859116845861,0.39807533493130454,0.20167686572400698,0.235332524065145,0.3397698936217865
0.37738766200964,0.3310567046790217,0.37898203818455284,0.38394095517064253,0.3718233516418512
0.042798583959981,0.054185210483988056,0.04213485435676083,0.038574133029264976,0.04549301732225598
0.0840137037813373,0.31126016867537226,0.07956446588799151,0.0789856922991231,0.07511322687427016
0.273293597601078,0.3147668066878543,0.3141541404505434,0.3608065565360843,0.30747814679615215
0.2433872362212313,0.2146127451193431,0.23162740699534032,0.24729776711084303,0.24122251801963737
0.4161248425238305,0.40665762789209914,0.414294893201782,0.40486837636094314,0.4163387427689152
0.3624091547697996,0.33621441362354115,0.3544031418835157,0.3583636234096474,0.36229354548506343
0.2071003805760952,0.2240255561256702,0.20843698708571018,0.2107309630876101,0.20047074762601097
0.1038471201212196,0.11164660304259177,0.10561347419945934,0.1101983689928559,0.10325650970176951
0.288240190687063,0.31703774517573663,0.29000705578513214,0.292769716425309,0.28771070662707937
0.2884478992428315,0.24642985633742331,0.2878091999690341,0.30232883206764855,0.2888334083635727
0.0911265518528291,0.12322212579127478,0.08915663869895409,0.08543739246750692,0.08887809877052148
0.3113356057422554,0.216528208223584,0.3053759119324803,0.29430088033264157,0.2940431268989026
0.1475815782986587,0.21328292629341583,0.1479591104454516,0.15054696210798424,0.14693716507110527
0.155589825590627,0.11970319560604571,0.1377484468596342,0.138864150942189,0.13643791722268417
0.34706800282571,0.2884189493139213,0.34530142107263856,0.34542761981331743,0.34952159757542844
0.1177932765220967,0.14122874586005763,0.11033856002324588,0.09488441592335425,0.11135699689542049
0.1891740060994279,0.178953394268815,0.19013627455737644,0.1898303246521259,0.18969848636854417
0.2496291654383337,0.24110890644872068,0.25256500043092556,0.2427786412754765,0.2505408203100968
0.3828733319890327,0.3775423262879414,0.37392931179643124,0.36314348917906736,0.3832731132194832
0.1991818594201037,0.2049993400624206,0.1947503212001213,0.1914920316646778,0.20227348506640083
0.3261079799990078,0.31449016518146244,0.3256634320204046,0.3288784767528611,0.32441757245158104
0.0748753665311375,0.1502846735480928,0.07418418258253515,0.07908298559042846,0.07265954918657028
0.1185431271475428,0.30738907966273143,0.13260540647343527,0.12012438695794092,0.159690252564692
0.132683626806238,0.14570958043755142,0.1335377122579047,0.1290854615981788,0.13182943229957092
0.0673824322856622,0.22879884095182562,0.06553037987620781,0.09387415208919815,0.06815756456375037
0.1716472943476444,0.10343451162908657,0.16650246323189663,0.17382480400897957,0.15663315199535943
0.1148894183751149,0.07222410108588281,0.11216604437735288,0.11020855962574402,0.11762116051669835
0.0838966501559659,0.20681914439175236,0.08354126464671353,0.09694522516970108,0.08555402955323937
0.3290615907667356,0.2766327158933092,0.32817587732218034,0.3033978680768092,0.32917600472429254
0.1681115800165964,0.15475024502769102,0.17052401189904465,0.16625293390874532,0.17072619467855626
0.3306051801697257,0.22190148538281504,0.32013904373589036,0.3087796407849605,0.32488980165970005
0.3299243701777709,0.265585556937723,0.33061866464907774,0.33456698031440135,0.3296017310187433
0.0485852256089432,0.13881352409911607,0.04874521617151719,0.05370890404032699,0.046354768566400174
0.0044491716054715,-0.02856046204489865,0.01928353654749411,-0.010796799675916144,0.00644556896187212
0.1367536218059323,0.1297294589119437,0.13644402224212523,0.14521652242985528,0.13795466622169664
0.0367314207915962,0.16978110999102147,0.03394479874838377,0.04918295653396101,0.037221796455655806
0.2612685850840028,0.20583636802241242,0.25954224784779323,0.26212649750846484,0.2597407171150575
0.0902501968928715,0.05223641116448963,0.08988558937460422,0.09243331878592805,0.08343713087811924
0.1064604615372515,0.06554137209870053,0.10931360336170527,0.11513835274688457,0.10917867712398063
0.0523081877872196,0.06971036535573683,0.052086540128492176,0.05579578220570768,0.05507359610365505
0.01980975999245,0.07850080325682879,0.020500530132816896,0.026854204742677336,0.022684398924234066
0.0637275886440108,0.23477764697327522,0.06510471594356709,0.0801405257905334,0.06478897439162842
0.3053034559731667,0.2798560390330113,0.29822557911820574,0.30297258666978993,0.2981183057845441
0.0527037855544608,0.07617406108534516,0.050895970445107026,0.048719436847629735,0.0496365215923042
0.2840644264427395,0.21986798058363852,0.2876378870986259,0.2759483814282838,0.27833384714105003
0.2192841889743666,0.22192694407169547,0.24121011182420612,0.2129623601772686,0.21811765847447115
0.2340444182730671,0.2338409388569922,0.23210485409938086,0.23070272910948422,0.24036923450918102
0.2391058095086862,0.22629228131531326,0.23571720052195252,0.22432337368326555,0.23257465827608295
0.3577579241447257,0.3614148086347584,0.3514543075311631,0.34766089542756573,0.358525663837978
0.1258536178516648,0.10617021438794189,0.1273288255791838,0.13074898592659176,0.1263586834454617
0.1793015137220766,0.15824552572587464,0.17618836473102728,0.17538795248996525,0.18193828963903666
0.2406849797363427,0.22307776092346826,0.23867199751388724,0.24283450074514973,0.24175733352942128
0.2913769032648594,0.23160289943232282,0.2985927737729499,0.2941268421438105,0.28879374146888237
0.2852882432633952,0.29000736312953235,0.2853601545116802,0.29001684936593264,0.2857757727782451
0.0143018044419169,0.1514818774557527,0.012261955366815822,0.023008608651365926,0.015451443471612042
0.0456669622918709,0.08615373448097889,0.045555804021958246,0.05171093378886544,0.04387224042264429
0.0421556719513355,0.17877957630374453,0.03969711504775564,0.04599483973471153,0.04184869287665333
0.3230181929939603,0.27446956169833403,0.3272765805713597,0.31289199492022435,0.31963968151889965
0.4795816188734533,0.43949336977531994,0.46568226849338845,0.4653619083197231,0.47865624469678647
0.2715644255776535,0.307579049798279,0.2503374818660946,0.2996649281021703,0.27514018812333824
0.1422957780426293,0.10408929980980974,0.14104525378882454,0.14475763584820223,0.14221235193066087
0.3161799393429304,0.27932019165541155,0.31967709032696795,0.3022017925813863,0.3164852802499108
0.2351051785192075,0.23465506238100792,0.2287597881457972,0.23273567879328175,0.2276843410819743
0.3286709697346954,0.2688566662647359,0.3238443898415339,0.32655871841661843,0.3294334349175695
0.2384713031595239,0.20099195667124795,0.239663827863467,0.24581243747768378,0.23921639673453673
0.3156853483954669,0.24494233460406772,0.3073820844852055,0.30354132795949845,0.31088354211885
0.1349950096444361,0.11323186097045783,0.1343720802814971,0.14168464532152322,0.13289855822113766
0.0347314800271576,0.004459788354785138,0.033415132075445414,0.031867001713735355,0.03686906887766242
0.2201460958300489,0.20941991768645904,0.22181016026401357,0.2246171843185749,0.2205284993043477
0.3532026614936724,0.2746775897282849,0.3442255315120031,0.3500066862438588,0.3469927111198399
0.2438050264484015,0.19682098609891677,0.25903779896681794,0.21848825128874447,0.24407589315782502
0.3059218368971899,0.22728532420285244,0.3072420205624371,0.2954544213576753,0.31015318910602324
0.0852444695283633,0.13767625738186545,0.08543156966217928,0.06928413359579591,0.0696571314189117
0.209963381677319,0.19504125686933885,0.20856462461823505,0.21258779636774255,0.20575116779486477
0.2006825203228821,0.2747596713941836,0.23197625104719993,0.2072492245212885,0.19873697052426054
0.2110040871748898,0.21603064459324323,0.2052174315715024,0.21035683954626352,0.20540800309803173
0.1978615196068083,0.1375023466862008,0.19635695713586587,0.202825086199725,0.20000577352602322
0.0653530961225687,0.20796179744136473,0.06543574091728782,0.07048775958707264,0.06653936022659904
0.4009871910739849,0.3737076394438771,0.3998406180749565,0.3914115097246465,0.40042773475307747
0.2620634161610792,0.1788876817069658,0.26678844886250774,0.2764369237042869,0.26346378540111093
0.400721516626194,0.3386089158004823,0.3926518542559004,0.38937951728335674,0.4025877661006044
0.1113617204025919,0.1800510316228785,0.11073701078204437,0.11032385241945114,0.10733343460918736
0.2294652472224179,0.19526398242317958,0.2294995192347624,0.22337774558554857,0.23466827641222957
0.0704440187350059,0.09060569852335508,0.07209561807418381,0.07011017723050099,0.07013316033361723
0.2219995276611893,0.2287128595919879,0.2305886662362701,0.2192966629959308,0.22723563879567837
0.3191516335273976,0.23773541100470555,0.3184904383876819,0.32525831115159465,0.32389248851437696
0.1924522211272284,0.18245492773919642,0.19418417205572835,0.19766384785252186,0.19258085346121184
0.233524371397559,0.1831070271589137,0.23266365844641249,0.24918857257237467,0.2329274476802426
0.379798259916027,0.35656253328393106,0.37835708420908776,0.3703570519742617,0.3803664460363835
0.1493856657144119,0.17118217820801065,0.14864994356281103,0.15459374687698257,0.1502135132450007
0.1113552155552194,0.06904012003090235,0.11210155709236576,0.11704246902151483,0.11288909988411326
0.2172275194618937,0.18938833023295934,0.21672446965268682,0.18869915698176462,0.21686723170983152
0.4444221024041553,0.3625813038664958,0.4451367615205002,0.4364976559975214,0.4390409737256375
0.206391632125153,0.21323289692035313,0.20398004613640047,0.20435713453849003,0.20406408019995187
0.1403633089129011,0.1262289931814234,0.14042887594801207,0.14348010385935564,0.1428422357357764
0.1525840712872192,0.10459883440447852,0.15032061030090157,0.1531669786029432,0.15091760928364756
0.0359104785975291,0.11633331475382086,0.03705082475761975,0.03426086183903408,0.038539969701174
0.2513292611913602,0.2675040329322108,0.2469152493027817,0.24696198467704256,0.24961856456859727
0.0285963712055776,-0.022398800591157092,0.029984288361369155,0.01843606386036195,0.02583862984564291
0.170566590673599,0.09513208931893827,0.16128027593096367,0.16490580964046953,0.17254964739794104
0.2568222952786927,0.18689888119398615,0.25910063436606195,0.26690577234030616,0.2565021582829779
0.2143514105219402,0.17619002591488714,0.21507324707155093,0.2007265836641265,0.21052931751322412
0.143302921106088,0.14945656385177988,0.13888957737357377,0.14326801973986678,0.14467829630274093
0.2070699685399556,0.23157485986848214,0.20501863416748556,0.19851349395155815,0.20531757384082364
0.075409413556191,0.07614705090959842,0.07689843919814326,0.07623689209692172,0.07653858677560581
0.202095049615683,0.14501679882395635,0.20343825891515174,0.1640476284029597,0.19082187661107142
0.0452371570772826,0.020597871250344346,0.04533089205928004,0.05533295274569578,0.04320054923949165
0.2859525600012683,0.2962198558235994,0.27838301726193215,0.28573156913632797,0.28450455042382705
0.2988745464913129,0.2484819206085218,0.295846869393199,0.2895089935504672,0.3013261666073831
0.1171968921585616,0.0808325003904261,0.11715579539481702,0.11260971882330092,0.11575512403805029
0.1230809429221466,0.1407495913797316,0.12239756531324658,0.12244425595740398,0.12933132052285043
0.3451938429416841,0.27193577821506076,0.34435839335008145,0.3509057265026743,0.3404364523487678
0.1976752898593484,0.14234979195361366,0.19568526382777407,0.1987006598297981,0.19745408023228578
0.2629183943784133,0.19483199026341733,0.2653240346852111,0.2824111738663114,0.26496739118921053
0.3959164368820205,0.31319930206508206,0.39582138670602024,0.38532935980326577,0.3973416558806539
0.2880862957890365,0.24076996857891111,0.2832233503036223,0.2511429547774082,0.2870988976518959
0.1479761614269605,0.13746425257887382,0.1779219734074334,0.17458226717755185,0.14851488433909102
0.1676724686638728,0.22231853402825025,0.1639388732443703,0.1611787197812159,0.16595550869232287
0.0082575787490524,0.21218827782864436,0.008201253610462129,0.020567999831194686,0.012999768864817749
0.2663252110084034,0.26302235123696743,0.27852682017941,0.28317476364116967,0.2736011551920291
0.30139763726419,0.24286040099192446,0.3011255904968607,0.3020169701723011,0.3056191602034844
0.4491961146339995,0.3757447311724236,0.4517498486181961,0.4403646743363136,0.4477157616121916
0.0970776515420039,0.109418114389775,0.09454312576773462,0.09629564277579432,0.10242664804327331
0.0580538503315581,-0.0031418038299280693,0.06206546148440212,0.057416110661430875,0.054363071071260795
0.0762138638613896,0.18784514156256232,0.0735764085479794,0.09459568341629314,0.14607526796562423
0.086773957696733,0.10115311811362127,0.08713732352108237,0.08611792515913327,0.08529897197755379
0.0871694959006184,0.1867040345966658,0.08637933199482703,0.09067104811633425,0.08796309492868658
0.2472699608093037,0.2670054236356111,0.24737318540900707,0.24877132206074712,0.24794465598682747
0.2671785493296961,0.24428086541272492,0.2691755556499217,0.27986527896244695,0.2668505969534982
0.3751822875232172,0.2928595730673202,0.3742297072767132,0.3661758766251219,0.37644319981023644
0.0075800693951769,0.07595485787738368,0.00724866717024407,0.010580292098894082,0.013855266431352167
0.1272043958705953,0.16700667083222256,0.1243929593408029,0.12390343344190022,0.13209948077740583
0.1335575373481537,0.2592794239178491,0.21303278720724905,0.21049513241039539,0.23910185791472535
0.1034293781249305,0.10608490687653185,0.10332572517129336,0.10194890911917401,0.10887075542907672
0.2974421345513784,0.2704510805311347,0.2983960230683173,0.2904517672598344,0.2979899130605476
0.2117117971095312,0.1756284078777345,0.2154581016711432,0.17985693714717102,0.20896244875001369
0.3191260200701389,0.2613486465892196,0.31228602335787714,0.2993344691416867,0.3210103421514649
0.4014554031543553,0.3654023977219484,0.3925849480431445,0.3826975871864006,0.39809697962967167
0.2875809658465378,0.29626767376899577,0.2904848473882181,0.30124750546587004,0.2842816793238235
0.0466623395006739,0.1980638258040032,0.04815619857494838,0.0619700225046578,0.048661306651427635
0.1895402782837826,0.22410387308311636,0.18616526257978613,0.18488385117004758,0.18897192267056234
0.2462387538824058,0.2896141551843375,0.2457056661315011,0.24312389919697805,0.24838521218991377
0.1733455147978181,0.17028700741462133,0.17475049529669093,0.17078534682550933,0.1745374128360877
0.2548063615811399,0.18318243069219217,0.25448772073615894,0.26957833083796706,0.2585554969717422
0.2084121202911829,0.22702545393531845,0.20796468726362918,0.21294056903123668,0.1929997737096354
0.3465508367831179,0.2799360268600172,0.345877898770667,0.3425649408923354,0.3483320159607161
0.1064654059016672,0.08172137970646057,0.10406417807521433,0.10232542245046593,0.10070185327905339
0.0827473416566153,0.061451447525376374,0.08166646720448438,0.08168533602644275,0.08479785941922155
0.3160254558121872,0.27491422758006806,0.31411765261941277,0.3031857348850817,0.31461488807851934
0.1426849241144139,0.13357788290430073,0.1405234231459065,0.14402439481566678,0.14564695710384806
0.1381711454336699,0.15621993666578912,0.13884387360454353,0.13502938755765975,0.13630483763654896
0.0258377953011888,0.009731200313267074,0.0320333682229943,0.016636650953359994,0.02645987008801861
0.1212307250598258,0.10745745456959463,0.12092003489449854,0.1240171377222387,0.12070021950842184
0.3554335792628486,0.28866905616873767,0.35478529335858905,0.3615924129700568,0.3560688068805005
0.1807995565775827,0.15393510283023001,0.17976559678755583,0.17322223377607524,0.18370853144170307
0.3778815518027845,0.3334955801636718,0.376157809564185,0.37195997452953783,0.3759625423725825
0.3818660516210036,0.3225823706205513,0.3829783300521152,0.37758261130142623,0.38414098261603913
0.0691282030075468,0.22770118049974575,0.06728348512454685,0.06138651988617775,0.0629734925638461
0.3973003734266037,0.2989621896709229,0.3909764455915466,0.3890188604515253,0.3881842549453499
0.1799749628687309,0.14333859874300875,0.17661646220085628,0.17819283864692695,0.1824066030872647
0.1921117360859726,0.20599636483982023,0.18651153633121323,0.1977159205902816,0.1958143820815091
0.315074064238326,0.2933256039257803,0.3140789724873003,0.3196574516361504,0.3179253550049882
0.3526116836211382,0.27672504094035033,0.3496202942921557,0.3477175019615838,0.3524094249081021
0.3731934954048904,0.31207501293874007,0.37447490704901953,0.3710476361715126,0.3719653096035131
0.3790874019253084,0.3404778004262326,0.37771929122567177,0.3710476361715126,0.37945074930558115
0.2498001525816889,0.18126952667275775,0.25155847606325027,0.2369784916966838,0.2463971178869296
0.0625152203613285,0.11770260009118397,0.06268182385188742,0.06900771500619729,0.060973978706498025
0.197655745217235,0.18385012224277403,0.1945516267267829,0.17614577147554644,0.1817257212110396
0.0582345649270303,0.27464852449574084,0.05994124581642259,0.061041299492505405,0.05340147585853246
0.3131200509543454,0.24198205596743153,0.30916434261148784,0.313358568510134,0.30669684808346054
0.3759564073050965,0.30347048026216494,0.37341932794884936,0.3674254141339519,0.37897113585765096
0.2204439233128958,0.15698901532429188,0.22163771452372497,0.21804997657257014,0.2232991232878022
0.1406594498779209,0.15814210236403864,0.13957429534676688,0.1531275566374632,0.1419437987509711
0.2261273098051844,0.2154886927388972,0.21790235786282158,0.22812633529717014,0.21472332917709752
0.1214835504299626,0.14731492711815952,0.12083976066594677,0.13056873477382244,0.12405115515648031
0.1107145165657426,0.056370435821495285,0.12099143570648828,0.11665997750594272,0.11206755965789342
0.1557975361520054,0.1294273891621337,0.15357710876837505,0.1460244006870509,0.14982276460347982
0.2355315699604107,0.18701796637583795,0.23187493493499048,0.22158903169219962,0.23199268982122195
0.4164878978086999,0.36972300224696975,0.4158255009643858,0.3952327616175973,0.41715626003632333
0.2755810449270713,0.20568212023279778,0.27155143098121126,0.26276999555171626,0.2796996004193174
0.2604799998396145,0.23848945135478372,0.25780700972400034,0.2641778974617695,0.2589109568349194
0.1701697374451121,0.15203316867305466,0.16795992629051784,0.17188849271667567,0.17139648646731093
0.3484161298273999,0.3477752476675595,0.34537649450869806,0.340786909325209,0.3520238430113828
0.2805161744697833,0.3190119560940461,0.2778994310408392,0.26614652152092894,0.28200487328566376
0.0476421032708012,0.22587353818667188,0.04827859821100857,0.06890764215632414,0.04510636894375798
0.1452844126051183,0.14080034809279113,0.1345261155373026,0.1394812874922707,0.12346526611730638
0.4032354059592142,0.35690343657250184,0.3944536363592258,0.3951948127663638,0.4022696026079841
0.2024398400781115,0.21622479398408362,0.19872628702383097,0.18845096149879523,0.20511328932249256
0.0194927377282757,0.11679544498982762,0.01985223105988629,0.02220921666951344,0.018087672568655913
0.3350363491696958,0.33763026199257085,0.33804748684304187,0.3405382267075184,0.33491547624721163
0.0089968899753125,0.0077888364531119025,0.009494532799512935,-0.0009180498338855845,0.0041696742542483445
0.2403331833123757,0.20161463760749443,0.23457938102974155,0.22158903169219962,0.23975743795166027
0.0653639782564329,0.0862279382268295,0.06755376397420852,0.06639948726955042,0.06122943424382314
0.1445127965309486,0.19046165025478617,0.14277471508367368,0.16442301364135606,0.15457275302303247
0.4619292454290737,0.41796456970507095,0.46212028371419855,0.4529665445916564,0.46172284748779335
0.0658495724923093,0.22942925812138026,0.06921571465019452,0.07662643362580121,0.07467630694901997
0.081951048997365,0.09038818168829872,0.07997770549839166,0.08602802784247308,0.08564402954241632
0.3312070655097035,0.25754238436714805,0.3236528793611153,0.30896108724877236,0.32597195124044703
0.1978685220005819,0.20034348038616337,0.19477044522154505,0.19079974619307546,0.1966649722955541
0.0330162053024663,0.1699736457129124,0.044794788656633056,0.051426567157065124,0.03391145866448314
0.2014718953699651,0.19034429588346943,0.20151196404593955,0.20592871435024207,0.19910016985510678
0.0335760659233735,0.04564684430521518,0.03496100916042184,0.058156810582813856,0.035559191079634886
0.2431611721756283,0.2719559761405622,0.25052350381477767,0.2392235406270297,0.24145026061918795
0.178830562396342,0.14682192603375438,0.17953686183443995,0.18241833521719403,0.17688618881640097
0.132098327658228,0.11447229250689321,0.13241920159535855,0.12820309110684414,0.13211985236768423
0.0637384824735639,0.1914018828018849,0.06350191070214807,0.06643809718602159,0.06668668243540901
0.1188201662227739,0.12065488930293976,0.11882415827866907,0.11151985212466793,0.1082596348729343
0.1461581048525559,0.13717811945705446,0.14472522716626515,0.14567457646083226,0.1471553204779015
0.4014003689846311,0.33786029978111,0.3960222185767071,0.38166191702006685,0.4004312252750325
0.3087971132454445,0.21123325235638424,0.3106697011862879,0.3114597444951883,0.31093938152447703
0.475559995241147,0.4063277695775224,0.4659737406576063,0.4620408822771883,0.4735521203958841
0.0406584081124985,0.242539257154949,0.043221234300024065,0.05826369821995184,0.03675268558252255
0.2162398526100582,0.21166634918403765,0.21718928447504643,0.22251596654157585,0.2152216376156506
0.2617040734973426,0.2007657425969993,0.2575839106933265,0.25813734100763835,0.26404876040027997
0.236643853834115,0.2517929625635424,0.23353598659613808,0.23539558852673187,0.2360768612556809
0.1589324711004875,0.22858713603341146,0.1600716840894786,0.17061975284627443,0.14970388038133586
0.2023590250570754,0.16150451608353072,0.20570601912735428,0.192715772205285,0.201282299106127
0.3292544647121021,0.34485274311627256,0.3243677024313186,0.3162612123494228,0.32867558082121356
0.21711998809238,0.1670118166053164,0.21835563752946138,0.21916492919510805,0.21552365016013098
0.0413497263702483,0.08507153275071705,0.05086752837597897,0.0409609459369536,0.049529453630824005
0.3138436206489433,0.28043826534019967,0.3101271150735521,0.3178512834679662,0.2718947432572376
0.0615071900980126,0.02724470761391501,0.06675817152390177,0.05567732045809062,0.060940355618247774
0.3428617405564936,0.30239086577740387,0.3432786890087991,0.33541600170644265,0.3440662195225307
0.2662469219147825,0.21717353179529744,0.26743265222336576,0.26150284016591296,0.2665060474255376
0.3309832863570864,0.2622383972481025,0.3341156986558252,0.3170226250716876,0.3303983543905692
0.0399131338532794,0.04816373603962598,0.0449245542280209,0.04775555337017915,0.03976314530076393
0.2631384407218461,0.2663897101392408,0.25992646259497065,0.24696198467704256,0.26364170743631443
0.2242527029875492,0.22662744567479312,0.2231339261272314,0.22142040601317217,0.22469632052879035
0.146932264152124,0.13518157034519954,0.14574162891302536,0.14160883585613865,0.14162321548283616
0.2270411755574314,0.24751184038241703,0.21825743842126097,0.22578547513680447,0.2268169449326179
0.2189983918355025,0.15447257955788962,0.22022800168412948,0.2169692781983779,0.22379545649296104
0.3909409117433648,0.31568093452279866,0.384345973551905,0.38745158782861616,0.3049835417076359
0.3120250371834043,0.2436026225633166,0.31297707944252,0.31096097060667116,0.3117369794136363
0.2792013574745656,0.24733657435560097,0.2791674157401447,0.28087354819887006,0.2777785185319351
0.1306006932891448,0.15609933709740734,0.15616908996570736,0.12865908439197254,0.14613364658522507
0.2671256839316637,0.2204246703710263,0.27074337948356464,0.26743618171214395,0.26175284723910497
0.1660838480163591,0.24725184558432262,0.16065622039932492,0.16173777945180998,0.16561498602188945
0.3203695276677278,0.2203097123459673,0.3194752343223126,0.31157308073339557,0.3211866822584924
0.2190165610208177,0.23401133788807688,0.21816494755991991,0.22387222758090614,0.21813910274956688
0.3078540810304739,0.26678229519840085,0.3105334698168561,0.2944138341082075,0.3089637248389712
0.1558571398006177,0.08715630151187267,0.15508060466136536,0.15568177351546758,0.15462576457895577
0.2463261217255816,0.23815738823049792,0.24661539740702315,0.2439132983393513,0.25026929328407654
0.032544130488203,0.10511299079341374,0.03177919987980829,0.03685300095168899,0.0330428691142882
0.3226603075858019,0.24356038506687927,0.32089323856336055,0.30896108724877236,0.315992774033894
0.1312820907354485,0.14490817113548382,0.12212315211842333,0.11416774085822182,0.11416424122438533
0.3504821573188744,0.28464065378538933,0.3453396407901722,0.34701314303475317,0.35008310507659945
0.2719696213980839,0.19722314860383863,0.2722381344796632,0.25586809610523387,0.2700092251366911
0.0252915658437255,-0.015485655749506555,0.02898444830512255,-0.007357160586856772,0.028592477449857767
0.1371291982536308,0.10594491096539793,0.13732889359571326,0.14348010385935564,0.13914774843633038
0.1138158190486184,0.049726462695411006,0.1088261509347917,0.10649552311831577,0.10951517726920408
0.1894507094294629,0.2728616042669562,0.18075438671225103,0.19103773769127674,0.17917572432292217
0.3980067714751737,0.32915776793539275,0.3920351767841,0.3836913203113678,0.39893212752161045
0.089907032178764,0.1055872161198959,0.08918082348746885,0.08867187342297869,0.09413837164038466
0.3468137553605517,0.3126833915971021,0.3343252015440389,0.34788818090840584,0.3543466806392561
0.3706690100497221,0.3601402872083813,0.36273049672848734,0.35426379261649354,0.3756107485663602
0.2095348578063512,0.20556518481551314,0.20689234185917896,0.202825086199725,0.2093311360903055
0.2831503439769404,0.2752919985640113,0.28462223076251797,0.2998675075698129,0.28265626699595214
0.1747455847181456,0.19247335254426062,0.2046895387543767,0.1944412172299868,0.1709226227696845
0.3384599355667221,0.27913275094737255,0.33494446474848855,0.33295525912934143,0.33792824051890363
0.2710833627709392,0.1883350917753107,0.2754341908595207,0.24823007670083394,0.2666358645314857
0.2866969705885031,0.2556928860011741,0.287063034720153,0.2898354029021208,0.2888430871992466
0.2000067007290556,0.134524213246493,0.1992138951367835,0.2141846903555253,0.20116811329213613
0.0944723064234331,0.15956371669725206,0.09439344414055985,0.09419181377930945,0.09408518728594002
0.2264341396369732,0.19998807011999944,0.2263666747709169,0.22116139913245497,0.22553360703210906
0.2741856905634473,0.21048030419717906,0.27484645952770725,0.2804102987589553,0.2748450714462026
0.2919308918216377,0.20871347182402042,0.29341142228412365,0.28852453421644886,0.29395605041410466
0.1754570116280494,0.24729251198515984,0.17334129787482203,0.18645364482939009,0.17801120452394037
0.1644197430782897,0.21809331812556507,0.1611691293908943,0.17028732015866302,0.16611006442441723
0.0570854578439388,0.13399122179427525,0.05777211152064446,0.09600326101771342,0.0651437239206523
0.1056421771970918,0.06057888701855976,0.10079211659930604,0.10023508331159922,0.10457491156183651
0.2967690623292962,0.2841688486996896,0.29741132709702445,0.30122807102499843,0.2973522100949321
0.2705635045824836,0.20449720286934062,0.2826219760749789,0.25655313715966876,0.2724669896947308
0.2299774308274561,0.2361554496482866,0.24163779666310087,0.21940939870725443,0.23408200129598478
0.2575378949688584,0.26746116509799084,0.26153058164560133,0.2530052523524772,0.2570025025604866
0.129512434239065,0.0866444571279891,0.12695522297835882,0.12923472375072695,0.13568221629985994
0.0951343088386942,0.11960550390201372,0.09642030638108816,0.10311509042688798,0.08899568599620786
0.1238974813213327,0.21067526721681995,0.1187093211933946,0.1260526858470188,0.12337833592640854
0.1083370579228201,0.11537545847577607,0.10849104120750913,0.11942454397128513,0.10783862264437305
0.1356839378860297,0.12272582987781151,0.13656288334712344,0.13283725911162692,0.13815710833045225
0.14175089405398,0.13781615048059398,0.1465638776755903,0.14672589869337338,0.13403675451323932
0.3989902414319862,0.3413432186881189,0.39279375274325723,0.3876874253376421,0.3976843421534298
0.0733865515897304,0.0911600401551871,0.07316211094374267,0.07689522435757122,0.0746426536683997
0.0947687448630787,0.04792237280650746,0.09681418839690346,0.0961619113139162,0.09289239561571093
0.1802951133440726,0.2328739279506308,0.1729384171826269,0.18523537718327288,0.18303916543151816
0.3074430568648131,0.29598112526079473,0.3040445591076804,0.305861842188651,0.3019526171739999
0.3496598608415385,0.3103209661909301,0.3457848368243237,0.3498782834345459,0.34855161427542897
0.466613475726088,0.43903799161769,0.4630506455723505,0.4666221629323156,0.46152778406793304
0.1191449857105155,0.1484673771522324,0.11802013720501205,0.12686461999712825,0.1167224287821225
0.0782028223260363,0.08847043141764298,0.07619470586095348,0.08588295583367363,0.07259024505398486
0.2682910240887284,0.2512908305350166,0.267503094515853,0.2668293316710446,0.26503532725681456
0.2252607435436039,0.19920022281701058,0.2249602380498718,0.2017622256904533,0.2267910322113919
0.124351104101325,0.14339312869665516,0.12740831756605422,0.12551942656080947,0.12440514626474893
0.2142504229657425,0.22331482514655318,0.2138936138955972,0.21380779629655783,0.21530341914628748
0.1984318926180426,0.11286921722838161,0.18518247682137776,0.17733683066960096,0.1907052770302231
0.059656183367078,0.02029462132587745,0.07048209445005624,0.024312658720824498,0.06196739173289656
0.1646003337029216,0.12670271830774604,0.1611645025179027,0.16559686762323236,0.16525539605615086
0.410846782984108,0.37127471369512566,0.4133551066564501,0.4005971704113174,0.41077099436947523
0.0764438031068728,0.06136396237476599,0.07853076914355471,0.07695952768703099,0.07285775650838895
0.2015183143794958,0.19579680635517555,0.20245275898393528,0.21450082922115274,0.2040078692955519
0.3245336336292418,0.28176711969589563,0.32776598043168664,0.3117545271972074,0.32402586820060886
0.2215921776540908,0.20066340164389496,0.2244486048386417,0.23571322826791216,0.22244722537567033
0.049916103854704,0.03127031879413508,0.04764942129315272,0.060964096500015955,0.05373524363978995
0.2745032568426419,0.23485453930701222,0.27415774122048864,0.27360608128679836,0.2769246805423836
0.3368786182887414,0.2898049616320425,0.3326632107933594,0.3351704928581856,0.33948486811063944
0.2839366317989061,0.2593598663044431,0.2787844016320008,0.28573156913632797,0.28744424794880985
0.3114082152853202,0.3163780828560421,0.30894462395838185,0.31139211259738986,0.31389382751953
0.1417270638500304,0.21383537905304545,0.14273243945088196,0.1571717371808529,0.1496517048831078
0.0601368870130001,0.1434548565008853,0.059554849147410195,0.06876879949827983,0.060680773149658904
0.3664269805034302,0.3505504100022053,0.3855142077338912,0.40223851738622185,0.29725146267163405
0.2126050848442917,0.1642026405073134,0.21084245879422406,0.19870856950009116,0.21367344367349786
0.3276148390075038,0.33110555137724107,0.3134535570403084,0.31338266887689165,0.20746495058551603
0.3237830393769508,0.3190858188069502,0.3217065381658891,0.33765937209941776,0.3256966517302701
0.1712485218342121,0.2800400568509773,0.17065156740723586,0.16308086392469603,0.1703663875323935
0.1599052700807722,0.1626768929165409,0.1623468714037727,0.158563250973195,0.16464503625768528
0.2991431208650159,0.2844554380814207,0.29693438109551284,0.288535213569528,0.3000231473526741
0.1772917734280913,0.14659569687026713,0.17814483514843513,0.17025996539016744,0.17432656049514147
0.2531791493941071,0.2191655302649763,0.2556816776299434,0.2658794921393303,0.255440218196597
0.1698046734603369,0.25644320146651933,0.2198529263089687,0.18978262827877715,0.26392025614921394
0.333607960391389,0.32485088263360007,0.3260380975594726,0.3323842781865609,0.33358582803474285
0.3386135152034912,0.33752856304434053,0.33491705111809766,0.349153068119488,0.34046023987950946
0.099116440268191,0.0750220158502308,0.10180187780428214,0.10237205922761913,0.10024719980547156
0.082824928717853,0.042842006084932716,0.0849476257748569,0.09272618877826948,0.08465018833453543
0.0664365984662842,0.09186025782601114,0.07622303912986546,0.06672563996224862,0.06697667218179362
0.3987282181789238,0.33259606311330536,0.3907972029009554,0.3875378330708,0.39876430491951476
0.3801784704359185,0.3450911757289715,0.38116356301180054,0.3689141280405852,0.3814463716072134
0.0681404540959752,0.047821523778583175,0.07384415149437659,0.07272325548621418,0.06592190939479617
0.1030167699761772,0.16273784288870344,0.10190750242335722,0.11473281912724874,0.0982980233100402
0.0905853172689993,0.04521823172636244,0.08846062334927632,0.07190504940067048,0.08641107480097804
0.0963956701143346,0.13853413126863376,0.09604520878726762,0.06762640405002576,0.09063233652299277
0.4591539318521102,0.3737195521056517,0.4524701894743322,0.4529665445916564,0.4481683721082261
0.3522831296434587,0.29808679490593804,0.34386906133531603,0.32371744918139644,0.3531039340070864
0.1326908447443759,0.17381978211533156,0.13048611552110817,0.1377480138716587,0.1342900900339862
0.0374255569760808,0.002593452887734604,0.040550715756968864,0.04395617040761706,0.03880515757482398
0.0992911558982753,0.2687214777271744,0.09389797237236101,0.10094381689922216,0.1038777564626748
0.0956439402353933,0.12668996708643332,0.09721809084066524,0.100753400789535,0.09320923604350857
0.0319921057811131,0.016231507085104402,0.030171907554664857,0.0181908673968023,0.025636337033815414
0.0833172952544452,0.0870023229398729,0.0862104181892785,0.08707867323174345,0.07594316626777442
0.280102480986904,0.23665114794162437,0.2783819706221148,0.28210102760329925,0.2845603203708011
0.1581795806304678,0.13047442896108605,0.15630297319239067,0.17114285892725806,0.15816249664636986
0.4124145997569823,0.3520033476933535,0.40918581844350654,0.3971297546291873,0.4170190552203267
0.2966059986449776,0.24901935538005654,0.28211308915629735,0.27782961902924197,0.30850969579240695
0.0444798869337389,0.0022172937615279054,0.05100965141924337,0.019907146960631686,0.0375481447593324
0.1494430285812774,0.3115837948802871,0.15181253788947013,0.16173109288714496,0.15128885648354962
0.285202817762851,0.23297536186661105,0.28570662173995176,0.29253847579760683,0.28979249029874
0.1331560359322379,0.08494574088859119,0.14015553691623184,0.1495191399680958,0.11910950685951878
0.2998738001144823,0.24079859755859678,0.2995589985982858,0.30829827891043143,0.3043793919504247
0.0563088999395793,0.2893424522337904,0.1069758272496472,-0.12009303387658629,0.09581068595688128
0.0852242099349021,0.05592804859263323,0.08649308894326924,0.08273633162729513,0.08157706784795252
0.261137562028276,0.21179365383009707,0.24702906814391767,0.23072998139590517,0.2454699868797608
0.3435688681560779,0.2961243787165665,0.3387646461803924,0.3231325844713964,0.3262674843111728
0.1121168953627563,0.11774141009171828,0.11194166985224825,0.1126558860800293,0.10943519355792378
0.0596483377603039,0.09879768632827704,0.060758468759700056,0.05884218527333975,0.06321016768194855
0.3547350812411263,0.3020958460937604,0.3503567623745092,0.33507794210764363,0.34885549373104235
0.1712220039054236,0.15386441495452896,0.16820227412316452,0.16175114696844922,0.1724272406885768
0.0339818687517543,0.08629302612825651,0.06683984444635088,0.06836088679689233,0.05000631308646406
0.1294415278775932,0.18702429347150468,0.11494555801141695,0.12711132264810457,0.1096434096028897
0.1841086546827717,0.1395033597811739,0.18137268879468646,0.1731343443474763,0.16355128335523994
