glucose,oxygen,ammonium,phosphate,mu
0.7643939039934893,5.108730226741656,7.171159102935592,0.6285781761685169,0.06126924323893548
5.5273203888196925,8.350054523519438,4.822671008003313,1.4164767320474727,0.3458301258011143
7.764933726142463,3.7439634144120912,4.785825541010006,1.914759544628736,0.2578323422235332
1.0980689832969621,1.1592723472410507,2.1412303944633173,0.021690963712271402,0.04860380685792707
2.279296592869997,2.185501996011526,6.0625628615943015,0.387212472381354,0.10210148110855431
4.364133357458341,7.975530589601696,7.946534000972641,1.0971599111692092,0.31153486229028016
6.1539856782174835,2.021270647989574,6.019299593835985,1.1408656665044037,0.1755321722308885
4.409238273709828,2.769499973500802,4.099571549283918,0.08275472743792958,0.16195767985878826
5.37922410867646,8.25619131223593,1.2638896053866653,0.15706146259276704,0.1944077214327164
6.696189026617165,4.784775252088206,0.671509035067693,0.8918158685582597,0.10328951268576342
9.993908821061622,4.905420178391005,7.978568851134001,1.3859031148306278,0.3363789181727851
8.199918257942311,4.916242943477257,8.93761425612169,0.6513792777422629,0.3004951482964358
0.3047732635198116,6.390686314609292,6.207176528261928,0.13947875231900092,0.022582856698678083
7.059379915816068,3.947361200903835,5.52515579934889,0.6763955704203687,0.24947615440618326
6.270755650213945,7.496907418840729,3.0268289010854788,0.6953679740418687,0.33616876313745925
4.4310030902534505,9.445728409971741,7.383172101511469,0.5872059960136377,0.35538209095770756
1.1185950106234717,1.1919509638528996,9.515084452939641,1.8142968170375438,0.049962571436566246
9.00027282054165,5.993732304782427,5.100602070877298,0.7786697523652181,0.3477898405486684
0.5690736395250828,0.56925546735217,1.2819599205449275,1.5395771559460611,0.02087525265969787
2.409493728289006,5.3064555569001595,9.960579788735066,1.0486441866322747,0.19494372800072265
1.3432967494490966,9.708956198547572,0.3968468735625703,0.928649780690044,0.06104184501543512
5.657272926110786,9.646899415154051,6.032598859180471,0.521412639973461,0.38593915330419987
4.320478286661802,4.9682343166910155,4.2788731105715465,0.3597042930716359,0.2237241492279915
8.829975401555236,8.52833435784515,9.241367449520885,0.3889862461012811,0.417619865697688
9.927896800975589,2.4556787435873195,8.568752465296727,1.8319146465582166,0.26423398294699746
7.100866466897533,6.806637365175505,8.462192296883602,0.9912563776707736,0.33296439582525145
9.79526319000149,8.318011769525851,0.1073642271834537,1.5842876034948008,0.016514456715005114
2.488548837837915,0.18334836093851342,3.987112211688405,0.026044063384920886,0.04302103558873566
5.898658667946826,2.9393209033823773,8.251795862778293,0.4040286733342725,0.19691800808987653
8.428414184436384,3.3596645843914184,5.106100512050152,1.2205306992276033,0.2601104476637407
4.071375543371264,8.17780142630723,2.130548683963874,1.58364181358554,0.311474915037613
2.1694811887783296,1.0508133190359383,5.66629522952637,0.27850945938848254,0.06708610665526586
6.5109988199688305,8.138305656628818,6.573908132189974,0.7353484415015054,0.35955652162417473
8.540402235522258,7.604241872296473,8.015845933766988,0.04436122633653387,0.15899702176610503
1.0381245828223598,6.112382287082447,8.67292001136693,1.1318720611835462,0.08430919530809157
4.139717263348728,7.359260283694015,0.6040893014852502,1.4980504878626382,0.09291921077852505
3.46687078620782,6.401198885265208,1.7543939578399608,0.17167966525542194,0.24792300725995925
1.1426590206674903,4.304355010551471,6.304400155878477,0.8081599782174204,0.09310791331652546
5.511291675899365,5.768202122559009,5.553526726857899,1.300525721252328,0.27087484002833584
8.314058100752739,4.065640765047627,0.8591299482681559,0.4811874296462239,0.13214880076995345
7.579695968857097,4.256388153187989,6.10667066296059,0.9638224726095808,0.2689071947874589
3.539180149682115,5.2284116204259945,5.215845928028638,0.7741236969561819,0.21548098654592035
8.170992885834524,7.448869566955394,0.9765195363953424,1.8207311190366247,0.1502053163473249
9.110665473395413,6.4538118034656575,2.0520651824210017,1.7301669697792026,0.31564253289656435
2.0775367639152456,6.862352547681403,6.671423220577129,1.226980370506127,0.1717967533655312
2.863820861925326,1.441456354335572,7.968945608424639,0.9444190808785965,0.0923875791632752
6.339965139213213,7.95616484662893,4.0827017334260125,1.5949872218014725,0.3508406221594655
0.4850222925802856,5.638900816213049,9.320650140969798,1.1440941527982418,0.03775446328070273
2.11490936792482,5.922236197526606,1.4026270947491406,0.17641717428104436,0.174942413886471
6.809249533242674,2.579599620139643,3.5120021012895055,0.31268965680988653,0.20489240619347182
3.6970026892950534,8.859479923218931,9.83970064119558,0.7216200850552937,0.3081075660979738
1.861451766289784,8.220636708618086,2.5146860294564783,1.058339882786147,0.15360883030771902
7.750876372758269,1.6039859301095825,9.829136238703407,0.22761460194981115,0.19527394935326164
1.5333594384657627,7.888821379792804,2.849375904767077,1.8726075557219446,0.12599322784097186
8.612442345671997,0.9663378468694905,9.56762991538981,1.7448469257584844,0.18024425947127962
9.61122373986721,0.37636219394487236,2.898220148039172,1.6100315911805503,0.16359303987962825
2.2439485207867955,9.221020633992453,7.668513459119672,1.2260996216549274,0.18580366852932645
4.101462885070631,3.646605579763611,2.6864446413297083,1.4364061230430614,0.18110172657266743
0.5332434413172928,0.17404860974574984,0.1884146241961295,0.5586370844177335,0.008728338090044736
8.246732232699587,6.413198408413497,7.264411708190452,1.0027608482448496,0.3447111854488792
9.535541792062721,5.063506339243835,6.224240544333456,0.11177705251058061,0.33170032441769864
1.946719559161923,2.8121090873024235,2.612102386134944,1.3600565873040473,0.11350412266465801
7.19036239864259,8.696131185729271,3.84358242117989,0.4942873885632848,0.3893884531954754
4.9273801576624106,6.670590612588427,1.2298759964170847,1.785322406335982,0.18917584976505017
5.321023641806397,3.862616302647799,3.684386138924787,1.5916419833313897,0.21195238436137007
1.1507680507907967,0.5182424800543193,5.570007884954405,1.9595854372674664,0.03113726830725128
4.582386909946078,3.1492866969056803,2.320315588953545,1.45742498681997,0.17642947017597643
6.131557741326477,3.214330753638604,7.5146636425502225,1.590568690136285,0.20956664360959726
4.440176028130458,8.016776090056142,1.8647055501000318,1.8445142974036102,0.28682343425637596
9.48244725110392,4.843499883307609,2.0375544300811272,0.7913629217577972,0.31341053234315674
1.34017589627029,8.117925974142512,4.458776893424801,0.07541728797365885,0.109732922588495
9.225660472635845,3.4660539340564562,1.0409848539296778,0.44295962613802425,0.16012117880859467
5.485298825689004,3.6210645228208573,5.178070465117636,0.053111411467913684,0.19035894370158074
3.158727075287698,9.943476538300109,1.468825997190591,1.8121472919631667,0.2259304246810398
7.241421431123808,7.342187679538803,9.662308520073,1.2304589971680724,0.3512811108789257
1.5453614122858113,5.547125709002541,3.0176679617030633,1.48693928262397,0.12700343381497262
2.3713742733433816,5.896638827939263,9.102283705377898,1.3563592669905056,0.19652912290398583
4.856346084926414,7.152635812513964,1.9364295621045666,1.7389863567500867,0.29671340367326826
7.939149376327007,8.07489650190684,8.789397898241813,0.1442778624300239,0.3865388072083821
0.6794898655133141,5.291929377164837,4.188755516516297,0.5361529891078674,0.05412284802894495
4.1228232784913015,7.675586208037611,5.546429207520222,0.6441557906395793,0.2979957555156673
1.7466755894419852,2.0105382331450765,3.9559754307020127,1.1361243637151663,0.08629744290353597
4.907658380399868,4.63746470796525,6.371893847600313,1.5060923847623457,0.22601010672174643
7.720365488559176,1.4527997219451736,7.34730695537505,1.2063782095032884,0.18959700302116592
0.3503009224255249,1.8321330377739244,2.457264236655843,0.02763092729327358,0.026414931318543805
8.751267142386276,1.8053812332517458,6.312569955039552,1.3079257177199464,0.22114992426347815
9.530253192503839,8.610736293146227,8.043938278108335,1.48994210969514,0.4341310228769384
5.335327860977442,7.929353132034666,0.27492529986545566,1.669129293982459,0.04228821911728356
9.625509095590111,1.4823101041913087,7.3243359440366325,1.3252145927775982,0.22396207766389492
1.4346987983522725,2.2029766291987944,3.563827956358019,0.442569486680462,0.0855655213509907
0.12022430650431923,1.8033121699654964,7.741403587625634,0.540762452996591,0.00704932677444945
7.406717870032905,2.556780484182111,0.211238478039581,0.6672789484741128,0.03249209530626379
6.054678735341836,0.8099634380769818,8.072904284347507,0.9808105292267314,0.13221164686615347
6.587645251448504,0.7730284508562542,9.620945019070293,0.8321889301351671,0.1384394274439199
9.849150012379964,9.012046984371867,2.672937192015733,0.474841346319267,0.411143209674224
1.7005711865147985,9.659028044547783,7.040422273662958,0.26718701183750543,0.14006747556948473
9.94431508768423,8.364861530213897,7.393604536218387,0.017055718720093108,0.06113015093923225
8.857624412081226,6.161238382429572,7.141947775802385,0.5325199249736473,0.3497536679402193
2.0079653176996475,1.7631040114470382,4.638983534199401,1.8797366225840906,0.08441696354616936
5.792628163912795,4.861376881428507,3.192051611731795,0.32895708199742835,0.25033826078114835
5.2266023260484396,5.874105971123649,1.4894029486038107,0.49943284431438517,0.22909550984455704
3.3382194059556523,3.1093185567962762,5.807657419828782,1.6979469753785605,0.15017107730547788
2.962615479291626,5.244175174244409,7.281334900566516,1.9133587681811968,0.20430354272554438
9.91461547190114,5.759172510464453,8.057068165330813,1.3785278386213444,0.35945789637985126
6.017445467677577,1.5213009781539588,1.3482059094657441,1.7038388684968502,0.15832496712574853
2.8078177553659933,9.338403431040573,3.6757398727067634,1.527129570048027,0.23326466936651902
2.479826776660612,9.8926208698644,9.54714273803378,1.767746008964902,0.20565759460462596
4.971523777579993,5.926873227777298,9.079420510972634,1.350250718343365,0.26457076270997737
9.725444126718093,3.478549675581584,8.368874744097221,0.44757170135098895,0.2897166239394306
1.2974508968193066,4.180602581811749,5.117804018066315,1.4586524775604044,0.10613675215243919
2.6110646057330964,2.667165508878069,8.631309351053172,0.5172190452709755,0.12271854880571667
1.7107587582673316,8.428360073361285,2.063694635699736,1.8237458055209654,0.14092496899890333
8.094187050799073,5.998317175682542,4.139102412647876,1.6029374172334974,0.3296406491165625
0.5484303542541942,1.0929262406442133,1.2066286217788813,1.2866906619186402,0.03559614660962146
1.8794927199900966,6.369256000309362,6.319528970039117,1.9423382086651928,0.1551273414555986
3.0138891097073786,3.2004973012773337,7.245410054923831,0.6782332920768432,0.14626284012331262
6.151775236766899,0.34525875809565776,6.094478361659756,0.5248602438186973,0.10843868137190703
8.242104324914974,0.41505413236694544,3.8558505788574853,1.36122688113157,0.1445388054843805
7.393581747274587,7.708797374733093,1.4112047548931916,0.4361181195343154,0.21706729741627162
0.6445968636918691,3.5105722069859633,3.1019981252316833,0.45253679641553973,0.051185879468977805
4.942437608776203,7.804082099910915,5.032442743500245,0.3070654312992597,0.31824712458541576
3.2298999066091585,4.734567502510326,3.758853987575141,1.668307120821685,0.19496554345155803
3.3524777570784914,9.301074131263645,9.818444805999738,1.3417800466359877,0.27910882473451115
7.4138796563180795,3.2926729068315126,0.9088017896520977,0.8292619063216808,0.1397891749463294
4.74185964392042,5.788683657555884,7.10532440119215,1.7062181664020246,0.25594236959867267
9.502493396807827,3.2295564812005413,1.639435795614023,0.09629123531830554,0.2521731139350917
5.304052313999913,4.19991936210304,1.426708541037365,0.6769554511281417,0.21945204346139255
3.2964171458134213,5.134679579927749,7.498977285923463,0.5801561731634055,0.20787340695448817
7.874413746205712,6.755151788766584,7.987452907018672,1.4989154144338013,0.3470836848289742
3.863589334536439,5.59275871619549,0.9321851063634985,0.3999520542916534,0.14338592683199436
8.174239141357614,6.246210474852882,9.44631470750084,1.5143114012775367,0.33842151335831916
6.753610349563452,8.908846862306364,0.692707893012921,1.4672203039110123,0.10655025765317105
7.924431344348407,7.631874807995905,7.622140074687574,1.788521459359636,0.37343571560286976
9.03485763140504,4.276974337487292,7.5695751576072325,1.7803733006515097,0.29886246955126833
7.1252822966070575,3.055567057337832,7.939879405445189,0.2147561127682828,0.225027342881204
8.2033077254036,5.675839251974928,9.579638393994939,1.6292137970079188,0.3225206787757037
8.048644957209607,9.275489758630238,4.357657375749669,0.010383708689804037,0.0372167066038876
4.75492820175199,5.977543269593247,8.85790308100603,1.201838498240813,0.2616652870846866
7.381106390709956,0.1413493857007922,0.24979399916044126,1.2383370607141082,0.03842259470426901
0.8284148837380303,7.480964266114903,8.40944764502139,1.5531686172833659,0.06665790459270064
1.900020664203785,8.34154110486416,0.8422737803650132,0.022438624138479038,0.0804232587887209
5.698523149331288,2.80758998040084,9.769973171192746,0.9710696653404688,0.1890720976047029
5.161082971802343,5.743898790981214,7.537587537022549,0.8531944771981049,0.2631063016057547
0.3947759677241164,9.97096285410304,5.880125947638468,1.5255939329829096,0.030158407024882716
4.413735446844913,8.571843072036893,8.219625964595101,0.8274329663110026,0.32977286962637986
4.572618600058053,5.154848083768701,1.465276064666257,1.3166060533899044,0.22538438467061783
0.7400085665724893,3.8134220474158353,7.157686669404359,0.34076712518398466,0.05921672244967637
6.1066253109898705,6.1213378479963545,5.275264775298335,0.6241445149222787,0.2930945023949796
1.9115841849833046,4.202489382280632,1.0731720420411208,1.7541094779747455,0.15298599807907287
0.5191716044814412,3.162892556375235,1.8118232442148183,0.9340226664511837,0.040628819541657965
3.52562549800981,2.5734863176227414,0.22560423753398032,0.2769380781482547,0.03470179512502261
0.8614308328875977,6.908095823839622,3.753787426550916,1.326371459322126,0.0694368440492933
4.196237538855254,4.9148682156392285,9.996941599980229,0.8957609722319919,0.2196747761044206
4.714031897368171,6.295322795264337,2.3994468128016315,1.0755607097831084,0.2700259792828665
5.824400381206146,7.721650721968377,8.609929134386356,1.309744846101715,0.3336593392079565
3.7038054795923,1.0365659619076522,7.944429132847071,1.336698890838183,0.09763171199225391
1.0642799644941818,9.382759819978002,3.900430880870243,0.6494599286315279,0.08651072827496437
8.98417353737851,8.094601301548192,8.267535388385387,1.5483203776711805,0.4081934271913904
6.537397774499641,5.125762352207165,5.476170392482445,0.27903559753482987,0.2730075876434917
5.589305032105562,4.590425753424975,4.196782200410997,1.897313776041743,0.23840368974874032
2.5679947169307744,6.653009081798783,4.4255568771815845,0.9490795340435483,0.2130787100519363
0.17844638320803907,9.485791012065777,9.070055903438151,1.659679431033106,0.011949891016973666
1.803789661856534,7.986000915052578,7.4410843617278255,0.11030361871268304,0.14875539795327403
0.2346707114836736,2.314267720305512,8.826189155342615,0.060809390832121044,0.01668230707890006
4.883382598289429,1.5996950071243226,1.1471451512802524,1.8448859544920662,0.13770952666298922
7.048220252607144,9.192395112236829,5.95476206338753,1.2709039209066626,0.40086567854647737
8.353510968973254,4.449424305770721,0.443500045298321,0.9623440477570097,0.06821785017485436
2.8944138386792977,7.053162491412769,0.6163836799428579,1.2635708586067542,0.09481029532590385
8.257857536261636,8.773203136197404,2.333953717692028,0.6306403772462662,0.35900178484904555
2.8204020183453036,2.0387873792912026,4.204766869602164,0.22053378348815822,0.10877815802915228
3.291251559880399,6.600450928938759,9.007026506735299,1.159925945587267,0.25013925531184905
7.06371342134447,3.567440251815513,7.485209936854284,0.6849722685806665,0.23858146894447707
0.49358879138785416,9.912599677722042,0.7813964590845961,0.3716279315956459,0.038475507662307125
8.235070857195344,4.436729885627406,1.9942803940584033,0.2819671660700927,0.2873434446316295
2.525051496553277,5.822875340963387,3.780991191313896,1.0660961559077449,0.20946416949305902
3.5892619080906676,0.827412534413457,8.115558536552308,0.12232369318243211,0.08927475247272662
4.694096198887636,8.59080178188624,5.2301521932227715,1.0689998217577834,0.33597762098587103
2.750109258178026,5.009982759130413,4.6825926673062686,1.258668496182054,0.19324624777780966
7.109732943694867,5.221256450168662,4.108688104841245,1.9156157720552445,0.28731574508849117
0.5424249998390385,9.133151248509504,6.878460336557807,1.3434964544192836,0.04258606373820454
6.997681397665133,2.5203949117899747,2.7653236220388333,0.5580436529731133,0.20698292819542757
7.404409732678685,0.6893237215574708,9.587406742088042,0.9407784751077041,0.1465094311480186
8.551212896722902,0.6392792997373247,5.067605696920977,1.4510543888122063,0.16151055024830546
8.0541536436485,9.519240267851853,4.241466559022526,1.815800720159546,0.430609880894311
7.334053765080001,8.297442930693391,8.453349042230498,0.38513750326875806,0.3807630405230343
6.865948218506261,6.910001777401834,8.43145536762299,0.8776736332597606,0.33121243203518236
8.559591462136783,5.497036032808293,6.644280373240734,1.1676248549243486,0.3245407254028886
6.843401086692343,9.721595302885126,0.9171322343001935,0.06602152558443154,0.14107053904304764
1.8431158055138672,9.238897763325811,9.571240577217498,0.46274373601495117,0.1520654883475815
6.056807011986612,5.955415163301801,5.9687545872596255,1.261080731610902,0.28729312278322366
1.3064532933250914,2.1245265457910003,5.681102943364493,0.8973010520681471,0.08071025863590363
3.2379855434686458,0.8623786224964337,0.4912167358714836,1.5300517362957844,0.0755575458888572
7.986409870995209,6.605075678371958,3.821682304160459,1.7993202910829582,0.34500523521314275
0.5059642543961111,0.844519380301457,3.4244380895560798,0.4342683327430482,0.02755879210873192
2.2195333033124296,4.31103094309582,7.704678940309215,0.7561716380832931,0.16233690023146422
2.835329026656949,3.535869150997442,6.747207963883917,1.2499488427974559,0.1523544759230091
1.1693365914739184,8.172091558847223,2.3887849323681967,0.3625545277043836,0.09535337121898893
6.215902273435514,7.7616944481845564,8.466889770387242,0.195929737453066,0.3427160305180211
5.4795464571556485,7.086028082585191,7.2254309593853625,1.9267258047612241,0.30832784353533016
9.338623512330962,5.695315933568005,1.0001442980489876,0.4744454357043058,0.1538392065904506
9.70681124256619,1.1103405335846126,2.3753644062823587,1.2834037981195858,0.20498853152591234
8.567063874864356,8.454484376910488,0.280385890266028,1.4090693394441203,0.04312815143155901
0.7612057993308696,9.437561590907007,9.676328351270124,1.8571893532865964,0.061000898908331214
7.828176557851072,2.7317482627998704,8.563933643821978,0.7497555327993842,0.22984894050228447
7.3543205470099675,3.6349586486020375,4.047935123179918,1.8556476222841503,0.24639663960807917
4.099177060697248,2.026341787239138,4.009081373126837,1.5092817282780762,0.1342197243856927
0.5252104591080113,5.444289613896656,2.516044229190636,0.8688355479126223,0.04113711147020779
8.76819987657758,5.315135593559681,5.382567238835602,1.332509574452501,0.32349165797896917
7.633668357814816,1.2242777483172336,6.175676223667681,0.61569900798736,0.17914652356521574
7.011747290211295,1.6287207052364954,6.894915278424842,1.8832712634083388,0.18149169991616862
3.6145574712568633,8.54655735743343,1.7984838754582733,0.9533652586033183,0.27663741419442095
1.3839262171137627,8.331322004197306,0.888218707426313,1.158907890102235,0.11341539697352934
4.996380811899888,5.912351845177505,7.849980070161597,1.2324365892941218,0.2646525330621061
5.462217262475603,1.9799956512036843,6.565542515937307,1.966162933898662,0.1603815341581231
7.862765125834541,4.218696072381099,2.5866720772973886,1.3310008022265993,0.27352902600407303
9.643285518603301,8.707572229980785,9.79566989927232,1.08289584082385,0.4392108017209051
9.67673887621749,1.9564578549986413,1.1575317411265043,1.4443760099106955,0.1780480726476482
3.4989769039566987,7.15937284057188,8.677830864001034,0.8811495686355753,0.2704868268737432
4.602648118778828,0.10091339803094501,4.697630723629417,0.8602250450300041,0.07120928363954523
4.372074973391878,6.643895350101785,7.095842063909635,0.18162641359522214,0.2732024075844602
7.955074976667571,3.120411523100835,8.476211513686318,1.1102629086822466,0.24364414715215427
3.738097438064998,3.296107144148479,2.2642348503813916,0.9358041592824865,0.1636386261535758
1.494509454793201,1.6731021929156753,0.6834443544014147,0.22242083457688694,0.07145555092416134
4.795695819588973,0.014405698902198208,2.8648939000599065,1.2198779070741728,0.02627587339902029
1.131270060875675,3.696858019271576,8.279456245169415,0.9319280557094012,0.09214927333634872
2.3506367799994865,9.769225208722062,9.465608391391477,1.4949997650148765,0.1947836434051971
1.4556633902355134,2.4071869242441193,5.1919144498120975,1.9903714871617795,0.09189148756255139
2.690657382733214,0.1347622640970184,0.8554394786215097,1.0175720986227184,0.04350203587642596
2.2934129053907055,4.685230383255618,7.972247031469167,1.8434351732131895,0.17464427185060516
2.0694318581923805,2.543962691693975,4.040895721702277,0.6924275812579939,0.10822890418847057
4.137016161407488,4.169133204244072,5.092413235334149,1.282047914998299,0.1969234271828507
8.494803632467049,9.102927170336098,8.193397335997757,1.3273902861417386,0.4274666117602877
6.7957330711816395,7.57840384675362,3.1414401050084866,0.11934860939267114,0.3491167813124793
4.948767125539731,7.279926893365966,3.4201373866393405,0.7995832352333605,0.30322342859254975
4.1607773386603135,8.759970874746559,7.462953074863059,0.6252889676611124,0.3301071215894031
7.123723974319514,0.318668308241346,0.9583842415748813,0.6451847053657163,0.1220131550345819
0.1968955667648366,0.3927688486898217,3.320152457818001,0.80057738844262,0.008264383663176094
6.573519279328142,6.021188880311649,6.664157551043199,1.465944924729223,0.29961989243179077
1.641196730895723,4.884157279330717,4.603063948923326,0.9203881213523556,0.1350699173093066
2.703270061960665,1.908346187183966,9.244972368118834,1.7140619057537765,0.10264426335709251
3.521098553178265,1.3523255606868745,8.085265652080592,1.0054119672098876,0.10307276189287448
8.999783880849085,8.083590089906696,6.1159774347944165,1.123286951222836,0.4081900969962632
3.097468904086387,4.000434110786891,3.724312538466755,0.016668548747183334,0.05974247802645272
4.446019429365202,3.878549636948015,8.507440870629797,0.6595516139956411,0.19475835528441196
2.5877064762542252,9.804883025647541,4.764694149021396,0.9392410034921069,0.21473785328654052
7.198941566409089,5.479625522947378,8.834940220532447,0.5963068574932734,0.29658417313002444
5.893709304479233,7.209486516188562,9.386985350721615,1.0441856740842046,0.320252968869203
1.3123909205475017,8.64420111062796,5.901393376804842,1.3485469930787277,0.10739425735286416
2.338475363343063,8.129027367302562,8.09515718093385,0.6204925864391798,0.19376001421829153
2.22413669266232,3.5224451496700357,2.940282027770707,1.0918620253891902,0.1396346587093281
0.9989166301907247,6.82991451640076,0.4700842910186337,0.42726110797386263,0.07230696059909184
5.362567609129221,1.316682929172931,0.28632278200075534,1.6786710572034738,0.044041314530800735
4.371007353683509,9.789580523487965,0.539949334848781,0.21578912608407103,0.08305339281988396
3.2822194101035667,9.1672392111671,0.3513591512401044,1.6215351291976678,0.05404501445854152
4.274435932685751,8.77983778851727,2.699338145843674,1.7552720838583276,0.3329746443026454
4.610917748419277,0.5549667297259651,6.065447302268674,1.8840908297379624,0.09603131177944477
4.3468105642955015,0.27375107053383696,4.333055074543865,1.2809230942390675,0.07665551759828884
0.2744348710673994,2.9325808443897365,5.7997867447771965,1.6324139008902723,0.020029274129320564
2.960973891249619,2.2901361422418214,6.407336604230706,1.2032858012913812,0.11887999626699554
8.878314798629575,2.9023604150822067,2.0119081234043725,0.7800293253210885,0.2559689231239553
8.180713451540518,0.3391519654669115,5.459514293367447,1.2040709094990663,0.13946202825196288
2.6641079502916596,3.4951584006658103,3.7927433496843244,0.9176116460799684,0.1477230196217474
5.927627704011864,9.56906696546166,7.861979041568444,0.3805350102618829,0.3891441408739343
8.711503859762981,2.9933764980402566,1.7079498253989933,1.4127569142571315,0.255234187858373
7.469057468472946,8.745812727647898,6.838507774570509,0.6160616634681194,0.39644768112736417
7.095455593059445,7.743759059469725,3.267635162277853,1.9785591975528065,0.35994397302802417
6.0833863070436385,9.290059625926366,9.855368303945347,0.864984364959773,0.38422174011350013
5.230171374201139,4.357551153246359,6.344639316731355,0.3930372723804149,0.224426045973656
4.331141896380529,6.648749553535945,4.25998372678911,1.5334149333489815,0.27251683478794936
5.245257573709328,0.7481446507505902,5.606464734556164,1.384080427107337,0.11634066118390185
2.924569663046993,1.6438482031052248,8.877126926611803,1.778853475577262,0.09946366866747765
6.074813480924576,9.572528340648114,8.648724446528123,1.8776888507510383,0.39221390395557004
6.391634281321148,8.414438444406878,5.254920781980077,0.6475206563052637,0.3651301378408847
9.575218814976687,6.3790676257958925,3.518105580807285,0.21150870381478046,0.3705289219790049
6.095803551779706,4.074383865292023,2.3518881444713693,1.4682321683827473,0.23370622611459727
1.4714119692324006,1.3475912257586622,0.652248507169281,0.6654207618512645,0.061580207560036675
8.815132919662544,3.1921819046304734,8.54376215209019,1.2238038037488117,0.26307180411230946
8.035657714755715,8.431873911266871,9.754388536229538,1.675211465928062,0.3988049238881682
4.823927855873798,5.303852352063583,0.8736067870672145,0.7392742688871508,0.134375584417507
3.7609581946709567,3.5580400490235413,0.5654936826129537,0.7265266373255781,0.08698254804286765
2.2409680607681737,7.07842087585338,5.297850787366951,0.7586004059082413,0.1855528025363195
5.368639288237661,0.5315210062502591,6.538910425741869,1.659897056316068,0.10646608789707292
4.702868318121752,9.59501476254035,6.381961815206352,0.9566155943689117,0.365182725611799
6.619555542194229,1.6077363255568828,2.412592481172599,0.20254135682575838,0.1729720254531668
9.41256086213806,3.370402448653846,7.355770222298833,1.819652151984805,0.28027756627546535
5.20382634195672,1.022774563262176,0.8277095576040975,1.1715599391416218,0.12673014159858512
3.440576874583494,5.776320420036974,9.428570961668338,1.7563135682173234,0.229329541761911
0.7357517412877514,9.626786395544087,2.658149601467502,1.2475128862517268,0.05885842438557401
9.769067351201619,0.9319567244438363,5.186842559199465,1.3266025601557827,0.19624903342176617
7.27213607148057,5.576776493340959,7.002182110175513,0.7467987318874258,0.30086926696259336
4.516831223412347,5.865399059836033,5.99965365408141,1.7573979724322468,0.253619623723107
2.718110271604892,1.3596401992997909,4.649581796758785,1.9626728830046483,0.08708262963628983
1.2162533213777975,9.252370729969824,5.225949129082436,0.0633335078205745,0.09930236427695367
6.938300704905968,6.12766049972305,5.323266059033313,1.4070231501712476,0.31005764246896256
3.4286273093595345,1.6896303172617957,5.34207504423198,0.9375530187665152,0.11095722789280471
1.075695355209093,1.201869689212494,5.749593217587106,0.8256873565829429,0.04938370541890455
8.001991270433725,8.405525818382,2.947282506539051,1.3158691745021203,0.39736402306143276
8.792281251454796,5.3528208931303745,8.959370192851935,1.5588387175081575,0.3250668818195677
2.555382296228501,9.622782917375106,2.4078427528511726,1.9136353630559606,0.21201711975262383
3.1248633602767364,2.980650217959153,7.6356568098989,0.7200798545297294,0.14214694969793654
8.68955237176189,8.919588265575602,0.13981388280868273,1.7373814033184842,0.021505769439008778
3.4581471358394293,1.0408119198534242,9.277842335117104,1.8003574840089758,0.09279789746857617
3.2832439905864734,9.208439106144752,7.456033090860478,1.1162638297603664,0.2732814029708569
7.016902814714669,5.680052849556012,1.6197269675564814,1.3590865658116134,0.24914156091144254
3.7405507177429858,1.3372786495381173,2.521049788179193,1.638403016740089,0.10706557947964865
4.259442553789808,7.232866513177797,1.021535264242162,1.8257896291780331,0.15712950105619916
7.302569864346504,8.325326697355246,7.661612874529175,0.5514168658030474,0.38093382008973764
3.425763519638097,4.268670131097899,4.795278635947203,1.7825276660041625,0.18545001994482171
5.070408351859045,4.735050727418359,2.846030508855468,0.8241063942747263,0.23211470036650053
3.058382668033772,5.490895513700316,6.150297651101944,1.165387767328579,0.21336757813524712
5.689895718974842,1.8892179367035458,9.049001250000696,1.8339867340343368,0.16235125887328003
6.798242106531122,3.6004278899782487,2.5906407863162677,0.275570013225412,0.23417871403799564
8.440756412879336,4.627040045145233,3.073457704475396,1.8506993717593618,0.29699464677317683
3.896892641334695,7.271766493766315,6.0457552893087065,0.08090393889709958,0.2817642986843612
6.200072011048019,7.9986043042414074,6.238361147528377,1.9359483393585009,0.34924482456292877
4.866837909642228,6.95271363672132,6.1329808303577815,1.231008476076816,0.29211184138559737
2.4930247661999236,7.178166388684888,9.905983285851326,0.5763082202266815,0.206768472365252
5.672308038376522,0.7193925563392871,8.626055565683739,1.6278960348491343,0.1213766376821402
0.4885847733378871,7.325317925937943,2.707807244429428,1.9753572674470565,0.03805431799111594
4.554143803216335,4.337314777308996,0.3631033772503214,0.9298512985422234,0.05585151743724237
2.7951734322772435,3.220834362039777,9.140773032241123,1.0949316858981843,0.1424377728714278
9.68858809399545,5.030062941464774,1.9184809675289933,1.0189260684337937,0.2950950082347133
7.040941212591626,5.6010792256675925,8.875682522491402,1.8767185722374173,0.2969070453839615
5.290290280004733,1.9484097356492467,0.7293350685467931,0.03963295424967361,0.11218414031799603
8.530365500071378,3.7652367951385224,5.853921812271689,1.504062432044739,0.2738910825060398
8.1546261692535,5.83146076678371,3.662953725078008,1.470543198435519,0.3260368979315307
8.114966840586725,3.800443963189572,9.396912143387016,1.5644712520808142,0.26652746314722287
1.2761555460502234,5.538589498064464,1.9647308017918552,0.6531336398648173,0.10434431762732291
3.9557402569244946,5.193440718891351,4.445962514186784,1.0799104645822157,0.2228748695609507
7.6468027670510414,7.990126954588934,7.806965222333785,1.3943575712561305,0.37818987221983064
7.152788870902084,6.171616665906718,5.211028493760201,0.7049015615153701,0.31565589426674695
1.6787545523252159,7.172313598889927,5.903000308748596,1.802031510454213,0.13823116769441016
9.127907009690981,3.823814660701678,8.724123480559394,0.17075804684965576,0.2876407051615258
3.99620255597824,4.251023502522532,5.421094608333481,1.1838988332228357,0.1964494365611197
9.129299526132181,3.4618833005287546,3.588685032859134,0.3615653017923963,0.277206693579648
0.437178238236964,5.210380874535812,7.284021802080523,0.6395547265031172,0.033727417068196076
4.294879166085571,6.564220489615834,4.778010318612206,0.5453143721109291,0.26934175133122096
1.3683507510246085,5.370806873288516,2.105209974823046,0.6321762765500369,0.11210440647473194
9.819391372843468,1.6935169512313983,0.8710514856972418,1.8416515704168321,0.13398253602475402
5.802755176472759,5.685075117463276,4.736304035018953,0.11061532586374052,0.27435268351816944
0.42091964567405304,9.29612400959832,5.887071265958991,0.7021756340409614,0.032358927200441465
2.632187946990152,1.5764014293513886,6.915689186518364,0.029852712183356105,0.09161478309751132
8.020826391828308,1.7277197161138547,1.0467114975959106,0.372249570392432,0.16100203402074928
2.50009904658691,9.465865534840523,9.982344861381053,0.8622039916273343,0.20736391614331157
4.905994631525137,8.811374378644143,3.8284710074178,1.2088982843051084,0.34662895385109743
7.915020431920357,4.03765474055409,4.813552962715968,1.3041515123127962,0.2693501192906809
2.878799333195518,3.1792655468115516,6.9890848354440385,0.7118658659916609,0.14292345663965259
1.2042524989402033,2.9718094247211733,8.811314712702035,1.6645147779161664,0.09829225200797251
3.3629851556619257,1.8716254588279069,7.214895934824278,0.20687876502298244,0.11489359895842442
8.421773982685313,1.3254291666145235,8.31521790015867,0.736844258855561,0.19682724732185267
1.9925970535688442,0.9767927861807641,4.14217456532603,1.5001145504953415,0.06137752394729156
5.2484305992890885,5.392359037067257,0.6223564343517854,1.5888551514647937,0.0957290772358415
5.599715518541099,9.112219543185331,2.584604299040493,1.7660406806376323,0.36932220741525706
6.4507996872896,9.844539265702206,1.6526929792723475,1.6672391424201471,0.25421229430072684
5.9567573482663,0.5584260087582648,0.24177395442821228,1.4845556685595052,0.037188974484002615
3.4897700712433153,1.0341462861600401,4.7516099129402,1.3184000055580405,0.09324324095725146
5.709841287903292,5.6444491235540895,6.758574233724105,0.8992381459218861,0.27130364942203516
4.64586895711216,5.03856626611218,0.6984512173868883,1.8742905112014416,0.10743367956756776
2.113581295723856,2.7555252078117274,0.7245755171865315,0.41404966536895055,0.11145204035373023
0.7213571729715562,8.735377433935769,1.0122363144218884,1.8618170622508734,0.057646810871788086
5.751638933254552,4.084535284498411,4.480907670519403,0.7516582170233502,0.2270555971851336
6.824697551215417,0.11546210180348798,6.754958762332791,1.6900112540979213,0.10634035442826854
7.2048178441340704,1.3069601945603253,3.4390335579192004,1.8611057532242508,0.1748448546857958
4.532706782581532,9.140092146411423,9.391489932783681,0.5505060970451618,0.34859930179732923
7.134580005546776,9.609314705722896,7.757905068262023,1.493217269027407,0.41465973998910194
4.9893659083741415,9.700354297125113,5.772784584887851,0.8068203150786749,0.3740082501953085
1.0040725402670674,0.46890519171957956,8.006736481358386,1.9968096677093083,0.026751291204372977
1.8222118028457062,8.373888060484632,9.465007762076151,0.45543668069209,0.1503059937213577
5.735738576788581,3.6943515364156383,8.162269023373533,1.4535583423525191,0.21545600146968938
6.583685290388437,2.961891503501911,9.357284994327518,0.12061881584830915,0.21139194425986654
0.7118483677076903,8.59564306907046,3.332852308716436,0.840019248741218,0.056846471367454986
0.7042335499126816,3.0258023975267716,2.5055188055787605,1.0641220017839832,0.056205530221897455
9.784664730543442,8.937766151561332,5.634360623329652,0.5152092981441077,0.4487174142190115
9.52244474405222,4.442612485422259,1.7188627733065953,1.7863672355201567,0.26439033388376987
7.692764758244257,5.662506129793857,6.190180064458944,1.2210148970623635,0.3118342497917994
0.6060246437611367,8.98191653824273,2.9955223553699923,0.33688896591240686,0.04793926167716788
3.192235299491427,7.404243916348193,3.8244894547368906,1.112674564287891,0.2656211808850036
6.310305649074648,9.501739711800317,8.81341280535205,1.6950331114092354,0.3949190938785697
4.938636522282704,3.307237865182352,8.046202354914179,0.24600862289369105,0.18818316219180756
2.3142422152713125,3.1420415708585123,1.3124672636233332,0.14068534706205105,0.13045660921842206
9.842272429916882,7.451207777987646,0.3613873955485909,1.5350790032942576,0.05558752902442979
8.385513800072829,7.028726770516059,3.1226168250721003,1.6503253048008613,0.36530399134479064
4.199544721269689,3.684440619264212,8.344300134897283,1.352931658206408,0.18417435598863668
7.6223626581476545,1.1324339457179649,1.1677365389496608,1.836246897932354,0.17397677125069452
8.39299996518271,0.6695705601995385,9.05209478939137,0.4720032881034847,0.16071293288397415
1.9556015208696675,0.2906488237661509,9.577742503104682,0.4687242162215179,0.04040308141616242
0.626536129084985,6.069181892480394,8.023151811514136,1.8011960412202528,0.04966571860029728
4.767844091222998,6.341755942085598,7.409120952785786,0.37375143364420205,0.27245393790991884
8.713157374726922,7.283783128512347,1.8579295626697019,0.2990868489477279,0.2857811723775435
5.2991265868314015,1.7448216686397886,7.712055666919395,1.4778688478652215,0.1502929030142208
1.239271525823772,0.002578578257924552,5.341168817551343,1.6041107873035605,0.004703304552024107
0.2813447318546346,9.063613585108495,7.148395645139191,0.28907044990637465,0.02061087908944044
6.912579240986568,3.675666788193301,4.450955978389348,0.8907593288675493,0.23866052831404944
1.7224697865713459,9.098963351579403,4.846126559167362,1.4129932722667224,0.141910685682542
2.209849509488185,8.691299216289202,6.68724808608358,0.529798654316829,0.18293354704625012
0.28857171934195547,9.45812875098126,3.1186107324636674,1.4760715803531856,0.02121916849631788
3.503824215752038,6.083801827387585,5.62237305699079,0.36694040525216126,0.23949381702413947
2.0009150966904756,7.399318136159448,6.6569238914295195,1.1237090215288645,0.16534749032847534
6.033638279190608,5.718813251593916,5.581203708899025,1.9393012843149724,0.2799863634509955
8.119681895131018,3.4429758742049668,3.7863012731582057,0.48312228588010275,0.25628950585806837
0.16673958522857427,0.8854727781757844,1.384695023167864,1.9681608632708743,0.010964531097504558
5.740016191252042,2.7997586173003626,3.079332128739912,1.2053267233992737,0.18968290982117453
1.3263223321174915,9.579717243775516,1.0630648833171754,0.13432183762833594,0.10856686496224481
6.833466598405899,3.7216709574153195,4.344453365647413,1.1209274636605153,0.23839411653187334
7.974997331172168,7.30406870188554,9.121668833362095,1.1174086689433436,0.36498029298929213
9.748450003129946,6.72965570464053,5.293819309762984,0.4873726681227154,0.38415835221831296
0.35477054322842927,8.443465477781682,7.1313846162249215,1.562940674927041,0.02679114043737227
6.731681668434449,3.2063273711973324,8.982950609015823,1.61694413925755,0.22144375103442218
1.3514873267912464,8.74440127619005,8.492822252499295,0.4591123599712071,0.11068501077226106
6.877109195632349,4.076112435934296,8.608962145343934,0.6504703932469953,0.2495202782436908
8.311800900372806,3.0316185294924654,4.629450028770079,1.8606787333614154,0.248274981009351
3.004389154378335,2.644502246137195,9.701095026610181,0.21856740027006105,0.12999938611136538
3.848384193550235,0.4232565628014254,8.233003840320738,1.180934490376204,0.07708380350890787
7.7144405237747815,9.846143636627259,8.175494142491072,1.7010539363231276,0.43320520484448877
8.084347111271503,0.20449634897783703,6.413632254122865,1.5826922106191004,0.13064937337293625
2.3538388873222225,0.3548738800780679,0.39808485666543847,0.3588561111984853,0.05013103735167502
6.32630411314511,5.169601201948179,4.757073047502406,1.4965007660053347,0.27001565720224113
2.8251745682011,6.159468301172611,3.2586729431495587,0.7830759715817175,0.22798821988499096
4.737617852443113,1.915325738011304,2.8353111934839066,0.15212789902077709,0.14389221729117044
4.729773451263109,3.1889511413425304,5.1335783300849736,0.13248915259506688,0.18054978191433604
9.687161218754813,8.039912069640897,5.9113110249598435,1.0139688957422628,0.42079645802245647
9.246181427692528,4.092116018132522,4.3771762591118994,1.0684302703793058,0.29778268781761025
5.108754941519394,0.6963104936908806,9.015226286802543,1.6855375759920852,0.11141207073135873
9.718779769497711,0.4140754810882439,6.310156090976119,0.9259474200630561,0.16730630579685396
2.3664605881206158,8.717862377854653,0.13232909633798678,1.2514116131253792,0.0203544811054371
8.37498476807698,0.8394060263018356,8.297850073479498,1.5753599392289783,0.16967122409091348
1.6986242632832724,1.9996894970594912,6.104242522760657,0.42067001498983253,0.08501435252387388
8.631838780587545,9.928978245831807,8.093590204702679,1.7727005531303384,0.4541096201741842
2.782347785346446,6.87210698533295,7.276246473854272,0.29405911659910855,0.2311208562369991
7.552591240830461,7.168357394102585,3.83445705468953,1.0850399999674354,0.35253466146035517
7.165196014274705,3.1159840551495597,1.8482295680222474,1.3060438518972557,0.22757909944974833
8.289140005260833,3.650621443012605,0.6594284452010896,0.49003711247180415,0.10143131246046769
2.1477599099194693,3.6051299763212703,1.6966673142900983,1.7054444803969517,0.14048375049303802
3.646286289097921,6.305611660711264,8.75825737162287,1.1288447671164332,0.24877992474230656
5.341221441187569,4.533528192534643,3.9838186387190384,1.1545214885469226,0.23175350851341783
5.3509668513398365,0.6579705059146211,0.6094506058547398,0.16868544008417607,0.09374393980527167
3.082610727978153,7.333758630403729,1.1600397530872473,1.4865627340303111,0.17843384755119904
0.4790678330554271,0.9860237507268427,6.217156169885666,0.8396429329050925,0.03110647830066173
2.5483752067142524,6.519639482912072,3.6807228591420142,0.4730857994316377,0.21142733144549872
2.912525439666216,8.987331992690569,3.166797490992164,1.2286279396220643,0.24207793880467898
2.3850242264109567,3.967912981969952,1.0352863653590292,1.372831110748875,0.15575766165591687
2.5108180852070183,4.058540850592513,6.8024944261205915,0.4229347467463155,0.1609154722664394
3.396620359039402,5.25147275955569,6.156754017197251,0.2210943416678654,0.2132712286902879
8.893494212747791,4.729336669559151,6.029546404654279,1.1634768337830077,0.30908637293216346
0.5645123752872948,4.3893211055266095,4.71378923942006,0.5908274859287759,0.044445163742665356
9.470350155659304,2.561550169644949,1.2185020222287315,1.3557479414193505,0.18742633905132305
2.0119148724649376,8.589004179244043,5.048273284044961,1.1300267764386815,0.16627334393996404
7.613627886489949,4.56669762268726,4.700113132204083,0.9459856235244716,0.27856173360033043
7.037207431947153,9.71313214368175,4.431840951972264,1.7474611690689228,0.41569607452366497
4.466180621469176,7.044131629463358,0.9022262469854875,1.6534996949983045,0.13877774462717404
0.6376903811731364,5.961204500451385,4.323708378583016,0.48573985869700104,0.050604558108065835
3.824393520959736,3.408616603701841,6.553083318314741,1.1618470120409938,0.1686320227577954
1.9323551675895982,6.7539981335496035,3.1755358600441514,1.5240216995887206,0.15957678561023658
5.4882130219872804,9.36283611879086,6.530272195503152,0.9504118360008135,0.3743168727669592
2.088215783299284,4.467173897146305,7.480301215609153,0.7780669392891484,0.16420088012471126
1.9810873967049416,7.858997009790578,8.399685011028549,1.0095240056776367,0.16367858834215754
5.426809798384642,2.747461562965747,5.732230363708677,0.04065195510722895,0.14570245865703219
6.005477674931513,9.05355905468427,7.193142199583525,0.31942732113925737,0.3758134455274128
3.3341559351747225,9.610044055647188,8.931611033830556,0.17513447900180729,0.27756667284647046
8.388232984986914,8.62010034153416,1.4205608575319408,0.29602850299147765,0.21850642515949856
7.84015192074546,4.748047315806119,0.8861174954807705,1.8687884226979048,0.13629994461847722
6.7342302054001735,1.4892958952247204,2.8587687812990756,1.1424534717612276,0.17186209106508132
1.4639191547177832,6.4245404647984365,7.530449767932788,0.20008408250872256,0.1201484205998853
8.413025313506015,8.464847935802702,2.4825964234426086,0.847936727213902,0.381865561566061
2.285988008536182,5.569861880858509,0.948593308988334,0.8677188282654444,0.14590978751686565
3.9482284973542856,6.201363992045341,4.711798067066434,0.3951519690505871,0.2518586719463822
3.7977949397082518,5.801812795695191,9.708081231371846,0.6355805929679221,0.23727387610692785
2.2692823973267955,2.499164394005257,7.6173183151909605,0.846755013329705,0.11096625843662067
0.6554932724975503,4.587338500214625,2.121321667861509,1.7846297183567608,0.052103048707274204
5.117329895833308,3.3917777192357708,0.3222247989065821,1.6664166753941234,0.04956369205686364
7.247267037309067,6.026219057653456,2.296125477452274,1.5414558046930151,0.3133592302785079
1.5176220458523078,2.581792518989446,5.054194446759146,0.26271806217521865,0.09818878921156306
6.399807341141411,6.492241861572234,5.647865720646004,0.8717890386490721,0.30973139101864433
7.388656394119377,3.504064777100851,8.716987130758781,0.7175544246179228,0.2433057583793035
3.835226968868235,3.4363912318013727,2.870412483044876,0.27239347708606315,0.16965346742286397
6.063131231727401,0.571267192121971,4.369418099510152,0.9529529832073045,0.11936049843592265
4.745533476578364,6.773220949351871,7.361056080796683,1.5201099519485997,0.28447585619313465
9.759270983793167,1.1468691863786147,2.6815639836147804,0.2569392048366229,0.2077859045969199
5.976552520097705,1.0281964161865478,4.089985831758311,1.7798929540104143,0.14194125598361285
1.3315931549198894,9.588718074751526,4.7064097408208365,0.3930994675569475,0.109010511308058
2.4252487848448676,8.107291954710046,5.366016247085376,0.39110677932328314,0.20106375270584978
9.36401792256121,5.340397684525034,7.321508320780656,0.49214126169258393,0.336243470191925
0.6667329736280653,1.2187096665917003,8.74898456597299,0.11949328930655635,0.04161902894611046
3.8812659338155258,1.2699973032178493,7.595329518440782,0.4533415961266919,0.10795987614522938
4.112567127504168,6.467938029502496,6.458094251908142,1.6453222703992134,0.2628801429503944
3.277862533355898,5.853848404682332,9.37343403733222,0.12488396730197363,0.22828757043732514
6.103558164819001,5.205639359597557,7.501876547052685,0.13092935377442802,0.26656313392631537
5.834031320215339,9.001109436339895,4.19910782797996,0.12542908306231054,0.37083811626839236
2.335997778517313,5.883595578051308,5.0263593712421475,1.191988689983772,0.19355147534388897
3.7319406838690456,5.523915935839199,2.3645699342440647,0.40866829499098095,0.2279121829223795
9.741048846914381,2.894179863199021,8.165810177732096,0.35116206490742324,0.2731394865977333
9.58735543774181,6.769419437242958,1.7947740327611283,0.07060840322737626,0.2530706807320167
9.006216674970386,2.1697269252709965,5.936590899847546,0.030362248362592173,0.10882266855592648
5.242476765764663,1.3406852422807134,0.5154614636717604,1.0858134286553158,0.07928674166771135
3.9780565490230306,7.529184385207438,6.390244393136058,1.7832012099430057,0.2908429166271678
8.732131982622688,1.8187483715484123,2.7359963377447727,0.9172852452798164,0.22123524295410724
7.6070323196137535,1.7760161036096145,2.8544572984482746,1.1934289161034797,0.19776029288894378
3.328988073880758,3.19841804239898,1.221023391647714,0.07737522772788633,0.15256035973637816
8.321823719847993,8.304467767076094,1.8281727366729792,0.1838246344198516,0.28120406608876647
4.419467116484543,8.683257107229986,0.5628083487641035,1.1330564792428919,0.08656949801649157
6.910025117556127,9.883745192735816,3.7343816300766988,1.752857570108586,0.4180617661357709
9.66879947979674,2.5499528336243267,0.8362843048637458,0.8457829028443007,0.12863475218534795
8.654965956825645,0.5149267411602423,1.871593796203084,1.9170546085899534,0.15635090409518523
1.5799197436646581,9.259297796343166,8.306955266589986,1.0608723792745873,0.12991221637291428
7.625466460595987,6.715824905569577,5.424857810977486,1.4385593576720124,0.3409239810091478
5.696429764956209,4.78836361534043,4.245414184475954,1.9080765119279388,0.24628675923708107
2.3918577149965157,7.626121436097448,3.4598703410067198,1.8909341178892798,0.19825321881458025
1.5857972229419455,6.326533707479304,6.444759014958016,0.19947307357174837,0.13040692513124647
9.2513990812146,2.6230638178434345,7.023460273748002,1.9369489137335147,0.25542305263265414
5.296151550679311,6.538242937307236,3.7103112476559867,0.7621594599979246,0.28879310035338857
3.8745088370931455,8.275093179329318,8.217425273378199,1.1419751359057355,0.3103151634028082
2.982756039082329,0.008559110888872203,5.056514160122352,1.420744058356599,0.015611744602922466
5.724152344862589,1.3022100811611153,4.645614931368126,1.0509602321700118,0.14607419727995383
9.800615425964011,7.650727548309824,8.350322675745195,1.885190151778407,0.41183568058922143
8.953607240454712,8.887388353328788,9.3379507728763,0.5916116504308827,0.430493268676671
7.146317719719198,2.5122852866789107,1.5698166742658677,0.6937782075010895,0.209747483166564
3.7862346828441855,0.6326244205922237,0.6419394466739423,1.3066899343169263,0.08685846988354752
5.684319819603382,1.8215626332345742,6.05323944285051,0.31533739503679614,0.16028308960573884
3.7976047154257224,8.83177046337272,7.878859186063428,0.9948074881198793,0.31657526136064845
9.757059662743577,6.821584933250615,2.889491412884077,1.662733308848648,0.3869894025525714
8.344779450521916,6.347163730142162,2.8128962380431997,0.5117895450065805,0.3447806239061543
2.890688764112173,2.884631503025034,2.559778232500328,1.66206521848889,0.13464656261131283
4.87882409254894,6.0593356973218775,2.549491158322398,1.7247676379468568,0.2665294029865619
2.906665313408343,1.3316901702157407,6.763709136644948,0.33068315926541714,0.0900790958749483
2.608037845014506,1.1380956147665104,5.8388097569008695,0.20715665652873577,0.0784576996204844
4.9322040609557725,8.254654603369804,8.37454872695776,1.3115752901732307,0.33106504453894803
1.3222950639675204,6.2281929563794165,3.469148859577821,1.027559186969501,0.1082278913606144
5.027295112776968,0.4865202199583157,0.816685325180041,0.08585429480086992,0.09874351838654737
2.858630087464193,5.0576984313240905,6.91068832758955,0.8640320853493362,0.19681511334451457
5.183568293062025,8.30767385519887,5.9476076179496715,0.5722133902757331,0.33766931024748864
5.1299453156140675,4.0984422019049225,0.260266438265358,1.2401917830003135,0.0400334351754002
5.878108071709799,9.544796193672507,4.743231016534366,0.7012625851984632,0.3874434244674533
2.195995280619251,6.187518580977709,8.694133901565749,1.8749359071462366,0.1817674334730582
6.599869501465878,4.936063119657696,0.19953892555596314,1.924795270336113,0.030692503783609302
0.5035091797582,4.604118046986107,0.5758725839745225,0.6089256525639868,0.03931050906558546
1.3643635548955007,4.483772493931611,5.84551557617887,0.3061058511676418,0.11176880327594554
5.604445777498563,4.283406486251406,2.0675392109718698,0.30808139755650066,0.22983437773290488
1.1467295971263542,7.7576332945729725,7.39888567752399,0.6436367084001569,0.09345053476970487
9.516563342560245,3.5432028863872644,1.6464171647116228,0.46149715338450165,0.2532469672629229
0.847722157529661,6.480218286797116,2.0984493815215255,0.8932236796328551,0.06828298016444968
8.868319448490867,7.287975863937675,4.609879845796859,0.5103837262521357,0.38253930430077215
5.547841440881496,1.1690320353586083,8.341269731132138,1.224829832293764,0.13857878615768895
9.325483192346852,2.361289902329344,9.271607241597058,1.0667615684040583,0.24935089400686763
8.930098373924356,8.532797851196,7.747968426566393,0.8105596184119771,0.4197690293158669
2.156802647461477,3.97956186249315,3.3600328571987506,1.8731650454699642,0.1514896542872425
1.4677253280700864,7.902940708461643,7.64412971977194,1.8662526064301075,0.12046878707065886
0.866113602900486,8.946121789056045,2.0797096097944463,1.0469956555415132,0.06983101534813833
5.577368693830371,9.147203669436184,6.163599971612261,1.2854252837786324,0.369882587387229
3.0162361474537334,8.991044618455827,1.0968986350790089,1.6914644579045228,0.16872166950303286
2.8055276740413895,2.613713642075948,7.955232328007044,1.4395148528429835,0.12509705349386
0.5132978821648488,2.7876777966291924,1.4606889528466787,0.5636216119516486,0.040134426841603545
5.286457842033998,2.4629438044541114,9.816657699067752,1.3661077195927318,0.17079556731301931
9.267329243768406,5.288790764497672,5.990930006770749,0.9811370431850508,0.3328008554034052
0.5998731580646562,3.992644883832948,9.657217773642373,0.08390767864044364,0.04742148956556684
3.930346219957957,9.26694655228567,7.507417431958713,1.9546242439071824,0.3277481437798165
3.8223449956400373,6.00521743622485,4.6703199558470105,1.257075569932959,0.24364889451282917
8.694912628626051,1.1287607181769375,7.405188795546136,0.29713395811581694,0.19035232356776444
6.461403887655564,7.730006865521711,1.3255000290328702,0.8377628535370504,0.20388445264920585
1.903040991524213,7.13451718430536,5.041029248336422,0.020834475086332654,0.07467375768021604
4.662316540559065,9.078873113499068,0.582498164864865,1.0356467018542341,0.08959812667774224
4.654635044587907,2.325078941642099,7.655164604524675,1.0627898918723595,0.15406236887388564
7.08181136975736,9.855052253238295,4.117242417070702,1.0134918776842554,0.4206984197052601
8.537305864254238,1.4455790210820938,1.3875385538581666,1.077116948671117,0.20465175542285693
7.463088942079891,1.585399459210307,1.683476890598729,1.5661933368839387,0.1891561100804438
7.3136682908958655,5.5622749559902935,7.193632840534172,1.8181922019010708,0.3012880593804837
9.212012362669133,9.81068882608047,5.941746048516843,0.45446771014593246,0.46239623288339
4.689545084967493,3.2697738135827548,3.7924088967073186,0.5997544530172177,0.1820743975091636
6.67238095900795,1.286794758779029,4.161625589017977,1.3713766790467887,0.1640054534933925
9.022470677097122,5.945764896365265,6.633078150970779,0.23605653076913907,0.346851155850837
0.5597486882840615,8.5774035927126,4.539025181419113,0.8191777135651496,0.044044202765228344
4.187692992506723,3.5854193472254883,1.497425858799207,0.3421596198745713,0.18107288678951136
7.9103056614216305,9.521023216648079,4.55522207830397,0.5975262113125513,0.42775905730024477
0.6720572680265476,2.083571057403613,7.800584223727385,1.720598277822594,0.05349724441295782
4.1801573567964905,3.8361249458656728,2.4791935534983107,0.24214916984555032,0.18816782240534216
5.779268420631353,4.106060353657115,1.2512597591827184,0.49833988193404355,0.19246503648830138
6.9718375449868315,6.776771529132041,4.659088611666833,0.5884418158480388,0.329497720111425
3.177023644738306,1.951954006685421,8.687634910712493,1.0606573351593003,0.11346353892818563
7.508360267866446,4.321470456673135,3.2282107450592386,1.184918156638059,0.26934917405578457
5.259798636750303,9.871448111920685,9.233914240422262,0.20134109171348966,0.38441035561979314
0.9385122126722967,8.563417285958174,5.5853077074471935,1.9299632465636423,0.07592482469894522
9.955055626829509,1.7519380746910018,7.690770369570247,1.9556700537159903,0.24218604981693845
8.297398045146911,8.348348968318705,9.091262834250877,1.3045593929349868,0.40167155216578165
4.084138579549279,9.820174086809093,3.1108967185339598,1.5113029366880573,0.34069288142411974
6.067277162387785,4.696024107350908,5.5298506140669055,0.9130212011556057,0.2510999995935091
4.798056848752485,8.163898687396472,8.39411492754326,0.18604087144986386,0.3257349903426768
8.402729149575634,6.231161420226319,4.553774154187862,0.33753908430207985,0.34259665015568447
1.5015610005336821,5.448807484068547,1.8359016229777978,0.03480484435560879,0.12331674607678944
1.052317831811929,5.298241544814001,1.120864769510983,1.5814739154373452,0.08550384428137714
8.725745160519129,8.650267884178616,7.229972779038995,0.08920191222314935,0.3197124933735145
1.5375308771070026,6.37110322489106,8.88264650906475,1.0425387704317273,0.12634433590026822
0.32598649445119143,9.763988065095987,9.665167505182449,0.854333192907595,0.024368379608787183
6.5446227502509595,1.7181247865875302,4.848933178266515,0.06899668116507707,0.1746510624852144
0.1925066785954323,5.619831818183997,5.8953208902984375,0.5137240248557633,0.013133349715745157
5.09993089015921,4.557521536423976,1.6778108744312419,1.2885223132850754,0.22757864697063712
3.1667046730278288,9.636838811163637,9.487488572796423,0.3202264269069241,0.26347226228889115
5.839771015335075,5.271509375018651,1.1532101533004442,1.8761822583862735,0.17738333892507888
6.962378037579543,4.825261860565676,2.260309097165265,1.5218837597109445,0.2728958743990993
0.45157796913104964,8.424894313450743,2.973757544544602,1.8862123111444222,0.03493944607690117
2.1405649898676105,0.8481394147714101,9.938652424050067,1.1725540572012687,0.060644115499151115
3.370167123656616,4.769168120743974,8.004555011393427,1.5592237397810966,0.1987958348481083
5.345822315393974,3.3666191089609225,1.3446644710155684,0.2870812193545789,0.19811527786668715
1.1944424628246975,6.089209510460186,3.325895352642191,0.6519191718508586,0.09746653877948945
5.277582570898556,1.9373918134951147,4.314522079714449,1.5329147725438466,0.15542471459954593
9.99526787165758,8.713725255561759,3.0891353628887286,1.1274602520081736,0.44649046757584887
2.4133208375132575,0.2967201039828197,9.133985532900281,1.7740121992976685,0.0480243085909084
3.3618114934772403,1.7949164223725296,5.3941397919745695,0.5925016134430181,0.11265254754026233
6.048990024565874,1.490786993846259,8.15252806737431,0.4033842187582803,0.15807938145076927
4.421937136885671,7.972529401595088,9.992996739398235,1.5174496751460314,0.3126143922503782
8.779312297669561,7.211175741651129,3.704241148722412,1.388556191415048,0.37852343351897133
2.345526746342939,2.487744017201892,3.5363994381895845,0.5785461180252683,0.11217448257029088
1.1928899530737647,9.778836725256385,4.831011292924819,0.7486733342856856,0.09733586363990805
1.7345563913315565,0.7260182126212128,4.306419346309996,1.9275570497977101,0.048922166358095265
5.721692371734233,5.9420088761566445,1.5114518975029512,0.19219171717133102,0.23248701326161697
4.3070718638235,8.012299512515233,6.8891979430800925,0.48216546654082243,0.31144641046176785
4.775246334679541,7.318803615810047,4.926881868544937,0.09925768460465226,0.30084615374770113
5.914646551530799,8.261150566102117,4.40997965175867,1.4525134806832662,0.3510751606505646
1.3986749602066955,6.244355562587936,5.578991083410529,1.406339740829981,0.11465680201100026
9.026865888392779,9.02630223295287,6.357772034103115,1.0487859944755293,0.435986869185531
9.0549676460976,4.872890935164536,3.5347600498981366,1.7308043103067308,0.31649398374210874
9.862308445500176,3.0241102966227102,4.0683931376438265,1.0988471878446315,0.27934190424882155
1.7830996104804382,8.068661651098186,2.156508073464512,1.0980227309235824,0.14701391500833585
6.674393613748939,3.887154066420908,4.949101347126404,0.17915585453798685,0.23996807534263698
4.22306322998971,7.162882960736452,6.898372581876303,0.7295181869791622,0.2851978862122151
9.35674041520054,3.338035171241707,1.1311614256179179,1.8075917168256326,0.17399186953500462
7.898087531483936,9.63088639641078,8.586898409480451,0.31384519350632745,0.4306882785508414
8.45563900416981,0.3446977569155754,5.238645764302008,1.4974723260536917,0.1440123774281019
8.74212273899139,9.045347898285222,4.840372881411996,1.2604361953099588,0.4307922630421938
0.7566735287673306,2.6906181523631636,9.684609943999414,0.7754651553048508,0.060619416545237344
8.431084126213731,2.8702144697096053,2.4506245031355234,1.9343115503619241,0.24601611080261335
6.861681714273527,1.2911261897414208,9.473793153322527,0.37618490595364257,0.16776361620923047
7.810966874843148,3.5286473114519783,9.314112060601232,1.3188975348380776,0.25253713568603164
6.038100459650782,4.007433834568207,5.871825433965819,0.8177077002824855,0.23060669457501298
0.7920475979731961,1.2320279661022924,9.13307997700593,0.6880433589265488,0.0445324355567292
8.153025992062586,1.862194668450872,5.697474632356107,0.6576494175965293,0.21126769080468907
1.8309976813002347,7.412107137178029,9.564000547996681,1.6970830353289579,0.151045503108565
4.994192813894382,3.041753563457335,9.025225981670202,1.9012207102288596,0.18162992165082814
7.965999992455288,0.8227082804442882,7.121124064227863,1.029758019823917,0.1624425943746757
8.141604046262497,1.4706742383744662,3.353110863087007,0.8584060380184172,0.19823733892333809
7.578682355227161,6.0379904559487265,3.4976526987008083,1.9984608071426304,0.3203863299931578
8.398054880300029,0.03759876640667395,7.016340995102088,1.681901891691579,0.06857982635784246
1.176771374899501,0.3103296916840774,7.671172760625672,0.546438409234231,0.025651928946085294
1.185720236475849,3.8283953601514527,9.265714441348146,0.40167782112033956,0.09673238677502358
4.565655819825853,7.7978112064631375,0.3347996235315829,1.9881752339223868,0.05149791542358631
1.7304659029140204,3.5055623183820024,4.384610546832454,1.5117140351377805,0.1291860437038645
4.257115885047256,2.6767929500154923,3.2764331493491623,1.793627090678508,0.1562085484940535
7.342741930144848,2.018601811570321,6.196490409943911,1.6192981706569989,0.1994400762850054
2.5380023769034055,4.472761468305198,0.7938925848304469,1.1572634980061274,0.1221141845153476
6.7717619728610385,7.105904965136017,6.541211086838639,0.6332930278902029,0.33497491700448223
7.051549250453735,4.15558997709618,1.9125130251811724,1.1346302032169429,0.25533728826173074
6.681887016019311,4.778236259178818,1.2932356985574147,0.7036643172002465,0.19892164977108553
5.638171298929056,5.015376034577602,7.452681671203765,0.4504517231755769,0.2516733981238836
6.486273958902021,8.151594119690236,1.7249890229320912,1.6157391158929635,0.2653326556492103
7.815349533740304,1.280749019331752,9.865257191535889,0.6987255294404549,0.1848856229159388
8.904255485823144,5.7955666501098,6.776348161958233,1.9606430186011303,0.3401242958518571
5.039032477575683,2.3896461497463055,0.5597600547419428,0.3264800059708625,0.08610061854111864
8.642641996994229,6.217137520882269,9.108866679346717,1.9587951487227055,0.3470318944016012
2.6943787571931472,2.3999778972663215,8.689176121475587,0.9659627698559871,0.11667613084803602
5.769928106165365,3.3305785961306817,2.93459916637306,0.2587224385415113,0.2056304885239106
8.590118239548,5.145280253572074,7.698107665186993,0.013939751520784588,0.04996207597655345
8.853953281436926,0.3222746630084347,2.96136057693276,0.6557336327873748,0.14894847128463864
8.546201426404995,5.0249546606919,0.5232239002541981,1.0158284246121787,0.08048073646154036
3.094400905211688,6.5018587740996345,9.558344584688,1.1144549783079458,0.24331754239956038
7.396963436088788,8.238324511621546,2.254660838536036,1.6888251956377156,0.34680519117753433
0.18098107224917254,7.430016322664717,6.6997682355483485,1.7118362675947023,0.012163241071977129
7.66659205880172,2.4767230540641183,2.941909507871815,0.5268467657780979,0.21921687274839788
8.498772457671958,2.2864278096489503,4.12248031241386,1.6725762102479207,0.2305067000487796
1.460956282091825,8.048380455320071,2.9838147084309297,0.3392789208712765,0.11989903494172646
1.8844069512373942,9.120670226425261,6.111932843227017,0.02377027096653671,0.08519607270162084
8.823101884457193,8.270105380769094,5.671843624746162,0.2658914177436405,0.41001672917281984
2.3230451380547628,1.5641965355455447,2.5677403979756295,1.1530927352837588,0.08502453414445663
1.8257454731690903,5.079038362050263,2.3070613484570734,0.3812375172819027,0.1506034235506365
1.6578277063550428,4.61976005718527,2.808107301413405,0.3360211387498169,0.13646974718988306
8.958277541629093,5.095145692354767,8.574626870390961,0.19334068485104888,0.3209676765705247
0.7290291066004825,9.59052460771288,2.006753109288268,1.5453688089355386,0.05829257851852675
5.121818421438619,2.7849367363378357,9.553997449825665,0.6711465766976584,0.1767813392126959
7.356952263441907,0.2377307581597156,4.911740021763512,1.6859480510166522,0.1212156116677972
6.317509737445903,9.404316444529764,3.0108524384628836,1.0546927172372367,0.3922482985893675
8.29237035685014,5.31142155606703,1.2618803209137965,1.8468844170165317,0.19409865930069498
0.1479499072571829,4.764128949060678,6.794032189500041,0.887348096628473,0.00938299545768612
0.23180066389919207,3.1501244348925628,6.2632503192626885,0.0971273986269541,0.01644072944484021
5.868964750552978,8.636067183052072,9.435127420469758,0.6721908704284546,0.36099092152682966
8.515110852575885,4.8567659545836355,8.24680379461637,0.9136728374036849,0.30513539924892513
8.801072775453243,2.071523686253536,1.010128709287226,0.15603514057961385,0.15537497886630905
8.07716782766133,5.369357017593931,2.5789668714666014,1.6833150306397697,0.3111163284612244
9.06603949850284,2.4698371908531764,7.550820975117695,1.0345760181226302,0.24725390824197152
2.9173588605796135,0.4355991715356129,2.893839081962424,1.1141237117458433,0.0633471746122086
4.213654161505402,1.621146591370056,9.723664448635777,0.9033682738064617,0.12481677559647714
7.249770579701399,0.8567174680227596,7.995377483473508,0.4165730079881109,0.15322352240450615
8.616184112538289,8.184717657891404,9.596596653422473,0.5524618389885063,0.4033735878248318
1.893188689009017,3.113226224216166,3.283710659660603,0.6958782316270433,0.12112823789494338
2.746743525074419,0.4756164841932955,2.32743031744269,0.4372334035076961,0.06176175652936673
2.9301391731333175,1.8490764132972923,9.787913433426318,0.3522548266635235,0.10550843736273115
8.91884291669582,5.047137010187257,7.772248310885255,0.7289935189954005,0.31878426534417886
7.210037717003876,0.8922388960077885,0.10057684171726872,1.7293194256776943,0.015470440598701844
6.761553508446599,8.539350648265003,6.781819335575628,1.6712551284347337,0.376204600849662
0.3748434439503715,3.4734972865137843,9.604356313350292,0.3174084703183017,0.02848068144229956
0.869650474173939,9.93259288258766,8.867022089097587,1.8937906358292473,0.07012869312873239
9.645878537102853,7.12704741980462,9.916961870135449,0.13456263650424277,0.3935759461485554
5.30968342822789,7.187132591739821,0.6550137523512438,1.4406232200300149,0.10075225760146662
7.8600388885986785,5.387664966877434,6.731432450977483,1.001810076762465,0.3072646220138839
8.3377714576855,7.353835408297532,2.6052629089315023,1.5360630858211644,0.3737384115678944
3.773671179690718,9.498896336684748,4.629153794178567,0.6462287139200035,0.3145607702518993
7.587608863597342,0.9429343242264222,6.961565513035249,0.1029925109451472,0.16313352318451232
7.8248859044716035,7.471983122836417,9.406596753936753,1.5930848632778014,0.36680534581079066
8.58403579817637,1.8122251946996302,1.5705719099912892,1.8177577491691765,0.2181894793518829
2.599083151456038,4.623860860499013,0.78686303464882,1.7016746131971359,0.12103292011714692
6.716690357124457,1.5431090788901571,0.6660219255926945,0.20442598227356992,0.10244550190686603
2.764513021024763,4.229511268182452,5.772261062774698,0.47034396725553423,0.170976299085797
0.34616347461450403,5.8182461800768195,6.425414858222523,0.15032095873880003,0.026066681284856202
8.133241038775763,6.694727716257792,9.779082020817864,1.218051125355075,0.3505592993450289
7.440797066671085,6.221374471287955,0.29633854283255123,1.7432544829049965,0.045581942579789224
2.57875758040828,6.704368566473344,5.690776729852075,1.8635803536546576,0.21398462270187482
4.390999292725043,2.7091137027971173,3.652654559980575,0.1469365612248545,0.15984413382501184
2.4294768674467524,3.9629631971435,5.544748657672791,1.480681759653761,0.1565114843536795
0.988672064896163,3.1015313069624035,0.7168311600123825,0.5987506637493727,0.08014679079420918
8.040042626928308,8.864065484683904,0.7014069802462174,0.8714573026348302,0.10788832525049238
2.0711364790100357,1.7137561006878745,0.17171846235778832,0.3047771865278882,0.026413220626729694
6.7777597048810225,7.606378417489383,7.345683807413127,1.24262162094916,0.34956278223779924
9.937267656832738,0.37364510122570965,1.4556392156546742,0.7096054013941968,0.16848399221254828
3.129894830371617,0.4923732774526274,3.922011587726882,0.36377545609475304,0.06954847952122924
9.976722707710708,7.183487235297507,3.158750500816685,0.37445811629725645,0.40188272212457543
1.231883355207983,8.821706031141467,0.12961475506052453,1.45009082056687,0.019936968934922906
2.871722206240011,3.1714082234257317,9.366607533653319,1.245713709704073,0.14255353794069578
9.258835633588518,9.742604241221795,0.6383110255818701,0.23342213111515117,0.09818309298676263
2.720146492825521,8.282666942582818,8.661995038238581,0.1896459572483283,0.22588535939593565
0.21230157853720016,9.494605972488108,6.641809153004196,1.8565986137680226,0.01479949139632499
0.10373213776975183,7.4216216813864015,5.5627972104648755,0.7133467436878872,0.005661174054474821
8.607033302527737,8.212989044651245,7.898685469447219,0.22457989313505894,0.4040061777342726
9.905234272885133,2.986669467975754,5.402024159157037,0.9951480695799119,0.2791257241717669
3.085793717083587,4.571513688124663,2.116809279217511,0.14503424106587132,0.18734468402290008
1.943490892050286,8.51134708874268,1.183423630598164,0.261387066852606,0.16051408205334977
9.084884276891522,3.4878020552072786,2.9793423800483443,1.606684752641343,0.27705976131123655
5.140221108873942,9.215455719942339,1.7686950684561868,0.014263312446596788,0.051121764908930806
6.952814603988029,3.286413977359683,6.945126480507177,0.9851434990847442,0.2282204701083441
7.673820668691035,5.90900459884668,8.487822879821431,0.6636570306211539,0.3185773890395941
7.799264038294478,1.102621870112199,2.0944134779404666,1.3389469986858609,0.17508926333036104
7.686765007356582,9.64408090524826,2.3128493311596543,1.953878038870007,0.35575557119233236
7.471829932532647,5.219161500384617,1.6093676232605445,1.1684860874629541,0.24754811753511707
0.8925861910366403,1.0729253356552957,7.7346438360054535,0.7868906181355771,0.04196187565534516
5.0684480292159595,5.468464083981272,9.860638753471182,1.4303568299755478,0.25327543722755474
0.2498724895167887,1.0165673761522922,1.3541572934088975,0.9015930671951307,0.01796185144436739
7.670775492421826,8.28534196367749,5.851597425696887,1.177577696760992,0.3872071429960908
4.311322538836075,8.002322498162403,6.269933605547106,0.11400542074487097,0.31124377571612927
8.28321510026452,6.930355985003164,5.835039734212233,1.6933753348634615,0.3603964136587125
8.409519736596256,0.3977918225103487,2.218372609689899,0.996081771183666,0.1461872271691921
1.939402152476597,0.8818954770433208,2.8009540345095436,0.8282713758791043,0.05756109800355679
0.6529757993830911,1.989986223234739,8.821851463805693,0.6127807363592112,0.051891152356589275
4.242749182885893,3.518989888542481,8.422804588853396,0.5674712888695526,0.18026350115706263
0.5749189623228842,9.923874666768873,9.230005580967333,1.2005576356171592,0.04532108857952032
8.699305541550206,0.7220562834068014,4.463037654762754,0.6261314323751316,0.16830111604615774
6.667973554136549,2.2824637937182786,9.797965805585275,0.2949476920465981,0.19345283170053718
0.8250224295548126,6.540168707888675,5.920878162722607,0.7687791640900702,0.06637236086349084
9.80867848741535,8.247048995524827,3.9340420985706035,0.4095062837784777,0.4292358310300334
0.3898533785130912,7.520928689934791,6.600313316861827,1.111450525352833,0.029744071598750307
0.4036719902728748,8.268587065174042,9.002127851922577,1.4822733366829721,0.030907187499583478
5.4943531269071295,5.275467135712032,3.1311827703635804,0.9192430875269619,0.25628991703876514
9.190631714990584,2.600833456400917,2.3834063214855337,0.5082747593007427,0.253554376061303
5.411469923187595,5.398650877099344,0.5532818795930935,1.460190655324428,0.08510416500248635
2.8992886534623925,2.1533927572718605,6.932346861468932,0.3906828378588028,0.11368264253838467
5.060619630106996,3.275122343616817,1.8201891620482824,0.8070389793114271,0.18971602372711957
4.539003378705083,4.526036037921775,2.751736881690875,1.320456927715362,0.21535091097018877
8.160769240399205,6.5469813196647255,3.861267557727313,1.1569643501920737,0.3468439183540998
0.5002755317328959,2.944411469900108,9.34452931425185,1.3699022332639006,0.03903833229642567
2.9444042138069384,0.8989651490671313,3.522881458085373,1.7347286246947384,0.07833204222219868
3.402505753247791,0.5483848736894865,4.639421140891273,0.17757230392521084,0.0766587608339234
7.614299094253112,5.419184780166998,7.175533594065795,1.0299818655306665,0.3032175525205883
9.615220872200034,6.928790341512531,3.752062359718971,1.0107392294755904,0.3872264941457048
7.733961616270825,0.22248766063082953,9.650546273560103,1.4141850438607848,0.1262129433612037
1.412124665477104,7.2216609310280235,3.161206194813524,0.7956883642130872,0.11578886674153285
6.6264503259259335,3.31347779086148,0.5199356912484182,0.3278424109560655,0.07997501302775874
1.2007468433369746,2.5521261157708524,8.745458888205079,1.4564718656703026,0.0909378003394208
7.927222347933258,8.028197476601015,0.32464020268715654,1.3650681144047205,0.049935185652987574
7.488608382653563,4.460625887921886,9.68128686600965,1.5433279681513759,0.2729731213223274
0.9720451633018206,7.2691667924567,8.996739509136999,1.723921363425667,0.07874730166018032
2.2893948829725668,5.255179061803715,9.38269845702447,1.1074943597573277,0.18962889909956376
5.044545041471699,7.669959377158987,8.154312467649515,0.21286369482387313,0.316430308769271
1.299306201588133,6.443568506805334,9.252649148064439,0.5391203217992407,0.10629291357745582
7.558595964579519,5.588410917170638,3.069094117413737,1.6729447049800217,0.3069853599665018
7.634380438066556,8.208511370461075,5.812716334453125,1.737228830936486,0.38425192423568844
1.9877465257832432,4.088205577496797,5.171153065996859,1.3231374438807135,0.15121916905587793
6.700183699949266,9.725176989756037,5.1278056644856305,0.42266201295193906,0.4092442563752385
6.249274205549819,6.970391482183057,5.397031127851879,1.3581225400177306,0.3205156966655812
2.9741548697479927,3.940946361355864,3.552619401107631,0.28370529861487664,0.16686480442942225
5.441424426257647,3.764068187616747,3.55012658312251,1.2924490153739874,0.21153299744467446
3.9219138551002435,9.86007131641469,1.6407486929078396,0.8797089458199145,0.25237505987268416
1.2865176326918983,6.659494007091271,9.877366996724673,0.5953705830357455,0.10521649442079564
3.064194929861747,6.915675963910931,3.867658351068353,0.27998352674945853,0.25467002554946155
7.879434122969319,8.87667007112051,3.037305905648269,1.995868234250335,0.4085102893321421
9.331056784747648,1.4277889116289773,6.940095223628204,1.3672793141515809,0.21644637500994854
1.5834147018031564,6.438997527226023,7.1103770277520155,1.5985512020834478,0.1302063877888485
6.289849243522152,6.178664197766084,2.9047923066548362,1.5775591357363523,0.2984484314551368
5.266510230084349,1.1821928310591905,2.5428065566801776,0.8525336680023516,0.13337128048053074
4.263705230130562,4.041962121981846,9.542118299470681,0.9789179870919694,0.19580353143998555
5.8828654765682975,1.1888087522699908,3.412728093556131,0.7709094859723999,0.14563809459070223
5.452109015686709,3.8919740441413824,0.7431744386364463,1.8079673661079645,0.11431287086042645
8.554933694315885,5.877222548165404,9.200805207188543,1.378016914977419,0.3354365449030853
8.349380115861242,5.142090059365454,3.002289687946158,0.2405007731548135,0.3100391908421338
0.7034507730650875,1.6589232876065725,1.7186006637577427,1.1401564061303342,0.055084833501364165
8.3257814889909,0.021953313111530086,0.4799328177504053,0.34787178583882766,0.040042654352003756
0.9502705152628562,6.742127178157634,6.499901053319658,1.182461198239276,0.07691452401087698
7.277209757069814,7.201343188445984,6.134324848685196,1.0595534284547925,0.34793189981664147
4.558016170176781,8.92858412551316,1.1782524040242761,0.8092856910788532,0.1812352630821343
6.657562661141733,0.7587473390355581,6.480652482514789,1.7397759427116515,0.13874324511692915
1.957238721260512,4.666321531120373,9.731580706067879,1.5652987452631888,0.16167123994323354
4.453943215395999,8.100140816513044,4.0718212958164575,1.8336381294693762,0.31694894369191434
2.628730547672026,3.0949174293468067,3.2036361855128983,0.22387423190478242,0.13543972605826715
1.2654131200494516,2.509583326836659,6.5177220556338,1.01955779564961,0.09101278951244998
7.36485418081158,8.337369652538868,5.290642327201168,0.41511004087370623,0.3825386230069935
0.244725174841795,1.632573122662141,8.237909225482234,0.6626936989117224,0.017528593814855758
7.484056201439422,9.68510578647609,2.4758161579977034,0.35384398021746577,0.3808226414010203
6.615761982808024,0.12329637807549693,8.053297119586711,0.8136597314401964,0.10353750864498312
9.9601187339557,9.18348582030276,4.658748712147967,1.3736158602260073,0.45936033228649514
2.2024047332876617,9.601916793050803,7.775840620876744,1.6564467805049758,0.1823069185518804
2.6803294674457043,0.7898507857093264,1.6331812501657959,1.82281425506115,0.06984981544092153
0.5844942487915902,6.236850304617815,6.81204638389141,0.7943832473525707,0.04612704287068113
0.1126828166907645,7.754061298546635,5.270157367815409,0.172498836548612,0.006414554973858632
5.533162658831286,6.6144173820640395,8.546850287389157,1.1179718018800955,0.29577710060959866
9.216224950010496,7.596577529018807,0.2986661920022573,1.3241674170046447,0.045939974882254396
5.174693826759591,3.3830575710038002,0.598547050989499,0.5283751580867717,0.0920667183725978
5.766747430238538,3.8567461896205426,9.2214230019504,0.4116072687334723,0.22077588811860954
1.773334670728765,4.770726048603545,2.237259684782259,0.1966066783451837,0.14619199780505887
8.661844737350485,4.508350525794978,6.869182649908053,0.5110166347339395,0.2980245772014827
1.3146235276232434,5.425426656810518,7.184597285980078,1.3399869923570464,0.10758217394552347
6.402879886318581,2.5049143994554877,4.7694665674732555,0.6786622391785863,0.19453437574034932
8.623356490649321,6.209247404311743,6.140955590075282,0.9589664022936147,0.3464147042775301
8.841577216691332,8.416289595490765,7.8573270381516505,0.2903593916320952,0.41461514776710867
2.401593124413235,3.831737447609116,3.746493057733377,1.5797028754196405,0.1521556304406956
2.792390919644287,8.900717104744214,5.143606500241324,1.4220693168494978,0.2319661891193538
5.6829331944872665,0.26605963427083457,3.23371346107415,0.5555976490481365,0.09688582635354835
2.0351318102508826,6.041173209740903,7.2032821036789985,1.2346794074804557,0.16822751883747894
1.5740738544317707,8.601400861049285,8.897942657115461,0.7482138841296998,0.12942016950726173
2.757910440907558,2.3912348825478897,8.740879206137178,1.643425260135425,0.11770525525266333
2.186713354277968,2.8369133517282035,6.261556901094677,0.4443345872257142,0.11906338021804358
2.646888789674702,9.511343391756608,7.248678737518819,1.4059229729924962,0.2197192419748139
7.195802190184925,6.462034947139848,4.3889270761662935,1.3087623473411638,0.32491868354015274
1.0926480216084693,8.73466496506351,3.646891221091801,0.5498614620892335,0.08889847483877514
6.739026005668246,2.849565417791079,8.558889330816644,1.2945619661809968,0.21127925549935794
8.333444381768949,4.116316455690649,3.0970869940632504,1.4194436628361637,0.28006631036646495
3.445164534921596,3.7369651643352135,8.846143378590432,0.8576018655997095,0.17047182637890734
2.6405779762042263,3.8469233038975155,5.984621608384742,1.4276254184412567,0.15741649777169464
8.98708040557445,4.112379335212385,2.883809131454414,1.235342603187897,0.29314065026885827
4.353191037513655,1.1509836787949623,7.686883980926582,0.03808011900844077,0.11404146933109437
5.807468994982733,5.649346838704997,9.635189587834137,1.760836789664973,0.27341501884886377
1.3758614153425428,0.680616210651671,9.76473568936873,1.4179233388774948,0.04037251638361076
3.717768432588797,9.68269833993508,5.960885978348779,1.0119037951725374,0.3098554234014231
7.26210428451368,4.9830314599409045,9.178733664952295,1.6766382098315609,0.28350386902095737
2.6510618716028094,6.945839535872402,0.42445873075103013,1.0518092887665798,0.06528897328998276
1.2816043892532745,4.491732908449101,2.4653788203711144,0.4963113280854432,0.10480294561079948
4.751563368538815,9.826830918790188,0.18156222135388628,0.8437364235951544,0.02792735821327789
2.403312413190881,6.847143269882094,0.25616161335270826,0.9054266753144626,0.03940204281013092
8.478646504419501,2.2086143792718946,0.8481371827482849,1.670493582086377,0.13045792643418003
7.0276600743560556,4.922051787407557,0.11111225681356866,0.7146233938059845,0.01709095523715803
2.304008003095951,2.443262737500006,5.502496315069545,0.9249618496194858,0.11005099097581496
6.930920405820952,0.7009308580278518,0.806430890322624,0.669759436270491,0.12404278919013474
3.622969721087261,1.4035079662916397,0.32959585618848375,1.0251312451175763,0.05069744946249997
3.3896585918827884,5.773843009310351,5.0066176459333125,0.06462612912888863,0.22823057147229142
1.594114213658513,4.289085533441253,1.081560081565236,1.7895515885390152,0.13110697110841488
6.564333858670441,8.240696158856236,1.6909974520306807,0.6693265201215052,0.26010417381132583
0.8466792302317367,1.0083439886403123,6.624366580428944,0.5823787911959928,0.039168819805163735
3.8906821299580776,8.399427454012828,3.3918455213540897,0.8749031393385972,0.3142355330808128
2.101435323287866,3.3996060615691297,1.5551305453948818,0.1287924827858909,0.1336081358142616
5.019380131743486,7.780901532600133,1.3602727632274043,0.5425422555365276,0.20923309069004936
2.800581250262213,8.007007369813724,7.032593132212893,0.5350181122450774,0.23265557109740218
8.016092251925485,4.017556834817974,3.411456182684738,1.7360605774073865,0.2708084474807528
4.6845698474273565,8.848072620916426,5.111373950787052,0.10890540844981006,0.34322216779207954
3.969681776989565,5.707017527393051,8.202717488147831,0.75966280064942,0.23800178332199234
8.113206118538063,0.7823491243519044,7.435110989771821,1.4113604135635813,0.16252255687866343
1.6366012966122738,0.7396285499237053,9.413743238350353,1.0246919572109217,0.04733919082659265
6.8289621054046545,3.1272523796971456,0.6147268928018902,1.4912115980104699,0.09455545327988941
2.081439415908038,0.9933251555810645,9.289132375400268,0.356171486002831,0.06364795084819194
5.393446162200279,0.06513302759973455,6.595139096308139,0.03155884857102127,0.08148442383590658
6.376308949945781,0.14554539572166558,7.0895581284503635,1.2982245124860112,0.10104703780067498
9.399777984658147,1.4598490148551333,6.427282881484822,0.5866096680395254,0.2192520274611018
6.718940979523957,8.553126604818827,4.800591626652106,0.09843715689481584,0.3528129396227678
2.951657861848681,1.7037805595301272,0.37384716572411236,1.7775946752374923,0.0575040536315424
6.648957900465222,7.535036075535034,3.378786794584137,1.2496730944107846,0.34490175535851436
6.948864958121208,1.2289103888492474,1.9611486061009582,0.18307336262270654,0.16731721796027338
7.976441075218801,7.777618681249812,5.882900127011039,1.9089633639986638,0.3786980154326396
9.553670738547076,0.029097543324111203,2.7200540704100793,0.7836617295391473,0.0530736686155115
7.8541752332913175,9.240646879698431,9.403037084574677,0.7404568572706168,0.418521885239169
9.165243811723805,4.476937817977263,1.9087446304355824,1.611120937829486,0.29359739396419926
3.211736593666191,4.879006134970895,5.782105048785965,0.91623910659331,0.19877426065799522
5.944122746542832,9.017720352867382,1.036626442958799,0.7897645559368829,0.1594507810600386
4.2529521875919,5.671044775456279,0.987634649187083,0.3237440798670305,0.1519150097747707
1.4067446740359886,9.154744379573078,9.58980646206788,0.05383407205415922,0.11533603427704808
5.815841386743434,4.838573340147063,7.813055566399942,0.8152327938551586,0.25014745779585174
9.448201036265935,8.753673946713437,0.40222381927448747,1.938041883476417,0.06186891134420666
9.565978580057848,0.28595322452450506,1.6259792910571762,1.7985445547119958,0.157976817865958
1.6926523307400136,8.819740880709332,3.969003053872959,0.16635236213594778,0.1394009468693913
3.5939599293673283,2.7644463861865187,6.788352099204809,0.8145489838078925,0.14536206036653937
7.90168835890934,0.9814333307380247,7.419995665252618,1.4182400284251846,0.170081161549787
3.748814781002285,8.89834749185577,8.437980404331595,1.4467053881286813,0.3124686015599099
7.9460786166665525,7.861576876795063,6.124353994296244,1.9748894876587908,0.3805123279019454
0.4415801455034808,5.968790607928481,9.78640376534732,1.744211417542683,0.03409792654200755
9.461529949528552,3.9171150085585604,9.1947801387549,1.2462333578303324,0.29706904999335176
5.985958219277367,4.396170894832447,5.592739727929539,1.5570305731785892,0.24079160411272238
6.025249583306964,5.249058822307195,1.087217229485585,0.0425424909290464,0.1524784109701505
4.284507871974068,8.973520791502342,8.357062535530392,1.1974163853253943,0.3387765267747549
7.341019302178835,1.7332828173353385,6.362478685713206,0.9551600351469095,0.19115779413854328
3.185426247405259,7.257184404466703,5.989695497837293,0.9594269589722516,0.26504806143293436
9.031310131841794,5.624538233579214,9.808797672360843,1.5473552914114665,0.3377440215771379
2.3787655260846905,5.402637475411326,7.517872963212543,0.5199315120494914,0.19710400399567726
8.963619778183702,7.938352935974578,1.2435884442876535,1.1033046379118174,0.19128505751110186
4.168871811263171,0.4478920725446747,5.79178671929246,1.9678625502977924,0.08337647364551445
1.483880008323602,8.800909091043795,2.4533550764992884,1.6240814295403458,0.12182853015649911
4.405204140699576,8.142293872621293,6.5144152388936165,1.790246216471187,0.31718404545597934
4.846781103565907,1.1708816757886644,0.20881830927752879,0.24509743818193402,0.03211983190609345
7.821442732208701,0.05951909145647183,3.5992672648030912,1.3203102199259373,0.10856231060681482
8.790220110156456,6.2525286704165275,6.173551876011384,1.3850882926749741,0.3510325461286621
7.850396212691551,8.042206564029081,1.4485053744715162,0.6184393127386977,0.2228047672311568
2.048333903569087,3.8665193443036667,9.748035750611677,1.9227501043333202,0.146033480170727
6.752243476392219,6.514428608785642,7.9056647830490165,1.946962587421525,0.31748368872274074
3.257359455406025,4.416002586338081,3.847731870943139,1.1945901076328838,0.18631104055504838
6.597547571285817,5.807939330275282,3.87628253488576,0.6910920148788708,0.2939404393331118
0.16362195348093528,3.4530216186126212,1.5503328313585447,0.5794772861266401,0.010702119141027724
4.094286108548281,1.5324396528949307,8.729156509817473,1.9664713687895403,0.1198441428943422
7.712790226623391,2.0427956038733703,3.058160580472664,1.1857916164867408,0.20760574369731227
0.3143204237294488,7.216487043839297,8.701227076404114,1.1051450437681114,0.02338644359970693
6.7434109266261935,2.739997220031097,3.6940197783973145,0.6804547116874055,0.20820051363363404
1.379112415201231,9.433326695804643,1.223766454778298,0.666117654464362,0.11301021817924466
1.6289556669137417,5.066153481074073,1.0916131850751807,1.2372921584490284,0.13403958110866973
6.57830962613628,2.673271581625208,3.593138484835244,1.3533949887837111,0.20294053858124164
7.283099238520948,0.1650982485904064,2.056911557498869,0.8238023156499709,0.11612406796147585
3.054850524108425,9.170715965729947,7.827569317058933,1.299751541755934,0.25405747330953804
4.835475260936114,4.178712603410155,1.238628250310411,0.012005190383489538,0.043028330394118484
0.8991549839366074,4.888877176410502,5.73485753883746,0.9665913600957697,0.07261209443635949
7.649309546405623,2.093106704958447,9.225654427556849,0.781728153990792,0.20777922924703096
7.531474054015786,7.719289607856524,3.31374085040115,0.5702821383310702,0.36803401770507244
7.452278358325085,1.1062769388016598,3.4043606367460133,0.6729474085326427,0.1699256872202027
8.147031321026523,8.881641254292333,2.2302806316752553,1.9256414251836635,0.3430551006287198
0.9534356377305756,1.9674107377885814,4.691834300057969,1.9732451743550818,0.06904590154765895
9.207153102498065,7.114790471838494,8.985949339633624,0.30983687026195755,0.38436965849255333
3.123115811084923,9.94997193460948,2.9973075451880913,0.9085492138138269,0.25980337793365454
3.0297958759348242,6.135884417568853,1.0519206972022925,1.8527618806929513,0.16180329753439934
5.469960945982532,8.584614277541288,0.8991956807079744,1.878633757059033,0.1383115919804545
3.3809030854996887,0.9147686827499991,7.5772685830772035,1.1930147076607456,0.0875959267498123
5.419636721401339,9.897855144769208,8.334958739680484,1.4769475412904298,0.3883986739403509
7.449265580759746,2.8232183178750025,1.4322092905438941,1.759682599967292,0.22029815230914299
1.2892829210746852,9.654460986624608,2.433272318643993,1.6147722035665784,0.10544924936857876
2.265057120899482,4.89647676676633,8.830469126493343,0.3468480280301139,0.18017850670110516
5.970024836409987,1.8976894144251282,3.6238401704426733,1.0936519250978654,0.16824818922899204
4.828488220300688,6.09748932016272,0.7708290567195754,1.2901727389910613,0.11856662155642965
4.005632039041406,5.360307359848722,4.4701939931435115,1.6441299451634832,0.2287050181240339
3.791054685850153,1.9608449874921074,9.16170801443615,1.5700879987281882,0.12610959924850298
8.746497139331167,0.28436890429804007,6.181042687018561,1.6802529004437603,0.14522628125090056
8.976590845254687,5.714648520150827,6.673861031660442,1.9048136358841936,0.3392447306373538
7.747442139564487,7.765361273476459,8.537431944615403,0.4799798352904905,0.373723280564063
0.30078964364533556,3.6409082499651957,2.7871117278239783,0.9370848165011829,0.02224755440150129
2.7308110323695494,6.56710869807778,9.91196942170836,0.9924527677907805,0.22678299609818572
3.693436675389444,8.722727843294496,9.038167762862766,0.6819392000419037,0.3078074139020726
2.0432329647799676,0.7784692005474105,4.887377703298348,1.7091658871624573,0.05666637551609638
9.427071940954272,2.1280464312981966,1.479314414015779,1.9434926885084314,0.22754372160803463
5.974896159415205,2.850595180472246,6.476952462452722,0.9903157556615375,0.19589148573406953
3.044765859252984,5.630157163811486,7.471851352220167,1.5031568105687994,0.2171183807357882
3.5715234918090477,4.426399458369776,5.714088331061431,0.9826653162463949,0.192950335683105
6.981663782710368,6.333170254949487,9.087660144752801,1.9208262855266673,0.3168730946913844
1.771126828930049,0.2633331907658167,3.671617984987007,0.9683097878969148,0.035984613232079805
6.853686967392753,7.513318047896361,4.176234321761683,1.6310926551684364,0.3484047017855457
7.432008389457463,9.505640362544291,9.696690620846585,0.25605597664990404,0.4176639863358167
3.2590113605539943,2.4364746186532953,2.9218790528361023,1.791585218831023,0.129123485820405
0.6929018700264042,5.651027216695694,2.1793666327112198,0.33235896285667643,0.05525172285569998
0.19961880358760717,2.0612876796849315,2.302664523443115,0.2475505393676112,0.013731979083679308
5.111172136083315,1.2431936069210554,2.9307641056071487,1.000757095484836,0.13200039571703623
6.021446578183804,5.730633431054173,6.751035848319989,1.0815888419209352,0.2800820544934124
5.614119601625325,3.8955690263270997,7.956060866449737,1.2727814623390563,0.21881860441746018
9.989521070993392,3.1679123910739735,9.307923130939193,1.3517651526008103,0.2860654125270754
4.322674454499009,2.1576425345228483,1.322222965710404,0.05624706629539122,0.1425245631022453
9.583571282965744,5.0278927350591065,0.5272523010353289,0.4300778206249606,0.0811004329073274
9.102403834029838,8.565887946534605,5.267133146765886,0.43856977508032335,0.4242020796076224
8.104522219874317,2.9174223073824357,6.042099828804925,0.22837795595854168,0.2407918097319092
8.87626127712989,3.2540874179965544,6.6589914088362825,1.337347185055721,0.2660946273442142
1.227409885190535,4.309573581594425,5.468322262001518,0.7681773654818849,0.10024138424884235
4.176511072168738,9.353836583207606,6.07267854736743,0.4950877088452767,0.3475910536554659
2.5334711200502693,7.883840109577224,6.929283506909507,1.1250080269880551,0.21017285110456516
8.267087014630405,0.6170856032779535,8.712225456396354,0.051127170590689885,0.1559126022211359
1.6634227066886038,5.346597725146803,4.578389487792967,1.3742349470560578,0.13694068275473487
4.548034316413065,4.692243538907906,0.8210459415129266,1.2802729502889736,0.12629083268097194
1.7144007812400637,9.547065458382816,6.392323664415429,0.9522263445587908,0.14123151568123843
0.7266605644890484,2.29700100662913,2.9204375527293216,1.1117025785126686,0.05809319853366026
9.497212939233963,3.2639228685569193,3.007750668832473,1.6870447971996256,0.27890762271999436
0.3190840216216629,3.2307906056835596,3.5440321027581145,0.5719619506770944,0.023787396844849783
0.8190330580927284,4.299922099410908,5.823101778518447,1.0841612334418487,0.06586821368692165
1.2513727961902967,9.308351691398396,2.4673189131833744,1.3704055400868138,0.10225834559419526
3.641164657178901,4.240716001757508,6.36895822516385,0.9936103773600867,0.1889880295683332
8.63805072720852,4.349221071819775,2.195242914721959,0.14954934184281843,0.29294464643585844
0.6218770790419456,7.981365621545601,4.580343358557193,1.4485957276663404,0.04927356517625122
1.5270272087392684,2.8565484913668366,3.509862342911023,1.314818558868419,0.10632073537283371
3.304900053075542,2.8757782713707285,1.4143980050118745,0.5848012158442881,0.14274802092168618
9.66780379362901,2.5385129189151385,1.1907015174592352,1.6545170455833755,0.18315014850123176
9.305697298918496,4.579615835855987,5.089472364522551,0.7719964473716076,0.31307534654889396
3.9336247597868534,1.2628305288765995,1.7863927107809001,1.9504425493911242,0.10880913368016246
9.234252139065235,0.32882342483720906,2.429264261996731,0.4485359562302541,0.15518182077586504
8.938259426307953,4.6424310121380366,9.901556001890073,0.7436402825632782,0.3074774586700873
4.053397017101311,3.5505328861734125,6.9754347574634075,0.12305386795812417,0.1773548120343035
3.481338766062251,8.446062637663836,7.059997050847118,1.267506943518567,0.2899550849668644
6.5661533644417425,7.147051822835299,4.23804992881438,0.6977444820450878,0.332015840626523
2.603284600187105,9.81958484949499,8.232156467210807,0.34296812911975916,0.216049067496645
3.9449340958027332,5.383617599981988,9.691552345284668,1.900180839721641,0.22815415399035346
5.643625166906335,8.559492993724104,5.727873241750203,0.8440402786697925,0.3542308577138961
3.2279239550470895,8.086905271362916,6.147383752424379,0.988596871823551,0.2686251030842185
6.6902050075674095,0.30923867288632395,1.5963305071656162,1.175648956992748,0.11480064980539617
4.077490015793951,6.896568280856517,9.923919195046295,0.8468214836742727,0.2745625344326435
9.65778701440495,5.6095341292513945,4.109552530993051,1.1191762824013516,0.3499504766555095
6.787935293435139,1.238511651907968,6.4755642690400235,0.7986206662225698,0.16458337206067994
3.6799216270510584,8.965404336544074,0.19450027544572288,0.7337681078253951,0.029917473111601995
6.820109818406587,0.13953382863087593,2.393915581182001,1.572354613296989,0.10757861909134986
0.36320155702197854,2.07861980546638,6.280017571929215,0.7190378143965795,0.027500781010916756
9.108506064121222,0.7633965209817779,2.017936770566915,0.8207596931013346,0.17687329066499888
2.0399337955880124,3.9323359013370798,1.560174811525726,0.0358198356574817,0.12838344700186433
6.169067186365814,8.059989628159016,5.428938878215241,0.7260701058496976,0.35039367736617605
0.6400369787801534,4.8091321743481705,7.867572061669608,0.025675000154628903,0.05080208854407769
6.889125769962002,6.734774622576493,2.7407770254927275,0.1243761569231403,0.3266149018464129
7.326089933866241,0.15346756002796147,3.38421490544702,1.821762614458799,0.11615590309778623
6.993924327179182,8.828694623215355,5.922344528288788,1.5577312596365913,0.3892569249485357
6.112717261578166,1.0583750644928853,3.6078515567165548,0.1575024928369502,0.14557111873057357
3.1440303052791228,5.320061594634122,1.1956051467708044,0.5228612086073394,0.18390441010536726
7.7908612295423305,2.3092161350145473,8.211702399593475,1.278812429164269,0.2168821906474219
1.1393391902969747,3.426790322449167,1.699594018199183,0.6217098409585884,0.09282845379782466
9.886315940671857,6.092226948718594,4.124457985550242,1.5789562801623187,0.36851429021943993
3.4093171972316294,2.2394650782421928,5.333549523831333,0.9559415550821568,0.12646131559264692
2.4214347627759727,1.179955964481449,0.7520424709112312,0.9581231759873469,0.07590271373259881
6.347158509895679,2.9686053521076587,3.3120871844430235,1.8131074054483831,0.2068137125573571
1.429684183783783,7.068652188822266,8.0622041763243,0.7333333305931712,0.11726685536362384
2.058251259941697,1.4695671015050582,5.6497564284733555,0.33366334094064115,0.07694648289786801
0.11960150797309949,7.4080977515918836,7.77982842412321,1.4609096259556538,0.0069969056438296045
6.220719464469092,1.7588485958199618,8.015049323459111,0.6934647400466674,0.16929297384327288
3.4942298692853524,2.720238707534321,0.9838148727864975,1.3406578206556552,0.14207196579033649
7.592338733707641,9.348939041893606,1.2916936855317174,1.9645287846901873,0.19868446193638944
4.6229332379691135,9.916984533875189,6.835987645704542,1.036746418575746,0.3728768729741634
0.9824644808915842,7.505243110742458,1.8873396402621005,0.045084499953055975,0.07962429826491682
9.790324167657932,0.33463486403132375,9.490228600520938,1.103532194666168,0.16409149128854497
5.524384448882797,6.030573519759763,1.8805459052627447,1.1534165924946385,0.27872320211275886
0.46030517064559706,1.8386801207368197,2.530773321782269,1.3301313553696223,0.03567401684619077
1.5233239537185885,6.287871955527329,3.8153643274417095,0.15936942252663364,0.12514853594970768
8.505494199490146,7.100129993676843,7.300572964034102,1.741401879663191,0.3697887921837773
3.6649816143907303,6.485786751075703,7.599877251690711,0.690100089918506,0.25436533356080143
6.524778335844792,9.529807793772274,8.888406581932635,0.2170318099891135,0.40005776713177654
4.335427960448127,2.4171449570116086,6.583657442054258,0.3691399542190322,0.15028314840034887
7.178076068541092,0.7405103212180637,3.7389660721963005,0.7275563061290371,0.14579549143744208
0.7855560819005442,4.422078883652355,9.97296892943526,0.9983582422671613,0.06305046836947995
7.289170438216678,2.056098311015553,2.2752190371686076,1.5015192109444495,0.19944307236657005
5.79970339584577,5.781060071379787,2.8044374174871765,1.297188474061173,0.27706568186578096
3.7674780356237676,4.710210315743727,1.9555659584143943,0.1477467736377552,0.20510796131729536
4.96645983542662,1.667318615780435,7.841966377150858,1.6272265411098368,0.14134050006466475
6.784578050341013,8.78074912183732,1.330859451433477,1.400742601306741,0.2047088229840067
4.133905484826468,6.281894764716882,6.121022696317485,1.4877316699157266,0.25793285003301003
9.60610481573834,0.3851701491479341,2.6606228354677275,0.15356520033249724,0.1639929623093294
0.9928514203666791,3.3875123145284034,2.2916175911687926,0.9730516841178589,0.08049856959552759
2.590444647139469,2.1165234491293425,7.74582808480557,1.858127390255408,0.10638547206005483
4.0459925319900325,2.834594836267352,0.4849040117176937,1.707279795212508,0.0745864857419901
0.25592682129816124,6.990019365202087,4.8827087720463105,1.570734985320743,0.018471433464656035
8.166547700124156,0.7680561215786157,3.12464048543757,0.10009601152701911,0.16256956287033816
0.34165368911317645,0.6108327286767289,9.745206070230271,1.4421197303584787,0.017488538144769954
0.13821377375856894,7.021857397788035,4.508998689618023,0.2727075171166863,0.008563502118341304
9.04695105946262,0.7323530580562571,1.1272072555095476,1.4473663985307743,0.17338365090754276
8.97259320179373,0.09482836859726512,4.077927621185092,0.24307986907390988,0.13839521768199717
4.7081412498417725,2.0302183258491344,5.01737144217629,0.9715341806127331,0.14661860310822294
4.6266219426031725,6.522691093392087,1.9503543572077628,1.9712634470197465,0.2748347276176692
9.852332639727114,1.974929284134981,0.7559602407279822,1.2104247291619608,0.11627954472237557
4.84122007668873,5.087540667818048,5.956878120207059,1.6266920833832075,0.23767965297237614
0.9794108579807025,3.235300056885329,3.904135432284473,1.9894520579661032,0.07936727404985501
2.8298372048904756,8.628681880872135,6.286021251107928,0.37078291913391415,0.23511805140658626
0.22854570079514272,3.447778110841435,2.1470687932818375,1.2696859371188431,0.016166758314708575
2.360454758330437,2.213880303144969,1.6030910044598798,0.8878278834531618,0.10455928372327994
6.87418171539234,6.941239501206924,7.339030226914157,0.06753399456466799,0.2420515575465592
3.651488992456749,2.920843015774662,9.127736143632955,0.21955788776858365,0.1510436536168909
5.007032651049505,2.6585646668679623,9.833401080204393,1.1732705580009677,0.17081240060167216
6.277753414486506,9.043277721267676,2.0440084557541307,0.23077485344658086,0.3144032712816254
7.680368993636296,2.6460721986722935,2.4388418237172624,0.07160551397044974,0.22439010683239632
6.141456175658843,5.812388299226015,1.673890250857519,1.0318704452451208,0.25747279525895844
4.857642978547106,0.5622401360577272,2.530038808604983,1.1889560070327416,0.10023978104053773
0.5874024023767547,6.118314241372977,4.051402534429394,1.1868209512608683,0.04637182289569466
9.96106038736374,0.5842434404365712,8.361868285644514,1.1269486604437804,0.1803053250162704
5.145567158773978,9.329817206715719,0.9930412166587514,0.41375930800151023,0.15274663182338652
8.436451718148552,2.3421519594775746,2.446054959032466,1.1766330742610798,0.23086006062957612
2.5200474160715163,9.838562212939463,9.11793170157923,0.2515445021625323,0.20904297490862325
8.647243218958009,7.517948873084766,4.667116457697432,0.046796174763463524,0.16772422632106102
2.3749597430344096,7.74543103575729,1.6556851574236628,0.05855081036897112,0.19683091269777378
4.2241505755813975,3.998934036770978,3.807205313885014,1.9201781032294685,0.19376166921088056
6.434064952065777,6.3359742194356325,5.490331796445593,1.2484581169519793,0.30590546862899254
8.679551000014055,6.167439004929629,8.89234744027235,0.4766132173877098,0.34633999054126774
1.7264898277932763,9.139654711573682,4.338618154705875,1.9698862333430103,0.1422490534602082
0.38134125735140656,7.622618712916106,7.025151326102318,0.19875542528384627,0.029027604044650775
8.676497744795325,0.03465977014873008,3.249497457251419,1.5376413026309779,0.06321912247580488
0.188171028947011,6.152309882810986,1.501612237277339,1.4338140120775766,0.012768417854245765
5.651613606851008,4.660009695018089,6.711824150782936,1.7214514134978964,0.24167228093406887
5.665872267328905,7.892675709155147,2.48845973610294,0.4492391892077605,0.33540448702143494
9.947058483807144,0.07166427091355966,7.790782441817216,1.747210589356292,0.13071501341709396
5.4730357605846125,7.916021691650975,7.315712376708139,1.3470220871867253,0.3321885501359871
3.9609053693513823,7.390697417404542,3.0513076286232588,1.984685737011541,0.28649371408904817
1.9666302502134703,7.849058665401713,9.504114720744157,0.6645574156996388,0.16246172705649467
6.226529274194691,5.751111548839076,6.623965784486712,1.7646863050693595,0.2848118717110716
1.0591200292702398,7.379281917824864,5.796889571959879,1.1367847608356338,0.08607641521817667
8.703160447644871,0.627600033111073,0.9542089321359224,1.639710093953327,0.1467735658847663
9.172924574443254,6.582973107606373,1.0015752135890275,0.2742472508038473,0.1540593057237448
6.456953341391207,8.190201853733484,5.200790856557415,0.1948964351335773,0.359966196702059
0.7694938322351283,6.843120301183193,3.9776008286032365,0.7505313731628557,0.06169850474041771
2.331898176558716,4.759061862279665,0.6304662147639087,0.13671281317046993,0.09697642874044109
4.814865551037853,1.099077992160868,1.5814878096508913,0.39504958898229114,0.1218560848225346
6.4392780205224565,2.9769851169064383,8.12719505812485,0.5818871192724295,0.2089145986304834
9.630428565249169,8.368967500965233,6.43943469097008,1.410246235237195,0.42916357172467606
1.6674496994901176,2.8282705253042324,8.944867611839635,0.14866713797890796,0.10833657615516509
3.770172541005539,9.475773865794144,2.102689850881402,0.7027458294847756,0.314266289043521
1.3903994510491093,0.4311221331410616,6.950835378994496,0.737787235666766,0.03345388403426398
8.36404236594188,2.096953451072049,0.8813127590694503,1.0038391822641082,0.13556089442471747
1.3932124426173766,3.8730924579765413,1.2014662788300738,0.4453429941055431,0.11419702067167362
5.191048621642395,8.495807184776114,8.51098455426472,1.4692917869584485,0.3432584821483882
4.055373576110271,5.267182021046882,4.08859878575748,1.4733200459979983,0.22701672094210085
6.012524144887644,1.8500201235636047,6.332747562643074,1.0742372729718035,0.16772773613595354
1.2194293048623097,4.029840780238328,5.182493839605969,0.13745470361039855,0.0995696569847017
5.861566826205476,2.231114613424305,6.906152082221001,1.811663843383472,0.17569797544614016
6.328381098836309,0.9353293067530434,2.7747564728735865,1.4709327132506078,0.14325965434355484
7.524991344523714,2.1438831008449455,4.852047757766745,0.4244896164912078,0.2067386708869235
4.925859246963598,7.019071232761554,3.343236639431503,1.198619385969153,0.2952208455078139
7.117396047298126,1.497253748589766,8.447918986668741,1.9568710356870076,0.17958929021619188
2.6346105525298738,8.215524399735092,6.9591456321467495,1.2098014116719726,0.21868577998101454
8.01255074579113,7.135923047679448,2.5076787786919477,1.2169196243962526,0.3608775189345383
5.217671882274239,4.634598437961149,8.11118783743585,1.363745149036633,0.23218226942820774
3.8943519699577074,2.331813799076834,8.429622373685296,0.715782829238435,0.1389171344983068
3.9751373608109275,4.404811188232125,2.2101426486636098,1.5500044432593794,0.2004698505037133
6.593430438747654,6.010588513775019,6.820130350050111,1.7333307779444025,0.2997152140716028
5.981462086633001,1.9315259200602475,5.310658225351686,1.5636960898380428,0.16945704320777133
9.080958571341286,8.40268676763712,4.685663809831836,0.6036852619183286,0.4190518399322332
3.4150485387037124,7.4891991402296165,9.631980416974553,0.3871041534440017,0.2783275067612811
6.35265864091949,0.11139210950821965,9.079263331311466,1.6585273214637462,0.09882407544787965
5.234454994521904,3.673217719062498,8.839257241300947,1.7457670942263686,0.20473090584106698
7.984769368748437,9.372020603364797,0.2470368053758348,0.4878833788432839,0.03799849108423405
6.6050169750979535,0.541505270582575,1.5650475203209158,0.5026746490051188,0.12611623346125453
9.312313465426424,9.73860704990926,0.7351068773720751,0.04982935214515113,0.11307194270005226
5.906833391966807,8.544955309229142,3.247269581698685,1.077922465761148,0.35912127165480767
7.457089065920221,1.1231513783674028,0.5949838618715698,0.6412207106533692,0.09151863923381205
3.702200021944511,5.735501248252726,4.032749039716008,0.5445298752033021,0.233428272856589
3.8840755681103687,9.464736891708595,6.024813393014956,1.8540587439105791,0.3238535325625239
2.1498127456676586,1.573574472424188,4.998882584684772,0.3254408784681367,0.08180037564372522
7.794956716017766,1.8580096213601118,3.2325552222364577,1.9764525515451437,0.2039220986234024
1.0139927105122901,3.545916239287486,2.1916789028870154,1.7771070682695351,0.08227801204138441
9.773045361198898,2.8850013655776467,7.13493913914489,1.4888169873302293,0.2735197505303331
5.314354341921097,1.8939989502023642,2.6231092633362922,0.9152189003949651,0.15491231515025491
5.571651082860429,3.035583904486698,2.602097859619779,0.7668795140266893,0.1931027195487167
8.134956664618528,6.507540671076003,7.580730508510833,0.484452299396082,0.3451830240782622
3.010426437538929,3.91154694500678,7.036507432906912,1.1003647846255917,0.16674681179729603
9.432680494099877,6.961848628917496,7.11836789011068,1.4240204530730767,0.38449904515468236
6.24606788229248,4.1034331890737805,9.849317806939023,1.0217961223976066,0.2375777576376787
8.461841367999883,2.5913007796303282,7.3902771739938595,0.25905430277161934,0.2385743155926796
5.030698521746314,9.032786398891078,8.075162208123725,0.07814833024911488,0.2800948644954526
5.359648580653146,7.54191410073565,5.411604594041595,0.5289547728458945,0.3190867052476182
7.309725549924703,7.646930023263401,6.00527129278789,1.6514197054023143,0.36146823840142744
7.349163733522752,4.892958980665734,2.327886576412364,1.4016997082168596,0.2826567671053572
5.995504285782817,6.2908339811486025,4.272395843983714,0.6427560907695018,0.29575197015078053
7.780368639669583,0.9294900918383271,4.963360946972124,0.741930377484707,0.1653812772419346
0.9682910435542027,8.49113509573174,7.488878460368813,1.9028889666883615,0.07843131644866579
8.736171290206261,5.5994966788408,2.240361228057513,1.5555905668831222,0.33106526599806874
6.8687246320044695,6.473455640514399,8.261876071361733,1.3140618743970873,0.3186495033217446
0.4095453139936198,9.583340549909224,7.649309965058405,1.675777707511959,0.031401546647122476
5.398825233339295,2.2717305724978782,2.110411807805884,1.1901785651397896,0.16753548532421897
0.46157863017237144,4.487028731000527,0.15943424120081384,1.1384423882723853,0.02452371655133762
9.511398021369004,4.373234807610201,8.351860970887524,1.5406221848885093,0.31125996779205917
6.643788412037755,6.684805478997768,9.299628532788484,1.3933052598601559,0.3202204053612124
4.515092197549966,2.37140511606896,1.7101610966193987,1.0760320090537048,0.15258598947844781
3.243742767734846,7.123593381838561,7.523792937868346,1.5734029874174165,0.26430281885875434
0.634204899652919,7.635185294424435,7.7942770767530964,1.5717080479698606,0.05031120096443776
8.474579247864746,9.886888787063072,4.82083580641059,0.4310447020038245,0.4497200068449689
7.219359270361535,2.40349072428067,7.056687951628823,0.43545809577690714,0.20807636109166783
7.503162260096361,7.587754196855868,7.21174443423682,1.8276121390252227,0.36366057600690266
6.175219000613945,0.30472719334143816,7.631849652934141,0.30869447721155713,0.10659662777690798
4.8959117670697685,5.527394048015811,8.519338017472462,1.2227910651729572,0.25149769246304104
5.540756816312846,0.17605814465648817,4.972584702189657,1.0871775093074008,0.089793755161167
1.91266266462396,5.5340202195120085,5.830142067016998,1.1898098733689,0.15791926318761826
6.8975340313004665,4.901166125148682,1.6617322335418117,0.011682221110677134,0.041870762031255365
2.30061490249395,2.7788526740267825,0.4547167084142937,0.2036602152989131,0.06994316497536521
6.64552917056163,0.5969346132260834,3.093783429027355,1.5171149229834475,0.1297569037387383
8.570863110234033,4.707912806964828,1.9833235964884213,0.740051506577486,0.30177289796829815
3.1092673006323683,0.0951022091027849,5.86123414950823,1.342515492021733,0.04781432969418451
8.470091690785337,3.7878577497075065,5.93025289113948,1.835632312704453,0.2733288512333439
9.561491257360366,4.949947178650549,4.543432052015659,0.02459892999725842,0.08816610594730152
1.929719140991134,8.15505303617639,8.293791326479585,0.5072811739099747,0.15935491065603638
2.1199532960096916,7.29713497177357,7.908631271991205,1.0168833101363277,0.1753669624526604
1.245131702444808,4.410263244033852,5.509717009136101,1.4916490816915056,0.10173303132394527
7.368680239233139,7.239109641722953,7.261746007642835,1.3509054460744634,0.35086915206110664
2.708313822748121,9.057951269676908,2.200044803848974,0.826850444065942,0.22488940088284412
4.913897894225401,4.6122729404756075,3.972839354901098,1.97994444012092,0.22540779727077367
0.33296969969996904,0.7089811646466638,7.054683345039233,0.36949519980825435,0.02015043680325256
5.554568964635366,5.9800593394595545,4.880011923018668,0.8949707227387073,0.27787204315003183
1.5661368730534155,8.435090832250236,2.2685050774573536,0.1418591694011129,0.12875210904039167
8.03169020710721,5.178334354345363,8.10210656137135,1.9217800531484723,0.30467698065251647
8.887000673022781,3.4558671112874464,6.969477283232909,1.7026328009012714,0.2721440224288422
6.233079590240118,7.310628506357546,9.738369564526531,1.9932882557925604,0.3300239486678408
9.377818401541761,6.455138125654885,0.16635971787625708,0.36752397004399057,0.02558897346038377
7.932627207173801,4.497409011360382,5.514340427475811,1.4371193724792457,0.28299517330356355
2.473601921075644,3.818770954943468,5.329459023180963,1.3864180451746955,0.15323370884482043
3.722486804883981,1.769373478960836,4.524029221886656,1.0042009431586356,0.11919138758164813
5.591300592687587,1.0475772345163756,1.9241373665588113,1.9495391394323611,0.13531522451588737
3.3021256495888855,9.262345521922034,9.927729644237273,0.45673201125432017,0.27487067647394214
8.843618128480419,2.355116806146533,9.306486109828379,1.181863817530705,0.23945005747165313
8.57921938213831,1.424806887743758,0.23563454375531828,1.079230259172501,0.03624462798728882
6.306871756852255,6.66848866516351,0.7092127142938751,1.6486860156434022,0.10908897993097252
6.192497544205991,7.058170634033173,0.7917716433549918,1.5861233848640188,0.12178794763691174
3.7564217154758883,3.581258941967592,8.950824682554066,0.09051751895934725,0.1722510399785529
4.821728510139987,9.07140452528586,6.417342562400296,0.27061438428245266,0.352445268245688
5.965283926387419,1.9013054046694056,4.501641944117532,0.20576782501518368,0.16825705883211192
8.863724935017165,2.1703533272676863,5.91112237980099,0.797231170752002,0.2345149099715451
3.518245290631789,1.2117838243012884,5.674536150135359,0.139069234076456,0.09895264564828163
6.956767715513993,0.6436027225760252,3.0824114938909477,1.8648851108535525,0.13710492390040244
2.6215206046610744,1.7877764952301294,7.911547140182251,0.16578052292076215,0.09750961014641814
8.008477998624167,3.2413703949828703,0.9459010435856421,0.9226287611623598,0.1454956712996347
1.5621976451494,3.3405425081438453,3.21465443470299,1.0128253923508137,0.12102085269494395
9.422077652685438,0.382193537521246,5.063920596003691,1.6132360631250677,0.16098709637648764
1.8507964308916356,6.866958690138786,8.121135822222257,1.7641501287759203,0.15271196832047434
9.452919398288415,2.473010636244432,2.7698390718509445,1.9575691203427927,0.25515155893928027
7.994109706716235,7.869966678813405,9.773865966393878,1.1497677034982088,0.381723950024021
8.922306817012856,1.6117223171424147,0.7753457442612202,1.2537754679480073,0.11926136493405393
0.7756032697268951,9.189699039787909,3.045509864449064,1.601761852819563,0.06221271708839927
7.562123028824197,5.889101372740911,2.187130992027913,0.47702257351740257,0.3157483820427149
2.230843754539507,7.032352237819982,8.185899675366437,1.605821927441328,0.18470063739424797
2.4560788668192277,4.206653328108505,8.325428813915519,1.587786136818558,0.16409240972055783
2.8461533890385238,2.8625596353576843,3.7671883160120956,1.6249396472961377,0.13310997370171943
1.6037595365571378,2.6333944071961852,0.7442539334118855,0.5239054993337787,0.10141839420600222
3.4616242630016254,1.6484505429451652,3.1954179194575665,0.40017514622343886,0.11043263195442503
7.075116839761015,3.7117375823304055,8.97728604465122,0.8037507022230191,0.24298265751644615
9.147474482007825,7.5573584370086335,0.4082806253467406,0.20895638759976337,0.0628005518388053
7.2284627141403615,9.484200047936008,6.164031909310689,1.0314574268668115,0.4129373673779747
3.5967169237203462,5.658080648891115,0.826806429223316,1.6183184162023165,0.12717689368297386
0.10835583130904547,9.399742763330023,1.780344788085804,1.5605285203337587,0.006050349674806464
2.207267054056705,9.791968679416913,4.157129967526049,1.8513225398771935,0.18271618118927643
5.1864746280882486,2.2653919422596234,7.833356441847834,0.9007479132008394,0.16306774717639275
3.3839621580627686,4.188043470841329,2.5648399827922743,0.11807120086500189,0.18227598995576488
2.979530953077331,7.812830497285184,0.34076451805737606,0.9436157381991602,0.05241541834838153
5.91807806025652,6.763152572150539,1.9306965458445193,1.9399463056581727,0.2969739719797947
6.883046836177802,9.673592706622792,8.225221604342375,1.8869085565104968,0.4114426989546041
9.352651299730262,9.408687069559075,6.398011535478828,1.6878281026681696,0.4536134514158498
7.942946303550602,5.41420941351721,4.414078609045542,0.057576842989117964,0.20636369304037805
6.368654641989052,9.427023729637918,4.475304952500626,1.285642596862998,0.39393661278730524
7.9994514893406805,6.6171625385788655,5.519340150092263,0.4970405993687085,0.34561775741633044
1.0418247244417915,0.198191278977819,1.3406375565860655,1.8924705650780838,0.01968765387635037
9.152415835549782,8.200791426344118,8.526587281592017,1.9879886167929368,0.4146575503933088
5.024452728719572,3.656011258834763,1.184776812299353,0.9772587980309037,0.18223882806205396
4.783262287793612,2.110182596276868,5.168086307203075,0.1643336954885744,0.15044576336560442
9.470129387298181,0.5237148820028901,9.336505066192796,1.2075954576135217,0.16942649783099809
4.652867171703957,0.12944347319384622,3.1387444322234153,0.07416026544646664,0.07353700032067834
1.089956487242054,3.3033999297280263,5.3185397917601005,0.6582872097416566,0.0886719277083571
0.8401808882171246,8.380346171819939,7.077210295656255,0.7112828848848403,0.06764825217454398
0.6744163993557643,6.592468303917648,4.099615797633919,0.4389029913937962,0.05369581309541021
0.1510932277271561,1.9831509263877123,9.868948098322475,0.40710066878107853,0.00964756903188415
7.225317702356913,6.445105218339143,5.196188655611272,0.09445259203856222,0.32502482964773705
4.665630059234955,2.2408599971803667,4.871298907832788,1.7618733132687214,0.15184975008905574
0.154797622243718,7.788415990790486,1.4760943397545692,0.7649007982652563,0.009959372655237157
3.920566961832025,0.8132569361542359,9.888941576093556,0.4912231916215715,0.09553840172986913
5.628828197589071,3.3522861070144616,8.025782079395725,1.6782092794014458,0.20341105768705192
6.5087805748530405,6.736095018910085,4.573166408187958,1.7964976954487608,0.31897899969824967
3.5066765063647813,2.5266352188880563,3.9433719973166617,0.5654068938537413,0.13672672992223256
0.9611904823701131,7.563725395393482,0.5738837866029777,0.3821766908424358,0.07783366041250757
8.35999400285161,1.5467875278588146,5.2494008272444015,1.7270293521382782,0.20496951476717756
1.4860703456988984,7.7926067028418675,9.985300096567752,0.5940539327073897,0.122012894130694
5.440890219898761,5.473150876830023,9.27253482919648,0.3777204507606032,0.26092552947780967
8.776701383857619,3.758609567165791,3.8771018179109626,1.9313270039212302,0.2786697323719769
8.25638058955271,7.85437546994034,8.970516332529648,0.2542242448120333,0.38656499806822187
2.2523553435377637,2.9564254039781575,1.617016494017262,0.8210394197342238,0.12384246710960828
6.986852025749825,9.754321261691851,6.917805179666828,0.5304626233957016,0.41587070031181667
0.4270775328044726,6.143474143484272,1.6105676785871341,1.4496703763858778,0.03287723812508938
6.28423696773682,6.496956918088906,6.59246889700765,1.917724099476706,0.30753586969021063
6.360968886474405,1.3811888676604822,3.300756234101152,0.13591964343276874,0.16120597202647954
7.529042951224577,2.26124750906106,3.3315972666539717,0.13203850602925407,0.21021299297486193
8.752833854239014,4.053759943180749,0.47231824646519815,1.106270189459639,0.07265058028848333
1.353026590747706,3.616931115612984,3.1488905773224056,0.9213552697106386,0.11081456844291546
4.288542543301792,3.5971672962306913,7.546524640222994,0.3494444250770405,0.1834472771732
5.1574042028073634,2.4840652757512567,2.003479852042492,0.4067879917541248,0.16880224888796141
9.868480026490818,1.0674428054051082,7.158984805796184,0.4050716292975812,0.20515393859214548
0.46791413659790815,5.090663781163088,3.629274730175851,0.9469684057833598,0.036314465444034466
1.0077533579921891,6.686676233567612,1.2747294584041644,1.9708770164788705,0.081752869465839
9.196312063969403,1.3684538915782596,7.179982060760245,1.5926610902576226,0.21113700834337298
6.415374717357347,4.753274598130108,8.84808797045432,1.7514833915784918,0.25977832372123566
2.310283687436674,1.2786894458040585,5.742354126580739,1.5148371770802809,0.07651408668680047
7.658459411472109,4.679455163777562,6.771725653253983,0.10825423098957734,0.2827256878488028
4.4805641817372965,2.9459104710058654,1.4011166506980979,0.32942956421458,0.16849617392280528
1.126338596409132,5.123373904142205,9.943015587381506,0.10141219508422915,0.0917342190664811
3.907910822189513,8.312693316720631,6.574614780613045,0.13036069233597378,0.3120759836702715
0.3301063583937522,8.033658925854843,7.918188887569117,0.940104570338651,0.024715149732021362
6.637561574367229,9.245773051334572,6.2341740276809094,1.211791944174051,0.394122946185575
9.764345606938683,7.934297408355945,8.414332093618329,0.05546184973701097,0.19878325371907835
5.784545696194534,0.6505162781191629,3.4274474289214645,1.646704163934941,0.11936525595703214
9.597517867898802,0.9544812700002702,5.871510627729539,0.5058203680127269,0.19482290940219588
8.803834516985889,4.801137457772303,4.31745004643797,0.9272081242482307,0.309352843173003
0.9649722574031318,1.1449343869799646,9.511169353522485,0.6148688343594523,0.04550390979299699
3.1137633976110934,1.9264512018181037,3.493512895407489,1.390965371431618,0.11144996422887206
7.282230207101607,1.8658104257854813,7.626439403212013,1.1748205264960645,0.19380251749251168
5.426040282125099,2.9954504928044328,6.508546869885835,1.7199038955203212,0.18900468008165083
4.958006884539152,2.741453122741024,8.329691306044424,0.2411356977859324,0.17221922886460098
9.016909635957223,8.633205931101312,6.783737975767064,0.18074677086721558,0.4244230139898458
2.3915063807461947,1.7241870421395868,5.002092116004091,0.7240221909474867,0.09103056877039631
4.2727666233259365,3.1835320169827988,1.533339674310147,0.7449550286627373,0.17117229443187199
6.421158702883844,5.6683277402084205,5.455314069653993,1.2129268759578313,0.2863458541555479
6.276582700044604,7.947199912933469,9.15193473419618,0.08529173501828169,0.3056978568643177
2.5732504378470575,1.462278189861694,1.2098714425100094,1.0330685404778375,0.08712671568693997
3.3473361870658023,1.509844908091128,0.19019722517534843,0.8839618142042158,0.029255590291775792
2.0179435887924484,9.038620750154035,0.14892876380180944,0.6838942241117925,0.02290779422480869
0.910389545182832,2.6952291034640523,6.323958779431548,1.4938674951452564,0.07355771001560021
8.833500678926713,9.616834460010098,4.595884120189518,0.8846139909397792,0.44915553839596883
9.280331189574664,0.9713382672601152,4.530889135493727,0.4172606901110143,0.19083785321301458
8.600599186559442,1.7711463342607467,1.5165711224984624,0.6608709187152365,0.21712124404142955
2.168781188981909,0.063368864805639,9.805266078899905,0.9761867662181565,0.03155407716577627
6.342899143550371,8.648760382893725,2.8266194520181767,0.3110825402994827,0.370920216425401
4.246828594260493,1.0130526389820533,4.789863897717735,0.1626923525350896,0.10790835733144871
7.10838897381757,5.333702398167778,5.023361604271291,1.9925292276786013,0.2905390281865016
2.553434080062598,7.494424873065846,4.372792141412521,0.018998382582320054,0.06809293785419487
2.127926650613149,7.534626736607882,7.593193072682688,1.7404826623047913,0.17603808151059622
8.190802388485865,4.406069809151639,2.311548619821138,0.27145561363084636,0.28556398745414946
5.56943895255277,7.9610430216453585,0.3848281589409235,1.6072645173847542,0.059193117186854244
8.48451867473342,8.788968763984936,2.7966706873830423,0.3022772243263247,0.4181837106404572
4.27821489796277,6.557552026650936,7.544647625310526,1.781669237998461,0.2688127623861681
1.795013637043119,5.847500777371502,6.011343640592612,0.22574259805398908,0.14801671796242952
1.67944071532896,4.971363369606329,9.173395020343326,1.3448273170094935,0.13828891903697466
2.5279535727076703,3.0819053090134823,8.776186787801606,1.2618254110482057,0.13303025745224856
3.215060327330622,4.2221744347560195,2.7897051555423427,1.4321229759158156,0.1798547275181015
6.21297070330962,9.324422132429198,3.212987353856901,1.6225550298795333,0.38782960565317964
4.31396667887729,6.387683915024355,7.368876319418222,0.3210886044089296,0.26462384757792295
2.457640885559079,3.362078560393944,2.2510609789725393,0.5643778906202944,0.1397103751904373
3.5831563185567044,3.011786149695488,0.4321353885629694,0.3245878488718748,0.06646977384968245
6.966717562052226,0.8021539885789304,7.852182049402099,0.6060655656369817,0.14588169283464708
9.346893731223746,3.003446868027644,4.897201145719749,1.642406398884695,0.26834528774321126
8.512136972274131,0.7507283524077624,1.3344273915356133,0.3604712814742501,0.16696795291413286
9.095634528562758,1.6759875188666442,2.690133931703701,1.070276060080299,0.22336070569759933
9.589760045571072,3.2459131999475503,2.8734045554781957,0.32307014513673254,0.28025431449704963
9.650485818410845,1.4162708849975028,6.05674815701788,1.7320321597551727,0.2207564510062376
0.8790437062932538,2.5976212267713,3.4833741125834274,0.19157319878200174,0.07091934543085766
1.4249489799557153,7.735425733965703,8.257025982613163,0.6748317469531694,0.11686829218786078
6.208286424268035,7.309488322070741,4.164060169952175,1.0885833516164305,0.32949074851965093
4.898646575382444,2.046929357417407,7.824038602470897,0.428110008541864,0.15094540602170756
5.89012505191924,6.839736407246578,8.793594055848388,1.071739825363673,0.309492531705298
7.186063958004445,4.33351048285989,7.928845127548891,0.7801602519092902,0.2631943657752059
6.379657439483413,6.321896867692405,6.328417750116527,1.554700908249633,0.30440078583184615
5.221401410634127,6.529522622573644,4.90938310772476,1.718313359843075,0.287032824940953
4.497103060384029,2.1498166440878697,4.743066464293538,1.3977122164676705,0.1458177278486218
1.6213818673641205,3.9817435261393515,3.0634034340159535,1.977781638378903,0.1334020926898627
0.8531752478838941,6.279468374434472,9.526258285995008,0.22639793647283477,0.06874199072414743
7.844952624022248,3.006791116438234,4.058340024149537,1.4645072851675003,0.23813790421021327
3.4540784351875065,4.701643536912786,4.721905795685106,0.1973233261593051,0.19853699118251744
0.8876807767581707,4.133323136423021,6.585337114476238,0.38381199330395094,0.07164632984297005
7.870973620936661,4.062769424732814,9.638863014340284,1.2443272708459607,0.2691873781225106
7.093607592196428,8.501856926070326,8.926935580534641,0.37583096313922926,0.38182051478586815
5.330553352008806,6.479003359071252,7.242235761485054,0.8488895067375141,0.28777481259888804
2.4650459238033307,3.701061387200704,7.234587911352191,0.5620848762191473,0.14965852620879336
1.025001469018222,1.8419392523890665,9.672377756405504,1.911478468183296,0.0668629393305046
6.711550825576784,6.4150757817722015,7.7142596343383225,0.04107343627055049,0.14721310753493258
1.1060159131311529,4.237356572342936,7.439747588112433,0.42941127883157887,0.09002362391494782
9.38915151362514,5.234394777672684,1.9032183483652618,1.6958417115949993,0.2927473577737308
8.087031238295912,7.728505751532174,7.675872181373028,0.5484781359838931,0.3795096734539533
3.8084913767391186,3.0461488820610496,4.938042623494416,0.7232720889449555,0.15783355961523782
7.727854096999175,8.923190617035548,4.418228468982723,1.12615537928644,0.4067966592507534
5.745764283099807,9.418597660768448,0.41926628252989884,0.04848492889547732,0.06449028642443409
7.330086413387207,0.47495192150890364,8.602076108984862,0.8344818721682613,0.1337019742507138
7.782562639807973,2.638136231125569,8.623146421383836,1.8401720985420387,0.22622262666674542
1.084257881496124,5.1178610063489485,1.3025327136443765,1.5154398811555339,0.0881922746170812
4.561106073285052,4.545258677040757,7.4942960982322315,0.6275935173665581,0.21635252400458568
5.938986573774737,7.039538600747112,4.773265028723654,1.379792264642013,0.31625393912164396
7.266604645834392,9.984878072275132,2.2221110036964054,0.835291643790737,0.34179847287139065
8.52668809101944,7.896024912316911,0.35358566118254064,0.9415805600867172,0.054387489563022466
7.234028692510921,4.554226459334095,3.6025880067862452,1.429261989341932,0.2705422198189168
0.5552433445541144,4.996529754954656,1.0299181070789172,1.7144588949057367,0.04366498684054844
5.090520829926119,2.6604489122311366,7.4675357636910995,1.9072404565537848,0.1725513741754711
9.134013731065892,6.661601378420863,6.689435169397683,1.634980254360239,0.3697939211161463
5.584358758766578,7.771055218362706,5.5329432426917435,1.3319579708131701,0.3302442199821805
6.07464398176332,8.912679173665865,5.235337488783103,1.6468364735760006,0.3731366653867171
0.3829303206649921,1.3212348133425154,5.371137955135248,0.24946060693409866,0.029161356060345506
4.235802399712761,4.822386401192183,6.99488198037179,0.5775354757577947,0.2177997502030971
8.65284204390692,9.27102552023151,5.28699368718315,0.059396391898417694,0.21288521824206139
4.808344619624573,7.335885682539861,5.071749199225513,0.3462894005286786,0.30200774423204235
9.923143446889245,4.9622185685402425,2.1701227325424126,0.7523362697765901,0.33380179239138513
9.09395945386653,1.5586826830026987,4.363580986604784,0.1616571990230406,0.21914243024859098
8.595634601753742,3.6252416347034995,6.090782028345399,0.9308980124705684,0.2711612440719813
2.129921746052405,9.28459462994914,0.8464034637018807,1.683751206042274,0.13019125095241532
5.674456413902222,6.8037993397403715,6.74146472889379,0.6131552688391574,0.30410226472814617
4.599238631250704,5.901758015884845,0.5406418661814187,0.028271460771623118,0.08315997731829745
3.913237760014676,0.2556207246455512,3.6333123122446476,0.7213099564389002,0.06896898554942572
0.6039674048379601,4.848238233717387,5.805558200992762,1.2962190549754888,0.047766103355117155
3.0681210467654227,4.564092663744099,5.096115837762364,0.27621219478795367,0.1867735951681736
6.042965256006395,5.327892705591739,4.981164375163712,0.25296282980105733,0.26887447123100316
3.4740458754975063,0.4635214063987317,7.884826822220952,1.986460417335987,0.07348858061754499
0.2406796333105025,6.880689022418216,1.3954877760229392,0.7061865535476181,0.017188086015998836
1.8548804362696396,5.431038699054086,8.769531007549858,1.8987987463665754,0.15305571997560455
3.4510371455672635,7.658503686884213,5.244988484692668,1.028019110909816,0.28394760753446907
1.2347673246317807,6.399002168108122,3.399693836330972,0.24455437454281237,0.10086069262753276
5.716867270588576,8.670246803331143,1.7770258134746764,1.5978854276146874,0.27333679923659066
6.4207152375794365,2.565711497489849,4.283280625106255,1.3030406343990766,0.19665165341268626
2.1614441185486397,0.8195672027311303,0.7063624049700415,1.7282598283777777,0.06023946722830688
8.281721492712682,1.699161185288691,6.464406908276325,0.9060645897260377,0.2086106927849177
2.253542159383694,8.489625880758826,8.416109797700788,0.6007799548685951,0.18661116725696938
4.035547977402111,7.246810617080054,2.6535279463833272,1.121915297478026,0.283840508039991
3.6299610957538926,2.7905081174309143,1.1080905409629698,0.26835102706595815,0.14684179026418187
5.7886903061025015,5.557676047747718,2.9125956171759184,1.4629098083128784,0.2703862626407055
5.7737402043399335,1.4392735686412954,3.9160599829245215,0.28488120493799524,0.15103671391092527
8.7673245510016,9.90994399071851,1.5103163854813826,0.6224827084669063,0.23231235219642174
3.5671909801120747,6.19245342039846,7.726765758157425,1.7130007890525267,0.2439130613464045
0.68873685538873,5.199446826283189,1.8237163485250396,0.8666580984218292,0.05490116951256468
7.836184427895785,0.918662223862176,2.129211534112057,1.5069257235956912,0.16565497534807322
3.1612806197460883,2.7022181061059865,5.163823863503749,0.8697141667339288,0.13483327502628836
3.375155767866084,5.002729678466423,1.4848780420309202,1.3892102455956437,0.2056478964639663
0.9339711806022205,0.3697947698059844,6.612161038300473,0.5047557054688351,0.02247196504873171
9.157144718720104,7.387783103200437,4.02182913280077,1.8901156706494089,0.39125187517268556
0.8044477393728788,6.957770113487626,5.0151704564341015,0.41065624825969815,0.06464058397142304
5.947589261869378,2.1638090322478956,0.5897454578377096,1.1557715298782913,0.09071288362123074
8.066264558300412,2.5192292764816795,5.862715525199709,1.4254443814982585,0.2285096008021704
2.9330137708070794,9.312191367052215,6.501731973353793,0.5751170365095554,0.2438024462645621
9.294637432621485,5.421155504471534,1.8975890136292497,0.9277998105827948,0.29188147033028966
1.8659764143144644,9.867196808833548,2.782372035604316,1.5676777281713958,0.15398967095391625
7.543086019730703,3.571237687468332,1.3745158401048323,1.1506471290030904,0.2114239182038435
0.28710824702764437,2.3464066028986346,8.766103911696348,0.5038606175159736,0.021095988731400298
4.084779925983292,9.962237421126636,4.394251925361075,0.08174010367175011,0.2929682974520438
2.5089820586796625,9.555033595213924,1.545153138805005,0.04931432776567779,0.17674964915034644
3.8397348592018905,6.790740733728461,5.281607022827322,0.7453781632688093,0.2667063594120402
6.428042497792323,6.893284185651888,5.07679376397645,1.9187236241992178,0.321893742565019
1.9660394385329,7.091390767881131,7.377738220318313,0.24804299695199386,0.16241199830389283
9.841546537686517,5.793847676971725,2.635357148689841,1.269626611315249,0.3589859461314337
2.1798226304327457,4.140234385869926,9.892473172396537,1.7484480716892548,0.15659857229755922
0.873017918392746,0.3648186252811001,9.064202028683642,1.3611878388375886,0.02109829344744867
0.9052696716391597,8.064231550066172,3.9593799502186635,0.5370576676189568,0.07312676909316172
1.5556580287934991,1.911699447025259,9.033336443880096,1.1486651355378061,0.07958631005756178
4.02029831950692,6.781484395098264,6.984475420063354,0.23964940538407048,0.27008194795634344
1.8401801250636267,1.5673436621732355,9.3662506787325,0.6998237769062116,0.0753729328436422
3.0772524932057186,4.674073093582371,9.451337746686058,0.4415507408827204,0.19013696738627164
5.0460248606941756,9.089512020975695,2.5520162267053514,0.8857110355079625,0.3574942255512732
8.209113478235082,9.989477978619027,9.350792067871804,1.4717700787604893,0.44732928938536853
0.22294918360977103,9.125685597123985,1.9664441498818725,0.7929741409942485,0.015695703099006246
4.456953290381881,1.8782281718680074,6.865071817363149,0.5694140643096071,0.13715700829066488
6.475594716403473,2.754181827966522,2.0467295436602444,1.6121394264522844,0.2032069201064601
7.2989362070518675,6.130916679203957,2.3579468502717025,0.4328942065709477,0.31742816219332515
0.8018049229364399,2.2174727692182996,6.453738186601896,0.7252303350280622,0.06441813744152966
8.899920707427329,7.241657337318278,1.377814638722856,1.3134194349586408,0.21193132954745578
6.723258759572872,3.4936995670328015,7.411927357475526,1.9635572157026968,0.2295806813456624
8.913930420137193,2.6883870450471328,2.0253036546468057,1.8303006174610308,0.25050233986959214
6.5455767186600955,7.064910365826565,7.080865863737593,0.08682728060619646,0.31120147184690927
2.882033248738691,9.022262427027547,8.191405124179319,1.759114606362257,0.23951140420695521
4.526887780818091,4.8172717544493935,4.568047195352055,0.7144126633994673,0.2235250156094676
5.390259704696148,0.4098340799836591,9.38018898613265,0.06523162278582546,0.10018215486564354
2.939970853944076,5.5508452473335135,1.1722375057880976,1.1956031264196696,0.18031006941350927
0.31167375547631054,4.344200251795629,3.7982213339467736,0.31566227208731473,0.023163672738346013
7.599865246390971,1.3770143423142591,7.585357694720773,0.5593584959773004,0.184743789680658
4.587117583042186,8.700684641728799,2.829320813552353,0.6049727032555937,0.33699546741640757
2.0240483187442404,2.909547840385222,7.962627813900346,1.6345294146441094,0.11788094445269012
1.80237063209405,7.47597013508452,8.752653691518923,0.6030092138909394,0.14863595789761178
5.9019727003433715,9.99058809824684,8.458159162368634,1.5898034827987109,0.400811139852554
7.443455233346445,9.975926044817134,3.4713138973387108,0.8380712970165165,0.4314891783938281
3.1800829683649954,4.145128023129606,1.9974360409841725,1.6168113364107728,0.17692187450121205
8.026445411213826,4.543660229350265,8.179254192031472,0.49345766575664146,0.2862250579954524
1.1685641863229057,0.870338196988105,9.459630613066869,1.8680221167927535,0.04167413215468473
9.050227034539498,8.669396378189102,0.15894700728039535,0.1759308372397106,0.024448771630707366
5.728776611801773,5.972017068331703,5.152211457205922,0.9998657800852202,0.28115448728094206
9.730453977120323,8.688940922990145,0.15094639915093672,1.6809081715080174,0.02321814109279143
0.2184381134980773,0.452636891007941,6.801707973831188,0.8129483927882168,0.010429605080983461
1.6498879780196618,8.978280740394505,6.546218484777763,0.6056812210958545,0.13580145846249322
0.2585635350682758,3.9279352520256214,1.5782886869743566,1.7081185291054282,0.018693372111808982
7.768205757583153,6.060665873518461,7.529164740022852,1.2390246364145974,0.324865729560784
6.090597889872268,1.1635152310948824,3.7187283099747637,1.2174146561844377,0.1487496511150253
5.2565562262851735,0.04629776918749232,6.848252940956894,0.8737776866400574,0.078279328412349
9.974891679807346,3.882254108775057,7.702194978595566,0.060264290179172904,0.21599589060774252
9.119576983922897,4.390332695842615,8.264191577054927,1.997073629124264,0.3038485916594451
8.885449010065125,6.433372634793736,5.312384702553308,0.34830655162722923,0.35818147637867315
0.7141826346410827,5.100782215753088,1.366540459901375,1.2685448849402217,0.05704294720740313
4.2993638177379,8.508921850440634,2.7547831595263084,0.1048634571665316,0.32564641820744883
0.930034884454846,8.376652554029459,4.72645815462562,0.38968900375319754,0.07521128583232638
9.406846449308894,9.808707946615758,9.435806467428574,1.0204152970888936,0.4662700608713972
1.4767687694506018,4.459121885540935,8.108507491186526,0.6604069962327327,0.12122997557432355
8.685587191403298,6.364841409013939,4.402359421804271,0.15241265962891645,0.35216795961362424
7.318792497481405,1.2537563619439276,3.4446830467643372,1.1522248138832496,0.17507644806743547
2.837797125988213,5.835951825060156,7.811609873612403,0.2880264383796855,0.21889122563656635
9.014162752861196,2.3694270982548438,3.5700630779551794,1.5233783034317845,0.24330472488410743
1.4094649608441674,9.73319507041966,2.967986838893794,0.9848630036981826,0.11556499880182357
3.100511346640246,9.16093567659208,2.8390656736751185,0.9333129918971781,0.2579007550556118
0.9451376778493944,1.5266152866990046,9.524688277393144,0.2925584236384927,0.056136713035198245
6.187924653642851,9.878582974807937,7.010373666301379,1.4753685254448015,0.4033430186424385
9.160085940694545,2.7737495338525586,2.640463979246522,0.30127593447207596,0.2579364358529856
7.740040336494775,4.958093314809658,5.261368135063167,0.23857982062938904,0.29242611963517057
1.5536963275746405,2.0058992600003585,5.744939112265183,1.7546470401558383,0.0822696830946859
3.3258856779229147,4.360705606895237,6.081287071953442,0.4025229637603596,0.18609523340379025
9.299496135953103,3.5346346968758358,1.842306319469972,1.1313421553166054,0.28195286719422186
3.6595589378470312,3.0724141806092824,9.095948097478498,1.2000103257885244,0.1555878439273639
9.74325088490254,7.91130302703958,6.860695560011004,1.7707777677270282,0.41821054075413894
6.630162345051956,7.821522141319638,1.5360835900785532,0.21050544547387284,0.2362757865913828
3.710021899432226,5.930180109846781,8.615722074589481,1.0825528443046535,0.23921354336782658
7.703182415716307,3.1343681008686195,8.033958284887163,1.9034958785269176,0.23896524708978267
4.721256224189394,0.24084643111776055,6.486247081141516,0.9976748853469112,0.08065269278589676
7.761349928045846,1.5016606555921974,4.805965885233672,0.7581968763097259,0.19202559871467215
3.1158253640618567,7.829672676869017,4.308658688190394,0.07241042733476839,0.25918973936097506
1.2688084447122931,3.2835513516367842,6.8562412661510095,0.6176517211160261,0.10372590806852955
4.064700696819445,8.678980388419257,8.404536702219747,0.9604130032419053,0.3258274845176447
8.906305267438187,9.389597441925464,9.013793965085307,0.774939161498819,0.4440558983643202
9.140677116970034,1.5358534054434425,9.112178168842854,0.5154844752145523,0.21905449919804262
4.125402561098303,3.6602732883681286,4.062923435091412,0.6399040825250658,0.18197983097091774
8.214155344472474,3.79311487039403,9.536354842355287,1.941781945154909,0.26831689197328046
9.346233138770877,4.450632024746735,8.474230795535286,0.5339505121860443,0.31016477288496014
4.209213538320702,8.465119207059907,7.329643830030014,0.9862365911374705,0.32256131904451496
7.775213131820347,6.103429050938124,7.449914456968885,1.8033754023727808,0.3262432410698841
1.1605329798262827,7.374125700862269,4.97834780932621,0.0429842392221603,0.09461233989028976
0.6171505669669475,5.693153739690904,8.14022419034846,1.108744281037397,0.048875733455861374
1.5137555908991374,6.259649270726168,0.5322023201134803,0.975269081608868,0.08186183060882349
2.05120543600888,0.5013811186960003,8.148669623485176,1.299446310593616,0.04881763076098098
9.907449044513024,1.4762815928953135,5.556307887409644,1.7955788737620018,0.22799134623559986
2.2739115196149156,9.091309689239097,6.70700213065459,0.8825981865811742,0.18832566090848044
9.893081543910638,5.054973689485484,5.155246702806038,1.3755951276057785,0.33866761064614864
7.178644974735298,5.509365526555876,1.9746021086763863,1.1069793279901463,0.297034331471606
8.378512859375027,9.067678567432235,1.9443818808616267,1.3983214009409326,0.29907900930775416
7.021217476706979,0.10751372403445125,2.908444178212024,0.0953671884682123,0.10894511186657706
7.64141344782569,8.130578687250278,4.451447430914405,1.9818744169470586,0.3821410784438498
8.056396163956896,9.343520398244273,6.350570211307609,1.0563656031319888,0.4255757105390523
7.566841701414663,7.464128291084936,0.8922393346118984,0.833853539584033,0.13724158621155932
9.549060471384173,4.723588176841068,3.7001348600398267,1.93182222505111,0.32214729826981436
1.7487702957296232,9.39327412640618,9.283295474770979,1.3631531950901936,0.1441244087658058
3.02325140089413,3.0189115656433523,4.331423502149896,0.561211203150764,0.14120276181590213
8.587578871887873,0.9239575197649362,2.5705527159198147,0.42609812767323374,0.1775551125154924
8.060779809658237,6.976202770073429,8.80047871045214,1.9056271852341815,0.35723368983115633
6.469266772676458,9.080213537803017,1.936797130284931,0.5538677525379561,0.29791234564429786
1.8150668156060719,0.24532213505069164,7.786247517636035,0.2926985169089876,0.03598346198385868
4.807413632422988,5.072463752746945,6.434413049910099,0.785061898500918,0.23656173582428625
5.403159780815346,1.619072796447739,4.493492975722613,1.5957845140594105,0.14875699979745088
2.950863713590081,4.430342288217403,6.245086000777897,0.5185156932871049,0.18054150908270566
0.5941366677229896,5.010104368065215,8.50298182096474,1.8160631218652319,0.04693864771825677
2.137464767643541,1.0874210585882031,1.5930636493339172,1.0648129878448687,0.06749831993896091
0.3614235598792568,7.009941617890317,2.0344680434551607,0.8668393979676882,0.027351126395634424
2.1075750357077165,9.233868138682519,8.961709111099381,1.7671603582165567,0.17432508148713116
2.7705149316088966,2.175353078896571,2.028816314770333,0.8414075395188484,0.11171921997644216
6.76275776768608,4.580880094166288,5.535690247607955,0.0932244887920267,0.2618040372721354
2.77453569133531,5.7465372487702515,1.6861071199233555,0.9431462021944286,0.21503017808814284
9.814102041565786,1.9241163702027466,1.6684412860175402,1.3992713142671034,0.24543192492910917
7.07249026360467,6.266119805549649,4.8938791823070895,1.4540770742642122,0.31676748106627445
4.8744952162990804,5.439187034778459,6.884983350350057,1.5370927678978024,0.24851583829724055
6.001530515445032,0.2757517386464555,8.285780032163935,0.5852033871537325,0.10233658825093574
3.8437934674966887,7.012820437283624,4.215053393698001,1.7258344366157565,0.27320775779143536
4.157892463548515,2.6299849254586025,8.135763340465347,1.6555206790685426,0.1528535096977104
0.16942237871209248,4.518234918728854,2.2045821935531493,1.3803224030324612,0.011190342592836067
1.8687144426976812,2.3503743014226344,8.721321239695147,1.8105733311786487,0.09858320761396251
3.0734960684527843,5.610590233256829,6.823472030587158,0.7935646025266018,0.21713245027765984
9.221695048269813,8.357562602547425,1.2835256568168387,1.894615079645099,0.19742808017307895
3.9022322079182614,1.2985082339179743,4.399071313947669,0.47887879692933205,0.1092070505208937
9.174172226931045,8.480838471039577,8.7073210708173,0.3658910502056973,0.42319165289761984
4.493964249577713,1.0610851024303376,1.4371452124584667,0.831729192450074,0.11428315501255856
6.836969363084863,6.876844475489881,7.334206331343744,1.7977919255560872,0.3296692815266462
2.6771043617273134,6.924889034291121,6.288367608406755,0.18452761484630792,0.22226249349935578
4.026214731920545,4.810963601826049,0.1776881280889101,0.16795526289313098,0.02733147694604456
4.1072174357739,7.660121607079975,6.248296422139851,0.06213164531929995,0.22268876022200115
3.546644925026232,5.335453749532268,2.2283394169622377,0.23215130005491555,0.21872579552616753
8.721058392063163,1.2562979294749457,4.218466988981325,1.999850084917698,0.19769264389627808
3.5345242523890774,3.349167334119447,6.605988753083656,1.0620296436093233,0.16106498840059336
2.968668917636163,2.4339989508697153,0.5066783345007505,0.2691293994390001,0.07793574699075757
2.4371241504704444,9.772797597584377,0.9681403355195242,1.7700189095176317,0.14891645271338935
4.976983884532256,5.261410322244177,2.6670974049288736,1.4655732686440426,0.2454448378222962
5.9356393972086074,2.712518181325896,1.7479151488373832,0.9735266614294344,0.19110811855783982
1.9740781351530643,7.969955867303996,2.7440231287113894,0.736319258852479,0.1630886172141352
2.7353531362750867,8.09520217118499,2.73266689097968,1.2837039571180144,0.2271653060098539
9.6605351871523,9.564346447436746,3.555125405957855,1.2138739910196525,0.46432504066271424
8.450795234819035,2.1846878681119026,4.94360722150826,0.14307761960364565,0.2265977547198794
8.305596687052383,8.725573046421047,7.099686039457714,0.6291751047173344,0.41274113701149995
9.180628556333613,4.606627899967695,1.139954765931931,0.45121858558727856,0.17534443485943954
6.924810475347547,5.9884094188225125,3.1878469483645713,1.0076299787142524,0.3057602177225949
3.2053209032638703,1.993327223190543,0.3425802909041372,1.889300299437292,0.052694715306645455
0.8338805766970472,7.456336209735025,6.557391960202644,0.696908912538552,0.06711795335561607
3.5431084024857755,5.843631332766322,4.8635608655081635,1.2021415409593776,0.23334399015156068
8.128757526718237,7.877795369851803,7.892821198996035,1.2413317912845905,0.3846669829389705
5.820638384933731,1.7975923111222711,5.461082144262069,1.1343155588059228,0.16234063965780868
1.0263630270829511,7.923920285320639,6.468231522412704,0.2604209079328216,0.08331925003417012
9.710952194051622,7.3644567176384825,7.931719002991338,0.8163222599100735,0.4017515426246383
9.187551882939353,6.749408899465367,7.04929825361192,0.38469457773412385,0.3734123318800095
8.22680595967732,3.424500230585423,2.8219863385186734,1.3918949306105315,0.2579168413654332
3.0372073899420067,3.7951414060928066,8.922620911102884,1.5505251256823305,0.16392230307991495
1.6842783268826589,8.024584647409336,7.084786251825111,1.871340984552093,0.1386961018941347
0.8095556315703437,7.6101989086179564,7.167075869258193,0.8022714048806646,0.06507049505367582
4.33986700887352,9.31927090402516,0.8012704225967167,0.5254720771514153,0.12324902146874842
5.8294255956408305,1.3147305604202,8.499548588511688,1.8882078323202052,0.14856017387046366
6.77289320444221,3.08838923788405,2.3554727855957602,1.94570170726536,0.21886610063862744
5.456975704926154,2.6184127241311614,7.304261910877492,1.7171866252151442,0.17873007282942885
0.5268046769132392,1.1187759837150586,5.119983894413092,1.5252752586744227,0.035907035460421004
2.4704888653108354,8.60942385350317,3.376008018631498,1.6098456534988475,0.20487162049717061
9.618879679015588,3.0672429533045733,1.7910120146596107,1.2743767796662813,0.27468715560684887
9.334358302517296,3.259117908741099,2.1780647634450814,1.5290490912485837,0.2754828773241823
3.98435815968309,1.5100091998671337,0.13881465302490612,0.1265805194210084,0.0213520707501689
5.844768865622373,6.264970842529287,2.6293012476996123,0.3988723631400425,0.2919630345679714
3.852591307678549,6.050255409906549,4.562188927571826,1.0063041315176917,0.24556104461156117
8.785465351164062,3.9392540819961304,3.9108159034704815,0.7886692539344382,0.28406832956781
5.557289232966954,5.890289896939812,5.484438096962192,1.7712090910222211,0.2753320236458989
5.617450395650254,4.354219074396661,7.220926037103872,1.608762889724502,0.2321436987480677
3.6871480846540714,7.290783852809977,5.377623007477121,1.5194056674370338,0.2780820903438034
9.198288437801581,0.7127241667962954,1.2723742873183113,0.7085011499771863,0.17550492378360946
4.1906014152875795,5.51357797606361,2.3419614404670783,1.9095900608468062,0.2368675610462868
0.9142827786531392,7.644033207471701,2.698259534104331,1.9490391060764793,0.07388540436364509
4.6078407901656835,4.9909615443690845,3.640008840460346,0.5663890834390309,0.23017910609760497
3.8284323571176304,9.212039032651871,5.147740210278709,1.3024215964014747,0.3191700309249799
9.602451840925374,3.7337663853533165,7.7651081005734435,0.8759813570981267,0.29461243749965854
6.158809253203687,7.436313267220346,9.841749688352543,0.947427772913798,0.3321585116937198
2.189808081557026,2.2241626262048912,4.290499637017384,1.3355494237144565,0.10141346735182523
6.362027014864575,8.169646521002575,0.759333462224373,1.2934448105172294,0.11679840357065145
5.954147537133057,0.6468557367610089,7.29000426642962,1.1382782970713345,0.12178722178336028
3.0466525569979215,8.854764019112931,6.185500495897297,0.23455257790783132,0.2533674485661501
1.3332607875249658,0.15764671989544748,2.7159959666162625,1.4209127383262474,0.02376924661737323
3.2723144220582108,8.80694463467363,8.204049499038039,1.8459546577864623,0.2723614587191418
6.659671369586706,2.1324681168517325,9.188720088523253,1.4450871412606958,0.18894949717240217
7.893211827477008,0.5365651147181034,3.490332697336653,1.972993578138996,0.14575549287811174
6.451025510719757,4.504974662867501,2.6335699548134737,0.29819501749686683,0.253320195046911
2.3181906651334923,1.207500233771601,3.432279360070425,1.5431225579332701,0.07461580308113924
9.071212479634957,6.554862133476483,0.12418749017465712,1.6369664896017682,0.0191021632449381
2.9997002181645525,2.8685246447051127,4.584858448731973,1.7162966137861002,0.13638044503668412
1.4440466662418316,5.91545398192439,6.200519666847963,0.358222219613422,0.11847574875620985
4.396006985492041,9.955711321080027,1.8035760535064,0.9880510663807002,0.2774206778016586
7.696425181421162,3.778889775706351,5.704485635084043,1.2533992892587813,0.25745966621471356
4.577297501074674,0.07504604432382003,5.081527881402368,0.31207129958941626,0.06941068515945421
5.923140381931534,2.3000302644329778,9.71541099518814,1.6037664864605903,0.1789324186232524
3.1507047715712653,9.359095689950742,1.2535560996861743,1.1447937513731619,0.1928182524719521
9.880428551721089,6.599231331148998,8.534471410176911,0.8300817706301931,0.38305113944039726
0.6981065996058816,0.7980823749261173,8.383773234830363,1.8978333176853324,0.03009324678362077
2.741734271019166,1.0832390821786222,5.754475648362794,0.20947373807625908,0.07956953710756808
7.890171544169699,3.4008135482004196,4.931339820214683,1.7879417453727786,0.2504400108963324
5.082767608810612,4.230650002946766,4.989720435255848,0.2635281628231772,0.21778369358772404
6.316509555252962,5.573235222724722,1.056626965995847,0.18674254609813282,0.16252720173348326
2.0924936499131594,5.540992166508688,9.4847524703801,1.4268611737122507,0.1730556778383293
5.646665493045045,7.593733380187238,3.7157443102719636,0.5945793153336686,0.3263756337540816
5.853922122097169,9.668632487769582,0.9261802415732096,1.9915268257178071,0.14246227647803414
6.614116838846671,7.366215980705839,0.11658412630724417,1.3214209632655576,0.017932635087772333
8.501871639413842,7.4260493167041055,1.7515800913454167,0.8050781620776756,0.2694228143139534
1.9239930356946442,0.5887937867104326,1.0673961053070176,0.9699089793322045,0.04877768416432735
2.686679309969078,3.319262410858581,3.6386304004460457,0.9677037185184411,0.14309392498299955
5.632241126368565,0.9494368637086757,5.931178995440209,0.1070038927856768,0.13267253500730752
2.8747933372241583,1.4303980141330088,4.015233514363197,1.2762699990281472,0.09228931025175352
3.1466871529964093,6.304919200527034,8.17023337475938,0.5572055241160961,0.2386797001406382
5.194338368917135,5.722211157932222,5.633036558572478,0.8556843167832534,0.2631503722906524
7.385018691215284,7.419399105717942,0.31718818881631594,1.6615841593768188,0.048788975174861804
3.1723235119601023,3.717031996565593,3.6568784868494997,0.10570316086645151,0.1643906295243114
4.67751061907625,6.62968449196807,7.923099580867014,0.6378768326137252,0.2789542743292845
0.37148652412197936,4.12717196833659,5.2078100309278295,1.7232349631460513,0.028198128648749203
4.347322062402451,5.044461188680506,6.52263260395258,1.5388211818619482,0.2264692043673393
0.8842638149352302,6.632683863158247,8.804066400394582,1.6228952736947655,0.07135872329950747
6.409834423615591,6.147022432468025,8.59336411483887,1.7493343841901503,0.2999546761726722
9.26918125246143,4.030854501516855,4.606656810160732,1.5209643393349515,0.29647590020906905
2.216195394266035,2.2516135859603077,3.52780363181645,1.6568486128184434,0.10273935750393744
9.7014470910615,1.9438806475430057,6.07660856721202,0.37922076305237173,0.2439482909790657
8.221910795381566,0.18734193873734625,5.492383230562429,0.11595843523097119,0.131842331513915
9.437011492205032,2.844755204479133,0.45845819014065503,1.071230449422048,0.07051866851155215
1.6706928084074377,5.356237961175603,3.150536570694355,0.9353163058640527,0.1375526057354771
6.1939279028013,5.864977618779487,3.885453554804153,1.6365507330198965,0.287445537475491
8.99395130938221,3.6654963886646508,4.924501491801696,1.9826880083596892,0.2803615351723551
5.012106777760077,4.26297371333534,6.337733961920092,1.6208282430703809,0.21729235868554347
1.8358697143462444,6.88510819647406,2.080886919209528,0.45779469589300187,0.1514555832173075
7.517717324154716,2.585875704218207,2.3819397743081265,0.8980906985968786,0.2193682905847358
8.523261175383865,6.785887083199108,9.217486776273109,0.49968314821186044,0.3610636595232368
3.5586104812705273,0.16019564513117718,3.0215046745002168,1.3921903854475712,0.058298722510504795
8.368800984723466,9.675895152082282,8.444530199415302,0.018187302944872197,0.0651859116845861
5.62087312195875,9.376471902489241,9.294906709240891,0.26487126151487256,0.37738766200964
2.2342663125991264,0.25151390604475043,6.875193973967799,0.6539008679157097,0.042798583959981
9.71684551399927,6.851282446251218,0.5461925387360228,1.9836797151349155,0.08401370378133731
7.1563882036722575,8.390451039858092,5.348893583804859,0.07625073154672206,0.273293597601078
6.904994835367952,3.844478780042694,4.182267216050113,1.0552483478615142,0.24338723622123135
9.4028579265492,8.076743313482067,9.615886849730702,0.8017125494390897,0.4161248425238305
6.932938072552455,7.942477860525767,9.16577403658713,1.6490526836412644,0.3624091547697996
8.851276981367619,1.3922759177608142,4.918313453905351,0.9649007693123252,0.2071003805760952
3.7795754576815477,1.1986984339502862,6.7137991092747,0.9742245659907034,0.10384712012121966
9.118521504299617,3.8511046350957163,9.707461520481052,0.8831437895226931,0.288240190687063
6.294717955799545,5.829302456994077,5.684425749886444,0.9041314655426475,0.2884478992428315
4.382509097413226,0.5296863702344211,8.065307088888149,0.7905478792247463,0.09112655185282918
5.373307398153401,7.2642348682969455,2.2838186979672743,0.11270725742707556,0.31133560574225544
1.789843879456531,7.568290830808973,9.89873671091387,1.4315932472158635,0.1475815782986587
2.8496358936749573,3.6378082663182503,5.974132470295398,0.05201286590557921,0.15558982559062706
6.5161785149199725,7.702656205122654,6.257464032891101,0.460082553026926,0.34706800282571
7.959510943621929,0.2061499567698796,0.7658013616101801,0.8428114833766663,0.11779327652209678
6.253166601352786,2.4239748402179875,5.611766062832698,0.36481732982771486,0.1891740060994279
7.882347411089049,3.3782239948418473,5.44444141859558,1.4279644456888605,0.24962916543833374
8.628569772155881,7.466876434836282,9.760240959313183,0.9838042025412845,0.3828733319890327
7.033856111656295,2.225270942783762,6.0055572859529756,1.5445359112220376,0.19918185942010372
6.895272194249882,6.712947717687,9.884014954046718,0.485457575120391,0.32610797999900787
0.9260439341310729,8.519509533162903,4.300942524097557,0.9894280926391896,0.07487536653113751
8.487028559766484,4.834841105389456,9.059228588737,0.03307432078180845,0.11854312714754281
1.6128460000051439,7.253338138634215,4.518659650969636,0.631531923287587,0.13268362680623808
4.68302687038476,9.90097414385817,0.43806879234986507,0.46477249293512707,0.06738243228566228
2.262981604879504,5.464333074680111,1.1159187995206041,1.9531356386334768,0.17164729434764442
3.0331838836161946,2.1016816061022827,2.499127680673487,1.2906284610556793,0.11488941837511499
1.0332229341941819,9.759666090049631,7.008093527503715,1.3475025549810231,0.08389665015596594
5.432431156030048,7.836188080535451,6.948714055343866,1.8926007680648391,0.32906159076673563
5.171491325084057,2.450339135139312,4.872585579819354,1.9234425803549993,0.1681115800165964
3.964289771377544,8.959333993054685,3.2551012360048377,0.5630910562030551,0.33060518016972573
5.500276687347387,7.818679382781299,5.449141951304484,1.4743682117021584,0.3299243701777709
0.6136991356808851,6.635572876730639,7.5694674457811395,1.0085813904503131,0.048585225608943204
0.296184677931034,0.19147984514757704,2.137484613861483,1.8056255986097267,0.004449171605471514
3.9897157304339643,2.190404353051184,6.376808420878384,0.7310084990700261,0.13675362180593234
0.47286785267256615,7.554215899170396,8.853409158746143,1.2336428708881286,0.03673142079159621
4.590813603655696,6.078371400056436,4.83294982068035,1.4549277666678775,0.26126858508400286
3.6001339204796374,0.8535688799373047,1.528021743159031,1.265343139918916,0.09025019689287155
3.21887151707529,1.680476495100174,2.4935750161467127,0.6095564723537067,0.10646046153725157
2.096179332392911,0.5907434131914318,7.992367788403698,1.940321693577379,0.052308187787219636
0.2718268944669616,4.173796624462805,6.721421639425279,1.0504713163299375,0.01980975999245007
5.097997103033441,9.286758815839141,0.4143075017910054,0.17330484624587225,0.06372758864401083
9.395839788193095,4.247831815072615,3.917655586067578,0.4251269504843762,0.3053034559731667
0.6626304358171162,2.2581709519620126,9.154602953449658,1.1202026729223242,0.052703785554460834
5.167131226150077,7.844926754333282,1.8467686015514502,0.4784533720120846,0.2840644264427395
4.208441308281356,9.195085992380074,1.425617280156589,1.8384971951914295,0.2192841889743666
2.8170817070598897,9.105582696235272,7.073360542057719,0.9221335489418895,0.23404441827306716
5.053945500052472,4.988395688719405,8.783902138693968,0.2811129097893402,0.23910580950868623
9.825092230278948,5.76284996498452,8.734781465687192,1.056859760617997,0.35775792414472574
2.433386798625705,2.8996405903742395,6.402558536895505,1.5519767279158905,0.12585361785166485
6.088928584677262,2.197078912591634,3.611889822594266,1.3114428879974374,0.1793015137220766
7.753660550467405,3.1586276961044684,4.487921110698259,0.44678328474716295,0.24068497973634279
6.684925953143716,6.355817837485573,1.89430870632163,0.6373444227985612,0.29137690326485943
8.82131870032181,3.9564307786407604,7.56054330168716,0.5684486963853759,0.2852882432633952
0.20638871730775743,9.833141424629366,3.8638875402198036,0.611921458799188,0.014301804441916963
0.5790281778380504,4.010162387024626,6.680739963083396,1.8262214076190562,0.04566696229187093
0.537311654637952,9.470100527735159,6.231004341158073,0.4405867883512742,0.0421556719513355
4.14977789700177,8.522410553975329,9.421174931674516,0.23585465370983685,0.32301819299396034
9.857095709699182,9.954941038612153,8.03495287145144,0.9614135856217704,0.47958161887345335
8.446420705911937,8.234601169969778,1.7655032019864187,0.2865342463787026,0.27156442557765353
2.993780836809399,3.077294338798779,4.020039108656688,1.8644296631140205,0.14229577804262938
4.629591751090622,7.9509349832298035,9.065347592306688,0.68324595114999,0.3161799393429304
9.779860040754441,1.650059818409135,3.5680980737729078,0.9095699573464372,0.2351051785192075
7.5362136841077945,6.354236495635599,3.9977296418788595,0.7170876111974887,0.32867096973469545
6.166226399285088,4.190074228008015,4.1305230901203185,1.179699615254633,0.23847130315952392
6.81636744919894,6.407457455935158,2.279294355101211,1.9478491414360999,0.3156853483954669
4.171932785570597,2.002378962742511,4.762641311601143,0.42122549636096907,0.1349950096444361
0.4491071906844113,1.828125516501046,2.3449220900206105,1.4592000312910147,0.03473148002715762
7.421351969832948,2.680046413272187,4.209814118863945,1.8705208820468642,0.22014609583004893
8.07022612380711,6.830157852846467,2.4028981984318296,0.34387568228612825,0.35320266149367247
3.6740002879710247,8.475638826853823,1.5850329215228658,1.5467507694030203,0.24380502644840155
4.482475265028614,7.6987482567196,4.529198983358862,0.1456607911291072,0.30592183689718994
1.0492359472649293,9.203400487280796,0.9293879365684523,1.5304201197305032,0.08524446952836331
3.803707585063118,4.852892950253888,8.574312521223746,0.7610467643883244,0.20996338167731907
9.682222392364276,4.5975152491354185,1.3046835256832336,1.8090812573155564,0.20068252032288217
2.5433468466559765,9.441391362607082,4.9531246201200005,0.23739501616194061,0.21100408717488986
3.655093370668055,4.5379676994535805,3.3510590731157004,1.2144788643931808,0.1978615196068083
0.8129128695105101,8.951639786900627,9.60093885325497,0.7533758096071539,0.06535309612256877
9.229687082545752,7.673936959954335,8.523804474238739,0.26406712264130533,0.4009871910739849
3.727042527639521,6.7087795887453625,3.306428065761084,0.3782754102975095,0.2620634161610792
8.33056977351093,8.292329130928263,4.547347236412541,1.404841146253447,0.400721516626194
1.3595271312163295,6.679409058792927,9.258970264882821,1.6923572988871916,0.11136172040259198
2.7626780149803247,8.997623220838548,3.6655088561968734,0.2828430096701037,0.22946524722241796
4.726098334173491,0.05176376081401132,4.476120031359399,0.8942023432424904,0.07044401873500597
7.427192059364759,5.2005528702935875,1.4432703256017139,1.4854696074943146,0.2219995276611893
6.14433524388084,6.996449701280155,2.6447606153515872,1.2941376520996593,0.31915163352739767
5.5023272945350055,3.0614681783660846,5.596087877648988,1.776049295711102,0.19245222112722843
4.042404141256115,5.501363570299937,5.356396905572412,0.912286269819632,0.233524371397559
9.54259465892025,6.722507342147939,6.6144277107774,0.7878769239798282,0.379798259916027
1.8112776750421604,9.225781239476923,2.710669214129265,0.8596687035347815,0.14938566571441197
1.97810073012661,2.715864701982777,4.003407997804785,1.5537593059731993,0.1113552155552194
5.210586798898771,4.122191762954699,5.440087929038492,1.8288342564645979,0.21722751946189378
9.256454828370021,9.157862018917662,3.453256261233254,1.5691007074543681,0.4444221024041553
8.098325279781035,1.7371590594293276,4.993082037154947,1.5007671750188478,0.20639163212515305
3.3997692029870015,2.727062039048928,5.785441031097921,1.6299147406634134,0.1403633089129011
2.7859031606054794,3.578311095698599,4.184914232761599,0.856571143518242,0.1525840712872192
4.521217610049998,3.90304270997287,0.23346215794281536,0.849964936535679,0.035910478597529154
6.550432284405558,4.366713471555077,9.732931257446623,1.3821083849951319,0.25132926119136023
0.39822400917780343,0.9556164881172355,2.7620625418846028,0.09243370805963012,0.028596371205577613
2.8548277139597693,4.1522980390927415,2.1519533223393297,0.3394995590563164,0.170566590673599
4.377257642053933,6.0736161020555866,3.4490804475791585,1.3686040770332062,0.25682229527869277
4.851423808502524,4.2733896531719795,4.593899176230596,1.334607394290139,0.21435141052194023
1.7390104980772432,6.533543946117043,5.41048254681998,1.8524635522600887,0.14330292110608803
7.295423584703154,2.31558225929636,8.130130313649326,0.7319868503679305,0.20706996853995568
4.464995969082229,1.5804401363059195,0.49025369399271057,1.1966692049485592,0.075409413556191
5.135830711648615,3.989641407164763,1.3138667056378535,1.2291564542671385,0.20209504961568306
1.2124830606324575,0.9629443325439639,4.9024757895738,0.09110331444285252,0.04523715707728261
9.635813135896877,3.4108961241937026,6.212434020383642,1.2563759664930814,0.2859525600012683
7.595094391560107,5.2823455346299895,3.3888535358033054,0.6189823012408198,0.2988745464913129
3.198489309674905,2.0661246765179744,3.105851926257815,1.734077022511492,0.11719689215856166
1.4987595307750061,5.488894534799287,7.837359911441509,0.5891064640824324,0.12308094292214666
7.475963512183914,6.9678915513140645,2.419926960306928,1.3814310911098548,0.34519384294168415
3.4769586792318163,4.6558630238056375,4.267160466074975,0.4673002507757794,0.19767528985934849
5.873861722063214,5.2398793305978595,2.540291656653358,0.30331688734086704,0.2629183943784133
7.1320817497596,8.962643338112631,4.436829160460726,0.3963916859563166,0.3959164368820205
3.609389076223881,7.691150026106622,8.639150375831512,0.6362837045254653,0.2880862957890365
2.5604918642019765,7.1180908313455005,0.9620272841746617,1.2661286077702405,0.1479761614269605
2.0285374335832143,8.791148166110656,8.909048550822302,0.21330447723132334,0.16767246866387286
0.13457919609207247,9.85307334136451,9.968191388602623,1.092772396118562,0.008257578749052415
5.538075665736041,9.782773432620083,1.7314418551138842,0.8630651911541998,0.26632521100840345
4.984705729184142,7.191679448377972,6.299532931880449,0.5176532196022042,0.30139763726419
9.242123879453883,9.333019560888516,4.153788196656754,0.7657540059684537,0.4491961146339995
2.9899160593126886,1.5156926754067799,8.579997924247419,0.19030893859670409,0.09707765154200396
1.4389216340530335,1.24827692750229,0.46520333921475376,1.4027053662350784,0.05805385033155815
8.93376886234105,0.0417841137322566,3.6146718769955535,0.16087356018467044,0.0762138638613896
1.067407309491368,4.943789408752941,5.76325116800801,0.29067000245214036,0.08677395769673305
1.07210657302661,9.696517082416134,5.661105859246426,0.5376592793758004,0.08716949590061848
6.941796247417747,3.953112333690868,9.93304515477482,0.7631291508276896,0.2472699608093037
5.59548350401029,5.5815649864753905,7.612417068460604,1.1875476325022514,0.2671785493296961
6.383652097043601,8.767759066162629,4.499882809196402,1.1456935705505313,0.37518228752321725
0.12652988873006016,6.855111430280133,1.5253083663858034,1.9292075264688886,0.007580069395176968
1.5477489793089438,6.000793255317535,9.14577419320524,1.22524389287766,0.12720439587059534
4.918135055800792,6.382073861771604,9.610428719294852,0.03726344127958913,0.13355753734815373
2.4820589849238583,2.089912150038794,6.978831487539193,1.9514387392776953,0.1034293781249305
5.200081605693725,6.904508659289931,8.905863532165847,0.9066332967573899,0.2974421345513784
2.6720427643584563,5.7032794947690535,7.428496442506041,1.8069307833360235,0.21171179710953128
5.1498288499218905,7.6897281540340545,6.356536322969526,1.4032058662598021,0.31912602007013896
8.228560909751398,8.388919658378777,8.86224787968388,0.21668673306325895,0.4014554031543553
7.217668169865922,5.155092941538149,9.250480914028563,1.073065314511074,0.2875809658465378
8.946768512261055,2.379136428679759,0.3033624481576554,1.0956945062175256,0.0466623395006739
6.484164442040245,2.275409564474903,9.628527142630467,0.4620555456672901,0.18954027828378267
9.079216031416278,2.4255212284841465,9.352418896145936,0.3567819145441445,0.24623875388240582
4.503966870697641,3.0973359254643675,7.6411727720743015,0.4119855854432183,0.17334551479781812
4.475689985638289,5.9351702050817075,3.578797160304355,0.41954403810046614,0.2548063615811399
8.185069028789984,1.7479981530514306,6.636309724150187,0.1636645344811896,0.20841212029118295
7.494947756411366,7.001585086227995,3.5806252034485744,1.101820084758561,0.3465508367831179
4.867836288032997,0.6738143882402514,1.989761640596236,0.7727457125684513,0.10646540590166724
1.0195683656375154,5.13711525605515,1.2350343017987362,1.0435549905522217,0.08274734165661535
6.806703463421773,6.425968754106963,5.641389199529863,1.652582314823796,0.3160254558121872
6.532799795830994,0.8666751532244137,2.2434655296349075,1.9620374688788447,0.14268492411441397
6.1198076842285305,0.9010340374044163,6.219923609409549,0.7080437408555381,0.13817114543366993
0.435672069640167,0.8340462575651632,4.431213671455645,1.9947877363311315,0.025837795301188866
3.417270604801486,2.0529637373390015,5.615581866607081,1.1642089088021548,0.1212307250598258
6.180533581925085,8.226338967042947,5.7185253237575955,1.0529479868495346,0.35543357926284863
5.271617029083107,2.819385657200476,4.1719611410291675,1.0882214736084226,0.18079955657758276
7.545078911711843,8.050463921124871,6.564336479617338,1.2592765884591048,0.37788155180278454
9.275105947713731,6.980748428082642,3.271909155856152,1.7190900051741493,0.3818660516210036
8.26822771540843,4.64958035299171,0.4494184519851442,1.3552136941505055,0.06912820300754684
6.555827395141028,9.412744930324061,4.147194048921002,0.2499705718548776,0.39730037342660374
2.1746995007191443,6.797917245670436,3.041575700296813,1.8241411352349752,0.17997496286873094
4.95474576327645,3.4319006687455076,9.498208807349945,1.037937333960141,0.1921117360859726
6.9196202847334405,6.314240004731728,7.98485415432769,0.6236334674289451,0.315074064238326
7.162889372385679,7.443033478524797,3.4806605087984166,0.9082294779757644,0.3526116836211382
6.2405624390063625,8.798834250832403,7.2553249322593105,0.5011870077757966,0.37319349540489044
6.4791605755014485,8.83618970653585,9.418379594941332,0.7967930029320454,0.37908740192530843
3.24258232360085,6.6226909221005315,4.729628232457981,1.4356007506059982,0.24980015258168894
0.7791969706382066,7.548596401778148,2.9552835857234663,1.6743808931098074,0.06251522036132856
8.251008647042683,1.3990524601218524,2.7275333820725494,0.08838147126168444,0.19765574521723506
7.373746684787816,8.458184973929756,0.37859638878034874,0.8508840743546701,0.05823456492703035
7.806352440568657,5.627703678027277,2.070166833257869,0.46585522092552084,0.3131200509543454
5.562528062177664,9.367683162973812,6.694917325897652,0.9001194750836771,0.3759564073050965
5.0769627628224026,4.326731089960424,2.166357390172896,1.0902942917601537,0.22044392331289583
7.066613143324058,0.6777467089835908,3.9629685439728317,1.8390577327636717,0.14065944987792092
9.309830115604521,1.639965592700512,3.3697765006428657,0.1173469652333164,0.22612730980518442
3.8153136744305916,1.783876631764415,9.326052810666896,1.2523017588396912,0.1214835504299626
2.615316032137147,2.951795427834856,0.7197807042930771,0.25503055284812925,0.11071451656574265
1.8874550925438238,7.229306497959833,1.9802247244107083,1.1472811275878683,0.15579753615200548
5.356147384922342,4.653810034043333,3.9373742257947386,0.81848275679182,0.23553156996041075
8.197648648005313,8.930537983313512,7.82049763154207,0.9237319896774271,0.41648789780869994
3.3105653139206566,9.179408489288228,2.4233020543317907,1.2368081678091678,0.27558104492707136
6.978746495605304,4.384315754025653,5.6576702449060985,1.1667605652333704,0.26047999983961456
5.3268334357161065,2.4131114069146786,4.347714301431538,1.4341605697347912,0.17016973744511213
8.760443365081167,6.182799204224726,8.644047343916295,1.5769013969992391,0.34841612982739995
9.486986058272016,3.326708261538794,9.645695304087914,0.8766871107349766,0.28051617446978333
9.896621722511835,2.381185356662539,0.30973211455465366,1.4152671775561723,0.047642103270801255
1.7625519758205128,7.346972561391505,3.287917947484966,0.07353255879054905,0.1452844126051183
6.490964884560588,9.663338368858543,9.17247086319438,1.4083195300780604,0.4032354059592142
2.441597646428172,7.616814047811489,8.5521421449003,1.6651872143128021,0.20243984007811155
0.2680605447583634,7.805671315161669,3.4611984921686823,1.1694655939840666,0.01949273772827577
7.51462920628644,6.589509542436679,9.955896159915941,1.985971127293293,0.3350363491696958
0.14336267621540077,0.6033724464112757,6.72629343559406,1.395678530219381,0.008996889975312582
5.385221759932769,4.799625547252603,4.514733438742362,1.8959672959367726,0.2403331833123757
1.7642550021630832,1.2740846703507267,9.531103341636609,0.5755659204136342,0.0653639782564329
5.087230975933598,6.988416915568365,0.9395111471638927,0.3326768283727746,0.14451279653094862
9.558005189366227,9.553030958844582,7.872597517169981,1.1784089436889302,0.4619292454290737
9.375885961311615,3.3242891086771604,0.4281033272176692,0.5085902897656277,0.06584957249230933
4.890943370229622,0.21650215363997283,3.3399808764991987,1.6006220092336463,0.08195104899736508
4.024599334851822,8.89307500159654,7.065429819760179,0.5021848859531679,0.3312070655097035
7.140488096190075,2.1054076690678265,5.4740111926019015,1.3969325026239816,0.19786852200058191
8.67133098885601,0.9990256913880191,0.21464583594862116,1.7627930260279228,0.03301620530246631
6.13836456465359,2.9295458515623576,5.376441005296435,1.8815750552705965,0.20147189536996518
1.1217245810251903,0.6228837481768591,8.318524451595469,0.07946232658895284,0.03357606592337352
8.666285939793516,2.607278656240248,8.276133074793387,0.489013284492109,0.24316117217562835
4.067601091804809,3.5916712970933125,5.390052939063198,0.12756626119746178,0.17883056239634204
1.605892208987909,6.047012562889119,3.2403776976617005,1.0407303267941144,0.13209832765822802
0.7937301585366172,9.745402187670253,5.761668022879539,1.6938306246146844,0.06373848247356398
1.4481385819161874,3.8096232166175565,9.187906868893673,0.17892156396475967,0.11882016622277392
3.576353937826837,2.804274110680125,7.127537077655798,0.811744033696615,0.14615810485255595
9.382506394057469,7.581562904837007,4.248250044826425,0.6565509838213563,0.4014003689846311
4.014348203005362,8.124969250068556,3.279352102496586,1.3453649739056128,0.30879711324544457
9.88418747183578,9.79690496615896,5.822176744155541,0.46386588931534584,0.47555999524114706
9.873079984227338,3.2194013514733766,0.2643295290203348,1.5743317642146453,0.0406584081124985
7.498556164989847,2.4910234365657757,4.970695777849147,1.4433866738929193,0.21623985261005826
6.2286302304436925,4.950242421535156,2.368534382589406,1.6328920920996255,0.26170407349734265
6.705377430035155,3.7505276196491097,8.595992987851364,1.2768113598195219,0.23664385383411507
9.370534837052677,0.3590612595979953,5.566558928077873,1.7100480064083177,0.15893247110048753
4.780768903825814,3.9078361648754143,3.889469485014669,1.483081996989795,0.20235902505707548
9.80478045628472,4.790964715324828,8.65661541599818,1.1630373474603963,0.3292544647121021
4.642507042965688,4.514990910236576,3.9266416366625867,0.7770762426702124,0.21711998809238
4.790414693435431,1.8829946254021956,0.2688239406513778,0.6738244904997415,0.04134972637024835
7.002898050129109,6.213545624618,7.296543100701838,0.11524873393889846,0.3138436206489433
3.515474007421034,0.23144727702893525,0.6254352501083335,0.7432090330524797,0.061507190098012636
6.849694294160715,7.324348973092135,6.529179876371288,1.7107876966096853,0.3428617405564936
6.115143887305061,5.186613340520897,4.037896059566079,1.289307020585867,0.2662469219147825
4.617036716530982,8.47181273326532,6.039207122687843,1.2434564208146912,0.33098328635708646
1.618003543802177,0.49570912701801706,6.921348923678889,1.4411679073636732,0.03991313385327946
6.259197536674775,4.9785276832406495,8.993911670882614,1.8818940869699703,0.2631384407218461
5.279852797453492,4.316876852597352,8.966127623854078,1.0229627951754767,0.22425270298754924
1.7821295423416907,4.138012849601074,8.636556196429616,1.9344140606236282,0.14693226415212404
6.501547915928812,3.5606006035462507,9.506464212553263,1.022477962606846,0.2270411755574314
4.228742260098735,4.868780776730183,2.960312325669834,1.376552405332874,0.2189983918355025
8.103414428402548,8.112528241670926,3.812209103326588,0.15883850263702917,0.3909409117433648
3.7435449320514462,9.534921255066667,4.355767044199858,1.423286568674205,0.31202503718340435
4.772383745301035,6.57201085534878,8.292107985764469,0.22919145888556378,0.27920135747456565
6.388890161551462,1.4088877687638524,4.622550069493783,0.03643846211986444,0.13060069328914484
6.333379461870626,6.319810431867081,1.7366459149094096,0.6016669080925167,0.2671256839316637
8.273187513566148,5.409104850124522,1.0797495468982576,1.215103543243244,0.1660838480163591
4.48665486322121,8.195641499724962,3.0307596681550497,0.872870890763238,0.3203695276677278
8.811748572640711,1.7078261123746872,5.71295886326733,1.0913152702498155,0.2190165610208177
4.758173302519081,7.573156297492317,8.390172991113545,0.9799574880065739,0.30785408103047396
2.6548713061339946,3.783001367864167,2.1617495762567147,1.0398246239104585,0.15585713980061777
5.848879040239756,4.683315888572866,7.683092301018368,1.8297940494128073,0.2463261217255816
0.4231199890252596,5.174742679609134,6.845797985573555,1.100560163296027,0.032544130488203094
3.938494464015892,8.657505327795304,6.08699057439931,0.8040214614360509,0.3226603075858019
1.5961947904324307,9.118885739344382,0.9152452729763755,0.583266387983214,0.13128209073544858
6.442149666377425,7.872439230739773,4.858539195863147,1.5998409364246726,0.3504821573188744
3.267659125996021,7.906148418977632,3.990918766176108,1.1476092584263213,0.27196962139808395
1.919598018696356,0.01902669449271675,0.5046722907269847,1.7685528768379455,0.025291565843725546
3.3429509001449853,2.6548387292400784,3.7707784958669603,1.8491727636682793,0.13712919825363082
2.661468450154536,2.323998005714241,1.1001431042380818,1.170995944567738,0.11381581904861843
9.419596435861873,0.9062598317471724,9.044038466736533,1.5280549071906067,0.18945070942946296
5.755293140500245,9.995954580383826,6.9961853700859065,1.3876693374544873,0.39800677147517377
1.1046306989968255,4.741881429363374,5.361225543649983,1.9325085881852098,0.08990703217876408
9.835676102039164,5.376854415420497,4.028768160804046,0.45717307884860225,0.34681375536055176
9.733218118180632,6.273630535581352,7.31182471042106,1.9805583964617883,0.3706690100497221
3.673001330131536,4.92930122667609,9.952786370735547,0.607933169199307,0.20953485780635125
5.507586430623064,6.19545326792485,9.720263071420593,1.263866653606567,0.2831503439769404
3.613069518601053,8.868881602308482,1.136061502520664,0.4186959975563522,0.17474558471814566
7.704660012542092,6.575305466727912,3.689865336299608,0.6860513732100036,0.3384599355667221
3.5504679303148157,7.144069011549822,4.226741157118951,0.7070817211533527,0.27108336277093925
8.943187398145207,3.920100754555512,3.5039838838664563,0.8221042715781887,0.28669697058850313
3.9921646217955105,4.376903742305223,2.089551762697488,1.837434794711871,0.20000670072905563
1.1588689410039814,7.71176627473376,6.446076729261092,0.2521954378775746,0.09447230642343317
2.7266663783948513,7.195492270890737,7.364783632976384,0.5547829749889258,0.22643413963697326
4.001112292727829,6.936843136277319,5.304865488302442,1.041314945588514,0.2741856905634473
5.055395257826284,6.814840923979599,3.1727449807229444,0.5735804463421513,0.2919308918216377
9.918065483973216,0.5073146055006292,6.81262954737272,0.6682323059517365,0.17545701162804941
9.492725599716257,0.42523470565801247,4.274526375585835,1.8481004467733837,0.16441974307828977
4.71248345838888,4.291985195553126,0.3711255035871397,1.640445593669343,0.057085457843938814
3.637371623463313,1.3600556749682151,1.0167304483621666,1.8593125321332022,0.10564217719709182
7.6614333790790266,5.163202817023822,7.5560481718197305,0.681605172117861,0.2967690623292962
4.035147967058483,8.185559950774834,1.758995982868347,1.8671167363521985,0.2705635045824836
9.285364984903053,3.137173268690602,1.495136521092086,1.750760909990721,0.2299774308274561
7.419696881676334,3.974752155806835,8.379878921916127,0.8904208702395371,0.2575378949688584
4.542938207879998,1.5537503484206239,1.7390355267123403,0.3001405908635719,0.12951243423906503
5.707182895649394,0.22696375642976635,4.233181596816274,1.504731913981773,0.09513430883869427
1.5084605332993084,8.618811609903164,8.778765746015496,0.8365295641536576,0.12389748132133277
5.663753924323998,0.48206414002911113,3.8919060812744966,0.764175403876481,0.10833705792282011
1.6484917529858665,5.516619356543725,5.432238062594616,0.6487871517079213,0.1356839378860297
2.0631867290358614,3.7079981723051376,9.207693772787763,0.9108392226204581,0.14175089405398
7.573819028845623,8.760647851476055,6.733115910560696,0.8886385310114056,0.3989902414319862
1.9976307093627237,1.38872545889339,9.212703986448004,0.3344928209392095,0.07338655158973045
1.4203895413813268,2.5313452803773235,3.7291409260904644,1.1605444214801135,0.09476874486307874
9.98270843509828,0.5779042665275615,3.950622653885307,1.7923547682320145,0.1802951133440726
7.732090094778998,5.483145969847088,7.7199880237433485,0.18729868240857958,0.30744305686481316
9.290942173978136,5.855537778481935,4.673884118782576,0.7563445397936445,0.3496598608415385
9.934793269836211,9.452081821476343,8.913886347883219,0.5215108742924018,0.466613475726088
3.8709527381614386,1.6641389300778762,9.97812285302778,0.35288188829076234,0.11914498571051559
4.671160549806487,0.21003556850347285,3.7764009344791565,1.4617784209203255,0.07820282232603634
9.475538380755237,2.9117757985342614,3.2973182214029015,1.3670841000224132,0.2682910240887284
2.7127256281925107,7.046004104817795,7.890599563675272,0.3551317979834979,0.2252607435436039
5.517922043550016,3.687002826287991,0.8084353169398844,1.0452683651341061,0.124351104101325
2.5819154698057663,9.008615046518909,6.275221064454383,1.0461052022384145,0.2142504229657425
2.9031166254320366,5.082578535359193,1.3720947045756091,1.5960947130573557,0.19843189261804267
0.9203463012299093,3.0519267675676054,0.3878386593857307,1.5618879896060986,0.05965618336707806
5.447173440675316,2.136443474077226,1.8133759233280486,1.7944848763423273,0.16460033370292165
9.042816850594539,8.145459833179721,7.372945177893806,0.8793024480876627,0.410846782984108
4.116990573381003,1.370845115688969,0.4969788619040951,0.4328713656603878,0.07644380310687286
3.8577936268385193,4.522988086006375,9.478774285001707,0.47102970487394286,0.20151831437949588
4.507938396343052,8.324840765654832,8.918068130826924,1.5081299853358743,0.3245336336292418
5.992018096410204,3.727746600377121,5.9796574492772585,0.4686935979347946,0.2215921776540908
1.8756468811613118,0.6619219405875763,4.809634480677518,0.23148082467846748,0.04991610385470409
7.918034420468449,4.213821182231204,2.67881076175762,1.512971564453605,0.27450325684264193
6.297713538659007,7.502647919874962,6.65220221735631,0.5415769605509136,0.3368786182887414
9.526777181926688,3.4172630959328227,3.1828250744893367,0.31798612613024924,0.28393663179890616
7.254161880231353,5.953912080890609,9.823026617135262,1.479556030406125,0.3114082152853202
7.962677372698738,0.44275538664101804,8.481035432876661,0.6888011529345087,0.14172706385003042
0.7509407489416602,8.870660516648032,3.221694479202719,0.7546089601112285,0.06013688701300012
7.0854179185504504,9.691063471194143,7.202850897367364,0.10223556485460776,0.36642698050343026
5.125466838324156,4.021694614543016,2.988476578648234,1.9017498953328749,0.21260508484429175
9.829294733245414,4.717131745889621,8.07994715373474,0.10374719095778934,0.3276148390075038
6.263148949903547,7.0737390019854764,9.949658441082176,1.9113469109519703,0.32378303937695085
9.694726202677371,5.110616472895354,1.113326287088996,1.271718574277886,0.1712485218342121
7.172889746027053,1.0014210588676122,4.293845540992579,0.18842479762840153,0.1599052700807722
5.409570774535336,6.817130180754967,9.443629936429781,1.255490415933237,0.29914312086501593
4.447676287873082,3.2731455332274653,5.036450994631082,0.5473117196005947,0.17729177342809138
4.148179239357877,6.1074798136504596,7.753064357826555,0.8615687310236086,0.2531791493941071
9.062855043160365,4.162846618867015,2.617597156956747,0.047376633353618074,0.1698046734603369
9.458323991064901,5.183397999925457,6.492852723444558,1.6987955231467624,0.333607960391389
9.318099247005083,5.454439392967213,7.6044215440115694,1.7746188297626362,0.3386135152034912
1.7551207771818726,2.4481102457987953,4.959682697336577,1.84236467637261,0.09911644026819101
3.3201802481008538,0.7921029337276059,1.8752453663112543,0.3041594415057599,0.082824928717853
4.358992424033888,0.08239403119633462,5.4991867806365455,1.3291536876782912,0.06643659846628425
9.965423763298059,7.082245409904116,3.2046120563311042,0.6109715617795464,0.3987282181789238
6.526858671396392,8.840641446583906,9.871697499145085,0.6345101735578262,0.3801784704359185
1.7053219359090435,1.4112706551928698,5.1371543224825365,1.5098483822026592,0.06814045409597523
1.2603833979098247,7.68233250936711,6.293319334998647,0.16941782311440298,0.10301676997617722
1.1126892153378056,4.045251261620225,0.6763889593269709,1.4798951130436473,0.09058531726899938
1.181719812977586,5.458891651206268,8.667493668771428,0.06829984137942283,0.09639567011433467
9.44455019615724,9.53621186060511,3.3646855803342572,1.7002514856028124,0.4591539318521102
5.000932504763836,8.940711200388183,8.310177941997413,1.5858786033668835,0.3522831296434587
6.496224354013389,0.6933068511786276,7.425571736885242,0.950074928512032,0.1326908447443759
1.6301208038537043,0.40119484295171476,2.5987712823918523,0.5127356830267981,0.03742555697608086
5.759692020618071,9.967324265245258,0.6455147919116393,1.9444709918878484,0.09929115589827538
4.399345084724214,0.6079641462075415,7.731369425489585,1.8308748368687597,0.09564394023539333
0.4165615571410387,1.077017345584245,5.627258822154755,1.804839305258719,0.03199210578111312
1.2582700858896516,2.2483481158349523,8.950033897630574,0.769764027284867,0.0833172952544452
4.6350322503084,6.699055985896365,6.830982194155498,1.2777988968179368,0.28010248098690405
3.199841916193751,3.4829560621329847,5.702639194999435,1.333884742066032,0.15817958063046783
9.572182325062302,7.830201057703573,4.253479310737979,0.5397997833711912,0.41241459975698236
3.5603561811772946,9.715519797887582,5.603770515660499,0.5437478804371794,0.29660599864497766
2.449231504949926,0.4557070111049952,0.2891738292249877,0.7860548505817743,0.04447988693373893
9.507563770488963,7.38135280051659,0.971563727147262,0.34496720616533866,0.14944302858127745
5.866441374226254,6.015977150009427,5.220386576148619,0.5317897748739076,0.28520281776285106
3.248285301547081,3.749820276375007,0.8656782172486638,0.32237101271049906,0.13315603593223796
7.006419711148603,5.727808590418575,3.8396226777725486,0.3972568790187934,0.29987380011448234
8.967011558102527,7.098780741084905,0.6883342669049134,0.015710557622572976,0.05630889993957936
3.317245526911099,0.8771539254306764,2.8816688414649265,0.032515861021128314,0.08522420993490219
3.138966832997031,9.936103355079846,1.8533561353815144,1.2753279368296966,0.261137562028276
4.965222452542141,8.66417128852952,9.02270625574509,0.15477299174830245,0.3435688681560779
3.6277672543624226,1.5907491354494394,7.1509302713456755,0.6873574244337189,0.11211689536275636
0.7451366687189732,3.6102746770829146,8.68244482223903,1.6413919892729887,0.05964833776030399
4.43322402829471,9.421795221423583,9.329542982656129,1.531930203462377,0.35473508124112635
3.434537002916339,3.770335186163548,7.268252264511853,1.0262077717185625,0.17122200390542366
2.5024794861639377,4.9332559980265085,0.2209238329630761,1.0374760295888603,0.033981868751754324
8.417428797311366,0.08800404352134303,4.615946620274767,1.5805749693735385,0.12944152787759325
6.126060995459992,2.337461149176247,1.8863455595649805,0.08019414405191774,0.1841086546827717
